time_s,state,reason,lane_center_x,lane_error_normalized,lane_confidence,obstacle_present,obstacle_color,obstacle_motion,obstacle_confidence,left_speed,right_speed
0.032,FOLLOW_LANE,camera lane following,159.500,-0.003125,0.750000,0,,NONE,0.000000,4.600000,4.600000
0.064,FOLLOW_LANE,camera lane following,163.000,0.018750,0.750000,0,,NONE,0.000000,4.796887,4.403113
0.096,FOLLOW_LANE,camera lane following,160.500,0.003125,0.750000,0,,NONE,0.000000,4.553137,4.646863
0.128,FOLLOW_LANE,camera lane following,160.000,0.000000,0.750000,0,,NONE,0.000000,4.600012,4.599988
0.160,FOLLOW_LANE,camera lane following,159.500,-0.003125,0.750000,0,,NONE,0.000000,4.600012,4.599988
0.192,FOLLOW_LANE,camera lane following,160.000,0.000000,0.750000,0,,NONE,0.000000,4.600012,4.599988
0.224,FOLLOW_LANE,camera lane following,160.000,0.000000,0.750000,0,,NONE,0.000000,4.600012,4.599988
0.256,FOLLOW_LANE,camera lane following,160.000,0.000000,0.750000,0,,NONE,0.000000,4.600012,4.599988
0.288,FOLLOW_LANE,camera lane following,160.000,0.000000,0.750000,0,,NONE,0.000000,4.600012,4.599988
0.320,FOLLOW_LANE,camera lane following,159.500,-0.003125,0.750000,0,,NONE,0.000000,4.600012,4.599988
0.352,FOLLOW_LANE,camera lane following,159.500,-0.003125,0.750000,0,,NONE,0.000000,4.600012,4.599988
0.384,FOLLOW_LANE,camera lane following,159.000,-0.006250,0.750000,0,,NONE,0.000000,4.534383,4.665617
0.416,FOLLOW_LANE,camera lane following,159.250,-0.004687,0.750000,0,,NONE,0.000000,4.615633,4.584367
0.448,FOLLOW_LANE,camera lane following,160.000,0.000000,0.750000,0,,NONE,0.000000,4.600008,4.599992
0.480,FOLLOW_LANE,camera lane following,159.500,-0.003125,0.750000,0,,NONE,0.000000,4.600008,4.599992
0.512,FOLLOW_LANE,camera lane following,160.000,0.000000,0.750000,0,,NONE,0.000000,4.600008,4.599992
0.544,FOLLOW_LANE,camera lane following,160.000,0.000000,0.750000,0,,NONE,0.000000,4.600008,4.599992
0.576,FOLLOW_LANE,camera lane following,159.750,-0.001563,0.750000,0,,NONE,0.000000,4.600008,4.599992
0.608,FOLLOW_LANE,camera lane following,159.500,-0.003125,0.750000,0,,NONE,0.000000,4.600008,4.599992
0.640,FOLLOW_LANE,camera lane following,160.000,0.000000,0.750000,0,,NONE,0.000000,4.600008,4.599992
0.672,FOLLOW_LANE,camera lane following,160.000,0.000000,0.750000,0,,NONE,0.000000,4.600008,4.599992
0.704,FOLLOW_LANE,camera lane following,159.500,-0.003125,0.750000,0,,NONE,0.000000,4.600008,4.599992
0.736,FOLLOW_LANE,camera lane following,159.000,-0.006250,0.750000,0,,NONE,0.000000,4.534379,4.665621
0.768,FOLLOW_LANE,camera lane following,160.000,0.000000,0.750000,0,,NONE,0.000000,4.615629,4.584371
0.800,FOLLOW_LANE,camera lane following,159.500,-0.003125,0.750000,0,,NONE,0.000000,4.600004,4.599996
0.832,FOLLOW_LANE,camera lane following,160.000,0.000000,0.750000,0,,NONE,0.000000,4.600004,4.599996
0.864,FOLLOW_LANE,camera lane following,160.000,0.000000,0.750000,0,,NONE,0.000000,4.600004,4.599996
0.896,FOLLOW_LANE,camera lane following,160.000,0.000000,0.750000,0,,NONE,0.000000,4.600004,4.599996
0.928,FOLLOW_LANE,camera lane following,160.000,0.000000,0.750000,0,,NONE,0.000000,4.600004,4.599996
0.960,FOLLOW_LANE,camera lane following,159.500,-0.003125,0.750000,0,,NONE,0.000000,4.600004,4.599996
0.992,FOLLOW_LANE,camera lane following,159.500,-0.003125,0.750000,0,,NONE,0.000000,4.600004,4.599996
1.024,FOLLOW_LANE,camera lane following,160.000,0.000000,0.750000,0,,NONE,0.000000,4.600004,4.599996
1.056,FOLLOW_LANE,camera lane following,160.000,0.000000,0.750000,0,,NONE,0.000000,4.600004,4.599996
1.088,FOLLOW_LANE,camera lane following,159.500,-0.003125,0.750000,0,,NONE,0.000000,4.600004,4.599996
1.120,FOLLOW_LANE,camera lane following,160.000,0.000000,0.750000,0,,NONE,0.000000,4.600004,4.599996
1.152,FOLLOW_LANE,camera lane following,160.000,0.000000,0.750000,0,,NONE,0.000000,4.600004,4.599996
1.184,FOLLOW_LANE,camera lane following,160.000,0.000000,0.750000,0,,NONE,0.000000,4.600004,4.599996
1.216,FOLLOW_LANE,camera lane following,160.000,0.000000,0.750000,0,,NONE,0.000000,4.600004,4.599996
1.248,FOLLOW_LANE,camera lane following,160.000,0.000000,0.750000,0,,NONE,0.000000,4.600004,4.599996
1.280,FOLLOW_LANE,camera lane following,159.500,-0.003125,0.750000,0,,NONE,0.000000,4.600004,4.599996
1.312,FOLLOW_LANE,camera lane following,159.500,-0.003125,0.750000,0,,NONE,0.000000,4.600004,4.599996
1.344,FOLLOW_LANE,camera lane following,159.500,-0.003125,0.750000,0,,NONE,0.000000,4.600004,4.599996
1.376,FOLLOW_LANE,camera lane following,160.000,0.000000,0.750000,0,,NONE,0.000000,4.600004,4.599996
1.408,FOLLOW_LANE,camera lane following,160.000,0.000000,0.750000,0,,NONE,0.000000,4.600004,4.599996
1.440,FOLLOW_LANE,camera lane following,159.500,-0.003125,0.750000,0,,NONE,0.000000,4.600004,4.599996
1.472,FOLLOW_LANE,camera lane following,159.500,-0.003125,0.750000,0,,NONE,0.000000,4.600004,4.599996
1.504,FOLLOW_LANE,camera lane following,160.000,0.000000,0.750000,0,,NONE,0.000000,4.600004,4.599996
1.536,FOLLOW_LANE,camera lane following,159.500,-0.003125,0.750000,0,,NONE,0.000000,4.600004,4.599996
1.568,FOLLOW_LANE,camera lane following,160.000,0.000000,0.750000,0,,NONE,0.000000,4.600004,4.599996
1.600,FOLLOW_LANE,camera lane following,159.500,-0.003125,0.750000,0,,NONE,0.000000,4.600004,4.599996
1.632,FOLLOW_LANE,camera lane following,160.000,0.000000,0.750000,0,,NONE,0.000000,4.600004,4.599996
1.664,FOLLOW_LANE,camera lane following,159.500,-0.003125,0.750000,0,,NONE,0.000000,4.600004,4.599996
1.696,FOLLOW_LANE,camera lane following,159.500,-0.003125,0.750000,0,,NONE,0.000000,4.600004,4.599996
1.728,FOLLOW_LANE,camera lane following,160.000,0.000000,0.750000,0,,NONE,0.000000,4.600004,4.599996
1.760,FOLLOW_LANE,camera lane following,160.000,0.000000,0.750000,0,,NONE,0.000000,4.600004,4.599996
1.792,FOLLOW_LANE,camera lane following,160.000,0.000000,0.750000,0,,NONE,0.000000,4.600004,4.599996
1.824,FOLLOW_LANE,camera lane following,160.000,0.000000,0.750000,0,,NONE,0.000000,4.600004,4.599996
1.856,FOLLOW_LANE,camera lane following,160.000,0.000000,0.750000,0,,NONE,0.000000,4.600004,4.599996
1.888,FOLLOW_LANE,camera lane following,160.000,0.000000,0.750000,0,,NONE,0.000000,4.600004,4.599996
1.920,FOLLOW_LANE,camera lane following,159.500,-0.003125,0.750000,0,,NONE,0.000000,4.600004,4.599996
1.952,FOLLOW_LANE,camera lane following,159.500,-0.003125,0.750000,0,,NONE,0.000000,4.600004,4.599996
1.984,FOLLOW_LANE,camera lane following,160.000,0.000000,0.750000,0,,NONE,0.000000,4.600004,4.599996
2.016,FOLLOW_LANE,camera lane following,160.000,0.000000,0.750000,0,,NONE,0.000000,4.600004,4.599996
2.048,FOLLOW_LANE,camera lane following,160.000,0.000000,0.750000,0,,NONE,0.000000,4.600004,4.599996
2.080,FOLLOW_LANE,camera lane following,160.000,0.000000,0.750000,0,,NONE,0.000000,4.600004,4.599996
2.112,FOLLOW_LANE,camera lane following,160.000,0.000000,0.750000,0,,NONE,0.000000,4.600004,4.599996
2.144,FOLLOW_LANE,camera lane following,159.750,-0.001563,0.750000,0,,NONE,0.000000,4.600004,4.599996
2.176,FOLLOW_LANE,camera lane following,159.500,-0.003125,0.750000,0,,NONE,0.000000,4.600004,4.599996
2.208,FOLLOW_LANE,camera lane following,160.000,0.000000,0.750000,0,,NONE,0.000000,4.600004,4.599996
2.240,FOLLOW_LANE,camera lane following,159.750,-0.001563,0.750000,0,,NONE,0.000000,4.600004,4.599996
2.272,FOLLOW_LANE,camera lane following,160.000,0.000000,0.750000,0,,NONE,0.000000,4.600004,4.599996
2.304,FOLLOW_LANE,camera lane following,160.000,0.000000,0.750000,0,,NONE,0.000000,4.600004,4.599996
2.336,FOLLOW_LANE,camera lane following,160.000,0.000000,0.750000,0,,NONE,0.000000,4.600004,4.599996
2.368,FOLLOW_LANE,camera lane following,159.500,-0.003125,0.750000,0,,NONE,0.000000,4.600004,4.599996
2.400,FOLLOW_LANE,camera lane following,160.000,0.000000,0.750000,0,,NONE,0.000000,4.600004,4.599996
2.432,FOLLOW_LANE,camera lane following,160.000,0.000000,0.750000,0,,NONE,0.000000,4.600004,4.599996
2.464,FOLLOW_LANE,camera lane following,160.000,0.000000,0.750000,0,,NONE,0.000000,4.600004,4.599996
2.496,FOLLOW_LANE,camera lane following,160.000,0.000000,0.750000,0,,NONE,0.000000,4.600004,4.599996
2.528,FOLLOW_LANE,camera lane following,160.000,0.000000,0.750000,0,,NONE,0.000000,4.600004,4.599996
2.560,FOLLOW_LANE,camera lane following,160.000,0.000000,0.750000,0,,NONE,0.000000,4.600004,4.599996
2.592,FOLLOW_LANE,camera lane following,160.000,0.000000,0.750000,0,,NONE,0.000000,4.600004,4.599996
2.624,FOLLOW_LANE,camera lane following,160.500,0.003125,0.750000,0,,NONE,0.000000,4.600004,4.599996
2.656,FOLLOW_LANE,camera lane following,160.500,0.003125,0.750000,0,,NONE,0.000000,4.600004,4.599996
2.688,FOLLOW_LANE,camera lane following,160.000,0.000000,0.750000,0,,NONE,0.000000,4.600004,4.599996
2.720,FOLLOW_LANE,camera lane following,160.000,0.000000,0.750000,0,,NONE,0.000000,4.600004,4.599996
2.752,FOLLOW_LANE,camera lane following,160.000,0.000000,0.750000,0,,NONE,0.000000,4.600004,4.599996
2.784,FOLLOW_LANE,camera lane following,160.000,0.000000,0.750000,0,,NONE,0.000000,4.600004,4.599996
2.816,FOLLOW_LANE,camera lane following,160.500,0.003125,0.750000,0,,NONE,0.000000,4.600004,4.599996
2.848,FOLLOW_LANE,camera lane following,160.500,0.003125,0.750000,0,,NONE,0.000000,4.600004,4.599996
2.880,FOLLOW_LANE,camera lane following,160.500,0.003125,0.750000,0,,NONE,0.000000,4.600004,4.599996
2.912,FOLLOW_LANE,camera lane following,160.000,0.000000,0.750000,0,,NONE,0.000000,4.600004,4.599996
2.944,FOLLOW_LANE,camera lane following,160.500,0.003125,0.750000,0,,NONE,0.000000,4.600004,4.599996
2.976,FOLLOW_LANE,camera lane following,160.000,0.000000,0.750000,0,,NONE,0.000000,4.600004,4.599996
3.008,FOLLOW_LANE,camera lane following,160.250,0.001563,0.750000,0,,NONE,0.000000,4.600004,4.599996
3.040,FOLLOW_LANE,camera lane following,160.000,0.000000,0.750000,0,,NONE,0.000000,4.600004,4.599996
3.072,FOLLOW_LANE,camera lane following,160.000,0.000000,0.750000,0,,NONE,0.000000,4.600004,4.599996
3.104,FOLLOW_LANE,camera lane following,160.500,0.003125,0.750000,0,,NONE,0.000000,4.600004,4.599996
3.136,FOLLOW_LANE,camera lane following,160.500,0.003125,0.750000,0,,NONE,0.000000,4.600004,4.599996
3.168,FOLLOW_LANE,camera lane following,160.500,0.003125,0.750000,0,,NONE,0.000000,4.600004,4.599996
3.200,FOLLOW_LANE,camera lane following,160.500,0.003125,0.750000,0,,NONE,0.000000,4.600004,4.599996
3.232,FOLLOW_LANE,camera lane following,160.000,0.000000,0.750000,0,,NONE,0.000000,4.600004,4.599996
3.264,FOLLOW_LANE,camera lane following,160.000,0.000000,0.750000,0,,NONE,0.000000,4.600004,4.599996
3.296,FOLLOW_LANE,camera lane following,160.000,0.000000,0.750000,0,,NONE,0.000000,4.600004,4.599996
3.328,FOLLOW_LANE,camera lane following,160.000,0.000000,0.750000,0,,NONE,0.000000,4.600004,4.599996
3.360,FOLLOW_LANE,camera lane following,160.500,0.003125,0.750000,0,,NONE,0.000000,4.600004,4.599996
3.392,FOLLOW_LANE,camera lane following,160.500,0.003125,0.750000,0,,NONE,0.000000,4.600004,4.599996
3.424,FOLLOW_LANE,camera lane following,160.500,0.003125,0.750000,0,,NONE,0.000000,4.600004,4.599996
3.456,FOLLOW_LANE,camera lane following,160.000,0.000000,0.750000,0,,NONE,0.000000,4.600004,4.599996
3.488,FOLLOW_LANE,camera lane following,160.500,0.003125,0.750000,0,,NONE,0.000000,4.600004,4.599996
3.520,FOLLOW_LANE,camera lane following,160.000,0.000000,0.750000,0,,NONE,0.000000,4.600004,4.599996
3.552,FOLLOW_LANE,camera lane following,160.000,0.000000,0.750000,0,,NONE,0.000000,4.600004,4.599996
3.584,FOLLOW_LANE,camera lane following,160.000,0.000000,0.750000,0,,NONE,0.000000,4.600004,4.599996
3.616,FOLLOW_LANE,camera lane following,160.000,0.000000,0.750000,0,,NONE,0.000000,4.600004,4.599996
3.648,FOLLOW_LANE,camera lane following,160.000,0.000000,0.750000,0,,NONE,0.000000,4.600004,4.599996
3.680,FOLLOW_LANE,camera lane following,160.500,0.003125,0.750000,0,,NONE,0.000000,4.600004,4.599996
3.712,FOLLOW_LANE,camera lane following,160.500,0.003125,0.750000,0,,NONE,0.000000,4.600004,4.599996
3.744,FOLLOW_LANE,camera lane following,160.500,0.003125,0.750000,0,,NONE,0.000000,4.600004,4.599996
3.776,FOLLOW_LANE,camera lane following,160.000,0.000000,0.750000,0,,NONE,0.000000,4.600004,4.599996
3.808,FOLLOW_LANE,camera lane following,160.000,0.000000,0.750000,0,,NONE,0.000000,4.600004,4.599996
3.840,FOLLOW_LANE,camera lane following,160.000,0.000000,0.750000,0,,NONE,0.000000,4.600004,4.599996
3.872,FOLLOW_LANE,camera lane following,160.000,0.000000,0.750000,0,,NONE,0.000000,4.600004,4.599996
3.904,FOLLOW_LANE,camera lane following,160.000,0.000000,0.750000,0,,NONE,0.000000,4.600004,4.599996
3.936,FOLLOW_LANE,camera lane following,160.000,0.000000,0.750000,0,,NONE,0.000000,4.600004,4.599996
3.968,FOLLOW_LANE,camera lane following,160.500,0.003125,0.750000,0,,NONE,0.000000,4.600004,4.599996
4.000,FOLLOW_LANE,camera lane following,160.500,0.003125,0.750000,0,,NONE,0.000000,4.600004,4.599996
4.032,FOLLOW_LANE,camera lane following,160.500,0.003125,0.750000,0,,NONE,0.000000,4.600004,4.599996
4.064,FOLLOW_LANE,camera lane following,161.000,0.006250,0.750000,0,,NONE,0.000000,4.665633,4.534367
4.096,FOLLOW_LANE,camera lane following,161.000,0.006250,0.750000,0,,NONE,0.000000,4.650012,4.549988
4.128,FOLLOW_LANE,camera lane following,161.000,0.006250,0.750000,0,,NONE,0.000000,4.650016,4.549984
4.160,FOLLOW_LANE,camera lane following,160.500,0.003125,0.750000,0,,NONE,0.000000,4.584391,4.615609
4.192,FOLLOW_LANE,camera lane following,161.000,0.006250,0.750000,0,,NONE,0.000000,4.665645,4.534355
4.224,FOLLOW_LANE,camera lane following,160.500,0.003125,0.750000,0,,NONE,0.000000,4.584395,4.615605
4.256,FOLLOW_LANE,camera lane following,160.500,0.003125,0.750000,0,,NONE,0.000000,4.600020,4.599980
4.288,FOLLOW_LANE,camera lane following,160.000,0.000000,0.750000,0,,NONE,0.000000,4.600020,4.599980
4.320,FOLLOW_LANE,camera lane following,160.000,0.000000,0.750000,0,,NONE,0.000000,4.600020,4.599980
4.352,FOLLOW_LANE,camera lane following,161.000,0.006250,0.750000,0,,NONE,0.000000,4.665649,4.534351
4.384,FOLLOW_LANE,camera lane following,161.000,0.006250,0.750000,0,,NONE,0.000000,4.650028,4.549972
4.416,FOLLOW_LANE,camera lane following,160.500,0.003125,0.750000,0,,NONE,0.000000,4.584403,4.615597
4.448,FOLLOW_LANE,camera lane following,160.500,0.003125,0.750000,0,,NONE,0.000000,4.600028,4.599972
4.480,FOLLOW_LANE,camera lane following,160.500,0.003125,0.750000,0,,NONE,0.000000,4.600028,4.599972
4.512,FOLLOW_LANE,camera lane following,161.000,0.006250,0.750000,0,,NONE,0.000000,4.665657,4.534343
4.544,FOLLOW_LANE,camera lane following,161.000,0.006250,0.750000,0,,NONE,0.000000,4.650036,4.549964
4.576,FOLLOW_LANE,camera lane following,161.000,0.006250,0.750000,0,,NONE,0.000000,4.650040,4.549960
4.608,FOLLOW_LANE,camera lane following,161.000,0.006250,0.750000,0,,NONE,0.000000,4.650044,4.549956
4.640,FOLLOW_LANE,camera lane following,161.000,0.006250,0.750000,0,,NONE,0.000000,4.650048,4.549952
4.672,FOLLOW_LANE,camera lane following,160.500,0.003125,0.750000,0,,NONE,0.000000,4.584423,4.615577
4.704,FOLLOW_LANE,camera lane following,161.000,0.006250,0.750000,0,,NONE,0.000000,4.665677,4.534323
4.736,FOLLOW_LANE,camera lane following,160.250,0.001563,0.750000,0,,NONE,0.000000,4.584427,4.615573
4.768,FOLLOW_LANE,camera lane following,161.000,0.006250,0.750000,0,,NONE,0.000000,4.665681,4.534319
4.800,FOLLOW_LANE,camera lane following,160.500,0.003125,0.750000,0,,NONE,0.000000,4.584431,4.615569
4.832,FOLLOW_LANE,camera lane following,161.000,0.006250,0.750000,0,,NONE,0.000000,4.665685,4.534315
4.864,FOLLOW_LANE,camera lane following,161.000,0.006250,0.750000,0,,NONE,0.000000,4.650064,4.549936
4.896,FOLLOW_LANE,camera lane following,161.000,0.006250,0.750000,0,,NONE,0.000000,4.650068,4.549932
4.928,FOLLOW_LANE,camera lane following,161.000,0.006250,0.750000,0,,NONE,0.000000,4.650072,4.549928
4.960,FOLLOW_LANE,camera lane following,161.000,0.006250,0.750000,0,,NONE,0.000000,4.650076,4.549924
4.992,FOLLOW_LANE,camera lane following,160.500,0.003125,0.750000,0,,NONE,0.000000,4.584451,4.615549
5.024,FOLLOW_LANE,camera lane following,160.500,0.003125,0.750000,0,,NONE,0.000000,4.600076,4.599924
5.056,FOLLOW_LANE,camera lane following,160.500,0.003125,0.750000,0,,NONE,0.000000,4.600076,4.599924
5.088,FOLLOW_LANE,camera lane following,160.500,0.003125,0.750000,0,,NONE,0.000000,4.600076,4.599924
5.120,FOLLOW_LANE,camera lane following,161.000,0.006250,0.750000,0,,NONE,0.000000,4.665705,4.534295
5.152,FOLLOW_LANE,camera lane following,161.000,0.006250,0.750000,0,,NONE,0.000000,4.650084,4.549916
5.184,FOLLOW_LANE,camera lane following,161.000,0.006250,0.750000,0,,NONE,0.000000,4.650088,4.549912
5.216,FOLLOW_LANE,camera lane following,161.000,0.006250,0.750000,0,,NONE,0.000000,4.650092,4.549908
5.248,FOLLOW_LANE,camera lane following,161.000,0.006250,0.750000,0,,NONE,0.000000,4.650096,4.549904
5.280,FOLLOW_LANE,camera lane following,160.500,0.003125,0.750000,0,,NONE,0.000000,4.584471,4.615529
5.312,FOLLOW_LANE,camera lane following,160.500,0.003125,0.750000,0,,NONE,0.000000,4.600096,4.599904
5.344,FOLLOW_LANE,camera lane following,160.500,0.003125,0.750000,0,,NONE,0.000000,4.600096,4.599904
5.376,FOLLOW_LANE,camera lane following,160.500,0.003125,0.750000,0,,NONE,0.000000,4.600096,4.599904
5.408,FOLLOW_LANE,camera lane following,161.000,0.006250,0.750000,0,,NONE,0.000000,4.665725,4.534275
5.440,FOLLOW_LANE,camera lane following,161.000,0.006250,0.750000,0,,NONE,0.000000,4.650104,4.549896
5.472,FOLLOW_LANE,camera lane following,161.000,0.006250,0.750000,0,,NONE,0.000000,4.650108,4.549892
5.504,FOLLOW_LANE,camera lane following,161.000,0.006250,0.750000,0,,NONE,0.000000,4.650112,4.549888
5.536,FOLLOW_LANE,camera lane following,160.500,0.003125,0.750000,0,,NONE,0.000000,4.584487,4.615513
5.568,FOLLOW_LANE,camera lane following,160.750,0.004687,0.750000,0,,NONE,0.000000,4.600112,4.599888
5.600,FOLLOW_LANE,camera lane following,160.750,0.004687,0.750000,0,,NONE,0.000000,4.600112,4.599888
5.632,FOLLOW_LANE,camera lane following,161.000,0.006250,0.750000,0,,NONE,0.000000,4.665741,4.534259
5.664,FOLLOW_LANE,camera lane following,161.000,0.006250,0.750000,0,,NONE,0.000000,4.650120,4.549880
5.696,FOLLOW_LANE,camera lane following,161.000,0.006250,0.750000,0,,NONE,0.000000,4.650124,4.549876
5.728,FOLLOW_LANE,camera lane following,161.000,0.006250,0.750000,0,,NONE,0.000000,4.650128,4.549872
5.760,FOLLOW_LANE,camera lane following,161.000,0.006250,0.750000,0,,NONE,0.000000,4.650132,4.549868
5.792,FOLLOW_LANE,camera lane following,161.000,0.006250,0.750000,0,,NONE,0.000000,4.650136,4.549864
5.824,FOLLOW_LANE,camera lane following,160.500,0.003125,0.750000,0,,NONE,0.000000,4.584511,4.615489
5.856,FOLLOW_LANE,camera lane following,161.000,0.006250,0.750000,0,,NONE,0.000000,4.665765,4.534235
5.888,FOLLOW_LANE,camera lane following,161.000,0.006250,0.750000,0,,NONE,0.000000,4.650144,4.549856
5.920,FOLLOW_LANE,camera lane following,161.000,0.006250,0.750000,0,,NONE,0.000000,4.650148,4.549852
5.952,FOLLOW_LANE,camera lane following,161.000,0.006250,0.750000,0,,NONE,0.000000,4.650152,4.549848
5.984,FOLLOW_LANE,camera lane following,161.000,0.006250,0.750000,0,,NONE,0.000000,4.650156,4.549844
6.016,FOLLOW_LANE,camera lane following,161.500,0.009375,0.750000,0,,NONE,0.000000,4.682974,4.517025
6.048,FOLLOW_LANE,camera lane following,161.500,0.009375,0.750000,0,,NONE,0.000000,4.675168,4.524832
6.080,FOLLOW_LANE,camera lane following,161.500,0.009375,0.750000,0,,NONE,0.000000,4.675174,4.524826
6.112,FOLLOW_LANE,camera lane following,161.500,0.009375,0.750000,0,,NONE,0.000000,4.675180,4.524820
6.144,FOLLOW_LANE,camera lane following,161.500,0.009375,0.750000,0,,NONE,0.000000,4.675186,4.524814
6.176,FOLLOW_LANE,camera lane following,161.500,0.009375,0.750000,0,,NONE,0.000000,4.675192,4.524808
6.208,FOLLOW_LANE,camera lane following,161.500,0.009375,0.750000,0,,NONE,0.000000,4.675198,4.524802
6.240,FOLLOW_LANE,camera lane following,161.500,0.009375,0.750000,0,,NONE,0.000000,4.675204,4.524796
6.272,FOLLOW_LANE,camera lane following,161.500,0.009375,0.750000,0,,NONE,0.000000,4.675210,4.524790
6.304,FOLLOW_LANE,camera lane following,161.000,0.006250,0.750000,0,,NONE,0.000000,4.642402,4.557598
6.336,FOLLOW_LANE,camera lane following,161.000,0.006250,0.750000,0,,NONE,0.000000,4.650218,4.549782
6.368,FOLLOW_LANE,camera lane following,161.000,0.006250,0.750000,0,,NONE,0.000000,4.650222,4.549778
6.400,FOLLOW_LANE,camera lane following,161.000,0.006250,0.750000,0,,NONE,0.000000,4.650226,4.549774
6.432,FOLLOW_LANE,camera lane following,161.500,0.009375,0.750000,0,,NONE,0.000000,4.683044,4.516955
6.464,FOLLOW_LANE,camera lane following,161.500,0.009375,0.750000,0,,NONE,0.000000,4.675238,4.524762
6.496,FOLLOW_LANE,camera lane following,161.250,0.007812,0.750000,0,,NONE,0.000000,4.658837,4.541163
6.528,FOLLOW_LANE,camera lane following,161.000,0.006250,0.750000,0,,NONE,0.000000,4.646341,4.553659
6.560,FOLLOW_LANE,camera lane following,160.500,0.003125,0.750000,0,,NONE,0.000000,4.584622,4.615378
6.592,FOLLOW_LANE,camera lane following,160.500,0.003125,0.750000,0,,NONE,0.000000,4.600247,4.599753
6.624,FOLLOW_LANE,camera lane following,159.500,-0.003125,0.750000,0,,NONE,0.000000,4.600247,4.599753
6.656,FOLLOW_LANE,camera lane following,159.000,-0.006250,0.750000,0,,NONE,0.000000,4.534618,4.665382
6.688,FOLLOW_LANE,camera lane following,158.500,-0.009375,0.750000,0,,NONE,0.000000,4.517424,4.682575
6.720,FOLLOW_LANE,camera lane following,158.500,-0.009375,0.750000,0,,NONE,0.000000,4.525231,4.674769
6.752,FOLLOW_LANE,camera lane following,158.000,-0.012500,0.750000,0,,NONE,0.000000,4.492411,4.707589
6.784,FOLLOW_LANE,camera lane following,158.500,-0.009375,0.750000,0,,NONE,0.000000,4.533029,4.666970
6.816,FOLLOW_LANE,camera lane following,157.500,-0.015625,0.750000,0,,NONE,0.000000,4.459582,4.740418
6.848,FOLLOW_LANE,camera lane following,157.500,-0.015625,0.750000,0,,NONE,0.000000,4.475197,4.724803
6.880,FOLLOW_LANE,camera lane following,157.500,-0.015625,0.750000,0,,NONE,0.000000,4.475187,4.724813
6.912,FOLLOW_LANE,camera lane following,157.000,-0.018750,0.750000,0,,NONE,0.000000,4.442362,4.757637
6.944,FOLLOW_LANE,camera lane following,157.000,-0.018750,0.750000,0,,NONE,0.000000,4.450163,4.749837
6.976,FOLLOW_LANE,camera lane following,156.500,-0.021875,0.750000,0,,NONE,0.000000,4.417336,4.782663
7.008,FOLLOW_LANE,camera lane following,157.000,-0.018750,0.750000,0,,NONE,0.000000,4.457949,4.742050
7.040,FOLLOW_LANE,camera lane following,156.500,-0.021875,0.750000,0,,NONE,0.000000,4.417310,4.782690
7.072,FOLLOW_LANE,camera lane following,156.500,-0.021875,0.750000,0,,NONE,0.000000,4.425109,4.774891
7.104,FOLLOW_LANE,camera lane following,156.500,-0.021875,0.750000,0,,NONE,0.000000,4.425095,4.774905
7.136,FOLLOW_LANE,camera lane following,156.500,-0.021875,0.750000,0,,NONE,0.000000,4.425081,4.774919
7.168,FOLLOW_LANE,camera lane following,156.500,-0.021875,0.750000,0,,NONE,0.000000,4.425067,4.774933
7.200,FOLLOW_LANE,camera lane following,156.750,-0.020313,0.750000,0,,NONE,0.000000,4.441460,4.758540
7.232,FOLLOW_LANE,camera lane following,157.500,-0.015625,0.750000,0,,NONE,0.000000,4.486763,4.713237
7.264,FOLLOW_LANE,camera lane following,157.500,-0.015625,0.750000,0,,NONE,0.000000,4.475034,4.724966
7.296,FOLLOW_LANE,camera lane following,158.000,-0.012500,0.750000,0,,NONE,0.000000,4.507839,4.692161
7.328,FOLLOW_LANE,camera lane following,158.000,-0.012500,0.750000,0,,NONE,0.000000,4.500018,4.699982
7.360,FOLLOW_LANE,camera lane following,159.000,-0.006250,0.750000,0,,NONE,0.000000,4.565639,4.634361
7.392,FOLLOW_LANE,camera lane following,159.000,-0.006250,0.750000,0,,NONE,0.000000,4.550010,4.649990
7.424,FOLLOW_LANE,camera lane following,159.500,-0.003125,0.750000,0,,NONE,0.000000,4.615635,4.584365
7.456,FOLLOW_LANE,camera lane following,159.500,-0.003125,0.750000,0,,NONE,0.000000,4.600010,4.599990
7.488,FOLLOW_LANE,camera lane following,159.500,-0.003125,0.750000,0,,NONE,0.000000,4.600010,4.599990
7.520,FOLLOW_LANE,camera lane following,159.000,-0.006250,0.750000,0,,NONE,0.000000,4.534381,4.665619
7.552,FOLLOW_LANE,camera lane following,159.500,-0.003125,0.750000,0,,NONE,0.000000,4.615631,4.584369
7.584,FOLLOW_LANE,camera lane following,159.500,-0.003125,0.750000,0,,NONE,0.000000,4.600006,4.599994
7.616,FOLLOW_LANE,camera lane following,159.500,-0.003125,0.750000,0,,NONE,0.000000,4.600006,4.599994
7.648,FOLLOW_LANE,camera lane following,159.500,-0.003125,0.750000,0,,NONE,0.000000,4.600006,4.599994
7.680,FOLLOW_LANE,camera lane following,159.500,-0.003125,0.750000,0,,NONE,0.000000,4.600006,4.599994
7.712,FOLLOW_LANE,camera lane following,159.500,-0.003125,0.750000,0,,NONE,0.000000,4.600006,4.599994
7.744,FOLLOW_LANE,camera lane following,159.000,-0.006250,0.750000,0,,NONE,0.000000,4.534377,4.665623
7.776,FOLLOW_LANE,camera lane following,159.500,-0.003125,0.750000,0,,NONE,0.000000,4.615627,4.584373
7.808,FOLLOW_LANE,camera lane following,159.000,-0.006250,0.750000,0,,NONE,0.000000,4.534373,4.665627
7.840,FOLLOW_LANE,camera lane following,159.500,-0.003125,0.750000,0,,NONE,0.000000,4.615623,4.584377
7.872,FOLLOW_LANE,camera lane following,159.250,-0.004687,0.750000,0,,NONE,0.000000,4.599998,4.600002
7.904,FOLLOW_LANE,camera lane following,159.000,-0.006250,0.750000,0,,NONE,0.000000,4.534369,4.665631
7.936,FOLLOW_LANE,camera lane following,159.000,-0.006250,0.750000,0,,NONE,0.000000,4.549990,4.650010
7.968,FOLLOW_LANE,camera lane following,159.500,-0.003125,0.750000,0,,NONE,0.000000,4.615615,4.584385
8.000,FOLLOW_LANE,camera lane following,159.000,-0.006250,0.750000,0,,NONE,0.000000,4.534361,4.665639
8.032,FOLLOW_LANE,camera lane following,159.000,-0.006250,0.750000,0,,NONE,0.000000,4.549982,4.650018
8.064,FOLLOW_LANE,camera lane following,159.500,-0.003125,0.750000,0,,NONE,0.000000,4.615607,4.584393
8.096,FOLLOW_LANE,camera lane following,159.500,-0.003125,0.750000,0,,NONE,0.000000,4.599982,4.600018
8.128,FOLLOW_LANE,camera lane following,159.500,-0.003125,0.750000,0,,NONE,0.000000,4.599982,4.600018
8.160,FOLLOW_LANE,camera lane following,159.500,-0.003125,0.750000,0,,NONE,0.000000,4.599982,4.600018
8.192,FOLLOW_LANE,camera lane following,159.500,-0.003125,0.750000,0,,NONE,0.000000,4.599982,4.600018
8.224,FOLLOW_LANE,camera lane following,160.000,0.000000,0.750000,0,,NONE,0.000000,4.599982,4.600018
8.256,FOLLOW_LANE,camera lane following,160.000,0.000000,0.750000,0,,NONE,0.000000,4.599982,4.600018
8.288,FOLLOW_LANE,camera lane following,160.000,0.000000,0.750000,0,,NONE,0.000000,4.599982,4.600018
8.320,FOLLOW_LANE,camera lane following,160.000,0.000000,0.750000,0,,NONE,0.000000,4.599982,4.600018
8.352,FOLLOW_LANE,camera lane following,160.000,0.000000,0.750000,0,,NONE,0.000000,4.599982,4.600018
8.384,FOLLOW_LANE,camera lane following,160.500,0.003125,0.750000,0,,NONE,0.000000,4.599982,4.600018
8.416,FOLLOW_LANE,camera lane following,160.500,0.003125,0.750000,0,,NONE,0.000000,4.599982,4.600018
8.448,FOLLOW_LANE,camera lane following,160.500,0.003125,0.750000,0,,NONE,0.000000,4.599982,4.600018
8.480,FOLLOW_LANE,camera lane following,160.500,0.003125,0.750000,0,,NONE,0.000000,4.599982,4.600018
8.512,FOLLOW_LANE,camera lane following,160.500,0.003125,0.750000,0,,NONE,0.000000,4.599982,4.600018
8.544,FOLLOW_LANE,camera lane following,160.500,0.003125,0.750000,0,,NONE,0.000000,4.599982,4.600018
8.576,FOLLOW_LANE,camera lane following,160.500,0.003125,0.750000,0,,NONE,0.000000,4.599982,4.600018
8.608,FOLLOW_LANE,camera lane following,160.500,0.003125,0.750000,0,,NONE,0.000000,4.599982,4.600018
8.640,FOLLOW_LANE,camera lane following,160.500,0.003125,0.750000,0,,NONE,0.000000,4.599982,4.600018
8.672,FOLLOW_LANE,camera lane following,160.500,0.003125,0.750000,0,,NONE,0.000000,4.599982,4.600018
8.704,FOLLOW_LANE,camera lane following,160.500,0.003125,0.750000,0,,NONE,0.000000,4.599982,4.600018
8.736,FOLLOW_LANE,camera lane following,160.500,0.003125,0.750000,0,,NONE,0.000000,4.599982,4.600018
8.768,FOLLOW_LANE,camera lane following,160.000,0.000000,0.750000,0,,NONE,0.000000,4.599982,4.600018
8.800,FOLLOW_LANE,camera lane following,160.000,0.000000,0.750000,0,,NONE,0.000000,4.599982,4.600018
8.832,FOLLOW_LANE,camera lane following,160.000,0.000000,0.750000,0,,NONE,0.000000,4.599982,4.600018
8.864,FOLLOW_LANE,camera lane following,159.750,-0.001563,0.750000,0,,NONE,0.000000,4.599982,4.600018
8.896,FOLLOW_LANE,camera lane following,159.500,-0.003125,0.750000,0,,NONE,0.000000,4.599982,4.600018
8.928,FOLLOW_LANE,camera lane following,160.000,0.000000,0.750000,0,,NONE,0.000000,4.599982,4.600018
8.960,FOLLOW_LANE,camera lane following,160.500,0.003125,0.750000,0,,NONE,0.000000,4.599982,4.600018
8.992,FOLLOW_LANE,camera lane following,160.500,0.003125,0.750000,0,,NONE,0.000000,4.599982,4.600018
9.024,FOLLOW_LANE,camera lane following,160.000,0.000000,0.750000,0,,NONE,0.000000,4.599982,4.600018
9.056,FOLLOW_LANE,camera lane following,160.000,0.000000,0.750000,0,,NONE,0.000000,4.599982,4.600018
9.088,FOLLOW_LANE,camera lane following,160.500,0.003125,0.750000,0,,NONE,0.000000,4.599982,4.600018
9.120,FOLLOW_LANE,camera lane following,160.500,0.003125,0.750000,0,,NONE,0.000000,4.599982,4.600018
9.152,FOLLOW_LANE,camera lane following,161.000,0.006250,0.750000,0,,NONE,0.000000,4.665611,4.534389
9.184,FOLLOW_LANE,camera lane following,160.500,0.003125,0.750000,0,,NONE,0.000000,4.584361,4.615639
9.216,FOLLOW_LANE,camera lane following,160.500,0.003125,0.750000,0,,NONE,0.000000,4.599986,4.600014
9.248,FOLLOW_LANE,camera lane following,160.500,0.003125,0.750000,0,,NONE,0.000000,4.599986,4.600014
9.280,FOLLOW_LANE,camera lane following,160.500,0.003125,0.750000,0,,NONE,0.000000,4.599986,4.600014
9.312,FOLLOW_LANE,camera lane following,160.500,0.003125,0.750000,0,,NONE,0.000000,4.599986,4.600014
9.344,FOLLOW_LANE,camera lane following,160.500,0.003125,0.750000,0,,NONE,0.000000,4.599986,4.600014
9.376,FOLLOW_LANE,camera lane following,160.500,0.003125,0.750000,0,,NONE,0.000000,4.599986,4.600014
9.408,FOLLOW_LANE,camera lane following,160.500,0.003125,0.750000,0,,NONE,0.000000,4.599986,4.600014
9.440,FOLLOW_LANE,camera lane following,160.500,0.003125,0.750000,0,,NONE,0.000000,4.599986,4.600014
9.472,FOLLOW_LANE,camera lane following,160.500,0.003125,0.750000,0,,NONE,0.000000,4.599986,4.600014
9.504,FOLLOW_LANE,camera lane following,160.500,0.003125,0.750000,0,,NONE,0.000000,4.599986,4.600014
9.536,FOLLOW_LANE,camera lane following,160.500,0.003125,0.750000,0,,NONE,0.000000,4.599986,4.600014
9.568,FOLLOW_LANE,camera lane following,160.500,0.003125,0.750000,0,,NONE,0.000000,4.599986,4.600014
9.600,FOLLOW_LANE,camera lane following,160.000,0.000000,0.750000,0,,NONE,0.000000,4.599986,4.600014
9.632,FOLLOW_LANE,camera lane following,160.000,0.000000,0.750000,0,,NONE,0.000000,4.599986,4.600014
9.664,FOLLOW_LANE,camera lane following,160.000,0.000000,0.750000,0,,NONE,0.000000,4.599986,4.600014
9.696,FOLLOW_LANE,camera lane following,160.500,0.003125,0.750000,0,,NONE,0.000000,4.599986,4.600014
9.728,FOLLOW_LANE,camera lane following,160.500,0.003125,0.750000,0,,NONE,0.000000,4.599986,4.600014
9.760,FOLLOW_LANE,camera lane following,160.500,0.003125,0.750000,0,,NONE,0.000000,4.599986,4.600014
9.792,FOLLOW_LANE,camera lane following,160.500,0.003125,0.750000,0,,NONE,0.000000,4.599986,4.600014
9.824,FOLLOW_LANE,camera lane following,160.500,0.003125,0.750000,0,,NONE,0.000000,4.599986,4.600014
9.856,FOLLOW_LANE,camera lane following,160.500,0.003125,0.750000,0,,NONE,0.000000,4.599986,4.600014
9.888,FOLLOW_LANE,camera lane following,160.500,0.003125,0.750000,0,,NONE,0.000000,4.599986,4.600014
9.920,FOLLOW_LANE,camera lane following,160.500,0.003125,0.750000,0,,NONE,0.000000,4.599986,4.600014
9.952,FOLLOW_LANE,camera lane following,160.500,0.003125,0.750000,0,,NONE,0.000000,4.599986,4.600014
9.984,FOLLOW_LANE,camera lane following,160.500,0.003125,0.750000,0,,NONE,0.000000,4.599986,4.600014
10.016,FOLLOW_LANE,camera lane following,160.500,0.003125,0.750000,0,,NONE,0.000000,4.599986,4.600014
10.048,FOLLOW_LANE,camera lane following,161.000,0.006250,0.750000,0,,NONE,0.000000,4.665615,4.534385
10.080,FOLLOW_LANE,camera lane following,161.000,0.006250,0.750000,0,,NONE,0.000000,4.649994,4.550006
10.112,FOLLOW_LANE,camera lane following,160.500,0.003125,0.750000,0,,NONE,0.000000,4.584369,4.615631
10.144,FOLLOW_LANE,camera lane following,160.500,0.003125,0.750000,0,,NONE,0.000000,4.599994,4.600006
10.176,FOLLOW_LANE,camera lane following,160.500,0.003125,0.750000,0,,NONE,0.000000,4.599994,4.600006
10.208,FOLLOW_LANE,camera lane following,160.500,0.003125,0.750000,0,,NONE,0.000000,4.599994,4.600006
10.240,FOLLOW_LANE,camera lane following,160.500,0.003125,0.750000,0,,NONE,0.000000,4.599994,4.600006
10.272,FOLLOW_LANE,camera lane following,160.500,0.003125,0.750000,0,,NONE,0.000000,4.599994,4.600006
10.304,FOLLOW_LANE,camera lane following,160.500,0.003125,0.750000,0,,NONE,0.000000,4.599994,4.600006
10.336,FOLLOW_LANE,camera lane following,160.500,0.003125,0.750000,0,,NONE,0.000000,4.599994,4.600006
10.368,FOLLOW_LANE,camera lane following,160.500,0.003125,0.750000,0,,NONE,0.000000,4.599994,4.600006
10.400,FOLLOW_LANE,camera lane following,160.000,0.000000,0.750000,0,,NONE,0.000000,4.599994,4.600006
10.432,FOLLOW_LANE,camera lane following,160.000,0.000000,0.750000,0,,NONE,0.000000,4.599994,4.600006
10.464,FOLLOW_LANE,camera lane following,160.000,0.000000,0.750000,0,,NONE,0.000000,4.599994,4.600006
10.496,FOLLOW_LANE,camera lane following,159.500,-0.003125,0.750000,0,,NONE,0.000000,4.599994,4.600006
10.528,FOLLOW_LANE,camera lane following,159.500,-0.003125,0.750000,0,,NONE,0.000000,4.599994,4.600006
10.560,FOLLOW_LANE,camera lane following,159.500,-0.003125,0.750000,0,,NONE,0.000000,4.599994,4.600006
10.592,FOLLOW_LANE,camera lane following,160.000,0.000000,0.750000,0,,NONE,0.000000,4.599994,4.600006
10.624,FOLLOW_LANE,camera lane following,160.000,0.000000,0.750000,0,,NONE,0.000000,4.599994,4.600006
10.656,FOLLOW_LANE,camera lane following,160.000,0.000000,0.750000,0,,NONE,0.000000,4.599994,4.600006
10.688,FOLLOW_LANE,camera lane following,160.000,0.000000,0.750000,0,,NONE,0.000000,4.599994,4.600006
10.720,FOLLOW_LANE,camera lane following,160.500,0.003125,0.750000,0,,NONE,0.000000,4.599994,4.600006
10.752,FOLLOW_LANE,camera lane following,160.500,0.003125,0.750000,0,,NONE,0.000000,4.599994,4.600006
10.784,FOLLOW_LANE,camera lane following,160.500,0.003125,0.750000,0,,NONE,0.000000,4.599994,4.600006
10.816,FOLLOW_LANE,camera lane following,160.500,0.003125,0.750000,0,,NONE,0.000000,4.599994,4.600006
10.848,FOLLOW_LANE,camera lane following,160.500,0.003125,0.750000,0,,NONE,0.000000,4.599994,4.600006
10.880,FOLLOW_LANE,camera lane following,160.500,0.003125,0.750000,0,,NONE,0.000000,4.599994,4.600006
10.912,FOLLOW_LANE,camera lane following,160.000,0.000000,0.750000,0,,NONE,0.000000,4.599994,4.600006
10.944,FOLLOW_LANE,camera lane following,160.000,0.000000,0.750000,0,,NONE,0.000000,4.599994,4.600006
10.976,FOLLOW_LANE,camera lane following,159.500,-0.003125,0.750000,0,,NONE,0.000000,4.599994,4.600006
11.008,FOLLOW_LANE,camera lane following,159.500,-0.003125,0.750000,0,,NONE,0.000000,4.599994,4.600006
11.040,FOLLOW_LANE,camera lane following,159.500,-0.003125,0.750000,0,,NONE,0.000000,4.599994,4.600006
11.072,FOLLOW_LANE,camera lane following,159.500,-0.003125,0.750000,0,,NONE,0.000000,4.599994,4.600006
11.104,FOLLOW_LANE,camera lane following,159.500,-0.003125,0.750000,0,,NONE,0.000000,4.599994,4.600006
11.136,FOLLOW_LANE,camera lane following,159.750,-0.001563,0.750000,0,,NONE,0.000000,4.599994,4.600006
11.168,FOLLOW_LANE,camera lane following,160.000,0.000000,0.750000,0,,NONE,0.000000,4.599994,4.600006
11.200,FOLLOW_LANE,camera lane following,159.000,-0.006250,0.750000,0,,NONE,0.000000,4.534365,4.665635
11.232,FOLLOW_LANE,camera lane following,159.000,-0.006250,0.750000,0,,NONE,0.000000,4.549986,4.650014
11.264,FOLLOW_LANE,camera lane following,159.250,-0.004687,0.750000,0,,NONE,0.000000,4.615611,4.584389
11.296,FOLLOW_LANE,camera lane following,158.500,-0.009375,0.750000,0,,NONE,0.000000,4.501542,4.698457
11.328,FOLLOW_LANE,camera lane following,158.500,-0.009375,0.750000,0,,NONE,0.000000,4.524974,4.675026
11.360,FOLLOW_LANE,camera lane following,158.000,-0.012500,0.750000,0,,NONE,0.000000,4.492153,4.707846
11.392,FOLLOW_LANE,camera lane following,158.500,-0.009375,0.750000,0,,NONE,0.000000,4.532773,4.667227
11.424,FOLLOW_LANE,camera lane following,159.250,-0.004687,0.750000,0,,NONE,0.000000,4.623397,4.576602
11.456,FOLLOW_LANE,camera lane following,159.000,-0.006250,0.750000,0,,NONE,0.000000,4.534331,4.665669
11.488,FOLLOW_LANE,camera lane following,159.000,-0.006250,0.750000,0,,NONE,0.000000,4.549952,4.650048
11.520,FOLLOW_LANE,camera lane following,159.500,-0.003125,0.750000,0,,NONE,0.000000,4.615577,4.584423
11.552,FOLLOW_LANE,camera lane following,159.500,-0.003125,0.750000,0,,NONE,0.000000,4.599952,4.600048
11.584,FOLLOW_LANE,camera lane following,159.000,-0.006250,0.750000,0,,NONE,0.000000,4.534323,4.665677
11.616,FOLLOW_LANE,camera lane following,159.000,-0.006250,0.750000,0,,NONE,0.000000,4.549944,4.650056
11.648,FOLLOW_LANE,camera lane following,159.000,-0.006250,0.750000,0,,NONE,0.000000,4.549940,4.650060
11.680,FOLLOW_LANE,camera lane following,159.000,-0.006250,0.750000,0,,NONE,0.000000,4.549936,4.650064
11.712,FOLLOW_LANE,camera lane following,159.000,-0.006250,0.750000,0,,NONE,0.000000,4.549932,4.650068
11.744,FOLLOW_LANE,camera lane following,158.500,-0.009375,0.750000,0,,NONE,0.000000,4.517113,4.682886
11.776,FOLLOW_LANE,camera lane following,158.500,-0.009375,0.750000,0,,NONE,0.000000,4.524920,4.675080
11.808,FOLLOW_LANE,camera lane following,158.500,-0.009375,0.750000,0,,NONE,0.000000,4.524914,4.675086
11.840,FOLLOW_LANE,camera lane following,158.500,-0.009375,0.750000,0,,NONE,0.000000,4.524908,4.675092
11.872,FOLLOW_LANE,camera lane following,159.000,-0.006250,0.750000,0,,NONE,0.000000,4.557716,4.642283
11.904,FOLLOW_LANE,camera lane following,159.000,-0.006250,0.750000,0,,NONE,0.000000,4.549900,4.650100
11.936,FOLLOW_LANE,camera lane following,159.000,-0.006250,0.750000,0,,NONE,0.000000,4.549896,4.650104
11.968,FOLLOW_LANE,camera lane following,159.000,-0.006250,0.750000,0,,NONE,0.000000,4.549892,4.650108
12.000,FOLLOW_LANE,camera lane following,158.500,-0.009375,0.750000,0,,NONE,0.000000,4.517073,4.682926
12.032,FOLLOW_LANE,camera lane following,158.500,-0.009375,0.750000,0,,NONE,0.000000,4.524880,4.675120
12.064,FOLLOW_LANE,camera lane following,158.750,-0.007812,0.750000,0,,NONE,0.000000,4.541281,4.658719
12.096,FOLLOW_LANE,camera lane following,158.000,-0.012500,0.750000,0,,NONE,0.000000,4.488148,4.711852
12.128,FOLLOW_LANE,camera lane following,158.000,-0.012500,0.750000,0,,NONE,0.000000,4.499859,4.700141
12.160,FOLLOW_LANE,camera lane following,158.000,-0.012500,0.750000,0,,NONE,0.000000,4.499851,4.700149
12.192,FOLLOW_LANE,camera lane following,158.000,-0.012500,0.750000,0,,NONE,0.000000,4.499843,4.700157
12.224,FOLLOW_LANE,camera lane following,158.000,-0.012500,0.750000,0,,NONE,0.000000,4.499835,4.700165
12.256,FOLLOW_LANE,camera lane following,158.000,-0.012500,0.750000,0,,NONE,0.000000,4.499827,4.700173
12.288,FOLLOW_LANE,camera lane following,158.000,-0.012500,0.750000,0,,NONE,0.000000,4.499819,4.700181
12.320,FOLLOW_LANE,camera lane following,158.000,-0.012500,0.750000,0,,NONE,0.000000,4.499811,4.700189
12.352,FOLLOW_LANE,camera lane following,157.500,-0.015625,0.750000,0,,NONE,0.000000,4.466988,4.733011
12.384,FOLLOW_LANE,camera lane following,157.250,-0.017188,0.750000,0,,NONE,0.000000,4.458384,4.741616
12.416,FOLLOW_LANE,camera lane following,157.000,-0.018750,0.750000,0,,NONE,0.000000,4.445872,4.754128
12.448,FOLLOW_LANE,camera lane following,157.000,-0.018750,0.750000,0,,NONE,0.000000,4.449766,4.750234
12.480,FOLLOW_LANE,camera lane following,157.000,-0.018750,0.750000,0,,NONE,0.000000,4.449754,4.750246
12.512,FOLLOW_LANE,camera lane following,157.500,-0.015625,0.750000,0,,NONE,0.000000,4.482556,4.717443
12.544,FOLLOW_LANE,camera lane following,157.500,-0.015625,0.750000,0,,NONE,0.000000,4.474734,4.725266
12.576,FOLLOW_LANE,camera lane following,158.500,-0.009375,0.750000,0,,NONE,0.000000,4.540353,4.659647
12.608,FOLLOW_LANE,camera lane following,159.000,-0.006250,0.750000,0,,NONE,0.000000,4.557536,4.642463
12.640,FOLLOW_LANE,camera lane following,162.000,0.012500,0.750000,0,,NONE,0.000000,4.746607,4.453393
12.672,FOLLOW_LANE,camera lane following,159.500,-0.003125,0.750000,0,,NONE,0.000000,4.568482,4.631518
12.704,FOLLOW_LANE,camera lane following,155.000,-0.031250,0.750000,0,,NONE,0.000000,4.271587,4.928413
12.736,FOLLOW_LANE,camera lane following,155.000,-0.031250,0.750000,0,,NONE,0.000000,4.349692,4.850308
12.768,FOLLOW_LANE,camera lane following,155.000,-0.031250,0.750000,0,,NONE,0.000000,4.349672,4.850328
12.800,FOLLOW_LANE,camera lane following,155.500,-0.028125,0.750000,0,,NONE,0.000000,4.382466,4.817533
12.832,FOLLOW_LANE,camera lane following,156.000,-0.025000,0.750000,0,,NONE,0.000000,4.407450,4.792549
12.864,FOLLOW_LANE,camera lane following,156.000,-0.025000,0.750000,0,,NONE,0.000000,4.399622,4.800378
12.896,FOLLOW_LANE,camera lane following,156.500,-0.021875,0.750000,0,,NONE,0.000000,4.432420,4.767580
12.928,FOLLOW_LANE,camera lane following,156.500,-0.021875,0.750000,0,,NONE,0.000000,4.424594,4.775406
12.960,FOLLOW_LANE,camera lane following,156.500,-0.021875,0.750000,0,,NONE,0.000000,4.424580,4.775420
12.992,FOLLOW_LANE,camera lane following,156.500,-0.021875,0.750000,0,,NONE,0.000000,4.424566,4.775434
13.024,FOLLOW_LANE,camera lane following,157.500,-0.015625,0.750000,0,,NONE,0.000000,4.490181,4.709819
13.056,FOLLOW_LANE,camera lane following,157.500,-0.015625,0.750000,0,,NONE,0.000000,4.474546,4.725454
13.088,FOLLOW_LANE,camera lane following,157.500,-0.015625,0.750000,0,,NONE,0.000000,4.474536,4.725464
13.120,FOLLOW_LANE,camera lane following,158.000,-0.012500,0.750000,0,,NONE,0.000000,4.507340,4.692659
13.152,FOLLOW_LANE,camera lane following,158.500,-0.009375,0.750000,0,,NONE,0.000000,4.532334,4.667666
13.184,FOLLOW_LANE,camera lane following,158.500,-0.009375,0.750000,0,,NONE,0.000000,4.524516,4.675484
13.216,FOLLOW_LANE,camera lane following,159.000,-0.006250,0.750000,0,,NONE,0.000000,4.557325,4.642675
13.248,FOLLOW_LANE,camera lane following,160.000,0.000000,0.750000,0,,NONE,0.000000,4.615137,4.584863
13.280,FOLLOW_LANE,camera lane following,160.500,0.003125,0.750000,0,,NONE,0.000000,4.599512,4.600488
13.312,FOLLOW_LANE,camera lane following,162.000,0.012500,0.750000,0,,NONE,0.000000,4.730770,4.469230
13.344,FOLLOW_LANE,camera lane following,163.500,0.021875,0.750000,0,,NONE,0.000000,4.797972,4.402028
13.376,FOLLOW_LANE,camera lane following,165.500,0.034375,0.750000,0,,NONE,0.000000,4.905806,4.294194
13.408,FOLLOW_LANE,camera lane following,167.500,0.046875,0.750000,0,,NONE,0.000000,5.005836,4.194164
13.440,FOLLOW_LANE,camera lane following,157.500,-0.015625,0.750000,0,,NONE,0.000000,4.318326,4.881674
13.472,FOLLOW_LANE,camera lane following,134.000,-0.162500,0.750000,0,,NONE,0.000000,2.932284,6.267715
13.504,FOLLOW_LANE,camera lane following,136.500,-0.146875,0.750000,0,,NONE,0.000000,3.463440,5.736559
13.536,FOLLOW_LANE,camera lane following,136.500,-0.146875,0.750000,0,,NONE,0.000000,3.424284,5.775716
13.568,FOLLOW_LANE,camera lane following,154.500,-0.034375,0.750000,0,,NONE,0.000000,4.605512,4.594488
13.600,FOLLOW_LANE,camera lane following,155.000,-0.031250,0.750000,0,,NONE,0.000000,4.357054,4.842945
13.632,FOLLOW_LANE,camera lane following,155.000,-0.031250,0.750000,0,,NONE,0.000000,4.349222,4.850778
13.664,FOLLOW_LANE,camera lane following,155.500,-0.028125,0.750000,0,,NONE,0.000000,4.382016,4.817983
13.696,FOLLOW_LANE,camera lane following,156.000,-0.025000,0.750000,0,,NONE,0.000000,4.407000,4.792999
13.728,FOLLOW_LANE,camera lane following,156.500,-0.021875,0.750000,0,,NONE,0.000000,4.431986,4.768013
13.760,FOLLOW_LANE,camera lane following,156.500,-0.021875,0.750000,0,,NONE,0.000000,4.424160,4.775840
13.792,FOLLOW_LANE,camera lane following,157.000,-0.018750,0.750000,0,,NONE,0.000000,4.456960,4.743040
13.824,FOLLOW_LANE,camera lane following,157.500,-0.015625,0.750000,0,,NONE,0.000000,4.481950,4.718049
13.856,FOLLOW_LANE,camera lane following,157.500,-0.015625,0.750000,0,,NONE,0.000000,4.474128,4.725872
13.888,FOLLOW_LANE,camera lane following,157.500,-0.015625,0.750000,0,,NONE,0.000000,4.474118,4.725882
13.920,FOLLOW_LANE,camera lane following,158.500,-0.009375,0.750000,0,,NONE,0.000000,4.539737,4.660263
13.952,FOLLOW_LANE,camera lane following,158.500,-0.009375,0.750000,0,,NONE,0.000000,4.524106,4.675894
13.984,FOLLOW_LANE,camera lane following,159.000,-0.006250,0.750000,0,,NONE,0.000000,4.556914,4.643085
14.016,FOLLOW_LANE,camera lane following,159.500,-0.003125,0.750000,0,,NONE,0.000000,4.614727,4.585273
14.048,FOLLOW_LANE,camera lane following,161.500,0.009375,0.750000,0,,NONE,0.000000,4.697545,4.502454
14.080,FOLLOW_LANE,camera lane following,163.000,0.018750,0.750000,0,,NONE,0.000000,4.772557,4.427442
14.112,FOLLOW_LANE,camera lane following,163.500,0.021875,0.750000,0,,NONE,0.000000,4.781946,4.418054
14.144,FOLLOW_LANE,camera lane following,164.500,0.028125,0.750000,0,,NONE,0.000000,4.839777,4.360223
14.176,FOLLOW_LANE,camera lane following,165.000,0.031250,0.750000,0,,NONE,0.000000,4.856984,4.343015
14.208,FOLLOW_LANE,camera lane following,166.500,0.040625,0.750000,0,,NONE,0.000000,4.947635,4.252364
14.240,FOLLOW_LANE,camera lane following,164.500,0.028125,0.750000,0,,NONE,0.000000,4.792966,4.407034
14.272,FOLLOW_LANE,camera lane following,138.500,-0.134375,0.750000,0,,NONE,0.000000,3.117880,6.082120
14.304,FOLLOW_LANE,camera lane following,137.000,-0.143750,0.750000,0,,NONE,0.000000,3.425600,5.774399
14.336,FOLLOW_LANE,camera lane following,137.500,-0.140625,0.750000,0,,NONE,0.000000,3.481760,5.718239
14.368,FOLLOW_LANE,camera lane following,136.000,-0.150000,0.750000,0,,NONE,0.000000,3.375414,5.824585
14.400,FOLLOW_LANE,camera lane following,168.500,0.053125,0.750000,0,,NONE,0.000000,5.531698,3.668301
14.432,FOLLOW_LANE,camera lane following,161.500,0.009375,0.750000,0,,NONE,0.000000,4.564517,4.635483
14.464,FOLLOW_LANE,camera lane following,160.000,0.000000,0.750000,0,,NONE,0.000000,4.575454,4.624545
14.496,FOLLOW_LANE,camera lane following,158.500,-0.009375,0.750000,0,,NONE,0.000000,4.500449,4.699551
14.528,FOLLOW_LANE,camera lane following,160.000,0.000000,0.750000,0,,NONE,0.000000,4.622323,4.577676
14.560,FOLLOW_LANE,camera lane following,160.000,0.000000,0.750000,0,,NONE,0.000000,4.598886,4.601114
14.592,FOLLOW_LANE,camera lane following,155.500,-0.028125,0.750000,0,,NONE,0.000000,4.303555,4.896444
14.624,FOLLOW_LANE,camera lane following,152.500,-0.046875,0.750000,0,,NONE,0.000000,4.176963,5.023037
14.656,FOLLOW_LANE,camera lane following,153.000,-0.043750,0.750000,0,,NONE,0.000000,4.256622,4.943377
14.688,FOLLOW_LANE,camera lane following,154.000,-0.037500,0.750000,0,,NONE,0.000000,4.314411,4.885589
14.720,FOLLOW_LANE,camera lane following,154.000,-0.037500,0.750000,0,,NONE,0.000000,4.298762,4.901238
14.752,FOLLOW_LANE,camera lane following,154.500,-0.034375,0.750000,0,,NONE,0.000000,4.331552,4.868447
14.784,FOLLOW_LANE,camera lane following,155.500,-0.028125,0.750000,0,,NONE,0.000000,4.389347,4.810653
14.816,FOLLOW_LANE,camera lane following,156.000,-0.025000,0.750000,0,,NONE,0.000000,4.406518,4.793481
14.848,FOLLOW_LANE,camera lane following,157.500,-0.015625,0.750000,0,,NONE,0.000000,4.497133,4.702866
14.880,FOLLOW_LANE,camera lane following,159.000,-0.006250,0.750000,0,,NONE,0.000000,4.572129,4.627870
14.912,FOLLOW_LANE,camera lane following,160.000,0.000000,0.750000,0,,NONE,0.000000,4.614317,4.585683
14.944,FOLLOW_LANE,camera lane following,160.500,0.003125,0.750000,0,,NONE,0.000000,4.598692,4.601308
14.976,FOLLOW_LANE,camera lane following,160.500,0.003125,0.750000,0,,NONE,0.000000,4.598692,4.601308
15.008,FOLLOW_LANE,camera lane following,162.000,0.012500,0.750000,0,,NONE,0.000000,4.729950,4.470050
15.040,FOLLOW_LANE,camera lane following,164.000,0.025000,0.750000,0,,NONE,0.000000,4.829966,4.370034
15.072,FOLLOW_LANE,camera lane following,165.500,0.034375,0.750000,0,,NONE,0.000000,4.897175,4.302824
15.104,FOLLOW_LANE,camera lane following,149.000,-0.068750,0.750000,0,,NONE,0.000000,3.790881,5.409118
15.136,FOLLOW_LANE,camera lane following,137.000,-0.143750,0.750000,0,,NONE,0.000000,3.261102,5.938898
15.168,FOLLOW_LANE,camera lane following,140.000,-0.125000,0.750000,0,,NONE,0.000000,3.645397,5.554603
15.200,FOLLOW_LANE,camera lane following,138.000,-0.137500,0.750000,0,,NONE,0.000000,3.467184,5.732816
15.232,FOLLOW_LANE,camera lane following,162.500,0.015625,0.750000,0,,NONE,0.000000,5.106256,4.093743
15.264,FOLLOW_LANE,camera lane following,157.500,-0.015625,0.750000,0,,NONE,0.000000,4.395309,4.804691
15.296,FOLLOW_LANE,camera lane following,156.000,-0.025000,0.750000,0,,NONE,0.000000,4.374980,4.825019
15.328,FOLLOW_LANE,camera lane following,155.000,-0.031250,0.750000,0,,NONE,0.000000,4.332773,4.867227
15.360,FOLLOW_LANE,camera lane following,156.500,-0.021875,0.750000,0,,NONE,0.000000,4.446821,4.753178
15.392,FOLLOW_LANE,camera lane following,156.500,-0.021875,0.750000,0,,NONE,0.000000,4.423370,4.776630
15.424,FOLLOW_LANE,camera lane following,153.000,-0.043750,0.750000,0,,NONE,0.000000,4.193655,5.006345
15.456,FOLLOW_LANE,camera lane following,152.000,-0.050000,0.750000,0,,NONE,0.000000,4.182685,5.017315
15.488,FOLLOW_LANE,camera lane following,152.500,-0.046875,0.750000,0,,NONE,0.000000,4.231092,4.968907
15.520,FOLLOW_LANE,camera lane following,153.000,-0.043750,0.750000,0,,NONE,0.000000,4.256064,4.943935
15.552,FOLLOW_LANE,camera lane following,153.000,-0.043750,0.750000,0,,NONE,0.000000,4.248224,4.951776
15.584,FOLLOW_LANE,camera lane following,154.000,-0.037500,0.750000,0,,NONE,0.000000,4.313825,4.886175
15.616,FOLLOW_LANE,camera lane following,154.500,-0.034375,0.750000,0,,NONE,0.000000,4.330990,4.869009
15.648,FOLLOW_LANE,camera lane following,155.000,-0.031250,0.750000,0,,NONE,0.000000,4.355970,4.844029
15.680,FOLLOW_LANE,camera lane following,156.000,-0.025000,0.750000,0,,NONE,0.000000,4.413767,4.786233
15.712,FOLLOW_LANE,camera lane following,156.500,-0.021875,0.750000,0,,NONE,0.000000,4.430940,4.769060
15.744,FOLLOW_LANE,camera lane following,157.500,-0.015625,0.750000,0,,NONE,0.000000,4.488743,4.711257
15.776,FOLLOW_LANE,camera lane following,158.000,-0.012500,0.750000,0,,NONE,0.000000,4.505922,4.694077
15.808,FOLLOW_LANE,camera lane following,159.000,-0.006250,0.750000,0,,NONE,0.000000,4.563731,4.636269
15.840,FOLLOW_LANE,camera lane following,161.000,0.006250,0.750000,0,,NONE,0.000000,4.679360,4.520640
15.872,FOLLOW_LANE,camera lane following,162.500,0.015625,0.750000,0,,NONE,0.000000,4.746557,4.453442
15.904,FOLLOW_LANE,camera lane following,165.000,0.031250,0.750000,0,,NONE,0.000000,4.887202,4.312797
15.936,FOLLOW_LANE,camera lane following,161.000,0.006250,0.750000,0,,NONE,0.000000,4.585644,4.614356
15.968,FOLLOW_LANE,camera lane following,138.500,-0.134375,0.750000,0,,NONE,0.000000,3.171495,6.028504
16.000,FOLLOW_LANE,camera lane following,137.500,-0.140625,0.750000,0,,NONE,0.000000,3.457343,5.742657
16.032,FOLLOW_LANE,camera lane following,138.250,-0.135937,0.750000,0,,NONE,0.000000,3.522100,5.677900
16.064,FOLLOW_LANE,camera lane following,156.000,-0.025000,0.750000,0,,NONE,0.000000,4.675209,4.524791
16.096,FOLLOW_LANE,camera lane following,154.000,-0.037500,0.750000,0,,NONE,0.000000,4.266591,4.933409
16.128,FOLLOW_LANE,camera lane following,153.000,-0.043750,0.750000,0,,NONE,0.000000,4.232188,4.967812
16.160,FOLLOW_LANE,camera lane following,152.500,-0.046875,0.750000,0,,NONE,0.000000,4.214970,4.985029
16.192,FOLLOW_LANE,camera lane following,154.000,-0.037500,0.750000,0,,NONE,0.000000,4.321196,4.878804
16.224,FOLLOW_LANE,camera lane following,154.500,-0.034375,0.750000,0,,NONE,0.000000,4.330550,4.869450
16.256,FOLLOW_LANE,camera lane following,153.500,-0.040625,0.750000,0,,NONE,0.000000,4.257086,4.942914
16.288,FOLLOW_LANE,camera lane following,152.000,-0.050000,0.750000,0,,NONE,0.000000,4.174241,5.025758
16.320,FOLLOW_LANE,camera lane following,152.500,-0.046875,0.750000,0,,NONE,0.000000,4.230461,4.969538
16.352,FOLLOW_LANE,camera lane following,153.000,-0.043750,0.750000,0,,NONE,0.000000,4.255433,4.944566
16.384,FOLLOW_LANE,camera lane following,153.000,-0.043750,0.750000,0,,NONE,0.000000,4.247593,4.952407
16.416,FOLLOW_LANE,camera lane following,154.000,-0.037500,0.750000,0,,NONE,0.000000,4.313194,4.886806
16.448,FOLLOW_LANE,camera lane following,154.000,-0.037500,0.750000,0,,NONE,0.000000,4.297545,4.902455
16.480,FOLLOW_LANE,camera lane following,155.500,-0.028125,0.750000,0,,NONE,0.000000,4.395964,4.804035
16.512,FOLLOW_LANE,camera lane following,156.750,-0.020313,0.750000,0,,NONE,0.000000,4.454545,4.745455
16.544,FOLLOW_LANE,camera lane following,157.000,-0.018750,0.750000,0,,NONE,0.000000,4.451408,4.748592
16.576,FOLLOW_LANE,camera lane following,157.500,-0.015625,0.750000,0,,NONE,0.000000,4.480304,4.719695
16.608,FOLLOW_LANE,camera lane following,158.500,-0.009375,0.750000,0,,NONE,0.000000,4.538111,4.661889
16.640,FOLLOW_LANE,camera lane following,159.000,-0.006250,0.750000,0,,NONE,0.000000,4.555294,4.644705
16.672,FOLLOW_LANE,camera lane following,160.500,0.003125,0.750000,0,,NONE,0.000000,4.613107,4.586893
16.704,FOLLOW_LANE,camera lane following,163.000,0.018750,0.750000,0,,NONE,0.000000,4.794369,4.405631
16.736,FOLLOW_LANE,camera lane following,164.500,0.028125,0.750000,0,,NONE,0.000000,4.845949,4.354050
16.768,FOLLOW_LANE,camera lane following,165.000,0.031250,0.750000,0,,NONE,0.000000,4.855344,4.344656
16.800,FOLLOW_LANE,camera lane following,142.000,-0.112500,0.750000,0,,NONE,0.000000,3.338085,5.861915
16.832,FOLLOW_LANE,camera lane following,137.000,-0.143750,0.750000,0,,NONE,0.000000,3.369243,5.830757
16.864,FOLLOW_LANE,camera lane following,137.500,-0.140625,0.750000,0,,NONE,0.000000,3.480090,5.719909
16.896,FOLLOW_LANE,camera lane following,154.000,-0.037500,0.750000,0,,NONE,0.000000,4.555066,4.644933
16.928,FOLLOW_LANE,camera lane following,152.000,-0.050000,0.750000,0,,NONE,0.000000,4.165972,5.034028
16.960,FOLLOW_LANE,camera lane following,152.000,-0.050000,0.750000,0,,NONE,0.000000,4.197190,5.002810
16.992,FOLLOW_LANE,camera lane following,151.500,-0.053125,0.750000,0,,NONE,0.000000,4.164343,5.035656
17.024,FOLLOW_LANE,camera lane following,153.000,-0.043750,0.750000,0,,NONE,0.000000,4.270566,4.929434
17.056,FOLLOW_LANE,camera lane following,154.000,-0.037500,0.750000,0,,NONE,0.000000,4.312729,4.887271
17.088,FOLLOW_LANE,camera lane following,153.500,-0.040625,0.750000,0,,NONE,0.000000,4.264265,4.935734
17.120,FOLLOW_LANE,camera lane following,152.000,-0.050000,0.750000,0,,NONE,0.000000,4.173608,5.026391
17.152,FOLLOW_LANE,camera lane following,153.000,-0.043750,0.750000,0,,NONE,0.000000,4.262643,4.937357
17.184,FOLLOW_LANE,camera lane following,153.500,-0.040625,0.750000,0,,NONE,0.000000,4.279805,4.920195
17.216,FOLLOW_LANE,camera lane following,153.500,-0.040625,0.750000,0,,NONE,0.000000,4.271966,4.928034
17.248,FOLLOW_LANE,camera lane following,154.000,-0.037500,0.750000,0,,NONE,0.000000,4.304754,4.895245
17.280,FOLLOW_LANE,camera lane following,155.000,-0.031250,0.750000,0,,NONE,0.000000,4.362547,4.837453
17.312,FOLLOW_LANE,camera lane following,155.500,-0.028125,0.750000,0,,NONE,0.000000,4.379716,4.820283
17.344,FOLLOW_LANE,camera lane following,156.000,-0.025000,0.750000,0,,NONE,0.000000,4.404700,4.795299
17.376,FOLLOW_LANE,camera lane following,157.000,-0.018750,0.750000,0,,NONE,0.000000,4.462501,4.737499
17.408,FOLLOW_LANE,camera lane following,157.500,-0.015625,0.750000,0,,NONE,0.000000,4.479678,4.720321
17.440,FOLLOW_LANE,camera lane following,158.000,-0.012500,0.750000,0,,NONE,0.000000,4.504670,4.695329
17.472,FOLLOW_LANE,camera lane following,159.500,-0.003125,0.750000,0,,NONE,0.000000,4.628108,4.571892
17.504,FOLLOW_LANE,camera lane following,161.000,0.006250,0.750000,0,,NONE,0.000000,4.662487,4.537513
17.536,FOLLOW_LANE,camera lane following,163.000,0.018750,0.750000,0,,NONE,0.000000,4.778124,4.421876
17.568,FOLLOW_LANE,camera lane following,164.500,0.028125,0.750000,0,,NONE,0.000000,4.845330,4.354670
17.600,FOLLOW_LANE,camera lane following,166.000,0.037500,0.750000,0,,NONE,0.000000,4.920354,4.279646
17.632,FOLLOW_LANE,camera lane following,145.250,-0.092188,0.750000,0,,NONE,0.000000,3.535138,5.664862
17.664,FOLLOW_LANE,camera lane following,137.750,-0.139063,0.750000,0,,NONE,0.000000,3.367080,5.832919
17.696,FOLLOW_LANE,camera lane following,138.250,-0.135937,0.750000,0,,NONE,0.000000,3.516993,5.683006
17.728,FOLLOW_LANE,camera lane following,151.500,-0.053125,0.750000,0,,NONE,0.000000,4.378678,4.821322
17.760,FOLLOW_LANE,camera lane following,152.000,-0.050000,0.750000,0,,NONE,0.000000,4.204427,4.995572
17.792,FOLLOW_LANE,camera lane following,151.500,-0.053125,0.750000,0,,NONE,0.000000,4.163768,5.036231
17.824,FOLLOW_LANE,camera lane following,152.000,-0.050000,0.750000,0,,NONE,0.000000,4.204361,4.995639
17.856,FOLLOW_LANE,camera lane following,153.000,-0.043750,0.750000,0,,NONE,0.000000,4.262146,4.937854
17.888,FOLLOW_LANE,camera lane following,154.000,-0.037500,0.750000,0,,NONE,0.000000,4.312122,4.887878
17.920,FOLLOW_LANE,camera lane following,154.000,-0.037500,0.750000,0,,NONE,0.000000,4.296473,4.903527
17.952,FOLLOW_LANE,camera lane following,152.500,-0.046875,0.750000,0,,NONE,0.000000,4.198005,5.001994
17.984,FOLLOW_LANE,camera lane following,153.500,-0.040625,0.750000,0,,NONE,0.000000,4.287042,4.912958
18.016,FOLLOW_LANE,camera lane following,154.000,-0.037500,0.750000,0,,NONE,0.000000,4.304205,4.895795
18.048,FOLLOW_LANE,camera lane following,154.500,-0.034375,0.750000,0,,NONE,0.000000,4.329183,4.870817
18.080,FOLLOW_LANE,camera lane following,154.500,-0.034375,0.750000,0,,NONE,0.000000,4.321349,4.878651
18.112,FOLLOW_LANE,camera lane following,155.500,-0.028125,0.750000,0,,NONE,0.000000,4.386956,4.813044
18.144,FOLLOW_LANE,camera lane following,156.000,-0.025000,0.750000,0,,NONE,0.000000,4.404127,4.795872
18.176,FOLLOW_LANE,camera lane following,156.500,-0.021875,0.750000,0,,NONE,0.000000,4.429113,4.770886
18.208,FOLLOW_LANE,camera lane following,157.000,-0.018750,0.750000,0,,NONE,0.000000,4.454101,4.745899
18.240,FOLLOW_LANE,camera lane following,158.000,-0.012500,0.750000,0,,NONE,0.000000,4.511906,4.688094
18.272,FOLLOW_LANE,camera lane following,158.000,-0.012500,0.750000,0,,NONE,0.000000,4.496273,4.703727
18.304,FOLLOW_LANE,camera lane following,159.000,-0.006250,0.750000,0,,NONE,0.000000,4.561894,4.638106
18.336,FOLLOW_LANE,camera lane following,161.000,0.006250,0.750000,0,,NONE,0.000000,4.677523,4.522477
18.368,FOLLOW_LANE,camera lane following,162.000,0.012500,0.750000,0,,NONE,0.000000,4.711906,4.488094
18.400,FOLLOW_LANE,camera lane following,164.000,0.025000,0.750000,0,,NONE,0.000000,4.827547,4.372453
18.432,FOLLOW_LANE,camera lane following,166.250,0.039062,0.750000,0,,NONE,0.000000,4.943978,4.256022
18.464,FOLLOW_LANE,camera lane following,159.500,-0.003125,0.750000,0,,NONE,0.000000,4.498666,4.701334
18.496,FOLLOW_LANE,camera lane following,136.750,-0.145313,0.750000,0,,NONE,0.000000,3.070448,6.129552
18.528,FOLLOW_LANE,camera lane following,137.750,-0.139063,0.750000,0,,NONE,0.000000,3.499265,5.700735
18.560,FOLLOW_LANE,camera lane following,129.500,-0.190625,0.750000,0,,NONE,0.000000,2.942112,6.257888
18.592,FOLLOW_LANE,camera lane following,152.000,-0.050000,0.750000,0,,NONE,0.000000,4.547548,4.652451
18.624,FOLLOW_LANE,camera lane following,150.500,-0.059375,0.750000,0,,NONE,0.000000,4.097510,5.102489
18.656,FOLLOW_LANE,camera lane following,151.500,-0.053125,0.750000,0,,NONE,0.000000,4.186539,5.013461
18.688,FOLLOW_LANE,camera lane following,151.000,-0.056250,0.750000,0,,NONE,0.000000,4.138065,5.061934
18.720,FOLLOW_LANE,camera lane following,153.000,-0.043750,0.750000,0,,NONE,0.000000,4.277100,4.922900
18.752,FOLLOW_LANE,camera lane following,154.000,-0.037500,0.750000,0,,NONE,0.000000,4.311451,4.888549
18.784,FOLLOW_LANE,camera lane following,152.500,-0.046875,0.750000,0,,NONE,0.000000,4.197358,5.002641
18.816,FOLLOW_LANE,camera lane following,153.000,-0.043750,0.750000,0,,NONE,0.000000,4.253580,4.946419
18.848,FOLLOW_LANE,camera lane following,153.000,-0.043750,0.750000,0,,NONE,0.000000,4.245740,4.954260
18.880,FOLLOW_LANE,camera lane following,153.500,-0.040625,0.750000,0,,NONE,0.000000,4.278526,4.921473
18.912,FOLLOW_LANE,camera lane following,154.000,-0.037500,0.750000,0,,NONE,0.000000,4.303502,4.896497
18.944,FOLLOW_LANE,camera lane following,154.500,-0.034375,0.750000,0,,NONE,0.000000,4.328480,4.871519
18.976,FOLLOW_LANE,camera lane following,155.000,-0.031250,0.750000,0,,NONE,0.000000,4.353460,4.846539
19.008,FOLLOW_LANE,camera lane following,155.500,-0.028125,0.750000,0,,NONE,0.000000,4.378442,4.821557
19.040,FOLLOW_LANE,camera lane following,156.000,-0.025000,0.750000,0,,NONE,0.000000,4.403426,4.796574
19.072,FOLLOW_LANE,camera lane following,157.500,-0.015625,0.750000,0,,NONE,0.000000,4.494041,4.705958
19.104,FOLLOW_LANE,camera lane following,158.000,-0.012500,0.750000,0,,NONE,0.000000,4.503408,4.696591
19.136,FOLLOW_LANE,camera lane following,159.000,-0.006250,0.750000,0,,NONE,0.000000,4.561217,4.638783
19.168,FOLLOW_LANE,camera lane following,160.000,0.000000,0.750000,0,,NONE,0.000000,4.611217,4.588783
19.200,FOLLOW_LANE,camera lane following,162.500,0.015625,0.750000,0,,NONE,0.000000,4.759664,4.440335
19.232,FOLLOW_LANE,camera lane following,164.500,0.028125,0.750000,0,,NONE,0.000000,4.851870,4.348130
19.264,FOLLOW_LANE,camera lane following,164.500,0.028125,0.750000,0,,NONE,0.000000,4.820638,4.379362
19.296,FOLLOW_LANE,camera lane following,142.000,-0.112500,0.750000,0,,NONE,0.000000,3.344003,5.855996
19.328,FOLLOW_LANE,camera lane following,136.500,-0.146875,0.750000,0,,NONE,0.000000,3.334534,5.865465
19.360,FOLLOW_LANE,camera lane following,138.000,-0.137500,0.750000,0,,NONE,0.000000,3.518821,5.681178
19.392,FOLLOW_LANE,camera lane following,148.000,-0.075000,0.750000,0,,NONE,0.000000,4.151586,5.048414
19.424,FOLLOW_LANE,camera lane following,156.500,-0.021875,0.750000,0,,NONE,0.000000,4.553134,4.646865
19.456,FOLLOW_LANE,camera lane following,154.500,-0.034375,0.750000,0,,NONE,0.000000,4.289050,4.910950
19.488,FOLLOW_LANE,camera lane following,153.500,-0.040625,0.750000,0,,NONE,0.000000,4.254649,4.945351
19.520,FOLLOW_LANE,camera lane following,154.500,-0.034375,0.750000,0,,NONE,0.000000,4.335877,4.864123
19.552,FOLLOW_LANE,camera lane following,156.000,-0.025000,0.750000,0,,NONE,0.000000,4.418673,4.781326
19.584,FOLLOW_LANE,camera lane following,155.500,-0.028125,0.750000,0,,NONE,0.000000,4.362405,4.837594
19.616,FOLLOW_LANE,camera lane following,152.000,-0.050000,0.750000,0,,NONE,0.000000,4.140498,5.059501
19.648,FOLLOW_LANE,camera lane following,152.000,-0.050000,0.750000,0,,NONE,0.000000,4.195154,5.004846
19.680,FOLLOW_LANE,camera lane following,152.500,-0.046875,0.750000,0,,NONE,0.000000,4.227936,4.972063
19.712,FOLLOW_LANE,camera lane following,153.000,-0.043750,0.750000,0,,NONE,0.000000,4.252908,4.947091
19.744,FOLLOW_LANE,camera lane following,153.000,-0.043750,0.750000,0,,NONE,0.000000,4.245068,4.954932
19.776,FOLLOW_LANE,camera lane following,154.500,-0.034375,0.750000,0,,NONE,0.000000,4.343483,4.856516
19.808,FOLLOW_LANE,camera lane following,155.000,-0.031250,0.750000,0,,NONE,0.000000,4.352838,4.847161
19.840,FOLLOW_LANE,camera lane following,155.500,-0.028125,0.750000,0,,NONE,0.000000,4.377820,4.822179
19.872,FOLLOW_LANE,camera lane following,156.500,-0.021875,0.750000,0,,NONE,0.000000,4.435619,4.764381
19.904,FOLLOW_LANE,camera lane following,158.000,-0.012500,0.750000,0,,NONE,0.000000,4.518423,4.681576
19.936,FOLLOW_LANE,camera lane following,159.000,-0.006250,0.750000,0,,NONE,0.000000,4.560607,4.639393
19.968,FOLLOW_LANE,camera lane following,159.500,-0.003125,0.750000,0,,NONE,0.000000,4.610607,4.589393
20.000,FOLLOW_LANE,camera lane following,161.000,0.006250,0.750000,0,,NONE,0.000000,4.660611,4.539389
20.032,FOLLOW_LANE,camera lane following,162.500,0.015625,0.750000,0,,NONE,0.000000,4.743434,4.456566
20.064,FOLLOW_LANE,camera lane following,164.000,0.025000,0.750000,0,,NONE,0.000000,4.818449,4.381550
20.096,FOLLOW_LANE,camera lane following,151.000,-0.056250,0.750000,0,,NONE,0.000000,3.941851,5.258149
20.128,FOLLOW_LANE,camera lane following,136.000,-0.150000,0.750000,0,,NONE,0.000000,3.160505,6.039495
20.160,FOLLOW_LANE,camera lane following,137.000,-0.143750,0.750000,0,,NONE,0.000000,3.460413,5.739587
20.192,FOLLOW_LANE,camera lane following,137.000,-0.143750,0.750000,0,,NONE,0.000000,3.444696,5.755304
20.224,FOLLOW_LANE,camera lane following,142.500,-0.109375,0.750000,0,,NONE,0.000000,3.805563,5.394436
20.256,FOLLOW_LANE,camera lane following,138.500,-0.134375,0.750000,0,,NONE,0.000000,3.457040,5.742960
20.288,FOLLOW_LANE,camera lane following,139.500,-0.128125,0.750000,0,,NONE,0.000000,3.585083,5.614917
20.320,FOLLOW_LANE,camera lane following,142.750,-0.107813,0.750000,0,,NONE,0.000000,3.782670,5.417330
20.352,FOLLOW_LANE,camera lane following,146.500,-0.084375,0.750000,0,,NONE,0.000000,3.977929,5.222071
20.384,FOLLOW_LANE,camera lane following,148.500,-0.071875,0.750000,0,,NONE,0.000000,4.050539,5.149461
20.416,FOLLOW_LANE,camera lane following,152.000,-0.050000,0.750000,0,,NONE,0.000000,4.248944,4.951055
20.448,FOLLOW_LANE,camera lane following,152.000,-0.050000,0.750000,0,,NONE,0.000000,4.194225,5.005775
20.480,FOLLOW_LANE,camera lane following,152.500,-0.046875,0.750000,0,,NONE,0.000000,4.227008,4.972992
20.512,FOLLOW_LANE,camera lane following,154.000,-0.037500,0.750000,0,,NONE,0.000000,4.317608,4.882391
20.544,FOLLOW_LANE,camera lane following,155.250,-0.029687,0.750000,0,,NONE,0.000000,4.376183,4.823817
20.576,FOLLOW_LANE,camera lane following,155.500,-0.028125,0.750000,0,,NONE,0.000000,4.373040,4.826960
20.608,FOLLOW_LANE,camera lane following,156.250,-0.023438,0.750000,0,,NONE,0.000000,4.418338,4.781662
20.640,FOLLOW_LANE,camera lane following,156.500,-0.021875,0.750000,0,,NONE,0.000000,4.423011,4.776989
20.672,FOLLOW_LANE,camera lane following,156.500,-0.021875,0.750000,0,,NONE,0.000000,4.419091,4.780909
20.704,FOLLOW_LANE,camera lane following,157.000,-0.018750,0.750000,0,,NONE,0.000000,4.451891,4.748108
20.736,FOLLOW_LANE,camera lane following,151.500,-0.053125,0.750000,0,,NONE,0.000000,4.083107,5.116892
20.768,FOLLOW_LANE,camera lane following,153.000,-0.043750,0.750000,0,,NONE,0.000000,4.267454,4.932545
20.800,FOLLOW_LANE,camera lane following,139.750,-0.126562,0.750000,0,,NONE,0.000000,3.374405,5.825595
20.832,FOLLOW_LANE,camera lane following,139.000,-0.131250,0.750000,0,,NONE,0.000000,3.532133,5.667867
20.864,FOLLOW_LANE,camera lane following,140.500,-0.121875,0.750000,0,,NONE,0.000000,3.642211,5.557788
20.896,FOLLOW_LANE,camera lane following,141.000,-0.118750,0.750000,0,,NONE,0.000000,3.651510,5.548489
20.928,FOLLOW_LANE,camera lane following,143.500,-0.103125,0.750000,0,,NONE,0.000000,3.807694,5.392305
20.960,FOLLOW_LANE,camera lane following,138.500,-0.134375,0.750000,0,,NONE,0.000000,3.440421,5.759579
20.992,FOLLOW_LANE,camera lane following,142.000,-0.112500,0.750000,0,,NONE,0.000000,3.748161,5.451839
21.024,FOLLOW_LANE,camera lane following,118.500,-0.259375,0.791903,0,,NONE,0.000000,2.151120,6.280000
21.056,FOLLOW_LANE,camera lane following,112.000,-0.300000,0.887784,0,,NONE,0.000000,2.091553,6.280000
21.088,FOLLOW_LANE,camera lane following,113.000,-0.293750,0.887784,0,,NONE,0.000000,2.258553,6.280000
21.120,FOLLOW_LANE,camera lane following,111.000,-0.306250,0.880682,0,,NONE,0.000000,2.111482,6.280000
21.152,FOLLOW_LANE,camera lane following,111.250,-0.304688,0.893111,0,,NONE,0.000000,2.158943,6.280000
21.184,FOLLOW_LANE,camera lane following,114.750,-0.282813,0.914418,0,,NONE,0.000000,2.384543,6.280000
21.216,FOLLOW_LANE,camera lane following,117.000,-0.268750,0.916193,0,,NONE,0.000000,2.477340,6.280000
21.248,FOLLOW_LANE,camera lane following,119.000,-0.256250,0.880682,0,,NONE,0.000000,2.573270,6.280000
21.280,FOLLOW_LANE,camera lane following,124.000,-0.225000,0.845170,0,,NONE,0.000000,2.870001,6.280000
21.312,FOLLOW_LANE,camera lane following,143.500,-0.103125,0.750000,0,,NONE,0.000000,4.071497,5.128502
21.344,FOLLOW_LANE,camera lane following,147.000,-0.081250,0.750000,0,,NONE,0.000000,3.996445,5.203554
21.376,FOLLOW_LANE,camera lane following,149.000,-0.068750,0.750000,0,,NONE,0.000000,4.072964,5.127036
21.408,FOLLOW_LANE,camera lane following,151.000,-0.056250,0.750000,0,,NONE,0.000000,4.172928,5.027072
21.440,FOLLOW_LANE,camera lane following,153.500,-0.040625,0.750000,0,,NONE,0.000000,4.305714,4.894285
21.472,FOLLOW_LANE,camera lane following,155.000,-0.031250,0.750000,0,,NONE,0.000000,4.365069,4.834930
21.504,FOLLOW_LANE,camera lane following,156.000,-0.025000,0.750000,0,,NONE,0.000000,4.407241,4.792759
21.536,FOLLOW_LANE,camera lane following,157.000,-0.018750,0.750000,0,,NONE,0.000000,4.457229,4.742771
21.568,FOLLOW_LANE,camera lane following,158.000,-0.012500,0.750000,0,,NONE,0.000000,4.507221,4.692779
21.600,FOLLOW_LANE,camera lane following,158.500,-0.009375,0.750000,0,,NONE,0.000000,4.524402,4.675597
21.632,FOLLOW_LANE,camera lane following,158.500,-0.009375,0.750000,0,,NONE,0.000000,4.516584,4.683416
21.664,FOLLOW_LANE,camera lane following,159.000,-0.006250,0.750000,0,,NONE,0.000000,4.549392,4.650607
21.696,FOLLOW_LANE,camera lane following,159.000,-0.006250,0.750000,0,,NONE,0.000000,4.541576,4.658424
21.728,FOLLOW_LANE,camera lane following,159.500,-0.003125,0.750000,0,,NONE,0.000000,4.607201,4.592799
21.760,FOLLOW_LANE,camera lane following,160.000,0.000000,0.750000,0,,NONE,0.000000,4.591576,4.608424
21.792,FOLLOW_LANE,camera lane following,160.000,0.000000,0.750000,0,,NONE,0.000000,4.591576,4.608424
21.824,FOLLOW_LANE,camera lane following,160.000,0.000000,0.750000,0,,NONE,0.000000,4.591576,4.608424
21.856,FOLLOW_LANE,camera lane following,160.500,0.003125,0.750000,0,,NONE,0.000000,4.591576,4.608424
21.888,FOLLOW_LANE,camera lane following,160.500,0.003125,0.750000,0,,NONE,0.000000,4.591576,4.608424
21.920,FOLLOW_LANE,camera lane following,161.000,0.006250,0.750000,0,,NONE,0.000000,4.657205,4.542795
21.952,FOLLOW_LANE,camera lane following,161.500,0.009375,0.750000,0,,NONE,0.000000,4.674398,4.525601
21.984,FOLLOW_LANE,camera lane following,162.000,0.012500,0.750000,0,,NONE,0.000000,4.699406,4.500593
22.016,FOLLOW_LANE,camera lane following,163.000,0.018750,0.750000,0,,NONE,0.000000,4.757231,4.442769
22.048,FOLLOW_LANE,camera lane following,164.500,0.028125,0.750000,0,,NONE,0.000000,4.840062,4.359938
22.080,FOLLOW_LANE,camera lane following,165.500,0.034375,0.750000,0,,NONE,0.000000,4.882271,4.317729
22.112,FOLLOW_LANE,camera lane following,165.500,0.034375,0.750000,0,,NONE,0.000000,4.866668,4.333332
22.144,FOLLOW_LANE,camera lane following,165.500,0.034375,0.750000,0,,NONE,0.000000,4.866690,4.333310
22.176,FOLLOW_LANE,camera lane following,166.000,0.037500,0.750000,0,,NONE,0.000000,4.899526,4.300473
22.208,FOLLOW_LANE,camera lane following,166.500,0.040625,0.750000,0,,NONE,0.000000,4.924552,4.275447
22.240,FOLLOW_LANE,camera lane following,166.500,0.040625,0.750000,0,,NONE,0.000000,4.916766,4.283234
22.272,FOLLOW_LANE,camera lane following,166.500,0.040625,0.750000,0,,NONE,0.000000,4.916792,4.283208
22.304,FOLLOW_LANE,camera lane following,166.500,0.040625,0.750000,0,,NONE,0.000000,4.916818,4.283182
22.336,FOLLOW_LANE,camera lane following,166.500,0.040625,0.750000,0,,NONE,0.000000,4.916844,4.283156
22.368,FOLLOW_LANE,camera lane following,166.000,0.037500,0.750000,0,,NONE,0.000000,4.884055,4.315944
22.400,FOLLOW_LANE,camera lane following,166.000,0.037500,0.750000,0,,NONE,0.000000,4.891892,4.308108
22.432,FOLLOW_LANE,camera lane following,166.000,0.037500,0.750000,0,,NONE,0.000000,4.891916,4.308084
22.464,FOLLOW_LANE,camera lane following,166.000,0.037500,0.750000,0,,NONE,0.000000,4.891940,4.308060
22.496,FOLLOW_LANE,camera lane following,165.500,0.034375,0.750000,0,,NONE,0.000000,4.859150,4.340850
22.528,FOLLOW_LANE,camera lane following,165.500,0.034375,0.750000,0,,NONE,0.000000,4.866984,4.333016
22.560,FOLLOW_LANE,camera lane following,165.500,0.034375,0.750000,0,,NONE,0.000000,4.867006,4.332994
22.592,FOLLOW_LANE,camera lane following,165.000,0.031250,0.750000,0,,NONE,0.000000,4.834213,4.365786
22.624,FOLLOW_LANE,camera lane following,165.000,0.031250,0.750000,0,,NONE,0.000000,4.842046,4.357954
22.656,FOLLOW_LANE,camera lane following,165.000,0.031250,0.750000,0,,NONE,0.000000,4.842066,4.357934
22.688,FOLLOW_LANE,camera lane following,165.000,0.031250,0.750000,0,,NONE,0.000000,4.842086,4.357914
22.720,FOLLOW_LANE,camera lane following,164.500,0.028125,0.750000,0,,NONE,0.000000,4.809291,4.390708
22.752,FOLLOW_LANE,camera lane following,164.000,0.025000,0.750000,0,,NONE,0.000000,4.784307,4.415692
22.784,FOLLOW_LANE,camera lane following,163.500,0.021875,0.750000,0,,NONE,0.000000,4.759321,4.440678
22.816,FOLLOW_LANE,camera lane following,162.500,0.015625,0.750000,0,,NONE,0.000000,4.701519,4.498481
22.848,FOLLOW_LANE,camera lane following,161.500,0.009375,0.750000,0,,NONE,0.000000,4.651525,4.548475
22.880,FOLLOW_LANE,camera lane following,161.500,0.009375,0.750000,0,,NONE,0.000000,4.667156,4.532844
22.912,FOLLOW_LANE,camera lane following,161.000,0.006250,0.750000,0,,NONE,0.000000,4.634347,4.565652
22.944,FOLLOW_LANE,camera lane following,160.500,0.003125,0.750000,0,,NONE,0.000000,4.576535,4.623465
22.976,FOLLOW_LANE,camera lane following,160.500,0.003125,0.750000,0,,NONE,0.000000,4.592160,4.607840
23.008,FOLLOW_LANE,camera lane following,160.500,0.003125,0.750000,0,,NONE,0.000000,4.592160,4.607840
23.040,FOLLOW_LANE,camera lane following,160.000,0.000000,0.750000,0,,NONE,0.000000,4.592160,4.607840
23.072,FOLLOW_LANE,camera lane following,160.000,0.000000,0.750000,0,,NONE,0.000000,4.592160,4.607840
23.104,FOLLOW_LANE,camera lane following,159.000,-0.006250,0.750000,0,,NONE,0.000000,4.526531,4.673469
23.136,FOLLOW_LANE,camera lane following,159.000,-0.006250,0.750000,0,,NONE,0.000000,4.542152,4.657848
23.168,FOLLOW_LANE,camera lane following,158.500,-0.009375,0.750000,0,,NONE,0.000000,4.509333,4.690666
23.200,FOLLOW_LANE,camera lane following,158.000,-0.012500,0.750000,0,,NONE,0.000000,4.484325,4.715674
23.232,FOLLOW_LANE,camera lane following,157.500,-0.015625,0.750000,0,,NONE,0.000000,4.459315,4.740684
23.264,FOLLOW_LANE,camera lane following,157.500,-0.015625,0.750000,0,,NONE,0.000000,4.467118,4.732882
23.296,FOLLOW_LANE,camera lane following,156.500,-0.021875,0.750000,0,,NONE,0.000000,4.401479,4.798521
23.328,FOLLOW_LANE,camera lane following,156.500,-0.021875,0.750000,0,,NONE,0.000000,4.417090,4.782910
23.360,FOLLOW_LANE,camera lane following,156.500,-0.021875,0.750000,0,,NONE,0.000000,4.417076,4.782924
23.392,FOLLOW_LANE,camera lane following,155.500,-0.028125,0.750000,0,,NONE,0.000000,4.351433,4.848567
23.424,FOLLOW_LANE,camera lane following,155.500,-0.028125,0.750000,0,,NONE,0.000000,4.367040,4.832960
23.456,FOLLOW_LANE,camera lane following,155.000,-0.031250,0.750000,0,,NONE,0.000000,4.334207,4.865792
23.488,FOLLOW_LANE,camera lane following,155.000,-0.031250,0.750000,0,,NONE,0.000000,4.342000,4.858000
23.520,FOLLOW_LANE,camera lane following,156.000,-0.025000,0.750000,0,,NONE,0.000000,4.407609,4.792391
23.552,FOLLOW_LANE,camera lane following,155.500,-0.028125,0.750000,0,,NONE,0.000000,4.359153,4.840846
23.584,FOLLOW_LANE,camera lane following,155.000,-0.031250,0.750000,0,,NONE,0.000000,4.334134,4.865866
23.616,FOLLOW_LANE,camera lane following,154.500,-0.034375,0.750000,0,,NONE,0.000000,4.309111,4.890888
23.648,FOLLOW_LANE,camera lane following,155.500,-0.028125,0.750000,0,,NONE,0.000000,4.382531,4.817469
23.680,FOLLOW_LANE,camera lane following,155.500,-0.028125,0.750000,0,,NONE,0.000000,4.366888,4.833112
23.712,FOLLOW_LANE,camera lane following,149.000,-0.068750,0.750000,0,,NONE,0.000000,3.940281,5.259718
23.744,FOLLOW_LANE,camera lane following,147.000,-0.081250,0.750000,0,,NONE,0.000000,3.910542,5.289458
23.776,FOLLOW_LANE,camera lane following,145.500,-0.090625,0.750000,0,,NONE,0.000000,3.843296,5.356704
23.808,FOLLOW_LANE,camera lane following,144.000,-0.100000,0.750000,0,,NONE,0.000000,3.768232,5.431767
23.840,FOLLOW_LANE,camera lane following,143.500,-0.103125,0.750000,0,,NONE,0.000000,3.758791,5.441208
23.872,FOLLOW_LANE,camera lane following,143.000,-0.106250,0.750000,0,,NONE,0.000000,3.733723,5.466276
23.904,FOLLOW_LANE,camera lane following,143.000,-0.106250,0.750000,0,,NONE,0.000000,3.741468,5.458532
23.936,FOLLOW_LANE,camera lane following,142.500,-0.109375,0.750000,0,,NONE,0.000000,3.708585,5.491414
23.968,FOLLOW_LANE,camera lane following,143.000,-0.106250,0.750000,0,,NONE,0.000000,3.749142,5.450857
24.000,FOLLOW_LANE,camera lane following,144.000,-0.100000,0.750000,0,,NONE,0.000000,3.806891,5.393109
24.032,FOLLOW_LANE,camera lane following,144.000,-0.100000,0.750000,0,,NONE,0.000000,3.791202,5.408798
24.064,FOLLOW_LANE,camera lane following,144.500,-0.096875,0.750000,0,,NONE,0.000000,3.823952,5.376047
24.096,FOLLOW_LANE,camera lane following,145.500,-0.090625,0.750000,0,,NONE,0.000000,3.881707,5.318293
24.128,FOLLOW_LANE,camera lane following,146.500,-0.084375,0.750000,0,,NONE,0.000000,3.931653,5.268347
24.160,FOLLOW_LANE,camera lane following,147.500,-0.078125,0.750000,0,,NONE,0.000000,3.981603,5.218397
24.192,FOLLOW_LANE,camera lane following,148.500,-0.071875,0.750000,0,,NONE,0.000000,4.031557,5.168443
24.224,FOLLOW_LANE,camera lane following,149.500,-0.065625,0.750000,0,,NONE,0.000000,4.081515,5.118485
24.256,FOLLOW_LANE,camera lane following,152.000,-0.050000,0.750000,0,,NONE,0.000000,4.229920,4.970079
24.288,FOLLOW_LANE,camera lane following,154.000,-0.037500,0.750000,0,,NONE,0.000000,4.322084,4.877916
24.320,FOLLOW_LANE,camera lane following,154.500,-0.034375,0.750000,0,,NONE,0.000000,4.323624,4.876375
24.352,FOLLOW_LANE,camera lane following,154.000,-0.037500,0.750000,0,,NONE,0.000000,4.282976,4.917024
24.384,FOLLOW_LANE,camera lane following,155.000,-0.031250,0.750000,0,,NONE,0.000000,4.356393,4.843607
24.416,FOLLOW_LANE,camera lane following,155.750,-0.026562,0.750000,0,,NONE,0.000000,4.389970,4.810030
24.448,FOLLOW_LANE,camera lane following,154.000,-0.037500,0.750000,0,,NONE,0.000000,4.263383,4.936617
24.480,FOLLOW_LANE,camera lane following,152.000,-0.050000,0.750000,0,,NONE,0.000000,4.159445,5.040555
24.512,FOLLOW_LANE,camera lane following,151.000,-0.056250,0.750000,0,,NONE,0.000000,4.125034,5.074966
24.544,FOLLOW_LANE,camera lane following,151.500,-0.053125,0.750000,0,,NONE,0.000000,4.173437,5.026562
24.576,FOLLOW_LANE,camera lane following,151.000,-0.056250,0.750000,0,,NONE,0.000000,4.132776,5.067223
24.608,FOLLOW_LANE,camera lane following,150.500,-0.059375,0.750000,0,,NONE,0.000000,4.107738,5.092261
24.640,FOLLOW_LANE,camera lane following,150.500,-0.059375,0.750000,0,,NONE,0.000000,4.115513,5.084487
24.672,FOLLOW_LANE,camera lane following,150.500,-0.059375,0.750000,0,,NONE,0.000000,4.115475,5.084525
24.704,FOLLOW_LANE,camera lane following,150.500,-0.059375,0.750000,0,,NONE,0.000000,4.115437,5.084563
24.736,FOLLOW_LANE,camera lane following,151.000,-0.056250,0.750000,0,,NONE,0.000000,4.148213,5.051786
24.768,FOLLOW_LANE,camera lane following,152.000,-0.050000,0.750000,0,,NONE,0.000000,4.205994,4.994006
24.800,FOLLOW_LANE,camera lane following,152.000,-0.050000,0.750000,0,,NONE,0.000000,4.190337,5.009663
24.832,FOLLOW_LANE,camera lane following,152.500,-0.046875,0.750000,0,,NONE,0.000000,4.223119,4.976881
24.864,FOLLOW_LANE,camera lane following,152.500,-0.046875,0.750000,0,,NONE,0.000000,4.215277,4.984723
24.896,FOLLOW_LANE,camera lane following,153.000,-0.043750,0.750000,0,,NONE,0.000000,4.248061,4.951938
24.928,FOLLOW_LANE,camera lane following,153.500,-0.040625,0.750000,0,,NONE,0.000000,4.273035,4.926964
24.960,FOLLOW_LANE,camera lane following,154.000,-0.037500,0.750000,0,,NONE,0.000000,4.298011,4.901988
24.992,FOLLOW_LANE,camera lane following,155.000,-0.031250,0.750000,0,,NONE,0.000000,4.355804,4.844196
25.024,FOLLOW_LANE,camera lane following,154.500,-0.034375,0.750000,0,,NONE,0.000000,4.307344,4.892656
25.056,FOLLOW_LANE,camera lane following,155.500,-0.028125,0.750000,0,,NONE,0.000000,4.380764,4.819236
25.088,FOLLOW_LANE,camera lane following,158.500,-0.009375,0.750000,0,,NONE,0.000000,4.562008,4.637992
25.120,FOLLOW_LANE,camera lane following,157.000,-0.018750,0.750000,0,,NONE,0.000000,4.416683,4.783316
25.152,FOLLOW_LANE,camera lane following,157.500,-0.015625,0.750000,0,,NONE,0.000000,4.472923,4.727076
25.184,FOLLOW_LANE,camera lane following,157.000,-0.018750,0.750000,0,,NONE,0.000000,4.432287,4.767713
25.216,FOLLOW_LANE,camera lane following,155.500,-0.028125,0.750000,0,,NONE,0.000000,4.341643,4.858356
25.248,FOLLOW_LANE,camera lane following,154.500,-0.034375,0.750000,0,,NONE,0.000000,4.299434,4.900566
25.280,FOLLOW_LANE,camera lane following,154.500,-0.034375,0.750000,0,,NONE,0.000000,4.315037,4.884963
25.312,FOLLOW_LANE,camera lane following,154.000,-0.037500,0.750000,0,,NONE,0.000000,4.282201,4.917799
25.344,FOLLOW_LANE,camera lane following,153.500,-0.040625,0.750000,0,,NONE,0.000000,4.257174,4.942825
25.376,FOLLOW_LANE,camera lane following,153.500,-0.040625,0.750000,0,,NONE,0.000000,4.264961,4.935039
25.408,FOLLOW_LANE,camera lane following,153.000,-0.043750,0.750000,0,,NONE,0.000000,4.232120,4.967879
25.440,FOLLOW_LANE,camera lane following,153.500,-0.040625,0.750000,0,,NONE,0.000000,4.272720,4.927280
25.472,FOLLOW_LANE,camera lane following,153.000,-0.043750,0.750000,0,,NONE,0.000000,4.232066,4.967934
25.504,FOLLOW_LANE,camera lane following,153.000,-0.043750,0.750000,0,,NONE,0.000000,4.239851,4.960149
25.536,FOLLOW_LANE,camera lane following,153.000,-0.043750,0.750000,0,,NONE,0.000000,4.239823,4.960177
25.568,FOLLOW_LANE,camera lane following,153.000,-0.043750,0.750000,0,,NONE,0.000000,4.239795,4.960205
25.600,FOLLOW_LANE,camera lane following,153.000,-0.043750,0.750000,0,,NONE,0.000000,4.239767,4.960233
25.632,FOLLOW_LANE,camera lane following,153.500,-0.040625,0.750000,0,,NONE,0.000000,4.272553,4.927446
25.664,FOLLOW_LANE,camera lane following,153.500,-0.040625,0.750000,0,,NONE,0.000000,4.264715,4.935285
25.696,FOLLOW_LANE,camera lane following,153.500,-0.040625,0.750000,0,,NONE,0.000000,4.264689,4.935311
25.728,FOLLOW_LANE,camera lane following,154.000,-0.037500,0.750000,0,,NONE,0.000000,4.297477,4.902522
25.760,FOLLOW_LANE,camera lane following,154.500,-0.034375,0.750000,0,,NONE,0.000000,4.322455,4.877544
25.792,FOLLOW_LANE,camera lane following,154.000,-0.037500,0.750000,0,,NONE,0.000000,4.281807,4.918193
25.824,FOLLOW_LANE,camera lane following,155.000,-0.031250,0.750000,0,,NONE,0.000000,4.355224,4.844776
25.856,FOLLOW_LANE,camera lane following,159.500,-0.003125,0.750000,0,,NONE,0.000000,4.667724,4.532276
25.888,FOLLOW_LANE,camera lane following,156.000,-0.025000,0.750000,0,,NONE,0.000000,4.327083,4.872917
25.920,FOLLOW_LANE,camera lane following,157.000,-0.018750,0.750000,0,,NONE,0.000000,4.455196,4.744804
25.952,FOLLOW_LANE,camera lane following,157.000,-0.018750,0.750000,0,,NONE,0.000000,4.439559,4.760441
25.984,FOLLOW_LANE,camera lane following,156.000,-0.025000,0.750000,0,,NONE,0.000000,4.373918,4.826082
26.016,FOLLOW_LANE,camera lane following,154.500,-0.034375,0.750000,0,,NONE,0.000000,4.291083,4.908917
26.048,FOLLOW_LANE,camera lane following,154.000,-0.037500,0.750000,0,,NONE,0.000000,4.281684,4.918315
26.080,FOLLOW_LANE,camera lane following,153.500,-0.040625,0.750000,0,,NONE,0.000000,4.256658,4.943341
26.112,FOLLOW_LANE,camera lane following,153.000,-0.043750,0.750000,0,,NONE,0.000000,4.231630,4.968369
26.144,FOLLOW_LANE,camera lane following,152.500,-0.046875,0.750000,0,,NONE,0.000000,4.206600,4.993399
26.176,FOLLOW_LANE,camera lane following,152.500,-0.046875,0.750000,0,,NONE,0.000000,4.214383,4.985617
26.208,FOLLOW_LANE,camera lane following,152.000,-0.050000,0.750000,0,,NONE,0.000000,4.181538,5.018461
26.240,FOLLOW_LANE,camera lane following,152.000,-0.050000,0.750000,0,,NONE,0.000000,4.189319,5.010681
26.272,FOLLOW_LANE,camera lane following,151.500,-0.053125,0.750000,0,,NONE,0.000000,4.156472,5.043527
26.304,FOLLOW_LANE,camera lane following,151.500,-0.053125,0.750000,0,,NONE,0.000000,4.164251,5.035749
26.336,FOLLOW_LANE,camera lane following,152.000,-0.050000,0.750000,0,,NONE,0.000000,4.197031,5.002968
26.368,FOLLOW_LANE,camera lane following,152.000,-0.050000,0.750000,0,,NONE,0.000000,4.189187,5.010813
26.400,FOLLOW_LANE,camera lane following,152.000,-0.050000,0.750000,0,,NONE,0.000000,4.189155,5.010845
26.432,FOLLOW_LANE,camera lane following,152.500,-0.046875,0.750000,0,,NONE,0.000000,4.221937,4.978063
26.464,FOLLOW_LANE,camera lane following,152.500,-0.046875,0.750000,0,,NONE,0.000000,4.214095,4.985905
26.496,FOLLOW_LANE,camera lane following,153.000,-0.043750,0.750000,0,,NONE,0.000000,4.246879,4.953120
26.528,FOLLOW_LANE,camera lane following,153.500,-0.040625,0.750000,0,,NONE,0.000000,4.271853,4.928146
26.560,FOLLOW_LANE,camera lane following,153.500,-0.040625,0.750000,0,,NONE,0.000000,4.264015,4.935985
26.592,FOLLOW_LANE,camera lane following,154.500,-0.034375,0.750000,0,,NONE,0.000000,4.329618,4.870382
26.624,FOLLOW_LANE,camera lane following,159.000,-0.006250,0.750000,0,,NONE,0.000000,4.609301,4.590698
26.656,FOLLOW_LANE,camera lane following,156.000,-0.025000,0.750000,0,,NONE,0.000000,4.342098,4.857902
26.688,FOLLOW_LANE,camera lane following,156.500,-0.021875,0.750000,0,,NONE,0.000000,4.421771,4.778228
26.720,FOLLOW_LANE,camera lane following,157.000,-0.018750,0.750000,0,,NONE,0.000000,4.446759,4.753240
26.752,FOLLOW_LANE,camera lane following,156.000,-0.025000,0.750000,0,,NONE,0.000000,4.373306,4.826694
26.784,FOLLOW_LANE,camera lane following,154.500,-0.034375,0.750000,0,,NONE,0.000000,4.290471,4.909528
26.816,FOLLOW_LANE,camera lane following,154.000,-0.037500,0.750000,0,,NONE,0.000000,4.281072,4.918927
26.848,FOLLOW_LANE,camera lane following,153.500,-0.040625,0.750000,0,,NONE,0.000000,4.256047,4.943953
26.880,FOLLOW_LANE,camera lane following,153.500,-0.040625,0.750000,0,,NONE,0.000000,4.263833,4.936167
26.912,FOLLOW_LANE,camera lane following,153.000,-0.043750,0.750000,0,,NONE,0.000000,4.230992,4.969008
26.944,FOLLOW_LANE,camera lane following,152.500,-0.046875,0.750000,0,,NONE,0.000000,4.205963,4.994037
26.976,FOLLOW_LANE,camera lane following,152.500,-0.046875,0.750000,0,,NONE,0.000000,4.213745,4.986255
27.008,FOLLOW_LANE,camera lane following,152.000,-0.050000,0.750000,0,,NONE,0.000000,4.180900,5.019099
27.040,FOLLOW_LANE,camera lane following,152.000,-0.050000,0.750000,0,,NONE,0.000000,4.188681,5.011319
27.072,FOLLOW_LANE,camera lane following,152.000,-0.050000,0.750000,0,,NONE,0.000000,4.188649,5.011351
27.104,FOLLOW_LANE,camera lane following,152.000,-0.050000,0.750000,0,,NONE,0.000000,4.188617,5.011383
27.136,FOLLOW_LANE,camera lane following,152.500,-0.046875,0.750000,0,,NONE,0.000000,4.221399,4.978600
27.168,FOLLOW_LANE,camera lane following,152.500,-0.046875,0.750000,0,,NONE,0.000000,4.213557,4.986443
27.200,FOLLOW_LANE,camera lane following,153.000,-0.043750,0.750000,0,,NONE,0.000000,4.246341,4.953658
27.232,FOLLOW_LANE,camera lane following,153.000,-0.043750,0.750000,0,,NONE,0.000000,4.238501,4.961499
27.264,FOLLOW_LANE,camera lane following,154.000,-0.037500,0.750000,0,,NONE,0.000000,4.304102,4.895898
27.296,FOLLOW_LANE,camera lane following,154.500,-0.034375,0.750000,0,,NONE,0.000000,4.321267,4.878732
27.328,FOLLOW_LANE,camera lane following,154.500,-0.034375,0.750000,0,,NONE,0.000000,4.313433,4.886567
27.360,FOLLOW_LANE,camera lane following,155.000,-0.031250,0.750000,0,,NONE,0.000000,4.346225,4.853775
27.392,FOLLOW_LANE,camera lane following,155.500,-0.028125,0.750000,0,,NONE,0.000000,4.371207,4.828792
27.424,FOLLOW_LANE,camera lane following,155.500,-0.028125,0.750000,0,,NONE,0.000000,4.363377,4.836623
27.456,FOLLOW_LANE,camera lane following,154.000,-0.037500,0.750000,0,,NONE,0.000000,4.264915,4.935084
27.488,FOLLOW_LANE,camera lane following,160.500,0.003125,0.750000,0,,NONE,0.000000,4.682103,4.517897
27.520,FOLLOW_LANE,camera lane following,156.500,-0.021875,0.750000,0,,NONE,0.000000,4.358651,4.841348
27.552,FOLLOW_LANE,camera lane following,152.500,-0.046875,0.750000,0,,NONE,0.000000,4.150809,5.049191
27.584,FOLLOW_LANE,camera lane following,152.500,-0.046875,0.750000,0,,NONE,0.000000,4.213279,4.986721
27.616,FOLLOW_LANE,camera lane following,152.500,-0.046875,0.750000,0,,NONE,0.000000,4.213249,4.986751
27.648,FOLLOW_LANE,camera lane following,152.500,-0.046875,0.750000,0,,NONE,0.000000,4.213219,4.986781
27.680,FOLLOW_LANE,camera lane following,153.000,-0.043750,0.750000,0,,NONE,0.000000,4.246003,4.953996
27.712,FOLLOW_LANE,camera lane following,153.000,-0.043750,0.750000,0,,NONE,0.000000,4.238163,4.961837
27.744,FOLLOW_LANE,camera lane following,153.500,-0.040625,0.750000,0,,NONE,0.000000,4.270949,4.929050
27.776,FOLLOW_LANE,camera lane following,153.500,-0.040625,0.750000,0,,NONE,0.000000,4.263111,4.936889
27.808,FOLLOW_LANE,camera lane following,154.000,-0.037500,0.750000,0,,NONE,0.000000,4.295899,4.904100
27.840,FOLLOW_LANE,camera lane following,154.000,-0.037500,0.750000,0,,NONE,0.000000,4.288063,4.911937
27.872,FOLLOW_LANE,camera lane following,154.500,-0.034375,0.750000,0,,NONE,0.000000,4.320853,4.879147
27.904,FOLLOW_LANE,camera lane following,154.500,-0.034375,0.750000,0,,NONE,0.000000,4.313019,4.886981
27.936,FOLLOW_LANE,camera lane following,155.000,-0.031250,0.750000,0,,NONE,0.000000,4.345811,4.854188
27.968,FOLLOW_LANE,camera lane following,155.000,-0.031250,0.750000,0,,NONE,0.000000,4.337979,4.862021
28.000,FOLLOW_LANE,camera lane following,155.500,-0.028125,0.750000,0,,NONE,0.000000,4.370773,4.829226
28.032,FOLLOW_LANE,camera lane following,155.500,-0.028125,0.750000,0,,NONE,0.000000,4.362943,4.837057
28.064,FOLLOW_LANE,camera lane following,156.000,-0.025000,0.750000,0,,NONE,0.000000,4.395739,4.804260
28.096,FOLLOW_LANE,camera lane following,156.000,-0.025000,0.750000,0,,NONE,0.000000,4.387911,4.812089
28.128,FOLLOW_LANE,camera lane following,156.000,-0.025000,0.750000,0,,NONE,0.000000,4.387895,4.812105
28.160,FOLLOW_LANE,camera lane following,156.500,-0.021875,0.750000,0,,NONE,0.000000,4.420693,4.779306
28.192,FOLLOW_LANE,camera lane following,156.500,-0.021875,0.750000,0,,NONE,0.000000,4.412867,4.787133
28.224,FOLLOW_LANE,camera lane following,156.500,-0.021875,0.750000,0,,NONE,0.000000,4.412853,4.787147
28.256,FOLLOW_LANE,camera lane following,157.000,-0.018750,0.750000,0,,NONE,0.000000,4.445653,4.754346
28.288,FOLLOW_LANE,camera lane following,157.000,-0.018750,0.750000,0,,NONE,0.000000,4.437829,4.762171
28.320,FOLLOW_LANE,camera lane following,157.000,-0.018750,0.750000,0,,NONE,0.000000,4.437817,4.762183
28.352,FOLLOW_LANE,camera lane following,157.500,-0.015625,0.750000,0,,NONE,0.000000,4.470619,4.729380
28.384,FOLLOW_LANE,camera lane following,157.500,-0.015625,0.750000,0,,NONE,0.000000,4.462797,4.737203
28.416,FOLLOW_LANE,camera lane following,158.000,-0.012500,0.750000,0,,NONE,0.000000,4.495601,4.704398
28.448,FOLLOW_LANE,camera lane following,158.000,-0.012500,0.750000,0,,NONE,0.000000,4.487781,4.712219
28.480,FOLLOW_LANE,camera lane following,158.500,-0.009375,0.750000,0,,NONE,0.000000,4.520587,4.679412
28.512,FOLLOW_LANE,camera lane following,158.500,-0.009375,0.750000,0,,NONE,0.000000,4.512769,4.687231
28.544,FOLLOW_LANE,camera lane following,158.500,-0.009375,0.750000,0,,NONE,0.000000,4.512763,4.687237
28.576,FOLLOW_LANE,camera lane following,158.500,-0.009375,0.750000,0,,NONE,0.000000,4.512757,4.687243
28.608,FOLLOW_LANE,camera lane following,158.500,-0.009375,0.750000,0,,NONE,0.000000,4.512751,4.687249
28.640,FOLLOW_LANE,camera lane following,159.000,-0.006250,0.750000,0,,NONE,0.000000,4.545559,4.654440
28.672,FOLLOW_LANE,camera lane following,159.000,-0.006250,0.750000,0,,NONE,0.000000,4.537743,4.662257
28.704,FOLLOW_LANE,camera lane following,159.000,-0.006250,0.750000,0,,NONE,0.000000,4.537739,4.662261
28.736,FOLLOW_LANE,camera lane following,159.250,-0.004687,0.750000,0,,NONE,0.000000,4.603364,4.596636
28.768,FOLLOW_LANE,camera lane following,159.500,-0.003125,0.750000,0,,NONE,0.000000,4.587739,4.612261
28.800,FOLLOW_LANE,camera lane following,159.500,-0.003125,0.750000,0,,NONE,0.000000,4.587739,4.612261
28.832,FOLLOW_LANE,camera lane following,159.500,-0.003125,0.750000,0,,NONE,0.000000,4.587739,4.612261
28.864,FOLLOW_LANE,camera lane following,159.500,-0.003125,0.750000,0,,NONE,0.000000,4.587739,4.612261
28.896,FOLLOW_LANE,camera lane following,160.000,0.000000,0.750000,0,,NONE,0.000000,4.587739,4.612261
28.928,FOLLOW_LANE,camera lane following,160.500,0.003125,0.750000,0,,NONE,0.000000,4.587739,4.612261
28.960,FOLLOW_LANE,camera lane following,160.500,0.003125,0.750000,0,,NONE,0.000000,4.587739,4.612261
28.992,FOLLOW_LANE,camera lane following,160.500,0.003125,0.750000,0,,NONE,0.000000,4.587739,4.612261
29.024,FOLLOW_LANE,camera lane following,160.500,0.003125,0.750000,0,,NONE,0.000000,4.587739,4.612261
29.056,FOLLOW_LANE,camera lane following,160.500,0.003125,0.750000,0,,NONE,0.000000,4.587739,4.612261
29.088,FOLLOW_LANE,camera lane following,161.000,0.006250,0.750000,0,,NONE,0.000000,4.653368,4.546632
29.120,FOLLOW_LANE,camera lane following,161.000,0.006250,0.750000,0,,NONE,0.000000,4.637747,4.562253
29.152,FOLLOW_LANE,camera lane following,161.000,0.006250,0.750000,0,,NONE,0.000000,4.637751,4.562249
29.184,FOLLOW_LANE,camera lane following,161.000,0.006250,0.750000,0,,NONE,0.000000,4.637755,4.562245
29.216,FOLLOW_LANE,camera lane following,161.500,0.009375,0.750000,0,,NONE,0.000000,4.670573,4.529426
29.248,FOLLOW_LANE,camera lane following,161.500,0.009375,0.750000,0,,NONE,0.000000,4.662767,4.537233
29.280,FOLLOW_LANE,camera lane following,162.000,0.012500,0.750000,0,,NONE,0.000000,4.695587,4.504412
29.312,FOLLOW_LANE,camera lane following,162.500,0.015625,0.750000,0,,NONE,0.000000,4.720597,4.479402
29.344,FOLLOW_LANE,camera lane following,162.500,0.015625,0.750000,0,,NONE,0.000000,4.712795,4.487205
29.376,FOLLOW_LANE,camera lane following,162.500,0.015625,0.750000,0,,NONE,0.000000,4.712805,4.487195
29.408,FOLLOW_LANE,camera lane following,163.000,0.018750,0.750000,0,,NONE,0.000000,4.745629,4.454370
29.440,FOLLOW_LANE,camera lane following,163.000,0.018750,0.750000,0,,NONE,0.000000,4.737829,4.462171
29.472,FOLLOW_LANE,camera lane following,163.000,0.018750,0.750000,0,,NONE,0.000000,4.737841,4.462159
29.504,FOLLOW_LANE,camera lane following,163.500,0.021875,0.750000,0,,NONE,0.000000,4.770668,4.429332
29.536,FOLLOW_LANE,camera lane following,163.500,0.021875,0.750000,0,,NONE,0.000000,4.762869,4.437131
29.568,FOLLOW_LANE,camera lane following,163.500,0.021875,0.750000,0,,NONE,0.000000,4.762883,4.437117
29.600,FOLLOW_LANE,camera lane following,164.000,0.025000,0.750000,0,,NONE,0.000000,4.795711,4.404288
29.632,FOLLOW_LANE,camera lane following,164.000,0.025000,0.750000,0,,NONE,0.000000,4.787915,4.412085
29.664,FOLLOW_LANE,camera lane following,164.000,0.025000,0.750000,0,,NONE,0.000000,4.787931,4.412069
29.696,FOLLOW_LANE,camera lane following,164.000,0.025000,0.750000,0,,NONE,0.000000,4.787947,4.412053
29.728,FOLLOW_LANE,camera lane following,164.000,0.025000,0.750000,0,,NONE,0.000000,4.787963,4.412037
29.760,FOLLOW_LANE,camera lane following,164.500,0.028125,0.750000,0,,NONE,0.000000,4.820793,4.379206
29.792,FOLLOW_LANE,camera lane following,164.500,0.028125,0.750000,0,,NONE,0.000000,4.812999,4.387001
29.824,FOLLOW_LANE,camera lane following,164.000,0.025000,0.750000,0,,NONE,0.000000,4.780202,4.419797
29.856,FOLLOW_LANE,camera lane following,164.000,0.025000,0.750000,0,,NONE,0.000000,4.788031,4.411969
29.888,FOLLOW_LANE,camera lane following,164.000,0.025000,0.750000,0,,NONE,0.000000,4.788047,4.411953
29.920,FOLLOW_LANE,camera lane following,164.000,0.025000,0.750000,0,,NONE,0.000000,4.788063,4.411937
29.952,FOLLOW_LANE,camera lane following,164.000,0.025000,0.750000,0,,NONE,0.000000,4.788079,4.411921
29.984,FOLLOW_LANE,camera lane following,164.000,0.025000,0.750000,0,,NONE,0.000000,4.788095,4.411905
30.016,FOLLOW_LANE,camera lane following,164.000,0.025000,0.750000,0,,NONE,0.000000,4.788111,4.411889
30.048,FOLLOW_LANE,camera lane following,164.000,0.025000,0.750000,0,,NONE,0.000000,4.788127,4.411873
30.080,FOLLOW_LANE,camera lane following,163.500,0.021875,0.750000,0,,NONE,0.000000,4.755329,4.444671
30.112,FOLLOW_LANE,camera lane following,163.500,0.021875,0.750000,0,,NONE,0.000000,4.763155,4.436845
30.144,FOLLOW_LANE,camera lane following,163.500,0.021875,0.750000,0,,NONE,0.000000,4.763169,4.436831
30.176,FOLLOW_LANE,camera lane following,163.500,0.021875,0.750000,0,,NONE,0.000000,4.763183,4.436817
30.208,FOLLOW_LANE,camera lane following,163.500,0.021875,0.750000,0,,NONE,0.000000,4.763197,4.436803
30.240,FOLLOW_LANE,camera lane following,163.000,0.018750,0.750000,0,,NONE,0.000000,4.730396,4.469603
30.272,FOLLOW_LANE,camera lane following,163.000,0.018750,0.750000,0,,NONE,0.000000,4.738221,4.461779
30.304,FOLLOW_LANE,camera lane following,163.000,0.018750,0.750000,0,,NONE,0.000000,4.738233,4.461767
30.336,FOLLOW_LANE,camera lane following,163.000,0.018750,0.750000,0,,NONE,0.000000,4.738245,4.461755
30.368,FOLLOW_LANE,camera lane following,162.500,0.015625,0.750000,0,,NONE,0.000000,4.705442,4.494557
30.400,FOLLOW_LANE,camera lane following,162.500,0.015625,0.750000,0,,NONE,0.000000,4.713265,4.486735
30.432,FOLLOW_LANE,camera lane following,162.000,0.012500,0.750000,0,,NONE,0.000000,4.680460,4.519539
30.464,FOLLOW_LANE,camera lane following,162.000,0.012500,0.750000,0,,NONE,0.000000,4.688281,4.511719
30.496,FOLLOW_LANE,camera lane following,162.000,0.012500,0.750000,0,,NONE,0.000000,4.688289,4.511711
30.528,FOLLOW_LANE,camera lane following,161.500,0.009375,0.750000,0,,NONE,0.000000,4.655482,4.544517
30.560,FOLLOW_LANE,camera lane following,161.500,0.009375,0.750000,0,,NONE,0.000000,4.663301,4.536699
30.592,FOLLOW_LANE,camera lane following,161.500,0.009375,0.750000,0,,NONE,0.000000,4.663307,4.536693
30.624,FOLLOW_LANE,camera lane following,161.500,0.009375,0.750000,0,,NONE,0.000000,4.663313,4.536687
30.656,FOLLOW_LANE,camera lane following,161.500,0.009375,0.750000,0,,NONE,0.000000,4.663319,4.536681
30.688,FOLLOW_LANE,camera lane following,161.500,0.009375,0.750000,0,,NONE,0.000000,4.663325,4.536675
30.720,FOLLOW_LANE,camera lane following,161.000,0.006250,0.750000,0,,NONE,0.000000,4.630516,4.569483
30.752,FOLLOW_LANE,camera lane following,161.000,0.006250,0.750000,0,,NONE,0.000000,4.638333,4.561667
30.784,FOLLOW_LANE,camera lane following,161.000,0.006250,0.750000,0,,NONE,0.000000,4.638337,4.561663
30.816,FOLLOW_LANE,camera lane following,161.000,0.006250,0.750000,0,,NONE,0.000000,4.638341,4.561659
30.848,FOLLOW_LANE,camera lane following,161.000,0.006250,0.750000,0,,NONE,0.000000,4.638345,4.561655
30.880,FOLLOW_LANE,camera lane following,161.000,0.006250,0.750000,0,,NONE,0.000000,4.638349,4.561651
30.912,FOLLOW_LANE,camera lane following,161.000,0.006250,0.750000,0,,NONE,0.000000,4.638353,4.561647
30.944,FOLLOW_LANE,camera lane following,160.500,0.003125,0.750000,0,,NONE,0.000000,4.572728,4.627272
30.976,FOLLOW_LANE,camera lane following,160.500,0.003125,0.750000,0,,NONE,0.000000,4.588353,4.611647
31.008,FOLLOW_LANE,camera lane following,160.500,0.003125,0.750000,0,,NONE,0.000000,4.588353,4.611647
31.040,FOLLOW_LANE,camera lane following,160.500,0.003125,0.750000,0,,NONE,0.000000,4.588353,4.611647
31.072,FOLLOW_LANE,camera lane following,160.500,0.003125,0.750000,0,,NONE,0.000000,4.588353,4.611647
31.104,FOLLOW_LANE,camera lane following,160.500,0.003125,0.750000,0,,NONE,0.000000,4.588353,4.611647
31.136,FOLLOW_LANE,camera lane following,160.500,0.003125,0.750000,0,,NONE,0.000000,4.588353,4.611647
31.168,FOLLOW_LANE,camera lane following,160.500,0.003125,0.750000,0,,NONE,0.000000,4.588353,4.611647
31.200,FOLLOW_LANE,camera lane following,160.500,0.003125,0.750000,0,,NONE,0.000000,4.588353,4.611647
31.232,FOLLOW_LANE,camera lane following,160.500,0.003125,0.750000,0,,NONE,0.000000,4.588353,4.611647
31.264,FOLLOW_LANE,camera lane following,160.500,0.003125,0.750000,0,,NONE,0.000000,4.588353,4.611647
31.296,FOLLOW_LANE,camera lane following,159.500,-0.003125,0.750000,0,,NONE,0.000000,4.588353,4.611647
31.328,FOLLOW_LANE,camera lane following,159.500,-0.003125,0.750000,0,,NONE,0.000000,4.588353,4.611647
31.360,FOLLOW_LANE,camera lane following,159.500,-0.003125,0.750000,0,,NONE,0.000000,4.588353,4.611647
31.392,FOLLOW_LANE,camera lane following,159.500,-0.003125,0.750000,0,,NONE,0.000000,4.588353,4.611647
31.424,FOLLOW_LANE,camera lane following,159.500,-0.003125,0.750000,0,,NONE,0.000000,4.588353,4.611647
31.456,FOLLOW_LANE,camera lane following,159.500,-0.003125,0.750000,0,,NONE,0.000000,4.588353,4.611647
31.488,FOLLOW_LANE,camera lane following,159.500,-0.003125,0.750000,0,,NONE,0.000000,4.588353,4.611647
31.520,FOLLOW_LANE,camera lane following,159.500,-0.003125,0.750000,0,,NONE,0.000000,4.588353,4.611647
31.552,FOLLOW_LANE,camera lane following,159.500,-0.003125,0.750000,0,,NONE,0.000000,4.588353,4.611647
31.584,FOLLOW_LANE,camera lane following,159.500,-0.003125,0.750000,0,,NONE,0.000000,4.588353,4.611647
31.616,FOLLOW_LANE,camera lane following,159.500,-0.003125,0.750000,0,,NONE,0.000000,4.588353,4.611647
31.648,FOLLOW_LANE,camera lane following,159.500,-0.003125,0.750000,0,,NONE,0.000000,4.588353,4.611647
31.680,FOLLOW_LANE,camera lane following,159.500,-0.003125,0.750000,0,,NONE,0.000000,4.588353,4.611647
31.712,FOLLOW_LANE,camera lane following,159.500,-0.003125,0.750000,0,,NONE,0.000000,4.588353,4.611647
31.744,FOLLOW_LANE,camera lane following,159.500,-0.003125,0.750000,0,,NONE,0.000000,4.588353,4.611647
31.776,FOLLOW_LANE,camera lane following,159.500,-0.003125,0.750000,0,,NONE,0.000000,4.588353,4.611647
31.808,FOLLOW_LANE,camera lane following,159.500,-0.003125,0.750000,0,,NONE,0.000000,4.588353,4.611647
31.840,FOLLOW_LANE,camera lane following,159.500,-0.003125,0.750000,0,,NONE,0.000000,4.588353,4.611647
31.872,FOLLOW_LANE,camera lane following,158.500,-0.009375,0.750000,0,,NONE,0.000000,4.489909,4.710090
31.904,FOLLOW_LANE,camera lane following,158.500,-0.009375,0.750000,0,,NONE,0.000000,4.513341,4.686659
31.936,FOLLOW_LANE,camera lane following,158.500,-0.009375,0.750000,0,,NONE,0.000000,4.513335,4.686665
31.968,FOLLOW_LANE,camera lane following,158.500,-0.009375,0.750000,0,,NONE,0.000000,4.513329,4.686671
32.000,FOLLOW_LANE,camera lane following,158.500,-0.009375,0.750000,0,,NONE,0.000000,4.513323,4.686677
32.032,FOLLOW_LANE,camera lane following,158.500,-0.009375,0.750000,0,,NONE,0.000000,4.513317,4.686683
32.064,FOLLOW_LANE,camera lane following,158.500,-0.009375,0.750000,0,,NONE,0.000000,4.513311,4.686689
32.096,FOLLOW_LANE,camera lane following,158.500,-0.009375,0.750000,0,,NONE,0.000000,4.513305,4.686695
32.128,FOLLOW_LANE,camera lane following,159.000,-0.006250,0.750000,0,,NONE,0.000000,4.546113,4.653886
32.160,FOLLOW_LANE,camera lane following,158.500,-0.009375,0.750000,0,,NONE,0.000000,4.505482,4.694517
32.192,FOLLOW_LANE,camera lane following,159.000,-0.006250,0.750000,0,,NONE,0.000000,4.546104,4.653896
32.224,FOLLOW_LANE,camera lane following,158.500,-0.009375,0.750000,0,,NONE,0.000000,4.505472,4.694527
32.256,FOLLOW_LANE,camera lane following,158.500,-0.009375,0.750000,0,,NONE,0.000000,4.513279,4.686721
32.288,FOLLOW_LANE,camera lane following,158.500,-0.009375,0.750000,0,,NONE,0.000000,4.513273,4.686727
32.320,FOLLOW_LANE,camera lane following,158.500,-0.009375,0.750000,0,,NONE,0.000000,4.513267,4.686733
32.352,FOLLOW_LANE,camera lane following,158.500,-0.009375,0.750000,0,,NONE,0.000000,4.513261,4.686739
32.384,FOLLOW_LANE,camera lane following,158.500,-0.009375,0.750000,0,,NONE,0.000000,4.513255,4.686745
32.416,FOLLOW_LANE,camera lane following,159.000,-0.006250,0.750000,0,,NONE,0.000000,4.546063,4.653936
32.448,FOLLOW_LANE,camera lane following,159.000,-0.006250,0.750000,0,,NONE,0.000000,4.538247,4.661753
32.480,FOLLOW_LANE,camera lane following,158.500,-0.009375,0.750000,0,,NONE,0.000000,4.505428,4.694571
32.512,FOLLOW_LANE,camera lane following,158.500,-0.009375,0.750000,0,,NONE,0.000000,4.513235,4.686765
32.544,FOLLOW_LANE,camera lane following,158.500,-0.009375,0.750000,0,,NONE,0.000000,4.513229,4.686771
32.576,FOLLOW_LANE,camera lane following,158.500,-0.009375,0.750000,0,,NONE,0.000000,4.513223,4.686777
32.608,FOLLOW_LANE,camera lane following,158.500,-0.009375,0.750000,0,,NONE,0.000000,4.513217,4.686783
32.640,FOLLOW_LANE,camera lane following,158.500,-0.009375,0.750000,0,,NONE,0.000000,4.513211,4.686789
32.672,FOLLOW_LANE,camera lane following,158.500,-0.009375,0.750000,0,,NONE,0.000000,4.513205,4.686795
32.704,FOLLOW_LANE,camera lane following,158.500,-0.009375,0.750000,0,,NONE,0.000000,4.513199,4.686801
32.736,FOLLOW_LANE,camera lane following,158.500,-0.009375,0.750000,0,,NONE,0.000000,4.513193,4.686807
32.768,FOLLOW_LANE,camera lane following,158.500,-0.009375,0.750000,0,,NONE,0.000000,4.513187,4.686813
32.800,FOLLOW_LANE,camera lane following,158.500,-0.009375,0.750000,0,,NONE,0.000000,4.513181,4.686819
32.832,FOLLOW_LANE,camera lane following,158.500,-0.009375,0.750000,0,,NONE,0.000000,4.513175,4.686825
32.864,FOLLOW_LANE,camera lane following,158.500,-0.009375,0.750000,0,,NONE,0.000000,4.513169,4.686831
32.896,FOLLOW_LANE,camera lane following,158.500,-0.009375,0.750000,0,,NONE,0.000000,4.513163,4.686837
32.928,FOLLOW_LANE,camera lane following,158.500,-0.009375,0.750000,0,,NONE,0.000000,4.513157,4.686843
32.960,FOLLOW_LANE,camera lane following,158.500,-0.009375,0.750000,0,,NONE,0.000000,4.513151,4.686849
32.992,FOLLOW_LANE,camera lane following,159.000,-0.006250,0.750000,0,,NONE,0.000000,4.545959,4.654040
33.024,FOLLOW_LANE,camera lane following,159.000,-0.006250,0.750000,0,,NONE,0.000000,4.538143,4.661857
33.056,FOLLOW_LANE,camera lane following,159.000,-0.006250,0.750000,0,,NONE,0.000000,4.538139,4.661861
33.088,FOLLOW_LANE,camera lane following,159.500,-0.003125,0.750000,0,,NONE,0.000000,4.603764,4.596236
33.120,FOLLOW_LANE,camera lane following,159.500,-0.003125,0.750000,0,,NONE,0.000000,4.588139,4.611861
33.152,FOLLOW_LANE,camera lane following,159.500,-0.003125,0.750000,0,,NONE,0.000000,4.588139,4.611861
33.184,FOLLOW_LANE,camera lane following,159.500,-0.003125,0.750000,0,,NONE,0.000000,4.588139,4.611861
33.216,FOLLOW_LANE,camera lane following,159.500,-0.003125,0.750000,0,,NONE,0.000000,4.588139,4.611861
33.248,FOLLOW_LANE,camera lane following,159.500,-0.003125,0.750000,0,,NONE,0.000000,4.588139,4.611861
33.280,FOLLOW_LANE,camera lane following,159.500,-0.003125,0.750000,0,,NONE,0.000000,4.588139,4.611861
33.312,FOLLOW_LANE,camera lane following,159.500,-0.003125,0.750000,0,,NONE,0.000000,4.588139,4.611861
33.344,FOLLOW_LANE,camera lane following,159.500,-0.003125,0.750000,0,,NONE,0.000000,4.588139,4.611861
33.376,FOLLOW_LANE,camera lane following,159.500,-0.003125,0.750000,0,,NONE,0.000000,4.588139,4.611861
33.408,FOLLOW_LANE,camera lane following,159.500,-0.003125,0.750000,0,,NONE,0.000000,4.588139,4.611861
33.440,FOLLOW_LANE,camera lane following,159.500,-0.003125,0.750000,0,,NONE,0.000000,4.588139,4.611861
33.472,FOLLOW_LANE,camera lane following,159.500,-0.003125,0.750000,0,,NONE,0.000000,4.588139,4.611861
33.504,FOLLOW_LANE,camera lane following,159.500,-0.003125,0.750000,0,,NONE,0.000000,4.588139,4.611861
33.536,FOLLOW_LANE,camera lane following,159.500,-0.003125,0.750000,0,,NONE,0.000000,4.588139,4.611861
33.568,FOLLOW_LANE,camera lane following,159.500,-0.003125,0.750000,0,,NONE,0.000000,4.588139,4.611861
33.600,FOLLOW_LANE,camera lane following,159.500,-0.003125,0.750000,0,,NONE,0.000000,4.588139,4.611861
33.632,FOLLOW_LANE,camera lane following,159.500,-0.003125,0.750000,0,,NONE,0.000000,4.588139,4.611861
33.664,FOLLOW_LANE,camera lane following,159.500,-0.003125,0.750000,0,,NONE,0.000000,4.588139,4.611861
33.696,FOLLOW_LANE,camera lane following,159.500,-0.003125,0.750000,0,,NONE,0.000000,4.588139,4.611861
33.728,FOLLOW_LANE,camera lane following,159.500,-0.003125,0.750000,0,,NONE,0.000000,4.588139,4.611861
33.760,FOLLOW_LANE,camera lane following,159.500,-0.003125,0.750000,0,,NONE,0.000000,4.588139,4.611861
33.792,FOLLOW_LANE,camera lane following,160.000,0.000000,0.750000,0,,NONE,0.000000,4.588139,4.611861
33.824,FOLLOW_LANE,camera lane following,160.000,0.000000,0.750000,0,,NONE,0.000000,4.588139,4.611861
33.856,FOLLOW_LANE,camera lane following,160.000,0.000000,0.750000,0,,NONE,0.000000,4.588139,4.611861
33.888,FOLLOW_LANE,camera lane following,160.000,0.000000,0.750000,0,,NONE,0.000000,4.588139,4.611861
33.920,FOLLOW_LANE,camera lane following,160.000,0.000000,0.750000,0,,NONE,0.000000,4.588139,4.611861
33.952,FOLLOW_LANE,camera lane following,160.000,0.000000,0.750000,0,,NONE,0.000000,4.588139,4.611861
33.984,FOLLOW_LANE,camera lane following,160.000,0.000000,0.750000,0,,NONE,0.000000,4.588139,4.611861
34.016,FOLLOW_LANE,camera lane following,160.000,0.000000,0.750000,0,,NONE,0.000000,4.588139,4.611861
34.048,FOLLOW_LANE,camera lane following,160.500,0.003125,0.750000,0,,NONE,0.000000,4.588139,4.611861
34.080,FOLLOW_LANE,camera lane following,160.500,0.003125,0.750000,0,,NONE,0.000000,4.588139,4.611861
34.112,FOLLOW_LANE,camera lane following,160.500,0.003125,0.750000,0,,NONE,0.000000,4.588139,4.611861
34.144,FOLLOW_LANE,camera lane following,160.500,0.003125,0.750000,0,,NONE,0.000000,4.588139,4.611861
34.176,FOLLOW_LANE,camera lane following,160.500,0.003125,0.750000,0,,NONE,0.000000,4.588139,4.611861
34.208,FOLLOW_LANE,camera lane following,160.500,0.003125,0.750000,0,,NONE,0.000000,4.588139,4.611861
34.240,FOLLOW_LANE,camera lane following,160.500,0.003125,0.750000,0,,NONE,0.000000,4.588139,4.611861
34.272,FOLLOW_LANE,camera lane following,161.000,0.006250,0.750000,0,,NONE,0.000000,4.653768,4.546232
34.304,FOLLOW_LANE,camera lane following,161.000,0.006250,0.750000,0,,NONE,0.000000,4.638147,4.561853
34.336,FOLLOW_LANE,camera lane following,161.000,0.006250,0.750000,0,,NONE,0.000000,4.638151,4.561849
34.368,FOLLOW_LANE,camera lane following,161.000,0.006250,0.750000,0,,NONE,0.000000,4.638155,4.561845
34.400,FOLLOW_LANE,camera lane following,161.000,0.006250,0.750000,0,,NONE,0.000000,4.638159,4.561841
34.432,FOLLOW_LANE,camera lane following,161.000,0.006250,0.750000,0,,NONE,0.000000,4.638163,4.561837
34.464,FOLLOW_LANE,camera lane following,161.000,0.006250,0.750000,0,,NONE,0.000000,4.638167,4.561833
34.496,FOLLOW_LANE,camera lane following,161.000,0.006250,0.750000,0,,NONE,0.000000,4.638171,4.561829
34.528,FOLLOW_LANE,camera lane following,161.000,0.006250,0.750000,0,,NONE,0.000000,4.638175,4.561825
34.560,FOLLOW_LANE,camera lane following,161.000,0.006250,0.750000,0,,NONE,0.000000,4.638179,4.561821
34.592,FOLLOW_LANE,camera lane following,161.000,0.006250,0.750000,0,,NONE,0.000000,4.638183,4.561817
34.624,FOLLOW_LANE,camera lane following,161.000,0.006250,0.750000,0,,NONE,0.000000,4.638187,4.561813
34.656,FOLLOW_LANE,camera lane following,161.000,0.006250,0.750000,0,,NONE,0.000000,4.638191,4.561809
34.688,FOLLOW_LANE,camera lane following,161.000,0.006250,0.750000,0,,NONE,0.000000,4.638195,4.561805
34.720,FOLLOW_LANE,camera lane following,161.500,0.009375,0.750000,0,,NONE,0.000000,4.671013,4.528986
34.752,FOLLOW_LANE,camera lane following,161.500,0.009375,0.750000,0,,NONE,0.000000,4.663207,4.536793
34.784,FOLLOW_LANE,camera lane following,161.500,0.009375,0.750000,0,,NONE,0.000000,4.663213,4.536787
34.816,FOLLOW_LANE,camera lane following,161.500,0.009375,0.750000,0,,NONE,0.000000,4.663219,4.536781
34.848,FOLLOW_LANE,camera lane following,161.500,0.009375,0.750000,0,,NONE,0.000000,4.663225,4.536775
34.880,FOLLOW_LANE,camera lane following,161.500,0.009375,0.750000,0,,NONE,0.000000,4.663231,4.536769
34.912,FOLLOW_LANE,camera lane following,161.500,0.009375,0.750000,0,,NONE,0.000000,4.663237,4.536763
34.944,FOLLOW_LANE,camera lane following,161.500,0.009375,0.750000,0,,NONE,0.000000,4.663243,4.536757
34.976,FOLLOW_LANE,camera lane following,161.500,0.009375,0.750000,0,,NONE,0.000000,4.663249,4.536751
35.008,FOLLOW_LANE,camera lane following,161.500,0.009375,0.750000,0,,NONE,0.000000,4.663255,4.536745
35.040,FOLLOW_LANE,camera lane following,161.500,0.009375,0.750000,0,,NONE,0.000000,4.663261,4.536739
35.072,FOLLOW_LANE,camera lane following,161.500,0.009375,0.750000,0,,NONE,0.000000,4.663267,4.536733
35.104,FOLLOW_LANE,camera lane following,161.500,0.009375,0.750000,0,,NONE,0.000000,4.663273,4.536727
35.136,FOLLOW_LANE,camera lane following,161.500,0.009375,0.750000,0,,NONE,0.000000,4.663279,4.536721
35.168,FOLLOW_LANE,camera lane following,161.000,0.006250,0.750000,0,,NONE,0.000000,4.630470,4.569529
35.200,FOLLOW_LANE,camera lane following,161.000,0.006250,0.750000,0,,NONE,0.000000,4.638287,4.561713
35.232,FOLLOW_LANE,camera lane following,161.000,0.006250,0.750000,0,,NONE,0.000000,4.638291,4.561709
35.264,FOLLOW_LANE,camera lane following,161.000,0.006250,0.750000,0,,NONE,0.000000,4.638295,4.561705
35.296,FOLLOW_LANE,camera lane following,161.000,0.006250,0.750000,0,,NONE,0.000000,4.638299,4.561701
35.328,FOLLOW_LANE,camera lane following,161.000,0.006250,0.750000,0,,NONE,0.000000,4.638303,4.561697
35.360,FOLLOW_LANE,camera lane following,161.000,0.006250,0.750000,0,,NONE,0.000000,4.638307,4.561693
35.392,FOLLOW_LANE,camera lane following,161.000,0.006250,0.750000,0,,NONE,0.000000,4.638311,4.561689
35.424,FOLLOW_LANE,camera lane following,161.000,0.006250,0.750000,0,,NONE,0.000000,4.638315,4.561685
35.456,FOLLOW_LANE,camera lane following,161.000,0.006250,0.750000,0,,NONE,0.000000,4.638319,4.561681
35.488,FOLLOW_LANE,camera lane following,161.000,0.006250,0.750000,0,,NONE,0.000000,4.638323,4.561677
35.520,FOLLOW_LANE,camera lane following,161.000,0.006250,0.750000,0,,NONE,0.000000,4.638327,4.561673
35.552,FOLLOW_LANE,camera lane following,161.000,0.006250,0.750000,0,,NONE,0.000000,4.638331,4.561669
35.584,FOLLOW_LANE,camera lane following,161.000,0.006250,0.750000,0,,NONE,0.000000,4.638335,4.561665
35.616,FOLLOW_LANE,camera lane following,161.000,0.006250,0.750000,0,,NONE,0.000000,4.638339,4.561661
35.648,FOLLOW_LANE,camera lane following,161.000,0.006250,0.750000,0,,NONE,0.000000,4.638343,4.561657
35.680,FOLLOW_LANE,camera lane following,161.000,0.006250,0.750000,0,,NONE,0.000000,4.638347,4.561653
35.712,FOLLOW_LANE,camera lane following,161.000,0.006250,0.750000,0,,NONE,0.000000,4.638351,4.561649
35.744,FOLLOW_LANE,camera lane following,161.000,0.006250,0.750000,0,,NONE,0.000000,4.638355,4.561645
35.776,FOLLOW_LANE,camera lane following,161.000,0.006250,0.750000,0,,NONE,0.000000,4.638359,4.561641
35.808,FOLLOW_LANE,camera lane following,161.000,0.006250,0.750000,0,,NONE,0.000000,4.638363,4.561637
35.840,FOLLOW_LANE,camera lane following,161.000,0.006250,0.750000,0,,NONE,0.000000,4.638367,4.561633
35.872,FOLLOW_LANE,camera lane following,161.000,0.006250,0.750000,0,,NONE,0.000000,4.638371,4.561629
35.904,FOLLOW_LANE,camera lane following,161.000,0.006250,0.750000,0,,NONE,0.000000,4.638375,4.561625
35.936,FOLLOW_LANE,camera lane following,161.000,0.006250,0.750000,0,,NONE,0.000000,4.638379,4.561621
35.968,FOLLOW_LANE,camera lane following,161.000,0.006250,0.750000,0,,NONE,0.000000,4.638383,4.561617
36.000,FOLLOW_LANE,camera lane following,160.500,0.003125,0.750000,0,,NONE,0.000000,4.572758,4.627242
36.032,FOLLOW_LANE,camera lane following,160.500,0.003125,0.750000,0,,NONE,0.000000,4.588383,4.611617
36.064,FOLLOW_LANE,camera lane following,160.500,0.003125,0.750000,0,,NONE,0.000000,4.588383,4.611617
36.096,FOLLOW_LANE,camera lane following,160.500,0.003125,0.750000,0,,NONE,0.000000,4.588383,4.611617
36.128,FOLLOW_LANE,camera lane following,160.500,0.003125,0.750000,0,,NONE,0.000000,4.588383,4.611617
36.160,FOLLOW_LANE,camera lane following,160.500,0.003125,0.750000,0,,NONE,0.000000,4.588383,4.611617
36.192,FOLLOW_LANE,camera lane following,160.500,0.003125,0.750000,0,,NONE,0.000000,4.588383,4.611617
36.224,FOLLOW_LANE,camera lane following,160.500,0.003125,0.750000,0,,NONE,0.000000,4.588383,4.611617
36.256,FOLLOW_LANE,camera lane following,160.500,0.003125,0.750000,0,,NONE,0.000000,4.588383,4.611617
36.288,FOLLOW_LANE,camera lane following,160.500,0.003125,0.750000,0,,NONE,0.000000,4.588383,4.611617
36.320,FOLLOW_LANE,camera lane following,160.500,0.003125,0.750000,0,,NONE,0.000000,4.588383,4.611617
36.352,FOLLOW_LANE,camera lane following,160.500,0.003125,0.750000,0,,NONE,0.000000,4.588383,4.611617
36.384,FOLLOW_LANE,camera lane following,160.500,0.003125,0.750000,0,,NONE,0.000000,4.588383,4.611617
36.416,FOLLOW_LANE,camera lane following,160.500,0.003125,0.750000,0,,NONE,0.000000,4.588383,4.611617
36.448,FOLLOW_LANE,camera lane following,160.500,0.003125,0.750000,0,,NONE,0.000000,4.588383,4.611617
36.480,FOLLOW_LANE,camera lane following,160.500,0.003125,0.750000,0,,NONE,0.000000,4.588383,4.611617
36.512,FOLLOW_LANE,camera lane following,160.500,0.003125,0.750000,0,,NONE,0.000000,4.588383,4.611617
36.544,FOLLOW_LANE,camera lane following,160.500,0.003125,0.750000,0,,NONE,0.000000,4.588383,4.611617
36.576,FOLLOW_LANE,camera lane following,160.500,0.003125,0.750000,0,,NONE,0.000000,4.588383,4.611617
36.608,FOLLOW_LANE,camera lane following,160.500,0.003125,0.750000,0,,NONE,0.000000,4.588383,4.611617
36.640,FOLLOW_LANE,camera lane following,160.500,0.003125,0.750000,0,,NONE,0.000000,4.588383,4.611617
36.672,FOLLOW_LANE,camera lane following,160.500,0.003125,0.750000,0,,NONE,0.000000,4.588383,4.611617
36.704,FOLLOW_LANE,camera lane following,160.500,0.003125,0.750000,0,,NONE,0.000000,4.588383,4.611617
36.736,FOLLOW_LANE,camera lane following,160.500,0.003125,0.750000,0,,NONE,0.000000,4.588383,4.611617
36.768,FOLLOW_LANE,camera lane following,160.500,0.003125,0.750000,0,,NONE,0.000000,4.588383,4.611617
36.800,FOLLOW_LANE,camera lane following,160.500,0.003125,0.750000,0,,NONE,0.000000,4.588383,4.611617
36.832,FOLLOW_LANE,camera lane following,160.500,0.003125,0.750000,0,,NONE,0.000000,4.588383,4.611617
36.864,FOLLOW_LANE,camera lane following,160.500,0.003125,0.750000,0,,NONE,0.000000,4.588383,4.611617
36.896,FOLLOW_LANE,camera lane following,160.500,0.003125,0.750000,0,,NONE,0.000000,4.588383,4.611617
36.928,FOLLOW_LANE,camera lane following,160.500,0.003125,0.750000,0,,NONE,0.000000,4.588383,4.611617
36.960,FOLLOW_LANE,camera lane following,160.500,0.003125,0.750000,0,,NONE,0.000000,4.588383,4.611617
36.992,FOLLOW_LANE,camera lane following,160.500,0.003125,0.750000,0,,NONE,0.000000,4.588383,4.611617
37.024,FOLLOW_LANE,camera lane following,160.500,0.003125,0.750000,0,,NONE,0.000000,4.588383,4.611617
37.056,FOLLOW_LANE,camera lane following,160.250,0.001563,0.750000,0,,NONE,0.000000,4.588383,4.611617
37.088,FOLLOW_LANE,camera lane following,160.000,0.000000,0.750000,0,,NONE,0.000000,4.588383,4.611617
37.120,FOLLOW_LANE,camera lane following,160.000,0.000000,0.750000,0,,NONE,0.000000,4.588383,4.611617
37.152,FOLLOW_LANE,camera lane following,160.000,0.000000,0.750000,0,,NONE,0.000000,4.588383,4.611617
37.184,FOLLOW_LANE,camera lane following,160.000,0.000000,0.750000,0,,NONE,0.000000,4.588383,4.611617
37.216,FOLLOW_LANE,camera lane following,160.000,0.000000,0.750000,0,,NONE,0.000000,4.588383,4.611617
37.248,FOLLOW_LANE,camera lane following,160.000,0.000000,0.750000,0,,NONE,0.000000,4.588383,4.611617
37.280,FOLLOW_LANE,camera lane following,160.000,0.000000,0.750000,0,,NONE,0.000000,4.588383,4.611617
37.312,FOLLOW_LANE,camera lane following,160.000,0.000000,0.750000,0,,NONE,0.000000,4.588383,4.611617
37.344,FOLLOW_LANE,camera lane following,160.000,0.000000,0.750000,0,,NONE,0.000000,4.588383,4.611617
37.376,FOLLOW_LANE,camera lane following,160.000,0.000000,0.750000,0,,NONE,0.000000,4.588383,4.611617
37.408,FOLLOW_LANE,camera lane following,159.500,-0.003125,0.750000,0,,NONE,0.000000,4.588383,4.611617
37.440,FOLLOW_LANE,camera lane following,159.500,-0.003125,0.750000,0,,NONE,0.000000,4.588383,4.611617
37.472,FOLLOW_LANE,camera lane following,159.500,-0.003125,0.750000,0,,NONE,0.000000,4.588383,4.611617
37.504,FOLLOW_LANE,camera lane following,159.500,-0.003125,0.750000,0,,NONE,0.000000,4.588383,4.611617
37.536,FOLLOW_LANE,camera lane following,159.500,-0.003125,0.750000,0,,NONE,0.000000,4.588383,4.611617
37.568,FOLLOW_LANE,camera lane following,159.500,-0.003125,0.750000,0,,NONE,0.000000,4.588383,4.611617
37.600,FOLLOW_LANE,camera lane following,159.500,-0.003125,0.750000,0,,NONE,0.000000,4.588383,4.611617
37.632,FOLLOW_LANE,camera lane following,159.500,-0.003125,0.750000,0,,NONE,0.000000,4.588383,4.611617
37.664,FOLLOW_LANE,camera lane following,159.500,-0.003125,0.750000,0,,NONE,0.000000,4.588383,4.611617
37.696,FOLLOW_LANE,camera lane following,159.500,-0.003125,0.750000,0,,NONE,0.000000,4.588383,4.611617
37.728,FOLLOW_LANE,camera lane following,159.500,-0.003125,0.750000,0,,NONE,0.000000,4.588383,4.611617
37.760,FOLLOW_LANE,camera lane following,159.500,-0.003125,0.750000,0,,NONE,0.000000,4.588383,4.611617
37.792,FOLLOW_LANE,camera lane following,159.500,-0.003125,0.750000,0,,NONE,0.000000,4.588383,4.611617
37.824,FOLLOW_LANE,camera lane following,159.500,-0.003125,0.750000,0,,NONE,0.000000,4.588383,4.611617
37.856,FOLLOW_LANE,camera lane following,159.500,-0.003125,0.750000,0,,NONE,0.000000,4.588383,4.611617
37.888,FOLLOW_LANE,camera lane following,159.500,-0.003125,0.750000,0,,NONE,0.000000,4.588383,4.611617
37.920,FOLLOW_LANE,camera lane following,159.500,-0.003125,0.750000,0,,NONE,0.000000,4.588383,4.611617
37.952,FOLLOW_LANE,camera lane following,159.500,-0.003125,0.750000,0,,NONE,0.000000,4.588383,4.611617
37.984,FOLLOW_LANE,camera lane following,159.500,-0.003125,0.750000,0,,NONE,0.000000,4.588383,4.611617
38.016,FOLLOW_LANE,camera lane following,159.500,-0.003125,0.750000,0,,NONE,0.000000,4.588383,4.611617
38.048,FOLLOW_LANE,camera lane following,159.500,-0.003125,0.750000,0,,NONE,0.000000,4.588383,4.611617
38.080,FOLLOW_LANE,camera lane following,159.500,-0.003125,0.750000,0,,NONE,0.000000,4.588383,4.611617
38.112,FOLLOW_LANE,camera lane following,160.000,0.000000,0.750000,0,,NONE,0.000000,4.588383,4.611617
38.144,FOLLOW_LANE,camera lane following,159.750,-0.001563,0.750000,0,,NONE,0.000000,4.588383,4.611617
38.176,FOLLOW_LANE,camera lane following,160.000,0.000000,0.750000,0,,NONE,0.000000,4.588383,4.611617
38.208,FOLLOW_LANE,camera lane following,159.500,-0.003125,0.750000,0,,NONE,0.000000,4.588383,4.611617
38.240,FOLLOW_LANE,camera lane following,159.500,-0.003125,0.750000,0,,NONE,0.000000,4.588383,4.611617
38.272,FOLLOW_LANE,camera lane following,159.500,-0.003125,0.750000,0,,NONE,0.000000,4.588383,4.611617
38.304,FOLLOW_LANE,camera lane following,159.500,-0.003125,0.750000,0,,NONE,0.000000,4.588383,4.611617
38.336,FOLLOW_LANE,camera lane following,159.500,-0.003125,0.750000,0,,NONE,0.000000,4.588383,4.611617
38.368,FOLLOW_LANE,camera lane following,159.500,-0.003125,0.750000,0,,NONE,0.000000,4.588383,4.611617
38.400,FOLLOW_LANE,camera lane following,159.500,-0.003125,0.750000,0,,NONE,0.000000,4.588383,4.611617
38.432,FOLLOW_LANE,camera lane following,159.500,-0.003125,0.750000,0,,NONE,0.000000,4.588383,4.611617
38.464,FOLLOW_LANE,camera lane following,159.500,-0.003125,0.750000,0,,NONE,0.000000,4.588383,4.611617
38.496,FOLLOW_LANE,camera lane following,159.500,-0.003125,0.750000,0,,NONE,0.000000,4.588383,4.611617
38.528,FOLLOW_LANE,camera lane following,159.500,-0.003125,0.750000,0,,NONE,0.000000,4.588383,4.611617
38.560,FOLLOW_LANE,camera lane following,159.500,-0.003125,0.750000,0,,NONE,0.000000,4.588383,4.611617
38.592,FOLLOW_LANE,camera lane following,159.500,-0.003125,0.750000,0,,NONE,0.000000,4.588383,4.611617
38.624,FOLLOW_LANE,camera lane following,159.500,-0.003125,0.750000,0,,NONE,0.000000,4.588383,4.611617
38.656,FOLLOW_LANE,camera lane following,159.750,-0.001563,0.750000,0,,NONE,0.000000,4.588383,4.611617
38.688,FOLLOW_LANE,camera lane following,160.000,0.000000,0.750000,0,,NONE,0.000000,4.588383,4.611617
38.720,FOLLOW_LANE,camera lane following,159.500,-0.003125,0.750000,0,,NONE,0.000000,4.588383,4.611617
38.752,FOLLOW_LANE,camera lane following,160.000,0.000000,0.750000,0,,NONE,0.000000,4.588383,4.611617
38.784,FOLLOW_LANE,camera lane following,160.000,0.000000,0.750000,0,,NONE,0.000000,4.588383,4.611617
38.816,FOLLOW_LANE,camera lane following,160.000,0.000000,0.750000,0,,NONE,0.000000,4.588383,4.611617
38.848,FOLLOW_LANE,camera lane following,160.000,0.000000,0.750000,0,,NONE,0.000000,4.588383,4.611617
38.880,FOLLOW_LANE,camera lane following,160.000,0.000000,0.750000,0,,NONE,0.000000,4.588383,4.611617
38.912,FOLLOW_LANE,camera lane following,160.000,0.000000,0.750000,0,,NONE,0.000000,4.588383,4.611617
38.944,FOLLOW_LANE,camera lane following,160.000,0.000000,0.750000,0,,NONE,0.000000,4.588383,4.611617
38.976,FOLLOW_LANE,camera lane following,160.000,0.000000,0.750000,0,,NONE,0.000000,4.588383,4.611617
39.008,FOLLOW_LANE,camera lane following,160.000,0.000000,0.750000,0,,NONE,0.000000,4.588383,4.611617
39.040,FOLLOW_LANE,camera lane following,160.500,0.003125,0.750000,0,,NONE,0.000000,4.588383,4.611617
39.072,FOLLOW_LANE,camera lane following,160.500,0.003125,0.750000,0,,NONE,0.000000,4.588383,4.611617
39.104,FOLLOW_LANE,camera lane following,160.500,0.003125,0.750000,0,,NONE,0.000000,4.588383,4.611617
39.136,FOLLOW_LANE,camera lane following,160.500,0.003125,0.750000,0,,NONE,0.000000,4.588383,4.611617
39.168,FOLLOW_LANE,camera lane following,160.500,0.003125,0.750000,0,,NONE,0.000000,4.588383,4.611617
39.200,FOLLOW_LANE,camera lane following,160.500,0.003125,0.750000,0,,NONE,0.000000,4.588383,4.611617
39.232,FOLLOW_LANE,camera lane following,160.500,0.003125,0.750000,0,,NONE,0.000000,4.588383,4.611617
39.264,FOLLOW_LANE,camera lane following,160.500,0.003125,0.750000,0,,NONE,0.000000,4.588383,4.611617
39.296,FOLLOW_LANE,camera lane following,160.500,0.003125,0.750000,0,,NONE,0.000000,4.588383,4.611617
39.328,FOLLOW_LANE,camera lane following,160.500,0.003125,0.750000,0,,NONE,0.000000,4.588383,4.611617
39.360,FOLLOW_LANE,camera lane following,160.500,0.003125,0.750000,0,,NONE,0.000000,4.588383,4.611617
39.392,FOLLOW_LANE,camera lane following,160.500,0.003125,0.750000,0,,NONE,0.000000,4.588383,4.611617
39.424,FOLLOW_LANE,camera lane following,160.500,0.003125,0.750000,0,,NONE,0.000000,4.588383,4.611617
39.456,FOLLOW_LANE,camera lane following,160.500,0.003125,0.750000,0,,NONE,0.000000,4.588383,4.611617
39.488,FOLLOW_LANE,camera lane following,160.500,0.003125,0.750000,0,,NONE,0.000000,4.588383,4.611617
39.520,FOLLOW_LANE,camera lane following,160.500,0.003125,0.750000,0,,NONE,0.000000,4.588383,4.611617
39.552,FOLLOW_LANE,camera lane following,160.500,0.003125,0.750000,0,,NONE,0.000000,4.588383,4.611617
39.584,FOLLOW_LANE,camera lane following,160.500,0.003125,0.750000,0,,NONE,0.000000,4.588383,4.611617
39.616,FOLLOW_LANE,camera lane following,160.500,0.003125,0.750000,0,,NONE,0.000000,4.588383,4.611617
39.648,FOLLOW_LANE,camera lane following,160.500,0.003125,0.750000,0,,NONE,0.000000,4.588383,4.611617
39.680,FOLLOW_LANE,camera lane following,160.500,0.003125,0.750000,0,,NONE,0.000000,4.588383,4.611617
39.712,FOLLOW_LANE,camera lane following,160.500,0.003125,0.750000,0,,NONE,0.000000,4.588383,4.611617
39.744,FOLLOW_LANE,camera lane following,160.500,0.003125,0.750000,0,,NONE,0.000000,4.588383,4.611617
39.776,FOLLOW_LANE,camera lane following,160.500,0.003125,0.750000,0,,NONE,0.000000,4.588383,4.611617
39.808,FOLLOW_LANE,camera lane following,160.500,0.003125,0.750000,0,,NONE,0.000000,4.588383,4.611617
39.840,FOLLOW_LANE,camera lane following,160.500,0.003125,0.750000,0,,NONE,0.000000,4.588383,4.611617
39.872,FOLLOW_LANE,camera lane following,160.500,0.003125,0.750000,0,,NONE,0.000000,4.588383,4.611617
39.904,FOLLOW_LANE,camera lane following,160.500,0.003125,0.750000,0,,NONE,0.000000,4.588383,4.611617
39.936,FOLLOW_LANE,camera lane following,160.500,0.003125,0.750000,0,,NONE,0.000000,4.588383,4.611617
39.968,FOLLOW_LANE,camera lane following,160.500,0.003125,0.750000,0,,NONE,0.000000,4.588383,4.611617
40.000,FOLLOW_LANE,camera lane following,160.500,0.003125,0.750000,0,,NONE,0.000000,4.588383,4.611617
40.032,FOLLOW_LANE,camera lane following,160.500,0.003125,0.750000,0,,NONE,0.000000,4.588383,4.611617
40.064,FOLLOW_LANE,camera lane following,160.500,0.003125,0.750000,0,,NONE,0.000000,4.588383,4.611617
40.096,FOLLOW_LANE,camera lane following,160.500,0.003125,0.750000,0,,NONE,0.000000,4.588383,4.611617
40.128,FOLLOW_LANE,camera lane following,160.500,0.003125,0.750000,0,,NONE,0.000000,4.588383,4.611617
40.160,FOLLOW_LANE,camera lane following,160.500,0.003125,0.750000,0,,NONE,0.000000,4.588383,4.611617
40.192,FOLLOW_LANE,camera lane following,160.500,0.003125,0.750000,0,,NONE,0.000000,4.588383,4.611617
40.224,FOLLOW_LANE,camera lane following,160.500,0.003125,0.750000,0,,NONE,0.000000,4.588383,4.611617
40.256,FOLLOW_LANE,camera lane following,161.000,0.006250,0.750000,0,,NONE,0.000000,4.654012,4.545988
40.288,FOLLOW_LANE,camera lane following,161.000,0.006250,0.750000,0,,NONE,0.000000,4.638391,4.561609
40.320,FOLLOW_LANE,camera lane following,161.000,0.006250,0.750000,0,,NONE,0.000000,4.638395,4.561605
40.352,FOLLOW_LANE,camera lane following,161.000,0.006250,0.750000,0,,NONE,0.000000,4.638399,4.561601
40.384,FOLLOW_LANE,camera lane following,161.000,0.006250,0.750000,0,,NONE,0.000000,4.638403,4.561597
40.416,FOLLOW_LANE,camera lane following,161.000,0.006250,0.750000,0,,NONE,0.000000,4.638407,4.561593
40.448,FOLLOW_LANE,camera lane following,161.000,0.006250,0.750000,0,,NONE,0.000000,4.638411,4.561589
40.480,FOLLOW_LANE,camera lane following,161.000,0.006250,0.750000,0,,NONE,0.000000,4.638415,4.561585
40.512,FOLLOW_LANE,camera lane following,161.000,0.006250,0.750000,0,,NONE,0.000000,4.638419,4.561581
40.544,FOLLOW_LANE,camera lane following,161.000,0.006250,0.750000,0,,NONE,0.000000,4.638423,4.561577
40.576,FOLLOW_LANE,camera lane following,161.000,0.006250,0.750000,0,,NONE,0.000000,4.638427,4.561573
40.608,FOLLOW_LANE,camera lane following,161.000,0.006250,0.750000,0,,NONE,0.000000,4.638431,4.561569
40.640,FOLLOW_LANE,camera lane following,161.000,0.006250,0.750000,0,,NONE,0.000000,4.638435,4.561565
40.672,FOLLOW_LANE,camera lane following,161.000,0.006250,0.750000,0,,NONE,0.000000,4.638439,4.561561
40.704,FOLLOW_LANE,camera lane following,161.000,0.006250,0.750000,0,,NONE,0.000000,4.638443,4.561557
40.736,FOLLOW_LANE,camera lane following,161.000,0.006250,0.750000,0,,NONE,0.000000,4.638447,4.561553
40.768,FOLLOW_LANE,camera lane following,161.000,0.006250,0.750000,0,,NONE,0.000000,4.638451,4.561549
40.800,FOLLOW_LANE,camera lane following,161.000,0.006250,0.750000,0,,NONE,0.000000,4.638455,4.561545
40.832,FOLLOW_LANE,camera lane following,160.500,0.003125,0.750000,0,,NONE,0.000000,4.572830,4.627170
40.864,FOLLOW_LANE,camera lane following,160.500,0.003125,0.750000,0,,NONE,0.000000,4.588455,4.611545
40.896,FOLLOW_LANE,camera lane following,160.500,0.003125,0.750000,0,,NONE,0.000000,4.588455,4.611545
40.928,FOLLOW_LANE,camera lane following,160.500,0.003125,0.750000,0,,NONE,0.000000,4.588455,4.611545
40.960,FOLLOW_LANE,camera lane following,160.500,0.003125,0.750000,0,,NONE,0.000000,4.588455,4.611545
40.992,FOLLOW_LANE,camera lane following,160.500,0.003125,0.750000,0,,NONE,0.000000,4.588455,4.611545
41.024,FOLLOW_LANE,camera lane following,160.500,0.003125,0.750000,0,,NONE,0.000000,4.588455,4.611545
41.056,FOLLOW_LANE,camera lane following,160.500,0.003125,0.750000,0,,NONE,0.000000,4.588455,4.611545
41.088,FOLLOW_LANE,camera lane following,161.000,0.006250,0.750000,0,,NONE,0.000000,4.654084,4.545916
41.120,FOLLOW_LANE,camera lane following,161.000,0.006250,0.750000,0,,NONE,0.000000,4.638463,4.561537
41.152,FOLLOW_LANE,camera lane following,160.500,0.003125,0.750000,0,,NONE,0.000000,4.572838,4.627162
41.184,FOLLOW_LANE,camera lane following,160.500,0.003125,0.750000,0,,NONE,0.000000,4.588463,4.611537
41.216,FOLLOW_LANE,camera lane following,161.000,0.006250,0.750000,0,,NONE,0.000000,4.654092,4.545908
41.248,FOLLOW_LANE,camera lane following,161.000,0.006250,0.750000,0,,NONE,0.000000,4.638471,4.561529
41.280,FOLLOW_LANE,camera lane following,161.000,0.006250,0.750000,0,,NONE,0.000000,4.638475,4.561525
41.312,FOLLOW_LANE,camera lane following,161.000,0.006250,0.750000,0,,NONE,0.000000,4.638479,4.561521
41.344,FOLLOW_LANE,camera lane following,161.000,0.006250,0.750000,0,,NONE,0.000000,4.638483,4.561517
41.376,FOLLOW_LANE,camera lane following,160.500,0.003125,0.750000,0,,NONE,0.000000,4.572858,4.627142
41.408,FOLLOW_LANE,camera lane following,160.500,0.003125,0.750000,0,,NONE,0.000000,4.588483,4.611517
41.440,FOLLOW_LANE,camera lane following,160.500,0.003125,0.750000,0,,NONE,0.000000,4.588483,4.611517
41.472,FOLLOW_LANE,camera lane following,160.500,0.003125,0.750000,0,,NONE,0.000000,4.588483,4.611517
41.504,FOLLOW_LANE,camera lane following,160.500,0.003125,0.750000,0,,NONE,0.000000,4.588483,4.611517
41.536,FOLLOW_LANE,camera lane following,160.500,0.003125,0.750000,0,,NONE,0.000000,4.588483,4.611517
41.568,FOLLOW_LANE,camera lane following,160.500,0.003125,0.750000,0,,NONE,0.000000,4.588483,4.611517
41.600,FOLLOW_LANE,camera lane following,160.500,0.003125,0.750000,0,,NONE,0.000000,4.588483,4.611517
41.632,FOLLOW_LANE,camera lane following,160.500,0.003125,0.750000,0,,NONE,0.000000,4.588483,4.611517
41.664,FOLLOW_LANE,camera lane following,160.500,0.003125,0.750000,0,,NONE,0.000000,4.588483,4.611517
41.696,FOLLOW_LANE,camera lane following,161.000,0.006250,0.750000,0,,NONE,0.000000,4.654112,4.545888
41.728,FOLLOW_LANE,camera lane following,161.000,0.006250,0.750000,0,,NONE,0.000000,4.638491,4.561509
41.760,FOLLOW_LANE,camera lane following,161.000,0.006250,0.750000,0,,NONE,0.000000,4.638495,4.561505
41.792,FOLLOW_LANE,camera lane following,161.000,0.006250,0.750000,0,,NONE,0.000000,4.638499,4.561501
41.824,FOLLOW_LANE,camera lane following,160.500,0.003125,0.750000,0,,NONE,0.000000,4.572874,4.627126
41.856,FOLLOW_LANE,camera lane following,160.500,0.003125,0.750000,0,,NONE,0.000000,4.588499,4.611501
41.888,FOLLOW_LANE,camera lane following,160.500,0.003125,0.750000,0,,NONE,0.000000,4.588499,4.611501
41.920,FOLLOW_LANE,camera lane following,160.500,0.003125,0.750000,0,,NONE,0.000000,4.588499,4.611501
41.952,FOLLOW_LANE,camera lane following,160.500,0.003125,0.750000,0,,NONE,0.000000,4.588499,4.611501
41.984,FOLLOW_LANE,camera lane following,160.500,0.003125,0.750000,0,,NONE,0.000000,4.588499,4.611501
42.016,FOLLOW_LANE,camera lane following,160.500,0.003125,0.750000,0,,NONE,0.000000,4.588499,4.611501
42.048,FOLLOW_LANE,camera lane following,161.000,0.006250,0.750000,0,,NONE,0.000000,4.654128,4.545872
42.080,FOLLOW_LANE,camera lane following,161.000,0.006250,0.750000,0,,NONE,0.000000,4.638507,4.561493
42.112,FOLLOW_LANE,camera lane following,161.000,0.006250,0.750000,0,,NONE,0.000000,4.638511,4.561489
42.144,FOLLOW_LANE,camera lane following,161.000,0.006250,0.750000,0,,NONE,0.000000,4.638515,4.561485
42.176,FOLLOW_LANE,camera lane following,160.500,0.003125,0.750000,0,,NONE,0.000000,4.572890,4.627110
42.208,FOLLOW_LANE,camera lane following,160.500,0.003125,0.750000,0,,NONE,0.000000,4.588515,4.611485
42.240,FOLLOW_LANE,camera lane following,160.500,0.003125,0.750000,0,,NONE,0.000000,4.588515,4.611485
42.272,FOLLOW_LANE,camera lane following,160.500,0.003125,0.750000,0,,NONE,0.000000,4.588515,4.611485
42.304,FOLLOW_LANE,camera lane following,160.500,0.003125,0.750000,0,,NONE,0.000000,4.588515,4.611485
42.336,FOLLOW_LANE,camera lane following,160.500,0.003125,0.750000,0,,NONE,0.000000,4.588515,4.611485
42.368,FOLLOW_LANE,camera lane following,160.500,0.003125,0.750000,0,,NONE,0.000000,4.588515,4.611485
42.400,FOLLOW_LANE,camera lane following,160.500,0.003125,0.750000,0,,NONE,0.000000,4.588515,4.611485
42.432,FOLLOW_LANE,camera lane following,160.500,0.003125,0.750000,0,,NONE,0.000000,4.588515,4.611485
42.464,FOLLOW_LANE,camera lane following,160.500,0.003125,0.750000,0,,NONE,0.000000,4.588515,4.611485
42.496,FOLLOW_LANE,camera lane following,160.500,0.003125,0.750000,0,,NONE,0.000000,4.588515,4.611485
42.528,FOLLOW_LANE,camera lane following,160.500,0.003125,0.750000,0,,NONE,0.000000,4.588515,4.611485
42.560,FOLLOW_LANE,camera lane following,160.500,0.003125,0.750000,0,,NONE,0.000000,4.588515,4.611485
42.592,FOLLOW_LANE,camera lane following,160.500,0.003125,0.750000,0,,NONE,0.000000,4.588515,4.611485
42.624,FOLLOW_LANE,camera lane following,160.500,0.003125,0.750000,0,,NONE,0.000000,4.588515,4.611485
42.656,FOLLOW_LANE,camera lane following,160.500,0.003125,0.750000,0,,NONE,0.000000,4.588515,4.611485
42.688,FOLLOW_LANE,camera lane following,160.500,0.003125,0.750000,0,,NONE,0.000000,4.588515,4.611485
42.720,FOLLOW_LANE,camera lane following,160.500,0.003125,0.750000,0,,NONE,0.000000,4.588515,4.611485
42.752,FOLLOW_LANE,camera lane following,160.500,0.003125,0.750000,0,,NONE,0.000000,4.588515,4.611485
42.784,FOLLOW_LANE,camera lane following,160.500,0.003125,0.750000,0,,NONE,0.000000,4.588515,4.611485
42.816,FOLLOW_LANE,camera lane following,160.500,0.003125,0.750000,0,,NONE,0.000000,4.588515,4.611485
42.848,FOLLOW_LANE,camera lane following,160.500,0.003125,0.750000,0,,NONE,0.000000,4.588515,4.611485
42.880,FOLLOW_LANE,camera lane following,160.500,0.003125,0.750000,0,,NONE,0.000000,4.588515,4.611485
42.912,FOLLOW_LANE,camera lane following,160.500,0.003125,0.750000,0,,NONE,0.000000,4.588515,4.611485
42.944,FOLLOW_LANE,camera lane following,160.500,0.003125,0.750000,0,,NONE,0.000000,4.588515,4.611485
42.976,FOLLOW_LANE,camera lane following,160.500,0.003125,0.750000,0,,NONE,0.000000,4.588515,4.611485
43.008,FOLLOW_LANE,camera lane following,160.500,0.003125,0.750000,0,,NONE,0.000000,4.588515,4.611485
43.040,FOLLOW_LANE,camera lane following,160.500,0.003125,0.750000,0,,NONE,0.000000,4.588515,4.611485
43.072,FOLLOW_LANE,camera lane following,160.500,0.003125,0.750000,0,,NONE,0.000000,4.588515,4.611485
43.104,FOLLOW_LANE,camera lane following,160.500,0.003125,0.750000,0,,NONE,0.000000,4.588515,4.611485
43.136,FOLLOW_LANE,camera lane following,160.500,0.003125,0.750000,0,,NONE,0.000000,4.588515,4.611485
43.168,FOLLOW_LANE,camera lane following,160.500,0.003125,0.750000,0,,NONE,0.000000,4.588515,4.611485
43.200,FOLLOW_LANE,camera lane following,160.500,0.003125,0.750000,0,,NONE,0.000000,4.588515,4.611485
43.232,FOLLOW_LANE,camera lane following,160.500,0.003125,0.750000,0,,NONE,0.000000,4.588515,4.611485
43.264,FOLLOW_LANE,camera lane following,160.500,0.003125,0.750000,0,,NONE,0.000000,4.588515,4.611485
43.296,FOLLOW_LANE,camera lane following,160.500,0.003125,0.750000,0,,NONE,0.000000,4.588515,4.611485
43.328,FOLLOW_LANE,camera lane following,160.500,0.003125,0.750000,0,,NONE,0.000000,4.588515,4.611485
43.360,FOLLOW_LANE,camera lane following,160.500,0.003125,0.750000,0,,NONE,0.000000,4.588515,4.611485
43.392,FOLLOW_LANE,camera lane following,160.500,0.003125,0.750000,0,,NONE,0.000000,4.588515,4.611485
43.424,FOLLOW_LANE,camera lane following,161.000,0.006250,0.750000,0,,NONE,0.000000,4.654144,4.545856
43.456,FOLLOW_LANE,camera lane following,161.000,0.006250,0.750000,0,,NONE,0.000000,4.638523,4.561477
43.488,FOLLOW_LANE,camera lane following,161.250,0.007812,0.750000,0,,NONE,0.000000,4.654934,4.545066
43.520,FOLLOW_LANE,camera lane following,161.500,0.009375,0.750000,0,,NONE,0.000000,4.667440,4.532560
43.552,FOLLOW_LANE,camera lane following,161.500,0.009375,0.750000,0,,NONE,0.000000,4.663540,4.536460
43.584,FOLLOW_LANE,camera lane following,161.000,0.006250,0.750000,0,,NONE,0.000000,4.630731,4.569268
43.616,FOLLOW_LANE,camera lane following,161.500,0.009375,0.750000,0,,NONE,0.000000,4.671362,4.528637
43.648,FOLLOW_LANE,camera lane following,161.000,0.006250,0.750000,0,,NONE,0.000000,4.630742,4.569258
43.680,FOLLOW_LANE,camera lane following,161.000,0.006250,0.750000,0,,NONE,0.000000,4.638558,4.561442
43.712,FOLLOW_LANE,camera lane following,162.500,0.015625,0.750000,0,,NONE,0.000000,4.737005,4.462994
43.744,FOLLOW_LANE,camera lane following,162.500,0.015625,0.750000,0,,NONE,0.000000,4.713578,4.486422
43.776,FOLLOW_LANE,camera lane following,162.000,0.012500,0.750000,0,,NONE,0.000000,4.680773,4.519226
43.808,FOLLOW_LANE,camera lane following,162.000,0.012500,0.750000,0,,NONE,0.000000,4.688594,4.511406
43.840,FOLLOW_LANE,camera lane following,161.500,0.009375,0.750000,0,,NONE,0.000000,4.655787,4.544212
43.872,FOLLOW_LANE,camera lane following,161.500,0.009375,0.750000,0,,NONE,0.000000,4.663606,4.536394
43.904,FOLLOW_LANE,camera lane following,161.500,0.009375,0.750000,0,,NONE,0.000000,4.663612,4.536388
43.936,FOLLOW_LANE,camera lane following,161.000,0.006250,0.750000,0,,NONE,0.000000,4.630803,4.569196
43.968,FOLLOW_LANE,camera lane following,160.500,0.003125,0.750000,0,,NONE,0.000000,4.572991,4.627009
44.000,FOLLOW_LANE,camera lane following,160.500,0.003125,0.750000,0,,NONE,0.000000,4.588616,4.611384
44.032,FOLLOW_LANE,camera lane following,160.500,0.003125,0.750000,0,,NONE,0.000000,4.588616,4.611384
44.064,FOLLOW_LANE,camera lane following,160.500,0.003125,0.750000,0,,NONE,0.000000,4.588616,4.611384
44.096,FOLLOW_LANE,camera lane following,160.500,0.003125,0.750000,0,,NONE,0.000000,4.588616,4.611384
44.128,FOLLOW_LANE,camera lane following,160.500,0.003125,0.750000,0,,NONE,0.000000,4.588616,4.611384
44.160,FOLLOW_LANE,camera lane following,160.500,0.003125,0.750000,0,,NONE,0.000000,4.588616,4.611384
44.192,FOLLOW_LANE,camera lane following,160.000,0.000000,0.750000,0,,NONE,0.000000,4.588616,4.611384
44.224,FOLLOW_LANE,camera lane following,160.000,0.000000,0.750000,0,,NONE,0.000000,4.588616,4.611384
44.256,FOLLOW_LANE,camera lane following,160.000,0.000000,0.750000,0,,NONE,0.000000,4.588616,4.611384
44.288,FOLLOW_LANE,camera lane following,160.000,0.000000,0.750000,0,,NONE,0.000000,4.588616,4.611384
44.320,FOLLOW_LANE,camera lane following,159.500,-0.003125,0.750000,0,,NONE,0.000000,4.588616,4.611384
44.352,FOLLOW_LANE,camera lane following,160.000,0.000000,0.750000,0,,NONE,0.000000,4.588616,4.611384
44.384,FOLLOW_LANE,camera lane following,159.500,-0.003125,0.750000,0,,NONE,0.000000,4.588616,4.611384
44.416,FOLLOW_LANE,camera lane following,157.500,-0.015625,0.750000,0,,NONE,0.000000,4.424543,4.775456
44.448,FOLLOW_LANE,camera lane following,157.000,-0.018750,0.750000,0,,NONE,0.000000,4.430781,4.769219
44.480,FOLLOW_LANE,camera lane following,162.000,0.012500,0.750000,0,,NONE,0.000000,4.766727,4.433273
44.512,FOLLOW_LANE,camera lane following,159.000,-0.006250,0.750000,0,,NONE,0.000000,4.491723,4.708277
44.544,FOLLOW_LANE,camera lane following,158.500,-0.009375,0.750000,0,,NONE,0.000000,4.505780,4.694220
44.576,FOLLOW_LANE,camera lane following,158.000,-0.012500,0.750000,0,,NONE,0.000000,4.480771,4.719228
44.608,FOLLOW_LANE,camera lane following,157.500,-0.015625,0.750000,0,,NONE,0.000000,4.455761,4.744238
44.640,FOLLOW_LANE,camera lane following,157.000,-0.018750,0.750000,0,,NONE,0.000000,4.430749,4.769251
44.672,FOLLOW_LANE,camera lane following,157.000,-0.018750,0.750000,0,,NONE,0.000000,4.438550,4.761450
44.704,FOLLOW_LANE,camera lane following,156.500,-0.021875,0.750000,0,,NONE,0.000000,4.405723,4.794276
44.736,FOLLOW_LANE,camera lane following,156.000,-0.025000,0.750000,0,,NONE,0.000000,4.380707,4.819292
44.768,FOLLOW_LANE,camera lane following,155.500,-0.028125,0.750000,0,,NONE,0.000000,4.355689,4.844310
44.800,FOLLOW_LANE,camera lane following,155.000,-0.031250,0.750000,0,,NONE,0.000000,4.330669,4.869330
44.832,FOLLOW_LANE,camera lane following,154.500,-0.034375,0.750000,0,,NONE,0.000000,4.305647,4.894353
44.864,FOLLOW_LANE,camera lane following,153.500,-0.040625,0.750000,0,,NONE,0.000000,4.247809,4.952191
44.896,FOLLOW_LANE,camera lane following,153.000,-0.043750,0.750000,0,,NONE,0.000000,4.230593,4.969406
44.928,FOLLOW_LANE,camera lane following,152.000,-0.050000,0.750000,0,,NONE,0.000000,4.172749,5.027251
44.960,FOLLOW_LANE,camera lane following,151.500,-0.053125,0.750000,0,,NONE,0.000000,4.155527,5.044472
44.992,FOLLOW_LANE,camera lane following,150.000,-0.062500,0.750000,0,,NONE,0.000000,4.064862,5.135137
45.024,FOLLOW_LANE,camera lane following,149.000,-0.068750,0.750000,0,,NONE,0.000000,4.022631,5.177369
45.056,FOLLOW_LANE,camera lane following,148.500,-0.071875,0.750000,0,,NONE,0.000000,4.005397,5.194602
45.088,FOLLOW_LANE,camera lane following,148.500,-0.071875,0.750000,0,,NONE,0.000000,4.013164,5.186836
45.120,FOLLOW_LANE,camera lane following,148.500,-0.071875,0.750000,0,,NONE,0.000000,4.013118,5.186882
45.152,FOLLOW_LANE,camera lane following,148.000,-0.075000,0.750000,0,,NONE,0.000000,3.980257,5.219742
45.184,FOLLOW_LANE,camera lane following,147.000,-0.081250,0.750000,0,,NONE,0.000000,3.922393,5.277607
45.216,FOLLOW_LANE,camera lane following,149.000,-0.068750,0.750000,0,,NONE,0.000000,4.069224,5.130776
45.248,FOLLOW_LANE,camera lane following,154.500,-0.034375,0.750000,0,,NONE,0.000000,4.398889,4.801111
45.280,FOLLOW_LANE,camera lane following,153.000,-0.043750,0.750000,0,,NONE,0.000000,4.214486,4.985513
45.312,FOLLOW_LANE,camera lane following,152.000,-0.050000,0.750000,0,,NONE,0.000000,4.172267,5.027733
45.344,FOLLOW_LANE,camera lane following,153.000,-0.043750,0.750000,0,,NONE,0.000000,4.253489,4.946511
45.376,FOLLOW_LANE,camera lane following,155.000,-0.031250,0.750000,0,,NONE,0.000000,4.369094,4.830906
45.408,FOLLOW_LANE,camera lane following,151.750,-0.051562,0.750000,0,,NONE,0.000000,4.124530,5.075470
45.440,FOLLOW_LANE,camera lane following,147.000,-0.081250,0.750000,0,,NONE,0.000000,3.863540,5.336460
45.472,FOLLOW_LANE,camera lane following,147.000,-0.081250,0.750000,0,,NONE,0.000000,3.937707,5.262293
45.504,FOLLOW_LANE,camera lane following,146.500,-0.084375,0.750000,0,,NONE,0.000000,3.904840,5.295159
45.536,FOLLOW_LANE,camera lane following,146.500,-0.084375,0.750000,0,,NONE,0.000000,3.912599,5.287401
45.568,FOLLOW_LANE,camera lane following,146.500,-0.084375,0.750000,0,,NONE,0.000000,3.912545,5.287455
45.600,FOLLOW_LANE,camera lane following,146.500,-0.084375,0.750000,0,,NONE,0.000000,3.912491,5.287509
45.632,FOLLOW_LANE,camera lane following,147.000,-0.081250,0.750000,0,,NONE,0.000000,3.945251,5.254748
45.664,FOLLOW_LANE,camera lane following,147.000,-0.081250,0.750000,0,,NONE,0.000000,3.937387,5.262613
45.696,FOLLOW_LANE,camera lane following,147.500,-0.078125,0.750000,0,,NONE,0.000000,3.970149,5.229850
45.728,FOLLOW_LANE,camera lane following,148.500,-0.071875,0.750000,0,,NONE,0.000000,4.027916,5.172084
45.760,FOLLOW_LANE,camera lane following,149.000,-0.068750,0.750000,0,,NONE,0.000000,4.045059,5.154940
45.792,FOLLOW_LANE,camera lane following,150.500,-0.059375,0.750000,0,,NONE,0.000000,4.135647,5.064353
45.824,FOLLOW_LANE,camera lane following,151.000,-0.056250,0.750000,0,,NONE,0.000000,4.144985,5.055014
45.856,FOLLOW_LANE,camera lane following,151.500,-0.053125,0.750000,0,,NONE,0.000000,4.169951,5.030048
45.888,FOLLOW_LANE,camera lane following,152.000,-0.050000,0.750000,0,,NONE,0.000000,4.194919,5.005081
45.920,FOLLOW_LANE,camera lane following,153.000,-0.043750,0.750000,0,,NONE,0.000000,4.252704,4.947296
45.952,FOLLOW_LANE,camera lane following,153.500,-0.040625,0.750000,0,,NONE,0.000000,4.269865,4.930134
45.984,FOLLOW_LANE,camera lane following,154.000,-0.037500,0.750000,0,,NONE,0.000000,4.294841,4.905158
46.016,FOLLOW_LANE,camera lane following,158.000,-0.012500,0.750000,0,,NONE,0.000000,4.549521,4.650479
46.048,FOLLOW_LANE,camera lane following,156.000,-0.025000,0.750000,0,,NONE,0.000000,4.355755,4.844245
46.080,FOLLOW_LANE,camera lane following,156.500,-0.021875,0.750000,0,,NONE,0.000000,4.419803,4.780196
46.112,FOLLOW_LANE,camera lane following,157.000,-0.018750,0.750000,0,,NONE,0.000000,4.444792,4.755208
46.144,FOLLOW_LANE,camera lane following,156.000,-0.025000,0.750000,0,,NONE,0.000000,4.371338,4.828662
46.176,FOLLOW_LANE,camera lane following,154.500,-0.034375,0.750000,0,,NONE,0.000000,4.288503,4.911497
46.208,FOLLOW_LANE,camera lane following,154.500,-0.034375,0.750000,0,,NONE,0.000000,4.311919,4.888081
46.240,FOLLOW_LANE,camera lane following,154.000,-0.037500,0.750000,0,,NONE,0.000000,4.279082,4.920917
46.272,FOLLOW_LANE,camera lane following,153.500,-0.040625,0.750000,0,,NONE,0.000000,4.254056,4.945943
46.304,FOLLOW_LANE,camera lane following,153.500,-0.040625,0.750000,0,,NONE,0.000000,4.261843,4.938157
46.336,FOLLOW_LANE,camera lane following,153.000,-0.043750,0.750000,0,,NONE,0.000000,4.229002,4.970997
46.368,FOLLOW_LANE,camera lane following,153.000,-0.043750,0.750000,0,,NONE,0.000000,4.236787,4.963213
46.400,FOLLOW_LANE,camera lane following,153.000,-0.043750,0.750000,0,,NONE,0.000000,4.236759,4.963241
46.432,FOLLOW_LANE,camera lane following,152.750,-0.045312,0.750000,0,,NONE,0.000000,4.220324,4.979676
46.464,FOLLOW_LANE,camera lane following,153.000,-0.043750,0.750000,0,,NONE,0.000000,4.240608,4.959392
46.496,FOLLOW_LANE,camera lane following,153.000,-0.043750,0.750000,0,,NONE,0.000000,4.236674,4.963326
46.528,FOLLOW_LANE,camera lane following,153.000,-0.043750,0.750000,0,,NONE,0.000000,4.236646,4.963354
46.560,FOLLOW_LANE,camera lane following,153.000,-0.043750,0.750000,0,,NONE,0.000000,4.236618,4.963382
46.592,FOLLOW_LANE,camera lane following,153.500,-0.040625,0.750000,0,,NONE,0.000000,4.269404,4.930595
46.624,FOLLOW_LANE,camera lane following,153.500,-0.040625,0.750000,0,,NONE,0.000000,4.261566,4.938434
46.656,FOLLOW_LANE,camera lane following,154.000,-0.037500,0.750000,0,,NONE,0.000000,4.294354,4.905645
46.688,FOLLOW_LANE,camera lane following,154.500,-0.034375,0.750000,0,,NONE,0.000000,4.319332,4.880667
46.720,FOLLOW_LANE,camera lane following,154.500,-0.034375,0.750000,0,,NONE,0.000000,4.311498,4.888502
46.752,FOLLOW_LANE,camera lane following,154.500,-0.034375,0.750000,0,,NONE,0.000000,4.311476,4.888524
46.784,FOLLOW_LANE,camera lane following,157.000,-0.018750,0.750000,0,,NONE,0.000000,4.475526,4.724473
46.816,FOLLOW_LANE,camera lane following,156.500,-0.021875,0.750000,0,,NONE,0.000000,4.403637,4.796362
46.848,FOLLOW_LANE,camera lane following,157.000,-0.018750,0.750000,0,,NONE,0.000000,4.444250,4.755749
46.880,FOLLOW_LANE,camera lane following,157.000,-0.018750,0.750000,0,,NONE,0.000000,4.436426,4.763574
46.912,FOLLOW_LANE,camera lane following,156.000,-0.025000,0.750000,0,,NONE,0.000000,4.370785,4.829215
46.944,FOLLOW_LANE,camera lane following,155.000,-0.031250,0.750000,0,,NONE,0.000000,4.320765,4.879235
46.976,FOLLOW_LANE,camera lane following,154.500,-0.034375,0.750000,0,,NONE,0.000000,4.303555,4.896444
47.008,FOLLOW_LANE,camera lane following,154.500,-0.034375,0.750000,0,,NONE,0.000000,4.311346,4.888654
47.040,FOLLOW_LANE,camera lane following,154.000,-0.037500,0.750000,0,,NONE,0.000000,4.278509,4.921490
47.072,FOLLOW_LANE,camera lane following,154.000,-0.037500,0.750000,0,,NONE,0.000000,4.286298,4.913702
47.104,FOLLOW_LANE,camera lane following,153.500,-0.040625,0.750000,0,,NONE,0.000000,4.253459,4.946540
47.136,FOLLOW_LANE,camera lane following,153.000,-0.043750,0.750000,0,,NONE,0.000000,4.228431,4.971569
47.168,FOLLOW_LANE,camera lane following,152.500,-0.046875,0.750000,0,,NONE,0.000000,4.203402,4.996598
47.200,FOLLOW_LANE,camera lane following,153.000,-0.043750,0.750000,0,,NONE,0.000000,4.243999,4.956001
47.232,FOLLOW_LANE,camera lane following,153.000,-0.043750,0.750000,0,,NONE,0.000000,4.236158,4.963842
47.264,FOLLOW_LANE,camera lane following,153.000,-0.043750,0.750000,0,,NONE,0.000000,4.236130,4.963870
47.296,FOLLOW_LANE,camera lane following,153.000,-0.043750,0.750000,0,,NONE,0.000000,4.236102,4.963898
47.328,FOLLOW_LANE,camera lane following,153.000,-0.043750,0.750000,0,,NONE,0.000000,4.236074,4.963926
47.360,FOLLOW_LANE,camera lane following,153.000,-0.043750,0.750000,0,,NONE,0.000000,4.236046,4.963954
47.392,FOLLOW_LANE,camera lane following,153.500,-0.040625,0.750000,0,,NONE,0.000000,4.268832,4.931167
47.424,FOLLOW_LANE,camera lane following,153.500,-0.040625,0.750000,0,,NONE,0.000000,4.260994,4.939006
47.456,FOLLOW_LANE,camera lane following,154.000,-0.037500,0.750000,0,,NONE,0.000000,4.293782,4.906217
47.488,FOLLOW_LANE,camera lane following,154.500,-0.034375,0.750000,0,,NONE,0.000000,4.318760,4.881239
47.520,FOLLOW_LANE,camera lane following,154.000,-0.037500,0.750000,0,,NONE,0.000000,4.278111,4.921888
47.552,FOLLOW_LANE,camera lane following,156.500,-0.021875,0.750000,0,,NONE,0.000000,4.449972,4.750027
47.584,FOLLOW_LANE,camera lane following,156.500,-0.021875,0.750000,0,,NONE,0.000000,4.410896,4.789104
47.616,FOLLOW_LANE,camera lane following,156.500,-0.021875,0.750000,0,,NONE,0.000000,4.410882,4.789118
47.648,FOLLOW_LANE,camera lane following,157.000,-0.018750,0.750000,0,,NONE,0.000000,4.443682,4.756317
47.680,FOLLOW_LANE,camera lane following,156.500,-0.021875,0.750000,0,,NONE,0.000000,4.403043,4.796956
47.712,FOLLOW_LANE,camera lane following,154.500,-0.034375,0.750000,0,,NONE,0.000000,4.279584,4.920416
47.744,FOLLOW_LANE,camera lane following,154.000,-0.037500,0.750000,0,,NONE,0.000000,4.277997,4.922002
47.776,FOLLOW_LANE,camera lane following,153.500,-0.040625,0.750000,0,,NONE,0.000000,4.252971,4.947029
47.808,FOLLOW_LANE,camera lane following,153.500,-0.040625,0.750000,0,,NONE,0.000000,4.260758,4.939242
47.840,FOLLOW_LANE,camera lane following,153.000,-0.043750,0.750000,0,,NONE,0.000000,4.227917,4.972082
47.872,FOLLOW_LANE,camera lane following,152.500,-0.046875,0.750000,0,,NONE,0.000000,4.202887,4.997113
47.904,FOLLOW_LANE,camera lane following,152.500,-0.046875,0.750000,0,,NONE,0.000000,4.210670,4.989330
47.936,FOLLOW_LANE,camera lane following,152.000,-0.050000,0.750000,0,,NONE,0.000000,4.177825,5.022174
47.968,FOLLOW_LANE,camera lane following,152.000,-0.050000,0.750000,0,,NONE,0.000000,4.185606,5.014394
48.000,FOLLOW_LANE,camera lane following,152.000,-0.050000,0.750000,0,,NONE,0.000000,4.185574,5.014426
48.032,FOLLOW_LANE,camera lane following,152.000,-0.050000,0.750000,0,,NONE,0.000000,4.185542,5.014458
48.064,FOLLOW_LANE,camera lane following,152.000,-0.050000,0.750000,0,,NONE,0.000000,4.185510,5.014490
48.096,FOLLOW_LANE,camera lane following,152.500,-0.046875,0.750000,0,,NONE,0.000000,4.218292,4.981707
48.128,FOLLOW_LANE,camera lane following,153.000,-0.043750,0.750000,0,,NONE,0.000000,4.243264,4.956735
48.160,FOLLOW_LANE,camera lane following,153.000,-0.043750,0.750000,0,,NONE,0.000000,4.235424,4.964576
48.192,FOLLOW_LANE,camera lane following,152.500,-0.046875,0.750000,0,,NONE,0.000000,4.202581,4.997418
48.224,FOLLOW_LANE,camera lane following,153.500,-0.040625,0.750000,0,,NONE,0.000000,4.275993,4.924007
48.256,FOLLOW_LANE,camera lane following,154.500,-0.034375,0.750000,0,,NONE,0.000000,4.325971,4.874029
48.288,FOLLOW_LANE,camera lane following,154.000,-0.037500,0.750000,0,,NONE,0.000000,4.277509,4.922490
48.320,FOLLOW_LANE,camera lane following,155.000,-0.031250,0.750000,0,,NONE,0.000000,4.350927,4.849073
48.352,FOLLOW_LANE,camera lane following,157.000,-0.018750,0.750000,0,,NONE,0.000000,4.466540,4.733460
48.384,FOLLOW_LANE,camera lane following,156.000,-0.025000,0.750000,0,,NONE,0.000000,4.369649,4.830351
48.416,FOLLOW_LANE,camera lane following,156.500,-0.021875,0.750000,0,,NONE,0.000000,4.418073,4.781927
48.448,FOLLOW_LANE,camera lane following,156.500,-0.021875,0.750000,0,,NONE,0.000000,4.410246,4.789754
48.480,FOLLOW_LANE,camera lane following,155.000,-0.031250,0.750000,0,,NONE,0.000000,4.311788,4.888211
48.512,FOLLOW_LANE,camera lane following,154.000,-0.037500,0.750000,0,,NONE,0.000000,4.269577,4.930423
48.544,FOLLOW_LANE,camera lane following,154.000,-0.037500,0.750000,0,,NONE,0.000000,4.285178,4.914822
48.576,FOLLOW_LANE,camera lane following,153.500,-0.040625,0.750000,0,,NONE,0.000000,4.252339,4.947660
48.608,FOLLOW_LANE,camera lane following,153.000,-0.043750,0.750000,0,,NONE,0.000000,4.227311,4.972688
48.640,FOLLOW_LANE,camera lane following,153.000,-0.043750,0.750000,0,,NONE,0.000000,4.235096,4.964904
48.672,FOLLOW_LANE,camera lane following,152.500,-0.046875,0.750000,0,,NONE,0.000000,4.202253,4.997746
48.704,FOLLOW_LANE,camera lane following,152.500,-0.046875,0.750000,0,,NONE,0.000000,4.210036,4.989964
48.736,FOLLOW_LANE,camera lane following,152.000,-0.050000,0.750000,0,,NONE,0.000000,4.177191,5.022809
48.768,FOLLOW_LANE,camera lane following,152.000,-0.050000,0.750000,0,,NONE,0.000000,4.184972,5.015028
48.800,FOLLOW_LANE,camera lane following,152.500,-0.046875,0.750000,0,,NONE,0.000000,4.217754,4.982245
48.832,FOLLOW_LANE,camera lane following,153.000,-0.043750,0.750000,0,,NONE,0.000000,4.242726,4.957273
48.864,FOLLOW_LANE,camera lane following,153.000,-0.043750,0.750000,0,,NONE,0.000000,4.234886,4.965114
48.896,FOLLOW_LANE,camera lane following,153.000,-0.043750,0.750000,0,,NONE,0.000000,4.234858,4.965142
48.928,FOLLOW_LANE,camera lane following,153.000,-0.043750,0.750000,0,,NONE,0.000000,4.234830,4.965170
48.960,FOLLOW_LANE,camera lane following,153.500,-0.040625,0.750000,0,,NONE,0.000000,4.267616,4.932383
48.992,FOLLOW_LANE,camera lane following,153.500,-0.040625,0.750000,0,,NONE,0.000000,4.259778,4.940222
49.024,FOLLOW_LANE,camera lane following,154.500,-0.034375,0.750000,0,,NONE,0.000000,4.325381,4.874619
49.056,FOLLOW_LANE,camera lane following,154.000,-0.037500,0.750000,0,,NONE,0.000000,4.276919,4.923080
49.088,FOLLOW_LANE,camera lane following,155.000,-0.031250,0.750000,0,,NONE,0.000000,4.350337,4.849663
49.120,FOLLOW_LANE,camera lane following,160.000,0.000000,0.750000,0,,NONE,0.000000,4.662837,4.537163
49.152,FOLLOW_LANE,camera lane following,155.500,-0.028125,0.750000,0,,NONE,0.000000,4.289381,4.910618
49.184,FOLLOW_LANE,camera lane following,156.500,-0.021875,0.750000,0,,NONE,0.000000,4.425305,4.774695
49.216,FOLLOW_LANE,camera lane following,156.500,-0.021875,0.750000,0,,NONE,0.000000,4.409666,4.790334
49.248,FOLLOW_LANE,camera lane following,155.000,-0.031250,0.750000,0,,NONE,0.000000,4.311208,4.888791
49.280,FOLLOW_LANE,camera lane following,154.000,-0.037500,0.750000,0,,NONE,0.000000,4.268997,4.931003
49.312,FOLLOW_LANE,camera lane following,154.000,-0.037500,0.750000,0,,NONE,0.000000,4.284598,4.915402
49.344,FOLLOW_LANE,camera lane following,153.500,-0.040625,0.750000,0,,NONE,0.000000,4.251759,4.948240
49.376,FOLLOW_LANE,camera lane following,153.000,-0.043750,0.750000,0,,NONE,0.000000,4.226731,4.973268
49.408,FOLLOW_LANE,camera lane following,152.500,-0.046875,0.750000,0,,NONE,0.000000,4.201701,4.998298
49.440,FOLLOW_LANE,camera lane following,152.500,-0.046875,0.750000,0,,NONE,0.000000,4.209484,4.990516
49.472,FOLLOW_LANE,camera lane following,152.000,-0.050000,0.750000,0,,NONE,0.000000,4.176639,5.023360
49.504,FOLLOW_LANE,camera lane following,152.000,-0.050000,0.750000,0,,NONE,0.000000,4.184420,5.015580
49.536,FOLLOW_LANE,camera lane following,152.000,-0.050000,0.750000,0,,NONE,0.000000,4.184388,5.015612
49.568,FOLLOW_LANE,camera lane following,152.500,-0.046875,0.750000,0,,NONE,0.000000,4.217170,4.982829
49.600,FOLLOW_LANE,camera lane following,152.500,-0.046875,0.750000,0,,NONE,0.000000,4.209328,4.990672
49.632,FOLLOW_LANE,camera lane following,153.000,-0.043750,0.750000,0,,NONE,0.000000,4.242112,4.957888
49.664,FOLLOW_LANE,camera lane following,153.000,-0.043750,0.750000,0,,NONE,0.000000,4.234272,4.965728
49.696,FOLLOW_LANE,camera lane following,153.000,-0.043750,0.750000,0,,NONE,0.000000,4.234244,4.965756
49.728,FOLLOW_LANE,camera lane following,153.500,-0.040625,0.750000,0,,NONE,0.000000,4.267030,4.932969
49.760,FOLLOW_LANE,camera lane following,153.500,-0.040625,0.750000,0,,NONE,0.000000,4.259192,4.940808
49.792,FOLLOW_LANE,camera lane following,154.000,-0.037500,0.750000,0,,NONE,0.000000,4.291980,4.908019
49.824,FOLLOW_LANE,camera lane following,154.000,-0.037500,0.750000,0,,NONE,0.000000,4.284144,4.915856
49.856,FOLLOW_LANE,camera lane following,155.000,-0.031250,0.750000,0,,NONE,0.000000,4.349749,4.850251
49.888,FOLLOW_LANE,camera lane following,159.000,-0.006250,0.750000,0,,NONE,0.000000,4.596620,4.603380
49.920,FOLLOW_LANE,camera lane following,156.000,-0.025000,0.750000,0,,NONE,0.000000,4.337229,4.862771
49.952,FOLLOW_LANE,camera lane following,157.000,-0.018750,0.750000,0,,NONE,0.000000,4.449717,4.750283
49.984,FOLLOW_LANE,camera lane following,157.000,-0.018750,0.750000,0,,NONE,0.000000,4.434080,4.765920
50.016,FOLLOW_LANE,camera lane following,156.000,-0.025000,0.750000,0,,NONE,0.000000,4.368439,4.831561
50.048,FOLLOW_LANE,camera lane following,154.500,-0.034375,0.750000,0,,NONE,0.000000,4.285604,4.914395
50.080,FOLLOW_LANE,camera lane following,154.000,-0.037500,0.750000,0,,NONE,0.000000,4.276205,4.923794
50.112,FOLLOW_LANE,camera lane following,154.000,-0.037500,0.750000,0,,NONE,0.000000,4.283994,4.916006
50.144,FOLLOW_LANE,camera lane following,153.500,-0.040625,0.750000,0,,NONE,0.000000,4.251155,4.948844
50.176,FOLLOW_LANE,camera lane following,153.000,-0.043750,0.750000,0,,NONE,0.000000,4.226127,4.973872
50.208,FOLLOW_LANE,camera lane following,152.500,-0.046875,0.750000,0,,NONE,0.000000,4.201097,4.998902
50.240,FOLLOW_LANE,camera lane following,153.000,-0.043750,0.750000,0,,NONE,0.000000,4.241694,4.958305
50.272,FOLLOW_LANE,camera lane following,152.500,-0.046875,0.750000,0,,NONE,0.000000,4.201039,4.998960
50.304,FOLLOW_LANE,camera lane following,152.500,-0.046875,0.750000,0,,NONE,0.000000,4.208822,4.991178
50.336,FOLLOW_LANE,camera lane following,152.500,-0.046875,0.750000,0,,NONE,0.000000,4.208792,4.991208
50.368,FOLLOW_LANE,camera lane following,152.500,-0.046875,0.750000,0,,NONE,0.000000,4.208762,4.991238
50.400,FOLLOW_LANE,camera lane following,152.500,-0.046875,0.750000,0,,NONE,0.000000,4.208732,4.991268
50.432,FOLLOW_LANE,camera lane following,152.500,-0.046875,0.750000,0,,NONE,0.000000,4.208702,4.991298
50.464,FOLLOW_LANE,camera lane following,153.000,-0.043750,0.750000,0,,NONE,0.000000,4.241486,4.958513
50.496,FOLLOW_LANE,camera lane following,153.500,-0.040625,0.750000,0,,NONE,0.000000,4.266460,4.933539
50.528,FOLLOW_LANE,camera lane following,154.000,-0.037500,0.750000,0,,NONE,0.000000,4.291436,4.908563
50.560,FOLLOW_LANE,camera lane following,154.500,-0.034375,0.750000,0,,NONE,0.000000,4.316414,4.883585
50.592,FOLLOW_LANE,camera lane following,154.500,-0.034375,0.750000,0,,NONE,0.000000,4.308580,4.891420
50.624,FOLLOW_LANE,camera lane following,154.500,-0.034375,0.750000,0,,NONE,0.000000,4.308558,4.891442
50.656,FOLLOW_LANE,camera lane following,159.500,-0.003125,0.750000,0,,NONE,0.000000,4.669496,4.530504
50.688,FOLLOW_LANE,camera lane following,156.000,-0.025000,0.750000,0,,NONE,0.000000,4.321042,4.878958
50.720,FOLLOW_LANE,camera lane following,156.500,-0.021875,0.750000,0,,NONE,0.000000,4.416340,4.783659
50.752,FOLLOW_LANE,camera lane following,157.000,-0.018750,0.750000,0,,NONE,0.000000,4.441329,4.758671
50.784,FOLLOW_LANE,camera lane following,156.500,-0.021875,0.750000,0,,NONE,0.000000,4.400689,4.799310
50.816,FOLLOW_LANE,camera lane following,154.500,-0.034375,0.750000,0,,NONE,0.000000,4.277230,4.922770
50.848,FOLLOW_LANE,camera lane following,154.000,-0.037500,0.750000,0,,NONE,0.000000,4.275643,4.924357
50.880,FOLLOW_LANE,camera lane following,153.500,-0.040625,0.750000,0,,NONE,0.000000,4.250617,4.949382
50.912,FOLLOW_LANE,camera lane following,153.000,-0.043750,0.750000,0,,NONE,0.000000,4.225589,4.974410
50.944,FOLLOW_LANE,camera lane following,152.500,-0.046875,0.750000,0,,NONE,0.000000,4.200559,4.999440
50.976,FOLLOW_LANE,camera lane following,152.500,-0.046875,0.750000,0,,NONE,0.000000,4.208342,4.991658
51.008,FOLLOW_LANE,camera lane following,152.000,-0.050000,0.750000,0,,NONE,0.000000,4.175497,5.024502
51.040,FOLLOW_LANE,camera lane following,152.000,-0.050000,0.750000,0,,NONE,0.000000,4.183278,5.016722
51.072,FOLLOW_LANE,camera lane following,151.500,-0.053125,0.750000,0,,NONE,0.000000,4.150431,5.049568
51.104,FOLLOW_LANE,camera lane following,151.500,-0.053125,0.750000,0,,NONE,0.000000,4.158210,5.041790
51.136,FOLLOW_LANE,camera lane following,151.500,-0.053125,0.750000,0,,NONE,0.000000,4.158176,5.041824
51.168,FOLLOW_LANE,camera lane following,152.000,-0.050000,0.750000,0,,NONE,0.000000,4.190956,5.009043
51.200,FOLLOW_LANE,camera lane following,152.000,-0.050000,0.750000,0,,NONE,0.000000,4.183112,5.016888
51.232,FOLLOW_LANE,camera lane following,152.500,-0.046875,0.750000,0,,NONE,0.000000,4.215894,4.984106
51.264,FOLLOW_LANE,camera lane following,152.500,-0.046875,0.750000,0,,NONE,0.000000,4.208052,4.991948
51.296,FOLLOW_LANE,camera lane following,152.500,-0.046875,0.750000,0,,NONE,0.000000,4.208022,4.991978
51.328,FOLLOW_LANE,camera lane following,153.000,-0.043750,0.750000,0,,NONE,0.000000,4.240806,4.959193
51.360,FOLLOW_LANE,camera lane following,153.500,-0.040625,0.750000,0,,NONE,0.000000,4.265780,4.934219
51.392,FOLLOW_LANE,camera lane following,153.500,-0.040625,0.750000,0,,NONE,0.000000,4.257942,4.942058
51.424,FOLLOW_LANE,camera lane following,157.500,-0.015625,0.750000,0,,NONE,0.000000,4.520432,4.679568
51.456,FOLLOW_LANE,camera lane following,155.500,-0.028125,0.750000,0,,NONE,0.000000,4.326664,4.873336
51.488,FOLLOW_LANE,camera lane following,156.000,-0.025000,0.750000,0,,NONE,0.000000,4.390710,4.809289
51.520,FOLLOW_LANE,camera lane following,156.500,-0.021875,0.750000,0,,NONE,0.000000,4.415696,4.784304
51.552,FOLLOW_LANE,camera lane following,156.000,-0.025000,0.750000,0,,NONE,0.000000,4.375055,4.824944
51.584,FOLLOW_LANE,camera lane following,154.500,-0.034375,0.750000,0,,NONE,0.000000,4.284408,4.915591
51.616,FOLLOW_LANE,camera lane following,154.000,-0.037500,0.750000,0,,NONE,0.000000,4.275009,4.924990
51.648,FOLLOW_LANE,camera lane following,153.500,-0.040625,0.750000,0,,NONE,0.000000,4.249983,4.950016
51.680,FOLLOW_LANE,camera lane following,153.000,-0.043750,0.750000,0,,NONE,0.000000,4.224956,4.975044
51.712,FOLLOW_LANE,camera lane following,152.500,-0.046875,0.750000,0,,NONE,0.000000,4.199925,5.000074
51.744,FOLLOW_LANE,camera lane following,152.500,-0.046875,0.750000,0,,NONE,0.000000,4.207708,4.992292
51.776,FOLLOW_LANE,camera lane following,152.000,-0.050000,0.750000,0,,NONE,0.000000,4.174863,5.025136
51.808,FOLLOW_LANE,camera lane following,152.000,-0.050000,0.750000,0,,NONE,0.000000,4.182644,5.017356
51.840,FOLLOW_LANE,camera lane following,152.000,-0.050000,0.750000,0,,NONE,0.000000,4.182612,5.017388
51.872,FOLLOW_LANE,camera lane following,152.000,-0.050000,0.750000,0,,NONE,0.000000,4.182580,5.017420
51.904,FOLLOW_LANE,camera lane following,152.000,-0.050000,0.750000,0,,NONE,0.000000,4.182548,5.017452
51.936,FOLLOW_LANE,camera lane following,152.000,-0.050000,0.750000,0,,NONE,0.000000,4.182516,5.017484
51.968,FOLLOW_LANE,camera lane following,152.500,-0.046875,0.750000,0,,NONE,0.000000,4.215298,4.984701
52.000,FOLLOW_LANE,camera lane following,152.500,-0.046875,0.750000,0,,NONE,0.000000,4.207456,4.992544
52.032,FOLLOW_LANE,camera lane following,152.500,-0.046875,0.750000,0,,NONE,0.000000,4.207426,4.992574
52.064,FOLLOW_LANE,camera lane following,153.000,-0.043750,0.750000,0,,NONE,0.000000,4.240210,4.959789
52.096,FOLLOW_LANE,camera lane following,154.000,-0.037500,0.750000,0,,NONE,0.000000,4.297999,4.902001
52.128,FOLLOW_LANE,camera lane following,154.000,-0.037500,0.750000,0,,NONE,0.000000,4.282350,4.917650
52.160,FOLLOW_LANE,camera lane following,154.000,-0.037500,0.750000,0,,NONE,0.000000,4.282326,4.917674
52.192,FOLLOW_LANE,camera lane following,156.500,-0.021875,0.750000,0,,NONE,0.000000,4.446375,4.753625
52.224,FOLLOW_LANE,camera lane following,155.500,-0.028125,0.750000,0,,NONE,0.000000,4.341669,4.858331
52.256,FOLLOW_LANE,camera lane following,155.500,-0.028125,0.750000,0,,NONE,0.000000,4.357276,4.842724
52.288,FOLLOW_LANE,camera lane following,156.000,-0.025000,0.750000,0,,NONE,0.000000,4.390072,4.809927
52.320,FOLLOW_LANE,camera lane following,155.000,-0.031250,0.750000,0,,NONE,0.000000,4.316615,4.883385
52.352,FOLLOW_LANE,camera lane following,154.500,-0.034375,0.750000,0,,NONE,0.000000,4.299405,4.900594
52.384,FOLLOW_LANE,camera lane following,154.000,-0.037500,0.750000,0,,NONE,0.000000,4.274381,4.925618
52.416,FOLLOW_LANE,camera lane following,154.000,-0.037500,0.750000,0,,NONE,0.000000,4.282170,4.917830
52.448,FOLLOW_LANE,camera lane following,154.500,-0.034375,0.750000,0,,NONE,0.000000,4.314960,4.885039
52.480,FOLLOW_LANE,camera lane following,154.000,-0.037500,0.750000,0,,NONE,0.000000,4.274311,4.925688
52.512,FOLLOW_LANE,camera lane following,154.000,-0.037500,0.750000,0,,NONE,0.000000,4.282100,4.917900
52.544,FOLLOW_LANE,camera lane following,154.000,-0.037500,0.750000,0,,NONE,0.000000,4.282076,4.917924
52.576,FOLLOW_LANE,camera lane following,154.000,-0.037500,0.750000,0,,NONE,0.000000,4.282052,4.917948
52.608,FOLLOW_LANE,camera lane following,154.000,-0.037500,0.750000,0,,NONE,0.000000,4.282028,4.917972
52.640,FOLLOW_LANE,camera lane following,154.000,-0.037500,0.750000,0,,NONE,0.000000,4.282004,4.917996
52.672,FOLLOW_LANE,camera lane following,154.000,-0.037500,0.750000,0,,NONE,0.000000,4.281980,4.918020
52.704,FOLLOW_LANE,camera lane following,154.000,-0.037500,0.750000,0,,NONE,0.000000,4.281956,4.918044
52.736,FOLLOW_LANE,camera lane following,154.000,-0.037500,0.750000,0,,NONE,0.000000,4.281932,4.918068
52.768,FOLLOW_LANE,camera lane following,154.000,-0.037500,0.750000,0,,NONE,0.000000,4.281908,4.918092
52.800,FOLLOW_LANE,camera lane following,154.500,-0.034375,0.750000,0,,NONE,0.000000,4.314698,4.885301
52.832,FOLLOW_LANE,camera lane following,154.500,-0.034375,0.750000,0,,NONE,0.000000,4.306864,4.893136
52.864,FOLLOW_LANE,camera lane following,155.000,-0.031250,0.750000,0,,NONE,0.000000,4.339656,4.860343
52.896,FOLLOW_LANE,camera lane following,155.500,-0.028125,0.750000,0,,NONE,0.000000,4.364638,4.835361
52.928,FOLLOW_LANE,camera lane following,155.000,-0.031250,0.750000,0,,NONE,0.000000,4.323993,4.876006
52.960,FOLLOW_LANE,camera lane following,157.500,-0.015625,0.750000,0,,NONE,0.000000,4.495858,4.704141
52.992,FOLLOW_LANE,camera lane following,156.500,-0.021875,0.750000,0,,NONE,0.000000,4.391157,4.808843
53.024,FOLLOW_LANE,camera lane following,157.000,-0.018750,0.750000,0,,NONE,0.000000,4.439582,4.760417
53.056,FOLLOW_LANE,camera lane following,157.000,-0.018750,0.750000,0,,NONE,0.000000,4.431758,4.768242
53.088,FOLLOW_LANE,camera lane following,156.500,-0.021875,0.750000,0,,NONE,0.000000,4.398931,4.801068
53.120,FOLLOW_LANE,camera lane following,155.500,-0.028125,0.750000,0,,NONE,0.000000,4.341101,4.858899
53.152,FOLLOW_LANE,camera lane following,155.500,-0.028125,0.750000,0,,NONE,0.000000,4.356708,4.843292
53.184,FOLLOW_LANE,camera lane following,155.000,-0.031250,0.750000,0,,NONE,0.000000,4.323875,4.876124
53.216,FOLLOW_LANE,camera lane following,154.500,-0.034375,0.750000,0,,NONE,0.000000,4.298853,4.901146
53.248,FOLLOW_LANE,camera lane following,153.500,-0.040625,0.750000,0,,NONE,0.000000,4.241015,4.958985
53.280,FOLLOW_LANE,camera lane following,154.000,-0.037500,0.750000,0,,NONE,0.000000,4.289428,4.910571
53.312,FOLLOW_LANE,camera lane following,153.500,-0.040625,0.750000,0,,NONE,0.000000,4.248777,4.951223
53.344,FOLLOW_LANE,camera lane following,153.500,-0.040625,0.750000,0,,NONE,0.000000,4.256564,4.943436
53.376,FOLLOW_LANE,camera lane following,153.000,-0.043750,0.750000,0,,NONE,0.000000,4.223723,4.976276
53.408,FOLLOW_LANE,camera lane following,153.000,-0.043750,0.750000,0,,NONE,0.000000,4.231508,4.968492
53.440,FOLLOW_LANE,camera lane following,153.000,-0.043750,0.750000,0,,NONE,0.000000,4.231480,4.968520
53.472,FOLLOW_LANE,camera lane following,153.000,-0.043750,0.750000,0,,NONE,0.000000,4.231452,4.968548
53.504,FOLLOW_LANE,camera lane following,153.000,-0.043750,0.750000,0,,NONE,0.000000,4.231424,4.968576
53.536,FOLLOW_LANE,camera lane following,153.000,-0.043750,0.750000,0,,NONE,0.000000,4.231396,4.968604
53.568,FOLLOW_LANE,camera lane following,153.000,-0.043750,0.750000,0,,NONE,0.000000,4.231368,4.968632
53.600,FOLLOW_LANE,camera lane following,153.000,-0.043750,0.750000,0,,NONE,0.000000,4.231340,4.968660
53.632,FOLLOW_LANE,camera lane following,153.500,-0.040625,0.750000,0,,NONE,0.000000,4.264126,4.935873
53.664,FOLLOW_LANE,camera lane following,154.000,-0.037500,0.750000,0,,NONE,0.000000,4.289102,4.910897
53.696,FOLLOW_LANE,camera lane following,154.000,-0.037500,0.750000,0,,NONE,0.000000,4.281266,4.918734
53.728,FOLLOW_LANE,camera lane following,155.500,-0.028125,0.750000,0,,NONE,0.000000,4.379685,4.820314
53.760,FOLLOW_LANE,camera lane following,158.500,-0.009375,0.750000,0,,NONE,0.000000,4.553117,4.646883
53.792,FOLLOW_LANE,camera lane following,156.000,-0.025000,0.750000,0,,NONE,0.000000,4.342163,4.857836
53.824,FOLLOW_LANE,camera lane following,157.000,-0.018750,0.750000,0,,NONE,0.000000,4.446839,4.753161
53.856,FOLLOW_LANE,camera lane following,157.000,-0.018750,0.750000,0,,NONE,0.000000,4.431202,4.768798
53.888,FOLLOW_LANE,camera lane following,155.500,-0.028125,0.750000,0,,NONE,0.000000,4.332746,4.867253
53.920,FOLLOW_LANE,camera lane following,154.000,-0.037500,0.750000,0,,NONE,0.000000,4.257722,4.942277
53.952,FOLLOW_LANE,camera lane following,153.500,-0.040625,0.750000,0,,NONE,0.000000,4.248321,4.951678
53.984,FOLLOW_LANE,camera lane following,152.500,-0.046875,0.750000,0,,NONE,0.000000,4.190479,5.009521
54.016,FOLLOW_LANE,camera lane following,152.500,-0.046875,0.750000,0,,NONE,0.000000,4.206074,4.993926
54.048,FOLLOW_LANE,camera lane following,152.000,-0.050000,0.750000,0,,NONE,0.000000,4.173229,5.026770
54.080,FOLLOW_LANE,camera lane following,151.500,-0.053125,0.750000,0,,NONE,0.000000,4.148195,5.051804
54.112,FOLLOW_LANE,camera lane following,151.500,-0.053125,0.750000,0,,NONE,0.000000,4.155974,5.044026
54.144,FOLLOW_LANE,camera lane following,151.500,-0.053125,0.750000,0,,NONE,0.000000,4.155940,5.044060
54.176,FOLLOW_LANE,camera lane following,151.000,-0.056250,0.750000,0,,NONE,0.000000,4.123091,5.076909
54.208,FOLLOW_LANE,camera lane following,151.000,-0.056250,0.750000,0,,NONE,0.000000,4.130868,5.069132
54.240,FOLLOW_LANE,camera lane following,151.500,-0.053125,0.750000,0,,NONE,0.000000,4.163646,5.036353
54.272,FOLLOW_LANE,camera lane following,151.500,-0.053125,0.750000,0,,NONE,0.000000,4.155800,5.044200
54.304,FOLLOW_LANE,camera lane following,151.500,-0.053125,0.750000,0,,NONE,0.000000,4.155766,5.044234
54.336,FOLLOW_LANE,camera lane following,152.000,-0.050000,0.750000,0,,NONE,0.000000,4.188546,5.011454
54.368,FOLLOW_LANE,camera lane following,152.500,-0.046875,0.750000,0,,NONE,0.000000,4.213516,4.986483
54.400,FOLLOW_LANE,camera lane following,152.500,-0.046875,0.750000,0,,NONE,0.000000,4.205674,4.994326
54.432,FOLLOW_LANE,camera lane following,153.500,-0.040625,0.750000,0,,NONE,0.000000,4.271273,4.928727
54.464,FOLLOW_LANE,camera lane following,153.500,-0.040625,0.750000,0,,NONE,0.000000,4.255622,4.944378
54.496,FOLLOW_LANE,camera lane following,154.500,-0.034375,0.750000,0,,NONE,0.000000,4.321225,4.878775
54.528,FOLLOW_LANE,camera lane following,159.500,-0.003125,0.750000,0,,NONE,0.000000,4.666537,4.533462
54.560,FOLLOW_LANE,camera lane following,156.000,-0.025000,0.750000,0,,NONE,0.000000,4.318084,4.881916
54.592,FOLLOW_LANE,camera lane following,156.500,-0.021875,0.750000,0,,NONE,0.000000,4.413382,4.786617
54.624,FOLLOW_LANE,camera lane following,157.000,-0.018750,0.750000,0,,NONE,0.000000,4.438370,4.761629
54.656,FOLLOW_LANE,camera lane following,156.000,-0.025000,0.750000,0,,NONE,0.000000,4.364917,4.835083
54.688,FOLLOW_LANE,camera lane following,154.000,-0.037500,0.750000,0,,NONE,0.000000,4.249268,4.950732
54.720,FOLLOW_LANE,camera lane following,153.250,-0.042188,0.750000,0,,NONE,0.000000,4.231272,4.968728
54.752,FOLLOW_LANE,camera lane following,153.000,-0.043750,0.750000,0,,NONE,0.000000,4.226557,4.973443
54.784,FOLLOW_LANE,camera lane following,152.500,-0.046875,0.750000,0,,NONE,0.000000,4.197620,5.002379
54.816,FOLLOW_LANE,camera lane following,152.000,-0.050000,0.750000,0,,NONE,0.000000,4.172588,5.027411
54.848,FOLLOW_LANE,camera lane following,151.500,-0.053125,0.750000,0,,NONE,0.000000,4.147555,5.052445
54.880,FOLLOW_LANE,camera lane following,151.500,-0.053125,0.750000,0,,NONE,0.000000,4.155333,5.044667
54.912,FOLLOW_LANE,camera lane following,151.000,-0.056250,0.750000,0,,NONE,0.000000,4.122484,5.077515
54.944,FOLLOW_LANE,camera lane following,151.000,-0.056250,0.750000,0,,NONE,0.000000,4.130261,5.069739
54.976,FOLLOW_LANE,camera lane following,151.500,-0.053125,0.750000,0,,NONE,0.000000,4.163040,5.036960
55.008,FOLLOW_LANE,camera lane following,152.000,-0.050000,0.750000,0,,NONE,0.000000,4.188007,5.011992
55.040,FOLLOW_LANE,camera lane following,152.000,-0.050000,0.750000,0,,NONE,0.000000,4.180163,5.019837
55.072,FOLLOW_LANE,camera lane following,152.500,-0.046875,0.750000,0,,NONE,0.000000,4.212946,4.987054
55.104,FOLLOW_LANE,camera lane following,152.500,-0.046875,0.750000,0,,NONE,0.000000,4.205103,4.994897
55.136,FOLLOW_LANE,camera lane following,153.000,-0.043750,0.750000,0,,NONE,0.000000,4.237887,4.962112
55.168,FOLLOW_LANE,camera lane following,153.000,-0.043750,0.750000,0,,NONE,0.000000,4.230047,4.969953
55.200,FOLLOW_LANE,camera lane following,154.000,-0.037500,0.750000,0,,NONE,0.000000,4.295648,4.904352
55.232,FOLLOW_LANE,camera lane following,154.000,-0.037500,0.750000,0,,NONE,0.000000,4.280000,4.920000
55.264,FOLLOW_LANE,camera lane following,154.500,-0.034375,0.750000,0,,NONE,0.000000,4.312812,4.887187
55.296,FOLLOW_LANE,camera lane following,158.500,-0.009375,0.750000,0,,NONE,0.000000,4.567500,4.632500
55.328,FOLLOW_LANE,camera lane following,156.000,-0.025000,0.750000,0,,NONE,0.000000,4.340937,4.859062
55.360,FOLLOW_LANE,camera lane following,156.500,-0.021875,0.750000,0,,NONE,0.000000,4.412812,4.787187
55.392,FOLLOW_LANE,camera lane following,156.500,-0.021875,0.750000,0,,NONE,0.000000,4.405000,4.795000
55.424,FOLLOW_LANE,camera lane following,155.500,-0.028125,0.750000,0,,NONE,0.000000,4.339375,4.860625
55.456,FOLLOW_LANE,camera lane following,154.500,-0.034375,0.750000,0,,NONE,0.000000,4.289375,4.910625
55.488,FOLLOW_LANE,camera lane following,154.000,-0.037500,0.750000,0,,NONE,0.000000,4.272187,4.927812
55.520,FOLLOW_LANE,camera lane following,153.500,-0.040625,0.750000,0,,NONE,0.000000,4.247187,4.952812
55.552,FOLLOW_LANE,camera lane following,153.500,-0.040625,0.750000,0,,NONE,0.000000,4.255000,4.945000
55.584,FOLLOW_LANE,camera lane following,153.000,-0.043750,0.750000,0,,NONE,0.000000,4.222187,4.977812
55.616,FOLLOW_LANE,camera lane following,153.000,-0.043750,0.750000,0,,NONE,0.000000,4.230000,4.970000
55.648,FOLLOW_LANE,camera lane following,153.000,-0.043750,0.750000,0,,NONE,0.000000,4.230000,4.970000
55.680,FOLLOW_LANE,camera lane following,153.000,-0.043750,0.750000,0,,NONE,0.000000,4.230000,4.970000
55.712,FOLLOW_LANE,camera lane following,153.000,-0.043750,0.750000,0,,NONE,0.000000,4.230000,4.970000
55.744,FOLLOW_LANE,camera lane following,153.000,-0.043750,0.750000,0,,NONE,0.000000,4.230000,4.970000
55.776,FOLLOW_LANE,camera lane following,153.000,-0.043750,0.750000,0,,NONE,0.000000,4.230000,4.970000
55.808,FOLLOW_LANE,camera lane following,153.000,-0.043750,0.750000,0,,NONE,0.000000,4.230000,4.970000
55.840,FOLLOW_LANE,camera lane following,153.500,-0.040625,0.750000,0,,NONE,0.000000,4.262812,4.937187
55.872,FOLLOW_LANE,camera lane following,153.500,-0.040625,0.750000,0,,NONE,0.000000,4.255000,4.945000
55.904,FOLLOW_LANE,camera lane following,154.500,-0.034375,0.750000,0,,NONE,0.000000,4.320625,4.879375
55.936,FOLLOW_LANE,camera lane following,154.000,-0.037500,0.750000,0,,NONE,0.000000,4.272187,4.927812
55.968,FOLLOW_LANE,camera lane following,155.000,-0.031250,0.750000,0,,NONE,0.000000,4.345625,4.854375
56.000,FOLLOW_LANE,camera lane following,154.500,-0.034375,0.750000,0,,NONE,0.000000,4.297187,4.902812
56.032,FOLLOW_LANE,camera lane following,155.000,-0.031250,0.750000,0,,NONE,0.000000,4.337813,4.862187
56.064,FOLLOW_LANE,camera lane following,159.500,-0.003125,0.750000,0,,NONE,0.000000,4.658125,4.541875
56.096,FOLLOW_LANE,camera lane following,156.500,-0.021875,0.750000,0,,NONE,0.000000,4.350312,4.849687
56.128,FOLLOW_LANE,camera lane following,157.000,-0.018750,0.750000,0,,NONE,0.000000,4.437812,4.762187
56.160,FOLLOW_LANE,camera lane following,157.000,-0.018750,0.750000,0,,NONE,0.000000,4.430000,4.770000
56.192,FOLLOW_LANE,camera lane following,156.000,-0.025000,0.750000,0,,NONE,0.000000,4.364375,4.835625
56.224,FOLLOW_LANE,camera lane following,155.000,-0.031250,0.750000,0,,NONE,0.000000,4.314375,4.885625
56.256,FOLLOW_LANE,camera lane following,155.000,-0.031250,0.750000,0,,NONE,0.000000,4.330000,4.870000
56.288,FOLLOW_LANE,camera lane following,154.500,-0.034375,0.750000,0,,NONE,0.000000,4.297187,4.902812
56.320,FOLLOW_LANE,camera lane following,154.500,-0.034375,0.750000,0,,NONE,0.000000,4.305000,4.895000
56.352,FOLLOW_LANE,camera lane following,154.000,-0.037500,0.750000,0,,NONE,0.000000,4.272187,4.927812
56.384,FOLLOW_LANE,camera lane following,154.000,-0.037500,0.750000,0,,NONE,0.000000,4.280000,4.920000
56.416,FOLLOW_LANE,camera lane following,153.000,-0.043750,0.750000,0,,NONE,0.000000,4.214375,4.985625
56.448,FOLLOW_LANE,camera lane following,153.500,-0.040625,0.750000,0,,NONE,0.000000,4.262812,4.937187
56.480,FOLLOW_LANE,camera lane following,153.500,-0.040625,0.750000,0,,NONE,0.000000,4.255000,4.945000
56.512,FOLLOW_LANE,camera lane following,153.000,-0.043750,0.750000,0,,NONE,0.000000,4.222187,4.977812
56.544,FOLLOW_LANE,camera lane following,153.000,-0.043750,0.750000,0,,NONE,0.000000,4.230000,4.970000
56.576,FOLLOW_LANE,camera lane following,153.500,-0.040625,0.750000,0,,NONE,0.000000,4.262812,4.937187
56.608,FOLLOW_LANE,camera lane following,153.500,-0.040625,0.750000,0,,NONE,0.000000,4.255000,4.945000
56.640,FOLLOW_LANE,camera lane following,153.500,-0.040625,0.750000,0,,NONE,0.000000,4.255000,4.945000
56.672,FOLLOW_LANE,camera lane following,153.500,-0.040625,0.750000,0,,NONE,0.000000,4.255000,4.945000
56.704,FOLLOW_LANE,camera lane following,154.000,-0.037500,0.750000,0,,NONE,0.000000,4.287812,4.912187
56.736,FOLLOW_LANE,camera lane following,154.000,-0.037500,0.750000,0,,NONE,0.000000,4.280000,4.920000
56.768,FOLLOW_LANE,camera lane following,154.500,-0.034375,0.750000,0,,NONE,0.000000,4.312812,4.887187
56.800,FOLLOW_LANE,camera lane following,155.000,-0.031250,0.750000,0,,NONE,0.000000,4.337813,4.862187
56.832,FOLLOW_LANE,camera lane following,158.000,-0.012500,0.750000,0,,NONE,0.000000,4.526875,4.673125
56.864,FOLLOW_LANE,camera lane following,156.500,-0.021875,0.750000,0,,NONE,0.000000,4.381562,4.818437
56.896,FOLLOW_LANE,camera lane following,157.000,-0.018750,0.750000,0,,NONE,0.000000,4.437812,4.762187
56.928,FOLLOW_LANE,camera lane following,157.500,-0.015625,0.750000,0,,NONE,0.000000,4.462813,4.737187
56.960,FOLLOW_LANE,camera lane following,157.500,-0.015625,0.750000,0,,NONE,0.000000,4.455000,4.745000
56.992,FOLLOW_LANE,camera lane following,155.500,-0.028125,0.750000,0,,NONE,0.000000,4.323750,4.876250
57.024,FOLLOW_LANE,camera lane following,155.000,-0.031250,0.750000,0,,NONE,0.000000,4.322188,4.877812
57.056,FOLLOW_LANE,camera lane following,154.000,-0.037500,0.750000,0,,NONE,0.000000,4.264375,4.935625
57.088,FOLLOW_LANE,camera lane following,153.500,-0.040625,0.750000,0,,NONE,0.000000,4.247187,4.952812
57.120,FOLLOW_LANE,camera lane following,153.000,-0.043750,0.750000,0,,NONE,0.000000,4.222187,4.977812
57.152,FOLLOW_LANE,camera lane following,152.500,-0.046875,0.750000,0,,NONE,0.000000,4.197188,5.002812
57.184,FOLLOW_LANE,camera lane following,152.500,-0.046875,0.750000,0,,NONE,0.000000,4.205000,4.995000
57.216,FOLLOW_LANE,camera lane following,152.000,-0.050000,0.750000,0,,NONE,0.000000,4.172187,5.027812
57.248,FOLLOW_LANE,camera lane following,151.500,-0.053125,0.750000,0,,NONE,0.000000,4.147187,5.052812
57.280,FOLLOW_LANE,camera lane following,151.500,-0.053125,0.750000,0,,NONE,0.000000,4.155000,5.045000
57.312,FOLLOW_LANE,camera lane following,151.500,-0.053125,0.750000,0,,NONE,0.000000,4.155000,5.045000
57.344,FOLLOW_LANE,camera lane following,151.500,-0.053125,0.750000,0,,NONE,0.000000,4.155000,5.045000
57.376,FOLLOW_LANE,camera lane following,152.000,-0.050000,0.750000,0,,NONE,0.000000,4.187812,5.012187
57.408,FOLLOW_LANE,camera lane following,152.000,-0.050000,0.750000,0,,NONE,0.000000,4.180000,5.020000
57.440,FOLLOW_LANE,camera lane following,152.500,-0.046875,0.750000,0,,NONE,0.000000,4.212813,4.987187
57.472,FOLLOW_LANE,camera lane following,153.000,-0.043750,0.750000,0,,NONE,0.000000,4.237812,4.962187
57.504,FOLLOW_LANE,camera lane following,154.000,-0.037500,0.750000,0,,NONE,0.000000,4.295625,4.904375
57.536,FOLLOW_LANE,camera lane following,154.000,-0.037500,0.750000,0,,NONE,0.000000,4.280000,4.920000
57.568,FOLLOW_LANE,camera lane following,154.500,-0.034375,0.750000,0,,NONE,0.000000,4.312812,4.887187
57.600,FOLLOW_LANE,camera lane following,155.500,-0.028125,0.750000,0,,NONE,0.000000,4.370625,4.829375
57.632,FOLLOW_LANE,camera lane following,156.000,-0.025000,0.750000,0,,NONE,0.000000,4.387812,4.812187
57.664,FOLLOW_LANE,camera lane following,154.500,-0.034375,0.750000,0,,NONE,0.000000,4.281562,4.918437
57.696,FOLLOW_LANE,camera lane following,156.500,-0.021875,0.750000,0,,NONE,0.000000,4.436250,4.763750
57.728,FOLLOW_LANE,camera lane following,158.500,-0.009375,0.750000,0,,NONE,0.000000,4.536250,4.663750
57.760,FOLLOW_LANE,camera lane following,155.000,-0.031250,0.750000,0,,NONE,0.000000,4.275313,4.924687
57.792,FOLLOW_LANE,camera lane following,151.000,-0.056250,0.750000,0,,NONE,0.000000,4.067500,5.132500
57.824,FOLLOW_LANE,camera lane following,151.500,-0.053125,0.750000,0,,NONE,0.000000,4.162812,5.037187
