time_s,state,reason,lane_center_x,lane_error_normalized,lane_confidence,obstacle_present,obstacle_color,obstacle_motion,obstacle_confidence,left_speed,right_speed
0.032,FOLLOW_LANE,camera lane following,159.500,-0.003125,0.750000,0,,NONE,0.000000,4.600000,4.600000
0.064,FOLLOW_LANE,camera lane following,163.000,0.018750,0.750000,0,,NONE,0.000000,4.796887,4.403113
0.096,FOLLOW_LANE,camera lane following,160.500,0.003125,0.750000,0,,NONE,0.000000,4.553137,4.646863
0.128,FOLLOW_LANE,camera lane following,160.000,0.000000,0.750000,0,,NONE,0.000000,4.600012,4.599988
0.160,FOLLOW_LANE,camera lane following,159.500,-0.003125,0.750000,0,,NONE,0.000000,4.600012,4.599988
0.192,FOLLOW_LANE,camera lane following,160.000,0.000000,0.750000,0,,NONE,0.000000,4.600012,4.599988
0.224,FOLLOW_LANE,camera lane following,160.000,0.000000,0.750000,0,,NONE,0.000000,4.600012,4.599988
0.256,FOLLOW_LANE,camera lane following,160.000,0.000000,0.750000,0,,NONE,0.000000,4.600012,4.599988
0.288,FOLLOW_LANE,camera lane following,160.000,0.000000,0.750000,0,,NONE,0.000000,4.600012,4.599988
0.320,FOLLOW_LANE,camera lane following,159.500,-0.003125,0.750000,0,,NONE,0.000000,4.600012,4.599988
0.352,FOLLOW_LANE,camera lane following,159.500,-0.003125,0.750000,0,,NONE,0.000000,4.600012,4.599988
0.384,FOLLOW_LANE,camera lane following,159.000,-0.006250,0.750000,0,,NONE,0.000000,4.534383,4.665617
0.416,FOLLOW_LANE,camera lane following,159.250,-0.004687,0.750000,0,,NONE,0.000000,4.615633,4.584367
0.448,FOLLOW_LANE,camera lane following,160.000,0.000000,0.750000,0,,NONE,0.000000,4.600008,4.599992
0.480,FOLLOW_LANE,camera lane following,159.500,-0.003125,0.750000,0,,NONE,0.000000,4.600008,4.599992
0.512,FOLLOW_LANE,camera lane following,160.000,0.000000,0.750000,0,,NONE,0.000000,4.600008,4.599992
0.544,FOLLOW_LANE,camera lane following,160.000,0.000000,0.750000,0,,NONE,0.000000,4.600008,4.599992
0.576,FOLLOW_LANE,camera lane following,159.750,-0.001563,0.750000,0,,NONE,0.000000,4.600008,4.599992
0.608,FOLLOW_LANE,camera lane following,159.500,-0.003125,0.750000,0,,NONE,0.000000,4.600008,4.599992
0.640,FOLLOW_LANE,camera lane following,160.000,0.000000,0.750000,0,,NONE,0.000000,4.600008,4.599992
0.672,FOLLOW_LANE,camera lane following,160.000,0.000000,0.750000,0,,NONE,0.000000,4.600008,4.599992
0.704,FOLLOW_LANE,camera lane following,159.500,-0.003125,0.750000,0,,NONE,0.000000,4.600008,4.599992
0.736,FOLLOW_LANE,camera lane following,159.000,-0.006250,0.750000,0,,NONE,0.000000,4.534379,4.665621
0.768,FOLLOW_LANE,camera lane following,160.000,0.000000,0.750000,0,,NONE,0.000000,4.615629,4.584371
0.800,FOLLOW_LANE,camera lane following,159.500,-0.003125,0.750000,0,,NONE,0.000000,4.600004,4.599996
0.832,FOLLOW_LANE,camera lane following,160.000,0.000000,0.750000,0,,NONE,0.000000,4.600004,4.599996
0.864,FOLLOW_LANE,camera lane following,160.000,0.000000,0.750000,0,,NONE,0.000000,4.600004,4.599996
0.896,FOLLOW_LANE,camera lane following,160.000,0.000000,0.750000,0,,NONE,0.000000,4.600004,4.599996
0.928,FOLLOW_LANE,camera lane following,160.000,0.000000,0.750000,0,,NONE,0.000000,4.600004,4.599996
0.960,FOLLOW_LANE,camera lane following,159.500,-0.003125,0.750000,0,,NONE,0.000000,4.600004,4.599996
0.992,FOLLOW_LANE,camera lane following,159.500,-0.003125,0.750000,0,,NONE,0.000000,4.600004,4.599996
1.024,FOLLOW_LANE,camera lane following,160.000,0.000000,0.750000,0,,NONE,0.000000,4.600004,4.599996
1.056,FOLLOW_LANE,camera lane following,160.000,0.000000,0.750000,0,,NONE,0.000000,4.600004,4.599996
1.088,FOLLOW_LANE,camera lane following,159.500,-0.003125,0.750000,0,,NONE,0.000000,4.600004,4.599996
1.120,FOLLOW_LANE,camera lane following,160.000,0.000000,0.750000,0,,NONE,0.000000,4.600004,4.599996
1.152,FOLLOW_LANE,camera lane following,160.000,0.000000,0.750000,0,,NONE,0.000000,4.600004,4.599996
1.184,FOLLOW_LANE,camera lane following,160.000,0.000000,0.750000,0,,NONE,0.000000,4.600004,4.599996
1.216,FOLLOW_LANE,camera lane following,160.000,0.000000,0.750000,0,,NONE,0.000000,4.600004,4.599996
1.248,FOLLOW_LANE,camera lane following,160.000,0.000000,0.750000,0,,NONE,0.000000,4.600004,4.599996
1.280,FOLLOW_LANE,camera lane following,159.500,-0.003125,0.750000,0,,NONE,0.000000,4.600004,4.599996
1.312,FOLLOW_LANE,camera lane following,159.500,-0.003125,0.750000,0,,NONE,0.000000,4.600004,4.599996
1.344,FOLLOW_LANE,camera lane following,159.500,-0.003125,0.750000,0,,NONE,0.000000,4.600004,4.599996
1.376,FOLLOW_LANE,camera lane following,160.000,0.000000,0.750000,0,,NONE,0.000000,4.600004,4.599996
1.408,FOLLOW_LANE,camera lane following,160.000,0.000000,0.750000,0,,NONE,0.000000,4.600004,4.599996
1.440,FOLLOW_LANE,camera lane following,159.500,-0.003125,0.750000,0,,NONE,0.000000,4.600004,4.599996
1.472,FOLLOW_LANE,camera lane following,159.500,-0.003125,0.750000,0,,NONE,0.000000,4.600004,4.599996
1.504,FOLLOW_LANE,camera lane following,160.000,0.000000,0.750000,0,,NONE,0.000000,4.600004,4.599996
1.536,FOLLOW_LANE,camera lane following,159.500,-0.003125,0.750000,0,,NONE,0.000000,4.600004,4.599996
1.568,FOLLOW_LANE,camera lane following,160.000,0.000000,0.750000,0,,NONE,0.000000,4.600004,4.599996
1.600,FOLLOW_LANE,camera lane following,159.500,-0.003125,0.750000,0,,NONE,0.000000,4.600004,4.599996
1.632,FOLLOW_LANE,camera lane following,160.000,0.000000,0.750000,0,,NONE,0.000000,4.600004,4.599996
1.664,FOLLOW_LANE,camera lane following,159.500,-0.003125,0.750000,0,,NONE,0.000000,4.600004,4.599996
1.696,FOLLOW_LANE,camera lane following,159.500,-0.003125,0.750000,0,,NONE,0.000000,4.600004,4.599996
1.728,FOLLOW_LANE,camera lane following,160.000,0.000000,0.750000,0,,NONE,0.000000,4.600004,4.599996
1.760,FOLLOW_LANE,camera lane following,160.000,0.000000,0.750000,0,,NONE,0.000000,4.600004,4.599996
1.792,FOLLOW_LANE,camera lane following,160.000,0.000000,0.750000,0,,NONE,0.000000,4.600004,4.599996
1.824,FOLLOW_LANE,camera lane following,160.000,0.000000,0.750000,0,,NONE,0.000000,4.600004,4.599996
1.856,FOLLOW_LANE,camera lane following,160.000,0.000000,0.750000,0,,NONE,0.000000,4.600004,4.599996
1.888,FOLLOW_LANE,camera lane following,160.000,0.000000,0.750000,0,,NONE,0.000000,4.600004,4.599996
1.920,FOLLOW_LANE,camera lane following,159.500,-0.003125,0.750000,0,,NONE,0.000000,4.600004,4.599996
1.952,FOLLOW_LANE,camera lane following,159.500,-0.003125,0.750000,0,,NONE,0.000000,4.600004,4.599996
1.984,FOLLOW_LANE,camera lane following,160.000,0.000000,0.750000,0,,NONE,0.000000,4.600004,4.599996
2.016,FOLLOW_LANE,camera lane following,160.000,0.000000,0.750000,0,,NONE,0.000000,4.600004,4.599996
2.048,FOLLOW_LANE,camera lane following,160.000,0.000000,0.750000,0,,NONE,0.000000,4.600004,4.599996
2.080,FOLLOW_LANE,camera lane following,160.000,0.000000,0.750000,0,,NONE,0.000000,4.600004,4.599996
2.112,FOLLOW_LANE,camera lane following,160.000,0.000000,0.750000,0,,NONE,0.000000,4.600004,4.599996
2.144,FOLLOW_LANE,camera lane following,159.750,-0.001563,0.750000,0,,NONE,0.000000,4.600004,4.599996
2.176,FOLLOW_LANE,camera lane following,159.500,-0.003125,0.750000,0,,NONE,0.000000,4.600004,4.599996
2.208,FOLLOW_LANE,camera lane following,160.000,0.000000,0.750000,0,,NONE,0.000000,4.600004,4.599996
2.240,FOLLOW_LANE,camera lane following,159.750,-0.001563,0.750000,0,,NONE,0.000000,4.600004,4.599996
2.272,FOLLOW_LANE,camera lane following,160.000,0.000000,0.750000,0,,NONE,0.000000,4.600004,4.599996
2.304,FOLLOW_LANE,camera lane following,160.000,0.000000,0.750000,0,,NONE,0.000000,4.600004,4.599996
2.336,FOLLOW_LANE,camera lane following,160.000,0.000000,0.750000,0,,NONE,0.000000,4.600004,4.599996
2.368,FOLLOW_LANE,camera lane following,159.500,-0.003125,0.750000,0,,NONE,0.000000,4.600004,4.599996
2.400,FOLLOW_LANE,camera lane following,160.000,0.000000,0.750000,0,,NONE,0.000000,4.600004,4.599996
2.432,FOLLOW_LANE,camera lane following,160.000,0.000000,0.750000,0,,NONE,0.000000,4.600004,4.599996
2.464,FOLLOW_LANE,camera lane following,160.000,0.000000,0.750000,0,,NONE,0.000000,4.600004,4.599996
2.496,FOLLOW_LANE,camera lane following,160.000,0.000000,0.750000,0,,NONE,0.000000,4.600004,4.599996
2.528,FOLLOW_LANE,camera lane following,160.000,0.000000,0.750000,0,,NONE,0.000000,4.600004,4.599996
2.560,FOLLOW_LANE,camera lane following,160.000,0.000000,0.750000,0,,NONE,0.000000,4.600004,4.599996
2.592,FOLLOW_LANE,camera lane following,160.000,0.000000,0.750000,0,,NONE,0.000000,4.600004,4.599996
2.624,FOLLOW_LANE,camera lane following,160.500,0.003125,0.750000,0,,NONE,0.000000,4.600004,4.599996
2.656,FOLLOW_LANE,camera lane following,160.500,0.003125,0.750000,0,,NONE,0.000000,4.600004,4.599996
2.688,FOLLOW_LANE,camera lane following,160.000,0.000000,0.750000,0,,NONE,0.000000,4.600004,4.599996
2.720,FOLLOW_LANE,camera lane following,160.000,0.000000,0.750000,0,,NONE,0.000000,4.600004,4.599996
2.752,FOLLOW_LANE,camera lane following,160.000,0.000000,0.750000,0,,NONE,0.000000,4.600004,4.599996
2.784,FOLLOW_LANE,camera lane following,160.000,0.000000,0.750000,0,,NONE,0.000000,4.600004,4.599996
2.816,FOLLOW_LANE,camera lane following,160.500,0.003125,0.750000,0,,NONE,0.000000,4.600004,4.599996
2.848,FOLLOW_LANE,camera lane following,160.500,0.003125,0.750000,0,,NONE,0.000000,4.600004,4.599996
2.880,FOLLOW_LANE,camera lane following,160.500,0.003125,0.750000,0,,NONE,0.000000,4.600004,4.599996
2.912,FOLLOW_LANE,camera lane following,160.000,0.000000,0.750000,0,,NONE,0.000000,4.600004,4.599996
2.944,FOLLOW_LANE,camera lane following,160.500,0.003125,0.750000,0,,NONE,0.000000,4.600004,4.599996
2.976,FOLLOW_LANE,camera lane following,160.000,0.000000,0.750000,0,,NONE,0.000000,4.600004,4.599996
3.008,FOLLOW_LANE,camera lane following,160.250,0.001563,0.750000,0,,NONE,0.000000,4.600004,4.599996
3.040,FOLLOW_LANE,camera lane following,160.000,0.000000,0.750000,0,,NONE,0.000000,4.600004,4.599996
3.072,FOLLOW_LANE,camera lane following,160.000,0.000000,0.750000,0,,NONE,0.000000,4.600004,4.599996
3.104,FOLLOW_LANE,camera lane following,160.500,0.003125,0.750000,0,,NONE,0.000000,4.600004,4.599996
3.136,FOLLOW_LANE,camera lane following,160.500,0.003125,0.750000,0,,NONE,0.000000,4.600004,4.599996
3.168,FOLLOW_LANE,camera lane following,160.500,0.003125,0.750000,0,,NONE,0.000000,4.600004,4.599996
3.200,FOLLOW_LANE,camera lane following,160.500,0.003125,0.750000,0,,NONE,0.000000,4.600004,4.599996
3.232,FOLLOW_LANE,camera lane following,160.000,0.000000,0.750000,0,,NONE,0.000000,4.600004,4.599996
3.264,FOLLOW_LANE,camera lane following,160.000,0.000000,0.750000,0,,NONE,0.000000,4.600004,4.599996
3.296,FOLLOW_LANE,camera lane following,160.000,0.000000,0.750000,0,,NONE,0.000000,4.600004,4.599996
3.328,FOLLOW_LANE,camera lane following,160.000,0.000000,0.750000,0,,NONE,0.000000,4.600004,4.599996
3.360,FOLLOW_LANE,camera lane following,160.500,0.003125,0.750000,0,,NONE,0.000000,4.600004,4.599996
3.392,FOLLOW_LANE,camera lane following,160.500,0.003125,0.750000,0,,NONE,0.000000,4.600004,4.599996
3.424,FOLLOW_LANE,camera lane following,160.500,0.003125,0.750000,0,,NONE,0.000000,4.600004,4.599996
3.456,FOLLOW_LANE,camera lane following,160.000,0.000000,0.750000,0,,NONE,0.000000,4.600004,4.599996
3.488,FOLLOW_LANE,camera lane following,160.500,0.003125,0.750000,0,,NONE,0.000000,4.600004,4.599996
3.520,FOLLOW_LANE,camera lane following,160.000,0.000000,0.750000,0,,NONE,0.000000,4.600004,4.599996
3.552,FOLLOW_LANE,camera lane following,160.000,0.000000,0.750000,0,,NONE,0.000000,4.600004,4.599996
3.584,FOLLOW_LANE,camera lane following,160.000,0.000000,0.750000,0,,NONE,0.000000,4.600004,4.599996
3.616,FOLLOW_LANE,camera lane following,160.000,0.000000,0.750000,0,,NONE,0.000000,4.600004,4.599996
3.648,FOLLOW_LANE,camera lane following,160.000,0.000000,0.750000,0,,NONE,0.000000,4.600004,4.599996
3.680,FOLLOW_LANE,camera lane following,160.500,0.003125,0.750000,0,,NONE,0.000000,4.600004,4.599996
3.712,FOLLOW_LANE,camera lane following,160.500,0.003125,0.750000,0,,NONE,0.000000,4.600004,4.599996
3.744,FOLLOW_LANE,camera lane following,160.500,0.003125,0.750000,0,,NONE,0.000000,4.600004,4.599996
3.776,FOLLOW_LANE,camera lane following,160.000,0.000000,0.750000,0,,NONE,0.000000,4.600004,4.599996
3.808,FOLLOW_LANE,camera lane following,160.000,0.000000,0.750000,0,,NONE,0.000000,4.600004,4.599996
3.840,FOLLOW_LANE,camera lane following,160.000,0.000000,0.750000,0,,NONE,0.000000,4.600004,4.599996
3.872,FOLLOW_LANE,camera lane following,160.000,0.000000,0.750000,0,,NONE,0.000000,4.600004,4.599996
3.904,FOLLOW_LANE,camera lane following,160.000,0.000000,0.750000,0,,NONE,0.000000,4.600004,4.599996
3.936,FOLLOW_LANE,camera lane following,160.000,0.000000,0.750000,0,,NONE,0.000000,4.600004,4.599996
3.968,FOLLOW_LANE,camera lane following,160.500,0.003125,0.750000,0,,NONE,0.000000,4.600004,4.599996
4.000,FOLLOW_LANE,camera lane following,160.500,0.003125,0.750000,0,,NONE,0.000000,4.600004,4.599996
4.032,FOLLOW_LANE,camera lane following,160.500,0.003125,0.750000,0,,NONE,0.000000,4.600004,4.599996
4.064,FOLLOW_LANE,camera lane following,161.000,0.006250,0.750000,0,,NONE,0.000000,4.665633,4.534367
4.096,FOLLOW_LANE,camera lane following,161.000,0.006250,0.750000,0,,NONE,0.000000,4.650012,4.549988
4.128,FOLLOW_LANE,camera lane following,161.000,0.006250,0.750000,0,,NONE,0.000000,4.650016,4.549984
4.160,FOLLOW_LANE,camera lane following,160.500,0.003125,0.750000,0,,NONE,0.000000,4.584391,4.615609
4.192,FOLLOW_LANE,camera lane following,161.000,0.006250,0.750000,0,,NONE,0.000000,4.665645,4.534355
4.224,FOLLOW_LANE,camera lane following,160.500,0.003125,0.750000,0,,NONE,0.000000,4.584395,4.615605
4.256,FOLLOW_LANE,camera lane following,160.500,0.003125,0.750000,0,,NONE,0.000000,4.600020,4.599980
4.288,FOLLOW_LANE,camera lane following,160.000,0.000000,0.750000,0,,NONE,0.000000,4.600020,4.599980
4.320,FOLLOW_LANE,camera lane following,160.000,0.000000,0.750000,0,,NONE,0.000000,4.600020,4.599980
4.352,FOLLOW_LANE,camera lane following,161.000,0.006250,0.750000,0,,NONE,0.000000,4.665649,4.534351
4.384,FOLLOW_LANE,camera lane following,161.000,0.006250,0.750000,0,,NONE,0.000000,4.650028,4.549972
4.416,FOLLOW_LANE,camera lane following,160.500,0.003125,0.750000,0,,NONE,0.000000,4.584403,4.615597
4.448,FOLLOW_LANE,camera lane following,160.500,0.003125,0.750000,0,,NONE,0.000000,4.600028,4.599972
4.480,FOLLOW_LANE,camera lane following,160.500,0.003125,0.750000,0,,NONE,0.000000,4.600028,4.599972
4.512,FOLLOW_LANE,camera lane following,161.000,0.006250,0.750000,0,,NONE,0.000000,4.665657,4.534343
4.544,FOLLOW_LANE,camera lane following,161.000,0.006250,0.750000,0,,NONE,0.000000,4.650036,4.549964
4.576,FOLLOW_LANE,camera lane following,161.000,0.006250,0.750000,0,,NONE,0.000000,4.650040,4.549960
4.608,FOLLOW_LANE,camera lane following,161.000,0.006250,0.750000,0,,NONE,0.000000,4.650044,4.549956
4.640,FOLLOW_LANE,camera lane following,161.000,0.006250,0.750000,0,,NONE,0.000000,4.650048,4.549952
4.672,FOLLOW_LANE,camera lane following,160.500,0.003125,0.750000,0,,NONE,0.000000,4.584423,4.615577
4.704,FOLLOW_LANE,camera lane following,161.000,0.006250,0.750000,0,,NONE,0.000000,4.665677,4.534323
4.736,FOLLOW_LANE,camera lane following,160.250,0.001563,0.750000,0,,NONE,0.000000,4.584427,4.615573
4.768,FOLLOW_LANE,camera lane following,161.000,0.006250,0.750000,0,,NONE,0.000000,4.665681,4.534319
4.800,FOLLOW_LANE,camera lane following,160.500,0.003125,0.750000,0,,NONE,0.000000,4.584431,4.615569
4.832,FOLLOW_LANE,camera lane following,161.000,0.006250,0.750000,0,,NONE,0.000000,4.665685,4.534315
4.864,FOLLOW_LANE,camera lane following,161.000,0.006250,0.750000,0,,NONE,0.000000,4.650064,4.549936
4.896,FOLLOW_LANE,camera lane following,161.000,0.006250,0.750000,0,,NONE,0.000000,4.650068,4.549932
4.928,FOLLOW_LANE,camera lane following,161.000,0.006250,0.750000,0,,NONE,0.000000,4.650072,4.549928
4.960,FOLLOW_LANE,camera lane following,161.000,0.006250,0.750000,0,,NONE,0.000000,4.650076,4.549924
4.992,FOLLOW_LANE,camera lane following,160.500,0.003125,0.750000,0,,NONE,0.000000,4.584451,4.615549
5.024,FOLLOW_LANE,camera lane following,160.500,0.003125,0.750000,0,,NONE,0.000000,4.600076,4.599924
5.056,FOLLOW_LANE,camera lane following,160.500,0.003125,0.750000,0,,NONE,0.000000,4.600076,4.599924
5.088,FOLLOW_LANE,camera lane following,160.500,0.003125,0.750000,0,,NONE,0.000000,4.600076,4.599924
5.120,FOLLOW_LANE,camera lane following,161.000,0.006250,0.750000,0,,NONE,0.000000,4.665705,4.534295
5.152,FOLLOW_LANE,camera lane following,161.000,0.006250,0.750000,0,,NONE,0.000000,4.650084,4.549916
5.184,FOLLOW_LANE,camera lane following,161.000,0.006250,0.750000,0,,NONE,0.000000,4.650088,4.549912
5.216,FOLLOW_LANE,camera lane following,161.000,0.006250,0.750000,0,,NONE,0.000000,4.650092,4.549908
5.248,FOLLOW_LANE,camera lane following,161.000,0.006250,0.750000,0,,NONE,0.000000,4.650096,4.549904
5.280,FOLLOW_LANE,camera lane following,160.500,0.003125,0.750000,0,,NONE,0.000000,4.584471,4.615529
5.312,FOLLOW_LANE,camera lane following,160.500,0.003125,0.750000,0,,NONE,0.000000,4.600096,4.599904
5.344,FOLLOW_LANE,camera lane following,160.500,0.003125,0.750000,0,,NONE,0.000000,4.600096,4.599904
5.376,FOLLOW_LANE,camera lane following,160.500,0.003125,0.750000,0,,NONE,0.000000,4.600096,4.599904
5.408,FOLLOW_LANE,camera lane following,161.000,0.006250,0.750000,0,,NONE,0.000000,4.665725,4.534275
5.440,FOLLOW_LANE,camera lane following,161.000,0.006250,0.750000,0,,NONE,0.000000,4.650104,4.549896
5.472,FOLLOW_LANE,camera lane following,161.000,0.006250,0.750000,0,,NONE,0.000000,4.650108,4.549892
5.504,FOLLOW_LANE,camera lane following,161.000,0.006250,0.750000,0,,NONE,0.000000,4.650112,4.549888
5.536,FOLLOW_LANE,camera lane following,160.500,0.003125,0.750000,0,,NONE,0.000000,4.584487,4.615513
5.568,FOLLOW_LANE,camera lane following,160.750,0.004687,0.750000,0,,NONE,0.000000,4.600112,4.599888
5.600,FOLLOW_LANE,camera lane following,160.750,0.004687,0.750000,0,,NONE,0.000000,4.600112,4.599888
5.632,FOLLOW_LANE,camera lane following,161.000,0.006250,0.750000,0,,NONE,0.000000,4.665741,4.534259
5.664,FOLLOW_LANE,camera lane following,161.000,0.006250,0.750000,0,,NONE,0.000000,4.650120,4.549880
5.696,FOLLOW_LANE,camera lane following,161.000,0.006250,0.750000,0,,NONE,0.000000,4.650124,4.549876
5.728,FOLLOW_LANE,camera lane following,161.000,0.006250,0.750000,0,,NONE,0.000000,4.650128,4.549872
5.760,FOLLOW_LANE,camera lane following,161.000,0.006250,0.750000,0,,NONE,0.000000,4.650132,4.549868
5.792,FOLLOW_LANE,camera lane following,161.000,0.006250,0.750000,0,,NONE,0.000000,4.650136,4.549864
5.824,FOLLOW_LANE,camera lane following,160.500,0.003125,0.750000,0,,NONE,0.000000,4.584511,4.615489
5.856,FOLLOW_LANE,camera lane following,161.000,0.006250,0.750000,0,,NONE,0.000000,4.665765,4.534235
5.888,FOLLOW_LANE,camera lane following,161.000,0.006250,0.750000,0,,NONE,0.000000,4.650144,4.549856
5.920,FOLLOW_LANE,camera lane following,161.000,0.006250,0.750000,0,,NONE,0.000000,4.650148,4.549852
5.952,FOLLOW_LANE,camera lane following,161.000,0.006250,0.750000,0,,NONE,0.000000,4.650152,4.549848
5.984,FOLLOW_LANE,camera lane following,161.000,0.006250,0.750000,0,,NONE,0.000000,4.650156,4.549844
6.016,FOLLOW_LANE,camera lane following,161.500,0.009375,0.750000,0,,NONE,0.000000,4.682974,4.517025
6.048,FOLLOW_LANE,camera lane following,161.500,0.009375,0.750000,0,,NONE,0.000000,4.675168,4.524832
6.080,FOLLOW_LANE,camera lane following,161.500,0.009375,0.750000,0,,NONE,0.000000,4.675174,4.524826
6.112,FOLLOW_LANE,camera lane following,161.500,0.009375,0.750000,0,,NONE,0.000000,4.675180,4.524820
6.144,FOLLOW_LANE,camera lane following,161.500,0.009375,0.750000,0,,NONE,0.000000,4.675186,4.524814
6.176,FOLLOW_LANE,camera lane following,161.500,0.009375,0.750000,0,,NONE,0.000000,4.675192,4.524808
6.208,FOLLOW_LANE,camera lane following,161.500,0.009375,0.750000,0,,NONE,0.000000,4.675198,4.524802
6.240,FOLLOW_LANE,camera lane following,161.500,0.009375,0.750000,0,,NONE,0.000000,4.675204,4.524796
6.272,FOLLOW_LANE,camera lane following,161.500,0.009375,0.750000,0,,NONE,0.000000,4.675210,4.524790
6.304,FOLLOW_LANE,camera lane following,161.000,0.006250,0.750000,0,,NONE,0.000000,4.642402,4.557598
6.336,FOLLOW_LANE,camera lane following,161.000,0.006250,0.750000,0,,NONE,0.000000,4.650218,4.549782
6.368,FOLLOW_LANE,camera lane following,161.000,0.006250,0.750000,0,,NONE,0.000000,4.650222,4.549778
6.400,FOLLOW_LANE,camera lane following,161.000,0.006250,0.750000,0,,NONE,0.000000,4.650226,4.549774
6.432,FOLLOW_LANE,camera lane following,161.500,0.009375,0.750000,0,,NONE,0.000000,4.683044,4.516955
6.464,FOLLOW_LANE,camera lane following,161.500,0.009375,0.750000,0,,NONE,0.000000,4.675238,4.524762
6.496,FOLLOW_LANE,camera lane following,161.250,0.007812,0.750000,0,,NONE,0.000000,4.658837,4.541163
6.528,FOLLOW_LANE,camera lane following,161.000,0.006250,0.750000,0,,NONE,0.000000,4.646341,4.553659
6.560,FOLLOW_LANE,camera lane following,160.500,0.003125,0.750000,0,,NONE,0.000000,4.584622,4.615378
6.592,FOLLOW_LANE,camera lane following,160.500,0.003125,0.750000,0,,NONE,0.000000,4.600247,4.599753
6.624,FOLLOW_LANE,camera lane following,159.500,-0.003125,0.750000,0,,NONE,0.000000,4.600247,4.599753
6.656,FOLLOW_LANE,camera lane following,159.000,-0.006250,0.750000,0,,NONE,0.000000,4.534618,4.665382
6.688,FOLLOW_LANE,camera lane following,158.500,-0.009375,0.750000,0,,NONE,0.000000,4.517424,4.682575
6.720,FOLLOW_LANE,camera lane following,158.500,-0.009375,0.750000,0,,NONE,0.000000,4.525231,4.674769
6.752,FOLLOW_LANE,camera lane following,158.000,-0.012500,0.750000,0,,NONE,0.000000,4.492411,4.707589
6.784,FOLLOW_LANE,camera lane following,158.500,-0.009375,0.750000,0,,NONE,0.000000,4.533029,4.666970
6.816,FOLLOW_LANE,camera lane following,157.500,-0.015625,0.750000,0,,NONE,0.000000,4.459582,4.740418
6.848,FOLLOW_LANE,camera lane following,157.500,-0.015625,0.750000,0,,NONE,0.000000,4.475197,4.724803
6.880,FOLLOW_LANE,camera lane following,157.500,-0.015625,0.750000,0,,NONE,0.000000,4.475187,4.724813
6.912,FOLLOW_LANE,camera lane following,157.000,-0.018750,0.750000,0,,NONE,0.000000,4.442362,4.757637
6.944,FOLLOW_LANE,camera lane following,157.000,-0.018750,0.750000,0,,NONE,0.000000,4.450163,4.749837
6.976,FOLLOW_LANE,camera lane following,156.500,-0.021875,0.750000,0,,NONE,0.000000,4.417336,4.782663
7.008,FOLLOW_LANE,camera lane following,157.000,-0.018750,0.750000,0,,NONE,0.000000,4.457949,4.742050
7.040,FOLLOW_LANE,camera lane following,156.500,-0.021875,0.750000,0,,NONE,0.000000,4.417310,4.782690
7.072,FOLLOW_LANE,camera lane following,156.500,-0.021875,0.750000,0,,NONE,0.000000,4.425109,4.774891
7.104,FOLLOW_LANE,camera lane following,156.500,-0.021875,0.750000,0,,NONE,0.000000,4.425095,4.774905
7.136,FOLLOW_LANE,camera lane following,156.500,-0.021875,0.750000,0,,NONE,0.000000,4.425081,4.774919
7.168,FOLLOW_LANE,camera lane following,156.500,-0.021875,0.750000,0,,NONE,0.000000,4.425067,4.774933
7.200,FOLLOW_LANE,camera lane following,156.750,-0.020313,0.750000,0,,NONE,0.000000,4.441460,4.758540
7.232,FOLLOW_LANE,camera lane following,157.500,-0.015625,0.750000,0,,NONE,0.000000,4.486763,4.713237
7.264,FOLLOW_LANE,camera lane following,157.500,-0.015625,0.750000,0,,NONE,0.000000,4.475034,4.724966
7.296,FOLLOW_LANE,camera lane following,158.000,-0.012500,0.750000,0,,NONE,0.000000,4.507839,4.692161
7.328,FOLLOW_LANE,camera lane following,158.000,-0.012500,0.750000,0,,NONE,0.000000,4.500018,4.699982
7.360,FOLLOW_LANE,camera lane following,159.000,-0.006250,0.750000,0,,NONE,0.000000,4.565639,4.634361
7.392,FOLLOW_LANE,camera lane following,159.000,-0.006250,0.750000,0,,NONE,0.000000,4.550010,4.649990
7.424,FOLLOW_LANE,camera lane following,159.500,-0.003125,0.750000,0,,NONE,0.000000,4.615635,4.584365
7.456,FOLLOW_LANE,camera lane following,159.500,-0.003125,0.750000,0,,NONE,0.000000,4.600010,4.599990
7.488,FOLLOW_LANE,camera lane following,159.500,-0.003125,0.750000,0,,NONE,0.000000,4.600010,4.599990
7.520,FOLLOW_LANE,camera lane following,159.000,-0.006250,0.750000,0,,NONE,0.000000,4.534381,4.665619
7.552,FOLLOW_LANE,camera lane following,159.500,-0.003125,0.750000,0,,NONE,0.000000,4.615631,4.584369
7.584,FOLLOW_LANE,camera lane following,159.500,-0.003125,0.750000,0,,NONE,0.000000,4.600006,4.599994
7.616,FOLLOW_LANE,camera lane following,159.500,-0.003125,0.750000,0,,NONE,0.000000,4.600006,4.599994
7.648,FOLLOW_LANE,camera lane following,159.500,-0.003125,0.750000,0,,NONE,0.000000,4.600006,4.599994
7.680,FOLLOW_LANE,camera lane following,159.500,-0.003125,0.750000,0,,NONE,0.000000,4.600006,4.599994
7.712,FOLLOW_LANE,camera lane following,159.500,-0.003125,0.750000,0,,NONE,0.000000,4.600006,4.599994
7.744,FOLLOW_LANE,camera lane following,159.000,-0.006250,0.750000,0,,NONE,0.000000,4.534377,4.665623
7.776,FOLLOW_LANE,camera lane following,159.500,-0.003125,0.750000,0,,NONE,0.000000,4.615627,4.584373
7.808,FOLLOW_LANE,camera lane following,159.000,-0.006250,0.750000,0,,NONE,0.000000,4.534373,4.665627
7.840,FOLLOW_LANE,camera lane following,159.500,-0.003125,0.750000,0,,NONE,0.000000,4.615623,4.584377
7.872,FOLLOW_LANE,camera lane following,159.250,-0.004687,0.750000,0,,NONE,0.000000,4.599998,4.600002
7.904,FOLLOW_LANE,camera lane following,159.000,-0.006250,0.750000,0,,NONE,0.000000,4.534369,4.665631
7.936,FOLLOW_LANE,camera lane following,159.000,-0.006250,0.750000,0,,NONE,0.000000,4.549990,4.650010
7.968,FOLLOW_LANE,camera lane following,159.500,-0.003125,0.750000,0,,NONE,0.000000,4.615615,4.584385
8.000,FOLLOW_LANE,camera lane following,159.000,-0.006250,0.750000,0,,NONE,0.000000,4.534361,4.665639
8.032,FOLLOW_LANE,camera lane following,159.000,-0.006250,0.750000,0,,NONE,0.000000,4.549982,4.650018
8.064,FOLLOW_LANE,camera lane following,159.500,-0.003125,0.750000,0,,NONE,0.000000,4.615607,4.584393
8.096,FOLLOW_LANE,camera lane following,159.500,-0.003125,0.750000,0,,NONE,0.000000,4.599982,4.600018
8.128,FOLLOW_LANE,camera lane following,159.500,-0.003125,0.750000,0,,NONE,0.000000,4.599982,4.600018
8.160,FOLLOW_LANE,camera lane following,159.500,-0.003125,0.750000,0,,NONE,0.000000,4.599982,4.600018
8.192,FOLLOW_LANE,camera lane following,159.500,-0.003125,0.750000,0,,NONE,0.000000,4.599982,4.600018
8.224,FOLLOW_LANE,camera lane following,160.000,0.000000,0.750000,0,,NONE,0.000000,4.599982,4.600018
8.256,FOLLOW_LANE,camera lane following,160.000,0.000000,0.750000,0,,NONE,0.000000,4.599982,4.600018
8.288,FOLLOW_LANE,camera lane following,160.000,0.000000,0.750000,0,,NONE,0.000000,4.599982,4.600018
8.320,FOLLOW_LANE,camera lane following,160.000,0.000000,0.750000,0,,NONE,0.000000,4.599982,4.600018
8.352,FOLLOW_LANE,camera lane following,160.000,0.000000,0.750000,0,,NONE,0.000000,4.599982,4.600018
8.384,FOLLOW_LANE,camera lane following,160.500,0.003125,0.750000,0,,NONE,0.000000,4.599982,4.600018
8.416,FOLLOW_LANE,camera lane following,160.500,0.003125,0.750000,0,,NONE,0.000000,4.599982,4.600018
8.448,FOLLOW_LANE,camera lane following,160.500,0.003125,0.750000,0,,NONE,0.000000,4.599982,4.600018
8.480,FOLLOW_LANE,camera lane following,160.500,0.003125,0.750000,0,,NONE,0.000000,4.599982,4.600018
8.512,FOLLOW_LANE,camera lane following,160.500,0.003125,0.750000,0,,NONE,0.000000,4.599982,4.600018
8.544,FOLLOW_LANE,camera lane following,160.500,0.003125,0.750000,0,,NONE,0.000000,4.599982,4.600018
8.576,FOLLOW_LANE,camera lane following,160.500,0.003125,0.750000,0,,NONE,0.000000,4.599982,4.600018
8.608,FOLLOW_LANE,camera lane following,160.500,0.003125,0.750000,0,,NONE,0.000000,4.599982,4.600018
8.640,FOLLOW_LANE,camera lane following,160.500,0.003125,0.750000,0,,NONE,0.000000,4.599982,4.600018
8.672,FOLLOW_LANE,camera lane following,160.500,0.003125,0.750000,0,,NONE,0.000000,4.599982,4.600018
8.704,FOLLOW_LANE,camera lane following,160.500,0.003125,0.750000,0,,NONE,0.000000,4.599982,4.600018
8.736,FOLLOW_LANE,camera lane following,160.500,0.003125,0.750000,0,,NONE,0.000000,4.599982,4.600018
8.768,FOLLOW_LANE,camera lane following,160.000,0.000000,0.750000,0,,NONE,0.000000,4.599982,4.600018
8.800,FOLLOW_LANE,camera lane following,160.000,0.000000,0.750000,0,,NONE,0.000000,4.599982,4.600018
8.832,FOLLOW_LANE,camera lane following,160.000,0.000000,0.750000,0,,NONE,0.000000,4.599982,4.600018
8.864,FOLLOW_LANE,camera lane following,159.750,-0.001563,0.750000,0,,NONE,0.000000,4.599982,4.600018
8.896,FOLLOW_LANE,camera lane following,159.500,-0.003125,0.750000,0,,NONE,0.000000,4.599982,4.600018
8.928,FOLLOW_LANE,camera lane following,160.000,0.000000,0.750000,0,,NONE,0.000000,4.599982,4.600018
8.960,FOLLOW_LANE,camera lane following,160.500,0.003125,0.750000,0,,NONE,0.000000,4.599982,4.600018
8.992,FOLLOW_LANE,camera lane following,160.500,0.003125,0.750000,0,,NONE,0.000000,4.599982,4.600018
9.024,FOLLOW_LANE,camera lane following,160.000,0.000000,0.750000,0,,NONE,0.000000,4.599982,4.600018
9.056,FOLLOW_LANE,camera lane following,160.000,0.000000,0.750000,0,,NONE,0.000000,4.599982,4.600018
9.088,FOLLOW_LANE,camera lane following,160.500,0.003125,0.750000,0,,NONE,0.000000,4.599982,4.600018
9.120,FOLLOW_LANE,camera lane following,160.500,0.003125,0.750000,0,,NONE,0.000000,4.599982,4.600018
9.152,FOLLOW_LANE,camera lane following,161.000,0.006250,0.750000,0,,NONE,0.000000,4.665611,4.534389
9.184,FOLLOW_LANE,camera lane following,160.500,0.003125,0.750000,0,,NONE,0.000000,4.584361,4.615639
9.216,FOLLOW_LANE,camera lane following,160.500,0.003125,0.750000,0,,NONE,0.000000,4.599986,4.600014
9.248,FOLLOW_LANE,camera lane following,160.500,0.003125,0.750000,0,,NONE,0.000000,4.599986,4.600014
9.280,FOLLOW_LANE,camera lane following,160.500,0.003125,0.750000,0,,NONE,0.000000,4.599986,4.600014
9.312,FOLLOW_LANE,camera lane following,160.500,0.003125,0.750000,0,,NONE,0.000000,4.599986,4.600014
9.344,FOLLOW_LANE,camera lane following,160.500,0.003125,0.750000,0,,NONE,0.000000,4.599986,4.600014
9.376,FOLLOW_LANE,camera lane following,160.500,0.003125,0.750000,0,,NONE,0.000000,4.599986,4.600014
9.408,FOLLOW_LANE,camera lane following,160.500,0.003125,0.750000,0,,NONE,0.000000,4.599986,4.600014
9.440,FOLLOW_LANE,camera lane following,160.500,0.003125,0.750000,0,,NONE,0.000000,4.599986,4.600014
9.472,FOLLOW_LANE,camera lane following,160.500,0.003125,0.750000,0,,NONE,0.000000,4.599986,4.600014
9.504,FOLLOW_LANE,camera lane following,160.500,0.003125,0.750000,0,,NONE,0.000000,4.599986,4.600014
9.536,FOLLOW_LANE,camera lane following,160.500,0.003125,0.750000,0,,NONE,0.000000,4.599986,4.600014
9.568,FOLLOW_LANE,camera lane following,160.500,0.003125,0.750000,0,,NONE,0.000000,4.599986,4.600014
9.600,FOLLOW_LANE,camera lane following,160.000,0.000000,0.750000,0,,NONE,0.000000,4.599986,4.600014
9.632,FOLLOW_LANE,camera lane following,160.000,0.000000,0.750000,0,,NONE,0.000000,4.599986,4.600014
9.664,FOLLOW_LANE,camera lane following,160.000,0.000000,0.750000,0,,NONE,0.000000,4.599986,4.600014
9.696,FOLLOW_LANE,camera lane following,160.500,0.003125,0.750000,0,,NONE,0.000000,4.599986,4.600014
9.728,FOLLOW_LANE,camera lane following,160.500,0.003125,0.750000,0,,NONE,0.000000,4.599986,4.600014
9.760,FOLLOW_LANE,camera lane following,160.500,0.003125,0.750000,0,,NONE,0.000000,4.599986,4.600014
9.792,FOLLOW_LANE,camera lane following,160.500,0.003125,0.750000,0,,NONE,0.000000,4.599986,4.600014
9.824,FOLLOW_LANE,camera lane following,160.500,0.003125,0.750000,0,,NONE,0.000000,4.599986,4.600014
9.856,FOLLOW_LANE,camera lane following,160.500,0.003125,0.750000,0,,NONE,0.000000,4.599986,4.600014
9.888,FOLLOW_LANE,camera lane following,160.500,0.003125,0.750000,0,,NONE,0.000000,4.599986,4.600014
9.920,FOLLOW_LANE,camera lane following,160.500,0.003125,0.750000,0,,NONE,0.000000,4.599986,4.600014
9.952,FOLLOW_LANE,camera lane following,160.500,0.003125,0.750000,0,,NONE,0.000000,4.599986,4.600014
9.984,FOLLOW_LANE,camera lane following,160.500,0.003125,0.750000,0,,NONE,0.000000,4.599986,4.600014
10.016,FOLLOW_LANE,camera lane following,160.500,0.003125,0.750000,0,,NONE,0.000000,4.599986,4.600014
10.048,FOLLOW_LANE,camera lane following,161.000,0.006250,0.750000,0,,NONE,0.000000,4.665615,4.534385
10.080,FOLLOW_LANE,camera lane following,161.000,0.006250,0.750000,0,,NONE,0.000000,4.649994,4.550006
10.112,FOLLOW_LANE,camera lane following,160.500,0.003125,0.750000,0,,NONE,0.000000,4.584369,4.615631
10.144,FOLLOW_LANE,camera lane following,160.500,0.003125,0.750000,0,,NONE,0.000000,4.599994,4.600006
10.176,FOLLOW_LANE,camera lane following,160.500,0.003125,0.750000,0,,NONE,0.000000,4.599994,4.600006
10.208,FOLLOW_LANE,camera lane following,160.500,0.003125,0.750000,0,,NONE,0.000000,4.599994,4.600006
10.240,FOLLOW_LANE,camera lane following,160.500,0.003125,0.750000,0,,NONE,0.000000,4.599994,4.600006
10.272,FOLLOW_LANE,camera lane following,160.500,0.003125,0.750000,0,,NONE,0.000000,4.599994,4.600006
10.304,FOLLOW_LANE,camera lane following,160.500,0.003125,0.750000,0,,NONE,0.000000,4.599994,4.600006
10.336,FOLLOW_LANE,camera lane following,160.500,0.003125,0.750000,0,,NONE,0.000000,4.599994,4.600006
10.368,FOLLOW_LANE,camera lane following,160.500,0.003125,0.750000,0,,NONE,0.000000,4.599994,4.600006
10.400,FOLLOW_LANE,camera lane following,160.000,0.000000,0.750000,0,,NONE,0.000000,4.599994,4.600006
10.432,FOLLOW_LANE,camera lane following,160.000,0.000000,0.750000,0,,NONE,0.000000,4.599994,4.600006
10.464,FOLLOW_LANE,camera lane following,160.000,0.000000,0.750000,0,,NONE,0.000000,4.599994,4.600006
10.496,FOLLOW_LANE,camera lane following,159.500,-0.003125,0.750000,0,,NONE,0.000000,4.599994,4.600006
10.528,FOLLOW_LANE,camera lane following,159.500,-0.003125,0.750000,0,,NONE,0.000000,4.599994,4.600006
10.560,FOLLOW_LANE,camera lane following,159.500,-0.003125,0.750000,0,,NONE,0.000000,4.599994,4.600006
10.592,FOLLOW_LANE,camera lane following,160.000,0.000000,0.750000,0,,NONE,0.000000,4.599994,4.600006
10.624,FOLLOW_LANE,camera lane following,160.000,0.000000,0.750000,0,,NONE,0.000000,4.599994,4.600006
10.656,FOLLOW_LANE,camera lane following,160.000,0.000000,0.750000,0,,NONE,0.000000,4.599994,4.600006
10.688,FOLLOW_LANE,camera lane following,160.000,0.000000,0.750000,0,,NONE,0.000000,4.599994,4.600006
10.720,FOLLOW_LANE,camera lane following,160.500,0.003125,0.750000,0,,NONE,0.000000,4.599994,4.600006
10.752,FOLLOW_LANE,camera lane following,160.500,0.003125,0.750000,0,,NONE,0.000000,4.599994,4.600006
10.784,FOLLOW_LANE,camera lane following,160.500,0.003125,0.750000,0,,NONE,0.000000,4.599994,4.600006
10.816,FOLLOW_LANE,camera lane following,160.500,0.003125,0.750000,0,,NONE,0.000000,4.599994,4.600006
10.848,FOLLOW_LANE,camera lane following,160.500,0.003125,0.750000,0,,NONE,0.000000,4.599994,4.600006
10.880,FOLLOW_LANE,camera lane following,160.500,0.003125,0.750000,0,,NONE,0.000000,4.599994,4.600006
10.912,FOLLOW_LANE,camera lane following,160.000,0.000000,0.750000,0,,NONE,0.000000,4.599994,4.600006
10.944,FOLLOW_LANE,camera lane following,160.000,0.000000,0.750000,0,,NONE,0.000000,4.599994,4.600006
10.976,FOLLOW_LANE,camera lane following,159.500,-0.003125,0.750000,0,,NONE,0.000000,4.599994,4.600006
11.008,FOLLOW_LANE,camera lane following,159.500,-0.003125,0.750000,0,,NONE,0.000000,4.599994,4.600006
11.040,FOLLOW_LANE,camera lane following,159.500,-0.003125,0.750000,0,,NONE,0.000000,4.599994,4.600006
11.072,FOLLOW_LANE,camera lane following,159.500,-0.003125,0.750000,0,,NONE,0.000000,4.599994,4.600006
11.104,FOLLOW_LANE,camera lane following,159.500,-0.003125,0.750000,0,,NONE,0.000000,4.599994,4.600006
11.136,FOLLOW_LANE,camera lane following,159.750,-0.001563,0.750000,0,,NONE,0.000000,4.599994,4.600006
11.168,FOLLOW_LANE,camera lane following,160.000,0.000000,0.750000,0,,NONE,0.000000,4.599994,4.600006
11.200,FOLLOW_LANE,camera lane following,159.000,-0.006250,0.750000,0,,NONE,0.000000,4.534365,4.665635
11.232,FOLLOW_LANE,camera lane following,159.000,-0.006250,0.750000,0,,NONE,0.000000,4.549986,4.650014
11.264,FOLLOW_LANE,camera lane following,159.250,-0.004687,0.750000,0,,NONE,0.000000,4.615611,4.584389
11.296,FOLLOW_LANE,camera lane following,158.500,-0.009375,0.750000,0,,NONE,0.000000,4.501542,4.698457
11.328,FOLLOW_LANE,camera lane following,158.500,-0.009375,0.750000,0,,NONE,0.000000,4.524974,4.675026
11.360,FOLLOW_LANE,camera lane following,158.000,-0.012500,0.750000,0,,NONE,0.000000,4.492153,4.707846
11.392,FOLLOW_LANE,camera lane following,158.500,-0.009375,0.750000,0,,NONE,0.000000,4.532773,4.667227
11.424,FOLLOW_LANE,camera lane following,159.250,-0.004687,0.750000,0,,NONE,0.000000,4.623397,4.576602
11.456,FOLLOW_LANE,camera lane following,159.000,-0.006250,0.750000,0,,NONE,0.000000,4.534331,4.665669
11.488,FOLLOW_LANE,camera lane following,159.000,-0.006250,0.750000,0,,NONE,0.000000,4.549952,4.650048
11.520,FOLLOW_LANE,camera lane following,159.500,-0.003125,0.750000,0,,NONE,0.000000,4.615577,4.584423
11.552,FOLLOW_LANE,camera lane following,159.500,-0.003125,0.750000,0,,NONE,0.000000,4.599952,4.600048
11.584,FOLLOW_LANE,camera lane following,159.000,-0.006250,0.750000,0,,NONE,0.000000,4.534323,4.665677
11.616,FOLLOW_LANE,camera lane following,159.000,-0.006250,0.750000,0,,NONE,0.000000,4.549944,4.650056
11.648,FOLLOW_LANE,camera lane following,159.000,-0.006250,0.750000,0,,NONE,0.000000,4.549940,4.650060
11.680,FOLLOW_LANE,camera lane following,159.000,-0.006250,0.750000,0,,NONE,0.000000,4.549936,4.650064
11.712,FOLLOW_LANE,camera lane following,159.000,-0.006250,0.750000,0,,NONE,0.000000,4.549932,4.650068
11.744,FOLLOW_LANE,camera lane following,158.500,-0.009375,0.750000,0,,NONE,0.000000,4.517113,4.682886
11.776,FOLLOW_LANE,camera lane following,158.500,-0.009375,0.750000,0,,NONE,0.000000,4.524920,4.675080
11.808,FOLLOW_LANE,camera lane following,158.500,-0.009375,0.750000,0,,NONE,0.000000,4.524914,4.675086
11.840,FOLLOW_LANE,camera lane following,158.500,-0.009375,0.750000,0,,NONE,0.000000,4.524908,4.675092
11.872,FOLLOW_LANE,camera lane following,159.000,-0.006250,0.750000,0,,NONE,0.000000,4.557716,4.642283
11.904,FOLLOW_LANE,camera lane following,159.000,-0.006250,0.750000,0,,NONE,0.000000,4.549900,4.650100
11.936,FOLLOW_LANE,camera lane following,159.000,-0.006250,0.750000,0,,NONE,0.000000,4.549896,4.650104
11.968,FOLLOW_LANE,camera lane following,159.000,-0.006250,0.750000,0,,NONE,0.000000,4.549892,4.650108
12.000,FOLLOW_LANE,camera lane following,158.500,-0.009375,0.750000,0,,NONE,0.000000,4.517073,4.682926
12.032,FOLLOW_LANE,camera lane following,158.500,-0.009375,0.750000,0,,NONE,0.000000,4.524880,4.675120
12.064,FOLLOW_LANE,camera lane following,158.750,-0.007812,0.750000,0,,NONE,0.000000,4.541281,4.658719
12.096,FOLLOW_LANE,camera lane following,158.000,-0.012500,0.750000,0,,NONE,0.000000,4.488148,4.711852
12.128,FOLLOW_LANE,camera lane following,158.000,-0.012500,0.750000,0,,NONE,0.000000,4.499859,4.700141
12.160,FOLLOW_LANE,camera lane following,158.000,-0.012500,0.750000,0,,NONE,0.000000,4.499851,4.700149
12.192,FOLLOW_LANE,camera lane following,158.000,-0.012500,0.750000,0,,NONE,0.000000,4.499843,4.700157
12.224,FOLLOW_LANE,camera lane following,158.000,-0.012500,0.750000,0,,NONE,0.000000,4.499835,4.700165
12.256,FOLLOW_LANE,camera lane following,158.000,-0.012500,0.750000,0,,NONE,0.000000,4.499827,4.700173
12.288,FOLLOW_LANE,camera lane following,158.000,-0.012500,0.750000,0,,NONE,0.000000,4.499819,4.700181
12.320,FOLLOW_LANE,camera lane following,158.000,-0.012500,0.750000,0,,NONE,0.000000,4.499811,4.700189
12.352,FOLLOW_LANE,camera lane following,157.500,-0.015625,0.750000,0,,NONE,0.000000,4.466988,4.733011
12.384,FOLLOW_LANE,camera lane following,157.250,-0.017188,0.750000,0,,NONE,0.000000,4.458384,4.741616
12.416,FOLLOW_LANE,camera lane following,157.000,-0.018750,0.750000,0,,NONE,0.000000,4.445872,4.754128
12.448,FOLLOW_LANE,camera lane following,157.000,-0.018750,0.750000,0,,NONE,0.000000,4.449766,4.750234
12.480,FOLLOW_LANE,camera lane following,157.000,-0.018750,0.750000,0,,NONE,0.000000,4.449754,4.750246
12.512,FOLLOW_LANE,camera lane following,157.500,-0.015625,0.750000,0,,NONE,0.000000,4.482556,4.717443
12.544,FOLLOW_LANE,camera lane following,157.500,-0.015625,0.750000,0,,NONE,0.000000,4.474734,4.725266
12.576,FOLLOW_LANE,camera lane following,158.500,-0.009375,0.750000,0,,NONE,0.000000,4.540353,4.659647
12.608,FOLLOW_LANE,camera lane following,159.000,-0.006250,0.750000,0,,NONE,0.000000,4.557536,4.642463
12.640,FOLLOW_LANE,camera lane following,162.000,0.012500,0.750000,0,,NONE,0.000000,4.746607,4.453393
12.672,FOLLOW_LANE,camera lane following,159.500,-0.003125,0.750000,0,,NONE,0.000000,4.568482,4.631518
12.704,FOLLOW_LANE,camera lane following,155.000,-0.031250,0.750000,0,,NONE,0.000000,4.271587,4.928413
12.736,FOLLOW_LANE,camera lane following,155.000,-0.031250,0.750000,0,,NONE,0.000000,4.349692,4.850308
12.768,FOLLOW_LANE,camera lane following,155.000,-0.031250,0.750000,0,,NONE,0.000000,4.349672,4.850328
12.800,FOLLOW_LANE,camera lane following,155.500,-0.028125,0.750000,0,,NONE,0.000000,4.382466,4.817533
12.832,FOLLOW_LANE,camera lane following,156.000,-0.025000,0.750000,0,,NONE,0.000000,4.407450,4.792549
12.864,FOLLOW_LANE,camera lane following,156.000,-0.025000,0.750000,0,,NONE,0.000000,4.399622,4.800378
12.896,FOLLOW_LANE,camera lane following,156.500,-0.021875,0.750000,0,,NONE,0.000000,4.432420,4.767580
12.928,FOLLOW_LANE,camera lane following,156.500,-0.021875,0.750000,0,,NONE,0.000000,4.424594,4.775406
12.960,FOLLOW_LANE,camera lane following,156.500,-0.021875,0.750000,0,,NONE,0.000000,4.424580,4.775420
12.992,FOLLOW_LANE,camera lane following,156.500,-0.021875,0.750000,0,,NONE,0.000000,4.424566,4.775434
13.024,FOLLOW_LANE,camera lane following,157.500,-0.015625,0.750000,0,,NONE,0.000000,4.490181,4.709819
13.056,FOLLOW_LANE,camera lane following,157.500,-0.015625,0.750000,0,,NONE,0.000000,4.474546,4.725454
13.088,FOLLOW_LANE,camera lane following,157.500,-0.015625,0.750000,0,,NONE,0.000000,4.474536,4.725464
13.120,FOLLOW_LANE,camera lane following,158.000,-0.012500,0.750000,0,,NONE,0.000000,4.507340,4.692659
13.152,FOLLOW_LANE,camera lane following,158.500,-0.009375,0.750000,0,,NONE,0.000000,4.532334,4.667666
13.184,FOLLOW_LANE,camera lane following,158.500,-0.009375,0.750000,0,,NONE,0.000000,4.524516,4.675484
13.216,FOLLOW_LANE,camera lane following,159.000,-0.006250,0.750000,0,,NONE,0.000000,4.557325,4.642675
13.248,FOLLOW_LANE,camera lane following,160.000,0.000000,0.750000,0,,NONE,0.000000,4.615137,4.584863
13.280,FOLLOW_LANE,camera lane following,160.500,0.003125,0.750000,0,,NONE,0.000000,4.599512,4.600488
13.312,FOLLOW_LANE,camera lane following,162.000,0.012500,0.750000,0,,NONE,0.000000,4.730770,4.469230
13.344,FOLLOW_LANE,camera lane following,163.500,0.021875,0.750000,0,,NONE,0.000000,4.797972,4.402028
13.376,FOLLOW_LANE,camera lane following,165.500,0.034375,0.750000,0,,NONE,0.000000,4.905806,4.294194
13.408,FOLLOW_LANE,camera lane following,167.500,0.046875,0.750000,0,,NONE,0.000000,5.005836,4.194164
13.440,FOLLOW_LANE,camera lane following,157.500,-0.015625,0.750000,0,,NONE,0.000000,4.318326,4.881674
13.472,FOLLOW_LANE,camera lane following,134.000,-0.162500,0.750000,0,,NONE,0.000000,2.932284,6.267715
13.504,FOLLOW_LANE,camera lane following,136.500,-0.146875,0.750000,0,,NONE,0.000000,3.463440,5.736559
13.536,FOLLOW_LANE,camera lane following,136.500,-0.146875,0.750000,0,,NONE,0.000000,3.424284,5.775716
13.568,FOLLOW_LANE,camera lane following,154.500,-0.034375,0.750000,0,,NONE,0.000000,4.605512,4.594488
13.600,FOLLOW_LANE,camera lane following,155.000,-0.031250,0.750000,0,,NONE,0.000000,4.357054,4.842945
13.632,FOLLOW_LANE,camera lane following,155.000,-0.031250,0.750000,0,,NONE,0.000000,4.349222,4.850778
13.664,FOLLOW_LANE,camera lane following,155.500,-0.028125,0.750000,0,,NONE,0.000000,4.382016,4.817983
13.696,FOLLOW_LANE,camera lane following,156.000,-0.025000,0.750000,0,,NONE,0.000000,4.407000,4.792999
13.728,FOLLOW_LANE,camera lane following,156.500,-0.021875,0.750000,0,,NONE,0.000000,4.431986,4.768013
13.760,FOLLOW_LANE,camera lane following,156.500,-0.021875,0.750000,0,,NONE,0.000000,4.424160,4.775840
13.792,FOLLOW_LANE,camera lane following,157.000,-0.018750,0.750000,0,,NONE,0.000000,4.456960,4.743040
13.824,FOLLOW_LANE,camera lane following,157.500,-0.015625,0.750000,0,,NONE,0.000000,4.481950,4.718049
13.856,FOLLOW_LANE,camera lane following,157.500,-0.015625,0.750000,0,,NONE,0.000000,4.474128,4.725872
13.888,FOLLOW_LANE,camera lane following,157.500,-0.015625,0.750000,0,,NONE,0.000000,4.474118,4.725882
13.920,FOLLOW_LANE,camera lane following,158.500,-0.009375,0.750000,0,,NONE,0.000000,4.539737,4.660263
13.952,FOLLOW_LANE,camera lane following,158.500,-0.009375,0.750000,0,,NONE,0.000000,4.524106,4.675894
13.984,FOLLOW_LANE,camera lane following,159.000,-0.006250,0.750000,0,,NONE,0.000000,4.556914,4.643085
14.016,FOLLOW_LANE,camera lane following,159.500,-0.003125,0.750000,0,,NONE,0.000000,4.614727,4.585273
14.048,FOLLOW_LANE,camera lane following,161.500,0.009375,0.750000,0,,NONE,0.000000,4.697545,4.502454
14.080,FOLLOW_LANE,camera lane following,163.000,0.018750,0.750000,0,,NONE,0.000000,4.772557,4.427442
14.112,FOLLOW_LANE,camera lane following,163.500,0.021875,0.750000,0,,NONE,0.000000,4.781946,4.418054
14.144,FOLLOW_LANE,camera lane following,164.500,0.028125,0.750000,0,,NONE,0.000000,4.839777,4.360223
14.176,FOLLOW_LANE,camera lane following,165.000,0.031250,0.750000,0,,NONE,0.000000,4.856984,4.343015
14.208,FOLLOW_LANE,camera lane following,166.500,0.040625,0.750000,0,,NONE,0.000000,4.947635,4.252364
14.240,FOLLOW_LANE,camera lane following,164.500,0.028125,0.750000,0,,NONE,0.000000,4.792966,4.407034
14.272,FOLLOW_LANE,camera lane following,138.500,-0.134375,0.750000,0,,NONE,0.000000,3.117880,6.082120
14.304,FOLLOW_LANE,camera lane following,137.000,-0.143750,0.750000,0,,NONE,0.000000,3.425600,5.774399
14.336,FOLLOW_LANE,camera lane following,137.500,-0.140625,0.750000,0,,NONE,0.000000,3.481760,5.718239
14.368,FOLLOW_LANE,camera lane following,136.000,-0.150000,0.750000,0,,NONE,0.000000,3.375414,5.824585
14.400,FOLLOW_LANE,camera lane following,168.500,0.053125,0.750000,0,,NONE,0.000000,5.531698,3.668301
14.432,FOLLOW_LANE,camera lane following,161.500,0.009375,0.750000,0,,NONE,0.000000,4.564517,4.635483
14.464,FOLLOW_LANE,camera lane following,160.000,0.000000,0.750000,0,,NONE,0.000000,4.575454,4.624545
14.496,FOLLOW_LANE,camera lane following,158.500,-0.009375,0.750000,0,,NONE,0.000000,4.500449,4.699551
14.528,FOLLOW_LANE,camera lane following,160.000,0.000000,0.750000,0,,NONE,0.000000,4.622323,4.577676
14.560,FOLLOW_LANE,camera lane following,160.000,0.000000,0.750000,0,,NONE,0.000000,4.598886,4.601114
14.592,FOLLOW_LANE,camera lane following,155.500,-0.028125,0.750000,0,,NONE,0.000000,4.303555,4.896444
14.624,FOLLOW_LANE,camera lane following,152.500,-0.046875,0.750000,0,,NONE,0.000000,4.176963,5.023037
14.656,FOLLOW_LANE,camera lane following,153.000,-0.043750,0.750000,0,,NONE,0.000000,4.256622,4.943377
14.688,FOLLOW_LANE,camera lane following,154.000,-0.037500,0.750000,0,,NONE,0.000000,4.314411,4.885589
14.720,FOLLOW_LANE,camera lane following,154.000,-0.037500,0.750000,0,,NONE,0.000000,4.298762,4.901238
14.752,FOLLOW_LANE,camera lane following,154.500,-0.034375,0.750000,0,,NONE,0.000000,4.331552,4.868447
14.784,FOLLOW_LANE,camera lane following,155.500,-0.028125,0.750000,0,,NONE,0.000000,4.389347,4.810653
14.816,FOLLOW_LANE,camera lane following,156.000,-0.025000,0.750000,0,,NONE,0.000000,4.406518,4.793481
14.848,FOLLOW_LANE,camera lane following,157.500,-0.015625,0.750000,0,,NONE,0.000000,4.497133,4.702866
14.880,FOLLOW_LANE,camera lane following,159.000,-0.006250,0.750000,0,,NONE,0.000000,4.572129,4.627870
14.912,FOLLOW_LANE,camera lane following,160.000,0.000000,0.750000,0,,NONE,0.000000,4.614317,4.585683
14.944,FOLLOW_LANE,camera lane following,160.500,0.003125,0.750000,0,,NONE,0.000000,4.598692,4.601308
14.976,FOLLOW_LANE,camera lane following,160.500,0.003125,0.750000,0,,NONE,0.000000,4.598692,4.601308
15.008,FOLLOW_LANE,camera lane following,162.000,0.012500,0.750000,0,,NONE,0.000000,4.729950,4.470050
15.040,FOLLOW_LANE,camera lane following,164.000,0.025000,0.750000,0,,NONE,0.000000,4.829966,4.370034
15.072,FOLLOW_LANE,camera lane following,165.500,0.034375,0.750000,0,,NONE,0.000000,4.897175,4.302824
15.104,FOLLOW_LANE,camera lane following,149.000,-0.068750,0.750000,0,,NONE,0.000000,3.790881,5.409118
15.136,FOLLOW_LANE,camera lane following,137.000,-0.143750,0.750000,0,,NONE,0.000000,3.261102,5.938898
15.168,FOLLOW_LANE,camera lane following,140.000,-0.125000,0.750000,0,,NONE,0.000000,3.645397,5.554603
15.200,FOLLOW_LANE,camera lane following,138.000,-0.137500,0.750000,0,,NONE,0.000000,3.467184,5.732816
15.232,FOLLOW_LANE,camera lane following,162.500,0.015625,0.750000,0,,NONE,0.000000,5.106256,4.093743
15.264,FOLLOW_LANE,camera lane following,157.500,-0.015625,0.750000,0,,NONE,0.000000,4.395309,4.804691
15.296,FOLLOW_LANE,camera lane following,156.000,-0.025000,0.750000,0,,NONE,0.000000,4.374980,4.825019
15.328,FOLLOW_LANE,camera lane following,155.000,-0.031250,0.750000,0,,NONE,0.000000,4.332773,4.867227
15.360,FOLLOW_LANE,camera lane following,156.500,-0.021875,0.750000,0,,NONE,0.000000,4.446821,4.753178
15.392,FOLLOW_LANE,camera lane following,156.500,-0.021875,0.750000,0,,NONE,0.000000,4.423370,4.776630
15.424,FOLLOW_LANE,camera lane following,153.000,-0.043750,0.750000,0,,NONE,0.000000,4.193655,5.006345
15.456,FOLLOW_LANE,camera lane following,152.000,-0.050000,0.750000,0,,NONE,0.000000,4.182685,5.017315
15.488,FOLLOW_LANE,camera lane following,152.500,-0.046875,0.750000,0,,NONE,0.000000,4.231092,4.968907
15.520,FOLLOW_LANE,camera lane following,153.000,-0.043750,0.750000,0,,NONE,0.000000,4.256064,4.943935
15.552,FOLLOW_LANE,camera lane following,153.000,-0.043750,0.750000,0,,NONE,0.000000,4.248224,4.951776
15.584,FOLLOW_LANE,camera lane following,154.000,-0.037500,0.750000,0,,NONE,0.000000,4.313825,4.886175
15.616,FOLLOW_LANE,camera lane following,154.500,-0.034375,0.750000,0,,NONE,0.000000,4.330990,4.869009
15.648,FOLLOW_LANE,camera lane following,155.000,-0.031250,0.750000,0,,NONE,0.000000,4.355970,4.844029
15.680,FOLLOW_LANE,camera lane following,156.000,-0.025000,0.750000,0,,NONE,0.000000,4.413767,4.786233
15.712,FOLLOW_LANE,camera lane following,156.500,-0.021875,0.750000,0,,NONE,0.000000,4.430940,4.769060
15.744,FOLLOW_LANE,camera lane following,157.500,-0.015625,0.750000,0,,NONE,0.000000,4.488743,4.711257
15.776,FOLLOW_LANE,camera lane following,158.000,-0.012500,0.750000,0,,NONE,0.000000,4.505922,4.694077
15.808,FOLLOW_LANE,camera lane following,159.000,-0.006250,0.750000,0,,NONE,0.000000,4.563731,4.636269
15.840,FOLLOW_LANE,camera lane following,161.000,0.006250,0.750000,0,,NONE,0.000000,4.679360,4.520640
15.872,FOLLOW_LANE,camera lane following,162.500,0.015625,0.750000,0,,NONE,0.000000,4.746557,4.453442
15.904,FOLLOW_LANE,camera lane following,165.000,0.031250,0.750000,0,,NONE,0.000000,4.887202,4.312797
15.936,FOLLOW_LANE,camera lane following,161.000,0.006250,0.750000,0,,NONE,0.000000,4.585644,4.614356
15.968,FOLLOW_LANE,camera lane following,138.500,-0.134375,0.750000,0,,NONE,0.000000,3.171495,6.028504
16.000,FOLLOW_LANE,camera lane following,137.500,-0.140625,0.750000,0,,NONE,0.000000,3.457343,5.742657
16.032,FOLLOW_LANE,camera lane following,138.250,-0.135937,0.750000,0,,NONE,0.000000,3.522100,5.677900
16.064,FOLLOW_LANE,camera lane following,156.000,-0.025000,0.750000,0,,NONE,0.000000,4.675209,4.524791
16.096,FOLLOW_LANE,camera lane following,154.000,-0.037500,0.750000,0,,NONE,0.000000,4.266591,4.933409
16.128,FOLLOW_LANE,camera lane following,153.000,-0.043750,0.750000,0,,NONE,0.000000,4.232188,4.967812
16.160,FOLLOW_LANE,camera lane following,152.500,-0.046875,0.750000,0,,NONE,0.000000,4.214970,4.985029
16.192,FOLLOW_LANE,camera lane following,154.000,-0.037500,0.750000,0,,NONE,0.000000,4.321196,4.878804
16.224,FOLLOW_LANE,camera lane following,154.500,-0.034375,0.750000,0,,NONE,0.000000,4.330550,4.869450
16.256,FOLLOW_LANE,camera lane following,153.500,-0.040625,0.750000,0,,NONE,0.000000,4.257086,4.942914
16.288,FOLLOW_LANE,camera lane following,152.000,-0.050000,0.750000,0,,NONE,0.000000,4.174241,5.025758
16.320,FOLLOW_LANE,camera lane following,152.500,-0.046875,0.750000,0,,NONE,0.000000,4.230461,4.969538
16.352,FOLLOW_LANE,camera lane following,153.000,-0.043750,0.750000,0,,NONE,0.000000,4.255433,4.944566
16.384,FOLLOW_LANE,camera lane following,153.000,-0.043750,0.750000,0,,NONE,0.000000,4.247593,4.952407
16.416,FOLLOW_LANE,camera lane following,154.000,-0.037500,0.750000,0,,NONE,0.000000,4.313194,4.886806
16.448,FOLLOW_LANE,camera lane following,154.000,-0.037500,0.750000,0,,NONE,0.000000,4.297545,4.902455
16.480,FOLLOW_LANE,camera lane following,155.500,-0.028125,0.750000,0,,NONE,0.000000,4.395964,4.804035
16.512,FOLLOW_LANE,camera lane following,156.750,-0.020313,0.750000,0,,NONE,0.000000,4.454545,4.745455
16.544,FOLLOW_LANE,camera lane following,157.000,-0.018750,0.750000,0,,NONE,0.000000,4.451408,4.748592
16.576,FOLLOW_LANE,camera lane following,157.500,-0.015625,0.750000,0,,NONE,0.000000,4.480304,4.719695
16.608,FOLLOW_LANE,camera lane following,158.500,-0.009375,0.750000,0,,NONE,0.000000,4.538111,4.661889
16.640,FOLLOW_LANE,camera lane following,159.000,-0.006250,0.750000,0,,NONE,0.000000,4.555294,4.644705
16.672,FOLLOW_LANE,camera lane following,160.500,0.003125,0.750000,0,,NONE,0.000000,4.613107,4.586893
16.704,FOLLOW_LANE,camera lane following,163.000,0.018750,0.750000,0,,NONE,0.000000,4.794369,4.405631
16.736,FOLLOW_LANE,camera lane following,164.500,0.028125,0.750000,0,,NONE,0.000000,4.845949,4.354050
16.768,FOLLOW_LANE,camera lane following,165.000,0.031250,0.750000,0,,NONE,0.000000,4.855344,4.344656
16.800,FOLLOW_LANE,camera lane following,142.000,-0.112500,0.750000,0,,NONE,0.000000,3.338085,5.861915
16.832,FOLLOW_LANE,camera lane following,137.000,-0.143750,0.750000,0,,NONE,0.000000,3.369243,5.830757
16.864,FOLLOW_LANE,camera lane following,137.500,-0.140625,0.750000,0,,NONE,0.000000,3.480090,5.719909
16.896,FOLLOW_LANE,camera lane following,154.000,-0.037500,0.750000,0,,NONE,0.000000,4.555066,4.644933
16.928,FOLLOW_LANE,camera lane following,152.000,-0.050000,0.750000,0,,NONE,0.000000,4.165972,5.034028
16.960,FOLLOW_LANE,camera lane following,152.000,-0.050000,0.750000,0,,NONE,0.000000,4.197190,5.002810
16.992,FOLLOW_LANE,camera lane following,151.500,-0.053125,0.750000,0,,NONE,0.000000,4.164343,5.035656
17.024,FOLLOW_LANE,camera lane following,153.000,-0.043750,0.750000,0,,NONE,0.000000,4.270566,4.929434
17.056,FOLLOW_LANE,camera lane following,154.000,-0.037500,0.750000,0,,NONE,0.000000,4.312729,4.887271
17.088,FOLLOW_LANE,camera lane following,153.500,-0.040625,0.750000,0,,NONE,0.000000,4.264265,4.935734
17.120,FOLLOW_LANE,camera lane following,152.000,-0.050000,0.750000,0,,NONE,0.000000,4.173608,5.026391
17.152,FOLLOW_LANE,camera lane following,153.000,-0.043750,0.750000,0,,NONE,0.000000,4.262643,4.937357
17.184,FOLLOW_LANE,camera lane following,153.500,-0.040625,0.750000,0,,NONE,0.000000,4.279805,4.920195
17.216,FOLLOW_LANE,camera lane following,153.500,-0.040625,0.750000,0,,NONE,0.000000,4.271966,4.928034
17.248,FOLLOW_LANE,camera lane following,154.000,-0.037500,0.750000,0,,NONE,0.000000,4.304754,4.895245
17.280,FOLLOW_LANE,camera lane following,155.000,-0.031250,0.750000,0,,NONE,0.000000,4.362547,4.837453
17.312,FOLLOW_LANE,camera lane following,155.500,-0.028125,0.750000,0,,NONE,0.000000,4.379716,4.820283
17.344,FOLLOW_LANE,camera lane following,156.000,-0.025000,0.750000,0,,NONE,0.000000,4.404700,4.795299
17.376,FOLLOW_LANE,camera lane following,157.000,-0.018750,0.750000,0,,NONE,0.000000,4.462501,4.737499
17.408,FOLLOW_LANE,camera lane following,157.500,-0.015625,0.750000,0,,NONE,0.000000,4.479678,4.720321
17.440,FOLLOW_LANE,camera lane following,158.000,-0.012500,0.750000,0,,NONE,0.000000,4.504670,4.695329
17.472,FOLLOW_LANE,camera lane following,159.500,-0.003125,0.750000,0,,NONE,0.000000,4.628108,4.571892
17.504,FOLLOW_LANE,camera lane following,161.000,0.006250,0.750000,0,,NONE,0.000000,4.662487,4.537513
17.536,FOLLOW_LANE,camera lane following,163.000,0.018750,0.750000,0,,NONE,0.000000,4.778124,4.421876
17.568,FOLLOW_LANE,camera lane following,164.500,0.028125,0.750000,0,,NONE,0.000000,4.845330,4.354670
17.600,FOLLOW_LANE,camera lane following,166.000,0.037500,0.750000,0,,NONE,0.000000,4.920354,4.279646
17.632,FOLLOW_LANE,camera lane following,145.250,-0.092188,0.750000,0,,NONE,0.000000,3.535138,5.664862
17.664,FOLLOW_LANE,camera lane following,137.750,-0.139063,0.750000,0,,NONE,0.000000,3.367080,5.832919
17.696,FOLLOW_LANE,camera lane following,138.250,-0.135937,0.750000,0,,NONE,0.000000,3.516993,5.683006
17.728,FOLLOW_LANE,camera lane following,151.500,-0.053125,0.750000,0,,NONE,0.000000,4.378678,4.821322
17.760,FOLLOW_LANE,camera lane following,152.000,-0.050000,0.750000,0,,NONE,0.000000,4.204427,4.995572
17.792,FOLLOW_LANE,camera lane following,151.500,-0.053125,0.750000,0,,NONE,0.000000,4.163768,5.036231
17.824,FOLLOW_LANE,camera lane following,152.000,-0.050000,0.750000,0,,NONE,0.000000,4.204361,4.995639
17.856,FOLLOW_LANE,camera lane following,153.000,-0.043750,0.750000,0,,NONE,0.000000,4.262146,4.937854
17.888,FOLLOW_LANE,camera lane following,154.000,-0.037500,0.750000,0,,NONE,0.000000,4.312122,4.887878
17.920,FOLLOW_LANE,camera lane following,154.000,-0.037500,0.750000,0,,NONE,0.000000,4.296473,4.903527
17.952,FOLLOW_LANE,camera lane following,152.500,-0.046875,0.750000,0,,NONE,0.000000,4.198005,5.001994
17.984,FOLLOW_LANE,camera lane following,153.500,-0.040625,0.750000,0,,NONE,0.000000,4.287042,4.912958
18.016,FOLLOW_LANE,camera lane following,154.000,-0.037500,0.750000,0,,NONE,0.000000,4.304205,4.895795
18.048,FOLLOW_LANE,camera lane following,154.500,-0.034375,0.750000,0,,NONE,0.000000,4.329183,4.870817
18.080,FOLLOW_LANE,camera lane following,154.500,-0.034375,0.750000,0,,NONE,0.000000,4.321349,4.878651
18.112,FOLLOW_LANE,camera lane following,155.000,-0.031250,0.750000,0,,NONE,0.000000,4.354141,4.845858
18.144,FOLLOW_LANE,camera lane following,156.000,-0.025000,0.750000,0,,NONE,0.000000,4.411938,4.788062
18.176,FOLLOW_LANE,camera lane following,156.500,-0.021875,0.750000,0,,NONE,0.000000,4.429111,4.770888
18.208,FOLLOW_LANE,camera lane following,157.000,-0.018750,0.750000,0,,NONE,0.000000,4.454099,4.745900
18.240,FOLLOW_LANE,camera lane following,157.500,-0.015625,0.750000,0,,NONE,0.000000,4.479089,4.720910
18.272,FOLLOW_LANE,camera lane following,158.500,-0.009375,0.750000,0,,NONE,0.000000,4.536896,4.663104
18.304,FOLLOW_LANE,camera lane following,159.000,-0.006250,0.750000,0,,NONE,0.000000,4.554079,4.645920
18.336,FOLLOW_LANE,camera lane following,161.000,0.006250,0.750000,0,,NONE,0.000000,4.677521,4.522479
18.368,FOLLOW_LANE,camera lane following,162.000,0.012500,0.750000,0,,NONE,0.000000,4.711904,4.488096
18.400,FOLLOW_LANE,camera lane following,164.000,0.025000,0.750000,0,,NONE,0.000000,4.827545,4.372455
18.432,FOLLOW_LANE,camera lane following,166.500,0.040625,0.750000,0,,NONE,0.000000,4.960383,4.239616
18.464,FOLLOW_LANE,camera lane following,159.000,-0.006250,0.750000,0,,NONE,0.000000,4.429129,4.770871
18.496,FOLLOW_LANE,camera lane following,137.000,-0.143750,0.750000,0,,NONE,0.000000,3.102475,6.097525
18.528,FOLLOW_LANE,camera lane following,137.750,-0.139063,0.750000,0,,NONE,0.000000,3.495355,5.704645
18.560,FOLLOW_LANE,camera lane following,130.500,-0.184375,0.750000,0,,NONE,0.000000,3.007737,6.192263
18.592,FOLLOW_LANE,camera lane following,152.000,-0.050000,0.750000,0,,NONE,0.000000,4.531923,4.668076
18.624,FOLLOW_LANE,camera lane following,150.500,-0.059375,0.750000,0,,NONE,0.000000,4.097510,5.102489
18.656,FOLLOW_LANE,camera lane following,151.500,-0.053125,0.750000,0,,NONE,0.000000,4.186539,5.013461
18.688,FOLLOW_LANE,camera lane following,151.000,-0.056250,0.750000,0,,NONE,0.000000,4.138065,5.061934
18.720,FOLLOW_LANE,camera lane following,153.000,-0.043750,0.750000,0,,NONE,0.000000,4.277100,4.922900
18.752,FOLLOW_LANE,camera lane following,154.000,-0.037500,0.750000,0,,NONE,0.000000,4.311451,4.888549
18.784,FOLLOW_LANE,camera lane following,152.500,-0.046875,0.750000,0,,NONE,0.000000,4.197358,5.002641
18.816,FOLLOW_LANE,camera lane following,153.000,-0.043750,0.750000,0,,NONE,0.000000,4.253580,4.946419
18.848,FOLLOW_LANE,camera lane following,153.000,-0.043750,0.750000,0,,NONE,0.000000,4.245740,4.954260
18.880,FOLLOW_LANE,camera lane following,153.500,-0.040625,0.750000,0,,NONE,0.000000,4.278526,4.921473
18.912,FOLLOW_LANE,camera lane following,154.000,-0.037500,0.750000,0,,NONE,0.000000,4.303502,4.896497
18.944,FOLLOW_LANE,camera lane following,155.000,-0.031250,0.750000,0,,NONE,0.000000,4.361295,4.838705
18.976,FOLLOW_LANE,camera lane following,155.000,-0.031250,0.750000,0,,NONE,0.000000,4.345650,4.854350
19.008,FOLLOW_LANE,camera lane following,155.500,-0.028125,0.750000,0,,NONE,0.000000,4.378444,4.821555
19.040,FOLLOW_LANE,camera lane following,156.000,-0.025000,0.750000,0,,NONE,0.000000,4.403428,4.796571
19.072,FOLLOW_LANE,camera lane following,157.000,-0.018750,0.750000,0,,NONE,0.000000,4.461229,4.738771
19.104,FOLLOW_LANE,camera lane following,158.000,-0.012500,0.750000,0,,NONE,0.000000,4.511221,4.688779
19.136,FOLLOW_LANE,camera lane following,159.000,-0.006250,0.750000,0,,NONE,0.000000,4.561217,4.638783
19.168,FOLLOW_LANE,camera lane following,160.000,0.000000,0.750000,0,,NONE,0.000000,4.611217,4.588783
19.200,FOLLOW_LANE,camera lane following,162.500,0.015625,0.750000,0,,NONE,0.000000,4.759664,4.440335
19.232,FOLLOW_LANE,camera lane following,164.000,0.025000,0.750000,0,,NONE,0.000000,4.819055,4.380945
19.264,FOLLOW_LANE,camera lane following,163.000,0.018750,0.750000,0,,NONE,0.000000,4.730005,4.469995
19.296,FOLLOW_LANE,camera lane following,140.000,-0.125000,0.750000,0,,NONE,0.000000,3.236175,5.963825
19.328,FOLLOW_LANE,camera lane following,137.000,-0.143750,0.750000,0,,NONE,0.000000,3.398583,5.801417
19.360,FOLLOW_LANE,camera lane following,137.500,-0.140625,0.750000,0,,NONE,0.000000,3.478180,5.721819
19.392,FOLLOW_LANE,camera lane following,151.500,-0.053125,0.750000,0,,NONE,0.000000,4.389084,4.810916
19.424,FOLLOW_LANE,camera lane following,157.000,-0.018750,0.750000,0,,NONE,0.000000,4.531259,4.668740
19.456,FOLLOW_LANE,camera lane following,154.500,-0.034375,0.750000,0,,NONE,0.000000,4.281237,4.918762
19.488,FOLLOW_LANE,camera lane following,154.000,-0.037500,0.750000,0,,NONE,0.000000,4.287463,4.912536
19.520,FOLLOW_LANE,camera lane following,154.500,-0.034375,0.750000,0,,NONE,0.000000,4.328066,4.871933
19.552,FOLLOW_LANE,camera lane following,156.250,-0.023438,0.750000,0,,NONE,0.000000,4.435083,4.764917
19.584,FOLLOW_LANE,camera lane following,155.500,-0.028125,0.750000,0,,NONE,0.000000,4.358502,4.841498
19.616,FOLLOW_LANE,camera lane following,152.000,-0.050000,0.750000,0,,NONE,0.000000,4.140501,5.059499
19.648,FOLLOW_LANE,camera lane following,152.000,-0.050000,0.750000,0,,NONE,0.000000,4.195157,5.004843
19.680,FOLLOW_LANE,camera lane following,152.500,-0.046875,0.750000,0,,NONE,0.000000,4.227939,4.972060
19.712,FOLLOW_LANE,camera lane following,153.000,-0.043750,0.750000,0,,NONE,0.000000,4.252911,4.947088
19.744,FOLLOW_LANE,camera lane following,153.000,-0.043750,0.750000,0,,NONE,0.000000,4.245071,4.954929
19.776,FOLLOW_LANE,camera lane following,154.500,-0.034375,0.750000,0,,NONE,0.000000,4.343487,4.856513
19.808,FOLLOW_LANE,camera lane following,155.000,-0.031250,0.750000,0,,NONE,0.000000,4.352841,4.847158
19.840,FOLLOW_LANE,camera lane following,155.750,-0.026562,0.750000,0,,NONE,0.000000,4.394231,4.805769
19.872,FOLLOW_LANE,camera lane following,156.500,-0.021875,0.750000,0,,NONE,0.000000,4.431717,4.768283
19.904,FOLLOW_LANE,camera lane following,157.500,-0.015625,0.750000,0,,NONE,0.000000,4.485613,4.714387
19.936,FOLLOW_LANE,camera lane following,159.000,-0.006250,0.750000,0,,NONE,0.000000,4.568421,4.631578
19.968,FOLLOW_LANE,camera lane following,159.500,-0.003125,0.750000,0,,NONE,0.000000,4.610609,4.589391
20.000,FOLLOW_LANE,camera lane following,161.000,0.006250,0.750000,0,,NONE,0.000000,4.660613,4.539387
20.032,FOLLOW_LANE,camera lane following,162.500,0.015625,0.750000,0,,NONE,0.000000,4.743435,4.456564
20.064,FOLLOW_LANE,camera lane following,164.000,0.025000,0.750000,0,,NONE,0.000000,4.818452,4.381548
20.096,FOLLOW_LANE,camera lane following,151.500,-0.053125,0.750000,0,,NONE,0.000000,3.974667,5.225332
20.128,FOLLOW_LANE,camera lane following,136.000,-0.150000,0.750000,0,,NONE,0.000000,3.152696,6.047303
20.160,FOLLOW_LANE,camera lane following,138.000,-0.137500,0.750000,0,,NONE,0.000000,3.526046,5.673954
20.192,FOLLOW_LANE,camera lane following,137.000,-0.143750,0.750000,0,,NONE,0.000000,3.429079,5.770921
20.224,FOLLOW_LANE,camera lane following,144.500,-0.096875,0.750000,0,,NONE,0.000000,3.936829,5.263170
20.256,FOLLOW_LANE,camera lane following,146.500,-0.084375,0.750000,0,,NONE,0.000000,3.950838,5.249162
20.288,FOLLOW_LANE,camera lane following,139.000,-0.131250,0.750000,0,,NONE,0.000000,3.427316,5.772683
20.320,FOLLOW_LANE,camera lane following,139.750,-0.126562,0.750000,0,,NONE,0.000000,3.593642,5.606358
20.352,FOLLOW_LANE,camera lane following,144.000,-0.100000,0.750000,0,,NONE,0.000000,3.860765,5.339235
20.384,FOLLOW_LANE,camera lane following,147.000,-0.081250,0.750000,0,,NONE,0.000000,3.991182,5.208818
20.416,FOLLOW_LANE,camera lane following,149.000,-0.068750,0.750000,0,,NONE,0.000000,4.075513,5.124487
20.448,FOLLOW_LANE,camera lane following,151.500,-0.053125,0.750000,0,,NONE,0.000000,4.208291,4.991708
20.480,FOLLOW_LANE,camera lane following,153.000,-0.043750,0.750000,0,,NONE,0.000000,4.267638,4.932361
20.512,FOLLOW_LANE,camera lane following,153.500,-0.040625,0.750000,0,,NONE,0.000000,4.276987,4.923012
20.544,FOLLOW_LANE,camera lane following,155.250,-0.029687,0.750000,0,,NONE,0.000000,4.384000,4.816000
20.576,FOLLOW_LANE,camera lane following,155.000,-0.031250,0.750000,0,,NONE,0.000000,4.340230,4.859770
20.608,FOLLOW_LANE,camera lane following,156.000,-0.025000,0.750000,0,,NONE,0.000000,4.409745,4.790255
20.640,FOLLOW_LANE,camera lane following,156.500,-0.021875,0.750000,0,,NONE,0.000000,4.426918,4.773081
20.672,FOLLOW_LANE,camera lane following,156.500,-0.021875,0.750000,0,,NONE,0.000000,4.419092,4.780908
20.704,FOLLOW_LANE,camera lane following,156.500,-0.021875,0.750000,0,,NONE,0.000000,4.419078,4.780922
20.736,FOLLOW_LANE,camera lane following,152.500,-0.046875,0.750000,0,,NONE,0.000000,4.156548,5.043452
20.768,FOLLOW_LANE,camera lane following,156.000,-0.025000,0.750000,0,,NONE,0.000000,4.448719,4.751281
20.800,FOLLOW_LANE,camera lane following,154.000,-0.037500,0.750000,0,,NONE,0.000000,4.262758,4.937242
20.832,FOLLOW_LANE,camera lane following,154.000,-0.037500,0.750000,0,,NONE,0.000000,4.293984,4.906016
20.864,FOLLOW_LANE,camera lane following,140.500,-0.121875,0.750000,0,,NONE,0.000000,3.407968,5.792032
20.896,FOLLOW_LANE,camera lane following,139.250,-0.129688,0.750000,0,,NONE,0.000000,3.536792,5.663208
20.928,FOLLOW_LANE,camera lane following,140.000,-0.125000,0.750000,0,,NONE,0.000000,3.605462,5.594538
20.960,FOLLOW_LANE,camera lane following,142.500,-0.109375,0.750000,0,,NONE,0.000000,3.757735,5.442264
20.992,FOLLOW_LANE,camera lane following,145.000,-0.093750,0.750000,0,,NONE,0.000000,3.882675,5.317324
21.024,FOLLOW_LANE,camera lane following,145.750,-0.089063,0.750000,0,,NONE,0.000000,3.892775,5.307225
21.056,FOLLOW_LANE,camera lane following,141.500,-0.115625,0.750000,0,,NONE,0.000000,3.602076,5.597924
21.088,FOLLOW_LANE,camera lane following,116.000,-0.275000,0.866477,0,,NONE,0.000000,1.994868,6.280000
21.120,FOLLOW_LANE,camera lane following,113.000,-0.293750,0.901989,0,,NONE,0.000000,2.196243,6.280000
21.152,FOLLOW_LANE,camera lane following,117.000,-0.268750,0.909091,0,,NONE,0.000000,2.505446,6.280000
21.184,FOLLOW_LANE,camera lane following,116.500,-0.271875,0.912642,0,,NONE,0.000000,2.409959,6.280000
21.216,FOLLOW_LANE,camera lane following,115.500,-0.278125,0.912642,0,,NONE,0.000000,2.351969,6.280000
21.248,FOLLOW_LANE,camera lane following,115.000,-0.281250,0.916193,0,,NONE,0.000000,2.334601,6.280000
21.280,FOLLOW_LANE,camera lane following,114.000,-0.287500,0.916193,0,,NONE,0.000000,2.276605,6.280000
21.312,FOLLOW_LANE,camera lane following,117.250,-0.267188,0.910866,0,,NONE,0.000000,2.505340,6.280000
21.344,FOLLOW_LANE,camera lane following,119.000,-0.256250,0.880682,0,,NONE,0.000000,2.569239,6.280000
21.376,FOLLOW_LANE,camera lane following,123.000,-0.231250,0.852273,0,,NONE,0.000000,2.804247,6.280000
21.408,FOLLOW_LANE,camera lane following,140.500,-0.121875,0.750000,0,,NONE,0.000000,3.890106,5.309893
21.440,FOLLOW_LANE,camera lane following,146.500,-0.084375,0.750000,0,,NONE,0.000000,4.010365,5.189635
21.472,FOLLOW_LANE,camera lane following,151.500,-0.053125,0.750000,0,,NONE,0.000000,4.244706,4.955294
21.504,FOLLOW_LANE,camera lane following,154.000,-0.037500,0.750000,0,,NONE,0.000000,4.330620,4.869380
21.536,FOLLOW_LANE,camera lane following,155.500,-0.028125,0.750000,0,,NONE,0.000000,4.389976,4.810023
21.568,FOLLOW_LANE,camera lane following,156.500,-0.021875,0.750000,0,,NONE,0.000000,4.432150,4.767850
21.600,FOLLOW_LANE,camera lane following,157.000,-0.018750,0.750000,0,,NONE,0.000000,4.449325,4.750674
21.632,FOLLOW_LANE,camera lane following,157.500,-0.015625,0.750000,0,,NONE,0.000000,4.474315,4.725684
21.664,FOLLOW_LANE,camera lane following,158.000,-0.012500,0.750000,0,,NONE,0.000000,4.499307,4.700692
21.696,FOLLOW_LANE,camera lane following,159.000,-0.006250,0.750000,0,,NONE,0.000000,4.557116,4.642884
21.728,FOLLOW_LANE,camera lane following,159.000,-0.006250,0.750000,0,,NONE,0.000000,4.541487,4.658513
21.760,FOLLOW_LANE,camera lane following,159.500,-0.003125,0.750000,0,,NONE,0.000000,4.607112,4.592888
21.792,FOLLOW_LANE,camera lane following,159.500,-0.003125,0.750000,0,,NONE,0.000000,4.591487,4.608513
21.824,FOLLOW_LANE,camera lane following,160.000,0.000000,0.750000,0,,NONE,0.000000,4.591487,4.608513
21.856,FOLLOW_LANE,camera lane following,160.000,0.000000,0.750000,0,,NONE,0.000000,4.591487,4.608513
21.888,FOLLOW_LANE,camera lane following,160.000,0.000000,0.750000,0,,NONE,0.000000,4.591487,4.608513
21.920,FOLLOW_LANE,camera lane following,160.500,0.003125,0.750000,0,,NONE,0.000000,4.591487,4.608513
21.952,FOLLOW_LANE,camera lane following,161.000,0.006250,0.750000,0,,NONE,0.000000,4.657116,4.542884
21.984,FOLLOW_LANE,camera lane following,161.500,0.009375,0.750000,0,,NONE,0.000000,4.674309,4.525690
22.016,FOLLOW_LANE,camera lane following,162.500,0.015625,0.750000,0,,NONE,0.000000,4.732132,4.467868
22.048,FOLLOW_LANE,camera lane following,163.500,0.021875,0.750000,0,,NONE,0.000000,4.782146,4.417854
22.080,FOLLOW_LANE,camera lane following,164.500,0.028125,0.750000,0,,NONE,0.000000,4.832164,4.367836
22.112,FOLLOW_LANE,camera lane following,165.000,0.031250,0.750000,0,,NONE,0.000000,4.849371,4.350629
22.144,FOLLOW_LANE,camera lane following,166.000,0.037500,0.750000,0,,NONE,0.000000,4.907208,4.292792
22.176,FOLLOW_LANE,camera lane following,166.000,0.037500,0.750000,0,,NONE,0.000000,4.891607,4.308393
22.208,FOLLOW_LANE,camera lane following,166.500,0.040625,0.750000,0,,NONE,0.000000,4.924446,4.275554
22.240,FOLLOW_LANE,camera lane following,166.500,0.040625,0.750000,0,,NONE,0.000000,4.916659,4.283341
22.272,FOLLOW_LANE,camera lane following,166.500,0.040625,0.750000,0,,NONE,0.000000,4.916685,4.283315
22.304,FOLLOW_LANE,camera lane following,167.000,0.043750,0.750000,0,,NONE,0.000000,4.949526,4.250474
22.336,FOLLOW_LANE,camera lane following,167.000,0.043750,0.750000,0,,NONE,0.000000,4.941741,4.258259
22.368,FOLLOW_LANE,camera lane following,167.000,0.043750,0.750000,0,,NONE,0.000000,4.941769,4.258231
22.400,FOLLOW_LANE,camera lane following,167.000,0.043750,0.750000,0,,NONE,0.000000,4.941797,4.258203
22.432,FOLLOW_LANE,camera lane following,167.000,0.043750,0.750000,0,,NONE,0.000000,4.941825,4.258175
22.464,FOLLOW_LANE,camera lane following,166.500,0.040625,0.750000,0,,NONE,0.000000,4.909038,4.290961
22.496,FOLLOW_LANE,camera lane following,166.500,0.040625,0.750000,0,,NONE,0.000000,4.916877,4.283123
22.528,FOLLOW_LANE,camera lane following,166.500,0.040625,0.750000,0,,NONE,0.000000,4.916903,4.283097
22.560,FOLLOW_LANE,camera lane following,166.500,0.040625,0.750000,0,,NONE,0.000000,4.916929,4.283071
22.592,FOLLOW_LANE,camera lane following,166.500,0.040625,0.750000,0,,NONE,0.000000,4.916955,4.283045
22.624,FOLLOW_LANE,camera lane following,166.000,0.037500,0.750000,0,,NONE,0.000000,4.884166,4.315834
22.656,FOLLOW_LANE,camera lane following,166.000,0.037500,0.750000,0,,NONE,0.000000,4.892003,4.307997
22.688,FOLLOW_LANE,camera lane following,166.000,0.037500,0.750000,0,,NONE,0.000000,4.892027,4.307973
22.720,FOLLOW_LANE,camera lane following,165.500,0.034375,0.750000,0,,NONE,0.000000,4.859236,4.340763
22.752,FOLLOW_LANE,camera lane following,165.000,0.031250,0.750000,0,,NONE,0.000000,4.834256,4.365743
22.784,FOLLOW_LANE,camera lane following,164.500,0.028125,0.750000,0,,NONE,0.000000,4.809274,4.390725
22.816,FOLLOW_LANE,camera lane following,163.500,0.021875,0.750000,0,,NONE,0.000000,4.751476,4.448524
22.848,FOLLOW_LANE,camera lane following,163.000,0.018750,0.750000,0,,NONE,0.000000,4.734300,4.465699
22.880,FOLLOW_LANE,camera lane following,162.500,0.015625,0.750000,0,,NONE,0.000000,4.709310,4.490689
22.912,FOLLOW_LANE,camera lane following,161.500,0.009375,0.750000,0,,NONE,0.000000,4.651504,4.548496
22.944,FOLLOW_LANE,camera lane following,161.000,0.006250,0.750000,0,,NONE,0.000000,4.634320,4.565679
22.976,FOLLOW_LANE,camera lane following,161.000,0.006250,0.750000,0,,NONE,0.000000,4.642137,4.557863
23.008,FOLLOW_LANE,camera lane following,160.500,0.003125,0.750000,0,,NONE,0.000000,4.576512,4.623488
23.040,FOLLOW_LANE,camera lane following,160.500,0.003125,0.750000,0,,NONE,0.000000,4.592137,4.607863
23.072,FOLLOW_LANE,camera lane following,160.000,0.000000,0.750000,0,,NONE,0.000000,4.592137,4.607863
23.104,FOLLOW_LANE,camera lane following,160.000,0.000000,0.750000,0,,NONE,0.000000,4.592137,4.607863
23.136,FOLLOW_LANE,camera lane following,159.000,-0.006250,0.750000,0,,NONE,0.000000,4.526508,4.673492
23.168,FOLLOW_LANE,camera lane following,159.000,-0.006250,0.750000,0,,NONE,0.000000,4.542129,4.657871
23.200,FOLLOW_LANE,camera lane following,158.500,-0.009375,0.750000,0,,NONE,0.000000,4.509310,4.690689
23.232,FOLLOW_LANE,camera lane following,158.500,-0.009375,0.750000,0,,NONE,0.000000,4.517117,4.682883
23.264,FOLLOW_LANE,camera lane following,157.500,-0.015625,0.750000,0,,NONE,0.000000,4.451482,4.748518
23.296,FOLLOW_LANE,camera lane following,157.500,-0.015625,0.750000,0,,NONE,0.000000,4.467097,4.732903
23.328,FOLLOW_LANE,camera lane following,157.000,-0.018750,0.750000,0,,NONE,0.000000,4.434272,4.765727
23.360,FOLLOW_LANE,camera lane following,156.500,-0.021875,0.750000,0,,NONE,0.000000,4.409258,4.790741
23.392,FOLLOW_LANE,camera lane following,156.500,-0.021875,0.750000,0,,NONE,0.000000,4.417057,4.782943
23.424,FOLLOW_LANE,camera lane following,156.000,-0.025000,0.750000,0,,NONE,0.000000,4.384228,4.815771
23.456,FOLLOW_LANE,camera lane following,156.000,-0.025000,0.750000,0,,NONE,0.000000,4.392025,4.807975
23.488,FOLLOW_LANE,camera lane following,156.000,-0.025000,0.750000,0,,NONE,0.000000,4.392009,4.807991
23.520,FOLLOW_LANE,camera lane following,156.500,-0.021875,0.750000,0,,NONE,0.000000,4.424808,4.775192
23.552,FOLLOW_LANE,camera lane following,156.000,-0.025000,0.750000,0,,NONE,0.000000,4.384166,4.815834
23.584,FOLLOW_LANE,camera lane following,155.500,-0.028125,0.750000,0,,NONE,0.000000,4.359148,4.840851
23.616,FOLLOW_LANE,camera lane following,155.000,-0.031250,0.750000,0,,NONE,0.000000,4.334128,4.865871
23.648,FOLLOW_LANE,camera lane following,156.000,-0.025000,0.750000,0,,NONE,0.000000,4.407550,4.792450
23.680,FOLLOW_LANE,camera lane following,156.000,-0.025000,0.750000,0,,NONE,0.000000,4.391909,4.808091
23.712,FOLLOW_LANE,camera lane following,151.000,-0.056250,0.750000,0,,NONE,0.000000,4.063748,5.136252
23.744,FOLLOW_LANE,camera lane following,148.500,-0.071875,0.750000,0,,NONE,0.000000,3.977764,5.222236
23.776,FOLLOW_LANE,camera lane following,146.500,-0.084375,0.750000,0,,NONE,0.000000,3.885523,5.314477
23.808,FOLLOW_LANE,camera lane following,145.000,-0.093750,0.750000,0,,NONE,0.000000,3.818275,5.381724
23.840,FOLLOW_LANE,camera lane following,143.500,-0.103125,0.750000,0,,NONE,0.000000,3.743209,5.456790
23.872,FOLLOW_LANE,camera lane following,143.500,-0.103125,0.750000,0,,NONE,0.000000,3.766581,5.433419
23.904,FOLLOW_LANE,camera lane following,142.500,-0.109375,0.750000,0,,NONE,0.000000,3.700886,5.499114
23.936,FOLLOW_LANE,camera lane following,143.000,-0.106250,0.750000,0,,NONE,0.000000,3.749255,5.450744
23.968,FOLLOW_LANE,camera lane following,143.000,-0.106250,0.750000,0,,NONE,0.000000,3.741375,5.458625
24.000,FOLLOW_LANE,camera lane following,143.500,-0.103125,0.750000,0,,NONE,0.000000,3.774121,5.425878
24.032,FOLLOW_LANE,camera lane following,143.500,-0.103125,0.750000,0,,NONE,0.000000,3.766243,5.433757
24.064,FOLLOW_LANE,camera lane following,144.000,-0.100000,0.750000,0,,NONE,0.000000,3.798991,5.401008
24.096,FOLLOW_LANE,camera lane following,144.500,-0.096875,0.750000,0,,NONE,0.000000,3.823929,5.376070
24.128,FOLLOW_LANE,camera lane following,146.000,-0.087500,0.750000,0,,NONE,0.000000,3.914498,5.285501
24.160,FOLLOW_LANE,camera lane following,147.000,-0.081250,0.750000,0,,NONE,0.000000,3.956634,5.243366
24.192,FOLLOW_LANE,camera lane following,148.000,-0.075000,0.750000,0,,NONE,0.000000,4.006586,5.193414
24.224,FOLLOW_LANE,camera lane following,149.000,-0.068750,0.750000,0,,NONE,0.000000,4.056542,5.143458
24.256,FOLLOW_LANE,camera lane following,151.000,-0.056250,0.750000,0,,NONE,0.000000,4.172131,5.027869
24.288,FOLLOW_LANE,camera lane following,153.000,-0.043750,0.750000,0,,NONE,0.000000,4.272103,4.927897
24.320,FOLLOW_LANE,camera lane following,155.500,-0.028125,0.750000,0,,NONE,0.000000,4.404897,4.795102
24.352,FOLLOW_LANE,camera lane following,154.000,-0.037500,0.750000,0,,NONE,0.000000,4.267373,4.932626
24.384,FOLLOW_LANE,camera lane following,154.500,-0.034375,0.750000,0,,NONE,0.000000,4.323601,4.876398
24.416,FOLLOW_LANE,camera lane following,155.500,-0.028125,0.750000,0,,NONE,0.000000,4.381396,4.818604
24.448,FOLLOW_LANE,camera lane following,154.500,-0.034375,0.750000,0,,NONE,0.000000,4.300124,4.899876
24.480,FOLLOW_LANE,camera lane following,151.500,-0.053125,0.750000,0,,NONE,0.000000,4.118840,5.081160
24.512,FOLLOW_LANE,camera lane following,151.000,-0.056250,0.750000,0,,NONE,0.000000,4.132866,5.067133
24.544,FOLLOW_LANE,camera lane following,150.500,-0.059375,0.750000,0,,NONE,0.000000,4.107829,5.092171
24.576,FOLLOW_LANE,camera lane following,150.500,-0.059375,0.750000,0,,NONE,0.000000,4.115603,5.084397
24.608,FOLLOW_LANE,camera lane following,150.000,-0.062500,0.750000,0,,NONE,0.000000,4.082750,5.117249
24.640,FOLLOW_LANE,camera lane following,150.000,-0.062500,0.750000,0,,NONE,0.000000,4.090523,5.109477
24.672,FOLLOW_LANE,camera lane following,150.000,-0.062500,0.750000,0,,NONE,0.000000,4.090483,5.109517
24.704,FOLLOW_LANE,camera lane following,150.500,-0.059375,0.750000,0,,NONE,0.000000,4.123257,5.076742
24.736,FOLLOW_LANE,camera lane following,150.500,-0.059375,0.750000,0,,NONE,0.000000,4.115407,5.084593
24.768,FOLLOW_LANE,camera lane following,151.000,-0.056250,0.750000,0,,NONE,0.000000,4.148184,5.051816
24.800,FOLLOW_LANE,camera lane following,152.000,-0.050000,0.750000,0,,NONE,0.000000,4.205964,4.994036
24.832,FOLLOW_LANE,camera lane following,152.000,-0.050000,0.750000,0,,NONE,0.000000,4.190307,5.009693
24.864,FOLLOW_LANE,camera lane following,152.500,-0.046875,0.750000,0,,NONE,0.000000,4.223089,4.976910
24.896,FOLLOW_LANE,camera lane following,153.000,-0.043750,0.750000,0,,NONE,0.000000,4.248061,4.951938
24.928,FOLLOW_LANE,camera lane following,153.500,-0.040625,0.750000,0,,NONE,0.000000,4.273035,4.926964
24.960,FOLLOW_LANE,camera lane following,153.500,-0.040625,0.750000,0,,NONE,0.000000,4.265197,4.934803
24.992,FOLLOW_LANE,camera lane following,154.500,-0.034375,0.750000,0,,NONE,0.000000,4.330800,4.869200
25.024,FOLLOW_LANE,camera lane following,154.500,-0.034375,0.750000,0,,NONE,0.000000,4.315153,4.884847
25.056,FOLLOW_LANE,camera lane following,155.500,-0.028125,0.750000,0,,NONE,0.000000,4.380760,4.819240
25.088,FOLLOW_LANE,camera lane following,160.000,0.000000,0.750000,0,,NONE,0.000000,4.660448,4.539552
25.120,FOLLOW_LANE,camera lane following,157.000,-0.018750,0.750000,0,,NONE,0.000000,4.393248,4.806752
25.152,FOLLOW_LANE,camera lane following,157.500,-0.015625,0.750000,0,,NONE,0.000000,4.472925,4.727074
25.184,FOLLOW_LANE,camera lane following,157.000,-0.018750,0.750000,0,,NONE,0.000000,4.432288,4.767711
25.216,FOLLOW_LANE,camera lane following,155.500,-0.028125,0.750000,0,,NONE,0.000000,4.341645,4.858354
25.248,FOLLOW_LANE,camera lane following,154.500,-0.034375,0.750000,0,,NONE,0.000000,4.299436,4.900564
25.280,FOLLOW_LANE,camera lane following,154.500,-0.034375,0.750000,0,,NONE,0.000000,4.315039,4.884961
25.312,FOLLOW_LANE,camera lane following,154.000,-0.037500,0.750000,0,,NONE,0.000000,4.282202,4.917797
25.344,FOLLOW_LANE,camera lane following,153.500,-0.040625,0.750000,0,,NONE,0.000000,4.257176,4.942823
25.376,FOLLOW_LANE,camera lane following,153.500,-0.040625,0.750000,0,,NONE,0.000000,4.264963,4.935037
25.408,FOLLOW_LANE,camera lane following,153.000,-0.043750,0.750000,0,,NONE,0.000000,4.232123,4.967877
25.440,FOLLOW_LANE,camera lane following,153.500,-0.040625,0.750000,0,,NONE,0.000000,4.272721,4.927278
25.472,FOLLOW_LANE,camera lane following,153.000,-0.043750,0.750000,0,,NONE,0.000000,4.232068,4.967931
25.504,FOLLOW_LANE,camera lane following,153.000,-0.043750,0.750000,0,,NONE,0.000000,4.239853,4.960147
25.536,FOLLOW_LANE,camera lane following,153.000,-0.043750,0.750000,0,,NONE,0.000000,4.239825,4.960175
25.568,FOLLOW_LANE,camera lane following,153.000,-0.043750,0.750000,0,,NONE,0.000000,4.239797,4.960203
25.600,FOLLOW_LANE,camera lane following,153.000,-0.043750,0.750000,0,,NONE,0.000000,4.239769,4.960231
25.632,FOLLOW_LANE,camera lane following,153.500,-0.040625,0.750000,0,,NONE,0.000000,4.272555,4.927445
25.664,FOLLOW_LANE,camera lane following,153.500,-0.040625,0.750000,0,,NONE,0.000000,4.264717,4.935283
25.696,FOLLOW_LANE,camera lane following,153.500,-0.040625,0.750000,0,,NONE,0.000000,4.264691,4.935309
25.728,FOLLOW_LANE,camera lane following,154.000,-0.037500,0.750000,0,,NONE,0.000000,4.297479,4.902520
25.760,FOLLOW_LANE,camera lane following,154.500,-0.034375,0.750000,0,,NONE,0.000000,4.322457,4.877542
25.792,FOLLOW_LANE,camera lane following,154.000,-0.037500,0.750000,0,,NONE,0.000000,4.281808,4.918191
25.824,FOLLOW_LANE,camera lane following,155.000,-0.031250,0.750000,0,,NONE,0.000000,4.355226,4.844774
25.856,FOLLOW_LANE,camera lane following,159.250,-0.004687,0.750000,0,,NONE,0.000000,4.667726,4.532274
25.888,FOLLOW_LANE,camera lane following,156.000,-0.025000,0.750000,0,,NONE,0.000000,4.327085,4.872915
25.920,FOLLOW_LANE,camera lane following,157.000,-0.018750,0.750000,0,,NONE,0.000000,4.455198,4.744802
25.952,FOLLOW_LANE,camera lane following,157.000,-0.018750,0.750000,0,,NONE,0.000000,4.439561,4.760439
25.984,FOLLOW_LANE,camera lane following,156.000,-0.025000,0.750000,0,,NONE,0.000000,4.373920,4.826080
26.016,FOLLOW_LANE,camera lane following,154.500,-0.034375,0.750000,0,,NONE,0.000000,4.291085,4.908914
26.048,FOLLOW_LANE,camera lane following,154.000,-0.037500,0.750000,0,,NONE,0.000000,4.281686,4.918314
26.080,FOLLOW_LANE,camera lane following,153.500,-0.040625,0.750000,0,,NONE,0.000000,4.256660,4.943339
26.112,FOLLOW_LANE,camera lane following,153.000,-0.043750,0.750000,0,,NONE,0.000000,4.231632,4.968367
26.144,FOLLOW_LANE,camera lane following,152.500,-0.046875,0.750000,0,,NONE,0.000000,4.206602,4.993397
26.176,FOLLOW_LANE,camera lane following,152.500,-0.046875,0.750000,0,,NONE,0.000000,4.214385,4.985615
26.208,FOLLOW_LANE,camera lane following,152.000,-0.050000,0.750000,0,,NONE,0.000000,4.181540,5.018459
26.240,FOLLOW_LANE,camera lane following,152.000,-0.050000,0.750000,0,,NONE,0.000000,4.189321,5.010679
26.272,FOLLOW_LANE,camera lane following,151.500,-0.053125,0.750000,0,,NONE,0.000000,4.156474,5.043525
26.304,FOLLOW_LANE,camera lane following,151.500,-0.053125,0.750000,0,,NONE,0.000000,4.164253,5.035747
26.336,FOLLOW_LANE,camera lane following,152.000,-0.050000,0.750000,0,,NONE,0.000000,4.197033,5.002966
26.368,FOLLOW_LANE,camera lane following,152.000,-0.050000,0.750000,0,,NONE,0.000000,4.189189,5.010811
26.400,FOLLOW_LANE,camera lane following,152.000,-0.050000,0.750000,0,,NONE,0.000000,4.189157,5.010843
26.432,FOLLOW_LANE,camera lane following,152.500,-0.046875,0.750000,0,,NONE,0.000000,4.221939,4.978060
26.464,FOLLOW_LANE,camera lane following,152.500,-0.046875,0.750000,0,,NONE,0.000000,4.214097,4.985903
26.496,FOLLOW_LANE,camera lane following,153.000,-0.043750,0.750000,0,,NONE,0.000000,4.246881,4.953118
26.528,FOLLOW_LANE,camera lane following,153.500,-0.040625,0.750000,0,,NONE,0.000000,4.271856,4.928144
26.560,FOLLOW_LANE,camera lane following,153.500,-0.040625,0.750000,0,,NONE,0.000000,4.264017,4.935983
26.592,FOLLOW_LANE,camera lane following,154.500,-0.034375,0.750000,0,,NONE,0.000000,4.329620,4.870380
26.624,FOLLOW_LANE,camera lane following,159.500,-0.003125,0.750000,0,,NONE,0.000000,4.674932,4.525067
26.656,FOLLOW_LANE,camera lane following,156.000,-0.025000,0.750000,0,,NONE,0.000000,4.326479,4.873521
26.688,FOLLOW_LANE,camera lane following,156.500,-0.021875,0.750000,0,,NONE,0.000000,4.421777,4.778223
26.720,FOLLOW_LANE,camera lane following,157.000,-0.018750,0.750000,0,,NONE,0.000000,4.446765,4.753234
26.752,FOLLOW_LANE,camera lane following,156.500,-0.021875,0.750000,0,,NONE,0.000000,4.406127,4.793873
26.784,FOLLOW_LANE,camera lane following,154.500,-0.034375,0.750000,0,,NONE,0.000000,4.282667,4.917333
26.816,FOLLOW_LANE,camera lane following,154.000,-0.037500,0.750000,0,,NONE,0.000000,4.281080,4.918919
26.848,FOLLOW_LANE,camera lane following,153.500,-0.040625,0.750000,0,,NONE,0.000000,4.256054,4.943945
26.880,FOLLOW_LANE,camera lane following,153.000,-0.043750,0.750000,0,,NONE,0.000000,4.231026,4.968973
26.912,FOLLOW_LANE,camera lane following,153.000,-0.043750,0.750000,0,,NONE,0.000000,4.238811,4.961189
26.944,FOLLOW_LANE,camera lane following,152.500,-0.046875,0.750000,0,,NONE,0.000000,4.205968,4.994031
26.976,FOLLOW_LANE,camera lane following,152.000,-0.050000,0.750000,0,,NONE,0.000000,4.180936,5.019063
27.008,FOLLOW_LANE,camera lane following,152.000,-0.050000,0.750000,0,,NONE,0.000000,4.188717,5.011283
27.040,FOLLOW_LANE,camera lane following,152.000,-0.050000,0.750000,0,,NONE,0.000000,4.188685,5.011315
27.072,FOLLOW_LANE,camera lane following,152.000,-0.050000,0.750000,0,,NONE,0.000000,4.188653,5.011347
27.104,FOLLOW_LANE,camera lane following,152.000,-0.050000,0.750000,0,,NONE,0.000000,4.188621,5.011379
27.136,FOLLOW_LANE,camera lane following,152.000,-0.050000,0.750000,0,,NONE,0.000000,4.188589,5.011411
27.168,FOLLOW_LANE,camera lane following,152.500,-0.046875,0.750000,0,,NONE,0.000000,4.221372,4.978628
27.200,FOLLOW_LANE,camera lane following,152.500,-0.046875,0.750000,0,,NONE,0.000000,4.213529,4.986471
27.232,FOLLOW_LANE,camera lane following,153.000,-0.043750,0.750000,0,,NONE,0.000000,4.246313,4.953686
27.264,FOLLOW_LANE,camera lane following,154.000,-0.037500,0.750000,0,,NONE,0.000000,4.304102,4.895898
27.296,FOLLOW_LANE,camera lane following,154.000,-0.037500,0.750000,0,,NONE,0.000000,4.288453,4.911547
27.328,FOLLOW_LANE,camera lane following,154.500,-0.034375,0.750000,0,,NONE,0.000000,4.321243,4.878756
27.360,FOLLOW_LANE,camera lane following,155.000,-0.031250,0.750000,0,,NONE,0.000000,4.346223,4.853776
27.392,FOLLOW_LANE,camera lane following,155.500,-0.028125,0.750000,0,,NONE,0.000000,4.371205,4.828794
27.424,FOLLOW_LANE,camera lane following,155.500,-0.028125,0.750000,0,,NONE,0.000000,4.363375,4.836625
27.456,FOLLOW_LANE,camera lane following,154.000,-0.037500,0.750000,0,,NONE,0.000000,4.264913,4.935086
27.488,FOLLOW_LANE,camera lane following,160.000,0.000000,0.750000,0,,NONE,0.000000,4.682101,4.517899
27.520,FOLLOW_LANE,camera lane following,156.500,-0.021875,0.750000,0,,NONE,0.000000,4.358649,4.841350
27.552,FOLLOW_LANE,camera lane following,153.000,-0.043750,0.750000,0,,NONE,0.000000,4.183621,5.016379
27.584,FOLLOW_LANE,camera lane following,152.500,-0.046875,0.750000,0,,NONE,0.000000,4.205466,4.994533
27.616,FOLLOW_LANE,camera lane following,152.500,-0.046875,0.750000,0,,NONE,0.000000,4.213249,4.986751
27.648,FOLLOW_LANE,camera lane following,152.500,-0.046875,0.750000,0,,NONE,0.000000,4.213219,4.986781
27.680,FOLLOW_LANE,camera lane following,153.000,-0.043750,0.750000,0,,NONE,0.000000,4.246003,4.953996
27.712,FOLLOW_LANE,camera lane following,153.000,-0.043750,0.750000,0,,NONE,0.000000,4.238163,4.961837
27.744,FOLLOW_LANE,camera lane following,153.500,-0.040625,0.750000,0,,NONE,0.000000,4.270949,4.929050
27.776,FOLLOW_LANE,camera lane following,153.500,-0.040625,0.750000,0,,NONE,0.000000,4.263111,4.936889
27.808,FOLLOW_LANE,camera lane following,154.000,-0.037500,0.750000,0,,NONE,0.000000,4.295899,4.904100
27.840,FOLLOW_LANE,camera lane following,154.000,-0.037500,0.750000,0,,NONE,0.000000,4.288063,4.911937
27.872,FOLLOW_LANE,camera lane following,154.500,-0.034375,0.750000,0,,NONE,0.000000,4.320853,4.879147
27.904,FOLLOW_LANE,camera lane following,154.500,-0.034375,0.750000,0,,NONE,0.000000,4.313019,4.886981
27.936,FOLLOW_LANE,camera lane following,155.000,-0.031250,0.750000,0,,NONE,0.000000,4.345811,4.854188
27.968,FOLLOW_LANE,camera lane following,155.000,-0.031250,0.750000,0,,NONE,0.000000,4.337979,4.862021
28.000,FOLLOW_LANE,camera lane following,155.500,-0.028125,0.750000,0,,NONE,0.000000,4.370773,4.829226
28.032,FOLLOW_LANE,camera lane following,155.500,-0.028125,0.750000,0,,NONE,0.000000,4.362943,4.837057
28.064,FOLLOW_LANE,camera lane following,156.000,-0.025000,0.750000,0,,NONE,0.000000,4.395739,4.804260
28.096,FOLLOW_LANE,camera lane following,156.000,-0.025000,0.750000,0,,NONE,0.000000,4.387911,4.812089
28.128,FOLLOW_LANE,camera lane following,156.000,-0.025000,0.750000,0,,NONE,0.000000,4.387895,4.812105
28.160,FOLLOW_LANE,camera lane following,156.500,-0.021875,0.750000,0,,NONE,0.000000,4.420693,4.779306
28.192,FOLLOW_LANE,camera lane following,156.500,-0.021875,0.750000,0,,NONE,0.000000,4.412867,4.787133
28.224,FOLLOW_LANE,camera lane following,156.500,-0.021875,0.750000,0,,NONE,0.000000,4.412853,4.787147
28.256,FOLLOW_LANE,camera lane following,157.000,-0.018750,0.750000,0,,NONE,0.000000,4.445653,4.754346
28.288,FOLLOW_LANE,camera lane following,157.000,-0.018750,0.750000,0,,NONE,0.000000,4.437829,4.762171
28.320,FOLLOW_LANE,camera lane following,157.000,-0.018750,0.750000,0,,NONE,0.000000,4.437817,4.762183
28.352,FOLLOW_LANE,camera lane following,157.500,-0.015625,0.750000,0,,NONE,0.000000,4.470619,4.729380
28.384,FOLLOW_LANE,camera lane following,157.500,-0.015625,0.750000,0,,NONE,0.000000,4.462797,4.737203
28.416,FOLLOW_LANE,camera lane following,158.000,-0.012500,0.750000,0,,NONE,0.000000,4.495601,4.704398
28.448,FOLLOW_LANE,camera lane following,158.500,-0.009375,0.750000,0,,NONE,0.000000,4.520595,4.679404
28.480,FOLLOW_LANE,camera lane following,158.500,-0.009375,0.750000,0,,NONE,0.000000,4.512777,4.687223
28.512,FOLLOW_LANE,camera lane following,158.500,-0.009375,0.750000,0,,NONE,0.000000,4.512771,4.687229
28.544,FOLLOW_LANE,camera lane following,158.500,-0.009375,0.750000,0,,NONE,0.000000,4.512765,4.687235
28.576,FOLLOW_LANE,camera lane following,158.500,-0.009375,0.750000,0,,NONE,0.000000,4.512759,4.687241
28.608,FOLLOW_LANE,camera lane following,158.500,-0.009375,0.750000,0,,NONE,0.000000,4.512753,4.687247
28.640,FOLLOW_LANE,camera lane following,159.000,-0.006250,0.750000,0,,NONE,0.000000,4.545561,4.654438
28.672,FOLLOW_LANE,camera lane following,159.000,-0.006250,0.750000,0,,NONE,0.000000,4.537745,4.662255
28.704,FOLLOW_LANE,camera lane following,159.000,-0.006250,0.750000,0,,NONE,0.000000,4.537741,4.662259
28.736,FOLLOW_LANE,camera lane following,159.250,-0.004687,0.750000,0,,NONE,0.000000,4.603366,4.596634
28.768,FOLLOW_LANE,camera lane following,159.500,-0.003125,0.750000,0,,NONE,0.000000,4.587741,4.612259
28.800,FOLLOW_LANE,camera lane following,159.500,-0.003125,0.750000,0,,NONE,0.000000,4.587741,4.612259
28.832,FOLLOW_LANE,camera lane following,159.500,-0.003125,0.750000,0,,NONE,0.000000,4.587741,4.612259
28.864,FOLLOW_LANE,camera lane following,159.500,-0.003125,0.750000,0,,NONE,0.000000,4.587741,4.612259
28.896,FOLLOW_LANE,camera lane following,160.000,0.000000,0.750000,0,,NONE,0.000000,4.587741,4.612259
28.928,FOLLOW_LANE,camera lane following,160.500,0.003125,0.750000,0,,NONE,0.000000,4.587741,4.612259
28.960,FOLLOW_LANE,camera lane following,160.500,0.003125,0.750000,0,,NONE,0.000000,4.587741,4.612259
28.992,FOLLOW_LANE,camera lane following,160.500,0.003125,0.750000,0,,NONE,0.000000,4.587741,4.612259
29.024,FOLLOW_LANE,camera lane following,160.500,0.003125,0.750000,0,,NONE,0.000000,4.587741,4.612259
29.056,FOLLOW_LANE,camera lane following,160.500,0.003125,0.750000,0,,NONE,0.000000,4.587741,4.612259
29.088,FOLLOW_LANE,camera lane following,161.000,0.006250,0.750000,0,,NONE,0.000000,4.653370,4.546630
29.120,FOLLOW_LANE,camera lane following,161.000,0.006250,0.750000,0,,NONE,0.000000,4.637749,4.562251
29.152,FOLLOW_LANE,camera lane following,161.000,0.006250,0.750000,0,,NONE,0.000000,4.637753,4.562247
29.184,FOLLOW_LANE,camera lane following,161.000,0.006250,0.750000,0,,NONE,0.000000,4.637757,4.562243
29.216,FOLLOW_LANE,camera lane following,161.500,0.009375,0.750000,0,,NONE,0.000000,4.670575,4.529424
29.248,FOLLOW_LANE,camera lane following,161.500,0.009375,0.750000,0,,NONE,0.000000,4.662769,4.537231
29.280,FOLLOW_LANE,camera lane following,162.000,0.012500,0.750000,0,,NONE,0.000000,4.695589,4.504410
29.312,FOLLOW_LANE,camera lane following,162.500,0.015625,0.750000,0,,NONE,0.000000,4.720599,4.479400
29.344,FOLLOW_LANE,camera lane following,162.500,0.015625,0.750000,0,,NONE,0.000000,4.712797,4.487203
29.376,FOLLOW_LANE,camera lane following,162.500,0.015625,0.750000,0,,NONE,0.000000,4.712807,4.487193
29.408,FOLLOW_LANE,camera lane following,163.000,0.018750,0.750000,0,,NONE,0.000000,4.745632,4.454368
29.440,FOLLOW_LANE,camera lane following,163.000,0.018750,0.750000,0,,NONE,0.000000,4.737831,4.462169
29.472,FOLLOW_LANE,camera lane following,163.000,0.018750,0.750000,0,,NONE,0.000000,4.737843,4.462157
29.504,FOLLOW_LANE,camera lane following,163.500,0.021875,0.750000,0,,NONE,0.000000,4.770669,4.429330
29.536,FOLLOW_LANE,camera lane following,163.500,0.021875,0.750000,0,,NONE,0.000000,4.762871,4.437129
29.568,FOLLOW_LANE,camera lane following,163.500,0.021875,0.750000,0,,NONE,0.000000,4.762885,4.437115
29.600,FOLLOW_LANE,camera lane following,164.000,0.025000,0.750000,0,,NONE,0.000000,4.795713,4.404286
29.632,FOLLOW_LANE,camera lane following,164.000,0.025000,0.750000,0,,NONE,0.000000,4.787917,4.412083
29.664,FOLLOW_LANE,camera lane following,164.000,0.025000,0.750000,0,,NONE,0.000000,4.787933,4.412067
29.696,FOLLOW_LANE,camera lane following,164.000,0.025000,0.750000,0,,NONE,0.000000,4.787949,4.412051
29.728,FOLLOW_LANE,camera lane following,164.000,0.025000,0.750000,0,,NONE,0.000000,4.787965,4.412035
29.760,FOLLOW_LANE,camera lane following,164.500,0.028125,0.750000,0,,NONE,0.000000,4.820796,4.379204
29.792,FOLLOW_LANE,camera lane following,164.000,0.025000,0.750000,0,,NONE,0.000000,4.780186,4.419814
29.824,FOLLOW_LANE,camera lane following,164.000,0.025000,0.750000,0,,NONE,0.000000,4.788015,4.411985
29.856,FOLLOW_LANE,camera lane following,164.000,0.025000,0.750000,0,,NONE,0.000000,4.788031,4.411969
29.888,FOLLOW_LANE,camera lane following,164.000,0.025000,0.750000,0,,NONE,0.000000,4.788047,4.411953
29.920,FOLLOW_LANE,camera lane following,164.000,0.025000,0.750000,0,,NONE,0.000000,4.788063,4.411937
29.952,FOLLOW_LANE,camera lane following,164.000,0.025000,0.750000,0,,NONE,0.000000,4.788079,4.411921
29.984,FOLLOW_LANE,camera lane following,164.000,0.025000,0.750000,0,,NONE,0.000000,4.788095,4.411905
30.016,FOLLOW_LANE,camera lane following,164.000,0.025000,0.750000,0,,NONE,0.000000,4.788111,4.411889
30.048,FOLLOW_LANE,camera lane following,164.000,0.025000,0.750000,0,,NONE,0.000000,4.788127,4.411873
30.080,FOLLOW_LANE,camera lane following,163.500,0.021875,0.750000,0,,NONE,0.000000,4.755329,4.444671
30.112,FOLLOW_LANE,camera lane following,163.500,0.021875,0.750000,0,,NONE,0.000000,4.763155,4.436845
30.144,FOLLOW_LANE,camera lane following,163.500,0.021875,0.750000,0,,NONE,0.000000,4.763169,4.436831
30.176,FOLLOW_LANE,camera lane following,163.500,0.021875,0.750000,0,,NONE,0.000000,4.763183,4.436817
30.208,FOLLOW_LANE,camera lane following,163.500,0.021875,0.750000,0,,NONE,0.000000,4.763197,4.436803
30.240,FOLLOW_LANE,camera lane following,163.000,0.018750,0.750000,0,,NONE,0.000000,4.730396,4.469603
30.272,FOLLOW_LANE,camera lane following,163.000,0.018750,0.750000,0,,NONE,0.000000,4.738221,4.461779
30.304,FOLLOW_LANE,camera lane following,163.000,0.018750,0.750000,0,,NONE,0.000000,4.738233,4.461767
30.336,FOLLOW_LANE,camera lane following,163.000,0.018750,0.750000,0,,NONE,0.000000,4.738245,4.461755
30.368,FOLLOW_LANE,camera lane following,162.500,0.015625,0.750000,0,,NONE,0.000000,4.705442,4.494557
30.400,FOLLOW_LANE,camera lane following,162.500,0.015625,0.750000,0,,NONE,0.000000,4.713265,4.486735
30.432,FOLLOW_LANE,camera lane following,162.000,0.012500,0.750000,0,,NONE,0.000000,4.680460,4.519539
30.464,FOLLOW_LANE,camera lane following,162.000,0.012500,0.750000,0,,NONE,0.000000,4.688281,4.511719
30.496,FOLLOW_LANE,camera lane following,162.000,0.012500,0.750000,0,,NONE,0.000000,4.688289,4.511711
30.528,FOLLOW_LANE,camera lane following,161.500,0.009375,0.750000,0,,NONE,0.000000,4.655482,4.544517
30.560,FOLLOW_LANE,camera lane following,161.500,0.009375,0.750000,0,,NONE,0.000000,4.663301,4.536699
30.592,FOLLOW_LANE,camera lane following,161.500,0.009375,0.750000,0,,NONE,0.000000,4.663307,4.536693
30.624,FOLLOW_LANE,camera lane following,161.500,0.009375,0.750000,0,,NONE,0.000000,4.663313,4.536687
30.656,FOLLOW_LANE,camera lane following,161.500,0.009375,0.750000,0,,NONE,0.000000,4.663319,4.536681
30.688,FOLLOW_LANE,camera lane following,161.500,0.009375,0.750000,0,,NONE,0.000000,4.663325,4.536675
30.720,FOLLOW_LANE,camera lane following,161.000,0.006250,0.750000,0,,NONE,0.000000,4.630516,4.569483
30.752,FOLLOW_LANE,camera lane following,161.000,0.006250,0.750000,0,,NONE,0.000000,4.638333,4.561667
30.784,FOLLOW_LANE,camera lane following,161.000,0.006250,0.750000,0,,NONE,0.000000,4.638337,4.561663
30.816,FOLLOW_LANE,camera lane following,161.000,0.006250,0.750000,0,,NONE,0.000000,4.638341,4.561659
30.848,FOLLOW_LANE,camera lane following,161.000,0.006250,0.750000,0,,NONE,0.000000,4.638345,4.561655
30.880,FOLLOW_LANE,camera lane following,161.000,0.006250,0.750000,0,,NONE,0.000000,4.638349,4.561651
30.912,FOLLOW_LANE,camera lane following,161.000,0.006250,0.750000,0,,NONE,0.000000,4.638353,4.561647
30.944,FOLLOW_LANE,camera lane following,160.500,0.003125,0.750000,0,,NONE,0.000000,4.572728,4.627272
30.976,FOLLOW_LANE,camera lane following,160.500,0.003125,0.750000,0,,NONE,0.000000,4.588353,4.611647
31.008,FOLLOW_LANE,camera lane following,160.500,0.003125,0.750000,0,,NONE,0.000000,4.588353,4.611647
31.040,FOLLOW_LANE,camera lane following,160.500,0.003125,0.750000,0,,NONE,0.000000,4.588353,4.611647
31.072,FOLLOW_LANE,camera lane following,160.500,0.003125,0.750000,0,,NONE,0.000000,4.588353,4.611647
31.104,FOLLOW_LANE,camera lane following,160.500,0.003125,0.750000,0,,NONE,0.000000,4.588353,4.611647
31.136,FOLLOW_LANE,camera lane following,160.500,0.003125,0.750000,0,,NONE,0.000000,4.588353,4.611647
31.168,FOLLOW_LANE,camera lane following,160.500,0.003125,0.750000,0,,NONE,0.000000,4.588353,4.611647
31.200,FOLLOW_LANE,camera lane following,160.500,0.003125,0.750000,0,,NONE,0.000000,4.588353,4.611647
31.232,FOLLOW_LANE,camera lane following,160.500,0.003125,0.750000,0,,NONE,0.000000,4.588353,4.611647
31.264,FOLLOW_LANE,camera lane following,160.500,0.003125,0.750000,0,,NONE,0.000000,4.588353,4.611647
31.296,FOLLOW_LANE,camera lane following,160.000,0.000000,0.750000,0,,NONE,0.000000,4.588353,4.611647
31.328,FOLLOW_LANE,camera lane following,159.500,-0.003125,0.750000,0,,NONE,0.000000,4.588353,4.611647
31.360,FOLLOW_LANE,camera lane following,159.500,-0.003125,0.750000,0,,NONE,0.000000,4.588353,4.611647
31.392,FOLLOW_LANE,camera lane following,159.500,-0.003125,0.750000,0,,NONE,0.000000,4.588353,4.611647
31.424,FOLLOW_LANE,camera lane following,159.500,-0.003125,0.750000,0,,NONE,0.000000,4.588353,4.611647
31.456,FOLLOW_LANE,camera lane following,159.500,-0.003125,0.750000,0,,NONE,0.000000,4.588353,4.611647
31.488,FOLLOW_LANE,camera lane following,159.500,-0.003125,0.750000,0,,NONE,0.000000,4.588353,4.611647
31.520,FOLLOW_LANE,camera lane following,159.500,-0.003125,0.750000,0,,NONE,0.000000,4.588353,4.611647
31.552,FOLLOW_LANE,camera lane following,159.500,-0.003125,0.750000,0,,NONE,0.000000,4.588353,4.611647
31.584,FOLLOW_LANE,camera lane following,159.500,-0.003125,0.750000,0,,NONE,0.000000,4.588353,4.611647
31.616,FOLLOW_LANE,camera lane following,159.500,-0.003125,0.750000,0,,NONE,0.000000,4.588353,4.611647
31.648,FOLLOW_LANE,camera lane following,159.500,-0.003125,0.750000,0,,NONE,0.000000,4.588353,4.611647
31.680,FOLLOW_LANE,camera lane following,159.500,-0.003125,0.750000,0,,NONE,0.000000,4.588353,4.611647
31.712,FOLLOW_LANE,camera lane following,159.500,-0.003125,0.750000,0,,NONE,0.000000,4.588353,4.611647
31.744,FOLLOW_LANE,camera lane following,159.500,-0.003125,0.750000,0,,NONE,0.000000,4.588353,4.611647
31.776,FOLLOW_LANE,camera lane following,159.500,-0.003125,0.750000,0,,NONE,0.000000,4.588353,4.611647
31.808,FOLLOW_LANE,camera lane following,159.500,-0.003125,0.750000,0,,NONE,0.000000,4.588353,4.611647
31.840,FOLLOW_LANE,camera lane following,159.500,-0.003125,0.750000,0,,NONE,0.000000,4.588353,4.611647
31.872,FOLLOW_LANE,camera lane following,159.000,-0.006250,0.750000,0,,NONE,0.000000,4.522724,4.677276
31.904,FOLLOW_LANE,camera lane following,158.500,-0.009375,0.750000,0,,NONE,0.000000,4.505530,4.694469
31.936,FOLLOW_LANE,camera lane following,158.500,-0.009375,0.750000,0,,NONE,0.000000,4.513337,4.686663
31.968,FOLLOW_LANE,camera lane following,158.500,-0.009375,0.750000,0,,NONE,0.000000,4.513331,4.686669
32.000,FOLLOW_LANE,camera lane following,158.500,-0.009375,0.750000,0,,NONE,0.000000,4.513325,4.686675
32.032,FOLLOW_LANE,camera lane following,158.500,-0.009375,0.750000,0,,NONE,0.000000,4.513319,4.686681
32.064,FOLLOW_LANE,camera lane following,159.000,-0.006250,0.750000,0,,NONE,0.000000,4.546127,4.653872
32.096,FOLLOW_LANE,camera lane following,159.000,-0.006250,0.750000,0,,NONE,0.000000,4.538311,4.661689
32.128,FOLLOW_LANE,camera lane following,159.000,-0.006250,0.750000,0,,NONE,0.000000,4.538307,4.661693
32.160,FOLLOW_LANE,camera lane following,158.500,-0.009375,0.750000,0,,NONE,0.000000,4.505488,4.694511
32.192,FOLLOW_LANE,camera lane following,159.000,-0.006250,0.750000,0,,NONE,0.000000,4.546110,4.653890
32.224,FOLLOW_LANE,camera lane following,158.500,-0.009375,0.750000,0,,NONE,0.000000,4.505478,4.694521
32.256,FOLLOW_LANE,camera lane following,158.500,-0.009375,0.750000,0,,NONE,0.000000,4.513285,4.686715
32.288,FOLLOW_LANE,camera lane following,158.500,-0.009375,0.750000,0,,NONE,0.000000,4.513279,4.686721
32.320,FOLLOW_LANE,camera lane following,158.500,-0.009375,0.750000,0,,NONE,0.000000,4.513273,4.686727
32.352,FOLLOW_LANE,camera lane following,159.000,-0.006250,0.750000,0,,NONE,0.000000,4.546081,4.653918
32.384,FOLLOW_LANE,camera lane following,159.000,-0.006250,0.750000,0,,NONE,0.000000,4.538265,4.661735
32.416,FOLLOW_LANE,camera lane following,159.000,-0.006250,0.750000,0,,NONE,0.000000,4.538261,4.661739
32.448,FOLLOW_LANE,camera lane following,158.750,-0.007812,0.750000,0,,NONE,0.000000,4.521850,4.678150
32.480,FOLLOW_LANE,camera lane following,158.500,-0.009375,0.750000,0,,NONE,0.000000,4.509344,4.690656
32.512,FOLLOW_LANE,camera lane following,158.500,-0.009375,0.750000,0,,NONE,0.000000,4.513244,4.686756
32.544,FOLLOW_LANE,camera lane following,158.500,-0.009375,0.750000,0,,NONE,0.000000,4.513238,4.686762
32.576,FOLLOW_LANE,camera lane following,158.500,-0.009375,0.750000,0,,NONE,0.000000,4.513232,4.686768
32.608,FOLLOW_LANE,camera lane following,158.500,-0.009375,0.750000,0,,NONE,0.000000,4.513226,4.686774
32.640,FOLLOW_LANE,camera lane following,158.500,-0.009375,0.750000,0,,NONE,0.000000,4.513220,4.686780
32.672,FOLLOW_LANE,camera lane following,158.500,-0.009375,0.750000,0,,NONE,0.000000,4.513214,4.686786
32.704,FOLLOW_LANE,camera lane following,158.500,-0.009375,0.750000,0,,NONE,0.000000,4.513208,4.686792
32.736,FOLLOW_LANE,camera lane following,158.500,-0.009375,0.750000,0,,NONE,0.000000,4.513202,4.686798
32.768,FOLLOW_LANE,camera lane following,158.500,-0.009375,0.750000,0,,NONE,0.000000,4.513196,4.686804
32.800,FOLLOW_LANE,camera lane following,158.500,-0.009375,0.750000,0,,NONE,0.000000,4.513190,4.686810
32.832,FOLLOW_LANE,camera lane following,158.500,-0.009375,0.750000,0,,NONE,0.000000,4.513184,4.686816
32.864,FOLLOW_LANE,camera lane following,158.500,-0.009375,0.750000,0,,NONE,0.000000,4.513178,4.686822
32.896,FOLLOW_LANE,camera lane following,158.500,-0.009375,0.750000,0,,NONE,0.000000,4.513172,4.686828
32.928,FOLLOW_LANE,camera lane following,158.500,-0.009375,0.750000,0,,NONE,0.000000,4.513166,4.686834
32.960,FOLLOW_LANE,camera lane following,158.500,-0.009375,0.750000,0,,NONE,0.000000,4.513160,4.686840
32.992,FOLLOW_LANE,camera lane following,159.000,-0.006250,0.750000,0,,NONE,0.000000,4.545968,4.654031
33.024,FOLLOW_LANE,camera lane following,159.000,-0.006250,0.750000,0,,NONE,0.000000,4.538152,4.661848
33.056,FOLLOW_LANE,camera lane following,159.000,-0.006250,0.750000,0,,NONE,0.000000,4.538148,4.661852
33.088,FOLLOW_LANE,camera lane following,159.000,-0.006250,0.750000,0,,NONE,0.000000,4.538144,4.661856
33.120,FOLLOW_LANE,camera lane following,159.500,-0.003125,0.750000,0,,NONE,0.000000,4.603769,4.596231
33.152,FOLLOW_LANE,camera lane following,159.500,-0.003125,0.750000,0,,NONE,0.000000,4.588144,4.611856
33.184,FOLLOW_LANE,camera lane following,159.500,-0.003125,0.750000,0,,NONE,0.000000,4.588144,4.611856
33.216,FOLLOW_LANE,camera lane following,159.500,-0.003125,0.750000,0,,NONE,0.000000,4.588144,4.611856
33.248,FOLLOW_LANE,camera lane following,159.500,-0.003125,0.750000,0,,NONE,0.000000,4.588144,4.611856
33.280,FOLLOW_LANE,camera lane following,159.500,-0.003125,0.750000,0,,NONE,0.000000,4.588144,4.611856
33.312,FOLLOW_LANE,camera lane following,159.500,-0.003125,0.750000,0,,NONE,0.000000,4.588144,4.611856
33.344,FOLLOW_LANE,camera lane following,159.500,-0.003125,0.750000,0,,NONE,0.000000,4.588144,4.611856
33.376,FOLLOW_LANE,camera lane following,159.500,-0.003125,0.750000,0,,NONE,0.000000,4.588144,4.611856
33.408,FOLLOW_LANE,camera lane following,159.500,-0.003125,0.750000,0,,NONE,0.000000,4.588144,4.611856
33.440,FOLLOW_LANE,camera lane following,159.500,-0.003125,0.750000,0,,NONE,0.000000,4.588144,4.611856
33.472,FOLLOW_LANE,camera lane following,159.500,-0.003125,0.750000,0,,NONE,0.000000,4.588144,4.611856
33.504,FOLLOW_LANE,camera lane following,159.500,-0.003125,0.750000,0,,NONE,0.000000,4.588144,4.611856
33.536,FOLLOW_LANE,camera lane following,159.500,-0.003125,0.750000,0,,NONE,0.000000,4.588144,4.611856
33.568,FOLLOW_LANE,camera lane following,159.500,-0.003125,0.750000,0,,NONE,0.000000,4.588144,4.611856
33.600,FOLLOW_LANE,camera lane following,159.500,-0.003125,0.750000,0,,NONE,0.000000,4.588144,4.611856
33.632,FOLLOW_LANE,camera lane following,159.500,-0.003125,0.750000,0,,NONE,0.000000,4.588144,4.611856
33.664,FOLLOW_LANE,camera lane following,159.500,-0.003125,0.750000,0,,NONE,0.000000,4.588144,4.611856
33.696,FOLLOW_LANE,camera lane following,159.500,-0.003125,0.750000,0,,NONE,0.000000,4.588144,4.611856
33.728,FOLLOW_LANE,camera lane following,159.500,-0.003125,0.750000,0,,NONE,0.000000,4.588144,4.611856
33.760,FOLLOW_LANE,camera lane following,159.500,-0.003125,0.750000,0,,NONE,0.000000,4.588144,4.611856
33.792,FOLLOW_LANE,camera lane following,159.500,-0.003125,0.750000,0,,NONE,0.000000,4.588144,4.611856
33.824,FOLLOW_LANE,camera lane following,160.000,0.000000,0.750000,0,,NONE,0.000000,4.588144,4.611856
33.856,FOLLOW_LANE,camera lane following,160.000,0.000000,0.750000,0,,NONE,0.000000,4.588144,4.611856
33.888,FOLLOW_LANE,camera lane following,160.000,0.000000,0.750000,0,,NONE,0.000000,4.588144,4.611856
33.920,FOLLOW_LANE,camera lane following,160.000,0.000000,0.750000,0,,NONE,0.000000,4.588144,4.611856
33.952,FOLLOW_LANE,camera lane following,160.000,0.000000,0.750000,0,,NONE,0.000000,4.588144,4.611856
33.984,FOLLOW_LANE,camera lane following,160.000,0.000000,0.750000,0,,NONE,0.000000,4.588144,4.611856
34.016,FOLLOW_LANE,camera lane following,160.000,0.000000,0.750000,0,,NONE,0.000000,4.588144,4.611856
34.048,FOLLOW_LANE,camera lane following,160.000,0.000000,0.750000,0,,NONE,0.000000,4.588144,4.611856
34.080,FOLLOW_LANE,camera lane following,160.500,0.003125,0.750000,0,,NONE,0.000000,4.588144,4.611856
34.112,FOLLOW_LANE,camera lane following,160.500,0.003125,0.750000,0,,NONE,0.000000,4.588144,4.611856
34.144,FOLLOW_LANE,camera lane following,160.500,0.003125,0.750000,0,,NONE,0.000000,4.588144,4.611856
34.176,FOLLOW_LANE,camera lane following,160.500,0.003125,0.750000,0,,NONE,0.000000,4.588144,4.611856
34.208,FOLLOW_LANE,camera lane following,161.000,0.006250,0.750000,0,,NONE,0.000000,4.653773,4.546227
34.240,FOLLOW_LANE,camera lane following,161.000,0.006250,0.750000,0,,NONE,0.000000,4.638152,4.561848
34.272,FOLLOW_LANE,camera lane following,161.000,0.006250,0.750000,0,,NONE,0.000000,4.638156,4.561844
34.304,FOLLOW_LANE,camera lane following,161.000,0.006250,0.750000,0,,NONE,0.000000,4.638160,4.561840
34.336,FOLLOW_LANE,camera lane following,161.000,0.006250,0.750000,0,,NONE,0.000000,4.638164,4.561836
34.368,FOLLOW_LANE,camera lane following,161.000,0.006250,0.750000,0,,NONE,0.000000,4.638168,4.561832
34.400,FOLLOW_LANE,camera lane following,161.000,0.006250,0.750000,0,,NONE,0.000000,4.638172,4.561828
34.432,FOLLOW_LANE,camera lane following,161.000,0.006250,0.750000,0,,NONE,0.000000,4.638176,4.561824
34.464,FOLLOW_LANE,camera lane following,161.000,0.006250,0.750000,0,,NONE,0.000000,4.638180,4.561820
34.496,FOLLOW_LANE,camera lane following,161.000,0.006250,0.750000,0,,NONE,0.000000,4.638184,4.561816
34.528,FOLLOW_LANE,camera lane following,161.000,0.006250,0.750000,0,,NONE,0.000000,4.638188,4.561812
34.560,FOLLOW_LANE,camera lane following,160.500,0.003125,0.750000,0,,NONE,0.000000,4.572563,4.627437
34.592,STOP_WAIT,waiting for moving object to clear,160.500,0.003125,0.750000,1,blue,UNKNOWN,0.434169,0.000000,0.000000
34.624,STOP_WAIT,waiting for moving object to clear,162.000,0.012500,0.750000,0,,NONE,0.000000,0.000000,0.000000
34.656,STOP_WAIT,waiting for moving object to clear,161.500,0.009375,0.750000,0,,NONE,0.000000,0.000000,0.000000
34.688,STOP_WAIT,waiting for moving object to clear,161.000,0.006250,0.750000,1,blue,UNKNOWN,0.550250,0.000000,0.000000
34.720,STOP_WAIT,waiting for moving object to clear,161.000,0.006250,0.750000,0,,NONE,0.000000,0.000000,0.000000
34.752,STOP_WAIT,waiting for moving object to clear,161.000,0.006250,0.750000,0,,NONE,0.000000,0.000000,0.000000
34.784,STOP_WAIT,waiting for moving object to clear,161.000,0.006250,0.750000,1,blue,UNKNOWN,0.501617,0.000000,0.000000
34.816,STOP_WAIT,waiting for moving object to clear,161.000,0.006250,0.750000,0,,NONE,0.000000,0.000000,0.000000
34.848,STOP_WAIT,waiting for moving object to clear,161.000,0.006250,0.750000,0,,NONE,0.000000,0.000000,0.000000
34.880,STOP_WAIT,waiting for moving object to clear,161.000,0.006250,0.750000,0,,NONE,0.000000,0.000000,0.000000
34.912,STOP_WAIT,waiting for moving object to clear,161.000,0.006250,0.750000,0,,NONE,0.000000,0.000000,0.000000
34.944,REJOIN,confirming lane reacquisition,161.000,0.006250,0.750000,0,,NONE,0.000000,2.865629,2.734371
34.976,REJOIN,confirming lane reacquisition,161.500,0.009375,0.750000,0,,NONE,0.000000,2.882822,2.717178
35.008,REJOIN,confirming lane reacquisition,161.000,0.006250,0.750000,0,,NONE,0.000000,2.842201,2.757798
35.040,REJOIN,confirming lane reacquisition,161.000,0.006250,0.750000,0,,NONE,0.000000,2.850018,2.749982
35.072,FOLLOW_LANE,lane reacquired,161.500,0.009375,0.750000,0,,NONE,0.000000,2.882836,2.717163
35.104,FOLLOW_LANE,camera lane following,161.000,0.006250,0.750000,0,,NONE,0.000000,4.642215,4.557784
35.136,FOLLOW_LANE,camera lane following,160.500,0.003125,0.750000,0,,NONE,0.000000,4.584403,4.615597
35.168,FOLLOW_LANE,camera lane following,161.000,0.006250,0.750000,0,,NONE,0.000000,4.665657,4.534343
35.200,FOLLOW_LANE,camera lane following,161.500,0.009375,0.750000,0,,NONE,0.000000,4.682850,4.517149
35.232,FOLLOW_LANE,camera lane following,161.000,0.006250,0.750000,0,,NONE,0.000000,4.642230,4.557770
35.264,FOLLOW_LANE,camera lane following,161.000,0.006250,0.750000,0,,NONE,0.000000,4.650046,4.549954
35.296,FOLLOW_LANE,camera lane following,161.000,0.006250,0.750000,0,,NONE,0.000000,4.650050,4.549950
35.328,FOLLOW_LANE,camera lane following,160.500,0.003125,0.750000,0,,NONE,0.000000,4.584425,4.615575
35.360,FOLLOW_LANE,camera lane following,161.000,0.006250,0.750000,0,,NONE,0.000000,4.665679,4.534321
35.392,FOLLOW_LANE,camera lane following,161.000,0.006250,0.750000,0,,NONE,0.000000,4.650058,4.549942
35.424,FOLLOW_LANE,camera lane following,161.000,0.006250,0.750000,0,,NONE,0.000000,4.650062,4.549938
35.456,FOLLOW_LANE,camera lane following,161.000,0.006250,0.750000,0,,NONE,0.000000,4.650066,4.549934
35.488,FOLLOW_LANE,camera lane following,161.000,0.006250,0.750000,0,,NONE,0.000000,4.650070,4.549930
35.520,FOLLOW_LANE,camera lane following,161.000,0.006250,0.750000,0,,NONE,0.000000,4.650074,4.549926
35.552,FOLLOW_LANE,camera lane following,161.000,0.006250,0.750000,0,,NONE,0.000000,4.650078,4.549922
35.584,FOLLOW_LANE,camera lane following,161.000,0.006250,0.750000,0,,NONE,0.000000,4.650082,4.549918
35.616,FOLLOW_LANE,camera lane following,161.000,0.006250,0.750000,0,,NONE,0.000000,4.650086,4.549914
35.648,FOLLOW_LANE,camera lane following,161.000,0.006250,0.750000,0,,NONE,0.000000,4.650090,4.549910
35.680,FOLLOW_LANE,camera lane following,161.000,0.006250,0.750000,0,,NONE,0.000000,4.650094,4.549906
35.712,FOLLOW_LANE,camera lane following,161.000,0.006250,0.750000,0,,NONE,0.000000,4.650098,4.549902
35.744,FOLLOW_LANE,camera lane following,160.500,0.003125,0.750000,0,,NONE,0.000000,4.584473,4.615527
35.776,FOLLOW_LANE,camera lane following,161.000,0.006250,0.750000,0,,NONE,0.000000,4.665727,4.534273
35.808,FOLLOW_LANE,camera lane following,161.000,0.006250,0.750000,0,,NONE,0.000000,4.650106,4.549894
35.840,FOLLOW_LANE,camera lane following,161.000,0.006250,0.750000,0,,NONE,0.000000,4.650110,4.549890
35.872,FOLLOW_LANE,camera lane following,161.000,0.006250,0.750000,0,,NONE,0.000000,4.650114,4.549886
35.904,FOLLOW_LANE,camera lane following,161.000,0.006250,0.750000,0,,NONE,0.000000,4.650118,4.549882
35.936,FOLLOW_LANE,camera lane following,161.000,0.006250,0.750000,0,,NONE,0.000000,4.650122,4.549878
35.968,FOLLOW_LANE,camera lane following,161.000,0.006250,0.750000,0,,NONE,0.000000,4.650126,4.549874
36.000,FOLLOW_LANE,camera lane following,161.000,0.006250,0.750000,0,,NONE,0.000000,4.650130,4.549870
36.032,FOLLOW_LANE,camera lane following,161.000,0.006250,0.750000,0,,NONE,0.000000,4.650134,4.549866
36.064,FOLLOW_LANE,camera lane following,161.000,0.006250,0.750000,0,,NONE,0.000000,4.650138,4.549862
36.096,FOLLOW_LANE,camera lane following,161.000,0.006250,0.750000,0,,NONE,0.000000,4.650142,4.549858
36.128,FOLLOW_LANE,camera lane following,161.000,0.006250,0.750000,0,,NONE,0.000000,4.650146,4.549854
36.160,FOLLOW_LANE,camera lane following,161.000,0.006250,0.750000,0,,NONE,0.000000,4.650150,4.549850
36.192,FOLLOW_LANE,camera lane following,160.500,0.003125,0.750000,0,,NONE,0.000000,4.584525,4.615475
36.224,FOLLOW_LANE,camera lane following,160.500,0.003125,0.750000,0,,NONE,0.000000,4.600150,4.599850
36.256,FOLLOW_LANE,camera lane following,160.500,0.003125,0.750000,0,,NONE,0.000000,4.600150,4.599850
36.288,FOLLOW_LANE,camera lane following,160.500,0.003125,0.750000,0,,NONE,0.000000,4.600150,4.599850
36.320,FOLLOW_LANE,camera lane following,160.500,0.003125,0.750000,0,,NONE,0.000000,4.600150,4.599850
36.352,FOLLOW_LANE,camera lane following,160.500,0.003125,0.750000,0,,NONE,0.000000,4.600150,4.599850
36.384,FOLLOW_LANE,camera lane following,160.500,0.003125,0.750000,0,,NONE,0.000000,4.600150,4.599850
36.416,FOLLOW_LANE,camera lane following,160.500,0.003125,0.750000,0,,NONE,0.000000,4.600150,4.599850
36.448,FOLLOW_LANE,camera lane following,160.500,0.003125,0.750000,0,,NONE,0.000000,4.600150,4.599850
36.480,FOLLOW_LANE,camera lane following,160.500,0.003125,0.750000,0,,NONE,0.000000,4.600150,4.599850
36.512,FOLLOW_LANE,camera lane following,160.500,0.003125,0.750000,0,,NONE,0.000000,4.600150,4.599850
36.544,FOLLOW_LANE,camera lane following,160.500,0.003125,0.750000,0,,NONE,0.000000,4.600150,4.599850
36.576,FOLLOW_LANE,camera lane following,160.500,0.003125,0.750000,0,,NONE,0.000000,4.600150,4.599850
36.608,FOLLOW_LANE,camera lane following,160.500,0.003125,0.750000,0,,NONE,0.000000,4.600150,4.599850
36.640,FOLLOW_LANE,camera lane following,160.000,0.000000,0.750000,0,,NONE,0.000000,4.600150,4.599850
36.672,FOLLOW_LANE,camera lane following,160.000,0.000000,0.750000,0,,NONE,0.000000,4.600150,4.599850
36.704,FOLLOW_LANE,camera lane following,160.000,0.000000,0.750000,0,,NONE,0.000000,4.600150,4.599850
36.736,FOLLOW_LANE,camera lane following,160.000,0.000000,0.750000,0,,NONE,0.000000,4.600150,4.599850
36.768,FOLLOW_LANE,camera lane following,160.000,0.000000,0.750000,0,,NONE,0.000000,4.600150,4.599850
36.800,FOLLOW_LANE,camera lane following,160.000,0.000000,0.750000,0,,NONE,0.000000,4.600150,4.599850
36.832,FOLLOW_LANE,camera lane following,160.000,0.000000,0.750000,0,,NONE,0.000000,4.600150,4.599850
36.864,FOLLOW_LANE,camera lane following,160.000,0.000000,0.750000,0,,NONE,0.000000,4.600150,4.599850
36.896,FOLLOW_LANE,camera lane following,160.000,0.000000,0.750000,0,,NONE,0.000000,4.600150,4.599850
36.928,FOLLOW_LANE,camera lane following,160.000,0.000000,0.750000,0,,NONE,0.000000,4.600150,4.599850
36.960,FOLLOW_LANE,camera lane following,160.000,0.000000,0.750000,0,,NONE,0.000000,4.600150,4.599850
36.992,FOLLOW_LANE,camera lane following,160.000,0.000000,0.750000,0,,NONE,0.000000,4.600150,4.599850
37.024,FOLLOW_LANE,camera lane following,159.500,-0.003125,0.750000,0,,NONE,0.000000,4.600150,4.599850
37.056,FOLLOW_LANE,camera lane following,159.500,-0.003125,0.750000,0,,NONE,0.000000,4.600150,4.599850
37.088,FOLLOW_LANE,camera lane following,159.500,-0.003125,0.750000,0,,NONE,0.000000,4.600150,4.599850
37.120,FOLLOW_LANE,camera lane following,159.500,-0.003125,0.750000,0,,NONE,0.000000,4.600150,4.599850
37.152,FOLLOW_LANE,camera lane following,159.500,-0.003125,0.750000,0,,NONE,0.000000,4.600150,4.599850
37.184,FOLLOW_LANE,camera lane following,159.500,-0.003125,0.750000,0,,NONE,0.000000,4.600150,4.599850
37.216,FOLLOW_LANE,camera lane following,159.500,-0.003125,0.750000,0,,NONE,0.000000,4.600150,4.599850
37.248,FOLLOW_LANE,camera lane following,159.500,-0.003125,0.750000,0,,NONE,0.000000,4.600150,4.599850
37.280,FOLLOW_LANE,camera lane following,159.500,-0.003125,0.750000,0,,NONE,0.000000,4.600150,4.599850
37.312,FOLLOW_LANE,camera lane following,159.500,-0.003125,0.750000,0,,NONE,0.000000,4.600150,4.599850
37.344,FOLLOW_LANE,camera lane following,159.500,-0.003125,0.750000,0,,NONE,0.000000,4.600150,4.599850
37.376,FOLLOW_LANE,camera lane following,159.500,-0.003125,0.750000,0,,NONE,0.000000,4.600150,4.599850
37.408,FOLLOW_LANE,camera lane following,159.500,-0.003125,0.750000,0,,NONE,0.000000,4.600150,4.599850
37.440,FOLLOW_LANE,camera lane following,159.500,-0.003125,0.750000,0,,NONE,0.000000,4.600150,4.599850
37.472,FOLLOW_LANE,camera lane following,159.500,-0.003125,0.750000,0,,NONE,0.000000,4.600150,4.599850
37.504,FOLLOW_LANE,camera lane following,159.500,-0.003125,0.750000,0,,NONE,0.000000,4.600150,4.599850
37.536,FOLLOW_LANE,camera lane following,159.500,-0.003125,0.750000,0,,NONE,0.000000,4.600150,4.599850
37.568,FOLLOW_LANE,camera lane following,159.500,-0.003125,0.750000,0,,NONE,0.000000,4.600150,4.599850
37.600,FOLLOW_LANE,camera lane following,159.500,-0.003125,0.750000,0,,NONE,0.000000,4.600150,4.599850
37.632,FOLLOW_LANE,camera lane following,159.500,-0.003125,0.750000,0,,NONE,0.000000,4.600150,4.599850
37.664,FOLLOW_LANE,camera lane following,159.500,-0.003125,0.750000,0,,NONE,0.000000,4.600150,4.599850
37.696,FOLLOW_LANE,camera lane following,159.500,-0.003125,0.750000,0,,NONE,0.000000,4.600150,4.599850
37.728,FOLLOW_LANE,camera lane following,159.500,-0.003125,0.750000,0,,NONE,0.000000,4.600150,4.599850
37.760,FOLLOW_LANE,camera lane following,159.500,-0.003125,0.750000,0,,NONE,0.000000,4.600150,4.599850
37.792,FOLLOW_LANE,camera lane following,159.500,-0.003125,0.750000,0,,NONE,0.000000,4.600150,4.599850
37.824,FOLLOW_LANE,camera lane following,159.500,-0.003125,0.750000,0,,NONE,0.000000,4.600150,4.599850
37.856,FOLLOW_LANE,camera lane following,159.500,-0.003125,0.750000,0,,NONE,0.000000,4.600150,4.599850
37.888,FOLLOW_LANE,camera lane following,159.500,-0.003125,0.750000,0,,NONE,0.000000,4.600150,4.599850
37.920,FOLLOW_LANE,camera lane following,159.500,-0.003125,0.750000,0,,NONE,0.000000,4.600150,4.599850
37.952,FOLLOW_LANE,camera lane following,159.500,-0.003125,0.750000,0,,NONE,0.000000,4.600150,4.599850
37.984,FOLLOW_LANE,camera lane following,159.500,-0.003125,0.750000,0,,NONE,0.000000,4.600150,4.599850
38.016,FOLLOW_LANE,camera lane following,159.500,-0.003125,0.750000,0,,NONE,0.000000,4.600150,4.599850
38.048,FOLLOW_LANE,camera lane following,159.500,-0.003125,0.750000,0,,NONE,0.000000,4.600150,4.599850
38.080,FOLLOW_LANE,camera lane following,159.500,-0.003125,0.750000,0,,NONE,0.000000,4.600150,4.599850
38.112,FOLLOW_LANE,camera lane following,159.000,-0.006250,0.750000,0,,NONE,0.000000,4.534521,4.665479
38.144,FOLLOW_LANE,camera lane following,159.000,-0.006250,0.750000,0,,NONE,0.000000,4.550142,4.649858
38.176,FOLLOW_LANE,camera lane following,159.500,-0.003125,0.750000,0,,NONE,0.000000,4.615767,4.584233
38.208,FOLLOW_LANE,camera lane following,159.500,-0.003125,0.750000,0,,NONE,0.000000,4.600142,4.599858
38.240,FOLLOW_LANE,camera lane following,159.000,-0.006250,0.750000,0,,NONE,0.000000,4.534513,4.665487
38.272,FOLLOW_LANE,camera lane following,159.000,-0.006250,0.750000,0,,NONE,0.000000,4.550134,4.649866
38.304,FOLLOW_LANE,camera lane following,159.000,-0.006250,0.750000,0,,NONE,0.000000,4.550130,4.649870
38.336,FOLLOW_LANE,camera lane following,159.000,-0.006250,0.750000,0,,NONE,0.000000,4.550126,4.649874
38.368,FOLLOW_LANE,camera lane following,159.000,-0.006250,0.750000,0,,NONE,0.000000,4.550122,4.649878
38.400,FOLLOW_LANE,camera lane following,159.000,-0.006250,0.750000,0,,NONE,0.000000,4.550118,4.649882
38.432,FOLLOW_LANE,camera lane following,159.000,-0.006250,0.750000,0,,NONE,0.000000,4.550114,4.649886
38.464,FOLLOW_LANE,camera lane following,159.000,-0.006250,0.750000,0,,NONE,0.000000,4.550110,4.649890
38.496,FOLLOW_LANE,camera lane following,159.000,-0.006250,0.750000,0,,NONE,0.000000,4.550106,4.649894
38.528,FOLLOW_LANE,camera lane following,159.000,-0.006250,0.750000,0,,NONE,0.000000,4.550102,4.649898
38.560,FOLLOW_LANE,camera lane following,159.000,-0.006250,0.750000,0,,NONE,0.000000,4.550098,4.649902
38.592,FOLLOW_LANE,camera lane following,158.500,-0.009375,0.750000,0,,NONE,0.000000,4.517279,4.682720
38.624,FOLLOW_LANE,camera lane following,159.000,-0.006250,0.750000,0,,NONE,0.000000,4.557900,4.642099
38.656,FOLLOW_LANE,camera lane following,159.000,-0.006250,0.750000,0,,NONE,0.000000,4.550084,4.649916
38.688,FOLLOW_LANE,camera lane following,159.500,-0.003125,0.750000,0,,NONE,0.000000,4.615709,4.584291
38.720,FOLLOW_LANE,camera lane following,159.000,-0.006250,0.750000,0,,NONE,0.000000,4.534455,4.665545
38.752,FOLLOW_LANE,camera lane following,159.000,-0.006250,0.750000,0,,NONE,0.000000,4.550076,4.649924
38.784,FOLLOW_LANE,camera lane following,159.000,-0.006250,0.750000,0,,NONE,0.000000,4.550072,4.649928
38.816,FOLLOW_LANE,camera lane following,159.000,-0.006250,0.750000,0,,NONE,0.000000,4.550068,4.649932
38.848,FOLLOW_LANE,camera lane following,159.000,-0.006250,0.750000,0,,NONE,0.000000,4.550064,4.649936
38.880,FOLLOW_LANE,camera lane following,159.000,-0.006250,0.750000,0,,NONE,0.000000,4.550060,4.649940
38.912,FOLLOW_LANE,camera lane following,159.500,-0.003125,0.750000,0,,NONE,0.000000,4.615685,4.584315
38.944,FOLLOW_LANE,camera lane following,159.500,-0.003125,0.750000,0,,NONE,0.000000,4.600060,4.599940
38.976,FOLLOW_LANE,camera lane following,159.500,-0.003125,0.750000,0,,NONE,0.000000,4.600060,4.599940
39.008,FOLLOW_LANE,camera lane following,159.500,-0.003125,0.750000,0,,NONE,0.000000,4.600060,4.599940
39.040,FOLLOW_LANE,camera lane following,159.500,-0.003125,0.750000,0,,NONE,0.000000,4.600060,4.599940
39.072,FOLLOW_LANE,camera lane following,159.500,-0.003125,0.750000,0,,NONE,0.000000,4.600060,4.599940
39.104,FOLLOW_LANE,camera lane following,159.500,-0.003125,0.750000,0,,NONE,0.000000,4.600060,4.599940
39.136,FOLLOW_LANE,camera lane following,159.500,-0.003125,0.750000,0,,NONE,0.000000,4.600060,4.599940
39.168,FOLLOW_LANE,camera lane following,159.500,-0.003125,0.750000,0,,NONE,0.000000,4.600060,4.599940
39.200,FOLLOW_LANE,camera lane following,159.500,-0.003125,0.750000,0,,NONE,0.000000,4.600060,4.599940
39.232,FOLLOW_LANE,camera lane following,159.500,-0.003125,0.750000,0,,NONE,0.000000,4.600060,4.599940
39.264,FOLLOW_LANE,camera lane following,159.500,-0.003125,0.750000,0,,NONE,0.000000,4.600060,4.599940
39.296,FOLLOW_LANE,camera lane following,159.500,-0.003125,0.750000,0,,NONE,0.000000,4.600060,4.599940
39.328,FOLLOW_LANE,camera lane following,159.500,-0.003125,0.750000,0,,NONE,0.000000,4.600060,4.599940
39.360,FOLLOW_LANE,camera lane following,159.500,-0.003125,0.750000,0,,NONE,0.000000,4.600060,4.599940
39.392,FOLLOW_LANE,camera lane following,159.500,-0.003125,0.750000,0,,NONE,0.000000,4.600060,4.599940
39.424,FOLLOW_LANE,camera lane following,159.500,-0.003125,0.750000,0,,NONE,0.000000,4.600060,4.599940
39.456,FOLLOW_LANE,camera lane following,159.500,-0.003125,0.750000,0,,NONE,0.000000,4.600060,4.599940
39.488,FOLLOW_LANE,camera lane following,159.500,-0.003125,0.750000,0,,NONE,0.000000,4.600060,4.599940
39.520,FOLLOW_LANE,camera lane following,159.500,-0.003125,0.750000,0,,NONE,0.000000,4.600060,4.599940
39.552,FOLLOW_LANE,camera lane following,159.500,-0.003125,0.750000,0,,NONE,0.000000,4.600060,4.599940
39.584,FOLLOW_LANE,camera lane following,159.500,-0.003125,0.750000,0,,NONE,0.000000,4.600060,4.599940
39.616,FOLLOW_LANE,camera lane following,159.500,-0.003125,0.750000,0,,NONE,0.000000,4.600060,4.599940
39.648,FOLLOW_LANE,camera lane following,159.500,-0.003125,0.750000,0,,NONE,0.000000,4.600060,4.599940
39.680,FOLLOW_LANE,camera lane following,159.500,-0.003125,0.750000,0,,NONE,0.000000,4.600060,4.599940
39.712,FOLLOW_LANE,camera lane following,159.500,-0.003125,0.750000,0,,NONE,0.000000,4.600060,4.599940
39.744,FOLLOW_LANE,camera lane following,159.500,-0.003125,0.750000,0,,NONE,0.000000,4.600060,4.599940
39.776,FOLLOW_LANE,camera lane following,159.500,-0.003125,0.750000,0,,NONE,0.000000,4.600060,4.599940
39.808,FOLLOW_LANE,camera lane following,159.500,-0.003125,0.750000,0,,NONE,0.000000,4.600060,4.599940
39.840,FOLLOW_LANE,camera lane following,159.500,-0.003125,0.750000,0,,NONE,0.000000,4.600060,4.599940
39.872,FOLLOW_LANE,camera lane following,159.500,-0.003125,0.750000,0,,NONE,0.000000,4.600060,4.599940
39.904,FOLLOW_LANE,camera lane following,159.500,-0.003125,0.750000,0,,NONE,0.000000,4.600060,4.599940
39.936,FOLLOW_LANE,camera lane following,159.500,-0.003125,0.750000,0,,NONE,0.000000,4.600060,4.599940
39.968,FOLLOW_LANE,camera lane following,159.500,-0.003125,0.750000,0,,NONE,0.000000,4.600060,4.599940
40.000,FOLLOW_LANE,camera lane following,159.500,-0.003125,0.750000,0,,NONE,0.000000,4.600060,4.599940
40.032,FOLLOW_LANE,camera lane following,159.500,-0.003125,0.750000,0,,NONE,0.000000,4.600060,4.599940
40.064,FOLLOW_LANE,camera lane following,159.500,-0.003125,0.750000,0,,NONE,0.000000,4.600060,4.599940
40.096,FOLLOW_LANE,camera lane following,159.500,-0.003125,0.750000,0,,NONE,0.000000,4.600060,4.599940
40.128,FOLLOW_LANE,camera lane following,159.500,-0.003125,0.750000,0,,NONE,0.000000,4.600060,4.599940
40.160,FOLLOW_LANE,camera lane following,159.500,-0.003125,0.750000,0,,NONE,0.000000,4.600060,4.599940
40.192,FOLLOW_LANE,camera lane following,159.500,-0.003125,0.750000,0,,NONE,0.000000,4.600060,4.599940
40.224,FOLLOW_LANE,camera lane following,159.500,-0.003125,0.750000,0,,NONE,0.000000,4.600060,4.599940
40.256,FOLLOW_LANE,camera lane following,159.500,-0.003125,0.750000,0,,NONE,0.000000,4.600060,4.599940
40.288,FOLLOW_LANE,camera lane following,159.500,-0.003125,0.750000,0,,NONE,0.000000,4.600060,4.599940
40.320,FOLLOW_LANE,camera lane following,159.500,-0.003125,0.750000,0,,NONE,0.000000,4.600060,4.599940
40.352,FOLLOW_LANE,camera lane following,159.500,-0.003125,0.750000,0,,NONE,0.000000,4.600060,4.599940
40.384,FOLLOW_LANE,camera lane following,159.500,-0.003125,0.750000,0,,NONE,0.000000,4.600060,4.599940
40.416,FOLLOW_LANE,camera lane following,159.500,-0.003125,0.750000,0,,NONE,0.000000,4.600060,4.599940
40.448,FOLLOW_LANE,camera lane following,159.500,-0.003125,0.750000,0,,NONE,0.000000,4.600060,4.599940
40.480,FOLLOW_LANE,camera lane following,159.500,-0.003125,0.750000,0,,NONE,0.000000,4.600060,4.599940
40.512,FOLLOW_LANE,camera lane following,159.500,-0.003125,0.750000,0,,NONE,0.000000,4.600060,4.599940
40.544,FOLLOW_LANE,camera lane following,159.500,-0.003125,0.750000,0,,NONE,0.000000,4.600060,4.599940
40.576,FOLLOW_LANE,camera lane following,159.500,-0.003125,0.750000,0,,NONE,0.000000,4.600060,4.599940
40.608,FOLLOW_LANE,camera lane following,159.500,-0.003125,0.750000,0,,NONE,0.000000,4.600060,4.599940
40.640,FOLLOW_LANE,camera lane following,159.500,-0.003125,0.750000,0,,NONE,0.000000,4.600060,4.599940
40.672,FOLLOW_LANE,camera lane following,159.500,-0.003125,0.750000,0,,NONE,0.000000,4.600060,4.599940
40.704,FOLLOW_LANE,camera lane following,159.500,-0.003125,0.750000,0,,NONE,0.000000,4.600060,4.599940
40.736,FOLLOW_LANE,camera lane following,159.500,-0.003125,0.750000,0,,NONE,0.000000,4.600060,4.599940
40.768,FOLLOW_LANE,camera lane following,159.500,-0.003125,0.750000,0,,NONE,0.000000,4.600060,4.599940
40.800,FOLLOW_LANE,camera lane following,159.500,-0.003125,0.750000,0,,NONE,0.000000,4.600060,4.599940
40.832,FOLLOW_LANE,camera lane following,159.500,-0.003125,0.750000,0,,NONE,0.000000,4.600060,4.599940
40.864,FOLLOW_LANE,camera lane following,159.500,-0.003125,0.750000,0,,NONE,0.000000,4.600060,4.599940
40.896,FOLLOW_LANE,camera lane following,159.500,-0.003125,0.750000,0,,NONE,0.000000,4.600060,4.599940
40.928,FOLLOW_LANE,camera lane following,159.500,-0.003125,0.750000,0,,NONE,0.000000,4.600060,4.599940
40.960,FOLLOW_LANE,camera lane following,159.500,-0.003125,0.750000,0,,NONE,0.000000,4.600060,4.599940
40.992,FOLLOW_LANE,camera lane following,159.500,-0.003125,0.750000,0,,NONE,0.000000,4.600060,4.599940
41.024,FOLLOW_LANE,camera lane following,159.500,-0.003125,0.750000,0,,NONE,0.000000,4.600060,4.599940
41.056,FOLLOW_LANE,camera lane following,159.500,-0.003125,0.750000,0,,NONE,0.000000,4.600060,4.599940
41.088,FOLLOW_LANE,camera lane following,159.500,-0.003125,0.750000,0,,NONE,0.000000,4.600060,4.599940
41.120,FOLLOW_LANE,camera lane following,159.500,-0.003125,0.750000,0,,NONE,0.000000,4.600060,4.599940
41.152,FOLLOW_LANE,camera lane following,159.500,-0.003125,0.750000,0,,NONE,0.000000,4.600060,4.599940
41.184,FOLLOW_LANE,camera lane following,159.500,-0.003125,0.750000,0,,NONE,0.000000,4.600060,4.599940
41.216,FOLLOW_LANE,camera lane following,159.500,-0.003125,0.750000,0,,NONE,0.000000,4.600060,4.599940
41.248,FOLLOW_LANE,camera lane following,159.500,-0.003125,0.750000,0,,NONE,0.000000,4.600060,4.599940
41.280,FOLLOW_LANE,camera lane following,159.500,-0.003125,0.750000,0,,NONE,0.000000,4.600060,4.599940
41.312,FOLLOW_LANE,camera lane following,159.500,-0.003125,0.750000,0,,NONE,0.000000,4.600060,4.599940
41.344,FOLLOW_LANE,camera lane following,159.500,-0.003125,0.750000,0,,NONE,0.000000,4.600060,4.599940
41.376,FOLLOW_LANE,camera lane following,159.500,-0.003125,0.750000,0,,NONE,0.000000,4.600060,4.599940
41.408,FOLLOW_LANE,camera lane following,159.500,-0.003125,0.750000,0,,NONE,0.000000,4.600060,4.599940
41.440,FOLLOW_LANE,camera lane following,159.500,-0.003125,0.750000,0,,NONE,0.000000,4.600060,4.599940
41.472,FOLLOW_LANE,camera lane following,159.500,-0.003125,0.750000,0,,NONE,0.000000,4.600060,4.599940
41.504,FOLLOW_LANE,camera lane following,159.500,-0.003125,0.750000,0,,NONE,0.000000,4.600060,4.599940
41.536,FOLLOW_LANE,camera lane following,159.500,-0.003125,0.750000,0,,NONE,0.000000,4.600060,4.599940
41.568,FOLLOW_LANE,camera lane following,159.500,-0.003125,0.750000,0,,NONE,0.000000,4.600060,4.599940
41.600,FOLLOW_LANE,camera lane following,159.500,-0.003125,0.750000,0,,NONE,0.000000,4.600060,4.599940
41.632,FOLLOW_LANE,camera lane following,160.000,0.000000,0.750000,0,,NONE,0.000000,4.600060,4.599940
41.664,FOLLOW_LANE,camera lane following,160.000,0.000000,0.750000,0,,NONE,0.000000,4.600060,4.599940
41.696,FOLLOW_LANE,camera lane following,160.000,0.000000,0.750000,0,,NONE,0.000000,4.600060,4.599940
41.728,FOLLOW_LANE,camera lane following,160.000,0.000000,0.750000,0,,NONE,0.000000,4.600060,4.599940
41.760,FOLLOW_LANE,camera lane following,160.000,0.000000,0.750000,0,,NONE,0.000000,4.600060,4.599940
41.792,FOLLOW_LANE,camera lane following,160.000,0.000000,0.750000,0,,NONE,0.000000,4.600060,4.599940
41.824,FOLLOW_LANE,camera lane following,159.500,-0.003125,0.750000,0,,NONE,0.000000,4.600060,4.599940
41.856,FOLLOW_LANE,camera lane following,159.500,-0.003125,0.750000,0,,NONE,0.000000,4.600060,4.599940
41.888,FOLLOW_LANE,camera lane following,159.500,-0.003125,0.750000,0,,NONE,0.000000,4.600060,4.599940
41.920,FOLLOW_LANE,camera lane following,159.500,-0.003125,0.750000,0,,NONE,0.000000,4.600060,4.599940
41.952,FOLLOW_LANE,camera lane following,159.500,-0.003125,0.750000,0,,NONE,0.000000,4.600060,4.599940
41.984,FOLLOW_LANE,camera lane following,160.000,0.000000,0.750000,0,,NONE,0.000000,4.600060,4.599940
42.016,FOLLOW_LANE,camera lane following,160.000,0.000000,0.750000,0,,NONE,0.000000,4.600060,4.599940
42.048,FOLLOW_LANE,camera lane following,160.000,0.000000,0.750000,0,,NONE,0.000000,4.600060,4.599940
42.080,FOLLOW_LANE,camera lane following,160.000,0.000000,0.750000,0,,NONE,0.000000,4.600060,4.599940
42.112,FOLLOW_LANE,camera lane following,160.000,0.000000,0.750000,0,,NONE,0.000000,4.600060,4.599940
42.144,FOLLOW_LANE,camera lane following,160.000,0.000000,0.750000,0,,NONE,0.000000,4.600060,4.599940
42.176,FOLLOW_LANE,camera lane following,160.000,0.000000,0.750000,0,,NONE,0.000000,4.600060,4.599940
42.208,FOLLOW_LANE,camera lane following,160.000,0.000000,0.750000,0,,NONE,0.000000,4.600060,4.599940
42.240,FOLLOW_LANE,camera lane following,160.000,0.000000,0.750000,0,,NONE,0.000000,4.600060,4.599940
42.272,FOLLOW_LANE,camera lane following,160.500,0.003125,0.750000,0,,NONE,0.000000,4.600060,4.599940
42.304,FOLLOW_LANE,camera lane following,160.500,0.003125,0.750000,0,,NONE,0.000000,4.600060,4.599940
42.336,FOLLOW_LANE,camera lane following,160.000,0.000000,0.750000,0,,NONE,0.000000,4.600060,4.599940
42.368,FOLLOW_LANE,camera lane following,159.500,-0.003125,0.750000,0,,NONE,0.000000,4.600060,4.599940
42.400,FOLLOW_LANE,camera lane following,159.750,-0.001563,0.750000,0,,NONE,0.000000,4.600060,4.599940
42.432,FOLLOW_LANE,camera lane following,160.000,0.000000,0.750000,0,,NONE,0.000000,4.600060,4.599940
42.464,FOLLOW_LANE,camera lane following,160.000,0.000000,0.750000,0,,NONE,0.000000,4.600060,4.599940
42.496,FOLLOW_LANE,camera lane following,160.000,0.000000,0.750000,0,,NONE,0.000000,4.600060,4.599940
42.528,FOLLOW_LANE,camera lane following,160.000,0.000000,0.750000,0,,NONE,0.000000,4.600060,4.599940
42.560,FOLLOW_LANE,camera lane following,160.000,0.000000,0.750000,0,,NONE,0.000000,4.600060,4.599940
42.592,FOLLOW_LANE,camera lane following,160.000,0.000000,0.750000,0,,NONE,0.000000,4.600060,4.599940
42.624,FOLLOW_LANE,camera lane following,160.000,0.000000,0.750000,0,,NONE,0.000000,4.600060,4.599940
42.656,FOLLOW_LANE,camera lane following,160.500,0.003125,0.750000,0,,NONE,0.000000,4.600060,4.599940
42.688,FOLLOW_LANE,camera lane following,160.500,0.003125,0.750000,0,,NONE,0.000000,4.600060,4.599940
42.720,FOLLOW_LANE,camera lane following,160.000,0.000000,0.750000,0,,NONE,0.000000,4.600060,4.599940
42.752,FOLLOW_LANE,camera lane following,160.500,0.003125,0.750000,0,,NONE,0.000000,4.600060,4.599940
42.784,FOLLOW_LANE,camera lane following,160.500,0.003125,0.750000,0,,NONE,0.000000,4.600060,4.599940
42.816,FOLLOW_LANE,camera lane following,160.000,0.000000,0.750000,0,,NONE,0.000000,4.600060,4.599940
42.848,FOLLOW_LANE,camera lane following,160.000,0.000000,0.750000,0,,NONE,0.000000,4.600060,4.599940
42.880,FOLLOW_LANE,camera lane following,160.000,0.000000,0.750000,0,,NONE,0.000000,4.600060,4.599940
42.912,FOLLOW_LANE,camera lane following,160.000,0.000000,0.750000,0,,NONE,0.000000,4.600060,4.599940
42.944,FOLLOW_LANE,camera lane following,160.250,0.001563,0.750000,0,,NONE,0.000000,4.600060,4.599940
42.976,FOLLOW_LANE,camera lane following,160.500,0.003125,0.750000,0,,NONE,0.000000,4.600060,4.599940
43.008,FOLLOW_LANE,camera lane following,160.500,0.003125,0.750000,0,,NONE,0.000000,4.600060,4.599940
43.040,FOLLOW_LANE,camera lane following,160.500,0.003125,0.750000,0,,NONE,0.000000,4.600060,4.599940
43.072,FOLLOW_LANE,camera lane following,160.500,0.003125,0.750000,0,,NONE,0.000000,4.600060,4.599940
43.104,FOLLOW_LANE,camera lane following,160.500,0.003125,0.750000,0,,NONE,0.000000,4.600060,4.599940
43.136,FOLLOW_LANE,camera lane following,160.500,0.003125,0.750000,0,,NONE,0.000000,4.600060,4.599940
43.168,FOLLOW_LANE,camera lane following,160.500,0.003125,0.750000,0,,NONE,0.000000,4.600060,4.599940
43.200,FOLLOW_LANE,camera lane following,160.500,0.003125,0.750000,0,,NONE,0.000000,4.600060,4.599940
43.232,FOLLOW_LANE,camera lane following,160.500,0.003125,0.750000,0,,NONE,0.000000,4.600060,4.599940
43.264,FOLLOW_LANE,camera lane following,160.500,0.003125,0.750000,0,,NONE,0.000000,4.600060,4.599940
43.296,FOLLOW_LANE,camera lane following,160.500,0.003125,0.750000,0,,NONE,0.000000,4.600060,4.599940
43.328,FOLLOW_LANE,camera lane following,160.500,0.003125,0.750000,0,,NONE,0.000000,4.600060,4.599940
43.360,FOLLOW_LANE,camera lane following,160.500,0.003125,0.750000,0,,NONE,0.000000,4.600060,4.599940
43.392,FOLLOW_LANE,camera lane following,160.500,0.003125,0.750000,0,,NONE,0.000000,4.600060,4.599940
43.424,FOLLOW_LANE,camera lane following,160.500,0.003125,0.750000,0,,NONE,0.000000,4.600060,4.599940
43.456,FOLLOW_LANE,camera lane following,160.500,0.003125,0.750000,0,,NONE,0.000000,4.600060,4.599940
43.488,FOLLOW_LANE,camera lane following,160.500,0.003125,0.750000,0,,NONE,0.000000,4.600060,4.599940
43.520,FOLLOW_LANE,camera lane following,160.500,0.003125,0.750000,0,,NONE,0.000000,4.600060,4.599940
43.552,FOLLOW_LANE,camera lane following,160.500,0.003125,0.750000,0,,NONE,0.000000,4.600060,4.599940
43.584,FOLLOW_LANE,camera lane following,160.500,0.003125,0.750000,0,,NONE,0.000000,4.600060,4.599940
43.616,FOLLOW_LANE,camera lane following,160.500,0.003125,0.750000,0,,NONE,0.000000,4.600060,4.599940
43.648,FOLLOW_LANE,camera lane following,160.500,0.003125,0.750000,0,,NONE,0.000000,4.600060,4.599940
43.680,FOLLOW_LANE,camera lane following,160.500,0.003125,0.750000,0,,NONE,0.000000,4.600060,4.599940
43.712,FOLLOW_LANE,camera lane following,160.500,0.003125,0.750000,0,,NONE,0.000000,4.600060,4.599940
43.744,FOLLOW_LANE,camera lane following,160.500,0.003125,0.750000,0,,NONE,0.000000,4.600060,4.599940
43.776,FOLLOW_LANE,camera lane following,160.500,0.003125,0.750000,0,,NONE,0.000000,4.600060,4.599940
43.808,FOLLOW_LANE,camera lane following,160.500,0.003125,0.750000,0,,NONE,0.000000,4.600060,4.599940
43.840,FOLLOW_LANE,camera lane following,161.000,0.006250,0.750000,0,,NONE,0.000000,4.665689,4.534311
43.872,FOLLOW_LANE,camera lane following,161.000,0.006250,0.750000,0,,NONE,0.000000,4.650068,4.549932
43.904,FOLLOW_LANE,camera lane following,161.000,0.006250,0.750000,0,,NONE,0.000000,4.650072,4.549928
43.936,FOLLOW_LANE,camera lane following,161.000,0.006250,0.750000,0,,NONE,0.000000,4.650076,4.549924
43.968,FOLLOW_LANE,camera lane following,161.000,0.006250,0.750000,0,,NONE,0.000000,4.650080,4.549920
44.000,FOLLOW_LANE,camera lane following,161.000,0.006250,0.750000,0,,NONE,0.000000,4.650084,4.549916
44.032,FOLLOW_LANE,camera lane following,161.250,0.007812,0.750000,0,,NONE,0.000000,4.666495,4.533505
44.064,FOLLOW_LANE,camera lane following,160.500,0.003125,0.750000,0,,NONE,0.000000,4.580558,4.619442
44.096,FOLLOW_LANE,camera lane following,161.000,0.006250,0.750000,0,,NONE,0.000000,4.665718,4.534282
44.128,FOLLOW_LANE,camera lane following,162.000,0.012500,0.750000,0,,NONE,0.000000,4.715726,4.484274
44.160,FOLLOW_LANE,camera lane following,162.000,0.012500,0.750000,0,,NONE,0.000000,4.700109,4.499891
44.192,FOLLOW_LANE,camera lane following,162.000,0.012500,0.750000,0,,NONE,0.000000,4.700117,4.499883
44.224,FOLLOW_LANE,camera lane following,162.000,0.012500,0.750000,0,,NONE,0.000000,4.700125,4.499875
44.256,FOLLOW_LANE,camera lane following,161.000,0.006250,0.750000,0,,NONE,0.000000,4.634504,4.565496
44.288,FOLLOW_LANE,camera lane following,161.500,0.009375,0.750000,0,,NONE,0.000000,4.682948,4.517052
44.320,FOLLOW_LANE,camera lane following,161.000,0.006250,0.750000,0,,NONE,0.000000,4.642326,4.557673
44.352,FOLLOW_LANE,camera lane following,160.500,0.003125,0.750000,0,,NONE,0.000000,4.584514,4.615486
44.384,FOLLOW_LANE,camera lane following,160.500,0.003125,0.750000,0,,NONE,0.000000,4.600139,4.599861
44.416,FOLLOW_LANE,camera lane following,160.500,0.003125,0.750000,0,,NONE,0.000000,4.600139,4.599861
44.448,FOLLOW_LANE,camera lane following,161.000,0.006250,0.750000,0,,NONE,0.000000,4.665768,4.534232
44.480,FOLLOW_LANE,camera lane following,160.500,0.003125,0.750000,0,,NONE,0.000000,4.584518,4.615482
44.512,FOLLOW_LANE,camera lane following,160.000,0.000000,0.750000,0,,NONE,0.000000,4.600143,4.599857
44.544,FOLLOW_LANE,camera lane following,160.000,0.000000,0.750000,0,,NONE,0.000000,4.600143,4.599857
44.576,FOLLOW_LANE,camera lane following,160.000,0.000000,0.750000,0,,NONE,0.000000,4.600143,4.599857
44.608,FOLLOW_LANE,camera lane following,160.000,0.000000,0.750000,0,,NONE,0.000000,4.600143,4.599857
44.640,FOLLOW_LANE,camera lane following,160.000,0.000000,0.750000,0,,NONE,0.000000,4.600143,4.599857
44.672,FOLLOW_LANE,camera lane following,160.000,0.000000,0.750000,0,,NONE,0.000000,4.600143,4.599857
44.704,FOLLOW_LANE,camera lane following,160.000,0.000000,0.750000,0,,NONE,0.000000,4.600143,4.599857
44.736,FOLLOW_LANE,camera lane following,159.500,-0.003125,0.750000,0,,NONE,0.000000,4.600143,4.599857
44.768,FOLLOW_LANE,camera lane following,159.500,-0.003125,0.750000,0,,NONE,0.000000,4.600143,4.599857
44.800,FOLLOW_LANE,camera lane following,159.500,-0.003125,0.750000,0,,NONE,0.000000,4.600143,4.599857
44.832,FOLLOW_LANE,camera lane following,157.500,-0.015625,0.750000,0,,NONE,0.000000,4.436070,4.763929
44.864,FOLLOW_LANE,camera lane following,157.000,-0.018750,0.750000,0,,NONE,0.000000,4.442308,4.757691
44.896,FOLLOW_LANE,camera lane following,162.500,0.015625,0.750000,0,,NONE,0.000000,4.811068,4.388931
44.928,FOLLOW_LANE,camera lane following,158.500,-0.009375,0.750000,0,,NONE,0.000000,4.462625,4.737375
44.960,FOLLOW_LANE,camera lane following,158.500,-0.009375,0.750000,0,,NONE,0.000000,4.525119,4.674881
44.992,FOLLOW_LANE,camera lane following,158.000,-0.012500,0.750000,0,,NONE,0.000000,4.492298,4.707701
45.024,FOLLOW_LANE,camera lane following,157.500,-0.015625,0.750000,0,,NONE,0.000000,4.467288,4.732711
45.056,FOLLOW_LANE,camera lane following,157.000,-0.018750,0.750000,0,,NONE,0.000000,4.442276,4.757723
45.088,FOLLOW_LANE,camera lane following,156.500,-0.021875,0.750000,0,,NONE,0.000000,4.417262,4.782737
45.120,FOLLOW_LANE,camera lane following,156.500,-0.021875,0.750000,0,,NONE,0.000000,4.425061,4.774939
45.152,FOLLOW_LANE,camera lane following,155.500,-0.028125,0.750000,0,,NONE,0.000000,4.359418,4.840582
45.184,FOLLOW_LANE,camera lane following,155.000,-0.031250,0.750000,0,,NONE,0.000000,4.342210,4.857789
45.216,FOLLOW_LANE,camera lane following,154.500,-0.034375,0.750000,0,,NONE,0.000000,4.317188,4.882811
45.248,FOLLOW_LANE,camera lane following,154.000,-0.037500,0.750000,0,,NONE,0.000000,4.292164,4.907836
45.280,FOLLOW_LANE,camera lane following,153.000,-0.043750,0.750000,0,,NONE,0.000000,4.234324,4.965676
45.312,FOLLOW_LANE,camera lane following,152.000,-0.050000,0.750000,0,,NONE,0.000000,4.184292,5.015708
45.344,FOLLOW_LANE,camera lane following,151.000,-0.056250,0.750000,0,,NONE,0.000000,4.134256,5.065744
45.376,FOLLOW_LANE,camera lane following,150.000,-0.062500,0.750000,0,,NONE,0.000000,4.084216,5.115784
45.408,FOLLOW_LANE,camera lane following,149.000,-0.068750,0.750000,0,,NONE,0.000000,4.034172,5.165828
45.440,FOLLOW_LANE,camera lane following,148.000,-0.075000,0.750000,0,,NONE,0.000000,3.984124,5.215876
45.472,FOLLOW_LANE,camera lane following,148.000,-0.075000,0.750000,0,,NONE,0.000000,3.999701,5.200299
45.504,FOLLOW_LANE,camera lane following,147.500,-0.078125,0.750000,0,,NONE,0.000000,3.966838,5.233161
45.536,FOLLOW_LANE,camera lane following,147.500,-0.078125,0.750000,0,,NONE,0.000000,3.974601,5.225399
45.568,FOLLOW_LANE,camera lane following,147.500,-0.078125,0.750000,0,,NONE,0.000000,3.974551,5.225449
45.600,FOLLOW_LANE,camera lane following,146.500,-0.084375,0.750000,0,,NONE,0.000000,3.908872,5.291128
45.632,FOLLOW_LANE,camera lane following,149.000,-0.068750,0.750000,0,,NONE,0.000000,4.088515,5.111484
45.664,FOLLOW_LANE,camera lane following,155.000,-0.031250,0.750000,0,,NONE,0.000000,4.443183,4.756817
45.696,FOLLOW_LANE,camera lane following,153.000,-0.043750,0.750000,0,,NONE,0.000000,4.218155,4.981845
45.728,FOLLOW_LANE,camera lane following,152.000,-0.050000,0.750000,0,,NONE,0.000000,4.183748,5.016252
45.760,FOLLOW_LANE,camera lane following,152.500,-0.046875,0.750000,0,,NONE,0.000000,4.232155,4.967844
45.792,FOLLOW_LANE,camera lane following,154.500,-0.034375,0.750000,0,,NONE,0.000000,4.355571,4.844429
45.824,FOLLOW_LANE,camera lane following,152.500,-0.046875,0.750000,0,,NONE,0.000000,4.193041,5.006959
45.856,FOLLOW_LANE,camera lane following,147.500,-0.078125,0.750000,0,,NONE,0.000000,3.896116,5.303884
45.888,FOLLOW_LANE,camera lane following,146.500,-0.084375,0.750000,0,,NONE,0.000000,3.908562,5.291438
45.920,FOLLOW_LANE,camera lane following,146.000,-0.087500,0.750000,0,,NONE,0.000000,3.891318,5.308681
45.952,FOLLOW_LANE,camera lane following,146.500,-0.084375,0.750000,0,,NONE,0.000000,3.931889,5.268110
45.984,FOLLOW_LANE,camera lane following,146.500,-0.084375,0.750000,0,,NONE,0.000000,3.924023,5.275977
46.016,FOLLOW_LANE,camera lane following,146.500,-0.084375,0.750000,0,,NONE,0.000000,3.923969,5.276031
46.048,FOLLOW_LANE,camera lane following,147.000,-0.081250,0.750000,0,,NONE,0.000000,3.956729,5.243270
46.080,FOLLOW_LANE,camera lane following,147.000,-0.081250,0.750000,0,,NONE,0.000000,3.948865,5.251135
46.112,FOLLOW_LANE,camera lane following,147.500,-0.078125,0.750000,0,,NONE,0.000000,3.981627,5.218372
46.144,FOLLOW_LANE,camera lane following,148.500,-0.071875,0.750000,0,,NONE,0.000000,4.039394,5.160606
46.176,FOLLOW_LANE,camera lane following,149.500,-0.065625,0.750000,0,,NONE,0.000000,4.089352,5.110648
46.208,FOLLOW_LANE,camera lane following,150.500,-0.059375,0.750000,0,,NONE,0.000000,4.139314,5.060686
46.240,FOLLOW_LANE,camera lane following,151.000,-0.056250,0.750000,0,,NONE,0.000000,4.156465,5.043534
46.272,FOLLOW_LANE,camera lane following,151.500,-0.053125,0.750000,0,,NONE,0.000000,4.181431,5.018568
46.304,FOLLOW_LANE,camera lane following,152.000,-0.050000,0.750000,0,,NONE,0.000000,4.206399,4.993600
46.336,FOLLOW_LANE,camera lane following,153.000,-0.043750,0.750000,0,,NONE,0.000000,4.264184,4.935816
46.368,FOLLOW_LANE,camera lane following,153.500,-0.040625,0.750000,0,,NONE,0.000000,4.281345,4.918654
46.400,FOLLOW_LANE,camera lane following,153.500,-0.040625,0.750000,0,,NONE,0.000000,4.273507,4.926493
46.432,FOLLOW_LANE,camera lane following,157.500,-0.015625,0.750000,0,,NONE,0.000000,4.535997,4.664003
46.464,FOLLOW_LANE,camera lane following,156.000,-0.025000,0.750000,0,,NONE,0.000000,4.375043,4.824956
46.496,FOLLOW_LANE,camera lane following,156.500,-0.021875,0.750000,0,,NONE,0.000000,4.431279,4.768720
46.528,FOLLOW_LANE,camera lane following,157.000,-0.018750,0.750000,0,,NONE,0.000000,4.456268,4.743732
46.560,FOLLOW_LANE,camera lane following,156.000,-0.025000,0.750000,0,,NONE,0.000000,4.382814,4.817186
46.592,FOLLOW_LANE,camera lane following,154.000,-0.037500,0.750000,0,,NONE,0.000000,4.267165,4.932835
46.624,FOLLOW_LANE,camera lane following,154.500,-0.034375,0.750000,0,,NONE,0.000000,4.331205,4.868794
46.656,FOLLOW_LANE,camera lane following,153.500,-0.040625,0.750000,0,,NONE,0.000000,4.257742,4.942258
46.688,FOLLOW_LANE,camera lane following,153.500,-0.040625,0.750000,0,,NONE,0.000000,4.273341,4.926659
46.720,FOLLOW_LANE,camera lane following,153.500,-0.040625,0.750000,0,,NONE,0.000000,4.273315,4.926685
46.752,FOLLOW_LANE,camera lane following,153.000,-0.043750,0.750000,0,,NONE,0.000000,4.240474,4.959525
46.784,FOLLOW_LANE,camera lane following,153.000,-0.043750,0.750000,0,,NONE,0.000000,4.248259,4.951741
46.816,FOLLOW_LANE,camera lane following,152.500,-0.046875,0.750000,0,,NONE,0.000000,4.215416,4.984583
46.848,FOLLOW_LANE,camera lane following,152.500,-0.046875,0.750000,0,,NONE,0.000000,4.223199,4.976801
46.880,FOLLOW_LANE,camera lane following,152.500,-0.046875,0.750000,0,,NONE,0.000000,4.223169,4.976831
46.912,FOLLOW_LANE,camera lane following,152.500,-0.046875,0.750000,0,,NONE,0.000000,4.223139,4.976861
46.944,FOLLOW_LANE,camera lane following,153.000,-0.043750,0.750000,0,,NONE,0.000000,4.255923,4.944076
46.976,FOLLOW_LANE,camera lane following,153.000,-0.043750,0.750000,0,,NONE,0.000000,4.248083,4.951917
47.008,FOLLOW_LANE,camera lane following,153.000,-0.043750,0.750000,0,,NONE,0.000000,4.248055,4.951945
47.040,FOLLOW_LANE,camera lane following,153.500,-0.040625,0.750000,0,,NONE,0.000000,4.280841,4.919158
47.072,FOLLOW_LANE,camera lane following,153.500,-0.040625,0.750000,0,,NONE,0.000000,4.273003,4.926997
47.104,FOLLOW_LANE,camera lane following,154.000,-0.037500,0.750000,0,,NONE,0.000000,4.305791,4.894208
47.136,FOLLOW_LANE,camera lane following,155.000,-0.031250,0.750000,0,,NONE,0.000000,4.363584,4.836416
47.168,FOLLOW_LANE,camera lane following,154.500,-0.034375,0.750000,0,,NONE,0.000000,4.315124,4.884875
47.200,FOLLOW_LANE,camera lane following,157.000,-0.018750,0.750000,0,,NONE,0.000000,4.486987,4.713012
47.232,FOLLOW_LANE,camera lane following,156.500,-0.021875,0.750000,0,,NONE,0.000000,4.415099,4.784901
47.264,FOLLOW_LANE,camera lane following,157.000,-0.018750,0.750000,0,,NONE,0.000000,4.455711,4.744288
47.296,FOLLOW_LANE,camera lane following,156.500,-0.021875,0.750000,0,,NONE,0.000000,4.415072,4.784927
47.328,FOLLOW_LANE,camera lane following,156.000,-0.025000,0.750000,0,,NONE,0.000000,4.390057,4.809943
47.360,FOLLOW_LANE,camera lane following,154.500,-0.034375,0.750000,0,,NONE,0.000000,4.299409,4.900590
47.392,FOLLOW_LANE,camera lane following,154.500,-0.034375,0.750000,0,,NONE,0.000000,4.322825,4.877175
47.424,FOLLOW_LANE,camera lane following,154.000,-0.037500,0.750000,0,,NONE,0.000000,4.289988,4.910011
47.456,FOLLOW_LANE,camera lane following,153.500,-0.040625,0.750000,0,,NONE,0.000000,4.264962,4.935037
47.488,FOLLOW_LANE,camera lane following,153.000,-0.043750,0.750000,0,,NONE,0.000000,4.239934,4.960065
47.520,FOLLOW_LANE,camera lane following,153.500,-0.040625,0.750000,0,,NONE,0.000000,4.280533,4.919466
47.552,FOLLOW_LANE,camera lane following,152.500,-0.046875,0.750000,0,,NONE,0.000000,4.207066,4.992934
47.584,FOLLOW_LANE,camera lane following,153.000,-0.043750,0.750000,0,,NONE,0.000000,4.255475,4.944524
47.616,FOLLOW_LANE,camera lane following,152.500,-0.046875,0.750000,0,,NONE,0.000000,4.214821,4.985179
47.648,FOLLOW_LANE,camera lane following,152.500,-0.046875,0.750000,0,,NONE,0.000000,4.222603,4.977397
47.680,FOLLOW_LANE,camera lane following,152.500,-0.046875,0.750000,0,,NONE,0.000000,4.222573,4.977427
47.712,FOLLOW_LANE,camera lane following,152.500,-0.046875,0.750000,0,,NONE,0.000000,4.222543,4.977457
47.744,FOLLOW_LANE,camera lane following,153.000,-0.043750,0.750000,0,,NONE,0.000000,4.255327,4.944672
47.776,FOLLOW_LANE,camera lane following,153.000,-0.043750,0.750000,0,,NONE,0.000000,4.247487,4.952513
47.808,FOLLOW_LANE,camera lane following,153.000,-0.043750,0.750000,0,,NONE,0.000000,4.247459,4.952541
47.840,FOLLOW_LANE,camera lane following,153.500,-0.040625,0.750000,0,,NONE,0.000000,4.280245,4.919754
47.872,FOLLOW_LANE,camera lane following,153.500,-0.040625,0.750000,0,,NONE,0.000000,4.272407,4.927593
47.904,FOLLOW_LANE,camera lane following,154.500,-0.034375,0.750000,0,,NONE,0.000000,4.338010,4.861990
47.936,FOLLOW_LANE,camera lane following,154.000,-0.037500,0.750000,0,,NONE,0.000000,4.289548,4.910451
47.968,FOLLOW_LANE,camera lane following,155.500,-0.028125,0.750000,0,,NONE,0.000000,4.395780,4.804219
48.000,FOLLOW_LANE,camera lane following,156.000,-0.025000,0.750000,0,,NONE,0.000000,4.405139,4.794860
48.032,FOLLOW_LANE,camera lane following,156.500,-0.021875,0.750000,0,,NONE,0.000000,4.430125,4.769874
48.064,FOLLOW_LANE,camera lane following,157.000,-0.018750,0.750000,0,,NONE,0.000000,4.455113,4.744886
48.096,FOLLOW_LANE,camera lane following,156.500,-0.021875,0.750000,0,,NONE,0.000000,4.414474,4.785525
48.128,FOLLOW_LANE,camera lane following,154.500,-0.034375,0.750000,0,,NONE,0.000000,4.291015,4.908985
48.160,FOLLOW_LANE,camera lane following,154.000,-0.037500,0.750000,0,,NONE,0.000000,4.289428,4.910571
48.192,FOLLOW_LANE,camera lane following,153.500,-0.040625,0.750000,0,,NONE,0.000000,4.264402,4.935598
48.224,FOLLOW_LANE,camera lane following,153.000,-0.043750,0.750000,0,,NONE,0.000000,4.239374,4.960625
48.256,FOLLOW_LANE,camera lane following,152.500,-0.046875,0.750000,0,,NONE,0.000000,4.214344,4.985656
48.288,FOLLOW_LANE,camera lane following,152.500,-0.046875,0.750000,0,,NONE,0.000000,4.222127,4.977873
48.320,FOLLOW_LANE,camera lane following,152.000,-0.050000,0.750000,0,,NONE,0.000000,4.189283,5.010717
48.352,FOLLOW_LANE,camera lane following,151.500,-0.053125,0.750000,0,,NONE,0.000000,4.164248,5.035751
48.384,FOLLOW_LANE,camera lane following,151.500,-0.053125,0.750000,0,,NONE,0.000000,4.172027,5.027973
48.416,FOLLOW_LANE,camera lane following,151.500,-0.053125,0.750000,0,,NONE,0.000000,4.171993,5.028007
48.448,FOLLOW_LANE,camera lane following,151.500,-0.053125,0.750000,0,,NONE,0.000000,4.171959,5.028041
48.480,FOLLOW_LANE,camera lane following,151.500,-0.053125,0.750000,0,,NONE,0.000000,4.171925,5.028075
48.512,FOLLOW_LANE,camera lane following,152.000,-0.050000,0.750000,0,,NONE,0.000000,4.204705,4.995294
48.544,FOLLOW_LANE,camera lane following,152.500,-0.046875,0.750000,0,,NONE,0.000000,4.229675,4.970324
48.576,FOLLOW_LANE,camera lane following,153.000,-0.043750,0.750000,0,,NONE,0.000000,4.254647,4.945352
48.608,FOLLOW_LANE,camera lane following,153.000,-0.043750,0.750000,0,,NONE,0.000000,4.246807,4.953193
48.640,FOLLOW_LANE,camera lane following,153.500,-0.040625,0.750000,0,,NONE,0.000000,4.279593,4.920406
48.672,FOLLOW_LANE,camera lane following,154.000,-0.037500,0.750000,0,,NONE,0.000000,4.304569,4.895430
48.704,FOLLOW_LANE,camera lane following,153.500,-0.040625,0.750000,0,,NONE,0.000000,4.263918,4.936081
48.736,FOLLOW_LANE,camera lane following,155.000,-0.031250,0.750000,0,,NONE,0.000000,4.370148,4.829851
48.768,FOLLOW_LANE,camera lane following,159.000,-0.006250,0.750000,0,,NONE,0.000000,4.609207,4.590793
48.800,FOLLOW_LANE,camera lane following,155.500,-0.028125,0.750000,0,,NONE,0.000000,4.317001,4.882998
48.832,FOLLOW_LANE,camera lane following,156.500,-0.021875,0.750000,0,,NONE,0.000000,4.437300,4.762700
48.864,FOLLOW_LANE,camera lane following,156.500,-0.021875,0.750000,0,,NONE,0.000000,4.421661,4.778339
48.896,FOLLOW_LANE,camera lane following,155.000,-0.031250,0.750000,0,,NONE,0.000000,4.323203,4.876796
48.928,FOLLOW_LANE,camera lane following,154.000,-0.037500,0.750000,0,,NONE,0.000000,4.280992,4.919008
48.960,FOLLOW_LANE,camera lane following,153.500,-0.040625,0.750000,0,,NONE,0.000000,4.263778,4.936221
48.992,FOLLOW_LANE,camera lane following,153.000,-0.043750,0.750000,0,,NONE,0.000000,4.238751,4.961249
49.024,FOLLOW_LANE,camera lane following,153.000,-0.043750,0.750000,0,,NONE,0.000000,4.246535,4.953465
49.056,FOLLOW_LANE,camera lane following,152.500,-0.046875,0.750000,0,,NONE,0.000000,4.213692,4.986307
49.088,FOLLOW_LANE,camera lane following,152.000,-0.050000,0.750000,0,,NONE,0.000000,4.188660,5.011340
49.120,FOLLOW_LANE,camera lane following,152.000,-0.050000,0.750000,0,,NONE,0.000000,4.196441,5.003559
49.152,FOLLOW_LANE,camera lane following,152.000,-0.050000,0.750000,0,,NONE,0.000000,4.196409,5.003591
49.184,FOLLOW_LANE,camera lane following,152.000,-0.050000,0.750000,0,,NONE,0.000000,4.196377,5.003623
49.216,FOLLOW_LANE,camera lane following,152.000,-0.050000,0.750000,0,,NONE,0.000000,4.196345,5.003655
49.248,FOLLOW_LANE,camera lane following,152.500,-0.046875,0.750000,0,,NONE,0.000000,4.229127,4.970872
49.280,FOLLOW_LANE,camera lane following,152.500,-0.046875,0.750000,0,,NONE,0.000000,4.221285,4.978715
49.312,FOLLOW_LANE,camera lane following,152.500,-0.046875,0.750000,0,,NONE,0.000000,4.221255,4.978745
49.344,FOLLOW_LANE,camera lane following,153.000,-0.043750,0.750000,0,,NONE,0.000000,4.254039,4.945960
49.376,FOLLOW_LANE,camera lane following,153.000,-0.043750,0.750000,0,,NONE,0.000000,4.246199,4.953801
49.408,FOLLOW_LANE,camera lane following,153.500,-0.040625,0.750000,0,,NONE,0.000000,4.278985,4.921015
49.440,FOLLOW_LANE,camera lane following,154.000,-0.037500,0.750000,0,,NONE,0.000000,4.303961,4.896038
49.472,FOLLOW_LANE,camera lane following,153.500,-0.040625,0.750000,0,,NONE,0.000000,4.263310,4.936689
49.504,FOLLOW_LANE,camera lane following,155.000,-0.031250,0.750000,0,,NONE,0.000000,4.369540,4.830459
49.536,FOLLOW_LANE,camera lane following,159.000,-0.006250,0.750000,0,,NONE,0.000000,4.608599,4.591401
49.568,FOLLOW_LANE,camera lane following,155.500,-0.028125,0.750000,0,,NONE,0.000000,4.316393,4.883606
49.600,FOLLOW_LANE,camera lane following,156.000,-0.025000,0.750000,0,,NONE,0.000000,4.403877,4.796123
49.632,FOLLOW_LANE,camera lane following,156.500,-0.021875,0.750000,0,,NONE,0.000000,4.428863,4.771136
49.664,FOLLOW_LANE,camera lane following,155.000,-0.031250,0.750000,0,,NONE,0.000000,4.322593,4.877406
49.696,FOLLOW_LANE,camera lane following,154.000,-0.037500,0.750000,0,,NONE,0.000000,4.280382,4.919618
49.728,FOLLOW_LANE,camera lane following,153.500,-0.040625,0.750000,0,,NONE,0.000000,4.263168,4.936831
49.760,FOLLOW_LANE,camera lane following,153.000,-0.043750,0.750000,0,,NONE,0.000000,4.238141,4.961859
49.792,FOLLOW_LANE,camera lane following,153.000,-0.043750,0.750000,0,,NONE,0.000000,4.245925,4.954075
49.824,FOLLOW_LANE,camera lane following,152.500,-0.046875,0.750000,0,,NONE,0.000000,4.213082,4.986917
49.856,FOLLOW_LANE,camera lane following,152.000,-0.050000,0.750000,0,,NONE,0.000000,4.188050,5.011950
49.888,FOLLOW_LANE,camera lane following,152.000,-0.050000,0.750000,0,,NONE,0.000000,4.195831,5.004169
49.920,FOLLOW_LANE,camera lane following,152.000,-0.050000,0.750000,0,,NONE,0.000000,4.195799,5.004201
49.952,FOLLOW_LANE,camera lane following,151.500,-0.053125,0.750000,0,,NONE,0.000000,4.162952,5.037047
49.984,FOLLOW_LANE,camera lane following,152.000,-0.050000,0.750000,0,,NONE,0.000000,4.203545,4.996454
50.016,FOLLOW_LANE,camera lane following,152.500,-0.046875,0.750000,0,,NONE,0.000000,4.228515,4.971484
50.048,FOLLOW_LANE,camera lane following,152.500,-0.046875,0.750000,0,,NONE,0.000000,4.220673,4.979327
50.080,FOLLOW_LANE,camera lane following,152.500,-0.046875,0.750000,0,,NONE,0.000000,4.220643,4.979357
50.112,FOLLOW_LANE,camera lane following,153.000,-0.043750,0.750000,0,,NONE,0.000000,4.253427,4.946572
50.144,FOLLOW_LANE,camera lane following,153.000,-0.043750,0.750000,0,,NONE,0.000000,4.245587,4.954413
50.176,FOLLOW_LANE,camera lane following,153.500,-0.040625,0.750000,0,,NONE,0.000000,4.278373,4.921626
50.208,FOLLOW_LANE,camera lane following,154.000,-0.037500,0.750000,0,,NONE,0.000000,4.303349,4.896650
50.240,FOLLOW_LANE,camera lane following,154.000,-0.037500,0.750000,0,,NONE,0.000000,4.295513,4.904487
50.272,FOLLOW_LANE,camera lane following,154.500,-0.034375,0.750000,0,,NONE,0.000000,4.328303,4.871696
50.304,FOLLOW_LANE,camera lane following,159.000,-0.006250,0.750000,0,,NONE,0.000000,4.615799,4.584200
50.336,FOLLOW_LANE,camera lane following,156.000,-0.025000,0.750000,0,,NONE,0.000000,4.348596,4.851404
50.368,FOLLOW_LANE,camera lane following,156.500,-0.021875,0.750000,0,,NONE,0.000000,4.428269,4.771730
50.400,FOLLOW_LANE,camera lane following,157.000,-0.018750,0.750000,0,,NONE,0.000000,4.453257,4.746742
50.432,FOLLOW_LANE,camera lane following,156.000,-0.025000,0.750000,0,,NONE,0.000000,4.379804,4.820196
50.464,FOLLOW_LANE,camera lane following,154.500,-0.034375,0.750000,0,,NONE,0.000000,4.296969,4.903030
50.496,FOLLOW_LANE,camera lane following,154.000,-0.037500,0.750000,0,,NONE,0.000000,4.287570,4.912430
50.528,FOLLOW_LANE,camera lane following,153.500,-0.040625,0.750000,0,,NONE,0.000000,4.262544,4.937455
50.560,FOLLOW_LANE,camera lane following,153.500,-0.040625,0.750000,0,,NONE,0.000000,4.270331,4.929669
50.592,FOLLOW_LANE,camera lane following,153.000,-0.043750,0.750000,0,,NONE,0.000000,4.237490,4.962509
50.624,FOLLOW_LANE,camera lane following,152.500,-0.046875,0.750000,0,,NONE,0.000000,4.212460,4.987539
50.656,FOLLOW_LANE,camera lane following,152.500,-0.046875,0.750000,0,,NONE,0.000000,4.220243,4.979757
50.688,FOLLOW_LANE,camera lane following,152.500,-0.046875,0.750000,0,,NONE,0.000000,4.220213,4.979787
50.720,FOLLOW_LANE,camera lane following,152.000,-0.050000,0.750000,0,,NONE,0.000000,4.187368,5.012631
50.752,FOLLOW_LANE,camera lane following,152.000,-0.050000,0.750000,0,,NONE,0.000000,4.195149,5.004851
50.784,FOLLOW_LANE,camera lane following,152.000,-0.050000,0.750000,0,,NONE,0.000000,4.195117,5.004883
50.816,FOLLOW_LANE,camera lane following,152.500,-0.046875,0.750000,0,,NONE,0.000000,4.227899,4.972100
50.848,FOLLOW_LANE,camera lane following,152.500,-0.046875,0.750000,0,,NONE,0.000000,4.220057,4.979943
50.880,FOLLOW_LANE,camera lane following,152.500,-0.046875,0.750000,0,,NONE,0.000000,4.220027,4.979973
50.912,FOLLOW_LANE,camera lane following,153.000,-0.043750,0.750000,0,,NONE,0.000000,4.252811,4.947188
50.944,FOLLOW_LANE,camera lane following,153.500,-0.040625,0.750000,0,,NONE,0.000000,4.277785,4.922214
50.976,FOLLOW_LANE,camera lane following,154.000,-0.037500,0.750000,0,,NONE,0.000000,4.302761,4.897238
51.008,FOLLOW_LANE,camera lane following,154.000,-0.037500,0.750000,0,,NONE,0.000000,4.294925,4.905075
51.040,FOLLOW_LANE,camera lane following,154.000,-0.037500,0.750000,0,,NONE,0.000000,4.294901,4.905099
51.072,FOLLOW_LANE,camera lane following,159.500,-0.003125,0.750000,0,,NONE,0.000000,4.688651,4.511349
51.104,FOLLOW_LANE,camera lane following,156.000,-0.025000,0.750000,0,,NONE,0.000000,4.332385,4.867615
51.136,FOLLOW_LANE,camera lane following,156.500,-0.021875,0.750000,0,,NONE,0.000000,4.427683,4.772316
51.168,FOLLOW_LANE,camera lane following,157.000,-0.018750,0.750000,0,,NONE,0.000000,4.452671,4.747329
51.200,FOLLOW_LANE,camera lane following,156.500,-0.021875,0.750000,0,,NONE,0.000000,4.412032,4.787967
51.232,FOLLOW_LANE,camera lane following,154.500,-0.034375,0.750000,0,,NONE,0.000000,4.288573,4.911427
51.264,FOLLOW_LANE,camera lane following,154.000,-0.037500,0.750000,0,,NONE,0.000000,4.286986,4.913013
51.296,FOLLOW_LANE,camera lane following,153.500,-0.040625,0.750000,0,,NONE,0.000000,4.261960,4.938039
51.328,FOLLOW_LANE,camera lane following,153.000,-0.043750,0.750000,0,,NONE,0.000000,4.236932,4.963067
51.360,FOLLOW_LANE,camera lane following,152.500,-0.046875,0.750000,0,,NONE,0.000000,4.211902,4.988097
51.392,FOLLOW_LANE,camera lane following,152.000,-0.050000,0.750000,0,,NONE,0.000000,4.186870,5.013129
51.424,FOLLOW_LANE,camera lane following,151.500,-0.053125,0.750000,0,,NONE,0.000000,4.161836,5.038163
51.456,FOLLOW_LANE,camera lane following,151.500,-0.053125,0.750000,0,,NONE,0.000000,4.169615,5.030385
51.488,FOLLOW_LANE,camera lane following,151.000,-0.056250,0.750000,0,,NONE,0.000000,4.136766,5.063233
51.520,FOLLOW_LANE,camera lane following,151.500,-0.053125,0.750000,0,,NONE,0.000000,4.177357,5.022642
51.552,FOLLOW_LANE,camera lane following,151.500,-0.053125,0.750000,0,,NONE,0.000000,4.169511,5.030489
51.584,FOLLOW_LANE,camera lane following,151.500,-0.053125,0.750000,0,,NONE,0.000000,4.169477,5.030523
51.616,FOLLOW_LANE,camera lane following,151.500,-0.053125,0.750000,0,,NONE,0.000000,4.169443,5.030557
51.648,FOLLOW_LANE,camera lane following,152.000,-0.050000,0.750000,0,,NONE,0.000000,4.202223,4.997776
51.680,FOLLOW_LANE,camera lane following,152.500,-0.046875,0.750000,0,,NONE,0.000000,4.227193,4.972806
51.712,FOLLOW_LANE,camera lane following,152.000,-0.050000,0.750000,0,,NONE,0.000000,4.186536,5.013463
51.744,FOLLOW_LANE,camera lane following,152.500,-0.046875,0.750000,0,,NONE,0.000000,4.227131,4.972868
51.776,FOLLOW_LANE,camera lane following,153.500,-0.040625,0.750000,0,,NONE,0.000000,4.284918,4.915082
51.808,FOLLOW_LANE,camera lane following,153.000,-0.043750,0.750000,0,,NONE,0.000000,4.236452,4.963547
51.840,FOLLOW_LANE,camera lane following,156.500,-0.021875,0.750000,0,,NONE,0.000000,4.473939,4.726061
51.872,FOLLOW_LANE,camera lane following,155.500,-0.028125,0.750000,0,,NONE,0.000000,4.353608,4.846392
51.904,FOLLOW_LANE,camera lane following,156.000,-0.025000,0.750000,0,,NONE,0.000000,4.402029,4.797970
51.936,FOLLOW_LANE,camera lane following,156.500,-0.021875,0.750000,0,,NONE,0.000000,4.427015,4.772984
51.968,FOLLOW_LANE,camera lane following,156.000,-0.025000,0.750000,0,,NONE,0.000000,4.386374,4.813625
52.000,FOLLOW_LANE,camera lane following,154.500,-0.034375,0.750000,0,,NONE,0.000000,4.295727,4.904272
52.032,FOLLOW_LANE,camera lane following,154.000,-0.037500,0.750000,0,,NONE,0.000000,4.286328,4.913671
52.064,FOLLOW_LANE,camera lane following,153.000,-0.043750,0.750000,0,,NONE,0.000000,4.228488,4.971512
52.096,FOLLOW_LANE,camera lane following,152.500,-0.046875,0.750000,0,,NONE,0.000000,4.211270,4.988729
52.128,FOLLOW_LANE,camera lane following,152.500,-0.046875,0.750000,0,,NONE,0.000000,4.219053,4.980947
52.160,FOLLOW_LANE,camera lane following,152.000,-0.050000,0.750000,0,,NONE,0.000000,4.186208,5.013791
52.192,FOLLOW_LANE,camera lane following,152.000,-0.050000,0.750000,0,,NONE,0.000000,4.193989,5.006011
52.224,FOLLOW_LANE,camera lane following,152.000,-0.050000,0.750000,0,,NONE,0.000000,4.193957,5.006043
52.256,FOLLOW_LANE,camera lane following,152.000,-0.050000,0.750000,0,,NONE,0.000000,4.193925,5.006075
52.288,FOLLOW_LANE,camera lane following,152.000,-0.050000,0.750000,0,,NONE,0.000000,4.193893,5.006107
52.320,FOLLOW_LANE,camera lane following,152.000,-0.050000,0.750000,0,,NONE,0.000000,4.193861,5.006139
52.352,FOLLOW_LANE,camera lane following,152.000,-0.050000,0.750000,0,,NONE,0.000000,4.193829,5.006171
52.384,FOLLOW_LANE,camera lane following,152.000,-0.050000,0.750000,0,,NONE,0.000000,4.193797,5.006203
52.416,FOLLOW_LANE,camera lane following,152.500,-0.046875,0.750000,0,,NONE,0.000000,4.226579,4.973420
52.448,FOLLOW_LANE,camera lane following,152.500,-0.046875,0.750000,0,,NONE,0.000000,4.218737,4.981263
52.480,FOLLOW_LANE,camera lane following,152.500,-0.046875,0.750000,0,,NONE,0.000000,4.218707,4.981293
52.512,FOLLOW_LANE,camera lane following,153.500,-0.040625,0.750000,0,,NONE,0.000000,4.284306,4.915694
52.544,FOLLOW_LANE,camera lane following,154.000,-0.037500,0.750000,0,,NONE,0.000000,4.301469,4.898530
52.576,FOLLOW_LANE,camera lane following,153.500,-0.040625,0.750000,0,,NONE,0.000000,4.260818,4.939182
52.608,FOLLOW_LANE,camera lane following,156.500,-0.021875,0.750000,0,,NONE,0.000000,4.465492,4.734508
52.640,FOLLOW_LANE,camera lane following,155.500,-0.028125,0.750000,0,,NONE,0.000000,4.352974,4.847026
52.672,FOLLOW_LANE,camera lane following,155.500,-0.028125,0.750000,0,,NONE,0.000000,4.368581,4.831419
52.704,FOLLOW_LANE,camera lane following,156.000,-0.025000,0.750000,0,,NONE,0.000000,4.401377,4.798622
52.736,FOLLOW_LANE,camera lane following,155.000,-0.031250,0.750000,0,,NONE,0.000000,4.327920,4.872080
52.768,FOLLOW_LANE,camera lane following,154.500,-0.034375,0.750000,0,,NONE,0.000000,4.310710,4.889289
52.800,FOLLOW_LANE,camera lane following,154.000,-0.037500,0.750000,0,,NONE,0.000000,4.285686,4.914313
52.832,FOLLOW_LANE,camera lane following,154.000,-0.037500,0.750000,0,,NONE,0.000000,4.293475,4.906525
52.864,FOLLOW_LANE,camera lane following,153.500,-0.040625,0.750000,0,,NONE,0.000000,4.260636,4.939363
52.896,FOLLOW_LANE,camera lane following,153.500,-0.040625,0.750000,0,,NONE,0.000000,4.268423,4.931577
52.928,FOLLOW_LANE,camera lane following,154.000,-0.037500,0.750000,0,,NONE,0.000000,4.301211,4.898788
52.960,FOLLOW_LANE,camera lane following,153.500,-0.040625,0.750000,0,,NONE,0.000000,4.260560,4.939439
52.992,FOLLOW_LANE,camera lane following,153.500,-0.040625,0.750000,0,,NONE,0.000000,4.268347,4.931653
53.024,FOLLOW_LANE,camera lane following,153.500,-0.040625,0.750000,0,,NONE,0.000000,4.268321,4.931679
53.056,FOLLOW_LANE,camera lane following,153.500,-0.040625,0.750000,0,,NONE,0.000000,4.268295,4.931705
53.088,FOLLOW_LANE,camera lane following,153.500,-0.040625,0.750000,0,,NONE,0.000000,4.268269,4.931731
53.120,FOLLOW_LANE,camera lane following,154.000,-0.037500,0.750000,0,,NONE,0.000000,4.301057,4.898942
53.152,FOLLOW_LANE,camera lane following,154.000,-0.037500,0.750000,0,,NONE,0.000000,4.293221,4.906779
53.184,FOLLOW_LANE,camera lane following,154.000,-0.037500,0.750000,0,,NONE,0.000000,4.293197,4.906803
53.216,FOLLOW_LANE,camera lane following,154.000,-0.037500,0.750000,0,,NONE,0.000000,4.293173,4.906827
53.248,FOLLOW_LANE,camera lane following,154.500,-0.034375,0.750000,0,,NONE,0.000000,4.325963,4.874036
53.280,FOLLOW_LANE,camera lane following,154.500,-0.034375,0.750000,0,,NONE,0.000000,4.318129,4.881871
53.312,FOLLOW_LANE,camera lane following,155.500,-0.028125,0.750000,0,,NONE,0.000000,4.383736,4.816264
53.344,FOLLOW_LANE,camera lane following,154.500,-0.034375,0.750000,0,,NONE,0.000000,4.302464,4.897536
53.376,FOLLOW_LANE,camera lane following,156.500,-0.021875,0.750000,0,,NONE,0.000000,4.449325,4.750675
53.408,FOLLOW_LANE,camera lane following,156.500,-0.021875,0.750000,0,,NONE,0.000000,4.418061,4.781939
53.440,FOLLOW_LANE,camera lane following,157.000,-0.018750,0.750000,0,,NONE,0.000000,4.450861,4.749138
53.472,FOLLOW_LANE,camera lane following,157.000,-0.018750,0.750000,0,,NONE,0.000000,4.443037,4.756963
53.504,FOLLOW_LANE,camera lane following,156.500,-0.021875,0.750000,0,,NONE,0.000000,4.410210,4.789789
53.536,FOLLOW_LANE,camera lane following,155.500,-0.028125,0.750000,0,,NONE,0.000000,4.352380,4.847620
53.568,FOLLOW_LANE,camera lane following,155.000,-0.031250,0.750000,0,,NONE,0.000000,4.335172,4.864827
53.600,FOLLOW_LANE,camera lane following,155.000,-0.031250,0.750000,0,,NONE,0.000000,4.342965,4.857035
53.632,FOLLOW_LANE,camera lane following,154.500,-0.034375,0.750000,0,,NONE,0.000000,4.310130,4.889869
53.664,FOLLOW_LANE,camera lane following,153.500,-0.040625,0.750000,0,,NONE,0.000000,4.252292,4.947708
53.696,FOLLOW_LANE,camera lane following,153.000,-0.043750,0.750000,0,,NONE,0.000000,4.235076,4.964923
53.728,FOLLOW_LANE,camera lane following,153.500,-0.040625,0.750000,0,,NONE,0.000000,4.275675,4.924324
53.760,FOLLOW_LANE,camera lane following,153.000,-0.043750,0.750000,0,,NONE,0.000000,4.235022,4.964977
53.792,FOLLOW_LANE,camera lane following,153.000,-0.043750,0.750000,0,,NONE,0.000000,4.242807,4.957193
53.824,FOLLOW_LANE,camera lane following,152.500,-0.046875,0.750000,0,,NONE,0.000000,4.209964,4.990035
53.856,FOLLOW_LANE,camera lane following,152.500,-0.046875,0.750000,0,,NONE,0.000000,4.217747,4.982253
53.888,FOLLOW_LANE,camera lane following,152.500,-0.046875,0.750000,0,,NONE,0.000000,4.217717,4.982283
53.920,FOLLOW_LANE,camera lane following,152.500,-0.046875,0.750000,0,,NONE,0.000000,4.217687,4.982313
53.952,FOLLOW_LANE,camera lane following,152.500,-0.046875,0.750000,0,,NONE,0.000000,4.217657,4.982343
53.984,FOLLOW_LANE,camera lane following,153.000,-0.043750,0.750000,0,,NONE,0.000000,4.250441,4.949558
54.016,FOLLOW_LANE,camera lane following,153.000,-0.043750,0.750000,0,,NONE,0.000000,4.242601,4.957399
54.048,FOLLOW_LANE,camera lane following,153.000,-0.043750,0.750000,0,,NONE,0.000000,4.242573,4.957427
54.080,FOLLOW_LANE,camera lane following,153.500,-0.040625,0.750000,0,,NONE,0.000000,4.275359,4.924640
54.112,FOLLOW_LANE,camera lane following,153.500,-0.040625,0.750000,0,,NONE,0.000000,4.267521,4.932479
54.144,FOLLOW_LANE,camera lane following,155.000,-0.031250,0.750000,0,,NONE,0.000000,4.365938,4.834061
54.176,FOLLOW_LANE,camera lane following,160.500,0.003125,0.750000,0,,NONE,0.000000,4.670626,4.529374
54.208,FOLLOW_LANE,camera lane following,156.000,-0.025000,0.750000,0,,NONE,0.000000,4.329985,4.870015
54.240,FOLLOW_LANE,camera lane following,156.500,-0.021875,0.750000,0,,NONE,0.000000,4.425283,4.774716
54.272,FOLLOW_LANE,camera lane following,157.000,-0.018750,0.750000,0,,NONE,0.000000,4.450271,4.749728
54.304,FOLLOW_LANE,camera lane following,156.000,-0.025000,0.750000,0,,NONE,0.000000,4.376818,4.823182
54.336,FOLLOW_LANE,camera lane following,153.500,-0.040625,0.750000,0,,NONE,0.000000,4.228355,4.971645
54.368,FOLLOW_LANE,camera lane following,153.000,-0.043750,0.750000,0,,NONE,0.000000,4.234576,4.965423
54.400,FOLLOW_LANE,camera lane following,152.500,-0.046875,0.750000,0,,NONE,0.000000,4.209547,4.990453
54.432,FOLLOW_LANE,camera lane following,152.000,-0.050000,0.750000,0,,NONE,0.000000,4.184514,5.015485
54.464,FOLLOW_LANE,camera lane following,151.500,-0.053125,0.750000,0,,NONE,0.000000,4.159480,5.040519
54.496,FOLLOW_LANE,camera lane following,151.000,-0.056250,0.750000,0,,NONE,0.000000,4.134444,5.065555
54.528,FOLLOW_LANE,camera lane following,151.000,-0.056250,0.750000,0,,NONE,0.000000,4.142221,5.057779
54.560,FOLLOW_LANE,camera lane following,151.000,-0.056250,0.750000,0,,NONE,0.000000,4.142185,5.057815
54.592,FOLLOW_LANE,camera lane following,151.000,-0.056250,0.750000,0,,NONE,0.000000,4.142149,5.057851
54.624,FOLLOW_LANE,camera lane following,151.000,-0.056250,0.750000,0,,NONE,0.000000,4.142113,5.057887
54.656,FOLLOW_LANE,camera lane following,151.000,-0.056250,0.750000,0,,NONE,0.000000,4.142077,5.057923
54.688,FOLLOW_LANE,camera lane following,151.000,-0.056250,0.750000,0,,NONE,0.000000,4.142041,5.057959
54.720,FOLLOW_LANE,camera lane following,151.500,-0.053125,0.750000,0,,NONE,0.000000,4.174819,5.025180
54.752,FOLLOW_LANE,camera lane following,151.500,-0.053125,0.750000,0,,NONE,0.000000,4.166973,5.033027
54.784,FOLLOW_LANE,camera lane following,152.000,-0.050000,0.750000,0,,NONE,0.000000,4.199753,5.000246
54.816,FOLLOW_LANE,camera lane following,152.500,-0.046875,0.750000,0,,NONE,0.000000,4.224723,4.975276
54.848,FOLLOW_LANE,camera lane following,153.000,-0.043750,0.750000,0,,NONE,0.000000,4.249695,4.950304
54.880,FOLLOW_LANE,camera lane following,153.500,-0.040625,0.750000,0,,NONE,0.000000,4.274669,4.925330
54.912,FOLLOW_LANE,camera lane following,154.500,-0.034375,0.750000,0,,NONE,0.000000,4.332460,4.867540
54.944,FOLLOW_LANE,camera lane following,159.000,-0.006250,0.750000,0,,NONE,0.000000,4.612143,4.587857
54.976,FOLLOW_LANE,camera lane following,156.000,-0.025000,0.750000,0,,NONE,0.000000,4.344940,4.855060
55.008,FOLLOW_LANE,camera lane following,156.500,-0.021875,0.750000,0,,NONE,0.000000,4.424613,4.775386
55.040,FOLLOW_LANE,camera lane following,157.000,-0.018750,0.750000,0,,NONE,0.000000,4.449601,4.750398
55.072,FOLLOW_LANE,camera lane following,156.500,-0.021875,0.750000,0,,NONE,0.000000,4.408962,4.791037
55.104,FOLLOW_LANE,camera lane following,154.000,-0.037500,0.750000,0,,NONE,0.000000,4.252688,4.947311
55.136,FOLLOW_LANE,camera lane following,153.000,-0.043750,0.750000,0,,NONE,0.000000,4.226098,4.973902
55.168,FOLLOW_LANE,camera lane following,153.000,-0.043750,0.750000,0,,NONE,0.000000,4.241695,4.958305
55.200,FOLLOW_LANE,camera lane following,152.500,-0.046875,0.750000,0,,NONE,0.000000,4.208852,4.991147
55.232,FOLLOW_LANE,camera lane following,152.000,-0.050000,0.750000,0,,NONE,0.000000,4.183820,5.016179
55.264,FOLLOW_LANE,camera lane following,151.500,-0.053125,0.750000,0,,NONE,0.000000,4.158786,5.041213
55.296,FOLLOW_LANE,camera lane following,151.000,-0.056250,0.750000,0,,NONE,0.000000,4.133750,5.066249
55.328,FOLLOW_LANE,camera lane following,151.000,-0.056250,0.750000,0,,NONE,0.000000,4.141527,5.058473
55.360,FOLLOW_LANE,camera lane following,151.000,-0.056250,0.750000,0,,NONE,0.000000,4.141491,5.058509
55.392,FOLLOW_LANE,camera lane following,151.500,-0.053125,0.750000,0,,NONE,0.000000,4.174269,5.025730
55.424,FOLLOW_LANE,camera lane following,151.000,-0.056250,0.750000,0,,NONE,0.000000,4.133608,5.066391
55.456,FOLLOW_LANE,camera lane following,152.000,-0.050000,0.750000,0,,NONE,0.000000,4.207014,4.992986
55.488,FOLLOW_LANE,camera lane following,152.000,-0.050000,0.750000,0,,NONE,0.000000,4.191357,5.008643
55.520,FOLLOW_LANE,camera lane following,152.500,-0.046875,0.750000,0,,NONE,0.000000,4.224139,4.975860
55.552,FOLLOW_LANE,camera lane following,152.500,-0.046875,0.750000,0,,NONE,0.000000,4.216297,4.983703
55.584,FOLLOW_LANE,camera lane following,153.000,-0.043750,0.750000,0,,NONE,0.000000,4.249081,4.950918
55.616,FOLLOW_LANE,camera lane following,153.500,-0.040625,0.750000,0,,NONE,0.000000,4.274055,4.925944
55.648,FOLLOW_LANE,camera lane following,154.000,-0.037500,0.750000,0,,NONE,0.000000,4.299031,4.900968
55.680,FOLLOW_LANE,camera lane following,154.000,-0.037500,0.750000,0,,NONE,0.000000,4.291195,4.908805
55.712,FOLLOW_LANE,camera lane following,159.000,-0.006250,0.750000,0,,NONE,0.000000,4.619316,4.580684
55.744,FOLLOW_LANE,camera lane following,156.000,-0.025000,0.750000,0,,NONE,0.000000,4.344300,4.855700
55.776,FOLLOW_LANE,camera lane following,156.500,-0.021875,0.750000,0,,NONE,0.000000,4.423973,4.776026
55.808,FOLLOW_LANE,camera lane following,156.500,-0.021875,0.750000,0,,NONE,0.000000,4.416147,4.783853
55.840,FOLLOW_LANE,camera lane following,155.500,-0.028125,0.750000,0,,NONE,0.000000,4.350504,4.849496
55.872,FOLLOW_LANE,camera lane following,154.500,-0.034375,0.750000,0,,NONE,0.000000,4.300482,4.899518
55.904,FOLLOW_LANE,camera lane following,154.000,-0.037500,0.750000,0,,NONE,0.000000,4.283270,4.916729
55.936,FOLLOW_LANE,camera lane following,153.500,-0.040625,0.750000,0,,NONE,0.000000,4.258244,4.941755
55.968,FOLLOW_LANE,camera lane following,153.500,-0.040625,0.750000,0,,NONE,0.000000,4.266031,4.933969
56.000,FOLLOW_LANE,camera lane following,153.000,-0.043750,0.750000,0,,NONE,0.000000,4.233191,4.966809
56.032,FOLLOW_LANE,camera lane following,152.500,-0.046875,0.750000,0,,NONE,0.000000,4.208160,4.991839
56.064,FOLLOW_LANE,camera lane following,152.500,-0.046875,0.750000,0,,NONE,0.000000,4.215943,4.984057
56.096,FOLLOW_LANE,camera lane following,152.500,-0.046875,0.750000,0,,NONE,0.000000,4.215913,4.984087
56.128,FOLLOW_LANE,camera lane following,152.500,-0.046875,0.750000,0,,NONE,0.000000,4.215883,4.984117
56.160,FOLLOW_LANE,camera lane following,152.500,-0.046875,0.750000,0,,NONE,0.000000,4.215853,4.984147
56.192,FOLLOW_LANE,camera lane following,152.500,-0.046875,0.750000,0,,NONE,0.000000,4.215823,4.984177
56.224,FOLLOW_LANE,camera lane following,153.000,-0.043750,0.750000,0,,NONE,0.000000,4.248607,4.951392
56.256,FOLLOW_LANE,camera lane following,153.000,-0.043750,0.750000,0,,NONE,0.000000,4.240767,4.959233
56.288,FOLLOW_LANE,camera lane following,153.500,-0.040625,0.750000,0,,NONE,0.000000,4.273553,4.926446
56.320,FOLLOW_LANE,camera lane following,153.500,-0.040625,0.750000,0,,NONE,0.000000,4.265715,4.934285
56.352,FOLLOW_LANE,camera lane following,153.500,-0.040625,0.750000,0,,NONE,0.000000,4.265689,4.934311
56.384,FOLLOW_LANE,camera lane following,154.500,-0.034375,0.750000,0,,NONE,0.000000,4.331292,4.868708
56.416,FOLLOW_LANE,camera lane following,154.500,-0.034375,0.750000,0,,NONE,0.000000,4.315645,4.884355
56.448,FOLLOW_LANE,camera lane following,154.500,-0.034375,0.750000,0,,NONE,0.000000,4.315623,4.884377
56.480,FOLLOW_LANE,camera lane following,158.000,-0.012500,0.750000,0,,NONE,0.000000,4.545303,4.654697
56.512,FOLLOW_LANE,camera lane following,156.500,-0.021875,0.750000,0,,NONE,0.000000,4.392163,4.807836
56.544,FOLLOW_LANE,camera lane following,157.000,-0.018750,0.750000,0,,NONE,0.000000,4.448401,4.751599
56.576,FOLLOW_LANE,camera lane following,157.000,-0.018750,0.750000,0,,NONE,0.000000,4.440577,4.759423
56.608,FOLLOW_LANE,camera lane following,156.000,-0.025000,0.750000,0,,NONE,0.000000,4.374936,4.825064
56.640,FOLLOW_LANE,camera lane following,155.000,-0.031250,0.750000,0,,NONE,0.000000,4.324916,4.875084
56.672,FOLLOW_LANE,camera lane following,155.000,-0.031250,0.750000,0,,NONE,0.000000,4.340521,4.859479
56.704,FOLLOW_LANE,camera lane following,154.500,-0.034375,0.750000,0,,NONE,0.000000,4.307686,4.892313
56.736,FOLLOW_LANE,camera lane following,154.000,-0.037500,0.750000,0,,NONE,0.000000,4.282662,4.917337
56.768,FOLLOW_LANE,camera lane following,153.500,-0.040625,0.750000,0,,NONE,0.000000,4.257636,4.942363
56.800,FOLLOW_LANE,camera lane following,154.000,-0.037500,0.750000,0,,NONE,0.000000,4.298237,4.901762
56.832,FOLLOW_LANE,camera lane following,153.000,-0.043750,0.750000,0,,NONE,0.000000,4.224772,4.975228
56.864,FOLLOW_LANE,camera lane following,153.500,-0.040625,0.750000,0,,NONE,0.000000,4.273184,4.926816
56.896,FOLLOW_LANE,camera lane following,153.000,-0.043750,0.750000,0,,NONE,0.000000,4.232530,4.967469
56.928,FOLLOW_LANE,camera lane following,153.000,-0.043750,0.750000,0,,NONE,0.000000,4.240315,4.959685
56.960,FOLLOW_LANE,camera lane following,153.000,-0.043750,0.750000,0,,NONE,0.000000,4.240287,4.959713
56.992,FOLLOW_LANE,camera lane following,153.000,-0.043750,0.750000,0,,NONE,0.000000,4.240259,4.959741
57.024,FOLLOW_LANE,camera lane following,153.000,-0.043750,0.750000,0,,NONE,0.000000,4.240231,4.959769
57.056,FOLLOW_LANE,camera lane following,153.500,-0.040625,0.750000,0,,NONE,0.000000,4.273017,4.926982
57.088,FOLLOW_LANE,camera lane following,153.500,-0.040625,0.750000,0,,NONE,0.000000,4.265179,4.934821
57.120,FOLLOW_LANE,camera lane following,153.500,-0.040625,0.750000,0,,NONE,0.000000,4.265153,4.934847
57.152,FOLLOW_LANE,camera lane following,154.000,-0.037500,0.750000,0,,NONE,0.000000,4.297941,4.902058
57.184,FOLLOW_LANE,camera lane following,155.000,-0.031250,0.750000,0,,NONE,0.000000,4.355734,4.844266
57.216,FOLLOW_LANE,camera lane following,154.500,-0.034375,0.750000,0,,NONE,0.000000,4.307274,4.892726
57.248,FOLLOW_LANE,camera lane following,157.000,-0.018750,0.750000,0,,NONE,0.000000,4.479137,4.720862
57.280,FOLLOW_LANE,camera lane following,156.500,-0.021875,0.750000,0,,NONE,0.000000,4.407248,4.792751
57.312,FOLLOW_LANE,camera lane following,156.500,-0.021875,0.750000,0,,NONE,0.000000,4.415047,4.784953
57.344,FOLLOW_LANE,camera lane following,157.500,-0.015625,0.750000,0,,NONE,0.000000,4.480662,4.719338
57.376,FOLLOW_LANE,camera lane following,157.500,-0.015625,0.750000,0,,NONE,0.000000,4.465027,4.734973
57.408,FOLLOW_LANE,camera lane following,155.500,-0.028125,0.750000,0,,NONE,0.000000,4.333759,4.866241
57.440,FOLLOW_LANE,camera lane following,155.000,-0.031250,0.750000,0,,NONE,0.000000,4.332176,4.867824
57.472,FOLLOW_LANE,camera lane following,154.000,-0.037500,0.750000,0,,NONE,0.000000,4.274340,4.925660
57.504,FOLLOW_LANE,camera lane following,153.500,-0.040625,0.750000,0,,NONE,0.000000,4.257127,4.942873
57.536,FOLLOW_LANE,camera lane following,153.000,-0.043750,0.750000,0,,NONE,0.000000,4.232098,4.967901
57.568,FOLLOW_LANE,camera lane following,152.500,-0.046875,0.750000,0,,NONE,0.000000,4.207069,4.992931
57.600,FOLLOW_LANE,camera lane following,152.000,-0.050000,0.750000,0,,NONE,0.000000,4.182036,5.017963
57.632,FOLLOW_LANE,camera lane following,151.500,-0.053125,0.750000,0,,NONE,0.000000,4.157002,5.042997
57.664,FOLLOW_LANE,camera lane following,151.500,-0.053125,0.750000,0,,NONE,0.000000,4.164781,5.035219
57.696,FOLLOW_LANE,camera lane following,151.000,-0.056250,0.750000,0,,NONE,0.000000,4.131932,5.068067
57.728,FOLLOW_LANE,camera lane following,151.000,-0.056250,0.750000,0,,NONE,0.000000,4.139709,5.060291
57.760,FOLLOW_LANE,camera lane following,151.500,-0.053125,0.750000,0,,NONE,0.000000,4.172487,5.027512
57.792,FOLLOW_LANE,camera lane following,151.500,-0.053125,0.750000,0,,NONE,0.000000,4.164641,5.035359
57.824,FOLLOW_LANE,camera lane following,152.000,-0.050000,0.750000,0,,NONE,0.000000,4.197421,5.002578
57.856,FOLLOW_LANE,camera lane following,152.500,-0.046875,0.750000,0,,NONE,0.000000,4.222391,4.977608
57.888,FOLLOW_LANE,camera lane following,152.500,-0.046875,0.750000,0,,NONE,0.000000,4.214549,4.985451
57.920,FOLLOW_LANE,camera lane following,153.500,-0.040625,0.750000,0,,NONE,0.000000,4.280148,4.919852
57.952,FOLLOW_LANE,camera lane following,154.000,-0.037500,0.750000,0,,NONE,0.000000,4.297311,4.902689
57.984,FOLLOW_LANE,camera lane following,154.500,-0.034375,0.750000,0,,NONE,0.000000,4.322289,4.877711
58.016,FOLLOW_LANE,camera lane following,155.000,-0.031250,0.750000,0,,NONE,0.000000,4.347269,4.852730
58.048,FOLLOW_LANE,camera lane following,155.500,-0.028125,0.750000,0,,NONE,0.000000,4.372251,4.827748
58.080,FOLLOW_LANE,camera lane following,154.500,-0.034375,0.750000,0,,NONE,0.000000,4.298792,4.901208
58.112,FOLLOW_LANE,camera lane following,155.500,-0.028125,0.750000,0,,NONE,0.000000,4.380024,4.819976
58.144,FOLLOW_LANE,camera lane following,158.500,-0.009375,0.750000,0,,NONE,0.000000,4.561268,4.638732
58.176,FOLLOW_LANE,camera lane following,155.500,-0.028125,0.750000,0,,NONE,0.000000,4.317500,4.882500
58.208,FOLLOW_LANE,camera lane following,151.000,-0.056250,0.750000,0,,NONE,0.000000,4.069026,5.130973
58.240,FOLLOW_LANE,camera lane following,151.500,-0.053125,0.750000,0,,NONE,0.000000,4.172117,5.027882
