time_s,state,reason,lane_center_x,lane_error_normalized,lane_confidence,obstacle_present,obstacle_color,obstacle_motion,obstacle_confidence,left_speed,right_speed
0.032,FOLLOW_LANE,camera lane following,159.500,-0.003125,0.750000,0,,NONE,0.000000,4.600000,4.600000
0.064,FOLLOW_LANE,camera lane following,163.000,0.018750,0.750000,0,,NONE,0.000000,4.796887,4.403113
0.096,FOLLOW_LANE,camera lane following,160.500,0.003125,0.750000,0,,NONE,0.000000,4.553137,4.646863
0.128,FOLLOW_LANE,camera lane following,160.000,0.000000,0.750000,0,,NONE,0.000000,4.600012,4.599988
0.160,FOLLOW_LANE,camera lane following,159.500,-0.003125,0.750000,0,,NONE,0.000000,4.600012,4.599988
0.192,FOLLOW_LANE,camera lane following,160.000,0.000000,0.750000,0,,NONE,0.000000,4.600012,4.599988
0.224,FOLLOW_LANE,camera lane following,160.000,0.000000,0.750000,0,,NONE,0.000000,4.600012,4.599988
0.256,FOLLOW_LANE,camera lane following,160.000,0.000000,0.750000,0,,NONE,0.000000,4.600012,4.599988
0.288,FOLLOW_LANE,camera lane following,160.000,0.000000,0.750000,0,,NONE,0.000000,4.600012,4.599988
0.320,FOLLOW_LANE,camera lane following,159.500,-0.003125,0.750000,0,,NONE,0.000000,4.600012,4.599988
0.352,FOLLOW_LANE,camera lane following,159.500,-0.003125,0.750000,0,,NONE,0.000000,4.600012,4.599988
0.384,FOLLOW_LANE,camera lane following,159.000,-0.006250,0.750000,0,,NONE,0.000000,4.534383,4.665617
0.416,FOLLOW_LANE,camera lane following,159.250,-0.004687,0.750000,0,,NONE,0.000000,4.615633,4.584367
0.448,FOLLOW_LANE,camera lane following,160.000,0.000000,0.750000,0,,NONE,0.000000,4.600008,4.599992
0.480,FOLLOW_LANE,camera lane following,159.500,-0.003125,0.750000,0,,NONE,0.000000,4.600008,4.599992
0.512,FOLLOW_LANE,camera lane following,160.000,0.000000,0.750000,0,,NONE,0.000000,4.600008,4.599992
0.544,FOLLOW_LANE,camera lane following,160.000,0.000000,0.750000,0,,NONE,0.000000,4.600008,4.599992
0.576,FOLLOW_LANE,camera lane following,159.750,-0.001563,0.750000,0,,NONE,0.000000,4.600008,4.599992
0.608,FOLLOW_LANE,camera lane following,159.500,-0.003125,0.750000,0,,NONE,0.000000,4.600008,4.599992
0.640,FOLLOW_LANE,camera lane following,160.000,0.000000,0.750000,0,,NONE,0.000000,4.600008,4.599992
0.672,FOLLOW_LANE,camera lane following,160.000,0.000000,0.750000,0,,NONE,0.000000,4.600008,4.599992
0.704,FOLLOW_LANE,camera lane following,159.500,-0.003125,0.750000,0,,NONE,0.000000,4.600008,4.599992
0.736,FOLLOW_LANE,camera lane following,159.000,-0.006250,0.750000,0,,NONE,0.000000,4.534379,4.665621
0.768,FOLLOW_LANE,camera lane following,160.000,0.000000,0.750000,0,,NONE,0.000000,4.615629,4.584371
0.800,FOLLOW_LANE,camera lane following,159.500,-0.003125,0.750000,0,,NONE,0.000000,4.600004,4.599996
0.832,FOLLOW_LANE,camera lane following,160.000,0.000000,0.750000,0,,NONE,0.000000,4.600004,4.599996
0.864,FOLLOW_LANE,camera lane following,160.000,0.000000,0.750000,0,,NONE,0.000000,4.600004,4.599996
0.896,FOLLOW_LANE,camera lane following,160.000,0.000000,0.750000,0,,NONE,0.000000,4.600004,4.599996
0.928,FOLLOW_LANE,camera lane following,160.000,0.000000,0.750000,0,,NONE,0.000000,4.600004,4.599996
0.960,FOLLOW_LANE,camera lane following,159.500,-0.003125,0.750000,0,,NONE,0.000000,4.600004,4.599996
0.992,FOLLOW_LANE,camera lane following,159.500,-0.003125,0.750000,0,,NONE,0.000000,4.600004,4.599996
1.024,FOLLOW_LANE,camera lane following,160.000,0.000000,0.750000,0,,NONE,0.000000,4.600004,4.599996
1.056,FOLLOW_LANE,camera lane following,160.000,0.000000,0.750000,0,,NONE,0.000000,4.600004,4.599996
1.088,FOLLOW_LANE,camera lane following,159.500,-0.003125,0.750000,0,,NONE,0.000000,4.600004,4.599996
1.120,FOLLOW_LANE,camera lane following,160.000,0.000000,0.750000,0,,NONE,0.000000,4.600004,4.599996
1.152,FOLLOW_LANE,camera lane following,160.000,0.000000,0.750000,0,,NONE,0.000000,4.600004,4.599996
1.184,FOLLOW_LANE,camera lane following,160.000,0.000000,0.750000,0,,NONE,0.000000,4.600004,4.599996
1.216,FOLLOW_LANE,camera lane following,160.000,0.000000,0.750000,0,,NONE,0.000000,4.600004,4.599996
1.248,FOLLOW_LANE,camera lane following,160.000,0.000000,0.750000,0,,NONE,0.000000,4.600004,4.599996
1.280,FOLLOW_LANE,camera lane following,159.500,-0.003125,0.750000,0,,NONE,0.000000,4.600004,4.599996
1.312,FOLLOW_LANE,camera lane following,159.500,-0.003125,0.750000,0,,NONE,0.000000,4.600004,4.599996
1.344,FOLLOW_LANE,camera lane following,159.500,-0.003125,0.750000,0,,NONE,0.000000,4.600004,4.599996
1.376,FOLLOW_LANE,camera lane following,160.000,0.000000,0.750000,0,,NONE,0.000000,4.600004,4.599996
1.408,FOLLOW_LANE,camera lane following,160.000,0.000000,0.750000,0,,NONE,0.000000,4.600004,4.599996
1.440,FOLLOW_LANE,camera lane following,159.500,-0.003125,0.750000,0,,NONE,0.000000,4.600004,4.599996
1.472,FOLLOW_LANE,camera lane following,159.500,-0.003125,0.750000,0,,NONE,0.000000,4.600004,4.599996
1.504,FOLLOW_LANE,camera lane following,160.000,0.000000,0.750000,0,,NONE,0.000000,4.600004,4.599996
1.536,FOLLOW_LANE,camera lane following,159.500,-0.003125,0.750000,0,,NONE,0.000000,4.600004,4.599996
1.568,FOLLOW_LANE,camera lane following,160.000,0.000000,0.750000,0,,NONE,0.000000,4.600004,4.599996
1.600,FOLLOW_LANE,camera lane following,159.500,-0.003125,0.750000,0,,NONE,0.000000,4.600004,4.599996
1.632,FOLLOW_LANE,camera lane following,160.000,0.000000,0.750000,0,,NONE,0.000000,4.600004,4.599996
1.664,FOLLOW_LANE,camera lane following,159.500,-0.003125,0.750000,0,,NONE,0.000000,4.600004,4.599996
1.696,FOLLOW_LANE,camera lane following,159.500,-0.003125,0.750000,0,,NONE,0.000000,4.600004,4.599996
1.728,FOLLOW_LANE,camera lane following,160.000,0.000000,0.750000,0,,NONE,0.000000,4.600004,4.599996
1.760,FOLLOW_LANE,camera lane following,160.000,0.000000,0.750000,0,,NONE,0.000000,4.600004,4.599996
1.792,FOLLOW_LANE,camera lane following,160.000,0.000000,0.750000,0,,NONE,0.000000,4.600004,4.599996
1.824,FOLLOW_LANE,camera lane following,160.000,0.000000,0.750000,0,,NONE,0.000000,4.600004,4.599996
1.856,FOLLOW_LANE,camera lane following,160.000,0.000000,0.750000,0,,NONE,0.000000,4.600004,4.599996
1.888,FOLLOW_LANE,camera lane following,160.000,0.000000,0.750000,0,,NONE,0.000000,4.600004,4.599996
1.920,FOLLOW_LANE,camera lane following,159.500,-0.003125,0.750000,0,,NONE,0.000000,4.600004,4.599996
1.952,FOLLOW_LANE,camera lane following,159.500,-0.003125,0.750000,0,,NONE,0.000000,4.600004,4.599996
1.984,FOLLOW_LANE,camera lane following,160.000,0.000000,0.750000,0,,NONE,0.000000,4.600004,4.599996
2.016,FOLLOW_LANE,camera lane following,160.000,0.000000,0.750000,0,,NONE,0.000000,4.600004,4.599996
2.048,FOLLOW_LANE,camera lane following,160.000,0.000000,0.750000,0,,NONE,0.000000,4.600004,4.599996
2.080,FOLLOW_LANE,camera lane following,160.000,0.000000,0.750000,0,,NONE,0.000000,4.600004,4.599996
2.112,FOLLOW_LANE,camera lane following,160.000,0.000000,0.750000,0,,NONE,0.000000,4.600004,4.599996
2.144,FOLLOW_LANE,camera lane following,159.750,-0.001563,0.750000,0,,NONE,0.000000,4.600004,4.599996
2.176,FOLLOW_LANE,camera lane following,159.500,-0.003125,0.750000,0,,NONE,0.000000,4.600004,4.599996
2.208,FOLLOW_LANE,camera lane following,160.000,0.000000,0.750000,0,,NONE,0.000000,4.600004,4.599996
2.240,FOLLOW_LANE,camera lane following,159.750,-0.001563,0.750000,0,,NONE,0.000000,4.600004,4.599996
2.272,FOLLOW_LANE,camera lane following,160.000,0.000000,0.750000,0,,NONE,0.000000,4.600004,4.599996
2.304,FOLLOW_LANE,camera lane following,160.000,0.000000,0.750000,0,,NONE,0.000000,4.600004,4.599996
2.336,FOLLOW_LANE,camera lane following,160.000,0.000000,0.750000,0,,NONE,0.000000,4.600004,4.599996
2.368,FOLLOW_LANE,camera lane following,159.500,-0.003125,0.750000,0,,NONE,0.000000,4.600004,4.599996
2.400,FOLLOW_LANE,camera lane following,160.000,0.000000,0.750000,0,,NONE,0.000000,4.600004,4.599996
2.432,FOLLOW_LANE,camera lane following,160.000,0.000000,0.750000,0,,NONE,0.000000,4.600004,4.599996
2.464,FOLLOW_LANE,camera lane following,160.000,0.000000,0.750000,0,,NONE,0.000000,4.600004,4.599996
2.496,FOLLOW_LANE,camera lane following,160.000,0.000000,0.750000,0,,NONE,0.000000,4.600004,4.599996
2.528,FOLLOW_LANE,camera lane following,160.000,0.000000,0.750000,0,,NONE,0.000000,4.600004,4.599996
2.560,FOLLOW_LANE,camera lane following,160.000,0.000000,0.750000,0,,NONE,0.000000,4.600004,4.599996
2.592,FOLLOW_LANE,camera lane following,160.000,0.000000,0.750000,0,,NONE,0.000000,4.600004,4.599996
2.624,FOLLOW_LANE,camera lane following,160.500,0.003125,0.750000,0,,NONE,0.000000,4.600004,4.599996
2.656,FOLLOW_LANE,camera lane following,160.500,0.003125,0.750000,0,,NONE,0.000000,4.600004,4.599996
2.688,FOLLOW_LANE,camera lane following,160.000,0.000000,0.750000,0,,NONE,0.000000,4.600004,4.599996
2.720,FOLLOW_LANE,camera lane following,160.000,0.000000,0.750000,0,,NONE,0.000000,4.600004,4.599996
2.752,FOLLOW_LANE,camera lane following,160.000,0.000000,0.750000,0,,NONE,0.000000,4.600004,4.599996
2.784,FOLLOW_LANE,camera lane following,160.000,0.000000,0.750000,0,,NONE,0.000000,4.600004,4.599996
2.816,FOLLOW_LANE,camera lane following,160.500,0.003125,0.750000,0,,NONE,0.000000,4.600004,4.599996
2.848,FOLLOW_LANE,camera lane following,160.500,0.003125,0.750000,0,,NONE,0.000000,4.600004,4.599996
2.880,FOLLOW_LANE,camera lane following,160.500,0.003125,0.750000,0,,NONE,0.000000,4.600004,4.599996
2.912,FOLLOW_LANE,camera lane following,160.000,0.000000,0.750000,0,,NONE,0.000000,4.600004,4.599996
2.944,FOLLOW_LANE,camera lane following,160.500,0.003125,0.750000,0,,NONE,0.000000,4.600004,4.599996
2.976,FOLLOW_LANE,camera lane following,160.000,0.000000,0.750000,0,,NONE,0.000000,4.600004,4.599996
3.008,FOLLOW_LANE,camera lane following,160.250,0.001563,0.750000,0,,NONE,0.000000,4.600004,4.599996
3.040,FOLLOW_LANE,camera lane following,160.000,0.000000,0.750000,0,,NONE,0.000000,4.600004,4.599996
3.072,FOLLOW_LANE,camera lane following,160.000,0.000000,0.750000,0,,NONE,0.000000,4.600004,4.599996
3.104,FOLLOW_LANE,camera lane following,160.500,0.003125,0.750000,0,,NONE,0.000000,4.600004,4.599996
3.136,FOLLOW_LANE,camera lane following,160.500,0.003125,0.750000,0,,NONE,0.000000,4.600004,4.599996
3.168,FOLLOW_LANE,camera lane following,160.500,0.003125,0.750000,0,,NONE,0.000000,4.600004,4.599996
3.200,FOLLOW_LANE,camera lane following,160.500,0.003125,0.750000,0,,NONE,0.000000,4.600004,4.599996
3.232,FOLLOW_LANE,camera lane following,160.000,0.000000,0.750000,0,,NONE,0.000000,4.600004,4.599996
3.264,FOLLOW_LANE,camera lane following,160.000,0.000000,0.750000,0,,NONE,0.000000,4.600004,4.599996
3.296,FOLLOW_LANE,camera lane following,160.000,0.000000,0.750000,0,,NONE,0.000000,4.600004,4.599996
3.328,FOLLOW_LANE,camera lane following,160.000,0.000000,0.750000,0,,NONE,0.000000,4.600004,4.599996
3.360,FOLLOW_LANE,camera lane following,160.500,0.003125,0.750000,0,,NONE,0.000000,4.600004,4.599996
3.392,FOLLOW_LANE,camera lane following,160.500,0.003125,0.750000,0,,NONE,0.000000,4.600004,4.599996
3.424,FOLLOW_LANE,camera lane following,160.500,0.003125,0.750000,0,,NONE,0.000000,4.600004,4.599996
3.456,FOLLOW_LANE,camera lane following,160.000,0.000000,0.750000,0,,NONE,0.000000,4.600004,4.599996
3.488,FOLLOW_LANE,camera lane following,160.500,0.003125,0.750000,0,,NONE,0.000000,4.600004,4.599996
3.520,FOLLOW_LANE,camera lane following,160.000,0.000000,0.750000,0,,NONE,0.000000,4.600004,4.599996
3.552,FOLLOW_LANE,camera lane following,160.000,0.000000,0.750000,0,,NONE,0.000000,4.600004,4.599996
3.584,FOLLOW_LANE,camera lane following,160.000,0.000000,0.750000,0,,NONE,0.000000,4.600004,4.599996
3.616,FOLLOW_LANE,camera lane following,160.000,0.000000,0.750000,0,,NONE,0.000000,4.600004,4.599996
3.648,FOLLOW_LANE,camera lane following,160.000,0.000000,0.750000,0,,NONE,0.000000,4.600004,4.599996
3.680,FOLLOW_LANE,camera lane following,160.500,0.003125,0.750000,0,,NONE,0.000000,4.600004,4.599996
3.712,FOLLOW_LANE,camera lane following,160.500,0.003125,0.750000,0,,NONE,0.000000,4.600004,4.599996
3.744,FOLLOW_LANE,camera lane following,160.500,0.003125,0.750000,0,,NONE,0.000000,4.600004,4.599996
3.776,FOLLOW_LANE,camera lane following,160.000,0.000000,0.750000,0,,NONE,0.000000,4.600004,4.599996
3.808,FOLLOW_LANE,camera lane following,160.000,0.000000,0.750000,0,,NONE,0.000000,4.600004,4.599996
3.840,FOLLOW_LANE,camera lane following,160.000,0.000000,0.750000,0,,NONE,0.000000,4.600004,4.599996
3.872,FOLLOW_LANE,camera lane following,160.000,0.000000,0.750000,0,,NONE,0.000000,4.600004,4.599996
3.904,FOLLOW_LANE,camera lane following,160.000,0.000000,0.750000,0,,NONE,0.000000,4.600004,4.599996
3.936,FOLLOW_LANE,camera lane following,160.000,0.000000,0.750000,0,,NONE,0.000000,4.600004,4.599996
3.968,FOLLOW_LANE,camera lane following,160.500,0.003125,0.750000,0,,NONE,0.000000,4.600004,4.599996
4.000,FOLLOW_LANE,camera lane following,160.500,0.003125,0.750000,0,,NONE,0.000000,4.600004,4.599996
4.032,FOLLOW_LANE,camera lane following,160.500,0.003125,0.750000,0,,NONE,0.000000,4.600004,4.599996
4.064,FOLLOW_LANE,camera lane following,161.000,0.006250,0.750000,0,,NONE,0.000000,4.665633,4.534367
4.096,FOLLOW_LANE,camera lane following,161.000,0.006250,0.750000,0,,NONE,0.000000,4.650012,4.549988
4.128,FOLLOW_LANE,camera lane following,161.000,0.006250,0.750000,0,,NONE,0.000000,4.650016,4.549984
4.160,FOLLOW_LANE,camera lane following,160.500,0.003125,0.750000,0,,NONE,0.000000,4.584391,4.615609
4.192,FOLLOW_LANE,camera lane following,161.000,0.006250,0.750000,0,,NONE,0.000000,4.665645,4.534355
4.224,FOLLOW_LANE,camera lane following,160.500,0.003125,0.750000,0,,NONE,0.000000,4.584395,4.615605
4.256,FOLLOW_LANE,camera lane following,160.500,0.003125,0.750000,0,,NONE,0.000000,4.600020,4.599980
4.288,FOLLOW_LANE,camera lane following,160.000,0.000000,0.750000,0,,NONE,0.000000,4.600020,4.599980
4.320,FOLLOW_LANE,camera lane following,160.000,0.000000,0.750000,0,,NONE,0.000000,4.600020,4.599980
4.352,FOLLOW_LANE,camera lane following,161.000,0.006250,0.750000,0,,NONE,0.000000,4.665649,4.534351
4.384,FOLLOW_LANE,camera lane following,161.000,0.006250,0.750000,0,,NONE,0.000000,4.650028,4.549972
4.416,FOLLOW_LANE,camera lane following,160.500,0.003125,0.750000,0,,NONE,0.000000,4.584403,4.615597
4.448,FOLLOW_LANE,camera lane following,160.500,0.003125,0.750000,0,,NONE,0.000000,4.600028,4.599972
4.480,FOLLOW_LANE,camera lane following,160.500,0.003125,0.750000,0,,NONE,0.000000,4.600028,4.599972
4.512,FOLLOW_LANE,camera lane following,161.000,0.006250,0.750000,0,,NONE,0.000000,4.665657,4.534343
4.544,FOLLOW_LANE,camera lane following,161.000,0.006250,0.750000,0,,NONE,0.000000,4.650036,4.549964
4.576,FOLLOW_LANE,camera lane following,161.000,0.006250,0.750000,0,,NONE,0.000000,4.650040,4.549960
4.608,FOLLOW_LANE,camera lane following,161.000,0.006250,0.750000,0,,NONE,0.000000,4.650044,4.549956
4.640,FOLLOW_LANE,camera lane following,161.000,0.006250,0.750000,0,,NONE,0.000000,4.650048,4.549952
4.672,FOLLOW_LANE,camera lane following,160.500,0.003125,0.750000,0,,NONE,0.000000,4.584423,4.615577
4.704,FOLLOW_LANE,camera lane following,161.000,0.006250,0.750000,0,,NONE,0.000000,4.665677,4.534323
4.736,FOLLOW_LANE,camera lane following,160.250,0.001563,0.750000,0,,NONE,0.000000,4.584427,4.615573
4.768,FOLLOW_LANE,camera lane following,161.000,0.006250,0.750000,0,,NONE,0.000000,4.665681,4.534319
4.800,FOLLOW_LANE,camera lane following,160.500,0.003125,0.750000,0,,NONE,0.000000,4.584431,4.615569
4.832,FOLLOW_LANE,camera lane following,161.000,0.006250,0.750000,0,,NONE,0.000000,4.665685,4.534315
4.864,FOLLOW_LANE,camera lane following,161.000,0.006250,0.750000,0,,NONE,0.000000,4.650064,4.549936
4.896,FOLLOW_LANE,camera lane following,161.000,0.006250,0.750000,0,,NONE,0.000000,4.650068,4.549932
4.928,FOLLOW_LANE,camera lane following,161.000,0.006250,0.750000,0,,NONE,0.000000,4.650072,4.549928
4.960,FOLLOW_LANE,camera lane following,161.000,0.006250,0.750000,0,,NONE,0.000000,4.650076,4.549924
4.992,FOLLOW_LANE,camera lane following,160.500,0.003125,0.750000,0,,NONE,0.000000,4.584451,4.615549
5.024,FOLLOW_LANE,camera lane following,160.500,0.003125,0.750000,0,,NONE,0.000000,4.600076,4.599924
5.056,FOLLOW_LANE,camera lane following,160.500,0.003125,0.750000,0,,NONE,0.000000,4.600076,4.599924
5.088,FOLLOW_LANE,camera lane following,160.500,0.003125,0.750000,0,,NONE,0.000000,4.600076,4.599924
5.120,FOLLOW_LANE,camera lane following,161.000,0.006250,0.750000,0,,NONE,0.000000,4.665705,4.534295
5.152,FOLLOW_LANE,camera lane following,161.000,0.006250,0.750000,0,,NONE,0.000000,4.650084,4.549916
5.184,FOLLOW_LANE,camera lane following,161.000,0.006250,0.750000,0,,NONE,0.000000,4.650088,4.549912
5.216,FOLLOW_LANE,camera lane following,161.000,0.006250,0.750000,0,,NONE,0.000000,4.650092,4.549908
5.248,FOLLOW_LANE,camera lane following,161.000,0.006250,0.750000,0,,NONE,0.000000,4.650096,4.549904
5.280,FOLLOW_LANE,camera lane following,160.500,0.003125,0.750000,0,,NONE,0.000000,4.584471,4.615529
5.312,FOLLOW_LANE,camera lane following,160.500,0.003125,0.750000,0,,NONE,0.000000,4.600096,4.599904
5.344,FOLLOW_LANE,camera lane following,160.500,0.003125,0.750000,0,,NONE,0.000000,4.600096,4.599904
5.376,FOLLOW_LANE,camera lane following,160.500,0.003125,0.750000,0,,NONE,0.000000,4.600096,4.599904
5.408,FOLLOW_LANE,camera lane following,161.000,0.006250,0.750000,0,,NONE,0.000000,4.665725,4.534275
5.440,FOLLOW_LANE,camera lane following,161.000,0.006250,0.750000,0,,NONE,0.000000,4.650104,4.549896
5.472,FOLLOW_LANE,camera lane following,161.000,0.006250,0.750000,0,,NONE,0.000000,4.650108,4.549892
5.504,FOLLOW_LANE,camera lane following,161.000,0.006250,0.750000,0,,NONE,0.000000,4.650112,4.549888
5.536,FOLLOW_LANE,camera lane following,160.500,0.003125,0.750000,0,,NONE,0.000000,4.584487,4.615513
5.568,FOLLOW_LANE,camera lane following,160.750,0.004687,0.750000,0,,NONE,0.000000,4.600112,4.599888
5.600,FOLLOW_LANE,camera lane following,160.750,0.004687,0.750000,0,,NONE,0.000000,4.600112,4.599888
5.632,FOLLOW_LANE,camera lane following,161.000,0.006250,0.750000,0,,NONE,0.000000,4.665741,4.534259
5.664,FOLLOW_LANE,camera lane following,161.000,0.006250,0.750000,0,,NONE,0.000000,4.650120,4.549880
5.696,FOLLOW_LANE,camera lane following,161.000,0.006250,0.750000,0,,NONE,0.000000,4.650124,4.549876
5.728,FOLLOW_LANE,camera lane following,161.000,0.006250,0.750000,0,,NONE,0.000000,4.650128,4.549872
5.760,FOLLOW_LANE,camera lane following,161.000,0.006250,0.750000,0,,NONE,0.000000,4.650132,4.549868
5.792,FOLLOW_LANE,camera lane following,161.000,0.006250,0.750000,0,,NONE,0.000000,4.650136,4.549864
5.824,FOLLOW_LANE,camera lane following,160.500,0.003125,0.750000,0,,NONE,0.000000,4.584511,4.615489
5.856,FOLLOW_LANE,camera lane following,161.000,0.006250,0.750000,0,,NONE,0.000000,4.665765,4.534235
5.888,FOLLOW_LANE,camera lane following,161.000,0.006250,0.750000,0,,NONE,0.000000,4.650144,4.549856
5.920,FOLLOW_LANE,camera lane following,161.000,0.006250,0.750000,0,,NONE,0.000000,4.650148,4.549852
5.952,FOLLOW_LANE,camera lane following,161.000,0.006250,0.750000,0,,NONE,0.000000,4.650152,4.549848
5.984,FOLLOW_LANE,camera lane following,161.000,0.006250,0.750000,0,,NONE,0.000000,4.650156,4.549844
6.016,FOLLOW_LANE,camera lane following,161.500,0.009375,0.750000,0,,NONE,0.000000,4.682974,4.517025
6.048,FOLLOW_LANE,camera lane following,161.500,0.009375,0.750000,0,,NONE,0.000000,4.675168,4.524832
6.080,FOLLOW_LANE,camera lane following,161.500,0.009375,0.750000,0,,NONE,0.000000,4.675174,4.524826
6.112,FOLLOW_LANE,camera lane following,161.500,0.009375,0.750000,0,,NONE,0.000000,4.675180,4.524820
6.144,FOLLOW_LANE,camera lane following,161.500,0.009375,0.750000,0,,NONE,0.000000,4.675186,4.524814
6.176,FOLLOW_LANE,camera lane following,161.500,0.009375,0.750000,0,,NONE,0.000000,4.675192,4.524808
6.208,FOLLOW_LANE,camera lane following,161.500,0.009375,0.750000,0,,NONE,0.000000,4.675198,4.524802
6.240,FOLLOW_LANE,camera lane following,161.500,0.009375,0.750000,0,,NONE,0.000000,4.675204,4.524796
6.272,FOLLOW_LANE,camera lane following,161.500,0.009375,0.750000,0,,NONE,0.000000,4.675210,4.524790
6.304,FOLLOW_LANE,camera lane following,161.000,0.006250,0.750000,0,,NONE,0.000000,4.642402,4.557598
6.336,FOLLOW_LANE,camera lane following,161.000,0.006250,0.750000,0,,NONE,0.000000,4.650218,4.549782
6.368,FOLLOW_LANE,camera lane following,161.000,0.006250,0.750000,0,,NONE,0.000000,4.650222,4.549778
6.400,FOLLOW_LANE,camera lane following,161.000,0.006250,0.750000,0,,NONE,0.000000,4.650226,4.549774
6.432,FOLLOW_LANE,camera lane following,161.500,0.009375,0.750000,0,,NONE,0.000000,4.683044,4.516955
6.464,FOLLOW_LANE,camera lane following,161.500,0.009375,0.750000,0,,NONE,0.000000,4.675238,4.524762
6.496,FOLLOW_LANE,camera lane following,161.250,0.007812,0.750000,0,,NONE,0.000000,4.658837,4.541163
6.528,FOLLOW_LANE,camera lane following,161.000,0.006250,0.750000,0,,NONE,0.000000,4.646341,4.553659
6.560,FOLLOW_LANE,camera lane following,160.500,0.003125,0.750000,0,,NONE,0.000000,4.584622,4.615378
6.592,FOLLOW_LANE,camera lane following,160.500,0.003125,0.750000,0,,NONE,0.000000,4.600247,4.599753
6.624,FOLLOW_LANE,camera lane following,159.500,-0.003125,0.750000,0,,NONE,0.000000,4.600247,4.599753
6.656,FOLLOW_LANE,camera lane following,159.000,-0.006250,0.750000,0,,NONE,0.000000,4.534618,4.665382
6.688,FOLLOW_LANE,camera lane following,158.500,-0.009375,0.750000,0,,NONE,0.000000,4.517424,4.682575
6.720,FOLLOW_LANE,camera lane following,158.500,-0.009375,0.750000,0,,NONE,0.000000,4.525231,4.674769
6.752,FOLLOW_LANE,camera lane following,158.000,-0.012500,0.750000,0,,NONE,0.000000,4.492411,4.707589
6.784,FOLLOW_LANE,camera lane following,158.500,-0.009375,0.750000,0,,NONE,0.000000,4.533029,4.666970
6.816,FOLLOW_LANE,camera lane following,157.500,-0.015625,0.750000,0,,NONE,0.000000,4.459582,4.740418
6.848,FOLLOW_LANE,camera lane following,157.500,-0.015625,0.750000,0,,NONE,0.000000,4.475197,4.724803
6.880,FOLLOW_LANE,camera lane following,157.500,-0.015625,0.750000,0,,NONE,0.000000,4.475187,4.724813
6.912,FOLLOW_LANE,camera lane following,157.000,-0.018750,0.750000,0,,NONE,0.000000,4.442362,4.757637
6.944,FOLLOW_LANE,camera lane following,157.000,-0.018750,0.750000,0,,NONE,0.000000,4.450163,4.749837
6.976,FOLLOW_LANE,camera lane following,156.500,-0.021875,0.750000,0,,NONE,0.000000,4.417336,4.782663
7.008,FOLLOW_LANE,camera lane following,157.000,-0.018750,0.750000,0,,NONE,0.000000,4.457949,4.742050
7.040,FOLLOW_LANE,camera lane following,156.500,-0.021875,0.750000,0,,NONE,0.000000,4.417310,4.782690
7.072,FOLLOW_LANE,camera lane following,156.500,-0.021875,0.750000,0,,NONE,0.000000,4.425109,4.774891
7.104,FOLLOW_LANE,camera lane following,156.500,-0.021875,0.750000,0,,NONE,0.000000,4.425095,4.774905
7.136,FOLLOW_LANE,camera lane following,156.500,-0.021875,0.750000,0,,NONE,0.000000,4.425081,4.774919
7.168,FOLLOW_LANE,camera lane following,156.500,-0.021875,0.750000,0,,NONE,0.000000,4.425067,4.774933
7.200,FOLLOW_LANE,camera lane following,156.750,-0.020313,0.750000,0,,NONE,0.000000,4.441460,4.758540
7.232,FOLLOW_LANE,camera lane following,157.500,-0.015625,0.750000,0,,NONE,0.000000,4.486763,4.713237
7.264,FOLLOW_LANE,camera lane following,157.500,-0.015625,0.750000,0,,NONE,0.000000,4.475034,4.724966
7.296,FOLLOW_LANE,camera lane following,158.000,-0.012500,0.750000,0,,NONE,0.000000,4.507839,4.692161
7.328,FOLLOW_LANE,camera lane following,158.000,-0.012500,0.750000,0,,NONE,0.000000,4.500018,4.699982
7.360,FOLLOW_LANE,camera lane following,159.000,-0.006250,0.750000,0,,NONE,0.000000,4.565639,4.634361
7.392,FOLLOW_LANE,camera lane following,159.000,-0.006250,0.750000,0,,NONE,0.000000,4.550010,4.649990
7.424,FOLLOW_LANE,camera lane following,159.500,-0.003125,0.750000,0,,NONE,0.000000,4.615635,4.584365
7.456,FOLLOW_LANE,camera lane following,159.500,-0.003125,0.750000,0,,NONE,0.000000,4.600010,4.599990
7.488,FOLLOW_LANE,camera lane following,159.500,-0.003125,0.750000,0,,NONE,0.000000,4.600010,4.599990
7.520,FOLLOW_LANE,camera lane following,159.000,-0.006250,0.750000,0,,NONE,0.000000,4.534381,4.665619
7.552,FOLLOW_LANE,camera lane following,159.500,-0.003125,0.750000,0,,NONE,0.000000,4.615631,4.584369
7.584,FOLLOW_LANE,camera lane following,159.500,-0.003125,0.750000,0,,NONE,0.000000,4.600006,4.599994
7.616,FOLLOW_LANE,camera lane following,159.500,-0.003125,0.750000,0,,NONE,0.000000,4.600006,4.599994
7.648,FOLLOW_LANE,camera lane following,159.500,-0.003125,0.750000,0,,NONE,0.000000,4.600006,4.599994
7.680,FOLLOW_LANE,camera lane following,159.500,-0.003125,0.750000,0,,NONE,0.000000,4.600006,4.599994
7.712,FOLLOW_LANE,camera lane following,159.500,-0.003125,0.750000,0,,NONE,0.000000,4.600006,4.599994
7.744,FOLLOW_LANE,camera lane following,159.000,-0.006250,0.750000,0,,NONE,0.000000,4.534377,4.665623
7.776,FOLLOW_LANE,camera lane following,159.500,-0.003125,0.750000,0,,NONE,0.000000,4.615627,4.584373
7.808,FOLLOW_LANE,camera lane following,159.000,-0.006250,0.750000,0,,NONE,0.000000,4.534373,4.665627
7.840,FOLLOW_LANE,camera lane following,159.500,-0.003125,0.750000,0,,NONE,0.000000,4.615623,4.584377
7.872,FOLLOW_LANE,camera lane following,159.250,-0.004687,0.750000,0,,NONE,0.000000,4.599998,4.600002
7.904,FOLLOW_LANE,camera lane following,159.000,-0.006250,0.750000,0,,NONE,0.000000,4.534369,4.665631
7.936,FOLLOW_LANE,camera lane following,159.000,-0.006250,0.750000,0,,NONE,0.000000,4.549990,4.650010
7.968,FOLLOW_LANE,camera lane following,159.500,-0.003125,0.750000,0,,NONE,0.000000,4.615615,4.584385
8.000,FOLLOW_LANE,camera lane following,159.000,-0.006250,0.750000,0,,NONE,0.000000,4.534361,4.665639
8.032,FOLLOW_LANE,camera lane following,159.000,-0.006250,0.750000,0,,NONE,0.000000,4.549982,4.650018
8.064,FOLLOW_LANE,camera lane following,159.500,-0.003125,0.750000,0,,NONE,0.000000,4.615607,4.584393
8.096,FOLLOW_LANE,camera lane following,159.500,-0.003125,0.750000,0,,NONE,0.000000,4.599982,4.600018
8.128,FOLLOW_LANE,camera lane following,159.500,-0.003125,0.750000,0,,NONE,0.000000,4.599982,4.600018
8.160,FOLLOW_LANE,camera lane following,159.500,-0.003125,0.750000,0,,NONE,0.000000,4.599982,4.600018
8.192,FOLLOW_LANE,camera lane following,159.500,-0.003125,0.750000,0,,NONE,0.000000,4.599982,4.600018
8.224,FOLLOW_LANE,camera lane following,160.000,0.000000,0.750000,0,,NONE,0.000000,4.599982,4.600018
8.256,FOLLOW_LANE,camera lane following,160.000,0.000000,0.750000,0,,NONE,0.000000,4.599982,4.600018
8.288,FOLLOW_LANE,camera lane following,160.000,0.000000,0.750000,0,,NONE,0.000000,4.599982,4.600018
8.320,FOLLOW_LANE,camera lane following,160.000,0.000000,0.750000,0,,NONE,0.000000,4.599982,4.600018
8.352,FOLLOW_LANE,camera lane following,160.000,0.000000,0.750000,0,,NONE,0.000000,4.599982,4.600018
8.384,FOLLOW_LANE,camera lane following,160.500,0.003125,0.750000,0,,NONE,0.000000,4.599982,4.600018
8.416,FOLLOW_LANE,camera lane following,160.500,0.003125,0.750000,0,,NONE,0.000000,4.599982,4.600018
8.448,FOLLOW_LANE,camera lane following,160.500,0.003125,0.750000,0,,NONE,0.000000,4.599982,4.600018
8.480,FOLLOW_LANE,camera lane following,160.500,0.003125,0.750000,0,,NONE,0.000000,4.599982,4.600018
8.512,FOLLOW_LANE,camera lane following,160.500,0.003125,0.750000,0,,NONE,0.000000,4.599982,4.600018
8.544,FOLLOW_LANE,camera lane following,160.500,0.003125,0.750000,0,,NONE,0.000000,4.599982,4.600018
8.576,FOLLOW_LANE,camera lane following,160.500,0.003125,0.750000,0,,NONE,0.000000,4.599982,4.600018
8.608,FOLLOW_LANE,camera lane following,160.500,0.003125,0.750000,0,,NONE,0.000000,4.599982,4.600018
8.640,FOLLOW_LANE,camera lane following,160.500,0.003125,0.750000,0,,NONE,0.000000,4.599982,4.600018
8.672,FOLLOW_LANE,camera lane following,160.500,0.003125,0.750000,0,,NONE,0.000000,4.599982,4.600018
8.704,FOLLOW_LANE,camera lane following,160.500,0.003125,0.750000,0,,NONE,0.000000,4.599982,4.600018
8.736,FOLLOW_LANE,camera lane following,160.500,0.003125,0.750000,0,,NONE,0.000000,4.599982,4.600018
8.768,FOLLOW_LANE,camera lane following,160.000,0.000000,0.750000,0,,NONE,0.000000,4.599982,4.600018
8.800,FOLLOW_LANE,camera lane following,160.000,0.000000,0.750000,0,,NONE,0.000000,4.599982,4.600018
8.832,FOLLOW_LANE,camera lane following,160.000,0.000000,0.750000,0,,NONE,0.000000,4.599982,4.600018
8.864,FOLLOW_LANE,camera lane following,159.750,-0.001563,0.750000,0,,NONE,0.000000,4.599982,4.600018
8.896,FOLLOW_LANE,camera lane following,159.500,-0.003125,0.750000,0,,NONE,0.000000,4.599982,4.600018
8.928,FOLLOW_LANE,camera lane following,160.000,0.000000,0.750000,0,,NONE,0.000000,4.599982,4.600018
8.960,FOLLOW_LANE,camera lane following,160.500,0.003125,0.750000,0,,NONE,0.000000,4.599982,4.600018
8.992,FOLLOW_LANE,camera lane following,160.500,0.003125,0.750000,0,,NONE,0.000000,4.599982,4.600018
9.024,FOLLOW_LANE,camera lane following,160.000,0.000000,0.750000,0,,NONE,0.000000,4.599982,4.600018
9.056,FOLLOW_LANE,camera lane following,160.000,0.000000,0.750000,0,,NONE,0.000000,4.599982,4.600018
9.088,FOLLOW_LANE,camera lane following,160.500,0.003125,0.750000,0,,NONE,0.000000,4.599982,4.600018
9.120,FOLLOW_LANE,camera lane following,160.500,0.003125,0.750000,0,,NONE,0.000000,4.599982,4.600018
9.152,FOLLOW_LANE,camera lane following,161.000,0.006250,0.750000,0,,NONE,0.000000,4.665611,4.534389
9.184,FOLLOW_LANE,camera lane following,160.500,0.003125,0.750000,0,,NONE,0.000000,4.584361,4.615639
9.216,FOLLOW_LANE,camera lane following,160.500,0.003125,0.750000,0,,NONE,0.000000,4.599986,4.600014
9.248,FOLLOW_LANE,camera lane following,160.500,0.003125,0.750000,0,,NONE,0.000000,4.599986,4.600014
9.280,FOLLOW_LANE,camera lane following,160.500,0.003125,0.750000,0,,NONE,0.000000,4.599986,4.600014
9.312,FOLLOW_LANE,camera lane following,160.500,0.003125,0.750000,0,,NONE,0.000000,4.599986,4.600014
9.344,FOLLOW_LANE,camera lane following,160.500,0.003125,0.750000,0,,NONE,0.000000,4.599986,4.600014
9.376,FOLLOW_LANE,camera lane following,160.500,0.003125,0.750000,0,,NONE,0.000000,4.599986,4.600014
9.408,FOLLOW_LANE,camera lane following,160.500,0.003125,0.750000,0,,NONE,0.000000,4.599986,4.600014
9.440,FOLLOW_LANE,camera lane following,160.500,0.003125,0.750000,0,,NONE,0.000000,4.599986,4.600014
9.472,FOLLOW_LANE,camera lane following,160.500,0.003125,0.750000,0,,NONE,0.000000,4.599986,4.600014
9.504,FOLLOW_LANE,camera lane following,160.500,0.003125,0.750000,0,,NONE,0.000000,4.599986,4.600014
9.536,FOLLOW_LANE,camera lane following,160.500,0.003125,0.750000,0,,NONE,0.000000,4.599986,4.600014
9.568,FOLLOW_LANE,camera lane following,160.500,0.003125,0.750000,0,,NONE,0.000000,4.599986,4.600014
9.600,FOLLOW_LANE,camera lane following,160.000,0.000000,0.750000,0,,NONE,0.000000,4.599986,4.600014
9.632,FOLLOW_LANE,camera lane following,160.000,0.000000,0.750000,0,,NONE,0.000000,4.599986,4.600014
9.664,FOLLOW_LANE,camera lane following,160.000,0.000000,0.750000,0,,NONE,0.000000,4.599986,4.600014
9.696,FOLLOW_LANE,camera lane following,160.500,0.003125,0.750000,0,,NONE,0.000000,4.599986,4.600014
9.728,FOLLOW_LANE,camera lane following,160.500,0.003125,0.750000,0,,NONE,0.000000,4.599986,4.600014
9.760,FOLLOW_LANE,camera lane following,160.500,0.003125,0.750000,0,,NONE,0.000000,4.599986,4.600014
9.792,FOLLOW_LANE,camera lane following,160.500,0.003125,0.750000,0,,NONE,0.000000,4.599986,4.600014
9.824,FOLLOW_LANE,camera lane following,160.500,0.003125,0.750000,0,,NONE,0.000000,4.599986,4.600014
9.856,FOLLOW_LANE,camera lane following,160.500,0.003125,0.750000,0,,NONE,0.000000,4.599986,4.600014
9.888,FOLLOW_LANE,camera lane following,160.500,0.003125,0.750000,0,,NONE,0.000000,4.599986,4.600014
9.920,FOLLOW_LANE,camera lane following,160.500,0.003125,0.750000,0,,NONE,0.000000,4.599986,4.600014
9.952,FOLLOW_LANE,camera lane following,160.500,0.003125,0.750000,0,,NONE,0.000000,4.599986,4.600014
9.984,FOLLOW_LANE,camera lane following,160.500,0.003125,0.750000,0,,NONE,0.000000,4.599986,4.600014
10.016,FOLLOW_LANE,camera lane following,160.500,0.003125,0.750000,0,,NONE,0.000000,4.599986,4.600014
10.048,FOLLOW_LANE,camera lane following,161.000,0.006250,0.750000,0,,NONE,0.000000,4.665615,4.534385
10.080,FOLLOW_LANE,camera lane following,161.000,0.006250,0.750000,0,,NONE,0.000000,4.649994,4.550006
10.112,FOLLOW_LANE,camera lane following,160.500,0.003125,0.750000,0,,NONE,0.000000,4.584369,4.615631
10.144,FOLLOW_LANE,camera lane following,160.500,0.003125,0.750000,0,,NONE,0.000000,4.599994,4.600006
10.176,FOLLOW_LANE,camera lane following,160.500,0.003125,0.750000,0,,NONE,0.000000,4.599994,4.600006
10.208,FOLLOW_LANE,camera lane following,160.500,0.003125,0.750000,0,,NONE,0.000000,4.599994,4.600006
10.240,FOLLOW_LANE,camera lane following,160.500,0.003125,0.750000,0,,NONE,0.000000,4.599994,4.600006
10.272,FOLLOW_LANE,camera lane following,160.500,0.003125,0.750000,0,,NONE,0.000000,4.599994,4.600006
10.304,FOLLOW_LANE,camera lane following,160.500,0.003125,0.750000,0,,NONE,0.000000,4.599994,4.600006
10.336,FOLLOW_LANE,camera lane following,160.500,0.003125,0.750000,0,,NONE,0.000000,4.599994,4.600006
10.368,FOLLOW_LANE,camera lane following,160.500,0.003125,0.750000,0,,NONE,0.000000,4.599994,4.600006
10.400,FOLLOW_LANE,camera lane following,160.000,0.000000,0.750000,0,,NONE,0.000000,4.599994,4.600006
10.432,FOLLOW_LANE,camera lane following,160.000,0.000000,0.750000,0,,NONE,0.000000,4.599994,4.600006
10.464,FOLLOW_LANE,camera lane following,160.000,0.000000,0.750000,0,,NONE,0.000000,4.599994,4.600006
10.496,FOLLOW_LANE,camera lane following,159.500,-0.003125,0.750000,0,,NONE,0.000000,4.599994,4.600006
10.528,FOLLOW_LANE,camera lane following,159.500,-0.003125,0.750000,0,,NONE,0.000000,4.599994,4.600006
10.560,FOLLOW_LANE,camera lane following,159.500,-0.003125,0.750000,0,,NONE,0.000000,4.599994,4.600006
10.592,FOLLOW_LANE,camera lane following,160.000,0.000000,0.750000,0,,NONE,0.000000,4.599994,4.600006
10.624,FOLLOW_LANE,camera lane following,160.000,0.000000,0.750000,0,,NONE,0.000000,4.599994,4.600006
10.656,FOLLOW_LANE,camera lane following,160.000,0.000000,0.750000,0,,NONE,0.000000,4.599994,4.600006
10.688,FOLLOW_LANE,camera lane following,160.000,0.000000,0.750000,0,,NONE,0.000000,4.599994,4.600006
10.720,FOLLOW_LANE,camera lane following,160.500,0.003125,0.750000,0,,NONE,0.000000,4.599994,4.600006
10.752,FOLLOW_LANE,camera lane following,160.500,0.003125,0.750000,0,,NONE,0.000000,4.599994,4.600006
10.784,FOLLOW_LANE,camera lane following,160.500,0.003125,0.750000,0,,NONE,0.000000,4.599994,4.600006
10.816,FOLLOW_LANE,camera lane following,160.500,0.003125,0.750000,0,,NONE,0.000000,4.599994,4.600006
10.848,FOLLOW_LANE,camera lane following,160.500,0.003125,0.750000,0,,NONE,0.000000,4.599994,4.600006
10.880,FOLLOW_LANE,camera lane following,160.500,0.003125,0.750000,0,,NONE,0.000000,4.599994,4.600006
10.912,FOLLOW_LANE,camera lane following,160.000,0.000000,0.750000,0,,NONE,0.000000,4.599994,4.600006
10.944,FOLLOW_LANE,camera lane following,160.000,0.000000,0.750000,0,,NONE,0.000000,4.599994,4.600006
10.976,FOLLOW_LANE,camera lane following,159.500,-0.003125,0.750000,0,,NONE,0.000000,4.599994,4.600006
11.008,FOLLOW_LANE,camera lane following,159.500,-0.003125,0.750000,0,,NONE,0.000000,4.599994,4.600006
11.040,FOLLOW_LANE,camera lane following,159.500,-0.003125,0.750000,0,,NONE,0.000000,4.599994,4.600006
11.072,FOLLOW_LANE,camera lane following,159.500,-0.003125,0.750000,0,,NONE,0.000000,4.599994,4.600006
11.104,FOLLOW_LANE,camera lane following,159.500,-0.003125,0.750000,0,,NONE,0.000000,4.599994,4.600006
11.136,FOLLOW_LANE,camera lane following,159.750,-0.001563,0.750000,0,,NONE,0.000000,4.599994,4.600006
11.168,FOLLOW_LANE,camera lane following,160.000,0.000000,0.750000,0,,NONE,0.000000,4.599994,4.600006
11.200,FOLLOW_LANE,camera lane following,159.000,-0.006250,0.750000,0,,NONE,0.000000,4.534365,4.665635
11.232,FOLLOW_LANE,camera lane following,159.000,-0.006250,0.750000,0,,NONE,0.000000,4.549986,4.650014
11.264,FOLLOW_LANE,camera lane following,159.250,-0.004687,0.750000,0,,NONE,0.000000,4.615611,4.584389
11.296,FOLLOW_LANE,camera lane following,158.500,-0.009375,0.750000,0,,NONE,0.000000,4.501542,4.698457
11.328,FOLLOW_LANE,camera lane following,158.500,-0.009375,0.750000,0,,NONE,0.000000,4.524974,4.675026
11.360,FOLLOW_LANE,camera lane following,158.000,-0.012500,0.750000,0,,NONE,0.000000,4.492153,4.707846
11.392,FOLLOW_LANE,camera lane following,158.500,-0.009375,0.750000,0,,NONE,0.000000,4.532773,4.667227
11.424,FOLLOW_LANE,camera lane following,159.250,-0.004687,0.750000,0,,NONE,0.000000,4.623397,4.576602
11.456,FOLLOW_LANE,camera lane following,159.000,-0.006250,0.750000,0,,NONE,0.000000,4.534331,4.665669
11.488,FOLLOW_LANE,camera lane following,159.000,-0.006250,0.750000,0,,NONE,0.000000,4.549952,4.650048
11.520,FOLLOW_LANE,camera lane following,159.500,-0.003125,0.750000,0,,NONE,0.000000,4.615577,4.584423
11.552,FOLLOW_LANE,camera lane following,159.500,-0.003125,0.750000,0,,NONE,0.000000,4.599952,4.600048
11.584,FOLLOW_LANE,camera lane following,159.000,-0.006250,0.750000,0,,NONE,0.000000,4.534323,4.665677
11.616,FOLLOW_LANE,camera lane following,159.000,-0.006250,0.750000,0,,NONE,0.000000,4.549944,4.650056
11.648,FOLLOW_LANE,camera lane following,159.000,-0.006250,0.750000,0,,NONE,0.000000,4.549940,4.650060
11.680,FOLLOW_LANE,camera lane following,159.000,-0.006250,0.750000,0,,NONE,0.000000,4.549936,4.650064
11.712,FOLLOW_LANE,camera lane following,159.000,-0.006250,0.750000,0,,NONE,0.000000,4.549932,4.650068
11.744,FOLLOW_LANE,camera lane following,158.500,-0.009375,0.750000,0,,NONE,0.000000,4.517113,4.682886
11.776,FOLLOW_LANE,camera lane following,158.500,-0.009375,0.750000,0,,NONE,0.000000,4.524920,4.675080
11.808,FOLLOW_LANE,camera lane following,158.500,-0.009375,0.750000,0,,NONE,0.000000,4.524914,4.675086
11.840,FOLLOW_LANE,camera lane following,158.500,-0.009375,0.750000,0,,NONE,0.000000,4.524908,4.675092
11.872,FOLLOW_LANE,camera lane following,159.000,-0.006250,0.750000,0,,NONE,0.000000,4.557716,4.642283
11.904,FOLLOW_LANE,camera lane following,159.000,-0.006250,0.750000,0,,NONE,0.000000,4.549900,4.650100
11.936,FOLLOW_LANE,camera lane following,159.000,-0.006250,0.750000,0,,NONE,0.000000,4.549896,4.650104
11.968,FOLLOW_LANE,camera lane following,159.000,-0.006250,0.750000,0,,NONE,0.000000,4.549892,4.650108
12.000,FOLLOW_LANE,camera lane following,158.500,-0.009375,0.750000,0,,NONE,0.000000,4.517073,4.682926
12.032,FOLLOW_LANE,camera lane following,158.500,-0.009375,0.750000,0,,NONE,0.000000,4.524880,4.675120
12.064,FOLLOW_LANE,camera lane following,158.750,-0.007812,0.750000,0,,NONE,0.000000,4.541281,4.658719
12.096,FOLLOW_LANE,camera lane following,158.000,-0.012500,0.750000,0,,NONE,0.000000,4.488148,4.711852
12.128,FOLLOW_LANE,camera lane following,158.000,-0.012500,0.750000,0,,NONE,0.000000,4.499859,4.700141
12.160,FOLLOW_LANE,camera lane following,158.000,-0.012500,0.750000,0,,NONE,0.000000,4.499851,4.700149
12.192,FOLLOW_LANE,camera lane following,158.000,-0.012500,0.750000,0,,NONE,0.000000,4.499843,4.700157
12.224,FOLLOW_LANE,camera lane following,158.000,-0.012500,0.750000,0,,NONE,0.000000,4.499835,4.700165
12.256,FOLLOW_LANE,camera lane following,158.000,-0.012500,0.750000,0,,NONE,0.000000,4.499827,4.700173
12.288,FOLLOW_LANE,camera lane following,158.000,-0.012500,0.750000,0,,NONE,0.000000,4.499819,4.700181
12.320,FOLLOW_LANE,camera lane following,158.000,-0.012500,0.750000,0,,NONE,0.000000,4.499811,4.700189
12.352,FOLLOW_LANE,camera lane following,157.500,-0.015625,0.750000,0,,NONE,0.000000,4.466988,4.733011
12.384,FOLLOW_LANE,camera lane following,157.250,-0.017188,0.750000,0,,NONE,0.000000,4.458384,4.741616
12.416,FOLLOW_LANE,camera lane following,157.000,-0.018750,0.750000,0,,NONE,0.000000,4.445872,4.754128
12.448,FOLLOW_LANE,camera lane following,157.000,-0.018750,0.750000,0,,NONE,0.000000,4.449766,4.750234
12.480,FOLLOW_LANE,camera lane following,157.000,-0.018750,0.750000,0,,NONE,0.000000,4.449754,4.750246
12.512,FOLLOW_LANE,camera lane following,157.500,-0.015625,0.750000,0,,NONE,0.000000,4.482556,4.717443
12.544,FOLLOW_LANE,camera lane following,157.500,-0.015625,0.750000,0,,NONE,0.000000,4.474734,4.725266
12.576,FOLLOW_LANE,camera lane following,158.500,-0.009375,0.750000,0,,NONE,0.000000,4.540353,4.659647
12.608,FOLLOW_LANE,camera lane following,159.000,-0.006250,0.750000,0,,NONE,0.000000,4.557536,4.642463
12.640,FOLLOW_LANE,camera lane following,162.000,0.012500,0.750000,0,,NONE,0.000000,4.746607,4.453393
12.672,FOLLOW_LANE,camera lane following,159.500,-0.003125,0.750000,0,,NONE,0.000000,4.568482,4.631518
12.704,FOLLOW_LANE,camera lane following,155.000,-0.031250,0.750000,0,,NONE,0.000000,4.271587,4.928413
12.736,FOLLOW_LANE,camera lane following,155.000,-0.031250,0.750000,0,,NONE,0.000000,4.349692,4.850308
12.768,FOLLOW_LANE,camera lane following,155.000,-0.031250,0.750000,0,,NONE,0.000000,4.349672,4.850328
12.800,FOLLOW_LANE,camera lane following,155.500,-0.028125,0.750000,0,,NONE,0.000000,4.382466,4.817533
12.832,FOLLOW_LANE,camera lane following,156.000,-0.025000,0.750000,0,,NONE,0.000000,4.407450,4.792549
12.864,FOLLOW_LANE,camera lane following,156.000,-0.025000,0.750000,0,,NONE,0.000000,4.399622,4.800378
12.896,FOLLOW_LANE,camera lane following,156.500,-0.021875,0.750000,0,,NONE,0.000000,4.432420,4.767580
12.928,FOLLOW_LANE,camera lane following,156.500,-0.021875,0.750000,0,,NONE,0.000000,4.424594,4.775406
12.960,FOLLOW_LANE,camera lane following,156.500,-0.021875,0.750000,0,,NONE,0.000000,4.424580,4.775420
12.992,FOLLOW_LANE,camera lane following,156.500,-0.021875,0.750000,0,,NONE,0.000000,4.424566,4.775434
13.024,FOLLOW_LANE,camera lane following,157.500,-0.015625,0.750000,0,,NONE,0.000000,4.490181,4.709819
13.056,FOLLOW_LANE,camera lane following,157.500,-0.015625,0.750000,0,,NONE,0.000000,4.474546,4.725454
13.088,FOLLOW_LANE,camera lane following,157.500,-0.015625,0.750000,0,,NONE,0.000000,4.474536,4.725464
13.120,FOLLOW_LANE,camera lane following,158.000,-0.012500,0.750000,0,,NONE,0.000000,4.507340,4.692659
13.152,FOLLOW_LANE,camera lane following,158.500,-0.009375,0.750000,0,,NONE,0.000000,4.532334,4.667666
13.184,FOLLOW_LANE,camera lane following,158.500,-0.009375,0.750000,0,,NONE,0.000000,4.524516,4.675484
13.216,FOLLOW_LANE,camera lane following,159.000,-0.006250,0.750000,0,,NONE,0.000000,4.557325,4.642675
13.248,FOLLOW_LANE,camera lane following,160.000,0.000000,0.750000,0,,NONE,0.000000,4.615137,4.584863
13.280,FOLLOW_LANE,camera lane following,160.500,0.003125,0.750000,0,,NONE,0.000000,4.599512,4.600488
13.312,FOLLOW_LANE,camera lane following,162.000,0.012500,0.750000,0,,NONE,0.000000,4.730770,4.469230
13.344,FOLLOW_LANE,camera lane following,163.500,0.021875,0.750000,0,,NONE,0.000000,4.797972,4.402028
13.376,FOLLOW_LANE,camera lane following,165.500,0.034375,0.750000,0,,NONE,0.000000,4.905806,4.294194
13.408,FOLLOW_LANE,camera lane following,167.500,0.046875,0.750000,0,,NONE,0.000000,5.005836,4.194164
13.440,FOLLOW_LANE,camera lane following,157.500,-0.015625,0.750000,0,,NONE,0.000000,4.318326,4.881674
13.472,FOLLOW_LANE,camera lane following,134.000,-0.162500,0.750000,0,,NONE,0.000000,2.932284,6.267715
13.504,FOLLOW_LANE,camera lane following,136.500,-0.146875,0.750000,0,,NONE,0.000000,3.463440,5.736559
13.536,FOLLOW_LANE,camera lane following,136.500,-0.146875,0.750000,0,,NONE,0.000000,3.424284,5.775716
13.568,FOLLOW_LANE,camera lane following,154.500,-0.034375,0.750000,0,,NONE,0.000000,4.605512,4.594488
13.600,FOLLOW_LANE,camera lane following,155.000,-0.031250,0.750000,0,,NONE,0.000000,4.357054,4.842945
13.632,FOLLOW_LANE,camera lane following,155.000,-0.031250,0.750000,0,,NONE,0.000000,4.349222,4.850778
13.664,FOLLOW_LANE,camera lane following,155.500,-0.028125,0.750000,0,,NONE,0.000000,4.382016,4.817983
13.696,FOLLOW_LANE,camera lane following,156.000,-0.025000,0.750000,0,,NONE,0.000000,4.407000,4.792999
13.728,FOLLOW_LANE,camera lane following,156.500,-0.021875,0.750000,0,,NONE,0.000000,4.431986,4.768013
13.760,FOLLOW_LANE,camera lane following,156.500,-0.021875,0.750000,0,,NONE,0.000000,4.424160,4.775840
13.792,FOLLOW_LANE,camera lane following,157.000,-0.018750,0.750000,0,,NONE,0.000000,4.456960,4.743040
13.824,FOLLOW_LANE,camera lane following,157.500,-0.015625,0.750000,0,,NONE,0.000000,4.481950,4.718049
13.856,FOLLOW_LANE,camera lane following,157.500,-0.015625,0.750000,0,,NONE,0.000000,4.474128,4.725872
13.888,FOLLOW_LANE,camera lane following,157.500,-0.015625,0.750000,0,,NONE,0.000000,4.474118,4.725882
13.920,FOLLOW_LANE,camera lane following,158.500,-0.009375,0.750000,0,,NONE,0.000000,4.539737,4.660263
13.952,FOLLOW_LANE,camera lane following,158.500,-0.009375,0.750000,0,,NONE,0.000000,4.524106,4.675894
13.984,FOLLOW_LANE,camera lane following,159.000,-0.006250,0.750000,0,,NONE,0.000000,4.556914,4.643085
14.016,FOLLOW_LANE,camera lane following,159.500,-0.003125,0.750000,0,,NONE,0.000000,4.614727,4.585273
14.048,FOLLOW_LANE,camera lane following,161.500,0.009375,0.750000,0,,NONE,0.000000,4.697545,4.502454
14.080,FOLLOW_LANE,camera lane following,163.000,0.018750,0.750000,0,,NONE,0.000000,4.772557,4.427442
14.112,FOLLOW_LANE,camera lane following,163.500,0.021875,0.750000,0,,NONE,0.000000,4.781946,4.418054
14.144,FOLLOW_LANE,camera lane following,164.500,0.028125,0.750000,0,,NONE,0.000000,4.839777,4.360223
14.176,FOLLOW_LANE,camera lane following,165.000,0.031250,0.750000,0,,NONE,0.000000,4.856984,4.343015
14.208,FOLLOW_LANE,camera lane following,166.500,0.040625,0.750000,0,,NONE,0.000000,4.947635,4.252364
14.240,FOLLOW_LANE,camera lane following,164.500,0.028125,0.750000,0,,NONE,0.000000,4.792966,4.407034
14.272,FOLLOW_LANE,camera lane following,138.500,-0.134375,0.750000,0,,NONE,0.000000,3.117880,6.082120
14.304,FOLLOW_LANE,camera lane following,137.000,-0.143750,0.750000,0,,NONE,0.000000,3.425600,5.774399
14.336,FOLLOW_LANE,camera lane following,137.500,-0.140625,0.750000,0,,NONE,0.000000,3.481760,5.718239
14.368,FOLLOW_LANE,camera lane following,136.000,-0.150000,0.750000,0,,NONE,0.000000,3.375414,5.824585
14.400,FOLLOW_LANE,camera lane following,168.500,0.053125,0.750000,0,,NONE,0.000000,5.531698,3.668301
14.432,FOLLOW_LANE,camera lane following,161.500,0.009375,0.750000,0,,NONE,0.000000,4.564517,4.635483
14.464,FOLLOW_LANE,camera lane following,160.000,0.000000,0.750000,0,,NONE,0.000000,4.575454,4.624545
14.496,FOLLOW_LANE,camera lane following,158.500,-0.009375,0.750000,0,,NONE,0.000000,4.500449,4.699551
14.528,FOLLOW_LANE,camera lane following,160.000,0.000000,0.750000,0,,NONE,0.000000,4.622323,4.577676
14.560,FOLLOW_LANE,camera lane following,160.000,0.000000,0.750000,0,,NONE,0.000000,4.598886,4.601114
14.592,FOLLOW_LANE,camera lane following,155.500,-0.028125,0.750000,0,,NONE,0.000000,4.303555,4.896444
14.624,FOLLOW_LANE,camera lane following,152.500,-0.046875,0.750000,0,,NONE,0.000000,4.176963,5.023037
14.656,FOLLOW_LANE,camera lane following,153.000,-0.043750,0.750000,0,,NONE,0.000000,4.256622,4.943377
14.688,FOLLOW_LANE,camera lane following,154.000,-0.037500,0.750000,0,,NONE,0.000000,4.314411,4.885589
14.720,FOLLOW_LANE,camera lane following,154.000,-0.037500,0.750000,0,,NONE,0.000000,4.298762,4.901238
14.752,FOLLOW_LANE,camera lane following,154.500,-0.034375,0.750000,0,,NONE,0.000000,4.331552,4.868447
14.784,FOLLOW_LANE,camera lane following,155.500,-0.028125,0.750000,0,,NONE,0.000000,4.389347,4.810653
14.816,FOLLOW_LANE,camera lane following,156.000,-0.025000,0.750000,0,,NONE,0.000000,4.406518,4.793481
14.848,FOLLOW_LANE,camera lane following,157.500,-0.015625,0.750000,0,,NONE,0.000000,4.497133,4.702866
14.880,FOLLOW_LANE,camera lane following,159.000,-0.006250,0.750000,0,,NONE,0.000000,4.572129,4.627870
14.912,FOLLOW_LANE,camera lane following,160.000,0.000000,0.750000,0,,NONE,0.000000,4.614317,4.585683
14.944,FOLLOW_LANE,camera lane following,160.500,0.003125,0.750000,0,,NONE,0.000000,4.598692,4.601308
14.976,FOLLOW_LANE,camera lane following,160.500,0.003125,0.750000,0,,NONE,0.000000,4.598692,4.601308
15.008,FOLLOW_LANE,camera lane following,162.000,0.012500,0.750000,0,,NONE,0.000000,4.729950,4.470050
15.040,FOLLOW_LANE,camera lane following,164.000,0.025000,0.750000,0,,NONE,0.000000,4.829966,4.370034
15.072,FOLLOW_LANE,camera lane following,165.500,0.034375,0.750000,0,,NONE,0.000000,4.897175,4.302824
15.104,FOLLOW_LANE,camera lane following,149.000,-0.068750,0.750000,0,,NONE,0.000000,3.790881,5.409118
15.136,FOLLOW_LANE,camera lane following,137.000,-0.143750,0.750000,0,,NONE,0.000000,3.261102,5.938898
15.168,FOLLOW_LANE,camera lane following,140.000,-0.125000,0.750000,0,,NONE,0.000000,3.645397,5.554603
15.200,FOLLOW_LANE,camera lane following,138.000,-0.137500,0.750000,0,,NONE,0.000000,3.467184,5.732816
15.232,FOLLOW_LANE,camera lane following,162.500,0.015625,0.750000,0,,NONE,0.000000,5.106256,4.093743
15.264,FOLLOW_LANE,camera lane following,157.500,-0.015625,0.750000,0,,NONE,0.000000,4.395309,4.804691
15.296,FOLLOW_LANE,camera lane following,156.000,-0.025000,0.750000,0,,NONE,0.000000,4.374980,4.825019
15.328,FOLLOW_LANE,camera lane following,155.000,-0.031250,0.750000,0,,NONE,0.000000,4.332773,4.867227
15.360,FOLLOW_LANE,camera lane following,156.500,-0.021875,0.750000,0,,NONE,0.000000,4.446821,4.753178
15.392,FOLLOW_LANE,camera lane following,156.500,-0.021875,0.750000,0,,NONE,0.000000,4.423370,4.776630
15.424,FOLLOW_LANE,camera lane following,153.000,-0.043750,0.750000,0,,NONE,0.000000,4.193655,5.006345
15.456,FOLLOW_LANE,camera lane following,152.000,-0.050000,0.750000,0,,NONE,0.000000,4.182685,5.017315
15.488,FOLLOW_LANE,camera lane following,152.500,-0.046875,0.750000,0,,NONE,0.000000,4.231092,4.968907
15.520,FOLLOW_LANE,camera lane following,153.000,-0.043750,0.750000,0,,NONE,0.000000,4.256064,4.943935
15.552,FOLLOW_LANE,camera lane following,153.000,-0.043750,0.750000,0,,NONE,0.000000,4.248224,4.951776
15.584,FOLLOW_LANE,camera lane following,154.000,-0.037500,0.750000,0,,NONE,0.000000,4.313825,4.886175
15.616,FOLLOW_LANE,camera lane following,154.500,-0.034375,0.750000,0,,NONE,0.000000,4.330990,4.869009
15.648,FOLLOW_LANE,camera lane following,155.000,-0.031250,0.750000,0,,NONE,0.000000,4.355970,4.844029
15.680,FOLLOW_LANE,camera lane following,156.000,-0.025000,0.750000,0,,NONE,0.000000,4.413767,4.786233
15.712,FOLLOW_LANE,camera lane following,156.500,-0.021875,0.750000,0,,NONE,0.000000,4.430940,4.769060
15.744,FOLLOW_LANE,camera lane following,157.500,-0.015625,0.750000,0,,NONE,0.000000,4.488743,4.711257
15.776,FOLLOW_LANE,camera lane following,158.000,-0.012500,0.750000,0,,NONE,0.000000,4.505922,4.694077
15.808,FOLLOW_LANE,camera lane following,159.000,-0.006250,0.750000,0,,NONE,0.000000,4.563731,4.636269
15.840,FOLLOW_LANE,camera lane following,161.000,0.006250,0.750000,0,,NONE,0.000000,4.679360,4.520640
15.872,FOLLOW_LANE,camera lane following,162.500,0.015625,0.750000,0,,NONE,0.000000,4.746557,4.453442
15.904,FOLLOW_LANE,camera lane following,165.000,0.031250,0.750000,0,,NONE,0.000000,4.887202,4.312797
15.936,FOLLOW_LANE,camera lane following,161.000,0.006250,0.750000,0,,NONE,0.000000,4.585644,4.614356
15.968,FOLLOW_LANE,camera lane following,138.500,-0.134375,0.750000,0,,NONE,0.000000,3.171495,6.028504
16.000,FOLLOW_LANE,camera lane following,137.500,-0.140625,0.750000,0,,NONE,0.000000,3.457343,5.742657
16.032,FOLLOW_LANE,camera lane following,138.250,-0.135937,0.750000,0,,NONE,0.000000,3.522100,5.677900
16.064,FOLLOW_LANE,camera lane following,156.000,-0.025000,0.750000,0,,NONE,0.000000,4.675209,4.524791
16.096,FOLLOW_LANE,camera lane following,154.000,-0.037500,0.750000,0,,NONE,0.000000,4.266591,4.933409
16.128,FOLLOW_LANE,camera lane following,153.000,-0.043750,0.750000,0,,NONE,0.000000,4.232188,4.967812
16.160,FOLLOW_LANE,camera lane following,152.500,-0.046875,0.750000,0,,NONE,0.000000,4.214970,4.985029
16.192,FOLLOW_LANE,camera lane following,154.000,-0.037500,0.750000,0,,NONE,0.000000,4.321196,4.878804
16.224,FOLLOW_LANE,camera lane following,154.500,-0.034375,0.750000,0,,NONE,0.000000,4.330550,4.869450
16.256,FOLLOW_LANE,camera lane following,153.500,-0.040625,0.750000,0,,NONE,0.000000,4.257086,4.942914
16.288,FOLLOW_LANE,camera lane following,152.000,-0.050000,0.750000,0,,NONE,0.000000,4.174241,5.025758
16.320,FOLLOW_LANE,camera lane following,152.500,-0.046875,0.750000,0,,NONE,0.000000,4.230461,4.969538
16.352,FOLLOW_LANE,camera lane following,153.000,-0.043750,0.750000,0,,NONE,0.000000,4.255433,4.944566
16.384,FOLLOW_LANE,camera lane following,153.000,-0.043750,0.750000,0,,NONE,0.000000,4.247593,4.952407
16.416,FOLLOW_LANE,camera lane following,154.000,-0.037500,0.750000,0,,NONE,0.000000,4.313194,4.886806
16.448,FOLLOW_LANE,camera lane following,154.000,-0.037500,0.750000,0,,NONE,0.000000,4.297545,4.902455
16.480,FOLLOW_LANE,camera lane following,155.500,-0.028125,0.750000,0,,NONE,0.000000,4.395964,4.804035
16.512,FOLLOW_LANE,camera lane following,156.750,-0.020313,0.750000,0,,NONE,0.000000,4.454545,4.745455
16.544,FOLLOW_LANE,camera lane following,157.000,-0.018750,0.750000,0,,NONE,0.000000,4.451408,4.748592
16.576,FOLLOW_LANE,camera lane following,157.500,-0.015625,0.750000,0,,NONE,0.000000,4.480304,4.719695
16.608,FOLLOW_LANE,camera lane following,158.500,-0.009375,0.750000,0,,NONE,0.000000,4.538111,4.661889
16.640,FOLLOW_LANE,camera lane following,159.000,-0.006250,0.750000,0,,NONE,0.000000,4.555294,4.644705
16.672,FOLLOW_LANE,camera lane following,160.500,0.003125,0.750000,0,,NONE,0.000000,4.613107,4.586893
16.704,FOLLOW_LANE,camera lane following,163.000,0.018750,0.750000,0,,NONE,0.000000,4.794369,4.405631
16.736,FOLLOW_LANE,camera lane following,164.500,0.028125,0.750000,0,,NONE,0.000000,4.845949,4.354050
16.768,FOLLOW_LANE,camera lane following,165.000,0.031250,0.750000,0,,NONE,0.000000,4.855344,4.344656
16.800,FOLLOW_LANE,camera lane following,142.000,-0.112500,0.750000,0,,NONE,0.000000,3.338085,5.861915
16.832,FOLLOW_LANE,camera lane following,137.000,-0.143750,0.750000,0,,NONE,0.000000,3.369243,5.830757
16.864,FOLLOW_LANE,camera lane following,137.500,-0.140625,0.750000,0,,NONE,0.000000,3.480090,5.719909
16.896,FOLLOW_LANE,camera lane following,154.000,-0.037500,0.750000,0,,NONE,0.000000,4.555066,4.644933
16.928,FOLLOW_LANE,camera lane following,152.000,-0.050000,0.750000,0,,NONE,0.000000,4.165972,5.034028
16.960,FOLLOW_LANE,camera lane following,152.000,-0.050000,0.750000,0,,NONE,0.000000,4.197190,5.002810
16.992,FOLLOW_LANE,camera lane following,151.500,-0.053125,0.750000,0,,NONE,0.000000,4.164343,5.035656
17.024,FOLLOW_LANE,camera lane following,153.000,-0.043750,0.750000,0,,NONE,0.000000,4.270566,4.929434
17.056,FOLLOW_LANE,camera lane following,154.000,-0.037500,0.750000,0,,NONE,0.000000,4.312729,4.887271
17.088,FOLLOW_LANE,camera lane following,153.500,-0.040625,0.750000,0,,NONE,0.000000,4.264265,4.935734
17.120,FOLLOW_LANE,camera lane following,152.000,-0.050000,0.750000,0,,NONE,0.000000,4.173608,5.026391
17.152,FOLLOW_LANE,camera lane following,153.000,-0.043750,0.750000,0,,NONE,0.000000,4.262643,4.937357
17.184,FOLLOW_LANE,camera lane following,153.500,-0.040625,0.750000,0,,NONE,0.000000,4.279805,4.920195
17.216,FOLLOW_LANE,camera lane following,153.500,-0.040625,0.750000,0,,NONE,0.000000,4.271966,4.928034
17.248,FOLLOW_LANE,camera lane following,154.000,-0.037500,0.750000,0,,NONE,0.000000,4.304754,4.895245
17.280,FOLLOW_LANE,camera lane following,155.000,-0.031250,0.750000,0,,NONE,0.000000,4.362547,4.837453
17.312,FOLLOW_LANE,camera lane following,155.500,-0.028125,0.750000,0,,NONE,0.000000,4.379716,4.820283
17.344,FOLLOW_LANE,camera lane following,156.000,-0.025000,0.750000,0,,NONE,0.000000,4.404700,4.795299
17.376,FOLLOW_LANE,camera lane following,157.000,-0.018750,0.750000,0,,NONE,0.000000,4.462501,4.737499
17.408,FOLLOW_LANE,camera lane following,157.500,-0.015625,0.750000,0,,NONE,0.000000,4.479678,4.720321
17.440,FOLLOW_LANE,camera lane following,158.000,-0.012500,0.750000,0,,NONE,0.000000,4.504670,4.695329
17.472,FOLLOW_LANE,camera lane following,159.500,-0.003125,0.750000,0,,NONE,0.000000,4.628108,4.571892
17.504,FOLLOW_LANE,camera lane following,161.000,0.006250,0.750000,0,,NONE,0.000000,4.662487,4.537513
17.536,FOLLOW_LANE,camera lane following,163.000,0.018750,0.750000,0,,NONE,0.000000,4.778124,4.421876
17.568,FOLLOW_LANE,camera lane following,164.500,0.028125,0.750000,0,,NONE,0.000000,4.845330,4.354670
17.600,FOLLOW_LANE,camera lane following,166.000,0.037500,0.750000,0,,NONE,0.000000,4.920354,4.279646
17.632,FOLLOW_LANE,camera lane following,145.250,-0.092188,0.750000,0,,NONE,0.000000,3.535138,5.664862
17.664,FOLLOW_LANE,camera lane following,137.750,-0.139063,0.750000,0,,NONE,0.000000,3.367080,5.832919
17.696,FOLLOW_LANE,camera lane following,138.250,-0.135937,0.750000,0,,NONE,0.000000,3.516993,5.683006
17.728,FOLLOW_LANE,camera lane following,151.500,-0.053125,0.750000,0,,NONE,0.000000,4.378678,4.821322
17.760,FOLLOW_LANE,camera lane following,152.000,-0.050000,0.750000,0,,NONE,0.000000,4.204427,4.995572
17.792,FOLLOW_LANE,camera lane following,151.500,-0.053125,0.750000,0,,NONE,0.000000,4.163768,5.036231
17.824,FOLLOW_LANE,camera lane following,152.000,-0.050000,0.750000,0,,NONE,0.000000,4.204361,4.995639
17.856,FOLLOW_LANE,camera lane following,153.000,-0.043750,0.750000,0,,NONE,0.000000,4.262146,4.937854
17.888,FOLLOW_LANE,camera lane following,154.000,-0.037500,0.750000,0,,NONE,0.000000,4.312122,4.887878
17.920,FOLLOW_LANE,camera lane following,154.000,-0.037500,0.750000,0,,NONE,0.000000,4.296473,4.903527
17.952,FOLLOW_LANE,camera lane following,152.500,-0.046875,0.750000,0,,NONE,0.000000,4.198005,5.001994
17.984,FOLLOW_LANE,camera lane following,153.500,-0.040625,0.750000,0,,NONE,0.000000,4.287042,4.912958
18.016,FOLLOW_LANE,camera lane following,154.000,-0.037500,0.750000,0,,NONE,0.000000,4.304205,4.895795
18.048,FOLLOW_LANE,camera lane following,154.500,-0.034375,0.750000,0,,NONE,0.000000,4.329183,4.870817
18.080,FOLLOW_LANE,camera lane following,154.500,-0.034375,0.750000,0,,NONE,0.000000,4.321349,4.878651
18.112,FOLLOW_LANE,camera lane following,155.000,-0.031250,0.750000,0,,NONE,0.000000,4.354141,4.845858
18.144,FOLLOW_LANE,camera lane following,156.000,-0.025000,0.750000,0,,NONE,0.000000,4.411938,4.788062
18.176,FOLLOW_LANE,camera lane following,156.500,-0.021875,0.750000,0,,NONE,0.000000,4.429111,4.770888
18.208,FOLLOW_LANE,camera lane following,157.000,-0.018750,0.750000,0,,NONE,0.000000,4.454099,4.745900
18.240,FOLLOW_LANE,camera lane following,157.500,-0.015625,0.750000,0,,NONE,0.000000,4.479089,4.720910
18.272,FOLLOW_LANE,camera lane following,158.500,-0.009375,0.750000,0,,NONE,0.000000,4.536896,4.663104
18.304,FOLLOW_LANE,camera lane following,159.000,-0.006250,0.750000,0,,NONE,0.000000,4.554079,4.645920
18.336,FOLLOW_LANE,camera lane following,161.000,0.006250,0.750000,0,,NONE,0.000000,4.677521,4.522479
18.368,FOLLOW_LANE,camera lane following,162.000,0.012500,0.750000,0,,NONE,0.000000,4.711904,4.488096
18.400,FOLLOW_LANE,camera lane following,164.000,0.025000,0.750000,0,,NONE,0.000000,4.827545,4.372455
18.432,FOLLOW_LANE,camera lane following,166.500,0.040625,0.750000,0,,NONE,0.000000,4.960383,4.239616
18.464,FOLLOW_LANE,camera lane following,159.000,-0.006250,0.750000,0,,NONE,0.000000,4.429129,4.770871
18.496,FOLLOW_LANE,camera lane following,137.000,-0.143750,0.750000,0,,NONE,0.000000,3.102475,6.097525
18.528,FOLLOW_LANE,camera lane following,137.750,-0.139063,0.750000,0,,NONE,0.000000,3.495355,5.704645
18.560,FOLLOW_LANE,camera lane following,130.500,-0.184375,0.750000,0,,NONE,0.000000,3.007737,6.192263
18.592,FOLLOW_LANE,camera lane following,152.000,-0.050000,0.750000,0,,NONE,0.000000,4.531923,4.668076
18.624,FOLLOW_LANE,camera lane following,150.500,-0.059375,0.750000,0,,NONE,0.000000,4.097510,5.102489
18.656,FOLLOW_LANE,camera lane following,151.500,-0.053125,0.750000,0,,NONE,0.000000,4.186539,5.013461
18.688,FOLLOW_LANE,camera lane following,151.000,-0.056250,0.750000,0,,NONE,0.000000,4.138065,5.061934
18.720,FOLLOW_LANE,camera lane following,153.000,-0.043750,0.750000,0,,NONE,0.000000,4.277100,4.922900
18.752,FOLLOW_LANE,camera lane following,154.000,-0.037500,0.750000,0,,NONE,0.000000,4.311451,4.888549
18.784,FOLLOW_LANE,camera lane following,152.500,-0.046875,0.750000,0,,NONE,0.000000,4.197358,5.002641
18.816,FOLLOW_LANE,camera lane following,153.000,-0.043750,0.750000,0,,NONE,0.000000,4.253580,4.946419
18.848,FOLLOW_LANE,camera lane following,153.000,-0.043750,0.750000,0,,NONE,0.000000,4.245740,4.954260
18.880,FOLLOW_LANE,camera lane following,153.500,-0.040625,0.750000,0,,NONE,0.000000,4.278526,4.921473
18.912,FOLLOW_LANE,camera lane following,154.000,-0.037500,0.750000,0,,NONE,0.000000,4.303502,4.896497
18.944,FOLLOW_LANE,camera lane following,155.000,-0.031250,0.750000,0,,NONE,0.000000,4.361295,4.838705
18.976,FOLLOW_LANE,camera lane following,155.000,-0.031250,0.750000,0,,NONE,0.000000,4.345650,4.854350
19.008,FOLLOW_LANE,camera lane following,155.500,-0.028125,0.750000,0,,NONE,0.000000,4.378444,4.821555
19.040,FOLLOW_LANE,camera lane following,156.000,-0.025000,0.750000,0,,NONE,0.000000,4.403428,4.796571
19.072,FOLLOW_LANE,camera lane following,157.000,-0.018750,0.750000,0,,NONE,0.000000,4.461229,4.738771
19.104,FOLLOW_LANE,camera lane following,158.000,-0.012500,0.750000,0,,NONE,0.000000,4.511221,4.688779
19.136,FOLLOW_LANE,camera lane following,159.000,-0.006250,0.750000,0,,NONE,0.000000,4.561217,4.638783
19.168,FOLLOW_LANE,camera lane following,160.000,0.000000,0.750000,0,,NONE,0.000000,4.611217,4.588783
19.200,FOLLOW_LANE,camera lane following,162.500,0.015625,0.750000,0,,NONE,0.000000,4.759664,4.440335
19.232,FOLLOW_LANE,camera lane following,164.000,0.025000,0.750000,0,,NONE,0.000000,4.819055,4.380945
19.264,FOLLOW_LANE,camera lane following,163.000,0.018750,0.750000,0,,NONE,0.000000,4.730005,4.469995
19.296,FOLLOW_LANE,camera lane following,140.000,-0.125000,0.750000,0,,NONE,0.000000,3.236175,5.963825
19.328,FOLLOW_LANE,camera lane following,137.000,-0.143750,0.750000,0,,NONE,0.000000,3.398583,5.801417
19.360,FOLLOW_LANE,camera lane following,137.500,-0.140625,0.750000,0,,NONE,0.000000,3.478180,5.721819
19.392,FOLLOW_LANE,camera lane following,151.500,-0.053125,0.750000,0,,NONE,0.000000,4.389084,4.810916
19.424,FOLLOW_LANE,camera lane following,157.000,-0.018750,0.750000,0,,NONE,0.000000,4.531259,4.668740
19.456,FOLLOW_LANE,camera lane following,154.500,-0.034375,0.750000,0,,NONE,0.000000,4.281237,4.918762
19.488,FOLLOW_LANE,camera lane following,154.000,-0.037500,0.750000,0,,NONE,0.000000,4.287463,4.912536
19.520,FOLLOW_LANE,camera lane following,154.500,-0.034375,0.750000,0,,NONE,0.000000,4.328066,4.871933
19.552,FOLLOW_LANE,camera lane following,156.250,-0.023438,0.750000,0,,NONE,0.000000,4.435083,4.764917
19.584,FOLLOW_LANE,camera lane following,155.500,-0.028125,0.750000,0,,NONE,0.000000,4.358502,4.841498
19.616,FOLLOW_LANE,camera lane following,152.000,-0.050000,0.750000,0,,NONE,0.000000,4.140501,5.059499
19.648,FOLLOW_LANE,camera lane following,152.000,-0.050000,0.750000,0,,NONE,0.000000,4.195157,5.004843
19.680,FOLLOW_LANE,camera lane following,152.500,-0.046875,0.750000,0,,NONE,0.000000,4.227939,4.972060
19.712,FOLLOW_LANE,camera lane following,153.000,-0.043750,0.750000,0,,NONE,0.000000,4.252911,4.947088
19.744,FOLLOW_LANE,camera lane following,153.000,-0.043750,0.750000,0,,NONE,0.000000,4.245071,4.954929
19.776,FOLLOW_LANE,camera lane following,154.500,-0.034375,0.750000,0,,NONE,0.000000,4.343487,4.856513
19.808,FOLLOW_LANE,camera lane following,155.000,-0.031250,0.750000,0,,NONE,0.000000,4.352841,4.847158
19.840,FOLLOW_LANE,camera lane following,155.750,-0.026562,0.750000,0,,NONE,0.000000,4.394231,4.805769
19.872,FOLLOW_LANE,camera lane following,156.500,-0.021875,0.750000,0,,NONE,0.000000,4.431717,4.768283
19.904,FOLLOW_LANE,camera lane following,157.500,-0.015625,0.750000,0,,NONE,0.000000,4.485613,4.714387
19.936,FOLLOW_LANE,camera lane following,159.000,-0.006250,0.750000,0,,NONE,0.000000,4.568421,4.631578
19.968,FOLLOW_LANE,camera lane following,159.500,-0.003125,0.750000,0,,NONE,0.000000,4.610609,4.589391
20.000,FOLLOW_LANE,camera lane following,161.000,0.006250,0.750000,0,,NONE,0.000000,4.660613,4.539387
20.032,FOLLOW_LANE,camera lane following,162.500,0.015625,0.750000,0,,NONE,0.000000,4.743435,4.456564
20.064,FOLLOW_LANE,camera lane following,164.000,0.025000,0.750000,0,,NONE,0.000000,4.818452,4.381548
20.096,FOLLOW_LANE,camera lane following,151.500,-0.053125,0.750000,0,,NONE,0.000000,3.974667,5.225332
20.128,FOLLOW_LANE,camera lane following,136.000,-0.150000,0.750000,0,,NONE,0.000000,3.152696,6.047303
20.160,FOLLOW_LANE,camera lane following,138.000,-0.137500,0.750000,0,,NONE,0.000000,3.526046,5.673954
20.192,FOLLOW_LANE,camera lane following,137.000,-0.143750,0.750000,0,,NONE,0.000000,3.429079,5.770921
20.224,FOLLOW_LANE,camera lane following,144.500,-0.096875,0.750000,0,,NONE,0.000000,3.936829,5.263170
20.256,FOLLOW_LANE,camera lane following,146.500,-0.084375,0.750000,0,,NONE,0.000000,3.950838,5.249162
20.288,FOLLOW_LANE,camera lane following,139.000,-0.131250,0.750000,0,,NONE,0.000000,3.427316,5.772683
20.320,FOLLOW_LANE,camera lane following,139.750,-0.126562,0.750000,0,,NONE,0.000000,3.593642,5.606358
20.352,FOLLOW_LANE,camera lane following,144.000,-0.100000,0.750000,0,,NONE,0.000000,3.860765,5.339235
20.384,FOLLOW_LANE,camera lane following,147.000,-0.081250,0.750000,0,,NONE,0.000000,3.991182,5.208818
20.416,FOLLOW_LANE,camera lane following,149.000,-0.068750,0.750000,0,,NONE,0.000000,4.075513,5.124487
20.448,FOLLOW_LANE,camera lane following,151.500,-0.053125,0.750000,0,,NONE,0.000000,4.208291,4.991708
20.480,FOLLOW_LANE,camera lane following,153.000,-0.043750,0.750000,0,,NONE,0.000000,4.267638,4.932361
20.512,FOLLOW_LANE,camera lane following,153.500,-0.040625,0.750000,0,,NONE,0.000000,4.276987,4.923012
20.544,FOLLOW_LANE,camera lane following,155.250,-0.029687,0.750000,0,,NONE,0.000000,4.384000,4.816000
20.576,FOLLOW_LANE,camera lane following,155.000,-0.031250,0.750000,0,,NONE,0.000000,4.340230,4.859770
20.608,FOLLOW_LANE,camera lane following,156.000,-0.025000,0.750000,0,,NONE,0.000000,4.409745,4.790255
20.640,FOLLOW_LANE,camera lane following,156.500,-0.021875,0.750000,0,,NONE,0.000000,4.426918,4.773081
20.672,FOLLOW_LANE,camera lane following,156.500,-0.021875,0.750000,0,,NONE,0.000000,4.419092,4.780908
20.704,FOLLOW_LANE,camera lane following,156.500,-0.021875,0.750000,0,,NONE,0.000000,4.419078,4.780922
20.736,FOLLOW_LANE,camera lane following,152.500,-0.046875,0.750000,0,,NONE,0.000000,4.156548,5.043452
20.768,FOLLOW_LANE,camera lane following,156.000,-0.025000,0.750000,0,,NONE,0.000000,4.448719,4.751281
20.800,FOLLOW_LANE,camera lane following,154.000,-0.037500,0.750000,0,,NONE,0.000000,4.262758,4.937242
20.832,FOLLOW_LANE,camera lane following,154.000,-0.037500,0.750000,0,,NONE,0.000000,4.293984,4.906016
20.864,FOLLOW_LANE,camera lane following,140.500,-0.121875,0.750000,0,,NONE,0.000000,3.407968,5.792032
20.896,FOLLOW_LANE,camera lane following,139.250,-0.129688,0.750000,0,,NONE,0.000000,3.536792,5.663208
20.928,FOLLOW_LANE,camera lane following,140.000,-0.125000,0.750000,0,,NONE,0.000000,3.605462,5.594538
20.960,FOLLOW_LANE,camera lane following,142.500,-0.109375,0.750000,0,,NONE,0.000000,3.757735,5.442264
20.992,FOLLOW_LANE,camera lane following,145.000,-0.093750,0.750000,0,,NONE,0.000000,3.882675,5.317324
21.024,FOLLOW_LANE,camera lane following,145.750,-0.089063,0.750000,0,,NONE,0.000000,3.892775,5.307225
21.056,FOLLOW_LANE,camera lane following,141.500,-0.115625,0.750000,0,,NONE,0.000000,3.602076,5.597924
21.088,FOLLOW_LANE,camera lane following,116.000,-0.275000,0.866477,0,,NONE,0.000000,1.994868,6.280000
21.120,FOLLOW_LANE,camera lane following,113.000,-0.293750,0.901989,0,,NONE,0.000000,2.196243,6.280000
21.152,FOLLOW_LANE,camera lane following,117.000,-0.268750,0.909091,0,,NONE,0.000000,2.505446,6.280000
21.184,FOLLOW_LANE,camera lane following,116.500,-0.271875,0.912642,0,,NONE,0.000000,2.409959,6.280000
21.216,FOLLOW_LANE,camera lane following,115.500,-0.278125,0.912642,0,,NONE,0.000000,2.351969,6.280000
21.248,FOLLOW_LANE,camera lane following,115.000,-0.281250,0.916193,0,,NONE,0.000000,2.334601,6.280000
21.280,FOLLOW_LANE,camera lane following,114.000,-0.287500,0.916193,0,,NONE,0.000000,2.276605,6.280000
21.312,FOLLOW_LANE,camera lane following,117.250,-0.267188,0.910866,0,,NONE,0.000000,2.505340,6.280000
21.344,FOLLOW_LANE,camera lane following,119.000,-0.256250,0.880682,0,,NONE,0.000000,2.569239,6.280000
21.376,FOLLOW_LANE,camera lane following,123.000,-0.231250,0.852273,0,,NONE,0.000000,2.804247,6.280000
21.408,FOLLOW_LANE,camera lane following,140.500,-0.121875,0.750000,0,,NONE,0.000000,3.890106,5.309893
21.440,FOLLOW_LANE,camera lane following,146.500,-0.084375,0.750000,0,,NONE,0.000000,4.010365,5.189635
21.472,FOLLOW_LANE,camera lane following,151.500,-0.053125,0.750000,0,,NONE,0.000000,4.244706,4.955294
21.504,FOLLOW_LANE,camera lane following,154.000,-0.037500,0.750000,0,,NONE,0.000000,4.330620,4.869380
21.536,FOLLOW_LANE,camera lane following,155.500,-0.028125,0.750000,0,,NONE,0.000000,4.389976,4.810023
21.568,FOLLOW_LANE,camera lane following,156.500,-0.021875,0.750000,0,,NONE,0.000000,4.432150,4.767850
21.600,FOLLOW_LANE,camera lane following,157.000,-0.018750,0.750000,0,,NONE,0.000000,4.449325,4.750674
21.632,FOLLOW_LANE,camera lane following,157.500,-0.015625,0.750000,0,,NONE,0.000000,4.474315,4.725684
21.664,FOLLOW_LANE,camera lane following,158.000,-0.012500,0.750000,0,,NONE,0.000000,4.499307,4.700692
21.696,FOLLOW_LANE,camera lane following,159.000,-0.006250,0.750000,0,,NONE,0.000000,4.557116,4.642884
21.728,FOLLOW_LANE,camera lane following,159.000,-0.006250,0.750000,0,,NONE,0.000000,4.541487,4.658513
21.760,FOLLOW_LANE,camera lane following,159.500,-0.003125,0.750000,0,,NONE,0.000000,4.607112,4.592888
21.792,FOLLOW_LANE,camera lane following,159.500,-0.003125,0.750000,0,,NONE,0.000000,4.591487,4.608513
21.824,FOLLOW_LANE,camera lane following,160.000,0.000000,0.750000,0,,NONE,0.000000,4.591487,4.608513
21.856,FOLLOW_LANE,camera lane following,160.000,0.000000,0.750000,0,,NONE,0.000000,4.591487,4.608513
21.888,FOLLOW_LANE,camera lane following,160.000,0.000000,0.750000,0,,NONE,0.000000,4.591487,4.608513
21.920,FOLLOW_LANE,camera lane following,160.500,0.003125,0.750000,0,,NONE,0.000000,4.591487,4.608513
21.952,FOLLOW_LANE,camera lane following,161.000,0.006250,0.750000,0,,NONE,0.000000,4.657116,4.542884
21.984,FOLLOW_LANE,camera lane following,161.500,0.009375,0.750000,0,,NONE,0.000000,4.674309,4.525690
22.016,FOLLOW_LANE,camera lane following,162.500,0.015625,0.750000,0,,NONE,0.000000,4.732132,4.467868
22.048,FOLLOW_LANE,camera lane following,163.500,0.021875,0.750000,0,,NONE,0.000000,4.782146,4.417854
22.080,FOLLOW_LANE,camera lane following,164.500,0.028125,0.750000,0,,NONE,0.000000,4.832164,4.367836
22.112,FOLLOW_LANE,camera lane following,165.000,0.031250,0.750000,0,,NONE,0.000000,4.849371,4.350629
22.144,FOLLOW_LANE,camera lane following,166.000,0.037500,0.750000,0,,NONE,0.000000,4.907208,4.292792
22.176,FOLLOW_LANE,camera lane following,166.000,0.037500,0.750000,0,,NONE,0.000000,4.891607,4.308393
22.208,FOLLOW_LANE,camera lane following,166.500,0.040625,0.750000,0,,NONE,0.000000,4.924446,4.275554
22.240,FOLLOW_LANE,camera lane following,166.500,0.040625,0.750000,0,,NONE,0.000000,4.916659,4.283341
22.272,FOLLOW_LANE,camera lane following,166.500,0.040625,0.750000,0,,NONE,0.000000,4.916685,4.283315
22.304,FOLLOW_LANE,camera lane following,167.000,0.043750,0.750000,0,,NONE,0.000000,4.949526,4.250474
22.336,FOLLOW_LANE,camera lane following,167.000,0.043750,0.750000,0,,NONE,0.000000,4.941741,4.258259
22.368,FOLLOW_LANE,camera lane following,167.000,0.043750,0.750000,0,,NONE,0.000000,4.941769,4.258231
22.400,FOLLOW_LANE,camera lane following,167.000,0.043750,0.750000,0,,NONE,0.000000,4.941797,4.258203
22.432,FOLLOW_LANE,camera lane following,167.000,0.043750,0.750000,0,,NONE,0.000000,4.941825,4.258175
22.464,FOLLOW_LANE,camera lane following,166.500,0.040625,0.750000,0,,NONE,0.000000,4.909038,4.290961
22.496,FOLLOW_LANE,camera lane following,166.500,0.040625,0.750000,0,,NONE,0.000000,4.916877,4.283123
22.528,FOLLOW_LANE,camera lane following,166.500,0.040625,0.750000,0,,NONE,0.000000,4.916903,4.283097
22.560,FOLLOW_LANE,camera lane following,166.500,0.040625,0.750000,0,,NONE,0.000000,4.916929,4.283071
22.592,FOLLOW_LANE,camera lane following,166.500,0.040625,0.750000,0,,NONE,0.000000,4.916955,4.283045
22.624,FOLLOW_LANE,camera lane following,166.000,0.037500,0.750000,0,,NONE,0.000000,4.884166,4.315834
22.656,FOLLOW_LANE,camera lane following,166.000,0.037500,0.750000,0,,NONE,0.000000,4.892003,4.307997
22.688,FOLLOW_LANE,camera lane following,166.000,0.037500,0.750000,0,,NONE,0.000000,4.892027,4.307973
22.720,FOLLOW_LANE,camera lane following,165.500,0.034375,0.750000,0,,NONE,0.000000,4.859236,4.340763
22.752,FOLLOW_LANE,camera lane following,165.000,0.031250,0.750000,0,,NONE,0.000000,4.834256,4.365743
22.784,FOLLOW_LANE,camera lane following,164.500,0.028125,0.750000,0,,NONE,0.000000,4.809274,4.390725
22.816,FOLLOW_LANE,camera lane following,163.500,0.021875,0.750000,0,,NONE,0.000000,4.751476,4.448524
22.848,FOLLOW_LANE,camera lane following,163.000,0.018750,0.750000,0,,NONE,0.000000,4.734300,4.465699
22.880,FOLLOW_LANE,camera lane following,162.500,0.015625,0.750000,0,,NONE,0.000000,4.709310,4.490689
22.912,FOLLOW_LANE,camera lane following,161.500,0.009375,0.750000,0,,NONE,0.000000,4.651504,4.548496
22.944,FOLLOW_LANE,camera lane following,161.000,0.006250,0.750000,0,,NONE,0.000000,4.634320,4.565679
22.976,FOLLOW_LANE,camera lane following,161.000,0.006250,0.750000,0,,NONE,0.000000,4.642137,4.557863
23.008,FOLLOW_LANE,camera lane following,160.500,0.003125,0.750000,0,,NONE,0.000000,4.576512,4.623488
23.040,FOLLOW_LANE,camera lane following,160.500,0.003125,0.750000,0,,NONE,0.000000,4.592137,4.607863
23.072,FOLLOW_LANE,camera lane following,160.000,0.000000,0.750000,0,,NONE,0.000000,4.592137,4.607863
23.104,FOLLOW_LANE,camera lane following,160.000,0.000000,0.750000,0,,NONE,0.000000,4.592137,4.607863
23.136,FOLLOW_LANE,camera lane following,159.000,-0.006250,0.750000,0,,NONE,0.000000,4.526508,4.673492
23.168,FOLLOW_LANE,camera lane following,159.000,-0.006250,0.750000,0,,NONE,0.000000,4.542129,4.657871
23.200,FOLLOW_LANE,camera lane following,158.500,-0.009375,0.750000,0,,NONE,0.000000,4.509310,4.690689
23.232,FOLLOW_LANE,camera lane following,158.500,-0.009375,0.750000,0,,NONE,0.000000,4.517117,4.682883
23.264,FOLLOW_LANE,camera lane following,157.500,-0.015625,0.750000,0,,NONE,0.000000,4.451482,4.748518
23.296,FOLLOW_LANE,camera lane following,157.500,-0.015625,0.750000,0,,NONE,0.000000,4.467097,4.732903
23.328,FOLLOW_LANE,camera lane following,157.000,-0.018750,0.750000,0,,NONE,0.000000,4.434272,4.765727
23.360,FOLLOW_LANE,camera lane following,156.500,-0.021875,0.750000,0,,NONE,0.000000,4.409258,4.790741
23.392,FOLLOW_LANE,camera lane following,156.500,-0.021875,0.750000,0,,NONE,0.000000,4.417057,4.782943
23.424,FOLLOW_LANE,camera lane following,156.000,-0.025000,0.750000,0,,NONE,0.000000,4.384228,4.815771
23.456,FOLLOW_LANE,camera lane following,156.000,-0.025000,0.750000,0,,NONE,0.000000,4.392025,4.807975
23.488,FOLLOW_LANE,camera lane following,156.000,-0.025000,0.750000,0,,NONE,0.000000,4.392009,4.807991
23.520,FOLLOW_LANE,camera lane following,156.500,-0.021875,0.750000,0,,NONE,0.000000,4.424808,4.775192
23.552,FOLLOW_LANE,camera lane following,156.000,-0.025000,0.750000,0,,NONE,0.000000,4.384166,4.815834
23.584,FOLLOW_LANE,camera lane following,155.500,-0.028125,0.750000,0,,NONE,0.000000,4.359148,4.840851
23.616,FOLLOW_LANE,camera lane following,155.000,-0.031250,0.750000,0,,NONE,0.000000,4.334128,4.865871
23.648,FOLLOW_LANE,camera lane following,156.000,-0.025000,0.750000,0,,NONE,0.000000,4.407550,4.792450
23.680,FOLLOW_LANE,camera lane following,156.000,-0.025000,0.750000,0,,NONE,0.000000,4.391909,4.808091
23.712,FOLLOW_LANE,camera lane following,151.000,-0.056250,0.750000,0,,NONE,0.000000,4.063748,5.136252
23.744,FOLLOW_LANE,camera lane following,148.500,-0.071875,0.750000,0,,NONE,0.000000,3.977764,5.222236
23.776,FOLLOW_LANE,camera lane following,146.500,-0.084375,0.750000,0,,NONE,0.000000,3.885523,5.314477
23.808,FOLLOW_LANE,camera lane following,145.000,-0.093750,0.750000,0,,NONE,0.000000,3.818275,5.381724
23.840,FOLLOW_LANE,camera lane following,143.500,-0.103125,0.750000,0,,NONE,0.000000,3.743209,5.456790
23.872,FOLLOW_LANE,camera lane following,143.500,-0.103125,0.750000,0,,NONE,0.000000,3.766581,5.433419
23.904,FOLLOW_LANE,camera lane following,142.500,-0.109375,0.750000,0,,NONE,0.000000,3.700886,5.499114
23.936,FOLLOW_LANE,camera lane following,143.000,-0.106250,0.750000,0,,NONE,0.000000,3.749255,5.450744
23.968,FOLLOW_LANE,camera lane following,143.000,-0.106250,0.750000,0,,NONE,0.000000,3.741375,5.458625
24.000,FOLLOW_LANE,camera lane following,143.500,-0.103125,0.750000,0,,NONE,0.000000,3.774121,5.425878
24.032,FOLLOW_LANE,camera lane following,143.500,-0.103125,0.750000,0,,NONE,0.000000,3.766243,5.433757
24.064,FOLLOW_LANE,camera lane following,144.000,-0.100000,0.750000,0,,NONE,0.000000,3.798991,5.401008
24.096,FOLLOW_LANE,camera lane following,144.500,-0.096875,0.750000,0,,NONE,0.000000,3.823929,5.376070
24.128,FOLLOW_LANE,camera lane following,146.000,-0.087500,0.750000,0,,NONE,0.000000,3.914498,5.285501
24.160,FOLLOW_LANE,camera lane following,147.000,-0.081250,0.750000,0,,NONE,0.000000,3.956634,5.243366
24.192,FOLLOW_LANE,camera lane following,148.000,-0.075000,0.750000,0,,NONE,0.000000,4.006586,5.193414
24.224,FOLLOW_LANE,camera lane following,149.000,-0.068750,0.750000,0,,NONE,0.000000,4.056542,5.143458
24.256,FOLLOW_LANE,camera lane following,151.000,-0.056250,0.750000,0,,NONE,0.000000,4.172131,5.027869
24.288,FOLLOW_LANE,camera lane following,153.000,-0.043750,0.750000,0,,NONE,0.000000,4.272103,4.927897
24.320,FOLLOW_LANE,camera lane following,155.500,-0.028125,0.750000,0,,NONE,0.000000,4.404897,4.795102
24.352,FOLLOW_LANE,camera lane following,154.000,-0.037500,0.750000,0,,NONE,0.000000,4.267373,4.932626
24.384,FOLLOW_LANE,camera lane following,154.500,-0.034375,0.750000,0,,NONE,0.000000,4.323601,4.876398
24.416,FOLLOW_LANE,camera lane following,155.500,-0.028125,0.750000,0,,NONE,0.000000,4.381396,4.818604
24.448,FOLLOW_LANE,camera lane following,154.500,-0.034375,0.750000,0,,NONE,0.000000,4.300124,4.899876
24.480,FOLLOW_LANE,camera lane following,151.500,-0.053125,0.750000,0,,NONE,0.000000,4.118840,5.081160
24.512,FOLLOW_LANE,camera lane following,151.000,-0.056250,0.750000,0,,NONE,0.000000,4.132866,5.067133
24.544,FOLLOW_LANE,camera lane following,150.500,-0.059375,0.750000,0,,NONE,0.000000,4.107829,5.092171
24.576,FOLLOW_LANE,camera lane following,150.500,-0.059375,0.750000,0,,NONE,0.000000,4.115603,5.084397
24.608,FOLLOW_LANE,camera lane following,150.000,-0.062500,0.750000,0,,NONE,0.000000,4.082750,5.117249
24.640,FOLLOW_LANE,camera lane following,150.000,-0.062500,0.750000,0,,NONE,0.000000,4.090523,5.109477
24.672,FOLLOW_LANE,camera lane following,150.000,-0.062500,0.750000,0,,NONE,0.000000,4.090483,5.109517
24.704,FOLLOW_LANE,camera lane following,150.500,-0.059375,0.750000,0,,NONE,0.000000,4.123257,5.076742
24.736,FOLLOW_LANE,camera lane following,150.500,-0.059375,0.750000,0,,NONE,0.000000,4.115407,5.084593
24.768,FOLLOW_LANE,camera lane following,151.000,-0.056250,0.750000,0,,NONE,0.000000,4.148184,5.051816
24.800,FOLLOW_LANE,camera lane following,152.000,-0.050000,0.750000,0,,NONE,0.000000,4.205964,4.994036
24.832,FOLLOW_LANE,camera lane following,152.000,-0.050000,0.750000,0,,NONE,0.000000,4.190307,5.009693
24.864,FOLLOW_LANE,camera lane following,152.500,-0.046875,0.750000,0,,NONE,0.000000,4.223089,4.976910
24.896,FOLLOW_LANE,camera lane following,153.000,-0.043750,0.750000,0,,NONE,0.000000,4.248061,4.951938
24.928,FOLLOW_LANE,camera lane following,153.500,-0.040625,0.750000,0,,NONE,0.000000,4.273035,4.926964
24.960,FOLLOW_LANE,camera lane following,153.500,-0.040625,0.750000,0,,NONE,0.000000,4.265197,4.934803
24.992,FOLLOW_LANE,camera lane following,154.500,-0.034375,0.750000,0,,NONE,0.000000,4.330800,4.869200
25.024,FOLLOW_LANE,camera lane following,154.500,-0.034375,0.750000,0,,NONE,0.000000,4.315153,4.884847
25.056,FOLLOW_LANE,camera lane following,155.500,-0.028125,0.750000,0,,NONE,0.000000,4.380760,4.819240
25.088,FOLLOW_LANE,camera lane following,160.000,0.000000,0.750000,0,,NONE,0.000000,4.660448,4.539552
25.120,FOLLOW_LANE,camera lane following,157.000,-0.018750,0.750000,0,,NONE,0.000000,4.393248,4.806752
25.152,FOLLOW_LANE,camera lane following,157.500,-0.015625,0.750000,0,,NONE,0.000000,4.472925,4.727074
25.184,FOLLOW_LANE,camera lane following,157.000,-0.018750,0.750000,0,,NONE,0.000000,4.432288,4.767711
25.216,FOLLOW_LANE,camera lane following,155.500,-0.028125,0.750000,0,,NONE,0.000000,4.341645,4.858354
25.248,FOLLOW_LANE,camera lane following,154.500,-0.034375,0.750000,0,,NONE,0.000000,4.299436,4.900564
25.280,FOLLOW_LANE,camera lane following,154.500,-0.034375,0.750000,0,,NONE,0.000000,4.315039,4.884961
25.312,FOLLOW_LANE,camera lane following,154.000,-0.037500,0.750000,0,,NONE,0.000000,4.282202,4.917797
25.344,FOLLOW_LANE,camera lane following,153.500,-0.040625,0.750000,0,,NONE,0.000000,4.257176,4.942823
25.376,FOLLOW_LANE,camera lane following,153.500,-0.040625,0.750000,0,,NONE,0.000000,4.264963,4.935037
25.408,FOLLOW_LANE,camera lane following,153.000,-0.043750,0.750000,0,,NONE,0.000000,4.232123,4.967877
25.440,FOLLOW_LANE,camera lane following,153.500,-0.040625,0.750000,0,,NONE,0.000000,4.272721,4.927278
25.472,FOLLOW_LANE,camera lane following,153.000,-0.043750,0.750000,0,,NONE,0.000000,4.232068,4.967931
25.504,FOLLOW_LANE,camera lane following,153.000,-0.043750,0.750000,0,,NONE,0.000000,4.239853,4.960147
25.536,FOLLOW_LANE,camera lane following,153.000,-0.043750,0.750000,0,,NONE,0.000000,4.239825,4.960175
25.568,FOLLOW_LANE,camera lane following,153.000,-0.043750,0.750000,0,,NONE,0.000000,4.239797,4.960203
25.600,FOLLOW_LANE,camera lane following,153.000,-0.043750,0.750000,0,,NONE,0.000000,4.239769,4.960231
25.632,FOLLOW_LANE,camera lane following,153.500,-0.040625,0.750000,0,,NONE,0.000000,4.272555,4.927445
25.664,FOLLOW_LANE,camera lane following,153.500,-0.040625,0.750000,0,,NONE,0.000000,4.264717,4.935283
25.696,FOLLOW_LANE,camera lane following,153.500,-0.040625,0.750000,0,,NONE,0.000000,4.264691,4.935309
25.728,FOLLOW_LANE,camera lane following,154.000,-0.037500,0.750000,0,,NONE,0.000000,4.297479,4.902520
25.760,FOLLOW_LANE,camera lane following,154.500,-0.034375,0.750000,0,,NONE,0.000000,4.322457,4.877542
25.792,FOLLOW_LANE,camera lane following,154.000,-0.037500,0.750000,0,,NONE,0.000000,4.281808,4.918191
25.824,FOLLOW_LANE,camera lane following,155.000,-0.031250,0.750000,0,,NONE,0.000000,4.355226,4.844774
25.856,FOLLOW_LANE,camera lane following,159.250,-0.004687,0.750000,0,,NONE,0.000000,4.667726,4.532274
25.888,FOLLOW_LANE,camera lane following,156.000,-0.025000,0.750000,0,,NONE,0.000000,4.327085,4.872915
25.920,FOLLOW_LANE,camera lane following,157.000,-0.018750,0.750000,0,,NONE,0.000000,4.455198,4.744802
25.952,FOLLOW_LANE,camera lane following,157.000,-0.018750,0.750000,0,,NONE,0.000000,4.439561,4.760439
25.984,FOLLOW_LANE,camera lane following,156.000,-0.025000,0.750000,0,,NONE,0.000000,4.373920,4.826080
26.016,FOLLOW_LANE,camera lane following,154.500,-0.034375,0.750000,0,,NONE,0.000000,4.291085,4.908914
26.048,FOLLOW_LANE,camera lane following,154.000,-0.037500,0.750000,0,,NONE,0.000000,4.281686,4.918314
26.080,FOLLOW_LANE,camera lane following,153.500,-0.040625,0.750000,0,,NONE,0.000000,4.256660,4.943339
26.112,FOLLOW_LANE,camera lane following,153.000,-0.043750,0.750000,0,,NONE,0.000000,4.231632,4.968367
26.144,FOLLOW_LANE,camera lane following,152.500,-0.046875,0.750000,0,,NONE,0.000000,4.206602,4.993397
26.176,FOLLOW_LANE,camera lane following,152.500,-0.046875,0.750000,0,,NONE,0.000000,4.214385,4.985615
26.208,FOLLOW_LANE,camera lane following,152.000,-0.050000,0.750000,0,,NONE,0.000000,4.181540,5.018459
26.240,FOLLOW_LANE,camera lane following,152.000,-0.050000,0.750000,0,,NONE,0.000000,4.189321,5.010679
26.272,FOLLOW_LANE,camera lane following,151.500,-0.053125,0.750000,0,,NONE,0.000000,4.156474,5.043525
26.304,FOLLOW_LANE,camera lane following,151.500,-0.053125,0.750000,0,,NONE,0.000000,4.164253,5.035747
26.336,FOLLOW_LANE,camera lane following,152.000,-0.050000,0.750000,0,,NONE,0.000000,4.197033,5.002966
26.368,FOLLOW_LANE,camera lane following,152.000,-0.050000,0.750000,0,,NONE,0.000000,4.189189,5.010811
26.400,FOLLOW_LANE,camera lane following,152.000,-0.050000,0.750000,0,,NONE,0.000000,4.189157,5.010843
26.432,FOLLOW_LANE,camera lane following,152.500,-0.046875,0.750000,0,,NONE,0.000000,4.221939,4.978060
26.464,FOLLOW_LANE,camera lane following,152.500,-0.046875,0.750000,0,,NONE,0.000000,4.214097,4.985903
26.496,FOLLOW_LANE,camera lane following,153.000,-0.043750,0.750000,0,,NONE,0.000000,4.246881,4.953118
26.528,FOLLOW_LANE,camera lane following,153.500,-0.040625,0.750000,0,,NONE,0.000000,4.271856,4.928144
26.560,FOLLOW_LANE,camera lane following,153.500,-0.040625,0.750000,0,,NONE,0.000000,4.264017,4.935983
26.592,FOLLOW_LANE,camera lane following,154.500,-0.034375,0.750000,0,,NONE,0.000000,4.329620,4.870380
26.624,FOLLOW_LANE,camera lane following,159.500,-0.003125,0.750000,0,,NONE,0.000000,4.674932,4.525067
26.656,FOLLOW_LANE,camera lane following,156.000,-0.025000,0.750000,0,,NONE,0.000000,4.326479,4.873521
26.688,FOLLOW_LANE,camera lane following,156.500,-0.021875,0.750000,0,,NONE,0.000000,4.421777,4.778223
26.720,FOLLOW_LANE,camera lane following,157.000,-0.018750,0.750000,0,,NONE,0.000000,4.446765,4.753234
26.752,FOLLOW_LANE,camera lane following,156.500,-0.021875,0.750000,0,,NONE,0.000000,4.406127,4.793873
26.784,FOLLOW_LANE,camera lane following,154.500,-0.034375,0.750000,0,,NONE,0.000000,4.282667,4.917333
26.816,FOLLOW_LANE,camera lane following,154.000,-0.037500,0.750000,0,,NONE,0.000000,4.281080,4.918919
26.848,FOLLOW_LANE,camera lane following,153.500,-0.040625,0.750000,0,,NONE,0.000000,4.256054,4.943945
26.880,FOLLOW_LANE,camera lane following,153.000,-0.043750,0.750000,0,,NONE,0.000000,4.231026,4.968973
26.912,FOLLOW_LANE,camera lane following,153.000,-0.043750,0.750000,0,,NONE,0.000000,4.238811,4.961189
26.944,FOLLOW_LANE,camera lane following,152.500,-0.046875,0.750000,0,,NONE,0.000000,4.205968,4.994031
26.976,FOLLOW_LANE,camera lane following,152.000,-0.050000,0.750000,0,,NONE,0.000000,4.180936,5.019063
27.008,FOLLOW_LANE,camera lane following,152.000,-0.050000,0.750000,0,,NONE,0.000000,4.188717,5.011283
27.040,FOLLOW_LANE,camera lane following,152.000,-0.050000,0.750000,0,,NONE,0.000000,4.188685,5.011315
27.072,FOLLOW_LANE,camera lane following,152.000,-0.050000,0.750000,0,,NONE,0.000000,4.188653,5.011347
27.104,FOLLOW_LANE,camera lane following,152.000,-0.050000,0.750000,0,,NONE,0.000000,4.188621,5.011379
27.136,FOLLOW_LANE,camera lane following,152.000,-0.050000,0.750000,0,,NONE,0.000000,4.188589,5.011411
27.168,FOLLOW_LANE,camera lane following,152.500,-0.046875,0.750000,0,,NONE,0.000000,4.221372,4.978628
27.200,FOLLOW_LANE,camera lane following,152.500,-0.046875,0.750000,0,,NONE,0.000000,4.213529,4.986471
27.232,FOLLOW_LANE,camera lane following,153.000,-0.043750,0.750000,0,,NONE,0.000000,4.246313,4.953686
27.264,FOLLOW_LANE,camera lane following,154.000,-0.037500,0.750000,0,,NONE,0.000000,4.304102,4.895898
27.296,FOLLOW_LANE,camera lane following,154.000,-0.037500,0.750000,0,,NONE,0.000000,4.288453,4.911547
27.328,FOLLOW_LANE,camera lane following,154.500,-0.034375,0.750000,0,,NONE,0.000000,4.321243,4.878756
27.360,FOLLOW_LANE,camera lane following,155.000,-0.031250,0.750000,0,,NONE,0.000000,4.346223,4.853776
27.392,FOLLOW_LANE,camera lane following,155.500,-0.028125,0.750000,0,,NONE,0.000000,4.371205,4.828794
27.424,FOLLOW_LANE,camera lane following,155.500,-0.028125,0.750000,0,,NONE,0.000000,4.363375,4.836625
27.456,FOLLOW_LANE,camera lane following,154.000,-0.037500,0.750000,0,,NONE,0.000000,4.264913,4.935086
27.488,FOLLOW_LANE,camera lane following,160.000,0.000000,0.750000,0,,NONE,0.000000,4.682101,4.517899
27.520,FOLLOW_LANE,camera lane following,156.500,-0.021875,0.750000,0,,NONE,0.000000,4.358649,4.841350
27.552,FOLLOW_LANE,camera lane following,153.000,-0.043750,0.750000,0,,NONE,0.000000,4.183621,5.016379
27.584,FOLLOW_LANE,camera lane following,152.500,-0.046875,0.750000,0,,NONE,0.000000,4.205466,4.994533
27.616,FOLLOW_LANE,camera lane following,152.500,-0.046875,0.750000,0,,NONE,0.000000,4.213249,4.986751
27.648,FOLLOW_LANE,camera lane following,152.500,-0.046875,0.750000,0,,NONE,0.000000,4.213219,4.986781
27.680,FOLLOW_LANE,camera lane following,153.000,-0.043750,0.750000,0,,NONE,0.000000,4.246003,4.953996
27.712,FOLLOW_LANE,camera lane following,153.000,-0.043750,0.750000,0,,NONE,0.000000,4.238163,4.961837
27.744,FOLLOW_LANE,camera lane following,153.500,-0.040625,0.750000,0,,NONE,0.000000,4.270949,4.929050
27.776,FOLLOW_LANE,camera lane following,153.500,-0.040625,0.750000,0,,NONE,0.000000,4.263111,4.936889
27.808,FOLLOW_LANE,camera lane following,154.000,-0.037500,0.750000,0,,NONE,0.000000,4.295899,4.904100
27.840,FOLLOW_LANE,camera lane following,154.000,-0.037500,0.750000,0,,NONE,0.000000,4.288063,4.911937
27.872,FOLLOW_LANE,camera lane following,154.500,-0.034375,0.750000,0,,NONE,0.000000,4.320853,4.879147
27.904,FOLLOW_LANE,camera lane following,154.500,-0.034375,0.750000,0,,NONE,0.000000,4.313019,4.886981
27.936,FOLLOW_LANE,camera lane following,155.000,-0.031250,0.750000,0,,NONE,0.000000,4.345811,4.854188
27.968,FOLLOW_LANE,camera lane following,155.000,-0.031250,0.750000,0,,NONE,0.000000,4.337979,4.862021
28.000,FOLLOW_LANE,camera lane following,155.500,-0.028125,0.750000,0,,NONE,0.000000,4.370773,4.829226
28.032,FOLLOW_LANE,camera lane following,155.500,-0.028125,0.750000,0,,NONE,0.000000,4.362943,4.837057
28.064,FOLLOW_LANE,camera lane following,156.000,-0.025000,0.750000,0,,NONE,0.000000,4.395739,4.804260
28.096,FOLLOW_LANE,camera lane following,156.000,-0.025000,0.750000,0,,NONE,0.000000,4.387911,4.812089
28.128,FOLLOW_LANE,camera lane following,156.000,-0.025000,0.750000,0,,NONE,0.000000,4.387895,4.812105
28.160,FOLLOW_LANE,camera lane following,156.500,-0.021875,0.750000,0,,NONE,0.000000,4.420693,4.779306
28.192,FOLLOW_LANE,camera lane following,156.500,-0.021875,0.750000,0,,NONE,0.000000,4.412867,4.787133
28.224,FOLLOW_LANE,camera lane following,156.500,-0.021875,0.750000,0,,NONE,0.000000,4.412853,4.787147
28.256,FOLLOW_LANE,camera lane following,157.000,-0.018750,0.750000,0,,NONE,0.000000,4.445653,4.754346
28.288,FOLLOW_LANE,camera lane following,157.000,-0.018750,0.750000,0,,NONE,0.000000,4.437829,4.762171
28.320,FOLLOW_LANE,camera lane following,157.000,-0.018750,0.750000,0,,NONE,0.000000,4.437817,4.762183
28.352,FOLLOW_LANE,camera lane following,157.500,-0.015625,0.750000,0,,NONE,0.000000,4.470619,4.729380
28.384,FOLLOW_LANE,camera lane following,157.500,-0.015625,0.750000,0,,NONE,0.000000,4.462797,4.737203
28.416,FOLLOW_LANE,camera lane following,158.000,-0.012500,0.750000,0,,NONE,0.000000,4.495601,4.704398
28.448,FOLLOW_LANE,camera lane following,158.500,-0.009375,0.750000,0,,NONE,0.000000,4.520595,4.679404
28.480,FOLLOW_LANE,camera lane following,158.500,-0.009375,0.750000,0,,NONE,0.000000,4.512777,4.687223
28.512,FOLLOW_LANE,camera lane following,158.500,-0.009375,0.750000,0,,NONE,0.000000,4.512771,4.687229
28.544,FOLLOW_LANE,camera lane following,158.500,-0.009375,0.750000,0,,NONE,0.000000,4.512765,4.687235
28.576,FOLLOW_LANE,camera lane following,158.500,-0.009375,0.750000,0,,NONE,0.000000,4.512759,4.687241
28.608,FOLLOW_LANE,camera lane following,158.500,-0.009375,0.750000,0,,NONE,0.000000,4.512753,4.687247
28.640,FOLLOW_LANE,camera lane following,159.000,-0.006250,0.750000,0,,NONE,0.000000,4.545561,4.654438
28.672,FOLLOW_LANE,camera lane following,159.000,-0.006250,0.750000,0,,NONE,0.000000,4.537745,4.662255
28.704,FOLLOW_LANE,camera lane following,159.000,-0.006250,0.750000,0,,NONE,0.000000,4.537741,4.662259
28.736,FOLLOW_LANE,camera lane following,159.250,-0.004687,0.750000,0,,NONE,0.000000,4.603366,4.596634
28.768,FOLLOW_LANE,camera lane following,159.500,-0.003125,0.750000,0,,NONE,0.000000,4.587741,4.612259
28.800,FOLLOW_LANE,camera lane following,159.500,-0.003125,0.750000,0,,NONE,0.000000,4.587741,4.612259
28.832,FOLLOW_LANE,camera lane following,159.500,-0.003125,0.750000,0,,NONE,0.000000,4.587741,4.612259
28.864,FOLLOW_LANE,camera lane following,159.500,-0.003125,0.750000,0,,NONE,0.000000,4.587741,4.612259
28.896,FOLLOW_LANE,camera lane following,160.000,0.000000,0.750000,0,,NONE,0.000000,4.587741,4.612259
28.928,FOLLOW_LANE,camera lane following,160.500,0.003125,0.750000,0,,NONE,0.000000,4.587741,4.612259
28.960,FOLLOW_LANE,camera lane following,160.500,0.003125,0.750000,0,,NONE,0.000000,4.587741,4.612259
28.992,FOLLOW_LANE,camera lane following,160.500,0.003125,0.750000,0,,NONE,0.000000,4.587741,4.612259
29.024,FOLLOW_LANE,camera lane following,160.500,0.003125,0.750000,0,,NONE,0.000000,4.587741,4.612259
29.056,FOLLOW_LANE,camera lane following,160.500,0.003125,0.750000,0,,NONE,0.000000,4.587741,4.612259
29.088,FOLLOW_LANE,camera lane following,161.000,0.006250,0.750000,0,,NONE,0.000000,4.653370,4.546630
29.120,FOLLOW_LANE,camera lane following,161.000,0.006250,0.750000,0,,NONE,0.000000,4.637749,4.562251
29.152,FOLLOW_LANE,camera lane following,161.000,0.006250,0.750000,0,,NONE,0.000000,4.637753,4.562247
29.184,FOLLOW_LANE,camera lane following,161.000,0.006250,0.750000,0,,NONE,0.000000,4.637757,4.562243
29.216,FOLLOW_LANE,camera lane following,161.500,0.009375,0.750000,0,,NONE,0.000000,4.670575,4.529424
29.248,FOLLOW_LANE,camera lane following,161.500,0.009375,0.750000,0,,NONE,0.000000,4.662769,4.537231
29.280,FOLLOW_LANE,camera lane following,162.000,0.012500,0.750000,0,,NONE,0.000000,4.695589,4.504410
29.312,FOLLOW_LANE,camera lane following,162.500,0.015625,0.750000,0,,NONE,0.000000,4.720599,4.479400
29.344,FOLLOW_LANE,camera lane following,162.500,0.015625,0.750000,0,,NONE,0.000000,4.712797,4.487203
29.376,FOLLOW_LANE,camera lane following,162.500,0.015625,0.750000,0,,NONE,0.000000,4.712807,4.487193
29.408,FOLLOW_LANE,camera lane following,163.000,0.018750,0.750000,0,,NONE,0.000000,4.745632,4.454368
29.440,FOLLOW_LANE,camera lane following,163.000,0.018750,0.750000,0,,NONE,0.000000,4.737831,4.462169
29.472,FOLLOW_LANE,camera lane following,163.000,0.018750,0.750000,0,,NONE,0.000000,4.737843,4.462157
29.504,FOLLOW_LANE,camera lane following,163.500,0.021875,0.750000,0,,NONE,0.000000,4.770669,4.429330
29.536,FOLLOW_LANE,camera lane following,163.500,0.021875,0.750000,0,,NONE,0.000000,4.762871,4.437129
29.568,FOLLOW_LANE,camera lane following,163.500,0.021875,0.750000,0,,NONE,0.000000,4.762885,4.437115
29.600,FOLLOW_LANE,camera lane following,164.000,0.025000,0.750000,0,,NONE,0.000000,4.795713,4.404286
29.632,FOLLOW_LANE,camera lane following,164.000,0.025000,0.750000,0,,NONE,0.000000,4.787917,4.412083
29.664,FOLLOW_LANE,camera lane following,164.000,0.025000,0.750000,0,,NONE,0.000000,4.787933,4.412067
29.696,FOLLOW_LANE,camera lane following,164.000,0.025000,0.750000,0,,NONE,0.000000,4.787949,4.412051
29.728,FOLLOW_LANE,camera lane following,164.000,0.025000,0.750000,0,,NONE,0.000000,4.787965,4.412035
29.760,FOLLOW_LANE,camera lane following,164.500,0.028125,0.750000,0,,NONE,0.000000,4.820796,4.379204
29.792,FOLLOW_LANE,camera lane following,164.000,0.025000,0.750000,0,,NONE,0.000000,4.780186,4.419814
29.824,FOLLOW_LANE,camera lane following,164.000,0.025000,0.750000,0,,NONE,0.000000,4.788015,4.411985
29.856,FOLLOW_LANE,camera lane following,164.000,0.025000,0.750000,0,,NONE,0.000000,4.788031,4.411969
29.888,FOLLOW_LANE,camera lane following,164.000,0.025000,0.750000,0,,NONE,0.000000,4.788047,4.411953
29.920,FOLLOW_LANE,camera lane following,164.000,0.025000,0.750000,0,,NONE,0.000000,4.788063,4.411937
29.952,FOLLOW_LANE,camera lane following,164.000,0.025000,0.750000,0,,NONE,0.000000,4.788079,4.411921
29.984,FOLLOW_LANE,camera lane following,164.000,0.025000,0.750000,0,,NONE,0.000000,4.788095,4.411905
30.016,FOLLOW_LANE,camera lane following,164.000,0.025000,0.750000,0,,NONE,0.000000,4.788111,4.411889
30.048,FOLLOW_LANE,camera lane following,164.000,0.025000,0.750000,0,,NONE,0.000000,4.788127,4.411873
30.080,FOLLOW_LANE,camera lane following,163.500,0.021875,0.750000,0,,NONE,0.000000,4.755329,4.444671
30.112,FOLLOW_LANE,camera lane following,163.500,0.021875,0.750000,0,,NONE,0.000000,4.763155,4.436845
30.144,FOLLOW_LANE,camera lane following,163.500,0.021875,0.750000,0,,NONE,0.000000,4.763169,4.436831
30.176,FOLLOW_LANE,camera lane following,163.500,0.021875,0.750000,0,,NONE,0.000000,4.763183,4.436817
30.208,FOLLOW_LANE,camera lane following,163.500,0.021875,0.750000,0,,NONE,0.000000,4.763197,4.436803
30.240,FOLLOW_LANE,camera lane following,163.000,0.018750,0.750000,0,,NONE,0.000000,4.730396,4.469603
30.272,FOLLOW_LANE,camera lane following,163.000,0.018750,0.750000,0,,NONE,0.000000,4.738221,4.461779
30.304,FOLLOW_LANE,camera lane following,163.000,0.018750,0.750000,0,,NONE,0.000000,4.738233,4.461767
30.336,FOLLOW_LANE,camera lane following,163.000,0.018750,0.750000,0,,NONE,0.000000,4.738245,4.461755
30.368,FOLLOW_LANE,camera lane following,162.500,0.015625,0.750000,0,,NONE,0.000000,4.705442,4.494557
30.400,FOLLOW_LANE,camera lane following,162.500,0.015625,0.750000,0,,NONE,0.000000,4.713265,4.486735
30.432,FOLLOW_LANE,camera lane following,162.000,0.012500,0.750000,0,,NONE,0.000000,4.680460,4.519539
30.464,FOLLOW_LANE,camera lane following,162.000,0.012500,0.750000,0,,NONE,0.000000,4.688281,4.511719
30.496,FOLLOW_LANE,camera lane following,162.000,0.012500,0.750000,0,,NONE,0.000000,4.688289,4.511711
30.528,FOLLOW_LANE,camera lane following,161.500,0.009375,0.750000,0,,NONE,0.000000,4.655482,4.544517
30.560,FOLLOW_LANE,camera lane following,161.500,0.009375,0.750000,0,,NONE,0.000000,4.663301,4.536699
30.592,FOLLOW_LANE,camera lane following,161.500,0.009375,0.750000,0,,NONE,0.000000,4.663307,4.536693
30.624,FOLLOW_LANE,camera lane following,161.500,0.009375,0.750000,0,,NONE,0.000000,4.663313,4.536687
30.656,FOLLOW_LANE,camera lane following,161.500,0.009375,0.750000,0,,NONE,0.000000,4.663319,4.536681
30.688,FOLLOW_LANE,camera lane following,161.500,0.009375,0.750000,0,,NONE,0.000000,4.663325,4.536675
30.720,FOLLOW_LANE,camera lane following,161.000,0.006250,0.750000,0,,NONE,0.000000,4.630516,4.569483
30.752,FOLLOW_LANE,camera lane following,161.000,0.006250,0.750000,0,,NONE,0.000000,4.638333,4.561667
30.784,FOLLOW_LANE,camera lane following,161.000,0.006250,0.750000,0,,NONE,0.000000,4.638337,4.561663
30.816,FOLLOW_LANE,camera lane following,161.000,0.006250,0.750000,0,,NONE,0.000000,4.638341,4.561659
30.848,FOLLOW_LANE,camera lane following,161.000,0.006250,0.750000,0,,NONE,0.000000,4.638345,4.561655
30.880,FOLLOW_LANE,camera lane following,161.000,0.006250,0.750000,0,,NONE,0.000000,4.638349,4.561651
30.912,FOLLOW_LANE,camera lane following,161.000,0.006250,0.750000,0,,NONE,0.000000,4.638353,4.561647
30.944,FOLLOW_LANE,camera lane following,160.500,0.003125,0.750000,0,,NONE,0.000000,4.572728,4.627272
30.976,FOLLOW_LANE,camera lane following,160.500,0.003125,0.750000,0,,NONE,0.000000,4.588353,4.611647
31.008,FOLLOW_LANE,camera lane following,160.500,0.003125,0.750000,0,,NONE,0.000000,4.588353,4.611647
31.040,FOLLOW_LANE,camera lane following,160.500,0.003125,0.750000,0,,NONE,0.000000,4.588353,4.611647
31.072,FOLLOW_LANE,camera lane following,160.500,0.003125,0.750000,0,,NONE,0.000000,4.588353,4.611647
31.104,FOLLOW_LANE,camera lane following,160.500,0.003125,0.750000,0,,NONE,0.000000,4.588353,4.611647
31.136,FOLLOW_LANE,camera lane following,160.500,0.003125,0.750000,0,,NONE,0.000000,4.588353,4.611647
31.168,FOLLOW_LANE,camera lane following,160.500,0.003125,0.750000,0,,NONE,0.000000,4.588353,4.611647
31.200,FOLLOW_LANE,camera lane following,160.500,0.003125,0.750000,0,,NONE,0.000000,4.588353,4.611647
31.232,FOLLOW_LANE,camera lane following,160.500,0.003125,0.750000,0,,NONE,0.000000,4.588353,4.611647
31.264,FOLLOW_LANE,camera lane following,160.500,0.003125,0.750000,0,,NONE,0.000000,4.588353,4.611647
31.296,FOLLOW_LANE,camera lane following,160.000,0.000000,0.750000,0,,NONE,0.000000,4.588353,4.611647
31.328,FOLLOW_LANE,camera lane following,159.500,-0.003125,0.750000,0,,NONE,0.000000,4.588353,4.611647
31.360,FOLLOW_LANE,camera lane following,159.500,-0.003125,0.750000,0,,NONE,0.000000,4.588353,4.611647
31.392,FOLLOW_LANE,camera lane following,159.500,-0.003125,0.750000,0,,NONE,0.000000,4.588353,4.611647
31.424,FOLLOW_LANE,camera lane following,159.500,-0.003125,0.750000,0,,NONE,0.000000,4.588353,4.611647
31.456,FOLLOW_LANE,camera lane following,159.500,-0.003125,0.750000,0,,NONE,0.000000,4.588353,4.611647
31.488,FOLLOW_LANE,camera lane following,159.500,-0.003125,0.750000,0,,NONE,0.000000,4.588353,4.611647
31.520,FOLLOW_LANE,camera lane following,159.500,-0.003125,0.750000,0,,NONE,0.000000,4.588353,4.611647
31.552,FOLLOW_LANE,camera lane following,159.500,-0.003125,0.750000,0,,NONE,0.000000,4.588353,4.611647
31.584,FOLLOW_LANE,camera lane following,159.500,-0.003125,0.750000,0,,NONE,0.000000,4.588353,4.611647
31.616,FOLLOW_LANE,camera lane following,159.500,-0.003125,0.750000,0,,NONE,0.000000,4.588353,4.611647
31.648,FOLLOW_LANE,camera lane following,159.500,-0.003125,0.750000,0,,NONE,0.000000,4.588353,4.611647
31.680,FOLLOW_LANE,camera lane following,159.500,-0.003125,0.750000,0,,NONE,0.000000,4.588353,4.611647
31.712,FOLLOW_LANE,camera lane following,159.500,-0.003125,0.750000,0,,NONE,0.000000,4.588353,4.611647
31.744,FOLLOW_LANE,camera lane following,159.500,-0.003125,0.750000,0,,NONE,0.000000,4.588353,4.611647
31.776,FOLLOW_LANE,camera lane following,159.500,-0.003125,0.750000,0,,NONE,0.000000,4.588353,4.611647
31.808,FOLLOW_LANE,camera lane following,159.500,-0.003125,0.750000,0,,NONE,0.000000,4.588353,4.611647
31.840,FOLLOW_LANE,camera lane following,159.500,-0.003125,0.750000,0,,NONE,0.000000,4.588353,4.611647
31.872,FOLLOW_LANE,camera lane following,159.000,-0.006250,0.750000,0,,NONE,0.000000,4.522724,4.677276
31.904,FOLLOW_LANE,camera lane following,158.500,-0.009375,0.750000,0,,NONE,0.000000,4.505530,4.694469
31.936,FOLLOW_LANE,camera lane following,158.500,-0.009375,0.750000,0,,NONE,0.000000,4.513337,4.686663
31.968,FOLLOW_LANE,camera lane following,158.500,-0.009375,0.750000,0,,NONE,0.000000,4.513331,4.686669
32.000,FOLLOW_LANE,camera lane following,158.500,-0.009375,0.750000,0,,NONE,0.000000,4.513325,4.686675
32.032,FOLLOW_LANE,camera lane following,158.500,-0.009375,0.750000,0,,NONE,0.000000,4.513319,4.686681
32.064,FOLLOW_LANE,camera lane following,158.500,-0.009375,0.750000,0,,NONE,0.000000,4.513313,4.686687
32.096,FOLLOW_LANE,camera lane following,159.000,-0.006250,0.750000,0,,NONE,0.000000,4.546121,4.653878
32.128,FOLLOW_LANE,camera lane following,159.000,-0.006250,0.750000,0,,NONE,0.000000,4.538305,4.661695
32.160,FOLLOW_LANE,camera lane following,158.500,-0.009375,0.750000,0,,NONE,0.000000,4.505486,4.694513
32.192,FOLLOW_LANE,camera lane following,159.000,-0.006250,0.750000,0,,NONE,0.000000,4.546107,4.653892
32.224,FOLLOW_LANE,camera lane following,158.500,-0.009375,0.750000,0,,NONE,0.000000,4.505476,4.694523
32.256,FOLLOW_LANE,camera lane following,158.500,-0.009375,0.750000,0,,NONE,0.000000,4.513283,4.686717
32.288,FOLLOW_LANE,camera lane following,158.500,-0.009375,0.750000,0,,NONE,0.000000,4.513277,4.686723
32.320,FOLLOW_LANE,camera lane following,158.500,-0.009375,0.750000,0,,NONE,0.000000,4.513271,4.686729
32.352,FOLLOW_LANE,camera lane following,159.000,-0.006250,0.750000,0,,NONE,0.000000,4.546079,4.653920
32.384,FOLLOW_LANE,camera lane following,159.000,-0.006250,0.750000,0,,NONE,0.000000,4.538263,4.661737
32.416,FOLLOW_LANE,camera lane following,159.000,-0.006250,0.750000,0,,NONE,0.000000,4.538259,4.661741
32.448,FOLLOW_LANE,camera lane following,159.000,-0.006250,0.750000,0,,NONE,0.000000,4.538255,4.661745
32.480,FOLLOW_LANE,camera lane following,158.500,-0.009375,0.750000,0,,NONE,0.000000,4.505437,4.694563
32.512,FOLLOW_LANE,camera lane following,158.500,-0.009375,0.750000,0,,NONE,0.000000,4.513243,4.686757
32.544,FOLLOW_LANE,camera lane following,158.500,-0.009375,0.750000,0,,NONE,0.000000,4.513237,4.686763
32.576,FOLLOW_LANE,camera lane following,158.500,-0.009375,0.750000,0,,NONE,0.000000,4.513231,4.686769
32.608,FOLLOW_LANE,camera lane following,158.500,-0.009375,0.750000,0,,NONE,0.000000,4.513225,4.686775
32.640,FOLLOW_LANE,camera lane following,158.500,-0.009375,0.750000,0,,NONE,0.000000,4.513219,4.686781
32.672,FOLLOW_LANE,camera lane following,158.500,-0.009375,0.750000,0,,NONE,0.000000,4.513213,4.686787
32.704,FOLLOW_LANE,camera lane following,158.500,-0.009375,0.750000,0,,NONE,0.000000,4.513207,4.686793
32.736,FOLLOW_LANE,camera lane following,158.500,-0.009375,0.750000,0,,NONE,0.000000,4.513201,4.686799
32.768,FOLLOW_LANE,camera lane following,158.500,-0.009375,0.750000,0,,NONE,0.000000,4.513195,4.686805
32.800,FOLLOW_LANE,camera lane following,158.500,-0.009375,0.750000,0,,NONE,0.000000,4.513189,4.686811
32.832,FOLLOW_LANE,camera lane following,158.500,-0.009375,0.750000,0,,NONE,0.000000,4.513183,4.686817
32.864,FOLLOW_LANE,camera lane following,158.500,-0.009375,0.750000,0,,NONE,0.000000,4.513177,4.686823
32.896,FOLLOW_LANE,camera lane following,158.500,-0.009375,0.750000,0,,NONE,0.000000,4.513171,4.686829
32.928,FOLLOW_LANE,camera lane following,158.500,-0.009375,0.750000,0,,NONE,0.000000,4.513165,4.686835
32.960,FOLLOW_LANE,camera lane following,159.000,-0.006250,0.750000,0,,NONE,0.000000,4.545973,4.654026
32.992,FOLLOW_LANE,camera lane following,159.000,-0.006250,0.750000,0,,NONE,0.000000,4.538157,4.661843
33.024,FOLLOW_LANE,camera lane following,159.000,-0.006250,0.750000,0,,NONE,0.000000,4.538153,4.661847
33.056,FOLLOW_LANE,camera lane following,159.000,-0.006250,0.750000,0,,NONE,0.000000,4.538149,4.661851
33.088,FOLLOW_LANE,camera lane following,159.000,-0.006250,0.750000,0,,NONE,0.000000,4.538145,4.661855
33.120,FOLLOW_LANE,camera lane following,159.500,-0.003125,0.750000,0,,NONE,0.000000,4.603770,4.596230
33.152,FOLLOW_LANE,camera lane following,159.500,-0.003125,0.750000,0,,NONE,0.000000,4.588145,4.611855
33.184,FOLLOW_LANE,camera lane following,159.500,-0.003125,0.750000,0,,NONE,0.000000,4.588145,4.611855
33.216,FOLLOW_LANE,camera lane following,159.500,-0.003125,0.750000,0,,NONE,0.000000,4.588145,4.611855
33.248,FOLLOW_LANE,camera lane following,159.500,-0.003125,0.750000,0,,NONE,0.000000,4.588145,4.611855
33.280,FOLLOW_LANE,camera lane following,159.500,-0.003125,0.750000,0,,NONE,0.000000,4.588145,4.611855
33.312,FOLLOW_LANE,camera lane following,159.500,-0.003125,0.750000,0,,NONE,0.000000,4.588145,4.611855
33.344,FOLLOW_LANE,camera lane following,159.500,-0.003125,0.750000,0,,NONE,0.000000,4.588145,4.611855
33.376,FOLLOW_LANE,camera lane following,159.500,-0.003125,0.750000,0,,NONE,0.000000,4.588145,4.611855
33.408,FOLLOW_LANE,camera lane following,159.500,-0.003125,0.750000,0,,NONE,0.000000,4.588145,4.611855
33.440,FOLLOW_LANE,camera lane following,159.500,-0.003125,0.750000,0,,NONE,0.000000,4.588145,4.611855
33.472,FOLLOW_LANE,camera lane following,159.500,-0.003125,0.750000,0,,NONE,0.000000,4.588145,4.611855
33.504,FOLLOW_LANE,camera lane following,159.500,-0.003125,0.750000,0,,NONE,0.000000,4.588145,4.611855
33.536,FOLLOW_LANE,camera lane following,159.500,-0.003125,0.750000,0,,NONE,0.000000,4.588145,4.611855
33.568,FOLLOW_LANE,camera lane following,159.500,-0.003125,0.750000,0,,NONE,0.000000,4.588145,4.611855
33.600,FOLLOW_LANE,camera lane following,159.500,-0.003125,0.750000,0,,NONE,0.000000,4.588145,4.611855
33.632,FOLLOW_LANE,camera lane following,159.500,-0.003125,0.750000,0,,NONE,0.000000,4.588145,4.611855
33.664,FOLLOW_LANE,camera lane following,159.500,-0.003125,0.750000,0,,NONE,0.000000,4.588145,4.611855
33.696,FOLLOW_LANE,camera lane following,159.500,-0.003125,0.750000,0,,NONE,0.000000,4.588145,4.611855
33.728,FOLLOW_LANE,camera lane following,159.500,-0.003125,0.750000,0,,NONE,0.000000,4.588145,4.611855
33.760,FOLLOW_LANE,camera lane following,159.500,-0.003125,0.750000,0,,NONE,0.000000,4.588145,4.611855
33.792,FOLLOW_LANE,camera lane following,159.500,-0.003125,0.750000,0,,NONE,0.000000,4.588145,4.611855
33.824,FOLLOW_LANE,camera lane following,160.000,0.000000,0.750000,0,,NONE,0.000000,4.588145,4.611855
33.856,FOLLOW_LANE,camera lane following,160.000,0.000000,0.750000,0,,NONE,0.000000,4.588145,4.611855
33.888,FOLLOW_LANE,camera lane following,160.000,0.000000,0.750000,0,,NONE,0.000000,4.588145,4.611855
33.920,FOLLOW_LANE,camera lane following,160.000,0.000000,0.750000,0,,NONE,0.000000,4.588145,4.611855
33.952,FOLLOW_LANE,camera lane following,160.000,0.000000,0.750000,0,,NONE,0.000000,4.588145,4.611855
33.984,FOLLOW_LANE,camera lane following,160.000,0.000000,0.750000,0,,NONE,0.000000,4.588145,4.611855
34.016,FOLLOW_LANE,camera lane following,160.000,0.000000,0.750000,0,,NONE,0.000000,4.588145,4.611855
34.048,FOLLOW_LANE,camera lane following,160.000,0.000000,0.750000,0,,NONE,0.000000,4.588145,4.611855
34.080,FOLLOW_LANE,camera lane following,160.500,0.003125,0.750000,0,,NONE,0.000000,4.588145,4.611855
34.112,FOLLOW_LANE,camera lane following,160.500,0.003125,0.750000,0,,NONE,0.000000,4.588145,4.611855
34.144,FOLLOW_LANE,camera lane following,160.500,0.003125,0.750000,0,,NONE,0.000000,4.588145,4.611855
34.176,FOLLOW_LANE,camera lane following,160.500,0.003125,0.750000,0,,NONE,0.000000,4.588145,4.611855
34.208,FOLLOW_LANE,camera lane following,160.500,0.003125,0.750000,0,,NONE,0.000000,4.588145,4.611855
34.240,FOLLOW_LANE,camera lane following,160.500,0.003125,0.750000,0,,NONE,0.000000,4.588145,4.611855
34.272,FOLLOW_LANE,camera lane following,161.000,0.006250,0.750000,0,,NONE,0.000000,4.653774,4.546226
34.304,FOLLOW_LANE,camera lane following,161.000,0.006250,0.750000,0,,NONE,0.000000,4.638153,4.561847
34.336,FOLLOW_LANE,camera lane following,161.000,0.006250,0.750000,0,,NONE,0.000000,4.638157,4.561843
34.368,FOLLOW_LANE,camera lane following,161.000,0.006250,0.750000,0,,NONE,0.000000,4.638161,4.561839
34.400,FOLLOW_LANE,camera lane following,161.000,0.006250,0.750000,0,,NONE,0.000000,4.638165,4.561835
34.432,FOLLOW_LANE,camera lane following,161.000,0.006250,0.750000,0,,NONE,0.000000,4.638169,4.561831
34.464,FOLLOW_LANE,camera lane following,161.000,0.006250,0.750000,0,,NONE,0.000000,4.638173,4.561827
34.496,FOLLOW_LANE,camera lane following,161.000,0.006250,0.750000,0,,NONE,0.000000,4.638177,4.561823
34.528,FOLLOW_LANE,camera lane following,161.000,0.006250,0.750000,0,,NONE,0.000000,4.638181,4.561819
34.560,FOLLOW_LANE,camera lane following,161.500,0.009375,0.750000,0,,NONE,0.000000,4.670999,4.529000
34.592,FOLLOW_LANE,camera lane following,161.500,0.009375,0.750000,0,,NONE,0.000000,4.663193,4.536807
34.624,STOP_WAIT,waiting for moving object to clear,161.500,0.009375,0.750000,1,blue,UNKNOWN,0.319586,0.000000,0.000000
34.656,STOP_WAIT,waiting for moving object to clear,162.500,0.015625,0.750000,0,,NONE,0.000000,0.000000,0.000000
34.688,STOP_WAIT,waiting for moving object to clear,162.000,0.012500,0.750000,0,,NONE,0.000000,0.000000,0.000000
34.720,STOP_WAIT,waiting for moving object to clear,161.500,0.009375,0.750000,1,blue,UNKNOWN,0.606348,0.000000,0.000000
34.752,STOP_WAIT,waiting for moving object to clear,161.500,0.009375,0.750000,0,,NONE,0.000000,0.000000,0.000000
34.784,STOP_WAIT,waiting for moving object to clear,161.500,0.009375,0.750000,1,blue,UNKNOWN,0.619184,0.000000,0.000000
34.816,STOP_WAIT,waiting for moving object to clear,161.500,0.009375,0.750000,1,blue,MOVING,0.979351,0.000000,0.000000
34.848,STOP_WAIT,waiting for moving object to clear,161.500,0.009375,0.750000,1,blue,MOVING,0.979351,0.000000,0.000000
34.880,STOP_WAIT,waiting for moving object to clear,161.500,0.009375,0.750000,1,blue,MOVING,0.979351,0.000000,0.000000
34.912,STOP_WAIT,waiting for moving object to clear,161.500,0.009375,0.750000,1,blue,MOVING,0.979351,0.000000,0.000000
34.944,STOP_WAIT,waiting for moving object to clear,161.500,0.009375,0.750000,1,blue,MOVING,0.979351,0.000000,0.000000
34.976,STOP_WAIT,waiting for moving object to clear,161.500,0.009375,0.750000,1,blue,UNKNOWN,0.709351,0.000000,0.000000
35.008,STOP_WAIT,waiting for moving object to clear,161.000,0.006250,0.750000,1,blue,STATIONARY,0.873813,0.000000,0.000000
35.040,STOP_WAIT,waiting for moving object to clear,160.500,0.003125,0.750000,1,blue,STATIONARY,0.809118,0.000000,0.000000
35.072,STOP_WAIT,waiting for moving object to clear,160.500,0.003125,0.750000,1,blue,STATIONARY,0.738679,0.000000,0.000000
35.104,STOP_WAIT,waiting for moving object to clear,161.000,0.006250,0.750000,1,blue,STATIONARY,0.712420,0.000000,0.000000
35.136,AVOID,camera-guided stationary obstacle avoidance,161.000,0.006250,0.750000,1,blue,STATIONARY,0.689742,3.900000,1.700000
35.168,AVOID,camera-guided stationary obstacle avoidance,161.000,0.006250,0.750000,1,blue,UNKNOWN,0.730000,3.900000,1.700000
35.200,AVOID,camera-guided stationary obstacle avoidance,160.500,0.003125,0.750000,1,blue,UNKNOWN,0.730000,3.900000,1.700000
35.232,AVOID,camera-guided stationary obstacle avoidance,160.500,0.003125,0.750000,1,blue,MOVING,1.000000,3.900000,1.700000
35.264,AVOID,camera-guided stationary obstacle avoidance,160.000,0.000000,0.750000,1,blue,MOVING,0.643956,3.900000,1.700000
35.296,AVOID,camera-guided stationary obstacle avoidance,159.500,-0.003125,0.750000,1,blue,MOVING,0.660666,3.900000,1.700000
35.328,AVOID,camera-guided stationary obstacle avoidance,159.000,-0.006250,0.750000,1,blue,MOVING,0.667828,3.900000,1.700000
35.360,AVOID,camera-guided stationary obstacle avoidance,159.000,-0.006250,0.750000,1,blue,MOVING,0.666634,3.900000,1.700000
35.392,AVOID,camera-guided stationary obstacle avoidance,158.500,-0.009375,0.750000,0,,NONE,0.000000,3.900000,1.700000
35.424,AVOID,camera-guided stationary obstacle avoidance,157.500,-0.015625,0.750000,0,,NONE,0.000000,3.900000,1.700000
35.456,AVOID,camera-guided stationary obstacle avoidance,157.000,-0.018750,0.750000,0,,NONE,0.000000,3.900000,1.700000
35.488,AVOID,camera-guided stationary obstacle avoidance,155.500,-0.028125,0.750000,0,,NONE,0.000000,3.900000,1.700000
35.520,AVOID,camera-guided stationary obstacle avoidance,153.500,-0.040625,0.750000,0,,NONE,0.000000,3.900000,1.700000
35.552,AVOID,camera-guided stationary obstacle avoidance,150.500,-0.059375,0.750000,0,,NONE,0.000000,3.900000,1.700000
35.584,AVOID,camera-guided stationary obstacle avoidance,145.000,-0.093750,0.750000,0,,NONE,0.000000,3.900000,1.700000
35.616,AVOID,camera-guided stationary obstacle avoidance,137.500,-0.140625,0.750000,0,,NONE,0.000000,3.900000,1.700000
35.648,AVOID,camera-guided stationary obstacle avoidance,90.200,-0.436250,0.576500,0,,NONE,0.000000,3.900000,1.700000
35.680,AVOID,camera-guided stationary obstacle avoidance,86.200,-0.461250,0.576500,0,,NONE,0.000000,3.900000,1.700000
35.712,AVOID,camera-guided stationary obstacle avoidance,79.200,-0.505000,0.576500,0,,NONE,0.000000,3.900000,1.700000
35.744,AVOID,camera-guided stationary obstacle avoidance,74.200,-0.536250,0.576500,0,,NONE,0.000000,3.900000,1.700000
35.776,AVOID,camera-guided stationary obstacle avoidance,62.200,-0.611250,0.576500,0,,NONE,0.000000,3.900000,1.700000
35.808,AVOID,camera-guided stationary obstacle avoidance,53.200,-0.667500,0.576500,0,,NONE,0.000000,3.900000,1.700000
35.840,AVOID,camera-guided stationary obstacle avoidance,124.750,-0.220312,0.750000,0,,NONE,0.000000,3.900000,1.700000
35.872,AVOID,camera-guided stationary obstacle avoidance,122.250,-0.235937,0.721792,0,,NONE,0.000000,3.900000,1.700000
35.904,AVOID,camera-guided stationary obstacle avoidance,138.000,-0.137500,0.750000,0,,NONE,0.000000,3.900000,1.700000
35.936,AVOID,camera-guided stationary obstacle avoidance,156.500,-0.021875,0.750000,0,,NONE,0.000000,3.900000,1.700000
35.968,AVOID,camera-guided stationary obstacle avoidance,156.000,-0.025000,0.750000,0,,NONE,0.000000,3.900000,1.700000
36.000,AVOID,camera-guided stationary obstacle avoidance,156.000,-0.025000,0.750000,0,,NONE,0.000000,3.900000,1.700000
36.032,AVOID,camera-guided stationary obstacle avoidance,155.000,-0.031250,0.750000,0,,NONE,0.000000,3.900000,1.700000
36.064,AVOID,camera-guided stationary obstacle avoidance,152.500,-0.046875,0.750000,0,,NONE,0.000000,3.900000,1.700000
36.096,AVOID,camera-guided stationary obstacle avoidance,165.500,0.034375,0.750000,0,,NONE,0.000000,3.900000,1.700000
36.128,AVOID,camera-guided stationary obstacle avoidance,160.000,0.000000,0.750000,0,,NONE,0.000000,3.900000,1.700000
36.160,AVOID,camera-guided stationary obstacle avoidance,186.500,0.165625,0.806108,0,,NONE,0.000000,3.900000,1.700000
36.192,AVOID,camera-guided stationary obstacle avoidance,173.500,0.084375,0.750000,0,,NONE,0.000000,3.900000,1.700000
36.224,AVOID,camera-guided stationary obstacle avoidance,172.500,0.078125,0.750000,0,,NONE,0.000000,3.900000,1.700000
36.256,AVOID,camera-guided stationary obstacle avoidance,172.500,0.078125,0.750000,0,,NONE,0.000000,3.900000,1.700000
36.288,AVOID,camera-guided stationary obstacle avoidance,172.000,0.075000,0.750000,0,,NONE,0.000000,3.900000,1.700000
36.320,AVOID,camera-guided stationary obstacle avoidance,172.000,0.075000,0.750000,0,,NONE,0.000000,3.900000,1.700000
36.352,AVOID,camera-guided stationary obstacle avoidance,172.000,0.075000,0.750000,0,,NONE,0.000000,3.900000,1.700000
36.384,AVOID,camera-guided stationary obstacle avoidance,171.500,0.071875,0.750000,0,,NONE,0.000000,3.900000,1.700000
36.416,AVOID,camera-guided stationary obstacle avoidance,171.500,0.071875,0.750000,0,,NONE,0.000000,3.900000,1.700000
36.448,AVOID,camera-guided stationary obstacle avoidance,171.500,0.071875,0.750000,0,,NONE,0.000000,3.900000,1.700000
36.480,AVOID,camera-guided stationary obstacle avoidance,171.500,0.071875,0.750000,0,,NONE,0.000000,3.900000,1.700000
36.512,AVOID,camera-guided stationary obstacle avoidance,171.000,0.068750,0.750000,0,,NONE,0.000000,3.900000,1.700000
36.544,AVOID,camera-guided stationary obstacle avoidance,171.500,0.071875,0.750000,0,,NONE,0.000000,3.900000,1.700000
36.576,AVOID,camera-guided stationary obstacle avoidance,171.500,0.071875,0.750000,0,,NONE,0.000000,3.900000,1.700000
36.608,AVOID,camera-guided stationary obstacle avoidance,167.500,0.046875,0.750000,0,,NONE,0.000000,3.900000,1.700000
36.640,AVOID,camera-guided stationary obstacle avoidance,167.500,0.046875,0.750000,0,,NONE,0.000000,3.900000,1.700000
36.672,AVOID,camera-guided stationary obstacle avoidance,166.500,0.040625,0.750000,0,,NONE,0.000000,3.900000,1.700000
36.704,AVOID,camera-guided stationary obstacle avoidance,166.000,0.037500,0.750000,0,,NONE,0.000000,3.900000,1.700000
36.736,AVOID,camera-guided stationary obstacle avoidance,166.000,0.037500,0.750000,0,,NONE,0.000000,3.900000,1.700000
36.768,AVOID,camera-guided stationary obstacle avoidance,166.000,0.037500,0.750000,0,,NONE,0.000000,3.900000,1.700000
36.800,AVOID,camera-guided stationary obstacle avoidance,165.500,0.034375,0.750000,0,,NONE,0.000000,3.900000,1.700000
36.832,AVOID,camera-guided stationary obstacle avoidance,164.000,0.025000,0.750000,0,,NONE,0.000000,3.900000,1.700000
36.864,AVOID,camera-guided stationary obstacle avoidance,163.000,0.018750,0.750000,0,,NONE,0.000000,3.900000,1.700000
36.896,AVOID,camera-guided stationary obstacle avoidance,160.000,0.000000,0.750000,0,,NONE,0.000000,3.900000,1.700000
36.928,AVOID,camera-guided stationary obstacle avoidance,159.000,-0.006250,0.750000,0,,NONE,0.000000,3.900000,1.700000
36.960,AVOID,camera-guided stationary obstacle avoidance,159.000,-0.006250,0.750000,0,,NONE,0.000000,1.700000,3.900000
36.992,AVOID,camera-guided stationary obstacle avoidance,159.000,-0.006250,0.750000,0,,NONE,0.000000,1.700000,3.900000
37.024,AVOID,camera-guided stationary obstacle avoidance,158.750,-0.007812,0.750000,0,,NONE,0.000000,1.700000,3.900000
37.056,AVOID,camera-guided stationary obstacle avoidance,158.500,-0.009375,0.750000,0,,NONE,0.000000,1.700000,3.900000
37.088,AVOID,camera-guided stationary obstacle avoidance,158.500,-0.009375,0.750000,0,,NONE,0.000000,1.700000,3.900000
37.120,AVOID,camera-guided stationary obstacle avoidance,159.000,-0.006250,0.750000,0,,NONE,0.000000,1.700000,3.900000
37.152,AVOID,camera-guided stationary obstacle avoidance,158.500,-0.009375,0.750000,0,,NONE,0.000000,1.700000,3.900000
37.184,AVOID,camera-guided stationary obstacle avoidance,158.000,-0.012500,0.750000,0,,NONE,0.000000,1.700000,3.900000
37.216,AVOID,camera-guided stationary obstacle avoidance,158.000,-0.012500,0.750000,0,,NONE,0.000000,1.700000,3.900000
37.248,AVOID,camera-guided stationary obstacle avoidance,158.000,-0.012500,0.750000,0,,NONE,0.000000,1.700000,3.900000
37.280,AVOID,camera-guided stationary obstacle avoidance,157.500,-0.015625,0.750000,0,,NONE,0.000000,1.700000,3.900000
37.312,AVOID,camera-guided stationary obstacle avoidance,157.500,-0.015625,0.750000,0,,NONE,0.000000,1.700000,3.900000
37.344,AVOID,camera-guided stationary obstacle avoidance,157.500,-0.015625,0.750000,0,,NONE,0.000000,1.700000,3.900000
37.376,AVOID,camera-guided stationary obstacle avoidance,157.000,-0.018750,0.750000,0,,NONE,0.000000,1.700000,3.900000
37.408,AVOID,camera-guided stationary obstacle avoidance,155.500,-0.028125,0.750000,0,,NONE,0.000000,1.700000,3.900000
37.440,AVOID,camera-guided stationary obstacle avoidance,154.000,-0.037500,0.750000,0,,NONE,0.000000,1.700000,3.900000
37.472,AVOID,camera-guided stationary obstacle avoidance,151.500,-0.053125,0.750000,0,,NONE,0.000000,1.700000,3.900000
37.504,AVOID,camera-guided stationary obstacle avoidance,147.000,-0.081250,0.750000,0,,NONE,0.000000,1.700000,3.900000
37.536,AVOID,camera-guided stationary obstacle avoidance,138.000,-0.137500,0.750000,0,,NONE,0.000000,1.700000,3.900000
37.568,AVOID,camera-guided stationary obstacle avoidance,129.000,-0.193750,0.750000,0,,NONE,0.000000,1.700000,3.900000
37.600,AVOID,camera-guided stationary obstacle avoidance,77.200,-0.517500,0.576500,0,,NONE,0.000000,1.700000,3.900000
37.632,AVOID,camera-guided stationary obstacle avoidance,72.200,-0.548750,0.576500,0,,NONE,0.000000,1.700000,3.900000
37.664,AVOID,camera-guided stationary obstacle avoidance,62.200,-0.611250,0.576500,0,,NONE,0.000000,1.700000,3.900000
37.696,AVOID,camera-guided stationary obstacle avoidance,52.200,-0.673750,0.576500,0,,NONE,0.000000,1.700000,3.900000
37.728,AVOID,camera-guided stationary obstacle avoidance,130.500,-0.184375,0.750000,0,,NONE,0.000000,1.700000,3.900000
37.760,AVOID,camera-guided stationary obstacle avoidance,133.500,-0.165625,0.750000,0,,NONE,0.000000,1.700000,3.900000
37.792,AVOID,camera-guided stationary obstacle avoidance,131.500,-0.178125,0.750000,0,,NONE,0.000000,1.700000,3.900000
37.824,AVOID,camera-guided stationary obstacle avoidance,131.000,-0.181250,0.750000,0,,NONE,0.000000,1.700000,3.900000
37.856,AVOID,camera-guided stationary obstacle avoidance,130.500,-0.184375,0.750000,0,,NONE,0.000000,1.700000,3.900000
37.888,AVOID,camera-guided stationary obstacle avoidance,129.500,-0.190625,0.750000,0,,NONE,0.000000,1.700000,3.900000
37.920,AVOID,camera-guided stationary obstacle avoidance,131.000,-0.181250,0.750000,0,,NONE,0.000000,1.700000,3.900000
37.952,AVOID,camera-guided stationary obstacle avoidance,132.500,-0.171875,0.750000,0,,NONE,0.000000,1.700000,3.900000
37.984,AVOID,camera-guided stationary obstacle avoidance,133.500,-0.165625,0.750000,0,,NONE,0.000000,1.700000,3.900000
38.016,AVOID,camera-guided stationary obstacle avoidance,134.500,-0.159375,0.750000,0,,NONE,0.000000,1.700000,3.900000
38.048,AVOID,camera-guided stationary obstacle avoidance,135.500,-0.153125,0.750000,0,,NONE,0.000000,1.700000,3.900000
38.080,AVOID,camera-guided stationary obstacle avoidance,136.500,-0.146875,0.750000,0,,NONE,0.000000,1.700000,3.900000
38.112,AVOID,camera-guided stationary obstacle avoidance,137.500,-0.140625,0.750000,0,,NONE,0.000000,1.700000,3.900000
38.144,AVOID,camera-guided stationary obstacle avoidance,138.000,-0.137500,0.750000,0,,NONE,0.000000,1.700000,3.900000
38.176,AVOID,camera-guided stationary obstacle avoidance,139.000,-0.131250,0.750000,0,,NONE,0.000000,1.700000,3.900000
38.208,AVOID,camera-guided stationary obstacle avoidance,140.000,-0.125000,0.750000,0,,NONE,0.000000,1.700000,3.900000
38.240,AVOID,camera-guided stationary obstacle avoidance,141.500,-0.115625,0.750000,0,,NONE,0.000000,1.700000,3.900000
38.272,AVOID,camera-guided stationary obstacle avoidance,60.200,-0.623750,0.576500,0,,NONE,0.000000,1.700000,3.900000
38.304,AVOID,camera-guided stationary obstacle avoidance,62.200,-0.611250,0.576500,0,,NONE,0.000000,1.700000,3.900000
38.336,AVOID,camera-guided stationary obstacle avoidance,64.200,-0.598750,0.576500,0,,NONE,0.000000,1.700000,3.900000
38.368,AVOID,camera-guided stationary obstacle avoidance,67.200,-0.580000,0.576500,0,,NONE,0.000000,1.700000,3.900000
38.400,AVOID,camera-guided stationary obstacle avoidance,70.200,-0.561250,0.576500,0,,NONE,0.000000,1.700000,3.900000
38.432,AVOID,camera-guided stationary obstacle avoidance,73.200,-0.542500,0.576500,0,,NONE,0.000000,1.700000,3.900000
38.464,AVOID,camera-guided stationary obstacle avoidance,76.200,-0.523750,0.576500,0,,NONE,0.000000,1.700000,3.900000
38.496,AVOID,camera-guided stationary obstacle avoidance,80.200,-0.498750,0.576500,0,,NONE,0.000000,1.700000,3.900000
38.528,AVOID,camera-guided stationary obstacle avoidance,84.200,-0.473750,0.576500,0,,NONE,0.000000,1.700000,3.900000
38.560,AVOID,camera-guided stationary obstacle avoidance,88.200,-0.448750,0.576500,0,,NONE,0.000000,1.700000,3.900000
38.592,AVOID,camera-guided stationary obstacle avoidance,94.200,-0.411250,0.576500,0,,NONE,0.000000,1.700000,3.900000
38.624,AVOID,camera-guided stationary obstacle avoidance,98.200,-0.386250,0.576500,0,,NONE,0.000000,1.700000,3.900000
38.656,AVOID,camera-guided stationary obstacle avoidance,102.200,-0.361250,0.576500,0,,NONE,0.000000,1.700000,3.900000
38.688,AVOID,camera-guided stationary obstacle avoidance,101.200,-0.367500,0.576500,0,,NONE,0.000000,1.700000,3.900000
38.720,AVOID,camera-guided stationary obstacle avoidance,100.200,-0.373750,0.576500,0,,NONE,0.000000,1.700000,3.900000
38.752,AVOID,camera-guided stationary obstacle avoidance,102.200,-0.361250,0.576500,0,,NONE,0.000000,1.700000,3.900000
38.784,AVOID,camera-guided stationary obstacle avoidance,114.500,-0.284375,0.912642,0,,NONE,0.000000,1.700000,3.900000
38.816,AVOID,camera-guided stationary obstacle avoidance,117.000,-0.268750,0.894886,0,,NONE,0.000000,1.700000,3.900000
38.848,AVOID,camera-guided stationary obstacle avoidance,120.500,-0.246875,0.870028,0,,NONE,0.000000,1.700000,3.900000
38.880,REJOIN,confirming lane reacquisition,131.500,-0.178125,0.791903,0,,NONE,0.000000,0.929573,4.670426
38.912,REJOIN,confirming lane reacquisition,144.500,-0.096875,0.750000,0,,NONE,0.000000,2.227949,3.372051
38.944,REJOIN,confirming lane reacquisition,148.000,-0.075000,0.750000,0,,NONE,0.000000,2.254463,3.345536
38.976,REJOIN,confirming lane reacquisition,150.500,-0.059375,0.750000,0,,NONE,0.000000,2.363800,3.236199
39.008,FOLLOW_LANE,lane reacquired,152.000,-0.050000,0.750000,0,,NONE,0.000000,2.423143,3.176856
39.040,FOLLOW_LANE,camera lane following,153.000,-0.043750,0.750000,0,,NONE,0.000000,4.265303,4.934697
39.072,FOLLOW_LANE,camera lane following,154.500,-0.034375,0.750000,0,,NONE,0.000000,4.348093,4.851907
39.104,FOLLOW_LANE,camera lane following,155.000,-0.031250,0.750000,0,,NONE,0.000000,4.357448,4.842551
39.136,FOLLOW_LANE,camera lane following,156.000,-0.025000,0.750000,0,,NONE,0.000000,4.415245,4.784755
39.168,FOLLOW_LANE,camera lane following,156.500,-0.021875,0.750000,0,,NONE,0.000000,4.432418,4.767581
39.200,FOLLOW_LANE,camera lane following,156.750,-0.020313,0.750000,0,,NONE,0.000000,4.440999,4.759001
39.232,FOLLOW_LANE,camera lane following,157.000,-0.018750,0.750000,0,,NONE,0.000000,4.453487,4.746513
39.264,FOLLOW_LANE,camera lane following,158.000,-0.012500,0.750000,0,,NONE,0.000000,4.515198,4.684802
39.296,FOLLOW_LANE,camera lane following,158.000,-0.012500,0.750000,0,,NONE,0.000000,4.499565,4.700435
39.328,FOLLOW_LANE,camera lane following,158.500,-0.009375,0.750000,0,,NONE,0.000000,4.532371,4.667628
39.360,FOLLOW_LANE,camera lane following,158.500,-0.009375,0.750000,0,,NONE,0.000000,4.524553,4.675447
39.392,FOLLOW_LANE,camera lane following,159.000,-0.006250,0.750000,0,,NONE,0.000000,4.557361,4.642638
39.424,FOLLOW_LANE,camera lane following,159.000,-0.006250,0.750000,0,,NONE,0.000000,4.549545,4.650455
39.456,FOLLOW_LANE,camera lane following,159.500,-0.003125,0.750000,0,,NONE,0.000000,4.615170,4.584830
39.488,FOLLOW_LANE,camera lane following,160.000,0.000000,0.750000,0,,NONE,0.000000,4.599545,4.600455
39.520,FOLLOW_LANE,camera lane following,160.000,0.000000,0.750000,0,,NONE,0.000000,4.599545,4.600455
39.552,FOLLOW_LANE,camera lane following,160.000,0.000000,0.750000,0,,NONE,0.000000,4.599545,4.600455
39.584,FOLLOW_LANE,camera lane following,160.500,0.003125,0.750000,0,,NONE,0.000000,4.599545,4.600455
39.616,FOLLOW_LANE,camera lane following,160.500,0.003125,0.750000,0,,NONE,0.000000,4.599545,4.600455
39.648,FOLLOW_LANE,camera lane following,161.500,0.009375,0.750000,0,,NONE,0.000000,4.697988,4.502012
39.680,FOLLOW_LANE,camera lane following,161.500,0.009375,0.750000,0,,NONE,0.000000,4.674557,4.525443
39.712,FOLLOW_LANE,camera lane following,162.000,0.012500,0.750000,0,,NONE,0.000000,4.707377,4.492622
39.744,FOLLOW_LANE,camera lane following,162.500,0.015625,0.750000,0,,NONE,0.000000,4.732387,4.467612
39.776,FOLLOW_LANE,camera lane following,163.000,0.018750,0.750000,0,,NONE,0.000000,4.757400,4.442600
39.808,FOLLOW_LANE,camera lane following,164.000,0.025000,0.750000,0,,NONE,0.000000,4.815228,4.384772
39.840,FOLLOW_LANE,camera lane following,165.000,0.031250,0.750000,0,,NONE,0.000000,4.865248,4.334752
39.872,FOLLOW_LANE,camera lane following,165.500,0.034375,0.750000,0,,NONE,0.000000,4.882457,4.317543
39.904,FOLLOW_LANE,camera lane following,166.500,0.040625,0.750000,0,,NONE,0.000000,4.940296,4.259704
39.936,FOLLOW_LANE,camera lane following,167.500,0.046875,0.750000,0,,NONE,0.000000,4.990326,4.209674
39.968,FOLLOW_LANE,camera lane following,169.000,0.056250,0.750000,0,,NONE,0.000000,5.073174,4.126825
40.000,FOLLOW_LANE,camera lane following,169.000,0.056250,0.750000,0,,NONE,0.000000,5.049773,4.150227
40.032,FOLLOW_LANE,camera lane following,170.000,0.062500,0.750000,0,,NONE,0.000000,5.115438,4.084562
40.064,FOLLOW_LANE,camera lane following,170.500,0.065625,0.750000,0,,NONE,0.000000,5.132668,4.067332
40.096,FOLLOW_LANE,camera lane following,170.500,0.065625,0.750000,0,,NONE,0.000000,5.124897,4.075103
40.128,FOLLOW_LANE,camera lane following,171.000,0.068750,0.750000,0,,NONE,0.000000,5.157754,4.042246
40.160,FOLLOW_LANE,camera lane following,170.500,0.065625,0.750000,0,,NONE,0.000000,5.117170,4.082829
40.192,FOLLOW_LANE,camera lane following,170.500,0.065625,0.750000,0,,NONE,0.000000,5.125025,4.074975
40.224,FOLLOW_LANE,camera lane following,170.000,0.062500,0.750000,0,,NONE,0.000000,5.092252,4.107747
40.256,FOLLOW_LANE,camera lane following,169.500,0.059375,0.750000,0,,NONE,0.000000,5.067290,4.132709
40.288,FOLLOW_LANE,camera lane following,169.000,0.056250,0.750000,0,,NONE,0.000000,5.042326,4.157673
40.320,FOLLOW_LANE,camera lane following,169.000,0.056250,0.750000,0,,NONE,0.000000,5.050175,4.149825
40.352,FOLLOW_LANE,camera lane following,168.500,0.053125,0.750000,0,,NONE,0.000000,5.017396,4.182603
40.384,FOLLOW_LANE,camera lane following,168.000,0.050000,0.750000,0,,NONE,0.000000,4.992428,4.207571
40.416,FOLLOW_LANE,camera lane following,167.500,0.046875,0.750000,0,,NONE,0.000000,4.967458,4.232541
40.448,FOLLOW_LANE,camera lane following,167.000,0.043750,0.750000,0,,NONE,0.000000,4.942486,4.257513
40.480,FOLLOW_LANE,camera lane following,166.500,0.040625,0.750000,0,,NONE,0.000000,4.917512,4.282487
40.512,FOLLOW_LANE,camera lane following,166.000,0.037500,0.750000,0,,NONE,0.000000,4.892536,4.307463
40.544,FOLLOW_LANE,camera lane following,165.500,0.034375,0.750000,0,,NONE,0.000000,4.867558,4.332441
40.576,FOLLOW_LANE,camera lane following,165.500,0.034375,0.750000,0,,NONE,0.000000,4.875393,4.324607
40.608,FOLLOW_LANE,camera lane following,165.000,0.031250,0.750000,0,,NONE,0.000000,4.842600,4.357399
40.640,FOLLOW_LANE,camera lane following,164.500,0.028125,0.750000,0,,NONE,0.000000,4.817619,4.382381
40.672,FOLLOW_LANE,camera lane following,164.500,0.028125,0.750000,0,,NONE,0.000000,4.825449,4.374551
40.704,FOLLOW_LANE,camera lane following,164.000,0.025000,0.750000,0,,NONE,0.000000,4.792652,4.407347
40.736,FOLLOW_LANE,camera lane following,164.000,0.025000,0.750000,0,,NONE,0.000000,4.800481,4.399519
40.768,FOLLOW_LANE,camera lane following,163.500,0.021875,0.750000,0,,NONE,0.000000,4.767682,4.432317
40.800,FOLLOW_LANE,camera lane following,163.500,0.021875,0.750000,0,,NONE,0.000000,4.775509,4.424491
40.832,FOLLOW_LANE,camera lane following,163.000,0.018750,0.750000,0,,NONE,0.000000,4.742708,4.457291
40.864,FOLLOW_LANE,camera lane following,163.000,0.018750,0.750000,0,,NONE,0.000000,4.750533,4.449467
40.896,FOLLOW_LANE,camera lane following,163.000,0.018750,0.750000,0,,NONE,0.000000,4.750545,4.449455
40.928,FOLLOW_LANE,camera lane following,162.500,0.015625,0.750000,0,,NONE,0.000000,4.717742,4.482257
40.960,FOLLOW_LANE,camera lane following,162.000,0.012500,0.750000,0,,NONE,0.000000,4.692750,4.507249
40.992,FOLLOW_LANE,camera lane following,162.000,0.012500,0.750000,0,,NONE,0.000000,4.700571,4.499429
41.024,FOLLOW_LANE,camera lane following,161.500,0.009375,0.750000,0,,NONE,0.000000,4.667764,4.532235
41.056,FOLLOW_LANE,camera lane following,161.500,0.009375,0.750000,0,,NONE,0.000000,4.675583,4.524417
41.088,FOLLOW_LANE,camera lane following,161.500,0.009375,0.750000,0,,NONE,0.000000,4.675589,4.524411
41.120,FOLLOW_LANE,camera lane following,161.500,0.009375,0.750000,0,,NONE,0.000000,4.675595,4.524405
41.152,FOLLOW_LANE,camera lane following,161.000,0.006250,0.750000,0,,NONE,0.000000,4.642786,4.557213
41.184,FOLLOW_LANE,camera lane following,161.000,0.006250,0.750000,0,,NONE,0.000000,4.650603,4.549397
41.216,FOLLOW_LANE,camera lane following,161.000,0.006250,0.750000,0,,NONE,0.000000,4.650607,4.549393
41.248,FOLLOW_LANE,camera lane following,161.000,0.006250,0.750000,0,,NONE,0.000000,4.650611,4.549389
41.280,FOLLOW_LANE,camera lane following,161.000,0.006250,0.750000,0,,NONE,0.000000,4.650615,4.549385
41.312,FOLLOW_LANE,camera lane following,160.500,0.003125,0.750000,0,,NONE,0.000000,4.584990,4.615010
41.344,FOLLOW_LANE,camera lane following,160.500,0.003125,0.750000,0,,NONE,0.000000,4.600615,4.599385
41.376,FOLLOW_LANE,camera lane following,160.500,0.003125,0.750000,0,,NONE,0.000000,4.600615,4.599385
41.408,FOLLOW_LANE,camera lane following,160.500,0.003125,0.750000,0,,NONE,0.000000,4.600615,4.599385
41.440,FOLLOW_LANE,camera lane following,160.500,0.003125,0.750000,0,,NONE,0.000000,4.600615,4.599385
41.472,FOLLOW_LANE,camera lane following,160.500,0.003125,0.750000,0,,NONE,0.000000,4.600615,4.599385
41.504,FOLLOW_LANE,camera lane following,160.500,0.003125,0.750000,0,,NONE,0.000000,4.600615,4.599385
41.536,FOLLOW_LANE,camera lane following,160.000,0.000000,0.750000,0,,NONE,0.000000,4.600615,4.599385
41.568,FOLLOW_LANE,camera lane following,159.500,-0.003125,0.750000,0,,NONE,0.000000,4.600615,4.599385
41.600,FOLLOW_LANE,camera lane following,159.500,-0.003125,0.750000,0,,NONE,0.000000,4.600615,4.599385
41.632,FOLLOW_LANE,camera lane following,159.500,-0.003125,0.750000,0,,NONE,0.000000,4.600615,4.599385
41.664,FOLLOW_LANE,camera lane following,159.500,-0.003125,0.750000,0,,NONE,0.000000,4.600615,4.599385
41.696,FOLLOW_LANE,camera lane following,159.500,-0.003125,0.750000,0,,NONE,0.000000,4.600615,4.599385
41.728,FOLLOW_LANE,camera lane following,159.500,-0.003125,0.750000,0,,NONE,0.000000,4.600615,4.599385
41.760,FOLLOW_LANE,camera lane following,159.500,-0.003125,0.750000,0,,NONE,0.000000,4.600615,4.599385
41.792,FOLLOW_LANE,camera lane following,159.500,-0.003125,0.750000,0,,NONE,0.000000,4.600615,4.599385
41.824,FOLLOW_LANE,camera lane following,159.500,-0.003125,0.750000,0,,NONE,0.000000,4.600615,4.599385
41.856,FOLLOW_LANE,camera lane following,159.500,-0.003125,0.750000,0,,NONE,0.000000,4.600615,4.599385
41.888,FOLLOW_LANE,camera lane following,159.000,-0.006250,0.750000,0,,NONE,0.000000,4.534986,4.665014
41.920,FOLLOW_LANE,camera lane following,158.500,-0.009375,0.750000,0,,NONE,0.000000,4.517792,4.682207
41.952,FOLLOW_LANE,camera lane following,158.500,-0.009375,0.750000,0,,NONE,0.000000,4.525599,4.674401
41.984,FOLLOW_LANE,camera lane following,158.500,-0.009375,0.750000,0,,NONE,0.000000,4.525593,4.674407
42.016,FOLLOW_LANE,camera lane following,158.500,-0.009375,0.750000,0,,NONE,0.000000,4.525587,4.674413
42.048,FOLLOW_LANE,camera lane following,158.500,-0.009375,0.750000,0,,NONE,0.000000,4.525581,4.674419
42.080,FOLLOW_LANE,camera lane following,158.500,-0.009375,0.750000,0,,NONE,0.000000,4.525575,4.674425
42.112,FOLLOW_LANE,camera lane following,158.500,-0.009375,0.750000,0,,NONE,0.000000,4.525569,4.674431
42.144,FOLLOW_LANE,camera lane following,158.500,-0.009375,0.750000,0,,NONE,0.000000,4.525563,4.674437
42.176,FOLLOW_LANE,camera lane following,158.500,-0.009375,0.750000,0,,NONE,0.000000,4.525557,4.674443
42.208,FOLLOW_LANE,camera lane following,158.000,-0.012500,0.750000,0,,NONE,0.000000,4.492736,4.707263
42.240,FOLLOW_LANE,camera lane following,158.000,-0.012500,0.750000,0,,NONE,0.000000,4.500541,4.699459
42.272,FOLLOW_LANE,camera lane following,158.000,-0.012500,0.750000,0,,NONE,0.000000,4.500533,4.699467
42.304,FOLLOW_LANE,camera lane following,158.000,-0.012500,0.750000,0,,NONE,0.000000,4.500525,4.699475
42.336,FOLLOW_LANE,camera lane following,158.000,-0.012500,0.750000,0,,NONE,0.000000,4.500517,4.699483
42.368,FOLLOW_LANE,camera lane following,158.000,-0.012500,0.750000,0,,NONE,0.000000,4.500509,4.699491
42.400,FOLLOW_LANE,camera lane following,158.000,-0.012500,0.750000,0,,NONE,0.000000,4.500501,4.699499
42.432,FOLLOW_LANE,camera lane following,158.000,-0.012500,0.750000,0,,NONE,0.000000,4.500493,4.699507
42.464,FOLLOW_LANE,camera lane following,158.000,-0.012500,0.750000,0,,NONE,0.000000,4.500485,4.699515
42.496,FOLLOW_LANE,camera lane following,158.000,-0.012500,0.750000,0,,NONE,0.000000,4.500477,4.699523
42.528,FOLLOW_LANE,camera lane following,158.000,-0.012500,0.750000,0,,NONE,0.000000,4.500469,4.699531
42.560,FOLLOW_LANE,camera lane following,158.000,-0.012500,0.750000,0,,NONE,0.000000,4.500461,4.699539
42.592,FOLLOW_LANE,camera lane following,157.500,-0.015625,0.750000,0,,NONE,0.000000,4.467638,4.732361
42.624,FOLLOW_LANE,camera lane following,157.500,-0.015625,0.750000,0,,NONE,0.000000,4.475441,4.724559
42.656,FOLLOW_LANE,camera lane following,157.500,-0.015625,0.750000,0,,NONE,0.000000,4.475431,4.724569
42.688,FOLLOW_LANE,camera lane following,157.500,-0.015625,0.750000,0,,NONE,0.000000,4.475421,4.724579
42.720,FOLLOW_LANE,camera lane following,157.500,-0.015625,0.750000,0,,NONE,0.000000,4.475411,4.724589
42.752,FOLLOW_LANE,camera lane following,158.000,-0.012500,0.750000,0,,NONE,0.000000,4.508215,4.691784
42.784,FOLLOW_LANE,camera lane following,157.500,-0.015625,0.750000,0,,NONE,0.000000,4.467580,4.732419
42.816,FOLLOW_LANE,camera lane following,158.000,-0.012500,0.750000,0,,NONE,0.000000,4.508197,4.691802
42.848,FOLLOW_LANE,camera lane following,158.000,-0.012500,0.750000,0,,NONE,0.000000,4.500377,4.699623
42.880,FOLLOW_LANE,camera lane following,158.000,-0.012500,0.750000,0,,NONE,0.000000,4.500369,4.699631
42.912,FOLLOW_LANE,camera lane following,158.000,-0.012500,0.750000,0,,NONE,0.000000,4.500361,4.699639
42.944,FOLLOW_LANE,camera lane following,158.000,-0.012500,0.750000,0,,NONE,0.000000,4.500353,4.699647
42.976,FOLLOW_LANE,camera lane following,158.000,-0.012500,0.750000,0,,NONE,0.000000,4.500345,4.699655
43.008,FOLLOW_LANE,camera lane following,158.000,-0.012500,0.750000,0,,NONE,0.000000,4.500337,4.699663
43.040,FOLLOW_LANE,camera lane following,158.000,-0.012500,0.750000,0,,NONE,0.000000,4.500329,4.699671
43.072,FOLLOW_LANE,camera lane following,158.000,-0.012500,0.750000,0,,NONE,0.000000,4.500321,4.699679
43.104,FOLLOW_LANE,camera lane following,158.000,-0.012500,0.750000,0,,NONE,0.000000,4.500313,4.699687
43.136,FOLLOW_LANE,camera lane following,158.000,-0.012500,0.750000,0,,NONE,0.000000,4.500305,4.699695
43.168,FOLLOW_LANE,camera lane following,158.000,-0.012500,0.750000,0,,NONE,0.000000,4.500297,4.699703
43.200,FOLLOW_LANE,camera lane following,158.000,-0.012500,0.750000,0,,NONE,0.000000,4.500289,4.699711
43.232,FOLLOW_LANE,camera lane following,158.000,-0.012500,0.750000,0,,NONE,0.000000,4.500281,4.699719
43.264,FOLLOW_LANE,camera lane following,158.000,-0.012500,0.750000,0,,NONE,0.000000,4.500273,4.699727
43.296,FOLLOW_LANE,camera lane following,158.000,-0.012500,0.750000,0,,NONE,0.000000,4.500265,4.699735
43.328,FOLLOW_LANE,camera lane following,158.000,-0.012500,0.750000,0,,NONE,0.000000,4.500257,4.699743
43.360,FOLLOW_LANE,camera lane following,158.000,-0.012500,0.750000,0,,NONE,0.000000,4.500249,4.699751
43.392,FOLLOW_LANE,camera lane following,158.000,-0.012500,0.750000,0,,NONE,0.000000,4.500241,4.699759
43.424,FOLLOW_LANE,camera lane following,158.000,-0.012500,0.750000,0,,NONE,0.000000,4.500233,4.699767
43.456,FOLLOW_LANE,camera lane following,158.500,-0.009375,0.750000,0,,NONE,0.000000,4.533039,4.666961
43.488,FOLLOW_LANE,camera lane following,158.500,-0.009375,0.750000,0,,NONE,0.000000,4.525221,4.674779
43.520,FOLLOW_LANE,camera lane following,158.500,-0.009375,0.750000,0,,NONE,0.000000,4.525215,4.674785
43.552,FOLLOW_LANE,camera lane following,158.500,-0.009375,0.750000,0,,NONE,0.000000,4.525209,4.674791
43.584,FOLLOW_LANE,camera lane following,158.500,-0.009375,0.750000,0,,NONE,0.000000,4.525203,4.674797
43.616,FOLLOW_LANE,camera lane following,158.500,-0.009375,0.750000,0,,NONE,0.000000,4.525197,4.674803
43.648,FOLLOW_LANE,camera lane following,158.500,-0.009375,0.750000,0,,NONE,0.000000,4.525191,4.674809
43.680,FOLLOW_LANE,camera lane following,158.500,-0.009375,0.750000,0,,NONE,0.000000,4.525185,4.674815
43.712,FOLLOW_LANE,camera lane following,158.500,-0.009375,0.750000,0,,NONE,0.000000,4.525179,4.674821
43.744,FOLLOW_LANE,camera lane following,158.500,-0.009375,0.750000,0,,NONE,0.000000,4.525173,4.674827
43.776,FOLLOW_LANE,camera lane following,159.500,-0.003125,0.750000,0,,NONE,0.000000,4.623610,4.576389
43.808,FOLLOW_LANE,camera lane following,159.500,-0.003125,0.750000,0,,NONE,0.000000,4.600173,4.599827
43.840,FOLLOW_LANE,camera lane following,159.500,-0.003125,0.750000,0,,NONE,0.000000,4.600173,4.599827
43.872,FOLLOW_LANE,camera lane following,159.500,-0.003125,0.750000,0,,NONE,0.000000,4.600173,4.599827
43.904,FOLLOW_LANE,camera lane following,159.500,-0.003125,0.750000,0,,NONE,0.000000,4.600173,4.599827
43.936,FOLLOW_LANE,camera lane following,159.500,-0.003125,0.750000,0,,NONE,0.000000,4.600173,4.599827
43.968,FOLLOW_LANE,camera lane following,159.500,-0.003125,0.750000,0,,NONE,0.000000,4.600173,4.599827
44.000,FOLLOW_LANE,camera lane following,159.500,-0.003125,0.750000,0,,NONE,0.000000,4.600173,4.599827
44.032,FOLLOW_LANE,camera lane following,159.500,-0.003125,0.750000,0,,NONE,0.000000,4.600173,4.599827
44.064,FOLLOW_LANE,camera lane following,159.500,-0.003125,0.750000,0,,NONE,0.000000,4.600173,4.599827
44.096,FOLLOW_LANE,camera lane following,159.500,-0.003125,0.750000,0,,NONE,0.000000,4.600173,4.599827
44.128,FOLLOW_LANE,camera lane following,159.500,-0.003125,0.750000,0,,NONE,0.000000,4.600173,4.599827
44.160,FOLLOW_LANE,camera lane following,159.500,-0.003125,0.750000,0,,NONE,0.000000,4.600173,4.599827
44.192,FOLLOW_LANE,camera lane following,159.500,-0.003125,0.750000,0,,NONE,0.000000,4.600173,4.599827
44.224,FOLLOW_LANE,camera lane following,159.500,-0.003125,0.750000,0,,NONE,0.000000,4.600173,4.599827
44.256,FOLLOW_LANE,camera lane following,160.000,0.000000,0.750000,0,,NONE,0.000000,4.600173,4.599827
44.288,FOLLOW_LANE,camera lane following,160.000,0.000000,0.750000,0,,NONE,0.000000,4.600173,4.599827
44.320,FOLLOW_LANE,camera lane following,160.000,0.000000,0.750000,0,,NONE,0.000000,4.600173,4.599827
44.352,FOLLOW_LANE,camera lane following,160.500,0.003125,0.750000,0,,NONE,0.000000,4.600173,4.599827
44.384,FOLLOW_LANE,camera lane following,160.500,0.003125,0.750000,0,,NONE,0.000000,4.600173,4.599827
44.416,FOLLOW_LANE,camera lane following,160.500,0.003125,0.750000,0,,NONE,0.000000,4.600173,4.599827
44.448,FOLLOW_LANE,camera lane following,160.500,0.003125,0.750000,0,,NONE,0.000000,4.600173,4.599827
44.480,FOLLOW_LANE,camera lane following,160.500,0.003125,0.750000,0,,NONE,0.000000,4.600173,4.599827
44.512,FOLLOW_LANE,camera lane following,160.500,0.003125,0.750000,0,,NONE,0.000000,4.600173,4.599827
44.544,FOLLOW_LANE,camera lane following,160.500,0.003125,0.750000,0,,NONE,0.000000,4.600173,4.599827
44.576,FOLLOW_LANE,camera lane following,160.500,0.003125,0.750000,0,,NONE,0.000000,4.600173,4.599827
44.608,FOLLOW_LANE,camera lane following,161.000,0.006250,0.750000,0,,NONE,0.000000,4.665802,4.534198
44.640,FOLLOW_LANE,camera lane following,161.000,0.006250,0.750000,0,,NONE,0.000000,4.650181,4.549819
44.672,FOLLOW_LANE,camera lane following,161.000,0.006250,0.750000,0,,NONE,0.000000,4.650185,4.549815
44.704,FOLLOW_LANE,camera lane following,161.000,0.006250,0.750000,0,,NONE,0.000000,4.650189,4.549811
44.736,FOLLOW_LANE,camera lane following,161.000,0.006250,0.750000,0,,NONE,0.000000,4.650193,4.549807
44.768,FOLLOW_LANE,camera lane following,161.000,0.006250,0.750000,0,,NONE,0.000000,4.650197,4.549803
44.800,FOLLOW_LANE,camera lane following,161.000,0.006250,0.750000,0,,NONE,0.000000,4.650201,4.549799
44.832,FOLLOW_LANE,camera lane following,161.000,0.006250,0.750000,0,,NONE,0.000000,4.650205,4.549795
44.864,FOLLOW_LANE,camera lane following,161.000,0.006250,0.750000,0,,NONE,0.000000,4.650209,4.549791
44.896,FOLLOW_LANE,camera lane following,161.000,0.006250,0.750000,0,,NONE,0.000000,4.650213,4.549787
44.928,FOLLOW_LANE,camera lane following,161.000,0.006250,0.750000,0,,NONE,0.000000,4.650217,4.549783
44.960,FOLLOW_LANE,camera lane following,161.500,0.009375,0.750000,0,,NONE,0.000000,4.683035,4.516964
44.992,FOLLOW_LANE,camera lane following,161.500,0.009375,0.750000,0,,NONE,0.000000,4.675229,4.524771
45.024,FOLLOW_LANE,camera lane following,161.500,0.009375,0.750000,0,,NONE,0.000000,4.675235,4.524765
45.056,FOLLOW_LANE,camera lane following,161.500,0.009375,0.750000,0,,NONE,0.000000,4.675241,4.524759
45.088,FOLLOW_LANE,camera lane following,161.500,0.009375,0.750000,0,,NONE,0.000000,4.675247,4.524753
45.120,FOLLOW_LANE,camera lane following,161.500,0.009375,0.750000,0,,NONE,0.000000,4.675253,4.524747
45.152,FOLLOW_LANE,camera lane following,161.500,0.009375,0.750000,0,,NONE,0.000000,4.675259,4.524741
45.184,FOLLOW_LANE,camera lane following,161.500,0.009375,0.750000,0,,NONE,0.000000,4.675265,4.524735
45.216,FOLLOW_LANE,camera lane following,161.500,0.009375,0.750000,0,,NONE,0.000000,4.675271,4.524729
45.248,FOLLOW_LANE,camera lane following,161.500,0.009375,0.750000,0,,NONE,0.000000,4.675277,4.524723
45.280,FOLLOW_LANE,camera lane following,161.500,0.009375,0.750000,0,,NONE,0.000000,4.675283,4.524717
45.312,FOLLOW_LANE,camera lane following,161.500,0.009375,0.750000,0,,NONE,0.000000,4.675289,4.524711
45.344,FOLLOW_LANE,camera lane following,161.500,0.009375,0.750000,0,,NONE,0.000000,4.675295,4.524705
45.376,FOLLOW_LANE,camera lane following,161.500,0.009375,0.750000,0,,NONE,0.000000,4.675301,4.524699
45.408,FOLLOW_LANE,camera lane following,161.500,0.009375,0.750000,0,,NONE,0.000000,4.675307,4.524693
45.440,FOLLOW_LANE,camera lane following,161.500,0.009375,0.750000,0,,NONE,0.000000,4.675313,4.524687
45.472,FOLLOW_LANE,camera lane following,161.500,0.009375,0.750000,0,,NONE,0.000000,4.675319,4.524681
45.504,FOLLOW_LANE,camera lane following,161.500,0.009375,0.750000,0,,NONE,0.000000,4.675325,4.524675
45.536,FOLLOW_LANE,camera lane following,161.500,0.009375,0.750000,0,,NONE,0.000000,4.675331,4.524669
45.568,FOLLOW_LANE,camera lane following,161.500,0.009375,0.750000,0,,NONE,0.000000,4.675337,4.524663
45.600,FOLLOW_LANE,camera lane following,161.500,0.009375,0.750000,0,,NONE,0.000000,4.675343,4.524657
45.632,FOLLOW_LANE,camera lane following,161.500,0.009375,0.750000,0,,NONE,0.000000,4.675349,4.524651
45.664,FOLLOW_LANE,camera lane following,161.500,0.009375,0.750000,0,,NONE,0.000000,4.675355,4.524645
45.696,FOLLOW_LANE,camera lane following,161.500,0.009375,0.750000,0,,NONE,0.000000,4.675361,4.524639
45.728,FOLLOW_LANE,camera lane following,161.500,0.009375,0.750000,0,,NONE,0.000000,4.675367,4.524633
45.760,FOLLOW_LANE,camera lane following,161.500,0.009375,0.750000,0,,NONE,0.000000,4.675373,4.524627
45.792,FOLLOW_LANE,camera lane following,161.500,0.009375,0.750000,0,,NONE,0.000000,4.675379,4.524621
45.824,FOLLOW_LANE,camera lane following,161.000,0.006250,0.750000,0,,NONE,0.000000,4.642570,4.557429
45.856,FOLLOW_LANE,camera lane following,161.000,0.006250,0.750000,0,,NONE,0.000000,4.650387,4.549613
45.888,FOLLOW_LANE,camera lane following,161.000,0.006250,0.750000,0,,NONE,0.000000,4.650391,4.549609
45.920,FOLLOW_LANE,camera lane following,161.000,0.006250,0.750000,0,,NONE,0.000000,4.650395,4.549605
45.952,FOLLOW_LANE,camera lane following,161.000,0.006250,0.750000,0,,NONE,0.000000,4.650399,4.549601
45.984,FOLLOW_LANE,camera lane following,161.000,0.006250,0.750000,0,,NONE,0.000000,4.650403,4.549597
46.016,FOLLOW_LANE,camera lane following,161.000,0.006250,0.750000,0,,NONE,0.000000,4.650407,4.549593
46.048,FOLLOW_LANE,camera lane following,161.000,0.006250,0.750000,0,,NONE,0.000000,4.650411,4.549589
46.080,FOLLOW_LANE,camera lane following,161.000,0.006250,0.750000,0,,NONE,0.000000,4.650415,4.549585
46.112,FOLLOW_LANE,camera lane following,161.000,0.006250,0.750000,0,,NONE,0.000000,4.650419,4.549581
46.144,FOLLOW_LANE,camera lane following,161.000,0.006250,0.750000,0,,NONE,0.000000,4.650423,4.549577
46.176,FOLLOW_LANE,camera lane following,161.500,0.009375,0.750000,0,,NONE,0.000000,4.683241,4.516758
46.208,FOLLOW_LANE,camera lane following,161.500,0.009375,0.750000,0,,NONE,0.000000,4.675435,4.524565
46.240,FOLLOW_LANE,camera lane following,161.500,0.009375,0.750000,0,,NONE,0.000000,4.675441,4.524559
46.272,FOLLOW_LANE,camera lane following,161.000,0.006250,0.750000,0,,NONE,0.000000,4.642632,4.557367
46.304,FOLLOW_LANE,camera lane following,161.500,0.009375,0.750000,0,,NONE,0.000000,4.683263,4.516736
46.336,FOLLOW_LANE,camera lane following,160.500,0.003125,0.750000,0,,NONE,0.000000,4.577013,4.622986
46.368,FOLLOW_LANE,camera lane following,160.500,0.003125,0.750000,0,,NONE,0.000000,4.600451,4.599549
46.400,FOLLOW_LANE,camera lane following,163.500,0.021875,0.750000,0,,NONE,0.000000,4.830152,4.369847
46.432,FOLLOW_LANE,camera lane following,162.000,0.012500,0.750000,0,,NONE,0.000000,4.677035,4.522964
46.464,FOLLOW_LANE,camera lane following,162.000,0.012500,0.750000,0,,NONE,0.000000,4.700481,4.499519
46.496,FOLLOW_LANE,camera lane following,161.500,0.009375,0.750000,0,,NONE,0.000000,4.667674,4.532325
46.528,FOLLOW_LANE,camera lane following,161.000,0.006250,0.750000,0,,NONE,0.000000,4.642678,4.557321
46.560,FOLLOW_LANE,camera lane following,161.000,0.006250,0.750000,0,,NONE,0.000000,4.650495,4.549505
46.592,FOLLOW_LANE,camera lane following,160.500,0.003125,0.750000,0,,NONE,0.000000,4.584870,4.615130
46.624,FOLLOW_LANE,camera lane following,160.500,0.003125,0.750000,0,,NONE,0.000000,4.600495,4.599505
46.656,FOLLOW_LANE,camera lane following,160.500,0.003125,0.750000,0,,NONE,0.000000,4.600495,4.599505
46.688,FOLLOW_LANE,camera lane following,160.500,0.003125,0.750000,0,,NONE,0.000000,4.600495,4.599505
46.720,FOLLOW_LANE,camera lane following,160.000,0.000000,0.750000,0,,NONE,0.000000,4.600495,4.599505
46.752,FOLLOW_LANE,camera lane following,160.000,0.000000,0.750000,0,,NONE,0.000000,4.600495,4.599505
46.784,FOLLOW_LANE,camera lane following,160.000,0.000000,0.750000,0,,NONE,0.000000,4.600495,4.599505
46.816,FOLLOW_LANE,camera lane following,159.500,-0.003125,0.750000,0,,NONE,0.000000,4.600495,4.599505
46.848,FOLLOW_LANE,camera lane following,159.500,-0.003125,0.750000,0,,NONE,0.000000,4.600495,4.599505
46.880,FOLLOW_LANE,camera lane following,159.500,-0.003125,0.750000,0,,NONE,0.000000,4.600495,4.599505
46.912,FOLLOW_LANE,camera lane following,159.000,-0.006250,0.750000,0,,NONE,0.000000,4.534866,4.665134
46.944,FOLLOW_LANE,camera lane following,159.000,-0.006250,0.750000,0,,NONE,0.000000,4.550487,4.649513
46.976,FOLLOW_LANE,camera lane following,159.000,-0.006250,0.750000,0,,NONE,0.000000,4.550483,4.649517
47.008,FOLLOW_LANE,camera lane following,158.500,-0.009375,0.750000,0,,NONE,0.000000,4.517664,4.682335
47.040,FOLLOW_LANE,camera lane following,158.500,-0.009375,0.750000,0,,NONE,0.000000,4.525471,4.674529
47.072,FOLLOW_LANE,camera lane following,158.500,-0.009375,0.750000,0,,NONE,0.000000,4.525465,4.674535
47.104,FOLLOW_LANE,camera lane following,158.500,-0.009375,0.750000,0,,NONE,0.000000,4.525459,4.674541
47.136,FOLLOW_LANE,camera lane following,158.000,-0.012500,0.750000,0,,NONE,0.000000,4.492638,4.707361
47.168,FOLLOW_LANE,camera lane following,157.500,-0.015625,0.750000,0,,NONE,0.000000,4.467629,4.732371
47.200,FOLLOW_LANE,camera lane following,157.500,-0.015625,0.750000,0,,NONE,0.000000,4.475431,4.724569
47.232,FOLLOW_LANE,camera lane following,157.000,-0.018750,0.750000,0,,NONE,0.000000,4.442606,4.757394
47.264,FOLLOW_LANE,camera lane following,157.500,-0.015625,0.750000,0,,NONE,0.000000,4.483221,4.716778
47.296,FOLLOW_LANE,camera lane following,156.000,-0.025000,0.750000,0,,NONE,0.000000,4.376955,4.823044
47.328,FOLLOW_LANE,camera lane following,156.250,-0.023438,0.750000,0,,NONE,0.000000,4.416784,4.783216
47.360,FOLLOW_LANE,camera lane following,160.000,0.000000,0.750000,0,,NONE,0.000000,4.658972,4.541028
47.392,FOLLOW_LANE,camera lane following,157.000,-0.018750,0.750000,0,,NONE,0.000000,4.403491,4.796509
47.424,FOLLOW_LANE,camera lane following,157.000,-0.018750,0.750000,0,,NONE,0.000000,4.450354,4.749646
47.456,FOLLOW_LANE,camera lane following,157.500,-0.015625,0.750000,0,,NONE,0.000000,4.483156,4.716843
47.488,FOLLOW_LANE,camera lane following,158.000,-0.012500,0.750000,0,,NONE,0.000000,4.508148,4.691851
47.520,FOLLOW_LANE,camera lane following,157.500,-0.015625,0.750000,0,,NONE,0.000000,4.467513,4.732486
47.552,FOLLOW_LANE,camera lane following,156.000,-0.025000,0.750000,0,,NONE,0.000000,4.376872,4.823128
47.584,FOLLOW_LANE,camera lane following,154.000,-0.037500,0.750000,0,,NONE,0.000000,4.269036,4.930964
47.616,FOLLOW_LANE,camera lane following,153.500,-0.040625,0.750000,0,,NONE,0.000000,4.267447,4.932552
47.648,FOLLOW_LANE,camera lane following,152.000,-0.050000,0.750000,0,,NONE,0.000000,4.176790,5.023210
47.680,FOLLOW_LANE,camera lane following,151.000,-0.056250,0.750000,0,,NONE,0.000000,4.134567,5.065433
47.712,FOLLOW_LANE,camera lane following,149.500,-0.065625,0.750000,0,,NONE,0.000000,4.051712,5.148287
47.744,FOLLOW_LANE,camera lane following,148.500,-0.071875,0.750000,0,,NONE,0.000000,4.009479,5.190521
47.776,FOLLOW_LANE,camera lane following,148.000,-0.075000,0.750000,0,,NONE,0.000000,3.992243,5.207756
47.808,FOLLOW_LANE,camera lane following,147.000,-0.081250,0.750000,0,,NONE,0.000000,3.934379,5.265621
47.840,FOLLOW_LANE,camera lane following,147.000,-0.081250,0.750000,0,,NONE,0.000000,3.949952,5.250048
47.872,FOLLOW_LANE,camera lane following,147.000,-0.081250,0.750000,0,,NONE,0.000000,3.949900,5.250100
47.904,FOLLOW_LANE,camera lane following,147.000,-0.081250,0.750000,0,,NONE,0.000000,3.949848,5.250152
47.936,FOLLOW_LANE,camera lane following,147.500,-0.078125,0.750000,0,,NONE,0.000000,3.982610,5.217389
47.968,FOLLOW_LANE,camera lane following,147.500,-0.078125,0.750000,0,,NONE,0.000000,3.974748,5.225252
48.000,FOLLOW_LANE,camera lane following,148.000,-0.075000,0.750000,0,,NONE,0.000000,4.007512,5.192487
48.032,FOLLOW_LANE,camera lane following,148.500,-0.071875,0.750000,0,,NONE,0.000000,4.032466,5.167533
48.064,FOLLOW_LANE,camera lane following,149.500,-0.065625,0.750000,0,,NONE,0.000000,4.090237,5.109763
48.096,FOLLOW_LANE,camera lane following,150.000,-0.062500,0.750000,0,,NONE,0.000000,4.107384,5.092615
48.128,FOLLOW_LANE,camera lane following,150.500,-0.059375,0.750000,0,,NONE,0.000000,4.132346,5.067653
48.160,FOLLOW_LANE,camera lane following,151.500,-0.053125,0.750000,0,,NONE,0.000000,4.190125,5.009875
48.192,FOLLOW_LANE,camera lane following,152.000,-0.050000,0.750000,0,,NONE,0.000000,4.207280,4.992719
48.224,FOLLOW_LANE,camera lane following,153.000,-0.043750,0.750000,0,,NONE,0.000000,4.265065,4.934935
48.256,FOLLOW_LANE,camera lane following,153.500,-0.040625,0.750000,0,,NONE,0.000000,4.282226,4.917774
48.288,FOLLOW_LANE,camera lane following,154.000,-0.037500,0.750000,0,,NONE,0.000000,4.307202,4.892797
48.320,FOLLOW_LANE,camera lane following,159.000,-0.006250,0.750000,0,,NONE,0.000000,4.627511,4.572489
48.352,FOLLOW_LANE,camera lane following,156.000,-0.025000,0.750000,0,,NONE,0.000000,4.352495,4.847505
48.384,FOLLOW_LANE,camera lane following,155.750,-0.026562,0.750000,0,,NONE,0.000000,4.382947,4.817053
48.416,FOLLOW_LANE,camera lane following,156.500,-0.021875,0.750000,0,,NONE,0.000000,4.436058,4.763942
48.448,FOLLOW_LANE,camera lane following,157.500,-0.015625,0.750000,0,,NONE,0.000000,4.489954,4.710046
48.480,FOLLOW_LANE,camera lane following,157.000,-0.018750,0.750000,0,,NONE,0.000000,4.441504,4.758495
48.512,FOLLOW_LANE,camera lane following,155.000,-0.031250,0.750000,0,,NONE,0.000000,4.318047,4.881953
48.544,FOLLOW_LANE,camera lane following,154.000,-0.037500,0.750000,0,,NONE,0.000000,4.283648,4.916352
48.576,FOLLOW_LANE,camera lane following,153.500,-0.040625,0.750000,0,,NONE,0.000000,4.266434,4.933565
48.608,FOLLOW_LANE,camera lane following,153.000,-0.043750,0.750000,0,,NONE,0.000000,4.241407,4.958593
48.640,FOLLOW_LANE,camera lane following,153.000,-0.043750,0.750000,0,,NONE,0.000000,4.249191,4.950809
48.672,FOLLOW_LANE,camera lane following,152.500,-0.046875,0.750000,0,,NONE,0.000000,4.216348,4.983651
48.704,FOLLOW_LANE,camera lane following,152.500,-0.046875,0.750000,0,,NONE,0.000000,4.224131,4.975869
48.736,FOLLOW_LANE,camera lane following,152.500,-0.046875,0.750000,0,,NONE,0.000000,4.224101,4.975899
48.768,FOLLOW_LANE,camera lane following,152.500,-0.046875,0.750000,0,,NONE,0.000000,4.224071,4.975929
48.800,FOLLOW_LANE,camera lane following,152.500,-0.046875,0.750000,0,,NONE,0.000000,4.224041,4.975959
48.832,FOLLOW_LANE,camera lane following,152.500,-0.046875,0.750000,0,,NONE,0.000000,4.224011,4.975989
48.864,FOLLOW_LANE,camera lane following,153.000,-0.043750,0.750000,0,,NONE,0.000000,4.256795,4.943204
48.896,FOLLOW_LANE,camera lane following,153.000,-0.043750,0.750000,0,,NONE,0.000000,4.248955,4.951045
48.928,FOLLOW_LANE,camera lane following,153.000,-0.043750,0.750000,0,,NONE,0.000000,4.248927,4.951073
48.960,FOLLOW_LANE,camera lane following,153.500,-0.040625,0.750000,0,,NONE,0.000000,4.281713,4.918286
48.992,FOLLOW_LANE,camera lane following,153.500,-0.040625,0.750000,0,,NONE,0.000000,4.273875,4.926125
49.024,FOLLOW_LANE,camera lane following,154.000,-0.037500,0.750000,0,,NONE,0.000000,4.306663,4.893336
49.056,FOLLOW_LANE,camera lane following,154.000,-0.037500,0.750000,0,,NONE,0.000000,4.298827,4.901173
49.088,FOLLOW_LANE,camera lane following,154.500,-0.034375,0.750000,0,,NONE,0.000000,4.331617,4.868383
49.120,FOLLOW_LANE,camera lane following,154.500,-0.034375,0.750000,0,,NONE,0.000000,4.323783,4.876217
49.152,FOLLOW_LANE,camera lane following,155.000,-0.031250,0.750000,0,,NONE,0.000000,4.356575,4.843424
49.184,FOLLOW_LANE,camera lane following,156.000,-0.025000,0.750000,0,,NONE,0.000000,4.414372,4.785628
49.216,FOLLOW_LANE,camera lane following,156.500,-0.021875,0.750000,0,,NONE,0.000000,4.431545,4.768454
49.248,FOLLOW_LANE,camera lane following,155.500,-0.028125,0.750000,0,,NONE,0.000000,4.358090,4.841910
49.280,FOLLOW_LANE,camera lane following,159.000,-0.006250,0.750000,0,,NONE,0.000000,4.603398,4.596601
49.312,FOLLOW_LANE,camera lane following,157.500,-0.015625,0.750000,0,,NONE,0.000000,4.450263,4.749737
49.344,FOLLOW_LANE,camera lane following,157.500,-0.015625,0.750000,0,,NONE,0.000000,4.473691,4.726309
49.376,FOLLOW_LANE,camera lane following,158.000,-0.012500,0.750000,0,,NONE,0.000000,4.506495,4.693504
49.408,FOLLOW_LANE,camera lane following,158.000,-0.012500,0.750000,0,,NONE,0.000000,4.498675,4.701325
49.440,FOLLOW_LANE,camera lane following,157.500,-0.015625,0.750000,0,,NONE,0.000000,4.465852,4.734147
49.472,FOLLOW_LANE,camera lane following,156.500,-0.021875,0.750000,0,,NONE,0.000000,4.408026,4.791974
49.504,FOLLOW_LANE,camera lane following,156.000,-0.025000,0.750000,0,,NONE,0.000000,4.390822,4.809177
49.536,FOLLOW_LANE,camera lane following,155.500,-0.028125,0.750000,0,,NONE,0.000000,4.365804,4.834195
49.568,FOLLOW_LANE,camera lane following,155.500,-0.028125,0.750000,0,,NONE,0.000000,4.373599,4.826401
49.600,FOLLOW_LANE,camera lane following,155.500,-0.028125,0.750000,0,,NONE,0.000000,4.373581,4.826419
49.632,FOLLOW_LANE,camera lane following,155.000,-0.031250,0.750000,0,,NONE,0.000000,4.340748,4.859252
49.664,FOLLOW_LANE,camera lane following,154.500,-0.034375,0.750000,0,,NONE,0.000000,4.315726,4.884273
49.696,FOLLOW_LANE,camera lane following,154.500,-0.034375,0.750000,0,,NONE,0.000000,4.323517,4.876483
49.728,FOLLOW_LANE,camera lane following,154.500,-0.034375,0.750000,0,,NONE,0.000000,4.323495,4.876505
49.760,FOLLOW_LANE,camera lane following,154.000,-0.037500,0.750000,0,,NONE,0.000000,4.290658,4.909342
49.792,FOLLOW_LANE,camera lane following,154.000,-0.037500,0.750000,0,,NONE,0.000000,4.298447,4.901553
49.824,FOLLOW_LANE,camera lane following,154.000,-0.037500,0.750000,0,,NONE,0.000000,4.298423,4.901577
49.856,FOLLOW_LANE,camera lane following,154.000,-0.037500,0.750000,0,,NONE,0.000000,4.298399,4.901601
49.888,FOLLOW_LANE,camera lane following,154.000,-0.037500,0.750000,0,,NONE,0.000000,4.298375,4.901625
49.920,FOLLOW_LANE,camera lane following,154.000,-0.037500,0.750000,0,,NONE,0.000000,4.298351,4.901649
49.952,FOLLOW_LANE,camera lane following,154.000,-0.037500,0.750000,0,,NONE,0.000000,4.298327,4.901673
49.984,FOLLOW_LANE,camera lane following,154.000,-0.037500,0.750000,0,,NONE,0.000000,4.298303,4.901697
50.016,FOLLOW_LANE,camera lane following,154.000,-0.037500,0.750000,0,,NONE,0.000000,4.298279,4.901721
50.048,FOLLOW_LANE,camera lane following,154.500,-0.034375,0.750000,0,,NONE,0.000000,4.331069,4.868930
50.080,FOLLOW_LANE,camera lane following,154.500,-0.034375,0.750000,0,,NONE,0.000000,4.323235,4.876765
50.112,FOLLOW_LANE,camera lane following,154.500,-0.034375,0.750000,0,,NONE,0.000000,4.323213,4.876787
50.144,FOLLOW_LANE,camera lane following,155.500,-0.028125,0.750000,0,,NONE,0.000000,4.388820,4.811180
50.176,FOLLOW_LANE,camera lane following,156.000,-0.025000,0.750000,0,,NONE,0.000000,4.405991,4.794008
50.208,FOLLOW_LANE,camera lane following,155.500,-0.028125,0.750000,0,,NONE,0.000000,4.365348,4.834651
50.240,FOLLOW_LANE,camera lane following,158.500,-0.009375,0.750000,0,,NONE,0.000000,4.570030,4.629970
50.272,FOLLOW_LANE,camera lane following,157.000,-0.018750,0.750000,0,,NONE,0.000000,4.424705,4.775294
50.304,FOLLOW_LANE,camera lane following,157.500,-0.015625,0.750000,0,,NONE,0.000000,4.480945,4.719054
50.336,FOLLOW_LANE,camera lane following,158.000,-0.012500,0.750000,0,,NONE,0.000000,4.505937,4.694062
50.368,FOLLOW_LANE,camera lane following,158.000,-0.012500,0.750000,0,,NONE,0.000000,4.498117,4.701883
50.400,FOLLOW_LANE,camera lane following,157.500,-0.015625,0.750000,0,,NONE,0.000000,4.465294,4.734705
50.432,FOLLOW_LANE,camera lane following,155.500,-0.028125,0.750000,0,,NONE,0.000000,4.341839,4.858161
50.464,FOLLOW_LANE,camera lane following,155.000,-0.031250,0.750000,0,,NONE,0.000000,4.340256,4.859743
50.496,FOLLOW_LANE,camera lane following,155.000,-0.031250,0.750000,0,,NONE,0.000000,4.348049,4.851951
50.528,FOLLOW_LANE,camera lane following,154.500,-0.034375,0.750000,0,,NONE,0.000000,4.315214,4.884785
50.560,FOLLOW_LANE,camera lane following,154.000,-0.037500,0.750000,0,,NONE,0.000000,4.290190,4.909809
50.592,FOLLOW_LANE,camera lane following,154.000,-0.037500,0.750000,0,,NONE,0.000000,4.297979,4.902021
50.624,FOLLOW_LANE,camera lane following,154.000,-0.037500,0.750000,0,,NONE,0.000000,4.297955,4.902045
50.656,FOLLOW_LANE,camera lane following,153.500,-0.040625,0.750000,0,,NONE,0.000000,4.265116,4.934883
50.688,FOLLOW_LANE,camera lane following,153.500,-0.040625,0.750000,0,,NONE,0.000000,4.272903,4.927097
50.720,FOLLOW_LANE,camera lane following,153.000,-0.043750,0.750000,0,,NONE,0.000000,4.240062,4.959937
50.752,FOLLOW_LANE,camera lane following,153.000,-0.043750,0.750000,0,,NONE,0.000000,4.247847,4.952153
50.784,FOLLOW_LANE,camera lane following,153.000,-0.043750,0.750000,0,,NONE,0.000000,4.247819,4.952181
50.816,FOLLOW_LANE,camera lane following,153.000,-0.043750,0.750000,0,,NONE,0.000000,4.247791,4.952209
50.848,FOLLOW_LANE,camera lane following,153.000,-0.043750,0.750000,0,,NONE,0.000000,4.247763,4.952237
50.880,FOLLOW_LANE,camera lane following,153.000,-0.043750,0.750000,0,,NONE,0.000000,4.247735,4.952265
50.912,FOLLOW_LANE,camera lane following,153.500,-0.040625,0.750000,0,,NONE,0.000000,4.280521,4.919478
50.944,FOLLOW_LANE,camera lane following,154.000,-0.037500,0.750000,0,,NONE,0.000000,4.305497,4.894502
50.976,FOLLOW_LANE,camera lane following,154.000,-0.037500,0.750000,0,,NONE,0.000000,4.297661,4.902339
51.008,FOLLOW_LANE,camera lane following,154.500,-0.034375,0.750000,0,,NONE,0.000000,4.330451,4.869548
51.040,FOLLOW_LANE,camera lane following,154.500,-0.034375,0.750000,0,,NONE,0.000000,4.322617,4.877383
51.072,FOLLOW_LANE,camera lane following,154.000,-0.037500,0.750000,0,,NONE,0.000000,4.289780,4.910219
51.104,FOLLOW_LANE,camera lane following,155.500,-0.028125,0.750000,0,,NONE,0.000000,4.396012,4.803987
51.136,FOLLOW_LANE,camera lane following,156.000,-0.025000,0.750000,0,,NONE,0.000000,4.405371,4.794628
51.168,FOLLOW_LANE,camera lane following,155.500,-0.028125,0.750000,0,,NONE,0.000000,4.364729,4.835271
51.200,FOLLOW_LANE,camera lane following,158.500,-0.009375,0.750000,0,,NONE,0.000000,4.569410,4.630590
51.232,FOLLOW_LANE,camera lane following,157.000,-0.018750,0.750000,0,,NONE,0.000000,4.424085,4.775914
51.264,FOLLOW_LANE,camera lane following,157.000,-0.018750,0.750000,0,,NONE,0.000000,4.447511,4.752489
51.296,FOLLOW_LANE,camera lane following,157.500,-0.015625,0.750000,0,,NONE,0.000000,4.480313,4.719686
51.328,FOLLOW_LANE,camera lane following,158.000,-0.012500,0.750000,0,,NONE,0.000000,4.505305,4.694694
51.360,FOLLOW_LANE,camera lane following,158.000,-0.012500,0.750000,0,,NONE,0.000000,4.497485,4.702515
51.392,FOLLOW_LANE,camera lane following,156.250,-0.023438,0.750000,0,,NONE,0.000000,4.382626,4.817374
51.424,FOLLOW_LANE,camera lane following,155.500,-0.028125,0.750000,0,,NONE,0.000000,4.360733,4.839267
51.456,FOLLOW_LANE,camera lane following,154.500,-0.034375,0.750000,0,,NONE,0.000000,4.306805,4.893195
51.488,FOLLOW_LANE,camera lane following,154.000,-0.037500,0.750000,0,,NONE,0.000000,4.289593,4.910406
51.520,FOLLOW_LANE,camera lane following,154.000,-0.037500,0.750000,0,,NONE,0.000000,4.297382,4.902618
51.552,FOLLOW_LANE,camera lane following,153.500,-0.040625,0.750000,0,,NONE,0.000000,4.264543,4.935456
51.584,FOLLOW_LANE,camera lane following,153.500,-0.040625,0.750000,0,,NONE,0.000000,4.272330,4.927670
51.616,FOLLOW_LANE,camera lane following,153.500,-0.040625,0.750000,0,,NONE,0.000000,4.272304,4.927696
51.648,FOLLOW_LANE,camera lane following,153.500,-0.040625,0.750000,0,,NONE,0.000000,4.272278,4.927722
51.680,FOLLOW_LANE,camera lane following,153.000,-0.043750,0.750000,0,,NONE,0.000000,4.239437,4.960562
51.712,FOLLOW_LANE,camera lane following,153.000,-0.043750,0.750000,0,,NONE,0.000000,4.247222,4.952778
51.744,FOLLOW_LANE,camera lane following,153.000,-0.043750,0.750000,0,,NONE,0.000000,4.247194,4.952806
51.776,FOLLOW_LANE,camera lane following,153.000,-0.043750,0.750000,0,,NONE,0.000000,4.247166,4.952834
51.808,FOLLOW_LANE,camera lane following,153.000,-0.043750,0.750000,0,,NONE,0.000000,4.247138,4.952862
51.840,FOLLOW_LANE,camera lane following,153.000,-0.043750,0.750000,0,,NONE,0.000000,4.247110,4.952890
51.872,FOLLOW_LANE,camera lane following,153.500,-0.040625,0.750000,0,,NONE,0.000000,4.279896,4.920103
51.904,FOLLOW_LANE,camera lane following,153.500,-0.040625,0.750000,0,,NONE,0.000000,4.272058,4.927942
51.936,FOLLOW_LANE,camera lane following,153.500,-0.040625,0.750000,0,,NONE,0.000000,4.272032,4.927968
51.968,FOLLOW_LANE,camera lane following,154.000,-0.037500,0.750000,0,,NONE,0.000000,4.304820,4.895179
52.000,FOLLOW_LANE,camera lane following,154.000,-0.037500,0.750000,0,,NONE,0.000000,4.296984,4.903016
52.032,FOLLOW_LANE,camera lane following,154.500,-0.034375,0.750000,0,,NONE,0.000000,4.329774,4.870226
52.064,FOLLOW_LANE,camera lane following,155.000,-0.031250,0.750000,0,,NONE,0.000000,4.354754,4.845245
52.096,FOLLOW_LANE,camera lane following,156.000,-0.025000,0.750000,0,,NONE,0.000000,4.412551,4.787449
52.128,FOLLOW_LANE,camera lane following,155.500,-0.028125,0.750000,0,,NONE,0.000000,4.364095,4.835904
52.160,FOLLOW_LANE,camera lane following,158.500,-0.009375,0.750000,0,,NONE,0.000000,4.568777,4.631223
52.192,FOLLOW_LANE,camera lane following,157.000,-0.018750,0.750000,0,,NONE,0.000000,4.423452,4.776547
52.224,FOLLOW_LANE,camera lane following,157.000,-0.018750,0.750000,0,,NONE,0.000000,4.446878,4.753122
52.256,FOLLOW_LANE,camera lane following,157.500,-0.015625,0.750000,0,,NONE,0.000000,4.479680,4.720319
52.288,FOLLOW_LANE,camera lane following,158.000,-0.012500,0.750000,0,,NONE,0.000000,4.504672,4.695327
52.320,FOLLOW_LANE,camera lane following,158.000,-0.012500,0.750000,0,,NONE,0.000000,4.496852,4.703148
52.352,FOLLOW_LANE,camera lane following,156.500,-0.021875,0.750000,0,,NONE,0.000000,4.398400,4.801600
52.384,FOLLOW_LANE,camera lane following,155.000,-0.031250,0.750000,0,,NONE,0.000000,4.323380,4.876619
52.416,FOLLOW_LANE,camera lane following,155.000,-0.031250,0.750000,0,,NONE,0.000000,4.346798,4.853202
52.448,FOLLOW_LANE,camera lane following,154.500,-0.034375,0.750000,0,,NONE,0.000000,4.313963,4.886036
52.480,FOLLOW_LANE,camera lane following,154.500,-0.034375,0.750000,0,,NONE,0.000000,4.321754,4.878246
52.512,FOLLOW_LANE,camera lane following,154.000,-0.037500,0.750000,0,,NONE,0.000000,4.288917,4.911083
52.544,FOLLOW_LANE,camera lane following,154.000,-0.037500,0.750000,0,,NONE,0.000000,4.296706,4.903294
52.576,FOLLOW_LANE,camera lane following,153.500,-0.040625,0.750000,0,,NONE,0.000000,4.263867,4.936132
52.608,FOLLOW_LANE,camera lane following,154.000,-0.037500,0.750000,0,,NONE,0.000000,4.304468,4.895531
52.640,FOLLOW_LANE,camera lane following,153.500,-0.040625,0.750000,0,,NONE,0.000000,4.263818,4.936182
52.672,FOLLOW_LANE,camera lane following,153.500,-0.040625,0.750000,0,,NONE,0.000000,4.271604,4.928396
52.704,FOLLOW_LANE,camera lane following,153.500,-0.040625,0.750000,0,,NONE,0.000000,4.271578,4.928422
52.736,FOLLOW_LANE,camera lane following,153.500,-0.040625,0.750000,0,,NONE,0.000000,4.271552,4.928448
52.768,FOLLOW_LANE,camera lane following,153.500,-0.040625,0.750000,0,,NONE,0.000000,4.271526,4.928474
52.800,FOLLOW_LANE,camera lane following,153.500,-0.040625,0.750000,0,,NONE,0.000000,4.271500,4.928500
52.832,FOLLOW_LANE,camera lane following,153.500,-0.040625,0.750000,0,,NONE,0.000000,4.271474,4.928526
52.864,FOLLOW_LANE,camera lane following,154.000,-0.037500,0.750000,0,,NONE,0.000000,4.304263,4.895737
52.896,FOLLOW_LANE,camera lane following,154.000,-0.037500,0.750000,0,,NONE,0.000000,4.296426,4.903574
52.928,FOLLOW_LANE,camera lane following,154.000,-0.037500,0.750000,0,,NONE,0.000000,4.296402,4.903598
52.960,FOLLOW_LANE,camera lane following,154.500,-0.034375,0.750000,0,,NONE,0.000000,4.329192,4.870807
52.992,FOLLOW_LANE,camera lane following,154.500,-0.034375,0.750000,0,,NONE,0.000000,4.321358,4.878642
53.024,FOLLOW_LANE,camera lane following,155.000,-0.031250,0.750000,0,,NONE,0.000000,4.354150,4.845849
53.056,FOLLOW_LANE,camera lane following,156.000,-0.025000,0.750000,0,,NONE,0.000000,4.411947,4.788053
53.088,FOLLOW_LANE,camera lane following,155.500,-0.028125,0.750000,0,,NONE,0.000000,4.363491,4.836508
53.120,FOLLOW_LANE,camera lane following,157.500,-0.015625,0.750000,0,,NONE,0.000000,4.502544,4.697456
53.152,FOLLOW_LANE,camera lane following,157.000,-0.018750,0.750000,0,,NONE,0.000000,4.438470,4.761530
53.184,FOLLOW_LANE,camera lane following,156.500,-0.021875,0.750000,0,,NONE,0.000000,4.413455,4.786544
53.216,FOLLOW_LANE,camera lane following,157.000,-0.018750,0.750000,0,,NONE,0.000000,4.454068,4.745931
53.248,FOLLOW_LANE,camera lane following,157.500,-0.015625,0.750000,0,,NONE,0.000000,4.479058,4.720941
53.280,FOLLOW_LANE,camera lane following,157.000,-0.018750,0.750000,0,,NONE,0.000000,4.438421,4.761578
53.312,FOLLOW_LANE,camera lane following,156.000,-0.025000,0.750000,0,,NONE,0.000000,4.380593,4.819407
53.344,FOLLOW_LANE,camera lane following,155.500,-0.028125,0.750000,0,,NONE,0.000000,4.363387,4.836612
53.376,FOLLOW_LANE,camera lane following,155.000,-0.031250,0.750000,0,,NONE,0.000000,4.338367,4.861632
53.408,FOLLOW_LANE,camera lane following,154.500,-0.034375,0.750000,0,,NONE,0.000000,4.313345,4.886654
53.440,FOLLOW_LANE,camera lane following,154.500,-0.034375,0.750000,0,,NONE,0.000000,4.321136,4.878864
53.472,FOLLOW_LANE,camera lane following,154.500,-0.034375,0.750000,0,,NONE,0.000000,4.321114,4.878886
53.504,FOLLOW_LANE,camera lane following,154.000,-0.037500,0.750000,0,,NONE,0.000000,4.288277,4.911722
53.536,FOLLOW_LANE,camera lane following,154.000,-0.037500,0.750000,0,,NONE,0.000000,4.296066,4.903934
53.568,FOLLOW_LANE,camera lane following,153.500,-0.040625,0.750000,0,,NONE,0.000000,4.263227,4.936773
53.600,FOLLOW_LANE,camera lane following,153.500,-0.040625,0.750000,0,,NONE,0.000000,4.271014,4.928986
53.632,FOLLOW_LANE,camera lane following,153.500,-0.040625,0.750000,0,,NONE,0.000000,4.270988,4.929012
53.664,FOLLOW_LANE,camera lane following,153.500,-0.040625,0.750000,0,,NONE,0.000000,4.270962,4.929038
53.696,FOLLOW_LANE,camera lane following,154.000,-0.037500,0.750000,0,,NONE,0.000000,4.303750,4.896249
53.728,FOLLOW_LANE,camera lane following,154.000,-0.037500,0.750000,0,,NONE,0.000000,4.295914,4.904086
53.760,FOLLOW_LANE,camera lane following,154.000,-0.037500,0.750000,0,,NONE,0.000000,4.295890,4.904110
53.792,FOLLOW_LANE,camera lane following,154.000,-0.037500,0.750000,0,,NONE,0.000000,4.295866,4.904134
53.824,FOLLOW_LANE,camera lane following,154.000,-0.037500,0.750000,0,,NONE,0.000000,4.295842,4.904158
53.856,FOLLOW_LANE,camera lane following,154.500,-0.034375,0.750000,0,,NONE,0.000000,4.328632,4.871367
53.888,FOLLOW_LANE,camera lane following,154.500,-0.034375,0.750000,0,,NONE,0.000000,4.320798,4.879202
53.920,FOLLOW_LANE,camera lane following,154.500,-0.034375,0.750000,0,,NONE,0.000000,4.320776,4.879224
53.952,FOLLOW_LANE,camera lane following,155.000,-0.031250,0.750000,0,,NONE,0.000000,4.353568,4.846431
53.984,FOLLOW_LANE,camera lane following,155.500,-0.028125,0.750000,0,,NONE,0.000000,4.378550,4.821449
54.016,FOLLOW_LANE,camera lane following,156.250,-0.023438,0.750000,0,,NONE,0.000000,4.419942,4.780058
54.048,FOLLOW_LANE,camera lane following,156.000,-0.025000,0.750000,0,,NONE,0.000000,4.391801,4.808199
54.080,FOLLOW_LANE,camera lane following,157.500,-0.015625,0.750000,0,,NONE,0.000000,4.494134,4.705865
54.112,FOLLOW_LANE,camera lane following,157.500,-0.015625,0.750000,0,,NONE,0.000000,4.470687,4.729313
54.144,FOLLOW_LANE,camera lane following,157.000,-0.018750,0.750000,0,,NONE,0.000000,4.437862,4.762137
54.176,FOLLOW_LANE,camera lane following,157.500,-0.015625,0.750000,0,,NONE,0.000000,4.478477,4.721522
54.208,FOLLOW_LANE,camera lane following,158.000,-0.012500,0.750000,0,,NONE,0.000000,4.503469,4.696530
54.240,FOLLOW_LANE,camera lane following,158.000,-0.012500,0.750000,0,,NONE,0.000000,4.495649,4.704351
54.272,FOLLOW_LANE,camera lane following,156.500,-0.021875,0.750000,0,,NONE,0.000000,4.397197,4.802802
54.304,FOLLOW_LANE,camera lane following,156.000,-0.025000,0.750000,0,,NONE,0.000000,4.387806,4.812193
54.336,FOLLOW_LANE,camera lane following,155.500,-0.028125,0.750000,0,,NONE,0.000000,4.362788,4.837211
54.368,FOLLOW_LANE,camera lane following,155.500,-0.028125,0.750000,0,,NONE,0.000000,4.370583,4.829417
54.400,FOLLOW_LANE,camera lane following,155.000,-0.031250,0.750000,0,,NONE,0.000000,4.337750,4.862249
54.432,FOLLOW_LANE,camera lane following,154.500,-0.034375,0.750000,0,,NONE,0.000000,4.312728,4.887271
54.464,FOLLOW_LANE,camera lane following,154.500,-0.034375,0.750000,0,,NONE,0.000000,4.320519,4.879481
54.496,FOLLOW_LANE,camera lane following,154.000,-0.037500,0.750000,0,,NONE,0.000000,4.287682,4.912317
54.528,FOLLOW_LANE,camera lane following,153.500,-0.040625,0.750000,0,,NONE,0.000000,4.262656,4.937343
54.560,FOLLOW_LANE,camera lane following,153.500,-0.040625,0.750000,0,,NONE,0.000000,4.270443,4.929557
54.592,FOLLOW_LANE,camera lane following,153.500,-0.040625,0.750000,0,,NONE,0.000000,4.270417,4.929583
54.624,FOLLOW_LANE,camera lane following,153.500,-0.040625,0.750000,0,,NONE,0.000000,4.270391,4.929609
54.656,FOLLOW_LANE,camera lane following,153.500,-0.040625,0.750000,0,,NONE,0.000000,4.270365,4.929635
54.688,FOLLOW_LANE,camera lane following,153.500,-0.040625,0.750000,0,,NONE,0.000000,4.270339,4.929661
54.720,FOLLOW_LANE,camera lane following,153.500,-0.040625,0.750000,0,,NONE,0.000000,4.270313,4.929687
54.752,FOLLOW_LANE,camera lane following,153.500,-0.040625,0.750000,0,,NONE,0.000000,4.270287,4.929713
54.784,FOLLOW_LANE,camera lane following,154.000,-0.037500,0.750000,0,,NONE,0.000000,4.303075,4.896924
54.816,FOLLOW_LANE,camera lane following,154.500,-0.034375,0.750000,0,,NONE,0.000000,4.328053,4.871946
54.848,FOLLOW_LANE,camera lane following,154.500,-0.034375,0.750000,0,,NONE,0.000000,4.320219,4.879781
54.880,FOLLOW_LANE,camera lane following,154.000,-0.037500,0.750000,0,,NONE,0.000000,4.287382,4.912617
54.912,FOLLOW_LANE,camera lane following,155.000,-0.031250,0.750000,0,,NONE,0.000000,4.360800,4.839200
54.944,FOLLOW_LANE,camera lane following,155.000,-0.031250,0.750000,0,,NONE,0.000000,4.345155,4.854845
54.976,FOLLOW_LANE,camera lane following,155.500,-0.028125,0.750000,0,,NONE,0.000000,4.377949,4.822050
55.008,FOLLOW_LANE,camera lane following,155.500,-0.028125,0.750000,0,,NONE,0.000000,4.370119,4.829881
55.040,FOLLOW_LANE,camera lane following,157.000,-0.018750,0.750000,0,,NONE,0.000000,4.468544,4.731456
55.072,FOLLOW_LANE,camera lane following,159.500,-0.003125,0.750000,0,,NONE,0.000000,4.641982,4.558018
55.104,FOLLOW_LANE,camera lane following,157.000,-0.018750,0.750000,0,,NONE,0.000000,4.398220,4.801780
55.136,FOLLOW_LANE,camera lane following,157.500,-0.015625,0.750000,0,,NONE,0.000000,4.477897,4.722103
55.168,FOLLOW_LANE,camera lane following,158.000,-0.012500,0.750000,0,,NONE,0.000000,4.502889,4.697110
55.200,FOLLOW_LANE,camera lane following,158.500,-0.009375,0.750000,0,,NONE,0.000000,4.527883,4.672116
55.232,FOLLOW_LANE,camera lane following,157.000,-0.018750,0.750000,0,,NONE,0.000000,4.421621,4.778378
55.264,FOLLOW_LANE,camera lane following,155.000,-0.031250,0.750000,0,,NONE,0.000000,4.313789,4.886211
55.296,FOLLOW_LANE,camera lane following,154.500,-0.034375,0.750000,0,,NONE,0.000000,4.312204,4.887795
55.328,FOLLOW_LANE,camera lane following,154.000,-0.037500,0.750000,0,,NONE,0.000000,4.287180,4.912819
55.360,FOLLOW_LANE,camera lane following,154.000,-0.037500,0.750000,0,,NONE,0.000000,4.294969,4.905031
55.392,FOLLOW_LANE,camera lane following,153.500,-0.040625,0.750000,0,,NONE,0.000000,4.262130,4.937869
55.424,FOLLOW_LANE,camera lane following,153.000,-0.043750,0.750000,0,,NONE,0.000000,4.237102,4.962897
55.456,FOLLOW_LANE,camera lane following,153.500,-0.040625,0.750000,0,,NONE,0.000000,4.277702,4.922298
55.488,FOLLOW_LANE,camera lane following,153.000,-0.043750,0.750000,0,,NONE,0.000000,4.237048,4.962951
55.520,FOLLOW_LANE,camera lane following,152.500,-0.046875,0.750000,0,,NONE,0.000000,4.212018,4.987982
55.552,FOLLOW_LANE,camera lane following,152.000,-0.050000,0.750000,0,,NONE,0.000000,4.186986,5.013013
55.584,FOLLOW_LANE,camera lane following,152.500,-0.046875,0.750000,0,,NONE,0.000000,4.227581,4.972418
55.616,FOLLOW_LANE,camera lane following,152.500,-0.046875,0.750000,0,,NONE,0.000000,4.219739,4.980261
55.648,FOLLOW_LANE,camera lane following,152.500,-0.046875,0.750000,0,,NONE,0.000000,4.219709,4.980291
55.680,FOLLOW_LANE,camera lane following,152.500,-0.046875,0.750000,0,,NONE,0.000000,4.219679,4.980321
55.712,FOLLOW_LANE,camera lane following,153.000,-0.043750,0.750000,0,,NONE,0.000000,4.252463,4.947537
55.744,FOLLOW_LANE,camera lane following,153.000,-0.043750,0.750000,0,,NONE,0.000000,4.244623,4.955377
55.776,FOLLOW_LANE,camera lane following,153.500,-0.040625,0.750000,0,,NONE,0.000000,4.277409,4.922591
55.808,FOLLOW_LANE,camera lane following,154.000,-0.037500,0.750000,0,,NONE,0.000000,4.302385,4.897614
55.840,FOLLOW_LANE,camera lane following,154.000,-0.037500,0.750000,0,,NONE,0.000000,4.294549,4.905451
55.872,FOLLOW_LANE,camera lane following,154.500,-0.034375,0.750000,0,,NONE,0.000000,4.327339,4.872660
55.904,FOLLOW_LANE,camera lane following,155.000,-0.031250,0.750000,0,,NONE,0.000000,4.352319,4.847681
55.936,FOLLOW_LANE,camera lane following,156.000,-0.025000,0.750000,0,,NONE,0.000000,4.410116,4.789884
55.968,FOLLOW_LANE,camera lane following,155.500,-0.028125,0.750000,0,,NONE,0.000000,4.361660,4.838340
56.000,FOLLOW_LANE,camera lane following,156.500,-0.021875,0.750000,0,,NONE,0.000000,4.435084,4.764916
56.032,FOLLOW_LANE,camera lane following,160.500,0.003125,0.750000,0,,NONE,0.000000,4.649146,4.550853
56.064,FOLLOW_LANE,camera lane following,157.000,-0.018750,0.750000,0,,NONE,0.000000,4.397572,4.802428
56.096,FOLLOW_LANE,camera lane following,157.000,-0.018750,0.750000,0,,NONE,0.000000,4.444435,4.755565
56.128,FOLLOW_LANE,camera lane following,158.000,-0.012500,0.750000,0,,NONE,0.000000,4.510052,4.689948
56.160,FOLLOW_LANE,camera lane following,158.000,-0.012500,0.750000,0,,NONE,0.000000,4.494419,4.705581
56.192,FOLLOW_LANE,camera lane following,156.500,-0.021875,0.750000,0,,NONE,0.000000,4.395967,4.804032
56.224,FOLLOW_LANE,camera lane following,155.000,-0.031250,0.750000,0,,NONE,0.000000,4.320947,4.879052
56.256,FOLLOW_LANE,camera lane following,154.500,-0.034375,0.750000,0,,NONE,0.000000,4.311550,4.888450
56.288,FOLLOW_LANE,camera lane following,154.000,-0.037500,0.750000,0,,NONE,0.000000,4.286526,4.913473
56.320,FOLLOW_LANE,camera lane following,154.000,-0.037500,0.750000,0,,NONE,0.000000,4.294315,4.905685
56.352,FOLLOW_LANE,camera lane following,153.500,-0.040625,0.750000,0,,NONE,0.000000,4.261476,4.938523
56.384,FOLLOW_LANE,camera lane following,153.500,-0.040625,0.750000,0,,NONE,0.000000,4.269263,4.930737
56.416,FOLLOW_LANE,camera lane following,153.000,-0.043750,0.750000,0,,NONE,0.000000,4.236422,4.963577
56.448,FOLLOW_LANE,camera lane following,153.000,-0.043750,0.750000,0,,NONE,0.000000,4.244207,4.955793
56.480,FOLLOW_LANE,camera lane following,153.000,-0.043750,0.750000,0,,NONE,0.000000,4.244179,4.955821
56.512,FOLLOW_LANE,camera lane following,153.000,-0.043750,0.750000,0,,NONE,0.000000,4.244151,4.955849
56.544,FOLLOW_LANE,camera lane following,152.500,-0.046875,0.750000,0,,NONE,0.000000,4.211308,4.988691
56.576,FOLLOW_LANE,camera lane following,153.000,-0.043750,0.750000,0,,NONE,0.000000,4.251905,4.948094
56.608,FOLLOW_LANE,camera lane following,153.000,-0.043750,0.750000,0,,NONE,0.000000,4.244065,4.955935
56.640,FOLLOW_LANE,camera lane following,153.000,-0.043750,0.750000,0,,NONE,0.000000,4.244037,4.955963
56.672,FOLLOW_LANE,camera lane following,153.500,-0.040625,0.750000,0,,NONE,0.000000,4.276823,4.923176
56.704,FOLLOW_LANE,camera lane following,153.500,-0.040625,0.750000,0,,NONE,0.000000,4.268985,4.931015
56.736,FOLLOW_LANE,camera lane following,154.000,-0.037500,0.750000,0,,NONE,0.000000,4.301773,4.898226
56.768,FOLLOW_LANE,camera lane following,154.000,-0.037500,0.750000,0,,NONE,0.000000,4.293937,4.906063
56.800,FOLLOW_LANE,camera lane following,154.500,-0.034375,0.750000,0,,NONE,0.000000,4.326727,4.873272
56.832,FOLLOW_LANE,camera lane following,154.500,-0.034375,0.750000,0,,NONE,0.000000,4.318893,4.881107
56.864,FOLLOW_LANE,camera lane following,155.000,-0.031250,0.750000,0,,NONE,0.000000,4.351685,4.848314
56.896,FOLLOW_LANE,camera lane following,156.000,-0.025000,0.750000,0,,NONE,0.000000,4.409482,4.790518
56.928,FOLLOW_LANE,camera lane following,156.000,-0.025000,0.750000,0,,NONE,0.000000,4.393841,4.806159
56.960,FOLLOW_LANE,camera lane following,156.000,-0.025000,0.750000,0,,NONE,0.000000,4.393825,4.806175
56.992,FOLLOW_LANE,camera lane following,160.000,0.000000,0.750000,0,,NONE,0.000000,4.656325,4.543675
57.024,FOLLOW_LANE,camera lane following,157.000,-0.018750,0.750000,0,,NONE,0.000000,4.396938,4.803062
57.056,FOLLOW_LANE,camera lane following,157.500,-0.015625,0.750000,0,,NONE,0.000000,4.476615,4.723384
57.088,FOLLOW_LANE,camera lane following,157.000,-0.018750,0.750000,0,,NONE,0.000000,4.435979,4.764021
57.120,FOLLOW_LANE,camera lane following,157.000,-0.018750,0.750000,0,,NONE,0.000000,4.443779,4.756221
57.152,FOLLOW_LANE,camera lane following,155.500,-0.028125,0.750000,0,,NONE,0.000000,4.345323,4.854677
57.184,FOLLOW_LANE,camera lane following,155.500,-0.028125,0.750000,0,,NONE,0.000000,4.368743,4.831257
57.216,FOLLOW_LANE,camera lane following,155.000,-0.031250,0.750000,0,,NONE,0.000000,4.335910,4.864089
57.248,FOLLOW_LANE,camera lane following,155.000,-0.031250,0.750000,0,,NONE,0.000000,4.343703,4.856297
57.280,FOLLOW_LANE,camera lane following,154.500,-0.034375,0.750000,0,,NONE,0.000000,4.310868,4.889131
57.312,FOLLOW_LANE,camera lane following,155.000,-0.031250,0.750000,0,,NONE,0.000000,4.351473,4.848526
57.344,FOLLOW_LANE,camera lane following,155.000,-0.031250,0.750000,0,,NONE,0.000000,4.343641,4.856359
57.376,FOLLOW_LANE,camera lane following,155.000,-0.031250,0.750000,0,,NONE,0.000000,4.343621,4.856379
57.408,FOLLOW_LANE,camera lane following,154.500,-0.034375,0.750000,0,,NONE,0.000000,4.310786,4.889213
57.440,FOLLOW_LANE,camera lane following,154.500,-0.034375,0.750000,0,,NONE,0.000000,4.318577,4.881423
57.472,FOLLOW_LANE,camera lane following,154.500,-0.034375,0.750000,0,,NONE,0.000000,4.318555,4.881445
57.504,FOLLOW_LANE,camera lane following,154.500,-0.034375,0.750000,0,,NONE,0.000000,4.318533,4.881467
57.536,FOLLOW_LANE,camera lane following,154.500,-0.034375,0.750000,0,,NONE,0.000000,4.318511,4.881489
57.568,FOLLOW_LANE,camera lane following,154.500,-0.034375,0.750000,0,,NONE,0.000000,4.318489,4.881511
57.600,FOLLOW_LANE,camera lane following,154.500,-0.034375,0.750000,0,,NONE,0.000000,4.318467,4.881533
57.632,FOLLOW_LANE,camera lane following,155.000,-0.031250,0.750000,0,,NONE,0.000000,4.351259,4.848740
57.664,FOLLOW_LANE,camera lane following,155.000,-0.031250,0.750000,0,,NONE,0.000000,4.343427,4.856573
57.696,FOLLOW_LANE,camera lane following,155.000,-0.031250,0.750000,0,,NONE,0.000000,4.343407,4.856593
57.728,FOLLOW_LANE,camera lane following,155.500,-0.028125,0.750000,0,,NONE,0.000000,4.376201,4.823798
57.760,FOLLOW_LANE,camera lane following,155.500,-0.028125,0.750000,0,,NONE,0.000000,4.368371,4.831629
57.792,FOLLOW_LANE,camera lane following,155.500,-0.028125,0.750000,0,,NONE,0.000000,4.368353,4.831647
57.824,FOLLOW_LANE,camera lane following,156.000,-0.025000,0.750000,0,,NONE,0.000000,4.401149,4.798850
57.856,FOLLOW_LANE,camera lane following,156.000,-0.025000,0.750000,0,,NONE,0.000000,4.393321,4.806679
57.888,FOLLOW_LANE,camera lane following,156.000,-0.025000,0.750000,0,,NONE,0.000000,4.393305,4.806695
57.920,FOLLOW_LANE,camera lane following,156.500,-0.021875,0.750000,0,,NONE,0.000000,4.426103,4.773896
57.952,FOLLOW_LANE,camera lane following,160.000,0.000000,0.750000,0,,NONE,0.000000,4.647978,4.552021
57.984,FOLLOW_LANE,camera lane following,157.000,-0.018750,0.750000,0,,NONE,0.000000,4.396404,4.803596
58.016,FOLLOW_LANE,camera lane following,157.500,-0.015625,0.750000,0,,NONE,0.000000,4.476081,4.723918
58.048,FOLLOW_LANE,camera lane following,158.000,-0.012500,0.750000,0,,NONE,0.000000,4.501073,4.698926
58.080,FOLLOW_LANE,camera lane following,158.000,-0.012500,0.750000,0,,NONE,0.000000,4.493253,4.706747
58.112,FOLLOW_LANE,camera lane following,156.500,-0.021875,0.750000,0,,NONE,0.000000,4.394801,4.805198
58.144,FOLLOW_LANE,camera lane following,155.500,-0.028125,0.750000,0,,NONE,0.000000,4.352596,4.847404
58.176,FOLLOW_LANE,camera lane following,155.000,-0.031250,0.750000,0,,NONE,0.000000,4.335388,4.864611
58.208,FOLLOW_LANE,camera lane following,155.000,-0.031250,0.750000,0,,NONE,0.000000,4.343181,4.856819
58.240,FOLLOW_LANE,camera lane following,155.000,-0.031250,0.750000,0,,NONE,0.000000,4.343161,4.856839
58.272,FOLLOW_LANE,camera lane following,154.500,-0.034375,0.750000,0,,NONE,0.000000,4.310326,4.889673
58.304,FOLLOW_LANE,camera lane following,154.500,-0.034375,0.750000,0,,NONE,0.000000,4.318117,4.881883
58.336,FOLLOW_LANE,camera lane following,154.000,-0.037500,0.750000,0,,NONE,0.000000,4.285280,4.914719
58.368,FOLLOW_LANE,camera lane following,154.000,-0.037500,0.750000,0,,NONE,0.000000,4.293069,4.906931
58.400,FOLLOW_LANE,camera lane following,153.500,-0.040625,0.750000,0,,NONE,0.000000,4.260230,4.939769
58.432,FOLLOW_LANE,camera lane following,153.500,-0.040625,0.750000,0,,NONE,0.000000,4.268017,4.931983
58.464,FOLLOW_LANE,camera lane following,153.500,-0.040625,0.750000,0,,NONE,0.000000,4.267991,4.932009
58.496,FOLLOW_LANE,camera lane following,153.500,-0.040625,0.750000,0,,NONE,0.000000,4.267965,4.932035
58.528,FOLLOW_LANE,camera lane following,153.000,-0.043750,0.750000,0,,NONE,0.000000,4.235124,4.964875
58.560,FOLLOW_LANE,camera lane following,153.500,-0.040625,0.750000,0,,NONE,0.000000,4.275723,4.924276
58.592,FOLLOW_LANE,camera lane following,153.500,-0.040625,0.750000,0,,NONE,0.000000,4.267885,4.932115
58.624,FOLLOW_LANE,camera lane following,154.000,-0.037500,0.750000,0,,NONE,0.000000,4.300673,4.899326
58.656,FOLLOW_LANE,camera lane following,154.000,-0.037500,0.750000,0,,NONE,0.000000,4.292837,4.907163
58.688,FOLLOW_LANE,camera lane following,154.500,-0.034375,0.750000,0,,NONE,0.000000,4.325627,4.874372
58.720,FOLLOW_LANE,camera lane following,154.500,-0.034375,0.750000,0,,NONE,0.000000,4.317793,4.882207
58.752,FOLLOW_LANE,camera lane following,154.500,-0.034375,0.750000,0,,NONE,0.000000,4.317771,4.882229
58.784,FOLLOW_LANE,camera lane following,155.000,-0.031250,0.750000,0,,NONE,0.000000,4.350563,4.849436
58.816,FOLLOW_LANE,camera lane following,155.500,-0.028125,0.750000,0,,NONE,0.000000,4.375545,4.824454
58.848,FOLLOW_LANE,camera lane following,155.000,-0.031250,0.750000,0,,NONE,0.000000,4.334900,4.865099
58.880,FOLLOW_LANE,camera lane following,156.000,-0.025000,0.750000,0,,NONE,0.000000,4.408322,4.791678
58.912,FOLLOW_LANE,camera lane following,159.500,-0.003125,0.750000,0,,NONE,0.000000,4.655197,4.544803
58.944,FOLLOW_LANE,camera lane following,157.000,-0.018750,0.750000,0,,NONE,0.000000,4.395810,4.804190
58.976,FOLLOW_LANE,camera lane following,157.000,-0.018750,0.750000,0,,NONE,0.000000,4.442673,4.757327
59.008,FOLLOW_LANE,camera lane following,157.500,-0.015625,0.750000,0,,NONE,0.000000,4.475475,4.724524
59.040,FOLLOW_LANE,camera lane following,158.500,-0.009375,0.750000,0,,NONE,0.000000,4.533282,4.666718
59.072,FOLLOW_LANE,camera lane following,158.000,-0.012500,0.750000,0,,NONE,0.000000,4.484836,4.715164
59.104,FOLLOW_LANE,camera lane following,156.000,-0.025000,0.750000,0,,NONE,0.000000,4.361383,4.838617
59.136,FOLLOW_LANE,camera lane following,155.000,-0.031250,0.750000,0,,NONE,0.000000,4.326988,4.873012
59.168,FOLLOW_LANE,camera lane following,154.500,-0.034375,0.750000,0,,NONE,0.000000,4.309778,4.890221
59.200,FOLLOW_LANE,camera lane following,154.500,-0.034375,0.750000,0,,NONE,0.000000,4.317569,4.882431
59.232,FOLLOW_LANE,camera lane following,154.000,-0.037500,0.750000,0,,NONE,0.000000,4.284732,4.915267
59.264,FOLLOW_LANE,camera lane following,153.500,-0.040625,0.750000,0,,NONE,0.000000,4.259707,4.940293
59.296,FOLLOW_LANE,camera lane following,153.000,-0.043750,0.750000,0,,NONE,0.000000,4.234678,4.965321
59.328,FOLLOW_LANE,camera lane following,153.000,-0.043750,0.750000,0,,NONE,0.000000,4.242463,4.957537
59.360,FOLLOW_LANE,camera lane following,152.500,-0.046875,0.750000,0,,NONE,0.000000,4.209620,4.990379
59.392,FOLLOW_LANE,camera lane following,152.500,-0.046875,0.750000,0,,NONE,0.000000,4.217403,4.982597
59.424,FOLLOW_LANE,camera lane following,152.000,-0.050000,0.750000,0,,NONE,0.000000,4.184558,5.015441
59.456,FOLLOW_LANE,camera lane following,152.000,-0.050000,0.750000,0,,NONE,0.000000,4.192339,5.007661
59.488,FOLLOW_LANE,camera lane following,152.000,-0.050000,0.750000,0,,NONE,0.000000,4.192307,5.007693
59.520,FOLLOW_LANE,camera lane following,152.500,-0.046875,0.750000,0,,NONE,0.000000,4.225089,4.974911
59.552,FOLLOW_LANE,camera lane following,152.750,-0.045312,0.750000,0,,NONE,0.000000,4.233654,4.966346
59.584,FOLLOW_LANE,camera lane following,153.000,-0.043750,0.750000,0,,NONE,0.000000,4.246126,4.953874
59.616,FOLLOW_LANE,camera lane following,153.500,-0.040625,0.750000,0,,NONE,0.000000,4.275006,4.924993
59.648,FOLLOW_LANE,camera lane following,153.500,-0.040625,0.750000,0,,NONE,0.000000,4.267168,4.932832
59.680,FOLLOW_LANE,camera lane following,154.000,-0.037500,0.750000,0,,NONE,0.000000,4.299956,4.900043
59.712,FOLLOW_LANE,camera lane following,154.000,-0.037500,0.750000,0,,NONE,0.000000,4.292120,4.907880
59.744,FOLLOW_LANE,camera lane following,154.500,-0.034375,0.750000,0,,NONE,0.000000,4.324910,4.875089
59.776,FOLLOW_LANE,camera lane following,155.500,-0.028125,0.750000,0,,NONE,0.000000,4.382705,4.817295
59.808,FOLLOW_LANE,camera lane following,155.500,-0.028125,0.750000,0,,NONE,0.000000,4.367062,4.832938
59.840,FOLLOW_LANE,camera lane following,156.000,-0.025000,0.750000,0,,NONE,0.000000,4.399858,4.800141
59.872,FOLLOW_LANE,camera lane following,160.500,0.003125,0.750000,0,,NONE,0.000000,4.654546,4.545454
59.904,FOLLOW_LANE,camera lane following,157.500,-0.015625,0.750000,0,,NONE,0.000000,4.427973,4.772026
59.936,FOLLOW_LANE,camera lane following,157.000,-0.018750,0.750000,0,,NONE,0.000000,4.434211,4.765788
59.968,FOLLOW_LANE,camera lane following,157.500,-0.015625,0.750000,0,,NONE,0.000000,4.474826,4.725173
60.000,FOLLOW_LANE,camera lane following,158.500,-0.009375,0.750000,0,,NONE,0.000000,4.532633,4.667367
60.032,FOLLOW_LANE,camera lane following,158.000,-0.012500,0.750000,0,,NONE,0.000000,4.484187,4.715812
60.064,FOLLOW_LANE,camera lane following,156.000,-0.025000,0.750000,0,,NONE,0.000000,4.360734,4.839266
60.096,FOLLOW_LANE,camera lane following,155.000,-0.031250,0.750000,0,,NONE,0.000000,4.326339,4.873661
60.128,FOLLOW_LANE,camera lane following,154.500,-0.034375,0.750000,0,,NONE,0.000000,4.309129,4.890871
60.160,FOLLOW_LANE,camera lane following,154.000,-0.037500,0.750000,0,,NONE,0.000000,4.284105,4.915894
60.192,FOLLOW_LANE,camera lane following,154.000,-0.037500,0.750000,0,,NONE,0.000000,4.291894,4.908106
60.224,FOLLOW_LANE,camera lane following,153.500,-0.040625,0.750000,0,,NONE,0.000000,4.259055,4.940944
60.256,FOLLOW_LANE,camera lane following,153.500,-0.040625,0.750000,0,,NONE,0.000000,4.266842,4.933158
60.288,FOLLOW_LANE,camera lane following,153.000,-0.043750,0.750000,0,,NONE,0.000000,4.234001,4.965998
60.320,FOLLOW_LANE,camera lane following,153.000,-0.043750,0.750000,0,,NONE,0.000000,4.241786,4.958214
60.352,FOLLOW_LANE,camera lane following,152.500,-0.046875,0.750000,0,,NONE,0.000000,4.208943,4.991057
60.384,FOLLOW_LANE,camera lane following,152.500,-0.046875,0.750000,0,,NONE,0.000000,4.216726,4.983274
60.416,FOLLOW_LANE,camera lane following,152.500,-0.046875,0.750000,0,,NONE,0.000000,4.216696,4.983304
60.448,FOLLOW_LANE,camera lane following,152.500,-0.046875,0.750000,0,,NONE,0.000000,4.216666,4.983334
60.480,FOLLOW_LANE,camera lane following,153.500,-0.040625,0.750000,0,,NONE,0.000000,4.282265,4.917735
60.512,FOLLOW_LANE,camera lane following,153.500,-0.040625,0.750000,0,,NONE,0.000000,4.266614,4.933386
60.544,FOLLOW_LANE,camera lane following,153.500,-0.040625,0.750000,0,,NONE,0.000000,4.266588,4.933412
60.576,FOLLOW_LANE,camera lane following,154.000,-0.037500,0.750000,0,,NONE,0.000000,4.299376,4.900624
60.608,FOLLOW_LANE,camera lane following,154.000,-0.037500,0.750000,0,,NONE,0.000000,4.291540,4.908460
60.640,FOLLOW_LANE,camera lane following,154.000,-0.037500,0.750000,0,,NONE,0.000000,4.291516,4.908484
60.672,FOLLOW_LANE,camera lane following,154.500,-0.034375,0.750000,0,,NONE,0.000000,4.324306,4.875693
60.704,FOLLOW_LANE,camera lane following,155.000,-0.031250,0.750000,0,,NONE,0.000000,4.349286,4.850713
60.736,FOLLOW_LANE,camera lane following,155.500,-0.028125,0.750000,0,,NONE,0.000000,4.374268,4.825731
60.768,FOLLOW_LANE,camera lane following,156.000,-0.025000,0.750000,0,,NONE,0.000000,4.399252,4.800747
60.800,FOLLOW_LANE,camera lane following,156.000,-0.025000,0.750000,0,,NONE,0.000000,4.391424,4.808576
60.832,FOLLOW_LANE,camera lane following,159.000,-0.006250,0.750000,0,,NONE,0.000000,4.588295,4.611705
60.864,FOLLOW_LANE,camera lane following,156.500,-0.021875,0.750000,0,,NONE,0.000000,4.377343,4.822656
60.896,FOLLOW_LANE,camera lane following,157.000,-0.018750,0.750000,0,,NONE,0.000000,4.449206,4.750793
60.928,FOLLOW_LANE,camera lane following,157.500,-0.015625,0.750000,0,,NONE,0.000000,4.474196,4.725803
60.960,FOLLOW_LANE,camera lane following,157.500,-0.015625,0.750000,0,,NONE,0.000000,4.466374,4.733626
60.992,FOLLOW_LANE,camera lane following,157.000,-0.018750,0.750000,0,,NONE,0.000000,4.433549,4.766450
61.024,FOLLOW_LANE,camera lane following,155.500,-0.028125,0.750000,0,,NONE,0.000000,4.342906,4.857093
61.056,FOLLOW_LANE,camera lane following,155.000,-0.031250,0.750000,0,,NONE,0.000000,4.333511,4.866488
61.088,FOLLOW_LANE,camera lane following,155.000,-0.031250,0.750000,0,,NONE,0.000000,4.341304,4.858696
61.120,FOLLOW_LANE,camera lane following,154.500,-0.034375,0.750000,0,,NONE,0.000000,4.308469,4.891531
61.152,FOLLOW_LANE,camera lane following,154.500,-0.034375,0.750000,0,,NONE,0.000000,4.316260,4.883740
61.184,FOLLOW_LANE,camera lane following,154.000,-0.037500,0.750000,0,,NONE,0.000000,4.283423,4.916576
61.216,FOLLOW_LANE,camera lane following,154.000,-0.037500,0.750000,0,,NONE,0.000000,4.291212,4.908788
61.248,FOLLOW_LANE,camera lane following,154.000,-0.037500,0.750000,0,,NONE,0.000000,4.291188,4.908812
61.280,FOLLOW_LANE,camera lane following,154.000,-0.037500,0.750000,0,,NONE,0.000000,4.291164,4.908836
61.312,FOLLOW_LANE,camera lane following,153.500,-0.040625,0.750000,0,,NONE,0.000000,4.258325,4.941674
61.344,FOLLOW_LANE,camera lane following,154.000,-0.037500,0.750000,0,,NONE,0.000000,4.298926,4.901073
61.376,FOLLOW_LANE,camera lane following,153.500,-0.040625,0.750000,0,,NONE,0.000000,4.258275,4.941724
61.408,FOLLOW_LANE,camera lane following,154.000,-0.037500,0.750000,0,,NONE,0.000000,4.298876,4.901123
61.440,FOLLOW_LANE,camera lane following,154.000,-0.037500,0.750000,0,,NONE,0.000000,4.291040,4.908960
61.472,FOLLOW_LANE,camera lane following,154.000,-0.037500,0.750000,0,,NONE,0.000000,4.291016,4.908984
61.504,FOLLOW_LANE,camera lane following,154.000,-0.037500,0.750000,0,,NONE,0.000000,4.290992,4.909008
61.536,FOLLOW_LANE,camera lane following,154.500,-0.034375,0.750000,0,,NONE,0.000000,4.323783,4.876217
61.568,FOLLOW_LANE,camera lane following,154.500,-0.034375,0.750000,0,,NONE,0.000000,4.315948,4.884052
61.600,FOLLOW_LANE,camera lane following,155.000,-0.031250,0.750000,0,,NONE,0.000000,4.348740,4.851259
61.632,FOLLOW_LANE,camera lane following,155.000,-0.031250,0.750000,0,,NONE,0.000000,4.340908,4.859092
61.664,FOLLOW_LANE,camera lane following,155.500,-0.028125,0.750000,0,,NONE,0.000000,4.373702,4.826297
61.696,FOLLOW_LANE,camera lane following,156.000,-0.025000,0.750000,0,,NONE,0.000000,4.398686,4.801314
61.728,FOLLOW_LANE,camera lane following,156.500,-0.021875,0.750000,0,,NONE,0.000000,4.423672,4.776327
61.760,FOLLOW_LANE,camera lane following,155.500,-0.028125,0.750000,0,,NONE,0.000000,4.350217,4.849783
61.792,FOLLOW_LANE,camera lane following,159.000,-0.006250,0.750000,0,,NONE,0.000000,4.595525,4.604474
61.824,FOLLOW_LANE,camera lane following,157.500,-0.015625,0.750000,0,,NONE,0.000000,4.442390,4.757610
61.856,FOLLOW_LANE,camera lane following,157.500,-0.015625,0.750000,0,,NONE,0.000000,4.465818,4.734182
61.888,FOLLOW_LANE,camera lane following,157.500,-0.015625,0.750000,0,,NONE,0.000000,4.465808,4.734192
61.920,FOLLOW_LANE,camera lane following,157.500,-0.015625,0.750000,0,,NONE,0.000000,4.465798,4.734202
61.952,FOLLOW_LANE,camera lane following,157.000,-0.018750,0.750000,0,,NONE,0.000000,4.432973,4.767027
61.984,FOLLOW_LANE,camera lane following,156.000,-0.025000,0.750000,0,,NONE,0.000000,4.375145,4.824855
62.016,FOLLOW_LANE,camera lane following,156.000,-0.025000,0.750000,0,,NONE,0.000000,4.390754,4.809246
62.048,FOLLOW_LANE,camera lane following,155.500,-0.028125,0.750000,0,,NONE,0.000000,4.357924,4.842076
62.080,FOLLOW_LANE,camera lane following,155.500,-0.028125,0.750000,0,,NONE,0.000000,4.365718,4.834282
62.112,FOLLOW_LANE,camera lane following,155.000,-0.031250,0.750000,0,,NONE,0.000000,4.332885,4.867114
62.144,FOLLOW_LANE,camera lane following,155.000,-0.031250,0.750000,0,,NONE,0.000000,4.340678,4.859322
62.176,FOLLOW_LANE,camera lane following,155.000,-0.031250,0.750000,0,,NONE,0.000000,4.340658,4.859342
62.208,FOLLOW_LANE,camera lane following,154.500,-0.034375,0.750000,0,,NONE,0.000000,4.307823,4.892176
62.240,FOLLOW_LANE,camera lane following,154.500,-0.034375,0.750000,0,,NONE,0.000000,4.315614,4.884386
62.272,FOLLOW_LANE,camera lane following,154.500,-0.034375,0.750000,0,,NONE,0.000000,4.315592,4.884408
62.304,FOLLOW_LANE,camera lane following,154.500,-0.034375,0.750000,0,,NONE,0.000000,4.315570,4.884430
62.336,FOLLOW_LANE,camera lane following,154.500,-0.034375,0.750000,0,,NONE,0.000000,4.315548,4.884452
62.368,FOLLOW_LANE,camera lane following,154.500,-0.034375,0.750000,0,,NONE,0.000000,4.315526,4.884474
62.400,FOLLOW_LANE,camera lane following,154.500,-0.034375,0.750000,0,,NONE,0.000000,4.315504,4.884496
62.432,FOLLOW_LANE,camera lane following,154.500,-0.034375,0.750000,0,,NONE,0.000000,4.315482,4.884518
62.464,FOLLOW_LANE,camera lane following,154.500,-0.034375,0.750000,0,,NONE,0.000000,4.315460,4.884540
62.496,FOLLOW_LANE,camera lane following,154.500,-0.034375,0.750000,0,,NONE,0.000000,4.315438,4.884562
62.528,FOLLOW_LANE,camera lane following,155.000,-0.031250,0.750000,0,,NONE,0.000000,4.348230,4.851769
62.560,FOLLOW_LANE,camera lane following,155.000,-0.031250,0.750000,0,,NONE,0.000000,4.340398,4.859602
62.592,FOLLOW_LANE,camera lane following,155.000,-0.031250,0.750000,0,,NONE,0.000000,4.340378,4.859622
62.624,FOLLOW_LANE,camera lane following,155.000,-0.031250,0.750000,0,,NONE,0.000000,4.340358,4.859642
62.656,FOLLOW_LANE,camera lane following,156.000,-0.025000,0.750000,0,,NONE,0.000000,4.405967,4.794033
62.688,FOLLOW_LANE,camera lane following,156.000,-0.025000,0.750000,0,,NONE,0.000000,4.390326,4.809674
62.720,FOLLOW_LANE,camera lane following,156.000,-0.025000,0.750000,0,,NONE,0.000000,4.390310,4.809690
62.752,FOLLOW_LANE,camera lane following,158.000,-0.012500,0.750000,0,,NONE,0.000000,4.521552,4.678448
62.784,FOLLOW_LANE,camera lane following,157.000,-0.018750,0.750000,0,,NONE,0.000000,4.424665,4.775335
62.816,FOLLOW_LANE,camera lane following,157.000,-0.018750,0.750000,0,,NONE,0.000000,4.440278,4.759722
62.848,FOLLOW_LANE,camera lane following,157.500,-0.015625,0.750000,0,,NONE,0.000000,4.473081,4.726919
62.880,FOLLOW_LANE,camera lane following,158.000,-0.012500,0.750000,0,,NONE,0.000000,4.498072,4.701928
62.912,FOLLOW_LANE,camera lane following,158.000,-0.012500,0.750000,0,,NONE,0.000000,4.490252,4.709748
62.944,FOLLOW_LANE,camera lane following,156.000,-0.025000,0.750000,0,,NONE,0.000000,4.358986,4.841014
62.976,FOLLOW_LANE,camera lane following,155.500,-0.028125,0.750000,0,,NONE,0.000000,4.357405,4.842594
63.008,FOLLOW_LANE,camera lane following,155.500,-0.028125,0.750000,0,,NONE,0.000000,4.365200,4.834800
63.040,FOLLOW_LANE,camera lane following,155.000,-0.031250,0.750000,0,,NONE,0.000000,4.332367,4.867633
63.072,FOLLOW_LANE,camera lane following,154.500,-0.034375,0.750000,0,,NONE,0.000000,4.307345,4.892654
63.104,FOLLOW_LANE,camera lane following,154.000,-0.037500,0.750000,0,,NONE,0.000000,4.282322,4.917678
63.136,FOLLOW_LANE,camera lane following,154.000,-0.037500,0.750000,0,,NONE,0.000000,4.290110,4.909890
63.168,FOLLOW_LANE,camera lane following,153.500,-0.040625,0.750000,0,,NONE,0.000000,4.257271,4.942728
63.200,FOLLOW_LANE,camera lane following,153.000,-0.043750,0.750000,0,,NONE,0.000000,4.232244,4.967756
63.232,FOLLOW_LANE,camera lane following,152.500,-0.046875,0.750000,0,,NONE,0.000000,4.207213,4.992786
63.264,FOLLOW_LANE,camera lane following,152.500,-0.046875,0.750000,0,,NONE,0.000000,4.214996,4.985004
63.296,FOLLOW_LANE,camera lane following,152.500,-0.046875,0.750000,0,,NONE,0.000000,4.214966,4.985034
63.328,FOLLOW_LANE,camera lane following,152.500,-0.046875,0.750000,0,,NONE,0.000000,4.214936,4.985064
63.360,FOLLOW_LANE,camera lane following,152.500,-0.046875,0.750000,0,,NONE,0.000000,4.214906,4.985094
63.392,FOLLOW_LANE,camera lane following,152.500,-0.046875,0.750000,0,,NONE,0.000000,4.214876,4.985124
63.424,FOLLOW_LANE,camera lane following,153.000,-0.043750,0.750000,0,,NONE,0.000000,4.247660,4.952339
63.456,FOLLOW_LANE,camera lane following,153.000,-0.043750,0.750000,0,,NONE,0.000000,4.239820,4.960180
63.488,FOLLOW_LANE,camera lane following,153.500,-0.040625,0.750000,0,,NONE,0.000000,4.272606,4.927393
63.520,FOLLOW_LANE,camera lane following,153.500,-0.040625,0.750000,0,,NONE,0.000000,4.264768,4.935232
63.552,FOLLOW_LANE,camera lane following,154.000,-0.037500,0.750000,0,,NONE,0.000000,4.297556,4.902443
63.584,FOLLOW_LANE,camera lane following,154.500,-0.034375,0.750000,0,,NONE,0.000000,4.322534,4.877465
63.616,FOLLOW_LANE,camera lane following,154.500,-0.034375,0.750000,0,,NONE,0.000000,4.314700,4.885300
63.648,FOLLOW_LANE,camera lane following,155.500,-0.028125,0.750000,0,,NONE,0.000000,4.380307,4.819693
63.680,FOLLOW_LANE,camera lane following,156.000,-0.025000,0.750000,0,,NONE,0.000000,4.397479,4.802521
63.712,FOLLOW_LANE,camera lane following,156.500,-0.021875,0.750000,0,,NONE,0.000000,4.422464,4.777535
63.744,FOLLOW_LANE,camera lane following,157.000,-0.018750,0.750000,0,,NONE,0.000000,4.447452,4.752547
63.776,FOLLOW_LANE,camera lane following,157.000,-0.018750,0.750000,0,,NONE,0.000000,4.439628,4.760372
63.808,FOLLOW_LANE,camera lane following,155.000,-0.031250,0.750000,0,,NONE,0.000000,4.308358,4.891642
63.840,FOLLOW_LANE,camera lane following,160.500,0.003125,0.750000,0,,NONE,0.000000,4.667733,4.532267
63.872,FOLLOW_LANE,camera lane following,158.000,-0.012500,0.750000,0,,NONE,0.000000,4.458350,4.741650
63.904,FOLLOW_LANE,camera lane following,155.500,-0.028125,0.750000,0,,NONE,0.000000,4.325519,4.874480
63.936,FOLLOW_LANE,camera lane following,153.000,-0.043750,0.750000,0,,NONE,0.000000,4.200492,4.999508
63.968,FOLLOW_LANE,camera lane following,153.000,-0.043750,0.750000,0,,NONE,0.000000,4.239526,4.960474
64.000,FOLLOW_LANE,camera lane following,153.500,-0.040625,0.750000,0,,NONE,0.000000,4.272312,4.927687
