time_s,state,reason,lane_center_x,lane_error_normalized,lane_confidence,obstacle_present,obstacle_color,obstacle_motion,obstacle_confidence,left_speed,right_speed
0.032,FOLLOW_LANE,camera lane following,162.000,0.012500,0.750000,0,,NONE,0.000000,4.731258,4.468742
0.064,FOLLOW_LANE,camera lane following,170.000,0.062500,0.750000,0,,NONE,0.000000,5.225048,3.974952
0.096,FOLLOW_LANE,camera lane following,165.500,0.034375,0.750000,0,,NONE,0.000000,4.804758,4.395242
0.128,FOLLOW_LANE,camera lane following,161.500,0.009375,0.750000,0,,NONE,0.000000,4.612576,4.587424
0.160,FOLLOW_LANE,camera lane following,159.500,-0.003125,0.750000,0,,NONE,0.000000,4.576638,4.623361
0.192,FOLLOW_LANE,camera lane following,160.500,0.003125,0.750000,0,,NONE,0.000000,4.600076,4.599924
0.224,FOLLOW_LANE,camera lane following,161.500,0.009375,0.750000,0,,NONE,0.000000,4.698519,4.501480
0.256,FOLLOW_LANE,camera lane following,163.000,0.018750,0.750000,0,,NONE,0.000000,4.773531,4.426468
0.288,FOLLOW_LANE,camera lane following,162.500,0.015625,0.750000,0,,NONE,0.000000,4.717291,4.482708
0.320,FOLLOW_LANE,camera lane following,161.500,0.009375,0.750000,0,,NONE,0.000000,4.659485,4.540515
0.352,FOLLOW_LANE,camera lane following,160.500,0.003125,0.750000,0,,NONE,0.000000,4.576672,4.623327
0.384,FOLLOW_LANE,camera lane following,161.500,0.009375,0.750000,0,,NONE,0.000000,4.698554,4.501446
0.416,FOLLOW_LANE,camera lane following,161.000,0.006250,0.750000,0,,NONE,0.000000,4.642307,4.557692
0.448,FOLLOW_LANE,camera lane following,162.000,0.012500,0.750000,0,,NONE,0.000000,4.715753,4.484247
0.480,FOLLOW_LANE,camera lane following,161.500,0.009375,0.750000,0,,NONE,0.000000,4.667321,4.532678
0.512,FOLLOW_LANE,camera lane following,162.500,0.015625,0.750000,0,,NONE,0.000000,4.740769,4.459231
0.544,FOLLOW_LANE,camera lane following,162.500,0.015625,0.750000,0,,NONE,0.000000,4.725154,4.474846
0.576,FOLLOW_LANE,camera lane following,162.500,0.015625,0.750000,0,,NONE,0.000000,4.725164,4.474836
0.608,FOLLOW_LANE,camera lane following,162.000,0.012500,0.750000,0,,NONE,0.000000,4.692359,4.507640
0.640,FOLLOW_LANE,camera lane following,162.000,0.012500,0.750000,0,,NONE,0.000000,4.700180,4.499820
0.672,FOLLOW_LANE,camera lane following,162.000,0.012500,0.750000,0,,NONE,0.000000,4.700188,4.499812
0.704,FOLLOW_LANE,camera lane following,162.000,0.012500,0.750000,0,,NONE,0.000000,4.700196,4.499804
0.736,FOLLOW_LANE,camera lane following,161.500,0.009375,0.750000,0,,NONE,0.000000,4.667389,4.532610
0.768,FOLLOW_LANE,camera lane following,162.000,0.012500,0.750000,0,,NONE,0.000000,4.708022,4.491977
0.800,FOLLOW_LANE,camera lane following,162.000,0.012500,0.750000,0,,NONE,0.000000,4.700218,4.499782
0.832,FOLLOW_LANE,camera lane following,161.500,0.009375,0.750000,0,,NONE,0.000000,4.667412,4.532588
0.864,FOLLOW_LANE,camera lane following,162.000,0.012500,0.750000,0,,NONE,0.000000,4.708044,4.491955
0.896,FOLLOW_LANE,camera lane following,162.000,0.012500,0.750000,0,,NONE,0.000000,4.700240,4.499760
0.928,FOLLOW_LANE,camera lane following,162.000,0.012500,0.750000,0,,NONE,0.000000,4.700248,4.499752
0.960,FOLLOW_LANE,camera lane following,162.000,0.012500,0.750000,0,,NONE,0.000000,4.700256,4.499744
0.992,FOLLOW_LANE,camera lane following,162.000,0.012500,0.750000,0,,NONE,0.000000,4.700264,4.499736
1.024,FOLLOW_LANE,camera lane following,162.500,0.015625,0.750000,0,,NONE,0.000000,4.733086,4.466913
1.056,FOLLOW_LANE,camera lane following,163.000,0.018750,0.750000,0,,NONE,0.000000,4.758099,4.441901
1.088,FOLLOW_LANE,camera lane following,163.000,0.018750,0.750000,0,,NONE,0.000000,4.750298,4.449702
1.120,FOLLOW_LANE,camera lane following,163.500,0.021875,0.750000,0,,NONE,0.000000,4.783124,4.416875
1.152,FOLLOW_LANE,camera lane following,163.500,0.021875,0.750000,0,,NONE,0.000000,4.775326,4.424674
1.184,FOLLOW_LANE,camera lane following,163.500,0.021875,0.750000,0,,NONE,0.000000,4.775340,4.424660
1.216,FOLLOW_LANE,camera lane following,163.500,0.021875,0.750000,0,,NONE,0.000000,4.775354,4.424646
1.248,FOLLOW_LANE,camera lane following,163.000,0.018750,0.750000,0,,NONE,0.000000,4.742553,4.457446
1.280,FOLLOW_LANE,camera lane following,163.000,0.018750,0.750000,0,,NONE,0.000000,4.750378,4.449622
1.312,FOLLOW_LANE,camera lane following,162.500,0.015625,0.750000,0,,NONE,0.000000,4.717575,4.482424
1.344,FOLLOW_LANE,camera lane following,161.000,0.006250,0.750000,0,,NONE,0.000000,4.626955,4.573045
1.376,FOLLOW_LANE,camera lane following,160.000,0.000000,0.750000,0,,NONE,0.000000,4.584767,4.615233
1.408,FOLLOW_LANE,camera lane following,158.500,-0.009375,0.750000,0,,NONE,0.000000,4.501948,4.698052
1.440,FOLLOW_LANE,camera lane following,157.000,-0.018750,0.750000,0,,NONE,0.000000,4.426937,4.773063
1.472,FOLLOW_LANE,camera lane following,156.000,-0.025000,0.750000,0,,NONE,0.000000,4.384733,4.815267
1.504,FOLLOW_LANE,camera lane following,155.500,-0.028125,0.750000,0,,NONE,0.000000,4.367527,4.832472
1.536,FOLLOW_LANE,camera lane following,155.000,-0.031250,0.750000,0,,NONE,0.000000,4.342507,4.857492
1.568,FOLLOW_LANE,camera lane following,154.250,-0.035937,0.750000,0,,NONE,0.000000,4.301078,4.898922
1.600,FOLLOW_LANE,camera lane following,154.000,-0.037500,0.750000,0,,NONE,0.000000,4.296367,4.903633
1.632,FOLLOW_LANE,camera lane following,154.500,-0.034375,0.750000,0,,NONE,0.000000,4.333063,4.866936
1.664,FOLLOW_LANE,camera lane following,154.000,-0.037500,0.750000,0,,NONE,0.000000,4.292414,4.907585
1.696,FOLLOW_LANE,camera lane following,154.500,-0.034375,0.750000,0,,NONE,0.000000,4.333017,4.866982
1.728,FOLLOW_LANE,camera lane following,155.000,-0.031250,0.750000,0,,NONE,0.000000,4.357997,4.842002
1.760,FOLLOW_LANE,camera lane following,155.500,-0.028125,0.750000,0,,NONE,0.000000,4.382979,4.817020
1.792,FOLLOW_LANE,camera lane following,155.500,-0.028125,0.750000,0,,NONE,0.000000,4.375149,4.824851
1.824,FOLLOW_LANE,camera lane following,156.000,-0.025000,0.750000,0,,NONE,0.000000,4.407945,4.792054
1.856,FOLLOW_LANE,camera lane following,156.000,-0.025000,0.750000,0,,NONE,0.000000,4.400117,4.799883
1.888,FOLLOW_LANE,camera lane following,156.000,-0.025000,0.750000,0,,NONE,0.000000,4.400101,4.799899
1.920,FOLLOW_LANE,camera lane following,156.500,-0.021875,0.750000,0,,NONE,0.000000,4.432899,4.767100
1.952,FOLLOW_LANE,camera lane following,157.000,-0.018750,0.750000,0,,NONE,0.000000,4.457888,4.742112
1.984,FOLLOW_LANE,camera lane following,157.500,-0.015625,0.750000,0,,NONE,0.000000,4.482877,4.717122
2.016,FOLLOW_LANE,camera lane following,157.500,-0.015625,0.750000,0,,NONE,0.000000,4.475055,4.724945
2.048,FOLLOW_LANE,camera lane following,157.500,-0.015625,0.750000,0,,NONE,0.000000,4.475045,4.724955
2.080,FOLLOW_LANE,camera lane following,158.000,-0.012500,0.750000,0,,NONE,0.000000,4.507849,4.692150
2.112,FOLLOW_LANE,camera lane following,158.000,-0.012500,0.750000,0,,NONE,0.000000,4.500029,4.699971
2.144,FOLLOW_LANE,camera lane following,158.000,-0.012500,0.750000,0,,NONE,0.000000,4.500021,4.699979
2.176,FOLLOW_LANE,camera lane following,158.500,-0.009375,0.750000,0,,NONE,0.000000,4.532827,4.667172
2.208,FOLLOW_LANE,camera lane following,159.000,-0.006250,0.750000,0,,NONE,0.000000,4.557823,4.642176
2.240,FOLLOW_LANE,camera lane following,159.000,-0.006250,0.750000,0,,NONE,0.000000,4.550007,4.649993
2.272,FOLLOW_LANE,camera lane following,159.500,-0.003125,0.750000,0,,NONE,0.000000,4.615632,4.584368
2.304,FOLLOW_LANE,camera lane following,159.000,-0.006250,0.750000,0,,NONE,0.000000,4.534378,4.665622
2.336,FOLLOW_LANE,camera lane following,159.500,-0.003125,0.750000,0,,NONE,0.000000,4.615628,4.584372
2.368,FOLLOW_LANE,camera lane following,159.000,-0.006250,0.750000,0,,NONE,0.000000,4.534374,4.665626
2.400,FOLLOW_LANE,camera lane following,159.500,-0.003125,0.750000,0,,NONE,0.000000,4.615624,4.584376
2.432,FOLLOW_LANE,camera lane following,159.500,-0.003125,0.750000,0,,NONE,0.000000,4.599999,4.600001
2.464,FOLLOW_LANE,camera lane following,159.500,-0.003125,0.750000,0,,NONE,0.000000,4.599999,4.600001
2.496,FOLLOW_LANE,camera lane following,159.500,-0.003125,0.750000,0,,NONE,0.000000,4.599999,4.600001
2.528,FOLLOW_LANE,camera lane following,159.500,-0.003125,0.750000,0,,NONE,0.000000,4.599999,4.600001
2.560,FOLLOW_LANE,camera lane following,160.000,0.000000,0.750000,0,,NONE,0.000000,4.599999,4.600001
2.592,FOLLOW_LANE,camera lane following,160.000,0.000000,0.750000,0,,NONE,0.000000,4.599999,4.600001
2.624,FOLLOW_LANE,camera lane following,160.000,0.000000,0.750000,0,,NONE,0.000000,4.599999,4.600001
2.656,FOLLOW_LANE,camera lane following,160.000,0.000000,0.750000,0,,NONE,0.000000,4.599999,4.600001
2.688,FOLLOW_LANE,camera lane following,160.000,0.000000,0.750000,0,,NONE,0.000000,4.599999,4.600001
2.720,FOLLOW_LANE,camera lane following,160.000,0.000000,0.750000,0,,NONE,0.000000,4.599999,4.600001
2.752,FOLLOW_LANE,camera lane following,160.000,0.000000,0.750000,0,,NONE,0.000000,4.599999,4.600001
2.784,FOLLOW_LANE,camera lane following,160.000,0.000000,0.750000,0,,NONE,0.000000,4.599999,4.600001
2.816,FOLLOW_LANE,camera lane following,160.000,0.000000,0.750000,0,,NONE,0.000000,4.599999,4.600001
2.848,FOLLOW_LANE,camera lane following,160.000,0.000000,0.750000,0,,NONE,0.000000,4.599999,4.600001
2.880,FOLLOW_LANE,camera lane following,159.500,-0.003125,0.750000,0,,NONE,0.000000,4.599999,4.600001
2.912,FOLLOW_LANE,camera lane following,159.500,-0.003125,0.750000,0,,NONE,0.000000,4.599999,4.600001
2.944,FOLLOW_LANE,camera lane following,160.000,0.000000,0.750000,0,,NONE,0.000000,4.599999,4.600001
2.976,FOLLOW_LANE,camera lane following,159.500,-0.003125,0.750000,0,,NONE,0.000000,4.599999,4.600001
3.008,FOLLOW_LANE,camera lane following,159.500,-0.003125,0.750000,0,,NONE,0.000000,4.599999,4.600001
3.040,FOLLOW_LANE,camera lane following,159.000,-0.006250,0.750000,0,,NONE,0.000000,4.534370,4.665630
3.072,FOLLOW_LANE,camera lane following,159.250,-0.004687,0.750000,0,,NONE,0.000000,4.615620,4.584380
3.104,FOLLOW_LANE,camera lane following,159.500,-0.003125,0.750000,0,,NONE,0.000000,4.599995,4.600005
3.136,FOLLOW_LANE,camera lane following,159.500,-0.003125,0.750000,0,,NONE,0.000000,4.599995,4.600005
3.168,FOLLOW_LANE,camera lane following,158.500,-0.009375,0.750000,0,,NONE,0.000000,4.501551,4.698448
3.200,FOLLOW_LANE,camera lane following,159.000,-0.006250,0.750000,0,,NONE,0.000000,4.557797,4.642202
3.232,FOLLOW_LANE,camera lane following,159.000,-0.006250,0.750000,0,,NONE,0.000000,4.549981,4.650019
3.264,FOLLOW_LANE,camera lane following,159.500,-0.003125,0.750000,0,,NONE,0.000000,4.615606,4.584394
3.296,FOLLOW_LANE,camera lane following,159.000,-0.006250,0.750000,0,,NONE,0.000000,4.534352,4.665648
3.328,FOLLOW_LANE,camera lane following,159.500,-0.003125,0.750000,0,,NONE,0.000000,4.615602,4.584398
3.360,FOLLOW_LANE,camera lane following,159.500,-0.003125,0.750000,0,,NONE,0.000000,4.599977,4.600023
3.392,FOLLOW_LANE,camera lane following,159.000,-0.006250,0.750000,0,,NONE,0.000000,4.534348,4.665652
3.424,FOLLOW_LANE,camera lane following,159.000,-0.006250,0.750000,0,,NONE,0.000000,4.549969,4.650031
3.456,FOLLOW_LANE,camera lane following,159.000,-0.006250,0.750000,0,,NONE,0.000000,4.549965,4.650035
3.488,FOLLOW_LANE,camera lane following,159.000,-0.006250,0.750000,0,,NONE,0.000000,4.549961,4.650039
3.520,FOLLOW_LANE,camera lane following,159.000,-0.006250,0.750000,0,,NONE,0.000000,4.549957,4.650043
3.552,FOLLOW_LANE,camera lane following,159.500,-0.003125,0.750000,0,,NONE,0.000000,4.615582,4.584418
3.584,FOLLOW_LANE,camera lane following,159.000,-0.006250,0.750000,0,,NONE,0.000000,4.534328,4.665672
3.616,FOLLOW_LANE,camera lane following,159.500,-0.003125,0.750000,0,,NONE,0.000000,4.615578,4.584422
3.648,FOLLOW_LANE,camera lane following,159.500,-0.003125,0.750000,0,,NONE,0.000000,4.599953,4.600047
3.680,FOLLOW_LANE,camera lane following,159.500,-0.003125,0.750000,0,,NONE,0.000000,4.599953,4.600047
3.712,FOLLOW_LANE,camera lane following,160.000,0.000000,0.750000,0,,NONE,0.000000,4.599953,4.600047
3.744,FOLLOW_LANE,camera lane following,160.000,0.000000,0.750000,0,,NONE,0.000000,4.599953,4.600047
3.776,FOLLOW_LANE,camera lane following,160.000,0.000000,0.750000,0,,NONE,0.000000,4.599953,4.600047
3.808,FOLLOW_LANE,camera lane following,160.000,0.000000,0.750000,0,,NONE,0.000000,4.599953,4.600047
3.840,FOLLOW_LANE,camera lane following,159.500,-0.003125,0.750000,0,,NONE,0.000000,4.599953,4.600047
3.872,FOLLOW_LANE,camera lane following,160.000,0.000000,0.750000,0,,NONE,0.000000,4.599953,4.600047
3.904,FOLLOW_LANE,camera lane following,160.000,0.000000,0.750000,0,,NONE,0.000000,4.599953,4.600047
3.936,FOLLOW_LANE,camera lane following,160.000,0.000000,0.750000,0,,NONE,0.000000,4.599953,4.600047
3.968,FOLLOW_LANE,camera lane following,160.000,0.000000,0.750000,0,,NONE,0.000000,4.599953,4.600047
4.000,FOLLOW_LANE,camera lane following,160.000,0.000000,0.750000,0,,NONE,0.000000,4.599953,4.600047
4.032,FOLLOW_LANE,camera lane following,160.500,0.003125,0.750000,0,,NONE,0.000000,4.599953,4.600047
4.064,FOLLOW_LANE,camera lane following,160.000,0.000000,0.750000,0,,NONE,0.000000,4.599953,4.600047
4.096,FOLLOW_LANE,camera lane following,160.000,0.000000,0.750000,0,,NONE,0.000000,4.599953,4.600047
4.128,FOLLOW_LANE,camera lane following,160.000,0.000000,0.750000,0,,NONE,0.000000,4.599953,4.600047
4.160,FOLLOW_LANE,camera lane following,160.500,0.003125,0.750000,0,,NONE,0.000000,4.599953,4.600047
4.192,FOLLOW_LANE,camera lane following,160.500,0.003125,0.750000,0,,NONE,0.000000,4.599953,4.600047
4.224,FOLLOW_LANE,camera lane following,160.500,0.003125,0.750000,0,,NONE,0.000000,4.599953,4.600047
4.256,FOLLOW_LANE,camera lane following,160.500,0.003125,0.750000,0,,NONE,0.000000,4.599953,4.600047
4.288,FOLLOW_LANE,camera lane following,160.750,0.004687,0.750000,0,,NONE,0.000000,4.599953,4.600047
4.320,FOLLOW_LANE,camera lane following,160.500,0.003125,0.750000,0,,NONE,0.000000,4.599953,4.600047
4.352,FOLLOW_LANE,camera lane following,160.500,0.003125,0.750000,0,,NONE,0.000000,4.599953,4.600047
4.384,FOLLOW_LANE,camera lane following,160.500,0.003125,0.750000,0,,NONE,0.000000,4.599953,4.600047
4.416,FOLLOW_LANE,camera lane following,160.500,0.003125,0.750000,0,,NONE,0.000000,4.599953,4.600047
4.448,FOLLOW_LANE,camera lane following,160.500,0.003125,0.750000,0,,NONE,0.000000,4.599953,4.600047
4.480,FOLLOW_LANE,camera lane following,161.000,0.006250,0.750000,0,,NONE,0.000000,4.665582,4.534418
4.512,FOLLOW_LANE,camera lane following,160.500,0.003125,0.750000,0,,NONE,0.000000,4.584332,4.615668
4.544,FOLLOW_LANE,camera lane following,160.500,0.003125,0.750000,0,,NONE,0.000000,4.599957,4.600043
4.576,FOLLOW_LANE,camera lane following,160.500,0.003125,0.750000,0,,NONE,0.000000,4.599957,4.600043
4.608,FOLLOW_LANE,camera lane following,160.500,0.003125,0.750000,0,,NONE,0.000000,4.599957,4.600043
4.640,FOLLOW_LANE,camera lane following,160.500,0.003125,0.750000,0,,NONE,0.000000,4.599957,4.600043
4.672,FOLLOW_LANE,camera lane following,160.500,0.003125,0.750000,0,,NONE,0.000000,4.599957,4.600043
4.704,FOLLOW_LANE,camera lane following,160.000,0.000000,0.750000,0,,NONE,0.000000,4.599957,4.600043
4.736,FOLLOW_LANE,camera lane following,160.000,0.000000,0.750000,0,,NONE,0.000000,4.599957,4.600043
4.768,FOLLOW_LANE,camera lane following,160.500,0.003125,0.750000,0,,NONE,0.000000,4.599957,4.600043
4.800,FOLLOW_LANE,camera lane following,160.500,0.003125,0.750000,0,,NONE,0.000000,4.599957,4.600043
4.832,FOLLOW_LANE,camera lane following,160.000,0.000000,0.750000,0,,NONE,0.000000,4.599957,4.600043
4.864,FOLLOW_LANE,camera lane following,160.000,0.000000,0.750000,0,,NONE,0.000000,4.599957,4.600043
4.896,FOLLOW_LANE,camera lane following,160.000,0.000000,0.750000,0,,NONE,0.000000,4.599957,4.600043
4.928,FOLLOW_LANE,camera lane following,159.750,-0.001563,0.750000,0,,NONE,0.000000,4.599957,4.600043
4.960,FOLLOW_LANE,camera lane following,159.500,-0.003125,0.750000,0,,NONE,0.000000,4.599957,4.600043
4.992,FOLLOW_LANE,camera lane following,160.000,0.000000,0.750000,0,,NONE,0.000000,4.599957,4.600043
5.024,FOLLOW_LANE,camera lane following,160.000,0.000000,0.750000,0,,NONE,0.000000,4.599957,4.600043
5.056,FOLLOW_LANE,camera lane following,160.000,0.000000,0.750000,0,,NONE,0.000000,4.599957,4.600043
5.088,FOLLOW_LANE,camera lane following,160.000,0.000000,0.750000,0,,NONE,0.000000,4.599957,4.600043
5.120,FOLLOW_LANE,camera lane following,160.000,0.000000,0.750000,0,,NONE,0.000000,4.599957,4.600043
5.152,FOLLOW_LANE,camera lane following,160.500,0.003125,0.750000,0,,NONE,0.000000,4.599957,4.600043
5.184,FOLLOW_LANE,camera lane following,160.500,0.003125,0.750000,0,,NONE,0.000000,4.599957,4.600043
5.216,FOLLOW_LANE,camera lane following,160.500,0.003125,0.750000,0,,NONE,0.000000,4.599957,4.600043
5.248,FOLLOW_LANE,camera lane following,160.500,0.003125,0.750000,0,,NONE,0.000000,4.599957,4.600043
5.280,FOLLOW_LANE,camera lane following,161.000,0.006250,0.750000,0,,NONE,0.000000,4.665586,4.534414
5.312,FOLLOW_LANE,camera lane following,161.000,0.006250,0.750000,0,,NONE,0.000000,4.649965,4.550035
5.344,FOLLOW_LANE,camera lane following,161.000,0.006250,0.750000,0,,NONE,0.000000,4.649969,4.550031
5.376,FOLLOW_LANE,camera lane following,161.500,0.009375,0.750000,0,,NONE,0.000000,4.682787,4.517212
5.408,FOLLOW_LANE,camera lane following,161.500,0.009375,0.750000,0,,NONE,0.000000,4.674981,4.525019
5.440,FOLLOW_LANE,camera lane following,162.000,0.012500,0.750000,0,,NONE,0.000000,4.707801,4.492198
5.472,FOLLOW_LANE,camera lane following,161.750,0.010937,0.750000,0,,NONE,0.000000,4.683590,4.516410
5.504,FOLLOW_LANE,camera lane following,162.000,0.012500,0.750000,0,,NONE,0.000000,4.703910,4.496090
5.536,FOLLOW_LANE,camera lane following,162.500,0.015625,0.750000,0,,NONE,0.000000,4.732826,4.467173
5.568,FOLLOW_LANE,camera lane following,161.750,0.010937,0.750000,0,,NONE,0.000000,4.675802,4.524198
5.600,FOLLOW_LANE,camera lane following,162.000,0.012500,0.750000,0,,NONE,0.000000,4.703935,4.496065
5.632,FOLLOW_LANE,camera lane following,161.500,0.009375,0.750000,0,,NONE,0.000000,4.667222,4.532777
5.664,FOLLOW_LANE,camera lane following,161.500,0.009375,0.750000,0,,NONE,0.000000,4.675041,4.524959
5.696,FOLLOW_LANE,camera lane following,161.000,0.006250,0.750000,0,,NONE,0.000000,4.642232,4.557767
5.728,FOLLOW_LANE,camera lane following,161.500,0.009375,0.750000,0,,NONE,0.000000,4.682863,4.517136
5.760,FOLLOW_LANE,camera lane following,161.000,0.006250,0.750000,0,,NONE,0.000000,4.642243,4.557757
5.792,FOLLOW_LANE,camera lane following,160.500,0.003125,0.750000,0,,NONE,0.000000,4.584430,4.615570
5.824,FOLLOW_LANE,camera lane following,160.500,0.003125,0.750000,0,,NONE,0.000000,4.600055,4.599945
5.856,FOLLOW_LANE,camera lane following,160.500,0.003125,0.750000,0,,NONE,0.000000,4.600055,4.599945
5.888,FOLLOW_LANE,camera lane following,160.500,0.003125,0.750000,0,,NONE,0.000000,4.600055,4.599945
5.920,FOLLOW_LANE,camera lane following,160.000,0.000000,0.750000,0,,NONE,0.000000,4.600055,4.599945
5.952,FOLLOW_LANE,camera lane following,160.000,0.000000,0.750000,0,,NONE,0.000000,4.600055,4.599945
5.984,FOLLOW_LANE,camera lane following,160.000,0.000000,0.750000,0,,NONE,0.000000,4.600055,4.599945
6.016,FOLLOW_LANE,camera lane following,159.500,-0.003125,0.750000,0,,NONE,0.000000,4.600055,4.599945
6.048,FOLLOW_LANE,camera lane following,159.500,-0.003125,0.750000,0,,NONE,0.000000,4.600055,4.599945
6.080,FOLLOW_LANE,camera lane following,159.000,-0.006250,0.750000,0,,NONE,0.000000,4.534426,4.665574
6.112,FOLLOW_LANE,camera lane following,160.000,0.000000,0.750000,0,,NONE,0.000000,4.615676,4.584324
6.144,FOLLOW_LANE,camera lane following,159.500,-0.003125,0.750000,0,,NONE,0.000000,4.600051,4.599949
6.176,FOLLOW_LANE,camera lane following,159.500,-0.003125,0.750000,0,,NONE,0.000000,4.600051,4.599949
6.208,FOLLOW_LANE,camera lane following,159.500,-0.003125,0.750000,0,,NONE,0.000000,4.600051,4.599949
6.240,FOLLOW_LANE,camera lane following,159.000,-0.006250,0.750000,0,,NONE,0.000000,4.534422,4.665578
6.272,FOLLOW_LANE,camera lane following,159.000,-0.006250,0.750000,0,,NONE,0.000000,4.550043,4.649957
6.304,FOLLOW_LANE,camera lane following,159.000,-0.006250,0.750000,0,,NONE,0.000000,4.550039,4.649961
6.336,FOLLOW_LANE,camera lane following,159.000,-0.006250,0.750000,0,,NONE,0.000000,4.550035,4.649965
6.368,FOLLOW_LANE,camera lane following,159.000,-0.006250,0.750000,0,,NONE,0.000000,4.550031,4.649969
6.400,FOLLOW_LANE,camera lane following,159.000,-0.006250,0.750000,0,,NONE,0.000000,4.550027,4.649973
6.432,FOLLOW_LANE,camera lane following,159.000,-0.006250,0.750000,0,,NONE,0.000000,4.550023,4.649977
6.464,FOLLOW_LANE,camera lane following,159.000,-0.006250,0.750000,0,,NONE,0.000000,4.550019,4.649981
6.496,FOLLOW_LANE,camera lane following,159.000,-0.006250,0.750000,0,,NONE,0.000000,4.550015,4.649985
6.528,FOLLOW_LANE,camera lane following,159.000,-0.006250,0.750000,0,,NONE,0.000000,4.550011,4.649989
6.560,FOLLOW_LANE,camera lane following,159.500,-0.003125,0.750000,0,,NONE,0.000000,4.615636,4.584364
6.592,FOLLOW_LANE,camera lane following,159.000,-0.006250,0.750000,0,,NONE,0.000000,4.534382,4.665618
6.624,FOLLOW_LANE,camera lane following,159.500,-0.003125,0.750000,0,,NONE,0.000000,4.615632,4.584368
6.656,FOLLOW_LANE,camera lane following,159.500,-0.003125,0.750000,0,,NONE,0.000000,4.600007,4.599993
6.688,FOLLOW_LANE,camera lane following,159.500,-0.003125,0.750000,0,,NONE,0.000000,4.600007,4.599993
6.720,FOLLOW_LANE,camera lane following,159.500,-0.003125,0.750000,0,,NONE,0.000000,4.600007,4.599993
6.752,FOLLOW_LANE,camera lane following,159.500,-0.003125,0.750000,0,,NONE,0.000000,4.600007,4.599993
6.784,FOLLOW_LANE,camera lane following,159.500,-0.003125,0.750000,0,,NONE,0.000000,4.600007,4.599993
6.816,FOLLOW_LANE,camera lane following,159.500,-0.003125,0.750000,0,,NONE,0.000000,4.600007,4.599993
6.848,FOLLOW_LANE,camera lane following,159.500,-0.003125,0.750000,0,,NONE,0.000000,4.600007,4.599993
6.880,FOLLOW_LANE,camera lane following,159.500,-0.003125,0.750000,0,,NONE,0.000000,4.600007,4.599993
6.912,FOLLOW_LANE,camera lane following,159.500,-0.003125,0.750000,0,,NONE,0.000000,4.600007,4.599993
6.944,FOLLOW_LANE,camera lane following,159.500,-0.003125,0.750000,0,,NONE,0.000000,4.600007,4.599993
6.976,FOLLOW_LANE,camera lane following,159.500,-0.003125,0.750000,0,,NONE,0.000000,4.600007,4.599993
7.008,FOLLOW_LANE,camera lane following,159.000,-0.006250,0.750000,0,,NONE,0.000000,4.534378,4.665622
7.040,FOLLOW_LANE,camera lane following,159.500,-0.003125,0.750000,0,,NONE,0.000000,4.615628,4.584372
7.072,FOLLOW_LANE,camera lane following,159.500,-0.003125,0.750000,0,,NONE,0.000000,4.600003,4.599997
7.104,FOLLOW_LANE,camera lane following,159.000,-0.006250,0.750000,0,,NONE,0.000000,4.534374,4.665626
7.136,FOLLOW_LANE,camera lane following,159.000,-0.006250,0.750000,0,,NONE,0.000000,4.549995,4.650005
7.168,FOLLOW_LANE,camera lane following,159.500,-0.003125,0.750000,0,,NONE,0.000000,4.615620,4.584380
7.200,FOLLOW_LANE,camera lane following,159.500,-0.003125,0.750000,0,,NONE,0.000000,4.599995,4.600005
7.232,FOLLOW_LANE,camera lane following,159.000,-0.006250,0.750000,0,,NONE,0.000000,4.534366,4.665634
7.264,FOLLOW_LANE,camera lane following,159.500,-0.003125,0.750000,0,,NONE,0.000000,4.615616,4.584384
7.296,FOLLOW_LANE,camera lane following,159.500,-0.003125,0.750000,0,,NONE,0.000000,4.599991,4.600009
7.328,FOLLOW_LANE,camera lane following,159.500,-0.003125,0.750000,0,,NONE,0.000000,4.599991,4.600009
7.360,FOLLOW_LANE,camera lane following,159.500,-0.003125,0.750000,0,,NONE,0.000000,4.599991,4.600009
7.392,FOLLOW_LANE,camera lane following,159.500,-0.003125,0.750000,0,,NONE,0.000000,4.599991,4.600009
7.424,FOLLOW_LANE,camera lane following,159.500,-0.003125,0.750000,0,,NONE,0.000000,4.599991,4.600009
7.456,FOLLOW_LANE,camera lane following,159.500,-0.003125,0.750000,0,,NONE,0.000000,4.599991,4.600009
7.488,FOLLOW_LANE,camera lane following,160.000,0.000000,0.750000,0,,NONE,0.000000,4.599991,4.600009
7.520,FOLLOW_LANE,camera lane following,159.750,-0.001563,0.750000,0,,NONE,0.000000,4.599991,4.600009
7.552,FOLLOW_LANE,camera lane following,159.500,-0.003125,0.750000,0,,NONE,0.000000,4.599991,4.600009
7.584,FOLLOW_LANE,camera lane following,159.500,-0.003125,0.750000,0,,NONE,0.000000,4.599991,4.600009
7.616,FOLLOW_LANE,camera lane following,159.500,-0.003125,0.750000,0,,NONE,0.000000,4.599991,4.600009
7.648,FOLLOW_LANE,camera lane following,159.500,-0.003125,0.750000,0,,NONE,0.000000,4.599991,4.600009
7.680,FOLLOW_LANE,camera lane following,159.500,-0.003125,0.750000,0,,NONE,0.000000,4.599991,4.600009
7.712,FOLLOW_LANE,camera lane following,159.500,-0.003125,0.750000,0,,NONE,0.000000,4.599991,4.600009
7.744,FOLLOW_LANE,camera lane following,159.500,-0.003125,0.750000,0,,NONE,0.000000,4.599991,4.600009
7.776,FOLLOW_LANE,camera lane following,159.500,-0.003125,0.750000,0,,NONE,0.000000,4.599991,4.600009
7.808,FOLLOW_LANE,camera lane following,159.500,-0.003125,0.750000,0,,NONE,0.000000,4.599991,4.600009
7.840,FOLLOW_LANE,camera lane following,159.500,-0.003125,0.750000,0,,NONE,0.000000,4.599991,4.600009
7.872,FOLLOW_LANE,camera lane following,159.500,-0.003125,0.750000,0,,NONE,0.000000,4.599991,4.600009
7.904,FOLLOW_LANE,camera lane following,159.500,-0.003125,0.750000,0,,NONE,0.000000,4.599991,4.600009
7.936,FOLLOW_LANE,camera lane following,159.500,-0.003125,0.750000,0,,NONE,0.000000,4.599991,4.600009
7.968,FOLLOW_LANE,camera lane following,159.500,-0.003125,0.750000,0,,NONE,0.000000,4.599991,4.600009
8.000,FOLLOW_LANE,camera lane following,159.500,-0.003125,0.750000,0,,NONE,0.000000,4.599991,4.600009
8.032,FOLLOW_LANE,camera lane following,159.500,-0.003125,0.750000,0,,NONE,0.000000,4.599991,4.600009
8.064,FOLLOW_LANE,camera lane following,159.500,-0.003125,0.750000,0,,NONE,0.000000,4.599991,4.600009
8.096,FOLLOW_LANE,camera lane following,159.500,-0.003125,0.750000,0,,NONE,0.000000,4.599991,4.600009
8.128,FOLLOW_LANE,camera lane following,159.500,-0.003125,0.750000,0,,NONE,0.000000,4.599991,4.600009
8.160,FOLLOW_LANE,camera lane following,159.500,-0.003125,0.750000,0,,NONE,0.000000,4.599991,4.600009
8.192,FOLLOW_LANE,camera lane following,159.500,-0.003125,0.750000,0,,NONE,0.000000,4.599991,4.600009
8.224,FOLLOW_LANE,camera lane following,159.500,-0.003125,0.750000,0,,NONE,0.000000,4.599991,4.600009
8.256,FOLLOW_LANE,camera lane following,159.500,-0.003125,0.750000,0,,NONE,0.000000,4.599991,4.600009
8.288,FOLLOW_LANE,camera lane following,159.500,-0.003125,0.750000,0,,NONE,0.000000,4.599991,4.600009
8.320,FOLLOW_LANE,camera lane following,159.500,-0.003125,0.750000,0,,NONE,0.000000,4.599991,4.600009
8.352,FOLLOW_LANE,camera lane following,159.500,-0.003125,0.750000,0,,NONE,0.000000,4.599991,4.600009
8.384,FOLLOW_LANE,camera lane following,159.500,-0.003125,0.750000,0,,NONE,0.000000,4.599991,4.600009
8.416,FOLLOW_LANE,camera lane following,159.500,-0.003125,0.750000,0,,NONE,0.000000,4.599991,4.600009
8.448,FOLLOW_LANE,camera lane following,159.500,-0.003125,0.750000,0,,NONE,0.000000,4.599991,4.600009
8.480,FOLLOW_LANE,camera lane following,159.500,-0.003125,0.750000,0,,NONE,0.000000,4.599991,4.600009
8.512,FOLLOW_LANE,camera lane following,159.500,-0.003125,0.750000,0,,NONE,0.000000,4.599991,4.600009
8.544,FOLLOW_LANE,camera lane following,159.500,-0.003125,0.750000,0,,NONE,0.000000,4.599991,4.600009
8.576,FOLLOW_LANE,camera lane following,159.500,-0.003125,0.750000,0,,NONE,0.000000,4.599991,4.600009
8.608,FOLLOW_LANE,camera lane following,159.500,-0.003125,0.750000,0,,NONE,0.000000,4.599991,4.600009
8.640,FOLLOW_LANE,camera lane following,159.500,-0.003125,0.750000,0,,NONE,0.000000,4.599991,4.600009
8.672,FOLLOW_LANE,camera lane following,159.000,-0.006250,0.750000,0,,NONE,0.000000,4.534362,4.665638
8.704,FOLLOW_LANE,camera lane following,160.000,0.000000,0.750000,0,,NONE,0.000000,4.615612,4.584388
8.736,FOLLOW_LANE,camera lane following,159.500,-0.003125,0.750000,0,,NONE,0.000000,4.599987,4.600013
8.768,FOLLOW_LANE,camera lane following,159.000,-0.006250,0.750000,0,,NONE,0.000000,4.534358,4.665642
8.800,FOLLOW_LANE,camera lane following,159.000,-0.006250,0.750000,0,,NONE,0.000000,4.549979,4.650021
8.832,FOLLOW_LANE,camera lane following,159.500,-0.003125,0.750000,0,,NONE,0.000000,4.615604,4.584396
8.864,FOLLOW_LANE,camera lane following,160.000,0.000000,0.750000,0,,NONE,0.000000,4.599979,4.600021
8.896,FOLLOW_LANE,camera lane following,160.000,0.000000,0.750000,0,,NONE,0.000000,4.599979,4.600021
8.928,FOLLOW_LANE,camera lane following,159.500,-0.003125,0.750000,0,,NONE,0.000000,4.599979,4.600021
8.960,FOLLOW_LANE,camera lane following,159.500,-0.003125,0.750000,0,,NONE,0.000000,4.599979,4.600021
8.992,FOLLOW_LANE,camera lane following,159.500,-0.003125,0.750000,0,,NONE,0.000000,4.599979,4.600021
9.024,FOLLOW_LANE,camera lane following,159.500,-0.003125,0.750000,0,,NONE,0.000000,4.599979,4.600021
9.056,FOLLOW_LANE,camera lane following,160.000,0.000000,0.750000,0,,NONE,0.000000,4.599979,4.600021
9.088,FOLLOW_LANE,camera lane following,160.000,0.000000,0.750000,0,,NONE,0.000000,4.599979,4.600021
9.120,FOLLOW_LANE,camera lane following,159.750,-0.001563,0.750000,0,,NONE,0.000000,4.599979,4.600021
9.152,FOLLOW_LANE,camera lane following,159.500,-0.003125,0.750000,0,,NONE,0.000000,4.599979,4.600021
9.184,FOLLOW_LANE,camera lane following,159.500,-0.003125,0.750000,0,,NONE,0.000000,4.599979,4.600021
9.216,FOLLOW_LANE,camera lane following,160.500,0.003125,0.750000,0,,NONE,0.000000,4.599979,4.600021
9.248,FOLLOW_LANE,camera lane following,160.500,0.003125,0.750000,0,,NONE,0.000000,4.599979,4.600021
9.280,FOLLOW_LANE,camera lane following,160.000,0.000000,0.750000,0,,NONE,0.000000,4.599979,4.600021
9.312,FOLLOW_LANE,camera lane following,160.000,0.000000,0.750000,0,,NONE,0.000000,4.599979,4.600021
9.344,FOLLOW_LANE,camera lane following,160.000,0.000000,0.750000,0,,NONE,0.000000,4.599979,4.600021
9.376,FOLLOW_LANE,camera lane following,160.000,0.000000,0.750000,0,,NONE,0.000000,4.599979,4.600021
9.408,FOLLOW_LANE,camera lane following,160.000,0.000000,0.750000,0,,NONE,0.000000,4.599979,4.600021
9.440,FOLLOW_LANE,camera lane following,160.000,0.000000,0.750000,0,,NONE,0.000000,4.599979,4.600021
9.472,FOLLOW_LANE,camera lane following,160.000,0.000000,0.750000,0,,NONE,0.000000,4.599979,4.600021
9.504,FOLLOW_LANE,camera lane following,160.000,0.000000,0.750000,0,,NONE,0.000000,4.599979,4.600021
9.536,FOLLOW_LANE,camera lane following,160.500,0.003125,0.750000,0,,NONE,0.000000,4.599979,4.600021
9.568,FOLLOW_LANE,camera lane following,160.500,0.003125,0.750000,0,,NONE,0.000000,4.599979,4.600021
9.600,FOLLOW_LANE,camera lane following,160.500,0.003125,0.750000,0,,NONE,0.000000,4.599979,4.600021
9.632,FOLLOW_LANE,camera lane following,160.500,0.003125,0.750000,0,,NONE,0.000000,4.599979,4.600021
9.664,FOLLOW_LANE,camera lane following,160.500,0.003125,0.750000,0,,NONE,0.000000,4.599979,4.600021
9.696,FOLLOW_LANE,camera lane following,160.500,0.003125,0.750000,0,,NONE,0.000000,4.599979,4.600021
9.728,FOLLOW_LANE,camera lane following,160.500,0.003125,0.750000,0,,NONE,0.000000,4.599979,4.600021
9.760,FOLLOW_LANE,camera lane following,160.500,0.003125,0.750000,0,,NONE,0.000000,4.599979,4.600021
9.792,FOLLOW_LANE,camera lane following,160.500,0.003125,0.750000,0,,NONE,0.000000,4.599979,4.600021
9.824,FOLLOW_LANE,camera lane following,160.000,0.000000,0.750000,0,,NONE,0.000000,4.599979,4.600021
9.856,FOLLOW_LANE,camera lane following,160.000,0.000000,0.750000,0,,NONE,0.000000,4.599979,4.600021
9.888,FOLLOW_LANE,camera lane following,160.500,0.003125,0.750000,0,,NONE,0.000000,4.599979,4.600021
9.920,FOLLOW_LANE,camera lane following,160.500,0.003125,0.750000,0,,NONE,0.000000,4.599979,4.600021
9.952,FOLLOW_LANE,camera lane following,160.500,0.003125,0.750000,0,,NONE,0.000000,4.599979,4.600021
9.984,FOLLOW_LANE,camera lane following,160.500,0.003125,0.750000,0,,NONE,0.000000,4.599979,4.600021
10.016,FOLLOW_LANE,camera lane following,160.500,0.003125,0.750000,0,,NONE,0.000000,4.599979,4.600021
10.048,FOLLOW_LANE,camera lane following,160.500,0.003125,0.750000,0,,NONE,0.000000,4.599979,4.600021
10.080,FOLLOW_LANE,camera lane following,160.500,0.003125,0.750000,0,,NONE,0.000000,4.599979,4.600021
10.112,FOLLOW_LANE,camera lane following,160.500,0.003125,0.750000,0,,NONE,0.000000,4.599979,4.600021
10.144,FOLLOW_LANE,camera lane following,160.500,0.003125,0.750000,0,,NONE,0.000000,4.599979,4.600021
10.176,FOLLOW_LANE,camera lane following,160.500,0.003125,0.750000,0,,NONE,0.000000,4.599979,4.600021
10.208,FOLLOW_LANE,camera lane following,160.500,0.003125,0.750000,0,,NONE,0.000000,4.599979,4.600021
10.240,FOLLOW_LANE,camera lane following,160.500,0.003125,0.750000,0,,NONE,0.000000,4.599979,4.600021
10.272,FOLLOW_LANE,camera lane following,160.500,0.003125,0.750000,0,,NONE,0.000000,4.599979,4.600021
10.304,FOLLOW_LANE,camera lane following,160.500,0.003125,0.750000,0,,NONE,0.000000,4.599979,4.600021
10.336,FOLLOW_LANE,camera lane following,160.500,0.003125,0.750000,0,,NONE,0.000000,4.599979,4.600021
10.368,FOLLOW_LANE,camera lane following,160.500,0.003125,0.750000,0,,NONE,0.000000,4.599979,4.600021
10.400,FOLLOW_LANE,camera lane following,160.500,0.003125,0.750000,0,,NONE,0.000000,4.599979,4.600021
10.432,FOLLOW_LANE,camera lane following,160.500,0.003125,0.750000,0,,NONE,0.000000,4.599979,4.600021
10.464,FOLLOW_LANE,camera lane following,160.500,0.003125,0.750000,0,,NONE,0.000000,4.599979,4.600021
10.496,FOLLOW_LANE,camera lane following,160.500,0.003125,0.750000,0,,NONE,0.000000,4.599979,4.600021
10.528,FOLLOW_LANE,camera lane following,160.500,0.003125,0.750000,0,,NONE,0.000000,4.599979,4.600021
10.560,FOLLOW_LANE,camera lane following,160.500,0.003125,0.750000,0,,NONE,0.000000,4.599979,4.600021
10.592,FOLLOW_LANE,camera lane following,160.500,0.003125,0.750000,0,,NONE,0.000000,4.599979,4.600021
10.624,FOLLOW_LANE,camera lane following,160.500,0.003125,0.750000,0,,NONE,0.000000,4.599979,4.600021
10.656,FOLLOW_LANE,camera lane following,160.500,0.003125,0.750000,0,,NONE,0.000000,4.599979,4.600021
10.688,FOLLOW_LANE,camera lane following,160.500,0.003125,0.750000,0,,NONE,0.000000,4.599979,4.600021
10.720,FOLLOW_LANE,camera lane following,160.500,0.003125,0.750000,0,,NONE,0.000000,4.599979,4.600021
10.752,FOLLOW_LANE,camera lane following,160.500,0.003125,0.750000,0,,NONE,0.000000,4.599979,4.600021
10.784,FOLLOW_LANE,camera lane following,160.500,0.003125,0.750000,0,,NONE,0.000000,4.599979,4.600021
10.816,FOLLOW_LANE,camera lane following,160.500,0.003125,0.750000,0,,NONE,0.000000,4.599979,4.600021
10.848,FOLLOW_LANE,camera lane following,160.500,0.003125,0.750000,0,,NONE,0.000000,4.599979,4.600021
10.880,FOLLOW_LANE,camera lane following,160.500,0.003125,0.750000,0,,NONE,0.000000,4.599979,4.600021
10.912,FOLLOW_LANE,camera lane following,160.500,0.003125,0.750000,0,,NONE,0.000000,4.599979,4.600021
10.944,FOLLOW_LANE,camera lane following,160.500,0.003125,0.750000,0,,NONE,0.000000,4.599979,4.600021
10.976,FOLLOW_LANE,camera lane following,160.500,0.003125,0.750000,0,,NONE,0.000000,4.599979,4.600021
11.008,FOLLOW_LANE,camera lane following,160.500,0.003125,0.750000,0,,NONE,0.000000,4.599979,4.600021
11.040,FOLLOW_LANE,camera lane following,160.500,0.003125,0.750000,0,,NONE,0.000000,4.599979,4.600021
11.072,FOLLOW_LANE,camera lane following,160.500,0.003125,0.750000,0,,NONE,0.000000,4.599979,4.600021
11.104,FOLLOW_LANE,camera lane following,160.000,0.000000,0.750000,0,,NONE,0.000000,4.599979,4.600021
11.136,FOLLOW_LANE,camera lane following,160.000,0.000000,0.750000,0,,NONE,0.000000,4.599979,4.600021
11.168,FOLLOW_LANE,camera lane following,159.500,-0.003125,0.750000,0,,NONE,0.000000,4.599979,4.600021
11.200,FOLLOW_LANE,camera lane following,159.500,-0.003125,0.750000,0,,NONE,0.000000,4.599979,4.600021
11.232,FOLLOW_LANE,camera lane following,159.500,-0.003125,0.750000,0,,NONE,0.000000,4.599979,4.600021
11.264,FOLLOW_LANE,camera lane following,159.500,-0.003125,0.750000,0,,NONE,0.000000,4.599979,4.600021
11.296,FOLLOW_LANE,camera lane following,159.500,-0.003125,0.750000,0,,NONE,0.000000,4.599979,4.600021
11.328,FOLLOW_LANE,camera lane following,159.000,-0.006250,0.750000,0,,NONE,0.000000,4.534350,4.665650
11.360,FOLLOW_LANE,camera lane following,159.000,-0.006250,0.750000,0,,NONE,0.000000,4.549971,4.650029
11.392,FOLLOW_LANE,camera lane following,159.000,-0.006250,0.750000,0,,NONE,0.000000,4.549967,4.650033
11.424,FOLLOW_LANE,camera lane following,159.000,-0.006250,0.750000,0,,NONE,0.000000,4.549963,4.650037
11.456,FOLLOW_LANE,camera lane following,159.000,-0.006250,0.750000,0,,NONE,0.000000,4.549959,4.650041
11.488,FOLLOW_LANE,camera lane following,159.000,-0.006250,0.750000,0,,NONE,0.000000,4.549955,4.650045
11.520,FOLLOW_LANE,camera lane following,159.000,-0.006250,0.750000,0,,NONE,0.000000,4.549951,4.650049
11.552,FOLLOW_LANE,camera lane following,159.000,-0.006250,0.750000,0,,NONE,0.000000,4.549947,4.650053
11.584,FOLLOW_LANE,camera lane following,159.000,-0.006250,0.750000,0,,NONE,0.000000,4.549943,4.650057
11.616,FOLLOW_LANE,camera lane following,159.000,-0.006250,0.750000,0,,NONE,0.000000,4.549939,4.650061
11.648,FOLLOW_LANE,camera lane following,159.000,-0.006250,0.750000,0,,NONE,0.000000,4.549935,4.650065
11.680,FOLLOW_LANE,camera lane following,159.000,-0.006250,0.750000,0,,NONE,0.000000,4.549931,4.650069
11.712,FOLLOW_LANE,camera lane following,159.500,-0.003125,0.750000,0,,NONE,0.000000,4.615556,4.584444
11.744,FOLLOW_LANE,camera lane following,158.500,-0.009375,0.750000,0,,NONE,0.000000,4.501487,4.698512
11.776,FOLLOW_LANE,camera lane following,158.500,-0.009375,0.750000,0,,NONE,0.000000,4.524919,4.675081
11.808,FOLLOW_LANE,camera lane following,158.500,-0.009375,0.750000,0,,NONE,0.000000,4.524913,4.675087
11.840,FOLLOW_LANE,camera lane following,158.500,-0.009375,0.750000,0,,NONE,0.000000,4.524907,4.675093
11.872,FOLLOW_LANE,camera lane following,159.000,-0.006250,0.750000,0,,NONE,0.000000,4.557715,4.642284
11.904,FOLLOW_LANE,camera lane following,159.000,-0.006250,0.750000,0,,NONE,0.000000,4.549899,4.650101
11.936,FOLLOW_LANE,camera lane following,159.000,-0.006250,0.750000,0,,NONE,0.000000,4.549895,4.650105
11.968,FOLLOW_LANE,camera lane following,159.000,-0.006250,0.750000,0,,NONE,0.000000,4.549891,4.650109
12.000,FOLLOW_LANE,camera lane following,159.000,-0.006250,0.750000,0,,NONE,0.000000,4.549887,4.650113
12.032,FOLLOW_LANE,camera lane following,158.500,-0.009375,0.750000,0,,NONE,0.000000,4.517068,4.682931
12.064,FOLLOW_LANE,camera lane following,158.500,-0.009375,0.750000,0,,NONE,0.000000,4.524875,4.675125
12.096,FOLLOW_LANE,camera lane following,158.500,-0.009375,0.750000,0,,NONE,0.000000,4.524869,4.675131
12.128,FOLLOW_LANE,camera lane following,158.000,-0.012500,0.750000,0,,NONE,0.000000,4.492048,4.707952
12.160,FOLLOW_LANE,camera lane following,158.500,-0.009375,0.750000,0,,NONE,0.000000,4.532667,4.667332
12.192,FOLLOW_LANE,camera lane following,158.500,-0.009375,0.750000,0,,NONE,0.000000,4.524849,4.675151
12.224,FOLLOW_LANE,camera lane following,158.000,-0.012500,0.750000,0,,NONE,0.000000,4.492028,4.707971
12.256,FOLLOW_LANE,camera lane following,158.000,-0.012500,0.750000,0,,NONE,0.000000,4.499833,4.700167
12.288,FOLLOW_LANE,camera lane following,158.000,-0.012500,0.750000,0,,NONE,0.000000,4.499825,4.700175
12.320,FOLLOW_LANE,camera lane following,158.000,-0.012500,0.750000,0,,NONE,0.000000,4.499817,4.700183
12.352,FOLLOW_LANE,camera lane following,157.500,-0.015625,0.750000,0,,NONE,0.000000,4.466994,4.733005
12.384,FOLLOW_LANE,camera lane following,157.000,-0.018750,0.750000,0,,NONE,0.000000,4.441982,4.758017
12.416,FOLLOW_LANE,camera lane following,157.500,-0.015625,0.750000,0,,NONE,0.000000,4.482597,4.717402
12.448,FOLLOW_LANE,camera lane following,157.000,-0.018750,0.750000,0,,NONE,0.000000,4.441960,4.758039
12.480,FOLLOW_LANE,camera lane following,157.000,-0.018750,0.750000,0,,NONE,0.000000,4.449761,4.750239
12.512,FOLLOW_LANE,camera lane following,157.000,-0.018750,0.750000,0,,NONE,0.000000,4.449749,4.750251
12.544,FOLLOW_LANE,camera lane following,157.500,-0.015625,0.750000,0,,NONE,0.000000,4.482551,4.717448
12.576,FOLLOW_LANE,camera lane following,158.000,-0.012500,0.750000,0,,NONE,0.000000,4.507543,4.692456
12.608,FOLLOW_LANE,camera lane following,158.500,-0.009375,0.750000,0,,NONE,0.000000,4.532537,4.667463
12.640,FOLLOW_LANE,camera lane following,164.250,0.026562,0.750000,0,,NONE,0.000000,4.902086,4.297914
12.672,FOLLOW_LANE,camera lane following,159.000,-0.006250,0.750000,0,,NONE,0.000000,4.467707,4.732293
12.704,FOLLOW_LANE,camera lane following,154.500,-0.034375,0.750000,0,,NONE,0.000000,4.254403,4.945596
12.736,FOLLOW_LANE,camera lane following,155.000,-0.031250,0.750000,0,,NONE,0.000000,4.357508,4.842491
12.768,FOLLOW_LANE,camera lane following,155.000,-0.031250,0.750000,0,,NONE,0.000000,4.349676,4.850324
12.800,FOLLOW_LANE,camera lane following,155.500,-0.028125,0.750000,0,,NONE,0.000000,4.382470,4.817530
12.832,FOLLOW_LANE,camera lane following,155.750,-0.026562,0.750000,0,,NONE,0.000000,4.391047,4.808953
12.864,FOLLOW_LANE,camera lane following,156.000,-0.025000,0.750000,0,,NONE,0.000000,4.403531,4.796469
12.896,FOLLOW_LANE,camera lane following,156.000,-0.025000,0.750000,0,,NONE,0.000000,4.399609,4.800391
12.928,FOLLOW_LANE,camera lane following,156.500,-0.021875,0.750000,0,,NONE,0.000000,4.432408,4.767592
12.960,FOLLOW_LANE,camera lane following,157.000,-0.018750,0.750000,0,,NONE,0.000000,4.457395,4.742604
12.992,FOLLOW_LANE,camera lane following,157.000,-0.018750,0.750000,0,,NONE,0.000000,4.449571,4.750429
13.024,FOLLOW_LANE,camera lane following,157.500,-0.015625,0.750000,0,,NONE,0.000000,4.482373,4.717626
13.056,FOLLOW_LANE,camera lane following,157.000,-0.018750,0.750000,0,,NONE,0.000000,4.441736,4.758263
13.088,FOLLOW_LANE,camera lane following,157.500,-0.015625,0.750000,0,,NONE,0.000000,4.482352,4.717648
13.120,FOLLOW_LANE,camera lane following,158.000,-0.012500,0.750000,0,,NONE,0.000000,4.507343,4.692657
13.152,FOLLOW_LANE,camera lane following,158.500,-0.009375,0.750000,0,,NONE,0.000000,4.532337,4.667662
13.184,FOLLOW_LANE,camera lane following,158.500,-0.009375,0.750000,0,,NONE,0.000000,4.524519,4.675481
13.216,FOLLOW_LANE,camera lane following,159.000,-0.006250,0.750000,0,,NONE,0.000000,4.557327,4.642672
13.248,FOLLOW_LANE,camera lane following,159.500,-0.003125,0.750000,0,,NONE,0.000000,4.615140,4.584860
13.280,FOLLOW_LANE,camera lane following,160.500,0.003125,0.750000,0,,NONE,0.000000,4.599515,4.600485
13.312,FOLLOW_LANE,camera lane following,161.500,0.009375,0.750000,0,,NONE,0.000000,4.697958,4.502041
13.344,FOLLOW_LANE,camera lane following,163.000,0.018750,0.750000,0,,NONE,0.000000,4.772970,4.427029
13.376,FOLLOW_LANE,camera lane following,165.500,0.034375,0.750000,0,,NONE,0.000000,4.913617,4.286382
13.408,FOLLOW_LANE,camera lane following,167.500,0.046875,0.750000,0,,NONE,0.000000,5.005835,4.194165
13.440,FOLLOW_LANE,camera lane following,163.500,0.021875,0.750000,0,,NONE,0.000000,4.712099,4.487901
13.472,FOLLOW_LANE,camera lane following,133.000,-0.168750,0.750000,0,,NONE,0.000000,2.772928,6.280000
13.504,FOLLOW_LANE,camera lane following,135.500,-0.153125,0.750000,0,,NONE,0.000000,3.413455,5.786544
13.536,FOLLOW_LANE,camera lane following,136.500,-0.146875,0.750000,0,,NONE,0.000000,3.439924,5.760076
13.568,FOLLOW_LANE,camera lane following,154.500,-0.034375,0.750000,0,,NONE,0.000000,4.605527,4.594473
13.600,FOLLOW_LANE,camera lane following,154.500,-0.034375,0.750000,0,,NONE,0.000000,4.324255,4.875745
13.632,FOLLOW_LANE,camera lane following,154.500,-0.034375,0.750000,0,,NONE,0.000000,4.324233,4.875767
13.664,FOLLOW_LANE,camera lane following,155.500,-0.028125,0.750000,0,,NONE,0.000000,4.389840,4.810160
13.696,FOLLOW_LANE,camera lane following,155.500,-0.028125,0.750000,0,,NONE,0.000000,4.374197,4.825803
13.728,FOLLOW_LANE,camera lane following,156.000,-0.025000,0.750000,0,,NONE,0.000000,4.406993,4.793006
13.760,FOLLOW_LANE,camera lane following,156.000,-0.025000,0.750000,0,,NONE,0.000000,4.399165,4.800835
13.792,FOLLOW_LANE,camera lane following,156.500,-0.021875,0.750000,0,,NONE,0.000000,4.431963,4.768037
13.824,FOLLOW_LANE,camera lane following,156.500,-0.021875,0.750000,0,,NONE,0.000000,4.424137,4.775863
13.856,FOLLOW_LANE,camera lane following,157.000,-0.018750,0.750000,0,,NONE,0.000000,4.456937,4.743062
13.888,FOLLOW_LANE,camera lane following,157.500,-0.015625,0.750000,0,,NONE,0.000000,4.481927,4.718072
13.920,FOLLOW_LANE,camera lane following,157.500,-0.015625,0.750000,0,,NONE,0.000000,4.474105,4.725895
13.952,FOLLOW_LANE,camera lane following,158.000,-0.012500,0.750000,0,,NONE,0.000000,4.506909,4.693090
13.984,FOLLOW_LANE,camera lane following,159.000,-0.006250,0.750000,0,,NONE,0.000000,4.564718,4.635282
14.016,FOLLOW_LANE,camera lane following,159.500,-0.003125,0.750000,0,,NONE,0.000000,4.614718,4.585282
14.048,FOLLOW_LANE,camera lane following,161.000,0.006250,0.750000,0,,NONE,0.000000,4.664722,4.535278
14.080,FOLLOW_LANE,camera lane following,162.500,0.015625,0.750000,0,,NONE,0.000000,4.747545,4.452455
14.112,FOLLOW_LANE,camera lane following,163.000,0.018750,0.750000,0,,NONE,0.000000,4.756931,4.443068
14.144,FOLLOW_LANE,camera lane following,164.000,0.025000,0.750000,0,,NONE,0.000000,4.814760,4.385240
14.176,FOLLOW_LANE,camera lane following,164.500,0.028125,0.750000,0,,NONE,0.000000,4.831965,4.368034
14.208,FOLLOW_LANE,camera lane following,166.500,0.040625,0.750000,0,,NONE,0.000000,4.955429,4.244571
14.240,FOLLOW_LANE,camera lane following,166.500,0.040625,0.750000,0,,NONE,0.000000,4.924205,4.275795
14.272,FOLLOW_LANE,camera lane following,142.500,-0.109375,0.750000,0,,NONE,0.000000,3.349135,5.850865
14.304,FOLLOW_LANE,camera lane following,137.000,-0.143750,0.750000,0,,NONE,0.000000,3.363105,5.836894
14.336,FOLLOW_LANE,camera lane following,137.500,-0.140625,0.750000,0,,NONE,0.000000,3.481765,5.718234
14.368,FOLLOW_LANE,camera lane following,136.500,-0.146875,0.750000,0,,NONE,0.000000,3.408234,5.791766
14.400,FOLLOW_LANE,camera lane following,166.000,0.037500,0.750000,0,,NONE,0.000000,5.359820,3.840179
14.432,FOLLOW_LANE,camera lane following,160.000,0.000000,0.750000,0,,NONE,0.000000,4.505133,4.694867
14.464,FOLLOW_LANE,camera lane following,158.500,-0.009375,0.750000,0,,NONE,0.000000,4.500439,4.699560
14.496,FOLLOW_LANE,camera lane following,158.000,-0.012500,0.750000,0,,NONE,0.000000,4.491057,4.708943
14.528,FOLLOW_LANE,camera lane following,159.000,-0.006250,0.750000,0,,NONE,0.000000,4.564490,4.635510
14.560,FOLLOW_LANE,camera lane following,159.500,-0.003125,0.750000,0,,NONE,0.000000,4.614490,4.585510
14.592,FOLLOW_LANE,camera lane following,155.000,-0.031250,0.750000,0,,NONE,0.000000,4.270720,4.929280
14.624,FOLLOW_LANE,camera lane following,152.500,-0.046875,0.750000,0,,NONE,0.000000,4.184753,5.015247
14.656,FOLLOW_LANE,camera lane following,153.500,-0.040625,0.750000,0,,NONE,0.000000,4.289414,4.910586
14.688,FOLLOW_LANE,camera lane following,154.000,-0.037500,0.750000,0,,NONE,0.000000,4.306577,4.893422
14.720,FOLLOW_LANE,camera lane following,154.500,-0.034375,0.750000,0,,NONE,0.000000,4.331555,4.868444
14.752,FOLLOW_LANE,camera lane following,155.000,-0.031250,0.750000,0,,NONE,0.000000,4.356535,4.843464
14.784,FOLLOW_LANE,camera lane following,155.500,-0.028125,0.750000,0,,NONE,0.000000,4.381517,4.818483
14.816,FOLLOW_LANE,camera lane following,156.000,-0.025000,0.750000,0,,NONE,0.000000,4.406501,4.793499
14.848,FOLLOW_LANE,camera lane following,157.500,-0.015625,0.750000,0,,NONE,0.000000,4.497116,4.702883
14.880,FOLLOW_LANE,camera lane following,159.500,-0.003125,0.750000,0,,NONE,0.000000,4.637741,4.562258
14.912,FOLLOW_LANE,camera lane following,159.500,-0.003125,0.750000,0,,NONE,0.000000,4.598679,4.601321
14.944,FOLLOW_LANE,camera lane following,160.500,0.003125,0.750000,0,,NONE,0.000000,4.598679,4.601321
14.976,FOLLOW_LANE,camera lane following,161.000,0.006250,0.750000,0,,NONE,0.000000,4.664308,4.535692
15.008,FOLLOW_LANE,camera lane following,161.500,0.009375,0.750000,0,,NONE,0.000000,4.681501,4.518498
15.040,FOLLOW_LANE,camera lane following,164.000,0.025000,0.750000,0,,NONE,0.000000,4.837767,4.362232
15.072,FOLLOW_LANE,camera lane following,165.500,0.034375,0.750000,0,,NONE,0.000000,4.897164,4.302835
15.104,FOLLOW_LANE,camera lane following,154.000,-0.037500,0.750000,0,,NONE,0.000000,4.119015,5.080984
15.136,FOLLOW_LANE,camera lane following,137.000,-0.143750,0.750000,0,,NONE,0.000000,3.182986,6.017014
15.168,FOLLOW_LANE,camera lane following,138.000,-0.137500,0.750000,0,,NONE,0.000000,3.514148,5.685852
15.200,FOLLOW_LANE,camera lane following,138.000,-0.137500,0.750000,0,,NONE,0.000000,3.498435,5.701565
15.232,FOLLOW_LANE,camera lane following,161.000,0.006250,0.750000,0,,NONE,0.000000,5.007814,4.192186
15.264,FOLLOW_LANE,camera lane following,157.000,-0.018750,0.750000,0,,NONE,0.000000,4.385927,4.814073
15.296,FOLLOW_LANE,camera lane following,155.500,-0.028125,0.750000,0,,NONE,0.000000,4.349971,4.850028
15.328,FOLLOW_LANE,camera lane following,154.000,-0.037500,0.750000,0,,NONE,0.000000,4.274947,4.925052
15.360,FOLLOW_LANE,camera lane following,156.000,-0.025000,0.750000,0,,NONE,0.000000,4.429619,4.770381
15.392,FOLLOW_LANE,camera lane following,156.000,-0.025000,0.750000,0,,NONE,0.000000,4.398353,4.801647
15.424,FOLLOW_LANE,camera lane following,154.000,-0.037500,0.750000,0,,NONE,0.000000,4.267079,4.932921
15.456,FOLLOW_LANE,camera lane following,152.000,-0.050000,0.750000,0,,NONE,0.000000,4.167047,5.032953
15.488,FOLLOW_LANE,camera lane following,152.500,-0.046875,0.750000,0,,NONE,0.000000,4.231079,4.968920
15.520,FOLLOW_LANE,camera lane following,153.000,-0.043750,0.750000,0,,NONE,0.000000,4.256051,4.943948
15.552,FOLLOW_LANE,camera lane following,153.000,-0.043750,0.750000,0,,NONE,0.000000,4.248211,4.951789
15.584,FOLLOW_LANE,camera lane following,154.000,-0.037500,0.750000,0,,NONE,0.000000,4.313812,4.886188
15.616,FOLLOW_LANE,camera lane following,155.000,-0.031250,0.750000,0,,NONE,0.000000,4.363792,4.836208
15.648,FOLLOW_LANE,camera lane following,155.250,-0.029687,0.750000,0,,NONE,0.000000,4.364554,4.835446
15.680,FOLLOW_LANE,camera lane following,155.750,-0.026562,0.750000,0,,NONE,0.000000,4.393444,4.806556
15.712,FOLLOW_LANE,camera lane following,156.500,-0.021875,0.750000,0,,NONE,0.000000,4.434836,4.765164
15.744,FOLLOW_LANE,camera lane following,157.000,-0.018750,0.750000,0,,NONE,0.000000,4.455917,4.744082
15.776,FOLLOW_LANE,camera lane following,158.000,-0.012500,0.750000,0,,NONE,0.000000,4.513722,4.686278
15.808,FOLLOW_LANE,camera lane following,159.000,-0.006250,0.750000,0,,NONE,0.000000,4.563718,4.636282
15.840,FOLLOW_LANE,camera lane following,161.000,0.006250,0.750000,0,,NONE,0.000000,4.679347,4.520653
15.872,FOLLOW_LANE,camera lane following,162.500,0.015625,0.750000,0,,NONE,0.000000,4.746544,4.453455
15.904,FOLLOW_LANE,camera lane following,164.500,0.028125,0.750000,0,,NONE,0.000000,4.854375,4.345625
15.936,FOLLOW_LANE,camera lane following,164.000,0.025000,0.750000,0,,NONE,0.000000,4.790328,4.409671
15.968,FOLLOW_LANE,camera lane following,140.500,-0.121875,0.750000,0,,NONE,0.000000,3.255875,5.944124
16.000,FOLLOW_LANE,camera lane following,137.500,-0.140625,0.750000,0,,NONE,0.000000,3.426098,5.773902
16.032,FOLLOW_LANE,camera lane following,138.500,-0.134375,0.750000,0,,NONE,0.000000,3.538512,5.661488
16.064,FOLLOW_LANE,camera lane following,155.000,-0.031250,0.750000,0,,NONE,0.000000,4.605679,4.594320
16.096,FOLLOW_LANE,camera lane following,153.500,-0.040625,0.750000,0,,NONE,0.000000,4.249403,4.950596
16.128,FOLLOW_LANE,camera lane following,152.500,-0.046875,0.750000,0,,NONE,0.000000,4.207186,4.992814
16.160,FOLLOW_LANE,camera lane following,152.000,-0.050000,0.750000,0,,NONE,0.000000,4.189966,5.010033
16.192,FOLLOW_LANE,camera lane following,153.500,-0.040625,0.750000,0,,NONE,0.000000,4.296190,4.903809
16.224,FOLLOW_LANE,camera lane following,154.000,-0.037500,0.750000,0,,NONE,0.000000,4.305541,4.894458
16.256,FOLLOW_LANE,camera lane following,153.500,-0.040625,0.750000,0,,NONE,0.000000,4.264890,4.935109
16.288,FOLLOW_LANE,camera lane following,152.000,-0.050000,0.750000,0,,NONE,0.000000,4.174233,5.025766
16.320,FOLLOW_LANE,camera lane following,152.500,-0.046875,0.750000,0,,NONE,0.000000,4.230453,4.969546
16.352,FOLLOW_LANE,camera lane following,152.500,-0.046875,0.750000,0,,NONE,0.000000,4.222611,4.977389
16.384,FOLLOW_LANE,camera lane following,153.000,-0.043750,0.750000,0,,NONE,0.000000,4.255395,4.944604
16.416,FOLLOW_LANE,camera lane following,153.500,-0.040625,0.750000,0,,NONE,0.000000,4.280369,4.919630
16.448,FOLLOW_LANE,camera lane following,153.500,-0.040625,0.750000,0,,NONE,0.000000,4.272531,4.927469
16.480,FOLLOW_LANE,camera lane following,155.250,-0.029687,0.750000,0,,NONE,0.000000,4.387356,4.812644
16.512,FOLLOW_LANE,camera lane following,156.500,-0.021875,0.750000,0,,NONE,0.000000,4.442029,4.757971
16.544,FOLLOW_LANE,camera lane following,157.000,-0.018750,0.750000,0,,NONE,0.000000,4.455298,4.744701
16.576,FOLLOW_LANE,camera lane following,157.500,-0.015625,0.750000,0,,NONE,0.000000,4.480288,4.719711
16.608,FOLLOW_LANE,camera lane following,158.000,-0.012500,0.750000,0,,NONE,0.000000,4.505280,4.694719
16.640,FOLLOW_LANE,camera lane following,159.000,-0.006250,0.750000,0,,NONE,0.000000,4.563089,4.636911
16.672,FOLLOW_LANE,camera lane following,160.500,0.003125,0.750000,0,,NONE,0.000000,4.613089,4.586911
16.704,FOLLOW_LANE,camera lane following,162.500,0.015625,0.750000,0,,NONE,0.000000,4.761537,4.438463
16.736,FOLLOW_LANE,camera lane following,164.500,0.028125,0.750000,0,,NONE,0.000000,4.853742,4.346258
16.768,FOLLOW_LANE,camera lane following,165.500,0.034375,0.750000,0,,NONE,0.000000,4.888139,4.311861
16.800,FOLLOW_LANE,camera lane following,143.750,-0.101562,0.750000,0,,NONE,0.000000,3.445105,5.754895
16.832,FOLLOW_LANE,camera lane following,137.000,-0.143750,0.750000,0,,NONE,0.000000,3.341888,5.858112
16.864,FOLLOW_LANE,camera lane following,138.500,-0.134375,0.750000,0,,NONE,0.000000,3.545708,5.654291
16.896,FOLLOW_LANE,camera lane following,153.500,-0.040625,0.750000,0,,NONE,0.000000,4.506620,4.693380
16.928,FOLLOW_LANE,camera lane following,152.000,-0.050000,0.750000,0,,NONE,0.000000,4.173775,5.026224
16.960,FOLLOW_LANE,camera lane following,152.000,-0.050000,0.750000,0,,NONE,0.000000,4.197181,5.002819
16.992,FOLLOW_LANE,camera lane following,151.500,-0.053125,0.750000,0,,NONE,0.000000,4.164334,5.035665
17.024,FOLLOW_LANE,camera lane following,153.000,-0.043750,0.750000,0,,NONE,0.000000,4.270556,4.929443
17.056,FOLLOW_LANE,camera lane following,154.000,-0.037500,0.750000,0,,NONE,0.000000,4.312720,4.887280
17.088,FOLLOW_LANE,camera lane following,153.500,-0.040625,0.750000,0,,NONE,0.000000,4.264256,4.935744
17.120,FOLLOW_LANE,camera lane following,152.000,-0.050000,0.750000,0,,NONE,0.000000,4.173599,5.026400
17.152,FOLLOW_LANE,camera lane following,153.000,-0.043750,0.750000,0,,NONE,0.000000,4.262634,4.937366
17.184,FOLLOW_LANE,camera lane following,153.000,-0.043750,0.750000,0,,NONE,0.000000,4.246981,4.953019
17.216,FOLLOW_LANE,camera lane following,153.500,-0.040625,0.750000,0,,NONE,0.000000,4.279767,4.920233
17.248,FOLLOW_LANE,camera lane following,154.000,-0.037500,0.750000,0,,NONE,0.000000,4.304743,4.895256
17.280,FOLLOW_LANE,camera lane following,155.000,-0.031250,0.750000,0,,NONE,0.000000,4.362536,4.837464
17.312,FOLLOW_LANE,camera lane following,155.500,-0.028125,0.750000,0,,NONE,0.000000,4.379706,4.820294
17.344,FOLLOW_LANE,camera lane following,156.000,-0.025000,0.750000,0,,NONE,0.000000,4.404689,4.795310
17.376,FOLLOW_LANE,camera lane following,157.000,-0.018750,0.750000,0,,NONE,0.000000,4.462490,4.737510
17.408,FOLLOW_LANE,camera lane following,157.500,-0.015625,0.750000,0,,NONE,0.000000,4.479667,4.720332
17.440,FOLLOW_LANE,camera lane following,158.500,-0.009375,0.750000,0,,NONE,0.000000,4.537474,4.662526
17.472,FOLLOW_LANE,camera lane following,159.500,-0.003125,0.750000,0,,NONE,0.000000,4.620286,4.579713
17.504,FOLLOW_LANE,camera lane following,160.500,0.003125,0.750000,0,,NONE,0.000000,4.596849,4.603151
17.536,FOLLOW_LANE,camera lane following,162.500,0.015625,0.750000,0,,NONE,0.000000,4.760921,4.439078
17.568,FOLLOW_LANE,camera lane following,164.500,0.028125,0.750000,0,,NONE,0.000000,4.853127,4.346873
17.600,FOLLOW_LANE,camera lane following,166.000,0.037500,0.750000,0,,NONE,0.000000,4.920338,4.279661
17.632,FOLLOW_LANE,camera lane following,147.500,-0.078125,0.750000,0,,NONE,0.000000,3.682788,5.517211
17.664,FOLLOW_LANE,camera lane following,137.750,-0.139063,0.750000,0,,NONE,0.000000,3.331918,5.868082
17.696,FOLLOW_LANE,camera lane following,138.250,-0.135937,0.750000,0,,NONE,0.000000,3.516987,5.683012
17.728,FOLLOW_LANE,camera lane following,146.000,-0.087500,0.750000,0,,NONE,0.000000,4.017713,5.182287
17.760,FOLLOW_LANE,camera lane following,154.000,-0.037500,0.750000,0,,NONE,0.000000,4.421595,4.778405
17.792,FOLLOW_LANE,camera lane following,153.000,-0.043750,0.750000,0,,NONE,0.000000,4.230942,4.969058
17.824,FOLLOW_LANE,camera lane following,152.500,-0.046875,0.750000,0,,NONE,0.000000,4.213724,4.986275
17.856,FOLLOW_LANE,camera lane following,153.500,-0.040625,0.750000,0,,NONE,0.000000,4.287136,4.912864
17.888,FOLLOW_LANE,camera lane following,154.500,-0.034375,0.750000,0,,NONE,0.000000,4.337114,4.862886
17.920,FOLLOW_LANE,camera lane following,154.500,-0.034375,0.750000,0,,NONE,0.000000,4.321467,4.878533
17.952,FOLLOW_LANE,camera lane following,152.500,-0.046875,0.750000,0,,NONE,0.000000,4.190187,5.009813
17.984,FOLLOW_LANE,camera lane following,153.500,-0.040625,0.750000,0,,NONE,0.000000,4.287036,4.912964
18.016,FOLLOW_LANE,camera lane following,154.000,-0.037500,0.750000,0,,NONE,0.000000,4.304199,4.895800
18.048,FOLLOW_LANE,camera lane following,154.500,-0.034375,0.750000,0,,NONE,0.000000,4.329177,4.870823
18.080,FOLLOW_LANE,camera lane following,154.500,-0.034375,0.750000,0,,NONE,0.000000,4.321343,4.878657
18.112,FOLLOW_LANE,camera lane following,155.000,-0.031250,0.750000,0,,NONE,0.000000,4.354135,4.845864
18.144,FOLLOW_LANE,camera lane following,156.000,-0.025000,0.750000,0,,NONE,0.000000,4.411932,4.788068
18.176,FOLLOW_LANE,camera lane following,156.500,-0.021875,0.750000,0,,NONE,0.000000,4.429105,4.770894
18.208,FOLLOW_LANE,camera lane following,157.000,-0.018750,0.750000,0,,NONE,0.000000,4.454093,4.745906
18.240,FOLLOW_LANE,camera lane following,157.500,-0.015625,0.750000,0,,NONE,0.000000,4.479083,4.720916
18.272,FOLLOW_LANE,camera lane following,158.000,-0.012500,0.750000,0,,NONE,0.000000,4.504075,4.695924
18.304,FOLLOW_LANE,camera lane following,159.000,-0.006250,0.750000,0,,NONE,0.000000,4.561884,4.638116
18.336,FOLLOW_LANE,camera lane following,160.500,0.003125,0.750000,0,,NONE,0.000000,4.611884,4.588116
18.368,FOLLOW_LANE,camera lane following,162.000,0.012500,0.750000,0,,NONE,0.000000,4.727517,4.472483
18.400,FOLLOW_LANE,camera lane following,164.000,0.025000,0.750000,0,,NONE,0.000000,4.827533,4.372467
18.432,FOLLOW_LANE,camera lane following,166.000,0.037500,0.750000,0,,NONE,0.000000,4.927557,4.272443
18.464,FOLLOW_LANE,camera lane following,161.250,0.007812,0.750000,0,,NONE,0.000000,4.584593,4.615407
18.496,FOLLOW_LANE,camera lane following,137.000,-0.143750,0.750000,0,,NONE,0.000000,3.067314,6.132686
18.528,FOLLOW_LANE,camera lane following,137.750,-0.139063,0.750000,0,,NONE,0.000000,3.495350,5.704650
18.560,FOLLOW_LANE,camera lane following,122.500,-0.234375,0.750000,0,,NONE,0.000000,2.482700,6.280000
18.592,FOLLOW_LANE,camera lane following,153.000,-0.043750,0.750000,0,,NONE,0.000000,4.722515,4.477485
18.624,FOLLOW_LANE,camera lane following,150.500,-0.059375,0.750000,0,,NONE,0.000000,4.081853,5.118147
18.656,FOLLOW_LANE,camera lane following,151.000,-0.056250,0.750000,0,,NONE,0.000000,4.153691,5.046308
18.688,FOLLOW_LANE,camera lane following,152.000,-0.050000,0.750000,0,,NONE,0.000000,4.211472,4.988528
18.720,FOLLOW_LANE,camera lane following,154.000,-0.037500,0.750000,0,,NONE,0.000000,4.327073,4.872927
18.752,FOLLOW_LANE,camera lane following,154.500,-0.034375,0.750000,0,,NONE,0.000000,4.328613,4.871386
18.784,FOLLOW_LANE,camera lane following,152.500,-0.046875,0.750000,0,,NONE,0.000000,4.189521,5.010479
18.816,FOLLOW_LANE,camera lane following,153.000,-0.043750,0.750000,0,,NONE,0.000000,4.253556,4.946444
18.848,FOLLOW_LANE,camera lane following,153.500,-0.040625,0.750000,0,,NONE,0.000000,4.278529,4.921470
18.880,FOLLOW_LANE,camera lane following,154.000,-0.037500,0.750000,0,,NONE,0.000000,4.303505,4.896494
18.912,FOLLOW_LANE,camera lane following,154.000,-0.037500,0.750000,0,,NONE,0.000000,4.295669,4.904331
18.944,FOLLOW_LANE,camera lane following,155.000,-0.031250,0.750000,0,,NONE,0.000000,4.361274,4.838726
18.976,FOLLOW_LANE,camera lane following,155.000,-0.031250,0.750000,0,,NONE,0.000000,4.345629,4.854371
19.008,FOLLOW_LANE,camera lane following,155.500,-0.028125,0.750000,0,,NONE,0.000000,4.378423,4.821576
19.040,FOLLOW_LANE,camera lane following,156.000,-0.025000,0.750000,0,,NONE,0.000000,4.403407,4.796593
19.072,FOLLOW_LANE,camera lane following,157.000,-0.018750,0.750000,0,,NONE,0.000000,4.461208,4.738792
19.104,FOLLOW_LANE,camera lane following,158.000,-0.012500,0.750000,0,,NONE,0.000000,4.511200,4.688800
19.136,FOLLOW_LANE,camera lane following,158.500,-0.009375,0.750000,0,,NONE,0.000000,4.528382,4.671618
19.168,FOLLOW_LANE,camera lane following,160.000,0.000000,0.750000,0,,NONE,0.000000,4.619006,4.580993
19.200,FOLLOW_LANE,camera lane following,162.000,0.012500,0.750000,0,,NONE,0.000000,4.726827,4.473173
19.232,FOLLOW_LANE,camera lane following,164.000,0.025000,0.750000,0,,NONE,0.000000,4.826843,4.373157
19.264,FOLLOW_LANE,camera lane following,165.000,0.031250,0.750000,0,,NONE,0.000000,4.861238,4.338762
19.296,FOLLOW_LANE,camera lane following,144.500,-0.096875,0.750000,0,,NONE,0.000000,3.500238,5.699761
19.328,FOLLOW_LANE,camera lane following,138.250,-0.135937,0.750000,0,,NONE,0.000000,3.410308,5.789692
19.360,FOLLOW_LANE,camera lane following,137.500,-0.140625,0.750000,0,,NONE,0.000000,3.458655,5.741345
19.392,FOLLOW_LANE,camera lane following,138.500,-0.134375,0.750000,0,,NONE,0.000000,3.535913,5.664087
19.424,FOLLOW_LANE,camera lane following,159.500,-0.003125,0.750000,0,,NONE,0.000000,4.931226,4.268774
19.456,FOLLOW_LANE,camera lane following,155.500,-0.028125,0.750000,0,,NONE,0.000000,4.299957,4.900042
19.488,FOLLOW_LANE,camera lane following,155.500,-0.028125,0.750000,0,,NONE,0.000000,4.370252,4.829748
19.520,FOLLOW_LANE,camera lane following,154.500,-0.034375,0.750000,0,,NONE,0.000000,4.304605,4.895395
19.552,FOLLOW_LANE,camera lane following,156.500,-0.021875,0.750000,0,,NONE,0.000000,4.451466,4.748534
19.584,FOLLOW_LANE,camera lane following,156.500,-0.021875,0.750000,0,,NONE,0.000000,4.420202,4.779798
19.616,FOLLOW_LANE,camera lane following,153.000,-0.043750,0.750000,0,,NONE,0.000000,4.190486,5.009513
19.648,FOLLOW_LANE,camera lane following,152.000,-0.050000,0.750000,0,,NONE,0.000000,4.179517,5.020483
19.680,FOLLOW_LANE,camera lane following,152.500,-0.046875,0.750000,0,,NONE,0.000000,4.227924,4.972075
19.712,FOLLOW_LANE,camera lane following,153.000,-0.043750,0.750000,0,,NONE,0.000000,4.252896,4.947103
19.744,FOLLOW_LANE,camera lane following,153.000,-0.043750,0.750000,0,,NONE,0.000000,4.245056,4.954944
19.776,FOLLOW_LANE,camera lane following,153.500,-0.040625,0.750000,0,,NONE,0.000000,4.277842,4.922157
19.808,FOLLOW_LANE,camera lane following,154.500,-0.034375,0.750000,0,,NONE,0.000000,4.335633,4.864367
19.840,FOLLOW_LANE,camera lane following,155.500,-0.028125,0.750000,0,,NONE,0.000000,4.385615,4.814385
19.872,FOLLOW_LANE,camera lane following,156.500,-0.021875,0.750000,0,,NONE,0.000000,4.435601,4.764399
19.904,FOLLOW_LANE,camera lane following,157.000,-0.018750,0.750000,0,,NONE,0.000000,4.452776,4.747223
19.936,FOLLOW_LANE,camera lane following,158.500,-0.009375,0.750000,0,,NONE,0.000000,4.543395,4.656604
19.968,FOLLOW_LANE,camera lane following,159.500,-0.003125,0.750000,0,,NONE,0.000000,4.618395,4.581605
20.000,FOLLOW_LANE,camera lane following,161.000,0.006250,0.750000,0,,NONE,0.000000,4.660587,4.539413
20.032,FOLLOW_LANE,camera lane following,162.500,0.015625,0.750000,0,,NONE,0.000000,4.743409,4.456590
20.064,FOLLOW_LANE,camera lane following,164.000,0.025000,0.750000,0,,NONE,0.000000,4.818426,4.381574
20.096,FOLLOW_LANE,camera lane following,155.500,-0.028125,0.750000,0,,NONE,0.000000,4.237157,4.962842
20.128,FOLLOW_LANE,camera lane following,135.500,-0.153125,0.750000,0,,NONE,0.000000,3.057372,6.142628
20.160,FOLLOW_LANE,camera lane following,137.500,-0.140625,0.750000,0,,NONE,0.000000,3.501032,5.698968
20.192,FOLLOW_LANE,camera lane following,137.000,-0.143750,0.750000,0,,NONE,0.000000,3.436877,5.763122
20.224,FOLLOW_LANE,camera lane following,137.000,-0.143750,0.750000,0,,NONE,0.000000,3.444598,5.755402
20.256,FOLLOW_LANE,camera lane following,138.000,-0.137500,0.750000,0,,NONE,0.000000,3.510135,5.689865
20.288,FOLLOW_LANE,camera lane following,140.000,-0.125000,0.750000,0,,NONE,0.000000,3.625680,5.574320
20.320,FOLLOW_LANE,camera lane following,143.000,-0.106250,0.750000,0,,NONE,0.000000,3.791237,5.408763
20.352,FOLLOW_LANE,camera lane following,146.500,-0.084375,0.750000,0,,NONE,0.000000,3.973995,5.226005
20.384,FOLLOW_LANE,camera lane following,148.500,-0.071875,0.750000,0,,NONE,0.000000,4.050512,5.149488
20.416,FOLLOW_LANE,camera lane following,151.500,-0.053125,0.750000,0,,NONE,0.000000,4.216103,4.983897
20.448,FOLLOW_LANE,camera lane following,152.000,-0.050000,0.750000,0,,NONE,0.000000,4.202008,4.997991
20.480,FOLLOW_LANE,camera lane following,153.000,-0.043750,0.750000,0,,NONE,0.000000,4.259793,4.940207
20.512,FOLLOW_LANE,camera lane following,155.000,-0.031250,0.750000,0,,NONE,0.000000,4.375398,4.824602
20.544,FOLLOW_LANE,camera lane following,155.000,-0.031250,0.750000,0,,NONE,0.000000,4.344128,4.855872
20.576,FOLLOW_LANE,camera lane following,155.500,-0.028125,0.750000,0,,NONE,0.000000,4.376923,4.823077
20.608,FOLLOW_LANE,camera lane following,155.750,-0.026562,0.750000,0,,NONE,0.000000,4.385499,4.814501
20.640,FOLLOW_LANE,camera lane following,156.500,-0.021875,0.750000,0,,NONE,0.000000,4.430798,4.769202
20.672,FOLLOW_LANE,camera lane following,156.500,-0.021875,0.750000,0,,NONE,0.000000,4.419065,4.780935
20.704,FOLLOW_LANE,camera lane following,157.000,-0.018750,0.750000,0,,NONE,0.000000,4.451865,4.748134
20.736,FOLLOW_LANE,camera lane following,145.000,-0.093750,0.750000,0,,NONE,0.000000,3.656493,5.543507
20.768,FOLLOW_LANE,camera lane following,154.250,-0.035937,0.750000,0,,NONE,0.000000,4.451001,4.748999
20.800,FOLLOW_LANE,camera lane following,142.000,-0.112500,0.750000,0,,NONE,0.000000,3.502492,5.697508
20.832,FOLLOW_LANE,camera lane following,138.750,-0.132812,0.750000,0,,NONE,0.000000,3.480532,5.719468
20.864,FOLLOW_LANE,camera lane following,139.750,-0.126562,0.750000,0,,NONE,0.000000,3.596857,5.603143
20.896,FOLLOW_LANE,camera lane following,142.000,-0.112500,0.750000,0,,NONE,0.000000,3.728816,5.471184
20.928,FOLLOW_LANE,camera lane following,143.250,-0.104688,0.750000,0,,NONE,0.000000,3.775624,5.424376
20.960,FOLLOW_LANE,camera lane following,138.500,-0.134375,0.750000,0,,NONE,0.000000,3.444288,5.755712
20.992,FOLLOW_LANE,camera lane following,142.000,-0.112500,0.750000,0,,NONE,0.000000,3.748122,5.451878
21.024,FOLLOW_LANE,camera lane following,133.000,-0.168750,0.750000,0,,NONE,0.000000,3.102702,6.097298
21.056,FOLLOW_LANE,camera lane following,111.500,-0.303125,0.891335,0,,NONE,0.000000,1.832195,6.280000
21.088,FOLLOW_LANE,camera lane following,114.500,-0.284375,0.898438,0,,NONE,0.000000,2.364826,6.280000
21.120,FOLLOW_LANE,camera lane following,112.000,-0.300000,0.887784,0,,NONE,0.000000,2.153696,6.280000
21.152,FOLLOW_LANE,camera lane following,111.500,-0.303125,0.891335,0,,NONE,0.000000,2.159752,6.280000
21.184,FOLLOW_LANE,camera lane following,114.500,-0.284375,0.919744,0,,NONE,0.000000,2.364258,6.280000
21.216,FOLLOW_LANE,camera lane following,118.000,-0.262500,0.916193,0,,NONE,0.000000,2.546902,6.280000
21.248,FOLLOW_LANE,camera lane following,119.500,-0.253125,0.877131,0,,NONE,0.000000,2.590490,6.280000
21.280,FOLLOW_LANE,camera lane following,128.500,-0.196875,0.813210,0,,NONE,0.000000,3.157552,6.042448
21.312,FOLLOW_LANE,camera lane following,144.500,-0.096875,0.750000,0,,NONE,0.000000,4.066865,5.133135
21.344,FOLLOW_LANE,camera lane following,147.500,-0.078125,0.750000,0,,NONE,0.000000,4.013690,5.186310
21.376,FOLLOW_LANE,camera lane following,151.500,-0.053125,0.750000,0,,NONE,0.000000,4.229281,4.970719
21.408,FOLLOW_LANE,camera lane following,154.000,-0.037500,0.750000,0,,NONE,0.000000,4.330819,4.869180
21.440,FOLLOW_LANE,camera lane following,155.000,-0.031250,0.750000,0,,NONE,0.000000,4.357362,4.842638
21.472,FOLLOW_LANE,camera lane following,156.000,-0.025000,0.750000,0,,NONE,0.000000,4.407346,4.792654
21.504,FOLLOW_LANE,camera lane following,157.000,-0.018750,0.750000,0,,NONE,0.000000,4.457334,4.742666
21.536,FOLLOW_LANE,camera lane following,157.500,-0.015625,0.750000,0,,NONE,0.000000,4.474511,4.725488
21.568,FOLLOW_LANE,camera lane following,158.000,-0.012500,0.750000,0,,NONE,0.000000,4.499503,4.700496
21.600,FOLLOW_LANE,camera lane following,158.500,-0.009375,0.750000,0,,NONE,0.000000,4.524497,4.675502
21.632,FOLLOW_LANE,camera lane following,159.000,-0.006250,0.750000,0,,NONE,0.000000,4.549493,4.650506
21.664,FOLLOW_LANE,camera lane following,159.000,-0.006250,0.750000,0,,NONE,0.000000,4.541677,4.658323
21.696,FOLLOW_LANE,camera lane following,159.500,-0.003125,0.750000,0,,NONE,0.000000,4.607302,4.592698
21.728,FOLLOW_LANE,camera lane following,159.500,-0.003125,0.750000,0,,NONE,0.000000,4.591677,4.608323
21.760,FOLLOW_LANE,camera lane following,160.000,0.000000,0.750000,0,,NONE,0.000000,4.591677,4.608323
21.792,FOLLOW_LANE,camera lane following,160.000,0.000000,0.750000,0,,NONE,0.000000,4.591677,4.608323
21.824,FOLLOW_LANE,camera lane following,160.000,0.000000,0.750000,0,,NONE,0.000000,4.591677,4.608323
21.856,FOLLOW_LANE,camera lane following,160.500,0.003125,0.750000,0,,NONE,0.000000,4.591677,4.608323
21.888,FOLLOW_LANE,camera lane following,161.000,0.006250,0.750000,0,,NONE,0.000000,4.657306,4.542694
21.920,FOLLOW_LANE,camera lane following,161.500,0.009375,0.750000,0,,NONE,0.000000,4.674499,4.525500
21.952,FOLLOW_LANE,camera lane following,162.000,0.012500,0.750000,0,,NONE,0.000000,4.699507,4.500493
21.984,FOLLOW_LANE,camera lane following,163.000,0.018750,0.750000,0,,NONE,0.000000,4.757332,4.442668
22.016,FOLLOW_LANE,camera lane following,164.500,0.028125,0.750000,0,,NONE,0.000000,4.840162,4.359837
22.048,FOLLOW_LANE,camera lane following,166.500,0.040625,0.750000,0,,NONE,0.000000,4.948001,4.251999
22.080,FOLLOW_LANE,camera lane following,168.000,0.050000,0.750000,0,,NONE,0.000000,5.015220,4.184779
22.112,FOLLOW_LANE,camera lane following,168.500,0.053125,0.750000,0,,NONE,0.000000,5.024629,4.175370
22.144,FOLLOW_LANE,camera lane following,168.500,0.053125,0.750000,0,,NONE,0.000000,5.016851,4.183149
22.176,FOLLOW_LANE,camera lane following,168.500,0.053125,0.750000,0,,NONE,0.000000,5.016885,4.183115
22.208,FOLLOW_LANE,camera lane following,168.000,0.050000,0.750000,0,,NONE,0.000000,4.984104,4.215895
22.240,FOLLOW_LANE,camera lane following,168.000,0.050000,0.750000,0,,NONE,0.000000,4.991949,4.208051
22.272,FOLLOW_LANE,camera lane following,167.500,0.046875,0.750000,0,,NONE,0.000000,4.959166,4.240833
22.304,FOLLOW_LANE,camera lane following,167.500,0.046875,0.750000,0,,NONE,0.000000,4.967009,4.232991
22.336,FOLLOW_LANE,camera lane following,167.000,0.043750,0.750000,0,,NONE,0.000000,4.934225,4.265775
22.368,FOLLOW_LANE,camera lane following,167.000,0.043750,0.750000,0,,NONE,0.000000,4.942065,4.257935
22.400,FOLLOW_LANE,camera lane following,166.500,0.040625,0.750000,0,,NONE,0.000000,4.909278,4.290722
22.432,FOLLOW_LANE,camera lane following,166.500,0.040625,0.750000,0,,NONE,0.000000,4.917117,4.282883
22.464,FOLLOW_LANE,camera lane following,166.000,0.037500,0.750000,0,,NONE,0.000000,4.884328,4.315671
22.496,FOLLOW_LANE,camera lane following,165.500,0.034375,0.750000,0,,NONE,0.000000,4.859350,4.340649
22.528,FOLLOW_LANE,camera lane following,165.500,0.034375,0.750000,0,,NONE,0.000000,4.867185,4.332815
22.560,FOLLOW_LANE,camera lane following,165.500,0.034375,0.750000,0,,NONE,0.000000,4.867207,4.332793
22.592,FOLLOW_LANE,camera lane following,165.000,0.031250,0.750000,0,,NONE,0.000000,4.834414,4.365585
22.624,FOLLOW_LANE,camera lane following,165.000,0.031250,0.750000,0,,NONE,0.000000,4.842247,4.357753
22.656,FOLLOW_LANE,camera lane following,165.000,0.031250,0.750000,0,,NONE,0.000000,4.842267,4.357733
22.688,FOLLOW_LANE,camera lane following,164.500,0.028125,0.750000,0,,NONE,0.000000,4.809473,4.390527
22.720,FOLLOW_LANE,camera lane following,164.000,0.025000,0.750000,0,,NONE,0.000000,4.784488,4.415512
22.752,FOLLOW_LANE,camera lane following,163.500,0.021875,0.750000,0,,NONE,0.000000,4.759502,4.440497
22.784,FOLLOW_LANE,camera lane following,162.500,0.015625,0.750000,0,,NONE,0.000000,4.701700,4.498300
22.816,FOLLOW_LANE,camera lane following,162.000,0.012500,0.750000,0,,NONE,0.000000,4.684520,4.515479
22.848,FOLLOW_LANE,camera lane following,162.000,0.012500,0.750000,0,,NONE,0.000000,4.692341,4.507659
22.880,FOLLOW_LANE,camera lane following,161.500,0.009375,0.750000,0,,NONE,0.000000,4.659534,4.540465
22.912,FOLLOW_LANE,camera lane following,160.500,0.003125,0.750000,0,,NONE,0.000000,4.568909,4.631090
22.944,FOLLOW_LANE,camera lane following,160.500,0.003125,0.750000,0,,NONE,0.000000,4.592347,4.607653
22.976,FOLLOW_LANE,camera lane following,160.000,0.000000,0.750000,0,,NONE,0.000000,4.592347,4.607653
23.008,FOLLOW_LANE,camera lane following,160.000,0.000000,0.750000,0,,NONE,0.000000,4.592347,4.607653
23.040,FOLLOW_LANE,camera lane following,159.500,-0.003125,0.750000,0,,NONE,0.000000,4.592347,4.607653
23.072,FOLLOW_LANE,camera lane following,159.000,-0.006250,0.750000,0,,NONE,0.000000,4.526718,4.673282
23.104,FOLLOW_LANE,camera lane following,158.500,-0.009375,0.750000,0,,NONE,0.000000,4.509524,4.690475
23.136,FOLLOW_LANE,camera lane following,158.500,-0.009375,0.750000,0,,NONE,0.000000,4.517331,4.682669
23.168,FOLLOW_LANE,camera lane following,158.000,-0.012500,0.750000,0,,NONE,0.000000,4.484510,4.715489
23.200,FOLLOW_LANE,camera lane following,157.500,-0.015625,0.750000,0,,NONE,0.000000,4.459500,4.740499
23.232,FOLLOW_LANE,camera lane following,157.000,-0.018750,0.750000,0,,NONE,0.000000,4.434488,4.765511
23.264,FOLLOW_LANE,camera lane following,156.500,-0.021875,0.750000,0,,NONE,0.000000,4.409474,4.790525
23.296,FOLLOW_LANE,camera lane following,156.500,-0.021875,0.750000,0,,NONE,0.000000,4.417273,4.782727
23.328,FOLLOW_LANE,camera lane following,155.500,-0.028125,0.750000,0,,NONE,0.000000,4.351630,4.848370
23.360,FOLLOW_LANE,camera lane following,155.500,-0.028125,0.750000,0,,NONE,0.000000,4.367237,4.832763
23.392,FOLLOW_LANE,camera lane following,155.000,-0.031250,0.750000,0,,NONE,0.000000,4.334404,4.865595
23.424,FOLLOW_LANE,camera lane following,154.000,-0.037500,0.750000,0,,NONE,0.000000,4.276568,4.923432
23.456,FOLLOW_LANE,camera lane following,154.000,-0.037500,0.750000,0,,NONE,0.000000,4.292169,4.907831
23.488,FOLLOW_LANE,camera lane following,154.000,-0.037500,0.750000,0,,NONE,0.000000,4.292145,4.907855
23.520,FOLLOW_LANE,camera lane following,155.500,-0.028125,0.750000,0,,NONE,0.000000,4.390564,4.809435
23.552,FOLLOW_LANE,camera lane following,154.500,-0.034375,0.750000,0,,NONE,0.000000,4.301480,4.898520
23.584,FOLLOW_LANE,camera lane following,153.500,-0.040625,0.750000,0,,NONE,0.000000,4.251454,4.948546
23.616,FOLLOW_LANE,camera lane following,153.500,-0.040625,0.750000,0,,NONE,0.000000,4.267053,4.932947
23.648,FOLLOW_LANE,camera lane following,154.500,-0.034375,0.750000,0,,NONE,0.000000,4.332656,4.867344
23.680,FOLLOW_LANE,camera lane following,154.500,-0.034375,0.750000,0,,NONE,0.000000,4.317009,4.882991
23.712,FOLLOW_LANE,camera lane following,145.500,-0.090625,0.750000,0,,NONE,0.000000,3.726326,5.473674
23.744,FOLLOW_LANE,camera lane following,144.500,-0.096875,0.750000,0,,NONE,0.000000,3.801264,5.398736
23.776,FOLLOW_LANE,camera lane following,143.500,-0.103125,0.750000,0,,NONE,0.000000,3.751198,5.448802
23.808,FOLLOW_LANE,camera lane following,142.750,-0.107813,0.750000,0,,NONE,0.000000,3.717535,5.482465
23.840,FOLLOW_LANE,camera lane following,142.500,-0.109375,0.750000,0,,NONE,0.000000,3.712778,5.487222
23.872,FOLLOW_LANE,camera lane following,142.500,-0.109375,0.750000,0,,NONE,0.000000,3.716614,5.483386
23.904,FOLLOW_LANE,camera lane following,142.500,-0.109375,0.750000,0,,NONE,0.000000,3.716544,5.483456
23.936,FOLLOW_LANE,camera lane following,143.000,-0.106250,0.750000,0,,NONE,0.000000,3.749288,5.450711
23.968,FOLLOW_LANE,camera lane following,143.000,-0.106250,0.750000,0,,NONE,0.000000,3.741408,5.458592
24.000,FOLLOW_LANE,camera lane following,143.500,-0.103125,0.750000,0,,NONE,0.000000,3.774154,5.425845
24.032,FOLLOW_LANE,camera lane following,144.000,-0.100000,0.750000,0,,NONE,0.000000,3.799090,5.400910
24.064,FOLLOW_LANE,camera lane following,145.500,-0.090625,0.750000,0,,NONE,0.000000,3.889657,5.310342
24.096,FOLLOW_LANE,camera lane following,146.500,-0.084375,0.750000,0,,NONE,0.000000,3.931791,5.268209
24.128,FOLLOW_LANE,camera lane following,147.500,-0.078125,0.750000,0,,NONE,0.000000,3.981741,5.218259
24.160,FOLLOW_LANE,camera lane following,149.000,-0.068750,0.750000,0,,NONE,0.000000,4.064509,5.135490
24.192,FOLLOW_LANE,camera lane following,150.000,-0.062500,0.750000,0,,NONE,0.000000,4.106657,5.093343
24.224,FOLLOW_LANE,camera lane following,151.000,-0.056250,0.750000,0,,NONE,0.000000,4.156621,5.043379
24.256,FOLLOW_LANE,camera lane following,153.000,-0.043750,0.750000,0,,NONE,0.000000,4.272218,4.927782
24.288,FOLLOW_LANE,camera lane following,155.000,-0.031250,0.750000,0,,NONE,0.000000,4.372198,4.827802
24.320,FOLLOW_LANE,camera lane following,155.000,-0.031250,0.750000,0,,NONE,0.000000,4.340928,4.859072
24.352,FOLLOW_LANE,camera lane following,155.000,-0.031250,0.750000,0,,NONE,0.000000,4.340908,4.859092
24.384,FOLLOW_LANE,camera lane following,156.000,-0.025000,0.750000,0,,NONE,0.000000,4.406517,4.793483
24.416,FOLLOW_LANE,camera lane following,156.000,-0.025000,0.750000,0,,NONE,0.000000,4.390876,4.809124
24.448,FOLLOW_LANE,camera lane following,153.500,-0.040625,0.750000,0,,NONE,0.000000,4.226787,4.973212
24.480,FOLLOW_LANE,camera lane following,153.000,-0.043750,0.750000,0,,NONE,0.000000,4.233009,4.966990
24.512,FOLLOW_LANE,camera lane following,152.500,-0.046875,0.750000,0,,NONE,0.000000,4.207979,4.992020
24.544,FOLLOW_LANE,camera lane following,152.000,-0.050000,0.750000,0,,NONE,0.000000,4.182947,5.017053
24.576,FOLLOW_LANE,camera lane following,151.500,-0.053125,0.750000,0,,NONE,0.000000,4.157913,5.042086
24.608,FOLLOW_LANE,camera lane following,151.000,-0.056250,0.750000,0,,NONE,0.000000,4.132877,5.067122
24.640,FOLLOW_LANE,camera lane following,151.000,-0.056250,0.750000,0,,NONE,0.000000,4.140654,5.059346
24.672,FOLLOW_LANE,camera lane following,151.000,-0.056250,0.750000,0,,NONE,0.000000,4.140618,5.059382
24.704,FOLLOW_LANE,camera lane following,151.000,-0.056250,0.750000,0,,NONE,0.000000,4.140582,5.059418
24.736,FOLLOW_LANE,camera lane following,151.500,-0.053125,0.750000,0,,NONE,0.000000,4.173360,5.026639
24.768,FOLLOW_LANE,camera lane following,152.000,-0.050000,0.750000,0,,NONE,0.000000,4.198328,5.001671
24.800,FOLLOW_LANE,camera lane following,152.500,-0.046875,0.750000,0,,NONE,0.000000,4.223298,4.976701
24.832,FOLLOW_LANE,camera lane following,152.500,-0.046875,0.750000,0,,NONE,0.000000,4.215456,4.984544
24.864,FOLLOW_LANE,camera lane following,153.000,-0.043750,0.750000,0,,NONE,0.000000,4.248240,4.951759
24.896,FOLLOW_LANE,camera lane following,153.000,-0.043750,0.750000,0,,NONE,0.000000,4.240400,4.959600
24.928,FOLLOW_LANE,camera lane following,153.500,-0.040625,0.750000,0,,NONE,0.000000,4.273186,4.926813
24.960,FOLLOW_LANE,camera lane following,154.000,-0.037500,0.750000,0,,NONE,0.000000,4.298163,4.901837
24.992,FOLLOW_LANE,camera lane following,155.000,-0.031250,0.750000,0,,NONE,0.000000,4.355955,4.844045
25.024,FOLLOW_LANE,camera lane following,154.000,-0.037500,0.750000,0,,NONE,0.000000,4.274681,4.925319
25.056,FOLLOW_LANE,camera lane following,156.500,-0.021875,0.750000,0,,NONE,0.000000,4.454354,4.745645
25.088,FOLLOW_LANE,camera lane following,157.000,-0.018750,0.750000,0,,NONE,0.000000,4.448092,4.751907
25.120,FOLLOW_LANE,camera lane following,157.000,-0.018750,0.750000,0,,NONE,0.000000,4.440268,4.759732
25.152,FOLLOW_LANE,camera lane following,157.500,-0.015625,0.750000,0,,NONE,0.000000,4.473070,4.726929
25.184,FOLLOW_LANE,camera lane following,156.500,-0.021875,0.750000,0,,NONE,0.000000,4.399619,4.800381
25.216,FOLLOW_LANE,camera lane following,155.000,-0.031250,0.750000,0,,NONE,0.000000,4.316786,4.883214
25.248,FOLLOW_LANE,camera lane following,155.000,-0.031250,0.750000,0,,NONE,0.000000,4.340204,4.859796
25.280,FOLLOW_LANE,camera lane following,154.500,-0.034375,0.750000,0,,NONE,0.000000,4.307370,4.892630
25.312,FOLLOW_LANE,camera lane following,154.000,-0.037500,0.750000,0,,NONE,0.000000,4.282345,4.917654
25.344,FOLLOW_LANE,camera lane following,153.500,-0.040625,0.750000,0,,NONE,0.000000,4.257319,4.942680
25.376,FOLLOW_LANE,camera lane following,153.500,-0.040625,0.750000,0,,NONE,0.000000,4.265106,4.934894
25.408,FOLLOW_LANE,camera lane following,153.500,-0.040625,0.750000,0,,NONE,0.000000,4.265080,4.934920
25.440,FOLLOW_LANE,camera lane following,153.500,-0.040625,0.750000,0,,NONE,0.000000,4.265054,4.934946
25.472,FOLLOW_LANE,camera lane following,153.500,-0.040625,0.750000,0,,NONE,0.000000,4.265028,4.934972
25.504,FOLLOW_LANE,camera lane following,153.000,-0.043750,0.750000,0,,NONE,0.000000,4.232187,4.967812
25.536,FOLLOW_LANE,camera lane following,153.000,-0.043750,0.750000,0,,NONE,0.000000,4.239972,4.960028
25.568,FOLLOW_LANE,camera lane following,153.000,-0.043750,0.750000,0,,NONE,0.000000,4.239944,4.960056
25.600,FOLLOW_LANE,camera lane following,153.500,-0.040625,0.750000,0,,NONE,0.000000,4.272730,4.927269
25.632,FOLLOW_LANE,camera lane following,153.500,-0.040625,0.750000,0,,NONE,0.000000,4.264892,4.935108
25.664,FOLLOW_LANE,camera lane following,153.500,-0.040625,0.750000,0,,NONE,0.000000,4.264866,4.935134
25.696,FOLLOW_LANE,camera lane following,153.500,-0.040625,0.750000,0,,NONE,0.000000,4.264840,4.935160
25.728,FOLLOW_LANE,camera lane following,154.000,-0.037500,0.750000,0,,NONE,0.000000,4.297629,4.902371
25.760,FOLLOW_LANE,camera lane following,155.000,-0.031250,0.750000,0,,NONE,0.000000,4.355421,4.844579
25.792,FOLLOW_LANE,camera lane following,154.000,-0.037500,0.750000,0,,NONE,0.000000,4.274147,4.925853
25.824,FOLLOW_LANE,camera lane following,155.500,-0.028125,0.750000,0,,NONE,0.000000,4.388191,4.811808
25.856,FOLLOW_LANE,camera lane following,159.000,-0.006250,0.750000,0,,NONE,0.000000,4.594437,4.605562
25.888,FOLLOW_LANE,camera lane following,156.000,-0.025000,0.750000,0,,NONE,0.000000,4.342859,4.857141
25.920,FOLLOW_LANE,camera lane following,157.000,-0.018750,0.750000,0,,NONE,0.000000,4.455347,4.744653
25.952,FOLLOW_LANE,camera lane following,157.000,-0.018750,0.750000,0,,NONE,0.000000,4.439710,4.760290
25.984,FOLLOW_LANE,camera lane following,155.500,-0.028125,0.750000,0,,NONE,0.000000,4.341254,4.858745
26.016,FOLLOW_LANE,camera lane following,154.500,-0.034375,0.750000,0,,NONE,0.000000,4.299045,4.900955
26.048,FOLLOW_LANE,camera lane following,154.000,-0.037500,0.750000,0,,NONE,0.000000,4.281833,4.918166
26.080,FOLLOW_LANE,camera lane following,153.500,-0.040625,0.750000,0,,NONE,0.000000,4.256807,4.943192
26.112,FOLLOW_LANE,camera lane following,153.000,-0.043750,0.750000,0,,NONE,0.000000,4.231780,4.968220
26.144,FOLLOW_LANE,camera lane following,152.500,-0.046875,0.750000,0,,NONE,0.000000,4.206749,4.993250
26.176,FOLLOW_LANE,camera lane following,152.000,-0.050000,0.750000,0,,NONE,0.000000,4.181717,5.018282
26.208,FOLLOW_LANE,camera lane following,152.000,-0.050000,0.750000,0,,NONE,0.000000,4.189498,5.010502
26.240,FOLLOW_LANE,camera lane following,151.500,-0.053125,0.750000,0,,NONE,0.000000,4.156651,5.043348
26.272,FOLLOW_LANE,camera lane following,151.500,-0.053125,0.750000,0,,NONE,0.000000,4.164430,5.035570
26.304,FOLLOW_LANE,camera lane following,151.500,-0.053125,0.750000,0,,NONE,0.000000,4.164396,5.035604
26.336,FOLLOW_LANE,camera lane following,151.500,-0.053125,0.750000,0,,NONE,0.000000,4.164362,5.035638
26.368,FOLLOW_LANE,camera lane following,152.000,-0.050000,0.750000,0,,NONE,0.000000,4.197142,5.002857
26.400,FOLLOW_LANE,camera lane following,152.000,-0.050000,0.750000,0,,NONE,0.000000,4.189298,5.010702
26.432,FOLLOW_LANE,camera lane following,152.500,-0.046875,0.750000,0,,NONE,0.000000,4.222080,4.977919
26.464,FOLLOW_LANE,camera lane following,152.500,-0.046875,0.750000,0,,NONE,0.000000,4.214238,4.985762
26.496,FOLLOW_LANE,camera lane following,153.000,-0.043750,0.750000,0,,NONE,0.000000,4.247022,4.952977
26.528,FOLLOW_LANE,camera lane following,154.000,-0.037500,0.750000,0,,NONE,0.000000,4.304811,4.895189
26.560,FOLLOW_LANE,camera lane following,154.000,-0.037500,0.750000,0,,NONE,0.000000,4.289162,4.910838
26.592,FOLLOW_LANE,camera lane following,155.000,-0.031250,0.750000,0,,NONE,0.000000,4.354767,4.845233
26.624,FOLLOW_LANE,camera lane following,159.000,-0.006250,0.750000,0,,NONE,0.000000,4.601638,4.598362
26.656,FOLLOW_LANE,camera lane following,156.000,-0.025000,0.750000,0,,NONE,0.000000,4.342247,4.857753
26.688,FOLLOW_LANE,camera lane following,156.500,-0.021875,0.750000,0,,NONE,0.000000,4.421920,4.778079
26.720,FOLLOW_LANE,camera lane following,157.000,-0.018750,0.750000,0,,NONE,0.000000,4.446908,4.753092
26.752,FOLLOW_LANE,camera lane following,156.000,-0.025000,0.750000,0,,NONE,0.000000,4.373455,4.826545
26.784,FOLLOW_LANE,camera lane following,154.500,-0.034375,0.750000,0,,NONE,0.000000,4.290620,4.909380
26.816,FOLLOW_LANE,camera lane following,154.000,-0.037500,0.750000,0,,NONE,0.000000,4.281222,4.918778
26.848,FOLLOW_LANE,camera lane following,153.500,-0.040625,0.750000,0,,NONE,0.000000,4.256195,4.943804
26.880,FOLLOW_LANE,camera lane following,153.000,-0.043750,0.750000,0,,NONE,0.000000,4.231167,4.968832
26.912,FOLLOW_LANE,camera lane following,152.500,-0.046875,0.750000,0,,NONE,0.000000,4.206137,4.993862
26.944,FOLLOW_LANE,camera lane following,152.500,-0.046875,0.750000,0,,NONE,0.000000,4.213920,4.986080
26.976,FOLLOW_LANE,camera lane following,152.000,-0.050000,0.750000,0,,NONE,0.000000,4.181075,5.018924
27.008,FOLLOW_LANE,camera lane following,152.000,-0.050000,0.750000,0,,NONE,0.000000,4.188856,5.011144
27.040,FOLLOW_LANE,camera lane following,152.000,-0.050000,0.750000,0,,NONE,0.000000,4.188824,5.011176
27.072,FOLLOW_LANE,camera lane following,152.000,-0.050000,0.750000,0,,NONE,0.000000,4.188792,5.011208
27.104,FOLLOW_LANE,camera lane following,152.000,-0.050000,0.750000,0,,NONE,0.000000,4.188760,5.011240
27.136,FOLLOW_LANE,camera lane following,152.000,-0.050000,0.750000,0,,NONE,0.000000,4.188728,5.011272
27.168,FOLLOW_LANE,camera lane following,152.500,-0.046875,0.750000,0,,NONE,0.000000,4.221510,4.978489
27.200,FOLLOW_LANE,camera lane following,152.500,-0.046875,0.750000,0,,NONE,0.000000,4.213668,4.986332
27.232,FOLLOW_LANE,camera lane following,153.000,-0.043750,0.750000,0,,NONE,0.000000,4.246452,4.953547
27.264,FOLLOW_LANE,camera lane following,154.000,-0.037500,0.750000,0,,NONE,0.000000,4.304241,4.895759
27.296,FOLLOW_LANE,camera lane following,154.500,-0.034375,0.750000,0,,NONE,0.000000,4.321406,4.878594
27.328,FOLLOW_LANE,camera lane following,154.500,-0.034375,0.750000,0,,NONE,0.000000,4.313572,4.886428
27.360,FOLLOW_LANE,camera lane following,155.000,-0.031250,0.750000,0,,NONE,0.000000,4.346364,4.853635
27.392,FOLLOW_LANE,camera lane following,155.500,-0.028125,0.750000,0,,NONE,0.000000,4.371346,4.828653
27.424,FOLLOW_LANE,camera lane following,155.500,-0.028125,0.750000,0,,NONE,0.000000,4.363516,4.836484
27.456,FOLLOW_LANE,camera lane following,154.500,-0.034375,0.750000,0,,NONE,0.000000,4.297869,4.902131
27.488,FOLLOW_LANE,camera lane following,158.500,-0.009375,0.750000,0,,NONE,0.000000,4.575988,4.624012
27.520,FOLLOW_LANE,camera lane following,155.500,-0.028125,0.750000,0,,NONE,0.000000,4.316595,4.883405
27.552,FOLLOW_LANE,camera lane following,152.500,-0.046875,0.750000,0,,NONE,0.000000,4.166565,5.033435
27.584,FOLLOW_LANE,camera lane following,152.500,-0.046875,0.750000,0,,NONE,0.000000,4.213410,4.986590
27.616,FOLLOW_LANE,camera lane following,152.500,-0.046875,0.750000,0,,NONE,0.000000,4.213380,4.986620
27.648,FOLLOW_LANE,camera lane following,153.000,-0.043750,0.750000,0,,NONE,0.000000,4.246164,4.953835
27.680,FOLLOW_LANE,camera lane following,153.000,-0.043750,0.750000,0,,NONE,0.000000,4.238324,4.961676
27.712,FOLLOW_LANE,camera lane following,153.500,-0.040625,0.750000,0,,NONE,0.000000,4.271110,4.928889
27.744,FOLLOW_LANE,camera lane following,153.500,-0.040625,0.750000,0,,NONE,0.000000,4.263272,4.936728
27.776,FOLLOW_LANE,camera lane following,154.000,-0.037500,0.750000,0,,NONE,0.000000,4.296060,4.903939
27.808,FOLLOW_LANE,camera lane following,154.000,-0.037500,0.750000,0,,NONE,0.000000,4.288224,4.911776
27.840,FOLLOW_LANE,camera lane following,154.500,-0.034375,0.750000,0,,NONE,0.000000,4.321014,4.878985
27.872,FOLLOW_LANE,camera lane following,154.500,-0.034375,0.750000,0,,NONE,0.000000,4.313180,4.886820
27.904,FOLLOW_LANE,camera lane following,155.000,-0.031250,0.750000,0,,NONE,0.000000,4.345972,4.854027
27.936,FOLLOW_LANE,camera lane following,155.000,-0.031250,0.750000,0,,NONE,0.000000,4.338140,4.861860
27.968,FOLLOW_LANE,camera lane following,155.500,-0.028125,0.750000,0,,NONE,0.000000,4.370934,4.829065
28.000,FOLLOW_LANE,camera lane following,155.500,-0.028125,0.750000,0,,NONE,0.000000,4.363104,4.836896
28.032,FOLLOW_LANE,camera lane following,155.500,-0.028125,0.750000,0,,NONE,0.000000,4.363086,4.836914
28.064,FOLLOW_LANE,camera lane following,156.000,-0.025000,0.750000,0,,NONE,0.000000,4.395882,4.804117
28.096,FOLLOW_LANE,camera lane following,156.000,-0.025000,0.750000,0,,NONE,0.000000,4.388054,4.811946
28.128,FOLLOW_LANE,camera lane following,156.500,-0.021875,0.750000,0,,NONE,0.000000,4.420852,4.779147
28.160,FOLLOW_LANE,camera lane following,156.500,-0.021875,0.750000,0,,NONE,0.000000,4.413026,4.786974
28.192,FOLLOW_LANE,camera lane following,156.500,-0.021875,0.750000,0,,NONE,0.000000,4.413012,4.786988
28.224,FOLLOW_LANE,camera lane following,157.000,-0.018750,0.750000,0,,NONE,0.000000,4.445812,4.754187
28.256,FOLLOW_LANE,camera lane following,157.000,-0.018750,0.750000,0,,NONE,0.000000,4.437988,4.762012
28.288,FOLLOW_LANE,camera lane following,157.000,-0.018750,0.750000,0,,NONE,0.000000,4.437976,4.762024
28.320,FOLLOW_LANE,camera lane following,157.000,-0.018750,0.750000,0,,NONE,0.000000,4.437964,4.762036
28.352,FOLLOW_LANE,camera lane following,157.500,-0.015625,0.750000,0,,NONE,0.000000,4.470766,4.729233
28.384,FOLLOW_LANE,camera lane following,157.500,-0.015625,0.750000,0,,NONE,0.000000,4.462944,4.737056
28.416,FOLLOW_LANE,camera lane following,158.000,-0.012500,0.750000,0,,NONE,0.000000,4.495748,4.704251
28.448,FOLLOW_LANE,camera lane following,158.500,-0.009375,0.750000,0,,NONE,0.000000,4.520742,4.679257
28.480,FOLLOW_LANE,camera lane following,158.500,-0.009375,0.750000,0,,NONE,0.000000,4.512924,4.687076
28.512,FOLLOW_LANE,camera lane following,158.500,-0.009375,0.750000,0,,NONE,0.000000,4.512918,4.687082
28.544,FOLLOW_LANE,camera lane following,158.500,-0.009375,0.750000,0,,NONE,0.000000,4.512912,4.687088
28.576,FOLLOW_LANE,camera lane following,158.500,-0.009375,0.750000,0,,NONE,0.000000,4.512906,4.687094
28.608,FOLLOW_LANE,camera lane following,158.500,-0.009375,0.750000,0,,NONE,0.000000,4.512900,4.687100
28.640,FOLLOW_LANE,camera lane following,159.000,-0.006250,0.750000,0,,NONE,0.000000,4.545708,4.654291
28.672,FOLLOW_LANE,camera lane following,159.000,-0.006250,0.750000,0,,NONE,0.000000,4.537892,4.662108
28.704,FOLLOW_LANE,camera lane following,159.000,-0.006250,0.750000,0,,NONE,0.000000,4.537888,4.662112
28.736,FOLLOW_LANE,camera lane following,159.500,-0.003125,0.750000,0,,NONE,0.000000,4.603513,4.596487
28.768,FOLLOW_LANE,camera lane following,159.500,-0.003125,0.750000,0,,NONE,0.000000,4.587888,4.612112
28.800,FOLLOW_LANE,camera lane following,159.500,-0.003125,0.750000,0,,NONE,0.000000,4.587888,4.612112
28.832,FOLLOW_LANE,camera lane following,159.500,-0.003125,0.750000,0,,NONE,0.000000,4.587888,4.612112
28.864,FOLLOW_LANE,camera lane following,159.500,-0.003125,0.750000,0,,NONE,0.000000,4.587888,4.612112
28.896,FOLLOW_LANE,camera lane following,160.000,0.000000,0.750000,0,,NONE,0.000000,4.587888,4.612112
28.928,FOLLOW_LANE,camera lane following,160.000,0.000000,0.750000,0,,NONE,0.000000,4.587888,4.612112
28.960,FOLLOW_LANE,camera lane following,160.500,0.003125,0.750000,0,,NONE,0.000000,4.587888,4.612112
28.992,FOLLOW_LANE,camera lane following,160.500,0.003125,0.750000,0,,NONE,0.000000,4.587888,4.612112
29.024,FOLLOW_LANE,camera lane following,160.500,0.003125,0.750000,0,,NONE,0.000000,4.587888,4.612112
29.056,FOLLOW_LANE,camera lane following,160.500,0.003125,0.750000,0,,NONE,0.000000,4.587888,4.612112
29.088,FOLLOW_LANE,camera lane following,160.750,0.004687,0.750000,0,,NONE,0.000000,4.587888,4.612112
29.120,FOLLOW_LANE,camera lane following,161.000,0.006250,0.750000,0,,NONE,0.000000,4.653517,4.546483
29.152,FOLLOW_LANE,camera lane following,161.000,0.006250,0.750000,0,,NONE,0.000000,4.637896,4.562104
29.184,FOLLOW_LANE,camera lane following,161.500,0.009375,0.750000,0,,NONE,0.000000,4.670714,4.529285
29.216,FOLLOW_LANE,camera lane following,161.500,0.009375,0.750000,0,,NONE,0.000000,4.662908,4.537092
29.248,FOLLOW_LANE,camera lane following,161.500,0.009375,0.750000,0,,NONE,0.000000,4.662914,4.537086
29.280,FOLLOW_LANE,camera lane following,162.500,0.015625,0.750000,0,,NONE,0.000000,4.728549,4.471451
29.312,FOLLOW_LANE,camera lane following,162.500,0.015625,0.750000,0,,NONE,0.000000,4.712934,4.487066
29.344,FOLLOW_LANE,camera lane following,162.500,0.015625,0.750000,0,,NONE,0.000000,4.712944,4.487056
29.376,FOLLOW_LANE,camera lane following,163.000,0.018750,0.750000,0,,NONE,0.000000,4.745768,4.454231
29.408,FOLLOW_LANE,camera lane following,163.000,0.018750,0.750000,0,,NONE,0.000000,4.737968,4.462032
29.440,FOLLOW_LANE,camera lane following,163.000,0.018750,0.750000,0,,NONE,0.000000,4.737980,4.462020
29.472,FOLLOW_LANE,camera lane following,163.000,0.018750,0.750000,0,,NONE,0.000000,4.737992,4.462008
29.504,FOLLOW_LANE,camera lane following,163.500,0.021875,0.750000,0,,NONE,0.000000,4.770818,4.429181
29.536,FOLLOW_LANE,camera lane following,163.500,0.021875,0.750000,0,,NONE,0.000000,4.763020,4.436980
29.568,FOLLOW_LANE,camera lane following,164.000,0.025000,0.750000,0,,NONE,0.000000,4.795848,4.404151
29.600,FOLLOW_LANE,camera lane following,164.000,0.025000,0.750000,0,,NONE,0.000000,4.788052,4.411948
29.632,FOLLOW_LANE,camera lane following,164.000,0.025000,0.750000,0,,NONE,0.000000,4.788068,4.411932
29.664,FOLLOW_LANE,camera lane following,164.000,0.025000,0.750000,0,,NONE,0.000000,4.788084,4.411916
29.696,FOLLOW_LANE,camera lane following,164.000,0.025000,0.750000,0,,NONE,0.000000,4.788100,4.411900
29.728,FOLLOW_LANE,camera lane following,164.000,0.025000,0.750000,0,,NONE,0.000000,4.788116,4.411884
29.760,FOLLOW_LANE,camera lane following,164.000,0.025000,0.750000,0,,NONE,0.000000,4.788132,4.411868
29.792,FOLLOW_LANE,camera lane following,164.000,0.025000,0.750000,0,,NONE,0.000000,4.788148,4.411852
29.824,FOLLOW_LANE,camera lane following,164.000,0.025000,0.750000,0,,NONE,0.000000,4.788164,4.411836
29.856,FOLLOW_LANE,camera lane following,164.000,0.025000,0.750000,0,,NONE,0.000000,4.788180,4.411820
29.888,FOLLOW_LANE,camera lane following,164.000,0.025000,0.750000,0,,NONE,0.000000,4.788196,4.411804
29.920,FOLLOW_LANE,camera lane following,164.000,0.025000,0.750000,0,,NONE,0.000000,4.788212,4.411788
29.952,FOLLOW_LANE,camera lane following,164.000,0.025000,0.750000,0,,NONE,0.000000,4.788228,4.411772
29.984,FOLLOW_LANE,camera lane following,164.000,0.025000,0.750000,0,,NONE,0.000000,4.788244,4.411756
30.016,FOLLOW_LANE,camera lane following,164.000,0.025000,0.750000,0,,NONE,0.000000,4.788260,4.411740
30.048,FOLLOW_LANE,camera lane following,164.000,0.025000,0.750000,0,,NONE,0.000000,4.788276,4.411724
30.080,FOLLOW_LANE,camera lane following,163.500,0.021875,0.750000,0,,NONE,0.000000,4.755477,4.444522
30.112,FOLLOW_LANE,camera lane following,163.500,0.021875,0.750000,0,,NONE,0.000000,4.763304,4.436696
30.144,FOLLOW_LANE,camera lane following,163.500,0.021875,0.750000,0,,NONE,0.000000,4.763318,4.436682
30.176,FOLLOW_LANE,camera lane following,163.500,0.021875,0.750000,0,,NONE,0.000000,4.763332,4.436668
30.208,FOLLOW_LANE,camera lane following,163.500,0.021875,0.750000,0,,NONE,0.000000,4.763346,4.436654
30.240,FOLLOW_LANE,camera lane following,163.000,0.018750,0.750000,0,,NONE,0.000000,4.730545,4.469454
30.272,FOLLOW_LANE,camera lane following,163.000,0.018750,0.750000,0,,NONE,0.000000,4.738370,4.461630
30.304,FOLLOW_LANE,camera lane following,163.000,0.018750,0.750000,0,,NONE,0.000000,4.738382,4.461618
30.336,FOLLOW_LANE,camera lane following,163.000,0.018750,0.750000,0,,NONE,0.000000,4.738394,4.461606
30.368,FOLLOW_LANE,camera lane following,162.500,0.015625,0.750000,0,,NONE,0.000000,4.705591,4.494408
30.400,FOLLOW_LANE,camera lane following,162.500,0.015625,0.750000,0,,NONE,0.000000,4.713414,4.486586
30.432,FOLLOW_LANE,camera lane following,162.500,0.015625,0.750000,0,,NONE,0.000000,4.713424,4.486576
30.464,FOLLOW_LANE,camera lane following,162.000,0.012500,0.750000,0,,NONE,0.000000,4.680619,4.519380
30.496,FOLLOW_LANE,camera lane following,162.000,0.012500,0.750000,0,,NONE,0.000000,4.688440,4.511560
30.528,FOLLOW_LANE,camera lane following,161.500,0.009375,0.750000,0,,NONE,0.000000,4.655633,4.544366
30.560,FOLLOW_LANE,camera lane following,161.500,0.009375,0.750000,0,,NONE,0.000000,4.663452,4.536548
30.592,FOLLOW_LANE,camera lane following,161.500,0.009375,0.750000,0,,NONE,0.000000,4.663458,4.536542
30.624,FOLLOW_LANE,camera lane following,161.500,0.009375,0.750000,0,,NONE,0.000000,4.663464,4.536536
30.656,FOLLOW_LANE,camera lane following,161.500,0.009375,0.750000,0,,NONE,0.000000,4.663470,4.536530
30.688,FOLLOW_LANE,camera lane following,161.000,0.006250,0.750000,0,,NONE,0.000000,4.630661,4.569338
30.720,FOLLOW_LANE,camera lane following,161.000,0.006250,0.750000,0,,NONE,0.000000,4.638478,4.561522
30.752,FOLLOW_LANE,camera lane following,161.000,0.006250,0.750000,0,,NONE,0.000000,4.638482,4.561518
30.784,FOLLOW_LANE,camera lane following,161.000,0.006250,0.750000,0,,NONE,0.000000,4.638486,4.561514
30.816,FOLLOW_LANE,camera lane following,161.000,0.006250,0.750000,0,,NONE,0.000000,4.638490,4.561510
30.848,FOLLOW_LANE,camera lane following,161.000,0.006250,0.750000,0,,NONE,0.000000,4.638494,4.561506
30.880,FOLLOW_LANE,camera lane following,161.000,0.006250,0.750000,0,,NONE,0.000000,4.638498,4.561502
30.912,FOLLOW_LANE,camera lane following,160.500,0.003125,0.750000,0,,NONE,0.000000,4.572873,4.627127
30.944,FOLLOW_LANE,camera lane following,160.500,0.003125,0.750000,0,,NONE,0.000000,4.588498,4.611502
30.976,FOLLOW_LANE,camera lane following,160.500,0.003125,0.750000,0,,NONE,0.000000,4.588498,4.611502
31.008,FOLLOW_LANE,camera lane following,160.500,0.003125,0.750000,0,,NONE,0.000000,4.588498,4.611502
31.040,FOLLOW_LANE,camera lane following,160.500,0.003125,0.750000,0,,NONE,0.000000,4.588498,4.611502
31.072,FOLLOW_LANE,camera lane following,160.500,0.003125,0.750000,0,,NONE,0.000000,4.588498,4.611502
31.104,FOLLOW_LANE,camera lane following,160.500,0.003125,0.750000,0,,NONE,0.000000,4.588498,4.611502
31.136,FOLLOW_LANE,camera lane following,160.500,0.003125,0.750000,0,,NONE,0.000000,4.588498,4.611502
31.168,FOLLOW_LANE,camera lane following,160.500,0.003125,0.750000,0,,NONE,0.000000,4.588498,4.611502
31.200,FOLLOW_LANE,camera lane following,160.500,0.003125,0.750000,0,,NONE,0.000000,4.588498,4.611502
31.232,FOLLOW_LANE,camera lane following,160.500,0.003125,0.750000,0,,NONE,0.000000,4.588498,4.611502
31.264,FOLLOW_LANE,camera lane following,160.000,0.000000,0.750000,0,,NONE,0.000000,4.588498,4.611502
31.296,FOLLOW_LANE,camera lane following,159.500,-0.003125,0.750000,0,,NONE,0.000000,4.588498,4.611502
31.328,FOLLOW_LANE,camera lane following,159.500,-0.003125,0.750000,0,,NONE,0.000000,4.588498,4.611502
31.360,FOLLOW_LANE,camera lane following,159.500,-0.003125,0.750000,0,,NONE,0.000000,4.588498,4.611502
31.392,FOLLOW_LANE,camera lane following,159.500,-0.003125,0.750000,0,,NONE,0.000000,4.588498,4.611502
31.424,FOLLOW_LANE,camera lane following,159.500,-0.003125,0.750000,0,,NONE,0.000000,4.588498,4.611502
31.456,FOLLOW_LANE,camera lane following,159.500,-0.003125,0.750000,0,,NONE,0.000000,4.588498,4.611502
31.488,FOLLOW_LANE,camera lane following,159.500,-0.003125,0.750000,0,,NONE,0.000000,4.588498,4.611502
31.520,FOLLOW_LANE,camera lane following,159.500,-0.003125,0.750000,0,,NONE,0.000000,4.588498,4.611502
31.552,FOLLOW_LANE,camera lane following,159.500,-0.003125,0.750000,0,,NONE,0.000000,4.588498,4.611502
31.584,FOLLOW_LANE,camera lane following,159.500,-0.003125,0.750000,0,,NONE,0.000000,4.588498,4.611502
31.616,FOLLOW_LANE,camera lane following,159.500,-0.003125,0.750000,0,,NONE,0.000000,4.588498,4.611502
31.648,FOLLOW_LANE,camera lane following,159.500,-0.003125,0.750000,0,,NONE,0.000000,4.588498,4.611502
31.680,FOLLOW_LANE,camera lane following,159.500,-0.003125,0.750000,0,,NONE,0.000000,4.588498,4.611502
31.712,FOLLOW_LANE,camera lane following,159.500,-0.003125,0.750000,0,,NONE,0.000000,4.588498,4.611502
31.744,FOLLOW_LANE,camera lane following,159.500,-0.003125,0.750000,0,,NONE,0.000000,4.588498,4.611502
31.776,FOLLOW_LANE,camera lane following,159.500,-0.003125,0.750000,0,,NONE,0.000000,4.588498,4.611502
31.808,FOLLOW_LANE,camera lane following,159.500,-0.003125,0.750000,0,,NONE,0.000000,4.588498,4.611502
31.840,FOLLOW_LANE,camera lane following,159.500,-0.003125,0.750000,0,,NONE,0.000000,4.588498,4.611502
31.872,FOLLOW_LANE,camera lane following,159.000,-0.006250,0.750000,0,,NONE,0.000000,4.522869,4.677131
31.904,FOLLOW_LANE,camera lane following,159.000,-0.006250,0.750000,0,,NONE,0.000000,4.538490,4.661510
31.936,FOLLOW_LANE,camera lane following,159.000,-0.006250,0.750000,0,,NONE,0.000000,4.538486,4.661514
31.968,FOLLOW_LANE,camera lane following,159.000,-0.006250,0.750000,0,,NONE,0.000000,4.538482,4.661518
32.000,FOLLOW_LANE,camera lane following,159.000,-0.006250,0.750000,0,,NONE,0.000000,4.538478,4.661522
32.032,FOLLOW_LANE,camera lane following,159.000,-0.006250,0.750000,0,,NONE,0.000000,4.538474,4.661526
32.064,FOLLOW_LANE,camera lane following,158.500,-0.009375,0.750000,0,,NONE,0.000000,4.505655,4.694344
32.096,FOLLOW_LANE,camera lane following,158.500,-0.009375,0.750000,0,,NONE,0.000000,4.513462,4.686538
32.128,FOLLOW_LANE,camera lane following,158.500,-0.009375,0.750000,0,,NONE,0.000000,4.513456,4.686544
32.160,FOLLOW_LANE,camera lane following,159.000,-0.006250,0.750000,0,,NONE,0.000000,4.546264,4.653735
32.192,FOLLOW_LANE,camera lane following,159.000,-0.006250,0.750000,0,,NONE,0.000000,4.538448,4.661552
32.224,FOLLOW_LANE,camera lane following,159.000,-0.006250,0.750000,0,,NONE,0.000000,4.538444,4.661556
32.256,FOLLOW_LANE,camera lane following,159.000,-0.006250,0.750000,0,,NONE,0.000000,4.538440,4.661560
32.288,FOLLOW_LANE,camera lane following,159.000,-0.006250,0.750000,0,,NONE,0.000000,4.538436,4.661564
32.320,FOLLOW_LANE,camera lane following,158.500,-0.009375,0.750000,0,,NONE,0.000000,4.505617,4.694382
32.352,FOLLOW_LANE,camera lane following,158.500,-0.009375,0.750000,0,,NONE,0.000000,4.513424,4.686576
32.384,FOLLOW_LANE,camera lane following,158.500,-0.009375,0.750000,0,,NONE,0.000000,4.513418,4.686582
32.416,FOLLOW_LANE,camera lane following,158.500,-0.009375,0.750000,0,,NONE,0.000000,4.513412,4.686588
32.448,FOLLOW_LANE,camera lane following,158.500,-0.009375,0.750000,0,,NONE,0.000000,4.513406,4.686594
32.480,FOLLOW_LANE,camera lane following,158.500,-0.009375,0.750000,0,,NONE,0.000000,4.513400,4.686600
32.512,FOLLOW_LANE,camera lane following,158.500,-0.009375,0.750000,0,,NONE,0.000000,4.513394,4.686606
32.544,FOLLOW_LANE,camera lane following,158.500,-0.009375,0.750000,0,,NONE,0.000000,4.513388,4.686612
32.576,FOLLOW_LANE,camera lane following,158.500,-0.009375,0.750000,0,,NONE,0.000000,4.513382,4.686618
32.608,FOLLOW_LANE,camera lane following,158.500,-0.009375,0.750000,0,,NONE,0.000000,4.513376,4.686624
32.640,FOLLOW_LANE,camera lane following,158.500,-0.009375,0.750000,0,,NONE,0.000000,4.513370,4.686630
32.672,FOLLOW_LANE,camera lane following,158.500,-0.009375,0.750000,0,,NONE,0.000000,4.513364,4.686636
32.704,FOLLOW_LANE,camera lane following,158.500,-0.009375,0.750000,0,,NONE,0.000000,4.513358,4.686642
32.736,FOLLOW_LANE,camera lane following,158.500,-0.009375,0.750000,0,,NONE,0.000000,4.513352,4.686648
32.768,FOLLOW_LANE,camera lane following,158.500,-0.009375,0.750000,0,,NONE,0.000000,4.513346,4.686654
32.800,FOLLOW_LANE,camera lane following,158.500,-0.009375,0.750000,0,,NONE,0.000000,4.513340,4.686660
32.832,FOLLOW_LANE,camera lane following,158.500,-0.009375,0.750000,0,,NONE,0.000000,4.513334,4.686666
32.864,FOLLOW_LANE,camera lane following,158.500,-0.009375,0.750000,0,,NONE,0.000000,4.513328,4.686672
32.896,FOLLOW_LANE,camera lane following,158.500,-0.009375,0.750000,0,,NONE,0.000000,4.513322,4.686678
32.928,FOLLOW_LANE,camera lane following,158.500,-0.009375,0.750000,0,,NONE,0.000000,4.513316,4.686684
32.960,FOLLOW_LANE,camera lane following,158.500,-0.009375,0.750000,0,,NONE,0.000000,4.513310,4.686690
32.992,FOLLOW_LANE,camera lane following,159.000,-0.006250,0.750000,0,,NONE,0.000000,4.546118,4.653881
33.024,FOLLOW_LANE,camera lane following,159.000,-0.006250,0.750000,0,,NONE,0.000000,4.538302,4.661698
33.056,FOLLOW_LANE,camera lane following,159.000,-0.006250,0.750000,0,,NONE,0.000000,4.538298,4.661702
33.088,FOLLOW_LANE,camera lane following,159.000,-0.006250,0.750000,0,,NONE,0.000000,4.538294,4.661706
33.120,FOLLOW_LANE,camera lane following,159.000,-0.006250,0.750000,0,,NONE,0.000000,4.538290,4.661710
33.152,FOLLOW_LANE,camera lane following,159.000,-0.006250,0.750000,0,,NONE,0.000000,4.538286,4.661714
33.184,FOLLOW_LANE,camera lane following,159.000,-0.006250,0.750000,0,,NONE,0.000000,4.538282,4.661718
33.216,FOLLOW_LANE,camera lane following,159.500,-0.003125,0.750000,0,,NONE,0.000000,4.603907,4.596093
33.248,FOLLOW_LANE,camera lane following,159.500,-0.003125,0.750000,0,,NONE,0.000000,4.588282,4.611718
33.280,FOLLOW_LANE,camera lane following,159.500,-0.003125,0.750000,0,,NONE,0.000000,4.588282,4.611718
33.312,FOLLOW_LANE,camera lane following,159.500,-0.003125,0.750000,0,,NONE,0.000000,4.588282,4.611718
33.344,FOLLOW_LANE,camera lane following,159.500,-0.003125,0.750000,0,,NONE,0.000000,4.588282,4.611718
33.376,FOLLOW_LANE,camera lane following,159.500,-0.003125,0.750000,0,,NONE,0.000000,4.588282,4.611718
33.408,FOLLOW_LANE,camera lane following,159.500,-0.003125,0.750000,0,,NONE,0.000000,4.588282,4.611718
33.440,FOLLOW_LANE,camera lane following,159.500,-0.003125,0.750000,0,,NONE,0.000000,4.588282,4.611718
33.472,FOLLOW_LANE,camera lane following,159.500,-0.003125,0.750000,0,,NONE,0.000000,4.588282,4.611718
33.504,FOLLOW_LANE,camera lane following,159.500,-0.003125,0.750000,0,,NONE,0.000000,4.588282,4.611718
33.536,FOLLOW_LANE,camera lane following,159.500,-0.003125,0.750000,0,,NONE,0.000000,4.588282,4.611718
33.568,FOLLOW_LANE,camera lane following,159.500,-0.003125,0.750000,0,,NONE,0.000000,4.588282,4.611718
33.600,FOLLOW_LANE,camera lane following,159.500,-0.003125,0.750000,0,,NONE,0.000000,4.588282,4.611718
33.632,FOLLOW_LANE,camera lane following,159.500,-0.003125,0.750000,0,,NONE,0.000000,4.588282,4.611718
33.664,FOLLOW_LANE,camera lane following,159.500,-0.003125,0.750000,0,,NONE,0.000000,4.588282,4.611718
33.696,FOLLOW_LANE,camera lane following,159.500,-0.003125,0.750000,0,,NONE,0.000000,4.588282,4.611718
33.728,FOLLOW_LANE,camera lane following,159.500,-0.003125,0.750000,0,,NONE,0.000000,4.588282,4.611718
33.760,FOLLOW_LANE,camera lane following,159.500,-0.003125,0.750000,0,,NONE,0.000000,4.588282,4.611718
33.792,FOLLOW_LANE,camera lane following,159.500,-0.003125,0.750000,0,,NONE,0.000000,4.588282,4.611718
33.824,FOLLOW_LANE,camera lane following,159.500,-0.003125,0.750000,0,,NONE,0.000000,4.588282,4.611718
33.856,FOLLOW_LANE,camera lane following,159.500,-0.003125,0.750000,0,,NONE,0.000000,4.588282,4.611718
33.888,FOLLOW_LANE,camera lane following,160.000,0.000000,0.750000,0,,NONE,0.000000,4.588282,4.611718
33.920,FOLLOW_LANE,camera lane following,160.000,0.000000,0.750000,0,,NONE,0.000000,4.588282,4.611718
33.952,FOLLOW_LANE,camera lane following,160.000,0.000000,0.750000,0,,NONE,0.000000,4.588282,4.611718
33.984,FOLLOW_LANE,camera lane following,160.000,0.000000,0.750000,0,,NONE,0.000000,4.588282,4.611718
34.016,FOLLOW_LANE,camera lane following,160.000,0.000000,0.750000,0,,NONE,0.000000,4.588282,4.611718
34.048,FOLLOW_LANE,camera lane following,160.500,0.003125,0.750000,0,,NONE,0.000000,4.588282,4.611718
34.080,FOLLOW_LANE,camera lane following,160.500,0.003125,0.750000,0,,NONE,0.000000,4.588282,4.611718
34.112,FOLLOW_LANE,camera lane following,160.500,0.003125,0.750000,0,,NONE,0.000000,4.588282,4.611718
34.144,FOLLOW_LANE,camera lane following,160.500,0.003125,0.750000,0,,NONE,0.000000,4.588282,4.611718
34.176,FOLLOW_LANE,camera lane following,160.500,0.003125,0.750000,0,,NONE,0.000000,4.588282,4.611718
34.208,FOLLOW_LANE,camera lane following,160.500,0.003125,0.750000,0,,NONE,0.000000,4.588282,4.611718
34.240,FOLLOW_LANE,camera lane following,160.500,0.003125,0.750000,0,,NONE,0.000000,4.588282,4.611718
34.272,FOLLOW_LANE,camera lane following,160.500,0.003125,0.750000,0,,NONE,0.000000,4.588282,4.611718
34.304,FOLLOW_LANE,camera lane following,160.500,0.003125,0.750000,0,,NONE,0.000000,4.588282,4.611718
34.336,FOLLOW_LANE,camera lane following,160.500,0.003125,0.750000,0,,NONE,0.000000,4.588282,4.611718
34.368,FOLLOW_LANE,camera lane following,161.000,0.006250,0.750000,0,,NONE,0.000000,4.653911,4.546089
34.400,FOLLOW_LANE,camera lane following,161.000,0.006250,0.750000,0,,NONE,0.000000,4.638290,4.561710
34.432,FOLLOW_LANE,camera lane following,161.000,0.006250,0.750000,0,,NONE,0.000000,4.638294,4.561706
34.464,FOLLOW_LANE,camera lane following,161.000,0.006250,0.750000,0,,NONE,0.000000,4.638298,4.561702
34.496,FOLLOW_LANE,camera lane following,161.000,0.006250,0.750000,0,,NONE,0.000000,4.638302,4.561698
34.528,FOLLOW_LANE,camera lane following,161.000,0.006250,0.750000,0,,NONE,0.000000,4.638306,4.561694
34.560,FOLLOW_LANE,camera lane following,161.000,0.006250,0.750000,0,,NONE,0.000000,4.638310,4.561690
34.592,FOLLOW_LANE,camera lane following,161.000,0.006250,0.750000,0,,NONE,0.000000,4.638314,4.561686
34.624,FOLLOW_LANE,camera lane following,161.000,0.006250,0.750000,0,,NONE,0.000000,4.638318,4.561682
34.656,FOLLOW_LANE,camera lane following,161.000,0.006250,0.750000,0,,NONE,0.000000,4.638322,4.561678
34.688,FOLLOW_LANE,camera lane following,161.000,0.006250,0.750000,0,,NONE,0.000000,4.638326,4.561674
34.720,FOLLOW_LANE,camera lane following,161.000,0.006250,0.750000,0,,NONE,0.000000,4.638330,4.561670
34.752,FOLLOW_LANE,camera lane following,161.000,0.006250,0.750000,0,,NONE,0.000000,4.638334,4.561666
34.784,FOLLOW_LANE,camera lane following,161.000,0.006250,0.750000,0,,NONE,0.000000,4.638338,4.561662
34.816,FOLLOW_LANE,camera lane following,161.500,0.009375,0.750000,0,,NONE,0.000000,4.671156,4.528843
34.848,FOLLOW_LANE,camera lane following,161.000,0.006250,0.750000,0,,NONE,0.000000,4.630535,4.569464
34.880,FOLLOW_LANE,camera lane following,161.250,0.007812,0.750000,0,,NONE,0.000000,4.654759,4.545241
34.912,FOLLOW_LANE,camera lane following,161.500,0.009375,0.750000,0,,NONE,0.000000,4.667265,4.532735
34.944,FOLLOW_LANE,camera lane following,161.500,0.009375,0.750000,0,,NONE,0.000000,4.663365,4.536635
34.976,FOLLOW_LANE,camera lane following,161.500,0.009375,0.750000,0,,NONE,0.000000,4.663371,4.536629
35.008,FOLLOW_LANE,camera lane following,161.500,0.009375,0.750000,0,,NONE,0.000000,4.663377,4.536623
35.040,FOLLOW_LANE,camera lane following,161.500,0.009375,0.750000,0,,NONE,0.000000,4.663383,4.536617
35.072,FOLLOW_LANE,camera lane following,161.500,0.009375,0.750000,0,,NONE,0.000000,4.663389,4.536611
35.104,FOLLOW_LANE,camera lane following,161.500,0.009375,0.750000,0,,NONE,0.000000,4.663395,4.536605
35.136,FOLLOW_LANE,camera lane following,161.500,0.009375,0.750000,0,,NONE,0.000000,4.663401,4.536599
35.168,FOLLOW_LANE,camera lane following,161.500,0.009375,0.750000,0,,NONE,0.000000,4.663407,4.536593
35.200,FOLLOW_LANE,camera lane following,161.500,0.009375,0.750000,0,,NONE,0.000000,4.663413,4.536587
35.232,FOLLOW_LANE,camera lane following,161.500,0.009375,0.750000,0,,NONE,0.000000,4.663419,4.536581
35.264,FOLLOW_LANE,camera lane following,161.500,0.009375,0.750000,0,,NONE,0.000000,4.663425,4.536575
35.296,FOLLOW_LANE,camera lane following,161.500,0.009375,0.750000,0,,NONE,0.000000,4.663431,4.536569
35.328,FOLLOW_LANE,camera lane following,161.500,0.009375,0.750000,0,,NONE,0.000000,4.663437,4.536563
35.360,FOLLOW_LANE,camera lane following,161.500,0.009375,0.750000,0,,NONE,0.000000,4.663443,4.536557
35.392,FOLLOW_LANE,camera lane following,161.000,0.006250,0.750000,0,,NONE,0.000000,4.630634,4.569365
35.424,FOLLOW_LANE,camera lane following,161.500,0.009375,0.750000,0,,NONE,0.000000,4.671265,4.528734
35.456,FOLLOW_LANE,camera lane following,161.500,0.009375,0.750000,0,,NONE,0.000000,4.663459,4.536541
35.488,FOLLOW_LANE,camera lane following,161.500,0.009375,0.750000,0,,NONE,0.000000,4.663465,4.536535
35.520,FOLLOW_LANE,camera lane following,161.000,0.006250,0.750000,0,,NONE,0.000000,4.630656,4.569343
35.552,FOLLOW_LANE,camera lane following,161.000,0.006250,0.750000,0,,NONE,0.000000,4.638473,4.561527
35.584,FOLLOW_LANE,camera lane following,161.000,0.006250,0.750000,0,,NONE,0.000000,4.638477,4.561523
35.616,FOLLOW_LANE,camera lane following,161.000,0.006250,0.750000,0,,NONE,0.000000,4.638481,4.561519
35.648,FOLLOW_LANE,camera lane following,161.000,0.006250,0.750000,0,,NONE,0.000000,4.638485,4.561515
35.680,FOLLOW_LANE,camera lane following,161.000,0.006250,0.750000,0,,NONE,0.000000,4.638489,4.561511
35.712,FOLLOW_LANE,camera lane following,161.000,0.006250,0.750000,0,,NONE,0.000000,4.638493,4.561507
35.744,FOLLOW_LANE,camera lane following,161.000,0.006250,0.750000,0,,NONE,0.000000,4.638497,4.561503
35.776,FOLLOW_LANE,camera lane following,161.000,0.006250,0.750000,0,,NONE,0.000000,4.638501,4.561499
35.808,FOLLOW_LANE,camera lane following,161.000,0.006250,0.750000,0,,NONE,0.000000,4.638505,4.561495
35.840,FOLLOW_LANE,camera lane following,161.000,0.006250,0.750000,0,,NONE,0.000000,4.638509,4.561491
35.872,FOLLOW_LANE,camera lane following,161.000,0.006250,0.750000,0,,NONE,0.000000,4.638513,4.561487
35.904,FOLLOW_LANE,camera lane following,161.000,0.006250,0.750000,0,,NONE,0.000000,4.638517,4.561483
35.936,FOLLOW_LANE,camera lane following,161.000,0.006250,0.750000,0,,NONE,0.000000,4.638521,4.561479
35.968,FOLLOW_LANE,camera lane following,161.000,0.006250,0.750000,0,,NONE,0.000000,4.638525,4.561475
36.000,FOLLOW_LANE,camera lane following,161.000,0.006250,0.750000,0,,NONE,0.000000,4.638529,4.561471
36.032,FOLLOW_LANE,camera lane following,161.000,0.006250,0.750000,0,,NONE,0.000000,4.638533,4.561467
36.064,FOLLOW_LANE,camera lane following,160.500,0.003125,0.750000,0,,NONE,0.000000,4.572908,4.627092
36.096,FOLLOW_LANE,camera lane following,160.500,0.003125,0.750000,0,,NONE,0.000000,4.588533,4.611467
36.128,FOLLOW_LANE,camera lane following,160.500,0.003125,0.750000,0,,NONE,0.000000,4.588533,4.611467
36.160,FOLLOW_LANE,camera lane following,160.500,0.003125,0.750000,0,,NONE,0.000000,4.588533,4.611467
36.192,FOLLOW_LANE,camera lane following,160.500,0.003125,0.750000,0,,NONE,0.000000,4.588533,4.611467
36.224,FOLLOW_LANE,camera lane following,160.500,0.003125,0.750000,0,,NONE,0.000000,4.588533,4.611467
36.256,FOLLOW_LANE,camera lane following,161.000,0.006250,0.750000,0,,NONE,0.000000,4.654162,4.545838
36.288,FOLLOW_LANE,camera lane following,160.500,0.003125,0.750000,0,,NONE,0.000000,4.572912,4.627088
36.320,FOLLOW_LANE,camera lane following,160.500,0.003125,0.750000,0,,NONE,0.000000,4.588537,4.611463
36.352,FOLLOW_LANE,camera lane following,160.500,0.003125,0.750000,0,,NONE,0.000000,4.588537,4.611463
36.384,FOLLOW_LANE,camera lane following,160.500,0.003125,0.750000,0,,NONE,0.000000,4.588537,4.611463
36.416,FOLLOW_LANE,camera lane following,160.500,0.003125,0.750000,0,,NONE,0.000000,4.588537,4.611463
36.448,FOLLOW_LANE,camera lane following,160.500,0.003125,0.750000,0,,NONE,0.000000,4.588537,4.611463
36.480,FOLLOW_LANE,camera lane following,160.500,0.003125,0.750000,0,,NONE,0.000000,4.588537,4.611463
36.512,FOLLOW_LANE,camera lane following,160.500,0.003125,0.750000,0,,NONE,0.000000,4.588537,4.611463
36.544,FOLLOW_LANE,camera lane following,160.500,0.003125,0.750000,0,,NONE,0.000000,4.588537,4.611463
36.576,FOLLOW_LANE,camera lane following,160.500,0.003125,0.750000,0,,NONE,0.000000,4.588537,4.611463
36.608,FOLLOW_LANE,camera lane following,160.500,0.003125,0.750000,0,,NONE,0.000000,4.588537,4.611463
36.640,FOLLOW_LANE,camera lane following,160.500,0.003125,0.750000,0,,NONE,0.000000,4.588537,4.611463
36.672,FOLLOW_LANE,camera lane following,160.500,0.003125,0.750000,0,,NONE,0.000000,4.588537,4.611463
36.704,FOLLOW_LANE,camera lane following,160.500,0.003125,0.750000,0,,NONE,0.000000,4.588537,4.611463
36.736,FOLLOW_LANE,camera lane following,160.500,0.003125,0.750000,0,,NONE,0.000000,4.588537,4.611463
36.768,FOLLOW_LANE,camera lane following,160.500,0.003125,0.750000,0,,NONE,0.000000,4.588537,4.611463
36.800,FOLLOW_LANE,camera lane following,160.500,0.003125,0.750000,0,,NONE,0.000000,4.588537,4.611463
36.832,FOLLOW_LANE,camera lane following,160.500,0.003125,0.750000,0,,NONE,0.000000,4.588537,4.611463
36.864,FOLLOW_LANE,camera lane following,160.500,0.003125,0.750000,0,,NONE,0.000000,4.588537,4.611463
36.896,FOLLOW_LANE,camera lane following,160.500,0.003125,0.750000,0,,NONE,0.000000,4.588537,4.611463
36.928,FOLLOW_LANE,camera lane following,160.500,0.003125,0.750000,0,,NONE,0.000000,4.588537,4.611463
36.960,FOLLOW_LANE,camera lane following,160.500,0.003125,0.750000,0,,NONE,0.000000,4.588537,4.611463
36.992,FOLLOW_LANE,camera lane following,160.500,0.003125,0.750000,0,,NONE,0.000000,4.588537,4.611463
37.024,FOLLOW_LANE,camera lane following,160.500,0.003125,0.750000,0,,NONE,0.000000,4.588537,4.611463
37.056,FOLLOW_LANE,camera lane following,160.250,0.001563,0.750000,0,,NONE,0.000000,4.588537,4.611463
37.088,FOLLOW_LANE,camera lane following,160.000,0.000000,0.750000,0,,NONE,0.000000,4.588537,4.611463
37.120,FOLLOW_LANE,camera lane following,160.000,0.000000,0.750000,0,,NONE,0.000000,4.588537,4.611463
37.152,FOLLOW_LANE,camera lane following,160.000,0.000000,0.750000,0,,NONE,0.000000,4.588537,4.611463
37.184,FOLLOW_LANE,camera lane following,160.000,0.000000,0.750000,0,,NONE,0.000000,4.588537,4.611463
37.216,FOLLOW_LANE,camera lane following,160.000,0.000000,0.750000,0,,NONE,0.000000,4.588537,4.611463
37.248,FOLLOW_LANE,camera lane following,160.000,0.000000,0.750000,0,,NONE,0.000000,4.588537,4.611463
37.280,FOLLOW_LANE,camera lane following,159.500,-0.003125,0.750000,0,,NONE,0.000000,4.588537,4.611463
37.312,FOLLOW_LANE,camera lane following,159.500,-0.003125,0.750000,0,,NONE,0.000000,4.588537,4.611463
37.344,FOLLOW_LANE,camera lane following,159.500,-0.003125,0.750000,0,,NONE,0.000000,4.588537,4.611463
37.376,FOLLOW_LANE,camera lane following,159.500,-0.003125,0.750000,0,,NONE,0.000000,4.588537,4.611463
37.408,FOLLOW_LANE,camera lane following,159.500,-0.003125,0.750000,0,,NONE,0.000000,4.588537,4.611463
37.440,FOLLOW_LANE,camera lane following,159.500,-0.003125,0.750000,0,,NONE,0.000000,4.588537,4.611463
37.472,FOLLOW_LANE,camera lane following,159.500,-0.003125,0.750000,0,,NONE,0.000000,4.588537,4.611463
37.504,FOLLOW_LANE,camera lane following,159.500,-0.003125,0.750000,0,,NONE,0.000000,4.588537,4.611463
37.536,FOLLOW_LANE,camera lane following,159.500,-0.003125,0.750000,0,,NONE,0.000000,4.588537,4.611463
37.568,FOLLOW_LANE,camera lane following,159.500,-0.003125,0.750000,0,,NONE,0.000000,4.588537,4.611463
37.600,FOLLOW_LANE,camera lane following,159.500,-0.003125,0.750000,0,,NONE,0.000000,4.588537,4.611463
37.632,FOLLOW_LANE,camera lane following,159.500,-0.003125,0.750000,0,,NONE,0.000000,4.588537,4.611463
37.664,FOLLOW_LANE,camera lane following,159.500,-0.003125,0.750000,0,,NONE,0.000000,4.588537,4.611463
37.696,FOLLOW_LANE,camera lane following,159.500,-0.003125,0.750000,0,,NONE,0.000000,4.588537,4.611463
37.728,FOLLOW_LANE,camera lane following,159.500,-0.003125,0.750000,0,,NONE,0.000000,4.588537,4.611463
37.760,FOLLOW_LANE,camera lane following,159.500,-0.003125,0.750000,0,,NONE,0.000000,4.588537,4.611463
37.792,FOLLOW_LANE,camera lane following,159.500,-0.003125,0.750000,0,,NONE,0.000000,4.588537,4.611463
37.824,FOLLOW_LANE,camera lane following,159.500,-0.003125,0.750000,0,,NONE,0.000000,4.588537,4.611463
37.856,FOLLOW_LANE,camera lane following,159.500,-0.003125,0.750000,0,,NONE,0.000000,4.588537,4.611463
37.888,FOLLOW_LANE,camera lane following,159.500,-0.003125,0.750000,0,,NONE,0.000000,4.588537,4.611463
37.920,FOLLOW_LANE,camera lane following,159.500,-0.003125,0.750000,0,,NONE,0.000000,4.588537,4.611463
37.952,FOLLOW_LANE,camera lane following,159.500,-0.003125,0.750000,0,,NONE,0.000000,4.588537,4.611463
37.984,FOLLOW_LANE,camera lane following,159.500,-0.003125,0.750000,0,,NONE,0.000000,4.588537,4.611463
38.016,FOLLOW_LANE,camera lane following,159.500,-0.003125,0.750000,0,,NONE,0.000000,4.588537,4.611463
38.048,FOLLOW_LANE,camera lane following,159.500,-0.003125,0.750000,0,,NONE,0.000000,4.588537,4.611463
38.080,FOLLOW_LANE,camera lane following,159.500,-0.003125,0.750000,0,,NONE,0.000000,4.588537,4.611463
38.112,FOLLOW_LANE,camera lane following,159.500,-0.003125,0.750000,0,,NONE,0.000000,4.588537,4.611463
38.144,FOLLOW_LANE,camera lane following,159.500,-0.003125,0.750000,0,,NONE,0.000000,4.588537,4.611463
38.176,FOLLOW_LANE,camera lane following,159.500,-0.003125,0.750000,0,,NONE,0.000000,4.588537,4.611463
38.208,FOLLOW_LANE,camera lane following,159.500,-0.003125,0.750000,0,,NONE,0.000000,4.588537,4.611463
38.240,FOLLOW_LANE,camera lane following,159.500,-0.003125,0.750000,0,,NONE,0.000000,4.588537,4.611463
38.272,FOLLOW_LANE,camera lane following,159.500,-0.003125,0.750000,0,,NONE,0.000000,4.588537,4.611463
38.304,FOLLOW_LANE,camera lane following,159.500,-0.003125,0.750000,0,,NONE,0.000000,4.588537,4.611463
38.336,FOLLOW_LANE,camera lane following,159.500,-0.003125,0.750000,0,,NONE,0.000000,4.588537,4.611463
38.368,FOLLOW_LANE,camera lane following,159.500,-0.003125,0.750000,0,,NONE,0.000000,4.588537,4.611463
38.400,FOLLOW_LANE,camera lane following,159.500,-0.003125,0.750000,0,,NONE,0.000000,4.588537,4.611463
38.432,FOLLOW_LANE,camera lane following,159.500,-0.003125,0.750000,0,,NONE,0.000000,4.588537,4.611463
38.464,FOLLOW_LANE,camera lane following,159.500,-0.003125,0.750000,0,,NONE,0.000000,4.588537,4.611463
38.496,FOLLOW_LANE,camera lane following,159.500,-0.003125,0.750000,0,,NONE,0.000000,4.588537,4.611463
38.528,FOLLOW_LANE,camera lane following,159.500,-0.003125,0.750000,0,,NONE,0.000000,4.588537,4.611463
38.560,FOLLOW_LANE,camera lane following,159.500,-0.003125,0.750000,0,,NONE,0.000000,4.588537,4.611463
38.592,FOLLOW_LANE,camera lane following,159.500,-0.003125,0.750000,0,,NONE,0.000000,4.588537,4.611463
38.624,FOLLOW_LANE,camera lane following,159.500,-0.003125,0.750000,0,,NONE,0.000000,4.588537,4.611463
38.656,FOLLOW_LANE,camera lane following,159.500,-0.003125,0.750000,0,,NONE,0.000000,4.588537,4.611463
38.688,FOLLOW_LANE,camera lane following,159.500,-0.003125,0.750000,0,,NONE,0.000000,4.588537,4.611463
38.720,FOLLOW_LANE,camera lane following,159.500,-0.003125,0.750000,0,,NONE,0.000000,4.588537,4.611463
38.752,FOLLOW_LANE,camera lane following,159.500,-0.003125,0.750000,0,,NONE,0.000000,4.588537,4.611463
38.784,FOLLOW_LANE,camera lane following,159.500,-0.003125,0.750000,0,,NONE,0.000000,4.588537,4.611463
38.816,FOLLOW_LANE,camera lane following,159.500,-0.003125,0.750000,0,,NONE,0.000000,4.588537,4.611463
38.848,FOLLOW_LANE,camera lane following,159.500,-0.003125,0.750000,0,,NONE,0.000000,4.588537,4.611463
38.880,FOLLOW_LANE,camera lane following,159.500,-0.003125,0.750000,0,,NONE,0.000000,4.588537,4.611463
38.912,FOLLOW_LANE,camera lane following,159.500,-0.003125,0.750000,0,,NONE,0.000000,4.588537,4.611463
38.944,FOLLOW_LANE,camera lane following,159.500,-0.003125,0.750000,0,,NONE,0.000000,4.588537,4.611463
38.976,FOLLOW_LANE,camera lane following,159.500,-0.003125,0.750000,0,,NONE,0.000000,4.588537,4.611463
39.008,FOLLOW_LANE,camera lane following,159.500,-0.003125,0.750000,0,,NONE,0.000000,4.588537,4.611463
39.040,FOLLOW_LANE,camera lane following,159.500,-0.003125,0.750000,0,,NONE,0.000000,4.588537,4.611463
39.072,FOLLOW_LANE,camera lane following,159.500,-0.003125,0.750000,0,,NONE,0.000000,4.588537,4.611463
39.104,FOLLOW_LANE,camera lane following,159.500,-0.003125,0.750000,0,,NONE,0.000000,4.588537,4.611463
39.136,FOLLOW_LANE,camera lane following,159.500,-0.003125,0.750000,0,,NONE,0.000000,4.588537,4.611463
39.168,FOLLOW_LANE,camera lane following,159.500,-0.003125,0.750000,0,,NONE,0.000000,4.588537,4.611463
39.200,FOLLOW_LANE,camera lane following,159.500,-0.003125,0.750000,0,,NONE,0.000000,4.588537,4.611463
39.232,FOLLOW_LANE,camera lane following,159.500,-0.003125,0.750000,0,,NONE,0.000000,4.588537,4.611463
39.264,FOLLOW_LANE,camera lane following,159.500,-0.003125,0.750000,0,,NONE,0.000000,4.588537,4.611463
39.296,FOLLOW_LANE,camera lane following,159.500,-0.003125,0.750000,0,,NONE,0.000000,4.588537,4.611463
39.328,FOLLOW_LANE,camera lane following,159.500,-0.003125,0.750000,0,,NONE,0.000000,4.588537,4.611463
39.360,FOLLOW_LANE,camera lane following,159.500,-0.003125,0.750000,0,,NONE,0.000000,4.588537,4.611463
39.392,FOLLOW_LANE,camera lane following,159.500,-0.003125,0.750000,0,,NONE,0.000000,4.588537,4.611463
39.424,FOLLOW_LANE,camera lane following,159.500,-0.003125,0.750000,0,,NONE,0.000000,4.588537,4.611463
39.456,FOLLOW_LANE,camera lane following,159.500,-0.003125,0.750000,0,,NONE,0.000000,4.588537,4.611463
39.488,FOLLOW_LANE,camera lane following,159.500,-0.003125,0.750000,0,,NONE,0.000000,4.588537,4.611463
39.520,FOLLOW_LANE,camera lane following,159.500,-0.003125,0.750000,0,,NONE,0.000000,4.588537,4.611463
39.552,FOLLOW_LANE,camera lane following,159.500,-0.003125,0.750000,0,,NONE,0.000000,4.588537,4.611463
39.584,FOLLOW_LANE,camera lane following,160.000,0.000000,0.750000,0,,NONE,0.000000,4.588537,4.611463
39.616,FOLLOW_LANE,camera lane following,160.000,0.000000,0.750000,0,,NONE,0.000000,4.588537,4.611463
39.648,FOLLOW_LANE,camera lane following,160.000,0.000000,0.750000,0,,NONE,0.000000,4.588537,4.611463
39.680,FOLLOW_LANE,camera lane following,160.000,0.000000,0.750000,0,,NONE,0.000000,4.588537,4.611463
39.712,FOLLOW_LANE,camera lane following,160.000,0.000000,0.750000,0,,NONE,0.000000,4.588537,4.611463
39.744,FOLLOW_LANE,camera lane following,159.500,-0.003125,0.750000,0,,NONE,0.000000,4.588537,4.611463
39.776,FOLLOW_LANE,camera lane following,159.500,-0.003125,0.750000,0,,NONE,0.000000,4.588537,4.611463
39.808,FOLLOW_LANE,camera lane following,159.500,-0.003125,0.750000,0,,NONE,0.000000,4.588537,4.611463
39.840,FOLLOW_LANE,camera lane following,160.000,0.000000,0.750000,0,,NONE,0.000000,4.588537,4.611463
39.872,FOLLOW_LANE,camera lane following,160.000,0.000000,0.750000,0,,NONE,0.000000,4.588537,4.611463
39.904,FOLLOW_LANE,camera lane following,160.000,0.000000,0.750000,0,,NONE,0.000000,4.588537,4.611463
39.936,FOLLOW_LANE,camera lane following,160.500,0.003125,0.750000,0,,NONE,0.000000,4.588537,4.611463
39.968,FOLLOW_LANE,camera lane following,160.500,0.003125,0.750000,0,,NONE,0.000000,4.588537,4.611463
40.000,FOLLOW_LANE,camera lane following,160.500,0.003125,0.750000,0,,NONE,0.000000,4.588537,4.611463
40.032,FOLLOW_LANE,camera lane following,160.500,0.003125,0.750000,0,,NONE,0.000000,4.588537,4.611463
40.064,FOLLOW_LANE,camera lane following,160.500,0.003125,0.750000,0,,NONE,0.000000,4.588537,4.611463
40.096,FOLLOW_LANE,camera lane following,160.500,0.003125,0.750000,0,,NONE,0.000000,4.588537,4.611463
40.128,FOLLOW_LANE,camera lane following,160.500,0.003125,0.750000,0,,NONE,0.000000,4.588537,4.611463
40.160,FOLLOW_LANE,camera lane following,160.500,0.003125,0.750000,0,,NONE,0.000000,4.588537,4.611463
40.192,FOLLOW_LANE,camera lane following,160.500,0.003125,0.750000,0,,NONE,0.000000,4.588537,4.611463
40.224,FOLLOW_LANE,camera lane following,160.500,0.003125,0.750000,0,,NONE,0.000000,4.588537,4.611463
40.256,FOLLOW_LANE,camera lane following,160.500,0.003125,0.750000,0,,NONE,0.000000,4.588537,4.611463
40.288,FOLLOW_LANE,camera lane following,160.500,0.003125,0.750000,0,,NONE,0.000000,4.588537,4.611463
40.320,FOLLOW_LANE,camera lane following,160.500,0.003125,0.750000,0,,NONE,0.000000,4.588537,4.611463
40.352,FOLLOW_LANE,camera lane following,160.500,0.003125,0.750000,0,,NONE,0.000000,4.588537,4.611463
40.384,FOLLOW_LANE,camera lane following,160.500,0.003125,0.750000,0,,NONE,0.000000,4.588537,4.611463
40.416,FOLLOW_LANE,camera lane following,160.500,0.003125,0.750000,0,,NONE,0.000000,4.588537,4.611463
40.448,FOLLOW_LANE,camera lane following,160.500,0.003125,0.750000,0,,NONE,0.000000,4.588537,4.611463
40.480,FOLLOW_LANE,camera lane following,160.500,0.003125,0.750000,0,,NONE,0.000000,4.588537,4.611463
40.512,FOLLOW_LANE,camera lane following,160.500,0.003125,0.750000,0,,NONE,0.000000,4.588537,4.611463
40.544,FOLLOW_LANE,camera lane following,160.500,0.003125,0.750000,0,,NONE,0.000000,4.588537,4.611463
40.576,FOLLOW_LANE,camera lane following,160.500,0.003125,0.750000,0,,NONE,0.000000,4.588537,4.611463
40.608,FOLLOW_LANE,camera lane following,160.500,0.003125,0.750000,0,,NONE,0.000000,4.588537,4.611463
40.640,FOLLOW_LANE,camera lane following,160.500,0.003125,0.750000,0,,NONE,0.000000,4.588537,4.611463
40.672,FOLLOW_LANE,camera lane following,160.500,0.003125,0.750000,0,,NONE,0.000000,4.588537,4.611463
40.704,FOLLOW_LANE,camera lane following,160.500,0.003125,0.750000,0,,NONE,0.000000,4.588537,4.611463
40.736,FOLLOW_LANE,camera lane following,160.500,0.003125,0.750000,0,,NONE,0.000000,4.588537,4.611463
40.768,FOLLOW_LANE,camera lane following,160.500,0.003125,0.750000,0,,NONE,0.000000,4.588537,4.611463
40.800,FOLLOW_LANE,camera lane following,160.500,0.003125,0.750000,0,,NONE,0.000000,4.588537,4.611463
40.832,FOLLOW_LANE,camera lane following,160.500,0.003125,0.750000,0,,NONE,0.000000,4.588537,4.611463
40.864,FOLLOW_LANE,camera lane following,160.500,0.003125,0.750000,0,,NONE,0.000000,4.588537,4.611463
40.896,FOLLOW_LANE,camera lane following,160.500,0.003125,0.750000,0,,NONE,0.000000,4.588537,4.611463
40.928,FOLLOW_LANE,camera lane following,160.500,0.003125,0.750000,0,,NONE,0.000000,4.588537,4.611463
40.960,FOLLOW_LANE,camera lane following,161.000,0.006250,0.750000,0,,NONE,0.000000,4.654166,4.545834
40.992,FOLLOW_LANE,camera lane following,161.000,0.006250,0.750000,0,,NONE,0.000000,4.638545,4.561455
41.024,FOLLOW_LANE,camera lane following,161.000,0.006250,0.750000,0,,NONE,0.000000,4.638549,4.561451
41.056,FOLLOW_LANE,camera lane following,161.000,0.006250,0.750000,0,,NONE,0.000000,4.638553,4.561447
41.088,FOLLOW_LANE,camera lane following,161.000,0.006250,0.750000,0,,NONE,0.000000,4.638557,4.561443
41.120,FOLLOW_LANE,camera lane following,161.000,0.006250,0.750000,0,,NONE,0.000000,4.638561,4.561439
41.152,FOLLOW_LANE,camera lane following,161.000,0.006250,0.750000,0,,NONE,0.000000,4.638565,4.561435
41.184,FOLLOW_LANE,camera lane following,161.000,0.006250,0.750000,0,,NONE,0.000000,4.638569,4.561431
41.216,FOLLOW_LANE,camera lane following,161.000,0.006250,0.750000,0,,NONE,0.000000,4.638573,4.561427
41.248,FOLLOW_LANE,camera lane following,161.000,0.006250,0.750000,0,,NONE,0.000000,4.638577,4.561423
41.280,FOLLOW_LANE,camera lane following,161.000,0.006250,0.750000,0,,NONE,0.000000,4.638581,4.561419
41.312,FOLLOW_LANE,camera lane following,161.000,0.006250,0.750000,0,,NONE,0.000000,4.638585,4.561415
41.344,FOLLOW_LANE,camera lane following,161.000,0.006250,0.750000,0,,NONE,0.000000,4.638589,4.561411
41.376,FOLLOW_LANE,camera lane following,161.000,0.006250,0.750000,0,,NONE,0.000000,4.638593,4.561407
41.408,FOLLOW_LANE,camera lane following,161.000,0.006250,0.750000,0,,NONE,0.000000,4.638597,4.561403
41.440,FOLLOW_LANE,camera lane following,161.000,0.006250,0.750000,0,,NONE,0.000000,4.638601,4.561399
41.472,FOLLOW_LANE,camera lane following,161.000,0.006250,0.750000,0,,NONE,0.000000,4.638605,4.561395
41.504,FOLLOW_LANE,camera lane following,161.000,0.006250,0.750000,0,,NONE,0.000000,4.638609,4.561391
41.536,FOLLOW_LANE,camera lane following,160.500,0.003125,0.750000,0,,NONE,0.000000,4.572984,4.627016
41.568,FOLLOW_LANE,camera lane following,160.500,0.003125,0.750000,0,,NONE,0.000000,4.588609,4.611391
41.600,FOLLOW_LANE,camera lane following,161.000,0.006250,0.750000,0,,NONE,0.000000,4.654238,4.545762
41.632,FOLLOW_LANE,camera lane following,161.000,0.006250,0.750000,0,,NONE,0.000000,4.638617,4.561383
41.664,FOLLOW_LANE,camera lane following,161.000,0.006250,0.750000,0,,NONE,0.000000,4.638621,4.561379
41.696,FOLLOW_LANE,camera lane following,161.000,0.006250,0.750000,0,,NONE,0.000000,4.638625,4.561375
41.728,FOLLOW_LANE,camera lane following,161.000,0.006250,0.750000,0,,NONE,0.000000,4.638629,4.561371
41.760,FOLLOW_LANE,camera lane following,161.000,0.006250,0.750000,0,,NONE,0.000000,4.638633,4.561367
41.792,FOLLOW_LANE,camera lane following,161.000,0.006250,0.750000,0,,NONE,0.000000,4.638637,4.561363
41.824,FOLLOW_LANE,camera lane following,161.000,0.006250,0.750000,0,,NONE,0.000000,4.638641,4.561359
41.856,FOLLOW_LANE,camera lane following,161.000,0.006250,0.750000,0,,NONE,0.000000,4.638645,4.561355
41.888,FOLLOW_LANE,camera lane following,161.000,0.006250,0.750000,0,,NONE,0.000000,4.638649,4.561351
41.920,FOLLOW_LANE,camera lane following,161.000,0.006250,0.750000,0,,NONE,0.000000,4.638653,4.561347
41.952,FOLLOW_LANE,camera lane following,161.000,0.006250,0.750000,0,,NONE,0.000000,4.638657,4.561343
41.984,FOLLOW_LANE,camera lane following,161.000,0.006250,0.750000,0,,NONE,0.000000,4.638661,4.561339
42.016,FOLLOW_LANE,camera lane following,161.000,0.006250,0.750000,0,,NONE,0.000000,4.638665,4.561335
42.048,FOLLOW_LANE,camera lane following,161.000,0.006250,0.750000,0,,NONE,0.000000,4.638669,4.561331
42.080,FOLLOW_LANE,camera lane following,161.000,0.006250,0.750000,0,,NONE,0.000000,4.638673,4.561327
42.112,FOLLOW_LANE,camera lane following,161.000,0.006250,0.750000,0,,NONE,0.000000,4.638677,4.561323
42.144,FOLLOW_LANE,camera lane following,160.500,0.003125,0.750000,0,,NONE,0.000000,4.573052,4.626948
42.176,FOLLOW_LANE,camera lane following,160.500,0.003125,0.750000,0,,NONE,0.000000,4.588677,4.611323
42.208,FOLLOW_LANE,camera lane following,160.500,0.003125,0.750000,0,,NONE,0.000000,4.588677,4.611323
42.240,FOLLOW_LANE,camera lane following,160.500,0.003125,0.750000,0,,NONE,0.000000,4.588677,4.611323
42.272,FOLLOW_LANE,camera lane following,160.500,0.003125,0.750000,0,,NONE,0.000000,4.588677,4.611323
42.304,FOLLOW_LANE,camera lane following,160.500,0.003125,0.750000,0,,NONE,0.000000,4.588677,4.611323
42.336,FOLLOW_LANE,camera lane following,160.500,0.003125,0.750000,0,,NONE,0.000000,4.588677,4.611323
42.368,FOLLOW_LANE,camera lane following,160.500,0.003125,0.750000,0,,NONE,0.000000,4.588677,4.611323
42.400,FOLLOW_LANE,camera lane following,160.500,0.003125,0.750000,0,,NONE,0.000000,4.588677,4.611323
42.432,FOLLOW_LANE,camera lane following,160.500,0.003125,0.750000,0,,NONE,0.000000,4.588677,4.611323
42.464,FOLLOW_LANE,camera lane following,160.500,0.003125,0.750000,0,,NONE,0.000000,4.588677,4.611323
42.496,FOLLOW_LANE,camera lane following,160.500,0.003125,0.750000,0,,NONE,0.000000,4.588677,4.611323
42.528,FOLLOW_LANE,camera lane following,160.500,0.003125,0.750000,0,,NONE,0.000000,4.588677,4.611323
42.560,FOLLOW_LANE,camera lane following,160.500,0.003125,0.750000,0,,NONE,0.000000,4.588677,4.611323
42.592,FOLLOW_LANE,camera lane following,160.500,0.003125,0.750000,0,,NONE,0.000000,4.588677,4.611323
42.624,FOLLOW_LANE,camera lane following,160.500,0.003125,0.750000,0,,NONE,0.000000,4.588677,4.611323
42.656,FOLLOW_LANE,camera lane following,160.500,0.003125,0.750000,0,,NONE,0.000000,4.588677,4.611323
42.688,FOLLOW_LANE,camera lane following,160.500,0.003125,0.750000,0,,NONE,0.000000,4.588677,4.611323
42.720,FOLLOW_LANE,camera lane following,160.500,0.003125,0.750000,0,,NONE,0.000000,4.588677,4.611323
42.752,FOLLOW_LANE,camera lane following,160.500,0.003125,0.750000,0,,NONE,0.000000,4.588677,4.611323
42.784,FOLLOW_LANE,camera lane following,160.500,0.003125,0.750000,0,,NONE,0.000000,4.588677,4.611323
42.816,FOLLOW_LANE,camera lane following,160.500,0.003125,0.750000,0,,NONE,0.000000,4.588677,4.611323
42.848,FOLLOW_LANE,camera lane following,160.500,0.003125,0.750000,0,,NONE,0.000000,4.588677,4.611323
42.880,FOLLOW_LANE,camera lane following,160.500,0.003125,0.750000,0,,NONE,0.000000,4.588677,4.611323
42.912,FOLLOW_LANE,camera lane following,160.500,0.003125,0.750000,0,,NONE,0.000000,4.588677,4.611323
42.944,FOLLOW_LANE,camera lane following,160.500,0.003125,0.750000,0,,NONE,0.000000,4.588677,4.611323
42.976,FOLLOW_LANE,camera lane following,160.500,0.003125,0.750000,0,,NONE,0.000000,4.588677,4.611323
43.008,FOLLOW_LANE,camera lane following,160.500,0.003125,0.750000,0,,NONE,0.000000,4.588677,4.611323
43.040,FOLLOW_LANE,camera lane following,160.500,0.003125,0.750000,0,,NONE,0.000000,4.588677,4.611323
43.072,FOLLOW_LANE,camera lane following,160.500,0.003125,0.750000,0,,NONE,0.000000,4.588677,4.611323
43.104,FOLLOW_LANE,camera lane following,160.500,0.003125,0.750000,0,,NONE,0.000000,4.588677,4.611323
43.136,FOLLOW_LANE,camera lane following,160.500,0.003125,0.750000,0,,NONE,0.000000,4.588677,4.611323
43.168,FOLLOW_LANE,camera lane following,160.500,0.003125,0.750000,0,,NONE,0.000000,4.588677,4.611323
43.200,FOLLOW_LANE,camera lane following,160.500,0.003125,0.750000,0,,NONE,0.000000,4.588677,4.611323
43.232,FOLLOW_LANE,camera lane following,160.500,0.003125,0.750000,0,,NONE,0.000000,4.588677,4.611323
43.264,FOLLOW_LANE,camera lane following,160.500,0.003125,0.750000,0,,NONE,0.000000,4.588677,4.611323
43.296,FOLLOW_LANE,camera lane following,160.500,0.003125,0.750000,0,,NONE,0.000000,4.588677,4.611323
43.328,FOLLOW_LANE,camera lane following,160.500,0.003125,0.750000,0,,NONE,0.000000,4.588677,4.611323
43.360,FOLLOW_LANE,camera lane following,160.500,0.003125,0.750000,0,,NONE,0.000000,4.588677,4.611323
43.392,FOLLOW_LANE,camera lane following,160.500,0.003125,0.750000,0,,NONE,0.000000,4.588677,4.611323
43.424,FOLLOW_LANE,camera lane following,160.500,0.003125,0.750000,0,,NONE,0.000000,4.588677,4.611323
43.456,FOLLOW_LANE,camera lane following,161.000,0.006250,0.750000,0,,NONE,0.000000,4.654306,4.545694
43.488,FOLLOW_LANE,camera lane following,161.000,0.006250,0.750000,0,,NONE,0.000000,4.638685,4.561315
43.520,FOLLOW_LANE,camera lane following,161.000,0.006250,0.750000,0,,NONE,0.000000,4.638689,4.561311
43.552,FOLLOW_LANE,camera lane following,161.000,0.006250,0.750000,0,,NONE,0.000000,4.638693,4.561307
43.584,FOLLOW_LANE,camera lane following,161.000,0.006250,0.750000,0,,NONE,0.000000,4.638697,4.561303
43.616,FOLLOW_LANE,camera lane following,161.000,0.006250,0.750000,0,,NONE,0.000000,4.638701,4.561299
43.648,FOLLOW_LANE,camera lane following,160.000,0.000000,0.750000,0,,NONE,0.000000,4.573076,4.626924
43.680,FOLLOW_LANE,camera lane following,161.000,0.006250,0.750000,0,,NONE,0.000000,4.654330,4.545670
43.712,FOLLOW_LANE,camera lane following,162.000,0.012500,0.750000,0,,NONE,0.000000,4.704338,4.495662
43.744,FOLLOW_LANE,camera lane following,162.000,0.012500,0.750000,0,,NONE,0.000000,4.688721,4.511279
43.776,FOLLOW_LANE,camera lane following,161.500,0.009375,0.750000,0,,NONE,0.000000,4.655914,4.544085
43.808,FOLLOW_LANE,camera lane following,161.500,0.009375,0.750000,0,,NONE,0.000000,4.663733,4.536267
43.840,FOLLOW_LANE,camera lane following,161.500,0.009375,0.750000,0,,NONE,0.000000,4.663739,4.536261
43.872,FOLLOW_LANE,camera lane following,161.000,0.006250,0.750000,0,,NONE,0.000000,4.630930,4.569069
43.904,FOLLOW_LANE,camera lane following,161.000,0.006250,0.750000,0,,NONE,0.000000,4.638747,4.561253
43.936,FOLLOW_LANE,camera lane following,160.500,0.003125,0.750000,0,,NONE,0.000000,4.573122,4.626878
43.968,FOLLOW_LANE,camera lane following,160.500,0.003125,0.750000,0,,NONE,0.000000,4.588747,4.611253
44.000,FOLLOW_LANE,camera lane following,160.500,0.003125,0.750000,0,,NONE,0.000000,4.588747,4.611253
44.032,FOLLOW_LANE,camera lane following,160.500,0.003125,0.750000,0,,NONE,0.000000,4.588747,4.611253
44.064,FOLLOW_LANE,camera lane following,160.500,0.003125,0.750000,0,,NONE,0.000000,4.588747,4.611253
44.096,FOLLOW_LANE,camera lane following,160.000,0.000000,0.750000,0,,NONE,0.000000,4.588747,4.611253
44.128,FOLLOW_LANE,camera lane following,160.000,0.000000,0.750000,0,,NONE,0.000000,4.588747,4.611253
44.160,FOLLOW_LANE,camera lane following,160.000,0.000000,0.750000,0,,NONE,0.000000,4.588747,4.611253
44.192,FOLLOW_LANE,camera lane following,160.000,0.000000,0.750000,0,,NONE,0.000000,4.588747,4.611253
44.224,FOLLOW_LANE,camera lane following,160.000,0.000000,0.750000,0,,NONE,0.000000,4.588747,4.611253
44.256,FOLLOW_LANE,camera lane following,160.000,0.000000,0.750000,0,,NONE,0.000000,4.588747,4.611253
44.288,FOLLOW_LANE,camera lane following,160.000,0.000000,0.750000,0,,NONE,0.000000,4.588747,4.611253
44.320,FOLLOW_LANE,camera lane following,159.500,-0.003125,0.750000,0,,NONE,0.000000,4.588747,4.611253
44.352,FOLLOW_LANE,camera lane following,159.500,-0.003125,0.750000,0,,NONE,0.000000,4.588747,4.611253
44.384,FOLLOW_LANE,camera lane following,159.000,-0.006250,0.750000,0,,NONE,0.000000,4.523118,4.676882
44.416,FOLLOW_LANE,camera lane following,158.000,-0.012500,0.750000,0,,NONE,0.000000,4.473110,4.726890
44.448,FOLLOW_LANE,camera lane following,157.500,-0.015625,0.750000,0,,NONE,0.000000,4.455912,4.744088
44.480,FOLLOW_LANE,camera lane following,160.000,0.000000,0.750000,0,,NONE,0.000000,4.627787,4.572213
44.512,FOLLOW_LANE,camera lane following,159.000,-0.006250,0.750000,0,,NONE,0.000000,4.523096,4.676904
44.544,FOLLOW_LANE,camera lane following,158.500,-0.009375,0.750000,0,,NONE,0.000000,4.505902,4.694097
44.576,FOLLOW_LANE,camera lane following,158.000,-0.012500,0.750000,0,,NONE,0.000000,4.480894,4.719105
44.608,FOLLOW_LANE,camera lane following,157.500,-0.015625,0.750000,0,,NONE,0.000000,4.455884,4.744115
44.640,FOLLOW_LANE,camera lane following,157.000,-0.018750,0.750000,0,,NONE,0.000000,4.430872,4.769127
44.672,FOLLOW_LANE,camera lane following,156.500,-0.021875,0.750000,0,,NONE,0.000000,4.405858,4.794141
44.704,FOLLOW_LANE,camera lane following,156.500,-0.021875,0.750000,0,,NONE,0.000000,4.413657,4.786343
44.736,FOLLOW_LANE,camera lane following,156.000,-0.025000,0.750000,0,,NONE,0.000000,4.380828,4.819171
44.768,FOLLOW_LANE,camera lane following,155.000,-0.031250,0.750000,0,,NONE,0.000000,4.322996,4.877004
44.800,FOLLOW_LANE,camera lane following,154.500,-0.034375,0.750000,0,,NONE,0.000000,4.305786,4.894213
44.832,FOLLOW_LANE,camera lane following,154.000,-0.037500,0.750000,0,,NONE,0.000000,4.280762,4.919237
44.864,FOLLOW_LANE,camera lane following,153.500,-0.040625,0.750000,0,,NONE,0.000000,4.255736,4.944263
44.896,FOLLOW_LANE,camera lane following,152.500,-0.046875,0.750000,0,,NONE,0.000000,4.197894,5.002106
44.928,FOLLOW_LANE,camera lane following,152.000,-0.050000,0.750000,0,,NONE,0.000000,4.180674,5.019325
44.960,FOLLOW_LANE,camera lane following,151.000,-0.056250,0.750000,0,,NONE,0.000000,4.122826,5.077174
44.992,FOLLOW_LANE,camera lane following,150.500,-0.059375,0.750000,0,,NONE,0.000000,4.105600,5.094399
45.024,FOLLOW_LANE,camera lane following,149.500,-0.065625,0.750000,0,,NONE,0.000000,4.047746,5.152254
45.056,FOLLOW_LANE,camera lane following,149.000,-0.068750,0.750000,0,,NONE,0.000000,4.030514,5.169485
45.088,FOLLOW_LANE,camera lane following,148.500,-0.071875,0.750000,0,,NONE,0.000000,4.005468,5.194532
45.120,FOLLOW_LANE,camera lane following,148.500,-0.071875,0.750000,0,,NONE,0.000000,4.013235,5.186765
45.152,FOLLOW_LANE,camera lane following,148.500,-0.071875,0.750000,0,,NONE,0.000000,4.013189,5.186811
45.184,FOLLOW_LANE,camera lane following,147.500,-0.078125,0.750000,0,,NONE,0.000000,3.947514,5.252486
45.216,FOLLOW_LANE,camera lane following,149.500,-0.065625,0.750000,0,,NONE,0.000000,4.094347,5.105653
45.248,FOLLOW_LANE,camera lane following,155.500,-0.028125,0.750000,0,,NONE,0.000000,4.456829,4.743171
45.280,FOLLOW_LANE,camera lane following,153.000,-0.043750,0.750000,0,,NONE,0.000000,4.198988,5.001011
45.312,FOLLOW_LANE,camera lane following,152.500,-0.046875,0.750000,0,,NONE,0.000000,4.205208,4.994791
45.344,FOLLOW_LANE,camera lane following,153.500,-0.040625,0.750000,0,,NONE,0.000000,4.278620,4.921380
45.376,FOLLOW_LANE,camera lane following,155.000,-0.031250,0.750000,0,,NONE,0.000000,4.361412,4.838588
45.408,FOLLOW_LANE,camera lane following,150.500,-0.059375,0.750000,0,,NONE,0.000000,4.042624,5.157375
45.440,FOLLOW_LANE,camera lane following,147.500,-0.078125,0.750000,0,,NONE,0.000000,3.916012,5.283988
45.472,FOLLOW_LANE,camera lane following,147.000,-0.081250,0.750000,0,,NONE,0.000000,3.930022,5.269977
45.504,FOLLOW_LANE,camera lane following,146.500,-0.084375,0.750000,0,,NONE,0.000000,3.904968,5.295031
45.536,FOLLOW_LANE,camera lane following,146.500,-0.084375,0.750000,0,,NONE,0.000000,3.912727,5.287273
45.568,FOLLOW_LANE,camera lane following,146.500,-0.084375,0.750000,0,,NONE,0.000000,3.912673,5.287327
45.600,FOLLOW_LANE,camera lane following,146.500,-0.084375,0.750000,0,,NONE,0.000000,3.912619,5.287381
45.632,FOLLOW_LANE,camera lane following,147.000,-0.081250,0.750000,0,,NONE,0.000000,3.945379,5.254620
45.664,FOLLOW_LANE,camera lane following,147.500,-0.078125,0.750000,0,,NONE,0.000000,3.970329,5.229670
45.696,FOLLOW_LANE,camera lane following,148.000,-0.075000,0.750000,0,,NONE,0.000000,3.995281,5.204718
45.728,FOLLOW_LANE,camera lane following,148.500,-0.071875,0.750000,0,,NONE,0.000000,4.020236,5.179764
45.760,FOLLOW_LANE,camera lane following,150.000,-0.062500,0.750000,0,,NONE,0.000000,4.110820,5.089179
45.792,FOLLOW_LANE,camera lane following,150.500,-0.059375,0.750000,0,,NONE,0.000000,4.120157,5.079842
45.824,FOLLOW_LANE,camera lane following,151.000,-0.056250,0.750000,0,,NONE,0.000000,4.145121,5.054879
45.856,FOLLOW_LANE,camera lane following,151.500,-0.053125,0.750000,0,,NONE,0.000000,4.170087,5.029913
45.888,FOLLOW_LANE,camera lane following,152.000,-0.050000,0.750000,0,,NONE,0.000000,4.195055,5.004944
45.920,FOLLOW_LANE,camera lane following,153.000,-0.043750,0.750000,0,,NONE,0.000000,4.252840,4.947160
45.952,FOLLOW_LANE,camera lane following,153.500,-0.040625,0.750000,0,,NONE,0.000000,4.270001,4.929998
45.984,FOLLOW_LANE,camera lane following,154.500,-0.034375,0.750000,0,,NONE,0.000000,4.327792,4.872208
46.016,FOLLOW_LANE,camera lane following,159.000,-0.006250,0.750000,0,,NONE,0.000000,4.607475,4.592524
46.048,FOLLOW_LANE,camera lane following,156.000,-0.025000,0.750000,0,,NONE,0.000000,4.340272,4.859728
46.080,FOLLOW_LANE,camera lane following,156.500,-0.021875,0.750000,0,,NONE,0.000000,4.419945,4.780054
46.112,FOLLOW_LANE,camera lane following,157.000,-0.018750,0.750000,0,,NONE,0.000000,4.444933,4.755066
46.144,FOLLOW_LANE,camera lane following,156.000,-0.025000,0.750000,0,,NONE,0.000000,4.371480,4.828520
46.176,FOLLOW_LANE,camera lane following,154.000,-0.037500,0.750000,0,,NONE,0.000000,4.255831,4.944169
46.208,FOLLOW_LANE,camera lane following,154.500,-0.034375,0.750000,0,,NONE,0.000000,4.319871,4.880128
46.240,FOLLOW_LANE,camera lane following,153.500,-0.040625,0.750000,0,,NONE,0.000000,4.246408,4.953592
46.272,FOLLOW_LANE,camera lane following,153.000,-0.043750,0.750000,0,,NONE,0.000000,4.229192,4.970807
46.304,FOLLOW_LANE,camera lane following,153.500,-0.040625,0.750000,0,,NONE,0.000000,4.269791,4.930208
46.336,FOLLOW_LANE,camera lane following,153.000,-0.043750,0.750000,0,,NONE,0.000000,4.229138,4.970861
46.368,FOLLOW_LANE,camera lane following,153.000,-0.043750,0.750000,0,,NONE,0.000000,4.236923,4.963077
46.400,FOLLOW_LANE,camera lane following,153.000,-0.043750,0.750000,0,,NONE,0.000000,4.236895,4.963105
46.432,FOLLOW_LANE,camera lane following,153.000,-0.043750,0.750000,0,,NONE,0.000000,4.236867,4.963133
46.464,FOLLOW_LANE,camera lane following,153.000,-0.043750,0.750000,0,,NONE,0.000000,4.236839,4.963161
46.496,FOLLOW_LANE,camera lane following,153.000,-0.043750,0.750000,0,,NONE,0.000000,4.236811,4.963189
46.528,FOLLOW_LANE,camera lane following,153.000,-0.043750,0.750000,0,,NONE,0.000000,4.236783,4.963217
46.560,FOLLOW_LANE,camera lane following,153.000,-0.043750,0.750000,0,,NONE,0.000000,4.236755,4.963245
46.592,FOLLOW_LANE,camera lane following,153.500,-0.040625,0.750000,0,,NONE,0.000000,4.269541,4.930458
46.624,FOLLOW_LANE,camera lane following,153.500,-0.040625,0.750000,0,,NONE,0.000000,4.261703,4.938297
46.656,FOLLOW_LANE,camera lane following,154.000,-0.037500,0.750000,0,,NONE,0.000000,4.294491,4.905508
46.688,FOLLOW_LANE,camera lane following,154.500,-0.034375,0.750000,0,,NONE,0.000000,4.319469,4.880530
46.720,FOLLOW_LANE,camera lane following,155.000,-0.031250,0.750000,0,,NONE,0.000000,4.344449,4.855550
46.752,FOLLOW_LANE,camera lane following,154.500,-0.034375,0.750000,0,,NONE,0.000000,4.303802,4.896197
46.784,FOLLOW_LANE,camera lane following,159.000,-0.006250,0.750000,0,,NONE,0.000000,4.606923,4.593076
46.816,FOLLOW_LANE,camera lane following,156.500,-0.021875,0.750000,0,,NONE,0.000000,4.372534,4.827465
46.848,FOLLOW_LANE,camera lane following,157.000,-0.018750,0.750000,0,,NONE,0.000000,4.444398,4.755602
46.880,FOLLOW_LANE,camera lane following,156.500,-0.021875,0.750000,0,,NONE,0.000000,4.403758,4.796241
46.912,FOLLOW_LANE,camera lane following,156.000,-0.025000,0.750000,0,,NONE,0.000000,4.378742,4.821257
46.944,FOLLOW_LANE,camera lane following,154.500,-0.034375,0.750000,0,,NONE,0.000000,4.288095,4.911904
46.976,FOLLOW_LANE,camera lane following,154.500,-0.034375,0.750000,0,,NONE,0.000000,4.311511,4.888489
47.008,FOLLOW_LANE,camera lane following,154.000,-0.037500,0.750000,0,,NONE,0.000000,4.278674,4.921326
47.040,FOLLOW_LANE,camera lane following,153.500,-0.040625,0.750000,0,,NONE,0.000000,4.253648,4.946351
47.072,FOLLOW_LANE,camera lane following,154.000,-0.037500,0.750000,0,,NONE,0.000000,4.294249,4.905750
47.104,FOLLOW_LANE,camera lane following,153.000,-0.043750,0.750000,0,,NONE,0.000000,4.220784,4.979216
47.136,FOLLOW_LANE,camera lane following,153.000,-0.043750,0.750000,0,,NONE,0.000000,4.236381,4.963619
47.168,FOLLOW_LANE,camera lane following,152.500,-0.046875,0.750000,0,,NONE,0.000000,4.203538,4.996461
47.200,FOLLOW_LANE,camera lane following,153.000,-0.043750,0.750000,0,,NONE,0.000000,4.244135,4.955864
47.232,FOLLOW_LANE,camera lane following,153.000,-0.043750,0.750000,0,,NONE,0.000000,4.236295,4.963705
47.264,FOLLOW_LANE,camera lane following,153.000,-0.043750,0.750000,0,,NONE,0.000000,4.236267,4.963733
47.296,FOLLOW_LANE,camera lane following,153.000,-0.043750,0.750000,0,,NONE,0.000000,4.236239,4.963761
47.328,FOLLOW_LANE,camera lane following,153.000,-0.043750,0.750000,0,,NONE,0.000000,4.236211,4.963789
47.360,FOLLOW_LANE,camera lane following,153.000,-0.043750,0.750000,0,,NONE,0.000000,4.236183,4.963817
47.392,FOLLOW_LANE,camera lane following,153.000,-0.043750,0.750000,0,,NONE,0.000000,4.236155,4.963845
47.424,FOLLOW_LANE,camera lane following,153.500,-0.040625,0.750000,0,,NONE,0.000000,4.268941,4.931058
47.456,FOLLOW_LANE,camera lane following,154.000,-0.037500,0.750000,0,,NONE,0.000000,4.293918,4.906082
47.488,FOLLOW_LANE,camera lane following,154.000,-0.037500,0.750000,0,,NONE,0.000000,4.286081,4.913919
47.520,FOLLOW_LANE,camera lane following,154.000,-0.037500,0.750000,0,,NONE,0.000000,4.286057,4.913943
47.552,FOLLOW_LANE,camera lane following,157.000,-0.018750,0.750000,0,,NONE,0.000000,4.482920,4.717080
47.584,FOLLOW_LANE,camera lane following,156.500,-0.021875,0.750000,0,,NONE,0.000000,4.403218,4.796781
47.616,FOLLOW_LANE,camera lane following,156.500,-0.021875,0.750000,0,,NONE,0.000000,4.411017,4.788983
47.648,FOLLOW_LANE,camera lane following,157.000,-0.018750,0.750000,0,,NONE,0.000000,4.443817,4.756182
47.680,FOLLOW_LANE,camera lane following,156.000,-0.025000,0.750000,0,,NONE,0.000000,4.370364,4.829636
47.712,FOLLOW_LANE,camera lane following,154.500,-0.034375,0.750000,0,,NONE,0.000000,4.287529,4.912470
47.744,FOLLOW_LANE,camera lane following,154.000,-0.037500,0.750000,0,,NONE,0.000000,4.278130,4.921869
47.776,FOLLOW_LANE,camera lane following,153.500,-0.040625,0.750000,0,,NONE,0.000000,4.253104,4.946896
47.808,FOLLOW_LANE,camera lane following,153.500,-0.040625,0.750000,0,,NONE,0.000000,4.260891,4.939109
47.840,FOLLOW_LANE,camera lane following,153.000,-0.043750,0.750000,0,,NONE,0.000000,4.228050,4.971950
47.872,FOLLOW_LANE,camera lane following,152.500,-0.046875,0.750000,0,,NONE,0.000000,4.203021,4.996979
47.904,FOLLOW_LANE,camera lane following,152.500,-0.046875,0.750000,0,,NONE,0.000000,4.210803,4.989197
47.936,FOLLOW_LANE,camera lane following,152.000,-0.050000,0.750000,0,,NONE,0.000000,4.177958,5.022041
47.968,FOLLOW_LANE,camera lane following,152.000,-0.050000,0.750000,0,,NONE,0.000000,4.185739,5.014261
48.000,FOLLOW_LANE,camera lane following,152.000,-0.050000,0.750000,0,,NONE,0.000000,4.185707,5.014293
48.032,FOLLOW_LANE,camera lane following,152.000,-0.050000,0.750000,0,,NONE,0.000000,4.185675,5.014325
48.064,FOLLOW_LANE,camera lane following,152.500,-0.046875,0.750000,0,,NONE,0.000000,4.218457,4.981542
48.096,FOLLOW_LANE,camera lane following,152.000,-0.050000,0.750000,0,,NONE,0.000000,4.177801,5.022199
48.128,FOLLOW_LANE,camera lane following,153.000,-0.043750,0.750000,0,,NONE,0.000000,4.251210,4.948790
48.160,FOLLOW_LANE,camera lane following,153.000,-0.043750,0.750000,0,,NONE,0.000000,4.235557,4.964443
48.192,FOLLOW_LANE,camera lane following,153.000,-0.043750,0.750000,0,,NONE,0.000000,4.235529,4.964471
48.224,FOLLOW_LANE,camera lane following,153.500,-0.040625,0.750000,0,,NONE,0.000000,4.268315,4.931684
48.256,FOLLOW_LANE,camera lane following,154.500,-0.034375,0.750000,0,,NONE,0.000000,4.326106,4.873894
48.288,FOLLOW_LANE,camera lane following,153.500,-0.040625,0.750000,0,,NONE,0.000000,4.244830,4.955170
48.320,FOLLOW_LANE,camera lane following,156.000,-0.025000,0.750000,0,,NONE,0.000000,4.424501,4.775498
48.352,FOLLOW_LANE,camera lane following,156.000,-0.025000,0.750000,0,,NONE,0.000000,4.385423,4.814577
48.384,FOLLOW_LANE,camera lane following,156.500,-0.021875,0.750000,0,,NONE,0.000000,4.418221,4.781778
48.416,FOLLOW_LANE,camera lane following,156.500,-0.021875,0.750000,0,,NONE,0.000000,4.410395,4.789605
48.448,FOLLOW_LANE,camera lane following,156.000,-0.025000,0.750000,0,,NONE,0.000000,4.377566,4.822433
48.480,FOLLOW_LANE,camera lane following,154.500,-0.034375,0.750000,0,,NONE,0.000000,4.286919,4.913080
48.512,FOLLOW_LANE,camera lane following,154.000,-0.037500,0.750000,0,,NONE,0.000000,4.277520,4.922479
48.544,FOLLOW_LANE,camera lane following,154.000,-0.037500,0.750000,0,,NONE,0.000000,4.285309,4.914691
48.576,FOLLOW_LANE,camera lane following,153.500,-0.040625,0.750000,0,,NONE,0.000000,4.252470,4.947529
48.608,FOLLOW_LANE,camera lane following,153.000,-0.043750,0.750000,0,,NONE,0.000000,4.227442,4.972557
48.640,FOLLOW_LANE,camera lane following,153.000,-0.043750,0.750000,0,,NONE,0.000000,4.235227,4.964773
48.672,FOLLOW_LANE,camera lane following,152.500,-0.046875,0.750000,0,,NONE,0.000000,4.202384,4.997615
48.704,FOLLOW_LANE,camera lane following,152.500,-0.046875,0.750000,0,,NONE,0.000000,4.210167,4.989833
48.736,FOLLOW_LANE,camera lane following,152.500,-0.046875,0.750000,0,,NONE,0.000000,4.210137,4.989863
48.768,FOLLOW_LANE,camera lane following,153.000,-0.043750,0.750000,0,,NONE,0.000000,4.242921,4.957078
48.800,FOLLOW_LANE,camera lane following,153.000,-0.043750,0.750000,0,,NONE,0.000000,4.235081,4.964919
48.832,FOLLOW_LANE,camera lane following,153.000,-0.043750,0.750000,0,,NONE,0.000000,4.235053,4.964947
48.864,FOLLOW_LANE,camera lane following,153.000,-0.043750,0.750000,0,,NONE,0.000000,4.235025,4.964975
48.896,FOLLOW_LANE,camera lane following,153.000,-0.043750,0.750000,0,,NONE,0.000000,4.234997,4.965003
48.928,FOLLOW_LANE,camera lane following,153.000,-0.043750,0.750000,0,,NONE,0.000000,4.234969,4.965031
48.960,FOLLOW_LANE,camera lane following,153.500,-0.040625,0.750000,0,,NONE,0.000000,4.267755,4.932244
48.992,FOLLOW_LANE,camera lane following,153.500,-0.040625,0.750000,0,,NONE,0.000000,4.259917,4.940083
49.024,FOLLOW_LANE,camera lane following,154.500,-0.034375,0.750000,0,,NONE,0.000000,4.325520,4.874480
49.056,FOLLOW_LANE,camera lane following,154.000,-0.037500,0.750000,0,,NONE,0.000000,4.277058,4.922941
49.088,FOLLOW_LANE,camera lane following,155.250,-0.029687,0.750000,0,,NONE,0.000000,4.366883,4.833117
49.120,FOLLOW_LANE,camera lane following,157.000,-0.018750,0.750000,0,,NONE,0.000000,4.462184,4.737816
49.152,FOLLOW_LANE,camera lane following,156.000,-0.025000,0.750000,0,,NONE,0.000000,4.369199,4.830801
49.184,FOLLOW_LANE,camera lane following,156.500,-0.021875,0.750000,0,,NONE,0.000000,4.417622,4.782377
49.216,FOLLOW_LANE,camera lane following,156.000,-0.025000,0.750000,0,,NONE,0.000000,4.376981,4.823018
49.248,FOLLOW_LANE,camera lane following,155.000,-0.031250,0.750000,0,,NONE,0.000000,4.319149,4.880851
49.280,FOLLOW_LANE,camera lane following,154.000,-0.037500,0.750000,0,,NONE,0.000000,4.269125,4.930875
49.312,FOLLOW_LANE,camera lane following,154.000,-0.037500,0.750000,0,,NONE,0.000000,4.284726,4.915274
49.344,FOLLOW_LANE,camera lane following,153.500,-0.040625,0.750000,0,,NONE,0.000000,4.251887,4.948112
49.376,FOLLOW_LANE,camera lane following,153.000,-0.043750,0.750000,0,,NONE,0.000000,4.226859,4.973140
49.408,FOLLOW_LANE,camera lane following,153.000,-0.043750,0.750000,0,,NONE,0.000000,4.234644,4.965356
49.440,FOLLOW_LANE,camera lane following,152.500,-0.046875,0.750000,0,,NONE,0.000000,4.201801,4.998198
49.472,FOLLOW_LANE,camera lane following,152.500,-0.046875,0.750000,0,,NONE,0.000000,4.209584,4.990416
49.504,FOLLOW_LANE,camera lane following,152.500,-0.046875,0.750000,0,,NONE,0.000000,4.209554,4.990446
49.536,FOLLOW_LANE,camera lane following,152.000,-0.050000,0.750000,0,,NONE,0.000000,4.176709,5.023290
49.568,FOLLOW_LANE,camera lane following,153.000,-0.043750,0.750000,0,,NONE,0.000000,4.250119,4.949881
49.600,FOLLOW_LANE,camera lane following,153.000,-0.043750,0.750000,0,,NONE,0.000000,4.234466,4.965534
49.632,FOLLOW_LANE,camera lane following,153.000,-0.043750,0.750000,0,,NONE,0.000000,4.234438,4.965562
49.664,FOLLOW_LANE,camera lane following,153.000,-0.043750,0.750000,0,,NONE,0.000000,4.234410,4.965590
49.696,FOLLOW_LANE,camera lane following,153.000,-0.043750,0.750000,0,,NONE,0.000000,4.234382,4.965618
49.728,FOLLOW_LANE,camera lane following,153.500,-0.040625,0.750000,0,,NONE,0.000000,4.267168,4.932831
49.760,FOLLOW_LANE,camera lane following,153.500,-0.040625,0.750000,0,,NONE,0.000000,4.259330,4.940670
49.792,FOLLOW_LANE,camera lane following,154.500,-0.034375,0.750000,0,,NONE,0.000000,4.324933,4.875067
49.824,FOLLOW_LANE,camera lane following,154.500,-0.034375,0.750000,0,,NONE,0.000000,4.309286,4.890714
49.856,FOLLOW_LANE,camera lane following,155.000,-0.031250,0.750000,0,,NONE,0.000000,4.342078,4.857921
49.888,FOLLOW_LANE,camera lane following,160.500,0.003125,0.750000,0,,NONE,0.000000,4.662391,4.537609
49.920,FOLLOW_LANE,camera lane following,156.000,-0.025000,0.750000,0,,NONE,0.000000,4.321750,4.878250
49.952,FOLLOW_LANE,camera lane following,157.000,-0.018750,0.750000,0,,NONE,0.000000,4.449863,4.750137
49.984,FOLLOW_LANE,camera lane following,157.000,-0.018750,0.750000,0,,NONE,0.000000,4.434226,4.765774
50.016,FOLLOW_LANE,camera lane following,155.500,-0.028125,0.750000,0,,NONE,0.000000,4.335770,4.864229
50.048,FOLLOW_LANE,camera lane following,154.500,-0.034375,0.750000,0,,NONE,0.000000,4.293561,4.906439
50.080,FOLLOW_LANE,camera lane following,154.000,-0.037500,0.750000,0,,NONE,0.000000,4.276349,4.923650
50.112,FOLLOW_LANE,camera lane following,153.500,-0.040625,0.750000,0,,NONE,0.000000,4.251323,4.948676
50.144,FOLLOW_LANE,camera lane following,153.500,-0.040625,0.750000,0,,NONE,0.000000,4.259110,4.940890
50.176,FOLLOW_LANE,camera lane following,153.000,-0.043750,0.750000,0,,NONE,0.000000,4.226269,4.973730
50.208,FOLLOW_LANE,camera lane following,152.500,-0.046875,0.750000,0,,NONE,0.000000,4.201239,4.998760
50.240,FOLLOW_LANE,camera lane following,153.000,-0.043750,0.750000,0,,NONE,0.000000,4.241836,4.958163
50.272,FOLLOW_LANE,camera lane following,152.500,-0.046875,0.750000,0,,NONE,0.000000,4.201181,4.998818
50.304,FOLLOW_LANE,camera lane following,152.500,-0.046875,0.750000,0,,NONE,0.000000,4.208964,4.991036
50.336,FOLLOW_LANE,camera lane following,152.500,-0.046875,0.750000,0,,NONE,0.000000,4.208934,4.991066
50.368,FOLLOW_LANE,camera lane following,152.500,-0.046875,0.750000,0,,NONE,0.000000,4.208904,4.991096
50.400,FOLLOW_LANE,camera lane following,152.500,-0.046875,0.750000,0,,NONE,0.000000,4.208874,4.991126
50.432,FOLLOW_LANE,camera lane following,152.500,-0.046875,0.750000,0,,NONE,0.000000,4.208844,4.991156
50.464,FOLLOW_LANE,camera lane following,152.500,-0.046875,0.750000,0,,NONE,0.000000,4.208814,4.991186
50.496,FOLLOW_LANE,camera lane following,153.500,-0.040625,0.750000,0,,NONE,0.000000,4.274413,4.925587
50.528,FOLLOW_LANE,camera lane following,153.500,-0.040625,0.750000,0,,NONE,0.000000,4.258762,4.941238
50.560,FOLLOW_LANE,camera lane following,154.500,-0.034375,0.750000,0,,NONE,0.000000,4.324365,4.875635
50.592,FOLLOW_LANE,camera lane following,154.000,-0.037500,0.750000,0,,NONE,0.000000,4.275904,4.924096
50.624,FOLLOW_LANE,camera lane following,154.500,-0.034375,0.750000,0,,NONE,0.000000,4.316507,4.883493
50.656,FOLLOW_LANE,camera lane following,159.000,-0.006250,0.750000,0,,NONE,0.000000,4.604002,4.595997
50.688,FOLLOW_LANE,camera lane following,156.000,-0.025000,0.750000,0,,NONE,0.000000,4.336799,4.863201
50.720,FOLLOW_LANE,camera lane following,156.500,-0.021875,0.750000,0,,NONE,0.000000,4.416472,4.783527
50.752,FOLLOW_LANE,camera lane following,157.000,-0.018750,0.750000,0,,NONE,0.000000,4.441460,4.758539
50.784,FOLLOW_LANE,camera lane following,156.000,-0.025000,0.750000,0,,NONE,0.000000,4.368007,4.831993
50.816,FOLLOW_LANE,camera lane following,154.500,-0.034375,0.750000,0,,NONE,0.000000,4.285172,4.914827
50.848,FOLLOW_LANE,camera lane following,154.000,-0.037500,0.750000,0,,NONE,0.000000,4.275773,4.924226
50.880,FOLLOW_LANE,camera lane following,153.500,-0.040625,0.750000,0,,NONE,0.000000,4.250747,4.949253
50.912,FOLLOW_LANE,camera lane following,153.000,-0.043750,0.750000,0,,NONE,0.000000,4.225719,4.974280
50.944,FOLLOW_LANE,camera lane following,153.000,-0.043750,0.750000,0,,NONE,0.000000,4.233504,4.966496
50.976,FOLLOW_LANE,camera lane following,152.500,-0.046875,0.750000,0,,NONE,0.000000,4.200661,4.999338
51.008,FOLLOW_LANE,camera lane following,152.000,-0.050000,0.750000,0,,NONE,0.000000,4.175629,5.024370
51.040,FOLLOW_LANE,camera lane following,152.000,-0.050000,0.750000,0,,NONE,0.000000,4.183410,5.016590
51.072,FOLLOW_LANE,camera lane following,151.500,-0.053125,0.750000,0,,NONE,0.000000,4.150563,5.049436
51.104,FOLLOW_LANE,camera lane following,151.500,-0.053125,0.750000,0,,NONE,0.000000,4.158342,5.041658
51.136,FOLLOW_LANE,camera lane following,152.000,-0.050000,0.750000,0,,NONE,0.000000,4.191122,5.008877
51.168,FOLLOW_LANE,camera lane following,152.000,-0.050000,0.750000,0,,NONE,0.000000,4.183278,5.016722
51.200,FOLLOW_LANE,camera lane following,152.000,-0.050000,0.750000,0,,NONE,0.000000,4.183246,5.016754
51.232,FOLLOW_LANE,camera lane following,152.500,-0.046875,0.750000,0,,NONE,0.000000,4.216028,4.983971
51.264,FOLLOW_LANE,camera lane following,152.500,-0.046875,0.750000,0,,NONE,0.000000,4.208186,4.991814
51.296,FOLLOW_LANE,camera lane following,153.000,-0.043750,0.750000,0,,NONE,0.000000,4.240970,4.959029
51.328,FOLLOW_LANE,camera lane following,153.000,-0.043750,0.750000,0,,NONE,0.000000,4.233130,4.966870
51.360,FOLLOW_LANE,camera lane following,153.500,-0.040625,0.750000,0,,NONE,0.000000,4.265916,4.934083
51.392,FOLLOW_LANE,camera lane following,154.000,-0.037500,0.750000,0,,NONE,0.000000,4.290892,4.909107
51.424,FOLLOW_LANE,camera lane following,159.000,-0.006250,0.750000,0,,NONE,0.000000,4.611201,4.588799
51.456,FOLLOW_LANE,camera lane following,155.500,-0.028125,0.750000,0,,NONE,0.000000,4.303370,4.896629
51.488,FOLLOW_LANE,camera lane following,156.000,-0.025000,0.750000,0,,NONE,0.000000,4.390854,4.809145
51.520,FOLLOW_LANE,camera lane following,156.500,-0.021875,0.750000,0,,NONE,0.000000,4.415840,4.784159
51.552,FOLLOW_LANE,camera lane following,155.500,-0.028125,0.750000,0,,NONE,0.000000,4.342385,4.857615
51.584,FOLLOW_LANE,camera lane following,154.500,-0.034375,0.750000,0,,NONE,0.000000,4.292363,4.907637
51.616,FOLLOW_LANE,camera lane following,154.000,-0.037500,0.750000,0,,NONE,0.000000,4.275151,4.924848
51.648,FOLLOW_LANE,camera lane following,153.000,-0.043750,0.750000,0,,NONE,0.000000,4.217311,4.982689
51.680,FOLLOW_LANE,camera lane following,152.500,-0.046875,0.750000,0,,NONE,0.000000,4.200093,4.999906
51.712,FOLLOW_LANE,camera lane following,152.500,-0.046875,0.750000,0,,NONE,0.000000,4.207876,4.992124
51.744,FOLLOW_LANE,camera lane following,152.000,-0.050000,0.750000,0,,NONE,0.000000,4.175031,5.024968
51.776,FOLLOW_LANE,camera lane following,152.000,-0.050000,0.750000,0,,NONE,0.000000,4.182812,5.017188
51.808,FOLLOW_LANE,camera lane following,152.000,-0.050000,0.750000,0,,NONE,0.000000,4.182780,5.017220
51.840,FOLLOW_LANE,camera lane following,152.000,-0.050000,0.750000,0,,NONE,0.000000,4.182748,5.017252
51.872,FOLLOW_LANE,camera lane following,152.000,-0.050000,0.750000,0,,NONE,0.000000,4.182716,5.017284
51.904,FOLLOW_LANE,camera lane following,152.000,-0.050000,0.750000,0,,NONE,0.000000,4.182684,5.017316
51.936,FOLLOW_LANE,camera lane following,152.000,-0.050000,0.750000,0,,NONE,0.000000,4.182652,5.017348
51.968,FOLLOW_LANE,camera lane following,152.000,-0.050000,0.750000,0,,NONE,0.000000,4.182620,5.017380
52.000,FOLLOW_LANE,camera lane following,152.500,-0.046875,0.750000,0,,NONE,0.000000,4.215402,4.984597
52.032,FOLLOW_LANE,camera lane following,152.500,-0.046875,0.750000,0,,NONE,0.000000,4.207560,4.992440
52.064,FOLLOW_LANE,camera lane following,153.000,-0.043750,0.750000,0,,NONE,0.000000,4.240344,4.959655
52.096,FOLLOW_LANE,camera lane following,153.500,-0.040625,0.750000,0,,NONE,0.000000,4.265318,4.934681
52.128,FOLLOW_LANE,camera lane following,154.000,-0.037500,0.750000,0,,NONE,0.000000,4.290294,4.909705
52.160,FOLLOW_LANE,camera lane following,154.000,-0.037500,0.750000,0,,NONE,0.000000,4.282458,4.917542
52.192,FOLLOW_LANE,camera lane following,157.500,-0.015625,0.750000,0,,NONE,0.000000,4.512135,4.687864
52.224,FOLLOW_LANE,camera lane following,155.500,-0.028125,0.750000,0,,NONE,0.000000,4.326180,4.873820
52.256,FOLLOW_LANE,camera lane following,156.000,-0.025000,0.750000,0,,NONE,0.000000,4.390226,4.809773
52.288,FOLLOW_LANE,camera lane following,155.500,-0.028125,0.750000,0,,NONE,0.000000,4.349583,4.850416
52.320,FOLLOW_LANE,camera lane following,155.000,-0.031250,0.750000,0,,NONE,0.000000,4.324564,4.875436
52.352,FOLLOW_LANE,camera lane following,154.500,-0.034375,0.750000,0,,NONE,0.000000,4.299542,4.900458
52.384,FOLLOW_LANE,camera lane following,154.000,-0.037500,0.750000,0,,NONE,0.000000,4.274517,4.925482
52.416,FOLLOW_LANE,camera lane following,154.000,-0.037500,0.750000,0,,NONE,0.000000,4.282306,4.917694
52.448,FOLLOW_LANE,camera lane following,153.500,-0.040625,0.750000,0,,NONE,0.000000,4.249467,4.950532
52.480,FOLLOW_LANE,camera lane following,154.000,-0.037500,0.750000,0,,NONE,0.000000,4.290068,4.909931
52.512,FOLLOW_LANE,camera lane following,154.000,-0.037500,0.750000,0,,NONE,0.000000,4.282232,4.917768
52.544,FOLLOW_LANE,camera lane following,154.000,-0.037500,0.750000,0,,NONE,0.000000,4.282208,4.917792
52.576,FOLLOW_LANE,camera lane following,154.000,-0.037500,0.750000,0,,NONE,0.000000,4.282184,4.917816
52.608,FOLLOW_LANE,camera lane following,154.000,-0.037500,0.750000,0,,NONE,0.000000,4.282160,4.917840
52.640,FOLLOW_LANE,camera lane following,154.000,-0.037500,0.750000,0,,NONE,0.000000,4.282136,4.917864
52.672,FOLLOW_LANE,camera lane following,154.000,-0.037500,0.750000,0,,NONE,0.000000,4.282112,4.917888
52.704,FOLLOW_LANE,camera lane following,154.000,-0.037500,0.750000,0,,NONE,0.000000,4.282088,4.917912
52.736,FOLLOW_LANE,camera lane following,154.000,-0.037500,0.750000,0,,NONE,0.000000,4.282064,4.917936
52.768,FOLLOW_LANE,camera lane following,154.000,-0.037500,0.750000,0,,NONE,0.000000,4.282040,4.917960
52.800,FOLLOW_LANE,camera lane following,154.500,-0.034375,0.750000,0,,NONE,0.000000,4.314830,4.885169
52.832,FOLLOW_LANE,camera lane following,154.500,-0.034375,0.750000,0,,NONE,0.000000,4.306996,4.893004
52.864,FOLLOW_LANE,camera lane following,155.000,-0.031250,0.750000,0,,NONE,0.000000,4.339789,4.860211
52.896,FOLLOW_LANE,camera lane following,155.000,-0.031250,0.750000,0,,NONE,0.000000,4.331956,4.868044
52.928,FOLLOW_LANE,camera lane following,155.500,-0.028125,0.750000,0,,NONE,0.000000,4.364750,4.835249
52.960,FOLLOW_LANE,camera lane following,158.000,-0.012500,0.750000,0,,NONE,0.000000,4.520992,4.679007
52.992,FOLLOW_LANE,camera lane following,156.500,-0.021875,0.750000,0,,NONE,0.000000,4.383478,4.816521
53.024,FOLLOW_LANE,camera lane following,157.000,-0.018750,0.750000,0,,NONE,0.000000,4.439716,4.760283
53.056,FOLLOW_LANE,camera lane following,157.000,-0.018750,0.750000,0,,NONE,0.000000,4.431892,4.768108
53.088,FOLLOW_LANE,camera lane following,156.500,-0.021875,0.750000,0,,NONE,0.000000,4.399065,4.800934
53.120,FOLLOW_LANE,camera lane following,155.500,-0.028125,0.750000,0,,NONE,0.000000,4.341235,4.858765
53.152,FOLLOW_LANE,camera lane following,155.500,-0.028125,0.750000,0,,NONE,0.000000,4.356842,4.843158
53.184,FOLLOW_LANE,camera lane following,155.000,-0.031250,0.750000,0,,NONE,0.000000,4.324009,4.875990
53.216,FOLLOW_LANE,camera lane following,154.500,-0.034375,0.750000,0,,NONE,0.000000,4.298987,4.901012
53.248,FOLLOW_LANE,camera lane following,153.500,-0.040625,0.750000,0,,NONE,0.000000,4.241149,4.958851
53.280,FOLLOW_LANE,camera lane following,154.000,-0.037500,0.750000,0,,NONE,0.000000,4.289562,4.910437
53.312,FOLLOW_LANE,camera lane following,153.500,-0.040625,0.750000,0,,NONE,0.000000,4.248911,4.951089
53.344,FOLLOW_LANE,camera lane following,153.500,-0.040625,0.750000,0,,NONE,0.000000,4.256698,4.943302
53.376,FOLLOW_LANE,camera lane following,153.000,-0.043750,0.750000,0,,NONE,0.000000,4.223857,4.976142
53.408,FOLLOW_LANE,camera lane following,153.000,-0.043750,0.750000,0,,NONE,0.000000,4.231642,4.968358
53.440,FOLLOW_LANE,camera lane following,153.000,-0.043750,0.750000,0,,NONE,0.000000,4.231614,4.968386
53.472,FOLLOW_LANE,camera lane following,153.000,-0.043750,0.750000,0,,NONE,0.000000,4.231586,4.968414
53.504,FOLLOW_LANE,camera lane following,153.000,-0.043750,0.750000,0,,NONE,0.000000,4.231558,4.968442
53.536,FOLLOW_LANE,camera lane following,153.000,-0.043750,0.750000,0,,NONE,0.000000,4.231530,4.968470
53.568,FOLLOW_LANE,camera lane following,153.000,-0.043750,0.750000,0,,NONE,0.000000,4.231502,4.968498
53.600,FOLLOW_LANE,camera lane following,153.000,-0.043750,0.750000,0,,NONE,0.000000,4.231474,4.968526
53.632,FOLLOW_LANE,camera lane following,153.500,-0.040625,0.750000,0,,NONE,0.000000,4.264260,4.935739
53.664,FOLLOW_LANE,camera lane following,154.000,-0.037500,0.750000,0,,NONE,0.000000,4.289236,4.910763
53.696,FOLLOW_LANE,camera lane following,154.000,-0.037500,0.750000,0,,NONE,0.000000,4.281400,4.918600
53.728,FOLLOW_LANE,camera lane following,156.000,-0.025000,0.750000,0,,NONE,0.000000,4.412634,4.787366
53.760,FOLLOW_LANE,camera lane following,156.500,-0.021875,0.750000,0,,NONE,0.000000,4.414182,4.785817
53.792,FOLLOW_LANE,camera lane following,156.500,-0.021875,0.750000,0,,NONE,0.000000,4.406356,4.793644
53.824,FOLLOW_LANE,camera lane following,157.000,-0.018750,0.750000,0,,NONE,0.000000,4.439156,4.760844
53.856,FOLLOW_LANE,camera lane following,157.500,-0.015625,0.750000,0,,NONE,0.000000,4.464147,4.735853
53.888,FOLLOW_LANE,camera lane following,155.000,-0.031250,0.750000,0,,NONE,0.000000,4.292251,4.907748
53.920,FOLLOW_LANE,camera lane following,154.000,-0.037500,0.750000,0,,NONE,0.000000,4.265665,4.934335
53.952,FOLLOW_LANE,camera lane following,153.500,-0.040625,0.750000,0,,NONE,0.000000,4.248451,4.951548
53.984,FOLLOW_LANE,camera lane following,153.500,-0.040625,0.750000,0,,NONE,0.000000,4.256238,4.943762
54.016,FOLLOW_LANE,camera lane following,153.000,-0.043750,0.750000,0,,NONE,0.000000,4.223397,4.976602
54.048,FOLLOW_LANE,camera lane following,152.000,-0.050000,0.750000,0,,NONE,0.000000,4.165553,5.034447
54.080,FOLLOW_LANE,camera lane following,152.000,-0.050000,0.750000,0,,NONE,0.000000,4.181146,5.018854
54.112,FOLLOW_LANE,camera lane following,151.500,-0.053125,0.750000,0,,NONE,0.000000,4.148299,5.051700
54.144,FOLLOW_LANE,camera lane following,151.000,-0.056250,0.750000,0,,NONE,0.000000,4.123263,5.076736
54.176,FOLLOW_LANE,camera lane following,151.000,-0.056250,0.750000,0,,NONE,0.000000,4.131040,5.068960
54.208,FOLLOW_LANE,camera lane following,151.000,-0.056250,0.750000,0,,NONE,0.000000,4.131004,5.068996
54.240,FOLLOW_LANE,camera lane following,151.000,-0.056250,0.750000,0,,NONE,0.000000,4.130968,5.069032
54.272,FOLLOW_LANE,camera lane following,151.500,-0.053125,0.750000,0,,NONE,0.000000,4.163746,5.036253
54.304,FOLLOW_LANE,camera lane following,152.000,-0.050000,0.750000,0,,NONE,0.000000,4.188714,5.011285
54.336,FOLLOW_LANE,camera lane following,152.500,-0.046875,0.750000,0,,NONE,0.000000,4.213684,4.986315
54.368,FOLLOW_LANE,camera lane following,152.500,-0.046875,0.750000,0,,NONE,0.000000,4.205842,4.994158
54.400,FOLLOW_LANE,camera lane following,153.000,-0.043750,0.750000,0,,NONE,0.000000,4.238626,4.961373
54.432,FOLLOW_LANE,camera lane following,154.000,-0.037500,0.750000,0,,NONE,0.000000,4.296415,4.903585
54.464,FOLLOW_LANE,camera lane following,153.500,-0.040625,0.750000,0,,NONE,0.000000,4.247952,4.952048
54.496,FOLLOW_LANE,camera lane following,155.000,-0.031250,0.750000,0,,NONE,0.000000,4.354181,4.845819
54.528,FOLLOW_LANE,camera lane following,160.000,0.000000,0.750000,0,,NONE,0.000000,4.658869,4.541131
54.560,FOLLOW_LANE,camera lane following,156.000,-0.025000,0.750000,0,,NONE,0.000000,4.318228,4.881772
54.592,FOLLOW_LANE,camera lane following,156.500,-0.021875,0.750000,0,,NONE,0.000000,4.413526,4.786473
54.624,FOLLOW_LANE,camera lane following,157.000,-0.018750,0.750000,0,,NONE,0.000000,4.438515,4.761485
54.656,FOLLOW_LANE,camera lane following,156.000,-0.025000,0.750000,0,,NONE,0.000000,4.365061,4.834939
54.688,FOLLOW_LANE,camera lane following,154.000,-0.037500,0.750000,0,,NONE,0.000000,4.249412,4.950588
54.720,FOLLOW_LANE,camera lane following,153.000,-0.043750,0.750000,0,,NONE,0.000000,4.215009,4.984991
54.752,FOLLOW_LANE,camera lane following,152.500,-0.046875,0.750000,0,,NONE,0.000000,4.197791,5.002209
54.784,FOLLOW_LANE,camera lane following,152.000,-0.050000,0.750000,0,,NONE,0.000000,4.172759,5.027240
54.816,FOLLOW_LANE,camera lane following,151.500,-0.053125,0.750000,0,,NONE,0.000000,4.147725,5.052274
54.848,FOLLOW_LANE,camera lane following,151.000,-0.056250,0.750000,0,,NONE,0.000000,4.122689,5.077310
54.880,FOLLOW_LANE,camera lane following,151.000,-0.056250,0.750000,0,,NONE,0.000000,4.130466,5.069534
54.912,FOLLOW_LANE,camera lane following,151.500,-0.053125,0.750000,0,,NONE,0.000000,4.163244,5.036755
54.944,FOLLOW_LANE,camera lane following,151.500,-0.053125,0.750000,0,,NONE,0.000000,4.155398,5.044602
54.976,FOLLOW_LANE,camera lane following,151.500,-0.053125,0.750000,0,,NONE,0.000000,4.155364,5.044636
55.008,FOLLOW_LANE,camera lane following,151.500,-0.053125,0.750000,0,,NONE,0.000000,4.155330,5.044670
55.040,FOLLOW_LANE,camera lane following,152.000,-0.050000,0.750000,0,,NONE,0.000000,4.188110,5.011889
55.072,FOLLOW_LANE,camera lane following,152.000,-0.050000,0.750000,0,,NONE,0.000000,4.180266,5.019734
55.104,FOLLOW_LANE,camera lane following,152.500,-0.046875,0.750000,0,,NONE,0.000000,4.213048,4.986951
55.136,FOLLOW_LANE,camera lane following,152.500,-0.046875,0.750000,0,,NONE,0.000000,4.205206,4.994794
55.168,FOLLOW_LANE,camera lane following,153.000,-0.043750,0.750000,0,,NONE,0.000000,4.237990,4.962009
55.200,FOLLOW_LANE,camera lane following,154.000,-0.037500,0.750000,0,,NONE,0.000000,4.295779,4.904221
55.232,FOLLOW_LANE,camera lane following,153.500,-0.040625,0.750000,0,,NONE,0.000000,4.247316,4.952684
55.264,FOLLOW_LANE,camera lane following,154.500,-0.034375,0.750000,0,,NONE,0.000000,4.320731,4.879269
55.296,FOLLOW_LANE,camera lane following,159.000,-0.006250,0.750000,0,,NONE,0.000000,4.600414,4.599585
55.328,FOLLOW_LANE,camera lane following,156.000,-0.025000,0.750000,0,,NONE,0.000000,4.333211,4.866789
55.360,FOLLOW_LANE,camera lane following,156.500,-0.021875,0.750000,0,,NONE,0.000000,4.412884,4.787115
55.392,FOLLOW_LANE,camera lane following,156.500,-0.021875,0.750000,0,,NONE,0.000000,4.405058,4.794942
55.424,FOLLOW_LANE,camera lane following,155.000,-0.031250,0.750000,0,,NONE,0.000000,4.306601,4.893399
55.456,FOLLOW_LANE,camera lane following,154.000,-0.037500,0.750000,0,,NONE,0.000000,4.264389,4.935611
55.488,FOLLOW_LANE,camera lane following,154.000,-0.037500,0.750000,0,,NONE,0.000000,4.280000,4.920000
55.520,FOLLOW_LANE,camera lane following,153.500,-0.040625,0.750000,0,,NONE,0.000000,4.247187,4.952812
55.552,FOLLOW_LANE,camera lane following,153.500,-0.040625,0.750000,0,,NONE,0.000000,4.255000,4.945000
55.584,FOLLOW_LANE,camera lane following,153.000,-0.043750,0.750000,0,,NONE,0.000000,4.222187,4.977812
55.616,FOLLOW_LANE,camera lane following,153.000,-0.043750,0.750000,0,,NONE,0.000000,4.230000,4.970000
55.648,FOLLOW_LANE,camera lane following,153.000,-0.043750,0.750000,0,,NONE,0.000000,4.230000,4.970000
55.680,FOLLOW_LANE,camera lane following,153.000,-0.043750,0.750000,0,,NONE,0.000000,4.230000,4.970000
55.712,FOLLOW_LANE,camera lane following,153.000,-0.043750,0.750000,0,,NONE,0.000000,4.230000,4.970000
55.744,FOLLOW_LANE,camera lane following,153.000,-0.043750,0.750000,0,,NONE,0.000000,4.230000,4.970000
55.776,FOLLOW_LANE,camera lane following,153.000,-0.043750,0.750000,0,,NONE,0.000000,4.230000,4.970000
55.808,FOLLOW_LANE,camera lane following,153.500,-0.040625,0.750000,0,,NONE,0.000000,4.262812,4.937187
55.840,FOLLOW_LANE,camera lane following,153.500,-0.040625,0.750000,0,,NONE,0.000000,4.255000,4.945000
55.872,FOLLOW_LANE,camera lane following,153.500,-0.040625,0.750000,0,,NONE,0.000000,4.255000,4.945000
55.904,FOLLOW_LANE,camera lane following,154.000,-0.037500,0.750000,0,,NONE,0.000000,4.287812,4.912187
55.936,FOLLOW_LANE,camera lane following,154.000,-0.037500,0.750000,0,,NONE,0.000000,4.280000,4.920000
55.968,FOLLOW_LANE,camera lane following,155.000,-0.031250,0.750000,0,,NONE,0.000000,4.345625,4.854375
56.000,FOLLOW_LANE,camera lane following,154.500,-0.034375,0.750000,0,,NONE,0.000000,4.297187,4.902812
56.032,FOLLOW_LANE,camera lane following,155.500,-0.028125,0.750000,0,,NONE,0.000000,4.370625,4.829375
56.064,FOLLOW_LANE,camera lane following,158.500,-0.009375,0.750000,0,,NONE,0.000000,4.551875,4.648125
56.096,FOLLOW_LANE,camera lane following,156.500,-0.021875,0.750000,0,,NONE,0.000000,4.373750,4.826250
56.128,FOLLOW_LANE,camera lane following,157.000,-0.018750,0.750000,0,,NONE,0.000000,4.437812,4.762187
56.160,FOLLOW_LANE,camera lane following,157.000,-0.018750,0.750000,0,,NONE,0.000000,4.430000,4.770000
56.192,FOLLOW_LANE,camera lane following,155.500,-0.028125,0.750000,0,,NONE,0.000000,4.331562,4.868437
56.224,FOLLOW_LANE,camera lane following,155.000,-0.031250,0.750000,0,,NONE,0.000000,4.322188,4.877812
56.256,FOLLOW_LANE,camera lane following,154.500,-0.034375,0.750000,0,,NONE,0.000000,4.297187,4.902812
56.288,FOLLOW_LANE,camera lane following,154.500,-0.034375,0.750000,0,,NONE,0.000000,4.305000,4.895000
56.320,FOLLOW_LANE,camera lane following,154.000,-0.037500,0.750000,0,,NONE,0.000000,4.272187,4.927812
56.352,FOLLOW_LANE,camera lane following,154.000,-0.037500,0.750000,0,,NONE,0.000000,4.280000,4.920000
56.384,FOLLOW_LANE,camera lane following,153.500,-0.040625,0.750000,0,,NONE,0.000000,4.247187,4.952812
56.416,FOLLOW_LANE,camera lane following,153.500,-0.040625,0.750000,0,,NONE,0.000000,4.255000,4.945000
56.448,FOLLOW_LANE,camera lane following,154.000,-0.037500,0.750000,0,,NONE,0.000000,4.287812,4.912187
56.480,FOLLOW_LANE,camera lane following,154.000,-0.037500,0.750000,0,,NONE,0.000000,4.280000,4.920000
56.512,FOLLOW_LANE,camera lane following,153.500,-0.040625,0.750000,0,,NONE,0.000000,4.247187,4.952812
56.544,FOLLOW_LANE,camera lane following,154.000,-0.037500,0.750000,0,,NONE,0.000000,4.287812,4.912187
56.576,FOLLOW_LANE,camera lane following,154.000,-0.037500,0.750000,0,,NONE,0.000000,4.280000,4.920000
56.608,FOLLOW_LANE,camera lane following,154.000,-0.037500,0.750000,0,,NONE,0.000000,4.280000,4.920000
56.640,FOLLOW_LANE,camera lane following,154.000,-0.037500,0.750000,0,,NONE,0.000000,4.280000,4.920000
56.672,FOLLOW_LANE,camera lane following,154.000,-0.037500,0.750000,0,,NONE,0.000000,4.280000,4.920000
56.704,FOLLOW_LANE,camera lane following,154.000,-0.037500,0.750000,0,,NONE,0.000000,4.280000,4.920000
56.736,FOLLOW_LANE,camera lane following,154.500,-0.034375,0.750000,0,,NONE,0.000000,4.312812,4.887187
56.768,FOLLOW_LANE,camera lane following,154.500,-0.034375,0.750000,0,,NONE,0.000000,4.305000,4.895000
56.800,FOLLOW_LANE,camera lane following,155.000,-0.031250,0.750000,0,,NONE,0.000000,4.337813,4.862187
56.832,FOLLOW_LANE,camera lane following,160.000,0.000000,0.750000,0,,NONE,0.000000,4.658125,4.541875
56.864,FOLLOW_LANE,camera lane following,156.500,-0.021875,0.750000,0,,NONE,0.000000,4.350312,4.849687
56.896,FOLLOW_LANE,camera lane following,157.000,-0.018750,0.750000,0,,NONE,0.000000,4.437812,4.762187
56.928,FOLLOW_LANE,camera lane following,157.500,-0.015625,0.750000,0,,NONE,0.000000,4.462813,4.737187
56.960,FOLLOW_LANE,camera lane following,157.000,-0.018750,0.750000,0,,NONE,0.000000,4.422187,4.777812
56.992,FOLLOW_LANE,camera lane following,155.500,-0.028125,0.750000,0,,NONE,0.000000,4.331562,4.868437
57.024,FOLLOW_LANE,camera lane following,155.000,-0.031250,0.750000,0,,NONE,0.000000,4.322188,4.877812
57.056,FOLLOW_LANE,camera lane following,154.500,-0.034375,0.750000,0,,NONE,0.000000,4.297187,4.902812
57.088,FOLLOW_LANE,camera lane following,154.000,-0.037500,0.750000,0,,NONE,0.000000,4.272187,4.927812
57.120,FOLLOW_LANE,camera lane following,153.000,-0.043750,0.750000,0,,NONE,0.000000,4.214375,4.985625
57.152,FOLLOW_LANE,camera lane following,152.500,-0.046875,0.750000,0,,NONE,0.000000,4.197188,5.002812
57.184,FOLLOW_LANE,camera lane following,152.250,-0.048438,0.750000,0,,NONE,0.000000,4.188594,5.011406
57.216,FOLLOW_LANE,camera lane following,152.000,-0.050000,0.750000,0,,NONE,0.000000,4.176094,5.023906
57.248,FOLLOW_LANE,camera lane following,151.500,-0.053125,0.750000,0,,NONE,0.000000,4.147187,5.052812
57.280,FOLLOW_LANE,camera lane following,151.500,-0.053125,0.750000,0,,NONE,0.000000,4.155000,5.045000
57.312,FOLLOW_LANE,camera lane following,151.500,-0.053125,0.750000,0,,NONE,0.000000,4.155000,5.045000
57.344,FOLLOW_LANE,camera lane following,151.500,-0.053125,0.750000,0,,NONE,0.000000,4.155000,5.045000
57.376,FOLLOW_LANE,camera lane following,151.500,-0.053125,0.750000,0,,NONE,0.000000,4.155000,5.045000
57.408,FOLLOW_LANE,camera lane following,152.000,-0.050000,0.750000,0,,NONE,0.000000,4.187812,5.012187
57.440,FOLLOW_LANE,camera lane following,152.500,-0.046875,0.750000,0,,NONE,0.000000,4.212813,4.987187
57.472,FOLLOW_LANE,camera lane following,153.000,-0.043750,0.750000,0,,NONE,0.000000,4.237812,4.962187
57.504,FOLLOW_LANE,camera lane following,153.500,-0.040625,0.750000,0,,NONE,0.000000,4.262812,4.937187
57.536,FOLLOW_LANE,camera lane following,154.000,-0.037500,0.750000,0,,NONE,0.000000,4.287812,4.912187
57.568,FOLLOW_LANE,camera lane following,154.500,-0.034375,0.750000,0,,NONE,0.000000,4.312812,4.887187
57.600,FOLLOW_LANE,camera lane following,155.500,-0.028125,0.750000,0,,NONE,0.000000,4.370625,4.829375
57.632,FOLLOW_LANE,camera lane following,155.500,-0.028125,0.750000,0,,NONE,0.000000,4.355000,4.845000
57.664,FOLLOW_LANE,camera lane following,154.000,-0.037500,0.750000,0,,NONE,0.000000,4.256562,4.943437
57.696,FOLLOW_LANE,camera lane following,159.000,-0.006250,0.750000,0,,NONE,0.000000,4.608125,4.591875
57.728,FOLLOW_LANE,camera lane following,158.500,-0.009375,0.750000,0,,NONE,0.000000,4.497187,4.702812
57.760,FOLLOW_LANE,camera lane following,154.500,-0.034375,0.750000,0,,NONE,0.000000,4.242500,4.957500
57.792,FOLLOW_LANE,camera lane following,150.500,-0.059375,0.750000,0,,NONE,0.000000,4.042500,5.157500
