time_s,state,reason,lane_center_x,lane_error_normalized,lane_confidence,obstacle_count,path_blocked,obstacle_present,primary_track_id,obstacle_color,obstacle_motion,obstacle_confidence,obstacle_threat_score,left_speed,right_speed
0.032,FOLLOW_LANE,camera lane following,159.500,-0.003125,0.750000,0,0,0,,,NONE,0.000000,0.000000,4.600000,4.600000
0.064,FOLLOW_LANE,camera lane following,163.000,0.018750,0.750000,0,0,0,,,NONE,0.000000,0.000000,4.796887,4.403113
0.096,FOLLOW_LANE,camera lane following,160.500,0.003125,0.750000,0,0,0,,,NONE,0.000000,0.000000,4.553137,4.646863
0.128,FOLLOW_LANE,camera lane following,160.000,0.000000,0.750000,0,0,0,,,NONE,0.000000,0.000000,4.600012,4.599988
0.160,FOLLOW_LANE,camera lane following,159.500,-0.003125,0.750000,0,0,0,,,NONE,0.000000,0.000000,4.600012,4.599988
0.192,FOLLOW_LANE,camera lane following,160.000,0.000000,0.750000,0,0,0,,,NONE,0.000000,0.000000,4.600012,4.599988
0.224,FOLLOW_LANE,camera lane following,160.000,0.000000,0.750000,0,0,0,,,NONE,0.000000,0.000000,4.600012,4.599988
0.256,FOLLOW_LANE,camera lane following,160.000,0.000000,0.750000,0,0,0,,,NONE,0.000000,0.000000,4.600012,4.599988
0.288,FOLLOW_LANE,camera lane following,160.000,0.000000,0.750000,0,0,0,,,NONE,0.000000,0.000000,4.600012,4.599988
0.320,FOLLOW_LANE,camera lane following,159.500,-0.003125,0.750000,0,0,0,,,NONE,0.000000,0.000000,4.600012,4.599988
0.352,FOLLOW_LANE,camera lane following,159.500,-0.003125,0.750000,0,0,0,,,NONE,0.000000,0.000000,4.600012,4.599988
0.384,FOLLOW_LANE,camera lane following,159.000,-0.006250,0.750000,0,0,0,,,NONE,0.000000,0.000000,4.534383,4.665617
0.416,FOLLOW_LANE,camera lane following,159.250,-0.004687,0.750000,0,0,0,,,NONE,0.000000,0.000000,4.615633,4.584367
0.448,FOLLOW_LANE,camera lane following,160.000,0.000000,0.750000,0,0,0,,,NONE,0.000000,0.000000,4.600008,4.599992
0.480,FOLLOW_LANE,camera lane following,159.500,-0.003125,0.750000,0,0,0,,,NONE,0.000000,0.000000,4.600008,4.599992
0.512,FOLLOW_LANE,camera lane following,160.000,0.000000,0.750000,0,0,0,,,NONE,0.000000,0.000000,4.600008,4.599992
0.544,FOLLOW_LANE,camera lane following,160.000,0.000000,0.750000,0,0,0,,,NONE,0.000000,0.000000,4.600008,4.599992
0.576,FOLLOW_LANE,camera lane following,159.750,-0.001563,0.750000,0,0,0,,,NONE,0.000000,0.000000,4.600008,4.599992
0.608,FOLLOW_LANE,camera lane following,159.500,-0.003125,0.750000,0,0,0,,,NONE,0.000000,0.000000,4.600008,4.599992
0.640,FOLLOW_LANE,camera lane following,160.000,0.000000,0.750000,0,0,0,,,NONE,0.000000,0.000000,4.600008,4.599992
0.672,FOLLOW_LANE,camera lane following,160.000,0.000000,0.750000,0,0,0,,,NONE,0.000000,0.000000,4.600008,4.599992
0.704,FOLLOW_LANE,camera lane following,159.500,-0.003125,0.750000,0,0,0,,,NONE,0.000000,0.000000,4.600008,4.599992
0.736,FOLLOW_LANE,camera lane following,159.000,-0.006250,0.750000,0,0,0,,,NONE,0.000000,0.000000,4.534379,4.665621
0.768,FOLLOW_LANE,camera lane following,160.000,0.000000,0.750000,0,0,0,,,NONE,0.000000,0.000000,4.615629,4.584371
0.800,FOLLOW_LANE,camera lane following,159.500,-0.003125,0.750000,0,0,0,,,NONE,0.000000,0.000000,4.600004,4.599996
0.832,FOLLOW_LANE,camera lane following,160.000,0.000000,0.750000,0,0,0,,,NONE,0.000000,0.000000,4.600004,4.599996
0.864,FOLLOW_LANE,camera lane following,160.000,0.000000,0.750000,0,0,0,,,NONE,0.000000,0.000000,4.600004,4.599996
0.896,FOLLOW_LANE,camera lane following,160.000,0.000000,0.750000,0,0,0,,,NONE,0.000000,0.000000,4.600004,4.599996
0.928,FOLLOW_LANE,camera lane following,160.000,0.000000,0.750000,0,0,0,,,NONE,0.000000,0.000000,4.600004,4.599996
0.960,FOLLOW_LANE,camera lane following,159.500,-0.003125,0.750000,0,0,0,,,NONE,0.000000,0.000000,4.600004,4.599996
0.992,FOLLOW_LANE,camera lane following,159.500,-0.003125,0.750000,0,0,0,,,NONE,0.000000,0.000000,4.600004,4.599996
1.024,FOLLOW_LANE,camera lane following,160.000,0.000000,0.750000,0,0,0,,,NONE,0.000000,0.000000,4.600004,4.599996
1.056,FOLLOW_LANE,camera lane following,160.000,0.000000,0.750000,0,0,0,,,NONE,0.000000,0.000000,4.600004,4.599996
1.088,FOLLOW_LANE,camera lane following,159.500,-0.003125,0.750000,0,0,0,,,NONE,0.000000,0.000000,4.600004,4.599996
1.120,FOLLOW_LANE,camera lane following,160.000,0.000000,0.750000,0,0,0,,,NONE,0.000000,0.000000,4.600004,4.599996
1.152,FOLLOW_LANE,camera lane following,160.000,0.000000,0.750000,0,0,0,,,NONE,0.000000,0.000000,4.600004,4.599996
1.184,FOLLOW_LANE,camera lane following,160.000,0.000000,0.750000,0,0,0,,,NONE,0.000000,0.000000,4.600004,4.599996
1.216,FOLLOW_LANE,camera lane following,160.000,0.000000,0.750000,0,0,0,,,NONE,0.000000,0.000000,4.600004,4.599996
1.248,FOLLOW_LANE,camera lane following,160.000,0.000000,0.750000,0,0,0,,,NONE,0.000000,0.000000,4.600004,4.599996
1.280,FOLLOW_LANE,camera lane following,159.500,-0.003125,0.750000,0,0,0,,,NONE,0.000000,0.000000,4.600004,4.599996
1.312,FOLLOW_LANE,camera lane following,159.500,-0.003125,0.750000,0,0,0,,,NONE,0.000000,0.000000,4.600004,4.599996
1.344,FOLLOW_LANE,camera lane following,159.500,-0.003125,0.750000,0,0,0,,,NONE,0.000000,0.000000,4.600004,4.599996
1.376,FOLLOW_LANE,camera lane following,160.000,0.000000,0.750000,0,0,0,,,NONE,0.000000,0.000000,4.600004,4.599996
1.408,FOLLOW_LANE,camera lane following,160.000,0.000000,0.750000,0,0,0,,,NONE,0.000000,0.000000,4.600004,4.599996
1.440,FOLLOW_LANE,camera lane following,159.500,-0.003125,0.750000,0,0,0,,,NONE,0.000000,0.000000,4.600004,4.599996
1.472,FOLLOW_LANE,camera lane following,159.500,-0.003125,0.750000,0,0,0,,,NONE,0.000000,0.000000,4.600004,4.599996
1.504,FOLLOW_LANE,camera lane following,160.000,0.000000,0.750000,0,0,0,,,NONE,0.000000,0.000000,4.600004,4.599996
1.536,FOLLOW_LANE,camera lane following,159.500,-0.003125,0.750000,0,0,0,,,NONE,0.000000,0.000000,4.600004,4.599996
1.568,FOLLOW_LANE,camera lane following,160.000,0.000000,0.750000,0,0,0,,,NONE,0.000000,0.000000,4.600004,4.599996
1.600,FOLLOW_LANE,camera lane following,159.500,-0.003125,0.750000,0,0,0,,,NONE,0.000000,0.000000,4.600004,4.599996
1.632,FOLLOW_LANE,camera lane following,160.000,0.000000,0.750000,0,0,0,,,NONE,0.000000,0.000000,4.600004,4.599996
1.664,FOLLOW_LANE,camera lane following,159.500,-0.003125,0.750000,0,0,0,,,NONE,0.000000,0.000000,4.600004,4.599996
1.696,FOLLOW_LANE,camera lane following,159.500,-0.003125,0.750000,0,0,0,,,NONE,0.000000,0.000000,4.600004,4.599996
1.728,FOLLOW_LANE,camera lane following,160.000,0.000000,0.750000,0,0,0,,,NONE,0.000000,0.000000,4.600004,4.599996
1.760,FOLLOW_LANE,camera lane following,160.000,0.000000,0.750000,0,0,0,,,NONE,0.000000,0.000000,4.600004,4.599996
1.792,FOLLOW_LANE,camera lane following,160.000,0.000000,0.750000,0,0,0,,,NONE,0.000000,0.000000,4.600004,4.599996
1.824,FOLLOW_LANE,camera lane following,160.000,0.000000,0.750000,0,0,0,,,NONE,0.000000,0.000000,4.600004,4.599996
1.856,FOLLOW_LANE,camera lane following,160.000,0.000000,0.750000,0,0,0,,,NONE,0.000000,0.000000,4.600004,4.599996
1.888,FOLLOW_LANE,camera lane following,160.000,0.000000,0.750000,0,0,0,,,NONE,0.000000,0.000000,4.600004,4.599996
1.920,FOLLOW_LANE,camera lane following,159.500,-0.003125,0.750000,0,0,0,,,NONE,0.000000,0.000000,4.600004,4.599996
1.952,FOLLOW_LANE,camera lane following,159.500,-0.003125,0.750000,0,0,0,,,NONE,0.000000,0.000000,4.600004,4.599996
1.984,FOLLOW_LANE,camera lane following,160.000,0.000000,0.750000,0,0,0,,,NONE,0.000000,0.000000,4.600004,4.599996
2.016,FOLLOW_LANE,camera lane following,160.000,0.000000,0.750000,0,0,0,,,NONE,0.000000,0.000000,4.600004,4.599996
2.048,FOLLOW_LANE,camera lane following,160.000,0.000000,0.750000,0,0,0,,,NONE,0.000000,0.000000,4.600004,4.599996
2.080,FOLLOW_LANE,camera lane following,160.000,0.000000,0.750000,0,0,0,,,NONE,0.000000,0.000000,4.600004,4.599996
2.112,FOLLOW_LANE,camera lane following,160.000,0.000000,0.750000,0,0,0,,,NONE,0.000000,0.000000,4.600004,4.599996
2.144,FOLLOW_LANE,camera lane following,159.750,-0.001563,0.750000,0,0,0,,,NONE,0.000000,0.000000,4.600004,4.599996
2.176,FOLLOW_LANE,camera lane following,159.500,-0.003125,0.750000,0,0,0,,,NONE,0.000000,0.000000,4.600004,4.599996
2.208,FOLLOW_LANE,camera lane following,160.000,0.000000,0.750000,0,0,0,,,NONE,0.000000,0.000000,4.600004,4.599996
2.240,FOLLOW_LANE,camera lane following,159.750,-0.001563,0.750000,0,0,0,,,NONE,0.000000,0.000000,4.600004,4.599996
2.272,FOLLOW_LANE,camera lane following,160.000,0.000000,0.750000,0,0,0,,,NONE,0.000000,0.000000,4.600004,4.599996
2.304,FOLLOW_LANE,camera lane following,160.000,0.000000,0.750000,0,0,0,,,NONE,0.000000,0.000000,4.600004,4.599996
2.336,FOLLOW_LANE,camera lane following,160.000,0.000000,0.750000,0,0,0,,,NONE,0.000000,0.000000,4.600004,4.599996
2.368,FOLLOW_LANE,camera lane following,159.500,-0.003125,0.750000,0,0,0,,,NONE,0.000000,0.000000,4.600004,4.599996
2.400,FOLLOW_LANE,camera lane following,160.000,0.000000,0.750000,0,0,0,,,NONE,0.000000,0.000000,4.600004,4.599996
2.432,FOLLOW_LANE,camera lane following,160.000,0.000000,0.750000,0,0,0,,,NONE,0.000000,0.000000,4.600004,4.599996
2.464,FOLLOW_LANE,camera lane following,160.000,0.000000,0.750000,0,0,0,,,NONE,0.000000,0.000000,4.600004,4.599996
2.496,FOLLOW_LANE,camera lane following,160.000,0.000000,0.750000,0,0,0,,,NONE,0.000000,0.000000,4.600004,4.599996
2.528,FOLLOW_LANE,camera lane following,160.000,0.000000,0.750000,0,0,0,,,NONE,0.000000,0.000000,4.600004,4.599996
2.560,FOLLOW_LANE,camera lane following,160.000,0.000000,0.750000,0,0,0,,,NONE,0.000000,0.000000,4.600004,4.599996
2.592,FOLLOW_LANE,camera lane following,160.000,0.000000,0.750000,0,0,0,,,NONE,0.000000,0.000000,4.600004,4.599996
2.624,FOLLOW_LANE,camera lane following,160.500,0.003125,0.750000,0,0,0,,,NONE,0.000000,0.000000,4.600004,4.599996
2.656,FOLLOW_LANE,camera lane following,160.500,0.003125,0.750000,0,0,0,,,NONE,0.000000,0.000000,4.600004,4.599996
2.688,FOLLOW_LANE,camera lane following,160.000,0.000000,0.750000,0,0,0,,,NONE,0.000000,0.000000,4.600004,4.599996
2.720,FOLLOW_LANE,camera lane following,160.000,0.000000,0.750000,0,0,0,,,NONE,0.000000,0.000000,4.600004,4.599996
2.752,FOLLOW_LANE,camera lane following,160.000,0.000000,0.750000,0,0,0,,,NONE,0.000000,0.000000,4.600004,4.599996
2.784,FOLLOW_LANE,camera lane following,160.000,0.000000,0.750000,0,0,0,,,NONE,0.000000,0.000000,4.600004,4.599996
2.816,FOLLOW_LANE,camera lane following,160.500,0.003125,0.750000,0,0,0,,,NONE,0.000000,0.000000,4.600004,4.599996
2.848,FOLLOW_LANE,camera lane following,160.500,0.003125,0.750000,0,0,0,,,NONE,0.000000,0.000000,4.600004,4.599996
2.880,FOLLOW_LANE,camera lane following,160.500,0.003125,0.750000,0,0,0,,,NONE,0.000000,0.000000,4.600004,4.599996
2.912,FOLLOW_LANE,camera lane following,160.000,0.000000,0.750000,0,0,0,,,NONE,0.000000,0.000000,4.600004,4.599996
2.944,FOLLOW_LANE,camera lane following,160.500,0.003125,0.750000,0,0,0,,,NONE,0.000000,0.000000,4.600004,4.599996
2.976,FOLLOW_LANE,camera lane following,160.000,0.000000,0.750000,0,0,0,,,NONE,0.000000,0.000000,4.600004,4.599996
3.008,FOLLOW_LANE,camera lane following,160.250,0.001563,0.750000,0,0,0,,,NONE,0.000000,0.000000,4.600004,4.599996
3.040,FOLLOW_LANE,camera lane following,160.000,0.000000,0.750000,0,0,0,,,NONE,0.000000,0.000000,4.600004,4.599996
3.072,FOLLOW_LANE,camera lane following,160.000,0.000000,0.750000,0,0,0,,,NONE,0.000000,0.000000,4.600004,4.599996
3.104,FOLLOW_LANE,camera lane following,160.500,0.003125,0.750000,0,0,0,,,NONE,0.000000,0.000000,4.600004,4.599996
3.136,FOLLOW_LANE,camera lane following,160.500,0.003125,0.750000,0,0,0,,,NONE,0.000000,0.000000,4.600004,4.599996
3.168,FOLLOW_LANE,camera lane following,160.500,0.003125,0.750000,0,0,0,,,NONE,0.000000,0.000000,4.600004,4.599996
3.200,FOLLOW_LANE,camera lane following,160.500,0.003125,0.750000,0,0,0,,,NONE,0.000000,0.000000,4.600004,4.599996
3.232,FOLLOW_LANE,camera lane following,160.000,0.000000,0.750000,0,0,0,,,NONE,0.000000,0.000000,4.600004,4.599996
3.264,FOLLOW_LANE,camera lane following,160.000,0.000000,0.750000,0,0,0,,,NONE,0.000000,0.000000,4.600004,4.599996
3.296,FOLLOW_LANE,camera lane following,160.000,0.000000,0.750000,0,0,0,,,NONE,0.000000,0.000000,4.600004,4.599996
3.328,FOLLOW_LANE,camera lane following,160.000,0.000000,0.750000,0,0,0,,,NONE,0.000000,0.000000,4.600004,4.599996
3.360,FOLLOW_LANE,camera lane following,160.500,0.003125,0.750000,0,0,0,,,NONE,0.000000,0.000000,4.600004,4.599996
3.392,FOLLOW_LANE,camera lane following,160.500,0.003125,0.750000,0,0,0,,,NONE,0.000000,0.000000,4.600004,4.599996
3.424,FOLLOW_LANE,camera lane following,160.500,0.003125,0.750000,0,0,0,,,NONE,0.000000,0.000000,4.600004,4.599996
3.456,FOLLOW_LANE,camera lane following,160.000,0.000000,0.750000,0,0,0,,,NONE,0.000000,0.000000,4.600004,4.599996
3.488,FOLLOW_LANE,camera lane following,160.500,0.003125,0.750000,0,0,0,,,NONE,0.000000,0.000000,4.600004,4.599996
3.520,FOLLOW_LANE,camera lane following,160.000,0.000000,0.750000,0,0,0,,,NONE,0.000000,0.000000,4.600004,4.599996
3.552,FOLLOW_LANE,camera lane following,160.000,0.000000,0.750000,0,0,0,,,NONE,0.000000,0.000000,4.600004,4.599996
3.584,FOLLOW_LANE,camera lane following,160.000,0.000000,0.750000,0,0,0,,,NONE,0.000000,0.000000,4.600004,4.599996
3.616,FOLLOW_LANE,camera lane following,160.000,0.000000,0.750000,0,0,0,,,NONE,0.000000,0.000000,4.600004,4.599996
3.648,FOLLOW_LANE,camera lane following,160.000,0.000000,0.750000,0,0,0,,,NONE,0.000000,0.000000,4.600004,4.599996
3.680,FOLLOW_LANE,camera lane following,160.500,0.003125,0.750000,0,0,0,,,NONE,0.000000,0.000000,4.600004,4.599996
3.712,FOLLOW_LANE,camera lane following,160.500,0.003125,0.750000,0,0,0,,,NONE,0.000000,0.000000,4.600004,4.599996
3.744,FOLLOW_LANE,camera lane following,160.500,0.003125,0.750000,0,0,0,,,NONE,0.000000,0.000000,4.600004,4.599996
3.776,FOLLOW_LANE,camera lane following,160.000,0.000000,0.750000,0,0,0,,,NONE,0.000000,0.000000,4.600004,4.599996
3.808,FOLLOW_LANE,camera lane following,160.000,0.000000,0.750000,0,0,0,,,NONE,0.000000,0.000000,4.600004,4.599996
3.840,FOLLOW_LANE,camera lane following,160.000,0.000000,0.750000,0,0,0,,,NONE,0.000000,0.000000,4.600004,4.599996
3.872,FOLLOW_LANE,camera lane following,160.000,0.000000,0.750000,0,0,0,,,NONE,0.000000,0.000000,4.600004,4.599996
3.904,FOLLOW_LANE,camera lane following,160.000,0.000000,0.750000,0,0,0,,,NONE,0.000000,0.000000,4.600004,4.599996
3.936,FOLLOW_LANE,camera lane following,160.000,0.000000,0.750000,0,0,0,,,NONE,0.000000,0.000000,4.600004,4.599996
3.968,FOLLOW_LANE,camera lane following,160.500,0.003125,0.750000,0,0,0,,,NONE,0.000000,0.000000,4.600004,4.599996
4.000,FOLLOW_LANE,camera lane following,160.500,0.003125,0.750000,0,0,0,,,NONE,0.000000,0.000000,4.600004,4.599996
4.032,FOLLOW_LANE,camera lane following,160.500,0.003125,0.750000,0,0,0,,,NONE,0.000000,0.000000,4.600004,4.599996
4.064,FOLLOW_LANE,camera lane following,161.000,0.006250,0.750000,0,0,0,,,NONE,0.000000,0.000000,4.665633,4.534367
4.096,FOLLOW_LANE,camera lane following,161.000,0.006250,0.750000,0,0,0,,,NONE,0.000000,0.000000,4.650012,4.549988
4.128,FOLLOW_LANE,camera lane following,161.000,0.006250,0.750000,0,0,0,,,NONE,0.000000,0.000000,4.650016,4.549984
4.160,FOLLOW_LANE,camera lane following,160.500,0.003125,0.750000,0,0,0,,,NONE,0.000000,0.000000,4.584391,4.615609
4.192,FOLLOW_LANE,camera lane following,161.000,0.006250,0.750000,0,0,0,,,NONE,0.000000,0.000000,4.665645,4.534355
4.224,FOLLOW_LANE,camera lane following,160.500,0.003125,0.750000,0,0,0,,,NONE,0.000000,0.000000,4.584395,4.615605
4.256,FOLLOW_LANE,camera lane following,160.500,0.003125,0.750000,0,0,0,,,NONE,0.000000,0.000000,4.600020,4.599980
4.288,FOLLOW_LANE,camera lane following,160.000,0.000000,0.750000,0,0,0,,,NONE,0.000000,0.000000,4.600020,4.599980
4.320,FOLLOW_LANE,camera lane following,160.000,0.000000,0.750000,0,0,0,,,NONE,0.000000,0.000000,4.600020,4.599980
4.352,FOLLOW_LANE,camera lane following,161.000,0.006250,0.750000,0,0,0,,,NONE,0.000000,0.000000,4.665649,4.534351
4.384,FOLLOW_LANE,camera lane following,161.000,0.006250,0.750000,0,0,0,,,NONE,0.000000,0.000000,4.650028,4.549972
4.416,FOLLOW_LANE,camera lane following,160.500,0.003125,0.750000,0,0,0,,,NONE,0.000000,0.000000,4.584403,4.615597
4.448,FOLLOW_LANE,camera lane following,160.500,0.003125,0.750000,0,0,0,,,NONE,0.000000,0.000000,4.600028,4.599972
4.480,FOLLOW_LANE,camera lane following,160.500,0.003125,0.750000,0,0,0,,,NONE,0.000000,0.000000,4.600028,4.599972
4.512,FOLLOW_LANE,camera lane following,161.000,0.006250,0.750000,0,0,0,,,NONE,0.000000,0.000000,4.665657,4.534343
4.544,FOLLOW_LANE,camera lane following,161.000,0.006250,0.750000,0,0,0,,,NONE,0.000000,0.000000,4.650036,4.549964
4.576,FOLLOW_LANE,camera lane following,161.000,0.006250,0.750000,0,0,0,,,NONE,0.000000,0.000000,4.650040,4.549960
4.608,FOLLOW_LANE,camera lane following,161.000,0.006250,0.750000,0,0,0,,,NONE,0.000000,0.000000,4.650044,4.549956
4.640,FOLLOW_LANE,camera lane following,161.000,0.006250,0.750000,0,0,0,,,NONE,0.000000,0.000000,4.650048,4.549952
4.672,FOLLOW_LANE,camera lane following,160.500,0.003125,0.750000,0,0,0,,,NONE,0.000000,0.000000,4.584423,4.615577
4.704,FOLLOW_LANE,camera lane following,161.000,0.006250,0.750000,0,0,0,,,NONE,0.000000,0.000000,4.665677,4.534323
4.736,FOLLOW_LANE,camera lane following,160.250,0.001563,0.750000,0,0,0,,,NONE,0.000000,0.000000,4.584427,4.615573
4.768,FOLLOW_LANE,camera lane following,161.000,0.006250,0.750000,0,0,0,,,NONE,0.000000,0.000000,4.665681,4.534319
4.800,FOLLOW_LANE,camera lane following,160.500,0.003125,0.750000,0,0,0,,,NONE,0.000000,0.000000,4.584431,4.615569
4.832,FOLLOW_LANE,camera lane following,161.000,0.006250,0.750000,0,0,0,,,NONE,0.000000,0.000000,4.665685,4.534315
4.864,FOLLOW_LANE,camera lane following,161.000,0.006250,0.750000,0,0,0,,,NONE,0.000000,0.000000,4.650064,4.549936
4.896,FOLLOW_LANE,camera lane following,161.000,0.006250,0.750000,0,0,0,,,NONE,0.000000,0.000000,4.650068,4.549932
4.928,FOLLOW_LANE,camera lane following,161.000,0.006250,0.750000,0,0,0,,,NONE,0.000000,0.000000,4.650072,4.549928
4.960,FOLLOW_LANE,camera lane following,161.000,0.006250,0.750000,0,0,0,,,NONE,0.000000,0.000000,4.650076,4.549924
4.992,FOLLOW_LANE,camera lane following,160.500,0.003125,0.750000,0,0,0,,,NONE,0.000000,0.000000,4.584451,4.615549
5.024,FOLLOW_LANE,camera lane following,160.500,0.003125,0.750000,0,0,0,,,NONE,0.000000,0.000000,4.600076,4.599924
5.056,FOLLOW_LANE,camera lane following,160.500,0.003125,0.750000,0,0,0,,,NONE,0.000000,0.000000,4.600076,4.599924
5.088,FOLLOW_LANE,camera lane following,160.500,0.003125,0.750000,0,0,0,,,NONE,0.000000,0.000000,4.600076,4.599924
5.120,FOLLOW_LANE,camera lane following,161.000,0.006250,0.750000,0,0,0,,,NONE,0.000000,0.000000,4.665705,4.534295
5.152,FOLLOW_LANE,camera lane following,161.000,0.006250,0.750000,0,0,0,,,NONE,0.000000,0.000000,4.650084,4.549916
5.184,FOLLOW_LANE,camera lane following,161.000,0.006250,0.750000,0,0,0,,,NONE,0.000000,0.000000,4.650088,4.549912
5.216,FOLLOW_LANE,camera lane following,161.000,0.006250,0.750000,0,0,0,,,NONE,0.000000,0.000000,4.650092,4.549908
5.248,FOLLOW_LANE,camera lane following,161.000,0.006250,0.750000,0,0,0,,,NONE,0.000000,0.000000,4.650096,4.549904
5.280,FOLLOW_LANE,camera lane following,160.500,0.003125,0.750000,0,0,0,,,NONE,0.000000,0.000000,4.584471,4.615529
5.312,FOLLOW_LANE,camera lane following,160.500,0.003125,0.750000,0,0,0,,,NONE,0.000000,0.000000,4.600096,4.599904
5.344,FOLLOW_LANE,camera lane following,160.500,0.003125,0.750000,0,0,0,,,NONE,0.000000,0.000000,4.600096,4.599904
5.376,FOLLOW_LANE,camera lane following,160.500,0.003125,0.750000,0,0,0,,,NONE,0.000000,0.000000,4.600096,4.599904
5.408,FOLLOW_LANE,camera lane following,161.000,0.006250,0.750000,0,0,0,,,NONE,0.000000,0.000000,4.665725,4.534275
5.440,FOLLOW_LANE,camera lane following,161.000,0.006250,0.750000,0,0,0,,,NONE,0.000000,0.000000,4.650104,4.549896
5.472,FOLLOW_LANE,camera lane following,161.000,0.006250,0.750000,0,0,0,,,NONE,0.000000,0.000000,4.650108,4.549892
5.504,FOLLOW_LANE,camera lane following,161.000,0.006250,0.750000,0,0,0,,,NONE,0.000000,0.000000,4.650112,4.549888
5.536,FOLLOW_LANE,camera lane following,160.500,0.003125,0.750000,0,0,0,,,NONE,0.000000,0.000000,4.584487,4.615513
5.568,FOLLOW_LANE,camera lane following,160.750,0.004687,0.750000,0,0,0,,,NONE,0.000000,0.000000,4.600112,4.599888
5.600,FOLLOW_LANE,camera lane following,160.750,0.004687,0.750000,0,0,0,,,NONE,0.000000,0.000000,4.600112,4.599888
5.632,FOLLOW_LANE,camera lane following,161.000,0.006250,0.750000,0,0,0,,,NONE,0.000000,0.000000,4.665741,4.534259
5.664,FOLLOW_LANE,camera lane following,161.000,0.006250,0.750000,0,0,0,,,NONE,0.000000,0.000000,4.650120,4.549880
5.696,FOLLOW_LANE,camera lane following,161.000,0.006250,0.750000,0,0,0,,,NONE,0.000000,0.000000,4.650124,4.549876
5.728,FOLLOW_LANE,camera lane following,161.000,0.006250,0.750000,0,0,0,,,NONE,0.000000,0.000000,4.650128,4.549872
5.760,FOLLOW_LANE,camera lane following,161.000,0.006250,0.750000,0,0,0,,,NONE,0.000000,0.000000,4.650132,4.549868
5.792,FOLLOW_LANE,camera lane following,161.000,0.006250,0.750000,0,0,0,,,NONE,0.000000,0.000000,4.650136,4.549864
5.824,FOLLOW_LANE,camera lane following,160.500,0.003125,0.750000,0,0,0,,,NONE,0.000000,0.000000,4.584511,4.615489
5.856,FOLLOW_LANE,camera lane following,161.000,0.006250,0.750000,0,0,0,,,NONE,0.000000,0.000000,4.665765,4.534235
5.888,FOLLOW_LANE,camera lane following,161.000,0.006250,0.750000,0,0,0,,,NONE,0.000000,0.000000,4.650144,4.549856
5.920,FOLLOW_LANE,camera lane following,161.000,0.006250,0.750000,0,0,0,,,NONE,0.000000,0.000000,4.650148,4.549852
5.952,FOLLOW_LANE,camera lane following,161.000,0.006250,0.750000,0,0,0,,,NONE,0.000000,0.000000,4.650152,4.549848
5.984,FOLLOW_LANE,camera lane following,161.000,0.006250,0.750000,0,0,0,,,NONE,0.000000,0.000000,4.650156,4.549844
6.016,FOLLOW_LANE,camera lane following,161.500,0.009375,0.750000,0,0,0,,,NONE,0.000000,0.000000,4.682974,4.517025
6.048,FOLLOW_LANE,camera lane following,161.500,0.009375,0.750000,0,0,0,,,NONE,0.000000,0.000000,4.675168,4.524832
6.080,FOLLOW_LANE,camera lane following,161.500,0.009375,0.750000,0,0,0,,,NONE,0.000000,0.000000,4.675174,4.524826
6.112,FOLLOW_LANE,camera lane following,161.500,0.009375,0.750000,0,0,0,,,NONE,0.000000,0.000000,4.675180,4.524820
6.144,FOLLOW_LANE,camera lane following,161.500,0.009375,0.750000,0,0,0,,,NONE,0.000000,0.000000,4.675186,4.524814
6.176,FOLLOW_LANE,camera lane following,161.500,0.009375,0.750000,0,0,0,,,NONE,0.000000,0.000000,4.675192,4.524808
6.208,FOLLOW_LANE,camera lane following,161.500,0.009375,0.750000,0,0,0,,,NONE,0.000000,0.000000,4.675198,4.524802
6.240,FOLLOW_LANE,camera lane following,161.500,0.009375,0.750000,0,0,0,,,NONE,0.000000,0.000000,4.675204,4.524796
6.272,FOLLOW_LANE,camera lane following,161.500,0.009375,0.750000,0,0,0,,,NONE,0.000000,0.000000,4.675210,4.524790
6.304,FOLLOW_LANE,camera lane following,161.000,0.006250,0.750000,0,0,0,,,NONE,0.000000,0.000000,4.642402,4.557598
6.336,FOLLOW_LANE,camera lane following,161.000,0.006250,0.750000,0,0,0,,,NONE,0.000000,0.000000,4.650218,4.549782
6.368,FOLLOW_LANE,camera lane following,161.000,0.006250,0.750000,0,0,0,,,NONE,0.000000,0.000000,4.650222,4.549778
6.400,FOLLOW_LANE,camera lane following,161.000,0.006250,0.750000,0,0,0,,,NONE,0.000000,0.000000,4.650226,4.549774
6.432,FOLLOW_LANE,camera lane following,161.500,0.009375,0.750000,0,0,0,,,NONE,0.000000,0.000000,4.683044,4.516955
6.464,FOLLOW_LANE,camera lane following,161.500,0.009375,0.750000,0,0,0,,,NONE,0.000000,0.000000,4.675238,4.524762
6.496,FOLLOW_LANE,camera lane following,161.250,0.007812,0.750000,0,0,0,,,NONE,0.000000,0.000000,4.658837,4.541163
6.528,FOLLOW_LANE,camera lane following,161.000,0.006250,0.750000,0,0,0,,,NONE,0.000000,0.000000,4.646341,4.553659
6.560,FOLLOW_LANE,camera lane following,160.500,0.003125,0.750000,0,0,0,,,NONE,0.000000,0.000000,4.584622,4.615378
6.592,FOLLOW_LANE,camera lane following,160.500,0.003125,0.750000,0,0,0,,,NONE,0.000000,0.000000,4.600247,4.599753
6.624,FOLLOW_LANE,camera lane following,159.500,-0.003125,0.750000,0,0,0,,,NONE,0.000000,0.000000,4.600247,4.599753
6.656,FOLLOW_LANE,camera lane following,159.000,-0.006250,0.750000,0,0,0,,,NONE,0.000000,0.000000,4.534618,4.665382
6.688,FOLLOW_LANE,camera lane following,158.500,-0.009375,0.750000,0,0,0,,,NONE,0.000000,0.000000,4.517424,4.682575
6.720,FOLLOW_LANE,camera lane following,158.500,-0.009375,0.750000,0,0,0,,,NONE,0.000000,0.000000,4.525231,4.674769
6.752,FOLLOW_LANE,camera lane following,158.000,-0.012500,0.750000,0,0,0,,,NONE,0.000000,0.000000,4.492411,4.707589
6.784,FOLLOW_LANE,camera lane following,158.500,-0.009375,0.750000,0,0,0,,,NONE,0.000000,0.000000,4.533029,4.666970
6.816,FOLLOW_LANE,camera lane following,157.500,-0.015625,0.750000,0,0,0,,,NONE,0.000000,0.000000,4.459582,4.740418
6.848,FOLLOW_LANE,camera lane following,157.500,-0.015625,0.750000,0,0,0,,,NONE,0.000000,0.000000,4.475197,4.724803
6.880,FOLLOW_LANE,camera lane following,157.500,-0.015625,0.750000,0,0,0,,,NONE,0.000000,0.000000,4.475187,4.724813
6.912,FOLLOW_LANE,camera lane following,157.000,-0.018750,0.750000,0,0,0,,,NONE,0.000000,0.000000,4.442362,4.757637
6.944,FOLLOW_LANE,camera lane following,157.000,-0.018750,0.750000,0,0,0,,,NONE,0.000000,0.000000,4.450163,4.749837
6.976,FOLLOW_LANE,camera lane following,156.500,-0.021875,0.750000,0,0,0,,,NONE,0.000000,0.000000,4.417336,4.782663
7.008,FOLLOW_LANE,camera lane following,157.000,-0.018750,0.750000,0,0,0,,,NONE,0.000000,0.000000,4.457949,4.742050
7.040,FOLLOW_LANE,camera lane following,156.500,-0.021875,0.750000,0,0,0,,,NONE,0.000000,0.000000,4.417310,4.782690
7.072,FOLLOW_LANE,camera lane following,156.500,-0.021875,0.750000,0,0,0,,,NONE,0.000000,0.000000,4.425109,4.774891
7.104,FOLLOW_LANE,camera lane following,156.500,-0.021875,0.750000,0,0,0,,,NONE,0.000000,0.000000,4.425095,4.774905
7.136,FOLLOW_LANE,camera lane following,156.500,-0.021875,0.750000,0,0,0,,,NONE,0.000000,0.000000,4.425081,4.774919
7.168,FOLLOW_LANE,camera lane following,156.500,-0.021875,0.750000,0,0,0,,,NONE,0.000000,0.000000,4.425067,4.774933
7.200,FOLLOW_LANE,camera lane following,156.750,-0.020313,0.750000,0,0,0,,,NONE,0.000000,0.000000,4.441460,4.758540
7.232,FOLLOW_LANE,camera lane following,157.500,-0.015625,0.750000,0,0,0,,,NONE,0.000000,0.000000,4.486763,4.713237
7.264,FOLLOW_LANE,camera lane following,157.500,-0.015625,0.750000,0,0,0,,,NONE,0.000000,0.000000,4.475034,4.724966
7.296,FOLLOW_LANE,camera lane following,158.000,-0.012500,0.750000,0,0,0,,,NONE,0.000000,0.000000,4.507839,4.692161
7.328,FOLLOW_LANE,camera lane following,158.000,-0.012500,0.750000,0,0,0,,,NONE,0.000000,0.000000,4.500018,4.699982
7.360,FOLLOW_LANE,camera lane following,159.000,-0.006250,0.750000,0,0,0,,,NONE,0.000000,0.000000,4.565639,4.634361
7.392,FOLLOW_LANE,camera lane following,159.000,-0.006250,0.750000,0,0,0,,,NONE,0.000000,0.000000,4.550010,4.649990
7.424,FOLLOW_LANE,camera lane following,159.500,-0.003125,0.750000,0,0,0,,,NONE,0.000000,0.000000,4.615635,4.584365
7.456,FOLLOW_LANE,camera lane following,159.500,-0.003125,0.750000,0,0,0,,,NONE,0.000000,0.000000,4.600010,4.599990
7.488,FOLLOW_LANE,camera lane following,159.500,-0.003125,0.750000,0,0,0,,,NONE,0.000000,0.000000,4.600010,4.599990
7.520,FOLLOW_LANE,camera lane following,159.000,-0.006250,0.750000,0,0,0,,,NONE,0.000000,0.000000,4.534381,4.665619
7.552,FOLLOW_LANE,camera lane following,159.500,-0.003125,0.750000,0,0,0,,,NONE,0.000000,0.000000,4.615631,4.584369
7.584,FOLLOW_LANE,camera lane following,159.500,-0.003125,0.750000,0,0,0,,,NONE,0.000000,0.000000,4.600006,4.599994
7.616,FOLLOW_LANE,camera lane following,159.500,-0.003125,0.750000,0,0,0,,,NONE,0.000000,0.000000,4.600006,4.599994
7.648,FOLLOW_LANE,camera lane following,159.500,-0.003125,0.750000,0,0,0,,,NONE,0.000000,0.000000,4.600006,4.599994
7.680,FOLLOW_LANE,camera lane following,159.500,-0.003125,0.750000,0,0,0,,,NONE,0.000000,0.000000,4.600006,4.599994
7.712,FOLLOW_LANE,camera lane following,159.500,-0.003125,0.750000,0,0,0,,,NONE,0.000000,0.000000,4.600006,4.599994
7.744,FOLLOW_LANE,camera lane following,159.000,-0.006250,0.750000,0,0,0,,,NONE,0.000000,0.000000,4.534377,4.665623
7.776,FOLLOW_LANE,camera lane following,159.500,-0.003125,0.750000,0,0,0,,,NONE,0.000000,0.000000,4.615627,4.584373
7.808,FOLLOW_LANE,camera lane following,159.000,-0.006250,0.750000,0,0,0,,,NONE,0.000000,0.000000,4.534373,4.665627
7.840,FOLLOW_LANE,camera lane following,159.500,-0.003125,0.750000,0,0,0,,,NONE,0.000000,0.000000,4.615623,4.584377
7.872,FOLLOW_LANE,camera lane following,159.250,-0.004687,0.750000,0,0,0,,,NONE,0.000000,0.000000,4.599998,4.600002
7.904,FOLLOW_LANE,camera lane following,159.000,-0.006250,0.750000,0,0,0,,,NONE,0.000000,0.000000,4.534369,4.665631
7.936,FOLLOW_LANE,camera lane following,159.000,-0.006250,0.750000,0,0,0,,,NONE,0.000000,0.000000,4.549990,4.650010
7.968,FOLLOW_LANE,camera lane following,159.500,-0.003125,0.750000,0,0,0,,,NONE,0.000000,0.000000,4.615615,4.584385
8.000,FOLLOW_LANE,camera lane following,159.000,-0.006250,0.750000,0,0,0,,,NONE,0.000000,0.000000,4.534361,4.665639
8.032,FOLLOW_LANE,camera lane following,159.000,-0.006250,0.750000,0,0,0,,,NONE,0.000000,0.000000,4.549982,4.650018
8.064,FOLLOW_LANE,camera lane following,159.500,-0.003125,0.750000,0,0,0,,,NONE,0.000000,0.000000,4.615607,4.584393
8.096,FOLLOW_LANE,camera lane following,159.500,-0.003125,0.750000,0,0,0,,,NONE,0.000000,0.000000,4.599982,4.600018
8.128,FOLLOW_LANE,camera lane following,159.500,-0.003125,0.750000,0,0,0,,,NONE,0.000000,0.000000,4.599982,4.600018
8.160,FOLLOW_LANE,camera lane following,159.500,-0.003125,0.750000,0,0,0,,,NONE,0.000000,0.000000,4.599982,4.600018
8.192,FOLLOW_LANE,camera lane following,159.500,-0.003125,0.750000,0,0,0,,,NONE,0.000000,0.000000,4.599982,4.600018
8.224,FOLLOW_LANE,camera lane following,160.000,0.000000,0.750000,0,0,0,,,NONE,0.000000,0.000000,4.599982,4.600018
8.256,FOLLOW_LANE,camera lane following,160.000,0.000000,0.750000,0,0,0,,,NONE,0.000000,0.000000,4.599982,4.600018
8.288,FOLLOW_LANE,camera lane following,160.000,0.000000,0.750000,0,0,0,,,NONE,0.000000,0.000000,4.599982,4.600018
8.320,FOLLOW_LANE,camera lane following,160.000,0.000000,0.750000,0,0,0,,,NONE,0.000000,0.000000,4.599982,4.600018
8.352,FOLLOW_LANE,camera lane following,160.000,0.000000,0.750000,0,0,0,,,NONE,0.000000,0.000000,4.599982,4.600018
8.384,FOLLOW_LANE,camera lane following,160.500,0.003125,0.750000,0,0,0,,,NONE,0.000000,0.000000,4.599982,4.600018
8.416,FOLLOW_LANE,camera lane following,160.500,0.003125,0.750000,0,0,0,,,NONE,0.000000,0.000000,4.599982,4.600018
8.448,FOLLOW_LANE,camera lane following,160.500,0.003125,0.750000,0,0,0,,,NONE,0.000000,0.000000,4.599982,4.600018
8.480,FOLLOW_LANE,camera lane following,160.500,0.003125,0.750000,0,0,0,,,NONE,0.000000,0.000000,4.599982,4.600018
8.512,FOLLOW_LANE,camera lane following,160.500,0.003125,0.750000,0,0,0,,,NONE,0.000000,0.000000,4.599982,4.600018
8.544,FOLLOW_LANE,camera lane following,160.500,0.003125,0.750000,0,0,0,,,NONE,0.000000,0.000000,4.599982,4.600018
8.576,FOLLOW_LANE,camera lane following,160.500,0.003125,0.750000,0,0,0,,,NONE,0.000000,0.000000,4.599982,4.600018
8.608,FOLLOW_LANE,camera lane following,160.500,0.003125,0.750000,0,0,0,,,NONE,0.000000,0.000000,4.599982,4.600018
8.640,FOLLOW_LANE,camera lane following,160.500,0.003125,0.750000,0,0,0,,,NONE,0.000000,0.000000,4.599982,4.600018
8.672,FOLLOW_LANE,camera lane following,160.500,0.003125,0.750000,0,0,0,,,NONE,0.000000,0.000000,4.599982,4.600018
8.704,FOLLOW_LANE,camera lane following,160.500,0.003125,0.750000,0,0,0,,,NONE,0.000000,0.000000,4.599982,4.600018
8.736,FOLLOW_LANE,camera lane following,160.500,0.003125,0.750000,0,0,0,,,NONE,0.000000,0.000000,4.599982,4.600018
8.768,FOLLOW_LANE,camera lane following,160.000,0.000000,0.750000,0,0,0,,,NONE,0.000000,0.000000,4.599982,4.600018
8.800,FOLLOW_LANE,camera lane following,160.000,0.000000,0.750000,0,0,0,,,NONE,0.000000,0.000000,4.599982,4.600018
8.832,FOLLOW_LANE,camera lane following,160.000,0.000000,0.750000,0,0,0,,,NONE,0.000000,0.000000,4.599982,4.600018
8.864,FOLLOW_LANE,camera lane following,159.750,-0.001563,0.750000,0,0,0,,,NONE,0.000000,0.000000,4.599982,4.600018
8.896,FOLLOW_LANE,camera lane following,159.500,-0.003125,0.750000,0,0,0,,,NONE,0.000000,0.000000,4.599982,4.600018
8.928,FOLLOW_LANE,camera lane following,160.000,0.000000,0.750000,0,0,0,,,NONE,0.000000,0.000000,4.599982,4.600018
8.960,FOLLOW_LANE,camera lane following,160.500,0.003125,0.750000,0,0,0,,,NONE,0.000000,0.000000,4.599982,4.600018
8.992,FOLLOW_LANE,camera lane following,160.500,0.003125,0.750000,0,0,0,,,NONE,0.000000,0.000000,4.599982,4.600018
9.024,FOLLOW_LANE,camera lane following,160.000,0.000000,0.750000,0,0,0,,,NONE,0.000000,0.000000,4.599982,4.600018
9.056,FOLLOW_LANE,camera lane following,160.000,0.000000,0.750000,0,0,0,,,NONE,0.000000,0.000000,4.599982,4.600018
9.088,FOLLOW_LANE,camera lane following,160.500,0.003125,0.750000,0,0,0,,,NONE,0.000000,0.000000,4.599982,4.600018
9.120,FOLLOW_LANE,camera lane following,160.500,0.003125,0.750000,0,0,0,,,NONE,0.000000,0.000000,4.599982,4.600018
9.152,FOLLOW_LANE,camera lane following,161.000,0.006250,0.750000,0,0,0,,,NONE,0.000000,0.000000,4.665611,4.534389
9.184,FOLLOW_LANE,camera lane following,160.500,0.003125,0.750000,0,0,0,,,NONE,0.000000,0.000000,4.584361,4.615639
9.216,FOLLOW_LANE,camera lane following,160.500,0.003125,0.750000,0,0,0,,,NONE,0.000000,0.000000,4.599986,4.600014
9.248,FOLLOW_LANE,camera lane following,160.500,0.003125,0.750000,0,0,0,,,NONE,0.000000,0.000000,4.599986,4.600014
9.280,FOLLOW_LANE,camera lane following,160.500,0.003125,0.750000,0,0,0,,,NONE,0.000000,0.000000,4.599986,4.600014
9.312,FOLLOW_LANE,camera lane following,160.500,0.003125,0.750000,0,0,0,,,NONE,0.000000,0.000000,4.599986,4.600014
9.344,FOLLOW_LANE,camera lane following,160.500,0.003125,0.750000,0,0,0,,,NONE,0.000000,0.000000,4.599986,4.600014
9.376,FOLLOW_LANE,camera lane following,160.500,0.003125,0.750000,0,0,0,,,NONE,0.000000,0.000000,4.599986,4.600014
9.408,FOLLOW_LANE,camera lane following,160.500,0.003125,0.750000,0,0,0,,,NONE,0.000000,0.000000,4.599986,4.600014
9.440,FOLLOW_LANE,camera lane following,160.500,0.003125,0.750000,0,0,0,,,NONE,0.000000,0.000000,4.599986,4.600014
9.472,FOLLOW_LANE,camera lane following,160.500,0.003125,0.750000,0,0,0,,,NONE,0.000000,0.000000,4.599986,4.600014
9.504,FOLLOW_LANE,camera lane following,160.500,0.003125,0.750000,0,0,0,,,NONE,0.000000,0.000000,4.599986,4.600014
9.536,FOLLOW_LANE,camera lane following,160.500,0.003125,0.750000,0,0,0,,,NONE,0.000000,0.000000,4.599986,4.600014
9.568,FOLLOW_LANE,camera lane following,160.500,0.003125,0.750000,0,0,0,,,NONE,0.000000,0.000000,4.599986,4.600014
9.600,FOLLOW_LANE,camera lane following,160.000,0.000000,0.750000,0,0,0,,,NONE,0.000000,0.000000,4.599986,4.600014
9.632,FOLLOW_LANE,camera lane following,160.000,0.000000,0.750000,0,0,0,,,NONE,0.000000,0.000000,4.599986,4.600014
9.664,FOLLOW_LANE,camera lane following,160.000,0.000000,0.750000,0,0,0,,,NONE,0.000000,0.000000,4.599986,4.600014
9.696,FOLLOW_LANE,camera lane following,160.500,0.003125,0.750000,0,0,0,,,NONE,0.000000,0.000000,4.599986,4.600014
9.728,FOLLOW_LANE,camera lane following,160.500,0.003125,0.750000,0,0,0,,,NONE,0.000000,0.000000,4.599986,4.600014
9.760,FOLLOW_LANE,camera lane following,160.500,0.003125,0.750000,0,0,0,,,NONE,0.000000,0.000000,4.599986,4.600014
9.792,FOLLOW_LANE,camera lane following,160.500,0.003125,0.750000,0,0,0,,,NONE,0.000000,0.000000,4.599986,4.600014
9.824,FOLLOW_LANE,camera lane following,160.500,0.003125,0.750000,0,0,0,,,NONE,0.000000,0.000000,4.599986,4.600014
9.856,FOLLOW_LANE,camera lane following,160.500,0.003125,0.750000,0,0,0,,,NONE,0.000000,0.000000,4.599986,4.600014
9.888,FOLLOW_LANE,camera lane following,160.500,0.003125,0.750000,0,0,0,,,NONE,0.000000,0.000000,4.599986,4.600014
9.920,FOLLOW_LANE,camera lane following,160.500,0.003125,0.750000,0,0,0,,,NONE,0.000000,0.000000,4.599986,4.600014
9.952,FOLLOW_LANE,camera lane following,160.500,0.003125,0.750000,0,0,0,,,NONE,0.000000,0.000000,4.599986,4.600014
9.984,FOLLOW_LANE,camera lane following,160.500,0.003125,0.750000,0,0,0,,,NONE,0.000000,0.000000,4.599986,4.600014
10.016,FOLLOW_LANE,camera lane following,160.500,0.003125,0.750000,0,0,0,,,NONE,0.000000,0.000000,4.599986,4.600014
10.048,FOLLOW_LANE,camera lane following,161.000,0.006250,0.750000,0,0,0,,,NONE,0.000000,0.000000,4.665615,4.534385
10.080,FOLLOW_LANE,camera lane following,161.000,0.006250,0.750000,0,0,0,,,NONE,0.000000,0.000000,4.649994,4.550006
10.112,FOLLOW_LANE,camera lane following,160.500,0.003125,0.750000,0,0,0,,,NONE,0.000000,0.000000,4.584369,4.615631
10.144,FOLLOW_LANE,camera lane following,160.500,0.003125,0.750000,0,0,0,,,NONE,0.000000,0.000000,4.599994,4.600006
10.176,FOLLOW_LANE,camera lane following,160.500,0.003125,0.750000,0,0,0,,,NONE,0.000000,0.000000,4.599994,4.600006
10.208,FOLLOW_LANE,camera lane following,160.500,0.003125,0.750000,0,0,0,,,NONE,0.000000,0.000000,4.599994,4.600006
10.240,FOLLOW_LANE,camera lane following,160.500,0.003125,0.750000,0,0,0,,,NONE,0.000000,0.000000,4.599994,4.600006
10.272,FOLLOW_LANE,camera lane following,160.500,0.003125,0.750000,0,0,0,,,NONE,0.000000,0.000000,4.599994,4.600006
10.304,FOLLOW_LANE,camera lane following,160.500,0.003125,0.750000,0,0,0,,,NONE,0.000000,0.000000,4.599994,4.600006
10.336,FOLLOW_LANE,camera lane following,160.500,0.003125,0.750000,0,0,0,,,NONE,0.000000,0.000000,4.599994,4.600006
10.368,FOLLOW_LANE,camera lane following,160.500,0.003125,0.750000,0,0,0,,,NONE,0.000000,0.000000,4.599994,4.600006
10.400,FOLLOW_LANE,camera lane following,160.000,0.000000,0.750000,0,0,0,,,NONE,0.000000,0.000000,4.599994,4.600006
10.432,FOLLOW_LANE,camera lane following,160.000,0.000000,0.750000,0,0,0,,,NONE,0.000000,0.000000,4.599994,4.600006
10.464,FOLLOW_LANE,camera lane following,160.000,0.000000,0.750000,0,0,0,,,NONE,0.000000,0.000000,4.599994,4.600006
10.496,FOLLOW_LANE,camera lane following,159.500,-0.003125,0.750000,0,0,0,,,NONE,0.000000,0.000000,4.599994,4.600006
10.528,FOLLOW_LANE,camera lane following,159.500,-0.003125,0.750000,0,0,0,,,NONE,0.000000,0.000000,4.599994,4.600006
10.560,FOLLOW_LANE,camera lane following,159.500,-0.003125,0.750000,0,0,0,,,NONE,0.000000,0.000000,4.599994,4.600006
10.592,FOLLOW_LANE,camera lane following,160.000,0.000000,0.750000,0,0,0,,,NONE,0.000000,0.000000,4.599994,4.600006
10.624,FOLLOW_LANE,camera lane following,160.000,0.000000,0.750000,0,0,0,,,NONE,0.000000,0.000000,4.599994,4.600006
10.656,FOLLOW_LANE,camera lane following,160.000,0.000000,0.750000,0,0,0,,,NONE,0.000000,0.000000,4.599994,4.600006
10.688,FOLLOW_LANE,camera lane following,160.000,0.000000,0.750000,0,0,0,,,NONE,0.000000,0.000000,4.599994,4.600006
10.720,FOLLOW_LANE,camera lane following,160.500,0.003125,0.750000,0,0,0,,,NONE,0.000000,0.000000,4.599994,4.600006
10.752,FOLLOW_LANE,camera lane following,160.500,0.003125,0.750000,0,0,0,,,NONE,0.000000,0.000000,4.599994,4.600006
10.784,FOLLOW_LANE,camera lane following,160.500,0.003125,0.750000,0,0,0,,,NONE,0.000000,0.000000,4.599994,4.600006
10.816,FOLLOW_LANE,camera lane following,160.500,0.003125,0.750000,0,0,0,,,NONE,0.000000,0.000000,4.599994,4.600006
10.848,FOLLOW_LANE,camera lane following,160.500,0.003125,0.750000,0,0,0,,,NONE,0.000000,0.000000,4.599994,4.600006
10.880,FOLLOW_LANE,camera lane following,160.500,0.003125,0.750000,0,0,0,,,NONE,0.000000,0.000000,4.599994,4.600006
10.912,FOLLOW_LANE,camera lane following,160.000,0.000000,0.750000,0,0,0,,,NONE,0.000000,0.000000,4.599994,4.600006
10.944,FOLLOW_LANE,camera lane following,160.000,0.000000,0.750000,0,0,0,,,NONE,0.000000,0.000000,4.599994,4.600006
10.976,FOLLOW_LANE,camera lane following,159.500,-0.003125,0.750000,0,0,0,,,NONE,0.000000,0.000000,4.599994,4.600006
11.008,FOLLOW_LANE,camera lane following,159.500,-0.003125,0.750000,0,0,0,,,NONE,0.000000,0.000000,4.599994,4.600006
11.040,FOLLOW_LANE,camera lane following,159.500,-0.003125,0.750000,0,0,0,,,NONE,0.000000,0.000000,4.599994,4.600006
11.072,FOLLOW_LANE,camera lane following,159.500,-0.003125,0.750000,0,0,0,,,NONE,0.000000,0.000000,4.599994,4.600006
11.104,FOLLOW_LANE,camera lane following,159.500,-0.003125,0.750000,0,0,0,,,NONE,0.000000,0.000000,4.599994,4.600006
11.136,FOLLOW_LANE,camera lane following,159.750,-0.001563,0.750000,0,0,0,,,NONE,0.000000,0.000000,4.599994,4.600006
11.168,FOLLOW_LANE,camera lane following,160.000,0.000000,0.750000,0,0,0,,,NONE,0.000000,0.000000,4.599994,4.600006
11.200,FOLLOW_LANE,camera lane following,159.000,-0.006250,0.750000,0,0,0,,,NONE,0.000000,0.000000,4.534365,4.665635
11.232,FOLLOW_LANE,camera lane following,159.000,-0.006250,0.750000,0,0,0,,,NONE,0.000000,0.000000,4.549986,4.650014
11.264,FOLLOW_LANE,camera lane following,159.250,-0.004687,0.750000,0,0,0,,,NONE,0.000000,0.000000,4.615611,4.584389
11.296,FOLLOW_LANE,camera lane following,158.500,-0.009375,0.750000,0,0,0,,,NONE,0.000000,0.000000,4.501542,4.698457
11.328,FOLLOW_LANE,camera lane following,158.500,-0.009375,0.750000,0,0,0,,,NONE,0.000000,0.000000,4.524974,4.675026
11.360,FOLLOW_LANE,camera lane following,158.000,-0.012500,0.750000,0,0,0,,,NONE,0.000000,0.000000,4.492153,4.707846
11.392,FOLLOW_LANE,camera lane following,158.500,-0.009375,0.750000,0,0,0,,,NONE,0.000000,0.000000,4.532773,4.667227
11.424,FOLLOW_LANE,camera lane following,159.250,-0.004687,0.750000,0,0,0,,,NONE,0.000000,0.000000,4.623397,4.576602
11.456,FOLLOW_LANE,camera lane following,159.000,-0.006250,0.750000,0,0,0,,,NONE,0.000000,0.000000,4.534331,4.665669
11.488,FOLLOW_LANE,camera lane following,159.000,-0.006250,0.750000,0,0,0,,,NONE,0.000000,0.000000,4.549952,4.650048
11.520,FOLLOW_LANE,camera lane following,159.500,-0.003125,0.750000,0,0,0,,,NONE,0.000000,0.000000,4.615577,4.584423
11.552,FOLLOW_LANE,camera lane following,159.500,-0.003125,0.750000,0,0,0,,,NONE,0.000000,0.000000,4.599952,4.600048
11.584,FOLLOW_LANE,camera lane following,159.000,-0.006250,0.750000,0,0,0,,,NONE,0.000000,0.000000,4.534323,4.665677
11.616,FOLLOW_LANE,camera lane following,159.000,-0.006250,0.750000,0,0,0,,,NONE,0.000000,0.000000,4.549944,4.650056
11.648,FOLLOW_LANE,camera lane following,159.000,-0.006250,0.750000,0,0,0,,,NONE,0.000000,0.000000,4.549940,4.650060
11.680,FOLLOW_LANE,camera lane following,159.000,-0.006250,0.750000,0,0,0,,,NONE,0.000000,0.000000,4.549936,4.650064
11.712,FOLLOW_LANE,camera lane following,159.000,-0.006250,0.750000,0,0,0,,,NONE,0.000000,0.000000,4.549932,4.650068
11.744,FOLLOW_LANE,camera lane following,158.500,-0.009375,0.750000,0,0,0,,,NONE,0.000000,0.000000,4.517113,4.682886
11.776,FOLLOW_LANE,camera lane following,158.500,-0.009375,0.750000,0,0,0,,,NONE,0.000000,0.000000,4.524920,4.675080
11.808,FOLLOW_LANE,camera lane following,158.500,-0.009375,0.750000,0,0,0,,,NONE,0.000000,0.000000,4.524914,4.675086
11.840,FOLLOW_LANE,camera lane following,158.500,-0.009375,0.750000,0,0,0,,,NONE,0.000000,0.000000,4.524908,4.675092
11.872,FOLLOW_LANE,camera lane following,159.000,-0.006250,0.750000,0,0,0,,,NONE,0.000000,0.000000,4.557716,4.642283
11.904,FOLLOW_LANE,camera lane following,159.000,-0.006250,0.750000,0,0,0,,,NONE,0.000000,0.000000,4.549900,4.650100
11.936,FOLLOW_LANE,camera lane following,159.000,-0.006250,0.750000,0,0,0,,,NONE,0.000000,0.000000,4.549896,4.650104
11.968,FOLLOW_LANE,camera lane following,159.000,-0.006250,0.750000,0,0,0,,,NONE,0.000000,0.000000,4.549892,4.650108
12.000,FOLLOW_LANE,camera lane following,158.500,-0.009375,0.750000,0,0,0,,,NONE,0.000000,0.000000,4.517073,4.682926
12.032,FOLLOW_LANE,camera lane following,158.500,-0.009375,0.750000,0,0,0,,,NONE,0.000000,0.000000,4.524880,4.675120
12.064,FOLLOW_LANE,camera lane following,158.750,-0.007812,0.750000,0,0,0,,,NONE,0.000000,0.000000,4.541281,4.658719
12.096,FOLLOW_LANE,camera lane following,158.000,-0.012500,0.750000,0,0,0,,,NONE,0.000000,0.000000,4.488148,4.711852
12.128,FOLLOW_LANE,camera lane following,158.000,-0.012500,0.750000,0,0,0,,,NONE,0.000000,0.000000,4.499859,4.700141
12.160,FOLLOW_LANE,camera lane following,158.000,-0.012500,0.750000,0,0,0,,,NONE,0.000000,0.000000,4.499851,4.700149
12.192,FOLLOW_LANE,camera lane following,158.000,-0.012500,0.750000,0,0,0,,,NONE,0.000000,0.000000,4.499843,4.700157
12.224,FOLLOW_LANE,camera lane following,158.000,-0.012500,0.750000,0,0,0,,,NONE,0.000000,0.000000,4.499835,4.700165
12.256,FOLLOW_LANE,camera lane following,158.000,-0.012500,0.750000,0,0,0,,,NONE,0.000000,0.000000,4.499827,4.700173
12.288,FOLLOW_LANE,camera lane following,158.000,-0.012500,0.750000,0,0,0,,,NONE,0.000000,0.000000,4.499819,4.700181
12.320,FOLLOW_LANE,camera lane following,158.000,-0.012500,0.750000,0,0,0,,,NONE,0.000000,0.000000,4.499811,4.700189
12.352,FOLLOW_LANE,camera lane following,157.500,-0.015625,0.750000,0,0,0,,,NONE,0.000000,0.000000,4.466988,4.733011
12.384,FOLLOW_LANE,camera lane following,157.250,-0.017188,0.750000,0,0,0,,,NONE,0.000000,0.000000,4.458384,4.741616
12.416,FOLLOW_LANE,camera lane following,157.000,-0.018750,0.750000,0,0,0,,,NONE,0.000000,0.000000,4.445872,4.754128
12.448,FOLLOW_LANE,camera lane following,157.000,-0.018750,0.750000,0,0,0,,,NONE,0.000000,0.000000,4.449766,4.750234
12.480,FOLLOW_LANE,camera lane following,157.000,-0.018750,0.750000,0,0,0,,,NONE,0.000000,0.000000,4.449754,4.750246
12.512,FOLLOW_LANE,camera lane following,157.500,-0.015625,0.750000,0,0,0,,,NONE,0.000000,0.000000,4.482556,4.717443
12.544,FOLLOW_LANE,camera lane following,157.500,-0.015625,0.750000,0,0,0,,,NONE,0.000000,0.000000,4.474734,4.725266
12.576,FOLLOW_LANE,camera lane following,158.500,-0.009375,0.750000,0,0,0,,,NONE,0.000000,0.000000,4.540353,4.659647
12.608,FOLLOW_LANE,camera lane following,159.000,-0.006250,0.750000,0,0,0,,,NONE,0.000000,0.000000,4.557536,4.642463
12.640,FOLLOW_LANE,camera lane following,162.000,0.012500,0.750000,0,0,0,,,NONE,0.000000,0.000000,4.746607,4.453393
12.672,FOLLOW_LANE,camera lane following,159.500,-0.003125,0.750000,0,0,0,,,NONE,0.000000,0.000000,4.568482,4.631518
12.704,FOLLOW_LANE,camera lane following,155.000,-0.031250,0.750000,0,0,0,,,NONE,0.000000,0.000000,4.271587,4.928413
12.736,FOLLOW_LANE,camera lane following,155.000,-0.031250,0.750000,0,0,0,,,NONE,0.000000,0.000000,4.349692,4.850308
12.768,FOLLOW_LANE,camera lane following,155.000,-0.031250,0.750000,0,0,0,,,NONE,0.000000,0.000000,4.349672,4.850328
12.800,FOLLOW_LANE,camera lane following,155.500,-0.028125,0.750000,0,0,0,,,NONE,0.000000,0.000000,4.382466,4.817533
12.832,FOLLOW_LANE,camera lane following,156.000,-0.025000,0.750000,0,0,0,,,NONE,0.000000,0.000000,4.407450,4.792549
12.864,FOLLOW_LANE,camera lane following,156.000,-0.025000,0.750000,0,0,0,,,NONE,0.000000,0.000000,4.399622,4.800378
12.896,FOLLOW_LANE,camera lane following,156.500,-0.021875,0.750000,0,0,0,,,NONE,0.000000,0.000000,4.432420,4.767580
12.928,FOLLOW_LANE,camera lane following,156.500,-0.021875,0.750000,0,0,0,,,NONE,0.000000,0.000000,4.424594,4.775406
12.960,FOLLOW_LANE,camera lane following,156.500,-0.021875,0.750000,0,0,0,,,NONE,0.000000,0.000000,4.424580,4.775420
12.992,FOLLOW_LANE,camera lane following,156.500,-0.021875,0.750000,0,0,0,,,NONE,0.000000,0.000000,4.424566,4.775434
13.024,FOLLOW_LANE,camera lane following,157.500,-0.015625,0.750000,0,0,0,,,NONE,0.000000,0.000000,4.490181,4.709819
13.056,FOLLOW_LANE,camera lane following,157.500,-0.015625,0.750000,0,0,0,,,NONE,0.000000,0.000000,4.474546,4.725454
13.088,FOLLOW_LANE,camera lane following,157.500,-0.015625,0.750000,0,0,0,,,NONE,0.000000,0.000000,4.474536,4.725464
13.120,FOLLOW_LANE,camera lane following,158.000,-0.012500,0.750000,0,0,0,,,NONE,0.000000,0.000000,4.507340,4.692659
13.152,FOLLOW_LANE,camera lane following,158.500,-0.009375,0.750000,0,0,0,,,NONE,0.000000,0.000000,4.532334,4.667666
13.184,FOLLOW_LANE,camera lane following,158.500,-0.009375,0.750000,0,0,0,,,NONE,0.000000,0.000000,4.524516,4.675484
13.216,FOLLOW_LANE,camera lane following,159.000,-0.006250,0.750000,0,0,0,,,NONE,0.000000,0.000000,4.557325,4.642675
13.248,FOLLOW_LANE,camera lane following,160.000,0.000000,0.750000,0,0,0,,,NONE,0.000000,0.000000,4.615137,4.584863
13.280,FOLLOW_LANE,camera lane following,160.500,0.003125,0.750000,0,0,0,,,NONE,0.000000,0.000000,4.599512,4.600488
13.312,FOLLOW_LANE,camera lane following,162.000,0.012500,0.750000,0,0,0,,,NONE,0.000000,0.000000,4.730770,4.469230
13.344,FOLLOW_LANE,camera lane following,163.500,0.021875,0.750000,0,0,0,,,NONE,0.000000,0.000000,4.797972,4.402028
13.376,FOLLOW_LANE,camera lane following,165.500,0.034375,0.750000,0,0,0,,,NONE,0.000000,0.000000,4.905806,4.294194
13.408,FOLLOW_LANE,camera lane following,167.500,0.046875,0.750000,0,0,0,,,NONE,0.000000,0.000000,5.005836,4.194164
13.440,FOLLOW_LANE,camera lane following,157.500,-0.015625,0.750000,0,0,0,,,NONE,0.000000,0.000000,4.318326,4.881674
13.472,FOLLOW_LANE,camera lane following,134.000,-0.162500,0.750000,0,0,0,,,NONE,0.000000,0.000000,2.932284,6.267715
13.504,FOLLOW_LANE,camera lane following,136.500,-0.146875,0.750000,0,0,0,,,NONE,0.000000,0.000000,3.463440,5.736559
13.536,FOLLOW_LANE,camera lane following,136.500,-0.146875,0.750000,0,0,0,,,NONE,0.000000,0.000000,3.424284,5.775716
13.568,FOLLOW_LANE,camera lane following,154.500,-0.034375,0.750000,0,0,0,,,NONE,0.000000,0.000000,4.605512,4.594488
13.600,FOLLOW_LANE,camera lane following,155.000,-0.031250,0.750000,0,0,0,,,NONE,0.000000,0.000000,4.357054,4.842945
13.632,FOLLOW_LANE,camera lane following,155.000,-0.031250,0.750000,0,0,0,,,NONE,0.000000,0.000000,4.349222,4.850778
13.664,FOLLOW_LANE,camera lane following,155.500,-0.028125,0.750000,0,0,0,,,NONE,0.000000,0.000000,4.382016,4.817983
13.696,FOLLOW_LANE,camera lane following,156.000,-0.025000,0.750000,0,0,0,,,NONE,0.000000,0.000000,4.407000,4.792999
13.728,FOLLOW_LANE,camera lane following,156.500,-0.021875,0.750000,0,0,0,,,NONE,0.000000,0.000000,4.431986,4.768013
13.760,FOLLOW_LANE,camera lane following,156.500,-0.021875,0.750000,0,0,0,,,NONE,0.000000,0.000000,4.424160,4.775840
13.792,FOLLOW_LANE,camera lane following,157.000,-0.018750,0.750000,0,0,0,,,NONE,0.000000,0.000000,4.456960,4.743040
13.824,FOLLOW_LANE,camera lane following,157.500,-0.015625,0.750000,0,0,0,,,NONE,0.000000,0.000000,4.481950,4.718049
13.856,FOLLOW_LANE,camera lane following,157.500,-0.015625,0.750000,0,0,0,,,NONE,0.000000,0.000000,4.474128,4.725872
13.888,FOLLOW_LANE,camera lane following,157.500,-0.015625,0.750000,0,0,0,,,NONE,0.000000,0.000000,4.474118,4.725882
13.920,FOLLOW_LANE,camera lane following,158.500,-0.009375,0.750000,0,0,0,,,NONE,0.000000,0.000000,4.539737,4.660263
13.952,FOLLOW_LANE,camera lane following,158.500,-0.009375,0.750000,0,0,0,,,NONE,0.000000,0.000000,4.524106,4.675894
13.984,FOLLOW_LANE,camera lane following,159.000,-0.006250,0.750000,0,0,0,,,NONE,0.000000,0.000000,4.556914,4.643085
14.016,FOLLOW_LANE,camera lane following,159.500,-0.003125,0.750000,0,0,0,,,NONE,0.000000,0.000000,4.614727,4.585273
14.048,FOLLOW_LANE,camera lane following,161.500,0.009375,0.750000,0,0,0,,,NONE,0.000000,0.000000,4.697545,4.502454
14.080,FOLLOW_LANE,camera lane following,163.000,0.018750,0.750000,0,0,0,,,NONE,0.000000,0.000000,4.772557,4.427442
14.112,FOLLOW_LANE,camera lane following,163.500,0.021875,0.750000,0,0,0,,,NONE,0.000000,0.000000,4.781946,4.418054
14.144,FOLLOW_LANE,camera lane following,164.500,0.028125,0.750000,0,0,0,,,NONE,0.000000,0.000000,4.839777,4.360223
14.176,FOLLOW_LANE,camera lane following,165.000,0.031250,0.750000,0,0,0,,,NONE,0.000000,0.000000,4.856984,4.343015
14.208,FOLLOW_LANE,camera lane following,166.500,0.040625,0.750000,0,0,0,,,NONE,0.000000,0.000000,4.947635,4.252364
14.240,FOLLOW_LANE,camera lane following,164.500,0.028125,0.750000,0,0,0,,,NONE,0.000000,0.000000,4.792966,4.407034
14.272,FOLLOW_LANE,camera lane following,138.500,-0.134375,0.750000,0,0,0,,,NONE,0.000000,0.000000,3.117880,6.082120
14.304,FOLLOW_LANE,camera lane following,137.000,-0.143750,0.750000,0,0,0,,,NONE,0.000000,0.000000,3.425600,5.774399
14.336,FOLLOW_LANE,camera lane following,137.500,-0.140625,0.750000,0,0,0,,,NONE,0.000000,0.000000,3.481760,5.718239
14.368,FOLLOW_LANE,camera lane following,136.000,-0.150000,0.750000,0,0,0,,,NONE,0.000000,0.000000,3.375414,5.824585
14.400,FOLLOW_LANE,camera lane following,168.500,0.053125,0.750000,0,0,0,,,NONE,0.000000,0.000000,5.531698,3.668301
14.432,FOLLOW_LANE,camera lane following,161.500,0.009375,0.750000,0,0,0,,,NONE,0.000000,0.000000,4.564517,4.635483
14.464,FOLLOW_LANE,camera lane following,160.000,0.000000,0.750000,0,0,0,,,NONE,0.000000,0.000000,4.575454,4.624545
14.496,FOLLOW_LANE,camera lane following,158.500,-0.009375,0.750000,0,0,0,,,NONE,0.000000,0.000000,4.500449,4.699551
14.528,FOLLOW_LANE,camera lane following,160.000,0.000000,0.750000,0,0,0,,,NONE,0.000000,0.000000,4.622323,4.577676
14.560,FOLLOW_LANE,camera lane following,160.000,0.000000,0.750000,0,0,0,,,NONE,0.000000,0.000000,4.598886,4.601114
14.592,FOLLOW_LANE,camera lane following,155.500,-0.028125,0.750000,0,0,0,,,NONE,0.000000,0.000000,4.303555,4.896444
14.624,FOLLOW_LANE,camera lane following,152.500,-0.046875,0.750000,0,0,0,,,NONE,0.000000,0.000000,4.176963,5.023037
14.656,FOLLOW_LANE,camera lane following,153.000,-0.043750,0.750000,0,0,0,,,NONE,0.000000,0.000000,4.256622,4.943377
14.688,FOLLOW_LANE,camera lane following,154.000,-0.037500,0.750000,0,0,0,,,NONE,0.000000,0.000000,4.314411,4.885589
14.720,FOLLOW_LANE,camera lane following,154.000,-0.037500,0.750000,0,0,0,,,NONE,0.000000,0.000000,4.298762,4.901238
14.752,FOLLOW_LANE,camera lane following,154.500,-0.034375,0.750000,0,0,0,,,NONE,0.000000,0.000000,4.331552,4.868447
14.784,FOLLOW_LANE,camera lane following,155.500,-0.028125,0.750000,0,0,0,,,NONE,0.000000,0.000000,4.389347,4.810653
14.816,FOLLOW_LANE,camera lane following,156.000,-0.025000,0.750000,0,0,0,,,NONE,0.000000,0.000000,4.406518,4.793481
14.848,FOLLOW_LANE,camera lane following,157.500,-0.015625,0.750000,0,0,0,,,NONE,0.000000,0.000000,4.497133,4.702866
14.880,FOLLOW_LANE,camera lane following,159.000,-0.006250,0.750000,0,0,0,,,NONE,0.000000,0.000000,4.572129,4.627870
14.912,FOLLOW_LANE,camera lane following,160.000,0.000000,0.750000,0,0,0,,,NONE,0.000000,0.000000,4.614317,4.585683
14.944,FOLLOW_LANE,camera lane following,160.500,0.003125,0.750000,0,0,0,,,NONE,0.000000,0.000000,4.598692,4.601308
14.976,FOLLOW_LANE,camera lane following,160.500,0.003125,0.750000,0,0,0,,,NONE,0.000000,0.000000,4.598692,4.601308
15.008,FOLLOW_LANE,camera lane following,162.000,0.012500,0.750000,0,0,0,,,NONE,0.000000,0.000000,4.729950,4.470050
15.040,FOLLOW_LANE,camera lane following,164.000,0.025000,0.750000,0,0,0,,,NONE,0.000000,0.000000,4.829966,4.370034
15.072,FOLLOW_LANE,camera lane following,165.500,0.034375,0.750000,0,0,0,,,NONE,0.000000,0.000000,4.897175,4.302824
15.104,FOLLOW_LANE,camera lane following,149.000,-0.068750,0.750000,0,0,0,,,NONE,0.000000,0.000000,3.790881,5.409118
15.136,FOLLOW_LANE,camera lane following,137.000,-0.143750,0.750000,0,0,0,,,NONE,0.000000,0.000000,3.261102,5.938898
15.168,FOLLOW_LANE,camera lane following,140.000,-0.125000,0.750000,0,0,0,,,NONE,0.000000,0.000000,3.645397,5.554603
15.200,FOLLOW_LANE,camera lane following,138.000,-0.137500,0.750000,0,0,0,,,NONE,0.000000,0.000000,3.467184,5.732816
15.232,FOLLOW_LANE,camera lane following,162.500,0.015625,0.750000,0,0,0,,,NONE,0.000000,0.000000,5.106256,4.093743
15.264,FOLLOW_LANE,camera lane following,157.500,-0.015625,0.750000,0,0,0,,,NONE,0.000000,0.000000,4.395309,4.804691
15.296,FOLLOW_LANE,camera lane following,156.000,-0.025000,0.750000,0,0,0,,,NONE,0.000000,0.000000,4.374980,4.825019
15.328,FOLLOW_LANE,camera lane following,155.000,-0.031250,0.750000,0,0,0,,,NONE,0.000000,0.000000,4.332773,4.867227
15.360,FOLLOW_LANE,camera lane following,156.500,-0.021875,0.750000,0,0,0,,,NONE,0.000000,0.000000,4.446821,4.753178
15.392,FOLLOW_LANE,camera lane following,156.500,-0.021875,0.750000,0,0,0,,,NONE,0.000000,0.000000,4.423370,4.776630
15.424,FOLLOW_LANE,camera lane following,153.000,-0.043750,0.750000,0,0,0,,,NONE,0.000000,0.000000,4.193655,5.006345
15.456,FOLLOW_LANE,camera lane following,152.000,-0.050000,0.750000,0,0,0,,,NONE,0.000000,0.000000,4.182685,5.017315
15.488,FOLLOW_LANE,camera lane following,152.500,-0.046875,0.750000,0,0,0,,,NONE,0.000000,0.000000,4.231092,4.968907
15.520,FOLLOW_LANE,camera lane following,153.000,-0.043750,0.750000,0,0,0,,,NONE,0.000000,0.000000,4.256064,4.943935
15.552,FOLLOW_LANE,camera lane following,153.000,-0.043750,0.750000,0,0,0,,,NONE,0.000000,0.000000,4.248224,4.951776
15.584,FOLLOW_LANE,camera lane following,154.000,-0.037500,0.750000,0,0,0,,,NONE,0.000000,0.000000,4.313825,4.886175
15.616,FOLLOW_LANE,camera lane following,154.500,-0.034375,0.750000,0,0,0,,,NONE,0.000000,0.000000,4.330990,4.869009
15.648,FOLLOW_LANE,camera lane following,155.000,-0.031250,0.750000,0,0,0,,,NONE,0.000000,0.000000,4.355970,4.844029
15.680,FOLLOW_LANE,camera lane following,156.000,-0.025000,0.750000,0,0,0,,,NONE,0.000000,0.000000,4.413767,4.786233
15.712,FOLLOW_LANE,camera lane following,156.500,-0.021875,0.750000,0,0,0,,,NONE,0.000000,0.000000,4.430940,4.769060
15.744,FOLLOW_LANE,camera lane following,157.500,-0.015625,0.750000,0,0,0,,,NONE,0.000000,0.000000,4.488743,4.711257
15.776,FOLLOW_LANE,camera lane following,158.000,-0.012500,0.750000,0,0,0,,,NONE,0.000000,0.000000,4.505922,4.694077
15.808,FOLLOW_LANE,camera lane following,159.000,-0.006250,0.750000,0,0,0,,,NONE,0.000000,0.000000,4.563731,4.636269
15.840,FOLLOW_LANE,camera lane following,161.000,0.006250,0.750000,0,0,0,,,NONE,0.000000,0.000000,4.679360,4.520640
15.872,FOLLOW_LANE,camera lane following,162.500,0.015625,0.750000,0,0,0,,,NONE,0.000000,0.000000,4.746557,4.453442
15.904,FOLLOW_LANE,camera lane following,165.000,0.031250,0.750000,0,0,0,,,NONE,0.000000,0.000000,4.887202,4.312797
15.936,FOLLOW_LANE,camera lane following,161.000,0.006250,0.750000,0,0,0,,,NONE,0.000000,0.000000,4.585644,4.614356
15.968,FOLLOW_LANE,camera lane following,138.500,-0.134375,0.750000,0,0,0,,,NONE,0.000000,0.000000,3.171495,6.028504
16.000,FOLLOW_LANE,camera lane following,137.500,-0.140625,0.750000,0,0,0,,,NONE,0.000000,0.000000,3.457343,5.742657
16.032,FOLLOW_LANE,camera lane following,138.250,-0.135937,0.750000,0,0,0,,,NONE,0.000000,0.000000,3.522100,5.677900
16.064,FOLLOW_LANE,camera lane following,156.000,-0.025000,0.750000,0,0,0,,,NONE,0.000000,0.000000,4.675209,4.524791
16.096,FOLLOW_LANE,camera lane following,154.000,-0.037500,0.750000,0,0,0,,,NONE,0.000000,0.000000,4.266591,4.933409
16.128,FOLLOW_LANE,camera lane following,153.000,-0.043750,0.750000,0,0,0,,,NONE,0.000000,0.000000,4.232188,4.967812
16.160,FOLLOW_LANE,camera lane following,152.500,-0.046875,0.750000,0,0,0,,,NONE,0.000000,0.000000,4.214970,4.985029
16.192,FOLLOW_LANE,camera lane following,154.000,-0.037500,0.750000,0,0,0,,,NONE,0.000000,0.000000,4.321196,4.878804
16.224,FOLLOW_LANE,camera lane following,154.500,-0.034375,0.750000,0,0,0,,,NONE,0.000000,0.000000,4.330550,4.869450
16.256,FOLLOW_LANE,camera lane following,153.500,-0.040625,0.750000,0,0,0,,,NONE,0.000000,0.000000,4.257086,4.942914
16.288,FOLLOW_LANE,camera lane following,152.000,-0.050000,0.750000,0,0,0,,,NONE,0.000000,0.000000,4.174241,5.025758
16.320,FOLLOW_LANE,camera lane following,152.500,-0.046875,0.750000,0,0,0,,,NONE,0.000000,0.000000,4.230461,4.969538
16.352,FOLLOW_LANE,camera lane following,153.000,-0.043750,0.750000,0,0,0,,,NONE,0.000000,0.000000,4.255433,4.944566
16.384,FOLLOW_LANE,camera lane following,153.000,-0.043750,0.750000,0,0,0,,,NONE,0.000000,0.000000,4.247593,4.952407
16.416,FOLLOW_LANE,camera lane following,154.000,-0.037500,0.750000,0,0,0,,,NONE,0.000000,0.000000,4.313194,4.886806
16.448,FOLLOW_LANE,camera lane following,154.000,-0.037500,0.750000,0,0,0,,,NONE,0.000000,0.000000,4.297545,4.902455
16.480,FOLLOW_LANE,camera lane following,155.500,-0.028125,0.750000,0,0,0,,,NONE,0.000000,0.000000,4.395964,4.804035
16.512,FOLLOW_LANE,camera lane following,156.750,-0.020313,0.750000,0,0,0,,,NONE,0.000000,0.000000,4.454545,4.745455
16.544,FOLLOW_LANE,camera lane following,157.000,-0.018750,0.750000,0,0,0,,,NONE,0.000000,0.000000,4.451408,4.748592
16.576,FOLLOW_LANE,camera lane following,157.500,-0.015625,0.750000,0,0,0,,,NONE,0.000000,0.000000,4.480304,4.719695
16.608,FOLLOW_LANE,camera lane following,158.500,-0.009375,0.750000,0,0,0,,,NONE,0.000000,0.000000,4.538111,4.661889
16.640,FOLLOW_LANE,camera lane following,159.000,-0.006250,0.750000,0,0,0,,,NONE,0.000000,0.000000,4.555294,4.644705
16.672,FOLLOW_LANE,camera lane following,160.500,0.003125,0.750000,0,0,0,,,NONE,0.000000,0.000000,4.613107,4.586893
16.704,FOLLOW_LANE,camera lane following,163.000,0.018750,0.750000,0,0,0,,,NONE,0.000000,0.000000,4.794369,4.405631
16.736,FOLLOW_LANE,camera lane following,164.500,0.028125,0.750000,0,0,0,,,NONE,0.000000,0.000000,4.845949,4.354050
16.768,FOLLOW_LANE,camera lane following,165.000,0.031250,0.750000,0,0,0,,,NONE,0.000000,0.000000,4.855344,4.344656
16.800,FOLLOW_LANE,camera lane following,142.000,-0.112500,0.750000,0,0,0,,,NONE,0.000000,0.000000,3.338085,5.861915
16.832,FOLLOW_LANE,camera lane following,137.000,-0.143750,0.750000,0,0,0,,,NONE,0.000000,0.000000,3.369243,5.830757
16.864,FOLLOW_LANE,camera lane following,137.500,-0.140625,0.750000,0,0,0,,,NONE,0.000000,0.000000,3.480090,5.719909
16.896,FOLLOW_LANE,camera lane following,154.000,-0.037500,0.750000,0,0,0,,,NONE,0.000000,0.000000,4.555066,4.644933
16.928,FOLLOW_LANE,camera lane following,152.000,-0.050000,0.750000,0,0,0,,,NONE,0.000000,0.000000,4.165972,5.034028
16.960,FOLLOW_LANE,camera lane following,152.000,-0.050000,0.750000,0,0,0,,,NONE,0.000000,0.000000,4.197190,5.002810
16.992,FOLLOW_LANE,camera lane following,151.500,-0.053125,0.750000,0,0,0,,,NONE,0.000000,0.000000,4.164343,5.035656
17.024,FOLLOW_LANE,camera lane following,153.000,-0.043750,0.750000,0,0,0,,,NONE,0.000000,0.000000,4.270566,4.929434
17.056,FOLLOW_LANE,camera lane following,154.000,-0.037500,0.750000,0,0,0,,,NONE,0.000000,0.000000,4.312729,4.887271
17.088,FOLLOW_LANE,camera lane following,153.500,-0.040625,0.750000,0,0,0,,,NONE,0.000000,0.000000,4.264265,4.935734
17.120,FOLLOW_LANE,camera lane following,152.000,-0.050000,0.750000,0,0,0,,,NONE,0.000000,0.000000,4.173608,5.026391
17.152,FOLLOW_LANE,camera lane following,153.000,-0.043750,0.750000,0,0,0,,,NONE,0.000000,0.000000,4.262643,4.937357
17.184,FOLLOW_LANE,camera lane following,153.500,-0.040625,0.750000,0,0,0,,,NONE,0.000000,0.000000,4.279805,4.920195
17.216,FOLLOW_LANE,camera lane following,153.500,-0.040625,0.750000,0,0,0,,,NONE,0.000000,0.000000,4.271966,4.928034
17.248,FOLLOW_LANE,camera lane following,154.000,-0.037500,0.750000,0,0,0,,,NONE,0.000000,0.000000,4.304754,4.895245
17.280,FOLLOW_LANE,camera lane following,155.000,-0.031250,0.750000,0,0,0,,,NONE,0.000000,0.000000,4.362547,4.837453
17.312,FOLLOW_LANE,camera lane following,155.500,-0.028125,0.750000,0,0,0,,,NONE,0.000000,0.000000,4.379716,4.820283
17.344,FOLLOW_LANE,camera lane following,156.000,-0.025000,0.750000,0,0,0,,,NONE,0.000000,0.000000,4.404700,4.795299
17.376,FOLLOW_LANE,camera lane following,157.000,-0.018750,0.750000,0,0,0,,,NONE,0.000000,0.000000,4.462501,4.737499
17.408,FOLLOW_LANE,camera lane following,157.500,-0.015625,0.750000,0,0,0,,,NONE,0.000000,0.000000,4.479678,4.720321
17.440,FOLLOW_LANE,camera lane following,158.000,-0.012500,0.750000,0,0,0,,,NONE,0.000000,0.000000,4.504670,4.695329
17.472,FOLLOW_LANE,camera lane following,159.500,-0.003125,0.750000,0,0,0,,,NONE,0.000000,0.000000,4.628108,4.571892
17.504,FOLLOW_LANE,camera lane following,161.000,0.006250,0.750000,0,0,0,,,NONE,0.000000,0.000000,4.662487,4.537513
17.536,FOLLOW_LANE,camera lane following,163.000,0.018750,0.750000,0,0,0,,,NONE,0.000000,0.000000,4.778124,4.421876
17.568,FOLLOW_LANE,camera lane following,164.500,0.028125,0.750000,0,0,0,,,NONE,0.000000,0.000000,4.845330,4.354670
17.600,FOLLOW_LANE,camera lane following,166.000,0.037500,0.750000,0,0,0,,,NONE,0.000000,0.000000,4.920354,4.279646
17.632,FOLLOW_LANE,camera lane following,145.250,-0.092188,0.750000,0,0,0,,,NONE,0.000000,0.000000,3.535138,5.664862
17.664,FOLLOW_LANE,camera lane following,137.750,-0.139063,0.750000,0,0,0,,,NONE,0.000000,0.000000,3.367080,5.832919
17.696,FOLLOW_LANE,camera lane following,138.250,-0.135937,0.750000,0,0,0,,,NONE,0.000000,0.000000,3.516993,5.683006
17.728,FOLLOW_LANE,camera lane following,151.500,-0.053125,0.750000,0,0,0,,,NONE,0.000000,0.000000,4.378678,4.821322
17.760,FOLLOW_LANE,camera lane following,152.000,-0.050000,0.750000,0,0,0,,,NONE,0.000000,0.000000,4.204427,4.995572
17.792,FOLLOW_LANE,camera lane following,151.500,-0.053125,0.750000,0,0,0,,,NONE,0.000000,0.000000,4.163768,5.036231
17.824,FOLLOW_LANE,camera lane following,152.000,-0.050000,0.750000,0,0,0,,,NONE,0.000000,0.000000,4.204361,4.995639
17.856,FOLLOW_LANE,camera lane following,153.000,-0.043750,0.750000,0,0,0,,,NONE,0.000000,0.000000,4.262146,4.937854
17.888,FOLLOW_LANE,camera lane following,154.000,-0.037500,0.750000,0,0,0,,,NONE,0.000000,0.000000,4.312122,4.887878
17.920,FOLLOW_LANE,camera lane following,154.000,-0.037500,0.750000,0,0,0,,,NONE,0.000000,0.000000,4.296473,4.903527
17.952,FOLLOW_LANE,camera lane following,152.500,-0.046875,0.750000,0,0,0,,,NONE,0.000000,0.000000,4.198005,5.001994
17.984,FOLLOW_LANE,camera lane following,153.500,-0.040625,0.750000,0,0,0,,,NONE,0.000000,0.000000,4.287042,4.912958
18.016,FOLLOW_LANE,camera lane following,154.000,-0.037500,0.750000,0,0,0,,,NONE,0.000000,0.000000,4.304205,4.895795
18.048,FOLLOW_LANE,camera lane following,154.500,-0.034375,0.750000,0,0,0,,,NONE,0.000000,0.000000,4.329183,4.870817
18.080,FOLLOW_LANE,camera lane following,154.500,-0.034375,0.750000,0,0,0,,,NONE,0.000000,0.000000,4.321349,4.878651
18.112,FOLLOW_LANE,camera lane following,155.500,-0.028125,0.750000,0,0,0,,,NONE,0.000000,0.000000,4.386956,4.813044
18.144,FOLLOW_LANE,camera lane following,156.000,-0.025000,0.750000,0,0,0,,,NONE,0.000000,0.000000,4.404127,4.795872
18.176,FOLLOW_LANE,camera lane following,156.500,-0.021875,0.750000,0,0,0,,,NONE,0.000000,0.000000,4.429113,4.770886
18.208,FOLLOW_LANE,camera lane following,157.000,-0.018750,0.750000,0,0,0,,,NONE,0.000000,0.000000,4.454101,4.745899
18.240,FOLLOW_LANE,camera lane following,158.000,-0.012500,0.750000,0,0,0,,,NONE,0.000000,0.000000,4.511906,4.688094
18.272,FOLLOW_LANE,camera lane following,158.000,-0.012500,0.750000,0,0,0,,,NONE,0.000000,0.000000,4.496273,4.703727
18.304,FOLLOW_LANE,camera lane following,159.000,-0.006250,0.750000,0,0,0,,,NONE,0.000000,0.000000,4.561894,4.638106
18.336,FOLLOW_LANE,camera lane following,161.000,0.006250,0.750000,0,0,0,,,NONE,0.000000,0.000000,4.677523,4.522477
18.368,FOLLOW_LANE,camera lane following,162.000,0.012500,0.750000,0,0,0,,,NONE,0.000000,0.000000,4.711906,4.488094
18.400,FOLLOW_LANE,camera lane following,164.000,0.025000,0.750000,0,0,0,,,NONE,0.000000,0.000000,4.827547,4.372453
18.432,FOLLOW_LANE,camera lane following,166.250,0.039062,0.750000,0,0,0,,,NONE,0.000000,0.000000,4.943978,4.256022
18.464,FOLLOW_LANE,camera lane following,159.500,-0.003125,0.750000,0,0,0,,,NONE,0.000000,0.000000,4.498666,4.701334
18.496,FOLLOW_LANE,camera lane following,136.750,-0.145313,0.750000,0,0,0,,,NONE,0.000000,0.000000,3.070448,6.129552
18.528,FOLLOW_LANE,camera lane following,137.750,-0.139063,0.750000,0,0,0,,,NONE,0.000000,0.000000,3.499265,5.700735
18.560,FOLLOW_LANE,camera lane following,129.500,-0.190625,0.750000,0,0,0,,,NONE,0.000000,0.000000,2.942112,6.257888
18.592,FOLLOW_LANE,camera lane following,152.000,-0.050000,0.750000,0,0,0,,,NONE,0.000000,0.000000,4.547548,4.652451
18.624,FOLLOW_LANE,camera lane following,150.500,-0.059375,0.750000,0,0,0,,,NONE,0.000000,0.000000,4.097510,5.102489
18.656,FOLLOW_LANE,camera lane following,151.500,-0.053125,0.750000,0,0,0,,,NONE,0.000000,0.000000,4.186539,5.013461
18.688,FOLLOW_LANE,camera lane following,151.000,-0.056250,0.750000,0,0,0,,,NONE,0.000000,0.000000,4.138065,5.061934
18.720,FOLLOW_LANE,camera lane following,153.000,-0.043750,0.750000,0,0,0,,,NONE,0.000000,0.000000,4.277100,4.922900
18.752,FOLLOW_LANE,camera lane following,154.000,-0.037500,0.750000,0,0,0,,,NONE,0.000000,0.000000,4.311451,4.888549
18.784,FOLLOW_LANE,camera lane following,152.500,-0.046875,0.750000,0,0,0,,,NONE,0.000000,0.000000,4.197358,5.002641
18.816,FOLLOW_LANE,camera lane following,153.000,-0.043750,0.750000,0,0,0,,,NONE,0.000000,0.000000,4.253580,4.946419
18.848,FOLLOW_LANE,camera lane following,153.000,-0.043750,0.750000,0,0,0,,,NONE,0.000000,0.000000,4.245740,4.954260
18.880,FOLLOW_LANE,camera lane following,153.500,-0.040625,0.750000,0,0,0,,,NONE,0.000000,0.000000,4.278526,4.921473
18.912,FOLLOW_LANE,camera lane following,154.000,-0.037500,0.750000,0,0,0,,,NONE,0.000000,0.000000,4.303502,4.896497
18.944,FOLLOW_LANE,camera lane following,154.500,-0.034375,0.750000,0,0,0,,,NONE,0.000000,0.000000,4.328480,4.871519
18.976,FOLLOW_LANE,camera lane following,155.000,-0.031250,0.750000,0,0,0,,,NONE,0.000000,0.000000,4.353460,4.846539
19.008,FOLLOW_LANE,camera lane following,155.500,-0.028125,0.750000,0,0,0,,,NONE,0.000000,0.000000,4.378442,4.821557
19.040,FOLLOW_LANE,camera lane following,156.000,-0.025000,0.750000,0,0,0,,,NONE,0.000000,0.000000,4.403426,4.796574
19.072,FOLLOW_LANE,camera lane following,157.500,-0.015625,0.750000,0,0,0,,,NONE,0.000000,0.000000,4.494041,4.705958
19.104,FOLLOW_LANE,camera lane following,158.000,-0.012500,0.750000,0,0,0,,,NONE,0.000000,0.000000,4.503408,4.696591
19.136,FOLLOW_LANE,camera lane following,159.000,-0.006250,0.750000,0,0,0,,,NONE,0.000000,0.000000,4.561217,4.638783
19.168,FOLLOW_LANE,camera lane following,160.000,0.000000,0.750000,0,0,0,,,NONE,0.000000,0.000000,4.611217,4.588783
19.200,FOLLOW_LANE,camera lane following,162.500,0.015625,0.750000,0,0,0,,,NONE,0.000000,0.000000,4.759664,4.440335
19.232,FOLLOW_LANE,camera lane following,164.500,0.028125,0.750000,0,0,0,,,NONE,0.000000,0.000000,4.851870,4.348130
19.264,FOLLOW_LANE,camera lane following,164.500,0.028125,0.750000,0,0,0,,,NONE,0.000000,0.000000,4.820638,4.379362
19.296,FOLLOW_LANE,camera lane following,142.000,-0.112500,0.750000,0,0,0,,,NONE,0.000000,0.000000,3.344003,5.855996
19.328,FOLLOW_LANE,camera lane following,136.500,-0.146875,0.750000,0,0,0,,,NONE,0.000000,0.000000,3.334534,5.865465
19.360,FOLLOW_LANE,camera lane following,138.000,-0.137500,0.750000,0,0,0,,,NONE,0.000000,0.000000,3.518821,5.681178
19.392,FOLLOW_LANE,camera lane following,148.000,-0.075000,0.750000,0,0,0,,,NONE,0.000000,0.000000,4.151586,5.048414
19.424,FOLLOW_LANE,camera lane following,156.500,-0.021875,0.750000,0,0,0,,,NONE,0.000000,0.000000,4.553134,4.646865
19.456,FOLLOW_LANE,camera lane following,154.500,-0.034375,0.750000,0,0,0,,,NONE,0.000000,0.000000,4.289050,4.910950
19.488,FOLLOW_LANE,camera lane following,153.500,-0.040625,0.750000,0,0,0,,,NONE,0.000000,0.000000,4.254649,4.945351
19.520,FOLLOW_LANE,camera lane following,154.500,-0.034375,0.750000,0,0,0,,,NONE,0.000000,0.000000,4.335877,4.864123
19.552,FOLLOW_LANE,camera lane following,156.000,-0.025000,0.750000,0,0,0,,,NONE,0.000000,0.000000,4.418673,4.781326
19.584,FOLLOW_LANE,camera lane following,155.500,-0.028125,0.750000,0,0,0,,,NONE,0.000000,0.000000,4.362405,4.837594
19.616,FOLLOW_LANE,camera lane following,152.000,-0.050000,0.750000,0,0,0,,,NONE,0.000000,0.000000,4.140498,5.059501
19.648,FOLLOW_LANE,camera lane following,152.000,-0.050000,0.750000,0,0,0,,,NONE,0.000000,0.000000,4.195154,5.004846
19.680,FOLLOW_LANE,camera lane following,152.500,-0.046875,0.750000,0,0,0,,,NONE,0.000000,0.000000,4.227936,4.972063
19.712,FOLLOW_LANE,camera lane following,153.000,-0.043750,0.750000,0,0,0,,,NONE,0.000000,0.000000,4.252908,4.947091
19.744,FOLLOW_LANE,camera lane following,153.000,-0.043750,0.750000,0,0,0,,,NONE,0.000000,0.000000,4.245068,4.954932
19.776,FOLLOW_LANE,camera lane following,154.500,-0.034375,0.750000,0,0,0,,,NONE,0.000000,0.000000,4.343483,4.856516
19.808,FOLLOW_LANE,camera lane following,155.000,-0.031250,0.750000,0,0,0,,,NONE,0.000000,0.000000,4.352838,4.847161
19.840,FOLLOW_LANE,camera lane following,155.500,-0.028125,0.750000,0,0,0,,,NONE,0.000000,0.000000,4.377820,4.822179
19.872,FOLLOW_LANE,camera lane following,156.500,-0.021875,0.750000,0,0,0,,,NONE,0.000000,0.000000,4.435619,4.764381
19.904,FOLLOW_LANE,camera lane following,158.000,-0.012500,0.750000,0,0,0,,,NONE,0.000000,0.000000,4.518423,4.681576
19.936,FOLLOW_LANE,camera lane following,159.000,-0.006250,0.750000,0,0,0,,,NONE,0.000000,0.000000,4.560607,4.639393
19.968,FOLLOW_LANE,camera lane following,159.500,-0.003125,0.750000,0,0,0,,,NONE,0.000000,0.000000,4.610607,4.589393
20.000,FOLLOW_LANE,camera lane following,161.000,0.006250,0.750000,0,0,0,,,NONE,0.000000,0.000000,4.660611,4.539389
20.032,FOLLOW_LANE,camera lane following,162.500,0.015625,0.750000,0,0,0,,,NONE,0.000000,0.000000,4.743434,4.456566
20.064,FOLLOW_LANE,camera lane following,164.000,0.025000,0.750000,0,0,0,,,NONE,0.000000,0.000000,4.818449,4.381550
20.096,FOLLOW_LANE,camera lane following,151.000,-0.056250,0.750000,0,0,0,,,NONE,0.000000,0.000000,3.941851,5.258149
20.128,FOLLOW_LANE,camera lane following,136.000,-0.150000,0.750000,0,0,0,,,NONE,0.000000,0.000000,3.160505,6.039495
20.160,FOLLOW_LANE,camera lane following,137.000,-0.143750,0.750000,0,0,0,,,NONE,0.000000,0.000000,3.460413,5.739587
20.192,FOLLOW_LANE,camera lane following,137.000,-0.143750,0.750000,0,0,0,,,NONE,0.000000,0.000000,3.444696,5.755304
20.224,FOLLOW_LANE,camera lane following,142.500,-0.109375,0.750000,0,0,0,,,NONE,0.000000,0.000000,3.805563,5.394436
20.256,FOLLOW_LANE,camera lane following,138.500,-0.134375,0.750000,0,0,0,,,NONE,0.000000,0.000000,3.457040,5.742960
20.288,FOLLOW_LANE,camera lane following,139.500,-0.128125,0.750000,0,0,0,,,NONE,0.000000,0.000000,3.585083,5.614917
20.320,FOLLOW_LANE,camera lane following,142.750,-0.107813,0.750000,0,0,0,,,NONE,0.000000,0.000000,3.782670,5.417330
20.352,FOLLOW_LANE,camera lane following,146.500,-0.084375,0.750000,0,0,0,,,NONE,0.000000,0.000000,3.977929,5.222071
20.384,FOLLOW_LANE,camera lane following,148.500,-0.071875,0.750000,0,0,0,,,NONE,0.000000,0.000000,4.050539,5.149461
20.416,FOLLOW_LANE,camera lane following,152.000,-0.050000,0.750000,0,0,0,,,NONE,0.000000,0.000000,4.248944,4.951055
20.448,FOLLOW_LANE,camera lane following,152.000,-0.050000,0.750000,0,0,0,,,NONE,0.000000,0.000000,4.194225,5.005775
20.480,FOLLOW_LANE,camera lane following,152.500,-0.046875,0.750000,0,0,0,,,NONE,0.000000,0.000000,4.227008,4.972992
20.512,FOLLOW_LANE,camera lane following,154.000,-0.037500,0.750000,0,0,0,,,NONE,0.000000,0.000000,4.317608,4.882391
20.544,FOLLOW_LANE,camera lane following,155.250,-0.029687,0.750000,0,0,0,,,NONE,0.000000,0.000000,4.376183,4.823817
20.576,FOLLOW_LANE,camera lane following,155.500,-0.028125,0.750000,0,0,0,,,NONE,0.000000,0.000000,4.373040,4.826960
20.608,FOLLOW_LANE,camera lane following,156.250,-0.023438,0.750000,0,0,0,,,NONE,0.000000,0.000000,4.418338,4.781662
20.640,FOLLOW_LANE,camera lane following,156.500,-0.021875,0.750000,0,0,0,,,NONE,0.000000,0.000000,4.423011,4.776989
20.672,FOLLOW_LANE,camera lane following,156.500,-0.021875,0.750000,0,0,0,,,NONE,0.000000,0.000000,4.419091,4.780909
20.704,FOLLOW_LANE,camera lane following,157.000,-0.018750,0.750000,0,0,0,,,NONE,0.000000,0.000000,4.451891,4.748108
20.736,FOLLOW_LANE,camera lane following,151.500,-0.053125,0.750000,0,0,0,,,NONE,0.000000,0.000000,4.083107,5.116892
20.768,FOLLOW_LANE,camera lane following,153.000,-0.043750,0.750000,0,0,0,,,NONE,0.000000,0.000000,4.267454,4.932545
20.800,FOLLOW_LANE,camera lane following,139.750,-0.126562,0.750000,0,0,0,,,NONE,0.000000,0.000000,3.374405,5.825595
20.832,FOLLOW_LANE,camera lane following,139.000,-0.131250,0.750000,0,0,0,,,NONE,0.000000,0.000000,3.532133,5.667867
20.864,FOLLOW_LANE,camera lane following,140.500,-0.121875,0.750000,0,0,0,,,NONE,0.000000,0.000000,3.642211,5.557788
20.896,FOLLOW_LANE,camera lane following,141.000,-0.118750,0.750000,0,0,0,,,NONE,0.000000,0.000000,3.651510,5.548489
20.928,FOLLOW_LANE,camera lane following,143.500,-0.103125,0.750000,0,0,0,,,NONE,0.000000,0.000000,3.807694,5.392305
20.960,FOLLOW_LANE,camera lane following,138.500,-0.134375,0.750000,0,0,0,,,NONE,0.000000,0.000000,3.440421,5.759579
20.992,FOLLOW_LANE,camera lane following,142.000,-0.112500,0.750000,0,0,0,,,NONE,0.000000,0.000000,3.748161,5.451839
21.024,FOLLOW_LANE,camera lane following,118.500,-0.259375,0.791903,0,0,0,,,NONE,0.000000,0.000000,2.151120,6.280000
21.056,FOLLOW_LANE,camera lane following,112.000,-0.300000,0.887784,0,0,0,,,NONE,0.000000,0.000000,2.091553,6.280000
21.088,FOLLOW_LANE,camera lane following,113.000,-0.293750,0.887784,0,0,0,,,NONE,0.000000,0.000000,2.258553,6.280000
21.120,FOLLOW_LANE,camera lane following,111.000,-0.306250,0.880682,0,0,0,,,NONE,0.000000,0.000000,2.111482,6.280000
21.152,FOLLOW_LANE,camera lane following,111.250,-0.304688,0.893111,0,0,0,,,NONE,0.000000,0.000000,2.158943,6.280000
21.184,FOLLOW_LANE,camera lane following,114.750,-0.282813,0.914418,0,0,0,,,NONE,0.000000,0.000000,2.384543,6.280000
21.216,FOLLOW_LANE,camera lane following,117.000,-0.268750,0.916193,0,0,0,,,NONE,0.000000,0.000000,2.477340,6.280000
21.248,FOLLOW_LANE,camera lane following,119.000,-0.256250,0.880682,0,0,0,,,NONE,0.000000,0.000000,2.573270,6.280000
21.280,FOLLOW_LANE,camera lane following,124.000,-0.225000,0.845170,0,0,0,,,NONE,0.000000,0.000000,2.870001,6.280000
21.312,FOLLOW_LANE,camera lane following,143.500,-0.103125,0.750000,0,0,0,,,NONE,0.000000,0.000000,4.071497,5.128502
21.344,FOLLOW_LANE,camera lane following,147.000,-0.081250,0.750000,0,0,0,,,NONE,0.000000,0.000000,3.996445,5.203554
21.376,FOLLOW_LANE,camera lane following,149.000,-0.068750,0.750000,0,0,0,,,NONE,0.000000,0.000000,4.072964,5.127036
21.408,FOLLOW_LANE,camera lane following,151.000,-0.056250,0.750000,0,0,0,,,NONE,0.000000,0.000000,4.172928,5.027072
21.440,FOLLOW_LANE,camera lane following,153.500,-0.040625,0.750000,0,0,0,,,NONE,0.000000,0.000000,4.305714,4.894285
21.472,FOLLOW_LANE,camera lane following,155.000,-0.031250,0.750000,0,0,0,,,NONE,0.000000,0.000000,4.365069,4.834930
21.504,FOLLOW_LANE,camera lane following,156.000,-0.025000,0.750000,0,0,0,,,NONE,0.000000,0.000000,4.407241,4.792759
21.536,FOLLOW_LANE,camera lane following,157.000,-0.018750,0.750000,0,0,0,,,NONE,0.000000,0.000000,4.457229,4.742771
21.568,FOLLOW_LANE,camera lane following,158.000,-0.012500,0.750000,0,0,0,,,NONE,0.000000,0.000000,4.507221,4.692779
21.600,FOLLOW_LANE,camera lane following,158.500,-0.009375,0.750000,0,0,0,,,NONE,0.000000,0.000000,4.524402,4.675597
21.632,FOLLOW_LANE,camera lane following,158.500,-0.009375,0.750000,0,0,0,,,NONE,0.000000,0.000000,4.516584,4.683416
21.664,FOLLOW_LANE,camera lane following,159.000,-0.006250,0.750000,0,0,0,,,NONE,0.000000,0.000000,4.549392,4.650607
21.696,FOLLOW_LANE,camera lane following,159.000,-0.006250,0.750000,0,0,0,,,NONE,0.000000,0.000000,4.541576,4.658424
21.728,FOLLOW_LANE,camera lane following,159.500,-0.003125,0.750000,0,0,0,,,NONE,0.000000,0.000000,4.607201,4.592799
21.760,FOLLOW_LANE,camera lane following,160.000,0.000000,0.750000,0,0,0,,,NONE,0.000000,0.000000,4.591576,4.608424
21.792,FOLLOW_LANE,camera lane following,160.000,0.000000,0.750000,0,0,0,,,NONE,0.000000,0.000000,4.591576,4.608424
21.824,FOLLOW_LANE,camera lane following,160.000,0.000000,0.750000,0,0,0,,,NONE,0.000000,0.000000,4.591576,4.608424
21.856,FOLLOW_LANE,camera lane following,160.500,0.003125,0.750000,0,0,0,,,NONE,0.000000,0.000000,4.591576,4.608424
21.888,FOLLOW_LANE,camera lane following,160.500,0.003125,0.750000,0,0,0,,,NONE,0.000000,0.000000,4.591576,4.608424
21.920,FOLLOW_LANE,camera lane following,161.000,0.006250,0.750000,0,0,0,,,NONE,0.000000,0.000000,4.657205,4.542795
21.952,FOLLOW_LANE,camera lane following,161.500,0.009375,0.750000,0,0,0,,,NONE,0.000000,0.000000,4.674398,4.525601
21.984,FOLLOW_LANE,camera lane following,162.000,0.012500,0.750000,0,0,0,,,NONE,0.000000,0.000000,4.699406,4.500593
22.016,FOLLOW_LANE,camera lane following,163.000,0.018750,0.750000,0,0,0,,,NONE,0.000000,0.000000,4.757231,4.442769
22.048,FOLLOW_LANE,camera lane following,164.500,0.028125,0.750000,0,0,0,,,NONE,0.000000,0.000000,4.840062,4.359938
22.080,FOLLOW_LANE,camera lane following,165.500,0.034375,0.750000,0,0,0,,,NONE,0.000000,0.000000,4.882271,4.317729
22.112,FOLLOW_LANE,camera lane following,165.500,0.034375,0.750000,0,0,0,,,NONE,0.000000,0.000000,4.866668,4.333332
22.144,FOLLOW_LANE,camera lane following,165.500,0.034375,0.750000,0,0,0,,,NONE,0.000000,0.000000,4.866690,4.333310
22.176,FOLLOW_LANE,camera lane following,166.000,0.037500,0.750000,0,0,0,,,NONE,0.000000,0.000000,4.899526,4.300473
22.208,FOLLOW_LANE,camera lane following,166.500,0.040625,0.750000,0,0,0,,,NONE,0.000000,0.000000,4.924552,4.275447
22.240,FOLLOW_LANE,camera lane following,166.500,0.040625,0.750000,0,0,0,,,NONE,0.000000,0.000000,4.916766,4.283234
22.272,FOLLOW_LANE,camera lane following,166.500,0.040625,0.750000,0,0,0,,,NONE,0.000000,0.000000,4.916792,4.283208
22.304,FOLLOW_LANE,camera lane following,166.500,0.040625,0.750000,0,0,0,,,NONE,0.000000,0.000000,4.916818,4.283182
22.336,FOLLOW_LANE,camera lane following,166.500,0.040625,0.750000,0,0,0,,,NONE,0.000000,0.000000,4.916844,4.283156
22.368,FOLLOW_LANE,camera lane following,166.000,0.037500,0.750000,0,0,0,,,NONE,0.000000,0.000000,4.884055,4.315944
22.400,FOLLOW_LANE,camera lane following,166.000,0.037500,0.750000,0,0,0,,,NONE,0.000000,0.000000,4.891892,4.308108
22.432,FOLLOW_LANE,camera lane following,166.000,0.037500,0.750000,0,0,0,,,NONE,0.000000,0.000000,4.891916,4.308084
22.464,FOLLOW_LANE,camera lane following,166.000,0.037500,0.750000,0,0,0,,,NONE,0.000000,0.000000,4.891940,4.308060
22.496,FOLLOW_LANE,camera lane following,165.500,0.034375,0.750000,0,0,0,,,NONE,0.000000,0.000000,4.859150,4.340850
22.528,FOLLOW_LANE,camera lane following,165.500,0.034375,0.750000,0,0,0,,,NONE,0.000000,0.000000,4.866984,4.333016
22.560,FOLLOW_LANE,camera lane following,165.500,0.034375,0.750000,0,0,0,,,NONE,0.000000,0.000000,4.867006,4.332994
22.592,FOLLOW_LANE,camera lane following,165.000,0.031250,0.750000,0,0,0,,,NONE,0.000000,0.000000,4.834213,4.365786
22.624,FOLLOW_LANE,camera lane following,165.000,0.031250,0.750000,0,0,0,,,NONE,0.000000,0.000000,4.842046,4.357954
22.656,FOLLOW_LANE,camera lane following,165.000,0.031250,0.750000,0,0,0,,,NONE,0.000000,0.000000,4.842066,4.357934
22.688,FOLLOW_LANE,camera lane following,165.000,0.031250,0.750000,0,0,0,,,NONE,0.000000,0.000000,4.842086,4.357914
22.720,FOLLOW_LANE,camera lane following,164.500,0.028125,0.750000,0,0,0,,,NONE,0.000000,0.000000,4.809291,4.390708
22.752,FOLLOW_LANE,camera lane following,164.000,0.025000,0.750000,0,0,0,,,NONE,0.000000,0.000000,4.784307,4.415692
22.784,FOLLOW_LANE,camera lane following,163.500,0.021875,0.750000,0,0,0,,,NONE,0.000000,0.000000,4.759321,4.440678
22.816,FOLLOW_LANE,camera lane following,162.500,0.015625,0.750000,0,0,0,,,NONE,0.000000,0.000000,4.701519,4.498481
22.848,FOLLOW_LANE,camera lane following,161.500,0.009375,0.750000,0,0,0,,,NONE,0.000000,0.000000,4.651525,4.548475
22.880,FOLLOW_LANE,camera lane following,161.500,0.009375,0.750000,0,0,0,,,NONE,0.000000,0.000000,4.667156,4.532844
22.912,FOLLOW_LANE,camera lane following,161.000,0.006250,0.750000,0,0,0,,,NONE,0.000000,0.000000,4.634347,4.565652
22.944,FOLLOW_LANE,camera lane following,160.500,0.003125,0.750000,0,0,0,,,NONE,0.000000,0.000000,4.576535,4.623465
22.976,FOLLOW_LANE,camera lane following,160.500,0.003125,0.750000,0,0,0,,,NONE,0.000000,0.000000,4.592160,4.607840
23.008,FOLLOW_LANE,camera lane following,160.500,0.003125,0.750000,0,0,0,,,NONE,0.000000,0.000000,4.592160,4.607840
23.040,FOLLOW_LANE,camera lane following,160.000,0.000000,0.750000,0,0,0,,,NONE,0.000000,0.000000,4.592160,4.607840
23.072,FOLLOW_LANE,camera lane following,160.000,0.000000,0.750000,0,0,0,,,NONE,0.000000,0.000000,4.592160,4.607840
23.104,FOLLOW_LANE,camera lane following,159.000,-0.006250,0.750000,0,0,0,,,NONE,0.000000,0.000000,4.526531,4.673469
23.136,FOLLOW_LANE,camera lane following,159.000,-0.006250,0.750000,0,0,0,,,NONE,0.000000,0.000000,4.542152,4.657848
23.168,FOLLOW_LANE,camera lane following,158.500,-0.009375,0.750000,0,0,0,,,NONE,0.000000,0.000000,4.509333,4.690666
23.200,FOLLOW_LANE,camera lane following,158.000,-0.012500,0.750000,0,0,0,,,NONE,0.000000,0.000000,4.484325,4.715674
23.232,FOLLOW_LANE,camera lane following,157.500,-0.015625,0.750000,0,0,0,,,NONE,0.000000,0.000000,4.459315,4.740684
23.264,FOLLOW_LANE,camera lane following,157.500,-0.015625,0.750000,0,0,0,,,NONE,0.000000,0.000000,4.467118,4.732882
23.296,FOLLOW_LANE,camera lane following,156.500,-0.021875,0.750000,0,0,0,,,NONE,0.000000,0.000000,4.401479,4.798521
23.328,FOLLOW_LANE,camera lane following,156.500,-0.021875,0.750000,0,0,0,,,NONE,0.000000,0.000000,4.417090,4.782910
23.360,FOLLOW_LANE,camera lane following,156.500,-0.021875,0.750000,0,0,0,,,NONE,0.000000,0.000000,4.417076,4.782924
23.392,FOLLOW_LANE,camera lane following,155.500,-0.028125,0.750000,0,0,0,,,NONE,0.000000,0.000000,4.351433,4.848567
23.424,FOLLOW_LANE,camera lane following,155.500,-0.028125,0.750000,0,0,0,,,NONE,0.000000,0.000000,4.367040,4.832960
23.456,FOLLOW_LANE,camera lane following,155.000,-0.031250,0.750000,0,0,0,,,NONE,0.000000,0.000000,4.334207,4.865792
23.488,FOLLOW_LANE,camera lane following,155.000,-0.031250,0.750000,0,0,0,,,NONE,0.000000,0.000000,4.342000,4.858000
23.520,FOLLOW_LANE,camera lane following,156.000,-0.025000,0.750000,0,0,0,,,NONE,0.000000,0.000000,4.407609,4.792391
23.552,FOLLOW_LANE,camera lane following,155.500,-0.028125,0.750000,0,0,0,,,NONE,0.000000,0.000000,4.359153,4.840846
23.584,FOLLOW_LANE,camera lane following,155.000,-0.031250,0.750000,0,0,0,,,NONE,0.000000,0.000000,4.334134,4.865866
23.616,FOLLOW_LANE,camera lane following,154.500,-0.034375,0.750000,0,0,0,,,NONE,0.000000,0.000000,4.309111,4.890888
23.648,FOLLOW_LANE,camera lane following,155.500,-0.028125,0.750000,0,0,0,,,NONE,0.000000,0.000000,4.382531,4.817469
23.680,FOLLOW_LANE,camera lane following,155.500,-0.028125,0.750000,0,0,0,,,NONE,0.000000,0.000000,4.366888,4.833112
23.712,FOLLOW_LANE,camera lane following,149.000,-0.068750,0.750000,0,0,0,,,NONE,0.000000,0.000000,3.940281,5.259718
23.744,FOLLOW_LANE,camera lane following,147.000,-0.081250,0.750000,0,0,0,,,NONE,0.000000,0.000000,3.910542,5.289458
23.776,FOLLOW_LANE,camera lane following,145.500,-0.090625,0.750000,0,0,0,,,NONE,0.000000,0.000000,3.843296,5.356704
23.808,FOLLOW_LANE,camera lane following,144.000,-0.100000,0.750000,0,0,0,,,NONE,0.000000,0.000000,3.768232,5.431767
23.840,FOLLOW_LANE,camera lane following,143.500,-0.103125,0.750000,0,0,0,,,NONE,0.000000,0.000000,3.758791,5.441208
23.872,FOLLOW_LANE,camera lane following,143.000,-0.106250,0.750000,0,0,0,,,NONE,0.000000,0.000000,3.733723,5.466276
23.904,FOLLOW_LANE,camera lane following,143.000,-0.106250,0.750000,0,0,0,,,NONE,0.000000,0.000000,3.741468,5.458532
23.936,FOLLOW_LANE,camera lane following,142.500,-0.109375,0.750000,0,0,0,,,NONE,0.000000,0.000000,3.708585,5.491414
23.968,FOLLOW_LANE,camera lane following,143.000,-0.106250,0.750000,0,0,0,,,NONE,0.000000,0.000000,3.749142,5.450857
24.000,FOLLOW_LANE,camera lane following,144.000,-0.100000,0.750000,0,0,0,,,NONE,0.000000,0.000000,3.806891,5.393109
24.032,FOLLOW_LANE,camera lane following,144.000,-0.100000,0.750000,0,0,0,,,NONE,0.000000,0.000000,3.791202,5.408798
24.064,FOLLOW_LANE,camera lane following,144.500,-0.096875,0.750000,0,0,0,,,NONE,0.000000,0.000000,3.823952,5.376047
24.096,FOLLOW_LANE,camera lane following,145.500,-0.090625,0.750000,0,0,0,,,NONE,0.000000,0.000000,3.881707,5.318293
24.128,FOLLOW_LANE,camera lane following,146.250,-0.085938,0.750000,0,0,0,,,NONE,0.000000,0.000000,3.915246,5.284754
24.160,FOLLOW_LANE,camera lane following,147.500,-0.078125,0.750000,0,0,0,,,NONE,0.000000,0.000000,3.985508,5.214492
24.192,FOLLOW_LANE,camera lane following,148.500,-0.071875,0.750000,0,0,0,,,NONE,0.000000,0.000000,4.031556,5.168444
24.224,FOLLOW_LANE,camera lane following,149.500,-0.065625,0.750000,0,0,0,,,NONE,0.000000,0.000000,4.081514,5.118486
24.256,FOLLOW_LANE,camera lane following,152.000,-0.050000,0.750000,0,0,0,,,NONE,0.000000,0.000000,4.229919,4.970080
24.288,FOLLOW_LANE,camera lane following,154.000,-0.037500,0.750000,0,0,0,,,NONE,0.000000,0.000000,4.322083,4.877917
24.320,FOLLOW_LANE,camera lane following,154.500,-0.034375,0.750000,0,0,0,,,NONE,0.000000,0.000000,4.323624,4.876376
24.352,FOLLOW_LANE,camera lane following,154.000,-0.037500,0.750000,0,0,0,,,NONE,0.000000,0.000000,4.282974,4.917025
24.384,FOLLOW_LANE,camera lane following,155.000,-0.031250,0.750000,0,0,0,,,NONE,0.000000,0.000000,4.356392,4.843608
24.416,FOLLOW_LANE,camera lane following,156.000,-0.025000,0.750000,0,0,0,,,NONE,0.000000,0.000000,4.406376,4.793624
24.448,FOLLOW_LANE,camera lane following,154.000,-0.037500,0.750000,0,0,0,,,NONE,0.000000,0.000000,4.259477,4.940523
24.480,FOLLOW_LANE,camera lane following,152.000,-0.050000,0.750000,0,0,0,,,NONE,0.000000,0.000000,4.159445,5.040555
24.512,FOLLOW_LANE,camera lane following,151.500,-0.053125,0.750000,0,0,0,,,NONE,0.000000,0.000000,4.157849,5.042151
24.544,FOLLOW_LANE,camera lane following,151.500,-0.053125,0.750000,0,0,0,,,NONE,0.000000,0.000000,4.165627,5.034373
24.576,FOLLOW_LANE,camera lane following,151.000,-0.056250,0.750000,0,0,0,,,NONE,0.000000,0.000000,4.132778,5.067221
24.608,FOLLOW_LANE,camera lane following,150.500,-0.059375,0.750000,0,0,0,,,NONE,0.000000,0.000000,4.107740,5.092259
24.640,FOLLOW_LANE,camera lane following,150.500,-0.059375,0.750000,0,0,0,,,NONE,0.000000,0.000000,4.115515,5.084485
24.672,FOLLOW_LANE,camera lane following,150.500,-0.059375,0.750000,0,0,0,,,NONE,0.000000,0.000000,4.115477,5.084523
24.704,FOLLOW_LANE,camera lane following,150.500,-0.059375,0.750000,0,0,0,,,NONE,0.000000,0.000000,4.115439,5.084561
24.736,FOLLOW_LANE,camera lane following,151.000,-0.056250,0.750000,0,0,0,,,NONE,0.000000,0.000000,4.148215,5.051785
24.768,FOLLOW_LANE,camera lane following,152.000,-0.050000,0.750000,0,0,0,,,NONE,0.000000,0.000000,4.205996,4.994004
24.800,FOLLOW_LANE,camera lane following,152.000,-0.050000,0.750000,0,0,0,,,NONE,0.000000,0.000000,4.190339,5.009661
24.832,FOLLOW_LANE,camera lane following,152.500,-0.046875,0.750000,0,0,0,,,NONE,0.000000,0.000000,4.223121,4.976878
24.864,FOLLOW_LANE,camera lane following,152.500,-0.046875,0.750000,0,0,0,,,NONE,0.000000,0.000000,4.215279,4.984721
24.896,FOLLOW_LANE,camera lane following,153.000,-0.043750,0.750000,0,0,0,,,NONE,0.000000,0.000000,4.248063,4.951936
24.928,FOLLOW_LANE,camera lane following,153.500,-0.040625,0.750000,0,0,0,,,NONE,0.000000,0.000000,4.273038,4.926962
24.960,FOLLOW_LANE,camera lane following,154.000,-0.037500,0.750000,0,0,0,,,NONE,0.000000,0.000000,4.298013,4.901986
24.992,FOLLOW_LANE,camera lane following,155.000,-0.031250,0.750000,0,0,0,,,NONE,0.000000,0.000000,4.355806,4.844194
25.024,FOLLOW_LANE,camera lane following,154.500,-0.034375,0.750000,0,0,0,,,NONE,0.000000,0.000000,4.307346,4.892653
25.056,FOLLOW_LANE,camera lane following,155.500,-0.028125,0.750000,0,0,0,,,NONE,0.000000,0.000000,4.380766,4.819234
25.088,FOLLOW_LANE,camera lane following,158.500,-0.009375,0.750000,0,0,0,,,NONE,0.000000,0.000000,4.562010,4.637990
25.120,FOLLOW_LANE,camera lane following,157.000,-0.018750,0.750000,0,0,0,,,NONE,0.000000,0.000000,4.416685,4.783314
25.152,FOLLOW_LANE,camera lane following,157.500,-0.015625,0.750000,0,0,0,,,NONE,0.000000,0.000000,4.472925,4.727074
25.184,FOLLOW_LANE,camera lane following,157.000,-0.018750,0.750000,0,0,0,,,NONE,0.000000,0.000000,4.432288,4.767711
25.216,FOLLOW_LANE,camera lane following,155.500,-0.028125,0.750000,0,0,0,,,NONE,0.000000,0.000000,4.341645,4.858354
25.248,FOLLOW_LANE,camera lane following,154.500,-0.034375,0.750000,0,0,0,,,NONE,0.000000,0.000000,4.299436,4.900564
25.280,FOLLOW_LANE,camera lane following,154.500,-0.034375,0.750000,0,0,0,,,NONE,0.000000,0.000000,4.315039,4.884961
25.312,FOLLOW_LANE,camera lane following,154.000,-0.037500,0.750000,0,0,0,,,NONE,0.000000,0.000000,4.282202,4.917797
25.344,FOLLOW_LANE,camera lane following,153.500,-0.040625,0.750000,0,0,0,,,NONE,0.000000,0.000000,4.257176,4.942823
25.376,FOLLOW_LANE,camera lane following,153.500,-0.040625,0.750000,0,0,0,,,NONE,0.000000,0.000000,4.264963,4.935037
25.408,FOLLOW_LANE,camera lane following,153.000,-0.043750,0.750000,0,0,0,,,NONE,0.000000,0.000000,4.232123,4.967877
25.440,FOLLOW_LANE,camera lane following,153.250,-0.042188,0.750000,0,0,0,,,NONE,0.000000,0.000000,4.256314,4.943686
25.472,FOLLOW_LANE,camera lane following,153.000,-0.043750,0.750000,0,0,0,,,NONE,0.000000,0.000000,4.235974,4.964026
25.504,FOLLOW_LANE,camera lane following,153.000,-0.043750,0.750000,0,0,0,,,NONE,0.000000,0.000000,4.239852,4.960148
25.536,FOLLOW_LANE,camera lane following,153.000,-0.043750,0.750000,0,0,0,,,NONE,0.000000,0.000000,4.239824,4.960176
25.568,FOLLOW_LANE,camera lane following,153.000,-0.043750,0.750000,0,0,0,,,NONE,0.000000,0.000000,4.239796,4.960204
25.600,FOLLOW_LANE,camera lane following,153.000,-0.043750,0.750000,0,0,0,,,NONE,0.000000,0.000000,4.239768,4.960232
25.632,FOLLOW_LANE,camera lane following,153.500,-0.040625,0.750000,0,0,0,,,NONE,0.000000,0.000000,4.272555,4.927445
25.664,FOLLOW_LANE,camera lane following,153.500,-0.040625,0.750000,0,0,0,,,NONE,0.000000,0.000000,4.264716,4.935284
25.696,FOLLOW_LANE,camera lane following,153.500,-0.040625,0.750000,0,0,0,,,NONE,0.000000,0.000000,4.264690,4.935310
25.728,FOLLOW_LANE,camera lane following,154.000,-0.037500,0.750000,0,0,0,,,NONE,0.000000,0.000000,4.297478,4.902521
25.760,FOLLOW_LANE,camera lane following,154.500,-0.034375,0.750000,0,0,0,,,NONE,0.000000,0.000000,4.322456,4.877543
25.792,FOLLOW_LANE,camera lane following,154.000,-0.037500,0.750000,0,0,0,,,NONE,0.000000,0.000000,4.281807,4.918192
25.824,FOLLOW_LANE,camera lane following,155.000,-0.031250,0.750000,0,0,0,,,NONE,0.000000,0.000000,4.355225,4.844775
25.856,FOLLOW_LANE,camera lane following,159.000,-0.006250,0.750000,0,0,0,,,NONE,0.000000,0.000000,4.602096,4.597904
25.888,FOLLOW_LANE,camera lane following,156.000,-0.025000,0.750000,0,0,0,,,NONE,0.000000,0.000000,4.342705,4.857295
25.920,FOLLOW_LANE,camera lane following,157.000,-0.018750,0.750000,0,0,0,,,NONE,0.000000,0.000000,4.455193,4.744807
25.952,FOLLOW_LANE,camera lane following,157.000,-0.018750,0.750000,0,0,0,,,NONE,0.000000,0.000000,4.439556,4.760444
25.984,FOLLOW_LANE,camera lane following,156.000,-0.025000,0.750000,0,0,0,,,NONE,0.000000,0.000000,4.373915,4.826085
26.016,FOLLOW_LANE,camera lane following,154.500,-0.034375,0.750000,0,0,0,,,NONE,0.000000,0.000000,4.291080,4.908919
26.048,FOLLOW_LANE,camera lane following,154.000,-0.037500,0.750000,0,0,0,,,NONE,0.000000,0.000000,4.281681,4.918318
26.080,FOLLOW_LANE,camera lane following,153.500,-0.040625,0.750000,0,0,0,,,NONE,0.000000,0.000000,4.256655,4.943344
26.112,FOLLOW_LANE,camera lane following,153.000,-0.043750,0.750000,0,0,0,,,NONE,0.000000,0.000000,4.231628,4.968372
26.144,FOLLOW_LANE,camera lane following,153.000,-0.043750,0.750000,0,0,0,,,NONE,0.000000,0.000000,4.239412,4.960588
26.176,FOLLOW_LANE,camera lane following,152.500,-0.046875,0.750000,0,0,0,,,NONE,0.000000,0.000000,4.206569,4.993430
26.208,FOLLOW_LANE,camera lane following,152.000,-0.050000,0.750000,0,0,0,,,NONE,0.000000,0.000000,4.181537,5.018463
26.240,FOLLOW_LANE,camera lane following,152.000,-0.050000,0.750000,0,0,0,,,NONE,0.000000,0.000000,4.189318,5.010682
26.272,FOLLOW_LANE,camera lane following,152.000,-0.050000,0.750000,0,0,0,,,NONE,0.000000,0.000000,4.189286,5.010714
26.304,FOLLOW_LANE,camera lane following,152.000,-0.050000,0.750000,0,0,0,,,NONE,0.000000,0.000000,4.189254,5.010746
26.336,FOLLOW_LANE,camera lane following,152.000,-0.050000,0.750000,0,0,0,,,NONE,0.000000,0.000000,4.189222,5.010778
26.368,FOLLOW_LANE,camera lane following,152.000,-0.050000,0.750000,0,0,0,,,NONE,0.000000,0.000000,4.189190,5.010810
26.400,FOLLOW_LANE,camera lane following,152.000,-0.050000,0.750000,0,0,0,,,NONE,0.000000,0.000000,4.189158,5.010842
26.432,FOLLOW_LANE,camera lane following,152.500,-0.046875,0.750000,0,0,0,,,NONE,0.000000,0.000000,4.221940,4.978059
26.464,FOLLOW_LANE,camera lane following,152.500,-0.046875,0.750000,0,0,0,,,NONE,0.000000,0.000000,4.214098,4.985902
26.496,FOLLOW_LANE,camera lane following,153.000,-0.043750,0.750000,0,0,0,,,NONE,0.000000,0.000000,4.246882,4.953117
26.528,FOLLOW_LANE,camera lane following,153.500,-0.040625,0.750000,0,0,0,,,NONE,0.000000,0.000000,4.271856,4.928144
26.560,FOLLOW_LANE,camera lane following,153.500,-0.040625,0.750000,0,0,0,,,NONE,0.000000,0.000000,4.264018,4.935982
26.592,FOLLOW_LANE,camera lane following,154.500,-0.034375,0.750000,0,0,0,,,NONE,0.000000,0.000000,4.329621,4.870379
26.624,FOLLOW_LANE,camera lane following,159.000,-0.006250,0.750000,0,0,0,,,NONE,0.000000,0.000000,4.609304,4.590695
26.656,FOLLOW_LANE,camera lane following,156.000,-0.025000,0.750000,0,0,0,,,NONE,0.000000,0.000000,4.342101,4.857899
26.688,FOLLOW_LANE,camera lane following,156.500,-0.021875,0.750000,0,0,0,,,NONE,0.000000,0.000000,4.421774,4.778225
26.720,FOLLOW_LANE,camera lane following,157.000,-0.018750,0.750000,0,0,0,,,NONE,0.000000,0.000000,4.446762,4.753238
26.752,FOLLOW_LANE,camera lane following,156.000,-0.025000,0.750000,0,0,0,,,NONE,0.000000,0.000000,4.373309,4.826691
26.784,FOLLOW_LANE,camera lane following,154.500,-0.034375,0.750000,0,0,0,,,NONE,0.000000,0.000000,4.290474,4.909525
26.816,FOLLOW_LANE,camera lane following,154.000,-0.037500,0.750000,0,0,0,,,NONE,0.000000,0.000000,4.281076,4.918924
26.848,FOLLOW_LANE,camera lane following,153.500,-0.040625,0.750000,0,0,0,,,NONE,0.000000,0.000000,4.256049,4.943950
26.880,FOLLOW_LANE,camera lane following,153.500,-0.040625,0.750000,0,0,0,,,NONE,0.000000,0.000000,4.263836,4.936164
26.912,FOLLOW_LANE,camera lane following,153.000,-0.043750,0.750000,0,0,0,,,NONE,0.000000,0.000000,4.230995,4.969004
26.944,FOLLOW_LANE,camera lane following,152.500,-0.046875,0.750000,0,0,0,,,NONE,0.000000,0.000000,4.205965,4.994034
26.976,FOLLOW_LANE,camera lane following,152.500,-0.046875,0.750000,0,0,0,,,NONE,0.000000,0.000000,4.213748,4.986252
27.008,FOLLOW_LANE,camera lane following,152.000,-0.050000,0.750000,0,0,0,,,NONE,0.000000,0.000000,4.180903,5.019096
27.040,FOLLOW_LANE,camera lane following,152.000,-0.050000,0.750000,0,0,0,,,NONE,0.000000,0.000000,4.188684,5.011316
27.072,FOLLOW_LANE,camera lane following,152.000,-0.050000,0.750000,0,0,0,,,NONE,0.000000,0.000000,4.188652,5.011348
27.104,FOLLOW_LANE,camera lane following,152.000,-0.050000,0.750000,0,0,0,,,NONE,0.000000,0.000000,4.188620,5.011380
27.136,FOLLOW_LANE,camera lane following,152.500,-0.046875,0.750000,0,0,0,,,NONE,0.000000,0.000000,4.221402,4.978597
27.168,FOLLOW_LANE,camera lane following,152.500,-0.046875,0.750000,0,0,0,,,NONE,0.000000,0.000000,4.213560,4.986440
27.200,FOLLOW_LANE,camera lane following,152.750,-0.045312,0.750000,0,0,0,,,NONE,0.000000,0.000000,4.229937,4.970063
27.232,FOLLOW_LANE,camera lane following,153.000,-0.043750,0.750000,0,0,0,,,NONE,0.000000,0.000000,4.242409,4.957591
27.264,FOLLOW_LANE,camera lane following,154.000,-0.037500,0.750000,0,0,0,,,NONE,0.000000,0.000000,4.304104,4.895896
27.296,FOLLOW_LANE,camera lane following,154.000,-0.037500,0.750000,0,0,0,,,NONE,0.000000,0.000000,4.288455,4.911545
27.328,FOLLOW_LANE,camera lane following,154.500,-0.034375,0.750000,0,0,0,,,NONE,0.000000,0.000000,4.321245,4.878754
27.360,FOLLOW_LANE,camera lane following,155.000,-0.031250,0.750000,0,0,0,,,NONE,0.000000,0.000000,4.346225,4.853775
27.392,FOLLOW_LANE,camera lane following,155.500,-0.028125,0.750000,0,0,0,,,NONE,0.000000,0.000000,4.371207,4.828792
27.424,FOLLOW_LANE,camera lane following,155.500,-0.028125,0.750000,0,0,0,,,NONE,0.000000,0.000000,4.363377,4.836623
27.456,FOLLOW_LANE,camera lane following,154.000,-0.037500,0.750000,0,0,0,,,NONE,0.000000,0.000000,4.264915,4.935084
27.488,FOLLOW_LANE,camera lane following,160.500,0.003125,0.750000,0,0,0,,,NONE,0.000000,0.000000,4.682103,4.517897
27.520,FOLLOW_LANE,camera lane following,156.500,-0.021875,0.750000,0,0,0,,,NONE,0.000000,0.000000,4.358651,4.841348
27.552,FOLLOW_LANE,camera lane following,152.500,-0.046875,0.750000,0,0,0,,,NONE,0.000000,0.000000,4.150809,5.049191
27.584,FOLLOW_LANE,camera lane following,152.500,-0.046875,0.750000,0,0,0,,,NONE,0.000000,0.000000,4.213279,4.986721
27.616,FOLLOW_LANE,camera lane following,152.500,-0.046875,0.750000,0,0,0,,,NONE,0.000000,0.000000,4.213249,4.986751
27.648,FOLLOW_LANE,camera lane following,152.500,-0.046875,0.750000,0,0,0,,,NONE,0.000000,0.000000,4.213219,4.986781
27.680,FOLLOW_LANE,camera lane following,153.000,-0.043750,0.750000,0,0,0,,,NONE,0.000000,0.000000,4.246003,4.953996
27.712,FOLLOW_LANE,camera lane following,153.000,-0.043750,0.750000,0,0,0,,,NONE,0.000000,0.000000,4.238163,4.961837
27.744,FOLLOW_LANE,camera lane following,153.500,-0.040625,0.750000,0,0,0,,,NONE,0.000000,0.000000,4.270949,4.929050
27.776,FOLLOW_LANE,camera lane following,153.500,-0.040625,0.750000,0,0,0,,,NONE,0.000000,0.000000,4.263111,4.936889
27.808,FOLLOW_LANE,camera lane following,154.000,-0.037500,0.750000,0,0,0,,,NONE,0.000000,0.000000,4.295899,4.904100
27.840,FOLLOW_LANE,camera lane following,154.000,-0.037500,0.750000,0,0,0,,,NONE,0.000000,0.000000,4.288063,4.911937
27.872,FOLLOW_LANE,camera lane following,154.500,-0.034375,0.750000,0,0,0,,,NONE,0.000000,0.000000,4.320853,4.879147
27.904,FOLLOW_LANE,camera lane following,154.500,-0.034375,0.750000,0,0,0,,,NONE,0.000000,0.000000,4.313019,4.886981
27.936,FOLLOW_LANE,camera lane following,155.000,-0.031250,0.750000,0,0,0,,,NONE,0.000000,0.000000,4.345811,4.854188
27.968,FOLLOW_LANE,camera lane following,155.000,-0.031250,0.750000,0,0,0,,,NONE,0.000000,0.000000,4.337979,4.862021
28.000,FOLLOW_LANE,camera lane following,155.500,-0.028125,0.750000,0,0,0,,,NONE,0.000000,0.000000,4.370773,4.829226
28.032,FOLLOW_LANE,camera lane following,155.500,-0.028125,0.750000,0,0,0,,,NONE,0.000000,0.000000,4.362943,4.837057
28.064,FOLLOW_LANE,camera lane following,156.000,-0.025000,0.750000,0,0,0,,,NONE,0.000000,0.000000,4.395739,4.804260
28.096,FOLLOW_LANE,camera lane following,156.000,-0.025000,0.750000,0,0,0,,,NONE,0.000000,0.000000,4.387911,4.812089
28.128,FOLLOW_LANE,camera lane following,156.000,-0.025000,0.750000,0,0,0,,,NONE,0.000000,0.000000,4.387895,4.812105
28.160,FOLLOW_LANE,camera lane following,156.500,-0.021875,0.750000,0,0,0,,,NONE,0.000000,0.000000,4.420693,4.779306
28.192,FOLLOW_LANE,camera lane following,156.500,-0.021875,0.750000,0,0,0,,,NONE,0.000000,0.000000,4.412867,4.787133
28.224,FOLLOW_LANE,camera lane following,156.500,-0.021875,0.750000,0,0,0,,,NONE,0.000000,0.000000,4.412853,4.787147
28.256,FOLLOW_LANE,camera lane following,157.000,-0.018750,0.750000,0,0,0,,,NONE,0.000000,0.000000,4.445653,4.754346
28.288,FOLLOW_LANE,camera lane following,157.000,-0.018750,0.750000,0,0,0,,,NONE,0.000000,0.000000,4.437829,4.762171
28.320,FOLLOW_LANE,camera lane following,157.000,-0.018750,0.750000,0,0,0,,,NONE,0.000000,0.000000,4.437817,4.762183
28.352,FOLLOW_LANE,camera lane following,157.500,-0.015625,0.750000,0,0,0,,,NONE,0.000000,0.000000,4.470619,4.729380
28.384,FOLLOW_LANE,camera lane following,157.500,-0.015625,0.750000,0,0,0,,,NONE,0.000000,0.000000,4.462797,4.737203
28.416,FOLLOW_LANE,camera lane following,158.000,-0.012500,0.750000,0,0,0,,,NONE,0.000000,0.000000,4.495601,4.704398
28.448,FOLLOW_LANE,camera lane following,158.500,-0.009375,0.750000,0,0,0,,,NONE,0.000000,0.000000,4.520595,4.679404
28.480,FOLLOW_LANE,camera lane following,158.500,-0.009375,0.750000,0,0,0,,,NONE,0.000000,0.000000,4.512777,4.687223
28.512,FOLLOW_LANE,camera lane following,158.500,-0.009375,0.750000,0,0,0,,,NONE,0.000000,0.000000,4.512771,4.687229
28.544,FOLLOW_LANE,camera lane following,158.500,-0.009375,0.750000,0,0,0,,,NONE,0.000000,0.000000,4.512765,4.687235
28.576,FOLLOW_LANE,camera lane following,158.500,-0.009375,0.750000,0,0,0,,,NONE,0.000000,0.000000,4.512759,4.687241
28.608,FOLLOW_LANE,camera lane following,158.500,-0.009375,0.750000,0,0,0,,,NONE,0.000000,0.000000,4.512753,4.687247
28.640,FOLLOW_LANE,camera lane following,159.000,-0.006250,0.750000,0,0,0,,,NONE,0.000000,0.000000,4.545561,4.654438
28.672,FOLLOW_LANE,camera lane following,159.000,-0.006250,0.750000,0,0,0,,,NONE,0.000000,0.000000,4.537745,4.662255
28.704,FOLLOW_LANE,camera lane following,159.000,-0.006250,0.750000,0,0,0,,,NONE,0.000000,0.000000,4.537741,4.662259
28.736,FOLLOW_LANE,camera lane following,159.500,-0.003125,0.750000,0,0,0,,,NONE,0.000000,0.000000,4.603366,4.596634
28.768,FOLLOW_LANE,camera lane following,159.500,-0.003125,0.750000,0,0,0,,,NONE,0.000000,0.000000,4.587741,4.612259
28.800,FOLLOW_LANE,camera lane following,159.500,-0.003125,0.750000,0,0,0,,,NONE,0.000000,0.000000,4.587741,4.612259
28.832,FOLLOW_LANE,camera lane following,159.500,-0.003125,0.750000,0,0,0,,,NONE,0.000000,0.000000,4.587741,4.612259
28.864,FOLLOW_LANE,camera lane following,159.500,-0.003125,0.750000,0,0,0,,,NONE,0.000000,0.000000,4.587741,4.612259
28.896,FOLLOW_LANE,camera lane following,160.000,0.000000,0.750000,0,0,0,,,NONE,0.000000,0.000000,4.587741,4.612259
28.928,FOLLOW_LANE,camera lane following,160.500,0.003125,0.750000,0,0,0,,,NONE,0.000000,0.000000,4.587741,4.612259
28.960,FOLLOW_LANE,camera lane following,160.500,0.003125,0.750000,0,0,0,,,NONE,0.000000,0.000000,4.587741,4.612259
28.992,FOLLOW_LANE,camera lane following,160.500,0.003125,0.750000,0,0,0,,,NONE,0.000000,0.000000,4.587741,4.612259
29.024,FOLLOW_LANE,camera lane following,160.500,0.003125,0.750000,0,0,0,,,NONE,0.000000,0.000000,4.587741,4.612259
29.056,FOLLOW_LANE,camera lane following,160.500,0.003125,0.750000,0,0,0,,,NONE,0.000000,0.000000,4.587741,4.612259
29.088,FOLLOW_LANE,camera lane following,161.000,0.006250,0.750000,0,0,0,,,NONE,0.000000,0.000000,4.653370,4.546630
29.120,FOLLOW_LANE,camera lane following,161.000,0.006250,0.750000,0,0,0,,,NONE,0.000000,0.000000,4.637749,4.562251
29.152,FOLLOW_LANE,camera lane following,161.000,0.006250,0.750000,0,0,0,,,NONE,0.000000,0.000000,4.637753,4.562247
29.184,FOLLOW_LANE,camera lane following,161.000,0.006250,0.750000,0,0,0,,,NONE,0.000000,0.000000,4.637757,4.562243
29.216,FOLLOW_LANE,camera lane following,161.500,0.009375,0.750000,0,0,0,,,NONE,0.000000,0.000000,4.670575,4.529424
29.248,FOLLOW_LANE,camera lane following,161.500,0.009375,0.750000,0,0,0,,,NONE,0.000000,0.000000,4.662769,4.537231
29.280,FOLLOW_LANE,camera lane following,162.000,0.012500,0.750000,0,0,0,,,NONE,0.000000,0.000000,4.695589,4.504410
29.312,FOLLOW_LANE,camera lane following,162.500,0.015625,0.750000,0,0,0,,,NONE,0.000000,0.000000,4.720599,4.479400
29.344,FOLLOW_LANE,camera lane following,162.500,0.015625,0.750000,0,0,0,,,NONE,0.000000,0.000000,4.712797,4.487203
29.376,FOLLOW_LANE,camera lane following,162.500,0.015625,0.750000,0,0,0,,,NONE,0.000000,0.000000,4.712807,4.487193
29.408,FOLLOW_LANE,camera lane following,163.000,0.018750,0.750000,0,0,0,,,NONE,0.000000,0.000000,4.745632,4.454368
29.440,FOLLOW_LANE,camera lane following,163.000,0.018750,0.750000,0,0,0,,,NONE,0.000000,0.000000,4.737831,4.462169
29.472,FOLLOW_LANE,camera lane following,163.000,0.018750,0.750000,0,0,0,,,NONE,0.000000,0.000000,4.737843,4.462157
29.504,FOLLOW_LANE,camera lane following,163.500,0.021875,0.750000,0,0,0,,,NONE,0.000000,0.000000,4.770669,4.429330
29.536,FOLLOW_LANE,camera lane following,163.500,0.021875,0.750000,0,0,0,,,NONE,0.000000,0.000000,4.762871,4.437129
29.568,FOLLOW_LANE,camera lane following,163.500,0.021875,0.750000,0,0,0,,,NONE,0.000000,0.000000,4.762885,4.437115
29.600,FOLLOW_LANE,camera lane following,164.000,0.025000,0.750000,0,0,0,,,NONE,0.000000,0.000000,4.795713,4.404286
29.632,FOLLOW_LANE,camera lane following,164.000,0.025000,0.750000,0,0,0,,,NONE,0.000000,0.000000,4.787917,4.412083
29.664,FOLLOW_LANE,camera lane following,164.000,0.025000,0.750000,0,0,0,,,NONE,0.000000,0.000000,4.787933,4.412067
29.696,FOLLOW_LANE,camera lane following,164.000,0.025000,0.750000,0,0,0,,,NONE,0.000000,0.000000,4.787949,4.412051
29.728,FOLLOW_LANE,camera lane following,164.000,0.025000,0.750000,0,0,0,,,NONE,0.000000,0.000000,4.787965,4.412035
29.760,FOLLOW_LANE,camera lane following,164.000,0.025000,0.750000,0,0,0,,,NONE,0.000000,0.000000,4.787981,4.412019
29.792,FOLLOW_LANE,camera lane following,164.500,0.028125,0.750000,0,0,0,,,NONE,0.000000,0.000000,4.820811,4.379188
29.824,FOLLOW_LANE,camera lane following,164.000,0.025000,0.750000,0,0,0,,,NONE,0.000000,0.000000,4.780202,4.419797
29.856,FOLLOW_LANE,camera lane following,164.000,0.025000,0.750000,0,0,0,,,NONE,0.000000,0.000000,4.788031,4.411969
29.888,FOLLOW_LANE,camera lane following,164.000,0.025000,0.750000,0,0,0,,,NONE,0.000000,0.000000,4.788047,4.411953
29.920,FOLLOW_LANE,camera lane following,164.000,0.025000,0.750000,0,0,0,,,NONE,0.000000,0.000000,4.788063,4.411937
29.952,FOLLOW_LANE,camera lane following,164.000,0.025000,0.750000,0,0,0,,,NONE,0.000000,0.000000,4.788079,4.411921
29.984,FOLLOW_LANE,camera lane following,164.000,0.025000,0.750000,0,0,0,,,NONE,0.000000,0.000000,4.788095,4.411905
30.016,FOLLOW_LANE,camera lane following,164.000,0.025000,0.750000,0,0,0,,,NONE,0.000000,0.000000,4.788111,4.411889
30.048,FOLLOW_LANE,camera lane following,164.000,0.025000,0.750000,0,0,0,,,NONE,0.000000,0.000000,4.788127,4.411873
30.080,FOLLOW_LANE,camera lane following,163.500,0.021875,0.750000,0,0,0,,,NONE,0.000000,0.000000,4.755329,4.444671
30.112,FOLLOW_LANE,camera lane following,163.500,0.021875,0.750000,0,0,0,,,NONE,0.000000,0.000000,4.763155,4.436845
30.144,FOLLOW_LANE,camera lane following,163.500,0.021875,0.750000,0,0,0,,,NONE,0.000000,0.000000,4.763169,4.436831
30.176,FOLLOW_LANE,camera lane following,163.500,0.021875,0.750000,0,0,0,,,NONE,0.000000,0.000000,4.763183,4.436817
30.208,FOLLOW_LANE,camera lane following,163.000,0.018750,0.750000,0,0,0,,,NONE,0.000000,0.000000,4.730382,4.469618
30.240,FOLLOW_LANE,camera lane following,163.000,0.018750,0.750000,0,0,0,,,NONE,0.000000,0.000000,4.738207,4.461793
30.272,FOLLOW_LANE,camera lane following,163.000,0.018750,0.750000,0,0,0,,,NONE,0.000000,0.000000,4.738219,4.461781
30.304,FOLLOW_LANE,camera lane following,163.000,0.018750,0.750000,0,0,0,,,NONE,0.000000,0.000000,4.738231,4.461769
30.336,FOLLOW_LANE,camera lane following,163.000,0.018750,0.750000,0,0,0,,,NONE,0.000000,0.000000,4.738243,4.461757
30.368,FOLLOW_LANE,camera lane following,162.500,0.015625,0.750000,0,0,0,,,NONE,0.000000,0.000000,4.705440,4.494559
30.400,FOLLOW_LANE,camera lane following,162.500,0.015625,0.750000,0,0,0,,,NONE,0.000000,0.000000,4.713263,4.486737
30.432,FOLLOW_LANE,camera lane following,162.000,0.012500,0.750000,0,0,0,,,NONE,0.000000,0.000000,4.680458,4.519541
30.464,FOLLOW_LANE,camera lane following,162.000,0.012500,0.750000,0,0,0,,,NONE,0.000000,0.000000,4.688279,4.511721
30.496,FOLLOW_LANE,camera lane following,162.000,0.012500,0.750000,0,0,0,,,NONE,0.000000,0.000000,4.688287,4.511713
30.528,FOLLOW_LANE,camera lane following,161.500,0.009375,0.750000,0,0,0,,,NONE,0.000000,0.000000,4.655480,4.544519
30.560,FOLLOW_LANE,camera lane following,161.500,0.009375,0.750000,0,0,0,,,NONE,0.000000,0.000000,4.663299,4.536701
30.592,FOLLOW_LANE,camera lane following,161.500,0.009375,0.750000,0,0,0,,,NONE,0.000000,0.000000,4.663305,4.536695
30.624,FOLLOW_LANE,camera lane following,161.500,0.009375,0.750000,0,0,0,,,NONE,0.000000,0.000000,4.663311,4.536689
30.656,FOLLOW_LANE,camera lane following,161.500,0.009375,0.750000,0,0,0,,,NONE,0.000000,0.000000,4.663317,4.536683
30.688,FOLLOW_LANE,camera lane following,161.500,0.009375,0.750000,0,0,0,,,NONE,0.000000,0.000000,4.663323,4.536677
30.720,FOLLOW_LANE,camera lane following,161.000,0.006250,0.750000,0,0,0,,,NONE,0.000000,0.000000,4.630514,4.569485
30.752,FOLLOW_LANE,camera lane following,161.000,0.006250,0.750000,0,0,0,,,NONE,0.000000,0.000000,4.638331,4.561669
30.784,FOLLOW_LANE,camera lane following,161.000,0.006250,0.750000,0,0,0,,,NONE,0.000000,0.000000,4.638335,4.561665
30.816,FOLLOW_LANE,camera lane following,161.000,0.006250,0.750000,0,0,0,,,NONE,0.000000,0.000000,4.638339,4.561661
30.848,FOLLOW_LANE,camera lane following,161.000,0.006250,0.750000,0,0,0,,,NONE,0.000000,0.000000,4.638343,4.561657
30.880,FOLLOW_LANE,camera lane following,161.000,0.006250,0.750000,0,0,0,,,NONE,0.000000,0.000000,4.638347,4.561653
30.912,FOLLOW_LANE,camera lane following,161.000,0.006250,0.750000,0,0,0,,,NONE,0.000000,0.000000,4.638351,4.561649
30.944,FOLLOW_LANE,camera lane following,160.500,0.003125,0.750000,0,0,0,,,NONE,0.000000,0.000000,4.572726,4.627274
30.976,FOLLOW_LANE,camera lane following,160.500,0.003125,0.750000,0,0,0,,,NONE,0.000000,0.000000,4.588351,4.611649
31.008,FOLLOW_LANE,camera lane following,160.500,0.003125,0.750000,0,0,0,,,NONE,0.000000,0.000000,4.588351,4.611649
31.040,FOLLOW_LANE,camera lane following,160.500,0.003125,0.750000,0,0,0,,,NONE,0.000000,0.000000,4.588351,4.611649
31.072,FOLLOW_LANE,camera lane following,160.500,0.003125,0.750000,0,0,0,,,NONE,0.000000,0.000000,4.588351,4.611649
31.104,FOLLOW_LANE,camera lane following,160.500,0.003125,0.750000,0,0,0,,,NONE,0.000000,0.000000,4.588351,4.611649
31.136,FOLLOW_LANE,camera lane following,160.500,0.003125,0.750000,0,0,0,,,NONE,0.000000,0.000000,4.588351,4.611649
31.168,FOLLOW_LANE,camera lane following,160.500,0.003125,0.750000,0,0,0,,,NONE,0.000000,0.000000,4.588351,4.611649
31.200,FOLLOW_LANE,camera lane following,160.500,0.003125,0.750000,0,0,0,,,NONE,0.000000,0.000000,4.588351,4.611649
31.232,FOLLOW_LANE,camera lane following,160.500,0.003125,0.750000,0,0,0,,,NONE,0.000000,0.000000,4.588351,4.611649
31.264,FOLLOW_LANE,camera lane following,160.500,0.003125,0.750000,0,0,0,,,NONE,0.000000,0.000000,4.588351,4.611649
31.296,FOLLOW_LANE,camera lane following,160.500,0.003125,0.750000,0,0,0,,,NONE,0.000000,0.000000,4.588351,4.611649
31.328,FOLLOW_LANE,camera lane following,159.500,-0.003125,0.750000,0,0,0,,,NONE,0.000000,0.000000,4.588351,4.611649
31.360,FOLLOW_LANE,camera lane following,159.500,-0.003125,0.750000,0,0,0,,,NONE,0.000000,0.000000,4.588351,4.611649
31.392,FOLLOW_LANE,camera lane following,159.500,-0.003125,0.750000,0,0,0,,,NONE,0.000000,0.000000,4.588351,4.611649
31.424,FOLLOW_LANE,camera lane following,159.500,-0.003125,0.750000,0,0,0,,,NONE,0.000000,0.000000,4.588351,4.611649
31.456,FOLLOW_LANE,camera lane following,159.500,-0.003125,0.750000,0,0,0,,,NONE,0.000000,0.000000,4.588351,4.611649
31.488,FOLLOW_LANE,camera lane following,159.500,-0.003125,0.750000,0,0,0,,,NONE,0.000000,0.000000,4.588351,4.611649
31.520,FOLLOW_LANE,camera lane following,159.500,-0.003125,0.750000,0,0,0,,,NONE,0.000000,0.000000,4.588351,4.611649
31.552,FOLLOW_LANE,camera lane following,159.500,-0.003125,0.750000,0,0,0,,,NONE,0.000000,0.000000,4.588351,4.611649
31.584,FOLLOW_LANE,camera lane following,159.500,-0.003125,0.750000,0,0,0,,,NONE,0.000000,0.000000,4.588351,4.611649
31.616,FOLLOW_LANE,camera lane following,159.500,-0.003125,0.750000,0,0,0,,,NONE,0.000000,0.000000,4.588351,4.611649
31.648,FOLLOW_LANE,camera lane following,159.500,-0.003125,0.750000,0,0,0,,,NONE,0.000000,0.000000,4.588351,4.611649
31.680,FOLLOW_LANE,camera lane following,159.500,-0.003125,0.750000,0,0,0,,,NONE,0.000000,0.000000,4.588351,4.611649
31.712,FOLLOW_LANE,camera lane following,159.500,-0.003125,0.750000,0,0,0,,,NONE,0.000000,0.000000,4.588351,4.611649
31.744,FOLLOW_LANE,camera lane following,159.500,-0.003125,0.750000,0,0,0,,,NONE,0.000000,0.000000,4.588351,4.611649
31.776,FOLLOW_LANE,camera lane following,159.500,-0.003125,0.750000,0,0,0,,,NONE,0.000000,0.000000,4.588351,4.611649
31.808,FOLLOW_LANE,camera lane following,159.500,-0.003125,0.750000,0,0,0,,,NONE,0.000000,0.000000,4.588351,4.611649
31.840,FOLLOW_LANE,camera lane following,159.500,-0.003125,0.750000,0,0,0,,,NONE,0.000000,0.000000,4.588351,4.611649
31.872,FOLLOW_LANE,camera lane following,159.500,-0.003125,0.750000,0,0,0,,,NONE,0.000000,0.000000,4.588351,4.611649
31.904,FOLLOW_LANE,camera lane following,158.500,-0.009375,0.750000,0,0,0,,,NONE,0.000000,0.000000,4.489907,4.710093
31.936,FOLLOW_LANE,camera lane following,158.500,-0.009375,0.750000,0,0,0,,,NONE,0.000000,0.000000,4.513339,4.686661
31.968,FOLLOW_LANE,camera lane following,158.500,-0.009375,0.750000,0,0,0,,,NONE,0.000000,0.000000,4.513333,4.686667
32.000,FOLLOW_LANE,camera lane following,158.500,-0.009375,0.750000,0,0,0,,,NONE,0.000000,0.000000,4.513327,4.686673
32.032,FOLLOW_LANE,camera lane following,158.500,-0.009375,0.750000,0,0,0,,,NONE,0.000000,0.000000,4.513321,4.686679
32.064,FOLLOW_LANE,camera lane following,159.000,-0.006250,0.750000,0,0,0,,,NONE,0.000000,0.000000,4.546129,4.653871
32.096,FOLLOW_LANE,camera lane following,159.000,-0.006250,0.750000,0,0,0,,,NONE,0.000000,0.000000,4.538313,4.661687
32.128,FOLLOW_LANE,camera lane following,159.000,-0.006250,0.750000,0,0,0,,,NONE,0.000000,0.000000,4.538309,4.661691
32.160,FOLLOW_LANE,camera lane following,159.000,-0.006250,0.750000,0,0,0,,,NONE,0.000000,0.000000,4.538305,4.661695
32.192,FOLLOW_LANE,camera lane following,159.000,-0.006250,0.750000,0,0,0,,,NONE,0.000000,0.000000,4.538301,4.661699
32.224,FOLLOW_LANE,camera lane following,159.000,-0.006250,0.750000,0,0,0,,,NONE,0.000000,0.000000,4.538297,4.661703
32.256,FOLLOW_LANE,camera lane following,158.500,-0.009375,0.750000,0,0,0,,,NONE,0.000000,0.000000,4.505478,4.694521
32.288,FOLLOW_LANE,camera lane following,158.500,-0.009375,0.750000,0,0,0,,,NONE,0.000000,0.000000,4.513285,4.686715
32.320,FOLLOW_LANE,camera lane following,158.500,-0.009375,0.750000,0,0,0,,,NONE,0.000000,0.000000,4.513279,4.686721
32.352,FOLLOW_LANE,camera lane following,159.000,-0.006250,0.750000,0,0,0,,,NONE,0.000000,0.000000,4.546087,4.653912
32.384,FOLLOW_LANE,camera lane following,159.000,-0.006250,0.750000,0,0,0,,,NONE,0.000000,0.000000,4.538271,4.661729
32.416,FOLLOW_LANE,camera lane following,159.000,-0.006250,0.750000,0,0,0,,,NONE,0.000000,0.000000,4.538267,4.661733
32.448,FOLLOW_LANE,camera lane following,159.000,-0.006250,0.750000,0,0,0,,,NONE,0.000000,0.000000,4.538263,4.661737
32.480,FOLLOW_LANE,camera lane following,158.500,-0.009375,0.750000,0,0,0,,,NONE,0.000000,0.000000,4.505444,4.694555
32.512,FOLLOW_LANE,camera lane following,158.500,-0.009375,0.750000,0,0,0,,,NONE,0.000000,0.000000,4.513251,4.686749
32.544,FOLLOW_LANE,camera lane following,158.500,-0.009375,0.750000,0,0,0,,,NONE,0.000000,0.000000,4.513245,4.686755
32.576,FOLLOW_LANE,camera lane following,158.500,-0.009375,0.750000,0,0,0,,,NONE,0.000000,0.000000,4.513239,4.686761
32.608,FOLLOW_LANE,camera lane following,158.500,-0.009375,0.750000,0,0,0,,,NONE,0.000000,0.000000,4.513233,4.686767
32.640,FOLLOW_LANE,camera lane following,158.500,-0.009375,0.750000,0,0,0,,,NONE,0.000000,0.000000,4.513227,4.686773
32.672,FOLLOW_LANE,camera lane following,158.500,-0.009375,0.750000,0,0,0,,,NONE,0.000000,0.000000,4.513221,4.686779
32.704,FOLLOW_LANE,camera lane following,158.500,-0.009375,0.750000,0,0,0,,,NONE,0.000000,0.000000,4.513215,4.686785
32.736,FOLLOW_LANE,camera lane following,158.500,-0.009375,0.750000,0,0,0,,,NONE,0.000000,0.000000,4.513209,4.686791
32.768,FOLLOW_LANE,camera lane following,158.500,-0.009375,0.750000,0,0,0,,,NONE,0.000000,0.000000,4.513203,4.686797
32.800,FOLLOW_LANE,camera lane following,158.500,-0.009375,0.750000,0,0,0,,,NONE,0.000000,0.000000,4.513197,4.686803
32.832,FOLLOW_LANE,camera lane following,158.500,-0.009375,0.750000,0,0,0,,,NONE,0.000000,0.000000,4.513191,4.686809
32.864,FOLLOW_LANE,camera lane following,158.500,-0.009375,0.750000,0,0,0,,,NONE,0.000000,0.000000,4.513185,4.686815
32.896,FOLLOW_LANE,camera lane following,158.500,-0.009375,0.750000,0,0,0,,,NONE,0.000000,0.000000,4.513179,4.686821
32.928,FOLLOW_LANE,camera lane following,158.500,-0.009375,0.750000,0,0,0,,,NONE,0.000000,0.000000,4.513173,4.686827
32.960,FOLLOW_LANE,camera lane following,158.500,-0.009375,0.750000,0,0,0,,,NONE,0.000000,0.000000,4.513167,4.686833
32.992,FOLLOW_LANE,camera lane following,159.000,-0.006250,0.750000,0,0,0,,,NONE,0.000000,0.000000,4.545975,4.654024
33.024,FOLLOW_LANE,camera lane following,159.000,-0.006250,0.750000,0,0,0,,,NONE,0.000000,0.000000,4.538159,4.661841
33.056,FOLLOW_LANE,camera lane following,159.000,-0.006250,0.750000,0,0,0,,,NONE,0.000000,0.000000,4.538155,4.661845
33.088,FOLLOW_LANE,camera lane following,159.000,-0.006250,0.750000,0,0,0,,,NONE,0.000000,0.000000,4.538151,4.661849
33.120,FOLLOW_LANE,camera lane following,159.000,-0.006250,0.750000,0,0,0,,,NONE,0.000000,0.000000,4.538147,4.661853
33.152,FOLLOW_LANE,camera lane following,159.000,-0.006250,0.750000,0,0,0,,,NONE,0.000000,0.000000,4.538143,4.661857
33.184,FOLLOW_LANE,camera lane following,159.500,-0.003125,0.750000,0,0,0,,,NONE,0.000000,0.000000,4.603768,4.596232
33.216,FOLLOW_LANE,camera lane following,159.500,-0.003125,0.750000,0,0,0,,,NONE,0.000000,0.000000,4.588143,4.611857
33.248,FOLLOW_LANE,camera lane following,159.500,-0.003125,0.750000,0,0,0,,,NONE,0.000000,0.000000,4.588143,4.611857
33.280,FOLLOW_LANE,camera lane following,159.500,-0.003125,0.750000,0,0,0,,,NONE,0.000000,0.000000,4.588143,4.611857
33.312,FOLLOW_LANE,camera lane following,159.500,-0.003125,0.750000,0,0,0,,,NONE,0.000000,0.000000,4.588143,4.611857
33.344,FOLLOW_LANE,camera lane following,159.500,-0.003125,0.750000,0,0,0,,,NONE,0.000000,0.000000,4.588143,4.611857
33.376,FOLLOW_LANE,camera lane following,159.500,-0.003125,0.750000,0,0,0,,,NONE,0.000000,0.000000,4.588143,4.611857
33.408,FOLLOW_LANE,camera lane following,159.500,-0.003125,0.750000,0,0,0,,,NONE,0.000000,0.000000,4.588143,4.611857
33.440,FOLLOW_LANE,camera lane following,159.500,-0.003125,0.750000,0,0,0,,,NONE,0.000000,0.000000,4.588143,4.611857
33.472,FOLLOW_LANE,camera lane following,159.500,-0.003125,0.750000,0,0,0,,,NONE,0.000000,0.000000,4.588143,4.611857
33.504,FOLLOW_LANE,camera lane following,159.500,-0.003125,0.750000,0,0,0,,,NONE,0.000000,0.000000,4.588143,4.611857
33.536,FOLLOW_LANE,camera lane following,159.500,-0.003125,0.750000,0,0,0,,,NONE,0.000000,0.000000,4.588143,4.611857
33.568,FOLLOW_LANE,camera lane following,159.500,-0.003125,0.750000,0,0,0,,,NONE,0.000000,0.000000,4.588143,4.611857
33.600,FOLLOW_LANE,camera lane following,159.500,-0.003125,0.750000,0,0,0,,,NONE,0.000000,0.000000,4.588143,4.611857
33.632,FOLLOW_LANE,camera lane following,159.500,-0.003125,0.750000,0,0,0,,,NONE,0.000000,0.000000,4.588143,4.611857
33.664,FOLLOW_LANE,camera lane following,159.500,-0.003125,0.750000,0,0,0,,,NONE,0.000000,0.000000,4.588143,4.611857
33.696,FOLLOW_LANE,camera lane following,159.500,-0.003125,0.750000,0,0,0,,,NONE,0.000000,0.000000,4.588143,4.611857
33.728,FOLLOW_LANE,camera lane following,159.500,-0.003125,0.750000,0,0,0,,,NONE,0.000000,0.000000,4.588143,4.611857
33.760,FOLLOW_LANE,camera lane following,159.500,-0.003125,0.750000,0,0,0,,,NONE,0.000000,0.000000,4.588143,4.611857
33.792,FOLLOW_LANE,camera lane following,159.500,-0.003125,0.750000,0,0,0,,,NONE,0.000000,0.000000,4.588143,4.611857
33.824,FOLLOW_LANE,camera lane following,160.000,0.000000,0.750000,0,0,0,,,NONE,0.000000,0.000000,4.588143,4.611857
33.856,FOLLOW_LANE,camera lane following,160.000,0.000000,0.750000,0,0,0,,,NONE,0.000000,0.000000,4.588143,4.611857
33.888,FOLLOW_LANE,camera lane following,160.000,0.000000,0.750000,0,0,0,,,NONE,0.000000,0.000000,4.588143,4.611857
33.920,FOLLOW_LANE,camera lane following,160.000,0.000000,0.750000,0,0,0,,,NONE,0.000000,0.000000,4.588143,4.611857
33.952,FOLLOW_LANE,camera lane following,160.000,0.000000,0.750000,0,0,0,,,NONE,0.000000,0.000000,4.588143,4.611857
33.984,FOLLOW_LANE,camera lane following,160.000,0.000000,0.750000,0,0,0,,,NONE,0.000000,0.000000,4.588143,4.611857
34.016,FOLLOW_LANE,camera lane following,160.000,0.000000,0.750000,0,0,0,,,NONE,0.000000,0.000000,4.588143,4.611857
34.048,FOLLOW_LANE,camera lane following,160.000,0.000000,0.750000,0,0,0,,,NONE,0.000000,0.000000,4.588143,4.611857
34.080,FOLLOW_LANE,camera lane following,160.250,0.001563,0.750000,0,0,0,,,NONE,0.000000,0.000000,4.588143,4.611857
34.112,FOLLOW_LANE,camera lane following,160.000,0.000000,0.750000,0,0,0,,,NONE,0.000000,0.000000,4.588143,4.611857
34.144,FOLLOW_LANE,camera lane following,160.500,0.003125,0.750000,0,0,0,,,NONE,0.000000,0.000000,4.588143,4.611857
34.176,FOLLOW_LANE,camera lane following,160.500,0.003125,0.750000,0,0,0,,,NONE,0.000000,0.000000,4.588143,4.611857
34.208,FOLLOW_LANE,camera lane following,160.500,0.003125,0.750000,0,0,0,,,NONE,0.000000,0.000000,4.588143,4.611857
34.240,FOLLOW_LANE,camera lane following,160.500,0.003125,0.750000,0,0,0,,,NONE,0.000000,0.000000,4.588143,4.611857
34.272,FOLLOW_LANE,camera lane following,161.000,0.006250,0.750000,0,0,0,,,NONE,0.000000,0.000000,4.653772,4.546228
34.304,FOLLOW_LANE,camera lane following,161.000,0.006250,0.750000,0,0,0,,,NONE,0.000000,0.000000,4.638151,4.561849
34.336,FOLLOW_LANE,camera lane following,161.000,0.006250,0.750000,0,0,0,,,NONE,0.000000,0.000000,4.638155,4.561845
34.368,FOLLOW_LANE,camera lane following,161.000,0.006250,0.750000,0,0,0,,,NONE,0.000000,0.000000,4.638159,4.561841
34.400,FOLLOW_LANE,camera lane following,161.000,0.006250,0.750000,0,0,0,,,NONE,0.000000,0.000000,4.638163,4.561837
34.432,FOLLOW_LANE,camera lane following,161.000,0.006250,0.750000,0,0,0,,,NONE,0.000000,0.000000,4.638167,4.561833
34.464,FOLLOW_LANE,camera lane following,161.000,0.006250,0.750000,0,0,0,,,NONE,0.000000,0.000000,4.638171,4.561829
34.496,FOLLOW_LANE,camera lane following,161.000,0.006250,0.750000,0,0,0,,,NONE,0.000000,0.000000,4.638175,4.561825
34.528,FOLLOW_LANE,camera lane following,161.000,0.006250,0.750000,0,0,0,,,NONE,0.000000,0.000000,4.638179,4.561821
34.560,FOLLOW_LANE,camera lane following,161.500,0.009375,0.750000,0,0,0,,,NONE,0.000000,0.000000,4.670997,4.529002
34.592,FOLLOW_LANE,camera lane following,161.500,0.009375,0.750000,0,0,0,,,NONE,0.000000,0.000000,4.663191,4.536809
34.624,STOP_WAIT,waiting for moving or unclassified obstacles to clear,161.500,0.009375,0.750000,1,0,1,1,blue,UNKNOWN,0.317198,0.564841,0.000000,0.000000
34.656,STOP_WAIT,waiting for moving or unclassified obstacles to clear,162.500,0.015625,0.750000,0,0,0,,,NONE,0.000000,0.000000,0.000000,0.000000
34.688,STOP_WAIT,waiting for moving or unclassified obstacles to clear,162.000,0.012500,0.750000,0,0,0,,,NONE,0.000000,0.000000,0.000000,0.000000
34.720,STOP_WAIT,waiting for moving or unclassified obstacles to clear,161.500,0.009375,0.750000,1,0,1,1,blue,UNKNOWN,0.609332,0.479232,0.000000,0.000000
34.752,STOP_WAIT,waiting for moving or unclassified obstacles to clear,161.500,0.009375,0.750000,0,0,0,,,NONE,0.000000,0.000000,0.000000,0.000000
34.784,STOP_WAIT,waiting for moving or unclassified obstacles to clear,161.500,0.009375,0.750000,1,0,1,1,blue,UNKNOWN,0.619184,0.405529,0.000000,0.000000
34.816,STOP_WAIT,waiting for moving or unclassified obstacles to clear,161.500,0.009375,0.750000,1,0,1,1,blue,MOVING,0.979351,0.485881,0.000000,0.000000
34.848,STOP_WAIT,waiting for moving or unclassified obstacles to clear,161.500,0.009375,0.750000,1,0,1,1,blue,MOVING,0.979351,0.485881,0.000000,0.000000
34.880,STOP_WAIT,waiting for moving or unclassified obstacles to clear,161.500,0.009375,0.750000,1,0,1,1,blue,MOVING,0.979351,0.485881,0.000000,0.000000
34.912,STOP_WAIT,waiting for moving or unclassified obstacles to clear,161.500,0.009375,0.750000,1,0,1,1,blue,MOVING,0.979351,0.485881,0.000000,0.000000
34.944,STOP_WAIT,waiting for moving or unclassified obstacles to clear,161.500,0.009375,0.750000,1,0,1,1,blue,MOVING,0.974577,0.484963,0.000000,0.000000
34.976,STOP_WAIT,waiting for moving or unclassified obstacles to clear,161.000,0.006250,0.750000,1,0,1,1,blue,UNKNOWN,0.703383,0.460501,0.000000,0.000000
35.008,STOP_WAIT,waiting for moving or unclassified obstacles to clear,161.000,0.006250,0.750000,1,0,1,1,blue,STATIONARY,0.865948,0.415501,0.000000,0.000000
35.040,STOP_WAIT,waiting for moving or unclassified obstacles to clear,160.500,0.003125,0.750000,1,0,1,1,blue,STATIONARY,0.915195,0.413272,0.000000,0.000000
35.072,STOP_WAIT,waiting for moving or unclassified obstacles to clear,160.500,0.003125,0.750000,1,0,1,1,blue,STATIONARY,0.839283,0.406121,0.000000,0.000000
35.104,STOP_WAIT,waiting for moving or unclassified obstacles to clear,160.500,0.003125,0.750000,1,0,1,1,blue,STATIONARY,0.778177,0.401876,0.000000,0.000000
35.136,AVOID,camera-guided stationary obstacle avoidance,161.000,0.006250,0.750000,1,0,1,1,blue,STATIONARY,0.758872,0.394866,3.900000,1.700000
35.168,AVOID,camera-guided stationary obstacle avoidance,161.000,0.006250,0.750000,1,0,1,1,blue,UNKNOWN,0.730000,0.606726,3.900000,1.700000
35.200,AVOID,camera-guided stationary obstacle avoidance,160.500,0.003125,0.750000,1,0,1,1,blue,UNKNOWN,0.730000,0.575084,3.900000,1.700000
35.232,AVOID,camera-guided stationary obstacle avoidance,160.500,0.003125,0.750000,1,0,1,1,blue,MOVING,1.000000,0.430451,3.900000,1.700000
35.264,AVOID,camera-guided stationary obstacle avoidance,160.000,0.000000,0.750000,1,0,1,1,blue,MOVING,0.637988,0.285465,3.900000,1.700000
35.296,AVOID,camera-guided stationary obstacle avoidance,159.500,-0.003125,0.750000,1,0,1,1,blue,MOVING,0.655892,0.289371,3.900000,1.700000
35.328,AVOID,camera-guided stationary obstacle avoidance,159.000,-0.006250,0.750000,1,0,1,1,blue,MOVING,0.663053,0.290851,3.900000,1.700000
35.360,AVOID,camera-guided stationary obstacle avoidance,159.000,-0.006250,0.750000,1,0,1,1,blue,MOVING,0.663053,0.290851,3.900000,1.700000
35.392,AVOID,camera-guided stationary obstacle avoidance,158.500,-0.009375,0.750000,0,0,0,,,NONE,0.000000,0.000000,3.900000,1.700000
35.424,AVOID,camera-guided stationary obstacle avoidance,157.500,-0.015625,0.750000,0,0,0,,,NONE,0.000000,0.000000,3.900000,1.700000
35.456,AVOID,camera-guided stationary obstacle avoidance,157.000,-0.018750,0.750000,0,0,0,,,NONE,0.000000,0.000000,3.900000,1.700000
35.488,AVOID,camera-guided stationary obstacle avoidance,155.500,-0.028125,0.750000,0,0,0,,,NONE,0.000000,0.000000,3.900000,1.700000
35.520,AVOID,camera-guided stationary obstacle avoidance,153.500,-0.040625,0.750000,0,0,0,,,NONE,0.000000,0.000000,3.900000,1.700000
35.552,AVOID,camera-guided stationary obstacle avoidance,150.500,-0.059375,0.750000,0,0,0,,,NONE,0.000000,0.000000,3.900000,1.700000
35.584,AVOID,camera-guided stationary obstacle avoidance,144.750,-0.095312,0.750000,0,0,0,,,NONE,0.000000,0.000000,3.900000,1.700000
35.616,AVOID,camera-guided stationary obstacle avoidance,137.500,-0.140625,0.750000,0,0,0,,,NONE,0.000000,0.000000,3.900000,1.700000
35.648,AVOID,camera-guided stationary obstacle avoidance,89.200,-0.442500,0.576500,0,0,0,,,NONE,0.000000,0.000000,3.900000,1.700000
35.680,AVOID,camera-guided stationary obstacle avoidance,86.200,-0.461250,0.576500,0,0,0,,,NONE,0.000000,0.000000,3.900000,1.700000
35.712,AVOID,camera-guided stationary obstacle avoidance,79.200,-0.505000,0.576500,0,0,0,,,NONE,0.000000,0.000000,3.900000,1.700000
35.744,AVOID,camera-guided stationary obstacle avoidance,74.200,-0.536250,0.576500,0,0,0,,,NONE,0.000000,0.000000,3.900000,1.700000
35.776,AVOID,camera-guided stationary obstacle avoidance,62.200,-0.611250,0.576500,0,0,0,,,NONE,0.000000,0.000000,3.900000,1.700000
35.808,AVOID,camera-guided stationary obstacle avoidance,130.500,-0.184375,0.750000,0,0,0,,,NONE,0.000000,0.000000,3.900000,1.700000
35.840,AVOID,camera-guided stationary obstacle avoidance,126.500,-0.209375,0.750000,0,0,0,,,NONE,0.000000,0.000000,3.900000,1.700000
35.872,AVOID,camera-guided stationary obstacle avoidance,122.250,-0.235937,0.721131,0,0,0,,,NONE,0.000000,0.000000,3.900000,1.700000
35.904,AVOID,camera-guided stationary obstacle avoidance,138.000,-0.137500,0.750000,0,0,0,,,NONE,0.000000,0.000000,3.900000,1.700000
35.936,AVOID,camera-guided stationary obstacle avoidance,156.500,-0.021875,0.750000,0,0,0,,,NONE,0.000000,0.000000,3.900000,1.700000
35.968,AVOID,camera-guided stationary obstacle avoidance,156.000,-0.025000,0.750000,0,0,0,,,NONE,0.000000,0.000000,3.900000,1.700000
36.000,AVOID,camera-guided stationary obstacle avoidance,156.000,-0.025000,0.750000,0,0,0,,,NONE,0.000000,0.000000,3.900000,1.700000
36.032,AVOID,camera-guided stationary obstacle avoidance,155.000,-0.031250,0.750000,0,0,0,,,NONE,0.000000,0.000000,3.900000,1.700000
36.064,AVOID,camera-guided stationary obstacle avoidance,152.500,-0.046875,0.750000,0,0,0,,,NONE,0.000000,0.000000,3.900000,1.700000
36.096,AVOID,camera-guided stationary obstacle avoidance,180.500,0.128125,0.750000,0,0,0,,,NONE,0.000000,0.000000,3.900000,1.700000
36.128,AVOID,camera-guided stationary obstacle avoidance,160.000,0.000000,0.750000,0,0,0,,,NONE,0.000000,0.000000,3.900000,1.700000
36.160,AVOID,camera-guided stationary obstacle avoidance,186.000,0.162500,0.802557,0,0,0,,,NONE,0.000000,0.000000,3.900000,1.700000
36.192,AVOID,camera-guided stationary obstacle avoidance,173.500,0.084375,0.750000,0,0,0,,,NONE,0.000000,0.000000,3.900000,1.700000
36.224,AVOID,camera-guided stationary obstacle avoidance,172.500,0.078125,0.750000,0,0,0,,,NONE,0.000000,0.000000,3.900000,1.700000
36.256,AVOID,camera-guided stationary obstacle avoidance,172.500,0.078125,0.750000,0,0,0,,,NONE,0.000000,0.000000,3.900000,1.700000
36.288,AVOID,camera-guided stationary obstacle avoidance,172.000,0.075000,0.750000,0,0,0,,,NONE,0.000000,0.000000,3.900000,1.700000
36.320,AVOID,camera-guided stationary obstacle avoidance,172.000,0.075000,0.750000,0,0,0,,,NONE,0.000000,0.000000,3.900000,1.700000
36.352,AVOID,camera-guided stationary obstacle avoidance,171.500,0.071875,0.750000,0,0,0,,,NONE,0.000000,0.000000,3.900000,1.700000
36.384,AVOID,camera-guided stationary obstacle avoidance,171.500,0.071875,0.750000,0,0,0,,,NONE,0.000000,0.000000,3.900000,1.700000
36.416,AVOID,camera-guided stationary obstacle avoidance,171.500,0.071875,0.750000,0,0,0,,,NONE,0.000000,0.000000,3.900000,1.700000
36.448,AVOID,camera-guided stationary obstacle avoidance,171.500,0.071875,0.750000,0,0,0,,,NONE,0.000000,0.000000,3.900000,1.700000
36.480,AVOID,camera-guided stationary obstacle avoidance,171.500,0.071875,0.750000,0,0,0,,,NONE,0.000000,0.000000,3.900000,1.700000
36.512,AVOID,camera-guided stationary obstacle avoidance,171.000,0.068750,0.750000,0,0,0,,,NONE,0.000000,0.000000,3.900000,1.700000
36.544,AVOID,camera-guided stationary obstacle avoidance,171.500,0.071875,0.750000,0,0,0,,,NONE,0.000000,0.000000,3.900000,1.700000
36.576,AVOID,camera-guided stationary obstacle avoidance,171.500,0.071875,0.750000,0,0,0,,,NONE,0.000000,0.000000,3.900000,1.700000
36.608,AVOID,camera-guided stationary obstacle avoidance,167.500,0.046875,0.750000,0,0,0,,,NONE,0.000000,0.000000,3.900000,1.700000
36.640,AVOID,camera-guided stationary obstacle avoidance,167.500,0.046875,0.750000,0,0,0,,,NONE,0.000000,0.000000,3.900000,1.700000
36.672,AVOID,camera-guided stationary obstacle avoidance,166.500,0.040625,0.750000,0,0,0,,,NONE,0.000000,0.000000,3.900000,1.700000
36.704,AVOID,camera-guided stationary obstacle avoidance,166.000,0.037500,0.750000,0,0,0,,,NONE,0.000000,0.000000,3.900000,1.700000
36.736,AVOID,camera-guided stationary obstacle avoidance,166.000,0.037500,0.750000,0,0,0,,,NONE,0.000000,0.000000,3.900000,1.700000
36.768,AVOID,camera-guided stationary obstacle avoidance,166.000,0.037500,0.750000,0,0,0,,,NONE,0.000000,0.000000,3.900000,1.700000
36.800,AVOID,camera-guided stationary obstacle avoidance,165.500,0.034375,0.750000,0,0,0,,,NONE,0.000000,0.000000,3.900000,1.700000
36.832,AVOID,camera-guided stationary obstacle avoidance,164.000,0.025000,0.750000,0,0,0,,,NONE,0.000000,0.000000,3.900000,1.700000
36.864,AVOID,camera-guided stationary obstacle avoidance,163.000,0.018750,0.750000,0,0,0,,,NONE,0.000000,0.000000,3.900000,1.700000
36.896,AVOID,camera-guided stationary obstacle avoidance,160.000,0.000000,0.750000,0,0,0,,,NONE,0.000000,0.000000,3.900000,1.700000
36.928,AVOID,camera-guided stationary obstacle avoidance,159.000,-0.006250,0.750000,0,0,0,,,NONE,0.000000,0.000000,3.900000,1.700000
36.960,AVOID,camera-guided stationary obstacle avoidance,159.000,-0.006250,0.750000,0,0,0,,,NONE,0.000000,0.000000,1.700000,3.900000
36.992,AVOID,camera-guided stationary obstacle avoidance,159.000,-0.006250,0.750000,0,0,0,,,NONE,0.000000,0.000000,1.700000,3.900000
37.024,AVOID,camera-guided stationary obstacle avoidance,158.500,-0.009375,0.750000,0,0,0,,,NONE,0.000000,0.000000,1.700000,3.900000
37.056,AVOID,camera-guided stationary obstacle avoidance,158.500,-0.009375,0.750000,0,0,0,,,NONE,0.000000,0.000000,1.700000,3.900000
37.088,AVOID,camera-guided stationary obstacle avoidance,158.500,-0.009375,0.750000,0,0,0,,,NONE,0.000000,0.000000,1.700000,3.900000
37.120,AVOID,camera-guided stationary obstacle avoidance,159.000,-0.006250,0.750000,0,0,0,,,NONE,0.000000,0.000000,1.700000,3.900000
37.152,AVOID,camera-guided stationary obstacle avoidance,158.500,-0.009375,0.750000,0,0,0,,,NONE,0.000000,0.000000,1.700000,3.900000
37.184,AVOID,camera-guided stationary obstacle avoidance,158.000,-0.012500,0.750000,0,0,0,,,NONE,0.000000,0.000000,1.700000,3.900000
37.216,AVOID,camera-guided stationary obstacle avoidance,158.000,-0.012500,0.750000,0,0,0,,,NONE,0.000000,0.000000,1.700000,3.900000
37.248,AVOID,camera-guided stationary obstacle avoidance,158.000,-0.012500,0.750000,0,0,0,,,NONE,0.000000,0.000000,1.700000,3.900000
37.280,AVOID,camera-guided stationary obstacle avoidance,157.500,-0.015625,0.750000,0,0,0,,,NONE,0.000000,0.000000,1.700000,3.900000
37.312,AVOID,camera-guided stationary obstacle avoidance,157.500,-0.015625,0.750000,0,0,0,,,NONE,0.000000,0.000000,1.700000,3.900000
37.344,AVOID,camera-guided stationary obstacle avoidance,157.500,-0.015625,0.750000,0,0,0,,,NONE,0.000000,0.000000,1.700000,3.900000
37.376,AVOID,camera-guided stationary obstacle avoidance,157.000,-0.018750,0.750000,0,0,0,,,NONE,0.000000,0.000000,1.700000,3.900000
37.408,AVOID,camera-guided stationary obstacle avoidance,155.500,-0.028125,0.750000,0,0,0,,,NONE,0.000000,0.000000,1.700000,3.900000
37.440,AVOID,camera-guided stationary obstacle avoidance,154.000,-0.037500,0.750000,0,0,0,,,NONE,0.000000,0.000000,1.700000,3.900000
37.472,AVOID,camera-guided stationary obstacle avoidance,151.500,-0.053125,0.750000,0,0,0,,,NONE,0.000000,0.000000,1.700000,3.900000
37.504,AVOID,camera-guided stationary obstacle avoidance,146.500,-0.084375,0.750000,0,0,0,,,NONE,0.000000,0.000000,1.700000,3.900000
37.536,AVOID,camera-guided stationary obstacle avoidance,137.500,-0.140625,0.750000,0,0,0,,,NONE,0.000000,0.000000,1.700000,3.900000
37.568,AVOID,camera-guided stationary obstacle avoidance,129.000,-0.193750,0.750000,0,0,0,,,NONE,0.000000,0.000000,1.700000,3.900000
37.600,AVOID,camera-guided stationary obstacle avoidance,77.200,-0.517500,0.576500,0,0,0,,,NONE,0.000000,0.000000,1.700000,3.900000
37.632,AVOID,camera-guided stationary obstacle avoidance,71.200,-0.555000,0.576500,0,0,0,,,NONE,0.000000,0.000000,1.700000,3.900000
37.664,AVOID,camera-guided stationary obstacle avoidance,62.200,-0.611250,0.576500,0,0,0,,,NONE,0.000000,0.000000,1.700000,3.900000
37.696,AVOID,camera-guided stationary obstacle avoidance,52.200,-0.673750,0.576500,0,0,0,,,NONE,0.000000,0.000000,1.700000,3.900000
37.728,AVOID,camera-guided stationary obstacle avoidance,130.500,-0.184375,0.750000,0,0,0,,,NONE,0.000000,0.000000,1.700000,3.900000
37.760,AVOID,camera-guided stationary obstacle avoidance,133.500,-0.165625,0.750000,0,0,0,,,NONE,0.000000,0.000000,1.700000,3.900000
37.792,AVOID,camera-guided stationary obstacle avoidance,131.500,-0.178125,0.750000,0,0,0,,,NONE,0.000000,0.000000,1.700000,3.900000
37.824,AVOID,camera-guided stationary obstacle avoidance,130.500,-0.184375,0.750000,0,0,0,,,NONE,0.000000,0.000000,1.700000,3.900000
37.856,AVOID,camera-guided stationary obstacle avoidance,130.500,-0.184375,0.750000,0,0,0,,,NONE,0.000000,0.000000,1.700000,3.900000
37.888,AVOID,camera-guided stationary obstacle avoidance,129.500,-0.190625,0.750000,0,0,0,,,NONE,0.000000,0.000000,1.700000,3.900000
37.920,AVOID,camera-guided stationary obstacle avoidance,131.000,-0.181250,0.750000,0,0,0,,,NONE,0.000000,0.000000,1.700000,3.900000
37.952,AVOID,camera-guided stationary obstacle avoidance,132.250,-0.173437,0.750000,0,0,0,,,NONE,0.000000,0.000000,1.700000,3.900000
37.984,AVOID,camera-guided stationary obstacle avoidance,133.500,-0.165625,0.750000,0,0,0,,,NONE,0.000000,0.000000,1.700000,3.900000
38.016,AVOID,camera-guided stationary obstacle avoidance,134.000,-0.162500,0.750000,0,0,0,,,NONE,0.000000,0.000000,1.700000,3.900000
38.048,AVOID,camera-guided stationary obstacle avoidance,135.500,-0.153125,0.750000,0,0,0,,,NONE,0.000000,0.000000,1.700000,3.900000
38.080,AVOID,camera-guided stationary obstacle avoidance,136.500,-0.146875,0.750000,0,0,0,,,NONE,0.000000,0.000000,1.700000,3.900000
38.112,AVOID,camera-guided stationary obstacle avoidance,137.500,-0.140625,0.750000,0,0,0,,,NONE,0.000000,0.000000,1.700000,3.900000
38.144,AVOID,camera-guided stationary obstacle avoidance,138.000,-0.137500,0.750000,0,0,0,,,NONE,0.000000,0.000000,1.700000,3.900000
38.176,AVOID,camera-guided stationary obstacle avoidance,139.000,-0.131250,0.750000,0,0,0,,,NONE,0.000000,0.000000,1.700000,3.900000
38.208,AVOID,camera-guided stationary obstacle avoidance,140.000,-0.125000,0.750000,0,0,0,,,NONE,0.000000,0.000000,1.700000,3.900000
38.240,AVOID,camera-guided stationary obstacle avoidance,141.500,-0.115625,0.750000,0,0,0,,,NONE,0.000000,0.000000,1.700000,3.900000
38.272,AVOID,camera-guided stationary obstacle avoidance,60.200,-0.623750,0.576500,0,0,0,,,NONE,0.000000,0.000000,1.700000,3.900000
38.304,AVOID,camera-guided stationary obstacle avoidance,62.200,-0.611250,0.576500,0,0,0,,,NONE,0.000000,0.000000,1.700000,3.900000
38.336,AVOID,camera-guided stationary obstacle avoidance,64.200,-0.598750,0.576500,0,0,0,,,NONE,0.000000,0.000000,1.700000,3.900000
38.368,AVOID,camera-guided stationary obstacle avoidance,67.200,-0.580000,0.576500,0,0,0,,,NONE,0.000000,0.000000,1.700000,3.900000
38.400,AVOID,camera-guided stationary obstacle avoidance,70.200,-0.561250,0.576500,0,0,0,,,NONE,0.000000,0.000000,1.700000,3.900000
38.432,AVOID,camera-guided stationary obstacle avoidance,73.200,-0.542500,0.576500,0,0,0,,,NONE,0.000000,0.000000,1.700000,3.900000
38.464,AVOID,camera-guided stationary obstacle avoidance,76.200,-0.523750,0.576500,0,0,0,,,NONE,0.000000,0.000000,1.700000,3.900000
38.496,AVOID,camera-guided stationary obstacle avoidance,80.200,-0.498750,0.576500,0,0,0,,,NONE,0.000000,0.000000,1.700000,3.900000
38.528,AVOID,camera-guided stationary obstacle avoidance,84.200,-0.473750,0.576500,0,0,0,,,NONE,0.000000,0.000000,1.700000,3.900000
38.560,AVOID,camera-guided stationary obstacle avoidance,88.200,-0.448750,0.576500,0,0,0,,,NONE,0.000000,0.000000,1.700000,3.900000
38.592,AVOID,camera-guided stationary obstacle avoidance,94.200,-0.411250,0.576500,0,0,0,,,NONE,0.000000,0.000000,1.700000,3.900000
38.624,AVOID,camera-guided stationary obstacle avoidance,98.200,-0.386250,0.576500,0,0,0,,,NONE,0.000000,0.000000,1.700000,3.900000
38.656,AVOID,camera-guided stationary obstacle avoidance,102.200,-0.361250,0.576500,0,0,0,,,NONE,0.000000,0.000000,1.700000,3.900000
38.688,AVOID,camera-guided stationary obstacle avoidance,101.200,-0.367500,0.576500,0,0,0,,,NONE,0.000000,0.000000,1.700000,3.900000
38.720,AVOID,camera-guided stationary obstacle avoidance,100.200,-0.373750,0.576500,0,0,0,,,NONE,0.000000,0.000000,1.700000,3.900000
38.752,AVOID,camera-guided stationary obstacle avoidance,102.200,-0.361250,0.576500,0,0,0,,,NONE,0.000000,0.000000,1.700000,3.900000
38.784,AVOID,camera-guided stationary obstacle avoidance,114.500,-0.284375,0.912642,0,0,0,,,NONE,0.000000,0.000000,1.700000,3.900000
38.816,AVOID,camera-guided stationary obstacle avoidance,117.000,-0.268750,0.894886,0,0,0,,,NONE,0.000000,0.000000,1.700000,3.900000
38.848,AVOID,camera-guided stationary obstacle avoidance,120.500,-0.246875,0.870028,0,0,0,,,NONE,0.000000,0.000000,1.700000,3.900000
38.880,REJOIN,confirming lane reacquisition,131.500,-0.178125,0.791903,0,0,0,,,NONE,0.000000,0.000000,0.929573,4.670426
38.912,REJOIN,confirming lane reacquisition,144.500,-0.096875,0.750000,0,0,0,,,NONE,0.000000,0.000000,2.227949,3.372051
38.944,REJOIN,confirming lane reacquisition,148.000,-0.075000,0.750000,0,0,0,,,NONE,0.000000,0.000000,2.254463,3.345536
38.976,REJOIN,confirming lane reacquisition,150.500,-0.059375,0.750000,0,0,0,,,NONE,0.000000,0.000000,2.363800,3.236199
39.008,FOLLOW_LANE,lane reacquired,152.000,-0.050000,0.750000,0,0,0,,,NONE,0.000000,0.000000,2.423143,3.176856
39.040,FOLLOW_LANE,camera lane following,153.000,-0.043750,0.750000,0,0,0,,,NONE,0.000000,0.000000,4.265303,4.934697
39.072,FOLLOW_LANE,camera lane following,154.500,-0.034375,0.750000,0,0,0,,,NONE,0.000000,0.000000,4.348093,4.851907
39.104,FOLLOW_LANE,camera lane following,155.000,-0.031250,0.750000,0,0,0,,,NONE,0.000000,0.000000,4.357448,4.842551
39.136,FOLLOW_LANE,camera lane following,156.000,-0.025000,0.750000,0,0,0,,,NONE,0.000000,0.000000,4.415245,4.784755
39.168,FOLLOW_LANE,camera lane following,156.500,-0.021875,0.750000,0,0,0,,,NONE,0.000000,0.000000,4.432418,4.767581
39.200,FOLLOW_LANE,camera lane following,157.000,-0.018750,0.750000,0,0,0,,,NONE,0.000000,0.000000,4.457406,4.742593
39.232,FOLLOW_LANE,camera lane following,157.000,-0.018750,0.750000,0,0,0,,,NONE,0.000000,0.000000,4.449582,4.750418
39.264,FOLLOW_LANE,camera lane following,158.000,-0.012500,0.750000,0,0,0,,,NONE,0.000000,0.000000,4.515199,4.684801
39.296,FOLLOW_LANE,camera lane following,158.000,-0.012500,0.750000,0,0,0,,,NONE,0.000000,0.000000,4.499566,4.700434
39.328,FOLLOW_LANE,camera lane following,158.500,-0.009375,0.750000,0,0,0,,,NONE,0.000000,0.000000,4.532372,4.667628
39.360,FOLLOW_LANE,camera lane following,158.500,-0.009375,0.750000,0,0,0,,,NONE,0.000000,0.000000,4.524554,4.675446
39.392,FOLLOW_LANE,camera lane following,159.000,-0.006250,0.750000,0,0,0,,,NONE,0.000000,0.000000,4.557362,4.642637
39.424,FOLLOW_LANE,camera lane following,159.000,-0.006250,0.750000,0,0,0,,,NONE,0.000000,0.000000,4.549546,4.650454
39.456,FOLLOW_LANE,camera lane following,159.500,-0.003125,0.750000,0,0,0,,,NONE,0.000000,0.000000,4.615171,4.584829
39.488,FOLLOW_LANE,camera lane following,160.000,0.000000,0.750000,0,0,0,,,NONE,0.000000,0.000000,4.599546,4.600454
39.520,FOLLOW_LANE,camera lane following,160.000,0.000000,0.750000,0,0,0,,,NONE,0.000000,0.000000,4.599546,4.600454
39.552,FOLLOW_LANE,camera lane following,160.000,0.000000,0.750000,0,0,0,,,NONE,0.000000,0.000000,4.599546,4.600454
39.584,FOLLOW_LANE,camera lane following,160.500,0.003125,0.750000,0,0,0,,,NONE,0.000000,0.000000,4.599546,4.600454
39.616,FOLLOW_LANE,camera lane following,160.500,0.003125,0.750000,0,0,0,,,NONE,0.000000,0.000000,4.599546,4.600454
39.648,FOLLOW_LANE,camera lane following,161.500,0.009375,0.750000,0,0,0,,,NONE,0.000000,0.000000,4.697989,4.502010
39.680,FOLLOW_LANE,camera lane following,161.500,0.009375,0.750000,0,0,0,,,NONE,0.000000,0.000000,4.674558,4.525442
39.712,FOLLOW_LANE,camera lane following,162.000,0.012500,0.750000,0,0,0,,,NONE,0.000000,0.000000,4.707378,4.492621
39.744,FOLLOW_LANE,camera lane following,162.500,0.015625,0.750000,0,0,0,,,NONE,0.000000,0.000000,4.732388,4.467611
39.776,FOLLOW_LANE,camera lane following,163.000,0.018750,0.750000,0,0,0,,,NONE,0.000000,0.000000,4.757400,4.442600
39.808,FOLLOW_LANE,camera lane following,164.000,0.025000,0.750000,0,0,0,,,NONE,0.000000,0.000000,4.815229,4.384771
39.840,FOLLOW_LANE,camera lane following,165.000,0.031250,0.750000,0,0,0,,,NONE,0.000000,0.000000,4.865249,4.334751
39.872,FOLLOW_LANE,camera lane following,165.500,0.034375,0.750000,0,0,0,,,NONE,0.000000,0.000000,4.882458,4.317541
39.904,FOLLOW_LANE,camera lane following,166.500,0.040625,0.750000,0,0,0,,,NONE,0.000000,0.000000,4.940297,4.259703
39.936,FOLLOW_LANE,camera lane following,167.500,0.046875,0.750000,0,0,0,,,NONE,0.000000,0.000000,4.990327,4.209673
39.968,FOLLOW_LANE,camera lane following,169.000,0.056250,0.750000,0,0,0,,,NONE,0.000000,0.000000,5.073175,4.126824
40.000,FOLLOW_LANE,camera lane following,169.000,0.056250,0.750000,0,0,0,,,NONE,0.000000,0.000000,5.049774,4.150226
40.032,FOLLOW_LANE,camera lane following,170.000,0.062500,0.750000,0,0,0,,,NONE,0.000000,0.000000,5.115439,4.084561
40.064,FOLLOW_LANE,camera lane following,170.500,0.065625,0.750000,0,0,0,,,NONE,0.000000,0.000000,5.132668,4.067331
40.096,FOLLOW_LANE,camera lane following,170.500,0.065625,0.750000,0,0,0,,,NONE,0.000000,0.000000,5.124898,4.075102
40.128,FOLLOW_LANE,camera lane following,171.000,0.068750,0.750000,0,0,0,,,NONE,0.000000,0.000000,5.157754,4.042245
40.160,FOLLOW_LANE,camera lane following,170.500,0.065625,0.750000,0,0,0,,,NONE,0.000000,0.000000,5.117171,4.082828
40.192,FOLLOW_LANE,camera lane following,170.500,0.065625,0.750000,0,0,0,,,NONE,0.000000,0.000000,5.125026,4.074974
40.224,FOLLOW_LANE,camera lane following,170.000,0.062500,0.750000,0,0,0,,,NONE,0.000000,0.000000,5.092253,4.107746
40.256,FOLLOW_LANE,camera lane following,169.500,0.059375,0.750000,0,0,0,,,NONE,0.000000,0.000000,5.067291,4.132708
40.288,FOLLOW_LANE,camera lane following,169.500,0.059375,0.750000,0,0,0,,,NONE,0.000000,0.000000,5.075142,4.124858
40.320,FOLLOW_LANE,camera lane following,169.000,0.056250,0.750000,0,0,0,,,NONE,0.000000,0.000000,5.042365,4.157634
40.352,FOLLOW_LANE,camera lane following,168.500,0.053125,0.750000,0,0,0,,,NONE,0.000000,0.000000,5.017399,4.182600
40.384,FOLLOW_LANE,camera lane following,168.000,0.050000,0.750000,0,0,0,,,NONE,0.000000,0.000000,4.992431,4.207568
40.416,FOLLOW_LANE,camera lane following,167.500,0.046875,0.750000,0,0,0,,,NONE,0.000000,0.000000,4.967461,4.232538
40.448,FOLLOW_LANE,camera lane following,167.000,0.043750,0.750000,0,0,0,,,NONE,0.000000,0.000000,4.942489,4.257510
40.480,FOLLOW_LANE,camera lane following,166.500,0.040625,0.750000,0,0,0,,,NONE,0.000000,0.000000,4.917515,4.282484
40.512,FOLLOW_LANE,camera lane following,166.000,0.037500,0.750000,0,0,0,,,NONE,0.000000,0.000000,4.892539,4.307460
40.544,FOLLOW_LANE,camera lane following,165.500,0.034375,0.750000,0,0,0,,,NONE,0.000000,0.000000,4.867561,4.332438
40.576,FOLLOW_LANE,camera lane following,165.500,0.034375,0.750000,0,0,0,,,NONE,0.000000,0.000000,4.875396,4.324604
40.608,FOLLOW_LANE,camera lane following,165.000,0.031250,0.750000,0,0,0,,,NONE,0.000000,0.000000,4.842604,4.357396
40.640,FOLLOW_LANE,camera lane following,164.500,0.028125,0.750000,0,0,0,,,NONE,0.000000,0.000000,4.817621,4.382378
40.672,FOLLOW_LANE,camera lane following,164.500,0.028125,0.750000,0,0,0,,,NONE,0.000000,0.000000,4.825452,4.374548
40.704,FOLLOW_LANE,camera lane following,164.000,0.025000,0.750000,0,0,0,,,NONE,0.000000,0.000000,4.792655,4.407344
40.736,FOLLOW_LANE,camera lane following,164.000,0.025000,0.750000,0,0,0,,,NONE,0.000000,0.000000,4.800484,4.399516
40.768,FOLLOW_LANE,camera lane following,163.500,0.021875,0.750000,0,0,0,,,NONE,0.000000,0.000000,4.767685,4.432314
40.800,FOLLOW_LANE,camera lane following,163.500,0.021875,0.750000,0,0,0,,,NONE,0.000000,0.000000,4.775512,4.424488
40.832,FOLLOW_LANE,camera lane following,163.000,0.018750,0.750000,0,0,0,,,NONE,0.000000,0.000000,4.742711,4.457288
40.864,FOLLOW_LANE,camera lane following,163.000,0.018750,0.750000,0,0,0,,,NONE,0.000000,0.000000,4.750536,4.449464
40.896,FOLLOW_LANE,camera lane following,163.000,0.018750,0.750000,0,0,0,,,NONE,0.000000,0.000000,4.750548,4.449452
40.928,FOLLOW_LANE,camera lane following,162.500,0.015625,0.750000,0,0,0,,,NONE,0.000000,0.000000,4.717745,4.482254
40.960,FOLLOW_LANE,camera lane following,162.000,0.012500,0.750000,0,0,0,,,NONE,0.000000,0.000000,4.692753,4.507246
40.992,FOLLOW_LANE,camera lane following,162.000,0.012500,0.750000,0,0,0,,,NONE,0.000000,0.000000,4.700574,4.499426
41.024,FOLLOW_LANE,camera lane following,161.500,0.009375,0.750000,0,0,0,,,NONE,0.000000,0.000000,4.667768,4.532232
41.056,FOLLOW_LANE,camera lane following,161.500,0.009375,0.750000,0,0,0,,,NONE,0.000000,0.000000,4.675586,4.524414
41.088,FOLLOW_LANE,camera lane following,161.500,0.009375,0.750000,0,0,0,,,NONE,0.000000,0.000000,4.675592,4.524408
41.120,FOLLOW_LANE,camera lane following,161.500,0.009375,0.750000,0,0,0,,,NONE,0.000000,0.000000,4.675598,4.524402
41.152,FOLLOW_LANE,camera lane following,161.000,0.006250,0.750000,0,0,0,,,NONE,0.000000,0.000000,4.642789,4.557211
41.184,FOLLOW_LANE,camera lane following,161.000,0.006250,0.750000,0,0,0,,,NONE,0.000000,0.000000,4.650606,4.549394
41.216,FOLLOW_LANE,camera lane following,161.000,0.006250,0.750000,0,0,0,,,NONE,0.000000,0.000000,4.650610,4.549390
41.248,FOLLOW_LANE,camera lane following,161.000,0.006250,0.750000,0,0,0,,,NONE,0.000000,0.000000,4.650614,4.549386
41.280,FOLLOW_LANE,camera lane following,161.000,0.006250,0.750000,0,0,0,,,NONE,0.000000,0.000000,4.650618,4.549382
41.312,FOLLOW_LANE,camera lane following,160.500,0.003125,0.750000,0,0,0,,,NONE,0.000000,0.000000,4.584993,4.615007
41.344,FOLLOW_LANE,camera lane following,160.500,0.003125,0.750000,0,0,0,,,NONE,0.000000,0.000000,4.600618,4.599382
41.376,FOLLOW_LANE,camera lane following,160.500,0.003125,0.750000,0,0,0,,,NONE,0.000000,0.000000,4.600618,4.599382
41.408,FOLLOW_LANE,camera lane following,160.500,0.003125,0.750000,0,0,0,,,NONE,0.000000,0.000000,4.600618,4.599382
41.440,FOLLOW_LANE,camera lane following,160.500,0.003125,0.750000,0,0,0,,,NONE,0.000000,0.000000,4.600618,4.599382
41.472,FOLLOW_LANE,camera lane following,160.500,0.003125,0.750000,0,0,0,,,NONE,0.000000,0.000000,4.600618,4.599382
41.504,FOLLOW_LANE,camera lane following,160.500,0.003125,0.750000,0,0,0,,,NONE,0.000000,0.000000,4.600618,4.599382
41.536,FOLLOW_LANE,camera lane following,160.000,0.000000,0.750000,0,0,0,,,NONE,0.000000,0.000000,4.600618,4.599382
41.568,FOLLOW_LANE,camera lane following,159.500,-0.003125,0.750000,0,0,0,,,NONE,0.000000,0.000000,4.600618,4.599382
41.600,FOLLOW_LANE,camera lane following,159.500,-0.003125,0.750000,0,0,0,,,NONE,0.000000,0.000000,4.600618,4.599382
41.632,FOLLOW_LANE,camera lane following,159.500,-0.003125,0.750000,0,0,0,,,NONE,0.000000,0.000000,4.600618,4.599382
41.664,FOLLOW_LANE,camera lane following,159.500,-0.003125,0.750000,0,0,0,,,NONE,0.000000,0.000000,4.600618,4.599382
41.696,FOLLOW_LANE,camera lane following,159.500,-0.003125,0.750000,0,0,0,,,NONE,0.000000,0.000000,4.600618,4.599382
41.728,FOLLOW_LANE,camera lane following,159.500,-0.003125,0.750000,0,0,0,,,NONE,0.000000,0.000000,4.600618,4.599382
41.760,FOLLOW_LANE,camera lane following,159.500,-0.003125,0.750000,0,0,0,,,NONE,0.000000,0.000000,4.600618,4.599382
41.792,FOLLOW_LANE,camera lane following,159.500,-0.003125,0.750000,0,0,0,,,NONE,0.000000,0.000000,4.600618,4.599382
41.824,FOLLOW_LANE,camera lane following,159.500,-0.003125,0.750000,0,0,0,,,NONE,0.000000,0.000000,4.600618,4.599382
41.856,FOLLOW_LANE,camera lane following,159.000,-0.006250,0.750000,0,0,0,,,NONE,0.000000,0.000000,4.534989,4.665011
41.888,FOLLOW_LANE,camera lane following,159.000,-0.006250,0.750000,0,0,0,,,NONE,0.000000,0.000000,4.550610,4.649390
41.920,FOLLOW_LANE,camera lane following,158.500,-0.009375,0.750000,0,0,0,,,NONE,0.000000,0.000000,4.517791,4.682208
41.952,FOLLOW_LANE,camera lane following,158.500,-0.009375,0.750000,0,0,0,,,NONE,0.000000,0.000000,4.525598,4.674402
41.984,FOLLOW_LANE,camera lane following,158.500,-0.009375,0.750000,0,0,0,,,NONE,0.000000,0.000000,4.525592,4.674408
42.016,FOLLOW_LANE,camera lane following,158.500,-0.009375,0.750000,0,0,0,,,NONE,0.000000,0.000000,4.525586,4.674414
42.048,FOLLOW_LANE,camera lane following,158.500,-0.009375,0.750000,0,0,0,,,NONE,0.000000,0.000000,4.525580,4.674420
42.080,FOLLOW_LANE,camera lane following,158.500,-0.009375,0.750000,0,0,0,,,NONE,0.000000,0.000000,4.525574,4.674426
42.112,FOLLOW_LANE,camera lane following,158.500,-0.009375,0.750000,0,0,0,,,NONE,0.000000,0.000000,4.525568,4.674432
42.144,FOLLOW_LANE,camera lane following,158.500,-0.009375,0.750000,0,0,0,,,NONE,0.000000,0.000000,4.525562,4.674438
42.176,FOLLOW_LANE,camera lane following,158.500,-0.009375,0.750000,0,0,0,,,NONE,0.000000,0.000000,4.525556,4.674444
42.208,FOLLOW_LANE,camera lane following,158.000,-0.012500,0.750000,0,0,0,,,NONE,0.000000,0.000000,4.492735,4.707264
42.240,FOLLOW_LANE,camera lane following,158.000,-0.012500,0.750000,0,0,0,,,NONE,0.000000,0.000000,4.500540,4.699460
42.272,FOLLOW_LANE,camera lane following,158.000,-0.012500,0.750000,0,0,0,,,NONE,0.000000,0.000000,4.500532,4.699468
42.304,FOLLOW_LANE,camera lane following,158.000,-0.012500,0.750000,0,0,0,,,NONE,0.000000,0.000000,4.500524,4.699476
42.336,FOLLOW_LANE,camera lane following,158.000,-0.012500,0.750000,0,0,0,,,NONE,0.000000,0.000000,4.500516,4.699484
42.368,FOLLOW_LANE,camera lane following,158.000,-0.012500,0.750000,0,0,0,,,NONE,0.000000,0.000000,4.500508,4.699492
42.400,FOLLOW_LANE,camera lane following,158.000,-0.012500,0.750000,0,0,0,,,NONE,0.000000,0.000000,4.500500,4.699500
42.432,FOLLOW_LANE,camera lane following,158.000,-0.012500,0.750000,0,0,0,,,NONE,0.000000,0.000000,4.500492,4.699508
42.464,FOLLOW_LANE,camera lane following,158.000,-0.012500,0.750000,0,0,0,,,NONE,0.000000,0.000000,4.500484,4.699516
42.496,FOLLOW_LANE,camera lane following,158.000,-0.012500,0.750000,0,0,0,,,NONE,0.000000,0.000000,4.500476,4.699524
42.528,FOLLOW_LANE,camera lane following,158.000,-0.012500,0.750000,0,0,0,,,NONE,0.000000,0.000000,4.500468,4.699532
42.560,FOLLOW_LANE,camera lane following,158.000,-0.012500,0.750000,0,0,0,,,NONE,0.000000,0.000000,4.500460,4.699540
42.592,FOLLOW_LANE,camera lane following,157.500,-0.015625,0.750000,0,0,0,,,NONE,0.000000,0.000000,4.467637,4.732362
42.624,FOLLOW_LANE,camera lane following,157.500,-0.015625,0.750000,0,0,0,,,NONE,0.000000,0.000000,4.475440,4.724560
42.656,FOLLOW_LANE,camera lane following,157.500,-0.015625,0.750000,0,0,0,,,NONE,0.000000,0.000000,4.475430,4.724570
42.688,FOLLOW_LANE,camera lane following,157.500,-0.015625,0.750000,0,0,0,,,NONE,0.000000,0.000000,4.475420,4.724580
42.720,FOLLOW_LANE,camera lane following,157.500,-0.015625,0.750000,0,0,0,,,NONE,0.000000,0.000000,4.475410,4.724590
42.752,FOLLOW_LANE,camera lane following,158.000,-0.012500,0.750000,0,0,0,,,NONE,0.000000,0.000000,4.508214,4.691785
42.784,FOLLOW_LANE,camera lane following,158.000,-0.012500,0.750000,0,0,0,,,NONE,0.000000,0.000000,4.500394,4.699606
42.816,FOLLOW_LANE,camera lane following,158.000,-0.012500,0.750000,0,0,0,,,NONE,0.000000,0.000000,4.500386,4.699614
42.848,FOLLOW_LANE,camera lane following,158.000,-0.012500,0.750000,0,0,0,,,NONE,0.000000,0.000000,4.500378,4.699622
42.880,FOLLOW_LANE,camera lane following,158.000,-0.012500,0.750000,0,0,0,,,NONE,0.000000,0.000000,4.500370,4.699630
42.912,FOLLOW_LANE,camera lane following,158.000,-0.012500,0.750000,0,0,0,,,NONE,0.000000,0.000000,4.500362,4.699638
42.944,FOLLOW_LANE,camera lane following,158.000,-0.012500,0.750000,0,0,0,,,NONE,0.000000,0.000000,4.500354,4.699646
42.976,FOLLOW_LANE,camera lane following,158.000,-0.012500,0.750000,0,0,0,,,NONE,0.000000,0.000000,4.500346,4.699654
43.008,FOLLOW_LANE,camera lane following,158.000,-0.012500,0.750000,0,0,0,,,NONE,0.000000,0.000000,4.500338,4.699662
43.040,FOLLOW_LANE,camera lane following,158.000,-0.012500,0.750000,0,0,0,,,NONE,0.000000,0.000000,4.500330,4.699670
43.072,FOLLOW_LANE,camera lane following,158.000,-0.012500,0.750000,0,0,0,,,NONE,0.000000,0.000000,4.500322,4.699678
43.104,FOLLOW_LANE,camera lane following,158.000,-0.012500,0.750000,0,0,0,,,NONE,0.000000,0.000000,4.500314,4.699686
43.136,FOLLOW_LANE,camera lane following,158.000,-0.012500,0.750000,0,0,0,,,NONE,0.000000,0.000000,4.500306,4.699694
43.168,FOLLOW_LANE,camera lane following,158.000,-0.012500,0.750000,0,0,0,,,NONE,0.000000,0.000000,4.500298,4.699702
43.200,FOLLOW_LANE,camera lane following,158.000,-0.012500,0.750000,0,0,0,,,NONE,0.000000,0.000000,4.500290,4.699710
43.232,FOLLOW_LANE,camera lane following,158.000,-0.012500,0.750000,0,0,0,,,NONE,0.000000,0.000000,4.500282,4.699718
43.264,FOLLOW_LANE,camera lane following,158.000,-0.012500,0.750000,0,0,0,,,NONE,0.000000,0.000000,4.500274,4.699726
43.296,FOLLOW_LANE,camera lane following,158.000,-0.012500,0.750000,0,0,0,,,NONE,0.000000,0.000000,4.500266,4.699734
43.328,FOLLOW_LANE,camera lane following,158.000,-0.012500,0.750000,0,0,0,,,NONE,0.000000,0.000000,4.500258,4.699742
43.360,FOLLOW_LANE,camera lane following,158.000,-0.012500,0.750000,0,0,0,,,NONE,0.000000,0.000000,4.500250,4.699750
43.392,FOLLOW_LANE,camera lane following,158.000,-0.012500,0.750000,0,0,0,,,NONE,0.000000,0.000000,4.500242,4.699758
43.424,FOLLOW_LANE,camera lane following,158.000,-0.012500,0.750000,0,0,0,,,NONE,0.000000,0.000000,4.500234,4.699766
43.456,FOLLOW_LANE,camera lane following,158.500,-0.009375,0.750000,0,0,0,,,NONE,0.000000,0.000000,4.533040,4.666959
43.488,FOLLOW_LANE,camera lane following,158.500,-0.009375,0.750000,0,0,0,,,NONE,0.000000,0.000000,4.525222,4.674778
43.520,FOLLOW_LANE,camera lane following,158.500,-0.009375,0.750000,0,0,0,,,NONE,0.000000,0.000000,4.525216,4.674784
43.552,FOLLOW_LANE,camera lane following,158.500,-0.009375,0.750000,0,0,0,,,NONE,0.000000,0.000000,4.525210,4.674790
43.584,FOLLOW_LANE,camera lane following,158.500,-0.009375,0.750000,0,0,0,,,NONE,0.000000,0.000000,4.525204,4.674796
43.616,FOLLOW_LANE,camera lane following,158.500,-0.009375,0.750000,0,0,0,,,NONE,0.000000,0.000000,4.525198,4.674802
43.648,FOLLOW_LANE,camera lane following,158.500,-0.009375,0.750000,0,0,0,,,NONE,0.000000,0.000000,4.525192,4.674808
43.680,FOLLOW_LANE,camera lane following,158.500,-0.009375,0.750000,0,0,0,,,NONE,0.000000,0.000000,4.525186,4.674814
43.712,FOLLOW_LANE,camera lane following,158.500,-0.009375,0.750000,0,0,0,,,NONE,0.000000,0.000000,4.525180,4.674820
43.744,FOLLOW_LANE,camera lane following,158.500,-0.009375,0.750000,0,0,0,,,NONE,0.000000,0.000000,4.525174,4.674826
43.776,FOLLOW_LANE,camera lane following,159.500,-0.003125,0.750000,0,0,0,,,NONE,0.000000,0.000000,4.623611,4.576388
43.808,FOLLOW_LANE,camera lane following,159.500,-0.003125,0.750000,0,0,0,,,NONE,0.000000,0.000000,4.600174,4.599826
43.840,FOLLOW_LANE,camera lane following,159.500,-0.003125,0.750000,0,0,0,,,NONE,0.000000,0.000000,4.600174,4.599826
43.872,FOLLOW_LANE,camera lane following,159.500,-0.003125,0.750000,0,0,0,,,NONE,0.000000,0.000000,4.600174,4.599826
43.904,FOLLOW_LANE,camera lane following,159.500,-0.003125,0.750000,0,0,0,,,NONE,0.000000,0.000000,4.600174,4.599826
43.936,FOLLOW_LANE,camera lane following,159.500,-0.003125,0.750000,0,0,0,,,NONE,0.000000,0.000000,4.600174,4.599826
43.968,FOLLOW_LANE,camera lane following,159.500,-0.003125,0.750000,0,0,0,,,NONE,0.000000,0.000000,4.600174,4.599826
44.000,FOLLOW_LANE,camera lane following,159.500,-0.003125,0.750000,0,0,0,,,NONE,0.000000,0.000000,4.600174,4.599826
44.032,FOLLOW_LANE,camera lane following,159.500,-0.003125,0.750000,0,0,0,,,NONE,0.000000,0.000000,4.600174,4.599826
44.064,FOLLOW_LANE,camera lane following,159.500,-0.003125,0.750000,0,0,0,,,NONE,0.000000,0.000000,4.600174,4.599826
44.096,FOLLOW_LANE,camera lane following,159.500,-0.003125,0.750000,0,0,0,,,NONE,0.000000,0.000000,4.600174,4.599826
44.128,FOLLOW_LANE,camera lane following,159.500,-0.003125,0.750000,0,0,0,,,NONE,0.000000,0.000000,4.600174,4.599826
44.160,FOLLOW_LANE,camera lane following,159.500,-0.003125,0.750000,0,0,0,,,NONE,0.000000,0.000000,4.600174,4.599826
44.192,FOLLOW_LANE,camera lane following,159.500,-0.003125,0.750000,0,0,0,,,NONE,0.000000,0.000000,4.600174,4.599826
44.224,FOLLOW_LANE,camera lane following,160.000,0.000000,0.750000,0,0,0,,,NONE,0.000000,0.000000,4.600174,4.599826
44.256,FOLLOW_LANE,camera lane following,160.000,0.000000,0.750000,0,0,0,,,NONE,0.000000,0.000000,4.600174,4.599826
44.288,FOLLOW_LANE,camera lane following,160.000,0.000000,0.750000,0,0,0,,,NONE,0.000000,0.000000,4.600174,4.599826
44.320,FOLLOW_LANE,camera lane following,160.000,0.000000,0.750000,0,0,0,,,NONE,0.000000,0.000000,4.600174,4.599826
44.352,FOLLOW_LANE,camera lane following,160.500,0.003125,0.750000,0,0,0,,,NONE,0.000000,0.000000,4.600174,4.599826
44.384,FOLLOW_LANE,camera lane following,160.500,0.003125,0.750000,0,0,0,,,NONE,0.000000,0.000000,4.600174,4.599826
44.416,FOLLOW_LANE,camera lane following,160.500,0.003125,0.750000,0,0,0,,,NONE,0.000000,0.000000,4.600174,4.599826
44.448,FOLLOW_LANE,camera lane following,160.500,0.003125,0.750000,0,0,0,,,NONE,0.000000,0.000000,4.600174,4.599826
44.480,FOLLOW_LANE,camera lane following,160.500,0.003125,0.750000,0,0,0,,,NONE,0.000000,0.000000,4.600174,4.599826
44.512,FOLLOW_LANE,camera lane following,160.500,0.003125,0.750000,0,0,0,,,NONE,0.000000,0.000000,4.600174,4.599826
44.544,FOLLOW_LANE,camera lane following,160.500,0.003125,0.750000,0,0,0,,,NONE,0.000000,0.000000,4.600174,4.599826
44.576,FOLLOW_LANE,camera lane following,160.500,0.003125,0.750000,0,0,0,,,NONE,0.000000,0.000000,4.600174,4.599826
44.608,FOLLOW_LANE,camera lane following,161.000,0.006250,0.750000,0,0,0,,,NONE,0.000000,0.000000,4.665803,4.534197
44.640,FOLLOW_LANE,camera lane following,161.000,0.006250,0.750000,0,0,0,,,NONE,0.000000,0.000000,4.650182,4.549818
44.672,FOLLOW_LANE,camera lane following,161.000,0.006250,0.750000,0,0,0,,,NONE,0.000000,0.000000,4.650186,4.549814
44.704,FOLLOW_LANE,camera lane following,161.000,0.006250,0.750000,0,0,0,,,NONE,0.000000,0.000000,4.650190,4.549810
44.736,FOLLOW_LANE,camera lane following,161.000,0.006250,0.750000,0,0,0,,,NONE,0.000000,0.000000,4.650194,4.549806
44.768,FOLLOW_LANE,camera lane following,161.000,0.006250,0.750000,0,0,0,,,NONE,0.000000,0.000000,4.650198,4.549802
44.800,FOLLOW_LANE,camera lane following,161.000,0.006250,0.750000,0,0,0,,,NONE,0.000000,0.000000,4.650202,4.549798
44.832,FOLLOW_LANE,camera lane following,161.000,0.006250,0.750000,0,0,0,,,NONE,0.000000,0.000000,4.650206,4.549794
44.864,FOLLOW_LANE,camera lane following,161.000,0.006250,0.750000,0,0,0,,,NONE,0.000000,0.000000,4.650210,4.549790
44.896,FOLLOW_LANE,camera lane following,161.000,0.006250,0.750000,0,0,0,,,NONE,0.000000,0.000000,4.650214,4.549786
44.928,FOLLOW_LANE,camera lane following,161.500,0.009375,0.750000,0,0,0,,,NONE,0.000000,0.000000,4.683032,4.516967
44.960,FOLLOW_LANE,camera lane following,161.500,0.009375,0.750000,0,0,0,,,NONE,0.000000,0.000000,4.675226,4.524774
44.992,FOLLOW_LANE,camera lane following,161.500,0.009375,0.750000,0,0,0,,,NONE,0.000000,0.000000,4.675232,4.524768
45.024,FOLLOW_LANE,camera lane following,161.500,0.009375,0.750000,0,0,0,,,NONE,0.000000,0.000000,4.675238,4.524762
45.056,FOLLOW_LANE,camera lane following,161.500,0.009375,0.750000,0,0,0,,,NONE,0.000000,0.000000,4.675244,4.524756
45.088,FOLLOW_LANE,camera lane following,161.500,0.009375,0.750000,0,0,0,,,NONE,0.000000,0.000000,4.675250,4.524750
45.120,FOLLOW_LANE,camera lane following,161.500,0.009375,0.750000,0,0,0,,,NONE,0.000000,0.000000,4.675256,4.524744
45.152,FOLLOW_LANE,camera lane following,161.500,0.009375,0.750000,0,0,0,,,NONE,0.000000,0.000000,4.675262,4.524738
45.184,FOLLOW_LANE,camera lane following,161.500,0.009375,0.750000,0,0,0,,,NONE,0.000000,0.000000,4.675268,4.524732
45.216,FOLLOW_LANE,camera lane following,161.500,0.009375,0.750000,0,0,0,,,NONE,0.000000,0.000000,4.675274,4.524726
45.248,FOLLOW_LANE,camera lane following,161.500,0.009375,0.750000,0,0,0,,,NONE,0.000000,0.000000,4.675280,4.524720
45.280,FOLLOW_LANE,camera lane following,161.500,0.009375,0.750000,0,0,0,,,NONE,0.000000,0.000000,4.675286,4.524714
45.312,FOLLOW_LANE,camera lane following,161.500,0.009375,0.750000,0,0,0,,,NONE,0.000000,0.000000,4.675292,4.524708
45.344,FOLLOW_LANE,camera lane following,161.500,0.009375,0.750000,0,0,0,,,NONE,0.000000,0.000000,4.675298,4.524702
45.376,FOLLOW_LANE,camera lane following,161.500,0.009375,0.750000,0,0,0,,,NONE,0.000000,0.000000,4.675304,4.524696
45.408,FOLLOW_LANE,camera lane following,161.500,0.009375,0.750000,0,0,0,,,NONE,0.000000,0.000000,4.675310,4.524690
45.440,FOLLOW_LANE,camera lane following,161.500,0.009375,0.750000,0,0,0,,,NONE,0.000000,0.000000,4.675316,4.524684
45.472,FOLLOW_LANE,camera lane following,161.500,0.009375,0.750000,0,0,0,,,NONE,0.000000,0.000000,4.675322,4.524678
45.504,FOLLOW_LANE,camera lane following,161.500,0.009375,0.750000,0,0,0,,,NONE,0.000000,0.000000,4.675328,4.524672
45.536,FOLLOW_LANE,camera lane following,161.500,0.009375,0.750000,0,0,0,,,NONE,0.000000,0.000000,4.675334,4.524666
45.568,FOLLOW_LANE,camera lane following,161.500,0.009375,0.750000,0,0,0,,,NONE,0.000000,0.000000,4.675340,4.524660
45.600,FOLLOW_LANE,camera lane following,161.500,0.009375,0.750000,0,0,0,,,NONE,0.000000,0.000000,4.675346,4.524654
45.632,FOLLOW_LANE,camera lane following,161.500,0.009375,0.750000,0,0,0,,,NONE,0.000000,0.000000,4.675352,4.524648
45.664,FOLLOW_LANE,camera lane following,161.500,0.009375,0.750000,0,0,0,,,NONE,0.000000,0.000000,4.675358,4.524642
45.696,FOLLOW_LANE,camera lane following,161.500,0.009375,0.750000,0,0,0,,,NONE,0.000000,0.000000,4.675364,4.524636
45.728,FOLLOW_LANE,camera lane following,161.500,0.009375,0.750000,0,0,0,,,NONE,0.000000,0.000000,4.675370,4.524630
45.760,FOLLOW_LANE,camera lane following,161.500,0.009375,0.750000,0,0,0,,,NONE,0.000000,0.000000,4.675376,4.524624
45.792,FOLLOW_LANE,camera lane following,161.500,0.009375,0.750000,0,0,0,,,NONE,0.000000,0.000000,4.675382,4.524618
45.824,FOLLOW_LANE,camera lane following,161.000,0.006250,0.750000,0,0,0,,,NONE,0.000000,0.000000,4.642573,4.557427
45.856,FOLLOW_LANE,camera lane following,161.000,0.006250,0.750000,0,0,0,,,NONE,0.000000,0.000000,4.650390,4.549610
45.888,FOLLOW_LANE,camera lane following,161.000,0.006250,0.750000,0,0,0,,,NONE,0.000000,0.000000,4.650394,4.549606
45.920,FOLLOW_LANE,camera lane following,161.000,0.006250,0.750000,0,0,0,,,NONE,0.000000,0.000000,4.650398,4.549602
45.952,FOLLOW_LANE,camera lane following,161.000,0.006250,0.750000,0,0,0,,,NONE,0.000000,0.000000,4.650402,4.549598
45.984,FOLLOW_LANE,camera lane following,161.000,0.006250,0.750000,0,0,0,,,NONE,0.000000,0.000000,4.650406,4.549594
46.016,FOLLOW_LANE,camera lane following,161.000,0.006250,0.750000,0,0,0,,,NONE,0.000000,0.000000,4.650410,4.549590
46.048,FOLLOW_LANE,camera lane following,161.000,0.006250,0.750000,0,0,0,,,NONE,0.000000,0.000000,4.650414,4.549586
46.080,FOLLOW_LANE,camera lane following,161.000,0.006250,0.750000,0,0,0,,,NONE,0.000000,0.000000,4.650418,4.549582
46.112,FOLLOW_LANE,camera lane following,161.000,0.006250,0.750000,0,0,0,,,NONE,0.000000,0.000000,4.650422,4.549578
46.144,FOLLOW_LANE,camera lane following,161.000,0.006250,0.750000,0,0,0,,,NONE,0.000000,0.000000,4.650426,4.549574
46.176,FOLLOW_LANE,camera lane following,161.500,0.009375,0.750000,0,0,0,,,NONE,0.000000,0.000000,4.683244,4.516755
46.208,FOLLOW_LANE,camera lane following,161.500,0.009375,0.750000,0,0,0,,,NONE,0.000000,0.000000,4.675438,4.524562
46.240,FOLLOW_LANE,camera lane following,161.000,0.006250,0.750000,0,0,0,,,NONE,0.000000,0.000000,4.642629,4.557370
46.272,FOLLOW_LANE,camera lane following,161.000,0.006250,0.750000,0,0,0,,,NONE,0.000000,0.000000,4.650446,4.549554
46.304,FOLLOW_LANE,camera lane following,161.500,0.009375,0.750000,0,0,0,,,NONE,0.000000,0.000000,4.683264,4.516735
46.336,FOLLOW_LANE,camera lane following,160.500,0.003125,0.750000,0,0,0,,,NONE,0.000000,0.000000,4.577014,4.622985
46.368,FOLLOW_LANE,camera lane following,161.000,0.006250,0.750000,0,0,0,,,NONE,0.000000,0.000000,4.666081,4.533919
46.400,FOLLOW_LANE,camera lane following,162.500,0.015625,0.750000,0,0,0,,,NONE,0.000000,0.000000,4.748903,4.451096
46.432,FOLLOW_LANE,camera lane following,162.000,0.012500,0.750000,0,0,0,,,NONE,0.000000,0.000000,4.692661,4.507338
46.464,FOLLOW_LANE,camera lane following,162.000,0.012500,0.750000,0,0,0,,,NONE,0.000000,0.000000,4.700482,4.499518
46.496,FOLLOW_LANE,camera lane following,161.500,0.009375,0.750000,0,0,0,,,NONE,0.000000,0.000000,4.667675,4.532324
46.528,FOLLOW_LANE,camera lane following,161.000,0.006250,0.750000,0,0,0,,,NONE,0.000000,0.000000,4.642679,4.557320
46.560,FOLLOW_LANE,camera lane following,161.000,0.006250,0.750000,0,0,0,,,NONE,0.000000,0.000000,4.650496,4.549504
46.592,FOLLOW_LANE,camera lane following,160.500,0.003125,0.750000,0,0,0,,,NONE,0.000000,0.000000,4.584871,4.615129
46.624,FOLLOW_LANE,camera lane following,160.500,0.003125,0.750000,0,0,0,,,NONE,0.000000,0.000000,4.600496,4.599504
46.656,FOLLOW_LANE,camera lane following,160.500,0.003125,0.750000,0,0,0,,,NONE,0.000000,0.000000,4.600496,4.599504
46.688,FOLLOW_LANE,camera lane following,160.500,0.003125,0.750000,0,0,0,,,NONE,0.000000,0.000000,4.600496,4.599504
46.720,FOLLOW_LANE,camera lane following,160.000,0.000000,0.750000,0,0,0,,,NONE,0.000000,0.000000,4.600496,4.599504
46.752,FOLLOW_LANE,camera lane following,160.000,0.000000,0.750000,0,0,0,,,NONE,0.000000,0.000000,4.600496,4.599504
46.784,FOLLOW_LANE,camera lane following,160.000,0.000000,0.750000,0,0,0,,,NONE,0.000000,0.000000,4.600496,4.599504
46.816,FOLLOW_LANE,camera lane following,159.500,-0.003125,0.750000,0,0,0,,,NONE,0.000000,0.000000,4.600496,4.599504
46.848,FOLLOW_LANE,camera lane following,159.500,-0.003125,0.750000,0,0,0,,,NONE,0.000000,0.000000,4.600496,4.599504
46.880,FOLLOW_LANE,camera lane following,159.500,-0.003125,0.750000,0,0,0,,,NONE,0.000000,0.000000,4.600496,4.599504
46.912,FOLLOW_LANE,camera lane following,159.000,-0.006250,0.750000,0,0,0,,,NONE,0.000000,0.000000,4.534867,4.665133
46.944,FOLLOW_LANE,camera lane following,159.000,-0.006250,0.750000,0,0,0,,,NONE,0.000000,0.000000,4.550488,4.649512
46.976,FOLLOW_LANE,camera lane following,159.000,-0.006250,0.750000,0,0,0,,,NONE,0.000000,0.000000,4.550484,4.649516
47.008,FOLLOW_LANE,camera lane following,158.500,-0.009375,0.750000,0,0,0,,,NONE,0.000000,0.000000,4.517665,4.682334
47.040,FOLLOW_LANE,camera lane following,158.500,-0.009375,0.750000,0,0,0,,,NONE,0.000000,0.000000,4.525472,4.674528
47.072,FOLLOW_LANE,camera lane following,158.500,-0.009375,0.750000,0,0,0,,,NONE,0.000000,0.000000,4.525466,4.674534
47.104,FOLLOW_LANE,camera lane following,158.500,-0.009375,0.750000,0,0,0,,,NONE,0.000000,0.000000,4.525460,4.674540
47.136,FOLLOW_LANE,camera lane following,158.000,-0.012500,0.750000,0,0,0,,,NONE,0.000000,0.000000,4.492639,4.707361
47.168,FOLLOW_LANE,camera lane following,157.500,-0.015625,0.750000,0,0,0,,,NONE,0.000000,0.000000,4.467629,4.732371
47.200,FOLLOW_LANE,camera lane following,157.500,-0.015625,0.750000,0,0,0,,,NONE,0.000000,0.000000,4.475432,4.724568
47.232,FOLLOW_LANE,camera lane following,157.000,-0.018750,0.750000,0,0,0,,,NONE,0.000000,0.000000,4.442607,4.757392
47.264,FOLLOW_LANE,camera lane following,157.500,-0.015625,0.750000,0,0,0,,,NONE,0.000000,0.000000,4.483222,4.716778
47.296,FOLLOW_LANE,camera lane following,155.500,-0.028125,0.750000,0,0,0,,,NONE,0.000000,0.000000,4.344142,4.855858
47.328,FOLLOW_LANE,camera lane following,156.250,-0.023438,0.750000,0,0,0,,,NONE,0.000000,0.000000,4.424596,4.775404
47.360,FOLLOW_LANE,camera lane following,160.000,0.000000,0.750000,0,0,0,,,NONE,0.000000,0.000000,4.658971,4.541029
47.392,FOLLOW_LANE,camera lane following,157.000,-0.018750,0.750000,0,0,0,,,NONE,0.000000,0.000000,4.403490,4.796510
47.424,FOLLOW_LANE,camera lane following,157.000,-0.018750,0.750000,0,0,0,,,NONE,0.000000,0.000000,4.450353,4.749647
47.456,FOLLOW_LANE,camera lane following,157.500,-0.015625,0.750000,0,0,0,,,NONE,0.000000,0.000000,4.483155,4.716844
47.488,FOLLOW_LANE,camera lane following,158.000,-0.012500,0.750000,0,0,0,,,NONE,0.000000,0.000000,4.508147,4.691852
47.520,FOLLOW_LANE,camera lane following,157.500,-0.015625,0.750000,0,0,0,,,NONE,0.000000,0.000000,4.467512,4.732487
47.552,FOLLOW_LANE,camera lane following,156.000,-0.025000,0.750000,0,0,0,,,NONE,0.000000,0.000000,4.376872,4.823128
47.584,FOLLOW_LANE,camera lane following,154.000,-0.037500,0.750000,0,0,0,,,NONE,0.000000,0.000000,4.269035,4.930965
47.616,FOLLOW_LANE,camera lane following,153.000,-0.043750,0.750000,0,0,0,,,NONE,0.000000,0.000000,4.234632,4.965368
47.648,FOLLOW_LANE,camera lane following,152.000,-0.050000,0.750000,0,0,0,,,NONE,0.000000,0.000000,4.184600,5.015400
47.680,FOLLOW_LANE,camera lane following,151.000,-0.056250,0.750000,0,0,0,,,NONE,0.000000,0.000000,4.134564,5.065436
47.712,FOLLOW_LANE,camera lane following,149.500,-0.065625,0.750000,0,0,0,,,NONE,0.000000,0.000000,4.051709,5.148290
47.744,FOLLOW_LANE,camera lane following,148.500,-0.071875,0.750000,0,0,0,,,NONE,0.000000,0.000000,4.009476,5.190524
47.776,FOLLOW_LANE,camera lane following,148.000,-0.075000,0.750000,0,0,0,,,NONE,0.000000,0.000000,3.992240,5.207759
47.808,FOLLOW_LANE,camera lane following,148.000,-0.075000,0.750000,0,0,0,,,NONE,0.000000,0.000000,4.000005,5.199995
47.840,FOLLOW_LANE,camera lane following,147.000,-0.081250,0.750000,0,0,0,,,NONE,0.000000,0.000000,3.934328,5.265672
47.872,FOLLOW_LANE,camera lane following,147.000,-0.081250,0.750000,0,0,0,,,NONE,0.000000,0.000000,3.949901,5.250099
47.904,FOLLOW_LANE,camera lane following,147.000,-0.081250,0.750000,0,0,0,,,NONE,0.000000,0.000000,3.949849,5.250151
47.936,FOLLOW_LANE,camera lane following,147.500,-0.078125,0.750000,0,0,0,,,NONE,0.000000,0.000000,3.982611,5.217388
47.968,FOLLOW_LANE,camera lane following,147.500,-0.078125,0.750000,0,0,0,,,NONE,0.000000,0.000000,3.974749,5.225251
48.000,FOLLOW_LANE,camera lane following,148.000,-0.075000,0.750000,0,0,0,,,NONE,0.000000,0.000000,4.007513,5.192486
48.032,FOLLOW_LANE,camera lane following,148.500,-0.071875,0.750000,0,0,0,,,NONE,0.000000,0.000000,4.032467,5.167533
48.064,FOLLOW_LANE,camera lane following,149.500,-0.065625,0.750000,0,0,0,,,NONE,0.000000,0.000000,4.090238,5.109762
48.096,FOLLOW_LANE,camera lane following,150.000,-0.062500,0.750000,0,0,0,,,NONE,0.000000,0.000000,4.107385,5.092614
48.128,FOLLOW_LANE,camera lane following,150.500,-0.059375,0.750000,0,0,0,,,NONE,0.000000,0.000000,4.132347,5.067652
48.160,FOLLOW_LANE,camera lane following,151.500,-0.053125,0.750000,0,0,0,,,NONE,0.000000,0.000000,4.190126,5.009874
48.192,FOLLOW_LANE,camera lane following,152.000,-0.050000,0.750000,0,0,0,,,NONE,0.000000,0.000000,4.207281,4.992718
48.224,FOLLOW_LANE,camera lane following,153.000,-0.043750,0.750000,0,0,0,,,NONE,0.000000,0.000000,4.265066,4.934934
48.256,FOLLOW_LANE,camera lane following,153.500,-0.040625,0.750000,0,0,0,,,NONE,0.000000,0.000000,4.282227,4.917772
48.288,FOLLOW_LANE,camera lane following,154.500,-0.034375,0.750000,0,0,0,,,NONE,0.000000,0.000000,4.340018,4.859982
48.320,FOLLOW_LANE,camera lane following,159.500,-0.003125,0.750000,0,0,0,,,NONE,0.000000,0.000000,4.685331,4.514669
48.352,FOLLOW_LANE,camera lane following,155.500,-0.028125,0.750000,0,0,0,,,NONE,0.000000,0.000000,4.304062,4.895937
48.384,FOLLOW_LANE,camera lane following,155.500,-0.028125,0.750000,0,0,0,,,NONE,0.000000,0.000000,4.374357,4.825643
48.416,FOLLOW_LANE,camera lane following,156.500,-0.021875,0.750000,0,0,0,,,NONE,0.000000,0.000000,4.439968,4.760032
48.448,FOLLOW_LANE,camera lane following,157.250,-0.017188,0.750000,0,0,0,,,NONE,0.000000,0.000000,4.473551,4.726449
48.480,FOLLOW_LANE,camera lane following,157.000,-0.018750,0.750000,0,0,0,,,NONE,0.000000,0.000000,4.445414,4.754586
48.512,FOLLOW_LANE,camera lane following,154.500,-0.034375,0.750000,0,0,0,,,NONE,0.000000,0.000000,4.285235,4.914764
48.544,FOLLOW_LANE,camera lane following,154.000,-0.037500,0.750000,0,0,0,,,NONE,0.000000,0.000000,4.291461,4.908538
48.576,FOLLOW_LANE,camera lane following,153.500,-0.040625,0.750000,0,0,0,,,NONE,0.000000,0.000000,4.266436,4.933564
48.608,FOLLOW_LANE,camera lane following,153.000,-0.043750,0.750000,0,0,0,,,NONE,0.000000,0.000000,4.241407,4.958592
48.640,FOLLOW_LANE,camera lane following,152.500,-0.046875,0.750000,0,0,0,,,NONE,0.000000,0.000000,4.216378,4.983622
48.672,FOLLOW_LANE,camera lane following,152.500,-0.046875,0.750000,0,0,0,,,NONE,0.000000,0.000000,4.224160,4.975840
48.704,FOLLOW_LANE,camera lane following,152.000,-0.050000,0.750000,0,0,0,,,NONE,0.000000,0.000000,4.191315,5.008684
48.736,FOLLOW_LANE,camera lane following,152.500,-0.046875,0.750000,0,0,0,,,NONE,0.000000,0.000000,4.231910,4.968089
48.768,FOLLOW_LANE,camera lane following,152.500,-0.046875,0.750000,0,0,0,,,NONE,0.000000,0.000000,4.224068,4.975932
48.800,FOLLOW_LANE,camera lane following,152.500,-0.046875,0.750000,0,0,0,,,NONE,0.000000,0.000000,4.224038,4.975962
48.832,FOLLOW_LANE,camera lane following,152.500,-0.046875,0.750000,0,0,0,,,NONE,0.000000,0.000000,4.224008,4.975992
48.864,FOLLOW_LANE,camera lane following,153.000,-0.043750,0.750000,0,0,0,,,NONE,0.000000,0.000000,4.256792,4.943207
48.896,FOLLOW_LANE,camera lane following,153.000,-0.043750,0.750000,0,0,0,,,NONE,0.000000,0.000000,4.248952,4.951048
48.928,FOLLOW_LANE,camera lane following,153.000,-0.043750,0.750000,0,0,0,,,NONE,0.000000,0.000000,4.248924,4.951076
48.960,FOLLOW_LANE,camera lane following,153.500,-0.040625,0.750000,0,0,0,,,NONE,0.000000,0.000000,4.281710,4.918289
48.992,FOLLOW_LANE,camera lane following,153.500,-0.040625,0.750000,0,0,0,,,NONE,0.000000,0.000000,4.273872,4.926128
49.024,FOLLOW_LANE,camera lane following,154.000,-0.037500,0.750000,0,0,0,,,NONE,0.000000,0.000000,4.306660,4.893339
49.056,FOLLOW_LANE,camera lane following,154.000,-0.037500,0.750000,0,0,0,,,NONE,0.000000,0.000000,4.298824,4.901176
49.088,FOLLOW_LANE,camera lane following,154.500,-0.034375,0.750000,0,0,0,,,NONE,0.000000,0.000000,4.331614,4.868385
49.120,FOLLOW_LANE,camera lane following,154.500,-0.034375,0.750000,0,0,0,,,NONE,0.000000,0.000000,4.323780,4.876220
49.152,FOLLOW_LANE,camera lane following,155.000,-0.031250,0.750000,0,0,0,,,NONE,0.000000,0.000000,4.356572,4.843427
49.184,FOLLOW_LANE,camera lane following,156.000,-0.025000,0.750000,0,0,0,,,NONE,0.000000,0.000000,4.414369,4.785631
49.216,FOLLOW_LANE,camera lane following,156.500,-0.021875,0.750000,0,0,0,,,NONE,0.000000,0.000000,4.431542,4.768457
49.248,FOLLOW_LANE,camera lane following,156.500,-0.021875,0.750000,0,0,0,,,NONE,0.000000,0.000000,4.423716,4.776284
49.280,FOLLOW_LANE,camera lane following,160.000,0.000000,0.750000,0,0,0,,,NONE,0.000000,0.000000,4.653403,4.546596
49.312,FOLLOW_LANE,camera lane following,157.500,-0.015625,0.750000,0,0,0,,,NONE,0.000000,0.000000,4.434643,4.765356
49.344,FOLLOW_LANE,camera lane following,157.500,-0.015625,0.750000,0,0,0,,,NONE,0.000000,0.000000,4.473696,4.726304
49.376,FOLLOW_LANE,camera lane following,158.000,-0.012500,0.750000,0,0,0,,,NONE,0.000000,0.000000,4.506500,4.693499
49.408,FOLLOW_LANE,camera lane following,158.000,-0.012500,0.750000,0,0,0,,,NONE,0.000000,0.000000,4.498680,4.701320
49.440,FOLLOW_LANE,camera lane following,157.500,-0.015625,0.750000,0,0,0,,,NONE,0.000000,0.000000,4.465857,4.734142
49.472,FOLLOW_LANE,camera lane following,156.000,-0.025000,0.750000,0,0,0,,,NONE,0.000000,0.000000,4.375216,4.824783
49.504,FOLLOW_LANE,camera lane following,155.500,-0.028125,0.750000,0,0,0,,,NONE,0.000000,0.000000,4.365823,4.834176
49.536,FOLLOW_LANE,camera lane following,155.500,-0.028125,0.750000,0,0,0,,,NONE,0.000000,0.000000,4.373618,4.826382
49.568,FOLLOW_LANE,camera lane following,155.500,-0.028125,0.750000,0,0,0,,,NONE,0.000000,0.000000,4.373600,4.826400
49.600,FOLLOW_LANE,camera lane following,155.000,-0.031250,0.750000,0,0,0,,,NONE,0.000000,0.000000,4.340768,4.859232
49.632,FOLLOW_LANE,camera lane following,155.000,-0.031250,0.750000,0,0,0,,,NONE,0.000000,0.000000,4.348560,4.851440
49.664,FOLLOW_LANE,camera lane following,154.500,-0.034375,0.750000,0,0,0,,,NONE,0.000000,0.000000,4.315725,4.884275
49.696,FOLLOW_LANE,camera lane following,154.500,-0.034375,0.750000,0,0,0,,,NONE,0.000000,0.000000,4.323516,4.876484
49.728,FOLLOW_LANE,camera lane following,154.000,-0.037500,0.750000,0,0,0,,,NONE,0.000000,0.000000,4.290679,4.909320
49.760,FOLLOW_LANE,camera lane following,154.000,-0.037500,0.750000,0,0,0,,,NONE,0.000000,0.000000,4.298468,4.901532
49.792,FOLLOW_LANE,camera lane following,154.000,-0.037500,0.750000,0,0,0,,,NONE,0.000000,0.000000,4.298444,4.901556
49.824,FOLLOW_LANE,camera lane following,154.000,-0.037500,0.750000,0,0,0,,,NONE,0.000000,0.000000,4.298420,4.901580
49.856,FOLLOW_LANE,camera lane following,154.000,-0.037500,0.750000,0,0,0,,,NONE,0.000000,0.000000,4.298396,4.901604
49.888,FOLLOW_LANE,camera lane following,154.000,-0.037500,0.750000,0,0,0,,,NONE,0.000000,0.000000,4.298372,4.901628
49.920,FOLLOW_LANE,camera lane following,154.000,-0.037500,0.750000,0,0,0,,,NONE,0.000000,0.000000,4.298348,4.901652
49.952,FOLLOW_LANE,camera lane following,154.000,-0.037500,0.750000,0,0,0,,,NONE,0.000000,0.000000,4.298324,4.901676
49.984,FOLLOW_LANE,camera lane following,154.000,-0.037500,0.750000,0,0,0,,,NONE,0.000000,0.000000,4.298300,4.901700
50.016,FOLLOW_LANE,camera lane following,154.000,-0.037500,0.750000,0,0,0,,,NONE,0.000000,0.000000,4.298276,4.901724
50.048,FOLLOW_LANE,camera lane following,154.500,-0.034375,0.750000,0,0,0,,,NONE,0.000000,0.000000,4.331066,4.868933
50.080,FOLLOW_LANE,camera lane following,154.500,-0.034375,0.750000,0,0,0,,,NONE,0.000000,0.000000,4.323232,4.876768
50.112,FOLLOW_LANE,camera lane following,155.000,-0.031250,0.750000,0,0,0,,,NONE,0.000000,0.000000,4.356024,4.843975
50.144,FOLLOW_LANE,camera lane following,155.500,-0.028125,0.750000,0,0,0,,,NONE,0.000000,0.000000,4.381006,4.818993
50.176,FOLLOW_LANE,camera lane following,156.000,-0.025000,0.750000,0,0,0,,,NONE,0.000000,0.000000,4.405990,4.794009
50.208,FOLLOW_LANE,camera lane following,155.500,-0.028125,0.750000,0,0,0,,,NONE,0.000000,0.000000,4.365347,4.834652
50.240,FOLLOW_LANE,camera lane following,159.000,-0.006250,0.750000,0,0,0,,,NONE,0.000000,0.000000,4.602843,4.597156
50.272,FOLLOW_LANE,camera lane following,157.000,-0.018750,0.750000,0,0,0,,,NONE,0.000000,0.000000,4.416894,4.783106
50.304,FOLLOW_LANE,camera lane following,157.500,-0.015625,0.750000,0,0,0,,,NONE,0.000000,0.000000,4.480946,4.719053
50.336,FOLLOW_LANE,camera lane following,158.000,-0.012500,0.750000,0,0,0,,,NONE,0.000000,0.000000,4.505939,4.694061
50.368,FOLLOW_LANE,camera lane following,157.500,-0.015625,0.750000,0,0,0,,,NONE,0.000000,0.000000,4.465303,4.734697
50.400,FOLLOW_LANE,camera lane following,157.000,-0.018750,0.750000,0,0,0,,,NONE,0.000000,0.000000,4.440291,4.759708
50.432,FOLLOW_LANE,camera lane following,155.500,-0.028125,0.750000,0,0,0,,,NONE,0.000000,0.000000,4.349648,4.850351
50.464,FOLLOW_LANE,camera lane following,155.250,-0.029687,0.750000,0,0,0,,,NONE,0.000000,0.000000,4.356661,4.843339
50.496,FOLLOW_LANE,camera lane following,155.000,-0.031250,0.750000,0,0,0,,,NONE,0.000000,0.000000,4.344141,4.855859
50.528,FOLLOW_LANE,camera lane following,154.500,-0.034375,0.750000,0,0,0,,,NONE,0.000000,0.000000,4.315212,4.884787
50.560,FOLLOW_LANE,camera lane following,154.000,-0.037500,0.750000,0,0,0,,,NONE,0.000000,0.000000,4.290188,4.909811
50.592,FOLLOW_LANE,camera lane following,154.000,-0.037500,0.750000,0,0,0,,,NONE,0.000000,0.000000,4.297977,4.902023
50.624,FOLLOW_LANE,camera lane following,154.000,-0.037500,0.750000,0,0,0,,,NONE,0.000000,0.000000,4.297953,4.902047
50.656,FOLLOW_LANE,camera lane following,153.500,-0.040625,0.750000,0,0,0,,,NONE,0.000000,0.000000,4.265114,4.934886
50.688,FOLLOW_LANE,camera lane following,153.500,-0.040625,0.750000,0,0,0,,,NONE,0.000000,0.000000,4.272901,4.927099
50.720,FOLLOW_LANE,camera lane following,153.000,-0.043750,0.750000,0,0,0,,,NONE,0.000000,0.000000,4.240060,4.959939
50.752,FOLLOW_LANE,camera lane following,153.000,-0.043750,0.750000,0,0,0,,,NONE,0.000000,0.000000,4.247845,4.952155
50.784,FOLLOW_LANE,camera lane following,153.000,-0.043750,0.750000,0,0,0,,,NONE,0.000000,0.000000,4.247817,4.952183
50.816,FOLLOW_LANE,camera lane following,153.000,-0.043750,0.750000,0,0,0,,,NONE,0.000000,0.000000,4.247789,4.952211
50.848,FOLLOW_LANE,camera lane following,153.000,-0.043750,0.750000,0,0,0,,,NONE,0.000000,0.000000,4.247761,4.952239
50.880,FOLLOW_LANE,camera lane following,153.500,-0.040625,0.750000,0,0,0,,,NONE,0.000000,0.000000,4.280547,4.919452
50.912,FOLLOW_LANE,camera lane following,153.500,-0.040625,0.750000,0,0,0,,,NONE,0.000000,0.000000,4.272709,4.927291
50.944,FOLLOW_LANE,camera lane following,154.000,-0.037500,0.750000,0,0,0,,,NONE,0.000000,0.000000,4.305497,4.894502
50.976,FOLLOW_LANE,camera lane following,154.000,-0.037500,0.750000,0,0,0,,,NONE,0.000000,0.000000,4.297661,4.902339
51.008,FOLLOW_LANE,camera lane following,154.500,-0.034375,0.750000,0,0,0,,,NONE,0.000000,0.000000,4.330451,4.869548
51.040,FOLLOW_LANE,camera lane following,154.500,-0.034375,0.750000,0,0,0,,,NONE,0.000000,0.000000,4.322617,4.877383
51.072,FOLLOW_LANE,camera lane following,154.000,-0.037500,0.750000,0,0,0,,,NONE,0.000000,0.000000,4.289780,4.910219
51.104,FOLLOW_LANE,camera lane following,155.500,-0.028125,0.750000,0,0,0,,,NONE,0.000000,0.000000,4.396012,4.803987
51.136,FOLLOW_LANE,camera lane following,156.000,-0.025000,0.750000,0,0,0,,,NONE,0.000000,0.000000,4.405371,4.794628
51.168,FOLLOW_LANE,camera lane following,155.500,-0.028125,0.750000,0,0,0,,,NONE,0.000000,0.000000,4.364729,4.835271
51.200,FOLLOW_LANE,camera lane following,158.500,-0.009375,0.750000,0,0,0,,,NONE,0.000000,0.000000,4.569410,4.630590
51.232,FOLLOW_LANE,camera lane following,157.000,-0.018750,0.750000,0,0,0,,,NONE,0.000000,0.000000,4.424085,4.775914
51.264,FOLLOW_LANE,camera lane following,157.000,-0.018750,0.750000,0,0,0,,,NONE,0.000000,0.000000,4.447511,4.752489
51.296,FOLLOW_LANE,camera lane following,157.500,-0.015625,0.750000,0,0,0,,,NONE,0.000000,0.000000,4.480313,4.719686
51.328,FOLLOW_LANE,camera lane following,158.000,-0.012500,0.750000,0,0,0,,,NONE,0.000000,0.000000,4.505305,4.694694
51.360,FOLLOW_LANE,camera lane following,157.500,-0.015625,0.750000,0,0,0,,,NONE,0.000000,0.000000,4.464670,4.735329
51.392,FOLLOW_LANE,camera lane following,156.000,-0.025000,0.750000,0,0,0,,,NONE,0.000000,0.000000,4.374029,4.825970
51.424,FOLLOW_LANE,camera lane following,155.500,-0.028125,0.750000,0,0,0,,,NONE,0.000000,0.000000,4.364636,4.835363
51.456,FOLLOW_LANE,camera lane following,154.500,-0.034375,0.750000,0,0,0,,,NONE,0.000000,0.000000,4.306802,4.893198
51.488,FOLLOW_LANE,camera lane following,154.500,-0.034375,0.750000,0,0,0,,,NONE,0.000000,0.000000,4.322405,4.877595
51.520,FOLLOW_LANE,camera lane following,154.000,-0.037500,0.750000,0,0,0,,,NONE,0.000000,0.000000,4.289568,4.910431
51.552,FOLLOW_LANE,camera lane following,153.500,-0.040625,0.750000,0,0,0,,,NONE,0.000000,0.000000,4.264542,4.935458
51.584,FOLLOW_LANE,camera lane following,154.000,-0.037500,0.750000,0,0,0,,,NONE,0.000000,0.000000,4.305143,4.894856
51.616,FOLLOW_LANE,camera lane following,153.500,-0.040625,0.750000,0,0,0,,,NONE,0.000000,0.000000,4.264492,4.935507
51.648,FOLLOW_LANE,camera lane following,153.500,-0.040625,0.750000,0,0,0,,,NONE,0.000000,0.000000,4.272279,4.927721
51.680,FOLLOW_LANE,camera lane following,153.000,-0.043750,0.750000,0,0,0,,,NONE,0.000000,0.000000,4.239438,4.960561
51.712,FOLLOW_LANE,camera lane following,153.000,-0.043750,0.750000,0,0,0,,,NONE,0.000000,0.000000,4.247223,4.952777
51.744,FOLLOW_LANE,camera lane following,153.000,-0.043750,0.750000,0,0,0,,,NONE,0.000000,0.000000,4.247195,4.952805
51.776,FOLLOW_LANE,camera lane following,153.000,-0.043750,0.750000,0,0,0,,,NONE,0.000000,0.000000,4.247167,4.952833
51.808,FOLLOW_LANE,camera lane following,153.000,-0.043750,0.750000,0,0,0,,,NONE,0.000000,0.000000,4.247139,4.952861
51.840,FOLLOW_LANE,camera lane following,153.000,-0.043750,0.750000,0,0,0,,,NONE,0.000000,0.000000,4.247111,4.952889
51.872,FOLLOW_LANE,camera lane following,153.000,-0.043750,0.750000,0,0,0,,,NONE,0.000000,0.000000,4.247083,4.952917
51.904,FOLLOW_LANE,camera lane following,153.500,-0.040625,0.750000,0,0,0,,,NONE,0.000000,0.000000,4.279869,4.920130
51.936,FOLLOW_LANE,camera lane following,153.500,-0.040625,0.750000,0,0,0,,,NONE,0.000000,0.000000,4.272031,4.927969
51.968,FOLLOW_LANE,camera lane following,154.000,-0.037500,0.750000,0,0,0,,,NONE,0.000000,0.000000,4.304819,4.895180
52.000,FOLLOW_LANE,camera lane following,154.000,-0.037500,0.750000,0,0,0,,,NONE,0.000000,0.000000,4.296983,4.903017
52.032,FOLLOW_LANE,camera lane following,154.500,-0.034375,0.750000,0,0,0,,,NONE,0.000000,0.000000,4.329773,4.870226
52.064,FOLLOW_LANE,camera lane following,155.000,-0.031250,0.750000,0,0,0,,,NONE,0.000000,0.000000,4.354753,4.845247
52.096,FOLLOW_LANE,camera lane following,156.000,-0.025000,0.750000,0,0,0,,,NONE,0.000000,0.000000,4.412550,4.787450
52.128,FOLLOW_LANE,camera lane following,155.500,-0.028125,0.750000,0,0,0,,,NONE,0.000000,0.000000,4.364094,4.835905
52.160,FOLLOW_LANE,camera lane following,158.500,-0.009375,0.750000,0,0,0,,,NONE,0.000000,0.000000,4.568776,4.631224
52.192,FOLLOW_LANE,camera lane following,157.000,-0.018750,0.750000,0,0,0,,,NONE,0.000000,0.000000,4.423451,4.776548
52.224,FOLLOW_LANE,camera lane following,157.000,-0.018750,0.750000,0,0,0,,,NONE,0.000000,0.000000,4.446877,4.753123
52.256,FOLLOW_LANE,camera lane following,158.000,-0.012500,0.750000,0,0,0,,,NONE,0.000000,0.000000,4.512494,4.687506
52.288,FOLLOW_LANE,camera lane following,158.000,-0.012500,0.750000,0,0,0,,,NONE,0.000000,0.000000,4.496861,4.703139
52.320,FOLLOW_LANE,camera lane following,158.000,-0.012500,0.750000,0,0,0,,,NONE,0.000000,0.000000,4.496853,4.703147
52.352,FOLLOW_LANE,camera lane following,156.500,-0.021875,0.750000,0,0,0,,,NONE,0.000000,0.000000,4.398401,4.801598
52.384,FOLLOW_LANE,camera lane following,155.000,-0.031250,0.750000,0,0,0,,,NONE,0.000000,0.000000,4.323381,4.876618
52.416,FOLLOW_LANE,camera lane following,155.000,-0.031250,0.750000,0,0,0,,,NONE,0.000000,0.000000,4.346799,4.853201
52.448,FOLLOW_LANE,camera lane following,154.500,-0.034375,0.750000,0,0,0,,,NONE,0.000000,0.000000,4.313964,4.886035
52.480,FOLLOW_LANE,camera lane following,154.500,-0.034375,0.750000,0,0,0,,,NONE,0.000000,0.000000,4.321755,4.878245
52.512,FOLLOW_LANE,camera lane following,154.000,-0.037500,0.750000,0,0,0,,,NONE,0.000000,0.000000,4.288918,4.911081
52.544,FOLLOW_LANE,camera lane following,154.000,-0.037500,0.750000,0,0,0,,,NONE,0.000000,0.000000,4.296707,4.903293
52.576,FOLLOW_LANE,camera lane following,153.500,-0.040625,0.750000,0,0,0,,,NONE,0.000000,0.000000,4.263868,4.936132
52.608,FOLLOW_LANE,camera lane following,154.000,-0.037500,0.750000,0,0,0,,,NONE,0.000000,0.000000,4.304469,4.895530
52.640,FOLLOW_LANE,camera lane following,153.500,-0.040625,0.750000,0,0,0,,,NONE,0.000000,0.000000,4.263818,4.936181
52.672,FOLLOW_LANE,camera lane following,153.500,-0.040625,0.750000,0,0,0,,,NONE,0.000000,0.000000,4.271605,4.928395
52.704,FOLLOW_LANE,camera lane following,153.500,-0.040625,0.750000,0,0,0,,,NONE,0.000000,0.000000,4.271579,4.928421
52.736,FOLLOW_LANE,camera lane following,153.500,-0.040625,0.750000,0,0,0,,,NONE,0.000000,0.000000,4.271553,4.928447
52.768,FOLLOW_LANE,camera lane following,153.500,-0.040625,0.750000,0,0,0,,,NONE,0.000000,0.000000,4.271527,4.928473
52.800,FOLLOW_LANE,camera lane following,153.500,-0.040625,0.750000,0,0,0,,,NONE,0.000000,0.000000,4.271501,4.928499
52.832,FOLLOW_LANE,camera lane following,153.500,-0.040625,0.750000,0,0,0,,,NONE,0.000000,0.000000,4.271475,4.928525
52.864,FOLLOW_LANE,camera lane following,154.000,-0.037500,0.750000,0,0,0,,,NONE,0.000000,0.000000,4.304263,4.895736
52.896,FOLLOW_LANE,camera lane following,154.000,-0.037500,0.750000,0,0,0,,,NONE,0.000000,0.000000,4.296427,4.903573
52.928,FOLLOW_LANE,camera lane following,154.000,-0.037500,0.750000,0,0,0,,,NONE,0.000000,0.000000,4.296403,4.903597
52.960,FOLLOW_LANE,camera lane following,154.500,-0.034375,0.750000,0,0,0,,,NONE,0.000000,0.000000,4.329193,4.870806
52.992,FOLLOW_LANE,camera lane following,154.500,-0.034375,0.750000,0,0,0,,,NONE,0.000000,0.000000,4.321359,4.878641
53.024,FOLLOW_LANE,camera lane following,155.000,-0.031250,0.750000,0,0,0,,,NONE,0.000000,0.000000,4.354151,4.845848
53.056,FOLLOW_LANE,camera lane following,156.000,-0.025000,0.750000,0,0,0,,,NONE,0.000000,0.000000,4.411948,4.788052
53.088,FOLLOW_LANE,camera lane following,155.000,-0.031250,0.750000,0,0,0,,,NONE,0.000000,0.000000,4.330678,4.869322
53.120,FOLLOW_LANE,camera lane following,158.000,-0.012500,0.750000,0,0,0,,,NONE,0.000000,0.000000,4.543170,4.656830
53.152,FOLLOW_LANE,camera lane following,157.000,-0.018750,0.750000,0,0,0,,,NONE,0.000000,0.000000,4.430658,4.769342
53.184,FOLLOW_LANE,camera lane following,156.500,-0.021875,0.750000,0,0,0,,,NONE,0.000000,0.000000,4.413456,4.786543
53.216,FOLLOW_LANE,camera lane following,157.000,-0.018750,0.750000,0,0,0,,,NONE,0.000000,0.000000,4.454069,4.745931
53.248,FOLLOW_LANE,camera lane following,157.500,-0.015625,0.750000,0,0,0,,,NONE,0.000000,0.000000,4.479059,4.720940
53.280,FOLLOW_LANE,camera lane following,157.000,-0.018750,0.750000,0,0,0,,,NONE,0.000000,0.000000,4.438422,4.761577
53.312,FOLLOW_LANE,camera lane following,156.000,-0.025000,0.750000,0,0,0,,,NONE,0.000000,0.000000,4.380594,4.819406
53.344,FOLLOW_LANE,camera lane following,155.500,-0.028125,0.750000,0,0,0,,,NONE,0.000000,0.000000,4.363388,4.836612
53.376,FOLLOW_LANE,camera lane following,155.000,-0.031250,0.750000,0,0,0,,,NONE,0.000000,0.000000,4.338368,4.861631
53.408,FOLLOW_LANE,camera lane following,154.500,-0.034375,0.750000,0,0,0,,,NONE,0.000000,0.000000,4.313346,4.886653
53.440,FOLLOW_LANE,camera lane following,154.500,-0.034375,0.750000,0,0,0,,,NONE,0.000000,0.000000,4.321137,4.878863
53.472,FOLLOW_LANE,camera lane following,154.500,-0.034375,0.750000,0,0,0,,,NONE,0.000000,0.000000,4.321115,4.878885
53.504,FOLLOW_LANE,camera lane following,154.000,-0.037500,0.750000,0,0,0,,,NONE,0.000000,0.000000,4.288278,4.911721
53.536,FOLLOW_LANE,camera lane following,154.000,-0.037500,0.750000,0,0,0,,,NONE,0.000000,0.000000,4.296067,4.903933
53.568,FOLLOW_LANE,camera lane following,153.500,-0.040625,0.750000,0,0,0,,,NONE,0.000000,0.000000,4.263228,4.936771
53.600,FOLLOW_LANE,camera lane following,153.500,-0.040625,0.750000,0,0,0,,,NONE,0.000000,0.000000,4.271015,4.928985
53.632,FOLLOW_LANE,camera lane following,153.250,-0.042188,0.750000,0,0,0,,,NONE,0.000000,0.000000,4.254582,4.945418
53.664,FOLLOW_LANE,camera lane following,153.500,-0.040625,0.750000,0,0,0,,,NONE,0.000000,0.000000,4.274868,4.925132
53.696,FOLLOW_LANE,camera lane following,154.000,-0.037500,0.750000,0,0,0,,,NONE,0.000000,0.000000,4.303750,4.896249
53.728,FOLLOW_LANE,camera lane following,154.000,-0.037500,0.750000,0,0,0,,,NONE,0.000000,0.000000,4.295914,4.904086
53.760,FOLLOW_LANE,camera lane following,154.000,-0.037500,0.750000,0,0,0,,,NONE,0.000000,0.000000,4.295890,4.904110
53.792,FOLLOW_LANE,camera lane following,154.000,-0.037500,0.750000,0,0,0,,,NONE,0.000000,0.000000,4.295866,4.904134
53.824,FOLLOW_LANE,camera lane following,154.000,-0.037500,0.750000,0,0,0,,,NONE,0.000000,0.000000,4.295842,4.904158
53.856,FOLLOW_LANE,camera lane following,154.500,-0.034375,0.750000,0,0,0,,,NONE,0.000000,0.000000,4.328632,4.871367
53.888,FOLLOW_LANE,camera lane following,154.500,-0.034375,0.750000,0,0,0,,,NONE,0.000000,0.000000,4.320798,4.879202
53.920,FOLLOW_LANE,camera lane following,154.500,-0.034375,0.750000,0,0,0,,,NONE,0.000000,0.000000,4.320776,4.879224
53.952,FOLLOW_LANE,camera lane following,154.500,-0.034375,0.750000,0,0,0,,,NONE,0.000000,0.000000,4.320754,4.879246
53.984,FOLLOW_LANE,camera lane following,155.500,-0.028125,0.750000,0,0,0,,,NONE,0.000000,0.000000,4.386361,4.813639
54.016,FOLLOW_LANE,camera lane following,156.500,-0.021875,0.750000,0,0,0,,,NONE,0.000000,0.000000,4.436347,4.763653
54.048,FOLLOW_LANE,camera lane following,156.000,-0.025000,0.750000,0,0,0,,,NONE,0.000000,0.000000,4.387893,4.812106
54.080,FOLLOW_LANE,camera lane following,158.000,-0.012500,0.750000,0,0,0,,,NONE,0.000000,0.000000,4.526948,4.673052
54.112,FOLLOW_LANE,camera lane following,157.000,-0.018750,0.750000,0,0,0,,,NONE,0.000000,0.000000,4.430061,4.769939
54.144,FOLLOW_LANE,camera lane following,157.500,-0.015625,0.750000,0,0,0,,,NONE,0.000000,0.000000,4.478488,4.721512
54.176,FOLLOW_LANE,camera lane following,157.500,-0.015625,0.750000,0,0,0,,,NONE,0.000000,0.000000,4.470666,4.729334
54.208,FOLLOW_LANE,camera lane following,158.000,-0.012500,0.750000,0,0,0,,,NONE,0.000000,0.000000,4.503470,4.696529
54.240,FOLLOW_LANE,camera lane following,158.000,-0.012500,0.750000,0,0,0,,,NONE,0.000000,0.000000,4.495650,4.704350
54.272,FOLLOW_LANE,camera lane following,156.500,-0.021875,0.750000,0,0,0,,,NONE,0.000000,0.000000,4.397199,4.802801
54.304,FOLLOW_LANE,camera lane following,156.000,-0.025000,0.750000,0,0,0,,,NONE,0.000000,0.000000,4.387807,4.812193
54.336,FOLLOW_LANE,camera lane following,155.500,-0.028125,0.750000,0,0,0,,,NONE,0.000000,0.000000,4.362789,4.837210
54.368,FOLLOW_LANE,camera lane following,155.000,-0.031250,0.750000,0,0,0,,,NONE,0.000000,0.000000,4.337769,4.862230
54.400,FOLLOW_LANE,camera lane following,155.000,-0.031250,0.750000,0,0,0,,,NONE,0.000000,0.000000,4.345562,4.854438
54.432,FOLLOW_LANE,camera lane following,154.500,-0.034375,0.750000,0,0,0,,,NONE,0.000000,0.000000,4.312727,4.887272
54.464,FOLLOW_LANE,camera lane following,154.000,-0.037500,0.750000,0,0,0,,,NONE,0.000000,0.000000,4.287703,4.912297
54.496,FOLLOW_LANE,camera lane following,154.000,-0.037500,0.750000,0,0,0,,,NONE,0.000000,0.000000,4.295492,4.904508
54.528,FOLLOW_LANE,camera lane following,153.500,-0.040625,0.750000,0,0,0,,,NONE,0.000000,0.000000,4.262653,4.937346
54.560,FOLLOW_LANE,camera lane following,154.000,-0.037500,0.750000,0,0,0,,,NONE,0.000000,0.000000,4.303254,4.896745
54.592,FOLLOW_LANE,camera lane following,153.500,-0.040625,0.750000,0,0,0,,,NONE,0.000000,0.000000,4.262603,4.937396
54.624,FOLLOW_LANE,camera lane following,153.500,-0.040625,0.750000,0,0,0,,,NONE,0.000000,0.000000,4.270390,4.929610
54.656,FOLLOW_LANE,camera lane following,153.500,-0.040625,0.750000,0,0,0,,,NONE,0.000000,0.000000,4.270364,4.929636
54.688,FOLLOW_LANE,camera lane following,153.500,-0.040625,0.750000,0,0,0,,,NONE,0.000000,0.000000,4.270338,4.929662
54.720,FOLLOW_LANE,camera lane following,153.500,-0.040625,0.750000,0,0,0,,,NONE,0.000000,0.000000,4.270312,4.929688
54.752,FOLLOW_LANE,camera lane following,153.500,-0.040625,0.750000,0,0,0,,,NONE,0.000000,0.000000,4.270286,4.929714
54.784,FOLLOW_LANE,camera lane following,154.000,-0.037500,0.750000,0,0,0,,,NONE,0.000000,0.000000,4.303074,4.896926
54.816,FOLLOW_LANE,camera lane following,154.500,-0.034375,0.750000,0,0,0,,,NONE,0.000000,0.000000,4.328053,4.871947
54.848,FOLLOW_LANE,camera lane following,154.500,-0.034375,0.750000,0,0,0,,,NONE,0.000000,0.000000,4.320218,4.879782
54.880,FOLLOW_LANE,camera lane following,154.000,-0.037500,0.750000,0,0,0,,,NONE,0.000000,0.000000,4.287381,4.912618
54.912,FOLLOW_LANE,camera lane following,155.000,-0.031250,0.750000,0,0,0,,,NONE,0.000000,0.000000,4.360799,4.839201
54.944,FOLLOW_LANE,camera lane following,155.000,-0.031250,0.750000,0,0,0,,,NONE,0.000000,0.000000,4.345154,4.854846
54.976,FOLLOW_LANE,camera lane following,156.000,-0.025000,0.750000,0,0,0,,,NONE,0.000000,0.000000,4.410763,4.789237
55.008,FOLLOW_LANE,camera lane following,155.500,-0.028125,0.750000,0,0,0,,,NONE,0.000000,0.000000,4.362308,4.837692
55.040,FOLLOW_LANE,camera lane following,157.000,-0.018750,0.750000,0,0,0,,,NONE,0.000000,0.000000,4.468545,4.731454
55.072,FOLLOW_LANE,camera lane following,158.000,-0.012500,0.750000,0,0,0,,,NONE,0.000000,0.000000,4.510725,4.689275
55.104,FOLLOW_LANE,camera lane following,157.000,-0.018750,0.750000,0,0,0,,,NONE,0.000000,0.000000,4.429463,4.770537
55.136,FOLLOW_LANE,camera lane following,157.500,-0.015625,0.750000,0,0,0,,,NONE,0.000000,0.000000,4.477890,4.722109
55.168,FOLLOW_LANE,camera lane following,158.000,-0.012500,0.750000,0,0,0,,,NONE,0.000000,0.000000,4.502882,4.697118
55.200,FOLLOW_LANE,camera lane following,158.500,-0.009375,0.750000,0,0,0,,,NONE,0.000000,0.000000,4.527876,4.672123
55.232,FOLLOW_LANE,camera lane following,156.500,-0.021875,0.750000,0,0,0,,,NONE,0.000000,0.000000,4.388800,4.811200
55.264,FOLLOW_LANE,camera lane following,155.000,-0.031250,0.750000,0,0,0,,,NONE,0.000000,0.000000,4.321592,4.878407
55.296,FOLLOW_LANE,camera lane following,154.500,-0.034375,0.750000,0,0,0,,,NONE,0.000000,0.000000,4.312195,4.887804
55.328,FOLLOW_LANE,camera lane following,154.500,-0.034375,0.750000,0,0,0,,,NONE,0.000000,0.000000,4.319986,4.880014
55.360,FOLLOW_LANE,camera lane following,154.000,-0.037500,0.750000,0,0,0,,,NONE,0.000000,0.000000,4.287149,4.912850
55.392,FOLLOW_LANE,camera lane following,154.000,-0.037500,0.750000,0,0,0,,,NONE,0.000000,0.000000,4.294938,4.905062
55.424,FOLLOW_LANE,camera lane following,153.500,-0.040625,0.750000,0,0,0,,,NONE,0.000000,0.000000,4.262099,4.937900
55.456,FOLLOW_LANE,camera lane following,153.500,-0.040625,0.750000,0,0,0,,,NONE,0.000000,0.000000,4.269886,4.930114
55.488,FOLLOW_LANE,camera lane following,153.000,-0.043750,0.750000,0,0,0,,,NONE,0.000000,0.000000,4.237045,4.962954
55.520,FOLLOW_LANE,camera lane following,153.000,-0.043750,0.750000,0,0,0,,,NONE,0.000000,0.000000,4.244830,4.955170
55.552,FOLLOW_LANE,camera lane following,152.000,-0.050000,0.750000,0,0,0,,,NONE,0.000000,0.000000,4.179173,5.020827
55.584,FOLLOW_LANE,camera lane following,152.500,-0.046875,0.750000,0,0,0,,,NONE,0.000000,0.000000,4.227580,4.972419
55.616,FOLLOW_LANE,camera lane following,152.500,-0.046875,0.750000,0,0,0,,,NONE,0.000000,0.000000,4.219738,4.980262
55.648,FOLLOW_LANE,camera lane following,153.000,-0.043750,0.750000,0,0,0,,,NONE,0.000000,0.000000,4.252522,4.947477
55.680,FOLLOW_LANE,camera lane following,153.000,-0.043750,0.750000,0,0,0,,,NONE,0.000000,0.000000,4.244682,4.955318
55.712,FOLLOW_LANE,camera lane following,153.000,-0.043750,0.750000,0,0,0,,,NONE,0.000000,0.000000,4.244654,4.955346
55.744,FOLLOW_LANE,camera lane following,153.500,-0.040625,0.750000,0,0,0,,,NONE,0.000000,0.000000,4.277440,4.922559
55.776,FOLLOW_LANE,camera lane following,153.500,-0.040625,0.750000,0,0,0,,,NONE,0.000000,0.000000,4.269602,4.930398
55.808,FOLLOW_LANE,camera lane following,154.000,-0.037500,0.750000,0,0,0,,,NONE,0.000000,0.000000,4.302390,4.897609
55.840,FOLLOW_LANE,camera lane following,154.000,-0.037500,0.750000,0,0,0,,,NONE,0.000000,0.000000,4.294554,4.905446
55.872,FOLLOW_LANE,camera lane following,154.500,-0.034375,0.750000,0,0,0,,,NONE,0.000000,0.000000,4.327344,4.872655
55.904,FOLLOW_LANE,camera lane following,155.000,-0.031250,0.750000,0,0,0,,,NONE,0.000000,0.000000,4.352324,4.847675
55.936,FOLLOW_LANE,camera lane following,155.500,-0.028125,0.750000,0,0,0,,,NONE,0.000000,0.000000,4.377306,4.822693
55.968,FOLLOW_LANE,camera lane following,155.500,-0.028125,0.750000,0,0,0,,,NONE,0.000000,0.000000,4.369476,4.830524
56.000,FOLLOW_LANE,camera lane following,156.500,-0.021875,0.750000,0,0,0,,,NONE,0.000000,0.000000,4.435087,4.764913
56.032,FOLLOW_LANE,camera lane following,159.500,-0.003125,0.750000,0,0,0,,,NONE,0.000000,0.000000,4.649150,4.550850
56.064,FOLLOW_LANE,camera lane following,156.500,-0.021875,0.750000,0,0,0,,,NONE,0.000000,0.000000,4.364761,4.835239
56.096,FOLLOW_LANE,camera lane following,157.000,-0.018750,0.750000,0,0,0,,,NONE,0.000000,0.000000,4.452248,4.747751
56.128,FOLLOW_LANE,camera lane following,158.000,-0.012500,0.750000,0,0,0,,,NONE,0.000000,0.000000,4.510053,4.689947
56.160,FOLLOW_LANE,camera lane following,158.000,-0.012500,0.750000,0,0,0,,,NONE,0.000000,0.000000,4.494420,4.705580
56.192,FOLLOW_LANE,camera lane following,156.000,-0.025000,0.750000,0,0,0,,,NONE,0.000000,0.000000,4.363154,4.836846
56.224,FOLLOW_LANE,camera lane following,155.000,-0.031250,0.750000,0,0,0,,,NONE,0.000000,0.000000,4.328759,4.871241
56.256,FOLLOW_LANE,camera lane following,154.500,-0.034375,0.750000,0,0,0,,,NONE,0.000000,0.000000,4.311549,4.888450
56.288,FOLLOW_LANE,camera lane following,154.000,-0.037500,0.750000,0,0,0,,,NONE,0.000000,0.000000,4.286525,4.913474
56.320,FOLLOW_LANE,camera lane following,154.000,-0.037500,0.750000,0,0,0,,,NONE,0.000000,0.000000,4.294314,4.905686
56.352,FOLLOW_LANE,camera lane following,153.500,-0.040625,0.750000,0,0,0,,,NONE,0.000000,0.000000,4.261475,4.938524
56.384,FOLLOW_LANE,camera lane following,153.500,-0.040625,0.750000,0,0,0,,,NONE,0.000000,0.000000,4.269262,4.930738
56.416,FOLLOW_LANE,camera lane following,153.000,-0.043750,0.750000,0,0,0,,,NONE,0.000000,0.000000,4.236421,4.963578
56.448,FOLLOW_LANE,camera lane following,153.000,-0.043750,0.750000,0,0,0,,,NONE,0.000000,0.000000,4.244206,4.955794
56.480,FOLLOW_LANE,camera lane following,153.000,-0.043750,0.750000,0,0,0,,,NONE,0.000000,0.000000,4.244178,4.955822
56.512,FOLLOW_LANE,camera lane following,153.000,-0.043750,0.750000,0,0,0,,,NONE,0.000000,0.000000,4.244150,4.955850
56.544,FOLLOW_LANE,camera lane following,152.500,-0.046875,0.750000,0,0,0,,,NONE,0.000000,0.000000,4.211307,4.988692
56.576,FOLLOW_LANE,camera lane following,153.000,-0.043750,0.750000,0,0,0,,,NONE,0.000000,0.000000,4.251904,4.948095
56.608,FOLLOW_LANE,camera lane following,153.000,-0.043750,0.750000,0,0,0,,,NONE,0.000000,0.000000,4.244064,4.955936
56.640,FOLLOW_LANE,camera lane following,153.000,-0.043750,0.750000,0,0,0,,,NONE,0.000000,0.000000,4.244036,4.955964
56.672,FOLLOW_LANE,camera lane following,153.500,-0.040625,0.750000,0,0,0,,,NONE,0.000000,0.000000,4.276822,4.923177
56.704,FOLLOW_LANE,camera lane following,154.000,-0.037500,0.750000,0,0,0,,,NONE,0.000000,0.000000,4.301798,4.898201
56.736,FOLLOW_LANE,camera lane following,154.000,-0.037500,0.750000,0,0,0,,,NONE,0.000000,0.000000,4.293962,4.906038
56.768,FOLLOW_LANE,camera lane following,154.000,-0.037500,0.750000,0,0,0,,,NONE,0.000000,0.000000,4.293938,4.906062
56.800,FOLLOW_LANE,camera lane following,154.500,-0.034375,0.750000,0,0,0,,,NONE,0.000000,0.000000,4.326728,4.873271
56.832,FOLLOW_LANE,camera lane following,154.500,-0.034375,0.750000,0,0,0,,,NONE,0.000000,0.000000,4.318894,4.881106
56.864,FOLLOW_LANE,camera lane following,155.500,-0.028125,0.750000,0,0,0,,,NONE,0.000000,0.000000,4.384501,4.815499
56.896,FOLLOW_LANE,camera lane following,156.000,-0.025000,0.750000,0,0,0,,,NONE,0.000000,0.000000,4.401672,4.798328
56.928,FOLLOW_LANE,camera lane following,155.500,-0.028125,0.750000,0,0,0,,,NONE,0.000000,0.000000,4.361029,4.838970
56.960,FOLLOW_LANE,camera lane following,156.000,-0.025000,0.750000,0,0,0,,,NONE,0.000000,0.000000,4.401638,4.798361
56.992,FOLLOW_LANE,camera lane following,159.500,-0.003125,0.750000,0,0,0,,,NONE,0.000000,0.000000,4.656326,4.543674
57.024,FOLLOW_LANE,camera lane following,157.000,-0.018750,0.750000,0,0,0,,,NONE,0.000000,0.000000,4.396939,4.803061
57.056,FOLLOW_LANE,camera lane following,157.500,-0.015625,0.750000,0,0,0,,,NONE,0.000000,0.000000,4.476616,4.723383
57.088,FOLLOW_LANE,camera lane following,157.000,-0.018750,0.750000,0,0,0,,,NONE,0.000000,0.000000,4.435979,4.764020
57.120,FOLLOW_LANE,camera lane following,156.500,-0.021875,0.750000,0,0,0,,,NONE,0.000000,0.000000,4.410965,4.789034
57.152,FOLLOW_LANE,camera lane following,155.500,-0.028125,0.750000,0,0,0,,,NONE,0.000000,0.000000,4.353135,4.846865
57.184,FOLLOW_LANE,camera lane following,155.500,-0.028125,0.750000,0,0,0,,,NONE,0.000000,0.000000,4.368742,4.831258
57.216,FOLLOW_LANE,camera lane following,155.000,-0.031250,0.750000,0,0,0,,,NONE,0.000000,0.000000,4.335909,4.864090
57.248,FOLLOW_LANE,camera lane following,155.000,-0.031250,0.750000,0,0,0,,,NONE,0.000000,0.000000,4.343702,4.856298
57.280,FOLLOW_LANE,camera lane following,154.500,-0.034375,0.750000,0,0,0,,,NONE,0.000000,0.000000,4.310867,4.889132
57.312,FOLLOW_LANE,camera lane following,155.000,-0.031250,0.750000,0,0,0,,,NONE,0.000000,0.000000,4.351472,4.848527
57.344,FOLLOW_LANE,camera lane following,155.000,-0.031250,0.750000,0,0,0,,,NONE,0.000000,0.000000,4.343640,4.856360
57.376,FOLLOW_LANE,camera lane following,155.000,-0.031250,0.750000,0,0,0,,,NONE,0.000000,0.000000,4.343620,4.856380
57.408,FOLLOW_LANE,camera lane following,154.500,-0.034375,0.750000,0,0,0,,,NONE,0.000000,0.000000,4.310785,4.889214
57.440,FOLLOW_LANE,camera lane following,154.500,-0.034375,0.750000,0,0,0,,,NONE,0.000000,0.000000,4.318576,4.881424
57.472,FOLLOW_LANE,camera lane following,154.500,-0.034375,0.750000,0,0,0,,,NONE,0.000000,0.000000,4.318554,4.881446
57.504,FOLLOW_LANE,camera lane following,154.500,-0.034375,0.750000,0,0,0,,,NONE,0.000000,0.000000,4.318532,4.881468
57.536,FOLLOW_LANE,camera lane following,154.500,-0.034375,0.750000,0,0,0,,,NONE,0.000000,0.000000,4.318510,4.881490
57.568,FOLLOW_LANE,camera lane following,154.500,-0.034375,0.750000,0,0,0,,,NONE,0.000000,0.000000,4.318488,4.881512
57.600,FOLLOW_LANE,camera lane following,154.500,-0.034375,0.750000,0,0,0,,,NONE,0.000000,0.000000,4.318466,4.881534
57.632,FOLLOW_LANE,camera lane following,155.000,-0.031250,0.750000,0,0,0,,,NONE,0.000000,0.000000,4.351258,4.848742
57.664,FOLLOW_LANE,camera lane following,155.000,-0.031250,0.750000,0,0,0,,,NONE,0.000000,0.000000,4.343426,4.856574
57.696,FOLLOW_LANE,camera lane following,155.000,-0.031250,0.750000,0,0,0,,,NONE,0.000000,0.000000,4.343406,4.856594
57.728,FOLLOW_LANE,camera lane following,155.000,-0.031250,0.750000,0,0,0,,,NONE,0.000000,0.000000,4.343386,4.856614
57.760,FOLLOW_LANE,camera lane following,155.500,-0.028125,0.750000,0,0,0,,,NONE,0.000000,0.000000,4.376180,4.823819
57.792,FOLLOW_LANE,camera lane following,155.500,-0.028125,0.750000,0,0,0,,,NONE,0.000000,0.000000,4.368350,4.831650
57.824,FOLLOW_LANE,camera lane following,156.000,-0.025000,0.750000,0,0,0,,,NONE,0.000000,0.000000,4.401146,4.798853
57.856,FOLLOW_LANE,camera lane following,156.500,-0.021875,0.750000,0,0,0,,,NONE,0.000000,0.000000,4.426132,4.773867
57.888,FOLLOW_LANE,camera lane following,156.000,-0.025000,0.750000,0,0,0,,,NONE,0.000000,0.000000,4.385491,4.814508
57.920,FOLLOW_LANE,camera lane following,156.500,-0.021875,0.750000,0,0,0,,,NONE,0.000000,0.000000,4.426102,4.773897
57.952,FOLLOW_LANE,camera lane following,160.500,0.003125,0.750000,0,0,0,,,NONE,0.000000,0.000000,4.647977,4.552022
57.984,FOLLOW_LANE,camera lane following,157.000,-0.018750,0.750000,0,0,0,,,NONE,0.000000,0.000000,4.396403,4.803597
58.016,FOLLOW_LANE,camera lane following,157.500,-0.015625,0.750000,0,0,0,,,NONE,0.000000,0.000000,4.476080,4.723920
58.048,FOLLOW_LANE,camera lane following,158.000,-0.012500,0.750000,0,0,0,,,NONE,0.000000,0.000000,4.501072,4.698927
58.080,FOLLOW_LANE,camera lane following,158.000,-0.012500,0.750000,0,0,0,,,NONE,0.000000,0.000000,4.493252,4.706748
58.112,FOLLOW_LANE,camera lane following,157.000,-0.018750,0.750000,0,0,0,,,NONE,0.000000,0.000000,4.427615,4.772385
58.144,FOLLOW_LANE,camera lane following,155.500,-0.028125,0.750000,0,0,0,,,NONE,0.000000,0.000000,4.344784,4.855215
58.176,FOLLOW_LANE,camera lane following,155.000,-0.031250,0.750000,0,0,0,,,NONE,0.000000,0.000000,4.335389,4.864610
58.208,FOLLOW_LANE,camera lane following,155.000,-0.031250,0.750000,0,0,0,,,NONE,0.000000,0.000000,4.343182,4.856818
58.240,FOLLOW_LANE,camera lane following,154.500,-0.034375,0.750000,0,0,0,,,NONE,0.000000,0.000000,4.310347,4.889652
58.272,FOLLOW_LANE,camera lane following,155.000,-0.031250,0.750000,0,0,0,,,NONE,0.000000,0.000000,4.350953,4.849047
58.304,FOLLOW_LANE,camera lane following,154.500,-0.034375,0.750000,0,0,0,,,NONE,0.000000,0.000000,4.310305,4.889695
58.336,FOLLOW_LANE,camera lane following,154.000,-0.037500,0.750000,0,0,0,,,NONE,0.000000,0.000000,4.285281,4.914718
58.368,FOLLOW_LANE,camera lane following,154.000,-0.037500,0.750000,0,0,0,,,NONE,0.000000,0.000000,4.293070,4.906930
58.400,FOLLOW_LANE,camera lane following,153.500,-0.040625,0.750000,0,0,0,,,NONE,0.000000,0.000000,4.260231,4.939768
58.432,FOLLOW_LANE,camera lane following,153.500,-0.040625,0.750000,0,0,0,,,NONE,0.000000,0.000000,4.268018,4.931982
58.464,FOLLOW_LANE,camera lane following,153.500,-0.040625,0.750000,0,0,0,,,NONE,0.000000,0.000000,4.267992,4.932008
58.496,FOLLOW_LANE,camera lane following,153.000,-0.043750,0.750000,0,0,0,,,NONE,0.000000,0.000000,4.235151,4.964848
58.528,FOLLOW_LANE,camera lane following,153.000,-0.043750,0.750000,0,0,0,,,NONE,0.000000,0.000000,4.242936,4.957064
58.560,FOLLOW_LANE,camera lane following,153.500,-0.040625,0.750000,0,0,0,,,NONE,0.000000,0.000000,4.275722,4.924277
58.592,FOLLOW_LANE,camera lane following,153.500,-0.040625,0.750000,0,0,0,,,NONE,0.000000,0.000000,4.267884,4.932116
58.624,FOLLOW_LANE,camera lane following,154.000,-0.037500,0.750000,0,0,0,,,NONE,0.000000,0.000000,4.300672,4.899328
58.656,FOLLOW_LANE,camera lane following,154.000,-0.037500,0.750000,0,0,0,,,NONE,0.000000,0.000000,4.292836,4.907164
58.688,FOLLOW_LANE,camera lane following,154.500,-0.034375,0.750000,0,0,0,,,NONE,0.000000,0.000000,4.325626,4.874373
58.720,FOLLOW_LANE,camera lane following,154.500,-0.034375,0.750000,0,0,0,,,NONE,0.000000,0.000000,4.317792,4.882208
58.752,FOLLOW_LANE,camera lane following,154.500,-0.034375,0.750000,0,0,0,,,NONE,0.000000,0.000000,4.317770,4.882230
58.784,FOLLOW_LANE,camera lane following,155.000,-0.031250,0.750000,0,0,0,,,NONE,0.000000,0.000000,4.350562,4.849437
58.816,FOLLOW_LANE,camera lane following,156.000,-0.025000,0.750000,0,0,0,,,NONE,0.000000,0.000000,4.408359,4.791641
58.848,FOLLOW_LANE,camera lane following,155.500,-0.028125,0.750000,0,0,0,,,NONE,0.000000,0.000000,4.359903,4.840096
58.880,FOLLOW_LANE,camera lane following,156.500,-0.021875,0.750000,0,0,0,,,NONE,0.000000,0.000000,4.433327,4.766673
58.912,FOLLOW_LANE,camera lane following,159.500,-0.003125,0.750000,0,0,0,,,NONE,0.000000,0.000000,4.647390,4.552610
58.944,FOLLOW_LANE,camera lane following,157.000,-0.018750,0.750000,0,0,0,,,NONE,0.000000,0.000000,4.395815,4.804185
58.976,FOLLOW_LANE,camera lane following,157.000,-0.018750,0.750000,0,0,0,,,NONE,0.000000,0.000000,4.442678,4.757322
59.008,FOLLOW_LANE,camera lane following,157.500,-0.015625,0.750000,0,0,0,,,NONE,0.000000,0.000000,4.475480,4.724519
59.040,FOLLOW_LANE,camera lane following,158.500,-0.009375,0.750000,0,0,0,,,NONE,0.000000,0.000000,4.533287,4.666713
59.072,FOLLOW_LANE,camera lane following,158.000,-0.012500,0.750000,0,0,0,,,NONE,0.000000,0.000000,4.484841,4.715158
59.104,FOLLOW_LANE,camera lane following,155.500,-0.028125,0.750000,0,0,0,,,NONE,0.000000,0.000000,4.328573,4.871427
59.136,FOLLOW_LANE,camera lane following,154.500,-0.034375,0.750000,0,0,0,,,NONE,0.000000,0.000000,4.301989,4.898011
59.168,FOLLOW_LANE,camera lane following,154.500,-0.034375,0.750000,0,0,0,,,NONE,0.000000,0.000000,4.317592,4.882408
59.200,FOLLOW_LANE,camera lane following,154.500,-0.034375,0.750000,0,0,0,,,NONE,0.000000,0.000000,4.317570,4.882430
59.232,FOLLOW_LANE,camera lane following,154.000,-0.037500,0.750000,0,0,0,,,NONE,0.000000,0.000000,4.284733,4.915266
59.264,FOLLOW_LANE,camera lane following,153.500,-0.040625,0.750000,0,0,0,,,NONE,0.000000,0.000000,4.259707,4.940292
59.296,FOLLOW_LANE,camera lane following,153.000,-0.043750,0.750000,0,0,0,,,NONE,0.000000,0.000000,4.234679,4.965320
59.328,FOLLOW_LANE,camera lane following,152.500,-0.046875,0.750000,0,0,0,,,NONE,0.000000,0.000000,4.209649,4.990350
59.360,FOLLOW_LANE,camera lane following,152.500,-0.046875,0.750000,0,0,0,,,NONE,0.000000,0.000000,4.217432,4.982568
59.392,FOLLOW_LANE,camera lane following,152.000,-0.050000,0.750000,0,0,0,,,NONE,0.000000,0.000000,4.184587,5.015413
59.424,FOLLOW_LANE,camera lane following,152.000,-0.050000,0.750000,0,0,0,,,NONE,0.000000,0.000000,4.192368,5.007632
59.456,FOLLOW_LANE,camera lane following,152.000,-0.050000,0.750000,0,0,0,,,NONE,0.000000,0.000000,4.192336,5.007664
59.488,FOLLOW_LANE,camera lane following,152.000,-0.050000,0.750000,0,0,0,,,NONE,0.000000,0.000000,4.192304,5.007696
59.520,FOLLOW_LANE,camera lane following,152.500,-0.046875,0.750000,0,0,0,,,NONE,0.000000,0.000000,4.225086,4.974913
59.552,FOLLOW_LANE,camera lane following,153.000,-0.043750,0.750000,0,0,0,,,NONE,0.000000,0.000000,4.250058,4.949941
59.584,FOLLOW_LANE,camera lane following,153.000,-0.043750,0.750000,0,0,0,,,NONE,0.000000,0.000000,4.242218,4.957782
59.616,FOLLOW_LANE,camera lane following,153.500,-0.040625,0.750000,0,0,0,,,NONE,0.000000,0.000000,4.275004,4.924995
59.648,FOLLOW_LANE,camera lane following,153.500,-0.040625,0.750000,0,0,0,,,NONE,0.000000,0.000000,4.267166,4.932834
59.680,FOLLOW_LANE,camera lane following,154.000,-0.037500,0.750000,0,0,0,,,NONE,0.000000,0.000000,4.299954,4.900046
59.712,FOLLOW_LANE,camera lane following,154.000,-0.037500,0.750000,0,0,0,,,NONE,0.000000,0.000000,4.292118,4.907882
59.744,FOLLOW_LANE,camera lane following,154.500,-0.034375,0.750000,0,0,0,,,NONE,0.000000,0.000000,4.324908,4.875091
59.776,FOLLOW_LANE,camera lane following,155.500,-0.028125,0.750000,0,0,0,,,NONE,0.000000,0.000000,4.382703,4.817297
59.808,FOLLOW_LANE,camera lane following,155.500,-0.028125,0.750000,0,0,0,,,NONE,0.000000,0.000000,4.367060,4.832940
59.840,FOLLOW_LANE,camera lane following,156.000,-0.025000,0.750000,0,0,0,,,NONE,0.000000,0.000000,4.399856,4.800143
59.872,FOLLOW_LANE,camera lane following,160.500,0.003125,0.750000,0,0,0,,,NONE,0.000000,0.000000,4.654544,4.545456
59.904,FOLLOW_LANE,camera lane following,157.000,-0.018750,0.750000,0,0,0,,,NONE,0.000000,0.000000,4.395157,4.804843
59.936,FOLLOW_LANE,camera lane following,157.000,-0.018750,0.750000,0,0,0,,,NONE,0.000000,0.000000,4.442020,4.757980
59.968,FOLLOW_LANE,camera lane following,158.000,-0.012500,0.750000,0,0,0,,,NONE,0.000000,0.000000,4.507637,4.692363
60.000,FOLLOW_LANE,camera lane following,158.500,-0.009375,0.750000,0,0,0,,,NONE,0.000000,0.000000,4.524818,4.675181
60.032,FOLLOW_LANE,camera lane following,158.000,-0.012500,0.750000,0,0,0,,,NONE,0.000000,0.000000,4.484185,4.715814
60.064,FOLLOW_LANE,camera lane following,155.500,-0.028125,0.750000,0,0,0,,,NONE,0.000000,0.000000,4.327917,4.872082
60.096,FOLLOW_LANE,camera lane following,155.000,-0.031250,0.750000,0,0,0,,,NONE,0.000000,0.000000,4.334147,4.865852
60.128,FOLLOW_LANE,camera lane following,154.500,-0.034375,0.750000,0,0,0,,,NONE,0.000000,0.000000,4.309125,4.890874
60.160,FOLLOW_LANE,camera lane following,154.000,-0.037500,0.750000,0,0,0,,,NONE,0.000000,0.000000,4.284101,4.915898
60.192,FOLLOW_LANE,camera lane following,153.500,-0.040625,0.750000,0,0,0,,,NONE,0.000000,0.000000,4.259075,4.940924
60.224,FOLLOW_LANE,camera lane following,153.500,-0.040625,0.750000,0,0,0,,,NONE,0.000000,0.000000,4.266862,4.933138
60.256,FOLLOW_LANE,camera lane following,153.500,-0.040625,0.750000,0,0,0,,,NONE,0.000000,0.000000,4.266836,4.933164
60.288,FOLLOW_LANE,camera lane following,153.500,-0.040625,0.750000,0,0,0,,,NONE,0.000000,0.000000,4.266810,4.933190
60.320,FOLLOW_LANE,camera lane following,153.000,-0.043750,0.750000,0,0,0,,,NONE,0.000000,0.000000,4.233969,4.966030
60.352,FOLLOW_LANE,camera lane following,153.000,-0.043750,0.750000,0,0,0,,,NONE,0.000000,0.000000,4.241754,4.958246
60.384,FOLLOW_LANE,camera lane following,152.500,-0.046875,0.750000,0,0,0,,,NONE,0.000000,0.000000,4.208911,4.991089
60.416,FOLLOW_LANE,camera lane following,152.500,-0.046875,0.750000,0,0,0,,,NONE,0.000000,0.000000,4.216694,4.983306
60.448,FOLLOW_LANE,camera lane following,152.500,-0.046875,0.750000,0,0,0,,,NONE,0.000000,0.000000,4.216664,4.983336
60.480,FOLLOW_LANE,camera lane following,153.500,-0.040625,0.750000,0,0,0,,,NONE,0.000000,0.000000,4.282263,4.917737
60.512,FOLLOW_LANE,camera lane following,153.500,-0.040625,0.750000,0,0,0,,,NONE,0.000000,0.000000,4.266612,4.933388
60.544,FOLLOW_LANE,camera lane following,153.500,-0.040625,0.750000,0,0,0,,,NONE,0.000000,0.000000,4.266586,4.933414
60.576,FOLLOW_LANE,camera lane following,154.000,-0.037500,0.750000,0,0,0,,,NONE,0.000000,0.000000,4.299374,4.900625
60.608,FOLLOW_LANE,camera lane following,154.000,-0.037500,0.750000,0,0,0,,,NONE,0.000000,0.000000,4.291538,4.908462
60.640,FOLLOW_LANE,camera lane following,154.000,-0.037500,0.750000,0,0,0,,,NONE,0.000000,0.000000,4.291514,4.908486
60.672,FOLLOW_LANE,camera lane following,154.500,-0.034375,0.750000,0,0,0,,,NONE,0.000000,0.000000,4.324304,4.875695
60.704,FOLLOW_LANE,camera lane following,155.000,-0.031250,0.750000,0,0,0,,,NONE,0.000000,0.000000,4.349284,4.850715
60.736,FOLLOW_LANE,camera lane following,156.000,-0.025000,0.750000,0,0,0,,,NONE,0.000000,0.000000,4.407081,4.792919
60.768,FOLLOW_LANE,camera lane following,155.500,-0.028125,0.750000,0,0,0,,,NONE,0.000000,0.000000,4.358625,4.841374
60.800,FOLLOW_LANE,camera lane following,156.000,-0.025000,0.750000,0,0,0,,,NONE,0.000000,0.000000,4.399234,4.800765
60.832,FOLLOW_LANE,camera lane following,160.500,0.003125,0.750000,0,0,0,,,NONE,0.000000,0.000000,4.653922,4.546078
60.864,FOLLOW_LANE,camera lane following,156.500,-0.021875,0.750000,0,0,0,,,NONE,0.000000,0.000000,4.361720,4.838279
60.896,FOLLOW_LANE,camera lane following,157.000,-0.018750,0.750000,0,0,0,,,NONE,0.000000,0.000000,4.449208,4.750792
60.928,FOLLOW_LANE,camera lane following,157.500,-0.015625,0.750000,0,0,0,,,NONE,0.000000,0.000000,4.474198,4.725801
60.960,FOLLOW_LANE,camera lane following,157.500,-0.015625,0.750000,0,0,0,,,NONE,0.000000,0.000000,4.466376,4.733624
60.992,FOLLOW_LANE,camera lane following,157.000,-0.018750,0.750000,0,0,0,,,NONE,0.000000,0.000000,4.433552,4.766448
61.024,FOLLOW_LANE,camera lane following,155.500,-0.028125,0.750000,0,0,0,,,NONE,0.000000,0.000000,4.342909,4.857091
61.056,FOLLOW_LANE,camera lane following,155.000,-0.031250,0.750000,0,0,0,,,NONE,0.000000,0.000000,4.333513,4.866486
61.088,FOLLOW_LANE,camera lane following,155.000,-0.031250,0.750000,0,0,0,,,NONE,0.000000,0.000000,4.341306,4.858694
61.120,FOLLOW_LANE,camera lane following,154.500,-0.034375,0.750000,0,0,0,,,NONE,0.000000,0.000000,4.308471,4.891528
61.152,FOLLOW_LANE,camera lane following,154.500,-0.034375,0.750000,0,0,0,,,NONE,0.000000,0.000000,4.316262,4.883738
61.184,FOLLOW_LANE,camera lane following,154.500,-0.034375,0.750000,0,0,0,,,NONE,0.000000,0.000000,4.316240,4.883760
61.216,FOLLOW_LANE,camera lane following,154.000,-0.037500,0.750000,0,0,0,,,NONE,0.000000,0.000000,4.283403,4.916596
61.248,FOLLOW_LANE,camera lane following,154.000,-0.037500,0.750000,0,0,0,,,NONE,0.000000,0.000000,4.291192,4.908808
61.280,FOLLOW_LANE,camera lane following,153.500,-0.040625,0.750000,0,0,0,,,NONE,0.000000,0.000000,4.258353,4.941647
61.312,FOLLOW_LANE,camera lane following,153.500,-0.040625,0.750000,0,0,0,,,NONE,0.000000,0.000000,4.266140,4.933860
61.344,FOLLOW_LANE,camera lane following,153.500,-0.040625,0.750000,0,0,0,,,NONE,0.000000,0.000000,4.266114,4.933886
61.376,FOLLOW_LANE,camera lane following,153.500,-0.040625,0.750000,0,0,0,,,NONE,0.000000,0.000000,4.266088,4.933912
61.408,FOLLOW_LANE,camera lane following,154.000,-0.037500,0.750000,0,0,0,,,NONE,0.000000,0.000000,4.298876,4.901123
61.440,FOLLOW_LANE,camera lane following,154.000,-0.037500,0.750000,0,0,0,,,NONE,0.000000,0.000000,4.291040,4.908960
61.472,FOLLOW_LANE,camera lane following,154.000,-0.037500,0.750000,0,0,0,,,NONE,0.000000,0.000000,4.291016,4.908984
61.504,FOLLOW_LANE,camera lane following,154.000,-0.037500,0.750000,0,0,0,,,NONE,0.000000,0.000000,4.290992,4.909008
61.536,FOLLOW_LANE,camera lane following,154.500,-0.034375,0.750000,0,0,0,,,NONE,0.000000,0.000000,4.323783,4.876217
61.568,FOLLOW_LANE,camera lane following,154.500,-0.034375,0.750000,0,0,0,,,NONE,0.000000,0.000000,4.315948,4.884052
61.600,FOLLOW_LANE,camera lane following,155.000,-0.031250,0.750000,0,0,0,,,NONE,0.000000,0.000000,4.348740,4.851259
61.632,FOLLOW_LANE,camera lane following,155.000,-0.031250,0.750000,0,0,0,,,NONE,0.000000,0.000000,4.340908,4.859092
61.664,FOLLOW_LANE,camera lane following,155.500,-0.028125,0.750000,0,0,0,,,NONE,0.000000,0.000000,4.373702,4.826297
61.696,FOLLOW_LANE,camera lane following,156.000,-0.025000,0.750000,0,0,0,,,NONE,0.000000,0.000000,4.398686,4.801314
61.728,FOLLOW_LANE,camera lane following,156.500,-0.021875,0.750000,0,0,0,,,NONE,0.000000,0.000000,4.423672,4.776327
61.760,FOLLOW_LANE,camera lane following,155.500,-0.028125,0.750000,0,0,0,,,NONE,0.000000,0.000000,4.350217,4.849783
61.792,FOLLOW_LANE,camera lane following,160.000,0.000000,0.750000,0,0,0,,,NONE,0.000000,0.000000,4.661154,4.538845
61.824,FOLLOW_LANE,camera lane following,157.500,-0.015625,0.750000,0,0,0,,,NONE,0.000000,0.000000,4.426769,4.773230
61.856,FOLLOW_LANE,camera lane following,157.500,-0.015625,0.750000,0,0,0,,,NONE,0.000000,0.000000,4.465822,4.734178
61.888,FOLLOW_LANE,camera lane following,157.500,-0.015625,0.750000,0,0,0,,,NONE,0.000000,0.000000,4.465812,4.734188
61.920,FOLLOW_LANE,camera lane following,157.500,-0.015625,0.750000,0,0,0,,,NONE,0.000000,0.000000,4.465802,4.734198
61.952,FOLLOW_LANE,camera lane following,156.500,-0.021875,0.750000,0,0,0,,,NONE,0.000000,0.000000,4.400163,4.799837
61.984,FOLLOW_LANE,camera lane following,156.000,-0.025000,0.750000,0,0,0,,,NONE,0.000000,0.000000,4.382959,4.817041
62.016,FOLLOW_LANE,camera lane following,156.000,-0.025000,0.750000,0,0,0,,,NONE,0.000000,0.000000,4.390756,4.809244
62.048,FOLLOW_LANE,camera lane following,155.500,-0.028125,0.750000,0,0,0,,,NONE,0.000000,0.000000,4.357925,4.842074
62.080,FOLLOW_LANE,camera lane following,155.500,-0.028125,0.750000,0,0,0,,,NONE,0.000000,0.000000,4.365720,4.834280
62.112,FOLLOW_LANE,camera lane following,155.000,-0.031250,0.750000,0,0,0,,,NONE,0.000000,0.000000,4.332888,4.867112
62.144,FOLLOW_LANE,camera lane following,155.000,-0.031250,0.750000,0,0,0,,,NONE,0.000000,0.000000,4.340680,4.859320
62.176,FOLLOW_LANE,camera lane following,155.000,-0.031250,0.750000,0,0,0,,,NONE,0.000000,0.000000,4.340660,4.859340
62.208,FOLLOW_LANE,camera lane following,154.500,-0.034375,0.750000,0,0,0,,,NONE,0.000000,0.000000,4.307825,4.892174
62.240,FOLLOW_LANE,camera lane following,154.500,-0.034375,0.750000,0,0,0,,,NONE,0.000000,0.000000,4.315616,4.884384
62.272,FOLLOW_LANE,camera lane following,154.000,-0.037500,0.750000,0,0,0,,,NONE,0.000000,0.000000,4.282779,4.917220
62.304,FOLLOW_LANE,camera lane following,154.500,-0.034375,0.750000,0,0,0,,,NONE,0.000000,0.000000,4.323382,4.876618
62.336,FOLLOW_LANE,camera lane following,154.500,-0.034375,0.750000,0,0,0,,,NONE,0.000000,0.000000,4.315548,4.884452
62.368,FOLLOW_LANE,camera lane following,154.500,-0.034375,0.750000,0,0,0,,,NONE,0.000000,0.000000,4.315526,4.884474
62.400,FOLLOW_LANE,camera lane following,154.500,-0.034375,0.750000,0,0,0,,,NONE,0.000000,0.000000,4.315504,4.884496
62.432,FOLLOW_LANE,camera lane following,154.500,-0.034375,0.750000,0,0,0,,,NONE,0.000000,0.000000,4.315482,4.884518
62.464,FOLLOW_LANE,camera lane following,154.500,-0.034375,0.750000,0,0,0,,,NONE,0.000000,0.000000,4.315460,4.884540
62.496,FOLLOW_LANE,camera lane following,154.500,-0.034375,0.750000,0,0,0,,,NONE,0.000000,0.000000,4.315438,4.884562
62.528,FOLLOW_LANE,camera lane following,154.500,-0.034375,0.750000,0,0,0,,,NONE,0.000000,0.000000,4.315416,4.884584
62.560,FOLLOW_LANE,camera lane following,155.000,-0.031250,0.750000,0,0,0,,,NONE,0.000000,0.000000,4.348208,4.851792
62.592,FOLLOW_LANE,camera lane following,155.000,-0.031250,0.750000,0,0,0,,,NONE,0.000000,0.000000,4.340376,4.859624
62.624,FOLLOW_LANE,camera lane following,155.000,-0.031250,0.750000,0,0,0,,,NONE,0.000000,0.000000,4.340356,4.859644
62.656,FOLLOW_LANE,camera lane following,156.000,-0.025000,0.750000,0,0,0,,,NONE,0.000000,0.000000,4.405965,4.794035
62.688,FOLLOW_LANE,camera lane following,156.000,-0.025000,0.750000,0,0,0,,,NONE,0.000000,0.000000,4.390324,4.809676
62.720,FOLLOW_LANE,camera lane following,156.000,-0.025000,0.750000,0,0,0,,,NONE,0.000000,0.000000,4.390308,4.809692
62.752,FOLLOW_LANE,camera lane following,157.750,-0.014063,0.750000,0,0,0,,,NONE,0.000000,0.000000,4.505143,4.694857
62.784,FOLLOW_LANE,camera lane following,157.000,-0.018750,0.750000,0,0,0,,,NONE,0.000000,0.000000,4.428568,4.771432
62.816,FOLLOW_LANE,camera lane following,157.000,-0.018750,0.750000,0,0,0,,,NONE,0.000000,0.000000,4.440275,4.759725
62.848,FOLLOW_LANE,camera lane following,157.500,-0.015625,0.750000,0,0,0,,,NONE,0.000000,0.000000,4.473077,4.726922
62.880,FOLLOW_LANE,camera lane following,158.000,-0.012500,0.750000,0,0,0,,,NONE,0.000000,0.000000,4.498069,4.701930
62.912,FOLLOW_LANE,camera lane following,157.500,-0.015625,0.750000,0,0,0,,,NONE,0.000000,0.000000,4.457434,4.742565
62.944,FOLLOW_LANE,camera lane following,156.000,-0.025000,0.750000,0,0,0,,,NONE,0.000000,0.000000,4.366793,4.833206
62.976,FOLLOW_LANE,camera lane following,155.500,-0.028125,0.750000,0,0,0,,,NONE,0.000000,0.000000,4.357400,4.842599
63.008,FOLLOW_LANE,camera lane following,155.500,-0.028125,0.750000,0,0,0,,,NONE,0.000000,0.000000,4.365195,4.834805
63.040,FOLLOW_LANE,camera lane following,155.000,-0.031250,0.750000,0,0,0,,,NONE,0.000000,0.000000,4.332362,4.867637
63.072,FOLLOW_LANE,camera lane following,154.500,-0.034375,0.750000,0,0,0,,,NONE,0.000000,0.000000,4.307340,4.892659
63.104,FOLLOW_LANE,camera lane following,154.500,-0.034375,0.750000,0,0,0,,,NONE,0.000000,0.000000,4.315131,4.884869
63.136,FOLLOW_LANE,camera lane following,154.000,-0.037500,0.750000,0,0,0,,,NONE,0.000000,0.000000,4.282294,4.917705
63.168,FOLLOW_LANE,camera lane following,153.500,-0.040625,0.750000,0,0,0,,,NONE,0.000000,0.000000,4.257268,4.942731
63.200,FOLLOW_LANE,camera lane following,153.000,-0.043750,0.750000,0,0,0,,,NONE,0.000000,0.000000,4.232240,4.967759
63.232,FOLLOW_LANE,camera lane following,153.000,-0.043750,0.750000,0,0,0,,,NONE,0.000000,0.000000,4.240025,4.959975
63.264,FOLLOW_LANE,camera lane following,152.500,-0.046875,0.750000,0,0,0,,,NONE,0.000000,0.000000,4.207183,4.992817
63.296,FOLLOW_LANE,camera lane following,152.500,-0.046875,0.750000,0,0,0,,,NONE,0.000000,0.000000,4.214965,4.985035
63.328,FOLLOW_LANE,camera lane following,152.500,-0.046875,0.750000,0,0,0,,,NONE,0.000000,0.000000,4.214935,4.985065
63.360,FOLLOW_LANE,camera lane following,152.500,-0.046875,0.750000,0,0,0,,,NONE,0.000000,0.000000,4.214905,4.985095
63.392,FOLLOW_LANE,camera lane following,152.500,-0.046875,0.750000,0,0,0,,,NONE,0.000000,0.000000,4.214875,4.985125
63.424,FOLLOW_LANE,camera lane following,153.000,-0.043750,0.750000,0,0,0,,,NONE,0.000000,0.000000,4.247659,4.952341
63.456,FOLLOW_LANE,camera lane following,153.000,-0.043750,0.750000,0,0,0,,,NONE,0.000000,0.000000,4.239819,4.960181
63.488,FOLLOW_LANE,camera lane following,153.500,-0.040625,0.750000,0,0,0,,,NONE,0.000000,0.000000,4.272605,4.927395
63.520,FOLLOW_LANE,camera lane following,153.500,-0.040625,0.750000,0,0,0,,,NONE,0.000000,0.000000,4.264767,4.935233
63.552,FOLLOW_LANE,camera lane following,154.000,-0.037500,0.750000,0,0,0,,,NONE,0.000000,0.000000,4.297555,4.902444
63.584,FOLLOW_LANE,camera lane following,154.500,-0.034375,0.750000,0,0,0,,,NONE,0.000000,0.000000,4.322533,4.877466
63.616,FOLLOW_LANE,camera lane following,154.500,-0.034375,0.750000,0,0,0,,,NONE,0.000000,0.000000,4.314699,4.885301
63.648,FOLLOW_LANE,camera lane following,155.250,-0.029687,0.750000,0,0,0,,,NONE,0.000000,0.000000,4.363899,4.836101
63.680,FOLLOW_LANE,camera lane following,156.000,-0.025000,0.750000,0,0,0,,,NONE,0.000000,0.000000,4.401383,4.798617
63.712,FOLLOW_LANE,camera lane following,156.500,-0.021875,0.750000,0,0,0,,,NONE,0.000000,0.000000,4.422462,4.777537
63.744,FOLLOW_LANE,camera lane following,157.000,-0.018750,0.750000,0,0,0,,,NONE,0.000000,0.000000,4.447450,4.752549
63.776,FOLLOW_LANE,camera lane following,156.500,-0.021875,0.750000,0,0,0,,,NONE,0.000000,0.000000,4.406811,4.793188
63.808,FOLLOW_LANE,camera lane following,155.500,-0.028125,0.750000,0,0,0,,,NONE,0.000000,0.000000,4.348981,4.851019
63.840,FOLLOW_LANE,camera lane following,160.000,0.000000,0.750000,0,0,0,,,NONE,0.000000,0.000000,4.659918,4.540081
63.872,FOLLOW_LANE,camera lane following,158.000,-0.012500,0.750000,0,0,0,,,NONE,0.000000,0.000000,4.458348,4.741652
63.904,FOLLOW_LANE,camera lane following,155.000,-0.031250,0.750000,0,0,0,,,NONE,0.000000,0.000000,4.292703,4.907297
63.936,FOLLOW_LANE,camera lane following,153.500,-0.040625,0.750000,0,0,0,,,NONE,0.000000,0.000000,4.241114,4.958886
63.968,FOLLOW_LANE,camera lane following,153.000,-0.043750,0.750000,0,0,0,,,NONE,0.000000,0.000000,4.231711,4.968288
64.000,FOLLOW_LANE,camera lane following,154.000,-0.037500,0.750000,0,0,0,,,NONE,0.000000,0.000000,4.305125,4.894875
