time_s,state,reason,lane_center_x,lane_error_normalized,lane_confidence,obstacle_count,path_blocked,obstacle_present,primary_track_id,obstacle_color,obstacle_motion,obstacle_confidence,obstacle_threat_score,left_speed,right_speed
0.032,FOLLOW_LANE,camera lane following,159.500,-0.003125,0.750000,0,0,0,,,NONE,0.000000,0.000000,4.600000,4.600000
0.064,FOLLOW_LANE,camera lane following,163.000,0.018750,0.750000,0,0,0,,,NONE,0.000000,0.000000,4.796887,4.403113
0.096,FOLLOW_LANE,camera lane following,160.500,0.003125,0.750000,0,0,0,,,NONE,0.000000,0.000000,4.553137,4.646863
0.128,FOLLOW_LANE,camera lane following,160.000,0.000000,0.750000,0,0,0,,,NONE,0.000000,0.000000,4.600012,4.599988
0.160,FOLLOW_LANE,camera lane following,159.500,-0.003125,0.750000,0,0,0,,,NONE,0.000000,0.000000,4.600012,4.599988
0.192,FOLLOW_LANE,camera lane following,160.000,0.000000,0.750000,0,0,0,,,NONE,0.000000,0.000000,4.600012,4.599988
0.224,FOLLOW_LANE,camera lane following,160.000,0.000000,0.750000,0,0,0,,,NONE,0.000000,0.000000,4.600012,4.599988
0.256,FOLLOW_LANE,camera lane following,160.000,0.000000,0.750000,0,0,0,,,NONE,0.000000,0.000000,4.600012,4.599988
0.288,FOLLOW_LANE,camera lane following,160.000,0.000000,0.750000,0,0,0,,,NONE,0.000000,0.000000,4.600012,4.599988
0.320,FOLLOW_LANE,camera lane following,159.500,-0.003125,0.750000,0,0,0,,,NONE,0.000000,0.000000,4.600012,4.599988
0.352,FOLLOW_LANE,camera lane following,159.500,-0.003125,0.750000,0,0,0,,,NONE,0.000000,0.000000,4.600012,4.599988
0.384,FOLLOW_LANE,camera lane following,159.000,-0.006250,0.750000,0,0,0,,,NONE,0.000000,0.000000,4.534383,4.665617
0.416,FOLLOW_LANE,camera lane following,159.250,-0.004687,0.750000,0,0,0,,,NONE,0.000000,0.000000,4.615633,4.584367
0.448,FOLLOW_LANE,camera lane following,160.000,0.000000,0.750000,0,0,0,,,NONE,0.000000,0.000000,4.600008,4.599992
0.480,FOLLOW_LANE,camera lane following,159.500,-0.003125,0.750000,0,0,0,,,NONE,0.000000,0.000000,4.600008,4.599992
0.512,FOLLOW_LANE,camera lane following,160.000,0.000000,0.750000,0,0,0,,,NONE,0.000000,0.000000,4.600008,4.599992
0.544,FOLLOW_LANE,camera lane following,160.000,0.000000,0.750000,0,0,0,,,NONE,0.000000,0.000000,4.600008,4.599992
0.576,FOLLOW_LANE,camera lane following,159.750,-0.001563,0.750000,0,0,0,,,NONE,0.000000,0.000000,4.600008,4.599992
0.608,FOLLOW_LANE,camera lane following,159.500,-0.003125,0.750000,0,0,0,,,NONE,0.000000,0.000000,4.600008,4.599992
0.640,FOLLOW_LANE,camera lane following,160.000,0.000000,0.750000,0,0,0,,,NONE,0.000000,0.000000,4.600008,4.599992
0.672,FOLLOW_LANE,camera lane following,160.000,0.000000,0.750000,0,0,0,,,NONE,0.000000,0.000000,4.600008,4.599992
0.704,FOLLOW_LANE,camera lane following,159.500,-0.003125,0.750000,0,0,0,,,NONE,0.000000,0.000000,4.600008,4.599992
0.736,FOLLOW_LANE,camera lane following,159.000,-0.006250,0.750000,0,0,0,,,NONE,0.000000,0.000000,4.534379,4.665621
0.768,FOLLOW_LANE,camera lane following,160.000,0.000000,0.750000,0,0,0,,,NONE,0.000000,0.000000,4.615629,4.584371
0.800,FOLLOW_LANE,camera lane following,159.500,-0.003125,0.750000,0,0,0,,,NONE,0.000000,0.000000,4.600004,4.599996
0.832,FOLLOW_LANE,camera lane following,160.000,0.000000,0.750000,0,0,0,,,NONE,0.000000,0.000000,4.600004,4.599996
0.864,FOLLOW_LANE,camera lane following,160.000,0.000000,0.750000,0,0,0,,,NONE,0.000000,0.000000,4.600004,4.599996
0.896,FOLLOW_LANE,camera lane following,160.000,0.000000,0.750000,0,0,0,,,NONE,0.000000,0.000000,4.600004,4.599996
0.928,FOLLOW_LANE,camera lane following,160.000,0.000000,0.750000,0,0,0,,,NONE,0.000000,0.000000,4.600004,4.599996
0.960,FOLLOW_LANE,camera lane following,159.500,-0.003125,0.750000,0,0,0,,,NONE,0.000000,0.000000,4.600004,4.599996
0.992,FOLLOW_LANE,camera lane following,159.500,-0.003125,0.750000,0,0,0,,,NONE,0.000000,0.000000,4.600004,4.599996
1.024,FOLLOW_LANE,camera lane following,160.000,0.000000,0.750000,0,0,0,,,NONE,0.000000,0.000000,4.600004,4.599996
1.056,FOLLOW_LANE,camera lane following,160.000,0.000000,0.750000,0,0,0,,,NONE,0.000000,0.000000,4.600004,4.599996
1.088,FOLLOW_LANE,camera lane following,159.500,-0.003125,0.750000,0,0,0,,,NONE,0.000000,0.000000,4.600004,4.599996
1.120,FOLLOW_LANE,camera lane following,160.000,0.000000,0.750000,0,0,0,,,NONE,0.000000,0.000000,4.600004,4.599996
1.152,FOLLOW_LANE,camera lane following,160.000,0.000000,0.750000,0,0,0,,,NONE,0.000000,0.000000,4.600004,4.599996
1.184,FOLLOW_LANE,camera lane following,160.000,0.000000,0.750000,0,0,0,,,NONE,0.000000,0.000000,4.600004,4.599996
1.216,FOLLOW_LANE,camera lane following,160.000,0.000000,0.750000,0,0,0,,,NONE,0.000000,0.000000,4.600004,4.599996
1.248,FOLLOW_LANE,camera lane following,160.000,0.000000,0.750000,0,0,0,,,NONE,0.000000,0.000000,4.600004,4.599996
1.280,FOLLOW_LANE,camera lane following,159.500,-0.003125,0.750000,0,0,0,,,NONE,0.000000,0.000000,4.600004,4.599996
1.312,FOLLOW_LANE,camera lane following,159.500,-0.003125,0.750000,0,0,0,,,NONE,0.000000,0.000000,4.600004,4.599996
1.344,FOLLOW_LANE,camera lane following,159.500,-0.003125,0.750000,0,0,0,,,NONE,0.000000,0.000000,4.600004,4.599996
1.376,FOLLOW_LANE,camera lane following,160.000,0.000000,0.750000,0,0,0,,,NONE,0.000000,0.000000,4.600004,4.599996
1.408,FOLLOW_LANE,camera lane following,160.000,0.000000,0.750000,0,0,0,,,NONE,0.000000,0.000000,4.600004,4.599996
1.440,FOLLOW_LANE,camera lane following,159.500,-0.003125,0.750000,0,0,0,,,NONE,0.000000,0.000000,4.600004,4.599996
1.472,FOLLOW_LANE,camera lane following,159.500,-0.003125,0.750000,0,0,0,,,NONE,0.000000,0.000000,4.600004,4.599996
1.504,FOLLOW_LANE,camera lane following,160.000,0.000000,0.750000,0,0,0,,,NONE,0.000000,0.000000,4.600004,4.599996
1.536,FOLLOW_LANE,camera lane following,159.500,-0.003125,0.750000,0,0,0,,,NONE,0.000000,0.000000,4.600004,4.599996
1.568,FOLLOW_LANE,camera lane following,160.000,0.000000,0.750000,0,0,0,,,NONE,0.000000,0.000000,4.600004,4.599996
1.600,FOLLOW_LANE,camera lane following,159.500,-0.003125,0.750000,0,0,0,,,NONE,0.000000,0.000000,4.600004,4.599996
1.632,FOLLOW_LANE,camera lane following,160.000,0.000000,0.750000,0,0,0,,,NONE,0.000000,0.000000,4.600004,4.599996
1.664,FOLLOW_LANE,camera lane following,159.500,-0.003125,0.750000,0,0,0,,,NONE,0.000000,0.000000,4.600004,4.599996
1.696,FOLLOW_LANE,camera lane following,159.500,-0.003125,0.750000,0,0,0,,,NONE,0.000000,0.000000,4.600004,4.599996
1.728,FOLLOW_LANE,camera lane following,160.000,0.000000,0.750000,0,0,0,,,NONE,0.000000,0.000000,4.600004,4.599996
1.760,FOLLOW_LANE,camera lane following,160.000,0.000000,0.750000,0,0,0,,,NONE,0.000000,0.000000,4.600004,4.599996
1.792,FOLLOW_LANE,camera lane following,160.000,0.000000,0.750000,0,0,0,,,NONE,0.000000,0.000000,4.600004,4.599996
1.824,FOLLOW_LANE,camera lane following,160.000,0.000000,0.750000,0,0,0,,,NONE,0.000000,0.000000,4.600004,4.599996
1.856,FOLLOW_LANE,camera lane following,160.000,0.000000,0.750000,0,0,0,,,NONE,0.000000,0.000000,4.600004,4.599996
1.888,FOLLOW_LANE,camera lane following,160.000,0.000000,0.750000,0,0,0,,,NONE,0.000000,0.000000,4.600004,4.599996
1.920,FOLLOW_LANE,camera lane following,159.500,-0.003125,0.750000,0,0,0,,,NONE,0.000000,0.000000,4.600004,4.599996
1.952,FOLLOW_LANE,camera lane following,159.500,-0.003125,0.750000,0,0,0,,,NONE,0.000000,0.000000,4.600004,4.599996
1.984,FOLLOW_LANE,camera lane following,160.000,0.000000,0.750000,0,0,0,,,NONE,0.000000,0.000000,4.600004,4.599996
2.016,FOLLOW_LANE,camera lane following,160.000,0.000000,0.750000,0,0,0,,,NONE,0.000000,0.000000,4.600004,4.599996
2.048,FOLLOW_LANE,camera lane following,160.000,0.000000,0.750000,0,0,0,,,NONE,0.000000,0.000000,4.600004,4.599996
2.080,FOLLOW_LANE,camera lane following,160.000,0.000000,0.750000,0,0,0,,,NONE,0.000000,0.000000,4.600004,4.599996
2.112,FOLLOW_LANE,camera lane following,160.000,0.000000,0.750000,0,0,0,,,NONE,0.000000,0.000000,4.600004,4.599996
2.144,FOLLOW_LANE,camera lane following,159.750,-0.001563,0.750000,0,0,0,,,NONE,0.000000,0.000000,4.600004,4.599996
2.176,FOLLOW_LANE,camera lane following,159.500,-0.003125,0.750000,0,0,0,,,NONE,0.000000,0.000000,4.600004,4.599996
2.208,FOLLOW_LANE,camera lane following,160.000,0.000000,0.750000,0,0,0,,,NONE,0.000000,0.000000,4.600004,4.599996
2.240,FOLLOW_LANE,camera lane following,159.750,-0.001563,0.750000,0,0,0,,,NONE,0.000000,0.000000,4.600004,4.599996
2.272,FOLLOW_LANE,camera lane following,160.000,0.000000,0.750000,0,0,0,,,NONE,0.000000,0.000000,4.600004,4.599996
2.304,FOLLOW_LANE,camera lane following,160.000,0.000000,0.750000,0,0,0,,,NONE,0.000000,0.000000,4.600004,4.599996
2.336,FOLLOW_LANE,camera lane following,160.000,0.000000,0.750000,0,0,0,,,NONE,0.000000,0.000000,4.600004,4.599996
2.368,FOLLOW_LANE,camera lane following,159.500,-0.003125,0.750000,0,0,0,,,NONE,0.000000,0.000000,4.600004,4.599996
2.400,FOLLOW_LANE,camera lane following,160.000,0.000000,0.750000,0,0,0,,,NONE,0.000000,0.000000,4.600004,4.599996
2.432,FOLLOW_LANE,camera lane following,160.000,0.000000,0.750000,0,0,0,,,NONE,0.000000,0.000000,4.600004,4.599996
2.464,FOLLOW_LANE,camera lane following,160.000,0.000000,0.750000,0,0,0,,,NONE,0.000000,0.000000,4.600004,4.599996
2.496,FOLLOW_LANE,camera lane following,160.000,0.000000,0.750000,0,0,0,,,NONE,0.000000,0.000000,4.600004,4.599996
2.528,FOLLOW_LANE,camera lane following,160.000,0.000000,0.750000,0,0,0,,,NONE,0.000000,0.000000,4.600004,4.599996
2.560,FOLLOW_LANE,camera lane following,160.000,0.000000,0.750000,0,0,0,,,NONE,0.000000,0.000000,4.600004,4.599996
2.592,FOLLOW_LANE,camera lane following,160.000,0.000000,0.750000,0,0,0,,,NONE,0.000000,0.000000,4.600004,4.599996
2.624,FOLLOW_LANE,camera lane following,160.500,0.003125,0.750000,0,0,0,,,NONE,0.000000,0.000000,4.600004,4.599996
2.656,FOLLOW_LANE,camera lane following,160.500,0.003125,0.750000,0,0,0,,,NONE,0.000000,0.000000,4.600004,4.599996
2.688,FOLLOW_LANE,camera lane following,160.000,0.000000,0.750000,0,0,0,,,NONE,0.000000,0.000000,4.600004,4.599996
2.720,FOLLOW_LANE,camera lane following,160.000,0.000000,0.750000,0,0,0,,,NONE,0.000000,0.000000,4.600004,4.599996
2.752,FOLLOW_LANE,camera lane following,160.000,0.000000,0.750000,0,0,0,,,NONE,0.000000,0.000000,4.600004,4.599996
2.784,FOLLOW_LANE,camera lane following,160.000,0.000000,0.750000,0,0,0,,,NONE,0.000000,0.000000,4.600004,4.599996
2.816,FOLLOW_LANE,camera lane following,160.500,0.003125,0.750000,0,0,0,,,NONE,0.000000,0.000000,4.600004,4.599996
2.848,FOLLOW_LANE,camera lane following,160.500,0.003125,0.750000,0,0,0,,,NONE,0.000000,0.000000,4.600004,4.599996
2.880,FOLLOW_LANE,camera lane following,160.500,0.003125,0.750000,0,0,0,,,NONE,0.000000,0.000000,4.600004,4.599996
2.912,FOLLOW_LANE,camera lane following,160.000,0.000000,0.750000,0,0,0,,,NONE,0.000000,0.000000,4.600004,4.599996
2.944,FOLLOW_LANE,camera lane following,160.500,0.003125,0.750000,0,0,0,,,NONE,0.000000,0.000000,4.600004,4.599996
2.976,FOLLOW_LANE,camera lane following,160.000,0.000000,0.750000,0,0,0,,,NONE,0.000000,0.000000,4.600004,4.599996
3.008,FOLLOW_LANE,camera lane following,160.250,0.001563,0.750000,0,0,0,,,NONE,0.000000,0.000000,4.600004,4.599996
3.040,FOLLOW_LANE,camera lane following,160.000,0.000000,0.750000,0,0,0,,,NONE,0.000000,0.000000,4.600004,4.599996
3.072,FOLLOW_LANE,camera lane following,160.000,0.000000,0.750000,0,0,0,,,NONE,0.000000,0.000000,4.600004,4.599996
3.104,FOLLOW_LANE,camera lane following,160.500,0.003125,0.750000,0,0,0,,,NONE,0.000000,0.000000,4.600004,4.599996
3.136,FOLLOW_LANE,camera lane following,160.500,0.003125,0.750000,0,0,0,,,NONE,0.000000,0.000000,4.600004,4.599996
3.168,FOLLOW_LANE,camera lane following,160.500,0.003125,0.750000,0,0,0,,,NONE,0.000000,0.000000,4.600004,4.599996
3.200,FOLLOW_LANE,camera lane following,160.500,0.003125,0.750000,0,0,0,,,NONE,0.000000,0.000000,4.600004,4.599996
3.232,FOLLOW_LANE,camera lane following,160.000,0.000000,0.750000,0,0,0,,,NONE,0.000000,0.000000,4.600004,4.599996
3.264,FOLLOW_LANE,camera lane following,160.000,0.000000,0.750000,0,0,0,,,NONE,0.000000,0.000000,4.600004,4.599996
3.296,FOLLOW_LANE,camera lane following,160.000,0.000000,0.750000,0,0,0,,,NONE,0.000000,0.000000,4.600004,4.599996
3.328,FOLLOW_LANE,camera lane following,160.000,0.000000,0.750000,0,0,0,,,NONE,0.000000,0.000000,4.600004,4.599996
3.360,FOLLOW_LANE,camera lane following,160.500,0.003125,0.750000,0,0,0,,,NONE,0.000000,0.000000,4.600004,4.599996
3.392,FOLLOW_LANE,camera lane following,160.500,0.003125,0.750000,0,0,0,,,NONE,0.000000,0.000000,4.600004,4.599996
3.424,FOLLOW_LANE,camera lane following,160.500,0.003125,0.750000,0,0,0,,,NONE,0.000000,0.000000,4.600004,4.599996
3.456,FOLLOW_LANE,camera lane following,160.000,0.000000,0.750000,0,0,0,,,NONE,0.000000,0.000000,4.600004,4.599996
3.488,FOLLOW_LANE,camera lane following,160.500,0.003125,0.750000,0,0,0,,,NONE,0.000000,0.000000,4.600004,4.599996
3.520,FOLLOW_LANE,camera lane following,160.000,0.000000,0.750000,0,0,0,,,NONE,0.000000,0.000000,4.600004,4.599996
3.552,FOLLOW_LANE,camera lane following,160.000,0.000000,0.750000,0,0,0,,,NONE,0.000000,0.000000,4.600004,4.599996
3.584,FOLLOW_LANE,camera lane following,160.000,0.000000,0.750000,0,0,0,,,NONE,0.000000,0.000000,4.600004,4.599996
3.616,FOLLOW_LANE,camera lane following,160.000,0.000000,0.750000,0,0,0,,,NONE,0.000000,0.000000,4.600004,4.599996
3.648,FOLLOW_LANE,camera lane following,160.000,0.000000,0.750000,0,0,0,,,NONE,0.000000,0.000000,4.600004,4.599996
3.680,FOLLOW_LANE,camera lane following,160.500,0.003125,0.750000,0,0,0,,,NONE,0.000000,0.000000,4.600004,4.599996
3.712,FOLLOW_LANE,camera lane following,160.500,0.003125,0.750000,0,0,0,,,NONE,0.000000,0.000000,4.600004,4.599996
3.744,FOLLOW_LANE,camera lane following,160.500,0.003125,0.750000,0,0,0,,,NONE,0.000000,0.000000,4.600004,4.599996
3.776,FOLLOW_LANE,camera lane following,160.000,0.000000,0.750000,0,0,0,,,NONE,0.000000,0.000000,4.600004,4.599996
3.808,FOLLOW_LANE,camera lane following,160.000,0.000000,0.750000,0,0,0,,,NONE,0.000000,0.000000,4.600004,4.599996
3.840,FOLLOW_LANE,camera lane following,160.000,0.000000,0.750000,0,0,0,,,NONE,0.000000,0.000000,4.600004,4.599996
3.872,FOLLOW_LANE,camera lane following,160.000,0.000000,0.750000,0,0,0,,,NONE,0.000000,0.000000,4.600004,4.599996
3.904,FOLLOW_LANE,camera lane following,160.000,0.000000,0.750000,0,0,0,,,NONE,0.000000,0.000000,4.600004,4.599996
3.936,FOLLOW_LANE,camera lane following,160.000,0.000000,0.750000,0,0,0,,,NONE,0.000000,0.000000,4.600004,4.599996
3.968,FOLLOW_LANE,camera lane following,160.500,0.003125,0.750000,0,0,0,,,NONE,0.000000,0.000000,4.600004,4.599996
4.000,FOLLOW_LANE,camera lane following,160.500,0.003125,0.750000,0,0,0,,,NONE,0.000000,0.000000,4.600004,4.599996
4.032,FOLLOW_LANE,camera lane following,160.500,0.003125,0.750000,0,0,0,,,NONE,0.000000,0.000000,4.600004,4.599996
4.064,FOLLOW_LANE,camera lane following,161.000,0.006250,0.750000,0,0,0,,,NONE,0.000000,0.000000,4.665633,4.534367
4.096,FOLLOW_LANE,camera lane following,161.000,0.006250,0.750000,0,0,0,,,NONE,0.000000,0.000000,4.650012,4.549988
4.128,FOLLOW_LANE,camera lane following,161.000,0.006250,0.750000,0,0,0,,,NONE,0.000000,0.000000,4.650016,4.549984
4.160,FOLLOW_LANE,camera lane following,160.500,0.003125,0.750000,0,0,0,,,NONE,0.000000,0.000000,4.584391,4.615609
4.192,FOLLOW_LANE,camera lane following,161.000,0.006250,0.750000,0,0,0,,,NONE,0.000000,0.000000,4.665645,4.534355
4.224,FOLLOW_LANE,camera lane following,160.500,0.003125,0.750000,0,0,0,,,NONE,0.000000,0.000000,4.584395,4.615605
4.256,FOLLOW_LANE,camera lane following,160.500,0.003125,0.750000,0,0,0,,,NONE,0.000000,0.000000,4.600020,4.599980
4.288,FOLLOW_LANE,camera lane following,160.000,0.000000,0.750000,0,0,0,,,NONE,0.000000,0.000000,4.600020,4.599980
4.320,FOLLOW_LANE,camera lane following,160.000,0.000000,0.750000,0,0,0,,,NONE,0.000000,0.000000,4.600020,4.599980
4.352,FOLLOW_LANE,camera lane following,161.000,0.006250,0.750000,0,0,0,,,NONE,0.000000,0.000000,4.665649,4.534351
4.384,FOLLOW_LANE,camera lane following,161.000,0.006250,0.750000,0,0,0,,,NONE,0.000000,0.000000,4.650028,4.549972
4.416,FOLLOW_LANE,camera lane following,160.500,0.003125,0.750000,0,0,0,,,NONE,0.000000,0.000000,4.584403,4.615597
4.448,FOLLOW_LANE,camera lane following,160.500,0.003125,0.750000,0,0,0,,,NONE,0.000000,0.000000,4.600028,4.599972
4.480,FOLLOW_LANE,camera lane following,160.500,0.003125,0.750000,0,0,0,,,NONE,0.000000,0.000000,4.600028,4.599972
4.512,FOLLOW_LANE,camera lane following,161.000,0.006250,0.750000,0,0,0,,,NONE,0.000000,0.000000,4.665657,4.534343
4.544,FOLLOW_LANE,camera lane following,161.000,0.006250,0.750000,0,0,0,,,NONE,0.000000,0.000000,4.650036,4.549964
4.576,FOLLOW_LANE,camera lane following,161.000,0.006250,0.750000,0,0,0,,,NONE,0.000000,0.000000,4.650040,4.549960
4.608,FOLLOW_LANE,camera lane following,161.000,0.006250,0.750000,0,0,0,,,NONE,0.000000,0.000000,4.650044,4.549956
4.640,FOLLOW_LANE,camera lane following,161.000,0.006250,0.750000,0,0,0,,,NONE,0.000000,0.000000,4.650048,4.549952
4.672,FOLLOW_LANE,camera lane following,160.500,0.003125,0.750000,0,0,0,,,NONE,0.000000,0.000000,4.584423,4.615577
4.704,FOLLOW_LANE,camera lane following,161.000,0.006250,0.750000,0,0,0,,,NONE,0.000000,0.000000,4.665677,4.534323
4.736,FOLLOW_LANE,camera lane following,160.250,0.001563,0.750000,0,0,0,,,NONE,0.000000,0.000000,4.584427,4.615573
4.768,FOLLOW_LANE,camera lane following,161.000,0.006250,0.750000,0,0,0,,,NONE,0.000000,0.000000,4.665681,4.534319
4.800,FOLLOW_LANE,camera lane following,160.500,0.003125,0.750000,0,0,0,,,NONE,0.000000,0.000000,4.584431,4.615569
4.832,FOLLOW_LANE,camera lane following,161.000,0.006250,0.750000,0,0,0,,,NONE,0.000000,0.000000,4.665685,4.534315
4.864,FOLLOW_LANE,camera lane following,161.000,0.006250,0.750000,0,0,0,,,NONE,0.000000,0.000000,4.650064,4.549936
4.896,FOLLOW_LANE,camera lane following,161.000,0.006250,0.750000,0,0,0,,,NONE,0.000000,0.000000,4.650068,4.549932
4.928,FOLLOW_LANE,camera lane following,161.000,0.006250,0.750000,0,0,0,,,NONE,0.000000,0.000000,4.650072,4.549928
4.960,FOLLOW_LANE,camera lane following,161.000,0.006250,0.750000,0,0,0,,,NONE,0.000000,0.000000,4.650076,4.549924
4.992,FOLLOW_LANE,camera lane following,160.500,0.003125,0.750000,0,0,0,,,NONE,0.000000,0.000000,4.584451,4.615549
5.024,FOLLOW_LANE,camera lane following,160.500,0.003125,0.750000,0,0,0,,,NONE,0.000000,0.000000,4.600076,4.599924
5.056,FOLLOW_LANE,camera lane following,160.500,0.003125,0.750000,0,0,0,,,NONE,0.000000,0.000000,4.600076,4.599924
5.088,FOLLOW_LANE,camera lane following,160.500,0.003125,0.750000,0,0,0,,,NONE,0.000000,0.000000,4.600076,4.599924
5.120,FOLLOW_LANE,camera lane following,161.000,0.006250,0.750000,0,0,0,,,NONE,0.000000,0.000000,4.665705,4.534295
5.152,FOLLOW_LANE,camera lane following,161.000,0.006250,0.750000,0,0,0,,,NONE,0.000000,0.000000,4.650084,4.549916
5.184,FOLLOW_LANE,camera lane following,161.000,0.006250,0.750000,0,0,0,,,NONE,0.000000,0.000000,4.650088,4.549912
5.216,FOLLOW_LANE,camera lane following,161.000,0.006250,0.750000,0,0,0,,,NONE,0.000000,0.000000,4.650092,4.549908
5.248,FOLLOW_LANE,camera lane following,161.000,0.006250,0.750000,0,0,0,,,NONE,0.000000,0.000000,4.650096,4.549904
5.280,FOLLOW_LANE,camera lane following,160.500,0.003125,0.750000,0,0,0,,,NONE,0.000000,0.000000,4.584471,4.615529
5.312,FOLLOW_LANE,camera lane following,160.500,0.003125,0.750000,0,0,0,,,NONE,0.000000,0.000000,4.600096,4.599904
5.344,FOLLOW_LANE,camera lane following,160.500,0.003125,0.750000,0,0,0,,,NONE,0.000000,0.000000,4.600096,4.599904
5.376,FOLLOW_LANE,camera lane following,160.500,0.003125,0.750000,0,0,0,,,NONE,0.000000,0.000000,4.600096,4.599904
5.408,FOLLOW_LANE,camera lane following,161.000,0.006250,0.750000,0,0,0,,,NONE,0.000000,0.000000,4.665725,4.534275
5.440,FOLLOW_LANE,camera lane following,161.000,0.006250,0.750000,0,0,0,,,NONE,0.000000,0.000000,4.650104,4.549896
5.472,FOLLOW_LANE,camera lane following,161.000,0.006250,0.750000,0,0,0,,,NONE,0.000000,0.000000,4.650108,4.549892
5.504,FOLLOW_LANE,camera lane following,161.000,0.006250,0.750000,0,0,0,,,NONE,0.000000,0.000000,4.650112,4.549888
5.536,FOLLOW_LANE,camera lane following,160.500,0.003125,0.750000,0,0,0,,,NONE,0.000000,0.000000,4.584487,4.615513
5.568,FOLLOW_LANE,camera lane following,160.750,0.004687,0.750000,0,0,0,,,NONE,0.000000,0.000000,4.600112,4.599888
5.600,FOLLOW_LANE,camera lane following,160.750,0.004687,0.750000,0,0,0,,,NONE,0.000000,0.000000,4.600112,4.599888
5.632,FOLLOW_LANE,camera lane following,161.000,0.006250,0.750000,0,0,0,,,NONE,0.000000,0.000000,4.665741,4.534259
5.664,FOLLOW_LANE,camera lane following,161.000,0.006250,0.750000,0,0,0,,,NONE,0.000000,0.000000,4.650120,4.549880
5.696,FOLLOW_LANE,camera lane following,161.000,0.006250,0.750000,0,0,0,,,NONE,0.000000,0.000000,4.650124,4.549876
5.728,FOLLOW_LANE,camera lane following,161.000,0.006250,0.750000,0,0,0,,,NONE,0.000000,0.000000,4.650128,4.549872
5.760,FOLLOW_LANE,camera lane following,161.000,0.006250,0.750000,0,0,0,,,NONE,0.000000,0.000000,4.650132,4.549868
5.792,FOLLOW_LANE,camera lane following,161.000,0.006250,0.750000,0,0,0,,,NONE,0.000000,0.000000,4.650136,4.549864
5.824,FOLLOW_LANE,camera lane following,160.500,0.003125,0.750000,0,0,0,,,NONE,0.000000,0.000000,4.584511,4.615489
5.856,FOLLOW_LANE,camera lane following,161.000,0.006250,0.750000,0,0,0,,,NONE,0.000000,0.000000,4.665765,4.534235
5.888,FOLLOW_LANE,camera lane following,161.000,0.006250,0.750000,0,0,0,,,NONE,0.000000,0.000000,4.650144,4.549856
5.920,FOLLOW_LANE,camera lane following,161.000,0.006250,0.750000,0,0,0,,,NONE,0.000000,0.000000,4.650148,4.549852
5.952,FOLLOW_LANE,camera lane following,161.000,0.006250,0.750000,0,0,0,,,NONE,0.000000,0.000000,4.650152,4.549848
5.984,FOLLOW_LANE,camera lane following,161.000,0.006250,0.750000,0,0,0,,,NONE,0.000000,0.000000,4.650156,4.549844
6.016,FOLLOW_LANE,camera lane following,161.500,0.009375,0.750000,0,0,0,,,NONE,0.000000,0.000000,4.682974,4.517025
6.048,FOLLOW_LANE,camera lane following,161.500,0.009375,0.750000,0,0,0,,,NONE,0.000000,0.000000,4.675168,4.524832
6.080,FOLLOW_LANE,camera lane following,161.500,0.009375,0.750000,0,0,0,,,NONE,0.000000,0.000000,4.675174,4.524826
6.112,FOLLOW_LANE,camera lane following,161.500,0.009375,0.750000,0,0,0,,,NONE,0.000000,0.000000,4.675180,4.524820
6.144,FOLLOW_LANE,camera lane following,161.500,0.009375,0.750000,0,0,0,,,NONE,0.000000,0.000000,4.675186,4.524814
6.176,FOLLOW_LANE,camera lane following,161.500,0.009375,0.750000,0,0,0,,,NONE,0.000000,0.000000,4.675192,4.524808
6.208,FOLLOW_LANE,camera lane following,161.500,0.009375,0.750000,0,0,0,,,NONE,0.000000,0.000000,4.675198,4.524802
6.240,FOLLOW_LANE,camera lane following,161.500,0.009375,0.750000,0,0,0,,,NONE,0.000000,0.000000,4.675204,4.524796
6.272,FOLLOW_LANE,camera lane following,161.500,0.009375,0.750000,0,0,0,,,NONE,0.000000,0.000000,4.675210,4.524790
6.304,FOLLOW_LANE,camera lane following,161.000,0.006250,0.750000,0,0,0,,,NONE,0.000000,0.000000,4.642402,4.557598
6.336,FOLLOW_LANE,camera lane following,161.000,0.006250,0.750000,0,0,0,,,NONE,0.000000,0.000000,4.650218,4.549782
6.368,FOLLOW_LANE,camera lane following,161.000,0.006250,0.750000,0,0,0,,,NONE,0.000000,0.000000,4.650222,4.549778
6.400,FOLLOW_LANE,camera lane following,161.000,0.006250,0.750000,0,0,0,,,NONE,0.000000,0.000000,4.650226,4.549774
6.432,FOLLOW_LANE,camera lane following,161.500,0.009375,0.750000,0,0,0,,,NONE,0.000000,0.000000,4.683044,4.516955
6.464,FOLLOW_LANE,camera lane following,161.500,0.009375,0.750000,0,0,0,,,NONE,0.000000,0.000000,4.675238,4.524762
6.496,FOLLOW_LANE,camera lane following,161.250,0.007812,0.750000,0,0,0,,,NONE,0.000000,0.000000,4.658837,4.541163
6.528,FOLLOW_LANE,camera lane following,161.000,0.006250,0.750000,0,0,0,,,NONE,0.000000,0.000000,4.646341,4.553659
6.560,FOLLOW_LANE,camera lane following,160.500,0.003125,0.750000,0,0,0,,,NONE,0.000000,0.000000,4.584622,4.615378
6.592,FOLLOW_LANE,camera lane following,160.500,0.003125,0.750000,0,0,0,,,NONE,0.000000,0.000000,4.600247,4.599753
6.624,FOLLOW_LANE,camera lane following,159.500,-0.003125,0.750000,0,0,0,,,NONE,0.000000,0.000000,4.600247,4.599753
6.656,FOLLOW_LANE,camera lane following,159.000,-0.006250,0.750000,0,0,0,,,NONE,0.000000,0.000000,4.534618,4.665382
6.688,FOLLOW_LANE,camera lane following,158.500,-0.009375,0.750000,0,0,0,,,NONE,0.000000,0.000000,4.517424,4.682575
6.720,FOLLOW_LANE,camera lane following,158.500,-0.009375,0.750000,0,0,0,,,NONE,0.000000,0.000000,4.525231,4.674769
6.752,FOLLOW_LANE,camera lane following,158.000,-0.012500,0.750000,0,0,0,,,NONE,0.000000,0.000000,4.492411,4.707589
6.784,FOLLOW_LANE,camera lane following,158.500,-0.009375,0.750000,0,0,0,,,NONE,0.000000,0.000000,4.533029,4.666970
6.816,FOLLOW_LANE,camera lane following,157.500,-0.015625,0.750000,0,0,0,,,NONE,0.000000,0.000000,4.459582,4.740418
6.848,FOLLOW_LANE,camera lane following,157.500,-0.015625,0.750000,0,0,0,,,NONE,0.000000,0.000000,4.475197,4.724803
6.880,FOLLOW_LANE,camera lane following,157.500,-0.015625,0.750000,0,0,0,,,NONE,0.000000,0.000000,4.475187,4.724813
6.912,FOLLOW_LANE,camera lane following,157.000,-0.018750,0.750000,0,0,0,,,NONE,0.000000,0.000000,4.442362,4.757637
6.944,FOLLOW_LANE,camera lane following,157.000,-0.018750,0.750000,0,0,0,,,NONE,0.000000,0.000000,4.450163,4.749837
6.976,FOLLOW_LANE,camera lane following,156.500,-0.021875,0.750000,0,0,0,,,NONE,0.000000,0.000000,4.417336,4.782663
7.008,FOLLOW_LANE,camera lane following,157.000,-0.018750,0.750000,0,0,0,,,NONE,0.000000,0.000000,4.457949,4.742050
7.040,FOLLOW_LANE,camera lane following,156.500,-0.021875,0.750000,0,0,0,,,NONE,0.000000,0.000000,4.417310,4.782690
7.072,FOLLOW_LANE,camera lane following,156.500,-0.021875,0.750000,0,0,0,,,NONE,0.000000,0.000000,4.425109,4.774891
7.104,FOLLOW_LANE,camera lane following,156.500,-0.021875,0.750000,0,0,0,,,NONE,0.000000,0.000000,4.425095,4.774905
7.136,FOLLOW_LANE,camera lane following,156.500,-0.021875,0.750000,0,0,0,,,NONE,0.000000,0.000000,4.425081,4.774919
7.168,FOLLOW_LANE,camera lane following,156.500,-0.021875,0.750000,0,0,0,,,NONE,0.000000,0.000000,4.425067,4.774933
7.200,FOLLOW_LANE,camera lane following,156.750,-0.020313,0.750000,0,0,0,,,NONE,0.000000,0.000000,4.441460,4.758540
7.232,FOLLOW_LANE,camera lane following,157.500,-0.015625,0.750000,0,0,0,,,NONE,0.000000,0.000000,4.486763,4.713237
7.264,FOLLOW_LANE,camera lane following,157.500,-0.015625,0.750000,0,0,0,,,NONE,0.000000,0.000000,4.475034,4.724966
7.296,FOLLOW_LANE,camera lane following,158.000,-0.012500,0.750000,0,0,0,,,NONE,0.000000,0.000000,4.507839,4.692161
7.328,FOLLOW_LANE,camera lane following,158.000,-0.012500,0.750000,0,0,0,,,NONE,0.000000,0.000000,4.500018,4.699982
7.360,FOLLOW_LANE,camera lane following,159.000,-0.006250,0.750000,0,0,0,,,NONE,0.000000,0.000000,4.565639,4.634361
7.392,FOLLOW_LANE,camera lane following,159.000,-0.006250,0.750000,0,0,0,,,NONE,0.000000,0.000000,4.550010,4.649990
7.424,FOLLOW_LANE,camera lane following,159.500,-0.003125,0.750000,0,0,0,,,NONE,0.000000,0.000000,4.615635,4.584365
7.456,FOLLOW_LANE,camera lane following,159.500,-0.003125,0.750000,0,0,0,,,NONE,0.000000,0.000000,4.600010,4.599990
7.488,FOLLOW_LANE,camera lane following,159.500,-0.003125,0.750000,0,0,0,,,NONE,0.000000,0.000000,4.600010,4.599990
7.520,FOLLOW_LANE,camera lane following,159.000,-0.006250,0.750000,0,0,0,,,NONE,0.000000,0.000000,4.534381,4.665619
7.552,FOLLOW_LANE,camera lane following,159.500,-0.003125,0.750000,0,0,0,,,NONE,0.000000,0.000000,4.615631,4.584369
7.584,FOLLOW_LANE,camera lane following,159.500,-0.003125,0.750000,0,0,0,,,NONE,0.000000,0.000000,4.600006,4.599994
7.616,FOLLOW_LANE,camera lane following,159.500,-0.003125,0.750000,0,0,0,,,NONE,0.000000,0.000000,4.600006,4.599994
7.648,FOLLOW_LANE,camera lane following,159.500,-0.003125,0.750000,0,0,0,,,NONE,0.000000,0.000000,4.600006,4.599994
7.680,FOLLOW_LANE,camera lane following,159.500,-0.003125,0.750000,0,0,0,,,NONE,0.000000,0.000000,4.600006,4.599994
7.712,FOLLOW_LANE,camera lane following,159.500,-0.003125,0.750000,0,0,0,,,NONE,0.000000,0.000000,4.600006,4.599994
7.744,FOLLOW_LANE,camera lane following,159.000,-0.006250,0.750000,0,0,0,,,NONE,0.000000,0.000000,4.534377,4.665623
7.776,FOLLOW_LANE,camera lane following,159.500,-0.003125,0.750000,0,0,0,,,NONE,0.000000,0.000000,4.615627,4.584373
7.808,FOLLOW_LANE,camera lane following,159.000,-0.006250,0.750000,0,0,0,,,NONE,0.000000,0.000000,4.534373,4.665627
7.840,FOLLOW_LANE,camera lane following,159.500,-0.003125,0.750000,0,0,0,,,NONE,0.000000,0.000000,4.615623,4.584377
7.872,FOLLOW_LANE,camera lane following,159.250,-0.004687,0.750000,0,0,0,,,NONE,0.000000,0.000000,4.599998,4.600002
7.904,FOLLOW_LANE,camera lane following,159.000,-0.006250,0.750000,0,0,0,,,NONE,0.000000,0.000000,4.534369,4.665631
7.936,FOLLOW_LANE,camera lane following,159.000,-0.006250,0.750000,0,0,0,,,NONE,0.000000,0.000000,4.549990,4.650010
7.968,FOLLOW_LANE,camera lane following,159.500,-0.003125,0.750000,0,0,0,,,NONE,0.000000,0.000000,4.615615,4.584385
8.000,FOLLOW_LANE,camera lane following,159.000,-0.006250,0.750000,0,0,0,,,NONE,0.000000,0.000000,4.534361,4.665639
8.032,FOLLOW_LANE,camera lane following,159.000,-0.006250,0.750000,0,0,0,,,NONE,0.000000,0.000000,4.549982,4.650018
8.064,FOLLOW_LANE,camera lane following,159.500,-0.003125,0.750000,0,0,0,,,NONE,0.000000,0.000000,4.615607,4.584393
8.096,FOLLOW_LANE,camera lane following,159.500,-0.003125,0.750000,0,0,0,,,NONE,0.000000,0.000000,4.599982,4.600018
8.128,FOLLOW_LANE,camera lane following,159.500,-0.003125,0.750000,0,0,0,,,NONE,0.000000,0.000000,4.599982,4.600018
8.160,FOLLOW_LANE,camera lane following,159.500,-0.003125,0.750000,0,0,0,,,NONE,0.000000,0.000000,4.599982,4.600018
8.192,FOLLOW_LANE,camera lane following,159.500,-0.003125,0.750000,0,0,0,,,NONE,0.000000,0.000000,4.599982,4.600018
8.224,FOLLOW_LANE,camera lane following,160.000,0.000000,0.750000,0,0,0,,,NONE,0.000000,0.000000,4.599982,4.600018
8.256,FOLLOW_LANE,camera lane following,160.000,0.000000,0.750000,0,0,0,,,NONE,0.000000,0.000000,4.599982,4.600018
8.288,FOLLOW_LANE,camera lane following,160.000,0.000000,0.750000,0,0,0,,,NONE,0.000000,0.000000,4.599982,4.600018
8.320,FOLLOW_LANE,camera lane following,160.000,0.000000,0.750000,0,0,0,,,NONE,0.000000,0.000000,4.599982,4.600018
8.352,FOLLOW_LANE,camera lane following,160.000,0.000000,0.750000,0,0,0,,,NONE,0.000000,0.000000,4.599982,4.600018
8.384,FOLLOW_LANE,camera lane following,160.500,0.003125,0.750000,0,0,0,,,NONE,0.000000,0.000000,4.599982,4.600018
8.416,FOLLOW_LANE,camera lane following,160.500,0.003125,0.750000,0,0,0,,,NONE,0.000000,0.000000,4.599982,4.600018
8.448,FOLLOW_LANE,camera lane following,160.500,0.003125,0.750000,0,0,0,,,NONE,0.000000,0.000000,4.599982,4.600018
8.480,FOLLOW_LANE,camera lane following,160.500,0.003125,0.750000,0,0,0,,,NONE,0.000000,0.000000,4.599982,4.600018
8.512,FOLLOW_LANE,camera lane following,160.500,0.003125,0.750000,0,0,0,,,NONE,0.000000,0.000000,4.599982,4.600018
8.544,FOLLOW_LANE,camera lane following,160.500,0.003125,0.750000,0,0,0,,,NONE,0.000000,0.000000,4.599982,4.600018
8.576,FOLLOW_LANE,camera lane following,160.500,0.003125,0.750000,0,0,0,,,NONE,0.000000,0.000000,4.599982,4.600018
8.608,FOLLOW_LANE,camera lane following,160.500,0.003125,0.750000,0,0,0,,,NONE,0.000000,0.000000,4.599982,4.600018
8.640,FOLLOW_LANE,camera lane following,160.500,0.003125,0.750000,0,0,0,,,NONE,0.000000,0.000000,4.599982,4.600018
8.672,FOLLOW_LANE,camera lane following,160.500,0.003125,0.750000,0,0,0,,,NONE,0.000000,0.000000,4.599982,4.600018
8.704,FOLLOW_LANE,camera lane following,160.500,0.003125,0.750000,0,0,0,,,NONE,0.000000,0.000000,4.599982,4.600018
8.736,FOLLOW_LANE,camera lane following,160.500,0.003125,0.750000,0,0,0,,,NONE,0.000000,0.000000,4.599982,4.600018
8.768,FOLLOW_LANE,camera lane following,160.000,0.000000,0.750000,0,0,0,,,NONE,0.000000,0.000000,4.599982,4.600018
8.800,FOLLOW_LANE,camera lane following,160.000,0.000000,0.750000,0,0,0,,,NONE,0.000000,0.000000,4.599982,4.600018
8.832,FOLLOW_LANE,camera lane following,160.000,0.000000,0.750000,0,0,0,,,NONE,0.000000,0.000000,4.599982,4.600018
8.864,FOLLOW_LANE,camera lane following,159.750,-0.001563,0.750000,0,0,0,,,NONE,0.000000,0.000000,4.599982,4.600018
8.896,FOLLOW_LANE,camera lane following,159.500,-0.003125,0.750000,0,0,0,,,NONE,0.000000,0.000000,4.599982,4.600018
8.928,FOLLOW_LANE,camera lane following,160.000,0.000000,0.750000,0,0,0,,,NONE,0.000000,0.000000,4.599982,4.600018
8.960,FOLLOW_LANE,camera lane following,160.500,0.003125,0.750000,0,0,0,,,NONE,0.000000,0.000000,4.599982,4.600018
8.992,FOLLOW_LANE,camera lane following,160.500,0.003125,0.750000,0,0,0,,,NONE,0.000000,0.000000,4.599982,4.600018
9.024,FOLLOW_LANE,camera lane following,160.000,0.000000,0.750000,0,0,0,,,NONE,0.000000,0.000000,4.599982,4.600018
9.056,FOLLOW_LANE,camera lane following,160.000,0.000000,0.750000,0,0,0,,,NONE,0.000000,0.000000,4.599982,4.600018
9.088,FOLLOW_LANE,camera lane following,160.500,0.003125,0.750000,0,0,0,,,NONE,0.000000,0.000000,4.599982,4.600018
9.120,FOLLOW_LANE,camera lane following,160.500,0.003125,0.750000,0,0,0,,,NONE,0.000000,0.000000,4.599982,4.600018
9.152,FOLLOW_LANE,camera lane following,161.000,0.006250,0.750000,0,0,0,,,NONE,0.000000,0.000000,4.665611,4.534389
9.184,FOLLOW_LANE,camera lane following,160.500,0.003125,0.750000,0,0,0,,,NONE,0.000000,0.000000,4.584361,4.615639
9.216,FOLLOW_LANE,camera lane following,160.500,0.003125,0.750000,0,0,0,,,NONE,0.000000,0.000000,4.599986,4.600014
9.248,FOLLOW_LANE,camera lane following,160.500,0.003125,0.750000,0,0,0,,,NONE,0.000000,0.000000,4.599986,4.600014
9.280,FOLLOW_LANE,camera lane following,160.500,0.003125,0.750000,0,0,0,,,NONE,0.000000,0.000000,4.599986,4.600014
9.312,FOLLOW_LANE,camera lane following,160.500,0.003125,0.750000,0,0,0,,,NONE,0.000000,0.000000,4.599986,4.600014
9.344,FOLLOW_LANE,camera lane following,160.500,0.003125,0.750000,0,0,0,,,NONE,0.000000,0.000000,4.599986,4.600014
9.376,FOLLOW_LANE,camera lane following,160.500,0.003125,0.750000,0,0,0,,,NONE,0.000000,0.000000,4.599986,4.600014
9.408,FOLLOW_LANE,camera lane following,160.500,0.003125,0.750000,0,0,0,,,NONE,0.000000,0.000000,4.599986,4.600014
9.440,FOLLOW_LANE,camera lane following,160.500,0.003125,0.750000,0,0,0,,,NONE,0.000000,0.000000,4.599986,4.600014
9.472,FOLLOW_LANE,camera lane following,160.500,0.003125,0.750000,0,0,0,,,NONE,0.000000,0.000000,4.599986,4.600014
9.504,FOLLOW_LANE,camera lane following,160.500,0.003125,0.750000,0,0,0,,,NONE,0.000000,0.000000,4.599986,4.600014
9.536,FOLLOW_LANE,camera lane following,160.500,0.003125,0.750000,0,0,0,,,NONE,0.000000,0.000000,4.599986,4.600014
9.568,FOLLOW_LANE,camera lane following,160.500,0.003125,0.750000,0,0,0,,,NONE,0.000000,0.000000,4.599986,4.600014
9.600,FOLLOW_LANE,camera lane following,160.000,0.000000,0.750000,0,0,0,,,NONE,0.000000,0.000000,4.599986,4.600014
9.632,FOLLOW_LANE,camera lane following,160.000,0.000000,0.750000,0,0,0,,,NONE,0.000000,0.000000,4.599986,4.600014
9.664,FOLLOW_LANE,camera lane following,160.000,0.000000,0.750000,0,0,0,,,NONE,0.000000,0.000000,4.599986,4.600014
9.696,FOLLOW_LANE,camera lane following,160.500,0.003125,0.750000,0,0,0,,,NONE,0.000000,0.000000,4.599986,4.600014
9.728,FOLLOW_LANE,camera lane following,160.500,0.003125,0.750000,0,0,0,,,NONE,0.000000,0.000000,4.599986,4.600014
9.760,FOLLOW_LANE,camera lane following,160.500,0.003125,0.750000,0,0,0,,,NONE,0.000000,0.000000,4.599986,4.600014
9.792,FOLLOW_LANE,camera lane following,160.500,0.003125,0.750000,0,0,0,,,NONE,0.000000,0.000000,4.599986,4.600014
9.824,FOLLOW_LANE,camera lane following,160.500,0.003125,0.750000,0,0,0,,,NONE,0.000000,0.000000,4.599986,4.600014
9.856,FOLLOW_LANE,camera lane following,160.500,0.003125,0.750000,0,0,0,,,NONE,0.000000,0.000000,4.599986,4.600014
9.888,FOLLOW_LANE,camera lane following,160.500,0.003125,0.750000,0,0,0,,,NONE,0.000000,0.000000,4.599986,4.600014
9.920,FOLLOW_LANE,camera lane following,160.500,0.003125,0.750000,0,0,0,,,NONE,0.000000,0.000000,4.599986,4.600014
9.952,FOLLOW_LANE,camera lane following,160.500,0.003125,0.750000,0,0,0,,,NONE,0.000000,0.000000,4.599986,4.600014
9.984,FOLLOW_LANE,camera lane following,160.500,0.003125,0.750000,0,0,0,,,NONE,0.000000,0.000000,4.599986,4.600014
10.016,FOLLOW_LANE,camera lane following,160.500,0.003125,0.750000,0,0,0,,,NONE,0.000000,0.000000,4.599986,4.600014
10.048,FOLLOW_LANE,camera lane following,161.000,0.006250,0.750000,0,0,0,,,NONE,0.000000,0.000000,4.665615,4.534385
10.080,FOLLOW_LANE,camera lane following,161.000,0.006250,0.750000,0,0,0,,,NONE,0.000000,0.000000,4.649994,4.550006
10.112,FOLLOW_LANE,camera lane following,160.500,0.003125,0.750000,0,0,0,,,NONE,0.000000,0.000000,4.584369,4.615631
10.144,FOLLOW_LANE,camera lane following,160.500,0.003125,0.750000,0,0,0,,,NONE,0.000000,0.000000,4.599994,4.600006
10.176,FOLLOW_LANE,camera lane following,160.500,0.003125,0.750000,0,0,0,,,NONE,0.000000,0.000000,4.599994,4.600006
10.208,FOLLOW_LANE,camera lane following,160.500,0.003125,0.750000,0,0,0,,,NONE,0.000000,0.000000,4.599994,4.600006
10.240,FOLLOW_LANE,camera lane following,160.500,0.003125,0.750000,0,0,0,,,NONE,0.000000,0.000000,4.599994,4.600006
10.272,FOLLOW_LANE,camera lane following,160.500,0.003125,0.750000,0,0,0,,,NONE,0.000000,0.000000,4.599994,4.600006
10.304,FOLLOW_LANE,camera lane following,160.500,0.003125,0.750000,0,0,0,,,NONE,0.000000,0.000000,4.599994,4.600006
10.336,FOLLOW_LANE,camera lane following,160.500,0.003125,0.750000,0,0,0,,,NONE,0.000000,0.000000,4.599994,4.600006
10.368,FOLLOW_LANE,camera lane following,160.500,0.003125,0.750000,0,0,0,,,NONE,0.000000,0.000000,4.599994,4.600006
10.400,FOLLOW_LANE,camera lane following,160.000,0.000000,0.750000,0,0,0,,,NONE,0.000000,0.000000,4.599994,4.600006
10.432,FOLLOW_LANE,camera lane following,160.000,0.000000,0.750000,0,0,0,,,NONE,0.000000,0.000000,4.599994,4.600006
10.464,FOLLOW_LANE,camera lane following,160.000,0.000000,0.750000,0,0,0,,,NONE,0.000000,0.000000,4.599994,4.600006
10.496,FOLLOW_LANE,camera lane following,159.500,-0.003125,0.750000,0,0,0,,,NONE,0.000000,0.000000,4.599994,4.600006
10.528,FOLLOW_LANE,camera lane following,159.500,-0.003125,0.750000,0,0,0,,,NONE,0.000000,0.000000,4.599994,4.600006
10.560,FOLLOW_LANE,camera lane following,159.500,-0.003125,0.750000,0,0,0,,,NONE,0.000000,0.000000,4.599994,4.600006
10.592,FOLLOW_LANE,camera lane following,160.000,0.000000,0.750000,0,0,0,,,NONE,0.000000,0.000000,4.599994,4.600006
10.624,FOLLOW_LANE,camera lane following,160.000,0.000000,0.750000,0,0,0,,,NONE,0.000000,0.000000,4.599994,4.600006
10.656,FOLLOW_LANE,camera lane following,160.000,0.000000,0.750000,0,0,0,,,NONE,0.000000,0.000000,4.599994,4.600006
10.688,FOLLOW_LANE,camera lane following,160.000,0.000000,0.750000,0,0,0,,,NONE,0.000000,0.000000,4.599994,4.600006
10.720,FOLLOW_LANE,camera lane following,160.500,0.003125,0.750000,0,0,0,,,NONE,0.000000,0.000000,4.599994,4.600006
10.752,FOLLOW_LANE,camera lane following,160.500,0.003125,0.750000,0,0,0,,,NONE,0.000000,0.000000,4.599994,4.600006
10.784,FOLLOW_LANE,camera lane following,160.500,0.003125,0.750000,0,0,0,,,NONE,0.000000,0.000000,4.599994,4.600006
10.816,FOLLOW_LANE,camera lane following,160.500,0.003125,0.750000,0,0,0,,,NONE,0.000000,0.000000,4.599994,4.600006
10.848,FOLLOW_LANE,camera lane following,160.500,0.003125,0.750000,0,0,0,,,NONE,0.000000,0.000000,4.599994,4.600006
10.880,FOLLOW_LANE,camera lane following,160.500,0.003125,0.750000,0,0,0,,,NONE,0.000000,0.000000,4.599994,4.600006
10.912,FOLLOW_LANE,camera lane following,160.000,0.000000,0.750000,0,0,0,,,NONE,0.000000,0.000000,4.599994,4.600006
10.944,FOLLOW_LANE,camera lane following,160.000,0.000000,0.750000,0,0,0,,,NONE,0.000000,0.000000,4.599994,4.600006
10.976,FOLLOW_LANE,camera lane following,159.500,-0.003125,0.750000,0,0,0,,,NONE,0.000000,0.000000,4.599994,4.600006
11.008,FOLLOW_LANE,camera lane following,159.500,-0.003125,0.750000,0,0,0,,,NONE,0.000000,0.000000,4.599994,4.600006
11.040,FOLLOW_LANE,camera lane following,159.500,-0.003125,0.750000,0,0,0,,,NONE,0.000000,0.000000,4.599994,4.600006
11.072,FOLLOW_LANE,camera lane following,159.500,-0.003125,0.750000,0,0,0,,,NONE,0.000000,0.000000,4.599994,4.600006
11.104,FOLLOW_LANE,camera lane following,159.500,-0.003125,0.750000,0,0,0,,,NONE,0.000000,0.000000,4.599994,4.600006
11.136,FOLLOW_LANE,camera lane following,159.750,-0.001563,0.750000,0,0,0,,,NONE,0.000000,0.000000,4.599994,4.600006
11.168,FOLLOW_LANE,camera lane following,160.000,0.000000,0.750000,0,0,0,,,NONE,0.000000,0.000000,4.599994,4.600006
11.200,FOLLOW_LANE,camera lane following,159.000,-0.006250,0.750000,0,0,0,,,NONE,0.000000,0.000000,4.534365,4.665635
11.232,FOLLOW_LANE,camera lane following,159.000,-0.006250,0.750000,0,0,0,,,NONE,0.000000,0.000000,4.549986,4.650014
11.264,FOLLOW_LANE,camera lane following,159.250,-0.004687,0.750000,0,0,0,,,NONE,0.000000,0.000000,4.615611,4.584389
11.296,FOLLOW_LANE,camera lane following,158.500,-0.009375,0.750000,0,0,0,,,NONE,0.000000,0.000000,4.501542,4.698457
11.328,FOLLOW_LANE,camera lane following,158.500,-0.009375,0.750000,0,0,0,,,NONE,0.000000,0.000000,4.524974,4.675026
11.360,FOLLOW_LANE,camera lane following,158.000,-0.012500,0.750000,0,0,0,,,NONE,0.000000,0.000000,4.492153,4.707846
11.392,FOLLOW_LANE,camera lane following,158.500,-0.009375,0.750000,0,0,0,,,NONE,0.000000,0.000000,4.532773,4.667227
11.424,FOLLOW_LANE,camera lane following,159.250,-0.004687,0.750000,0,0,0,,,NONE,0.000000,0.000000,4.623397,4.576602
11.456,FOLLOW_LANE,camera lane following,159.000,-0.006250,0.750000,0,0,0,,,NONE,0.000000,0.000000,4.534331,4.665669
11.488,FOLLOW_LANE,camera lane following,159.000,-0.006250,0.750000,0,0,0,,,NONE,0.000000,0.000000,4.549952,4.650048
11.520,FOLLOW_LANE,camera lane following,159.500,-0.003125,0.750000,0,0,0,,,NONE,0.000000,0.000000,4.615577,4.584423
11.552,FOLLOW_LANE,camera lane following,159.500,-0.003125,0.750000,0,0,0,,,NONE,0.000000,0.000000,4.599952,4.600048
11.584,FOLLOW_LANE,camera lane following,159.000,-0.006250,0.750000,0,0,0,,,NONE,0.000000,0.000000,4.534323,4.665677
11.616,FOLLOW_LANE,camera lane following,159.000,-0.006250,0.750000,0,0,0,,,NONE,0.000000,0.000000,4.549944,4.650056
11.648,FOLLOW_LANE,camera lane following,159.000,-0.006250,0.750000,0,0,0,,,NONE,0.000000,0.000000,4.549940,4.650060
11.680,FOLLOW_LANE,camera lane following,159.000,-0.006250,0.750000,0,0,0,,,NONE,0.000000,0.000000,4.549936,4.650064
11.712,FOLLOW_LANE,camera lane following,159.000,-0.006250,0.750000,0,0,0,,,NONE,0.000000,0.000000,4.549932,4.650068
11.744,FOLLOW_LANE,camera lane following,158.500,-0.009375,0.750000,0,0,0,,,NONE,0.000000,0.000000,4.517113,4.682886
11.776,FOLLOW_LANE,camera lane following,158.500,-0.009375,0.750000,0,0,0,,,NONE,0.000000,0.000000,4.524920,4.675080
11.808,FOLLOW_LANE,camera lane following,158.500,-0.009375,0.750000,0,0,0,,,NONE,0.000000,0.000000,4.524914,4.675086
11.840,FOLLOW_LANE,camera lane following,158.500,-0.009375,0.750000,0,0,0,,,NONE,0.000000,0.000000,4.524908,4.675092
11.872,FOLLOW_LANE,camera lane following,159.000,-0.006250,0.750000,0,0,0,,,NONE,0.000000,0.000000,4.557716,4.642283
11.904,FOLLOW_LANE,camera lane following,159.000,-0.006250,0.750000,0,0,0,,,NONE,0.000000,0.000000,4.549900,4.650100
11.936,FOLLOW_LANE,camera lane following,159.000,-0.006250,0.750000,0,0,0,,,NONE,0.000000,0.000000,4.549896,4.650104
11.968,FOLLOW_LANE,camera lane following,159.000,-0.006250,0.750000,0,0,0,,,NONE,0.000000,0.000000,4.549892,4.650108
12.000,FOLLOW_LANE,camera lane following,158.500,-0.009375,0.750000,0,0,0,,,NONE,0.000000,0.000000,4.517073,4.682926
12.032,FOLLOW_LANE,camera lane following,158.500,-0.009375,0.750000,0,0,0,,,NONE,0.000000,0.000000,4.524880,4.675120
12.064,FOLLOW_LANE,camera lane following,158.750,-0.007812,0.750000,0,0,0,,,NONE,0.000000,0.000000,4.541281,4.658719
12.096,FOLLOW_LANE,camera lane following,158.000,-0.012500,0.750000,0,0,0,,,NONE,0.000000,0.000000,4.488148,4.711852
12.128,FOLLOW_LANE,camera lane following,158.000,-0.012500,0.750000,0,0,0,,,NONE,0.000000,0.000000,4.499859,4.700141
12.160,FOLLOW_LANE,camera lane following,158.000,-0.012500,0.750000,0,0,0,,,NONE,0.000000,0.000000,4.499851,4.700149
12.192,FOLLOW_LANE,camera lane following,158.000,-0.012500,0.750000,0,0,0,,,NONE,0.000000,0.000000,4.499843,4.700157
12.224,FOLLOW_LANE,camera lane following,158.000,-0.012500,0.750000,0,0,0,,,NONE,0.000000,0.000000,4.499835,4.700165
12.256,FOLLOW_LANE,camera lane following,158.000,-0.012500,0.750000,0,0,0,,,NONE,0.000000,0.000000,4.499827,4.700173
12.288,FOLLOW_LANE,camera lane following,158.000,-0.012500,0.750000,0,0,0,,,NONE,0.000000,0.000000,4.499819,4.700181
12.320,FOLLOW_LANE,camera lane following,158.000,-0.012500,0.750000,0,0,0,,,NONE,0.000000,0.000000,4.499811,4.700189
12.352,FOLLOW_LANE,camera lane following,157.500,-0.015625,0.750000,0,0,0,,,NONE,0.000000,0.000000,4.466988,4.733011
12.384,FOLLOW_LANE,camera lane following,157.250,-0.017188,0.750000,0,0,0,,,NONE,0.000000,0.000000,4.458384,4.741616
12.416,FOLLOW_LANE,camera lane following,157.000,-0.018750,0.750000,0,0,0,,,NONE,0.000000,0.000000,4.445872,4.754128
12.448,FOLLOW_LANE,camera lane following,157.000,-0.018750,0.750000,0,0,0,,,NONE,0.000000,0.000000,4.449766,4.750234
12.480,FOLLOW_LANE,camera lane following,157.000,-0.018750,0.750000,0,0,0,,,NONE,0.000000,0.000000,4.449754,4.750246
12.512,FOLLOW_LANE,camera lane following,157.500,-0.015625,0.750000,0,0,0,,,NONE,0.000000,0.000000,4.482556,4.717443
12.544,FOLLOW_LANE,camera lane following,157.500,-0.015625,0.750000,0,0,0,,,NONE,0.000000,0.000000,4.474734,4.725266
12.576,FOLLOW_LANE,camera lane following,158.500,-0.009375,0.750000,0,0,0,,,NONE,0.000000,0.000000,4.540353,4.659647
12.608,FOLLOW_LANE,camera lane following,159.000,-0.006250,0.750000,0,0,0,,,NONE,0.000000,0.000000,4.557536,4.642463
12.640,FOLLOW_LANE,camera lane following,162.000,0.012500,0.750000,0,0,0,,,NONE,0.000000,0.000000,4.746607,4.453393
12.672,FOLLOW_LANE,camera lane following,159.500,-0.003125,0.750000,0,0,0,,,NONE,0.000000,0.000000,4.568482,4.631518
12.704,FOLLOW_LANE,camera lane following,155.000,-0.031250,0.750000,0,0,0,,,NONE,0.000000,0.000000,4.271587,4.928413
12.736,FOLLOW_LANE,camera lane following,155.000,-0.031250,0.750000,0,0,0,,,NONE,0.000000,0.000000,4.349692,4.850308
12.768,FOLLOW_LANE,camera lane following,155.000,-0.031250,0.750000,0,0,0,,,NONE,0.000000,0.000000,4.349672,4.850328
12.800,FOLLOW_LANE,camera lane following,155.500,-0.028125,0.750000,0,0,0,,,NONE,0.000000,0.000000,4.382466,4.817533
12.832,FOLLOW_LANE,camera lane following,156.000,-0.025000,0.750000,0,0,0,,,NONE,0.000000,0.000000,4.407450,4.792549
12.864,FOLLOW_LANE,camera lane following,156.000,-0.025000,0.750000,0,0,0,,,NONE,0.000000,0.000000,4.399622,4.800378
12.896,FOLLOW_LANE,camera lane following,156.500,-0.021875,0.750000,0,0,0,,,NONE,0.000000,0.000000,4.432420,4.767580
12.928,FOLLOW_LANE,camera lane following,156.500,-0.021875,0.750000,0,0,0,,,NONE,0.000000,0.000000,4.424594,4.775406
12.960,FOLLOW_LANE,camera lane following,156.500,-0.021875,0.750000,0,0,0,,,NONE,0.000000,0.000000,4.424580,4.775420
12.992,FOLLOW_LANE,camera lane following,156.500,-0.021875,0.750000,0,0,0,,,NONE,0.000000,0.000000,4.424566,4.775434
13.024,FOLLOW_LANE,camera lane following,157.500,-0.015625,0.750000,0,0,0,,,NONE,0.000000,0.000000,4.490181,4.709819
13.056,FOLLOW_LANE,camera lane following,157.500,-0.015625,0.750000,0,0,0,,,NONE,0.000000,0.000000,4.474546,4.725454
13.088,FOLLOW_LANE,camera lane following,157.500,-0.015625,0.750000,0,0,0,,,NONE,0.000000,0.000000,4.474536,4.725464
13.120,FOLLOW_LANE,camera lane following,158.000,-0.012500,0.750000,0,0,0,,,NONE,0.000000,0.000000,4.507340,4.692659
13.152,FOLLOW_LANE,camera lane following,158.500,-0.009375,0.750000,0,0,0,,,NONE,0.000000,0.000000,4.532334,4.667666
13.184,FOLLOW_LANE,camera lane following,158.500,-0.009375,0.750000,0,0,0,,,NONE,0.000000,0.000000,4.524516,4.675484
13.216,FOLLOW_LANE,camera lane following,159.000,-0.006250,0.750000,0,0,0,,,NONE,0.000000,0.000000,4.557325,4.642675
13.248,FOLLOW_LANE,camera lane following,160.000,0.000000,0.750000,0,0,0,,,NONE,0.000000,0.000000,4.615137,4.584863
13.280,FOLLOW_LANE,camera lane following,160.500,0.003125,0.750000,0,0,0,,,NONE,0.000000,0.000000,4.599512,4.600488
13.312,FOLLOW_LANE,camera lane following,162.000,0.012500,0.750000,0,0,0,,,NONE,0.000000,0.000000,4.730770,4.469230
13.344,FOLLOW_LANE,camera lane following,163.500,0.021875,0.750000,0,0,0,,,NONE,0.000000,0.000000,4.797972,4.402028
13.376,FOLLOW_LANE,camera lane following,165.500,0.034375,0.750000,0,0,0,,,NONE,0.000000,0.000000,4.905806,4.294194
13.408,FOLLOW_LANE,camera lane following,167.500,0.046875,0.750000,0,0,0,,,NONE,0.000000,0.000000,5.005836,4.194164
13.440,FOLLOW_LANE,camera lane following,157.500,-0.015625,0.750000,0,0,0,,,NONE,0.000000,0.000000,4.318326,4.881674
13.472,FOLLOW_LANE,camera lane following,134.000,-0.162500,0.750000,0,0,0,,,NONE,0.000000,0.000000,2.932284,6.267715
13.504,FOLLOW_LANE,camera lane following,136.500,-0.146875,0.750000,0,0,0,,,NONE,0.000000,0.000000,3.463440,5.736559
13.536,FOLLOW_LANE,camera lane following,136.500,-0.146875,0.750000,0,0,0,,,NONE,0.000000,0.000000,3.424284,5.775716
13.568,FOLLOW_LANE,camera lane following,154.500,-0.034375,0.750000,0,0,0,,,NONE,0.000000,0.000000,4.605512,4.594488
13.600,FOLLOW_LANE,camera lane following,155.000,-0.031250,0.750000,0,0,0,,,NONE,0.000000,0.000000,4.357054,4.842945
13.632,FOLLOW_LANE,camera lane following,155.000,-0.031250,0.750000,0,0,0,,,NONE,0.000000,0.000000,4.349222,4.850778
13.664,FOLLOW_LANE,camera lane following,155.500,-0.028125,0.750000,0,0,0,,,NONE,0.000000,0.000000,4.382016,4.817983
13.696,FOLLOW_LANE,camera lane following,156.000,-0.025000,0.750000,0,0,0,,,NONE,0.000000,0.000000,4.407000,4.792999
13.728,FOLLOW_LANE,camera lane following,156.500,-0.021875,0.750000,0,0,0,,,NONE,0.000000,0.000000,4.431986,4.768013
13.760,FOLLOW_LANE,camera lane following,156.500,-0.021875,0.750000,0,0,0,,,NONE,0.000000,0.000000,4.424160,4.775840
13.792,FOLLOW_LANE,camera lane following,157.000,-0.018750,0.750000,0,0,0,,,NONE,0.000000,0.000000,4.456960,4.743040
13.824,FOLLOW_LANE,camera lane following,157.500,-0.015625,0.750000,0,0,0,,,NONE,0.000000,0.000000,4.481950,4.718049
13.856,FOLLOW_LANE,camera lane following,157.500,-0.015625,0.750000,0,0,0,,,NONE,0.000000,0.000000,4.474128,4.725872
13.888,FOLLOW_LANE,camera lane following,157.500,-0.015625,0.750000,0,0,0,,,NONE,0.000000,0.000000,4.474118,4.725882
13.920,FOLLOW_LANE,camera lane following,158.500,-0.009375,0.750000,0,0,0,,,NONE,0.000000,0.000000,4.539737,4.660263
13.952,FOLLOW_LANE,camera lane following,158.500,-0.009375,0.750000,0,0,0,,,NONE,0.000000,0.000000,4.524106,4.675894
13.984,FOLLOW_LANE,camera lane following,159.000,-0.006250,0.750000,0,0,0,,,NONE,0.000000,0.000000,4.556914,4.643085
14.016,FOLLOW_LANE,camera lane following,159.500,-0.003125,0.750000,0,0,0,,,NONE,0.000000,0.000000,4.614727,4.585273
14.048,FOLLOW_LANE,camera lane following,161.500,0.009375,0.750000,0,0,0,,,NONE,0.000000,0.000000,4.697545,4.502454
14.080,FOLLOW_LANE,camera lane following,163.000,0.018750,0.750000,0,0,0,,,NONE,0.000000,0.000000,4.772557,4.427442
14.112,FOLLOW_LANE,camera lane following,163.500,0.021875,0.750000,0,0,0,,,NONE,0.000000,0.000000,4.781946,4.418054
14.144,FOLLOW_LANE,camera lane following,164.500,0.028125,0.750000,0,0,0,,,NONE,0.000000,0.000000,4.839777,4.360223
14.176,FOLLOW_LANE,camera lane following,165.000,0.031250,0.750000,0,0,0,,,NONE,0.000000,0.000000,4.856984,4.343015
14.208,FOLLOW_LANE,camera lane following,166.500,0.040625,0.750000,0,0,0,,,NONE,0.000000,0.000000,4.947635,4.252364
14.240,FOLLOW_LANE,camera lane following,164.500,0.028125,0.750000,0,0,0,,,NONE,0.000000,0.000000,4.792966,4.407034
14.272,FOLLOW_LANE,camera lane following,138.500,-0.134375,0.750000,0,0,0,,,NONE,0.000000,0.000000,3.117880,6.082120
14.304,FOLLOW_LANE,camera lane following,137.000,-0.143750,0.750000,0,0,0,,,NONE,0.000000,0.000000,3.425600,5.774399
14.336,FOLLOW_LANE,camera lane following,137.500,-0.140625,0.750000,0,0,0,,,NONE,0.000000,0.000000,3.481760,5.718239
14.368,FOLLOW_LANE,camera lane following,136.000,-0.150000,0.750000,0,0,0,,,NONE,0.000000,0.000000,3.375414,5.824585
14.400,FOLLOW_LANE,camera lane following,168.500,0.053125,0.750000,0,0,0,,,NONE,0.000000,0.000000,5.531698,3.668301
14.432,FOLLOW_LANE,camera lane following,161.500,0.009375,0.750000,0,0,0,,,NONE,0.000000,0.000000,4.564517,4.635483
14.464,FOLLOW_LANE,camera lane following,160.000,0.000000,0.750000,0,0,0,,,NONE,0.000000,0.000000,4.575454,4.624545
14.496,FOLLOW_LANE,camera lane following,158.500,-0.009375,0.750000,0,0,0,,,NONE,0.000000,0.000000,4.500449,4.699551
14.528,FOLLOW_LANE,camera lane following,160.000,0.000000,0.750000,0,0,0,,,NONE,0.000000,0.000000,4.622323,4.577676
14.560,FOLLOW_LANE,camera lane following,160.000,0.000000,0.750000,0,0,0,,,NONE,0.000000,0.000000,4.598886,4.601114
14.592,FOLLOW_LANE,camera lane following,155.500,-0.028125,0.750000,0,0,0,,,NONE,0.000000,0.000000,4.303555,4.896444
14.624,FOLLOW_LANE,camera lane following,152.500,-0.046875,0.750000,0,0,0,,,NONE,0.000000,0.000000,4.176963,5.023037
14.656,FOLLOW_LANE,camera lane following,153.000,-0.043750,0.750000,0,0,0,,,NONE,0.000000,0.000000,4.256622,4.943377
14.688,FOLLOW_LANE,camera lane following,154.000,-0.037500,0.750000,0,0,0,,,NONE,0.000000,0.000000,4.314411,4.885589
14.720,FOLLOW_LANE,camera lane following,154.000,-0.037500,0.750000,0,0,0,,,NONE,0.000000,0.000000,4.298762,4.901238
14.752,FOLLOW_LANE,camera lane following,154.500,-0.034375,0.750000,0,0,0,,,NONE,0.000000,0.000000,4.331552,4.868447
14.784,FOLLOW_LANE,camera lane following,155.500,-0.028125,0.750000,0,0,0,,,NONE,0.000000,0.000000,4.389347,4.810653
14.816,FOLLOW_LANE,camera lane following,156.000,-0.025000,0.750000,0,0,0,,,NONE,0.000000,0.000000,4.406518,4.793481
14.848,FOLLOW_LANE,camera lane following,157.500,-0.015625,0.750000,0,0,0,,,NONE,0.000000,0.000000,4.497133,4.702866
14.880,FOLLOW_LANE,camera lane following,159.000,-0.006250,0.750000,0,0,0,,,NONE,0.000000,0.000000,4.572129,4.627870
14.912,FOLLOW_LANE,camera lane following,160.000,0.000000,0.750000,0,0,0,,,NONE,0.000000,0.000000,4.614317,4.585683
14.944,FOLLOW_LANE,camera lane following,160.500,0.003125,0.750000,0,0,0,,,NONE,0.000000,0.000000,4.598692,4.601308
14.976,FOLLOW_LANE,camera lane following,160.500,0.003125,0.750000,0,0,0,,,NONE,0.000000,0.000000,4.598692,4.601308
15.008,FOLLOW_LANE,camera lane following,162.000,0.012500,0.750000,0,0,0,,,NONE,0.000000,0.000000,4.729950,4.470050
15.040,FOLLOW_LANE,camera lane following,164.000,0.025000,0.750000,0,0,0,,,NONE,0.000000,0.000000,4.829966,4.370034
15.072,FOLLOW_LANE,camera lane following,165.500,0.034375,0.750000,0,0,0,,,NONE,0.000000,0.000000,4.897175,4.302824
15.104,FOLLOW_LANE,camera lane following,149.000,-0.068750,0.750000,0,0,0,,,NONE,0.000000,0.000000,3.790881,5.409118
15.136,FOLLOW_LANE,camera lane following,137.000,-0.143750,0.750000,0,0,0,,,NONE,0.000000,0.000000,3.261102,5.938898
15.168,FOLLOW_LANE,camera lane following,140.000,-0.125000,0.750000,0,0,0,,,NONE,0.000000,0.000000,3.645397,5.554603
15.200,FOLLOW_LANE,camera lane following,138.000,-0.137500,0.750000,0,0,0,,,NONE,0.000000,0.000000,3.467184,5.732816
15.232,FOLLOW_LANE,camera lane following,162.500,0.015625,0.750000,0,0,0,,,NONE,0.000000,0.000000,5.106256,4.093743
15.264,FOLLOW_LANE,camera lane following,157.500,-0.015625,0.750000,0,0,0,,,NONE,0.000000,0.000000,4.395309,4.804691
15.296,FOLLOW_LANE,camera lane following,156.000,-0.025000,0.750000,0,0,0,,,NONE,0.000000,0.000000,4.374980,4.825019
15.328,FOLLOW_LANE,camera lane following,155.000,-0.031250,0.750000,0,0,0,,,NONE,0.000000,0.000000,4.332773,4.867227
15.360,FOLLOW_LANE,camera lane following,156.500,-0.021875,0.750000,0,0,0,,,NONE,0.000000,0.000000,4.446821,4.753178
15.392,FOLLOW_LANE,camera lane following,156.500,-0.021875,0.750000,0,0,0,,,NONE,0.000000,0.000000,4.423370,4.776630
15.424,FOLLOW_LANE,camera lane following,153.000,-0.043750,0.750000,0,0,0,,,NONE,0.000000,0.000000,4.193655,5.006345
15.456,FOLLOW_LANE,camera lane following,152.000,-0.050000,0.750000,0,0,0,,,NONE,0.000000,0.000000,4.182685,5.017315
15.488,FOLLOW_LANE,camera lane following,152.500,-0.046875,0.750000,0,0,0,,,NONE,0.000000,0.000000,4.231092,4.968907
15.520,FOLLOW_LANE,camera lane following,153.000,-0.043750,0.750000,0,0,0,,,NONE,0.000000,0.000000,4.256064,4.943935
15.552,FOLLOW_LANE,camera lane following,153.000,-0.043750,0.750000,0,0,0,,,NONE,0.000000,0.000000,4.248224,4.951776
15.584,FOLLOW_LANE,camera lane following,154.000,-0.037500,0.750000,0,0,0,,,NONE,0.000000,0.000000,4.313825,4.886175
15.616,FOLLOW_LANE,camera lane following,154.500,-0.034375,0.750000,0,0,0,,,NONE,0.000000,0.000000,4.330990,4.869009
15.648,FOLLOW_LANE,camera lane following,155.000,-0.031250,0.750000,0,0,0,,,NONE,0.000000,0.000000,4.355970,4.844029
15.680,FOLLOW_LANE,camera lane following,156.000,-0.025000,0.750000,0,0,0,,,NONE,0.000000,0.000000,4.413767,4.786233
15.712,FOLLOW_LANE,camera lane following,156.500,-0.021875,0.750000,0,0,0,,,NONE,0.000000,0.000000,4.430940,4.769060
15.744,FOLLOW_LANE,camera lane following,157.500,-0.015625,0.750000,0,0,0,,,NONE,0.000000,0.000000,4.488743,4.711257
15.776,FOLLOW_LANE,camera lane following,158.000,-0.012500,0.750000,0,0,0,,,NONE,0.000000,0.000000,4.505922,4.694077
15.808,FOLLOW_LANE,camera lane following,159.000,-0.006250,0.750000,0,0,0,,,NONE,0.000000,0.000000,4.563731,4.636269
15.840,FOLLOW_LANE,camera lane following,161.000,0.006250,0.750000,0,0,0,,,NONE,0.000000,0.000000,4.679360,4.520640
15.872,FOLLOW_LANE,camera lane following,162.500,0.015625,0.750000,0,0,0,,,NONE,0.000000,0.000000,4.746557,4.453442
15.904,FOLLOW_LANE,camera lane following,165.000,0.031250,0.750000,0,0,0,,,NONE,0.000000,0.000000,4.887202,4.312797
15.936,FOLLOW_LANE,camera lane following,161.000,0.006250,0.750000,0,0,0,,,NONE,0.000000,0.000000,4.585644,4.614356
15.968,FOLLOW_LANE,camera lane following,138.500,-0.134375,0.750000,0,0,0,,,NONE,0.000000,0.000000,3.171495,6.028504
16.000,FOLLOW_LANE,camera lane following,137.500,-0.140625,0.750000,0,0,0,,,NONE,0.000000,0.000000,3.457343,5.742657
16.032,FOLLOW_LANE,camera lane following,138.250,-0.135937,0.750000,0,0,0,,,NONE,0.000000,0.000000,3.522100,5.677900
16.064,FOLLOW_LANE,camera lane following,156.000,-0.025000,0.750000,0,0,0,,,NONE,0.000000,0.000000,4.675209,4.524791
16.096,FOLLOW_LANE,camera lane following,154.000,-0.037500,0.750000,0,0,0,,,NONE,0.000000,0.000000,4.266591,4.933409
16.128,FOLLOW_LANE,camera lane following,153.000,-0.043750,0.750000,0,0,0,,,NONE,0.000000,0.000000,4.232188,4.967812
16.160,FOLLOW_LANE,camera lane following,152.500,-0.046875,0.750000,0,0,0,,,NONE,0.000000,0.000000,4.214970,4.985029
16.192,FOLLOW_LANE,camera lane following,154.000,-0.037500,0.750000,0,0,0,,,NONE,0.000000,0.000000,4.321196,4.878804
16.224,FOLLOW_LANE,camera lane following,154.500,-0.034375,0.750000,0,0,0,,,NONE,0.000000,0.000000,4.330550,4.869450
16.256,FOLLOW_LANE,camera lane following,153.500,-0.040625,0.750000,0,0,0,,,NONE,0.000000,0.000000,4.257086,4.942914
16.288,FOLLOW_LANE,camera lane following,152.000,-0.050000,0.750000,0,0,0,,,NONE,0.000000,0.000000,4.174241,5.025758
16.320,FOLLOW_LANE,camera lane following,152.500,-0.046875,0.750000,0,0,0,,,NONE,0.000000,0.000000,4.230461,4.969538
16.352,FOLLOW_LANE,camera lane following,153.000,-0.043750,0.750000,0,0,0,,,NONE,0.000000,0.000000,4.255433,4.944566
16.384,FOLLOW_LANE,camera lane following,153.000,-0.043750,0.750000,0,0,0,,,NONE,0.000000,0.000000,4.247593,4.952407
16.416,FOLLOW_LANE,camera lane following,154.000,-0.037500,0.750000,0,0,0,,,NONE,0.000000,0.000000,4.313194,4.886806
16.448,FOLLOW_LANE,camera lane following,154.000,-0.037500,0.750000,0,0,0,,,NONE,0.000000,0.000000,4.297545,4.902455
16.480,FOLLOW_LANE,camera lane following,155.500,-0.028125,0.750000,0,0,0,,,NONE,0.000000,0.000000,4.395964,4.804035
16.512,FOLLOW_LANE,camera lane following,156.750,-0.020313,0.750000,0,0,0,,,NONE,0.000000,0.000000,4.454545,4.745455
16.544,FOLLOW_LANE,camera lane following,157.000,-0.018750,0.750000,0,0,0,,,NONE,0.000000,0.000000,4.451408,4.748592
16.576,FOLLOW_LANE,camera lane following,157.500,-0.015625,0.750000,0,0,0,,,NONE,0.000000,0.000000,4.480304,4.719695
16.608,FOLLOW_LANE,camera lane following,158.500,-0.009375,0.750000,0,0,0,,,NONE,0.000000,0.000000,4.538111,4.661889
16.640,FOLLOW_LANE,camera lane following,159.000,-0.006250,0.750000,0,0,0,,,NONE,0.000000,0.000000,4.555294,4.644705
16.672,FOLLOW_LANE,camera lane following,160.500,0.003125,0.750000,0,0,0,,,NONE,0.000000,0.000000,4.613107,4.586893
16.704,FOLLOW_LANE,camera lane following,163.000,0.018750,0.750000,0,0,0,,,NONE,0.000000,0.000000,4.794369,4.405631
16.736,FOLLOW_LANE,camera lane following,164.500,0.028125,0.750000,0,0,0,,,NONE,0.000000,0.000000,4.845949,4.354050
16.768,FOLLOW_LANE,camera lane following,165.000,0.031250,0.750000,0,0,0,,,NONE,0.000000,0.000000,4.855344,4.344656
16.800,FOLLOW_LANE,camera lane following,142.000,-0.112500,0.750000,0,0,0,,,NONE,0.000000,0.000000,3.338085,5.861915
16.832,FOLLOW_LANE,camera lane following,137.000,-0.143750,0.750000,0,0,0,,,NONE,0.000000,0.000000,3.369243,5.830757
16.864,FOLLOW_LANE,camera lane following,137.500,-0.140625,0.750000,0,0,0,,,NONE,0.000000,0.000000,3.480090,5.719909
16.896,FOLLOW_LANE,camera lane following,154.000,-0.037500,0.750000,0,0,0,,,NONE,0.000000,0.000000,4.555066,4.644933
16.928,FOLLOW_LANE,camera lane following,152.000,-0.050000,0.750000,0,0,0,,,NONE,0.000000,0.000000,4.165972,5.034028
16.960,FOLLOW_LANE,camera lane following,152.000,-0.050000,0.750000,0,0,0,,,NONE,0.000000,0.000000,4.197190,5.002810
16.992,FOLLOW_LANE,camera lane following,151.500,-0.053125,0.750000,0,0,0,,,NONE,0.000000,0.000000,4.164343,5.035656
17.024,FOLLOW_LANE,camera lane following,153.000,-0.043750,0.750000,0,0,0,,,NONE,0.000000,0.000000,4.270566,4.929434
17.056,FOLLOW_LANE,camera lane following,154.000,-0.037500,0.750000,0,0,0,,,NONE,0.000000,0.000000,4.312729,4.887271
17.088,FOLLOW_LANE,camera lane following,153.500,-0.040625,0.750000,0,0,0,,,NONE,0.000000,0.000000,4.264265,4.935734
17.120,FOLLOW_LANE,camera lane following,152.000,-0.050000,0.750000,0,0,0,,,NONE,0.000000,0.000000,4.173608,5.026391
17.152,FOLLOW_LANE,camera lane following,153.000,-0.043750,0.750000,0,0,0,,,NONE,0.000000,0.000000,4.262643,4.937357
17.184,FOLLOW_LANE,camera lane following,153.500,-0.040625,0.750000,0,0,0,,,NONE,0.000000,0.000000,4.279805,4.920195
17.216,FOLLOW_LANE,camera lane following,153.500,-0.040625,0.750000,0,0,0,,,NONE,0.000000,0.000000,4.271966,4.928034
17.248,FOLLOW_LANE,camera lane following,154.000,-0.037500,0.750000,0,0,0,,,NONE,0.000000,0.000000,4.304754,4.895245
17.280,FOLLOW_LANE,camera lane following,155.000,-0.031250,0.750000,0,0,0,,,NONE,0.000000,0.000000,4.362547,4.837453
17.312,FOLLOW_LANE,camera lane following,155.500,-0.028125,0.750000,0,0,0,,,NONE,0.000000,0.000000,4.379716,4.820283
17.344,FOLLOW_LANE,camera lane following,156.000,-0.025000,0.750000,0,0,0,,,NONE,0.000000,0.000000,4.404700,4.795299
17.376,FOLLOW_LANE,camera lane following,157.000,-0.018750,0.750000,0,0,0,,,NONE,0.000000,0.000000,4.462501,4.737499
17.408,FOLLOW_LANE,camera lane following,157.500,-0.015625,0.750000,0,0,0,,,NONE,0.000000,0.000000,4.479678,4.720321
17.440,FOLLOW_LANE,camera lane following,158.000,-0.012500,0.750000,0,0,0,,,NONE,0.000000,0.000000,4.504670,4.695329
17.472,FOLLOW_LANE,camera lane following,159.500,-0.003125,0.750000,0,0,0,,,NONE,0.000000,0.000000,4.628108,4.571892
17.504,FOLLOW_LANE,camera lane following,161.000,0.006250,0.750000,0,0,0,,,NONE,0.000000,0.000000,4.662487,4.537513
17.536,FOLLOW_LANE,camera lane following,163.000,0.018750,0.750000,0,0,0,,,NONE,0.000000,0.000000,4.778124,4.421876
17.568,FOLLOW_LANE,camera lane following,164.500,0.028125,0.750000,0,0,0,,,NONE,0.000000,0.000000,4.845330,4.354670
17.600,FOLLOW_LANE,camera lane following,166.000,0.037500,0.750000,0,0,0,,,NONE,0.000000,0.000000,4.920354,4.279646
17.632,FOLLOW_LANE,camera lane following,145.250,-0.092188,0.750000,0,0,0,,,NONE,0.000000,0.000000,3.535138,5.664862
17.664,FOLLOW_LANE,camera lane following,137.750,-0.139063,0.750000,0,0,0,,,NONE,0.000000,0.000000,3.367080,5.832919
17.696,FOLLOW_LANE,camera lane following,138.250,-0.135937,0.750000,0,0,0,,,NONE,0.000000,0.000000,3.516993,5.683006
17.728,FOLLOW_LANE,camera lane following,151.500,-0.053125,0.750000,0,0,0,,,NONE,0.000000,0.000000,4.378678,4.821322
17.760,FOLLOW_LANE,camera lane following,152.000,-0.050000,0.750000,0,0,0,,,NONE,0.000000,0.000000,4.204427,4.995572
17.792,FOLLOW_LANE,camera lane following,151.500,-0.053125,0.750000,0,0,0,,,NONE,0.000000,0.000000,4.163768,5.036231
17.824,FOLLOW_LANE,camera lane following,152.000,-0.050000,0.750000,0,0,0,,,NONE,0.000000,0.000000,4.204361,4.995639
17.856,FOLLOW_LANE,camera lane following,153.000,-0.043750,0.750000,0,0,0,,,NONE,0.000000,0.000000,4.262146,4.937854
17.888,FOLLOW_LANE,camera lane following,154.000,-0.037500,0.750000,0,0,0,,,NONE,0.000000,0.000000,4.312122,4.887878
17.920,FOLLOW_LANE,camera lane following,154.000,-0.037500,0.750000,0,0,0,,,NONE,0.000000,0.000000,4.296473,4.903527
17.952,FOLLOW_LANE,camera lane following,152.500,-0.046875,0.750000,0,0,0,,,NONE,0.000000,0.000000,4.198005,5.001994
17.984,FOLLOW_LANE,camera lane following,153.500,-0.040625,0.750000,0,0,0,,,NONE,0.000000,0.000000,4.287042,4.912958
18.016,FOLLOW_LANE,camera lane following,154.000,-0.037500,0.750000,0,0,0,,,NONE,0.000000,0.000000,4.304205,4.895795
18.048,FOLLOW_LANE,camera lane following,154.500,-0.034375,0.750000,0,0,0,,,NONE,0.000000,0.000000,4.329183,4.870817
18.080,FOLLOW_LANE,camera lane following,154.500,-0.034375,0.750000,0,0,0,,,NONE,0.000000,0.000000,4.321349,4.878651
18.112,FOLLOW_LANE,camera lane following,155.500,-0.028125,0.750000,0,0,0,,,NONE,0.000000,0.000000,4.386956,4.813044
18.144,FOLLOW_LANE,camera lane following,156.000,-0.025000,0.750000,0,0,0,,,NONE,0.000000,0.000000,4.404127,4.795872
18.176,FOLLOW_LANE,camera lane following,156.500,-0.021875,0.750000,0,0,0,,,NONE,0.000000,0.000000,4.429113,4.770886
18.208,FOLLOW_LANE,camera lane following,157.000,-0.018750,0.750000,0,0,0,,,NONE,0.000000,0.000000,4.454101,4.745899
18.240,FOLLOW_LANE,camera lane following,158.000,-0.012500,0.750000,0,0,0,,,NONE,0.000000,0.000000,4.511906,4.688094
18.272,FOLLOW_LANE,camera lane following,158.000,-0.012500,0.750000,0,0,0,,,NONE,0.000000,0.000000,4.496273,4.703727
18.304,FOLLOW_LANE,camera lane following,159.000,-0.006250,0.750000,0,0,0,,,NONE,0.000000,0.000000,4.561894,4.638106
18.336,FOLLOW_LANE,camera lane following,161.000,0.006250,0.750000,0,0,0,,,NONE,0.000000,0.000000,4.677523,4.522477
18.368,FOLLOW_LANE,camera lane following,162.000,0.012500,0.750000,0,0,0,,,NONE,0.000000,0.000000,4.711906,4.488094
18.400,FOLLOW_LANE,camera lane following,164.000,0.025000,0.750000,0,0,0,,,NONE,0.000000,0.000000,4.827547,4.372453
18.432,FOLLOW_LANE,camera lane following,166.250,0.039062,0.750000,0,0,0,,,NONE,0.000000,0.000000,4.943978,4.256022
18.464,FOLLOW_LANE,camera lane following,159.500,-0.003125,0.750000,0,0,0,,,NONE,0.000000,0.000000,4.498666,4.701334
18.496,FOLLOW_LANE,camera lane following,136.750,-0.145313,0.750000,0,0,0,,,NONE,0.000000,0.000000,3.070448,6.129552
18.528,FOLLOW_LANE,camera lane following,137.750,-0.139063,0.750000,0,0,0,,,NONE,0.000000,0.000000,3.499265,5.700735
18.560,FOLLOW_LANE,camera lane following,129.500,-0.190625,0.750000,0,0,0,,,NONE,0.000000,0.000000,2.942112,6.257888
18.592,FOLLOW_LANE,camera lane following,152.000,-0.050000,0.750000,0,0,0,,,NONE,0.000000,0.000000,4.547548,4.652451
18.624,FOLLOW_LANE,camera lane following,150.500,-0.059375,0.750000,0,0,0,,,NONE,0.000000,0.000000,4.097510,5.102489
18.656,FOLLOW_LANE,camera lane following,151.500,-0.053125,0.750000,0,0,0,,,NONE,0.000000,0.000000,4.186539,5.013461
18.688,FOLLOW_LANE,camera lane following,151.000,-0.056250,0.750000,0,0,0,,,NONE,0.000000,0.000000,4.138065,5.061934
18.720,FOLLOW_LANE,camera lane following,153.000,-0.043750,0.750000,0,0,0,,,NONE,0.000000,0.000000,4.277100,4.922900
18.752,FOLLOW_LANE,camera lane following,154.000,-0.037500,0.750000,0,0,0,,,NONE,0.000000,0.000000,4.311451,4.888549
18.784,FOLLOW_LANE,camera lane following,152.500,-0.046875,0.750000,0,0,0,,,NONE,0.000000,0.000000,4.197358,5.002641
18.816,FOLLOW_LANE,camera lane following,153.000,-0.043750,0.750000,0,0,0,,,NONE,0.000000,0.000000,4.253580,4.946419
18.848,FOLLOW_LANE,camera lane following,153.000,-0.043750,0.750000,0,0,0,,,NONE,0.000000,0.000000,4.245740,4.954260
18.880,FOLLOW_LANE,camera lane following,153.500,-0.040625,0.750000,0,0,0,,,NONE,0.000000,0.000000,4.278526,4.921473
18.912,FOLLOW_LANE,camera lane following,154.000,-0.037500,0.750000,0,0,0,,,NONE,0.000000,0.000000,4.303502,4.896497
18.944,FOLLOW_LANE,camera lane following,154.500,-0.034375,0.750000,0,0,0,,,NONE,0.000000,0.000000,4.328480,4.871519
18.976,FOLLOW_LANE,camera lane following,155.000,-0.031250,0.750000,0,0,0,,,NONE,0.000000,0.000000,4.353460,4.846539
19.008,FOLLOW_LANE,camera lane following,155.500,-0.028125,0.750000,0,0,0,,,NONE,0.000000,0.000000,4.378442,4.821557
19.040,FOLLOW_LANE,camera lane following,156.000,-0.025000,0.750000,0,0,0,,,NONE,0.000000,0.000000,4.403426,4.796574
19.072,FOLLOW_LANE,camera lane following,157.500,-0.015625,0.750000,0,0,0,,,NONE,0.000000,0.000000,4.494041,4.705958
19.104,FOLLOW_LANE,camera lane following,158.000,-0.012500,0.750000,0,0,0,,,NONE,0.000000,0.000000,4.503408,4.696591
19.136,FOLLOW_LANE,camera lane following,159.000,-0.006250,0.750000,0,0,0,,,NONE,0.000000,0.000000,4.561217,4.638783
19.168,FOLLOW_LANE,camera lane following,160.000,0.000000,0.750000,0,0,0,,,NONE,0.000000,0.000000,4.611217,4.588783
19.200,FOLLOW_LANE,camera lane following,162.500,0.015625,0.750000,0,0,0,,,NONE,0.000000,0.000000,4.759664,4.440335
19.232,FOLLOW_LANE,camera lane following,164.500,0.028125,0.750000,0,0,0,,,NONE,0.000000,0.000000,4.851870,4.348130
19.264,FOLLOW_LANE,camera lane following,164.500,0.028125,0.750000,0,0,0,,,NONE,0.000000,0.000000,4.820638,4.379362
19.296,FOLLOW_LANE,camera lane following,142.000,-0.112500,0.750000,0,0,0,,,NONE,0.000000,0.000000,3.344003,5.855996
19.328,FOLLOW_LANE,camera lane following,136.500,-0.146875,0.750000,0,0,0,,,NONE,0.000000,0.000000,3.334534,5.865465
19.360,FOLLOW_LANE,camera lane following,138.000,-0.137500,0.750000,0,0,0,,,NONE,0.000000,0.000000,3.518821,5.681178
19.392,FOLLOW_LANE,camera lane following,148.000,-0.075000,0.750000,0,0,0,,,NONE,0.000000,0.000000,4.151586,5.048414
19.424,FOLLOW_LANE,camera lane following,156.500,-0.021875,0.750000,0,0,0,,,NONE,0.000000,0.000000,4.553134,4.646865
19.456,FOLLOW_LANE,camera lane following,154.500,-0.034375,0.750000,0,0,0,,,NONE,0.000000,0.000000,4.289050,4.910950
19.488,FOLLOW_LANE,camera lane following,153.500,-0.040625,0.750000,0,0,0,,,NONE,0.000000,0.000000,4.254649,4.945351
19.520,FOLLOW_LANE,camera lane following,154.500,-0.034375,0.750000,0,0,0,,,NONE,0.000000,0.000000,4.335877,4.864123
19.552,FOLLOW_LANE,camera lane following,156.000,-0.025000,0.750000,0,0,0,,,NONE,0.000000,0.000000,4.418673,4.781326
19.584,FOLLOW_LANE,camera lane following,155.500,-0.028125,0.750000,0,0,0,,,NONE,0.000000,0.000000,4.362405,4.837594
19.616,FOLLOW_LANE,camera lane following,152.000,-0.050000,0.750000,0,0,0,,,NONE,0.000000,0.000000,4.140498,5.059501
19.648,FOLLOW_LANE,camera lane following,152.000,-0.050000,0.750000,0,0,0,,,NONE,0.000000,0.000000,4.195154,5.004846
19.680,FOLLOW_LANE,camera lane following,152.500,-0.046875,0.750000,0,0,0,,,NONE,0.000000,0.000000,4.227936,4.972063
19.712,FOLLOW_LANE,camera lane following,153.000,-0.043750,0.750000,0,0,0,,,NONE,0.000000,0.000000,4.252908,4.947091
19.744,FOLLOW_LANE,camera lane following,153.000,-0.043750,0.750000,0,0,0,,,NONE,0.000000,0.000000,4.245068,4.954932
19.776,FOLLOW_LANE,camera lane following,154.500,-0.034375,0.750000,0,0,0,,,NONE,0.000000,0.000000,4.343483,4.856516
19.808,FOLLOW_LANE,camera lane following,155.000,-0.031250,0.750000,0,0,0,,,NONE,0.000000,0.000000,4.352838,4.847161
19.840,FOLLOW_LANE,camera lane following,155.500,-0.028125,0.750000,0,0,0,,,NONE,0.000000,0.000000,4.377820,4.822179
19.872,FOLLOW_LANE,camera lane following,156.500,-0.021875,0.750000,0,0,0,,,NONE,0.000000,0.000000,4.435619,4.764381
19.904,FOLLOW_LANE,camera lane following,158.000,-0.012500,0.750000,0,0,0,,,NONE,0.000000,0.000000,4.518423,4.681576
19.936,FOLLOW_LANE,camera lane following,159.000,-0.006250,0.750000,0,0,0,,,NONE,0.000000,0.000000,4.560607,4.639393
19.968,FOLLOW_LANE,camera lane following,159.500,-0.003125,0.750000,0,0,0,,,NONE,0.000000,0.000000,4.610607,4.589393
20.000,FOLLOW_LANE,camera lane following,161.000,0.006250,0.750000,0,0,0,,,NONE,0.000000,0.000000,4.660611,4.539389
20.032,FOLLOW_LANE,camera lane following,162.500,0.015625,0.750000,0,0,0,,,NONE,0.000000,0.000000,4.743434,4.456566
20.064,FOLLOW_LANE,camera lane following,164.000,0.025000,0.750000,0,0,0,,,NONE,0.000000,0.000000,4.818449,4.381550
20.096,FOLLOW_LANE,camera lane following,151.000,-0.056250,0.750000,0,0,0,,,NONE,0.000000,0.000000,3.941851,5.258149
20.128,FOLLOW_LANE,camera lane following,136.000,-0.150000,0.750000,0,0,0,,,NONE,0.000000,0.000000,3.160505,6.039495
20.160,FOLLOW_LANE,camera lane following,137.000,-0.143750,0.750000,0,0,0,,,NONE,0.000000,0.000000,3.460413,5.739587
20.192,FOLLOW_LANE,camera lane following,137.000,-0.143750,0.750000,0,0,0,,,NONE,0.000000,0.000000,3.444696,5.755304
20.224,FOLLOW_LANE,camera lane following,142.500,-0.109375,0.750000,0,0,0,,,NONE,0.000000,0.000000,3.805563,5.394436
20.256,FOLLOW_LANE,camera lane following,138.500,-0.134375,0.750000,0,0,0,,,NONE,0.000000,0.000000,3.457040,5.742960
20.288,FOLLOW_LANE,camera lane following,139.500,-0.128125,0.750000,0,0,0,,,NONE,0.000000,0.000000,3.585083,5.614917
20.320,FOLLOW_LANE,camera lane following,142.750,-0.107813,0.750000,0,0,0,,,NONE,0.000000,0.000000,3.782670,5.417330
20.352,FOLLOW_LANE,camera lane following,146.500,-0.084375,0.750000,0,0,0,,,NONE,0.000000,0.000000,3.977929,5.222071
20.384,FOLLOW_LANE,camera lane following,148.500,-0.071875,0.750000,0,0,0,,,NONE,0.000000,0.000000,4.050539,5.149461
20.416,FOLLOW_LANE,camera lane following,152.000,-0.050000,0.750000,0,0,0,,,NONE,0.000000,0.000000,4.248944,4.951055
20.448,FOLLOW_LANE,camera lane following,152.000,-0.050000,0.750000,0,0,0,,,NONE,0.000000,0.000000,4.194225,5.005775
20.480,FOLLOW_LANE,camera lane following,152.500,-0.046875,0.750000,0,0,0,,,NONE,0.000000,0.000000,4.227008,4.972992
20.512,FOLLOW_LANE,camera lane following,154.000,-0.037500,0.750000,0,0,0,,,NONE,0.000000,0.000000,4.317608,4.882391
20.544,FOLLOW_LANE,camera lane following,155.250,-0.029687,0.750000,0,0,0,,,NONE,0.000000,0.000000,4.376183,4.823817
20.576,FOLLOW_LANE,camera lane following,155.500,-0.028125,0.750000,0,0,0,,,NONE,0.000000,0.000000,4.373040,4.826960
20.608,FOLLOW_LANE,camera lane following,156.250,-0.023438,0.750000,0,0,0,,,NONE,0.000000,0.000000,4.418338,4.781662
20.640,FOLLOW_LANE,camera lane following,156.500,-0.021875,0.750000,0,0,0,,,NONE,0.000000,0.000000,4.423011,4.776989
20.672,FOLLOW_LANE,camera lane following,156.500,-0.021875,0.750000,0,0,0,,,NONE,0.000000,0.000000,4.419091,4.780909
20.704,FOLLOW_LANE,camera lane following,157.000,-0.018750,0.750000,0,0,0,,,NONE,0.000000,0.000000,4.451891,4.748108
20.736,FOLLOW_LANE,camera lane following,151.500,-0.053125,0.750000,0,0,0,,,NONE,0.000000,0.000000,4.083107,5.116892
20.768,FOLLOW_LANE,camera lane following,153.000,-0.043750,0.750000,0,0,0,,,NONE,0.000000,0.000000,4.267454,4.932545
20.800,FOLLOW_LANE,camera lane following,139.750,-0.126562,0.750000,0,0,0,,,NONE,0.000000,0.000000,3.374405,5.825595
20.832,FOLLOW_LANE,camera lane following,139.000,-0.131250,0.750000,0,0,0,,,NONE,0.000000,0.000000,3.532133,5.667867
20.864,FOLLOW_LANE,camera lane following,140.500,-0.121875,0.750000,0,0,0,,,NONE,0.000000,0.000000,3.642211,5.557788
20.896,FOLLOW_LANE,camera lane following,141.000,-0.118750,0.750000,0,0,0,,,NONE,0.000000,0.000000,3.651510,5.548489
20.928,FOLLOW_LANE,camera lane following,143.500,-0.103125,0.750000,0,0,0,,,NONE,0.000000,0.000000,3.807694,5.392305
20.960,FOLLOW_LANE,camera lane following,138.500,-0.134375,0.750000,0,0,0,,,NONE,0.000000,0.000000,3.440421,5.759579
20.992,FOLLOW_LANE,camera lane following,142.000,-0.112500,0.750000,0,0,0,,,NONE,0.000000,0.000000,3.748161,5.451839
21.024,FOLLOW_LANE,camera lane following,118.500,-0.259375,0.791903,0,0,0,,,NONE,0.000000,0.000000,2.151120,6.280000
21.056,FOLLOW_LANE,camera lane following,112.000,-0.300000,0.887784,0,0,0,,,NONE,0.000000,0.000000,2.091553,6.280000
21.088,FOLLOW_LANE,camera lane following,113.000,-0.293750,0.887784,0,0,0,,,NONE,0.000000,0.000000,2.258553,6.280000
21.120,FOLLOW_LANE,camera lane following,111.000,-0.306250,0.880682,0,0,0,,,NONE,0.000000,0.000000,2.111482,6.280000
21.152,FOLLOW_LANE,camera lane following,111.250,-0.304688,0.893111,0,0,0,,,NONE,0.000000,0.000000,2.158943,6.280000
21.184,FOLLOW_LANE,camera lane following,114.750,-0.282813,0.914418,0,0,0,,,NONE,0.000000,0.000000,2.384543,6.280000
21.216,FOLLOW_LANE,camera lane following,117.000,-0.268750,0.916193,0,0,0,,,NONE,0.000000,0.000000,2.477340,6.280000
21.248,FOLLOW_LANE,camera lane following,119.000,-0.256250,0.880682,0,0,0,,,NONE,0.000000,0.000000,2.573270,6.280000
21.280,FOLLOW_LANE,camera lane following,124.000,-0.225000,0.845170,0,0,0,,,NONE,0.000000,0.000000,2.870001,6.280000
21.312,FOLLOW_LANE,camera lane following,143.500,-0.103125,0.750000,0,0,0,,,NONE,0.000000,0.000000,4.071497,5.128502
21.344,FOLLOW_LANE,camera lane following,147.000,-0.081250,0.750000,0,0,0,,,NONE,0.000000,0.000000,3.996445,5.203554
21.376,FOLLOW_LANE,camera lane following,149.000,-0.068750,0.750000,0,0,0,,,NONE,0.000000,0.000000,4.072964,5.127036
21.408,FOLLOW_LANE,camera lane following,151.000,-0.056250,0.750000,0,0,0,,,NONE,0.000000,0.000000,4.172928,5.027072
21.440,FOLLOW_LANE,camera lane following,153.500,-0.040625,0.750000,0,0,0,,,NONE,0.000000,0.000000,4.305714,4.894285
21.472,FOLLOW_LANE,camera lane following,155.000,-0.031250,0.750000,0,0,0,,,NONE,0.000000,0.000000,4.365069,4.834930
21.504,FOLLOW_LANE,camera lane following,156.000,-0.025000,0.750000,0,0,0,,,NONE,0.000000,0.000000,4.407241,4.792759
21.536,FOLLOW_LANE,camera lane following,157.000,-0.018750,0.750000,0,0,0,,,NONE,0.000000,0.000000,4.457229,4.742771
21.568,FOLLOW_LANE,camera lane following,158.000,-0.012500,0.750000,0,0,0,,,NONE,0.000000,0.000000,4.507221,4.692779
21.600,FOLLOW_LANE,camera lane following,158.500,-0.009375,0.750000,0,0,0,,,NONE,0.000000,0.000000,4.524402,4.675597
21.632,FOLLOW_LANE,camera lane following,158.500,-0.009375,0.750000,0,0,0,,,NONE,0.000000,0.000000,4.516584,4.683416
21.664,FOLLOW_LANE,camera lane following,159.000,-0.006250,0.750000,0,0,0,,,NONE,0.000000,0.000000,4.549392,4.650607
21.696,FOLLOW_LANE,camera lane following,159.000,-0.006250,0.750000,0,0,0,,,NONE,0.000000,0.000000,4.541576,4.658424
21.728,FOLLOW_LANE,camera lane following,159.500,-0.003125,0.750000,0,0,0,,,NONE,0.000000,0.000000,4.607201,4.592799
21.760,FOLLOW_LANE,camera lane following,160.000,0.000000,0.750000,0,0,0,,,NONE,0.000000,0.000000,4.591576,4.608424
21.792,FOLLOW_LANE,camera lane following,160.000,0.000000,0.750000,0,0,0,,,NONE,0.000000,0.000000,4.591576,4.608424
21.824,FOLLOW_LANE,camera lane following,160.000,0.000000,0.750000,0,0,0,,,NONE,0.000000,0.000000,4.591576,4.608424
21.856,FOLLOW_LANE,camera lane following,160.500,0.003125,0.750000,0,0,0,,,NONE,0.000000,0.000000,4.591576,4.608424
21.888,FOLLOW_LANE,camera lane following,160.500,0.003125,0.750000,0,0,0,,,NONE,0.000000,0.000000,4.591576,4.608424
21.920,FOLLOW_LANE,camera lane following,161.000,0.006250,0.750000,0,0,0,,,NONE,0.000000,0.000000,4.657205,4.542795
21.952,FOLLOW_LANE,camera lane following,161.500,0.009375,0.750000,0,0,0,,,NONE,0.000000,0.000000,4.674398,4.525601
21.984,FOLLOW_LANE,camera lane following,162.000,0.012500,0.750000,0,0,0,,,NONE,0.000000,0.000000,4.699406,4.500593
22.016,FOLLOW_LANE,camera lane following,163.000,0.018750,0.750000,0,0,0,,,NONE,0.000000,0.000000,4.757231,4.442769
22.048,FOLLOW_LANE,camera lane following,164.500,0.028125,0.750000,0,0,0,,,NONE,0.000000,0.000000,4.840062,4.359938
22.080,FOLLOW_LANE,camera lane following,165.500,0.034375,0.750000,0,0,0,,,NONE,0.000000,0.000000,4.882271,4.317729
22.112,FOLLOW_LANE,camera lane following,165.500,0.034375,0.750000,0,0,0,,,NONE,0.000000,0.000000,4.866668,4.333332
22.144,FOLLOW_LANE,camera lane following,165.500,0.034375,0.750000,0,0,0,,,NONE,0.000000,0.000000,4.866690,4.333310
22.176,FOLLOW_LANE,camera lane following,166.000,0.037500,0.750000,0,0,0,,,NONE,0.000000,0.000000,4.899526,4.300473
22.208,FOLLOW_LANE,camera lane following,166.500,0.040625,0.750000,0,0,0,,,NONE,0.000000,0.000000,4.924552,4.275447
22.240,FOLLOW_LANE,camera lane following,166.500,0.040625,0.750000,0,0,0,,,NONE,0.000000,0.000000,4.916766,4.283234
22.272,FOLLOW_LANE,camera lane following,166.500,0.040625,0.750000,0,0,0,,,NONE,0.000000,0.000000,4.916792,4.283208
22.304,FOLLOW_LANE,camera lane following,166.500,0.040625,0.750000,0,0,0,,,NONE,0.000000,0.000000,4.916818,4.283182
22.336,FOLLOW_LANE,camera lane following,166.500,0.040625,0.750000,0,0,0,,,NONE,0.000000,0.000000,4.916844,4.283156
22.368,FOLLOW_LANE,camera lane following,166.000,0.037500,0.750000,0,0,0,,,NONE,0.000000,0.000000,4.884055,4.315944
22.400,FOLLOW_LANE,camera lane following,166.000,0.037500,0.750000,0,0,0,,,NONE,0.000000,0.000000,4.891892,4.308108
22.432,FOLLOW_LANE,camera lane following,166.000,0.037500,0.750000,0,0,0,,,NONE,0.000000,0.000000,4.891916,4.308084
22.464,FOLLOW_LANE,camera lane following,166.000,0.037500,0.750000,0,0,0,,,NONE,0.000000,0.000000,4.891940,4.308060
22.496,FOLLOW_LANE,camera lane following,165.500,0.034375,0.750000,0,0,0,,,NONE,0.000000,0.000000,4.859150,4.340850
22.528,FOLLOW_LANE,camera lane following,165.500,0.034375,0.750000,0,0,0,,,NONE,0.000000,0.000000,4.866984,4.333016
22.560,FOLLOW_LANE,camera lane following,165.500,0.034375,0.750000,0,0,0,,,NONE,0.000000,0.000000,4.867006,4.332994
22.592,FOLLOW_LANE,camera lane following,165.000,0.031250,0.750000,0,0,0,,,NONE,0.000000,0.000000,4.834213,4.365786
22.624,FOLLOW_LANE,camera lane following,165.000,0.031250,0.750000,0,0,0,,,NONE,0.000000,0.000000,4.842046,4.357954
22.656,FOLLOW_LANE,camera lane following,165.000,0.031250,0.750000,0,0,0,,,NONE,0.000000,0.000000,4.842066,4.357934
22.688,FOLLOW_LANE,camera lane following,165.000,0.031250,0.750000,0,0,0,,,NONE,0.000000,0.000000,4.842086,4.357914
22.720,FOLLOW_LANE,camera lane following,164.500,0.028125,0.750000,0,0,0,,,NONE,0.000000,0.000000,4.809291,4.390708
22.752,FOLLOW_LANE,camera lane following,164.000,0.025000,0.750000,0,0,0,,,NONE,0.000000,0.000000,4.784307,4.415692
22.784,FOLLOW_LANE,camera lane following,163.500,0.021875,0.750000,0,0,0,,,NONE,0.000000,0.000000,4.759321,4.440678
22.816,FOLLOW_LANE,camera lane following,162.500,0.015625,0.750000,0,0,0,,,NONE,0.000000,0.000000,4.701519,4.498481
22.848,FOLLOW_LANE,camera lane following,161.500,0.009375,0.750000,0,0,0,,,NONE,0.000000,0.000000,4.651525,4.548475
22.880,FOLLOW_LANE,camera lane following,161.500,0.009375,0.750000,0,0,0,,,NONE,0.000000,0.000000,4.667156,4.532844
22.912,FOLLOW_LANE,camera lane following,161.000,0.006250,0.750000,0,0,0,,,NONE,0.000000,0.000000,4.634347,4.565652
22.944,FOLLOW_LANE,camera lane following,160.500,0.003125,0.750000,0,0,0,,,NONE,0.000000,0.000000,4.576535,4.623465
22.976,FOLLOW_LANE,camera lane following,160.500,0.003125,0.750000,0,0,0,,,NONE,0.000000,0.000000,4.592160,4.607840
23.008,FOLLOW_LANE,camera lane following,160.500,0.003125,0.750000,0,0,0,,,NONE,0.000000,0.000000,4.592160,4.607840
23.040,FOLLOW_LANE,camera lane following,160.000,0.000000,0.750000,0,0,0,,,NONE,0.000000,0.000000,4.592160,4.607840
23.072,FOLLOW_LANE,camera lane following,160.000,0.000000,0.750000,0,0,0,,,NONE,0.000000,0.000000,4.592160,4.607840
23.104,FOLLOW_LANE,camera lane following,159.000,-0.006250,0.750000,0,0,0,,,NONE,0.000000,0.000000,4.526531,4.673469
23.136,FOLLOW_LANE,camera lane following,159.000,-0.006250,0.750000,0,0,0,,,NONE,0.000000,0.000000,4.542152,4.657848
23.168,FOLLOW_LANE,camera lane following,158.500,-0.009375,0.750000,0,0,0,,,NONE,0.000000,0.000000,4.509333,4.690666
23.200,FOLLOW_LANE,camera lane following,158.000,-0.012500,0.750000,0,0,0,,,NONE,0.000000,0.000000,4.484325,4.715674
23.232,FOLLOW_LANE,camera lane following,157.500,-0.015625,0.750000,0,0,0,,,NONE,0.000000,0.000000,4.459315,4.740684
23.264,FOLLOW_LANE,camera lane following,157.500,-0.015625,0.750000,0,0,0,,,NONE,0.000000,0.000000,4.467118,4.732882
23.296,FOLLOW_LANE,camera lane following,156.500,-0.021875,0.750000,0,0,0,,,NONE,0.000000,0.000000,4.401479,4.798521
23.328,FOLLOW_LANE,camera lane following,156.500,-0.021875,0.750000,0,0,0,,,NONE,0.000000,0.000000,4.417090,4.782910
23.360,FOLLOW_LANE,camera lane following,156.500,-0.021875,0.750000,0,0,0,,,NONE,0.000000,0.000000,4.417076,4.782924
23.392,FOLLOW_LANE,camera lane following,155.500,-0.028125,0.750000,0,0,0,,,NONE,0.000000,0.000000,4.351433,4.848567
23.424,FOLLOW_LANE,camera lane following,155.500,-0.028125,0.750000,0,0,0,,,NONE,0.000000,0.000000,4.367040,4.832960
23.456,FOLLOW_LANE,camera lane following,155.000,-0.031250,0.750000,0,0,0,,,NONE,0.000000,0.000000,4.334207,4.865792
23.488,FOLLOW_LANE,camera lane following,155.000,-0.031250,0.750000,0,0,0,,,NONE,0.000000,0.000000,4.342000,4.858000
23.520,FOLLOW_LANE,camera lane following,156.000,-0.025000,0.750000,0,0,0,,,NONE,0.000000,0.000000,4.407609,4.792391
23.552,FOLLOW_LANE,camera lane following,155.500,-0.028125,0.750000,0,0,0,,,NONE,0.000000,0.000000,4.359153,4.840846
23.584,FOLLOW_LANE,camera lane following,155.000,-0.031250,0.750000,0,0,0,,,NONE,0.000000,0.000000,4.334134,4.865866
23.616,FOLLOW_LANE,camera lane following,154.500,-0.034375,0.750000,0,0,0,,,NONE,0.000000,0.000000,4.309111,4.890888
23.648,FOLLOW_LANE,camera lane following,155.500,-0.028125,0.750000,0,0,0,,,NONE,0.000000,0.000000,4.382531,4.817469
23.680,FOLLOW_LANE,camera lane following,155.500,-0.028125,0.750000,0,0,0,,,NONE,0.000000,0.000000,4.366888,4.833112
23.712,FOLLOW_LANE,camera lane following,149.000,-0.068750,0.750000,0,0,0,,,NONE,0.000000,0.000000,3.940281,5.259718
23.744,FOLLOW_LANE,camera lane following,147.000,-0.081250,0.750000,0,0,0,,,NONE,0.000000,0.000000,3.910542,5.289458
23.776,FOLLOW_LANE,camera lane following,145.500,-0.090625,0.750000,0,0,0,,,NONE,0.000000,0.000000,3.843296,5.356704
23.808,FOLLOW_LANE,camera lane following,144.000,-0.100000,0.750000,0,0,0,,,NONE,0.000000,0.000000,3.768232,5.431767
23.840,FOLLOW_LANE,camera lane following,143.500,-0.103125,0.750000,0,0,0,,,NONE,0.000000,0.000000,3.758791,5.441208
23.872,FOLLOW_LANE,camera lane following,143.000,-0.106250,0.750000,0,0,0,,,NONE,0.000000,0.000000,3.733723,5.466276
23.904,FOLLOW_LANE,camera lane following,143.000,-0.106250,0.750000,0,0,0,,,NONE,0.000000,0.000000,3.741468,5.458532
23.936,FOLLOW_LANE,camera lane following,142.500,-0.109375,0.750000,0,0,0,,,NONE,0.000000,0.000000,3.708585,5.491414
23.968,FOLLOW_LANE,camera lane following,143.000,-0.106250,0.750000,0,0,0,,,NONE,0.000000,0.000000,3.749142,5.450857
24.000,FOLLOW_LANE,camera lane following,144.000,-0.100000,0.750000,0,0,0,,,NONE,0.000000,0.000000,3.806891,5.393109
24.032,FOLLOW_LANE,camera lane following,144.000,-0.100000,0.750000,0,0,0,,,NONE,0.000000,0.000000,3.791202,5.408798
24.064,FOLLOW_LANE,camera lane following,144.500,-0.096875,0.750000,0,0,0,,,NONE,0.000000,0.000000,3.823952,5.376047
24.096,FOLLOW_LANE,camera lane following,145.500,-0.090625,0.750000,0,0,0,,,NONE,0.000000,0.000000,3.881707,5.318293
24.128,FOLLOW_LANE,camera lane following,146.250,-0.085938,0.750000,0,0,0,,,NONE,0.000000,0.000000,3.915246,5.284754
24.160,FOLLOW_LANE,camera lane following,147.500,-0.078125,0.750000,0,0,0,,,NONE,0.000000,0.000000,3.985508,5.214492
24.192,FOLLOW_LANE,camera lane following,148.500,-0.071875,0.750000,0,0,0,,,NONE,0.000000,0.000000,4.031556,5.168444
24.224,FOLLOW_LANE,camera lane following,149.500,-0.065625,0.750000,0,0,0,,,NONE,0.000000,0.000000,4.081514,5.118486
24.256,FOLLOW_LANE,camera lane following,152.000,-0.050000,0.750000,0,0,0,,,NONE,0.000000,0.000000,4.229919,4.970080
24.288,FOLLOW_LANE,camera lane following,154.000,-0.037500,0.750000,0,0,0,,,NONE,0.000000,0.000000,4.322083,4.877917
24.320,FOLLOW_LANE,camera lane following,154.500,-0.034375,0.750000,0,0,0,,,NONE,0.000000,0.000000,4.323624,4.876376
24.352,FOLLOW_LANE,camera lane following,154.000,-0.037500,0.750000,0,0,0,,,NONE,0.000000,0.000000,4.282974,4.917025
24.384,FOLLOW_LANE,camera lane following,155.000,-0.031250,0.750000,0,0,0,,,NONE,0.000000,0.000000,4.356392,4.843608
24.416,FOLLOW_LANE,camera lane following,156.000,-0.025000,0.750000,0,0,0,,,NONE,0.000000,0.000000,4.406376,4.793624
24.448,FOLLOW_LANE,camera lane following,154.000,-0.037500,0.750000,0,0,0,,,NONE,0.000000,0.000000,4.259477,4.940523
24.480,FOLLOW_LANE,camera lane following,152.000,-0.050000,0.750000,0,0,0,,,NONE,0.000000,0.000000,4.159445,5.040555
24.512,FOLLOW_LANE,camera lane following,151.500,-0.053125,0.750000,0,0,0,,,NONE,0.000000,0.000000,4.157849,5.042151
24.544,FOLLOW_LANE,camera lane following,151.500,-0.053125,0.750000,0,0,0,,,NONE,0.000000,0.000000,4.165627,5.034373
24.576,FOLLOW_LANE,camera lane following,151.000,-0.056250,0.750000,0,0,0,,,NONE,0.000000,0.000000,4.132778,5.067221
24.608,FOLLOW_LANE,camera lane following,150.500,-0.059375,0.750000,0,0,0,,,NONE,0.000000,0.000000,4.107740,5.092259
24.640,FOLLOW_LANE,camera lane following,150.500,-0.059375,0.750000,0,0,0,,,NONE,0.000000,0.000000,4.115515,5.084485
24.672,FOLLOW_LANE,camera lane following,150.500,-0.059375,0.750000,0,0,0,,,NONE,0.000000,0.000000,4.115477,5.084523
24.704,FOLLOW_LANE,camera lane following,150.500,-0.059375,0.750000,0,0,0,,,NONE,0.000000,0.000000,4.115439,5.084561
24.736,FOLLOW_LANE,camera lane following,151.000,-0.056250,0.750000,0,0,0,,,NONE,0.000000,0.000000,4.148215,5.051785
24.768,FOLLOW_LANE,camera lane following,152.000,-0.050000,0.750000,0,0,0,,,NONE,0.000000,0.000000,4.205996,4.994004
24.800,FOLLOW_LANE,camera lane following,152.000,-0.050000,0.750000,0,0,0,,,NONE,0.000000,0.000000,4.190339,5.009661
24.832,FOLLOW_LANE,camera lane following,152.500,-0.046875,0.750000,0,0,0,,,NONE,0.000000,0.000000,4.223121,4.976878
24.864,FOLLOW_LANE,camera lane following,152.500,-0.046875,0.750000,0,0,0,,,NONE,0.000000,0.000000,4.215279,4.984721
24.896,FOLLOW_LANE,camera lane following,153.000,-0.043750,0.750000,0,0,0,,,NONE,0.000000,0.000000,4.248063,4.951936
24.928,FOLLOW_LANE,camera lane following,153.500,-0.040625,0.750000,0,0,0,,,NONE,0.000000,0.000000,4.273038,4.926962
24.960,FOLLOW_LANE,camera lane following,154.000,-0.037500,0.750000,0,0,0,,,NONE,0.000000,0.000000,4.298013,4.901986
24.992,FOLLOW_LANE,camera lane following,155.000,-0.031250,0.750000,0,0,0,,,NONE,0.000000,0.000000,4.355806,4.844194
25.024,FOLLOW_LANE,camera lane following,154.500,-0.034375,0.750000,0,0,0,,,NONE,0.000000,0.000000,4.307346,4.892653
25.056,FOLLOW_LANE,camera lane following,155.500,-0.028125,0.750000,0,0,0,,,NONE,0.000000,0.000000,4.380766,4.819234
25.088,FOLLOW_LANE,camera lane following,158.500,-0.009375,0.750000,0,0,0,,,NONE,0.000000,0.000000,4.562010,4.637990
25.120,FOLLOW_LANE,camera lane following,157.000,-0.018750,0.750000,0,0,0,,,NONE,0.000000,0.000000,4.416685,4.783314
25.152,FOLLOW_LANE,camera lane following,157.500,-0.015625,0.750000,0,0,0,,,NONE,0.000000,0.000000,4.472925,4.727074
25.184,FOLLOW_LANE,camera lane following,157.000,-0.018750,0.750000,0,0,0,,,NONE,0.000000,0.000000,4.432288,4.767711
25.216,FOLLOW_LANE,camera lane following,155.500,-0.028125,0.750000,0,0,0,,,NONE,0.000000,0.000000,4.341645,4.858354
25.248,FOLLOW_LANE,camera lane following,154.500,-0.034375,0.750000,0,0,0,,,NONE,0.000000,0.000000,4.299436,4.900564
25.280,FOLLOW_LANE,camera lane following,154.500,-0.034375,0.750000,0,0,0,,,NONE,0.000000,0.000000,4.315039,4.884961
25.312,FOLLOW_LANE,camera lane following,154.000,-0.037500,0.750000,0,0,0,,,NONE,0.000000,0.000000,4.282202,4.917797
25.344,FOLLOW_LANE,camera lane following,153.500,-0.040625,0.750000,0,0,0,,,NONE,0.000000,0.000000,4.257176,4.942823
25.376,FOLLOW_LANE,camera lane following,153.500,-0.040625,0.750000,0,0,0,,,NONE,0.000000,0.000000,4.264963,4.935037
25.408,FOLLOW_LANE,camera lane following,153.000,-0.043750,0.750000,0,0,0,,,NONE,0.000000,0.000000,4.232123,4.967877
25.440,FOLLOW_LANE,camera lane following,153.250,-0.042188,0.750000,0,0,0,,,NONE,0.000000,0.000000,4.256314,4.943686
25.472,FOLLOW_LANE,camera lane following,153.000,-0.043750,0.750000,0,0,0,,,NONE,0.000000,0.000000,4.235974,4.964026
25.504,FOLLOW_LANE,camera lane following,153.000,-0.043750,0.750000,0,0,0,,,NONE,0.000000,0.000000,4.239852,4.960148
25.536,FOLLOW_LANE,camera lane following,153.000,-0.043750,0.750000,0,0,0,,,NONE,0.000000,0.000000,4.239824,4.960176
25.568,FOLLOW_LANE,camera lane following,153.000,-0.043750,0.750000,0,0,0,,,NONE,0.000000,0.000000,4.239796,4.960204
25.600,FOLLOW_LANE,camera lane following,153.000,-0.043750,0.750000,0,0,0,,,NONE,0.000000,0.000000,4.239768,4.960232
25.632,FOLLOW_LANE,camera lane following,153.500,-0.040625,0.750000,0,0,0,,,NONE,0.000000,0.000000,4.272555,4.927445
25.664,FOLLOW_LANE,camera lane following,153.500,-0.040625,0.750000,0,0,0,,,NONE,0.000000,0.000000,4.264716,4.935284
25.696,FOLLOW_LANE,camera lane following,153.500,-0.040625,0.750000,0,0,0,,,NONE,0.000000,0.000000,4.264690,4.935310
25.728,FOLLOW_LANE,camera lane following,154.000,-0.037500,0.750000,0,0,0,,,NONE,0.000000,0.000000,4.297478,4.902521
25.760,FOLLOW_LANE,camera lane following,154.500,-0.034375,0.750000,0,0,0,,,NONE,0.000000,0.000000,4.322456,4.877543
25.792,FOLLOW_LANE,camera lane following,154.000,-0.037500,0.750000,0,0,0,,,NONE,0.000000,0.000000,4.281807,4.918192
25.824,FOLLOW_LANE,camera lane following,155.000,-0.031250,0.750000,0,0,0,,,NONE,0.000000,0.000000,4.355225,4.844775
25.856,FOLLOW_LANE,camera lane following,159.000,-0.006250,0.750000,0,0,0,,,NONE,0.000000,0.000000,4.602096,4.597904
25.888,FOLLOW_LANE,camera lane following,156.000,-0.025000,0.750000,0,0,0,,,NONE,0.000000,0.000000,4.342705,4.857295
25.920,FOLLOW_LANE,camera lane following,157.000,-0.018750,0.750000,0,0,0,,,NONE,0.000000,0.000000,4.455193,4.744807
25.952,FOLLOW_LANE,camera lane following,157.000,-0.018750,0.750000,0,0,0,,,NONE,0.000000,0.000000,4.439556,4.760444
25.984,FOLLOW_LANE,camera lane following,156.000,-0.025000,0.750000,0,0,0,,,NONE,0.000000,0.000000,4.373915,4.826085
26.016,FOLLOW_LANE,camera lane following,154.500,-0.034375,0.750000,0,0,0,,,NONE,0.000000,0.000000,4.291080,4.908919
26.048,FOLLOW_LANE,camera lane following,154.000,-0.037500,0.750000,0,0,0,,,NONE,0.000000,0.000000,4.281681,4.918318
26.080,FOLLOW_LANE,camera lane following,153.500,-0.040625,0.750000,0,0,0,,,NONE,0.000000,0.000000,4.256655,4.943344
26.112,FOLLOW_LANE,camera lane following,153.000,-0.043750,0.750000,0,0,0,,,NONE,0.000000,0.000000,4.231628,4.968372
26.144,FOLLOW_LANE,camera lane following,153.000,-0.043750,0.750000,0,0,0,,,NONE,0.000000,0.000000,4.239412,4.960588
26.176,FOLLOW_LANE,camera lane following,152.500,-0.046875,0.750000,0,0,0,,,NONE,0.000000,0.000000,4.206569,4.993430
26.208,FOLLOW_LANE,camera lane following,152.000,-0.050000,0.750000,0,0,0,,,NONE,0.000000,0.000000,4.181537,5.018463
26.240,FOLLOW_LANE,camera lane following,152.000,-0.050000,0.750000,0,0,0,,,NONE,0.000000,0.000000,4.189318,5.010682
26.272,FOLLOW_LANE,camera lane following,152.000,-0.050000,0.750000,0,0,0,,,NONE,0.000000,0.000000,4.189286,5.010714
26.304,FOLLOW_LANE,camera lane following,152.000,-0.050000,0.750000,0,0,0,,,NONE,0.000000,0.000000,4.189254,5.010746
26.336,FOLLOW_LANE,camera lane following,152.000,-0.050000,0.750000,0,0,0,,,NONE,0.000000,0.000000,4.189222,5.010778
26.368,FOLLOW_LANE,camera lane following,152.000,-0.050000,0.750000,0,0,0,,,NONE,0.000000,0.000000,4.189190,5.010810
26.400,FOLLOW_LANE,camera lane following,152.000,-0.050000,0.750000,0,0,0,,,NONE,0.000000,0.000000,4.189158,5.010842
26.432,FOLLOW_LANE,camera lane following,152.500,-0.046875,0.750000,0,0,0,,,NONE,0.000000,0.000000,4.221940,4.978059
26.464,FOLLOW_LANE,camera lane following,152.500,-0.046875,0.750000,0,0,0,,,NONE,0.000000,0.000000,4.214098,4.985902
26.496,FOLLOW_LANE,camera lane following,153.000,-0.043750,0.750000,0,0,0,,,NONE,0.000000,0.000000,4.246882,4.953117
26.528,FOLLOW_LANE,camera lane following,153.500,-0.040625,0.750000,0,0,0,,,NONE,0.000000,0.000000,4.271856,4.928144
26.560,FOLLOW_LANE,camera lane following,153.500,-0.040625,0.750000,0,0,0,,,NONE,0.000000,0.000000,4.264018,4.935982
26.592,FOLLOW_LANE,camera lane following,154.500,-0.034375,0.750000,0,0,0,,,NONE,0.000000,0.000000,4.329621,4.870379
26.624,FOLLOW_LANE,camera lane following,159.000,-0.006250,0.750000,0,0,0,,,NONE,0.000000,0.000000,4.609304,4.590695
26.656,FOLLOW_LANE,camera lane following,156.000,-0.025000,0.750000,0,0,0,,,NONE,0.000000,0.000000,4.342101,4.857899
26.688,FOLLOW_LANE,camera lane following,156.500,-0.021875,0.750000,0,0,0,,,NONE,0.000000,0.000000,4.421774,4.778225
26.720,FOLLOW_LANE,camera lane following,157.000,-0.018750,0.750000,0,0,0,,,NONE,0.000000,0.000000,4.446762,4.753238
26.752,FOLLOW_LANE,camera lane following,156.000,-0.025000,0.750000,0,0,0,,,NONE,0.000000,0.000000,4.373309,4.826691
26.784,FOLLOW_LANE,camera lane following,154.500,-0.034375,0.750000,0,0,0,,,NONE,0.000000,0.000000,4.290474,4.909525
26.816,FOLLOW_LANE,camera lane following,154.000,-0.037500,0.750000,0,0,0,,,NONE,0.000000,0.000000,4.281076,4.918924
26.848,FOLLOW_LANE,camera lane following,153.500,-0.040625,0.750000,0,0,0,,,NONE,0.000000,0.000000,4.256049,4.943950
26.880,FOLLOW_LANE,camera lane following,153.500,-0.040625,0.750000,0,0,0,,,NONE,0.000000,0.000000,4.263836,4.936164
26.912,FOLLOW_LANE,camera lane following,153.000,-0.043750,0.750000,0,0,0,,,NONE,0.000000,0.000000,4.230995,4.969004
26.944,FOLLOW_LANE,camera lane following,152.500,-0.046875,0.750000,0,0,0,,,NONE,0.000000,0.000000,4.205965,4.994034
26.976,FOLLOW_LANE,camera lane following,152.500,-0.046875,0.750000,0,0,0,,,NONE,0.000000,0.000000,4.213748,4.986252
27.008,FOLLOW_LANE,camera lane following,152.000,-0.050000,0.750000,0,0,0,,,NONE,0.000000,0.000000,4.180903,5.019096
27.040,FOLLOW_LANE,camera lane following,152.000,-0.050000,0.750000,0,0,0,,,NONE,0.000000,0.000000,4.188684,5.011316
27.072,FOLLOW_LANE,camera lane following,152.000,-0.050000,0.750000,0,0,0,,,NONE,0.000000,0.000000,4.188652,5.011348
27.104,FOLLOW_LANE,camera lane following,152.000,-0.050000,0.750000,0,0,0,,,NONE,0.000000,0.000000,4.188620,5.011380
27.136,FOLLOW_LANE,camera lane following,152.500,-0.046875,0.750000,0,0,0,,,NONE,0.000000,0.000000,4.221402,4.978597
27.168,FOLLOW_LANE,camera lane following,152.500,-0.046875,0.750000,0,0,0,,,NONE,0.000000,0.000000,4.213560,4.986440
27.200,FOLLOW_LANE,camera lane following,152.750,-0.045312,0.750000,0,0,0,,,NONE,0.000000,0.000000,4.229937,4.970063
27.232,FOLLOW_LANE,camera lane following,153.000,-0.043750,0.750000,0,0,0,,,NONE,0.000000,0.000000,4.242409,4.957591
27.264,FOLLOW_LANE,camera lane following,154.000,-0.037500,0.750000,0,0,0,,,NONE,0.000000,0.000000,4.304104,4.895896
27.296,FOLLOW_LANE,camera lane following,154.000,-0.037500,0.750000,0,0,0,,,NONE,0.000000,0.000000,4.288455,4.911545
27.328,FOLLOW_LANE,camera lane following,154.500,-0.034375,0.750000,0,0,0,,,NONE,0.000000,0.000000,4.321245,4.878754
27.360,FOLLOW_LANE,camera lane following,155.000,-0.031250,0.750000,0,0,0,,,NONE,0.000000,0.000000,4.346225,4.853775
27.392,FOLLOW_LANE,camera lane following,155.500,-0.028125,0.750000,0,0,0,,,NONE,0.000000,0.000000,4.371207,4.828792
27.424,FOLLOW_LANE,camera lane following,155.500,-0.028125,0.750000,0,0,0,,,NONE,0.000000,0.000000,4.363377,4.836623
27.456,FOLLOW_LANE,camera lane following,154.000,-0.037500,0.750000,0,0,0,,,NONE,0.000000,0.000000,4.264915,4.935084
27.488,FOLLOW_LANE,camera lane following,160.500,0.003125,0.750000,0,0,0,,,NONE,0.000000,0.000000,4.682103,4.517897
27.520,FOLLOW_LANE,camera lane following,156.500,-0.021875,0.750000,0,0,0,,,NONE,0.000000,0.000000,4.358651,4.841348
27.552,FOLLOW_LANE,camera lane following,152.500,-0.046875,0.750000,0,0,0,,,NONE,0.000000,0.000000,4.150809,5.049191
27.584,FOLLOW_LANE,camera lane following,152.500,-0.046875,0.750000,0,0,0,,,NONE,0.000000,0.000000,4.213279,4.986721
27.616,FOLLOW_LANE,camera lane following,152.500,-0.046875,0.750000,0,0,0,,,NONE,0.000000,0.000000,4.213249,4.986751
27.648,FOLLOW_LANE,camera lane following,152.500,-0.046875,0.750000,0,0,0,,,NONE,0.000000,0.000000,4.213219,4.986781
27.680,FOLLOW_LANE,camera lane following,153.000,-0.043750,0.750000,0,0,0,,,NONE,0.000000,0.000000,4.246003,4.953996
27.712,FOLLOW_LANE,camera lane following,153.000,-0.043750,0.750000,0,0,0,,,NONE,0.000000,0.000000,4.238163,4.961837
27.744,FOLLOW_LANE,camera lane following,153.500,-0.040625,0.750000,0,0,0,,,NONE,0.000000,0.000000,4.270949,4.929050
27.776,FOLLOW_LANE,camera lane following,153.500,-0.040625,0.750000,0,0,0,,,NONE,0.000000,0.000000,4.263111,4.936889
27.808,FOLLOW_LANE,camera lane following,154.000,-0.037500,0.750000,0,0,0,,,NONE,0.000000,0.000000,4.295899,4.904100
27.840,FOLLOW_LANE,camera lane following,154.000,-0.037500,0.750000,0,0,0,,,NONE,0.000000,0.000000,4.288063,4.911937
27.872,FOLLOW_LANE,camera lane following,154.500,-0.034375,0.750000,0,0,0,,,NONE,0.000000,0.000000,4.320853,4.879147
27.904,FOLLOW_LANE,camera lane following,154.500,-0.034375,0.750000,0,0,0,,,NONE,0.000000,0.000000,4.313019,4.886981
27.936,FOLLOW_LANE,camera lane following,155.000,-0.031250,0.750000,0,0,0,,,NONE,0.000000,0.000000,4.345811,4.854188
27.968,FOLLOW_LANE,camera lane following,155.000,-0.031250,0.750000,0,0,0,,,NONE,0.000000,0.000000,4.337979,4.862021
28.000,FOLLOW_LANE,camera lane following,155.500,-0.028125,0.750000,0,0,0,,,NONE,0.000000,0.000000,4.370773,4.829226
28.032,FOLLOW_LANE,camera lane following,155.500,-0.028125,0.750000,0,0,0,,,NONE,0.000000,0.000000,4.362943,4.837057
28.064,FOLLOW_LANE,camera lane following,156.000,-0.025000,0.750000,0,0,0,,,NONE,0.000000,0.000000,4.395739,4.804260
28.096,FOLLOW_LANE,camera lane following,156.000,-0.025000,0.750000,0,0,0,,,NONE,0.000000,0.000000,4.387911,4.812089
28.128,FOLLOW_LANE,camera lane following,156.000,-0.025000,0.750000,0,0,0,,,NONE,0.000000,0.000000,4.387895,4.812105
28.160,FOLLOW_LANE,camera lane following,156.500,-0.021875,0.750000,0,0,0,,,NONE,0.000000,0.000000,4.420693,4.779306
28.192,FOLLOW_LANE,camera lane following,156.500,-0.021875,0.750000,0,0,0,,,NONE,0.000000,0.000000,4.412867,4.787133
28.224,FOLLOW_LANE,camera lane following,156.500,-0.021875,0.750000,0,0,0,,,NONE,0.000000,0.000000,4.412853,4.787147
28.256,FOLLOW_LANE,camera lane following,157.000,-0.018750,0.750000,0,0,0,,,NONE,0.000000,0.000000,4.445653,4.754346
28.288,FOLLOW_LANE,camera lane following,157.000,-0.018750,0.750000,0,0,0,,,NONE,0.000000,0.000000,4.437829,4.762171
28.320,FOLLOW_LANE,camera lane following,157.000,-0.018750,0.750000,0,0,0,,,NONE,0.000000,0.000000,4.437817,4.762183
28.352,FOLLOW_LANE,camera lane following,157.500,-0.015625,0.750000,0,0,0,,,NONE,0.000000,0.000000,4.470619,4.729380
28.384,FOLLOW_LANE,camera lane following,157.500,-0.015625,0.750000,0,0,0,,,NONE,0.000000,0.000000,4.462797,4.737203
28.416,FOLLOW_LANE,camera lane following,158.000,-0.012500,0.750000,0,0,0,,,NONE,0.000000,0.000000,4.495601,4.704398
28.448,FOLLOW_LANE,camera lane following,158.500,-0.009375,0.750000,0,0,0,,,NONE,0.000000,0.000000,4.520595,4.679404
28.480,FOLLOW_LANE,camera lane following,158.500,-0.009375,0.750000,0,0,0,,,NONE,0.000000,0.000000,4.512777,4.687223
28.512,FOLLOW_LANE,camera lane following,158.500,-0.009375,0.750000,0,0,0,,,NONE,0.000000,0.000000,4.512771,4.687229
28.544,FOLLOW_LANE,camera lane following,158.500,-0.009375,0.750000,0,0,0,,,NONE,0.000000,0.000000,4.512765,4.687235
28.576,FOLLOW_LANE,camera lane following,158.500,-0.009375,0.750000,0,0,0,,,NONE,0.000000,0.000000,4.512759,4.687241
28.608,FOLLOW_LANE,camera lane following,158.500,-0.009375,0.750000,0,0,0,,,NONE,0.000000,0.000000,4.512753,4.687247
28.640,FOLLOW_LANE,camera lane following,159.000,-0.006250,0.750000,0,0,0,,,NONE,0.000000,0.000000,4.545561,4.654438
28.672,FOLLOW_LANE,camera lane following,159.000,-0.006250,0.750000,0,0,0,,,NONE,0.000000,0.000000,4.537745,4.662255
28.704,FOLLOW_LANE,camera lane following,159.000,-0.006250,0.750000,0,0,0,,,NONE,0.000000,0.000000,4.537741,4.662259
28.736,FOLLOW_LANE,camera lane following,159.500,-0.003125,0.750000,0,0,0,,,NONE,0.000000,0.000000,4.603366,4.596634
28.768,FOLLOW_LANE,camera lane following,159.500,-0.003125,0.750000,0,0,0,,,NONE,0.000000,0.000000,4.587741,4.612259
28.800,FOLLOW_LANE,camera lane following,159.500,-0.003125,0.750000,0,0,0,,,NONE,0.000000,0.000000,4.587741,4.612259
28.832,FOLLOW_LANE,camera lane following,159.500,-0.003125,0.750000,0,0,0,,,NONE,0.000000,0.000000,4.587741,4.612259
28.864,FOLLOW_LANE,camera lane following,159.500,-0.003125,0.750000,0,0,0,,,NONE,0.000000,0.000000,4.587741,4.612259
28.896,FOLLOW_LANE,camera lane following,160.000,0.000000,0.750000,0,0,0,,,NONE,0.000000,0.000000,4.587741,4.612259
28.928,FOLLOW_LANE,camera lane following,160.500,0.003125,0.750000,0,0,0,,,NONE,0.000000,0.000000,4.587741,4.612259
28.960,FOLLOW_LANE,camera lane following,160.500,0.003125,0.750000,0,0,0,,,NONE,0.000000,0.000000,4.587741,4.612259
28.992,FOLLOW_LANE,camera lane following,160.500,0.003125,0.750000,0,0,0,,,NONE,0.000000,0.000000,4.587741,4.612259
29.024,FOLLOW_LANE,camera lane following,160.500,0.003125,0.750000,0,0,0,,,NONE,0.000000,0.000000,4.587741,4.612259
29.056,FOLLOW_LANE,camera lane following,160.500,0.003125,0.750000,0,0,0,,,NONE,0.000000,0.000000,4.587741,4.612259
29.088,FOLLOW_LANE,camera lane following,161.000,0.006250,0.750000,0,0,0,,,NONE,0.000000,0.000000,4.653370,4.546630
29.120,FOLLOW_LANE,camera lane following,161.000,0.006250,0.750000,0,0,0,,,NONE,0.000000,0.000000,4.637749,4.562251
29.152,FOLLOW_LANE,camera lane following,161.000,0.006250,0.750000,0,0,0,,,NONE,0.000000,0.000000,4.637753,4.562247
29.184,FOLLOW_LANE,camera lane following,161.000,0.006250,0.750000,0,0,0,,,NONE,0.000000,0.000000,4.637757,4.562243
29.216,FOLLOW_LANE,camera lane following,161.500,0.009375,0.750000,0,0,0,,,NONE,0.000000,0.000000,4.670575,4.529424
29.248,FOLLOW_LANE,camera lane following,161.500,0.009375,0.750000,0,0,0,,,NONE,0.000000,0.000000,4.662769,4.537231
29.280,FOLLOW_LANE,camera lane following,162.000,0.012500,0.750000,0,0,0,,,NONE,0.000000,0.000000,4.695589,4.504410
29.312,FOLLOW_LANE,camera lane following,162.500,0.015625,0.750000,0,0,0,,,NONE,0.000000,0.000000,4.720599,4.479400
29.344,FOLLOW_LANE,camera lane following,162.500,0.015625,0.750000,0,0,0,,,NONE,0.000000,0.000000,4.712797,4.487203
29.376,FOLLOW_LANE,camera lane following,162.500,0.015625,0.750000,0,0,0,,,NONE,0.000000,0.000000,4.712807,4.487193
29.408,FOLLOW_LANE,camera lane following,163.000,0.018750,0.750000,0,0,0,,,NONE,0.000000,0.000000,4.745632,4.454368
29.440,FOLLOW_LANE,camera lane following,163.000,0.018750,0.750000,0,0,0,,,NONE,0.000000,0.000000,4.737831,4.462169
29.472,FOLLOW_LANE,camera lane following,163.000,0.018750,0.750000,0,0,0,,,NONE,0.000000,0.000000,4.737843,4.462157
29.504,FOLLOW_LANE,camera lane following,163.500,0.021875,0.750000,0,0,0,,,NONE,0.000000,0.000000,4.770669,4.429330
29.536,FOLLOW_LANE,camera lane following,163.500,0.021875,0.750000,0,0,0,,,NONE,0.000000,0.000000,4.762871,4.437129
29.568,FOLLOW_LANE,camera lane following,163.500,0.021875,0.750000,0,0,0,,,NONE,0.000000,0.000000,4.762885,4.437115
29.600,FOLLOW_LANE,camera lane following,164.000,0.025000,0.750000,0,0,0,,,NONE,0.000000,0.000000,4.795713,4.404286
29.632,FOLLOW_LANE,camera lane following,164.000,0.025000,0.750000,0,0,0,,,NONE,0.000000,0.000000,4.787917,4.412083
29.664,FOLLOW_LANE,camera lane following,164.000,0.025000,0.750000,0,0,0,,,NONE,0.000000,0.000000,4.787933,4.412067
29.696,FOLLOW_LANE,camera lane following,164.000,0.025000,0.750000,0,0,0,,,NONE,0.000000,0.000000,4.787949,4.412051
29.728,FOLLOW_LANE,camera lane following,164.000,0.025000,0.750000,0,0,0,,,NONE,0.000000,0.000000,4.787965,4.412035
29.760,FOLLOW_LANE,camera lane following,164.000,0.025000,0.750000,0,0,0,,,NONE,0.000000,0.000000,4.787981,4.412019
29.792,FOLLOW_LANE,camera lane following,164.500,0.028125,0.750000,0,0,0,,,NONE,0.000000,0.000000,4.820811,4.379188
29.824,FOLLOW_LANE,camera lane following,164.000,0.025000,0.750000,0,0,0,,,NONE,0.000000,0.000000,4.780202,4.419797
29.856,FOLLOW_LANE,camera lane following,164.000,0.025000,0.750000,0,0,0,,,NONE,0.000000,0.000000,4.788031,4.411969
29.888,FOLLOW_LANE,camera lane following,164.000,0.025000,0.750000,0,0,0,,,NONE,0.000000,0.000000,4.788047,4.411953
29.920,FOLLOW_LANE,camera lane following,164.000,0.025000,0.750000,0,0,0,,,NONE,0.000000,0.000000,4.788063,4.411937
29.952,FOLLOW_LANE,camera lane following,164.000,0.025000,0.750000,0,0,0,,,NONE,0.000000,0.000000,4.788079,4.411921
29.984,FOLLOW_LANE,camera lane following,164.000,0.025000,0.750000,0,0,0,,,NONE,0.000000,0.000000,4.788095,4.411905
30.016,FOLLOW_LANE,camera lane following,164.000,0.025000,0.750000,0,0,0,,,NONE,0.000000,0.000000,4.788111,4.411889
30.048,FOLLOW_LANE,camera lane following,164.000,0.025000,0.750000,0,0,0,,,NONE,0.000000,0.000000,4.788127,4.411873
30.080,FOLLOW_LANE,camera lane following,163.500,0.021875,0.750000,0,0,0,,,NONE,0.000000,0.000000,4.755329,4.444671
30.112,FOLLOW_LANE,camera lane following,163.500,0.021875,0.750000,0,0,0,,,NONE,0.000000,0.000000,4.763155,4.436845
30.144,FOLLOW_LANE,camera lane following,163.500,0.021875,0.750000,0,0,0,,,NONE,0.000000,0.000000,4.763169,4.436831
30.176,FOLLOW_LANE,camera lane following,163.500,0.021875,0.750000,0,0,0,,,NONE,0.000000,0.000000,4.763183,4.436817
30.208,FOLLOW_LANE,camera lane following,163.000,0.018750,0.750000,0,0,0,,,NONE,0.000000,0.000000,4.730382,4.469618
30.240,FOLLOW_LANE,camera lane following,163.000,0.018750,0.750000,0,0,0,,,NONE,0.000000,0.000000,4.738207,4.461793
30.272,FOLLOW_LANE,camera lane following,163.000,0.018750,0.750000,0,0,0,,,NONE,0.000000,0.000000,4.738219,4.461781
30.304,FOLLOW_LANE,camera lane following,163.000,0.018750,0.750000,0,0,0,,,NONE,0.000000,0.000000,4.738231,4.461769
30.336,FOLLOW_LANE,camera lane following,163.000,0.018750,0.750000,0,0,0,,,NONE,0.000000,0.000000,4.738243,4.461757
30.368,FOLLOW_LANE,camera lane following,162.500,0.015625,0.750000,0,0,0,,,NONE,0.000000,0.000000,4.705440,4.494559
30.400,FOLLOW_LANE,camera lane following,162.500,0.015625,0.750000,0,0,0,,,NONE,0.000000,0.000000,4.713263,4.486737
30.432,FOLLOW_LANE,camera lane following,162.000,0.012500,0.750000,0,0,0,,,NONE,0.000000,0.000000,4.680458,4.519541
30.464,FOLLOW_LANE,camera lane following,162.000,0.012500,0.750000,0,0,0,,,NONE,0.000000,0.000000,4.688279,4.511721
30.496,FOLLOW_LANE,camera lane following,162.000,0.012500,0.750000,0,0,0,,,NONE,0.000000,0.000000,4.688287,4.511713
30.528,FOLLOW_LANE,camera lane following,161.500,0.009375,0.750000,0,0,0,,,NONE,0.000000,0.000000,4.655480,4.544519
30.560,FOLLOW_LANE,camera lane following,161.500,0.009375,0.750000,0,0,0,,,NONE,0.000000,0.000000,4.663299,4.536701
30.592,FOLLOW_LANE,camera lane following,161.500,0.009375,0.750000,0,0,0,,,NONE,0.000000,0.000000,4.663305,4.536695
30.624,FOLLOW_LANE,camera lane following,161.500,0.009375,0.750000,0,0,0,,,NONE,0.000000,0.000000,4.663311,4.536689
30.656,FOLLOW_LANE,camera lane following,161.500,0.009375,0.750000,0,0,0,,,NONE,0.000000,0.000000,4.663317,4.536683
30.688,FOLLOW_LANE,camera lane following,161.500,0.009375,0.750000,0,0,0,,,NONE,0.000000,0.000000,4.663323,4.536677
30.720,FOLLOW_LANE,camera lane following,161.000,0.006250,0.750000,0,0,0,,,NONE,0.000000,0.000000,4.630514,4.569485
30.752,FOLLOW_LANE,camera lane following,161.000,0.006250,0.750000,0,0,0,,,NONE,0.000000,0.000000,4.638331,4.561669
30.784,FOLLOW_LANE,camera lane following,161.000,0.006250,0.750000,0,0,0,,,NONE,0.000000,0.000000,4.638335,4.561665
30.816,FOLLOW_LANE,camera lane following,161.000,0.006250,0.750000,0,0,0,,,NONE,0.000000,0.000000,4.638339,4.561661
30.848,FOLLOW_LANE,camera lane following,161.000,0.006250,0.750000,0,0,0,,,NONE,0.000000,0.000000,4.638343,4.561657
30.880,FOLLOW_LANE,camera lane following,161.000,0.006250,0.750000,0,0,0,,,NONE,0.000000,0.000000,4.638347,4.561653
30.912,FOLLOW_LANE,camera lane following,161.000,0.006250,0.750000,0,0,0,,,NONE,0.000000,0.000000,4.638351,4.561649
30.944,FOLLOW_LANE,camera lane following,160.500,0.003125,0.750000,0,0,0,,,NONE,0.000000,0.000000,4.572726,4.627274
30.976,FOLLOW_LANE,camera lane following,160.500,0.003125,0.750000,0,0,0,,,NONE,0.000000,0.000000,4.588351,4.611649
31.008,FOLLOW_LANE,camera lane following,160.500,0.003125,0.750000,0,0,0,,,NONE,0.000000,0.000000,4.588351,4.611649
31.040,FOLLOW_LANE,camera lane following,160.500,0.003125,0.750000,0,0,0,,,NONE,0.000000,0.000000,4.588351,4.611649
31.072,FOLLOW_LANE,camera lane following,160.500,0.003125,0.750000,0,0,0,,,NONE,0.000000,0.000000,4.588351,4.611649
31.104,FOLLOW_LANE,camera lane following,160.500,0.003125,0.750000,0,0,0,,,NONE,0.000000,0.000000,4.588351,4.611649
31.136,FOLLOW_LANE,camera lane following,160.500,0.003125,0.750000,0,0,0,,,NONE,0.000000,0.000000,4.588351,4.611649
31.168,FOLLOW_LANE,camera lane following,160.500,0.003125,0.750000,0,0,0,,,NONE,0.000000,0.000000,4.588351,4.611649
31.200,FOLLOW_LANE,camera lane following,160.500,0.003125,0.750000,0,0,0,,,NONE,0.000000,0.000000,4.588351,4.611649
31.232,FOLLOW_LANE,camera lane following,160.500,0.003125,0.750000,0,0,0,,,NONE,0.000000,0.000000,4.588351,4.611649
31.264,FOLLOW_LANE,camera lane following,160.500,0.003125,0.750000,0,0,0,,,NONE,0.000000,0.000000,4.588351,4.611649
31.296,FOLLOW_LANE,camera lane following,160.500,0.003125,0.750000,0,0,0,,,NONE,0.000000,0.000000,4.588351,4.611649
31.328,FOLLOW_LANE,camera lane following,159.500,-0.003125,0.750000,0,0,0,,,NONE,0.000000,0.000000,4.588351,4.611649
31.360,FOLLOW_LANE,camera lane following,159.500,-0.003125,0.750000,0,0,0,,,NONE,0.000000,0.000000,4.588351,4.611649
31.392,FOLLOW_LANE,camera lane following,159.500,-0.003125,0.750000,0,0,0,,,NONE,0.000000,0.000000,4.588351,4.611649
31.424,FOLLOW_LANE,camera lane following,159.500,-0.003125,0.750000,0,0,0,,,NONE,0.000000,0.000000,4.588351,4.611649
31.456,FOLLOW_LANE,camera lane following,159.500,-0.003125,0.750000,0,0,0,,,NONE,0.000000,0.000000,4.588351,4.611649
31.488,FOLLOW_LANE,camera lane following,159.500,-0.003125,0.750000,0,0,0,,,NONE,0.000000,0.000000,4.588351,4.611649
31.520,FOLLOW_LANE,camera lane following,159.500,-0.003125,0.750000,0,0,0,,,NONE,0.000000,0.000000,4.588351,4.611649
31.552,FOLLOW_LANE,camera lane following,159.500,-0.003125,0.750000,0,0,0,,,NONE,0.000000,0.000000,4.588351,4.611649
31.584,FOLLOW_LANE,camera lane following,159.500,-0.003125,0.750000,0,0,0,,,NONE,0.000000,0.000000,4.588351,4.611649
31.616,FOLLOW_LANE,camera lane following,159.500,-0.003125,0.750000,0,0,0,,,NONE,0.000000,0.000000,4.588351,4.611649
31.648,FOLLOW_LANE,camera lane following,159.500,-0.003125,0.750000,0,0,0,,,NONE,0.000000,0.000000,4.588351,4.611649
31.680,FOLLOW_LANE,camera lane following,159.500,-0.003125,0.750000,0,0,0,,,NONE,0.000000,0.000000,4.588351,4.611649
31.712,FOLLOW_LANE,camera lane following,159.500,-0.003125,0.750000,0,0,0,,,NONE,0.000000,0.000000,4.588351,4.611649
31.744,FOLLOW_LANE,camera lane following,159.500,-0.003125,0.750000,0,0,0,,,NONE,0.000000,0.000000,4.588351,4.611649
31.776,FOLLOW_LANE,camera lane following,159.500,-0.003125,0.750000,0,0,0,,,NONE,0.000000,0.000000,4.588351,4.611649
31.808,FOLLOW_LANE,camera lane following,159.500,-0.003125,0.750000,0,0,0,,,NONE,0.000000,0.000000,4.588351,4.611649
31.840,FOLLOW_LANE,camera lane following,159.500,-0.003125,0.750000,0,0,0,,,NONE,0.000000,0.000000,4.588351,4.611649
31.872,FOLLOW_LANE,camera lane following,159.500,-0.003125,0.750000,0,0,0,,,NONE,0.000000,0.000000,4.588351,4.611649
31.904,FOLLOW_LANE,camera lane following,158.500,-0.009375,0.750000,0,0,0,,,NONE,0.000000,0.000000,4.489907,4.710093
31.936,FOLLOW_LANE,camera lane following,158.500,-0.009375,0.750000,0,0,0,,,NONE,0.000000,0.000000,4.513339,4.686661
31.968,FOLLOW_LANE,camera lane following,158.500,-0.009375,0.750000,0,0,0,,,NONE,0.000000,0.000000,4.513333,4.686667
32.000,FOLLOW_LANE,camera lane following,158.500,-0.009375,0.750000,0,0,0,,,NONE,0.000000,0.000000,4.513327,4.686673
32.032,FOLLOW_LANE,camera lane following,158.500,-0.009375,0.750000,0,0,0,,,NONE,0.000000,0.000000,4.513321,4.686679
32.064,FOLLOW_LANE,camera lane following,159.000,-0.006250,0.750000,0,0,0,,,NONE,0.000000,0.000000,4.546129,4.653871
32.096,FOLLOW_LANE,camera lane following,159.000,-0.006250,0.750000,0,0,0,,,NONE,0.000000,0.000000,4.538313,4.661687
32.128,FOLLOW_LANE,camera lane following,159.000,-0.006250,0.750000,0,0,0,,,NONE,0.000000,0.000000,4.538309,4.661691
32.160,FOLLOW_LANE,camera lane following,159.000,-0.006250,0.750000,0,0,0,,,NONE,0.000000,0.000000,4.538305,4.661695
32.192,FOLLOW_LANE,camera lane following,159.000,-0.006250,0.750000,0,0,0,,,NONE,0.000000,0.000000,4.538301,4.661699
32.224,FOLLOW_LANE,camera lane following,159.000,-0.006250,0.750000,0,0,0,,,NONE,0.000000,0.000000,4.538297,4.661703
32.256,FOLLOW_LANE,camera lane following,158.500,-0.009375,0.750000,0,0,0,,,NONE,0.000000,0.000000,4.505478,4.694521
32.288,FOLLOW_LANE,camera lane following,158.500,-0.009375,0.750000,0,0,0,,,NONE,0.000000,0.000000,4.513285,4.686715
32.320,FOLLOW_LANE,camera lane following,158.500,-0.009375,0.750000,0,0,0,,,NONE,0.000000,0.000000,4.513279,4.686721
32.352,FOLLOW_LANE,camera lane following,159.000,-0.006250,0.750000,0,0,0,,,NONE,0.000000,0.000000,4.546087,4.653912
32.384,FOLLOW_LANE,camera lane following,159.000,-0.006250,0.750000,0,0,0,,,NONE,0.000000,0.000000,4.538271,4.661729
32.416,FOLLOW_LANE,camera lane following,159.000,-0.006250,0.750000,0,0,0,,,NONE,0.000000,0.000000,4.538267,4.661733
32.448,FOLLOW_LANE,camera lane following,159.000,-0.006250,0.750000,0,0,0,,,NONE,0.000000,0.000000,4.538263,4.661737
32.480,FOLLOW_LANE,camera lane following,158.500,-0.009375,0.750000,0,0,0,,,NONE,0.000000,0.000000,4.505444,4.694555
32.512,FOLLOW_LANE,camera lane following,158.500,-0.009375,0.750000,0,0,0,,,NONE,0.000000,0.000000,4.513251,4.686749
32.544,FOLLOW_LANE,camera lane following,158.500,-0.009375,0.750000,0,0,0,,,NONE,0.000000,0.000000,4.513245,4.686755
32.576,FOLLOW_LANE,camera lane following,158.500,-0.009375,0.750000,0,0,0,,,NONE,0.000000,0.000000,4.513239,4.686761
32.608,FOLLOW_LANE,camera lane following,158.500,-0.009375,0.750000,0,0,0,,,NONE,0.000000,0.000000,4.513233,4.686767
32.640,FOLLOW_LANE,camera lane following,158.500,-0.009375,0.750000,0,0,0,,,NONE,0.000000,0.000000,4.513227,4.686773
32.672,FOLLOW_LANE,camera lane following,158.500,-0.009375,0.750000,0,0,0,,,NONE,0.000000,0.000000,4.513221,4.686779
32.704,FOLLOW_LANE,camera lane following,158.500,-0.009375,0.750000,0,0,0,,,NONE,0.000000,0.000000,4.513215,4.686785
32.736,FOLLOW_LANE,camera lane following,158.500,-0.009375,0.750000,0,0,0,,,NONE,0.000000,0.000000,4.513209,4.686791
32.768,FOLLOW_LANE,camera lane following,158.500,-0.009375,0.750000,0,0,0,,,NONE,0.000000,0.000000,4.513203,4.686797
32.800,FOLLOW_LANE,camera lane following,158.500,-0.009375,0.750000,0,0,0,,,NONE,0.000000,0.000000,4.513197,4.686803
32.832,FOLLOW_LANE,camera lane following,158.500,-0.009375,0.750000,0,0,0,,,NONE,0.000000,0.000000,4.513191,4.686809
32.864,FOLLOW_LANE,camera lane following,158.500,-0.009375,0.750000,0,0,0,,,NONE,0.000000,0.000000,4.513185,4.686815
32.896,FOLLOW_LANE,camera lane following,158.500,-0.009375,0.750000,0,0,0,,,NONE,0.000000,0.000000,4.513179,4.686821
32.928,FOLLOW_LANE,camera lane following,158.500,-0.009375,0.750000,0,0,0,,,NONE,0.000000,0.000000,4.513173,4.686827
32.960,FOLLOW_LANE,camera lane following,158.500,-0.009375,0.750000,0,0,0,,,NONE,0.000000,0.000000,4.513167,4.686833
32.992,FOLLOW_LANE,camera lane following,159.000,-0.006250,0.750000,0,0,0,,,NONE,0.000000,0.000000,4.545975,4.654024
33.024,FOLLOW_LANE,camera lane following,159.000,-0.006250,0.750000,0,0,0,,,NONE,0.000000,0.000000,4.538159,4.661841
33.056,FOLLOW_LANE,camera lane following,159.000,-0.006250,0.750000,0,0,0,,,NONE,0.000000,0.000000,4.538155,4.661845
33.088,FOLLOW_LANE,camera lane following,159.000,-0.006250,0.750000,0,0,0,,,NONE,0.000000,0.000000,4.538151,4.661849
33.120,FOLLOW_LANE,camera lane following,159.000,-0.006250,0.750000,0,0,0,,,NONE,0.000000,0.000000,4.538147,4.661853
33.152,FOLLOW_LANE,camera lane following,159.000,-0.006250,0.750000,0,0,0,,,NONE,0.000000,0.000000,4.538143,4.661857
33.184,FOLLOW_LANE,camera lane following,159.500,-0.003125,0.750000,0,0,0,,,NONE,0.000000,0.000000,4.603768,4.596232
33.216,FOLLOW_LANE,camera lane following,159.500,-0.003125,0.750000,0,0,0,,,NONE,0.000000,0.000000,4.588143,4.611857
33.248,FOLLOW_LANE,camera lane following,159.500,-0.003125,0.750000,0,0,0,,,NONE,0.000000,0.000000,4.588143,4.611857
33.280,FOLLOW_LANE,camera lane following,159.500,-0.003125,0.750000,0,0,0,,,NONE,0.000000,0.000000,4.588143,4.611857
33.312,FOLLOW_LANE,camera lane following,159.500,-0.003125,0.750000,0,0,0,,,NONE,0.000000,0.000000,4.588143,4.611857
33.344,FOLLOW_LANE,camera lane following,159.500,-0.003125,0.750000,0,0,0,,,NONE,0.000000,0.000000,4.588143,4.611857
33.376,FOLLOW_LANE,camera lane following,159.500,-0.003125,0.750000,0,0,0,,,NONE,0.000000,0.000000,4.588143,4.611857
33.408,FOLLOW_LANE,camera lane following,159.500,-0.003125,0.750000,0,0,0,,,NONE,0.000000,0.000000,4.588143,4.611857
33.440,FOLLOW_LANE,camera lane following,159.500,-0.003125,0.750000,0,0,0,,,NONE,0.000000,0.000000,4.588143,4.611857
33.472,FOLLOW_LANE,camera lane following,159.500,-0.003125,0.750000,0,0,0,,,NONE,0.000000,0.000000,4.588143,4.611857
33.504,FOLLOW_LANE,camera lane following,159.500,-0.003125,0.750000,0,0,0,,,NONE,0.000000,0.000000,4.588143,4.611857
33.536,FOLLOW_LANE,camera lane following,159.500,-0.003125,0.750000,0,0,0,,,NONE,0.000000,0.000000,4.588143,4.611857
33.568,FOLLOW_LANE,camera lane following,159.500,-0.003125,0.750000,0,0,0,,,NONE,0.000000,0.000000,4.588143,4.611857
33.600,FOLLOW_LANE,camera lane following,159.500,-0.003125,0.750000,0,0,0,,,NONE,0.000000,0.000000,4.588143,4.611857
33.632,FOLLOW_LANE,camera lane following,159.500,-0.003125,0.750000,0,0,0,,,NONE,0.000000,0.000000,4.588143,4.611857
33.664,FOLLOW_LANE,camera lane following,159.500,-0.003125,0.750000,0,0,0,,,NONE,0.000000,0.000000,4.588143,4.611857
33.696,FOLLOW_LANE,camera lane following,159.500,-0.003125,0.750000,0,0,0,,,NONE,0.000000,0.000000,4.588143,4.611857
33.728,FOLLOW_LANE,camera lane following,159.500,-0.003125,0.750000,0,0,0,,,NONE,0.000000,0.000000,4.588143,4.611857
33.760,FOLLOW_LANE,camera lane following,159.500,-0.003125,0.750000,0,0,0,,,NONE,0.000000,0.000000,4.588143,4.611857
33.792,FOLLOW_LANE,camera lane following,159.500,-0.003125,0.750000,0,0,0,,,NONE,0.000000,0.000000,4.588143,4.611857
33.824,FOLLOW_LANE,camera lane following,160.000,0.000000,0.750000,0,0,0,,,NONE,0.000000,0.000000,4.588143,4.611857
33.856,FOLLOW_LANE,camera lane following,160.000,0.000000,0.750000,0,0,0,,,NONE,0.000000,0.000000,4.588143,4.611857
33.888,FOLLOW_LANE,camera lane following,160.000,0.000000,0.750000,0,0,0,,,NONE,0.000000,0.000000,4.588143,4.611857
33.920,FOLLOW_LANE,camera lane following,160.000,0.000000,0.750000,0,0,0,,,NONE,0.000000,0.000000,4.588143,4.611857
33.952,FOLLOW_LANE,camera lane following,160.000,0.000000,0.750000,0,0,0,,,NONE,0.000000,0.000000,4.588143,4.611857
33.984,FOLLOW_LANE,camera lane following,160.000,0.000000,0.750000,0,0,0,,,NONE,0.000000,0.000000,4.588143,4.611857
34.016,FOLLOW_LANE,camera lane following,160.000,0.000000,0.750000,0,0,0,,,NONE,0.000000,0.000000,4.588143,4.611857
34.048,FOLLOW_LANE,camera lane following,160.000,0.000000,0.750000,0,0,0,,,NONE,0.000000,0.000000,4.588143,4.611857
34.080,FOLLOW_LANE,camera lane following,160.250,0.001563,0.750000,0,0,0,,,NONE,0.000000,0.000000,4.588143,4.611857
34.112,FOLLOW_LANE,camera lane following,160.500,0.003125,0.750000,0,0,0,,,NONE,0.000000,0.000000,4.588143,4.611857
34.144,FOLLOW_LANE,camera lane following,160.500,0.003125,0.750000,0,0,0,,,NONE,0.000000,0.000000,4.588143,4.611857
34.176,FOLLOW_LANE,camera lane following,160.500,0.003125,0.750000,0,0,0,,,NONE,0.000000,0.000000,4.588143,4.611857
34.208,FOLLOW_LANE,camera lane following,161.000,0.006250,0.750000,0,0,0,,,NONE,0.000000,0.000000,4.653772,4.546228
34.240,FOLLOW_LANE,camera lane following,161.000,0.006250,0.750000,0,0,0,,,NONE,0.000000,0.000000,4.638151,4.561849
34.272,FOLLOW_LANE,camera lane following,161.000,0.006250,0.750000,0,0,0,,,NONE,0.000000,0.000000,4.638155,4.561845
34.304,FOLLOW_LANE,camera lane following,161.000,0.006250,0.750000,0,0,0,,,NONE,0.000000,0.000000,4.638159,4.561841
34.336,FOLLOW_LANE,camera lane following,161.000,0.006250,0.750000,0,0,0,,,NONE,0.000000,0.000000,4.638163,4.561837
34.368,FOLLOW_LANE,camera lane following,161.000,0.006250,0.750000,0,0,0,,,NONE,0.000000,0.000000,4.638167,4.561833
34.400,FOLLOW_LANE,camera lane following,161.000,0.006250,0.750000,0,0,0,,,NONE,0.000000,0.000000,4.638171,4.561829
34.432,FOLLOW_LANE,camera lane following,161.000,0.006250,0.750000,0,0,0,,,NONE,0.000000,0.000000,4.638175,4.561825
34.464,FOLLOW_LANE,camera lane following,161.000,0.006250,0.750000,0,0,0,,,NONE,0.000000,0.000000,4.638179,4.561821
34.496,FOLLOW_LANE,camera lane following,161.000,0.006250,0.750000,0,0,0,,,NONE,0.000000,0.000000,4.638183,4.561817
34.528,FOLLOW_LANE,camera lane following,161.000,0.006250,0.750000,0,0,0,,,NONE,0.000000,0.000000,4.638187,4.561813
34.560,FOLLOW_LANE,camera lane following,160.500,0.003125,0.750000,0,0,0,,,NONE,0.000000,0.000000,4.572562,4.627438
34.592,STOP_WAIT,waiting for moving or unclassified obstacles to clear,160.500,0.003125,0.750000,1,0,1,1,blue,UNKNOWN,0.430588,0.418158,0.000000,0.000000
34.624,STOP_WAIT,waiting for moving or unclassified obstacles to clear,162.000,0.012500,0.750000,0,0,0,,,NONE,0.000000,0.000000,0.000000,0.000000
34.656,STOP_WAIT,waiting for moving or unclassified obstacles to clear,161.500,0.009375,0.750000,0,0,0,,,NONE,0.000000,0.000000,0.000000,0.000000
34.688,STOP_WAIT,waiting for moving or unclassified obstacles to clear,161.000,0.006250,0.750000,1,0,1,1,blue,UNKNOWN,0.546669,0.417428,0.000000,0.000000
34.720,STOP_WAIT,waiting for moving or unclassified obstacles to clear,161.000,0.006250,0.750000,0,0,0,,,NONE,0.000000,0.000000,0.000000,0.000000
34.752,STOP_WAIT,waiting for moving or unclassified obstacles to clear,161.000,0.006250,0.750000,0,0,0,,,NONE,0.000000,0.000000,0.000000,0.000000
34.784,STOP_WAIT,waiting for moving or unclassified obstacles to clear,161.000,0.006250,0.750000,1,0,1,1,blue,UNKNOWN,0.500423,0.256712,0.000000,0.000000
34.816,STOP_WAIT,waiting for moving or unclassified obstacles to clear,161.000,0.006250,0.750000,0,0,0,,,NONE,0.000000,0.000000,0.000000,0.000000
34.848,STOP_WAIT,waiting for moving or unclassified obstacles to clear,161.000,0.006250,0.750000,0,0,0,,,NONE,0.000000,0.000000,0.000000,0.000000
34.880,STOP_WAIT,waiting for moving or unclassified obstacles to clear,161.000,0.006250,0.750000,0,0,0,,,NONE,0.000000,0.000000,0.000000,0.000000
34.912,STOP_WAIT,waiting for moving or unclassified obstacles to clear,161.000,0.006250,0.750000,0,0,0,,,NONE,0.000000,0.000000,0.000000,0.000000
34.944,REJOIN,confirming lane reacquisition,161.000,0.006250,0.750000,0,0,0,,,NONE,0.000000,0.000000,2.865629,2.734371
34.976,REJOIN,confirming lane reacquisition,161.500,0.009375,0.750000,0,0,0,,,NONE,0.000000,0.000000,2.882822,2.717178
35.008,REJOIN,confirming lane reacquisition,161.000,0.006250,0.750000,0,0,0,,,NONE,0.000000,0.000000,2.842201,2.757798
35.040,REJOIN,confirming lane reacquisition,161.000,0.006250,0.750000,0,0,0,,,NONE,0.000000,0.000000,2.850018,2.749982
35.072,FOLLOW_LANE,lane reacquired,161.500,0.009375,0.750000,0,0,0,,,NONE,0.000000,0.000000,2.882836,2.717163
35.104,FOLLOW_LANE,camera lane following,161.000,0.006250,0.750000,0,0,0,,,NONE,0.000000,0.000000,4.642215,4.557784
35.136,FOLLOW_LANE,camera lane following,160.500,0.003125,0.750000,0,0,0,,,NONE,0.000000,0.000000,4.584403,4.615597
35.168,FOLLOW_LANE,camera lane following,161.000,0.006250,0.750000,0,0,0,,,NONE,0.000000,0.000000,4.665657,4.534343
35.200,FOLLOW_LANE,camera lane following,161.000,0.006250,0.750000,0,0,0,,,NONE,0.000000,0.000000,4.650036,4.549964
35.232,FOLLOW_LANE,camera lane following,161.000,0.006250,0.750000,0,0,0,,,NONE,0.000000,0.000000,4.650040,4.549960
35.264,FOLLOW_LANE,camera lane following,161.000,0.006250,0.750000,0,0,0,,,NONE,0.000000,0.000000,4.650044,4.549956
35.296,FOLLOW_LANE,camera lane following,161.000,0.006250,0.750000,0,0,0,,,NONE,0.000000,0.000000,4.650048,4.549952
35.328,FOLLOW_LANE,camera lane following,160.500,0.003125,0.750000,0,0,0,,,NONE,0.000000,0.000000,4.584423,4.615577
35.360,FOLLOW_LANE,camera lane following,161.000,0.006250,0.750000,0,0,0,,,NONE,0.000000,0.000000,4.665677,4.534323
35.392,FOLLOW_LANE,camera lane following,161.000,0.006250,0.750000,0,0,0,,,NONE,0.000000,0.000000,4.650056,4.549944
35.424,FOLLOW_LANE,camera lane following,161.000,0.006250,0.750000,0,0,0,,,NONE,0.000000,0.000000,4.650060,4.549940
35.456,FOLLOW_LANE,camera lane following,161.000,0.006250,0.750000,0,0,0,,,NONE,0.000000,0.000000,4.650064,4.549936
35.488,FOLLOW_LANE,camera lane following,161.000,0.006250,0.750000,0,0,0,,,NONE,0.000000,0.000000,4.650068,4.549932
35.520,FOLLOW_LANE,camera lane following,161.000,0.006250,0.750000,0,0,0,,,NONE,0.000000,0.000000,4.650072,4.549928
35.552,FOLLOW_LANE,camera lane following,161.000,0.006250,0.750000,0,0,0,,,NONE,0.000000,0.000000,4.650076,4.549924
35.584,FOLLOW_LANE,camera lane following,161.000,0.006250,0.750000,0,0,0,,,NONE,0.000000,0.000000,4.650080,4.549920
35.616,FOLLOW_LANE,camera lane following,161.000,0.006250,0.750000,0,0,0,,,NONE,0.000000,0.000000,4.650084,4.549916
35.648,FOLLOW_LANE,camera lane following,161.000,0.006250,0.750000,0,0,0,,,NONE,0.000000,0.000000,4.650088,4.549912
35.680,FOLLOW_LANE,camera lane following,161.000,0.006250,0.750000,0,0,0,,,NONE,0.000000,0.000000,4.650092,4.549908
35.712,FOLLOW_LANE,camera lane following,160.500,0.003125,0.750000,0,0,0,,,NONE,0.000000,0.000000,4.584467,4.615533
35.744,FOLLOW_LANE,camera lane following,160.750,0.004687,0.750000,0,0,0,,,NONE,0.000000,0.000000,4.600092,4.599908
35.776,FOLLOW_LANE,camera lane following,161.000,0.006250,0.750000,0,0,0,,,NONE,0.000000,0.000000,4.665721,4.534279
35.808,FOLLOW_LANE,camera lane following,161.000,0.006250,0.750000,0,0,0,,,NONE,0.000000,0.000000,4.650100,4.549900
35.840,FOLLOW_LANE,camera lane following,161.000,0.006250,0.750000,0,0,0,,,NONE,0.000000,0.000000,4.650104,4.549896
35.872,FOLLOW_LANE,camera lane following,161.000,0.006250,0.750000,0,0,0,,,NONE,0.000000,0.000000,4.650108,4.549892
35.904,FOLLOW_LANE,camera lane following,161.000,0.006250,0.750000,0,0,0,,,NONE,0.000000,0.000000,4.650112,4.549888
35.936,FOLLOW_LANE,camera lane following,161.000,0.006250,0.750000,0,0,0,,,NONE,0.000000,0.000000,4.650116,4.549884
35.968,FOLLOW_LANE,camera lane following,161.000,0.006250,0.750000,0,0,0,,,NONE,0.000000,0.000000,4.650120,4.549880
36.000,FOLLOW_LANE,camera lane following,161.000,0.006250,0.750000,0,0,0,,,NONE,0.000000,0.000000,4.650124,4.549876
36.032,FOLLOW_LANE,camera lane following,161.000,0.006250,0.750000,0,0,0,,,NONE,0.000000,0.000000,4.650128,4.549872
36.064,FOLLOW_LANE,camera lane following,161.000,0.006250,0.750000,0,0,0,,,NONE,0.000000,0.000000,4.650132,4.549868
36.096,FOLLOW_LANE,camera lane following,161.000,0.006250,0.750000,0,0,0,,,NONE,0.000000,0.000000,4.650136,4.549864
36.128,FOLLOW_LANE,camera lane following,161.000,0.006250,0.750000,0,0,0,,,NONE,0.000000,0.000000,4.650140,4.549860
36.160,FOLLOW_LANE,camera lane following,161.000,0.006250,0.750000,0,0,0,,,NONE,0.000000,0.000000,4.650144,4.549856
36.192,FOLLOW_LANE,camera lane following,160.500,0.003125,0.750000,0,0,0,,,NONE,0.000000,0.000000,4.584519,4.615481
36.224,FOLLOW_LANE,camera lane following,160.500,0.003125,0.750000,0,0,0,,,NONE,0.000000,0.000000,4.600144,4.599856
36.256,FOLLOW_LANE,camera lane following,160.500,0.003125,0.750000,0,0,0,,,NONE,0.000000,0.000000,4.600144,4.599856
36.288,FOLLOW_LANE,camera lane following,160.500,0.003125,0.750000,0,0,0,,,NONE,0.000000,0.000000,4.600144,4.599856
36.320,FOLLOW_LANE,camera lane following,160.500,0.003125,0.750000,0,0,0,,,NONE,0.000000,0.000000,4.600144,4.599856
36.352,FOLLOW_LANE,camera lane following,160.500,0.003125,0.750000,0,0,0,,,NONE,0.000000,0.000000,4.600144,4.599856
36.384,FOLLOW_LANE,camera lane following,160.500,0.003125,0.750000,0,0,0,,,NONE,0.000000,0.000000,4.600144,4.599856
36.416,FOLLOW_LANE,camera lane following,160.500,0.003125,0.750000,0,0,0,,,NONE,0.000000,0.000000,4.600144,4.599856
36.448,FOLLOW_LANE,camera lane following,160.500,0.003125,0.750000,0,0,0,,,NONE,0.000000,0.000000,4.600144,4.599856
36.480,FOLLOW_LANE,camera lane following,160.500,0.003125,0.750000,0,0,0,,,NONE,0.000000,0.000000,4.600144,4.599856
36.512,FOLLOW_LANE,camera lane following,160.500,0.003125,0.750000,0,0,0,,,NONE,0.000000,0.000000,4.600144,4.599856
36.544,FOLLOW_LANE,camera lane following,160.500,0.003125,0.750000,0,0,0,,,NONE,0.000000,0.000000,4.600144,4.599856
36.576,FOLLOW_LANE,camera lane following,160.500,0.003125,0.750000,0,0,0,,,NONE,0.000000,0.000000,4.600144,4.599856
36.608,FOLLOW_LANE,camera lane following,160.500,0.003125,0.750000,0,0,0,,,NONE,0.000000,0.000000,4.600144,4.599856
36.640,FOLLOW_LANE,camera lane following,160.500,0.003125,0.750000,0,0,0,,,NONE,0.000000,0.000000,4.600144,4.599856
36.672,FOLLOW_LANE,camera lane following,160.500,0.003125,0.750000,0,0,0,,,NONE,0.000000,0.000000,4.600144,4.599856
36.704,FOLLOW_LANE,camera lane following,160.000,0.000000,0.750000,0,0,0,,,NONE,0.000000,0.000000,4.600144,4.599856
36.736,FOLLOW_LANE,camera lane following,160.000,0.000000,0.750000,0,0,0,,,NONE,0.000000,0.000000,4.600144,4.599856
36.768,FOLLOW_LANE,camera lane following,160.000,0.000000,0.750000,0,0,0,,,NONE,0.000000,0.000000,4.600144,4.599856
36.800,FOLLOW_LANE,camera lane following,160.000,0.000000,0.750000,0,0,0,,,NONE,0.000000,0.000000,4.600144,4.599856
36.832,FOLLOW_LANE,camera lane following,160.000,0.000000,0.750000,0,0,0,,,NONE,0.000000,0.000000,4.600144,4.599856
36.864,FOLLOW_LANE,camera lane following,160.000,0.000000,0.750000,0,0,0,,,NONE,0.000000,0.000000,4.600144,4.599856
36.896,FOLLOW_LANE,camera lane following,160.000,0.000000,0.750000,0,0,0,,,NONE,0.000000,0.000000,4.600144,4.599856
36.928,FOLLOW_LANE,camera lane following,160.000,0.000000,0.750000,0,0,0,,,NONE,0.000000,0.000000,4.600144,4.599856
36.960,FOLLOW_LANE,camera lane following,160.000,0.000000,0.750000,0,0,0,,,NONE,0.000000,0.000000,4.600144,4.599856
36.992,FOLLOW_LANE,camera lane following,160.000,0.000000,0.750000,0,0,0,,,NONE,0.000000,0.000000,4.600144,4.599856
37.024,FOLLOW_LANE,camera lane following,159.750,-0.001563,0.750000,0,0,0,,,NONE,0.000000,0.000000,4.600144,4.599856
37.056,FOLLOW_LANE,camera lane following,159.500,-0.003125,0.750000,0,0,0,,,NONE,0.000000,0.000000,4.600144,4.599856
37.088,FOLLOW_LANE,camera lane following,159.500,-0.003125,0.750000,0,0,0,,,NONE,0.000000,0.000000,4.600144,4.599856
37.120,FOLLOW_LANE,camera lane following,159.500,-0.003125,0.750000,0,0,0,,,NONE,0.000000,0.000000,4.600144,4.599856
37.152,FOLLOW_LANE,camera lane following,159.500,-0.003125,0.750000,0,0,0,,,NONE,0.000000,0.000000,4.600144,4.599856
37.184,FOLLOW_LANE,camera lane following,159.500,-0.003125,0.750000,0,0,0,,,NONE,0.000000,0.000000,4.600144,4.599856
37.216,FOLLOW_LANE,camera lane following,159.500,-0.003125,0.750000,0,0,0,,,NONE,0.000000,0.000000,4.600144,4.599856
37.248,FOLLOW_LANE,camera lane following,159.500,-0.003125,0.750000,0,0,0,,,NONE,0.000000,0.000000,4.600144,4.599856
37.280,FOLLOW_LANE,camera lane following,159.500,-0.003125,0.750000,0,0,0,,,NONE,0.000000,0.000000,4.600144,4.599856
37.312,FOLLOW_LANE,camera lane following,159.500,-0.003125,0.750000,0,0,0,,,NONE,0.000000,0.000000,4.600144,4.599856
37.344,FOLLOW_LANE,camera lane following,159.500,-0.003125,0.750000,0,0,0,,,NONE,0.000000,0.000000,4.600144,4.599856
37.376,FOLLOW_LANE,camera lane following,159.500,-0.003125,0.750000,0,0,0,,,NONE,0.000000,0.000000,4.600144,4.599856
37.408,FOLLOW_LANE,camera lane following,159.500,-0.003125,0.750000,0,0,0,,,NONE,0.000000,0.000000,4.600144,4.599856
37.440,FOLLOW_LANE,camera lane following,159.500,-0.003125,0.750000,0,0,0,,,NONE,0.000000,0.000000,4.600144,4.599856
37.472,FOLLOW_LANE,camera lane following,159.500,-0.003125,0.750000,0,0,0,,,NONE,0.000000,0.000000,4.600144,4.599856
37.504,FOLLOW_LANE,camera lane following,159.500,-0.003125,0.750000,0,0,0,,,NONE,0.000000,0.000000,4.600144,4.599856
37.536,FOLLOW_LANE,camera lane following,159.500,-0.003125,0.750000,0,0,0,,,NONE,0.000000,0.000000,4.600144,4.599856
37.568,FOLLOW_LANE,camera lane following,159.500,-0.003125,0.750000,0,0,0,,,NONE,0.000000,0.000000,4.600144,4.599856
37.600,FOLLOW_LANE,camera lane following,159.500,-0.003125,0.750000,0,0,0,,,NONE,0.000000,0.000000,4.600144,4.599856
37.632,FOLLOW_LANE,camera lane following,159.500,-0.003125,0.750000,0,0,0,,,NONE,0.000000,0.000000,4.600144,4.599856
37.664,FOLLOW_LANE,camera lane following,159.500,-0.003125,0.750000,0,0,0,,,NONE,0.000000,0.000000,4.600144,4.599856
37.696,FOLLOW_LANE,camera lane following,159.500,-0.003125,0.750000,0,0,0,,,NONE,0.000000,0.000000,4.600144,4.599856
37.728,FOLLOW_LANE,camera lane following,159.500,-0.003125,0.750000,0,0,0,,,NONE,0.000000,0.000000,4.600144,4.599856
37.760,FOLLOW_LANE,camera lane following,159.500,-0.003125,0.750000,0,0,0,,,NONE,0.000000,0.000000,4.600144,4.599856
37.792,FOLLOW_LANE,camera lane following,159.500,-0.003125,0.750000,0,0,0,,,NONE,0.000000,0.000000,4.600144,4.599856
37.824,FOLLOW_LANE,camera lane following,159.500,-0.003125,0.750000,0,0,0,,,NONE,0.000000,0.000000,4.600144,4.599856
37.856,FOLLOW_LANE,camera lane following,159.500,-0.003125,0.750000,0,0,0,,,NONE,0.000000,0.000000,4.600144,4.599856
37.888,FOLLOW_LANE,camera lane following,159.500,-0.003125,0.750000,0,0,0,,,NONE,0.000000,0.000000,4.600144,4.599856
37.920,FOLLOW_LANE,camera lane following,159.500,-0.003125,0.750000,0,0,0,,,NONE,0.000000,0.000000,4.600144,4.599856
37.952,FOLLOW_LANE,camera lane following,159.500,-0.003125,0.750000,0,0,0,,,NONE,0.000000,0.000000,4.600144,4.599856
37.984,FOLLOW_LANE,camera lane following,159.500,-0.003125,0.750000,0,0,0,,,NONE,0.000000,0.000000,4.600144,4.599856
38.016,FOLLOW_LANE,camera lane following,159.500,-0.003125,0.750000,0,0,0,,,NONE,0.000000,0.000000,4.600144,4.599856
38.048,FOLLOW_LANE,camera lane following,159.500,-0.003125,0.750000,0,0,0,,,NONE,0.000000,0.000000,4.600144,4.599856
38.080,FOLLOW_LANE,camera lane following,159.500,-0.003125,0.750000,0,0,0,,,NONE,0.000000,0.000000,4.600144,4.599856
38.112,FOLLOW_LANE,camera lane following,159.500,-0.003125,0.750000,0,0,0,,,NONE,0.000000,0.000000,4.600144,4.599856
38.144,FOLLOW_LANE,camera lane following,159.500,-0.003125,0.750000,0,0,0,,,NONE,0.000000,0.000000,4.600144,4.599856
38.176,FOLLOW_LANE,camera lane following,159.500,-0.003125,0.750000,0,0,0,,,NONE,0.000000,0.000000,4.600144,4.599856
38.208,FOLLOW_LANE,camera lane following,159.500,-0.003125,0.750000,0,0,0,,,NONE,0.000000,0.000000,4.600144,4.599856
38.240,FOLLOW_LANE,camera lane following,159.500,-0.003125,0.750000,0,0,0,,,NONE,0.000000,0.000000,4.600144,4.599856
38.272,FOLLOW_LANE,camera lane following,159.500,-0.003125,0.750000,0,0,0,,,NONE,0.000000,0.000000,4.600144,4.599856
38.304,FOLLOW_LANE,camera lane following,159.500,-0.003125,0.750000,0,0,0,,,NONE,0.000000,0.000000,4.600144,4.599856
38.336,FOLLOW_LANE,camera lane following,159.500,-0.003125,0.750000,0,0,0,,,NONE,0.000000,0.000000,4.600144,4.599856
38.368,FOLLOW_LANE,camera lane following,159.000,-0.006250,0.750000,0,0,0,,,NONE,0.000000,0.000000,4.534515,4.665485
38.400,FOLLOW_LANE,camera lane following,159.000,-0.006250,0.750000,0,0,0,,,NONE,0.000000,0.000000,4.550136,4.649864
38.432,FOLLOW_LANE,camera lane following,159.000,-0.006250,0.750000,0,0,0,,,NONE,0.000000,0.000000,4.550132,4.649868
38.464,FOLLOW_LANE,camera lane following,159.000,-0.006250,0.750000,0,0,0,,,NONE,0.000000,0.000000,4.550128,4.649872
38.496,FOLLOW_LANE,camera lane following,159.000,-0.006250,0.750000,0,0,0,,,NONE,0.000000,0.000000,4.550124,4.649876
38.528,FOLLOW_LANE,camera lane following,159.000,-0.006250,0.750000,0,0,0,,,NONE,0.000000,0.000000,4.550120,4.649880
38.560,FOLLOW_LANE,camera lane following,159.500,-0.003125,0.750000,0,0,0,,,NONE,0.000000,0.000000,4.615745,4.584255
38.592,FOLLOW_LANE,camera lane following,159.500,-0.003125,0.750000,0,0,0,,,NONE,0.000000,0.000000,4.600120,4.599880
38.624,FOLLOW_LANE,camera lane following,159.000,-0.006250,0.750000,0,0,0,,,NONE,0.000000,0.000000,4.534491,4.665509
38.656,FOLLOW_LANE,camera lane following,159.000,-0.006250,0.750000,0,0,0,,,NONE,0.000000,0.000000,4.550112,4.649888
38.688,FOLLOW_LANE,camera lane following,159.500,-0.003125,0.750000,0,0,0,,,NONE,0.000000,0.000000,4.615737,4.584263
38.720,FOLLOW_LANE,camera lane following,159.500,-0.003125,0.750000,0,0,0,,,NONE,0.000000,0.000000,4.600112,4.599888
38.752,FOLLOW_LANE,camera lane following,159.000,-0.006250,0.750000,0,0,0,,,NONE,0.000000,0.000000,4.534483,4.665517
38.784,FOLLOW_LANE,camera lane following,159.000,-0.006250,0.750000,0,0,0,,,NONE,0.000000,0.000000,4.550104,4.649896
38.816,FOLLOW_LANE,camera lane following,159.000,-0.006250,0.750000,0,0,0,,,NONE,0.000000,0.000000,4.550100,4.649900
38.848,FOLLOW_LANE,camera lane following,159.000,-0.006250,0.750000,0,0,0,,,NONE,0.000000,0.000000,4.550096,4.649904
38.880,FOLLOW_LANE,camera lane following,159.000,-0.006250,0.750000,0,0,0,,,NONE,0.000000,0.000000,4.550092,4.649908
38.912,FOLLOW_LANE,camera lane following,159.000,-0.006250,0.750000,0,0,0,,,NONE,0.000000,0.000000,4.550088,4.649912
38.944,FOLLOW_LANE,camera lane following,159.000,-0.006250,0.750000,0,0,0,,,NONE,0.000000,0.000000,4.550084,4.649916
38.976,FOLLOW_LANE,camera lane following,159.000,-0.006250,0.750000,0,0,0,,,NONE,0.000000,0.000000,4.550080,4.649920
39.008,FOLLOW_LANE,camera lane following,159.500,-0.003125,0.750000,0,0,0,,,NONE,0.000000,0.000000,4.615705,4.584295
39.040,FOLLOW_LANE,camera lane following,159.500,-0.003125,0.750000,0,0,0,,,NONE,0.000000,0.000000,4.600080,4.599920
39.072,FOLLOW_LANE,camera lane following,159.500,-0.003125,0.750000,0,0,0,,,NONE,0.000000,0.000000,4.600080,4.599920
39.104,FOLLOW_LANE,camera lane following,159.500,-0.003125,0.750000,0,0,0,,,NONE,0.000000,0.000000,4.600080,4.599920
39.136,FOLLOW_LANE,camera lane following,159.500,-0.003125,0.750000,0,0,0,,,NONE,0.000000,0.000000,4.600080,4.599920
39.168,FOLLOW_LANE,camera lane following,159.000,-0.006250,0.750000,0,0,0,,,NONE,0.000000,0.000000,4.534451,4.665549
39.200,FOLLOW_LANE,camera lane following,159.000,-0.006250,0.750000,0,0,0,,,NONE,0.000000,0.000000,4.550072,4.649928
39.232,FOLLOW_LANE,camera lane following,159.000,-0.006250,0.750000,0,0,0,,,NONE,0.000000,0.000000,4.550068,4.649932
39.264,FOLLOW_LANE,camera lane following,159.250,-0.004687,0.750000,0,0,0,,,NONE,0.000000,0.000000,4.615693,4.584307
39.296,FOLLOW_LANE,camera lane following,159.250,-0.004687,0.750000,0,0,0,,,NONE,0.000000,0.000000,4.600068,4.599932
39.328,FOLLOW_LANE,camera lane following,159.500,-0.003125,0.750000,0,0,0,,,NONE,0.000000,0.000000,4.600068,4.599932
39.360,FOLLOW_LANE,camera lane following,159.500,-0.003125,0.750000,0,0,0,,,NONE,0.000000,0.000000,4.600068,4.599932
39.392,FOLLOW_LANE,camera lane following,159.500,-0.003125,0.750000,0,0,0,,,NONE,0.000000,0.000000,4.600068,4.599932
39.424,FOLLOW_LANE,camera lane following,159.500,-0.003125,0.750000,0,0,0,,,NONE,0.000000,0.000000,4.600068,4.599932
39.456,FOLLOW_LANE,camera lane following,159.500,-0.003125,0.750000,0,0,0,,,NONE,0.000000,0.000000,4.600068,4.599932
39.488,FOLLOW_LANE,camera lane following,159.500,-0.003125,0.750000,0,0,0,,,NONE,0.000000,0.000000,4.600068,4.599932
39.520,FOLLOW_LANE,camera lane following,159.500,-0.003125,0.750000,0,0,0,,,NONE,0.000000,0.000000,4.600068,4.599932
39.552,FOLLOW_LANE,camera lane following,159.000,-0.006250,0.750000,0,0,0,,,NONE,0.000000,0.000000,4.534439,4.665561
39.584,FOLLOW_LANE,camera lane following,159.250,-0.004687,0.750000,0,0,0,,,NONE,0.000000,0.000000,4.615689,4.584311
39.616,FOLLOW_LANE,camera lane following,159.000,-0.006250,0.750000,0,0,0,,,NONE,0.000000,0.000000,4.534435,4.665565
39.648,FOLLOW_LANE,camera lane following,159.500,-0.003125,0.750000,0,0,0,,,NONE,0.000000,0.000000,4.615685,4.584315
39.680,FOLLOW_LANE,camera lane following,159.500,-0.003125,0.750000,0,0,0,,,NONE,0.000000,0.000000,4.600060,4.599940
39.712,FOLLOW_LANE,camera lane following,159.500,-0.003125,0.750000,0,0,0,,,NONE,0.000000,0.000000,4.600060,4.599940
39.744,FOLLOW_LANE,camera lane following,159.500,-0.003125,0.750000,0,0,0,,,NONE,0.000000,0.000000,4.600060,4.599940
39.776,FOLLOW_LANE,camera lane following,159.500,-0.003125,0.750000,0,0,0,,,NONE,0.000000,0.000000,4.600060,4.599940
39.808,FOLLOW_LANE,camera lane following,159.500,-0.003125,0.750000,0,0,0,,,NONE,0.000000,0.000000,4.600060,4.599940
39.840,FOLLOW_LANE,camera lane following,159.500,-0.003125,0.750000,0,0,0,,,NONE,0.000000,0.000000,4.600060,4.599940
39.872,FOLLOW_LANE,camera lane following,159.500,-0.003125,0.750000,0,0,0,,,NONE,0.000000,0.000000,4.600060,4.599940
39.904,FOLLOW_LANE,camera lane following,159.500,-0.003125,0.750000,0,0,0,,,NONE,0.000000,0.000000,4.600060,4.599940
39.936,FOLLOW_LANE,camera lane following,159.500,-0.003125,0.750000,0,0,0,,,NONE,0.000000,0.000000,4.600060,4.599940
39.968,FOLLOW_LANE,camera lane following,159.500,-0.003125,0.750000,0,0,0,,,NONE,0.000000,0.000000,4.600060,4.599940
40.000,FOLLOW_LANE,camera lane following,159.500,-0.003125,0.750000,0,0,0,,,NONE,0.000000,0.000000,4.600060,4.599940
40.032,FOLLOW_LANE,camera lane following,159.500,-0.003125,0.750000,0,0,0,,,NONE,0.000000,0.000000,4.600060,4.599940
40.064,FOLLOW_LANE,camera lane following,159.500,-0.003125,0.750000,0,0,0,,,NONE,0.000000,0.000000,4.600060,4.599940
40.096,FOLLOW_LANE,camera lane following,159.500,-0.003125,0.750000,0,0,0,,,NONE,0.000000,0.000000,4.600060,4.599940
40.128,FOLLOW_LANE,camera lane following,159.500,-0.003125,0.750000,0,0,0,,,NONE,0.000000,0.000000,4.600060,4.599940
40.160,FOLLOW_LANE,camera lane following,159.500,-0.003125,0.750000,0,0,0,,,NONE,0.000000,0.000000,4.600060,4.599940
40.192,FOLLOW_LANE,camera lane following,159.500,-0.003125,0.750000,0,0,0,,,NONE,0.000000,0.000000,4.600060,4.599940
40.224,FOLLOW_LANE,camera lane following,159.500,-0.003125,0.750000,0,0,0,,,NONE,0.000000,0.000000,4.600060,4.599940
40.256,FOLLOW_LANE,camera lane following,159.500,-0.003125,0.750000,0,0,0,,,NONE,0.000000,0.000000,4.600060,4.599940
40.288,FOLLOW_LANE,camera lane following,159.500,-0.003125,0.750000,0,0,0,,,NONE,0.000000,0.000000,4.600060,4.599940
40.320,FOLLOW_LANE,camera lane following,159.500,-0.003125,0.750000,0,0,0,,,NONE,0.000000,0.000000,4.600060,4.599940
40.352,FOLLOW_LANE,camera lane following,159.500,-0.003125,0.750000,0,0,0,,,NONE,0.000000,0.000000,4.600060,4.599940
40.384,FOLLOW_LANE,camera lane following,159.500,-0.003125,0.750000,0,0,0,,,NONE,0.000000,0.000000,4.600060,4.599940
40.416,FOLLOW_LANE,camera lane following,159.500,-0.003125,0.750000,0,0,0,,,NONE,0.000000,0.000000,4.600060,4.599940
40.448,FOLLOW_LANE,camera lane following,159.500,-0.003125,0.750000,0,0,0,,,NONE,0.000000,0.000000,4.600060,4.599940
40.480,FOLLOW_LANE,camera lane following,159.500,-0.003125,0.750000,0,0,0,,,NONE,0.000000,0.000000,4.600060,4.599940
40.512,FOLLOW_LANE,camera lane following,159.500,-0.003125,0.750000,0,0,0,,,NONE,0.000000,0.000000,4.600060,4.599940
40.544,FOLLOW_LANE,camera lane following,159.500,-0.003125,0.750000,0,0,0,,,NONE,0.000000,0.000000,4.600060,4.599940
40.576,FOLLOW_LANE,camera lane following,159.500,-0.003125,0.750000,0,0,0,,,NONE,0.000000,0.000000,4.600060,4.599940
40.608,FOLLOW_LANE,camera lane following,159.500,-0.003125,0.750000,0,0,0,,,NONE,0.000000,0.000000,4.600060,4.599940
40.640,FOLLOW_LANE,camera lane following,159.500,-0.003125,0.750000,0,0,0,,,NONE,0.000000,0.000000,4.600060,4.599940
40.672,FOLLOW_LANE,camera lane following,159.500,-0.003125,0.750000,0,0,0,,,NONE,0.000000,0.000000,4.600060,4.599940
40.704,FOLLOW_LANE,camera lane following,159.500,-0.003125,0.750000,0,0,0,,,NONE,0.000000,0.000000,4.600060,4.599940
40.736,FOLLOW_LANE,camera lane following,159.500,-0.003125,0.750000,0,0,0,,,NONE,0.000000,0.000000,4.600060,4.599940
40.768,FOLLOW_LANE,camera lane following,159.500,-0.003125,0.750000,0,0,0,,,NONE,0.000000,0.000000,4.600060,4.599940
40.800,FOLLOW_LANE,camera lane following,159.500,-0.003125,0.750000,0,0,0,,,NONE,0.000000,0.000000,4.600060,4.599940
40.832,FOLLOW_LANE,camera lane following,159.500,-0.003125,0.750000,0,0,0,,,NONE,0.000000,0.000000,4.600060,4.599940
40.864,FOLLOW_LANE,camera lane following,159.500,-0.003125,0.750000,0,0,0,,,NONE,0.000000,0.000000,4.600060,4.599940
40.896,FOLLOW_LANE,camera lane following,159.500,-0.003125,0.750000,0,0,0,,,NONE,0.000000,0.000000,4.600060,4.599940
40.928,FOLLOW_LANE,camera lane following,159.500,-0.003125,0.750000,0,0,0,,,NONE,0.000000,0.000000,4.600060,4.599940
40.960,FOLLOW_LANE,camera lane following,159.500,-0.003125,0.750000,0,0,0,,,NONE,0.000000,0.000000,4.600060,4.599940
40.992,FOLLOW_LANE,camera lane following,159.500,-0.003125,0.750000,0,0,0,,,NONE,0.000000,0.000000,4.600060,4.599940
41.024,FOLLOW_LANE,camera lane following,159.500,-0.003125,0.750000,0,0,0,,,NONE,0.000000,0.000000,4.600060,4.599940
41.056,FOLLOW_LANE,camera lane following,159.500,-0.003125,0.750000,0,0,0,,,NONE,0.000000,0.000000,4.600060,4.599940
41.088,FOLLOW_LANE,camera lane following,159.500,-0.003125,0.750000,0,0,0,,,NONE,0.000000,0.000000,4.600060,4.599940
41.120,FOLLOW_LANE,camera lane following,159.500,-0.003125,0.750000,0,0,0,,,NONE,0.000000,0.000000,4.600060,4.599940
41.152,FOLLOW_LANE,camera lane following,159.500,-0.003125,0.750000,0,0,0,,,NONE,0.000000,0.000000,4.600060,4.599940
41.184,FOLLOW_LANE,camera lane following,159.500,-0.003125,0.750000,0,0,0,,,NONE,0.000000,0.000000,4.600060,4.599940
41.216,FOLLOW_LANE,camera lane following,159.500,-0.003125,0.750000,0,0,0,,,NONE,0.000000,0.000000,4.600060,4.599940
41.248,FOLLOW_LANE,camera lane following,159.500,-0.003125,0.750000,0,0,0,,,NONE,0.000000,0.000000,4.600060,4.599940
41.280,FOLLOW_LANE,camera lane following,159.500,-0.003125,0.750000,0,0,0,,,NONE,0.000000,0.000000,4.600060,4.599940
41.312,FOLLOW_LANE,camera lane following,159.500,-0.003125,0.750000,0,0,0,,,NONE,0.000000,0.000000,4.600060,4.599940
41.344,FOLLOW_LANE,camera lane following,159.500,-0.003125,0.750000,0,0,0,,,NONE,0.000000,0.000000,4.600060,4.599940
41.376,FOLLOW_LANE,camera lane following,159.500,-0.003125,0.750000,0,0,0,,,NONE,0.000000,0.000000,4.600060,4.599940
41.408,FOLLOW_LANE,camera lane following,159.500,-0.003125,0.750000,0,0,0,,,NONE,0.000000,0.000000,4.600060,4.599940
41.440,FOLLOW_LANE,camera lane following,159.500,-0.003125,0.750000,0,0,0,,,NONE,0.000000,0.000000,4.600060,4.599940
41.472,FOLLOW_LANE,camera lane following,159.500,-0.003125,0.750000,0,0,0,,,NONE,0.000000,0.000000,4.600060,4.599940
41.504,FOLLOW_LANE,camera lane following,159.500,-0.003125,0.750000,0,0,0,,,NONE,0.000000,0.000000,4.600060,4.599940
41.536,FOLLOW_LANE,camera lane following,159.500,-0.003125,0.750000,0,0,0,,,NONE,0.000000,0.000000,4.600060,4.599940
41.568,FOLLOW_LANE,camera lane following,159.500,-0.003125,0.750000,0,0,0,,,NONE,0.000000,0.000000,4.600060,4.599940
41.600,FOLLOW_LANE,camera lane following,159.500,-0.003125,0.750000,0,0,0,,,NONE,0.000000,0.000000,4.600060,4.599940
41.632,FOLLOW_LANE,camera lane following,159.500,-0.003125,0.750000,0,0,0,,,NONE,0.000000,0.000000,4.600060,4.599940
41.664,FOLLOW_LANE,camera lane following,159.500,-0.003125,0.750000,0,0,0,,,NONE,0.000000,0.000000,4.600060,4.599940
41.696,FOLLOW_LANE,camera lane following,159.500,-0.003125,0.750000,0,0,0,,,NONE,0.000000,0.000000,4.600060,4.599940
41.728,FOLLOW_LANE,camera lane following,159.500,-0.003125,0.750000,0,0,0,,,NONE,0.000000,0.000000,4.600060,4.599940
41.760,FOLLOW_LANE,camera lane following,159.500,-0.003125,0.750000,0,0,0,,,NONE,0.000000,0.000000,4.600060,4.599940
41.792,FOLLOW_LANE,camera lane following,159.500,-0.003125,0.750000,0,0,0,,,NONE,0.000000,0.000000,4.600060,4.599940
41.824,FOLLOW_LANE,camera lane following,159.500,-0.003125,0.750000,0,0,0,,,NONE,0.000000,0.000000,4.600060,4.599940
41.856,FOLLOW_LANE,camera lane following,159.500,-0.003125,0.750000,0,0,0,,,NONE,0.000000,0.000000,4.600060,4.599940
41.888,FOLLOW_LANE,camera lane following,159.500,-0.003125,0.750000,0,0,0,,,NONE,0.000000,0.000000,4.600060,4.599940
41.920,FOLLOW_LANE,camera lane following,159.500,-0.003125,0.750000,0,0,0,,,NONE,0.000000,0.000000,4.600060,4.599940
41.952,FOLLOW_LANE,camera lane following,159.500,-0.003125,0.750000,0,0,0,,,NONE,0.000000,0.000000,4.600060,4.599940
41.984,FOLLOW_LANE,camera lane following,159.500,-0.003125,0.750000,0,0,0,,,NONE,0.000000,0.000000,4.600060,4.599940
42.016,FOLLOW_LANE,camera lane following,160.000,0.000000,0.750000,0,0,0,,,NONE,0.000000,0.000000,4.600060,4.599940
42.048,FOLLOW_LANE,camera lane following,160.000,0.000000,0.750000,0,0,0,,,NONE,0.000000,0.000000,4.600060,4.599940
42.080,FOLLOW_LANE,camera lane following,159.500,-0.003125,0.750000,0,0,0,,,NONE,0.000000,0.000000,4.600060,4.599940
42.112,FOLLOW_LANE,camera lane following,160.000,0.000000,0.750000,0,0,0,,,NONE,0.000000,0.000000,4.600060,4.599940
42.144,FOLLOW_LANE,camera lane following,160.000,0.000000,0.750000,0,0,0,,,NONE,0.000000,0.000000,4.600060,4.599940
42.176,FOLLOW_LANE,camera lane following,160.000,0.000000,0.750000,0,0,0,,,NONE,0.000000,0.000000,4.600060,4.599940
42.208,FOLLOW_LANE,camera lane following,160.000,0.000000,0.750000,0,0,0,,,NONE,0.000000,0.000000,4.600060,4.599940
42.240,FOLLOW_LANE,camera lane following,160.000,0.000000,0.750000,0,0,0,,,NONE,0.000000,0.000000,4.600060,4.599940
42.272,FOLLOW_LANE,camera lane following,160.000,0.000000,0.750000,0,0,0,,,NONE,0.000000,0.000000,4.600060,4.599940
42.304,FOLLOW_LANE,camera lane following,159.750,-0.001563,0.750000,0,0,0,,,NONE,0.000000,0.000000,4.600060,4.599940
42.336,FOLLOW_LANE,camera lane following,160.000,0.000000,0.750000,0,0,0,,,NONE,0.000000,0.000000,4.600060,4.599940
42.368,FOLLOW_LANE,camera lane following,159.500,-0.003125,0.750000,0,0,0,,,NONE,0.000000,0.000000,4.600060,4.599940
42.400,FOLLOW_LANE,camera lane following,159.500,-0.003125,0.750000,0,0,0,,,NONE,0.000000,0.000000,4.600060,4.599940
42.432,FOLLOW_LANE,camera lane following,159.500,-0.003125,0.750000,0,0,0,,,NONE,0.000000,0.000000,4.600060,4.599940
42.464,FOLLOW_LANE,camera lane following,159.500,-0.003125,0.750000,0,0,0,,,NONE,0.000000,0.000000,4.600060,4.599940
42.496,FOLLOW_LANE,camera lane following,160.000,0.000000,0.750000,0,0,0,,,NONE,0.000000,0.000000,4.600060,4.599940
42.528,FOLLOW_LANE,camera lane following,160.000,0.000000,0.750000,0,0,0,,,NONE,0.000000,0.000000,4.600060,4.599940
42.560,FOLLOW_LANE,camera lane following,160.000,0.000000,0.750000,0,0,0,,,NONE,0.000000,0.000000,4.600060,4.599940
42.592,FOLLOW_LANE,camera lane following,160.000,0.000000,0.750000,0,0,0,,,NONE,0.000000,0.000000,4.600060,4.599940
42.624,FOLLOW_LANE,camera lane following,160.000,0.000000,0.750000,0,0,0,,,NONE,0.000000,0.000000,4.600060,4.599940
42.656,FOLLOW_LANE,camera lane following,159.500,-0.003125,0.750000,0,0,0,,,NONE,0.000000,0.000000,4.600060,4.599940
42.688,FOLLOW_LANE,camera lane following,160.500,0.003125,0.750000,0,0,0,,,NONE,0.000000,0.000000,4.600060,4.599940
42.720,FOLLOW_LANE,camera lane following,160.000,0.000000,0.750000,0,0,0,,,NONE,0.000000,0.000000,4.600060,4.599940
42.752,FOLLOW_LANE,camera lane following,160.000,0.000000,0.750000,0,0,0,,,NONE,0.000000,0.000000,4.600060,4.599940
42.784,FOLLOW_LANE,camera lane following,160.000,0.000000,0.750000,0,0,0,,,NONE,0.000000,0.000000,4.600060,4.599940
42.816,FOLLOW_LANE,camera lane following,160.000,0.000000,0.750000,0,0,0,,,NONE,0.000000,0.000000,4.600060,4.599940
42.848,FOLLOW_LANE,camera lane following,160.000,0.000000,0.750000,0,0,0,,,NONE,0.000000,0.000000,4.600060,4.599940
42.880,FOLLOW_LANE,camera lane following,160.000,0.000000,0.750000,0,0,0,,,NONE,0.000000,0.000000,4.600060,4.599940
42.912,FOLLOW_LANE,camera lane following,160.000,0.000000,0.750000,0,0,0,,,NONE,0.000000,0.000000,4.600060,4.599940
42.944,FOLLOW_LANE,camera lane following,160.000,0.000000,0.750000,0,0,0,,,NONE,0.000000,0.000000,4.600060,4.599940
42.976,FOLLOW_LANE,camera lane following,160.000,0.000000,0.750000,0,0,0,,,NONE,0.000000,0.000000,4.600060,4.599940
43.008,FOLLOW_LANE,camera lane following,160.000,0.000000,0.750000,0,0,0,,,NONE,0.000000,0.000000,4.600060,4.599940
43.040,FOLLOW_LANE,camera lane following,160.000,0.000000,0.750000,0,0,0,,,NONE,0.000000,0.000000,4.600060,4.599940
43.072,FOLLOW_LANE,camera lane following,160.000,0.000000,0.750000,0,0,0,,,NONE,0.000000,0.000000,4.600060,4.599940
43.104,FOLLOW_LANE,camera lane following,160.500,0.003125,0.750000,0,0,0,,,NONE,0.000000,0.000000,4.600060,4.599940
43.136,FOLLOW_LANE,camera lane following,160.500,0.003125,0.750000,0,0,0,,,NONE,0.000000,0.000000,4.600060,4.599940
43.168,FOLLOW_LANE,camera lane following,160.500,0.003125,0.750000,0,0,0,,,NONE,0.000000,0.000000,4.600060,4.599940
43.200,FOLLOW_LANE,camera lane following,160.500,0.003125,0.750000,0,0,0,,,NONE,0.000000,0.000000,4.600060,4.599940
43.232,FOLLOW_LANE,camera lane following,160.500,0.003125,0.750000,0,0,0,,,NONE,0.000000,0.000000,4.600060,4.599940
43.264,FOLLOW_LANE,camera lane following,160.500,0.003125,0.750000,0,0,0,,,NONE,0.000000,0.000000,4.600060,4.599940
43.296,FOLLOW_LANE,camera lane following,160.500,0.003125,0.750000,0,0,0,,,NONE,0.000000,0.000000,4.600060,4.599940
43.328,FOLLOW_LANE,camera lane following,160.500,0.003125,0.750000,0,0,0,,,NONE,0.000000,0.000000,4.600060,4.599940
43.360,FOLLOW_LANE,camera lane following,160.500,0.003125,0.750000,0,0,0,,,NONE,0.000000,0.000000,4.600060,4.599940
43.392,FOLLOW_LANE,camera lane following,160.500,0.003125,0.750000,0,0,0,,,NONE,0.000000,0.000000,4.600060,4.599940
43.424,FOLLOW_LANE,camera lane following,160.500,0.003125,0.750000,0,0,0,,,NONE,0.000000,0.000000,4.600060,4.599940
43.456,FOLLOW_LANE,camera lane following,160.500,0.003125,0.750000,0,0,0,,,NONE,0.000000,0.000000,4.600060,4.599940
43.488,FOLLOW_LANE,camera lane following,160.500,0.003125,0.750000,0,0,0,,,NONE,0.000000,0.000000,4.600060,4.599940
43.520,FOLLOW_LANE,camera lane following,160.500,0.003125,0.750000,0,0,0,,,NONE,0.000000,0.000000,4.600060,4.599940
43.552,FOLLOW_LANE,camera lane following,160.500,0.003125,0.750000,0,0,0,,,NONE,0.000000,0.000000,4.600060,4.599940
43.584,FOLLOW_LANE,camera lane following,160.500,0.003125,0.750000,0,0,0,,,NONE,0.000000,0.000000,4.600060,4.599940
43.616,FOLLOW_LANE,camera lane following,160.500,0.003125,0.750000,0,0,0,,,NONE,0.000000,0.000000,4.600060,4.599940
43.648,FOLLOW_LANE,camera lane following,160.500,0.003125,0.750000,0,0,0,,,NONE,0.000000,0.000000,4.600060,4.599940
43.680,FOLLOW_LANE,camera lane following,160.500,0.003125,0.750000,0,0,0,,,NONE,0.000000,0.000000,4.600060,4.599940
43.712,FOLLOW_LANE,camera lane following,160.500,0.003125,0.750000,0,0,0,,,NONE,0.000000,0.000000,4.600060,4.599940
43.744,FOLLOW_LANE,camera lane following,160.500,0.003125,0.750000,0,0,0,,,NONE,0.000000,0.000000,4.600060,4.599940
43.776,FOLLOW_LANE,camera lane following,160.500,0.003125,0.750000,0,0,0,,,NONE,0.000000,0.000000,4.600060,4.599940
43.808,FOLLOW_LANE,camera lane following,160.500,0.003125,0.750000,0,0,0,,,NONE,0.000000,0.000000,4.600060,4.599940
43.840,FOLLOW_LANE,camera lane following,160.500,0.003125,0.750000,0,0,0,,,NONE,0.000000,0.000000,4.600060,4.599940
43.872,FOLLOW_LANE,camera lane following,161.000,0.006250,0.750000,0,0,0,,,NONE,0.000000,0.000000,4.665689,4.534311
43.904,FOLLOW_LANE,camera lane following,161.000,0.006250,0.750000,0,0,0,,,NONE,0.000000,0.000000,4.650068,4.549932
43.936,FOLLOW_LANE,camera lane following,161.000,0.006250,0.750000,0,0,0,,,NONE,0.000000,0.000000,4.650072,4.549928
43.968,FOLLOW_LANE,camera lane following,161.000,0.006250,0.750000,0,0,0,,,NONE,0.000000,0.000000,4.650076,4.549924
44.000,FOLLOW_LANE,camera lane following,161.000,0.006250,0.750000,0,0,0,,,NONE,0.000000,0.000000,4.650080,4.549920
44.032,FOLLOW_LANE,camera lane following,161.000,0.006250,0.750000,0,0,0,,,NONE,0.000000,0.000000,4.650084,4.549916
44.064,FOLLOW_LANE,camera lane following,160.500,0.003125,0.750000,0,0,0,,,NONE,0.000000,0.000000,4.584459,4.615541
44.096,FOLLOW_LANE,camera lane following,161.000,0.006250,0.750000,0,0,0,,,NONE,0.000000,0.000000,4.665713,4.534287
44.128,FOLLOW_LANE,camera lane following,162.000,0.012500,0.750000,0,0,0,,,NONE,0.000000,0.000000,4.715721,4.484279
44.160,FOLLOW_LANE,camera lane following,162.000,0.012500,0.750000,0,0,0,,,NONE,0.000000,0.000000,4.700104,4.499896
44.192,FOLLOW_LANE,camera lane following,162.000,0.012500,0.750000,0,0,0,,,NONE,0.000000,0.000000,4.700112,4.499888
44.224,FOLLOW_LANE,camera lane following,161.500,0.009375,0.750000,0,0,0,,,NONE,0.000000,0.000000,4.667305,4.532694
44.256,FOLLOW_LANE,camera lane following,161.000,0.006250,0.750000,0,0,0,,,NONE,0.000000,0.000000,4.642309,4.557690
44.288,FOLLOW_LANE,camera lane following,161.500,0.009375,0.750000,0,0,0,,,NONE,0.000000,0.000000,4.682940,4.517059
44.320,FOLLOW_LANE,camera lane following,161.000,0.006250,0.750000,0,0,0,,,NONE,0.000000,0.000000,4.642319,4.557681
44.352,FOLLOW_LANE,camera lane following,160.500,0.003125,0.750000,0,0,0,,,NONE,0.000000,0.000000,4.584507,4.615493
44.384,FOLLOW_LANE,camera lane following,160.500,0.003125,0.750000,0,0,0,,,NONE,0.000000,0.000000,4.600132,4.599868
44.416,FOLLOW_LANE,camera lane following,160.500,0.003125,0.750000,0,0,0,,,NONE,0.000000,0.000000,4.600132,4.599868
44.448,FOLLOW_LANE,camera lane following,160.500,0.003125,0.750000,0,0,0,,,NONE,0.000000,0.000000,4.600132,4.599868
44.480,FOLLOW_LANE,camera lane following,160.500,0.003125,0.750000,0,0,0,,,NONE,0.000000,0.000000,4.600132,4.599868
44.512,FOLLOW_LANE,camera lane following,160.000,0.000000,0.750000,0,0,0,,,NONE,0.000000,0.000000,4.600132,4.599868
44.544,FOLLOW_LANE,camera lane following,160.000,0.000000,0.750000,0,0,0,,,NONE,0.000000,0.000000,4.600132,4.599868
44.576,FOLLOW_LANE,camera lane following,160.000,0.000000,0.750000,0,0,0,,,NONE,0.000000,0.000000,4.600132,4.599868
44.608,FOLLOW_LANE,camera lane following,160.000,0.000000,0.750000,0,0,0,,,NONE,0.000000,0.000000,4.600132,4.599868
44.640,FOLLOW_LANE,camera lane following,160.000,0.000000,0.750000,0,0,0,,,NONE,0.000000,0.000000,4.600132,4.599868
44.672,FOLLOW_LANE,camera lane following,160.000,0.000000,0.750000,0,0,0,,,NONE,0.000000,0.000000,4.600132,4.599868
44.704,FOLLOW_LANE,camera lane following,160.000,0.000000,0.750000,0,0,0,,,NONE,0.000000,0.000000,4.600132,4.599868
44.736,FOLLOW_LANE,camera lane following,159.500,-0.003125,0.750000,0,0,0,,,NONE,0.000000,0.000000,4.600132,4.599868
44.768,FOLLOW_LANE,camera lane following,159.500,-0.003125,0.750000,0,0,0,,,NONE,0.000000,0.000000,4.600132,4.599868
44.800,FOLLOW_LANE,camera lane following,159.500,-0.003125,0.750000,0,0,0,,,NONE,0.000000,0.000000,4.600132,4.599868
44.832,FOLLOW_LANE,camera lane following,157.500,-0.015625,0.750000,0,0,0,,,NONE,0.000000,0.000000,4.436059,4.763940
44.864,FOLLOW_LANE,camera lane following,157.500,-0.015625,0.750000,0,0,0,,,NONE,0.000000,0.000000,4.475112,4.724888
44.896,FOLLOW_LANE,camera lane following,162.000,0.012500,0.750000,0,0,0,,,NONE,0.000000,0.000000,4.770433,4.429567
44.928,FOLLOW_LANE,camera lane following,159.000,-0.006250,0.750000,0,0,0,,,NONE,0.000000,0.000000,4.503241,4.696759
44.960,FOLLOW_LANE,camera lane following,158.500,-0.009375,0.750000,0,0,0,,,NONE,0.000000,0.000000,4.517297,4.682702
44.992,FOLLOW_LANE,camera lane following,158.000,-0.012500,0.750000,0,0,0,,,NONE,0.000000,0.000000,4.492290,4.707710
45.024,FOLLOW_LANE,camera lane following,157.500,-0.015625,0.750000,0,0,0,,,NONE,0.000000,0.000000,4.467280,4.732720
45.056,FOLLOW_LANE,camera lane following,157.000,-0.018750,0.750000,0,0,0,,,NONE,0.000000,0.000000,4.442267,4.757732
45.088,FOLLOW_LANE,camera lane following,156.500,-0.021875,0.750000,0,0,0,,,NONE,0.000000,0.000000,4.417253,4.782747
45.120,FOLLOW_LANE,camera lane following,156.500,-0.021875,0.750000,0,0,0,,,NONE,0.000000,0.000000,4.425052,4.774948
45.152,FOLLOW_LANE,camera lane following,156.000,-0.025000,0.750000,0,0,0,,,NONE,0.000000,0.000000,4.392224,4.807776
45.184,FOLLOW_LANE,camera lane following,155.000,-0.031250,0.750000,0,0,0,,,NONE,0.000000,0.000000,4.334391,4.865609
45.216,FOLLOW_LANE,camera lane following,154.500,-0.034375,0.750000,0,0,0,,,NONE,0.000000,0.000000,4.317181,4.882818
45.248,FOLLOW_LANE,camera lane following,154.000,-0.037500,0.750000,0,0,0,,,NONE,0.000000,0.000000,4.292158,4.907842
45.280,FOLLOW_LANE,camera lane following,153.500,-0.040625,0.750000,0,0,0,,,NONE,0.000000,0.000000,4.267131,4.932868
45.312,FOLLOW_LANE,camera lane following,152.000,-0.050000,0.750000,0,0,0,,,NONE,0.000000,0.000000,4.176474,5.023525
45.344,FOLLOW_LANE,camera lane following,151.500,-0.053125,0.750000,0,0,0,,,NONE,0.000000,0.000000,4.167065,5.032934
45.376,FOLLOW_LANE,camera lane following,150.500,-0.059375,0.750000,0,0,0,,,NONE,0.000000,0.000000,4.109215,5.090785
45.408,FOLLOW_LANE,camera lane following,149.500,-0.065625,0.750000,0,0,0,,,NONE,0.000000,0.000000,4.059173,5.140827
45.440,FOLLOW_LANE,camera lane following,148.500,-0.071875,0.750000,0,0,0,,,NONE,0.000000,0.000000,4.009127,5.190873
45.472,FOLLOW_LANE,camera lane following,148.000,-0.075000,0.750000,0,0,0,,,NONE,0.000000,0.000000,3.991891,5.208108
45.504,FOLLOW_LANE,camera lane following,147.500,-0.078125,0.750000,0,0,0,,,NONE,0.000000,0.000000,3.966841,5.233159
45.536,FOLLOW_LANE,camera lane following,148.000,-0.075000,0.750000,0,0,0,,,NONE,0.000000,0.000000,4.007418,5.192581
45.568,FOLLOW_LANE,camera lane following,148.000,-0.075000,0.750000,0,0,0,,,NONE,0.000000,0.000000,3.999558,5.200442
45.600,FOLLOW_LANE,camera lane following,146.500,-0.084375,0.750000,0,0,0,,,NONE,0.000000,0.000000,3.901066,5.298933
45.632,FOLLOW_LANE,camera lane following,149.000,-0.068750,0.750000,0,0,0,,,NONE,0.000000,0.000000,4.088522,5.111477
45.664,FOLLOW_LANE,camera lane following,155.000,-0.031250,0.750000,0,0,0,,,NONE,0.000000,0.000000,4.443190,4.756810
45.696,FOLLOW_LANE,camera lane following,153.000,-0.043750,0.750000,0,0,0,,,NONE,0.000000,0.000000,4.218162,4.981838
45.728,FOLLOW_LANE,camera lane following,152.000,-0.050000,0.750000,0,0,0,,,NONE,0.000000,0.000000,4.183755,5.016245
45.760,FOLLOW_LANE,camera lane following,153.000,-0.043750,0.750000,0,0,0,,,NONE,0.000000,0.000000,4.264977,4.935023
45.792,FOLLOW_LANE,camera lane following,155.000,-0.031250,0.750000,0,0,0,,,NONE,0.000000,0.000000,4.380582,4.819418
45.824,FOLLOW_LANE,camera lane following,151.500,-0.053125,0.750000,0,0,0,,,NONE,0.000000,0.000000,4.119610,5.080389
45.856,FOLLOW_LANE,camera lane following,146.500,-0.084375,0.750000,0,0,0,,,NONE,0.000000,0.000000,3.846119,5.353881
45.888,FOLLOW_LANE,camera lane following,146.500,-0.084375,0.750000,0,0,0,,,NONE,0.000000,0.000000,3.924190,5.275810
45.920,FOLLOW_LANE,camera lane following,146.000,-0.087500,0.750000,0,0,0,,,NONE,0.000000,0.000000,3.891321,5.308678
45.952,FOLLOW_LANE,camera lane following,146.500,-0.084375,0.750000,0,0,0,,,NONE,0.000000,0.000000,3.931892,5.268107
45.984,FOLLOW_LANE,camera lane following,146.500,-0.084375,0.750000,0,0,0,,,NONE,0.000000,0.000000,3.924026,5.275974
46.016,FOLLOW_LANE,camera lane following,146.500,-0.084375,0.750000,0,0,0,,,NONE,0.000000,0.000000,3.923972,5.276028
46.048,FOLLOW_LANE,camera lane following,147.000,-0.081250,0.750000,0,0,0,,,NONE,0.000000,0.000000,3.956732,5.243267
46.080,FOLLOW_LANE,camera lane following,147.000,-0.081250,0.750000,0,0,0,,,NONE,0.000000,0.000000,3.948868,5.251132
46.112,FOLLOW_LANE,camera lane following,147.500,-0.078125,0.750000,0,0,0,,,NONE,0.000000,0.000000,3.981630,5.218369
46.144,FOLLOW_LANE,camera lane following,148.500,-0.071875,0.750000,0,0,0,,,NONE,0.000000,0.000000,4.039397,5.160603
46.176,FOLLOW_LANE,camera lane following,149.250,-0.067187,0.750000,0,0,0,,,NONE,0.000000,0.000000,4.072948,5.127052
46.208,FOLLOW_LANE,camera lane following,150.000,-0.062500,0.750000,0,0,0,,,NONE,0.000000,0.000000,4.110408,5.089592
46.240,FOLLOW_LANE,camera lane following,151.000,-0.056250,0.750000,0,0,0,,,NONE,0.000000,0.000000,4.164278,5.035722
46.272,FOLLOW_LANE,camera lane following,151.500,-0.053125,0.750000,0,0,0,,,NONE,0.000000,0.000000,4.181431,5.018568
46.304,FOLLOW_LANE,camera lane following,152.000,-0.050000,0.750000,0,0,0,,,NONE,0.000000,0.000000,4.206399,4.993600
46.336,FOLLOW_LANE,camera lane following,153.000,-0.043750,0.750000,0,0,0,,,NONE,0.000000,0.000000,4.264184,4.935816
46.368,FOLLOW_LANE,camera lane following,153.500,-0.040625,0.750000,0,0,0,,,NONE,0.000000,0.000000,4.281345,4.918654
46.400,FOLLOW_LANE,camera lane following,154.000,-0.037500,0.750000,0,0,0,,,NONE,0.000000,0.000000,4.306321,4.893679
46.432,FOLLOW_LANE,camera lane following,158.500,-0.009375,0.750000,0,0,0,,,NONE,0.000000,0.000000,4.593815,4.606184
46.464,FOLLOW_LANE,camera lane following,155.500,-0.028125,0.750000,0,0,0,,,NONE,0.000000,0.000000,4.326610,4.873390
46.496,FOLLOW_LANE,camera lane following,156.250,-0.023438,0.750000,0,0,0,,,NONE,0.000000,0.000000,4.422689,4.777311
46.528,FOLLOW_LANE,camera lane following,157.000,-0.018750,0.750000,0,0,0,,,NONE,0.000000,0.000000,4.460177,4.739823
46.560,FOLLOW_LANE,camera lane following,155.500,-0.028125,0.750000,0,0,0,,,NONE,0.000000,0.000000,4.350002,4.849997
46.592,FOLLOW_LANE,camera lane following,154.000,-0.037500,0.750000,0,0,0,,,NONE,0.000000,0.000000,4.274978,4.925021
46.624,FOLLOW_LANE,camera lane following,153.500,-0.040625,0.750000,0,0,0,,,NONE,0.000000,0.000000,4.265578,4.934422
46.656,FOLLOW_LANE,camera lane following,154.000,-0.037500,0.750000,0,0,0,,,NONE,0.000000,0.000000,4.306178,4.893821
46.688,FOLLOW_LANE,camera lane following,153.500,-0.040625,0.750000,0,0,0,,,NONE,0.000000,0.000000,4.265527,4.934473
46.720,FOLLOW_LANE,camera lane following,153.000,-0.043750,0.750000,0,0,0,,,NONE,0.000000,0.000000,4.240499,4.959500
46.752,FOLLOW_LANE,camera lane following,153.000,-0.043750,0.750000,0,0,0,,,NONE,0.000000,0.000000,4.248284,4.951716
46.784,FOLLOW_LANE,camera lane following,153.000,-0.043750,0.750000,0,0,0,,,NONE,0.000000,0.000000,4.248256,4.951744
46.816,FOLLOW_LANE,camera lane following,152.500,-0.046875,0.750000,0,0,0,,,NONE,0.000000,0.000000,4.215413,4.984586
46.848,FOLLOW_LANE,camera lane following,152.500,-0.046875,0.750000,0,0,0,,,NONE,0.000000,0.000000,4.223196,4.976804
46.880,FOLLOW_LANE,camera lane following,152.500,-0.046875,0.750000,0,0,0,,,NONE,0.000000,0.000000,4.223166,4.976834
46.912,FOLLOW_LANE,camera lane following,152.500,-0.046875,0.750000,0,0,0,,,NONE,0.000000,0.000000,4.223136,4.976864
46.944,FOLLOW_LANE,camera lane following,153.000,-0.043750,0.750000,0,0,0,,,NONE,0.000000,0.000000,4.255920,4.944079
46.976,FOLLOW_LANE,camera lane following,153.000,-0.043750,0.750000,0,0,0,,,NONE,0.000000,0.000000,4.248080,4.951920
47.008,FOLLOW_LANE,camera lane following,153.000,-0.043750,0.750000,0,0,0,,,NONE,0.000000,0.000000,4.248052,4.951948
47.040,FOLLOW_LANE,camera lane following,153.500,-0.040625,0.750000,0,0,0,,,NONE,0.000000,0.000000,4.280838,4.919161
47.072,FOLLOW_LANE,camera lane following,153.500,-0.040625,0.750000,0,0,0,,,NONE,0.000000,0.000000,4.273000,4.927000
47.104,FOLLOW_LANE,camera lane following,154.000,-0.037500,0.750000,0,0,0,,,NONE,0.000000,0.000000,4.305788,4.894211
47.136,FOLLOW_LANE,camera lane following,154.500,-0.034375,0.750000,0,0,0,,,NONE,0.000000,0.000000,4.330766,4.869233
47.168,FOLLOW_LANE,camera lane following,154.500,-0.034375,0.750000,0,0,0,,,NONE,0.000000,0.000000,4.322932,4.877068
47.200,FOLLOW_LANE,camera lane following,157.000,-0.018750,0.750000,0,0,0,,,NONE,0.000000,0.000000,4.486982,4.713017
47.232,FOLLOW_LANE,camera lane following,156.500,-0.021875,0.750000,0,0,0,,,NONE,0.000000,0.000000,4.415093,4.784906
47.264,FOLLOW_LANE,camera lane following,157.000,-0.018750,0.750000,0,0,0,,,NONE,0.000000,0.000000,4.455706,4.744293
47.296,FOLLOW_LANE,camera lane following,156.500,-0.021875,0.750000,0,0,0,,,NONE,0.000000,0.000000,4.415067,4.784933
47.328,FOLLOW_LANE,camera lane following,156.000,-0.025000,0.750000,0,0,0,,,NONE,0.000000,0.000000,4.390051,4.809948
47.360,FOLLOW_LANE,camera lane following,154.500,-0.034375,0.750000,0,0,0,,,NONE,0.000000,0.000000,4.299404,4.900595
47.392,FOLLOW_LANE,camera lane following,154.500,-0.034375,0.750000,0,0,0,,,NONE,0.000000,0.000000,4.322820,4.877180
47.424,FOLLOW_LANE,camera lane following,154.000,-0.037500,0.750000,0,0,0,,,NONE,0.000000,0.000000,4.289983,4.910016
47.456,FOLLOW_LANE,camera lane following,153.500,-0.040625,0.750000,0,0,0,,,NONE,0.000000,0.000000,4.264957,4.935042
47.488,FOLLOW_LANE,camera lane following,154.000,-0.037500,0.750000,0,0,0,,,NONE,0.000000,0.000000,4.305559,4.894441
47.520,FOLLOW_LANE,camera lane following,153.500,-0.040625,0.750000,0,0,0,,,NONE,0.000000,0.000000,4.264907,4.935092
47.552,FOLLOW_LANE,camera lane following,152.500,-0.046875,0.750000,0,0,0,,,NONE,0.000000,0.000000,4.207065,4.992935
47.584,FOLLOW_LANE,camera lane following,152.500,-0.046875,0.750000,0,0,0,,,NONE,0.000000,0.000000,4.222660,4.977340
47.616,FOLLOW_LANE,camera lane following,153.000,-0.043750,0.750000,0,0,0,,,NONE,0.000000,0.000000,4.255444,4.944555
47.648,FOLLOW_LANE,camera lane following,152.500,-0.046875,0.750000,0,0,0,,,NONE,0.000000,0.000000,4.214789,4.985210
47.680,FOLLOW_LANE,camera lane following,152.500,-0.046875,0.750000,0,0,0,,,NONE,0.000000,0.000000,4.222572,4.977428
47.712,FOLLOW_LANE,camera lane following,153.000,-0.043750,0.750000,0,0,0,,,NONE,0.000000,0.000000,4.255356,4.944643
47.744,FOLLOW_LANE,camera lane following,153.000,-0.043750,0.750000,0,0,0,,,NONE,0.000000,0.000000,4.247516,4.952484
47.776,FOLLOW_LANE,camera lane following,153.000,-0.043750,0.750000,0,0,0,,,NONE,0.000000,0.000000,4.247488,4.952512
47.808,FOLLOW_LANE,camera lane following,153.000,-0.043750,0.750000,0,0,0,,,NONE,0.000000,0.000000,4.247460,4.952540
47.840,FOLLOW_LANE,camera lane following,153.500,-0.040625,0.750000,0,0,0,,,NONE,0.000000,0.000000,4.280246,4.919753
47.872,FOLLOW_LANE,camera lane following,153.500,-0.040625,0.750000,0,0,0,,,NONE,0.000000,0.000000,4.272408,4.927592
47.904,FOLLOW_LANE,camera lane following,154.500,-0.034375,0.750000,0,0,0,,,NONE,0.000000,0.000000,4.338011,4.861989
47.936,FOLLOW_LANE,camera lane following,154.000,-0.037500,0.750000,0,0,0,,,NONE,0.000000,0.000000,4.289549,4.910450
47.968,FOLLOW_LANE,camera lane following,156.000,-0.025000,0.750000,0,0,0,,,NONE,0.000000,0.000000,4.428596,4.771404
48.000,FOLLOW_LANE,camera lane following,156.000,-0.025000,0.750000,0,0,0,,,NONE,0.000000,0.000000,4.397330,4.802670
48.032,FOLLOW_LANE,camera lane following,156.500,-0.021875,0.750000,0,0,0,,,NONE,0.000000,0.000000,4.430128,4.769871
48.064,FOLLOW_LANE,camera lane following,157.000,-0.018750,0.750000,0,0,0,,,NONE,0.000000,0.000000,4.455116,4.744883
48.096,FOLLOW_LANE,camera lane following,156.000,-0.025000,0.750000,0,0,0,,,NONE,0.000000,0.000000,4.381663,4.818337
48.128,FOLLOW_LANE,camera lane following,154.500,-0.034375,0.750000,0,0,0,,,NONE,0.000000,0.000000,4.298828,4.901171
48.160,FOLLOW_LANE,camera lane following,154.000,-0.037500,0.750000,0,0,0,,,NONE,0.000000,0.000000,4.289429,4.910570
48.192,FOLLOW_LANE,camera lane following,153.500,-0.040625,0.750000,0,0,0,,,NONE,0.000000,0.000000,4.264403,4.935596
48.224,FOLLOW_LANE,camera lane following,153.000,-0.043750,0.750000,0,0,0,,,NONE,0.000000,0.000000,4.239375,4.960624
48.256,FOLLOW_LANE,camera lane following,152.500,-0.046875,0.750000,0,0,0,,,NONE,0.000000,0.000000,4.214345,4.985654
48.288,FOLLOW_LANE,camera lane following,152.500,-0.046875,0.750000,0,0,0,,,NONE,0.000000,0.000000,4.222128,4.977872
48.320,FOLLOW_LANE,camera lane following,152.000,-0.050000,0.750000,0,0,0,,,NONE,0.000000,0.000000,4.189283,5.010717
48.352,FOLLOW_LANE,camera lane following,151.500,-0.053125,0.750000,0,0,0,,,NONE,0.000000,0.000000,4.164249,5.035750
48.384,FOLLOW_LANE,camera lane following,151.500,-0.053125,0.750000,0,0,0,,,NONE,0.000000,0.000000,4.172028,5.027972
48.416,FOLLOW_LANE,camera lane following,151.500,-0.053125,0.750000,0,0,0,,,NONE,0.000000,0.000000,4.171994,5.028006
48.448,FOLLOW_LANE,camera lane following,151.500,-0.053125,0.750000,0,0,0,,,NONE,0.000000,0.000000,4.171960,5.028040
48.480,FOLLOW_LANE,camera lane following,151.500,-0.053125,0.750000,0,0,0,,,NONE,0.000000,0.000000,4.171926,5.028074
48.512,FOLLOW_LANE,camera lane following,152.000,-0.050000,0.750000,0,0,0,,,NONE,0.000000,0.000000,4.204706,4.995293
48.544,FOLLOW_LANE,camera lane following,152.000,-0.050000,0.750000,0,0,0,,,NONE,0.000000,0.000000,4.196862,5.003138
48.576,FOLLOW_LANE,camera lane following,152.500,-0.046875,0.750000,0,0,0,,,NONE,0.000000,0.000000,4.229645,4.970355
48.608,FOLLOW_LANE,camera lane following,153.000,-0.043750,0.750000,0,0,0,,,NONE,0.000000,0.000000,4.254617,4.945383
48.640,FOLLOW_LANE,camera lane following,153.500,-0.040625,0.750000,0,0,0,,,NONE,0.000000,0.000000,4.279590,4.920409
48.672,FOLLOW_LANE,camera lane following,154.500,-0.034375,0.750000,0,0,0,,,NONE,0.000000,0.000000,4.337381,4.862619
48.704,FOLLOW_LANE,camera lane following,153.500,-0.040625,0.750000,0,0,0,,,NONE,0.000000,0.000000,4.256105,4.943895
48.736,FOLLOW_LANE,camera lane following,155.000,-0.031250,0.750000,0,0,0,,,NONE,0.000000,0.000000,4.370147,4.829852
48.768,FOLLOW_LANE,camera lane following,157.000,-0.018750,0.750000,0,0,0,,,NONE,0.000000,0.000000,4.477948,4.722052
48.800,FOLLOW_LANE,camera lane following,156.000,-0.025000,0.750000,0,0,0,,,NONE,0.000000,0.000000,4.381057,4.818943
48.832,FOLLOW_LANE,camera lane following,156.500,-0.021875,0.750000,0,0,0,,,NONE,0.000000,0.000000,4.429480,4.770519
48.864,FOLLOW_LANE,camera lane following,156.000,-0.025000,0.750000,0,0,0,,,NONE,0.000000,0.000000,4.388839,4.811160
48.896,FOLLOW_LANE,camera lane following,154.500,-0.034375,0.750000,0,0,0,,,NONE,0.000000,0.000000,4.298192,4.901807
48.928,FOLLOW_LANE,camera lane following,154.000,-0.037500,0.750000,0,0,0,,,NONE,0.000000,0.000000,4.288793,4.911206
48.960,FOLLOW_LANE,camera lane following,153.500,-0.040625,0.750000,0,0,0,,,NONE,0.000000,0.000000,4.263767,4.936233
48.992,FOLLOW_LANE,camera lane following,153.500,-0.040625,0.750000,0,0,0,,,NONE,0.000000,0.000000,4.271554,4.928446
49.024,FOLLOW_LANE,camera lane following,153.000,-0.043750,0.750000,0,0,0,,,NONE,0.000000,0.000000,4.238713,4.961286
49.056,FOLLOW_LANE,camera lane following,152.500,-0.046875,0.750000,0,0,0,,,NONE,0.000000,0.000000,4.213683,4.986317
49.088,FOLLOW_LANE,camera lane following,152.500,-0.046875,0.750000,0,0,0,,,NONE,0.000000,0.000000,4.221466,4.978534
49.120,FOLLOW_LANE,camera lane following,152.000,-0.050000,0.750000,0,0,0,,,NONE,0.000000,0.000000,4.188621,5.011378
49.152,FOLLOW_LANE,camera lane following,152.000,-0.050000,0.750000,0,0,0,,,NONE,0.000000,0.000000,4.196402,5.003598
49.184,FOLLOW_LANE,camera lane following,152.000,-0.050000,0.750000,0,0,0,,,NONE,0.000000,0.000000,4.196370,5.003630
49.216,FOLLOW_LANE,camera lane following,152.500,-0.046875,0.750000,0,0,0,,,NONE,0.000000,0.000000,4.229152,4.970847
49.248,FOLLOW_LANE,camera lane following,152.500,-0.046875,0.750000,0,0,0,,,NONE,0.000000,0.000000,4.221310,4.978690
49.280,FOLLOW_LANE,camera lane following,153.000,-0.043750,0.750000,0,0,0,,,NONE,0.000000,0.000000,4.254094,4.945905
49.312,FOLLOW_LANE,camera lane following,153.000,-0.043750,0.750000,0,0,0,,,NONE,0.000000,0.000000,4.246254,4.953746
49.344,FOLLOW_LANE,camera lane following,153.000,-0.043750,0.750000,0,0,0,,,NONE,0.000000,0.000000,4.246226,4.953774
49.376,FOLLOW_LANE,camera lane following,153.000,-0.043750,0.750000,0,0,0,,,NONE,0.000000,0.000000,4.246198,4.953802
49.408,FOLLOW_LANE,camera lane following,153.500,-0.040625,0.750000,0,0,0,,,NONE,0.000000,0.000000,4.278984,4.921015
49.440,FOLLOW_LANE,camera lane following,154.000,-0.037500,0.750000,0,0,0,,,NONE,0.000000,0.000000,4.303960,4.896039
49.472,FOLLOW_LANE,camera lane following,153.500,-0.040625,0.750000,0,0,0,,,NONE,0.000000,0.000000,4.263310,4.936690
49.504,FOLLOW_LANE,camera lane following,155.000,-0.031250,0.750000,0,0,0,,,NONE,0.000000,0.000000,4.369539,4.830461
49.536,FOLLOW_LANE,camera lane following,160.000,0.000000,0.750000,0,0,0,,,NONE,0.000000,0.000000,4.674227,4.525773
49.568,FOLLOW_LANE,camera lane following,155.500,-0.028125,0.750000,0,0,0,,,NONE,0.000000,0.000000,4.300771,4.899228
49.600,FOLLOW_LANE,camera lane following,156.500,-0.021875,0.750000,0,0,0,,,NONE,0.000000,0.000000,4.436695,4.763305
49.632,FOLLOW_LANE,camera lane following,156.500,-0.021875,0.750000,0,0,0,,,NONE,0.000000,0.000000,4.421056,4.778944
49.664,FOLLOW_LANE,camera lane following,155.000,-0.031250,0.750000,0,0,0,,,NONE,0.000000,0.000000,4.322598,4.877401
49.696,FOLLOW_LANE,camera lane following,154.000,-0.037500,0.750000,0,0,0,,,NONE,0.000000,0.000000,4.280387,4.919613
49.728,FOLLOW_LANE,camera lane following,153.500,-0.040625,0.750000,0,0,0,,,NONE,0.000000,0.000000,4.263173,4.936826
49.760,FOLLOW_LANE,camera lane following,153.000,-0.043750,0.750000,0,0,0,,,NONE,0.000000,0.000000,4.238145,4.961854
49.792,FOLLOW_LANE,camera lane following,153.000,-0.043750,0.750000,0,0,0,,,NONE,0.000000,0.000000,4.245930,4.954070
49.824,FOLLOW_LANE,camera lane following,152.500,-0.046875,0.750000,0,0,0,,,NONE,0.000000,0.000000,4.213087,4.986912
49.856,FOLLOW_LANE,camera lane following,152.000,-0.050000,0.750000,0,0,0,,,NONE,0.000000,0.000000,4.188055,5.011944
49.888,FOLLOW_LANE,camera lane following,152.000,-0.050000,0.750000,0,0,0,,,NONE,0.000000,0.000000,4.195836,5.004164
49.920,FOLLOW_LANE,camera lane following,151.500,-0.053125,0.750000,0,0,0,,,NONE,0.000000,0.000000,4.162990,5.037010
49.952,FOLLOW_LANE,camera lane following,151.500,-0.053125,0.750000,0,0,0,,,NONE,0.000000,0.000000,4.170768,5.029232
49.984,FOLLOW_LANE,camera lane following,152.000,-0.050000,0.750000,0,0,0,,,NONE,0.000000,0.000000,4.203548,4.996452
50.016,FOLLOW_LANE,camera lane following,152.500,-0.046875,0.750000,0,0,0,,,NONE,0.000000,0.000000,4.228518,4.971481
50.048,FOLLOW_LANE,camera lane following,152.500,-0.046875,0.750000,0,0,0,,,NONE,0.000000,0.000000,4.220676,4.979324
50.080,FOLLOW_LANE,camera lane following,152.500,-0.046875,0.750000,0,0,0,,,NONE,0.000000,0.000000,4.220646,4.979354
50.112,FOLLOW_LANE,camera lane following,153.000,-0.043750,0.750000,0,0,0,,,NONE,0.000000,0.000000,4.253430,4.946569
50.144,FOLLOW_LANE,camera lane following,153.000,-0.043750,0.750000,0,0,0,,,NONE,0.000000,0.000000,4.245590,4.954410
50.176,FOLLOW_LANE,camera lane following,153.500,-0.040625,0.750000,0,0,0,,,NONE,0.000000,0.000000,4.278376,4.921623
50.208,FOLLOW_LANE,camera lane following,154.000,-0.037500,0.750000,0,0,0,,,NONE,0.000000,0.000000,4.303352,4.896647
50.240,FOLLOW_LANE,camera lane following,154.000,-0.037500,0.750000,0,0,0,,,NONE,0.000000,0.000000,4.295516,4.904484
50.272,FOLLOW_LANE,camera lane following,154.500,-0.034375,0.750000,0,0,0,,,NONE,0.000000,0.000000,4.328307,4.871693
50.304,FOLLOW_LANE,camera lane following,159.000,-0.006250,0.750000,0,0,0,,,NONE,0.000000,0.000000,4.615803,4.584197
50.336,FOLLOW_LANE,camera lane following,156.000,-0.025000,0.750000,0,0,0,,,NONE,0.000000,0.000000,4.348599,4.851401
50.368,FOLLOW_LANE,camera lane following,156.500,-0.021875,0.750000,0,0,0,,,NONE,0.000000,0.000000,4.428272,4.771727
50.400,FOLLOW_LANE,camera lane following,156.500,-0.021875,0.750000,0,0,0,,,NONE,0.000000,0.000000,4.420446,4.779554
50.432,FOLLOW_LANE,camera lane following,155.500,-0.028125,0.750000,0,0,0,,,NONE,0.000000,0.000000,4.354803,4.845197
50.464,FOLLOW_LANE,camera lane following,154.500,-0.034375,0.750000,0,0,0,,,NONE,0.000000,0.000000,4.304781,4.895219
50.496,FOLLOW_LANE,camera lane following,154.000,-0.037500,0.750000,0,0,0,,,NONE,0.000000,0.000000,4.287570,4.912430
50.528,FOLLOW_LANE,camera lane following,153.500,-0.040625,0.750000,0,0,0,,,NONE,0.000000,0.000000,4.262543,4.937456
50.560,FOLLOW_LANE,camera lane following,153.000,-0.043750,0.750000,0,0,0,,,NONE,0.000000,0.000000,4.237515,4.962484
50.592,FOLLOW_LANE,camera lane following,153.000,-0.043750,0.750000,0,0,0,,,NONE,0.000000,0.000000,4.245300,4.954700
50.624,FOLLOW_LANE,camera lane following,152.500,-0.046875,0.750000,0,0,0,,,NONE,0.000000,0.000000,4.212457,4.987542
50.656,FOLLOW_LANE,camera lane following,152.500,-0.046875,0.750000,0,0,0,,,NONE,0.000000,0.000000,4.220240,4.979760
50.688,FOLLOW_LANE,camera lane following,152.500,-0.046875,0.750000,0,0,0,,,NONE,0.000000,0.000000,4.220210,4.979790
50.720,FOLLOW_LANE,camera lane following,152.000,-0.050000,0.750000,0,0,0,,,NONE,0.000000,0.000000,4.187365,5.012634
50.752,FOLLOW_LANE,camera lane following,152.000,-0.050000,0.750000,0,0,0,,,NONE,0.000000,0.000000,4.195146,5.004854
50.784,FOLLOW_LANE,camera lane following,152.000,-0.050000,0.750000,0,0,0,,,NONE,0.000000,0.000000,4.195114,5.004886
50.816,FOLLOW_LANE,camera lane following,152.500,-0.046875,0.750000,0,0,0,,,NONE,0.000000,0.000000,4.227896,4.972103
50.848,FOLLOW_LANE,camera lane following,152.500,-0.046875,0.750000,0,0,0,,,NONE,0.000000,0.000000,4.220054,4.979946
50.880,FOLLOW_LANE,camera lane following,152.500,-0.046875,0.750000,0,0,0,,,NONE,0.000000,0.000000,4.220024,4.979976
50.912,FOLLOW_LANE,camera lane following,153.000,-0.043750,0.750000,0,0,0,,,NONE,0.000000,0.000000,4.252808,4.947191
50.944,FOLLOW_LANE,camera lane following,153.500,-0.040625,0.750000,0,0,0,,,NONE,0.000000,0.000000,4.277782,4.922217
50.976,FOLLOW_LANE,camera lane following,154.000,-0.037500,0.750000,0,0,0,,,NONE,0.000000,0.000000,4.302758,4.897241
51.008,FOLLOW_LANE,camera lane following,154.000,-0.037500,0.750000,0,0,0,,,NONE,0.000000,0.000000,4.294922,4.905078
51.040,FOLLOW_LANE,camera lane following,154.500,-0.034375,0.750000,0,0,0,,,NONE,0.000000,0.000000,4.327712,4.872287
51.072,FOLLOW_LANE,camera lane following,159.500,-0.003125,0.750000,0,0,0,,,NONE,0.000000,0.000000,4.680837,4.519162
51.104,FOLLOW_LANE,camera lane following,156.000,-0.025000,0.750000,0,0,0,,,NONE,0.000000,0.000000,4.332384,4.867616
51.136,FOLLOW_LANE,camera lane following,156.500,-0.021875,0.750000,0,0,0,,,NONE,0.000000,0.000000,4.427682,4.772317
51.168,FOLLOW_LANE,camera lane following,157.000,-0.018750,0.750000,0,0,0,,,NONE,0.000000,0.000000,4.452670,4.747329
51.200,FOLLOW_LANE,camera lane following,156.500,-0.021875,0.750000,0,0,0,,,NONE,0.000000,0.000000,4.412031,4.787968
51.232,FOLLOW_LANE,camera lane following,154.500,-0.034375,0.750000,0,0,0,,,NONE,0.000000,0.000000,4.288572,4.911428
51.264,FOLLOW_LANE,camera lane following,154.000,-0.037500,0.750000,0,0,0,,,NONE,0.000000,0.000000,4.286986,4.913014
51.296,FOLLOW_LANE,camera lane following,153.500,-0.040625,0.750000,0,0,0,,,NONE,0.000000,0.000000,4.261959,4.938040
51.328,FOLLOW_LANE,camera lane following,153.000,-0.043750,0.750000,0,0,0,,,NONE,0.000000,0.000000,4.236931,4.963068
51.360,FOLLOW_LANE,camera lane following,152.500,-0.046875,0.750000,0,0,0,,,NONE,0.000000,0.000000,4.211901,4.988098
51.392,FOLLOW_LANE,camera lane following,151.500,-0.053125,0.750000,0,0,0,,,NONE,0.000000,0.000000,4.154055,5.045945
51.424,FOLLOW_LANE,camera lane following,151.000,-0.056250,0.750000,0,0,0,,,NONE,0.000000,0.000000,4.136831,5.063168
51.456,FOLLOW_LANE,camera lane following,151.500,-0.053125,0.750000,0,0,0,,,NONE,0.000000,0.000000,4.177422,5.022577
51.488,FOLLOW_LANE,camera lane following,151.500,-0.053125,0.750000,0,0,0,,,NONE,0.000000,0.000000,4.169576,5.030424
51.520,FOLLOW_LANE,camera lane following,151.500,-0.053125,0.750000,0,0,0,,,NONE,0.000000,0.000000,4.169542,5.030458
51.552,FOLLOW_LANE,camera lane following,151.500,-0.053125,0.750000,0,0,0,,,NONE,0.000000,0.000000,4.169508,5.030492
51.584,FOLLOW_LANE,camera lane following,151.500,-0.053125,0.750000,0,0,0,,,NONE,0.000000,0.000000,4.169474,5.030526
51.616,FOLLOW_LANE,camera lane following,152.000,-0.050000,0.750000,0,0,0,,,NONE,0.000000,0.000000,4.202254,4.997745
51.648,FOLLOW_LANE,camera lane following,152.000,-0.050000,0.750000,0,0,0,,,NONE,0.000000,0.000000,4.194410,5.005590
51.680,FOLLOW_LANE,camera lane following,152.500,-0.046875,0.750000,0,0,0,,,NONE,0.000000,0.000000,4.227192,4.972808
51.712,FOLLOW_LANE,camera lane following,152.000,-0.050000,0.750000,0,0,0,,,NONE,0.000000,0.000000,4.186535,5.013464
51.744,FOLLOW_LANE,camera lane following,152.500,-0.046875,0.750000,0,0,0,,,NONE,0.000000,0.000000,4.227130,4.972869
51.776,FOLLOW_LANE,camera lane following,154.000,-0.037500,0.750000,0,0,0,,,NONE,0.000000,0.000000,4.317731,4.882268
51.808,FOLLOW_LANE,camera lane following,153.500,-0.040625,0.750000,0,0,0,,,NONE,0.000000,0.000000,4.261455,4.938544
51.840,FOLLOW_LANE,camera lane following,156.500,-0.021875,0.750000,0,0,0,,,NONE,0.000000,0.000000,4.466129,4.733871
51.872,FOLLOW_LANE,camera lane following,155.500,-0.028125,0.750000,0,0,0,,,NONE,0.000000,0.000000,4.353611,4.846389
51.904,FOLLOW_LANE,camera lane following,156.000,-0.025000,0.750000,0,0,0,,,NONE,0.000000,0.000000,4.402032,4.797967
51.936,FOLLOW_LANE,camera lane following,156.500,-0.021875,0.750000,0,0,0,,,NONE,0.000000,0.000000,4.427018,4.772981
51.968,FOLLOW_LANE,camera lane following,156.000,-0.025000,0.750000,0,0,0,,,NONE,0.000000,0.000000,4.386378,4.813622
52.000,FOLLOW_LANE,camera lane following,154.500,-0.034375,0.750000,0,0,0,,,NONE,0.000000,0.000000,4.295730,4.904269
52.032,FOLLOW_LANE,camera lane following,154.000,-0.037500,0.750000,0,0,0,,,NONE,0.000000,0.000000,4.286331,4.913668
52.064,FOLLOW_LANE,camera lane following,153.000,-0.043750,0.750000,0,0,0,,,NONE,0.000000,0.000000,4.228491,4.971509
52.096,FOLLOW_LANE,camera lane following,152.500,-0.046875,0.750000,0,0,0,,,NONE,0.000000,0.000000,4.211273,4.988726
52.128,FOLLOW_LANE,camera lane following,152.500,-0.046875,0.750000,0,0,0,,,NONE,0.000000,0.000000,4.219056,4.980944
52.160,FOLLOW_LANE,camera lane following,152.000,-0.050000,0.750000,0,0,0,,,NONE,0.000000,0.000000,4.186211,5.013788
52.192,FOLLOW_LANE,camera lane following,152.000,-0.050000,0.750000,0,0,0,,,NONE,0.000000,0.000000,4.193992,5.006008
52.224,FOLLOW_LANE,camera lane following,151.500,-0.053125,0.750000,0,0,0,,,NONE,0.000000,0.000000,4.161145,5.038854
52.256,FOLLOW_LANE,camera lane following,151.500,-0.053125,0.750000,0,0,0,,,NONE,0.000000,0.000000,4.168924,5.031076
52.288,FOLLOW_LANE,camera lane following,151.500,-0.053125,0.750000,0,0,0,,,NONE,0.000000,0.000000,4.168890,5.031110
52.320,FOLLOW_LANE,camera lane following,152.000,-0.050000,0.750000,0,0,0,,,NONE,0.000000,0.000000,4.201670,4.998329
52.352,FOLLOW_LANE,camera lane following,152.000,-0.050000,0.750000,0,0,0,,,NONE,0.000000,0.000000,4.193826,5.006174
52.384,FOLLOW_LANE,camera lane following,152.000,-0.050000,0.750000,0,0,0,,,NONE,0.000000,0.000000,4.193794,5.006206
52.416,FOLLOW_LANE,camera lane following,152.500,-0.046875,0.750000,0,0,0,,,NONE,0.000000,0.000000,4.226576,4.973423
52.448,FOLLOW_LANE,camera lane following,152.500,-0.046875,0.750000,0,0,0,,,NONE,0.000000,0.000000,4.218734,4.981266
52.480,FOLLOW_LANE,camera lane following,153.000,-0.043750,0.750000,0,0,0,,,NONE,0.000000,0.000000,4.251518,4.948481
52.512,FOLLOW_LANE,camera lane following,153.500,-0.040625,0.750000,0,0,0,,,NONE,0.000000,0.000000,4.276492,4.923507
52.544,FOLLOW_LANE,camera lane following,154.000,-0.037500,0.750000,0,0,0,,,NONE,0.000000,0.000000,4.301468,4.898531
52.576,FOLLOW_LANE,camera lane following,153.500,-0.040625,0.750000,0,0,0,,,NONE,0.000000,0.000000,4.260817,4.939182
52.608,FOLLOW_LANE,camera lane following,156.500,-0.021875,0.750000,0,0,0,,,NONE,0.000000,0.000000,4.465491,4.734509
52.640,FOLLOW_LANE,camera lane following,155.500,-0.028125,0.750000,0,0,0,,,NONE,0.000000,0.000000,4.352973,4.847027
52.672,FOLLOW_LANE,camera lane following,155.500,-0.028125,0.750000,0,0,0,,,NONE,0.000000,0.000000,4.368580,4.831420
52.704,FOLLOW_LANE,camera lane following,155.500,-0.028125,0.750000,0,0,0,,,NONE,0.000000,0.000000,4.368562,4.831438
52.736,FOLLOW_LANE,camera lane following,155.000,-0.031250,0.750000,0,0,0,,,NONE,0.000000,0.000000,4.335729,4.864270
52.768,FOLLOW_LANE,camera lane following,154.500,-0.034375,0.750000,0,0,0,,,NONE,0.000000,0.000000,4.310707,4.889292
52.800,FOLLOW_LANE,camera lane following,154.000,-0.037500,0.750000,0,0,0,,,NONE,0.000000,0.000000,4.285683,4.914316
52.832,FOLLOW_LANE,camera lane following,154.000,-0.037500,0.750000,0,0,0,,,NONE,0.000000,0.000000,4.293472,4.906528
52.864,FOLLOW_LANE,camera lane following,153.500,-0.040625,0.750000,0,0,0,,,NONE,0.000000,0.000000,4.260633,4.939366
52.896,FOLLOW_LANE,camera lane following,154.000,-0.037500,0.750000,0,0,0,,,NONE,0.000000,0.000000,4.301234,4.898765
52.928,FOLLOW_LANE,camera lane following,154.000,-0.037500,0.750000,0,0,0,,,NONE,0.000000,0.000000,4.293398,4.906602
52.960,FOLLOW_LANE,camera lane following,153.500,-0.040625,0.750000,0,0,0,,,NONE,0.000000,0.000000,4.260559,4.939440
52.992,FOLLOW_LANE,camera lane following,153.500,-0.040625,0.750000,0,0,0,,,NONE,0.000000,0.000000,4.268346,4.931654
53.024,FOLLOW_LANE,camera lane following,153.500,-0.040625,0.750000,0,0,0,,,NONE,0.000000,0.000000,4.268320,4.931680
53.056,FOLLOW_LANE,camera lane following,153.500,-0.040625,0.750000,0,0,0,,,NONE,0.000000,0.000000,4.268294,4.931706
53.088,FOLLOW_LANE,camera lane following,153.500,-0.040625,0.750000,0,0,0,,,NONE,0.000000,0.000000,4.268268,4.931732
53.120,FOLLOW_LANE,camera lane following,153.500,-0.040625,0.750000,0,0,0,,,NONE,0.000000,0.000000,4.268242,4.931758
53.152,FOLLOW_LANE,camera lane following,154.000,-0.037500,0.750000,0,0,0,,,NONE,0.000000,0.000000,4.301030,4.898969
53.184,FOLLOW_LANE,camera lane following,154.000,-0.037500,0.750000,0,0,0,,,NONE,0.000000,0.000000,4.293194,4.906806
53.216,FOLLOW_LANE,camera lane following,154.000,-0.037500,0.750000,0,0,0,,,NONE,0.000000,0.000000,4.293170,4.906830
53.248,FOLLOW_LANE,camera lane following,154.000,-0.037500,0.750000,0,0,0,,,NONE,0.000000,0.000000,4.293146,4.906854
53.280,FOLLOW_LANE,camera lane following,154.500,-0.034375,0.750000,0,0,0,,,NONE,0.000000,0.000000,4.325936,4.874064
53.312,FOLLOW_LANE,camera lane following,155.500,-0.028125,0.750000,0,0,0,,,NONE,0.000000,0.000000,4.383731,4.816269
53.344,FOLLOW_LANE,camera lane following,154.500,-0.034375,0.750000,0,0,0,,,NONE,0.000000,0.000000,4.302459,4.897541
53.376,FOLLOW_LANE,camera lane following,157.000,-0.018750,0.750000,0,0,0,,,NONE,0.000000,0.000000,4.482134,4.717865
53.408,FOLLOW_LANE,camera lane following,156.500,-0.021875,0.750000,0,0,0,,,NONE,0.000000,0.000000,4.410245,4.789754
53.440,FOLLOW_LANE,camera lane following,157.000,-0.018750,0.750000,0,0,0,,,NONE,0.000000,0.000000,4.450858,4.749141
53.472,FOLLOW_LANE,camera lane following,157.000,-0.018750,0.750000,0,0,0,,,NONE,0.000000,0.000000,4.443034,4.756966
53.504,FOLLOW_LANE,camera lane following,156.500,-0.021875,0.750000,0,0,0,,,NONE,0.000000,0.000000,4.410207,4.789792
53.536,FOLLOW_LANE,camera lane following,155.500,-0.028125,0.750000,0,0,0,,,NONE,0.000000,0.000000,4.352377,4.847623
53.568,FOLLOW_LANE,camera lane following,155.000,-0.031250,0.750000,0,0,0,,,NONE,0.000000,0.000000,4.335169,4.864831
53.600,FOLLOW_LANE,camera lane following,155.000,-0.031250,0.750000,0,0,0,,,NONE,0.000000,0.000000,4.342962,4.857038
53.632,FOLLOW_LANE,camera lane following,154.500,-0.034375,0.750000,0,0,0,,,NONE,0.000000,0.000000,4.310127,4.889873
53.664,FOLLOW_LANE,camera lane following,153.500,-0.040625,0.750000,0,0,0,,,NONE,0.000000,0.000000,4.252289,4.947711
53.696,FOLLOW_LANE,camera lane following,153.250,-0.042188,0.750000,0,0,0,,,NONE,0.000000,0.000000,4.251481,4.948519
53.728,FOLLOW_LANE,camera lane following,153.500,-0.040625,0.750000,0,0,0,,,NONE,0.000000,0.000000,4.271767,4.928233
53.760,FOLLOW_LANE,camera lane following,153.000,-0.043750,0.750000,0,0,0,,,NONE,0.000000,0.000000,4.235021,4.964979
53.792,FOLLOW_LANE,camera lane following,153.000,-0.043750,0.750000,0,0,0,,,NONE,0.000000,0.000000,4.242805,4.957195
53.824,FOLLOW_LANE,camera lane following,153.000,-0.043750,0.750000,0,0,0,,,NONE,0.000000,0.000000,4.242777,4.957223
53.856,FOLLOW_LANE,camera lane following,152.500,-0.046875,0.750000,0,0,0,,,NONE,0.000000,0.000000,4.209934,4.990066
53.888,FOLLOW_LANE,camera lane following,152.500,-0.046875,0.750000,0,0,0,,,NONE,0.000000,0.000000,4.217717,4.982283
53.920,FOLLOW_LANE,camera lane following,152.500,-0.046875,0.750000,0,0,0,,,NONE,0.000000,0.000000,4.217687,4.982313
53.952,FOLLOW_LANE,camera lane following,153.000,-0.043750,0.750000,0,0,0,,,NONE,0.000000,0.000000,4.250471,4.949528
53.984,FOLLOW_LANE,camera lane following,153.000,-0.043750,0.750000,0,0,0,,,NONE,0.000000,0.000000,4.242631,4.957369
54.016,FOLLOW_LANE,camera lane following,153.000,-0.043750,0.750000,0,0,0,,,NONE,0.000000,0.000000,4.242603,4.957397
54.048,FOLLOW_LANE,camera lane following,153.000,-0.043750,0.750000,0,0,0,,,NONE,0.000000,0.000000,4.242575,4.957425
54.080,FOLLOW_LANE,camera lane following,153.500,-0.040625,0.750000,0,0,0,,,NONE,0.000000,0.000000,4.275361,4.924638
54.112,FOLLOW_LANE,camera lane following,153.500,-0.040625,0.750000,0,0,0,,,NONE,0.000000,0.000000,4.267523,4.932477
54.144,FOLLOW_LANE,camera lane following,155.000,-0.031250,0.750000,0,0,0,,,NONE,0.000000,0.000000,4.365940,4.834059
54.176,FOLLOW_LANE,camera lane following,159.500,-0.003125,0.750000,0,0,0,,,NONE,0.000000,0.000000,4.670628,4.529372
54.208,FOLLOW_LANE,camera lane following,156.000,-0.025000,0.750000,0,0,0,,,NONE,0.000000,0.000000,4.329987,4.870013
54.240,FOLLOW_LANE,camera lane following,156.000,-0.025000,0.750000,0,0,0,,,NONE,0.000000,0.000000,4.392471,4.807529
54.272,FOLLOW_LANE,camera lane following,157.000,-0.018750,0.750000,0,0,0,,,NONE,0.000000,0.000000,4.458084,4.741916
54.304,FOLLOW_LANE,camera lane following,155.500,-0.028125,0.750000,0,0,0,,,NONE,0.000000,0.000000,4.344003,4.855996
54.336,FOLLOW_LANE,camera lane following,153.500,-0.040625,0.750000,0,0,0,,,NONE,0.000000,0.000000,4.236165,4.963835
54.368,FOLLOW_LANE,camera lane following,153.000,-0.043750,0.750000,0,0,0,,,NONE,0.000000,0.000000,4.234574,4.965425
54.400,FOLLOW_LANE,camera lane following,152.500,-0.046875,0.750000,0,0,0,,,NONE,0.000000,0.000000,4.209544,4.990455
54.432,FOLLOW_LANE,camera lane following,152.000,-0.050000,0.750000,0,0,0,,,NONE,0.000000,0.000000,4.184512,5.015487
54.464,FOLLOW_LANE,camera lane following,151.500,-0.053125,0.750000,0,0,0,,,NONE,0.000000,0.000000,4.159478,5.040521
54.496,FOLLOW_LANE,camera lane following,151.000,-0.056250,0.750000,0,0,0,,,NONE,0.000000,0.000000,4.134442,5.065557
54.528,FOLLOW_LANE,camera lane following,151.500,-0.053125,0.750000,0,0,0,,,NONE,0.000000,0.000000,4.175033,5.024966
54.560,FOLLOW_LANE,camera lane following,151.000,-0.056250,0.750000,0,0,0,,,NONE,0.000000,0.000000,4.134372,5.065627
54.592,FOLLOW_LANE,camera lane following,151.000,-0.056250,0.750000,0,0,0,,,NONE,0.000000,0.000000,4.142149,5.057851
54.624,FOLLOW_LANE,camera lane following,151.000,-0.056250,0.750000,0,0,0,,,NONE,0.000000,0.000000,4.142113,5.057887
54.656,FOLLOW_LANE,camera lane following,151.000,-0.056250,0.750000,0,0,0,,,NONE,0.000000,0.000000,4.142077,5.057923
54.688,FOLLOW_LANE,camera lane following,151.000,-0.056250,0.750000,0,0,0,,,NONE,0.000000,0.000000,4.142041,5.057959
54.720,FOLLOW_LANE,camera lane following,151.500,-0.053125,0.750000,0,0,0,,,NONE,0.000000,0.000000,4.174819,5.025180
54.752,FOLLOW_LANE,camera lane following,151.500,-0.053125,0.750000,0,0,0,,,NONE,0.000000,0.000000,4.166973,5.033027
54.784,FOLLOW_LANE,camera lane following,152.000,-0.050000,0.750000,0,0,0,,,NONE,0.000000,0.000000,4.199753,5.000246
54.816,FOLLOW_LANE,camera lane following,152.500,-0.046875,0.750000,0,0,0,,,NONE,0.000000,0.000000,4.224723,4.975276
54.848,FOLLOW_LANE,camera lane following,153.000,-0.043750,0.750000,0,0,0,,,NONE,0.000000,0.000000,4.249695,4.950304
54.880,FOLLOW_LANE,camera lane following,153.500,-0.040625,0.750000,0,0,0,,,NONE,0.000000,0.000000,4.274669,4.925330
54.912,FOLLOW_LANE,camera lane following,154.500,-0.034375,0.750000,0,0,0,,,NONE,0.000000,0.000000,4.332460,4.867540
54.944,FOLLOW_LANE,camera lane following,159.000,-0.006250,0.750000,0,0,0,,,NONE,0.000000,0.000000,4.612143,4.587857
54.976,FOLLOW_LANE,camera lane following,156.000,-0.025000,0.750000,0,0,0,,,NONE,0.000000,0.000000,4.344940,4.855060
55.008,FOLLOW_LANE,camera lane following,156.500,-0.021875,0.750000,0,0,0,,,NONE,0.000000,0.000000,4.424613,4.775386
55.040,FOLLOW_LANE,camera lane following,157.000,-0.018750,0.750000,0,0,0,,,NONE,0.000000,0.000000,4.449601,4.750398
55.072,FOLLOW_LANE,camera lane following,156.000,-0.025000,0.750000,0,0,0,,,NONE,0.000000,0.000000,4.376148,4.823852
55.104,FOLLOW_LANE,camera lane following,153.500,-0.040625,0.750000,0,0,0,,,NONE,0.000000,0.000000,4.227684,4.972315
55.136,FOLLOW_LANE,camera lane following,153.500,-0.040625,0.750000,0,0,0,,,NONE,0.000000,0.000000,4.266721,4.933279
55.168,FOLLOW_LANE,camera lane following,153.000,-0.043750,0.750000,0,0,0,,,NONE,0.000000,0.000000,4.233880,4.966119
55.200,FOLLOW_LANE,camera lane following,152.500,-0.046875,0.750000,0,0,0,,,NONE,0.000000,0.000000,4.208850,4.991149
55.232,FOLLOW_LANE,camera lane following,152.000,-0.050000,0.750000,0,0,0,,,NONE,0.000000,0.000000,4.183818,5.016182
55.264,FOLLOW_LANE,camera lane following,151.500,-0.053125,0.750000,0,0,0,,,NONE,0.000000,0.000000,4.158784,5.041215
55.296,FOLLOW_LANE,camera lane following,151.000,-0.056250,0.750000,0,0,0,,,NONE,0.000000,0.000000,4.133748,5.066251
55.328,FOLLOW_LANE,camera lane following,151.000,-0.056250,0.750000,0,0,0,,,NONE,0.000000,0.000000,4.141525,5.058475
55.360,FOLLOW_LANE,camera lane following,151.000,-0.056250,0.750000,0,0,0,,,NONE,0.000000,0.000000,4.141489,5.058511
55.392,FOLLOW_LANE,camera lane following,151.500,-0.053125,0.750000,0,0,0,,,NONE,0.000000,0.000000,4.174268,5.025732
55.424,FOLLOW_LANE,camera lane following,151.000,-0.056250,0.750000,0,0,0,,,NONE,0.000000,0.000000,4.133606,5.066393
55.456,FOLLOW_LANE,camera lane following,152.000,-0.050000,0.750000,0,0,0,,,NONE,0.000000,0.000000,4.207012,4.992988
55.488,FOLLOW_LANE,camera lane following,152.000,-0.050000,0.750000,0,0,0,,,NONE,0.000000,0.000000,4.191355,5.008645
55.520,FOLLOW_LANE,camera lane following,152.500,-0.046875,0.750000,0,0,0,,,NONE,0.000000,0.000000,4.224137,4.975862
55.552,FOLLOW_LANE,camera lane following,152.500,-0.046875,0.750000,0,0,0,,,NONE,0.000000,0.000000,4.216295,4.983705
55.584,FOLLOW_LANE,camera lane following,153.000,-0.043750,0.750000,0,0,0,,,NONE,0.000000,0.000000,4.249079,4.950920
55.616,FOLLOW_LANE,camera lane following,153.500,-0.040625,0.750000,0,0,0,,,NONE,0.000000,0.000000,4.274053,4.925946
55.648,FOLLOW_LANE,camera lane following,153.500,-0.040625,0.750000,0,0,0,,,NONE,0.000000,0.000000,4.266215,4.933785
55.680,FOLLOW_LANE,camera lane following,154.000,-0.037500,0.750000,0,0,0,,,NONE,0.000000,0.000000,4.299003,4.900996
55.712,FOLLOW_LANE,camera lane following,159.000,-0.006250,0.750000,0,0,0,,,NONE,0.000000,0.000000,4.619312,4.580688
55.744,FOLLOW_LANE,camera lane following,156.000,-0.025000,0.750000,0,0,0,,,NONE,0.000000,0.000000,4.344296,4.855704
55.776,FOLLOW_LANE,camera lane following,156.500,-0.021875,0.750000,0,0,0,,,NONE,0.000000,0.000000,4.423970,4.776030
55.808,FOLLOW_LANE,camera lane following,156.500,-0.021875,0.750000,0,0,0,,,NONE,0.000000,0.000000,4.416143,4.783857
55.840,FOLLOW_LANE,camera lane following,155.500,-0.028125,0.750000,0,0,0,,,NONE,0.000000,0.000000,4.350500,4.849500
55.872,FOLLOW_LANE,camera lane following,154.500,-0.034375,0.750000,0,0,0,,,NONE,0.000000,0.000000,4.300478,4.899522
55.904,FOLLOW_LANE,camera lane following,154.000,-0.037500,0.750000,0,0,0,,,NONE,0.000000,0.000000,4.283266,4.916733
55.936,FOLLOW_LANE,camera lane following,153.500,-0.040625,0.750000,0,0,0,,,NONE,0.000000,0.000000,4.258240,4.941759
55.968,FOLLOW_LANE,camera lane following,153.000,-0.043750,0.750000,0,0,0,,,NONE,0.000000,0.000000,4.233212,4.966787
56.000,FOLLOW_LANE,camera lane following,153.000,-0.043750,0.750000,0,0,0,,,NONE,0.000000,0.000000,4.240997,4.959003
56.032,FOLLOW_LANE,camera lane following,153.000,-0.043750,0.750000,0,0,0,,,NONE,0.000000,0.000000,4.240969,4.959031
56.064,FOLLOW_LANE,camera lane following,152.500,-0.046875,0.750000,0,0,0,,,NONE,0.000000,0.000000,4.208126,4.991873
56.096,FOLLOW_LANE,camera lane following,152.500,-0.046875,0.750000,0,0,0,,,NONE,0.000000,0.000000,4.215909,4.984091
56.128,FOLLOW_LANE,camera lane following,152.500,-0.046875,0.750000,0,0,0,,,NONE,0.000000,0.000000,4.215879,4.984121
56.160,FOLLOW_LANE,camera lane following,152.500,-0.046875,0.750000,0,0,0,,,NONE,0.000000,0.000000,4.215849,4.984151
56.192,FOLLOW_LANE,camera lane following,153.000,-0.043750,0.750000,0,0,0,,,NONE,0.000000,0.000000,4.248633,4.951366
56.224,FOLLOW_LANE,camera lane following,153.000,-0.043750,0.750000,0,0,0,,,NONE,0.000000,0.000000,4.240793,4.959207
56.256,FOLLOW_LANE,camera lane following,153.000,-0.043750,0.750000,0,0,0,,,NONE,0.000000,0.000000,4.240765,4.959235
56.288,FOLLOW_LANE,camera lane following,153.500,-0.040625,0.750000,0,0,0,,,NONE,0.000000,0.000000,4.273551,4.926448
56.320,FOLLOW_LANE,camera lane following,153.500,-0.040625,0.750000,0,0,0,,,NONE,0.000000,0.000000,4.265713,4.934287
56.352,FOLLOW_LANE,camera lane following,154.000,-0.037500,0.750000,0,0,0,,,NONE,0.000000,0.000000,4.298501,4.901498
56.384,FOLLOW_LANE,camera lane following,154.500,-0.034375,0.750000,0,0,0,,,NONE,0.000000,0.000000,4.323479,4.876520
56.416,FOLLOW_LANE,camera lane following,155.000,-0.031250,0.750000,0,0,0,,,NONE,0.000000,0.000000,4.348459,4.851540
56.448,FOLLOW_LANE,camera lane following,155.000,-0.031250,0.750000,0,0,0,,,NONE,0.000000,0.000000,4.340627,4.859373
56.480,FOLLOW_LANE,camera lane following,159.500,-0.003125,0.750000,0,0,0,,,NONE,0.000000,0.000000,4.668752,4.531248
56.512,FOLLOW_LANE,camera lane following,156.000,-0.025000,0.750000,0,0,0,,,NONE,0.000000,0.000000,4.328111,4.871889
56.544,FOLLOW_LANE,camera lane following,156.500,-0.021875,0.750000,0,0,0,,,NONE,0.000000,0.000000,4.423409,4.776590
56.576,FOLLOW_LANE,camera lane following,157.000,-0.018750,0.750000,0,0,0,,,NONE,0.000000,0.000000,4.448397,4.751602
56.608,FOLLOW_LANE,camera lane following,156.000,-0.025000,0.750000,0,0,0,,,NONE,0.000000,0.000000,4.374944,4.825056
56.640,FOLLOW_LANE,camera lane following,154.500,-0.034375,0.750000,0,0,0,,,NONE,0.000000,0.000000,4.292109,4.907890
56.672,FOLLOW_LANE,camera lane following,154.500,-0.034375,0.750000,0,0,0,,,NONE,0.000000,0.000000,4.315525,4.884475
56.704,FOLLOW_LANE,camera lane following,154.000,-0.037500,0.750000,0,0,0,,,NONE,0.000000,0.000000,4.282688,4.917311
56.736,FOLLOW_LANE,camera lane following,153.500,-0.040625,0.750000,0,0,0,,,NONE,0.000000,0.000000,4.257662,4.942337
56.768,FOLLOW_LANE,camera lane following,154.000,-0.037500,0.750000,0,0,0,,,NONE,0.000000,0.000000,4.298264,4.901736
56.800,FOLLOW_LANE,camera lane following,153.500,-0.040625,0.750000,0,0,0,,,NONE,0.000000,0.000000,4.257612,4.942387
56.832,FOLLOW_LANE,camera lane following,153.500,-0.040625,0.750000,0,0,0,,,NONE,0.000000,0.000000,4.265399,4.934601
56.864,FOLLOW_LANE,camera lane following,153.000,-0.043750,0.750000,0,0,0,,,NONE,0.000000,0.000000,4.232558,4.967441
56.896,FOLLOW_LANE,camera lane following,153.000,-0.043750,0.750000,0,0,0,,,NONE,0.000000,0.000000,4.240343,4.959657
56.928,FOLLOW_LANE,camera lane following,153.000,-0.043750,0.750000,0,0,0,,,NONE,0.000000,0.000000,4.240315,4.959685
56.960,FOLLOW_LANE,camera lane following,153.000,-0.043750,0.750000,0,0,0,,,NONE,0.000000,0.000000,4.240287,4.959713
56.992,FOLLOW_LANE,camera lane following,153.000,-0.043750,0.750000,0,0,0,,,NONE,0.000000,0.000000,4.240259,4.959741
57.024,FOLLOW_LANE,camera lane following,153.000,-0.043750,0.750000,0,0,0,,,NONE,0.000000,0.000000,4.240231,4.959769
57.056,FOLLOW_LANE,camera lane following,153.000,-0.043750,0.750000,0,0,0,,,NONE,0.000000,0.000000,4.240203,4.959797
57.088,FOLLOW_LANE,camera lane following,153.500,-0.040625,0.750000,0,0,0,,,NONE,0.000000,0.000000,4.272989,4.927010
57.120,FOLLOW_LANE,camera lane following,153.500,-0.040625,0.750000,0,0,0,,,NONE,0.000000,0.000000,4.265151,4.934849
57.152,FOLLOW_LANE,camera lane following,154.000,-0.037500,0.750000,0,0,0,,,NONE,0.000000,0.000000,4.297940,4.902060
57.184,FOLLOW_LANE,camera lane following,155.000,-0.031250,0.750000,0,0,0,,,NONE,0.000000,0.000000,4.355732,4.844268
57.216,FOLLOW_LANE,camera lane following,154.750,-0.032813,0.750000,0,0,0,,,NONE,0.000000,0.000000,4.323680,4.876320
57.248,FOLLOW_LANE,camera lane following,157.000,-0.018750,0.750000,0,0,0,,,NONE,0.000000,0.000000,4.475230,4.724770
57.280,FOLLOW_LANE,camera lane following,156.500,-0.021875,0.750000,0,0,0,,,NONE,0.000000,0.000000,4.407247,4.792752
57.312,FOLLOW_LANE,camera lane following,156.500,-0.021875,0.750000,0,0,0,,,NONE,0.000000,0.000000,4.415046,4.784954
57.344,FOLLOW_LANE,camera lane following,157.500,-0.015625,0.750000,0,0,0,,,NONE,0.000000,0.000000,4.480661,4.719339
57.376,FOLLOW_LANE,camera lane following,157.500,-0.015625,0.750000,0,0,0,,,NONE,0.000000,0.000000,4.465026,4.734974
57.408,FOLLOW_LANE,camera lane following,155.500,-0.028125,0.750000,0,0,0,,,NONE,0.000000,0.000000,4.333758,4.866242
57.440,FOLLOW_LANE,camera lane following,154.500,-0.034375,0.750000,0,0,0,,,NONE,0.000000,0.000000,4.299361,4.900639
57.472,FOLLOW_LANE,camera lane following,154.000,-0.037500,0.750000,0,0,0,,,NONE,0.000000,0.000000,4.282150,4.917850
57.504,FOLLOW_LANE,camera lane following,153.500,-0.040625,0.750000,0,0,0,,,NONE,0.000000,0.000000,4.257123,4.942876
57.536,FOLLOW_LANE,camera lane following,153.000,-0.043750,0.750000,0,0,0,,,NONE,0.000000,0.000000,4.232095,4.967904
57.568,FOLLOW_LANE,camera lane following,152.500,-0.046875,0.750000,0,0,0,,,NONE,0.000000,0.000000,4.207065,4.992934
57.600,FOLLOW_LANE,camera lane following,152.000,-0.050000,0.750000,0,0,0,,,NONE,0.000000,0.000000,4.182033,5.017966
57.632,FOLLOW_LANE,camera lane following,151.500,-0.053125,0.750000,0,0,0,,,NONE,0.000000,0.000000,4.156999,5.043000
57.664,FOLLOW_LANE,camera lane following,151.500,-0.053125,0.750000,0,0,0,,,NONE,0.000000,0.000000,4.164778,5.035222
57.696,FOLLOW_LANE,camera lane following,151.000,-0.056250,0.750000,0,0,0,,,NONE,0.000000,0.000000,4.131930,5.068070
57.728,FOLLOW_LANE,camera lane following,151.000,-0.056250,0.750000,0,0,0,,,NONE,0.000000,0.000000,4.139706,5.060294
57.760,FOLLOW_LANE,camera lane following,151.500,-0.053125,0.750000,0,0,0,,,NONE,0.000000,0.000000,4.172484,5.027515
57.792,FOLLOW_LANE,camera lane following,151.500,-0.053125,0.750000,0,0,0,,,NONE,0.000000,0.000000,4.164638,5.035362
57.824,FOLLOW_LANE,camera lane following,152.000,-0.050000,0.750000,0,0,0,,,NONE,0.000000,0.000000,4.197418,5.002581
57.856,FOLLOW_LANE,camera lane following,152.500,-0.046875,0.750000,0,0,0,,,NONE,0.000000,0.000000,4.222388,4.977612
57.888,FOLLOW_LANE,camera lane following,152.500,-0.046875,0.750000,0,0,0,,,NONE,0.000000,0.000000,4.214546,4.985454
57.920,FOLLOW_LANE,camera lane following,153.500,-0.040625,0.750000,0,0,0,,,NONE,0.000000,0.000000,4.280145,4.919855
57.952,FOLLOW_LANE,camera lane following,154.000,-0.037500,0.750000,0,0,0,,,NONE,0.000000,0.000000,4.297308,4.902691
57.984,FOLLOW_LANE,camera lane following,154.500,-0.034375,0.750000,0,0,0,,,NONE,0.000000,0.000000,4.322286,4.877713
58.016,FOLLOW_LANE,camera lane following,155.000,-0.031250,0.750000,0,0,0,,,NONE,0.000000,0.000000,4.347266,4.852733
58.048,FOLLOW_LANE,camera lane following,156.000,-0.025000,0.750000,0,0,0,,,NONE,0.000000,0.000000,4.405063,4.794937
58.080,FOLLOW_LANE,camera lane following,154.500,-0.034375,0.750000,0,0,0,,,NONE,0.000000,0.000000,4.290978,4.909021
58.112,FOLLOW_LANE,camera lane following,156.000,-0.025000,0.750000,0,0,0,,,NONE,0.000000,0.000000,4.412837,4.787162
58.144,FOLLOW_LANE,camera lane following,158.500,-0.009375,0.750000,0,0,0,,,NONE,0.000000,0.000000,4.553456,4.646543
58.176,FOLLOW_LANE,camera lane following,155.500,-0.028125,0.750000,0,0,0,,,NONE,0.000000,0.000000,4.317501,4.882499
58.208,FOLLOW_LANE,camera lane following,151.000,-0.056250,0.750000,0,0,0,,,NONE,0.000000,0.000000,4.069027,5.130972
58.240,FOLLOW_LANE,camera lane following,151.500,-0.053125,0.750000,0,0,0,,,NONE,0.000000,0.000000,4.172118,5.027881
