time_s,state,reason,lane_center_x,lane_error_normalized,lane_confidence,obstacle_count,path_blocked,obstacle_present,primary_track_id,obstacle_color,obstacle_motion,obstacle_confidence,obstacle_threat_score,left_speed,right_speed
0.032,FOLLOW_LANE,camera lane following,159.500,-0.003125,0.750000,0,0,0,,,NONE,0.000000,0.000000,4.600000,4.600000
0.064,FOLLOW_LANE,camera lane following,163.000,0.018750,0.750000,0,0,0,,,NONE,0.000000,0.000000,4.796887,4.403113
0.096,FOLLOW_LANE,camera lane following,160.500,0.003125,0.750000,0,0,0,,,NONE,0.000000,0.000000,4.553137,4.646863
0.128,FOLLOW_LANE,camera lane following,160.000,0.000000,0.750000,0,0,0,,,NONE,0.000000,0.000000,4.600012,4.599988
0.160,FOLLOW_LANE,camera lane following,159.500,-0.003125,0.750000,0,0,0,,,NONE,0.000000,0.000000,4.600012,4.599988
0.192,FOLLOW_LANE,camera lane following,160.000,0.000000,0.750000,0,0,0,,,NONE,0.000000,0.000000,4.600012,4.599988
0.224,FOLLOW_LANE,camera lane following,160.000,0.000000,0.750000,0,0,0,,,NONE,0.000000,0.000000,4.600012,4.599988
0.256,FOLLOW_LANE,camera lane following,160.000,0.000000,0.750000,0,0,0,,,NONE,0.000000,0.000000,4.600012,4.599988
0.288,FOLLOW_LANE,camera lane following,160.000,0.000000,0.750000,0,0,0,,,NONE,0.000000,0.000000,4.600012,4.599988
0.320,FOLLOW_LANE,camera lane following,159.500,-0.003125,0.750000,0,0,0,,,NONE,0.000000,0.000000,4.600012,4.599988
0.352,FOLLOW_LANE,camera lane following,159.500,-0.003125,0.750000,0,0,0,,,NONE,0.000000,0.000000,4.600012,4.599988
0.384,FOLLOW_LANE,camera lane following,159.000,-0.006250,0.750000,0,0,0,,,NONE,0.000000,0.000000,4.534383,4.665617
0.416,FOLLOW_LANE,camera lane following,159.250,-0.004687,0.750000,0,0,0,,,NONE,0.000000,0.000000,4.615633,4.584367
0.448,FOLLOW_LANE,camera lane following,160.000,0.000000,0.750000,0,0,0,,,NONE,0.000000,0.000000,4.600008,4.599992
0.480,FOLLOW_LANE,camera lane following,159.500,-0.003125,0.750000,0,0,0,,,NONE,0.000000,0.000000,4.600008,4.599992
0.512,FOLLOW_LANE,camera lane following,160.000,0.000000,0.750000,0,0,0,,,NONE,0.000000,0.000000,4.600008,4.599992
0.544,FOLLOW_LANE,camera lane following,160.000,0.000000,0.750000,0,0,0,,,NONE,0.000000,0.000000,4.600008,4.599992
0.576,FOLLOW_LANE,camera lane following,159.750,-0.001563,0.750000,0,0,0,,,NONE,0.000000,0.000000,4.600008,4.599992
0.608,FOLLOW_LANE,camera lane following,159.500,-0.003125,0.750000,0,0,0,,,NONE,0.000000,0.000000,4.600008,4.599992
0.640,FOLLOW_LANE,camera lane following,160.000,0.000000,0.750000,0,0,0,,,NONE,0.000000,0.000000,4.600008,4.599992
0.672,FOLLOW_LANE,camera lane following,160.000,0.000000,0.750000,0,0,0,,,NONE,0.000000,0.000000,4.600008,4.599992
0.704,FOLLOW_LANE,camera lane following,159.500,-0.003125,0.750000,0,0,0,,,NONE,0.000000,0.000000,4.600008,4.599992
0.736,FOLLOW_LANE,camera lane following,159.000,-0.006250,0.750000,0,0,0,,,NONE,0.000000,0.000000,4.534379,4.665621
0.768,FOLLOW_LANE,camera lane following,160.000,0.000000,0.750000,0,0,0,,,NONE,0.000000,0.000000,4.615629,4.584371
0.800,FOLLOW_LANE,camera lane following,159.500,-0.003125,0.750000,0,0,0,,,NONE,0.000000,0.000000,4.600004,4.599996
0.832,FOLLOW_LANE,camera lane following,160.000,0.000000,0.750000,0,0,0,,,NONE,0.000000,0.000000,4.600004,4.599996
0.864,FOLLOW_LANE,camera lane following,160.000,0.000000,0.750000,0,0,0,,,NONE,0.000000,0.000000,4.600004,4.599996
0.896,FOLLOW_LANE,camera lane following,160.000,0.000000,0.750000,0,0,0,,,NONE,0.000000,0.000000,4.600004,4.599996
0.928,FOLLOW_LANE,camera lane following,160.000,0.000000,0.750000,0,0,0,,,NONE,0.000000,0.000000,4.600004,4.599996
0.960,FOLLOW_LANE,camera lane following,159.500,-0.003125,0.750000,0,0,0,,,NONE,0.000000,0.000000,4.600004,4.599996
0.992,FOLLOW_LANE,camera lane following,159.500,-0.003125,0.750000,0,0,0,,,NONE,0.000000,0.000000,4.600004,4.599996
1.024,FOLLOW_LANE,camera lane following,160.000,0.000000,0.750000,0,0,0,,,NONE,0.000000,0.000000,4.600004,4.599996
1.056,FOLLOW_LANE,camera lane following,160.000,0.000000,0.750000,0,0,0,,,NONE,0.000000,0.000000,4.600004,4.599996
1.088,FOLLOW_LANE,camera lane following,159.500,-0.003125,0.750000,0,0,0,,,NONE,0.000000,0.000000,4.600004,4.599996
1.120,FOLLOW_LANE,camera lane following,160.000,0.000000,0.750000,0,0,0,,,NONE,0.000000,0.000000,4.600004,4.599996
1.152,FOLLOW_LANE,camera lane following,160.000,0.000000,0.750000,0,0,0,,,NONE,0.000000,0.000000,4.600004,4.599996
1.184,FOLLOW_LANE,camera lane following,160.000,0.000000,0.750000,0,0,0,,,NONE,0.000000,0.000000,4.600004,4.599996
1.216,FOLLOW_LANE,camera lane following,160.000,0.000000,0.750000,0,0,0,,,NONE,0.000000,0.000000,4.600004,4.599996
1.248,FOLLOW_LANE,camera lane following,160.000,0.000000,0.750000,0,0,0,,,NONE,0.000000,0.000000,4.600004,4.599996
1.280,FOLLOW_LANE,camera lane following,159.500,-0.003125,0.750000,0,0,0,,,NONE,0.000000,0.000000,4.600004,4.599996
1.312,FOLLOW_LANE,camera lane following,159.500,-0.003125,0.750000,0,0,0,,,NONE,0.000000,0.000000,4.600004,4.599996
1.344,FOLLOW_LANE,camera lane following,159.500,-0.003125,0.750000,0,0,0,,,NONE,0.000000,0.000000,4.600004,4.599996
1.376,FOLLOW_LANE,camera lane following,160.000,0.000000,0.750000,0,0,0,,,NONE,0.000000,0.000000,4.600004,4.599996
1.408,FOLLOW_LANE,camera lane following,160.000,0.000000,0.750000,0,0,0,,,NONE,0.000000,0.000000,4.600004,4.599996
1.440,FOLLOW_LANE,camera lane following,159.500,-0.003125,0.750000,0,0,0,,,NONE,0.000000,0.000000,4.600004,4.599996
1.472,FOLLOW_LANE,camera lane following,159.500,-0.003125,0.750000,0,0,0,,,NONE,0.000000,0.000000,4.600004,4.599996
1.504,FOLLOW_LANE,camera lane following,160.000,0.000000,0.750000,0,0,0,,,NONE,0.000000,0.000000,4.600004,4.599996
1.536,FOLLOW_LANE,camera lane following,159.500,-0.003125,0.750000,0,0,0,,,NONE,0.000000,0.000000,4.600004,4.599996
1.568,FOLLOW_LANE,camera lane following,160.000,0.000000,0.750000,0,0,0,,,NONE,0.000000,0.000000,4.600004,4.599996
1.600,FOLLOW_LANE,camera lane following,159.500,-0.003125,0.750000,0,0,0,,,NONE,0.000000,0.000000,4.600004,4.599996
1.632,FOLLOW_LANE,camera lane following,160.000,0.000000,0.750000,0,0,0,,,NONE,0.000000,0.000000,4.600004,4.599996
1.664,FOLLOW_LANE,camera lane following,159.500,-0.003125,0.750000,0,0,0,,,NONE,0.000000,0.000000,4.600004,4.599996
1.696,FOLLOW_LANE,camera lane following,159.500,-0.003125,0.750000,0,0,0,,,NONE,0.000000,0.000000,4.600004,4.599996
1.728,FOLLOW_LANE,camera lane following,160.000,0.000000,0.750000,0,0,0,,,NONE,0.000000,0.000000,4.600004,4.599996
1.760,FOLLOW_LANE,camera lane following,160.000,0.000000,0.750000,0,0,0,,,NONE,0.000000,0.000000,4.600004,4.599996
1.792,FOLLOW_LANE,camera lane following,160.000,0.000000,0.750000,0,0,0,,,NONE,0.000000,0.000000,4.600004,4.599996
1.824,FOLLOW_LANE,camera lane following,160.000,0.000000,0.750000,0,0,0,,,NONE,0.000000,0.000000,4.600004,4.599996
1.856,FOLLOW_LANE,camera lane following,160.000,0.000000,0.750000,0,0,0,,,NONE,0.000000,0.000000,4.600004,4.599996
1.888,FOLLOW_LANE,camera lane following,160.000,0.000000,0.750000,0,0,0,,,NONE,0.000000,0.000000,4.600004,4.599996
1.920,FOLLOW_LANE,camera lane following,159.500,-0.003125,0.750000,0,0,0,,,NONE,0.000000,0.000000,4.600004,4.599996
1.952,FOLLOW_LANE,camera lane following,159.500,-0.003125,0.750000,0,0,0,,,NONE,0.000000,0.000000,4.600004,4.599996
1.984,FOLLOW_LANE,camera lane following,160.000,0.000000,0.750000,0,0,0,,,NONE,0.000000,0.000000,4.600004,4.599996
2.016,FOLLOW_LANE,camera lane following,160.000,0.000000,0.750000,0,0,0,,,NONE,0.000000,0.000000,4.600004,4.599996
2.048,FOLLOW_LANE,camera lane following,160.000,0.000000,0.750000,0,0,0,,,NONE,0.000000,0.000000,4.600004,4.599996
2.080,FOLLOW_LANE,camera lane following,160.000,0.000000,0.750000,0,0,0,,,NONE,0.000000,0.000000,4.600004,4.599996
2.112,FOLLOW_LANE,camera lane following,160.000,0.000000,0.750000,0,0,0,,,NONE,0.000000,0.000000,4.600004,4.599996
2.144,FOLLOW_LANE,camera lane following,159.750,-0.001563,0.750000,0,0,0,,,NONE,0.000000,0.000000,4.600004,4.599996
2.176,FOLLOW_LANE,camera lane following,159.500,-0.003125,0.750000,0,0,0,,,NONE,0.000000,0.000000,4.600004,4.599996
2.208,FOLLOW_LANE,camera lane following,160.000,0.000000,0.750000,0,0,0,,,NONE,0.000000,0.000000,4.600004,4.599996
2.240,FOLLOW_LANE,camera lane following,159.750,-0.001563,0.750000,0,0,0,,,NONE,0.000000,0.000000,4.600004,4.599996
2.272,FOLLOW_LANE,camera lane following,160.000,0.000000,0.750000,0,0,0,,,NONE,0.000000,0.000000,4.600004,4.599996
2.304,FOLLOW_LANE,camera lane following,160.000,0.000000,0.750000,0,0,0,,,NONE,0.000000,0.000000,4.600004,4.599996
2.336,FOLLOW_LANE,camera lane following,160.000,0.000000,0.750000,0,0,0,,,NONE,0.000000,0.000000,4.600004,4.599996
2.368,FOLLOW_LANE,camera lane following,159.500,-0.003125,0.750000,0,0,0,,,NONE,0.000000,0.000000,4.600004,4.599996
2.400,FOLLOW_LANE,camera lane following,160.000,0.000000,0.750000,0,0,0,,,NONE,0.000000,0.000000,4.600004,4.599996
2.432,FOLLOW_LANE,camera lane following,160.000,0.000000,0.750000,0,0,0,,,NONE,0.000000,0.000000,4.600004,4.599996
2.464,FOLLOW_LANE,camera lane following,160.000,0.000000,0.750000,0,0,0,,,NONE,0.000000,0.000000,4.600004,4.599996
2.496,FOLLOW_LANE,camera lane following,160.000,0.000000,0.750000,0,0,0,,,NONE,0.000000,0.000000,4.600004,4.599996
2.528,FOLLOW_LANE,camera lane following,160.000,0.000000,0.750000,0,0,0,,,NONE,0.000000,0.000000,4.600004,4.599996
2.560,FOLLOW_LANE,camera lane following,160.000,0.000000,0.750000,0,0,0,,,NONE,0.000000,0.000000,4.600004,4.599996
2.592,FOLLOW_LANE,camera lane following,160.000,0.000000,0.750000,0,0,0,,,NONE,0.000000,0.000000,4.600004,4.599996
2.624,FOLLOW_LANE,camera lane following,160.500,0.003125,0.750000,0,0,0,,,NONE,0.000000,0.000000,4.600004,4.599996
2.656,FOLLOW_LANE,camera lane following,160.500,0.003125,0.750000,0,0,0,,,NONE,0.000000,0.000000,4.600004,4.599996
2.688,FOLLOW_LANE,camera lane following,160.000,0.000000,0.750000,0,0,0,,,NONE,0.000000,0.000000,4.600004,4.599996
2.720,FOLLOW_LANE,camera lane following,160.000,0.000000,0.750000,0,0,0,,,NONE,0.000000,0.000000,4.600004,4.599996
2.752,FOLLOW_LANE,camera lane following,160.000,0.000000,0.750000,0,0,0,,,NONE,0.000000,0.000000,4.600004,4.599996
2.784,FOLLOW_LANE,camera lane following,160.000,0.000000,0.750000,0,0,0,,,NONE,0.000000,0.000000,4.600004,4.599996
2.816,FOLLOW_LANE,camera lane following,160.500,0.003125,0.750000,0,0,0,,,NONE,0.000000,0.000000,4.600004,4.599996
2.848,FOLLOW_LANE,camera lane following,160.500,0.003125,0.750000,0,0,0,,,NONE,0.000000,0.000000,4.600004,4.599996
2.880,FOLLOW_LANE,camera lane following,160.500,0.003125,0.750000,0,0,0,,,NONE,0.000000,0.000000,4.600004,4.599996
2.912,FOLLOW_LANE,camera lane following,160.000,0.000000,0.750000,0,0,0,,,NONE,0.000000,0.000000,4.600004,4.599996
2.944,FOLLOW_LANE,camera lane following,160.500,0.003125,0.750000,0,0,0,,,NONE,0.000000,0.000000,4.600004,4.599996
2.976,FOLLOW_LANE,camera lane following,160.000,0.000000,0.750000,0,0,0,,,NONE,0.000000,0.000000,4.600004,4.599996
3.008,FOLLOW_LANE,camera lane following,160.250,0.001563,0.750000,0,0,0,,,NONE,0.000000,0.000000,4.600004,4.599996
3.040,FOLLOW_LANE,camera lane following,160.000,0.000000,0.750000,0,0,0,,,NONE,0.000000,0.000000,4.600004,4.599996
3.072,FOLLOW_LANE,camera lane following,160.000,0.000000,0.750000,0,0,0,,,NONE,0.000000,0.000000,4.600004,4.599996
3.104,FOLLOW_LANE,camera lane following,160.500,0.003125,0.750000,0,0,0,,,NONE,0.000000,0.000000,4.600004,4.599996
3.136,FOLLOW_LANE,camera lane following,160.500,0.003125,0.750000,0,0,0,,,NONE,0.000000,0.000000,4.600004,4.599996
3.168,FOLLOW_LANE,camera lane following,160.500,0.003125,0.750000,0,0,0,,,NONE,0.000000,0.000000,4.600004,4.599996
3.200,FOLLOW_LANE,camera lane following,160.500,0.003125,0.750000,0,0,0,,,NONE,0.000000,0.000000,4.600004,4.599996
3.232,FOLLOW_LANE,camera lane following,160.000,0.000000,0.750000,0,0,0,,,NONE,0.000000,0.000000,4.600004,4.599996
3.264,FOLLOW_LANE,camera lane following,160.000,0.000000,0.750000,0,0,0,,,NONE,0.000000,0.000000,4.600004,4.599996
3.296,FOLLOW_LANE,camera lane following,160.000,0.000000,0.750000,0,0,0,,,NONE,0.000000,0.000000,4.600004,4.599996
3.328,FOLLOW_LANE,camera lane following,160.000,0.000000,0.750000,0,0,0,,,NONE,0.000000,0.000000,4.600004,4.599996
3.360,FOLLOW_LANE,camera lane following,160.500,0.003125,0.750000,0,0,0,,,NONE,0.000000,0.000000,4.600004,4.599996
3.392,FOLLOW_LANE,camera lane following,160.500,0.003125,0.750000,0,0,0,,,NONE,0.000000,0.000000,4.600004,4.599996
3.424,FOLLOW_LANE,camera lane following,160.500,0.003125,0.750000,0,0,0,,,NONE,0.000000,0.000000,4.600004,4.599996
3.456,FOLLOW_LANE,camera lane following,160.000,0.000000,0.750000,0,0,0,,,NONE,0.000000,0.000000,4.600004,4.599996
3.488,FOLLOW_LANE,camera lane following,160.500,0.003125,0.750000,0,0,0,,,NONE,0.000000,0.000000,4.600004,4.599996
3.520,FOLLOW_LANE,camera lane following,160.000,0.000000,0.750000,0,0,0,,,NONE,0.000000,0.000000,4.600004,4.599996
3.552,FOLLOW_LANE,camera lane following,160.000,0.000000,0.750000,0,0,0,,,NONE,0.000000,0.000000,4.600004,4.599996
3.584,FOLLOW_LANE,camera lane following,160.000,0.000000,0.750000,0,0,0,,,NONE,0.000000,0.000000,4.600004,4.599996
3.616,FOLLOW_LANE,camera lane following,160.000,0.000000,0.750000,0,0,0,,,NONE,0.000000,0.000000,4.600004,4.599996
3.648,FOLLOW_LANE,camera lane following,160.000,0.000000,0.750000,0,0,0,,,NONE,0.000000,0.000000,4.600004,4.599996
3.680,FOLLOW_LANE,camera lane following,160.500,0.003125,0.750000,0,0,0,,,NONE,0.000000,0.000000,4.600004,4.599996
3.712,FOLLOW_LANE,camera lane following,160.500,0.003125,0.750000,0,0,0,,,NONE,0.000000,0.000000,4.600004,4.599996
3.744,FOLLOW_LANE,camera lane following,160.500,0.003125,0.750000,0,0,0,,,NONE,0.000000,0.000000,4.600004,4.599996
3.776,FOLLOW_LANE,camera lane following,160.000,0.000000,0.750000,0,0,0,,,NONE,0.000000,0.000000,4.600004,4.599996
3.808,FOLLOW_LANE,camera lane following,160.000,0.000000,0.750000,0,0,0,,,NONE,0.000000,0.000000,4.600004,4.599996
3.840,FOLLOW_LANE,camera lane following,160.000,0.000000,0.750000,0,0,0,,,NONE,0.000000,0.000000,4.600004,4.599996
3.872,FOLLOW_LANE,camera lane following,160.000,0.000000,0.750000,0,0,0,,,NONE,0.000000,0.000000,4.600004,4.599996
3.904,FOLLOW_LANE,camera lane following,160.000,0.000000,0.750000,0,0,0,,,NONE,0.000000,0.000000,4.600004,4.599996
3.936,FOLLOW_LANE,camera lane following,160.000,0.000000,0.750000,0,0,0,,,NONE,0.000000,0.000000,4.600004,4.599996
3.968,FOLLOW_LANE,camera lane following,160.500,0.003125,0.750000,0,0,0,,,NONE,0.000000,0.000000,4.600004,4.599996
4.000,FOLLOW_LANE,camera lane following,160.500,0.003125,0.750000,0,0,0,,,NONE,0.000000,0.000000,4.600004,4.599996
4.032,FOLLOW_LANE,camera lane following,160.500,0.003125,0.750000,0,0,0,,,NONE,0.000000,0.000000,4.600004,4.599996
4.064,FOLLOW_LANE,camera lane following,161.000,0.006250,0.750000,0,0,0,,,NONE,0.000000,0.000000,4.665633,4.534367
4.096,FOLLOW_LANE,camera lane following,161.000,0.006250,0.750000,0,0,0,,,NONE,0.000000,0.000000,4.650012,4.549988
4.128,FOLLOW_LANE,camera lane following,161.000,0.006250,0.750000,0,0,0,,,NONE,0.000000,0.000000,4.650016,4.549984
4.160,FOLLOW_LANE,camera lane following,160.500,0.003125,0.750000,0,0,0,,,NONE,0.000000,0.000000,4.584391,4.615609
4.192,FOLLOW_LANE,camera lane following,161.000,0.006250,0.750000,0,0,0,,,NONE,0.000000,0.000000,4.665645,4.534355
4.224,FOLLOW_LANE,camera lane following,160.500,0.003125,0.750000,0,0,0,,,NONE,0.000000,0.000000,4.584395,4.615605
4.256,FOLLOW_LANE,camera lane following,160.500,0.003125,0.750000,0,0,0,,,NONE,0.000000,0.000000,4.600020,4.599980
4.288,FOLLOW_LANE,camera lane following,160.000,0.000000,0.750000,0,0,0,,,NONE,0.000000,0.000000,4.600020,4.599980
4.320,FOLLOW_LANE,camera lane following,160.000,0.000000,0.750000,0,0,0,,,NONE,0.000000,0.000000,4.600020,4.599980
4.352,FOLLOW_LANE,camera lane following,161.000,0.006250,0.750000,0,0,0,,,NONE,0.000000,0.000000,4.665649,4.534351
4.384,FOLLOW_LANE,camera lane following,161.000,0.006250,0.750000,0,0,0,,,NONE,0.000000,0.000000,4.650028,4.549972
4.416,FOLLOW_LANE,camera lane following,160.500,0.003125,0.750000,0,0,0,,,NONE,0.000000,0.000000,4.584403,4.615597
4.448,FOLLOW_LANE,camera lane following,160.500,0.003125,0.750000,0,0,0,,,NONE,0.000000,0.000000,4.600028,4.599972
4.480,FOLLOW_LANE,camera lane following,160.500,0.003125,0.750000,0,0,0,,,NONE,0.000000,0.000000,4.600028,4.599972
4.512,FOLLOW_LANE,camera lane following,161.000,0.006250,0.750000,0,0,0,,,NONE,0.000000,0.000000,4.665657,4.534343
4.544,FOLLOW_LANE,camera lane following,161.000,0.006250,0.750000,0,0,0,,,NONE,0.000000,0.000000,4.650036,4.549964
4.576,FOLLOW_LANE,camera lane following,161.000,0.006250,0.750000,0,0,0,,,NONE,0.000000,0.000000,4.650040,4.549960
4.608,FOLLOW_LANE,camera lane following,161.000,0.006250,0.750000,0,0,0,,,NONE,0.000000,0.000000,4.650044,4.549956
4.640,FOLLOW_LANE,camera lane following,161.000,0.006250,0.750000,0,0,0,,,NONE,0.000000,0.000000,4.650048,4.549952
4.672,FOLLOW_LANE,camera lane following,160.500,0.003125,0.750000,0,0,0,,,NONE,0.000000,0.000000,4.584423,4.615577
4.704,FOLLOW_LANE,camera lane following,161.000,0.006250,0.750000,0,0,0,,,NONE,0.000000,0.000000,4.665677,4.534323
4.736,FOLLOW_LANE,camera lane following,160.250,0.001563,0.750000,0,0,0,,,NONE,0.000000,0.000000,4.584427,4.615573
4.768,FOLLOW_LANE,camera lane following,161.000,0.006250,0.750000,0,0,0,,,NONE,0.000000,0.000000,4.665681,4.534319
4.800,FOLLOW_LANE,camera lane following,160.500,0.003125,0.750000,0,0,0,,,NONE,0.000000,0.000000,4.584431,4.615569
4.832,FOLLOW_LANE,camera lane following,161.000,0.006250,0.750000,0,0,0,,,NONE,0.000000,0.000000,4.665685,4.534315
4.864,FOLLOW_LANE,camera lane following,161.000,0.006250,0.750000,0,0,0,,,NONE,0.000000,0.000000,4.650064,4.549936
4.896,FOLLOW_LANE,camera lane following,161.000,0.006250,0.750000,0,0,0,,,NONE,0.000000,0.000000,4.650068,4.549932
4.928,FOLLOW_LANE,camera lane following,161.000,0.006250,0.750000,0,0,0,,,NONE,0.000000,0.000000,4.650072,4.549928
4.960,FOLLOW_LANE,camera lane following,161.000,0.006250,0.750000,0,0,0,,,NONE,0.000000,0.000000,4.650076,4.549924
4.992,FOLLOW_LANE,camera lane following,160.500,0.003125,0.750000,0,0,0,,,NONE,0.000000,0.000000,4.584451,4.615549
5.024,FOLLOW_LANE,camera lane following,160.500,0.003125,0.750000,0,0,0,,,NONE,0.000000,0.000000,4.600076,4.599924
5.056,FOLLOW_LANE,camera lane following,160.500,0.003125,0.750000,0,0,0,,,NONE,0.000000,0.000000,4.600076,4.599924
5.088,FOLLOW_LANE,camera lane following,160.500,0.003125,0.750000,0,0,0,,,NONE,0.000000,0.000000,4.600076,4.599924
5.120,FOLLOW_LANE,camera lane following,161.000,0.006250,0.750000,0,0,0,,,NONE,0.000000,0.000000,4.665705,4.534295
5.152,FOLLOW_LANE,camera lane following,161.000,0.006250,0.750000,0,0,0,,,NONE,0.000000,0.000000,4.650084,4.549916
5.184,FOLLOW_LANE,camera lane following,161.000,0.006250,0.750000,0,0,0,,,NONE,0.000000,0.000000,4.650088,4.549912
5.216,FOLLOW_LANE,camera lane following,161.000,0.006250,0.750000,0,0,0,,,NONE,0.000000,0.000000,4.650092,4.549908
5.248,FOLLOW_LANE,camera lane following,161.000,0.006250,0.750000,0,0,0,,,NONE,0.000000,0.000000,4.650096,4.549904
5.280,FOLLOW_LANE,camera lane following,160.500,0.003125,0.750000,0,0,0,,,NONE,0.000000,0.000000,4.584471,4.615529
5.312,FOLLOW_LANE,camera lane following,160.500,0.003125,0.750000,0,0,0,,,NONE,0.000000,0.000000,4.600096,4.599904
5.344,FOLLOW_LANE,camera lane following,160.500,0.003125,0.750000,0,0,0,,,NONE,0.000000,0.000000,4.600096,4.599904
5.376,FOLLOW_LANE,camera lane following,160.500,0.003125,0.750000,0,0,0,,,NONE,0.000000,0.000000,4.600096,4.599904
5.408,FOLLOW_LANE,camera lane following,161.000,0.006250,0.750000,0,0,0,,,NONE,0.000000,0.000000,4.665725,4.534275
5.440,FOLLOW_LANE,camera lane following,161.000,0.006250,0.750000,0,0,0,,,NONE,0.000000,0.000000,4.650104,4.549896
5.472,FOLLOW_LANE,camera lane following,161.000,0.006250,0.750000,0,0,0,,,NONE,0.000000,0.000000,4.650108,4.549892
5.504,FOLLOW_LANE,camera lane following,161.000,0.006250,0.750000,0,0,0,,,NONE,0.000000,0.000000,4.650112,4.549888
5.536,FOLLOW_LANE,camera lane following,160.500,0.003125,0.750000,0,0,0,,,NONE,0.000000,0.000000,4.584487,4.615513
5.568,FOLLOW_LANE,camera lane following,160.750,0.004687,0.750000,0,0,0,,,NONE,0.000000,0.000000,4.600112,4.599888
5.600,FOLLOW_LANE,camera lane following,160.750,0.004687,0.750000,0,0,0,,,NONE,0.000000,0.000000,4.600112,4.599888
5.632,FOLLOW_LANE,camera lane following,161.000,0.006250,0.750000,0,0,0,,,NONE,0.000000,0.000000,4.665741,4.534259
5.664,FOLLOW_LANE,camera lane following,161.000,0.006250,0.750000,0,0,0,,,NONE,0.000000,0.000000,4.650120,4.549880
5.696,FOLLOW_LANE,camera lane following,161.000,0.006250,0.750000,0,0,0,,,NONE,0.000000,0.000000,4.650124,4.549876
5.728,FOLLOW_LANE,camera lane following,161.000,0.006250,0.750000,0,0,0,,,NONE,0.000000,0.000000,4.650128,4.549872
5.760,FOLLOW_LANE,camera lane following,161.000,0.006250,0.750000,0,0,0,,,NONE,0.000000,0.000000,4.650132,4.549868
5.792,FOLLOW_LANE,camera lane following,161.000,0.006250,0.750000,0,0,0,,,NONE,0.000000,0.000000,4.650136,4.549864
5.824,FOLLOW_LANE,camera lane following,160.500,0.003125,0.750000,0,0,0,,,NONE,0.000000,0.000000,4.584511,4.615489
5.856,FOLLOW_LANE,camera lane following,161.000,0.006250,0.750000,0,0,0,,,NONE,0.000000,0.000000,4.665765,4.534235
5.888,FOLLOW_LANE,camera lane following,161.000,0.006250,0.750000,0,0,0,,,NONE,0.000000,0.000000,4.650144,4.549856
5.920,FOLLOW_LANE,camera lane following,161.000,0.006250,0.750000,0,0,0,,,NONE,0.000000,0.000000,4.650148,4.549852
5.952,FOLLOW_LANE,camera lane following,161.000,0.006250,0.750000,0,0,0,,,NONE,0.000000,0.000000,4.650152,4.549848
5.984,FOLLOW_LANE,camera lane following,161.000,0.006250,0.750000,0,0,0,,,NONE,0.000000,0.000000,4.650156,4.549844
6.016,FOLLOW_LANE,camera lane following,161.500,0.009375,0.750000,0,0,0,,,NONE,0.000000,0.000000,4.682974,4.517025
6.048,FOLLOW_LANE,camera lane following,161.500,0.009375,0.750000,0,0,0,,,NONE,0.000000,0.000000,4.675168,4.524832
6.080,FOLLOW_LANE,camera lane following,161.500,0.009375,0.750000,0,0,0,,,NONE,0.000000,0.000000,4.675174,4.524826
6.112,FOLLOW_LANE,camera lane following,161.500,0.009375,0.750000,0,0,0,,,NONE,0.000000,0.000000,4.675180,4.524820
6.144,FOLLOW_LANE,camera lane following,161.500,0.009375,0.750000,0,0,0,,,NONE,0.000000,0.000000,4.675186,4.524814
6.176,FOLLOW_LANE,camera lane following,161.500,0.009375,0.750000,0,0,0,,,NONE,0.000000,0.000000,4.675192,4.524808
6.208,FOLLOW_LANE,camera lane following,161.500,0.009375,0.750000,0,0,0,,,NONE,0.000000,0.000000,4.675198,4.524802
6.240,FOLLOW_LANE,camera lane following,161.500,0.009375,0.750000,0,0,0,,,NONE,0.000000,0.000000,4.675204,4.524796
6.272,FOLLOW_LANE,camera lane following,161.500,0.009375,0.750000,0,0,0,,,NONE,0.000000,0.000000,4.675210,4.524790
6.304,FOLLOW_LANE,camera lane following,161.000,0.006250,0.750000,0,0,0,,,NONE,0.000000,0.000000,4.642402,4.557598
6.336,FOLLOW_LANE,camera lane following,161.000,0.006250,0.750000,0,0,0,,,NONE,0.000000,0.000000,4.650218,4.549782
6.368,FOLLOW_LANE,camera lane following,161.000,0.006250,0.750000,0,0,0,,,NONE,0.000000,0.000000,4.650222,4.549778
6.400,FOLLOW_LANE,camera lane following,161.000,0.006250,0.750000,0,0,0,,,NONE,0.000000,0.000000,4.650226,4.549774
6.432,FOLLOW_LANE,camera lane following,161.500,0.009375,0.750000,0,0,0,,,NONE,0.000000,0.000000,4.683044,4.516955
6.464,FOLLOW_LANE,camera lane following,161.500,0.009375,0.750000,0,0,0,,,NONE,0.000000,0.000000,4.675238,4.524762
6.496,FOLLOW_LANE,camera lane following,161.250,0.007812,0.750000,0,0,0,,,NONE,0.000000,0.000000,4.658837,4.541163
6.528,FOLLOW_LANE,camera lane following,161.000,0.006250,0.750000,0,0,0,,,NONE,0.000000,0.000000,4.646341,4.553659
6.560,FOLLOW_LANE,camera lane following,160.500,0.003125,0.750000,0,0,0,,,NONE,0.000000,0.000000,4.584622,4.615378
6.592,FOLLOW_LANE,camera lane following,160.500,0.003125,0.750000,0,0,0,,,NONE,0.000000,0.000000,4.600247,4.599753
6.624,FOLLOW_LANE,camera lane following,159.500,-0.003125,0.750000,0,0,0,,,NONE,0.000000,0.000000,4.600247,4.599753
6.656,FOLLOW_LANE,camera lane following,159.000,-0.006250,0.750000,0,0,0,,,NONE,0.000000,0.000000,4.534618,4.665382
6.688,FOLLOW_LANE,camera lane following,158.500,-0.009375,0.750000,0,0,0,,,NONE,0.000000,0.000000,4.517424,4.682575
6.720,FOLLOW_LANE,camera lane following,158.500,-0.009375,0.750000,0,0,0,,,NONE,0.000000,0.000000,4.525231,4.674769
6.752,FOLLOW_LANE,camera lane following,158.000,-0.012500,0.750000,0,0,0,,,NONE,0.000000,0.000000,4.492411,4.707589
6.784,FOLLOW_LANE,camera lane following,158.500,-0.009375,0.750000,0,0,0,,,NONE,0.000000,0.000000,4.533029,4.666970
6.816,FOLLOW_LANE,camera lane following,157.500,-0.015625,0.750000,0,0,0,,,NONE,0.000000,0.000000,4.459582,4.740418
6.848,FOLLOW_LANE,camera lane following,157.500,-0.015625,0.750000,0,0,0,,,NONE,0.000000,0.000000,4.475197,4.724803
6.880,FOLLOW_LANE,camera lane following,157.500,-0.015625,0.750000,0,0,0,,,NONE,0.000000,0.000000,4.475187,4.724813
6.912,FOLLOW_LANE,camera lane following,157.000,-0.018750,0.750000,0,0,0,,,NONE,0.000000,0.000000,4.442362,4.757637
6.944,FOLLOW_LANE,camera lane following,157.000,-0.018750,0.750000,0,0,0,,,NONE,0.000000,0.000000,4.450163,4.749837
6.976,FOLLOW_LANE,camera lane following,156.500,-0.021875,0.750000,0,0,0,,,NONE,0.000000,0.000000,4.417336,4.782663
7.008,FOLLOW_LANE,camera lane following,157.000,-0.018750,0.750000,0,0,0,,,NONE,0.000000,0.000000,4.457949,4.742050
7.040,FOLLOW_LANE,camera lane following,156.500,-0.021875,0.750000,0,0,0,,,NONE,0.000000,0.000000,4.417310,4.782690
7.072,FOLLOW_LANE,camera lane following,156.500,-0.021875,0.750000,0,0,0,,,NONE,0.000000,0.000000,4.425109,4.774891
7.104,FOLLOW_LANE,camera lane following,156.500,-0.021875,0.750000,0,0,0,,,NONE,0.000000,0.000000,4.425095,4.774905
7.136,FOLLOW_LANE,camera lane following,156.500,-0.021875,0.750000,0,0,0,,,NONE,0.000000,0.000000,4.425081,4.774919
7.168,FOLLOW_LANE,camera lane following,156.500,-0.021875,0.750000,0,0,0,,,NONE,0.000000,0.000000,4.425067,4.774933
7.200,FOLLOW_LANE,camera lane following,156.750,-0.020313,0.750000,0,0,0,,,NONE,0.000000,0.000000,4.441460,4.758540
7.232,FOLLOW_LANE,camera lane following,157.500,-0.015625,0.750000,0,0,0,,,NONE,0.000000,0.000000,4.486763,4.713237
7.264,FOLLOW_LANE,camera lane following,157.500,-0.015625,0.750000,0,0,0,,,NONE,0.000000,0.000000,4.475034,4.724966
7.296,FOLLOW_LANE,camera lane following,158.000,-0.012500,0.750000,0,0,0,,,NONE,0.000000,0.000000,4.507839,4.692161
7.328,FOLLOW_LANE,camera lane following,158.000,-0.012500,0.750000,0,0,0,,,NONE,0.000000,0.000000,4.500018,4.699982
7.360,FOLLOW_LANE,camera lane following,159.000,-0.006250,0.750000,0,0,0,,,NONE,0.000000,0.000000,4.565639,4.634361
7.392,FOLLOW_LANE,camera lane following,159.000,-0.006250,0.750000,0,0,0,,,NONE,0.000000,0.000000,4.550010,4.649990
7.424,FOLLOW_LANE,camera lane following,159.500,-0.003125,0.750000,0,0,0,,,NONE,0.000000,0.000000,4.615635,4.584365
7.456,FOLLOW_LANE,camera lane following,159.500,-0.003125,0.750000,0,0,0,,,NONE,0.000000,0.000000,4.600010,4.599990
7.488,FOLLOW_LANE,camera lane following,159.500,-0.003125,0.750000,0,0,0,,,NONE,0.000000,0.000000,4.600010,4.599990
7.520,FOLLOW_LANE,camera lane following,159.000,-0.006250,0.750000,0,0,0,,,NONE,0.000000,0.000000,4.534381,4.665619
7.552,FOLLOW_LANE,camera lane following,159.500,-0.003125,0.750000,0,0,0,,,NONE,0.000000,0.000000,4.615631,4.584369
7.584,FOLLOW_LANE,camera lane following,159.500,-0.003125,0.750000,0,0,0,,,NONE,0.000000,0.000000,4.600006,4.599994
7.616,FOLLOW_LANE,camera lane following,159.500,-0.003125,0.750000,0,0,0,,,NONE,0.000000,0.000000,4.600006,4.599994
7.648,FOLLOW_LANE,camera lane following,159.500,-0.003125,0.750000,0,0,0,,,NONE,0.000000,0.000000,4.600006,4.599994
7.680,FOLLOW_LANE,camera lane following,159.500,-0.003125,0.750000,0,0,0,,,NONE,0.000000,0.000000,4.600006,4.599994
7.712,FOLLOW_LANE,camera lane following,159.500,-0.003125,0.750000,0,0,0,,,NONE,0.000000,0.000000,4.600006,4.599994
7.744,FOLLOW_LANE,camera lane following,159.000,-0.006250,0.750000,0,0,0,,,NONE,0.000000,0.000000,4.534377,4.665623
7.776,FOLLOW_LANE,camera lane following,159.500,-0.003125,0.750000,0,0,0,,,NONE,0.000000,0.000000,4.615627,4.584373
7.808,FOLLOW_LANE,camera lane following,159.000,-0.006250,0.750000,0,0,0,,,NONE,0.000000,0.000000,4.534373,4.665627
7.840,FOLLOW_LANE,camera lane following,159.500,-0.003125,0.750000,0,0,0,,,NONE,0.000000,0.000000,4.615623,4.584377
7.872,FOLLOW_LANE,camera lane following,159.250,-0.004687,0.750000,0,0,0,,,NONE,0.000000,0.000000,4.599998,4.600002
7.904,FOLLOW_LANE,camera lane following,159.000,-0.006250,0.750000,0,0,0,,,NONE,0.000000,0.000000,4.534369,4.665631
7.936,FOLLOW_LANE,camera lane following,159.000,-0.006250,0.750000,0,0,0,,,NONE,0.000000,0.000000,4.549990,4.650010
7.968,FOLLOW_LANE,camera lane following,159.500,-0.003125,0.750000,0,0,0,,,NONE,0.000000,0.000000,4.615615,4.584385
8.000,FOLLOW_LANE,camera lane following,159.000,-0.006250,0.750000,0,0,0,,,NONE,0.000000,0.000000,4.534361,4.665639
8.032,FOLLOW_LANE,camera lane following,159.000,-0.006250,0.750000,0,0,0,,,NONE,0.000000,0.000000,4.549982,4.650018
8.064,FOLLOW_LANE,camera lane following,159.500,-0.003125,0.750000,0,0,0,,,NONE,0.000000,0.000000,4.615607,4.584393
8.096,FOLLOW_LANE,camera lane following,159.500,-0.003125,0.750000,0,0,0,,,NONE,0.000000,0.000000,4.599982,4.600018
8.128,FOLLOW_LANE,camera lane following,159.500,-0.003125,0.750000,0,0,0,,,NONE,0.000000,0.000000,4.599982,4.600018
8.160,FOLLOW_LANE,camera lane following,159.500,-0.003125,0.750000,0,0,0,,,NONE,0.000000,0.000000,4.599982,4.600018
8.192,FOLLOW_LANE,camera lane following,159.500,-0.003125,0.750000,0,0,0,,,NONE,0.000000,0.000000,4.599982,4.600018
8.224,FOLLOW_LANE,camera lane following,160.000,0.000000,0.750000,0,0,0,,,NONE,0.000000,0.000000,4.599982,4.600018
8.256,FOLLOW_LANE,camera lane following,160.000,0.000000,0.750000,0,0,0,,,NONE,0.000000,0.000000,4.599982,4.600018
8.288,FOLLOW_LANE,camera lane following,160.000,0.000000,0.750000,0,0,0,,,NONE,0.000000,0.000000,4.599982,4.600018
8.320,FOLLOW_LANE,camera lane following,160.000,0.000000,0.750000,0,0,0,,,NONE,0.000000,0.000000,4.599982,4.600018
8.352,FOLLOW_LANE,camera lane following,160.000,0.000000,0.750000,0,0,0,,,NONE,0.000000,0.000000,4.599982,4.600018
8.384,FOLLOW_LANE,camera lane following,160.500,0.003125,0.750000,0,0,0,,,NONE,0.000000,0.000000,4.599982,4.600018
8.416,FOLLOW_LANE,camera lane following,160.500,0.003125,0.750000,0,0,0,,,NONE,0.000000,0.000000,4.599982,4.600018
8.448,FOLLOW_LANE,camera lane following,160.500,0.003125,0.750000,0,0,0,,,NONE,0.000000,0.000000,4.599982,4.600018
8.480,FOLLOW_LANE,camera lane following,160.500,0.003125,0.750000,0,0,0,,,NONE,0.000000,0.000000,4.599982,4.600018
8.512,FOLLOW_LANE,camera lane following,160.500,0.003125,0.750000,0,0,0,,,NONE,0.000000,0.000000,4.599982,4.600018
8.544,FOLLOW_LANE,camera lane following,160.500,0.003125,0.750000,0,0,0,,,NONE,0.000000,0.000000,4.599982,4.600018
8.576,FOLLOW_LANE,camera lane following,160.500,0.003125,0.750000,0,0,0,,,NONE,0.000000,0.000000,4.599982,4.600018
8.608,FOLLOW_LANE,camera lane following,160.500,0.003125,0.750000,0,0,0,,,NONE,0.000000,0.000000,4.599982,4.600018
8.640,FOLLOW_LANE,camera lane following,160.500,0.003125,0.750000,0,0,0,,,NONE,0.000000,0.000000,4.599982,4.600018
8.672,FOLLOW_LANE,camera lane following,160.500,0.003125,0.750000,0,0,0,,,NONE,0.000000,0.000000,4.599982,4.600018
8.704,FOLLOW_LANE,camera lane following,160.500,0.003125,0.750000,0,0,0,,,NONE,0.000000,0.000000,4.599982,4.600018
8.736,FOLLOW_LANE,camera lane following,160.500,0.003125,0.750000,0,0,0,,,NONE,0.000000,0.000000,4.599982,4.600018
8.768,FOLLOW_LANE,camera lane following,160.000,0.000000,0.750000,0,0,0,,,NONE,0.000000,0.000000,4.599982,4.600018
8.800,FOLLOW_LANE,camera lane following,160.000,0.000000,0.750000,0,0,0,,,NONE,0.000000,0.000000,4.599982,4.600018
8.832,FOLLOW_LANE,camera lane following,160.000,0.000000,0.750000,0,0,0,,,NONE,0.000000,0.000000,4.599982,4.600018
8.864,FOLLOW_LANE,camera lane following,159.750,-0.001563,0.750000,0,0,0,,,NONE,0.000000,0.000000,4.599982,4.600018
8.896,FOLLOW_LANE,camera lane following,159.500,-0.003125,0.750000,0,0,0,,,NONE,0.000000,0.000000,4.599982,4.600018
8.928,FOLLOW_LANE,camera lane following,160.000,0.000000,0.750000,0,0,0,,,NONE,0.000000,0.000000,4.599982,4.600018
8.960,FOLLOW_LANE,camera lane following,160.500,0.003125,0.750000,0,0,0,,,NONE,0.000000,0.000000,4.599982,4.600018
8.992,FOLLOW_LANE,camera lane following,160.500,0.003125,0.750000,0,0,0,,,NONE,0.000000,0.000000,4.599982,4.600018
9.024,FOLLOW_LANE,camera lane following,160.000,0.000000,0.750000,0,0,0,,,NONE,0.000000,0.000000,4.599982,4.600018
9.056,FOLLOW_LANE,camera lane following,160.000,0.000000,0.750000,0,0,0,,,NONE,0.000000,0.000000,4.599982,4.600018
9.088,FOLLOW_LANE,camera lane following,160.500,0.003125,0.750000,0,0,0,,,NONE,0.000000,0.000000,4.599982,4.600018
9.120,FOLLOW_LANE,camera lane following,160.500,0.003125,0.750000,0,0,0,,,NONE,0.000000,0.000000,4.599982,4.600018
9.152,FOLLOW_LANE,camera lane following,161.000,0.006250,0.750000,0,0,0,,,NONE,0.000000,0.000000,4.665611,4.534389
9.184,FOLLOW_LANE,camera lane following,160.500,0.003125,0.750000,0,0,0,,,NONE,0.000000,0.000000,4.584361,4.615639
9.216,FOLLOW_LANE,camera lane following,160.500,0.003125,0.750000,0,0,0,,,NONE,0.000000,0.000000,4.599986,4.600014
9.248,FOLLOW_LANE,camera lane following,160.500,0.003125,0.750000,0,0,0,,,NONE,0.000000,0.000000,4.599986,4.600014
9.280,FOLLOW_LANE,camera lane following,160.500,0.003125,0.750000,0,0,0,,,NONE,0.000000,0.000000,4.599986,4.600014
9.312,FOLLOW_LANE,camera lane following,160.500,0.003125,0.750000,0,0,0,,,NONE,0.000000,0.000000,4.599986,4.600014
9.344,FOLLOW_LANE,camera lane following,160.500,0.003125,0.750000,0,0,0,,,NONE,0.000000,0.000000,4.599986,4.600014
9.376,FOLLOW_LANE,camera lane following,160.500,0.003125,0.750000,0,0,0,,,NONE,0.000000,0.000000,4.599986,4.600014
9.408,FOLLOW_LANE,camera lane following,160.500,0.003125,0.750000,0,0,0,,,NONE,0.000000,0.000000,4.599986,4.600014
9.440,FOLLOW_LANE,camera lane following,160.500,0.003125,0.750000,0,0,0,,,NONE,0.000000,0.000000,4.599986,4.600014
9.472,FOLLOW_LANE,camera lane following,160.500,0.003125,0.750000,0,0,0,,,NONE,0.000000,0.000000,4.599986,4.600014
9.504,FOLLOW_LANE,camera lane following,160.500,0.003125,0.750000,0,0,0,,,NONE,0.000000,0.000000,4.599986,4.600014
9.536,FOLLOW_LANE,camera lane following,160.500,0.003125,0.750000,0,0,0,,,NONE,0.000000,0.000000,4.599986,4.600014
9.568,FOLLOW_LANE,camera lane following,160.500,0.003125,0.750000,0,0,0,,,NONE,0.000000,0.000000,4.599986,4.600014
9.600,FOLLOW_LANE,camera lane following,160.000,0.000000,0.750000,0,0,0,,,NONE,0.000000,0.000000,4.599986,4.600014
9.632,FOLLOW_LANE,camera lane following,160.000,0.000000,0.750000,0,0,0,,,NONE,0.000000,0.000000,4.599986,4.600014
9.664,FOLLOW_LANE,camera lane following,160.000,0.000000,0.750000,0,0,0,,,NONE,0.000000,0.000000,4.599986,4.600014
9.696,FOLLOW_LANE,camera lane following,160.500,0.003125,0.750000,0,0,0,,,NONE,0.000000,0.000000,4.599986,4.600014
9.728,FOLLOW_LANE,camera lane following,160.500,0.003125,0.750000,0,0,0,,,NONE,0.000000,0.000000,4.599986,4.600014
9.760,FOLLOW_LANE,camera lane following,160.500,0.003125,0.750000,0,0,0,,,NONE,0.000000,0.000000,4.599986,4.600014
9.792,FOLLOW_LANE,camera lane following,160.500,0.003125,0.750000,0,0,0,,,NONE,0.000000,0.000000,4.599986,4.600014
9.824,FOLLOW_LANE,camera lane following,160.500,0.003125,0.750000,0,0,0,,,NONE,0.000000,0.000000,4.599986,4.600014
9.856,FOLLOW_LANE,camera lane following,160.500,0.003125,0.750000,0,0,0,,,NONE,0.000000,0.000000,4.599986,4.600014
9.888,FOLLOW_LANE,camera lane following,160.500,0.003125,0.750000,0,0,0,,,NONE,0.000000,0.000000,4.599986,4.600014
9.920,FOLLOW_LANE,camera lane following,160.500,0.003125,0.750000,0,0,0,,,NONE,0.000000,0.000000,4.599986,4.600014
9.952,FOLLOW_LANE,camera lane following,160.500,0.003125,0.750000,0,0,0,,,NONE,0.000000,0.000000,4.599986,4.600014
9.984,FOLLOW_LANE,camera lane following,160.500,0.003125,0.750000,0,0,0,,,NONE,0.000000,0.000000,4.599986,4.600014
10.016,FOLLOW_LANE,camera lane following,160.500,0.003125,0.750000,0,0,0,,,NONE,0.000000,0.000000,4.599986,4.600014
10.048,FOLLOW_LANE,camera lane following,161.000,0.006250,0.750000,0,0,0,,,NONE,0.000000,0.000000,4.665615,4.534385
10.080,FOLLOW_LANE,camera lane following,161.000,0.006250,0.750000,0,0,0,,,NONE,0.000000,0.000000,4.649994,4.550006
10.112,FOLLOW_LANE,camera lane following,160.500,0.003125,0.750000,0,0,0,,,NONE,0.000000,0.000000,4.584369,4.615631
10.144,FOLLOW_LANE,camera lane following,160.500,0.003125,0.750000,0,0,0,,,NONE,0.000000,0.000000,4.599994,4.600006
10.176,FOLLOW_LANE,camera lane following,160.500,0.003125,0.750000,0,0,0,,,NONE,0.000000,0.000000,4.599994,4.600006
10.208,FOLLOW_LANE,camera lane following,160.500,0.003125,0.750000,0,0,0,,,NONE,0.000000,0.000000,4.599994,4.600006
10.240,FOLLOW_LANE,camera lane following,160.500,0.003125,0.750000,0,0,0,,,NONE,0.000000,0.000000,4.599994,4.600006
10.272,FOLLOW_LANE,camera lane following,160.500,0.003125,0.750000,0,0,0,,,NONE,0.000000,0.000000,4.599994,4.600006
10.304,FOLLOW_LANE,camera lane following,160.500,0.003125,0.750000,0,0,0,,,NONE,0.000000,0.000000,4.599994,4.600006
10.336,FOLLOW_LANE,camera lane following,160.500,0.003125,0.750000,0,0,0,,,NONE,0.000000,0.000000,4.599994,4.600006
10.368,FOLLOW_LANE,camera lane following,160.500,0.003125,0.750000,0,0,0,,,NONE,0.000000,0.000000,4.599994,4.600006
10.400,FOLLOW_LANE,camera lane following,160.000,0.000000,0.750000,0,0,0,,,NONE,0.000000,0.000000,4.599994,4.600006
10.432,FOLLOW_LANE,camera lane following,160.000,0.000000,0.750000,0,0,0,,,NONE,0.000000,0.000000,4.599994,4.600006
10.464,FOLLOW_LANE,camera lane following,160.000,0.000000,0.750000,0,0,0,,,NONE,0.000000,0.000000,4.599994,4.600006
10.496,FOLLOW_LANE,camera lane following,159.500,-0.003125,0.750000,0,0,0,,,NONE,0.000000,0.000000,4.599994,4.600006
10.528,FOLLOW_LANE,camera lane following,159.500,-0.003125,0.750000,0,0,0,,,NONE,0.000000,0.000000,4.599994,4.600006
10.560,FOLLOW_LANE,camera lane following,159.500,-0.003125,0.750000,0,0,0,,,NONE,0.000000,0.000000,4.599994,4.600006
10.592,FOLLOW_LANE,camera lane following,160.000,0.000000,0.750000,0,0,0,,,NONE,0.000000,0.000000,4.599994,4.600006
10.624,FOLLOW_LANE,camera lane following,160.000,0.000000,0.750000,0,0,0,,,NONE,0.000000,0.000000,4.599994,4.600006
10.656,FOLLOW_LANE,camera lane following,160.000,0.000000,0.750000,0,0,0,,,NONE,0.000000,0.000000,4.599994,4.600006
10.688,FOLLOW_LANE,camera lane following,160.000,0.000000,0.750000,0,0,0,,,NONE,0.000000,0.000000,4.599994,4.600006
10.720,FOLLOW_LANE,camera lane following,160.500,0.003125,0.750000,0,0,0,,,NONE,0.000000,0.000000,4.599994,4.600006
10.752,FOLLOW_LANE,camera lane following,160.500,0.003125,0.750000,0,0,0,,,NONE,0.000000,0.000000,4.599994,4.600006
10.784,FOLLOW_LANE,camera lane following,160.500,0.003125,0.750000,0,0,0,,,NONE,0.000000,0.000000,4.599994,4.600006
10.816,FOLLOW_LANE,camera lane following,160.500,0.003125,0.750000,0,0,0,,,NONE,0.000000,0.000000,4.599994,4.600006
10.848,FOLLOW_LANE,camera lane following,160.500,0.003125,0.750000,0,0,0,,,NONE,0.000000,0.000000,4.599994,4.600006
10.880,FOLLOW_LANE,camera lane following,160.500,0.003125,0.750000,0,0,0,,,NONE,0.000000,0.000000,4.599994,4.600006
10.912,FOLLOW_LANE,camera lane following,160.000,0.000000,0.750000,0,0,0,,,NONE,0.000000,0.000000,4.599994,4.600006
10.944,FOLLOW_LANE,camera lane following,160.000,0.000000,0.750000,0,0,0,,,NONE,0.000000,0.000000,4.599994,4.600006
10.976,FOLLOW_LANE,camera lane following,159.500,-0.003125,0.750000,0,0,0,,,NONE,0.000000,0.000000,4.599994,4.600006
11.008,FOLLOW_LANE,camera lane following,159.500,-0.003125,0.750000,0,0,0,,,NONE,0.000000,0.000000,4.599994,4.600006
11.040,FOLLOW_LANE,camera lane following,159.500,-0.003125,0.750000,0,0,0,,,NONE,0.000000,0.000000,4.599994,4.600006
11.072,FOLLOW_LANE,camera lane following,159.500,-0.003125,0.750000,0,0,0,,,NONE,0.000000,0.000000,4.599994,4.600006
11.104,FOLLOW_LANE,camera lane following,159.500,-0.003125,0.750000,0,0,0,,,NONE,0.000000,0.000000,4.599994,4.600006
11.136,FOLLOW_LANE,camera lane following,159.750,-0.001563,0.750000,0,0,0,,,NONE,0.000000,0.000000,4.599994,4.600006
11.168,FOLLOW_LANE,camera lane following,160.000,0.000000,0.750000,0,0,0,,,NONE,0.000000,0.000000,4.599994,4.600006
11.200,FOLLOW_LANE,camera lane following,159.000,-0.006250,0.750000,0,0,0,,,NONE,0.000000,0.000000,4.534365,4.665635
11.232,FOLLOW_LANE,camera lane following,159.000,-0.006250,0.750000,0,0,0,,,NONE,0.000000,0.000000,4.549986,4.650014
11.264,FOLLOW_LANE,camera lane following,159.250,-0.004687,0.750000,0,0,0,,,NONE,0.000000,0.000000,4.615611,4.584389
11.296,FOLLOW_LANE,camera lane following,158.500,-0.009375,0.750000,0,0,0,,,NONE,0.000000,0.000000,4.501542,4.698457
11.328,FOLLOW_LANE,camera lane following,158.500,-0.009375,0.750000,0,0,0,,,NONE,0.000000,0.000000,4.524974,4.675026
11.360,FOLLOW_LANE,camera lane following,158.000,-0.012500,0.750000,0,0,0,,,NONE,0.000000,0.000000,4.492153,4.707846
11.392,FOLLOW_LANE,camera lane following,158.500,-0.009375,0.750000,0,0,0,,,NONE,0.000000,0.000000,4.532773,4.667227
11.424,FOLLOW_LANE,camera lane following,159.250,-0.004687,0.750000,0,0,0,,,NONE,0.000000,0.000000,4.623397,4.576602
11.456,FOLLOW_LANE,camera lane following,159.000,-0.006250,0.750000,0,0,0,,,NONE,0.000000,0.000000,4.534331,4.665669
11.488,FOLLOW_LANE,camera lane following,159.000,-0.006250,0.750000,0,0,0,,,NONE,0.000000,0.000000,4.549952,4.650048
11.520,FOLLOW_LANE,camera lane following,159.500,-0.003125,0.750000,0,0,0,,,NONE,0.000000,0.000000,4.615577,4.584423
11.552,FOLLOW_LANE,camera lane following,159.500,-0.003125,0.750000,0,0,0,,,NONE,0.000000,0.000000,4.599952,4.600048
11.584,FOLLOW_LANE,camera lane following,159.000,-0.006250,0.750000,0,0,0,,,NONE,0.000000,0.000000,4.534323,4.665677
11.616,FOLLOW_LANE,camera lane following,159.000,-0.006250,0.750000,0,0,0,,,NONE,0.000000,0.000000,4.549944,4.650056
11.648,FOLLOW_LANE,camera lane following,159.000,-0.006250,0.750000,0,0,0,,,NONE,0.000000,0.000000,4.549940,4.650060
11.680,FOLLOW_LANE,camera lane following,159.000,-0.006250,0.750000,0,0,0,,,NONE,0.000000,0.000000,4.549936,4.650064
11.712,FOLLOW_LANE,camera lane following,159.000,-0.006250,0.750000,0,0,0,,,NONE,0.000000,0.000000,4.549932,4.650068
11.744,FOLLOW_LANE,camera lane following,158.500,-0.009375,0.750000,0,0,0,,,NONE,0.000000,0.000000,4.517113,4.682886
11.776,FOLLOW_LANE,camera lane following,158.500,-0.009375,0.750000,0,0,0,,,NONE,0.000000,0.000000,4.524920,4.675080
11.808,FOLLOW_LANE,camera lane following,158.500,-0.009375,0.750000,0,0,0,,,NONE,0.000000,0.000000,4.524914,4.675086
11.840,FOLLOW_LANE,camera lane following,158.500,-0.009375,0.750000,0,0,0,,,NONE,0.000000,0.000000,4.524908,4.675092
11.872,FOLLOW_LANE,camera lane following,159.000,-0.006250,0.750000,0,0,0,,,NONE,0.000000,0.000000,4.557716,4.642283
11.904,FOLLOW_LANE,camera lane following,159.000,-0.006250,0.750000,0,0,0,,,NONE,0.000000,0.000000,4.549900,4.650100
11.936,FOLLOW_LANE,camera lane following,159.000,-0.006250,0.750000,0,0,0,,,NONE,0.000000,0.000000,4.549896,4.650104
11.968,FOLLOW_LANE,camera lane following,159.000,-0.006250,0.750000,0,0,0,,,NONE,0.000000,0.000000,4.549892,4.650108
12.000,FOLLOW_LANE,camera lane following,158.500,-0.009375,0.750000,0,0,0,,,NONE,0.000000,0.000000,4.517073,4.682926
12.032,FOLLOW_LANE,camera lane following,158.500,-0.009375,0.750000,0,0,0,,,NONE,0.000000,0.000000,4.524880,4.675120
12.064,FOLLOW_LANE,camera lane following,158.750,-0.007812,0.750000,0,0,0,,,NONE,0.000000,0.000000,4.541281,4.658719
12.096,FOLLOW_LANE,camera lane following,158.000,-0.012500,0.750000,0,0,0,,,NONE,0.000000,0.000000,4.488148,4.711852
12.128,FOLLOW_LANE,camera lane following,158.000,-0.012500,0.750000,0,0,0,,,NONE,0.000000,0.000000,4.499859,4.700141
12.160,FOLLOW_LANE,camera lane following,158.000,-0.012500,0.750000,0,0,0,,,NONE,0.000000,0.000000,4.499851,4.700149
12.192,FOLLOW_LANE,camera lane following,158.000,-0.012500,0.750000,0,0,0,,,NONE,0.000000,0.000000,4.499843,4.700157
12.224,FOLLOW_LANE,camera lane following,158.000,-0.012500,0.750000,0,0,0,,,NONE,0.000000,0.000000,4.499835,4.700165
12.256,FOLLOW_LANE,camera lane following,158.000,-0.012500,0.750000,0,0,0,,,NONE,0.000000,0.000000,4.499827,4.700173
12.288,FOLLOW_LANE,camera lane following,158.000,-0.012500,0.750000,0,0,0,,,NONE,0.000000,0.000000,4.499819,4.700181
12.320,FOLLOW_LANE,camera lane following,158.000,-0.012500,0.750000,0,0,0,,,NONE,0.000000,0.000000,4.499811,4.700189
12.352,FOLLOW_LANE,camera lane following,157.500,-0.015625,0.750000,0,0,0,,,NONE,0.000000,0.000000,4.466988,4.733011
12.384,FOLLOW_LANE,camera lane following,157.250,-0.017188,0.750000,0,0,0,,,NONE,0.000000,0.000000,4.458384,4.741616
12.416,FOLLOW_LANE,camera lane following,157.000,-0.018750,0.750000,0,0,0,,,NONE,0.000000,0.000000,4.445872,4.754128
12.448,FOLLOW_LANE,camera lane following,157.000,-0.018750,0.750000,0,0,0,,,NONE,0.000000,0.000000,4.449766,4.750234
12.480,FOLLOW_LANE,camera lane following,157.000,-0.018750,0.750000,0,0,0,,,NONE,0.000000,0.000000,4.449754,4.750246
12.512,FOLLOW_LANE,camera lane following,157.500,-0.015625,0.750000,0,0,0,,,NONE,0.000000,0.000000,4.482556,4.717443
12.544,FOLLOW_LANE,camera lane following,157.500,-0.015625,0.750000,0,0,0,,,NONE,0.000000,0.000000,4.474734,4.725266
12.576,FOLLOW_LANE,camera lane following,158.500,-0.009375,0.750000,0,0,0,,,NONE,0.000000,0.000000,4.540353,4.659647
12.608,FOLLOW_LANE,camera lane following,159.000,-0.006250,0.750000,0,0,0,,,NONE,0.000000,0.000000,4.557536,4.642463
12.640,FOLLOW_LANE,camera lane following,162.000,0.012500,0.750000,0,0,0,,,NONE,0.000000,0.000000,4.746607,4.453393
12.672,FOLLOW_LANE,camera lane following,159.500,-0.003125,0.750000,0,0,0,,,NONE,0.000000,0.000000,4.568482,4.631518
12.704,FOLLOW_LANE,camera lane following,155.000,-0.031250,0.750000,0,0,0,,,NONE,0.000000,0.000000,4.271587,4.928413
12.736,FOLLOW_LANE,camera lane following,155.000,-0.031250,0.750000,0,0,0,,,NONE,0.000000,0.000000,4.349692,4.850308
12.768,FOLLOW_LANE,camera lane following,155.000,-0.031250,0.750000,0,0,0,,,NONE,0.000000,0.000000,4.349672,4.850328
12.800,FOLLOW_LANE,camera lane following,155.500,-0.028125,0.750000,0,0,0,,,NONE,0.000000,0.000000,4.382466,4.817533
12.832,FOLLOW_LANE,camera lane following,156.000,-0.025000,0.750000,0,0,0,,,NONE,0.000000,0.000000,4.407450,4.792549
12.864,FOLLOW_LANE,camera lane following,156.000,-0.025000,0.750000,0,0,0,,,NONE,0.000000,0.000000,4.399622,4.800378
12.896,FOLLOW_LANE,camera lane following,156.500,-0.021875,0.750000,0,0,0,,,NONE,0.000000,0.000000,4.432420,4.767580
12.928,FOLLOW_LANE,camera lane following,156.500,-0.021875,0.750000,0,0,0,,,NONE,0.000000,0.000000,4.424594,4.775406
12.960,FOLLOW_LANE,camera lane following,156.500,-0.021875,0.750000,0,0,0,,,NONE,0.000000,0.000000,4.424580,4.775420
12.992,FOLLOW_LANE,camera lane following,156.500,-0.021875,0.750000,0,0,0,,,NONE,0.000000,0.000000,4.424566,4.775434
13.024,FOLLOW_LANE,camera lane following,157.500,-0.015625,0.750000,0,0,0,,,NONE,0.000000,0.000000,4.490181,4.709819
13.056,FOLLOW_LANE,camera lane following,157.500,-0.015625,0.750000,0,0,0,,,NONE,0.000000,0.000000,4.474546,4.725454
13.088,FOLLOW_LANE,camera lane following,157.500,-0.015625,0.750000,0,0,0,,,NONE,0.000000,0.000000,4.474536,4.725464
13.120,FOLLOW_LANE,camera lane following,158.000,-0.012500,0.750000,0,0,0,,,NONE,0.000000,0.000000,4.507340,4.692659
13.152,FOLLOW_LANE,camera lane following,158.500,-0.009375,0.750000,0,0,0,,,NONE,0.000000,0.000000,4.532334,4.667666
13.184,FOLLOW_LANE,camera lane following,158.500,-0.009375,0.750000,0,0,0,,,NONE,0.000000,0.000000,4.524516,4.675484
13.216,FOLLOW_LANE,camera lane following,159.000,-0.006250,0.750000,0,0,0,,,NONE,0.000000,0.000000,4.557325,4.642675
13.248,FOLLOW_LANE,camera lane following,160.000,0.000000,0.750000,0,0,0,,,NONE,0.000000,0.000000,4.615137,4.584863
13.280,FOLLOW_LANE,camera lane following,160.500,0.003125,0.750000,0,0,0,,,NONE,0.000000,0.000000,4.599512,4.600488
13.312,FOLLOW_LANE,camera lane following,162.000,0.012500,0.750000,0,0,0,,,NONE,0.000000,0.000000,4.730770,4.469230
13.344,FOLLOW_LANE,camera lane following,163.500,0.021875,0.750000,0,0,0,,,NONE,0.000000,0.000000,4.797972,4.402028
13.376,FOLLOW_LANE,camera lane following,165.500,0.034375,0.750000,0,0,0,,,NONE,0.000000,0.000000,4.905806,4.294194
13.408,FOLLOW_LANE,camera lane following,167.500,0.046875,0.750000,0,0,0,,,NONE,0.000000,0.000000,5.005836,4.194164
13.440,FOLLOW_LANE,camera lane following,157.500,-0.015625,0.750000,0,0,0,,,NONE,0.000000,0.000000,4.318326,4.881674
13.472,FOLLOW_LANE,camera lane following,134.000,-0.162500,0.750000,0,0,0,,,NONE,0.000000,0.000000,2.932284,6.267715
13.504,FOLLOW_LANE,camera lane following,136.500,-0.146875,0.750000,0,0,0,,,NONE,0.000000,0.000000,3.463440,5.736559
13.536,FOLLOW_LANE,camera lane following,136.500,-0.146875,0.750000,0,0,0,,,NONE,0.000000,0.000000,3.424284,5.775716
13.568,FOLLOW_LANE,camera lane following,154.500,-0.034375,0.750000,0,0,0,,,NONE,0.000000,0.000000,4.605512,4.594488
13.600,FOLLOW_LANE,camera lane following,155.000,-0.031250,0.750000,0,0,0,,,NONE,0.000000,0.000000,4.357054,4.842945
13.632,FOLLOW_LANE,camera lane following,155.000,-0.031250,0.750000,0,0,0,,,NONE,0.000000,0.000000,4.349222,4.850778
13.664,FOLLOW_LANE,camera lane following,155.500,-0.028125,0.750000,0,0,0,,,NONE,0.000000,0.000000,4.382016,4.817983
13.696,FOLLOW_LANE,camera lane following,156.000,-0.025000,0.750000,0,0,0,,,NONE,0.000000,0.000000,4.407000,4.792999
13.728,FOLLOW_LANE,camera lane following,156.500,-0.021875,0.750000,0,0,0,,,NONE,0.000000,0.000000,4.431986,4.768013
13.760,FOLLOW_LANE,camera lane following,156.500,-0.021875,0.750000,0,0,0,,,NONE,0.000000,0.000000,4.424160,4.775840
13.792,FOLLOW_LANE,camera lane following,157.000,-0.018750,0.750000,0,0,0,,,NONE,0.000000,0.000000,4.456960,4.743040
13.824,FOLLOW_LANE,camera lane following,157.500,-0.015625,0.750000,0,0,0,,,NONE,0.000000,0.000000,4.481950,4.718049
13.856,FOLLOW_LANE,camera lane following,157.500,-0.015625,0.750000,0,0,0,,,NONE,0.000000,0.000000,4.474128,4.725872
13.888,FOLLOW_LANE,camera lane following,157.500,-0.015625,0.750000,0,0,0,,,NONE,0.000000,0.000000,4.474118,4.725882
13.920,FOLLOW_LANE,camera lane following,158.500,-0.009375,0.750000,0,0,0,,,NONE,0.000000,0.000000,4.539737,4.660263
13.952,FOLLOW_LANE,camera lane following,158.500,-0.009375,0.750000,0,0,0,,,NONE,0.000000,0.000000,4.524106,4.675894
13.984,FOLLOW_LANE,camera lane following,159.000,-0.006250,0.750000,0,0,0,,,NONE,0.000000,0.000000,4.556914,4.643085
14.016,FOLLOW_LANE,camera lane following,159.500,-0.003125,0.750000,0,0,0,,,NONE,0.000000,0.000000,4.614727,4.585273
14.048,FOLLOW_LANE,camera lane following,161.500,0.009375,0.750000,0,0,0,,,NONE,0.000000,0.000000,4.697545,4.502454
14.080,FOLLOW_LANE,camera lane following,163.000,0.018750,0.750000,0,0,0,,,NONE,0.000000,0.000000,4.772557,4.427442
14.112,FOLLOW_LANE,camera lane following,163.500,0.021875,0.750000,0,0,0,,,NONE,0.000000,0.000000,4.781946,4.418054
14.144,FOLLOW_LANE,camera lane following,164.500,0.028125,0.750000,0,0,0,,,NONE,0.000000,0.000000,4.839777,4.360223
14.176,FOLLOW_LANE,camera lane following,165.000,0.031250,0.750000,0,0,0,,,NONE,0.000000,0.000000,4.856984,4.343015
14.208,FOLLOW_LANE,camera lane following,166.500,0.040625,0.750000,0,0,0,,,NONE,0.000000,0.000000,4.947635,4.252364
14.240,FOLLOW_LANE,camera lane following,164.500,0.028125,0.750000,0,0,0,,,NONE,0.000000,0.000000,4.792966,4.407034
14.272,FOLLOW_LANE,camera lane following,138.500,-0.134375,0.750000,0,0,0,,,NONE,0.000000,0.000000,3.117880,6.082120
14.304,FOLLOW_LANE,camera lane following,137.000,-0.143750,0.750000,0,0,0,,,NONE,0.000000,0.000000,3.425600,5.774399
14.336,FOLLOW_LANE,camera lane following,137.500,-0.140625,0.750000,0,0,0,,,NONE,0.000000,0.000000,3.481760,5.718239
14.368,FOLLOW_LANE,camera lane following,136.000,-0.150000,0.750000,0,0,0,,,NONE,0.000000,0.000000,3.375414,5.824585
14.400,FOLLOW_LANE,camera lane following,168.500,0.053125,0.750000,0,0,0,,,NONE,0.000000,0.000000,5.531698,3.668301
14.432,FOLLOW_LANE,camera lane following,161.500,0.009375,0.750000,0,0,0,,,NONE,0.000000,0.000000,4.564517,4.635483
14.464,FOLLOW_LANE,camera lane following,160.000,0.000000,0.750000,0,0,0,,,NONE,0.000000,0.000000,4.575454,4.624545
14.496,FOLLOW_LANE,camera lane following,158.500,-0.009375,0.750000,0,0,0,,,NONE,0.000000,0.000000,4.500449,4.699551
14.528,FOLLOW_LANE,camera lane following,160.000,0.000000,0.750000,0,0,0,,,NONE,0.000000,0.000000,4.622323,4.577676
14.560,FOLLOW_LANE,camera lane following,160.000,0.000000,0.750000,0,0,0,,,NONE,0.000000,0.000000,4.598886,4.601114
14.592,FOLLOW_LANE,camera lane following,155.500,-0.028125,0.750000,0,0,0,,,NONE,0.000000,0.000000,4.303555,4.896444
14.624,FOLLOW_LANE,camera lane following,152.500,-0.046875,0.750000,0,0,0,,,NONE,0.000000,0.000000,4.176963,5.023037
14.656,FOLLOW_LANE,camera lane following,153.000,-0.043750,0.750000,0,0,0,,,NONE,0.000000,0.000000,4.256622,4.943377
14.688,FOLLOW_LANE,camera lane following,154.000,-0.037500,0.750000,0,0,0,,,NONE,0.000000,0.000000,4.314411,4.885589
14.720,FOLLOW_LANE,camera lane following,154.000,-0.037500,0.750000,0,0,0,,,NONE,0.000000,0.000000,4.298762,4.901238
14.752,FOLLOW_LANE,camera lane following,154.500,-0.034375,0.750000,0,0,0,,,NONE,0.000000,0.000000,4.331552,4.868447
14.784,FOLLOW_LANE,camera lane following,155.500,-0.028125,0.750000,0,0,0,,,NONE,0.000000,0.000000,4.389347,4.810653
14.816,FOLLOW_LANE,camera lane following,156.000,-0.025000,0.750000,0,0,0,,,NONE,0.000000,0.000000,4.406518,4.793481
14.848,FOLLOW_LANE,camera lane following,157.500,-0.015625,0.750000,0,0,0,,,NONE,0.000000,0.000000,4.497133,4.702866
14.880,FOLLOW_LANE,camera lane following,159.000,-0.006250,0.750000,0,0,0,,,NONE,0.000000,0.000000,4.572129,4.627870
14.912,FOLLOW_LANE,camera lane following,160.000,0.000000,0.750000,0,0,0,,,NONE,0.000000,0.000000,4.614317,4.585683
14.944,FOLLOW_LANE,camera lane following,160.500,0.003125,0.750000,0,0,0,,,NONE,0.000000,0.000000,4.598692,4.601308
14.976,FOLLOW_LANE,camera lane following,160.500,0.003125,0.750000,0,0,0,,,NONE,0.000000,0.000000,4.598692,4.601308
15.008,FOLLOW_LANE,camera lane following,162.000,0.012500,0.750000,0,0,0,,,NONE,0.000000,0.000000,4.729950,4.470050
15.040,FOLLOW_LANE,camera lane following,164.000,0.025000,0.750000,0,0,0,,,NONE,0.000000,0.000000,4.829966,4.370034
15.072,FOLLOW_LANE,camera lane following,165.500,0.034375,0.750000,0,0,0,,,NONE,0.000000,0.000000,4.897175,4.302824
15.104,FOLLOW_LANE,camera lane following,149.000,-0.068750,0.750000,0,0,0,,,NONE,0.000000,0.000000,3.790881,5.409118
15.136,FOLLOW_LANE,camera lane following,137.000,-0.143750,0.750000,0,0,0,,,NONE,0.000000,0.000000,3.261102,5.938898
15.168,FOLLOW_LANE,camera lane following,140.000,-0.125000,0.750000,0,0,0,,,NONE,0.000000,0.000000,3.645397,5.554603
15.200,FOLLOW_LANE,camera lane following,138.000,-0.137500,0.750000,0,0,0,,,NONE,0.000000,0.000000,3.467184,5.732816
15.232,FOLLOW_LANE,camera lane following,162.500,0.015625,0.750000,0,0,0,,,NONE,0.000000,0.000000,5.106256,4.093743
15.264,FOLLOW_LANE,camera lane following,157.500,-0.015625,0.750000,0,0,0,,,NONE,0.000000,0.000000,4.395309,4.804691
15.296,FOLLOW_LANE,camera lane following,156.000,-0.025000,0.750000,0,0,0,,,NONE,0.000000,0.000000,4.374980,4.825019
15.328,FOLLOW_LANE,camera lane following,155.000,-0.031250,0.750000,0,0,0,,,NONE,0.000000,0.000000,4.332773,4.867227
15.360,FOLLOW_LANE,camera lane following,156.500,-0.021875,0.750000,0,0,0,,,NONE,0.000000,0.000000,4.446821,4.753178
15.392,FOLLOW_LANE,camera lane following,156.500,-0.021875,0.750000,0,0,0,,,NONE,0.000000,0.000000,4.423370,4.776630
15.424,FOLLOW_LANE,camera lane following,153.000,-0.043750,0.750000,0,0,0,,,NONE,0.000000,0.000000,4.193655,5.006345
15.456,FOLLOW_LANE,camera lane following,152.000,-0.050000,0.750000,0,0,0,,,NONE,0.000000,0.000000,4.182685,5.017315
15.488,FOLLOW_LANE,camera lane following,152.500,-0.046875,0.750000,0,0,0,,,NONE,0.000000,0.000000,4.231092,4.968907
15.520,FOLLOW_LANE,camera lane following,153.000,-0.043750,0.750000,0,0,0,,,NONE,0.000000,0.000000,4.256064,4.943935
15.552,FOLLOW_LANE,camera lane following,153.000,-0.043750,0.750000,0,0,0,,,NONE,0.000000,0.000000,4.248224,4.951776
15.584,FOLLOW_LANE,camera lane following,154.000,-0.037500,0.750000,0,0,0,,,NONE,0.000000,0.000000,4.313825,4.886175
15.616,FOLLOW_LANE,camera lane following,154.500,-0.034375,0.750000,0,0,0,,,NONE,0.000000,0.000000,4.330990,4.869009
15.648,FOLLOW_LANE,camera lane following,155.000,-0.031250,0.750000,0,0,0,,,NONE,0.000000,0.000000,4.355970,4.844029
15.680,FOLLOW_LANE,camera lane following,156.000,-0.025000,0.750000,0,0,0,,,NONE,0.000000,0.000000,4.413767,4.786233
15.712,FOLLOW_LANE,camera lane following,156.500,-0.021875,0.750000,0,0,0,,,NONE,0.000000,0.000000,4.430940,4.769060
15.744,FOLLOW_LANE,camera lane following,157.500,-0.015625,0.750000,0,0,0,,,NONE,0.000000,0.000000,4.488743,4.711257
15.776,FOLLOW_LANE,camera lane following,158.000,-0.012500,0.750000,0,0,0,,,NONE,0.000000,0.000000,4.505922,4.694077
15.808,FOLLOW_LANE,camera lane following,159.000,-0.006250,0.750000,0,0,0,,,NONE,0.000000,0.000000,4.563731,4.636269
15.840,FOLLOW_LANE,camera lane following,161.000,0.006250,0.750000,0,0,0,,,NONE,0.000000,0.000000,4.679360,4.520640
15.872,FOLLOW_LANE,camera lane following,162.500,0.015625,0.750000,0,0,0,,,NONE,0.000000,0.000000,4.746557,4.453442
15.904,FOLLOW_LANE,camera lane following,165.000,0.031250,0.750000,0,0,0,,,NONE,0.000000,0.000000,4.887202,4.312797
15.936,FOLLOW_LANE,camera lane following,161.000,0.006250,0.750000,0,0,0,,,NONE,0.000000,0.000000,4.585644,4.614356
15.968,FOLLOW_LANE,camera lane following,138.500,-0.134375,0.750000,0,0,0,,,NONE,0.000000,0.000000,3.171495,6.028504
16.000,FOLLOW_LANE,camera lane following,137.500,-0.140625,0.750000,0,0,0,,,NONE,0.000000,0.000000,3.457343,5.742657
16.032,FOLLOW_LANE,camera lane following,138.250,-0.135937,0.750000,0,0,0,,,NONE,0.000000,0.000000,3.522100,5.677900
16.064,FOLLOW_LANE,camera lane following,156.000,-0.025000,0.750000,0,0,0,,,NONE,0.000000,0.000000,4.675209,4.524791
16.096,FOLLOW_LANE,camera lane following,154.000,-0.037500,0.750000,0,0,0,,,NONE,0.000000,0.000000,4.266591,4.933409
16.128,FOLLOW_LANE,camera lane following,153.000,-0.043750,0.750000,0,0,0,,,NONE,0.000000,0.000000,4.232188,4.967812
16.160,FOLLOW_LANE,camera lane following,152.500,-0.046875,0.750000,0,0,0,,,NONE,0.000000,0.000000,4.214970,4.985029
16.192,FOLLOW_LANE,camera lane following,154.000,-0.037500,0.750000,0,0,0,,,NONE,0.000000,0.000000,4.321196,4.878804
16.224,FOLLOW_LANE,camera lane following,154.500,-0.034375,0.750000,0,0,0,,,NONE,0.000000,0.000000,4.330550,4.869450
16.256,FOLLOW_LANE,camera lane following,153.500,-0.040625,0.750000,0,0,0,,,NONE,0.000000,0.000000,4.257086,4.942914
16.288,FOLLOW_LANE,camera lane following,152.000,-0.050000,0.750000,0,0,0,,,NONE,0.000000,0.000000,4.174241,5.025758
16.320,FOLLOW_LANE,camera lane following,152.500,-0.046875,0.750000,0,0,0,,,NONE,0.000000,0.000000,4.230461,4.969538
16.352,FOLLOW_LANE,camera lane following,153.000,-0.043750,0.750000,0,0,0,,,NONE,0.000000,0.000000,4.255433,4.944566
16.384,FOLLOW_LANE,camera lane following,153.000,-0.043750,0.750000,0,0,0,,,NONE,0.000000,0.000000,4.247593,4.952407
16.416,FOLLOW_LANE,camera lane following,154.000,-0.037500,0.750000,0,0,0,,,NONE,0.000000,0.000000,4.313194,4.886806
16.448,FOLLOW_LANE,camera lane following,154.000,-0.037500,0.750000,0,0,0,,,NONE,0.000000,0.000000,4.297545,4.902455
16.480,FOLLOW_LANE,camera lane following,155.500,-0.028125,0.750000,0,0,0,,,NONE,0.000000,0.000000,4.395964,4.804035
16.512,FOLLOW_LANE,camera lane following,156.750,-0.020313,0.750000,0,0,0,,,NONE,0.000000,0.000000,4.454545,4.745455
16.544,FOLLOW_LANE,camera lane following,157.000,-0.018750,0.750000,0,0,0,,,NONE,0.000000,0.000000,4.451408,4.748592
16.576,FOLLOW_LANE,camera lane following,157.500,-0.015625,0.750000,0,0,0,,,NONE,0.000000,0.000000,4.480304,4.719695
16.608,FOLLOW_LANE,camera lane following,158.500,-0.009375,0.750000,0,0,0,,,NONE,0.000000,0.000000,4.538111,4.661889
16.640,FOLLOW_LANE,camera lane following,159.000,-0.006250,0.750000,0,0,0,,,NONE,0.000000,0.000000,4.555294,4.644705
16.672,FOLLOW_LANE,camera lane following,160.500,0.003125,0.750000,0,0,0,,,NONE,0.000000,0.000000,4.613107,4.586893
16.704,FOLLOW_LANE,camera lane following,163.000,0.018750,0.750000,0,0,0,,,NONE,0.000000,0.000000,4.794369,4.405631
16.736,FOLLOW_LANE,camera lane following,164.500,0.028125,0.750000,0,0,0,,,NONE,0.000000,0.000000,4.845949,4.354050
16.768,FOLLOW_LANE,camera lane following,165.000,0.031250,0.750000,0,0,0,,,NONE,0.000000,0.000000,4.855344,4.344656
16.800,FOLLOW_LANE,camera lane following,142.000,-0.112500,0.750000,0,0,0,,,NONE,0.000000,0.000000,3.338085,5.861915
16.832,FOLLOW_LANE,camera lane following,137.000,-0.143750,0.750000,0,0,0,,,NONE,0.000000,0.000000,3.369243,5.830757
16.864,FOLLOW_LANE,camera lane following,137.500,-0.140625,0.750000,0,0,0,,,NONE,0.000000,0.000000,3.480090,5.719909
16.896,FOLLOW_LANE,camera lane following,154.000,-0.037500,0.750000,0,0,0,,,NONE,0.000000,0.000000,4.555066,4.644933
16.928,FOLLOW_LANE,camera lane following,152.000,-0.050000,0.750000,0,0,0,,,NONE,0.000000,0.000000,4.165972,5.034028
16.960,FOLLOW_LANE,camera lane following,152.000,-0.050000,0.750000,0,0,0,,,NONE,0.000000,0.000000,4.197190,5.002810
16.992,FOLLOW_LANE,camera lane following,151.500,-0.053125,0.750000,0,0,0,,,NONE,0.000000,0.000000,4.164343,5.035656
17.024,FOLLOW_LANE,camera lane following,153.000,-0.043750,0.750000,0,0,0,,,NONE,0.000000,0.000000,4.270566,4.929434
17.056,FOLLOW_LANE,camera lane following,154.000,-0.037500,0.750000,0,0,0,,,NONE,0.000000,0.000000,4.312729,4.887271
17.088,FOLLOW_LANE,camera lane following,153.500,-0.040625,0.750000,0,0,0,,,NONE,0.000000,0.000000,4.264265,4.935734
17.120,FOLLOW_LANE,camera lane following,152.000,-0.050000,0.750000,0,0,0,,,NONE,0.000000,0.000000,4.173608,5.026391
17.152,FOLLOW_LANE,camera lane following,153.000,-0.043750,0.750000,0,0,0,,,NONE,0.000000,0.000000,4.262643,4.937357
17.184,FOLLOW_LANE,camera lane following,153.500,-0.040625,0.750000,0,0,0,,,NONE,0.000000,0.000000,4.279805,4.920195
17.216,FOLLOW_LANE,camera lane following,153.500,-0.040625,0.750000,0,0,0,,,NONE,0.000000,0.000000,4.271966,4.928034
17.248,FOLLOW_LANE,camera lane following,154.000,-0.037500,0.750000,0,0,0,,,NONE,0.000000,0.000000,4.304754,4.895245
17.280,FOLLOW_LANE,camera lane following,155.000,-0.031250,0.750000,0,0,0,,,NONE,0.000000,0.000000,4.362547,4.837453
17.312,FOLLOW_LANE,camera lane following,155.500,-0.028125,0.750000,0,0,0,,,NONE,0.000000,0.000000,4.379716,4.820283
17.344,FOLLOW_LANE,camera lane following,156.000,-0.025000,0.750000,0,0,0,,,NONE,0.000000,0.000000,4.404700,4.795299
17.376,FOLLOW_LANE,camera lane following,157.000,-0.018750,0.750000,0,0,0,,,NONE,0.000000,0.000000,4.462501,4.737499
17.408,FOLLOW_LANE,camera lane following,157.500,-0.015625,0.750000,0,0,0,,,NONE,0.000000,0.000000,4.479678,4.720321
17.440,FOLLOW_LANE,camera lane following,158.000,-0.012500,0.750000,0,0,0,,,NONE,0.000000,0.000000,4.504670,4.695329
17.472,FOLLOW_LANE,camera lane following,159.500,-0.003125,0.750000,0,0,0,,,NONE,0.000000,0.000000,4.628108,4.571892
17.504,FOLLOW_LANE,camera lane following,161.000,0.006250,0.750000,0,0,0,,,NONE,0.000000,0.000000,4.662487,4.537513
17.536,FOLLOW_LANE,camera lane following,163.000,0.018750,0.750000,0,0,0,,,NONE,0.000000,0.000000,4.778124,4.421876
17.568,FOLLOW_LANE,camera lane following,164.500,0.028125,0.750000,0,0,0,,,NONE,0.000000,0.000000,4.845330,4.354670
17.600,FOLLOW_LANE,camera lane following,166.000,0.037500,0.750000,0,0,0,,,NONE,0.000000,0.000000,4.920354,4.279646
17.632,FOLLOW_LANE,camera lane following,145.250,-0.092188,0.750000,0,0,0,,,NONE,0.000000,0.000000,3.535138,5.664862
17.664,FOLLOW_LANE,camera lane following,137.750,-0.139063,0.750000,0,0,0,,,NONE,0.000000,0.000000,3.367080,5.832919
17.696,FOLLOW_LANE,camera lane following,138.250,-0.135937,0.750000,0,0,0,,,NONE,0.000000,0.000000,3.516993,5.683006
17.728,FOLLOW_LANE,camera lane following,151.500,-0.053125,0.750000,0,0,0,,,NONE,0.000000,0.000000,4.378678,4.821322
17.760,FOLLOW_LANE,camera lane following,152.000,-0.050000,0.750000,0,0,0,,,NONE,0.000000,0.000000,4.204427,4.995572
17.792,FOLLOW_LANE,camera lane following,151.500,-0.053125,0.750000,0,0,0,,,NONE,0.000000,0.000000,4.163768,5.036231
17.824,FOLLOW_LANE,camera lane following,152.000,-0.050000,0.750000,0,0,0,,,NONE,0.000000,0.000000,4.204361,4.995639
17.856,FOLLOW_LANE,camera lane following,153.000,-0.043750,0.750000,0,0,0,,,NONE,0.000000,0.000000,4.262146,4.937854
17.888,FOLLOW_LANE,camera lane following,154.000,-0.037500,0.750000,0,0,0,,,NONE,0.000000,0.000000,4.312122,4.887878
17.920,FOLLOW_LANE,camera lane following,154.000,-0.037500,0.750000,0,0,0,,,NONE,0.000000,0.000000,4.296473,4.903527
17.952,FOLLOW_LANE,camera lane following,152.500,-0.046875,0.750000,0,0,0,,,NONE,0.000000,0.000000,4.198005,5.001994
17.984,FOLLOW_LANE,camera lane following,153.500,-0.040625,0.750000,0,0,0,,,NONE,0.000000,0.000000,4.287042,4.912958
18.016,FOLLOW_LANE,camera lane following,154.000,-0.037500,0.750000,0,0,0,,,NONE,0.000000,0.000000,4.304205,4.895795
18.048,FOLLOW_LANE,camera lane following,154.500,-0.034375,0.750000,0,0,0,,,NONE,0.000000,0.000000,4.329183,4.870817
18.080,FOLLOW_LANE,camera lane following,154.500,-0.034375,0.750000,0,0,0,,,NONE,0.000000,0.000000,4.321349,4.878651
18.112,FOLLOW_LANE,camera lane following,155.000,-0.031250,0.750000,0,0,0,,,NONE,0.000000,0.000000,4.354141,4.845858
18.144,FOLLOW_LANE,camera lane following,156.000,-0.025000,0.750000,0,0,0,,,NONE,0.000000,0.000000,4.411938,4.788062
18.176,FOLLOW_LANE,camera lane following,156.500,-0.021875,0.750000,0,0,0,,,NONE,0.000000,0.000000,4.429111,4.770888
18.208,FOLLOW_LANE,camera lane following,157.000,-0.018750,0.750000,0,0,0,,,NONE,0.000000,0.000000,4.454099,4.745900
18.240,FOLLOW_LANE,camera lane following,157.500,-0.015625,0.750000,0,0,0,,,NONE,0.000000,0.000000,4.479089,4.720910
18.272,FOLLOW_LANE,camera lane following,158.500,-0.009375,0.750000,0,0,0,,,NONE,0.000000,0.000000,4.536896,4.663104
18.304,FOLLOW_LANE,camera lane following,159.000,-0.006250,0.750000,0,0,0,,,NONE,0.000000,0.000000,4.554079,4.645920
18.336,FOLLOW_LANE,camera lane following,161.000,0.006250,0.750000,0,0,0,,,NONE,0.000000,0.000000,4.677521,4.522479
18.368,FOLLOW_LANE,camera lane following,162.000,0.012500,0.750000,0,0,0,,,NONE,0.000000,0.000000,4.711904,4.488096
18.400,FOLLOW_LANE,camera lane following,164.000,0.025000,0.750000,0,0,0,,,NONE,0.000000,0.000000,4.827545,4.372455
18.432,FOLLOW_LANE,camera lane following,166.500,0.040625,0.750000,0,0,0,,,NONE,0.000000,0.000000,4.960383,4.239616
18.464,FOLLOW_LANE,camera lane following,159.000,-0.006250,0.750000,0,0,0,,,NONE,0.000000,0.000000,4.429129,4.770871
18.496,FOLLOW_LANE,camera lane following,137.000,-0.143750,0.750000,0,0,0,,,NONE,0.000000,0.000000,3.102475,6.097525
18.528,FOLLOW_LANE,camera lane following,137.750,-0.139063,0.750000,0,0,0,,,NONE,0.000000,0.000000,3.495355,5.704645
18.560,FOLLOW_LANE,camera lane following,130.500,-0.184375,0.750000,0,0,0,,,NONE,0.000000,0.000000,3.007737,6.192263
18.592,FOLLOW_LANE,camera lane following,152.000,-0.050000,0.750000,0,0,0,,,NONE,0.000000,0.000000,4.531923,4.668076
18.624,FOLLOW_LANE,camera lane following,150.500,-0.059375,0.750000,0,0,0,,,NONE,0.000000,0.000000,4.097510,5.102489
18.656,FOLLOW_LANE,camera lane following,151.500,-0.053125,0.750000,0,0,0,,,NONE,0.000000,0.000000,4.186539,5.013461
18.688,FOLLOW_LANE,camera lane following,151.000,-0.056250,0.750000,0,0,0,,,NONE,0.000000,0.000000,4.138065,5.061934
18.720,FOLLOW_LANE,camera lane following,153.000,-0.043750,0.750000,0,0,0,,,NONE,0.000000,0.000000,4.277100,4.922900
18.752,FOLLOW_LANE,camera lane following,154.000,-0.037500,0.750000,0,0,0,,,NONE,0.000000,0.000000,4.311451,4.888549
18.784,FOLLOW_LANE,camera lane following,152.500,-0.046875,0.750000,0,0,0,,,NONE,0.000000,0.000000,4.197358,5.002641
18.816,FOLLOW_LANE,camera lane following,153.000,-0.043750,0.750000,0,0,0,,,NONE,0.000000,0.000000,4.253580,4.946419
18.848,FOLLOW_LANE,camera lane following,153.000,-0.043750,0.750000,0,0,0,,,NONE,0.000000,0.000000,4.245740,4.954260
18.880,FOLLOW_LANE,camera lane following,153.500,-0.040625,0.750000,0,0,0,,,NONE,0.000000,0.000000,4.278526,4.921473
18.912,FOLLOW_LANE,camera lane following,154.000,-0.037500,0.750000,0,0,0,,,NONE,0.000000,0.000000,4.303502,4.896497
18.944,FOLLOW_LANE,camera lane following,155.000,-0.031250,0.750000,0,0,0,,,NONE,0.000000,0.000000,4.361295,4.838705
18.976,FOLLOW_LANE,camera lane following,155.000,-0.031250,0.750000,0,0,0,,,NONE,0.000000,0.000000,4.345650,4.854350
19.008,FOLLOW_LANE,camera lane following,155.500,-0.028125,0.750000,0,0,0,,,NONE,0.000000,0.000000,4.378444,4.821555
19.040,FOLLOW_LANE,camera lane following,156.000,-0.025000,0.750000,0,0,0,,,NONE,0.000000,0.000000,4.403428,4.796571
19.072,FOLLOW_LANE,camera lane following,157.000,-0.018750,0.750000,0,0,0,,,NONE,0.000000,0.000000,4.461229,4.738771
19.104,FOLLOW_LANE,camera lane following,158.000,-0.012500,0.750000,0,0,0,,,NONE,0.000000,0.000000,4.511221,4.688779
19.136,FOLLOW_LANE,camera lane following,159.000,-0.006250,0.750000,0,0,0,,,NONE,0.000000,0.000000,4.561217,4.638783
19.168,FOLLOW_LANE,camera lane following,160.000,0.000000,0.750000,0,0,0,,,NONE,0.000000,0.000000,4.611217,4.588783
19.200,FOLLOW_LANE,camera lane following,162.500,0.015625,0.750000,0,0,0,,,NONE,0.000000,0.000000,4.759664,4.440335
19.232,FOLLOW_LANE,camera lane following,164.000,0.025000,0.750000,0,0,0,,,NONE,0.000000,0.000000,4.819055,4.380945
19.264,FOLLOW_LANE,camera lane following,163.000,0.018750,0.750000,0,0,0,,,NONE,0.000000,0.000000,4.730005,4.469995
19.296,FOLLOW_LANE,camera lane following,140.000,-0.125000,0.750000,0,0,0,,,NONE,0.000000,0.000000,3.236175,5.963825
19.328,FOLLOW_LANE,camera lane following,137.000,-0.143750,0.750000,0,0,0,,,NONE,0.000000,0.000000,3.398583,5.801417
19.360,FOLLOW_LANE,camera lane following,137.500,-0.140625,0.750000,0,0,0,,,NONE,0.000000,0.000000,3.478180,5.721819
19.392,FOLLOW_LANE,camera lane following,151.500,-0.053125,0.750000,0,0,0,,,NONE,0.000000,0.000000,4.389084,4.810916
19.424,FOLLOW_LANE,camera lane following,157.000,-0.018750,0.750000,0,0,0,,,NONE,0.000000,0.000000,4.531259,4.668740
19.456,FOLLOW_LANE,camera lane following,154.500,-0.034375,0.750000,0,0,0,,,NONE,0.000000,0.000000,4.281237,4.918762
19.488,FOLLOW_LANE,camera lane following,154.000,-0.037500,0.750000,0,0,0,,,NONE,0.000000,0.000000,4.287463,4.912536
19.520,FOLLOW_LANE,camera lane following,154.500,-0.034375,0.750000,0,0,0,,,NONE,0.000000,0.000000,4.328066,4.871933
19.552,FOLLOW_LANE,camera lane following,156.250,-0.023438,0.750000,0,0,0,,,NONE,0.000000,0.000000,4.435083,4.764917
19.584,FOLLOW_LANE,camera lane following,155.500,-0.028125,0.750000,0,0,0,,,NONE,0.000000,0.000000,4.358502,4.841498
19.616,FOLLOW_LANE,camera lane following,152.000,-0.050000,0.750000,0,0,0,,,NONE,0.000000,0.000000,4.140501,5.059499
19.648,FOLLOW_LANE,camera lane following,152.000,-0.050000,0.750000,0,0,0,,,NONE,0.000000,0.000000,4.195157,5.004843
19.680,FOLLOW_LANE,camera lane following,152.500,-0.046875,0.750000,0,0,0,,,NONE,0.000000,0.000000,4.227939,4.972060
19.712,FOLLOW_LANE,camera lane following,153.000,-0.043750,0.750000,0,0,0,,,NONE,0.000000,0.000000,4.252911,4.947088
19.744,FOLLOW_LANE,camera lane following,153.000,-0.043750,0.750000,0,0,0,,,NONE,0.000000,0.000000,4.245071,4.954929
19.776,FOLLOW_LANE,camera lane following,154.500,-0.034375,0.750000,0,0,0,,,NONE,0.000000,0.000000,4.343487,4.856513
19.808,FOLLOW_LANE,camera lane following,155.000,-0.031250,0.750000,0,0,0,,,NONE,0.000000,0.000000,4.352841,4.847158
19.840,FOLLOW_LANE,camera lane following,155.750,-0.026562,0.750000,0,0,0,,,NONE,0.000000,0.000000,4.394231,4.805769
19.872,FOLLOW_LANE,camera lane following,156.500,-0.021875,0.750000,0,0,0,,,NONE,0.000000,0.000000,4.431717,4.768283
19.904,FOLLOW_LANE,camera lane following,157.500,-0.015625,0.750000,0,0,0,,,NONE,0.000000,0.000000,4.485613,4.714387
19.936,FOLLOW_LANE,camera lane following,159.000,-0.006250,0.750000,0,0,0,,,NONE,0.000000,0.000000,4.568421,4.631578
19.968,FOLLOW_LANE,camera lane following,159.500,-0.003125,0.750000,0,0,0,,,NONE,0.000000,0.000000,4.610609,4.589391
20.000,FOLLOW_LANE,camera lane following,161.000,0.006250,0.750000,0,0,0,,,NONE,0.000000,0.000000,4.660613,4.539387
20.032,FOLLOW_LANE,camera lane following,162.500,0.015625,0.750000,0,0,0,,,NONE,0.000000,0.000000,4.743435,4.456564
20.064,FOLLOW_LANE,camera lane following,164.000,0.025000,0.750000,0,0,0,,,NONE,0.000000,0.000000,4.818452,4.381548
20.096,FOLLOW_LANE,camera lane following,151.500,-0.053125,0.750000,0,0,0,,,NONE,0.000000,0.000000,3.974667,5.225332
20.128,FOLLOW_LANE,camera lane following,136.000,-0.150000,0.750000,0,0,0,,,NONE,0.000000,0.000000,3.152696,6.047303
20.160,FOLLOW_LANE,camera lane following,138.000,-0.137500,0.750000,0,0,0,,,NONE,0.000000,0.000000,3.526046,5.673954
20.192,FOLLOW_LANE,camera lane following,137.000,-0.143750,0.750000,0,0,0,,,NONE,0.000000,0.000000,3.429079,5.770921
20.224,FOLLOW_LANE,camera lane following,144.500,-0.096875,0.750000,0,0,0,,,NONE,0.000000,0.000000,3.936829,5.263170
20.256,FOLLOW_LANE,camera lane following,146.500,-0.084375,0.750000,0,0,0,,,NONE,0.000000,0.000000,3.950838,5.249162
20.288,FOLLOW_LANE,camera lane following,139.000,-0.131250,0.750000,0,0,0,,,NONE,0.000000,0.000000,3.427316,5.772683
20.320,FOLLOW_LANE,camera lane following,139.750,-0.126562,0.750000,0,0,0,,,NONE,0.000000,0.000000,3.593642,5.606358
20.352,FOLLOW_LANE,camera lane following,144.000,-0.100000,0.750000,0,0,0,,,NONE,0.000000,0.000000,3.860765,5.339235
20.384,FOLLOW_LANE,camera lane following,147.000,-0.081250,0.750000,0,0,0,,,NONE,0.000000,0.000000,3.991182,5.208818
20.416,FOLLOW_LANE,camera lane following,149.000,-0.068750,0.750000,0,0,0,,,NONE,0.000000,0.000000,4.075513,5.124487
20.448,FOLLOW_LANE,camera lane following,151.500,-0.053125,0.750000,0,0,0,,,NONE,0.000000,0.000000,4.208291,4.991708
20.480,FOLLOW_LANE,camera lane following,153.000,-0.043750,0.750000,0,0,0,,,NONE,0.000000,0.000000,4.267638,4.932361
20.512,FOLLOW_LANE,camera lane following,153.500,-0.040625,0.750000,0,0,0,,,NONE,0.000000,0.000000,4.276987,4.923012
20.544,FOLLOW_LANE,camera lane following,155.250,-0.029687,0.750000,0,0,0,,,NONE,0.000000,0.000000,4.384000,4.816000
20.576,FOLLOW_LANE,camera lane following,155.000,-0.031250,0.750000,0,0,0,,,NONE,0.000000,0.000000,4.340230,4.859770
20.608,FOLLOW_LANE,camera lane following,156.000,-0.025000,0.750000,0,0,0,,,NONE,0.000000,0.000000,4.409745,4.790255
20.640,FOLLOW_LANE,camera lane following,156.500,-0.021875,0.750000,0,0,0,,,NONE,0.000000,0.000000,4.426918,4.773081
20.672,FOLLOW_LANE,camera lane following,156.500,-0.021875,0.750000,0,0,0,,,NONE,0.000000,0.000000,4.419092,4.780908
20.704,FOLLOW_LANE,camera lane following,156.500,-0.021875,0.750000,0,0,0,,,NONE,0.000000,0.000000,4.419078,4.780922
20.736,FOLLOW_LANE,camera lane following,152.500,-0.046875,0.750000,0,0,0,,,NONE,0.000000,0.000000,4.156548,5.043452
20.768,FOLLOW_LANE,camera lane following,156.000,-0.025000,0.750000,0,0,0,,,NONE,0.000000,0.000000,4.448719,4.751281
20.800,FOLLOW_LANE,camera lane following,154.000,-0.037500,0.750000,0,0,0,,,NONE,0.000000,0.000000,4.262758,4.937242
20.832,FOLLOW_LANE,camera lane following,154.000,-0.037500,0.750000,0,0,0,,,NONE,0.000000,0.000000,4.293984,4.906016
20.864,FOLLOW_LANE,camera lane following,140.500,-0.121875,0.750000,0,0,0,,,NONE,0.000000,0.000000,3.407968,5.792032
20.896,FOLLOW_LANE,camera lane following,139.250,-0.129688,0.750000,0,0,0,,,NONE,0.000000,0.000000,3.536792,5.663208
20.928,FOLLOW_LANE,camera lane following,140.000,-0.125000,0.750000,0,0,0,,,NONE,0.000000,0.000000,3.605462,5.594538
20.960,FOLLOW_LANE,camera lane following,142.500,-0.109375,0.750000,0,0,0,,,NONE,0.000000,0.000000,3.757735,5.442264
20.992,FOLLOW_LANE,camera lane following,145.000,-0.093750,0.750000,0,0,0,,,NONE,0.000000,0.000000,3.882675,5.317324
21.024,FOLLOW_LANE,camera lane following,145.750,-0.089063,0.750000,0,0,0,,,NONE,0.000000,0.000000,3.892775,5.307225
21.056,FOLLOW_LANE,camera lane following,141.500,-0.115625,0.750000,0,0,0,,,NONE,0.000000,0.000000,3.602076,5.597924
21.088,FOLLOW_LANE,camera lane following,116.000,-0.275000,0.866477,0,0,0,,,NONE,0.000000,0.000000,1.994868,6.280000
21.120,FOLLOW_LANE,camera lane following,113.000,-0.293750,0.901989,0,0,0,,,NONE,0.000000,0.000000,2.196243,6.280000
21.152,FOLLOW_LANE,camera lane following,117.000,-0.268750,0.909091,0,0,0,,,NONE,0.000000,0.000000,2.505446,6.280000
21.184,FOLLOW_LANE,camera lane following,116.500,-0.271875,0.912642,0,0,0,,,NONE,0.000000,0.000000,2.409959,6.280000
21.216,FOLLOW_LANE,camera lane following,115.500,-0.278125,0.912642,0,0,0,,,NONE,0.000000,0.000000,2.351969,6.280000
21.248,FOLLOW_LANE,camera lane following,115.000,-0.281250,0.916193,0,0,0,,,NONE,0.000000,0.000000,2.334601,6.280000
21.280,FOLLOW_LANE,camera lane following,114.000,-0.287500,0.916193,0,0,0,,,NONE,0.000000,0.000000,2.276605,6.280000
21.312,FOLLOW_LANE,camera lane following,117.250,-0.267188,0.910866,0,0,0,,,NONE,0.000000,0.000000,2.505340,6.280000
21.344,FOLLOW_LANE,camera lane following,119.000,-0.256250,0.880682,0,0,0,,,NONE,0.000000,0.000000,2.569239,6.280000
21.376,FOLLOW_LANE,camera lane following,123.000,-0.231250,0.852273,0,0,0,,,NONE,0.000000,0.000000,2.804247,6.280000
21.408,FOLLOW_LANE,camera lane following,140.500,-0.121875,0.750000,0,0,0,,,NONE,0.000000,0.000000,3.890106,5.309893
21.440,FOLLOW_LANE,camera lane following,146.500,-0.084375,0.750000,0,0,0,,,NONE,0.000000,0.000000,4.010365,5.189635
21.472,FOLLOW_LANE,camera lane following,151.500,-0.053125,0.750000,0,0,0,,,NONE,0.000000,0.000000,4.244706,4.955294
21.504,FOLLOW_LANE,camera lane following,154.000,-0.037500,0.750000,0,0,0,,,NONE,0.000000,0.000000,4.330620,4.869380
21.536,FOLLOW_LANE,camera lane following,155.500,-0.028125,0.750000,0,0,0,,,NONE,0.000000,0.000000,4.389976,4.810023
21.568,FOLLOW_LANE,camera lane following,156.500,-0.021875,0.750000,0,0,0,,,NONE,0.000000,0.000000,4.432150,4.767850
21.600,FOLLOW_LANE,camera lane following,157.000,-0.018750,0.750000,0,0,0,,,NONE,0.000000,0.000000,4.449325,4.750674
21.632,FOLLOW_LANE,camera lane following,157.500,-0.015625,0.750000,0,0,0,,,NONE,0.000000,0.000000,4.474315,4.725684
21.664,FOLLOW_LANE,camera lane following,158.000,-0.012500,0.750000,0,0,0,,,NONE,0.000000,0.000000,4.499307,4.700692
21.696,FOLLOW_LANE,camera lane following,159.000,-0.006250,0.750000,0,0,0,,,NONE,0.000000,0.000000,4.557116,4.642884
21.728,FOLLOW_LANE,camera lane following,159.000,-0.006250,0.750000,0,0,0,,,NONE,0.000000,0.000000,4.541487,4.658513
21.760,FOLLOW_LANE,camera lane following,159.500,-0.003125,0.750000,0,0,0,,,NONE,0.000000,0.000000,4.607112,4.592888
21.792,FOLLOW_LANE,camera lane following,159.500,-0.003125,0.750000,0,0,0,,,NONE,0.000000,0.000000,4.591487,4.608513
21.824,FOLLOW_LANE,camera lane following,160.000,0.000000,0.750000,0,0,0,,,NONE,0.000000,0.000000,4.591487,4.608513
21.856,FOLLOW_LANE,camera lane following,160.000,0.000000,0.750000,0,0,0,,,NONE,0.000000,0.000000,4.591487,4.608513
21.888,FOLLOW_LANE,camera lane following,160.000,0.000000,0.750000,0,0,0,,,NONE,0.000000,0.000000,4.591487,4.608513
21.920,FOLLOW_LANE,camera lane following,160.500,0.003125,0.750000,0,0,0,,,NONE,0.000000,0.000000,4.591487,4.608513
21.952,FOLLOW_LANE,camera lane following,161.000,0.006250,0.750000,0,0,0,,,NONE,0.000000,0.000000,4.657116,4.542884
21.984,FOLLOW_LANE,camera lane following,161.500,0.009375,0.750000,0,0,0,,,NONE,0.000000,0.000000,4.674309,4.525690
22.016,FOLLOW_LANE,camera lane following,162.500,0.015625,0.750000,0,0,0,,,NONE,0.000000,0.000000,4.732132,4.467868
22.048,FOLLOW_LANE,camera lane following,163.500,0.021875,0.750000,0,0,0,,,NONE,0.000000,0.000000,4.782146,4.417854
22.080,FOLLOW_LANE,camera lane following,164.500,0.028125,0.750000,0,0,0,,,NONE,0.000000,0.000000,4.832164,4.367836
22.112,FOLLOW_LANE,camera lane following,165.000,0.031250,0.750000,0,0,0,,,NONE,0.000000,0.000000,4.849371,4.350629
22.144,FOLLOW_LANE,camera lane following,166.000,0.037500,0.750000,0,0,0,,,NONE,0.000000,0.000000,4.907208,4.292792
22.176,FOLLOW_LANE,camera lane following,166.000,0.037500,0.750000,0,0,0,,,NONE,0.000000,0.000000,4.891607,4.308393
22.208,FOLLOW_LANE,camera lane following,166.500,0.040625,0.750000,0,0,0,,,NONE,0.000000,0.000000,4.924446,4.275554
22.240,FOLLOW_LANE,camera lane following,166.500,0.040625,0.750000,0,0,0,,,NONE,0.000000,0.000000,4.916659,4.283341
22.272,FOLLOW_LANE,camera lane following,166.500,0.040625,0.750000,0,0,0,,,NONE,0.000000,0.000000,4.916685,4.283315
22.304,FOLLOW_LANE,camera lane following,167.000,0.043750,0.750000,0,0,0,,,NONE,0.000000,0.000000,4.949526,4.250474
22.336,FOLLOW_LANE,camera lane following,167.000,0.043750,0.750000,0,0,0,,,NONE,0.000000,0.000000,4.941741,4.258259
22.368,FOLLOW_LANE,camera lane following,167.000,0.043750,0.750000,0,0,0,,,NONE,0.000000,0.000000,4.941769,4.258231
22.400,FOLLOW_LANE,camera lane following,167.000,0.043750,0.750000,0,0,0,,,NONE,0.000000,0.000000,4.941797,4.258203
22.432,FOLLOW_LANE,camera lane following,167.000,0.043750,0.750000,0,0,0,,,NONE,0.000000,0.000000,4.941825,4.258175
22.464,FOLLOW_LANE,camera lane following,166.500,0.040625,0.750000,0,0,0,,,NONE,0.000000,0.000000,4.909038,4.290961
22.496,FOLLOW_LANE,camera lane following,166.500,0.040625,0.750000,0,0,0,,,NONE,0.000000,0.000000,4.916877,4.283123
22.528,FOLLOW_LANE,camera lane following,166.500,0.040625,0.750000,0,0,0,,,NONE,0.000000,0.000000,4.916903,4.283097
22.560,FOLLOW_LANE,camera lane following,166.500,0.040625,0.750000,0,0,0,,,NONE,0.000000,0.000000,4.916929,4.283071
22.592,FOLLOW_LANE,camera lane following,166.500,0.040625,0.750000,0,0,0,,,NONE,0.000000,0.000000,4.916955,4.283045
22.624,FOLLOW_LANE,camera lane following,166.000,0.037500,0.750000,0,0,0,,,NONE,0.000000,0.000000,4.884166,4.315834
22.656,FOLLOW_LANE,camera lane following,166.000,0.037500,0.750000,0,0,0,,,NONE,0.000000,0.000000,4.892003,4.307997
22.688,FOLLOW_LANE,camera lane following,166.000,0.037500,0.750000,0,0,0,,,NONE,0.000000,0.000000,4.892027,4.307973
22.720,FOLLOW_LANE,camera lane following,165.500,0.034375,0.750000,0,0,0,,,NONE,0.000000,0.000000,4.859236,4.340763
22.752,FOLLOW_LANE,camera lane following,165.000,0.031250,0.750000,0,0,0,,,NONE,0.000000,0.000000,4.834256,4.365743
22.784,FOLLOW_LANE,camera lane following,164.500,0.028125,0.750000,0,0,0,,,NONE,0.000000,0.000000,4.809274,4.390725
22.816,FOLLOW_LANE,camera lane following,163.500,0.021875,0.750000,0,0,0,,,NONE,0.000000,0.000000,4.751476,4.448524
22.848,FOLLOW_LANE,camera lane following,163.000,0.018750,0.750000,0,0,0,,,NONE,0.000000,0.000000,4.734300,4.465699
22.880,FOLLOW_LANE,camera lane following,162.500,0.015625,0.750000,0,0,0,,,NONE,0.000000,0.000000,4.709310,4.490689
22.912,FOLLOW_LANE,camera lane following,161.500,0.009375,0.750000,0,0,0,,,NONE,0.000000,0.000000,4.651504,4.548496
22.944,FOLLOW_LANE,camera lane following,161.000,0.006250,0.750000,0,0,0,,,NONE,0.000000,0.000000,4.634320,4.565679
22.976,FOLLOW_LANE,camera lane following,161.000,0.006250,0.750000,0,0,0,,,NONE,0.000000,0.000000,4.642137,4.557863
23.008,FOLLOW_LANE,camera lane following,160.500,0.003125,0.750000,0,0,0,,,NONE,0.000000,0.000000,4.576512,4.623488
23.040,FOLLOW_LANE,camera lane following,160.500,0.003125,0.750000,0,0,0,,,NONE,0.000000,0.000000,4.592137,4.607863
23.072,FOLLOW_LANE,camera lane following,160.000,0.000000,0.750000,0,0,0,,,NONE,0.000000,0.000000,4.592137,4.607863
23.104,FOLLOW_LANE,camera lane following,160.000,0.000000,0.750000,0,0,0,,,NONE,0.000000,0.000000,4.592137,4.607863
23.136,FOLLOW_LANE,camera lane following,159.000,-0.006250,0.750000,0,0,0,,,NONE,0.000000,0.000000,4.526508,4.673492
23.168,FOLLOW_LANE,camera lane following,159.000,-0.006250,0.750000,0,0,0,,,NONE,0.000000,0.000000,4.542129,4.657871
23.200,FOLLOW_LANE,camera lane following,158.500,-0.009375,0.750000,0,0,0,,,NONE,0.000000,0.000000,4.509310,4.690689
23.232,FOLLOW_LANE,camera lane following,158.500,-0.009375,0.750000,0,0,0,,,NONE,0.000000,0.000000,4.517117,4.682883
23.264,FOLLOW_LANE,camera lane following,157.500,-0.015625,0.750000,0,0,0,,,NONE,0.000000,0.000000,4.451482,4.748518
23.296,FOLLOW_LANE,camera lane following,157.500,-0.015625,0.750000,0,0,0,,,NONE,0.000000,0.000000,4.467097,4.732903
23.328,FOLLOW_LANE,camera lane following,157.000,-0.018750,0.750000,0,0,0,,,NONE,0.000000,0.000000,4.434272,4.765727
23.360,FOLLOW_LANE,camera lane following,156.500,-0.021875,0.750000,0,0,0,,,NONE,0.000000,0.000000,4.409258,4.790741
23.392,FOLLOW_LANE,camera lane following,156.500,-0.021875,0.750000,0,0,0,,,NONE,0.000000,0.000000,4.417057,4.782943
23.424,FOLLOW_LANE,camera lane following,156.000,-0.025000,0.750000,0,0,0,,,NONE,0.000000,0.000000,4.384228,4.815771
23.456,FOLLOW_LANE,camera lane following,156.000,-0.025000,0.750000,0,0,0,,,NONE,0.000000,0.000000,4.392025,4.807975
23.488,FOLLOW_LANE,camera lane following,156.000,-0.025000,0.750000,0,0,0,,,NONE,0.000000,0.000000,4.392009,4.807991
23.520,FOLLOW_LANE,camera lane following,156.500,-0.021875,0.750000,0,0,0,,,NONE,0.000000,0.000000,4.424808,4.775192
23.552,FOLLOW_LANE,camera lane following,156.000,-0.025000,0.750000,0,0,0,,,NONE,0.000000,0.000000,4.384166,4.815834
23.584,FOLLOW_LANE,camera lane following,155.500,-0.028125,0.750000,0,0,0,,,NONE,0.000000,0.000000,4.359148,4.840851
23.616,FOLLOW_LANE,camera lane following,155.000,-0.031250,0.750000,0,0,0,,,NONE,0.000000,0.000000,4.334128,4.865871
23.648,FOLLOW_LANE,camera lane following,156.000,-0.025000,0.750000,0,0,0,,,NONE,0.000000,0.000000,4.407550,4.792450
23.680,FOLLOW_LANE,camera lane following,156.000,-0.025000,0.750000,0,0,0,,,NONE,0.000000,0.000000,4.391909,4.808091
23.712,FOLLOW_LANE,camera lane following,151.000,-0.056250,0.750000,0,0,0,,,NONE,0.000000,0.000000,4.063748,5.136252
23.744,FOLLOW_LANE,camera lane following,148.500,-0.071875,0.750000,0,0,0,,,NONE,0.000000,0.000000,3.977764,5.222236
23.776,FOLLOW_LANE,camera lane following,146.500,-0.084375,0.750000,0,0,0,,,NONE,0.000000,0.000000,3.885523,5.314477
23.808,FOLLOW_LANE,camera lane following,145.000,-0.093750,0.750000,0,0,0,,,NONE,0.000000,0.000000,3.818275,5.381724
23.840,FOLLOW_LANE,camera lane following,143.500,-0.103125,0.750000,0,0,0,,,NONE,0.000000,0.000000,3.743209,5.456790
23.872,FOLLOW_LANE,camera lane following,143.500,-0.103125,0.750000,0,0,0,,,NONE,0.000000,0.000000,3.766581,5.433419
23.904,FOLLOW_LANE,camera lane following,142.500,-0.109375,0.750000,0,0,0,,,NONE,0.000000,0.000000,3.700886,5.499114
23.936,FOLLOW_LANE,camera lane following,143.000,-0.106250,0.750000,0,0,0,,,NONE,0.000000,0.000000,3.749255,5.450744
23.968,FOLLOW_LANE,camera lane following,143.000,-0.106250,0.750000,0,0,0,,,NONE,0.000000,0.000000,3.741375,5.458625
24.000,FOLLOW_LANE,camera lane following,143.500,-0.103125,0.750000,0,0,0,,,NONE,0.000000,0.000000,3.774121,5.425878
24.032,FOLLOW_LANE,camera lane following,143.500,-0.103125,0.750000,0,0,0,,,NONE,0.000000,0.000000,3.766243,5.433757
24.064,FOLLOW_LANE,camera lane following,144.000,-0.100000,0.750000,0,0,0,,,NONE,0.000000,0.000000,3.798991,5.401008
24.096,FOLLOW_LANE,camera lane following,144.500,-0.096875,0.750000,0,0,0,,,NONE,0.000000,0.000000,3.823929,5.376070
24.128,FOLLOW_LANE,camera lane following,146.000,-0.087500,0.750000,0,0,0,,,NONE,0.000000,0.000000,3.914498,5.285501
24.160,FOLLOW_LANE,camera lane following,147.000,-0.081250,0.750000,0,0,0,,,NONE,0.000000,0.000000,3.956634,5.243366
24.192,FOLLOW_LANE,camera lane following,148.000,-0.075000,0.750000,0,0,0,,,NONE,0.000000,0.000000,4.006586,5.193414
24.224,FOLLOW_LANE,camera lane following,149.000,-0.068750,0.750000,0,0,0,,,NONE,0.000000,0.000000,4.056542,5.143458
24.256,FOLLOW_LANE,camera lane following,151.000,-0.056250,0.750000,0,0,0,,,NONE,0.000000,0.000000,4.172131,5.027869
24.288,FOLLOW_LANE,camera lane following,153.000,-0.043750,0.750000,0,0,0,,,NONE,0.000000,0.000000,4.272103,4.927897
24.320,FOLLOW_LANE,camera lane following,155.500,-0.028125,0.750000,0,0,0,,,NONE,0.000000,0.000000,4.404897,4.795102
24.352,FOLLOW_LANE,camera lane following,154.000,-0.037500,0.750000,0,0,0,,,NONE,0.000000,0.000000,4.267373,4.932626
24.384,FOLLOW_LANE,camera lane following,154.500,-0.034375,0.750000,0,0,0,,,NONE,0.000000,0.000000,4.323601,4.876398
24.416,FOLLOW_LANE,camera lane following,155.500,-0.028125,0.750000,0,0,0,,,NONE,0.000000,0.000000,4.381396,4.818604
24.448,FOLLOW_LANE,camera lane following,154.500,-0.034375,0.750000,0,0,0,,,NONE,0.000000,0.000000,4.300124,4.899876
24.480,FOLLOW_LANE,camera lane following,151.500,-0.053125,0.750000,0,0,0,,,NONE,0.000000,0.000000,4.118840,5.081160
24.512,FOLLOW_LANE,camera lane following,151.000,-0.056250,0.750000,0,0,0,,,NONE,0.000000,0.000000,4.132866,5.067133
24.544,FOLLOW_LANE,camera lane following,150.500,-0.059375,0.750000,0,0,0,,,NONE,0.000000,0.000000,4.107829,5.092171
24.576,FOLLOW_LANE,camera lane following,150.500,-0.059375,0.750000,0,0,0,,,NONE,0.000000,0.000000,4.115603,5.084397
24.608,FOLLOW_LANE,camera lane following,150.000,-0.062500,0.750000,0,0,0,,,NONE,0.000000,0.000000,4.082750,5.117249
24.640,FOLLOW_LANE,camera lane following,150.000,-0.062500,0.750000,0,0,0,,,NONE,0.000000,0.000000,4.090523,5.109477
24.672,FOLLOW_LANE,camera lane following,150.000,-0.062500,0.750000,0,0,0,,,NONE,0.000000,0.000000,4.090483,5.109517
24.704,FOLLOW_LANE,camera lane following,150.500,-0.059375,0.750000,0,0,0,,,NONE,0.000000,0.000000,4.123257,5.076742
24.736,FOLLOW_LANE,camera lane following,150.500,-0.059375,0.750000,0,0,0,,,NONE,0.000000,0.000000,4.115407,5.084593
24.768,FOLLOW_LANE,camera lane following,151.000,-0.056250,0.750000,0,0,0,,,NONE,0.000000,0.000000,4.148184,5.051816
24.800,FOLLOW_LANE,camera lane following,152.000,-0.050000,0.750000,0,0,0,,,NONE,0.000000,0.000000,4.205964,4.994036
24.832,FOLLOW_LANE,camera lane following,152.000,-0.050000,0.750000,0,0,0,,,NONE,0.000000,0.000000,4.190307,5.009693
24.864,FOLLOW_LANE,camera lane following,152.500,-0.046875,0.750000,0,0,0,,,NONE,0.000000,0.000000,4.223089,4.976910
24.896,FOLLOW_LANE,camera lane following,153.000,-0.043750,0.750000,0,0,0,,,NONE,0.000000,0.000000,4.248061,4.951938
24.928,FOLLOW_LANE,camera lane following,153.500,-0.040625,0.750000,0,0,0,,,NONE,0.000000,0.000000,4.273035,4.926964
24.960,FOLLOW_LANE,camera lane following,153.500,-0.040625,0.750000,0,0,0,,,NONE,0.000000,0.000000,4.265197,4.934803
24.992,FOLLOW_LANE,camera lane following,154.500,-0.034375,0.750000,0,0,0,,,NONE,0.000000,0.000000,4.330800,4.869200
25.024,FOLLOW_LANE,camera lane following,154.500,-0.034375,0.750000,0,0,0,,,NONE,0.000000,0.000000,4.315153,4.884847
25.056,FOLLOW_LANE,camera lane following,155.500,-0.028125,0.750000,0,0,0,,,NONE,0.000000,0.000000,4.380760,4.819240
25.088,FOLLOW_LANE,camera lane following,160.000,0.000000,0.750000,0,0,0,,,NONE,0.000000,0.000000,4.660448,4.539552
25.120,FOLLOW_LANE,camera lane following,157.000,-0.018750,0.750000,0,0,0,,,NONE,0.000000,0.000000,4.393248,4.806752
25.152,FOLLOW_LANE,camera lane following,157.500,-0.015625,0.750000,0,0,0,,,NONE,0.000000,0.000000,4.472925,4.727074
25.184,FOLLOW_LANE,camera lane following,157.000,-0.018750,0.750000,0,0,0,,,NONE,0.000000,0.000000,4.432288,4.767711
25.216,FOLLOW_LANE,camera lane following,155.500,-0.028125,0.750000,0,0,0,,,NONE,0.000000,0.000000,4.341645,4.858354
25.248,FOLLOW_LANE,camera lane following,154.500,-0.034375,0.750000,0,0,0,,,NONE,0.000000,0.000000,4.299436,4.900564
25.280,FOLLOW_LANE,camera lane following,154.500,-0.034375,0.750000,0,0,0,,,NONE,0.000000,0.000000,4.315039,4.884961
25.312,FOLLOW_LANE,camera lane following,154.000,-0.037500,0.750000,0,0,0,,,NONE,0.000000,0.000000,4.282202,4.917797
25.344,FOLLOW_LANE,camera lane following,153.500,-0.040625,0.750000,0,0,0,,,NONE,0.000000,0.000000,4.257176,4.942823
25.376,FOLLOW_LANE,camera lane following,153.500,-0.040625,0.750000,0,0,0,,,NONE,0.000000,0.000000,4.264963,4.935037
25.408,FOLLOW_LANE,camera lane following,153.000,-0.043750,0.750000,0,0,0,,,NONE,0.000000,0.000000,4.232123,4.967877
25.440,FOLLOW_LANE,camera lane following,153.500,-0.040625,0.750000,0,0,0,,,NONE,0.000000,0.000000,4.272721,4.927278
25.472,FOLLOW_LANE,camera lane following,153.000,-0.043750,0.750000,0,0,0,,,NONE,0.000000,0.000000,4.232068,4.967931
25.504,FOLLOW_LANE,camera lane following,153.000,-0.043750,0.750000,0,0,0,,,NONE,0.000000,0.000000,4.239853,4.960147
25.536,FOLLOW_LANE,camera lane following,153.000,-0.043750,0.750000,0,0,0,,,NONE,0.000000,0.000000,4.239825,4.960175
25.568,FOLLOW_LANE,camera lane following,153.000,-0.043750,0.750000,0,0,0,,,NONE,0.000000,0.000000,4.239797,4.960203
25.600,FOLLOW_LANE,camera lane following,153.000,-0.043750,0.750000,0,0,0,,,NONE,0.000000,0.000000,4.239769,4.960231
25.632,FOLLOW_LANE,camera lane following,153.500,-0.040625,0.750000,0,0,0,,,NONE,0.000000,0.000000,4.272555,4.927445
25.664,FOLLOW_LANE,camera lane following,153.500,-0.040625,0.750000,0,0,0,,,NONE,0.000000,0.000000,4.264717,4.935283
25.696,FOLLOW_LANE,camera lane following,153.500,-0.040625,0.750000,0,0,0,,,NONE,0.000000,0.000000,4.264691,4.935309
25.728,FOLLOW_LANE,camera lane following,154.000,-0.037500,0.750000,0,0,0,,,NONE,0.000000,0.000000,4.297479,4.902520
25.760,FOLLOW_LANE,camera lane following,154.500,-0.034375,0.750000,0,0,0,,,NONE,0.000000,0.000000,4.322457,4.877542
25.792,FOLLOW_LANE,camera lane following,154.000,-0.037500,0.750000,0,0,0,,,NONE,0.000000,0.000000,4.281808,4.918191
25.824,FOLLOW_LANE,camera lane following,155.000,-0.031250,0.750000,0,0,0,,,NONE,0.000000,0.000000,4.355226,4.844774
25.856,FOLLOW_LANE,camera lane following,159.250,-0.004687,0.750000,0,0,0,,,NONE,0.000000,0.000000,4.667726,4.532274
25.888,FOLLOW_LANE,camera lane following,156.000,-0.025000,0.750000,0,0,0,,,NONE,0.000000,0.000000,4.327085,4.872915
25.920,FOLLOW_LANE,camera lane following,157.000,-0.018750,0.750000,0,0,0,,,NONE,0.000000,0.000000,4.455198,4.744802
25.952,FOLLOW_LANE,camera lane following,157.000,-0.018750,0.750000,0,0,0,,,NONE,0.000000,0.000000,4.439561,4.760439
25.984,FOLLOW_LANE,camera lane following,156.000,-0.025000,0.750000,0,0,0,,,NONE,0.000000,0.000000,4.373920,4.826080
26.016,FOLLOW_LANE,camera lane following,154.500,-0.034375,0.750000,0,0,0,,,NONE,0.000000,0.000000,4.291085,4.908914
26.048,FOLLOW_LANE,camera lane following,154.000,-0.037500,0.750000,0,0,0,,,NONE,0.000000,0.000000,4.281686,4.918314
26.080,FOLLOW_LANE,camera lane following,153.500,-0.040625,0.750000,0,0,0,,,NONE,0.000000,0.000000,4.256660,4.943339
26.112,FOLLOW_LANE,camera lane following,153.000,-0.043750,0.750000,0,0,0,,,NONE,0.000000,0.000000,4.231632,4.968367
26.144,FOLLOW_LANE,camera lane following,152.500,-0.046875,0.750000,0,0,0,,,NONE,0.000000,0.000000,4.206602,4.993397
26.176,FOLLOW_LANE,camera lane following,152.500,-0.046875,0.750000,0,0,0,,,NONE,0.000000,0.000000,4.214385,4.985615
26.208,FOLLOW_LANE,camera lane following,152.000,-0.050000,0.750000,0,0,0,,,NONE,0.000000,0.000000,4.181540,5.018459
26.240,FOLLOW_LANE,camera lane following,152.000,-0.050000,0.750000,0,0,0,,,NONE,0.000000,0.000000,4.189321,5.010679
26.272,FOLLOW_LANE,camera lane following,151.500,-0.053125,0.750000,0,0,0,,,NONE,0.000000,0.000000,4.156474,5.043525
26.304,FOLLOW_LANE,camera lane following,151.500,-0.053125,0.750000,0,0,0,,,NONE,0.000000,0.000000,4.164253,5.035747
26.336,FOLLOW_LANE,camera lane following,152.000,-0.050000,0.750000,0,0,0,,,NONE,0.000000,0.000000,4.197033,5.002966
26.368,FOLLOW_LANE,camera lane following,152.000,-0.050000,0.750000,0,0,0,,,NONE,0.000000,0.000000,4.189189,5.010811
26.400,FOLLOW_LANE,camera lane following,152.000,-0.050000,0.750000,0,0,0,,,NONE,0.000000,0.000000,4.189157,5.010843
26.432,FOLLOW_LANE,camera lane following,152.500,-0.046875,0.750000,0,0,0,,,NONE,0.000000,0.000000,4.221939,4.978060
26.464,FOLLOW_LANE,camera lane following,152.500,-0.046875,0.750000,0,0,0,,,NONE,0.000000,0.000000,4.214097,4.985903
26.496,FOLLOW_LANE,camera lane following,153.000,-0.043750,0.750000,0,0,0,,,NONE,0.000000,0.000000,4.246881,4.953118
26.528,FOLLOW_LANE,camera lane following,153.500,-0.040625,0.750000,0,0,0,,,NONE,0.000000,0.000000,4.271856,4.928144
26.560,FOLLOW_LANE,camera lane following,153.500,-0.040625,0.750000,0,0,0,,,NONE,0.000000,0.000000,4.264017,4.935983
26.592,FOLLOW_LANE,camera lane following,154.500,-0.034375,0.750000,0,0,0,,,NONE,0.000000,0.000000,4.329620,4.870380
26.624,FOLLOW_LANE,camera lane following,159.500,-0.003125,0.750000,0,0,0,,,NONE,0.000000,0.000000,4.674932,4.525067
26.656,FOLLOW_LANE,camera lane following,156.000,-0.025000,0.750000,0,0,0,,,NONE,0.000000,0.000000,4.326479,4.873521
26.688,FOLLOW_LANE,camera lane following,156.500,-0.021875,0.750000,0,0,0,,,NONE,0.000000,0.000000,4.421777,4.778223
26.720,FOLLOW_LANE,camera lane following,157.000,-0.018750,0.750000,0,0,0,,,NONE,0.000000,0.000000,4.446765,4.753234
26.752,FOLLOW_LANE,camera lane following,156.500,-0.021875,0.750000,0,0,0,,,NONE,0.000000,0.000000,4.406127,4.793873
26.784,FOLLOW_LANE,camera lane following,154.500,-0.034375,0.750000,0,0,0,,,NONE,0.000000,0.000000,4.282667,4.917333
26.816,FOLLOW_LANE,camera lane following,154.000,-0.037500,0.750000,0,0,0,,,NONE,0.000000,0.000000,4.281080,4.918919
26.848,FOLLOW_LANE,camera lane following,153.500,-0.040625,0.750000,0,0,0,,,NONE,0.000000,0.000000,4.256054,4.943945
26.880,FOLLOW_LANE,camera lane following,153.000,-0.043750,0.750000,0,0,0,,,NONE,0.000000,0.000000,4.231026,4.968973
26.912,FOLLOW_LANE,camera lane following,153.000,-0.043750,0.750000,0,0,0,,,NONE,0.000000,0.000000,4.238811,4.961189
26.944,FOLLOW_LANE,camera lane following,152.500,-0.046875,0.750000,0,0,0,,,NONE,0.000000,0.000000,4.205968,4.994031
26.976,FOLLOW_LANE,camera lane following,152.000,-0.050000,0.750000,0,0,0,,,NONE,0.000000,0.000000,4.180936,5.019063
27.008,FOLLOW_LANE,camera lane following,152.000,-0.050000,0.750000,0,0,0,,,NONE,0.000000,0.000000,4.188717,5.011283
27.040,FOLLOW_LANE,camera lane following,152.000,-0.050000,0.750000,0,0,0,,,NONE,0.000000,0.000000,4.188685,5.011315
27.072,FOLLOW_LANE,camera lane following,152.000,-0.050000,0.750000,0,0,0,,,NONE,0.000000,0.000000,4.188653,5.011347
27.104,FOLLOW_LANE,camera lane following,152.000,-0.050000,0.750000,0,0,0,,,NONE,0.000000,0.000000,4.188621,5.011379
27.136,FOLLOW_LANE,camera lane following,152.000,-0.050000,0.750000,0,0,0,,,NONE,0.000000,0.000000,4.188589,5.011411
27.168,FOLLOW_LANE,camera lane following,152.500,-0.046875,0.750000,0,0,0,,,NONE,0.000000,0.000000,4.221372,4.978628
27.200,FOLLOW_LANE,camera lane following,152.500,-0.046875,0.750000,0,0,0,,,NONE,0.000000,0.000000,4.213529,4.986471
27.232,FOLLOW_LANE,camera lane following,153.000,-0.043750,0.750000,0,0,0,,,NONE,0.000000,0.000000,4.246313,4.953686
27.264,FOLLOW_LANE,camera lane following,154.000,-0.037500,0.750000,0,0,0,,,NONE,0.000000,0.000000,4.304102,4.895898
27.296,FOLLOW_LANE,camera lane following,154.000,-0.037500,0.750000,0,0,0,,,NONE,0.000000,0.000000,4.288453,4.911547
27.328,FOLLOW_LANE,camera lane following,154.500,-0.034375,0.750000,0,0,0,,,NONE,0.000000,0.000000,4.321243,4.878756
27.360,FOLLOW_LANE,camera lane following,155.000,-0.031250,0.750000,0,0,0,,,NONE,0.000000,0.000000,4.346223,4.853776
27.392,FOLLOW_LANE,camera lane following,155.500,-0.028125,0.750000,0,0,0,,,NONE,0.000000,0.000000,4.371205,4.828794
27.424,FOLLOW_LANE,camera lane following,155.500,-0.028125,0.750000,0,0,0,,,NONE,0.000000,0.000000,4.363375,4.836625
27.456,FOLLOW_LANE,camera lane following,154.000,-0.037500,0.750000,0,0,0,,,NONE,0.000000,0.000000,4.264913,4.935086
27.488,FOLLOW_LANE,camera lane following,160.000,0.000000,0.750000,0,0,0,,,NONE,0.000000,0.000000,4.682101,4.517899
27.520,FOLLOW_LANE,camera lane following,156.500,-0.021875,0.750000,0,0,0,,,NONE,0.000000,0.000000,4.358649,4.841350
27.552,FOLLOW_LANE,camera lane following,153.000,-0.043750,0.750000,0,0,0,,,NONE,0.000000,0.000000,4.183621,5.016379
27.584,FOLLOW_LANE,camera lane following,152.500,-0.046875,0.750000,0,0,0,,,NONE,0.000000,0.000000,4.205466,4.994533
27.616,FOLLOW_LANE,camera lane following,152.500,-0.046875,0.750000,0,0,0,,,NONE,0.000000,0.000000,4.213249,4.986751
27.648,FOLLOW_LANE,camera lane following,152.500,-0.046875,0.750000,0,0,0,,,NONE,0.000000,0.000000,4.213219,4.986781
27.680,FOLLOW_LANE,camera lane following,153.000,-0.043750,0.750000,0,0,0,,,NONE,0.000000,0.000000,4.246003,4.953996
27.712,FOLLOW_LANE,camera lane following,153.000,-0.043750,0.750000,0,0,0,,,NONE,0.000000,0.000000,4.238163,4.961837
27.744,FOLLOW_LANE,camera lane following,153.500,-0.040625,0.750000,0,0,0,,,NONE,0.000000,0.000000,4.270949,4.929050
27.776,FOLLOW_LANE,camera lane following,153.500,-0.040625,0.750000,0,0,0,,,NONE,0.000000,0.000000,4.263111,4.936889
27.808,FOLLOW_LANE,camera lane following,154.000,-0.037500,0.750000,0,0,0,,,NONE,0.000000,0.000000,4.295899,4.904100
27.840,FOLLOW_LANE,camera lane following,154.000,-0.037500,0.750000,0,0,0,,,NONE,0.000000,0.000000,4.288063,4.911937
27.872,FOLLOW_LANE,camera lane following,154.500,-0.034375,0.750000,0,0,0,,,NONE,0.000000,0.000000,4.320853,4.879147
27.904,FOLLOW_LANE,camera lane following,154.500,-0.034375,0.750000,0,0,0,,,NONE,0.000000,0.000000,4.313019,4.886981
27.936,FOLLOW_LANE,camera lane following,155.000,-0.031250,0.750000,0,0,0,,,NONE,0.000000,0.000000,4.345811,4.854188
27.968,FOLLOW_LANE,camera lane following,155.000,-0.031250,0.750000,0,0,0,,,NONE,0.000000,0.000000,4.337979,4.862021
28.000,FOLLOW_LANE,camera lane following,155.500,-0.028125,0.750000,0,0,0,,,NONE,0.000000,0.000000,4.370773,4.829226
28.032,FOLLOW_LANE,camera lane following,155.500,-0.028125,0.750000,0,0,0,,,NONE,0.000000,0.000000,4.362943,4.837057
28.064,FOLLOW_LANE,camera lane following,156.000,-0.025000,0.750000,0,0,0,,,NONE,0.000000,0.000000,4.395739,4.804260
28.096,FOLLOW_LANE,camera lane following,156.000,-0.025000,0.750000,0,0,0,,,NONE,0.000000,0.000000,4.387911,4.812089
28.128,FOLLOW_LANE,camera lane following,156.000,-0.025000,0.750000,0,0,0,,,NONE,0.000000,0.000000,4.387895,4.812105
28.160,FOLLOW_LANE,camera lane following,156.500,-0.021875,0.750000,0,0,0,,,NONE,0.000000,0.000000,4.420693,4.779306
28.192,FOLLOW_LANE,camera lane following,156.500,-0.021875,0.750000,0,0,0,,,NONE,0.000000,0.000000,4.412867,4.787133
28.224,FOLLOW_LANE,camera lane following,156.500,-0.021875,0.750000,0,0,0,,,NONE,0.000000,0.000000,4.412853,4.787147
28.256,FOLLOW_LANE,camera lane following,157.000,-0.018750,0.750000,0,0,0,,,NONE,0.000000,0.000000,4.445653,4.754346
28.288,FOLLOW_LANE,camera lane following,157.000,-0.018750,0.750000,0,0,0,,,NONE,0.000000,0.000000,4.437829,4.762171
28.320,FOLLOW_LANE,camera lane following,157.000,-0.018750,0.750000,0,0,0,,,NONE,0.000000,0.000000,4.437817,4.762183
28.352,FOLLOW_LANE,camera lane following,157.500,-0.015625,0.750000,0,0,0,,,NONE,0.000000,0.000000,4.470619,4.729380
28.384,FOLLOW_LANE,camera lane following,157.500,-0.015625,0.750000,0,0,0,,,NONE,0.000000,0.000000,4.462797,4.737203
28.416,FOLLOW_LANE,camera lane following,158.000,-0.012500,0.750000,0,0,0,,,NONE,0.000000,0.000000,4.495601,4.704398
28.448,FOLLOW_LANE,camera lane following,158.500,-0.009375,0.750000,0,0,0,,,NONE,0.000000,0.000000,4.520595,4.679404
28.480,FOLLOW_LANE,camera lane following,158.500,-0.009375,0.750000,0,0,0,,,NONE,0.000000,0.000000,4.512777,4.687223
28.512,FOLLOW_LANE,camera lane following,158.500,-0.009375,0.750000,0,0,0,,,NONE,0.000000,0.000000,4.512771,4.687229
28.544,FOLLOW_LANE,camera lane following,158.500,-0.009375,0.750000,0,0,0,,,NONE,0.000000,0.000000,4.512765,4.687235
28.576,FOLLOW_LANE,camera lane following,158.500,-0.009375,0.750000,0,0,0,,,NONE,0.000000,0.000000,4.512759,4.687241
28.608,FOLLOW_LANE,camera lane following,158.500,-0.009375,0.750000,0,0,0,,,NONE,0.000000,0.000000,4.512753,4.687247
28.640,FOLLOW_LANE,camera lane following,159.000,-0.006250,0.750000,0,0,0,,,NONE,0.000000,0.000000,4.545561,4.654438
28.672,FOLLOW_LANE,camera lane following,159.000,-0.006250,0.750000,0,0,0,,,NONE,0.000000,0.000000,4.537745,4.662255
28.704,FOLLOW_LANE,camera lane following,159.000,-0.006250,0.750000,0,0,0,,,NONE,0.000000,0.000000,4.537741,4.662259
28.736,FOLLOW_LANE,camera lane following,159.250,-0.004687,0.750000,0,0,0,,,NONE,0.000000,0.000000,4.603366,4.596634
28.768,FOLLOW_LANE,camera lane following,159.500,-0.003125,0.750000,0,0,0,,,NONE,0.000000,0.000000,4.587741,4.612259
28.800,FOLLOW_LANE,camera lane following,159.500,-0.003125,0.750000,0,0,0,,,NONE,0.000000,0.000000,4.587741,4.612259
28.832,FOLLOW_LANE,camera lane following,159.500,-0.003125,0.750000,0,0,0,,,NONE,0.000000,0.000000,4.587741,4.612259
28.864,FOLLOW_LANE,camera lane following,159.500,-0.003125,0.750000,0,0,0,,,NONE,0.000000,0.000000,4.587741,4.612259
28.896,FOLLOW_LANE,camera lane following,160.000,0.000000,0.750000,0,0,0,,,NONE,0.000000,0.000000,4.587741,4.612259
28.928,FOLLOW_LANE,camera lane following,160.500,0.003125,0.750000,0,0,0,,,NONE,0.000000,0.000000,4.587741,4.612259
28.960,FOLLOW_LANE,camera lane following,160.500,0.003125,0.750000,0,0,0,,,NONE,0.000000,0.000000,4.587741,4.612259
28.992,FOLLOW_LANE,camera lane following,160.500,0.003125,0.750000,0,0,0,,,NONE,0.000000,0.000000,4.587741,4.612259
29.024,FOLLOW_LANE,camera lane following,160.500,0.003125,0.750000,0,0,0,,,NONE,0.000000,0.000000,4.587741,4.612259
29.056,FOLLOW_LANE,camera lane following,160.500,0.003125,0.750000,0,0,0,,,NONE,0.000000,0.000000,4.587741,4.612259
29.088,FOLLOW_LANE,camera lane following,161.000,0.006250,0.750000,0,0,0,,,NONE,0.000000,0.000000,4.653370,4.546630
29.120,FOLLOW_LANE,camera lane following,161.000,0.006250,0.750000,0,0,0,,,NONE,0.000000,0.000000,4.637749,4.562251
29.152,FOLLOW_LANE,camera lane following,161.000,0.006250,0.750000,0,0,0,,,NONE,0.000000,0.000000,4.637753,4.562247
29.184,FOLLOW_LANE,camera lane following,161.000,0.006250,0.750000,0,0,0,,,NONE,0.000000,0.000000,4.637757,4.562243
29.216,FOLLOW_LANE,camera lane following,161.500,0.009375,0.750000,0,0,0,,,NONE,0.000000,0.000000,4.670575,4.529424
29.248,FOLLOW_LANE,camera lane following,161.500,0.009375,0.750000,0,0,0,,,NONE,0.000000,0.000000,4.662769,4.537231
29.280,FOLLOW_LANE,camera lane following,162.000,0.012500,0.750000,0,0,0,,,NONE,0.000000,0.000000,4.695589,4.504410
29.312,FOLLOW_LANE,camera lane following,162.500,0.015625,0.750000,0,0,0,,,NONE,0.000000,0.000000,4.720599,4.479400
29.344,FOLLOW_LANE,camera lane following,162.500,0.015625,0.750000,0,0,0,,,NONE,0.000000,0.000000,4.712797,4.487203
29.376,FOLLOW_LANE,camera lane following,162.500,0.015625,0.750000,0,0,0,,,NONE,0.000000,0.000000,4.712807,4.487193
29.408,FOLLOW_LANE,camera lane following,163.000,0.018750,0.750000,0,0,0,,,NONE,0.000000,0.000000,4.745632,4.454368
29.440,FOLLOW_LANE,camera lane following,163.000,0.018750,0.750000,0,0,0,,,NONE,0.000000,0.000000,4.737831,4.462169
29.472,FOLLOW_LANE,camera lane following,163.000,0.018750,0.750000,0,0,0,,,NONE,0.000000,0.000000,4.737843,4.462157
29.504,FOLLOW_LANE,camera lane following,163.500,0.021875,0.750000,0,0,0,,,NONE,0.000000,0.000000,4.770669,4.429330
29.536,FOLLOW_LANE,camera lane following,163.500,0.021875,0.750000,0,0,0,,,NONE,0.000000,0.000000,4.762871,4.437129
29.568,FOLLOW_LANE,camera lane following,163.500,0.021875,0.750000,0,0,0,,,NONE,0.000000,0.000000,4.762885,4.437115
29.600,FOLLOW_LANE,camera lane following,164.000,0.025000,0.750000,0,0,0,,,NONE,0.000000,0.000000,4.795713,4.404286
29.632,FOLLOW_LANE,camera lane following,164.000,0.025000,0.750000,0,0,0,,,NONE,0.000000,0.000000,4.787917,4.412083
29.664,FOLLOW_LANE,camera lane following,164.000,0.025000,0.750000,0,0,0,,,NONE,0.000000,0.000000,4.787933,4.412067
29.696,FOLLOW_LANE,camera lane following,164.000,0.025000,0.750000,0,0,0,,,NONE,0.000000,0.000000,4.787949,4.412051
29.728,FOLLOW_LANE,camera lane following,164.000,0.025000,0.750000,0,0,0,,,NONE,0.000000,0.000000,4.787965,4.412035
29.760,FOLLOW_LANE,camera lane following,164.500,0.028125,0.750000,0,0,0,,,NONE,0.000000,0.000000,4.820796,4.379204
29.792,FOLLOW_LANE,camera lane following,164.000,0.025000,0.750000,0,0,0,,,NONE,0.000000,0.000000,4.780186,4.419814
29.824,FOLLOW_LANE,camera lane following,164.000,0.025000,0.750000,0,0,0,,,NONE,0.000000,0.000000,4.788015,4.411985
29.856,FOLLOW_LANE,camera lane following,164.000,0.025000,0.750000,0,0,0,,,NONE,0.000000,0.000000,4.788031,4.411969
29.888,FOLLOW_LANE,camera lane following,164.000,0.025000,0.750000,0,0,0,,,NONE,0.000000,0.000000,4.788047,4.411953
29.920,FOLLOW_LANE,camera lane following,164.000,0.025000,0.750000,0,0,0,,,NONE,0.000000,0.000000,4.788063,4.411937
29.952,FOLLOW_LANE,camera lane following,164.000,0.025000,0.750000,0,0,0,,,NONE,0.000000,0.000000,4.788079,4.411921
29.984,FOLLOW_LANE,camera lane following,164.000,0.025000,0.750000,0,0,0,,,NONE,0.000000,0.000000,4.788095,4.411905
30.016,FOLLOW_LANE,camera lane following,164.000,0.025000,0.750000,0,0,0,,,NONE,0.000000,0.000000,4.788111,4.411889
30.048,FOLLOW_LANE,camera lane following,164.000,0.025000,0.750000,0,0,0,,,NONE,0.000000,0.000000,4.788127,4.411873
30.080,FOLLOW_LANE,camera lane following,163.500,0.021875,0.750000,0,0,0,,,NONE,0.000000,0.000000,4.755329,4.444671
30.112,FOLLOW_LANE,camera lane following,163.500,0.021875,0.750000,0,0,0,,,NONE,0.000000,0.000000,4.763155,4.436845
30.144,FOLLOW_LANE,camera lane following,163.500,0.021875,0.750000,0,0,0,,,NONE,0.000000,0.000000,4.763169,4.436831
30.176,FOLLOW_LANE,camera lane following,163.500,0.021875,0.750000,0,0,0,,,NONE,0.000000,0.000000,4.763183,4.436817
30.208,FOLLOW_LANE,camera lane following,163.500,0.021875,0.750000,0,0,0,,,NONE,0.000000,0.000000,4.763197,4.436803
30.240,FOLLOW_LANE,camera lane following,163.000,0.018750,0.750000,0,0,0,,,NONE,0.000000,0.000000,4.730396,4.469603
30.272,FOLLOW_LANE,camera lane following,163.000,0.018750,0.750000,0,0,0,,,NONE,0.000000,0.000000,4.738221,4.461779
30.304,FOLLOW_LANE,camera lane following,163.000,0.018750,0.750000,0,0,0,,,NONE,0.000000,0.000000,4.738233,4.461767
30.336,FOLLOW_LANE,camera lane following,163.000,0.018750,0.750000,0,0,0,,,NONE,0.000000,0.000000,4.738245,4.461755
30.368,FOLLOW_LANE,camera lane following,162.500,0.015625,0.750000,0,0,0,,,NONE,0.000000,0.000000,4.705442,4.494557
30.400,FOLLOW_LANE,camera lane following,162.500,0.015625,0.750000,0,0,0,,,NONE,0.000000,0.000000,4.713265,4.486735
30.432,FOLLOW_LANE,camera lane following,162.000,0.012500,0.750000,0,0,0,,,NONE,0.000000,0.000000,4.680460,4.519539
30.464,FOLLOW_LANE,camera lane following,162.000,0.012500,0.750000,0,0,0,,,NONE,0.000000,0.000000,4.688281,4.511719
30.496,FOLLOW_LANE,camera lane following,162.000,0.012500,0.750000,0,0,0,,,NONE,0.000000,0.000000,4.688289,4.511711
30.528,FOLLOW_LANE,camera lane following,161.500,0.009375,0.750000,0,0,0,,,NONE,0.000000,0.000000,4.655482,4.544517
30.560,FOLLOW_LANE,camera lane following,161.500,0.009375,0.750000,0,0,0,,,NONE,0.000000,0.000000,4.663301,4.536699
30.592,FOLLOW_LANE,camera lane following,161.500,0.009375,0.750000,0,0,0,,,NONE,0.000000,0.000000,4.663307,4.536693
30.624,FOLLOW_LANE,camera lane following,161.500,0.009375,0.750000,0,0,0,,,NONE,0.000000,0.000000,4.663313,4.536687
30.656,FOLLOW_LANE,camera lane following,161.500,0.009375,0.750000,0,0,0,,,NONE,0.000000,0.000000,4.663319,4.536681
30.688,FOLLOW_LANE,camera lane following,161.500,0.009375,0.750000,0,0,0,,,NONE,0.000000,0.000000,4.663325,4.536675
30.720,FOLLOW_LANE,camera lane following,161.000,0.006250,0.750000,0,0,0,,,NONE,0.000000,0.000000,4.630516,4.569483
30.752,FOLLOW_LANE,camera lane following,161.000,0.006250,0.750000,0,0,0,,,NONE,0.000000,0.000000,4.638333,4.561667
30.784,FOLLOW_LANE,camera lane following,161.000,0.006250,0.750000,0,0,0,,,NONE,0.000000,0.000000,4.638337,4.561663
30.816,FOLLOW_LANE,camera lane following,161.000,0.006250,0.750000,0,0,0,,,NONE,0.000000,0.000000,4.638341,4.561659
30.848,FOLLOW_LANE,camera lane following,161.000,0.006250,0.750000,0,0,0,,,NONE,0.000000,0.000000,4.638345,4.561655
30.880,FOLLOW_LANE,camera lane following,161.000,0.006250,0.750000,0,0,0,,,NONE,0.000000,0.000000,4.638349,4.561651
30.912,FOLLOW_LANE,camera lane following,161.000,0.006250,0.750000,0,0,0,,,NONE,0.000000,0.000000,4.638353,4.561647
30.944,FOLLOW_LANE,camera lane following,160.500,0.003125,0.750000,0,0,0,,,NONE,0.000000,0.000000,4.572728,4.627272
30.976,FOLLOW_LANE,camera lane following,160.500,0.003125,0.750000,0,0,0,,,NONE,0.000000,0.000000,4.588353,4.611647
31.008,FOLLOW_LANE,camera lane following,160.500,0.003125,0.750000,0,0,0,,,NONE,0.000000,0.000000,4.588353,4.611647
31.040,FOLLOW_LANE,camera lane following,160.500,0.003125,0.750000,0,0,0,,,NONE,0.000000,0.000000,4.588353,4.611647
31.072,FOLLOW_LANE,camera lane following,160.500,0.003125,0.750000,0,0,0,,,NONE,0.000000,0.000000,4.588353,4.611647
31.104,FOLLOW_LANE,camera lane following,160.500,0.003125,0.750000,0,0,0,,,NONE,0.000000,0.000000,4.588353,4.611647
31.136,FOLLOW_LANE,camera lane following,160.500,0.003125,0.750000,0,0,0,,,NONE,0.000000,0.000000,4.588353,4.611647
31.168,FOLLOW_LANE,camera lane following,160.500,0.003125,0.750000,0,0,0,,,NONE,0.000000,0.000000,4.588353,4.611647
31.200,FOLLOW_LANE,camera lane following,160.500,0.003125,0.750000,0,0,0,,,NONE,0.000000,0.000000,4.588353,4.611647
31.232,FOLLOW_LANE,camera lane following,160.500,0.003125,0.750000,0,0,0,,,NONE,0.000000,0.000000,4.588353,4.611647
31.264,FOLLOW_LANE,camera lane following,160.500,0.003125,0.750000,0,0,0,,,NONE,0.000000,0.000000,4.588353,4.611647
31.296,FOLLOW_LANE,camera lane following,159.750,-0.001563,0.750000,0,0,0,,,NONE,0.000000,0.000000,4.588353,4.611647
31.328,FOLLOW_LANE,camera lane following,159.500,-0.003125,0.750000,0,0,0,,,NONE,0.000000,0.000000,4.588353,4.611647
31.360,FOLLOW_LANE,camera lane following,159.500,-0.003125,0.750000,0,0,0,,,NONE,0.000000,0.000000,4.588353,4.611647
31.392,FOLLOW_LANE,camera lane following,159.500,-0.003125,0.750000,0,0,0,,,NONE,0.000000,0.000000,4.588353,4.611647
31.424,FOLLOW_LANE,camera lane following,159.500,-0.003125,0.750000,0,0,0,,,NONE,0.000000,0.000000,4.588353,4.611647
31.456,FOLLOW_LANE,camera lane following,159.500,-0.003125,0.750000,0,0,0,,,NONE,0.000000,0.000000,4.588353,4.611647
31.488,FOLLOW_LANE,camera lane following,159.500,-0.003125,0.750000,0,0,0,,,NONE,0.000000,0.000000,4.588353,4.611647
31.520,FOLLOW_LANE,camera lane following,159.000,-0.006250,0.750000,0,0,0,,,NONE,0.000000,0.000000,4.522724,4.677276
31.552,FOLLOW_LANE,camera lane following,159.000,-0.006250,0.750000,0,0,0,,,NONE,0.000000,0.000000,4.538345,4.661655
31.584,FOLLOW_LANE,camera lane following,159.000,-0.006250,0.750000,0,0,0,,,NONE,0.000000,0.000000,4.538341,4.661659
31.616,FOLLOW_LANE,camera lane following,159.000,-0.006250,0.750000,0,0,0,,,NONE,0.000000,0.000000,4.538337,4.661663
31.648,FOLLOW_LANE,camera lane following,159.000,-0.006250,0.750000,0,0,0,,,NONE,0.000000,0.000000,4.538333,4.661667
31.680,FOLLOW_LANE,camera lane following,159.000,-0.006250,0.750000,0,0,0,,,NONE,0.000000,0.000000,4.538329,4.661671
31.712,FOLLOW_LANE,camera lane following,159.000,-0.006250,0.750000,0,0,0,,,NONE,0.000000,0.000000,4.538325,4.661675
31.744,FOLLOW_LANE,camera lane following,159.000,-0.006250,0.750000,0,0,0,,,NONE,0.000000,0.000000,4.538321,4.661679
31.776,FOLLOW_LANE,camera lane following,159.000,-0.006250,0.750000,0,0,0,,,NONE,0.000000,0.000000,4.538317,4.661683
31.808,FOLLOW_LANE,camera lane following,159.000,-0.006250,0.750000,0,0,0,,,NONE,0.000000,0.000000,4.538313,4.661687
31.840,STOP_WAIT,waiting for moving or unclassified obstacles to clear,159.000,-0.006250,0.750000,1,0,1,1,blue,UNKNOWN,0.271842,0.297860,0.000000,0.000000
31.872,STOP_WAIT,waiting for moving or unclassified obstacles to clear,159.000,-0.006250,0.750000,0,0,0,,,NONE,0.000000,0.000000,0.000000,0.000000
31.904,STOP_WAIT,waiting for moving or unclassified obstacles to clear,158.500,-0.009375,0.750000,0,0,0,,,NONE,0.000000,0.000000,0.000000,0.000000
31.936,STOP_WAIT,waiting for moving or unclassified obstacles to clear,158.500,-0.009375,0.750000,1,0,1,1,blue,UNKNOWN,0.414182,0.308205,0.000000,0.000000
31.968,STOP_WAIT,waiting for moving or unclassified obstacles to clear,158.500,-0.009375,0.750000,0,0,0,,,NONE,0.000000,0.000000,0.000000,0.000000
32.000,STOP_WAIT,waiting for moving or unclassified obstacles to clear,159.000,-0.006250,0.750000,0,0,0,,,NONE,0.000000,0.000000,0.000000,0.000000
32.032,STOP_WAIT,waiting for moving or unclassified obstacles to clear,159.000,-0.006250,0.750000,1,0,1,1,blue,UNKNOWN,0.526682,0.303033,0.000000,0.000000
32.064,STOP_WAIT,waiting for moving or unclassified obstacles to clear,159.000,-0.006250,0.750000,1,0,1,1,blue,STATIONARY,0.414182,0.258033,0.000000,0.000000
32.096,STOP_WAIT,waiting for moving or unclassified obstacles to clear,159.500,-0.003125,0.750000,1,0,1,1,blue,STATIONARY,0.414182,0.252860,0.000000,0.000000
32.128,STOP_WAIT,waiting for moving or unclassified obstacles to clear,159.500,-0.003125,0.750000,1,0,1,1,blue,STATIONARY,0.412988,0.252641,0.000000,0.000000
32.160,STOP_WAIT,waiting for moving or unclassified obstacles to clear,159.500,-0.003125,0.750000,1,0,1,1,blue,STATIONARY,0.410601,0.252176,0.000000,0.000000
32.192,AVOID,camera-guided stationary obstacle avoidance,159.500,-0.003125,0.750000,1,0,1,1,blue,STATIONARY,0.410601,0.247566,3.900000,1.700000
32.224,AVOID,camera-guided stationary obstacle avoidance,159.250,-0.004687,0.750000,1,0,1,1,blue,UNKNOWN,0.730000,0.539342,3.900000,1.700000
32.256,AVOID,camera-guided stationary obstacle avoidance,159.000,-0.006250,0.750000,1,0,1,1,blue,UNKNOWN,0.579251,0.306231,3.900000,1.700000
32.288,AVOID,camera-guided stationary obstacle avoidance,158.500,-0.009375,0.750000,0,0,0,,,NONE,0.000000,0.000000,3.900000,1.700000
32.320,AVOID,camera-guided stationary obstacle avoidance,157.500,-0.015625,0.750000,0,0,0,,,NONE,0.000000,0.000000,3.900000,1.700000
32.352,AVOID,camera-guided stationary obstacle avoidance,157.000,-0.018750,0.750000,0,0,0,,,NONE,0.000000,0.000000,3.900000,1.700000
32.384,AVOID,camera-guided stationary obstacle avoidance,156.500,-0.021875,0.750000,0,0,0,,,NONE,0.000000,0.000000,3.900000,1.700000
32.416,AVOID,camera-guided stationary obstacle avoidance,155.000,-0.031250,0.750000,0,0,0,,,NONE,0.000000,0.000000,3.900000,1.700000
32.448,AVOID,camera-guided stationary obstacle avoidance,153.000,-0.043750,0.750000,0,0,0,,,NONE,0.000000,0.000000,3.900000,1.700000
32.480,AVOID,camera-guided stationary obstacle avoidance,149.000,-0.068750,0.750000,0,0,0,,,NONE,0.000000,0.000000,3.900000,1.700000
32.512,AVOID,camera-guided stationary obstacle avoidance,143.500,-0.103125,0.750000,0,0,0,,,NONE,0.000000,0.000000,3.900000,1.700000
32.544,AVOID,camera-guided stationary obstacle avoidance,136.500,-0.146875,0.750000,0,0,0,,,NONE,0.000000,0.000000,3.900000,1.700000
32.576,AVOID,camera-guided stationary obstacle avoidance,91.200,-0.430000,0.576500,0,0,0,,,NONE,0.000000,0.000000,3.900000,1.700000
32.608,AVOID,camera-guided stationary obstacle avoidance,87.200,-0.455000,0.576500,0,0,0,,,NONE,0.000000,0.000000,3.900000,1.700000
32.640,AVOID,camera-guided stationary obstacle avoidance,83.200,-0.480000,0.576500,0,0,0,,,NONE,0.000000,0.000000,3.900000,1.700000
32.672,AVOID,camera-guided stationary obstacle avoidance,77.200,-0.517500,0.576500,0,0,0,,,NONE,0.000000,0.000000,3.900000,1.700000
32.704,AVOID,camera-guided stationary obstacle avoidance,66.200,-0.586250,0.576500,0,0,0,,,NONE,0.000000,0.000000,3.900000,1.700000
32.736,AVOID,camera-guided stationary obstacle avoidance,57.200,-0.642500,0.576500,0,0,0,,,NONE,0.000000,0.000000,3.900000,1.700000
32.768,AVOID,camera-guided stationary obstacle avoidance,130.250,-0.185938,0.750000,0,0,0,,,NONE,0.000000,0.000000,3.900000,1.700000
32.800,AVOID,camera-guided stationary obstacle avoidance,128.750,-0.195312,0.750000,0,0,0,,,NONE,0.000000,0.000000,3.900000,1.700000
32.832,AVOID,camera-guided stationary obstacle avoidance,123.000,-0.231250,0.711541,0,0,0,,,NONE,0.000000,0.000000,3.900000,1.700000
32.864,AVOID,camera-guided stationary obstacle avoidance,139.750,-0.126562,0.750000,0,0,0,,,NONE,0.000000,0.000000,3.900000,1.700000
32.896,AVOID,camera-guided stationary obstacle avoidance,156.500,-0.021875,0.750000,0,0,0,,,NONE,0.000000,0.000000,3.900000,1.700000
32.928,AVOID,camera-guided stationary obstacle avoidance,155.500,-0.028125,0.750000,0,0,0,,,NONE,0.000000,0.000000,3.900000,1.700000
32.960,AVOID,camera-guided stationary obstacle avoidance,155.000,-0.031250,0.750000,0,0,0,,,NONE,0.000000,0.000000,3.900000,1.700000
32.992,AVOID,camera-guided stationary obstacle avoidance,153.000,-0.043750,0.750000,0,0,0,,,NONE,0.000000,0.000000,3.900000,1.700000
33.024,AVOID,camera-guided stationary obstacle avoidance,162.000,0.012500,0.750000,0,0,0,,,NONE,0.000000,0.000000,3.900000,1.700000
33.056,AVOID,camera-guided stationary obstacle avoidance,160.500,0.003125,0.750000,0,0,0,,,NONE,0.000000,0.000000,3.900000,1.700000
33.088,AVOID,camera-guided stationary obstacle avoidance,193.500,0.209375,0.848722,0,0,0,,,NONE,0.000000,0.000000,3.900000,1.700000
33.120,AVOID,camera-guided stationary obstacle avoidance,175.000,0.093750,0.750000,0,0,0,,,NONE,0.000000,0.000000,3.900000,1.700000
33.152,AVOID,camera-guided stationary obstacle avoidance,171.000,0.068750,0.750000,0,0,0,,,NONE,0.000000,0.000000,3.900000,1.700000
33.184,AVOID,camera-guided stationary obstacle avoidance,171.500,0.071875,0.750000,0,0,0,,,NONE,0.000000,0.000000,3.900000,1.700000
33.216,AVOID,camera-guided stationary obstacle avoidance,172.500,0.078125,0.750000,0,0,0,,,NONE,0.000000,0.000000,3.900000,1.700000
33.248,AVOID,camera-guided stationary obstacle avoidance,172.500,0.078125,0.750000,0,0,0,,,NONE,0.000000,0.000000,3.900000,1.700000
33.280,AVOID,camera-guided stationary obstacle avoidance,173.500,0.084375,0.750000,0,0,0,,,NONE,0.000000,0.000000,3.900000,1.700000
33.312,AVOID,camera-guided stationary obstacle avoidance,173.500,0.084375,0.750000,0,0,0,,,NONE,0.000000,0.000000,3.900000,1.700000
33.344,AVOID,camera-guided stationary obstacle avoidance,173.500,0.084375,0.750000,0,0,0,,,NONE,0.000000,0.000000,3.900000,1.700000
33.376,AVOID,camera-guided stationary obstacle avoidance,173.000,0.081250,0.750000,0,0,0,,,NONE,0.000000,0.000000,3.900000,1.700000
33.408,AVOID,camera-guided stationary obstacle avoidance,173.000,0.081250,0.750000,0,0,0,,,NONE,0.000000,0.000000,3.900000,1.700000
33.440,AVOID,camera-guided stationary obstacle avoidance,173.000,0.081250,0.750000,0,0,0,,,NONE,0.000000,0.000000,3.900000,1.700000
33.472,AVOID,camera-guided stationary obstacle avoidance,173.000,0.081250,0.750000,0,0,0,,,NONE,0.000000,0.000000,3.900000,1.700000
33.504,AVOID,camera-guided stationary obstacle avoidance,173.000,0.081250,0.750000,0,0,0,,,NONE,0.000000,0.000000,3.900000,1.700000
33.536,AVOID,camera-guided stationary obstacle avoidance,169.000,0.056250,0.750000,0,0,0,,,NONE,0.000000,0.000000,3.900000,1.700000
33.568,AVOID,camera-guided stationary obstacle avoidance,168.000,0.050000,0.750000,0,0,0,,,NONE,0.000000,0.000000,3.900000,1.700000
33.600,AVOID,camera-guided stationary obstacle avoidance,167.500,0.046875,0.750000,0,0,0,,,NONE,0.000000,0.000000,3.900000,1.700000
33.632,AVOID,camera-guided stationary obstacle avoidance,167.000,0.043750,0.750000,0,0,0,,,NONE,0.000000,0.000000,3.900000,1.700000
33.664,AVOID,camera-guided stationary obstacle avoidance,166.500,0.040625,0.750000,0,0,0,,,NONE,0.000000,0.000000,3.900000,1.700000
33.696,AVOID,camera-guided stationary obstacle avoidance,166.000,0.037500,0.750000,0,0,0,,,NONE,0.000000,0.000000,3.900000,1.700000
33.728,AVOID,camera-guided stationary obstacle avoidance,166.500,0.040625,0.750000,0,0,0,,,NONE,0.000000,0.000000,3.900000,1.700000
33.760,AVOID,camera-guided stationary obstacle avoidance,165.500,0.034375,0.750000,0,0,0,,,NONE,0.000000,0.000000,3.900000,1.700000
33.792,AVOID,camera-guided stationary obstacle avoidance,164.000,0.025000,0.750000,0,0,0,,,NONE,0.000000,0.000000,3.900000,1.700000
33.824,AVOID,camera-guided stationary obstacle avoidance,161.500,0.009375,0.750000,0,0,0,,,NONE,0.000000,0.000000,3.900000,1.700000
33.856,AVOID,camera-guided stationary obstacle avoidance,158.500,-0.009375,0.750000,0,0,0,,,NONE,0.000000,0.000000,3.900000,1.700000
33.888,AVOID,camera-guided stationary obstacle avoidance,159.000,-0.006250,0.750000,0,0,0,,,NONE,0.000000,0.000000,3.900000,1.700000
33.920,AVOID,camera-guided stationary obstacle avoidance,159.000,-0.006250,0.750000,0,0,0,,,NONE,0.000000,0.000000,3.900000,1.700000
33.952,AVOID,camera-guided stationary obstacle avoidance,159.000,-0.006250,0.750000,0,0,0,,,NONE,0.000000,0.000000,3.900000,1.700000
33.984,AVOID,camera-guided stationary obstacle avoidance,159.000,-0.006250,0.750000,0,0,0,,,NONE,0.000000,0.000000,3.900000,1.700000
34.016,AVOID,camera-guided stationary obstacle avoidance,159.000,-0.006250,0.750000,0,0,0,,,NONE,0.000000,0.000000,1.700000,3.900000
34.048,AVOID,camera-guided stationary obstacle avoidance,159.000,-0.006250,0.750000,0,0,0,,,NONE,0.000000,0.000000,1.700000,3.900000
34.080,AVOID,camera-guided stationary obstacle avoidance,159.000,-0.006250,0.750000,0,0,0,,,NONE,0.000000,0.000000,1.700000,3.900000
34.112,AVOID,camera-guided stationary obstacle avoidance,158.500,-0.009375,0.750000,0,0,0,,,NONE,0.000000,0.000000,1.700000,3.900000
34.144,AVOID,camera-guided stationary obstacle avoidance,158.500,-0.009375,0.750000,0,0,0,,,NONE,0.000000,0.000000,1.700000,3.900000
34.176,AVOID,camera-guided stationary obstacle avoidance,158.500,-0.009375,0.750000,0,0,0,,,NONE,0.000000,0.000000,1.700000,3.900000
34.208,AVOID,camera-guided stationary obstacle avoidance,158.500,-0.009375,0.750000,0,0,0,,,NONE,0.000000,0.000000,1.700000,3.900000
34.240,AVOID,camera-guided stationary obstacle avoidance,158.000,-0.012500,0.750000,0,0,0,,,NONE,0.000000,0.000000,1.700000,3.900000
34.272,AVOID,camera-guided stationary obstacle avoidance,157.000,-0.018750,0.750000,0,0,0,,,NONE,0.000000,0.000000,1.700000,3.900000
34.304,AVOID,camera-guided stationary obstacle avoidance,156.000,-0.025000,0.750000,0,0,0,,,NONE,0.000000,0.000000,1.700000,3.900000
34.336,AVOID,camera-guided stationary obstacle avoidance,153.500,-0.040625,0.750000,0,0,0,,,NONE,0.000000,0.000000,1.700000,3.900000
34.368,AVOID,camera-guided stationary obstacle avoidance,146.500,-0.084375,0.750000,0,0,0,,,NONE,0.000000,0.000000,1.700000,3.900000
34.400,AVOID,camera-guided stationary obstacle avoidance,80.200,-0.498750,0.576500,0,0,0,,,NONE,0.000000,0.000000,1.700000,3.900000
34.432,AVOID,camera-guided stationary obstacle avoidance,71.200,-0.555000,0.576500,0,0,0,,,NONE,0.000000,0.000000,1.700000,3.900000
34.464,AVOID,camera-guided stationary obstacle avoidance,168.000,0.050000,0.750000,0,0,0,,,NONE,0.000000,0.000000,1.700000,3.900000
34.496,AVOID,camera-guided stationary obstacle avoidance,178.500,0.115625,0.784801,0,0,0,,,NONE,0.000000,0.000000,1.700000,3.900000
34.528,AVOID,camera-guided stationary obstacle avoidance,179.000,0.118750,0.788352,0,0,0,,,NONE,0.000000,0.000000,1.700000,3.900000
34.560,AVOID,camera-guided stationary obstacle avoidance,178.500,0.115625,0.784801,0,0,0,,,NONE,0.000000,0.000000,1.700000,3.900000
34.592,AVOID,camera-guided stationary obstacle avoidance,178.000,0.112500,0.781250,0,0,0,,,NONE,0.000000,0.000000,1.700000,3.900000
34.624,AVOID,camera-guided stationary obstacle avoidance,175.500,0.096875,0.763494,0,0,0,,,NONE,0.000000,0.000000,1.700000,3.900000
34.656,AVOID,camera-guided stationary obstacle avoidance,175.000,0.093750,0.759943,0,0,0,,,NONE,0.000000,0.000000,1.700000,3.900000
34.688,AVOID,camera-guided stationary obstacle avoidance,173.500,0.084375,0.750000,0,0,0,,,NONE,0.000000,0.000000,1.700000,3.900000
34.720,AVOID,camera-guided stationary obstacle avoidance,173.500,0.084375,0.750000,0,0,0,,,NONE,0.000000,0.000000,1.700000,3.900000
34.752,AVOID,camera-guided stationary obstacle avoidance,173.500,0.084375,0.750000,0,0,0,,,NONE,0.000000,0.000000,1.700000,3.900000
34.784,AVOID,camera-guided stationary obstacle avoidance,173.500,0.084375,0.750000,0,0,0,,,NONE,0.000000,0.000000,1.700000,3.900000
34.816,AVOID,camera-guided stationary obstacle avoidance,153.000,-0.043750,0.750000,0,0,0,,,NONE,0.000000,0.000000,1.700000,3.900000
34.848,AVOID,camera-guided stationary obstacle avoidance,153.000,-0.043750,0.750000,0,0,0,,,NONE,0.000000,0.000000,1.700000,3.900000
34.880,AVOID,camera-guided stationary obstacle avoidance,153.500,-0.040625,0.750000,0,0,0,,,NONE,0.000000,0.000000,1.700000,3.900000
34.912,AVOID,camera-guided stationary obstacle avoidance,155.000,-0.031250,0.750000,0,0,0,,,NONE,0.000000,0.000000,1.700000,3.900000
34.944,AVOID,camera-guided stationary obstacle avoidance,155.750,-0.026562,0.750000,0,0,0,,,NONE,0.000000,0.000000,1.700000,3.900000
34.976,AVOID,camera-guided stationary obstacle avoidance,156.500,-0.021875,0.750000,0,0,0,,,NONE,0.000000,0.000000,1.700000,3.900000
35.008,AVOID,camera-guided stationary obstacle avoidance,157.000,-0.018750,0.750000,0,0,0,,,NONE,0.000000,0.000000,1.700000,3.900000
35.040,AVOID,camera-guided stationary obstacle avoidance,156.000,-0.025000,0.750000,0,0,0,,,NONE,0.000000,0.000000,1.700000,3.900000
35.072,AVOID,camera-guided stationary obstacle avoidance,155.000,-0.031250,0.750000,0,0,0,,,NONE,0.000000,0.000000,1.700000,3.900000
35.104,AVOID,camera-guided stationary obstacle avoidance,152.250,-0.048438,0.750000,0,0,0,,,NONE,0.000000,0.000000,1.700000,3.900000
35.136,AVOID,camera-guided stationary obstacle avoidance,148.500,-0.071875,0.750000,0,0,0,,,NONE,0.000000,0.000000,1.700000,3.900000
35.168,AVOID,camera-guided stationary obstacle avoidance,143.250,-0.104688,0.750000,0,0,0,,,NONE,0.000000,0.000000,1.700000,3.900000
35.200,AVOID,camera-guided stationary obstacle avoidance,144.000,-0.100000,0.750000,0,0,0,,,NONE,0.000000,0.000000,1.700000,3.900000
35.232,AVOID,camera-guided stationary obstacle avoidance,145.000,-0.093750,0.750000,0,0,0,,,NONE,0.000000,0.000000,1.700000,3.900000
35.264,AVOID,camera-guided stationary obstacle avoidance,147.000,-0.081250,0.750000,0,0,0,,,NONE,0.000000,0.000000,1.700000,3.900000
35.296,AVOID,camera-guided stationary obstacle avoidance,148.500,-0.071875,0.750000,0,0,0,,,NONE,0.000000,0.000000,1.700000,3.900000
35.328,AVOID,camera-guided stationary obstacle avoidance,148.750,-0.070312,0.750000,0,0,0,,,NONE,0.000000,0.000000,1.700000,3.900000
35.360,AVOID,camera-guided stationary obstacle avoidance,149.000,-0.068750,0.750000,0,0,0,,,NONE,0.000000,0.000000,1.700000,3.900000
35.392,AVOID,camera-guided stationary obstacle avoidance,149.500,-0.065625,0.750000,0,0,0,,,NONE,0.000000,0.000000,1.700000,3.900000
35.424,AVOID,camera-guided stationary obstacle avoidance,149.500,-0.065625,0.750000,0,0,0,,,NONE,0.000000,0.000000,1.700000,3.900000
35.456,AVOID,camera-guided stationary obstacle avoidance,150.000,-0.062500,0.750000,0,0,0,,,NONE,0.000000,0.000000,1.700000,3.900000
35.488,AVOID,camera-guided stationary obstacle avoidance,151.000,-0.056250,0.750000,0,0,0,,,NONE,0.000000,0.000000,1.700000,3.900000
35.520,AVOID,camera-guided stationary obstacle avoidance,152.500,-0.046875,0.750000,0,0,0,,,NONE,0.000000,0.000000,1.700000,3.900000
35.552,AVOID,camera-guided stationary obstacle avoidance,154.000,-0.037500,0.750000,0,0,0,,,NONE,0.000000,0.000000,1.700000,3.900000
35.584,AVOID,camera-guided stationary obstacle avoidance,155.500,-0.028125,0.750000,0,0,0,,,NONE,0.000000,0.000000,1.700000,3.900000
35.616,AVOID,camera-guided stationary obstacle avoidance,156.500,-0.021875,0.750000,0,0,0,,,NONE,0.000000,0.000000,1.700000,3.900000
35.648,AVOID,camera-guided stationary obstacle avoidance,158.250,-0.010937,0.750000,0,0,0,,,NONE,0.000000,0.000000,1.700000,3.900000
35.680,AVOID,camera-guided stationary obstacle avoidance,72.200,-0.548750,0.576500,0,0,0,,,NONE,0.000000,0.000000,1.700000,3.900000
35.712,AVOID,camera-guided stationary obstacle avoidance,74.200,-0.536250,0.576500,0,0,0,,,NONE,0.000000,0.000000,1.700000,3.900000
35.744,AVOID,camera-guided stationary obstacle avoidance,75.200,-0.530000,0.576500,0,0,0,,,NONE,0.000000,0.000000,1.700000,3.900000
35.776,AVOID,camera-guided stationary obstacle avoidance,77.200,-0.517500,0.576500,0,0,0,,,NONE,0.000000,0.000000,1.700000,3.900000
35.808,AVOID,camera-guided stationary obstacle avoidance,78.200,-0.511250,0.576500,0,0,0,,,NONE,0.000000,0.000000,1.700000,3.900000
35.840,AVOID,camera-guided stationary obstacle avoidance,79.200,-0.505000,0.576500,0,0,0,,,NONE,0.000000,0.000000,1.700000,3.900000
35.872,AVOID,camera-guided stationary obstacle avoidance,81.200,-0.492500,0.576500,0,0,0,,,NONE,0.000000,0.000000,1.700000,3.900000
35.904,AVOID,camera-guided stationary obstacle avoidance,82.200,-0.486250,0.576500,0,0,0,,,NONE,0.000000,0.000000,1.700000,3.900000
35.936,REJOIN,confirming lane reacquisition,105.500,-0.340625,0.848722,0,0,0,,,NONE,0.000000,0.000000,-0.776781,6.280000
35.968,REJOIN,confirming lane reacquisition,111.000,-0.306250,0.859375,0,0,0,,,NONE,0.000000,0.000000,0.435523,5.164477
36.000,REJOIN,confirming lane reacquisition,116.000,-0.275000,0.873580,0,0,0,,,NONE,0.000000,0.000000,0.677535,4.922465
36.032,REJOIN,confirming lane reacquisition,117.000,-0.268750,0.873580,0,0,0,,,NONE,0.000000,0.000000,0.664863,4.935137
36.064,FOLLOW_LANE,lane reacquired,117.000,-0.268750,0.873580,0,0,0,,,NONE,0.000000,0.000000,0.649066,4.950934
36.096,FOLLOW_LANE,camera lane following,117.000,-0.268750,0.873580,0,0,0,,,NONE,0.000000,0.000000,2.448894,6.280000
36.128,FOLLOW_LANE,camera lane following,115.000,-0.281250,0.873580,0,0,0,,,NONE,0.000000,0.000000,2.317464,6.280000
36.160,FOLLOW_LANE,camera lane following,114.500,-0.284375,0.877131,0,0,0,,,NONE,0.000000,0.000000,2.315719,6.280000
36.192,FOLLOW_LANE,camera lane following,115.500,-0.278125,0.877131,0,0,0,,,NONE,0.000000,0.000000,2.388979,6.280000
36.224,FOLLOW_LANE,camera lane following,121.000,-0.243750,0.887784,0,0,0,,,NONE,0.000000,0.000000,2.734135,6.280000
36.256,FOLLOW_LANE,camera lane following,122.000,-0.237500,0.852273,0,0,0,,,NONE,0.000000,0.000000,2.713671,6.280000
36.288,FOLLOW_LANE,camera lane following,125.500,-0.215625,0.827415,0,0,0,,,NONE,0.000000,0.000000,2.927595,6.272404
36.320,FOLLOW_LANE,camera lane following,140.500,-0.121875,0.750000,0,0,0,,,NONE,0.000000,0.000000,3.857205,5.342795
36.352,FOLLOW_LANE,camera lane following,147.500,-0.078125,0.750000,0,0,0,,,NONE,0.000000,0.000000,4.082155,5.117845
36.384,FOLLOW_LANE,camera lane following,152.500,-0.046875,0.750000,0,0,0,,,NONE,0.000000,0.000000,4.300875,4.899125
36.416,FOLLOW_LANE,camera lane following,155.000,-0.031250,0.750000,0,0,0,,,NONE,0.000000,0.000000,4.386792,4.813207
36.448,FOLLOW_LANE,camera lane following,156.000,-0.025000,0.750000,0,0,0,,,NONE,0.000000,0.000000,4.413339,4.786661
36.480,FOLLOW_LANE,camera lane following,157.000,-0.018750,0.750000,0,0,0,,,NONE,0.000000,0.000000,4.463327,4.736673
36.512,FOLLOW_LANE,camera lane following,158.000,-0.012500,0.750000,0,0,0,,,NONE,0.000000,0.000000,4.513319,4.686681
36.544,FOLLOW_LANE,camera lane following,158.000,-0.012500,0.750000,0,0,0,,,NONE,0.000000,0.000000,4.497686,4.702314
36.576,FOLLOW_LANE,camera lane following,159.000,-0.006250,0.750000,0,0,0,,,NONE,0.000000,0.000000,4.563307,4.636693
36.608,FOLLOW_LANE,camera lane following,159.500,-0.003125,0.750000,0,0,0,,,NONE,0.000000,0.000000,4.613307,4.586693
36.640,FOLLOW_LANE,camera lane following,159.500,-0.003125,0.750000,0,0,0,,,NONE,0.000000,0.000000,4.597682,4.602318
36.672,FOLLOW_LANE,camera lane following,160.000,0.000000,0.750000,0,0,0,,,NONE,0.000000,0.000000,4.597682,4.602318
36.704,FOLLOW_LANE,camera lane following,160.000,0.000000,0.750000,0,0,0,,,NONE,0.000000,0.000000,4.597682,4.602318
36.736,FOLLOW_LANE,camera lane following,161.000,0.006250,0.750000,0,0,0,,,NONE,0.000000,0.000000,4.663311,4.536689
36.768,FOLLOW_LANE,camera lane following,161.000,0.006250,0.750000,0,0,0,,,NONE,0.000000,0.000000,4.647690,4.552310
36.800,FOLLOW_LANE,camera lane following,161.500,0.009375,0.750000,0,0,0,,,NONE,0.000000,0.000000,4.680508,4.519491
36.832,FOLLOW_LANE,camera lane following,162.000,0.012500,0.750000,0,0,0,,,NONE,0.000000,0.000000,4.705516,4.494483
36.864,FOLLOW_LANE,camera lane following,162.500,0.015625,0.750000,0,0,0,,,NONE,0.000000,0.000000,4.730526,4.469473
36.896,FOLLOW_LANE,camera lane following,163.500,0.021875,0.750000,0,0,0,,,NONE,0.000000,0.000000,4.788353,4.411647
36.928,FOLLOW_LANE,camera lane following,164.500,0.028125,0.750000,0,0,0,,,NONE,0.000000,0.000000,4.838371,4.361629
36.960,FOLLOW_LANE,camera lane following,166.500,0.040625,0.750000,0,0,0,,,NONE,0.000000,0.000000,4.954022,4.245978
36.992,FOLLOW_LANE,camera lane following,169.500,0.059375,0.750000,0,0,0,,,NONE,0.000000,0.000000,5.119685,4.080315
37.024,FOLLOW_LANE,camera lane following,172.000,0.075000,0.750000,0,0,0,,,NONE,0.000000,0.000000,5.236921,3.963079
37.056,FOLLOW_LANE,camera lane following,174.000,0.087500,0.750000,0,0,0,,,NONE,0.000000,0.000000,5.329164,3.870836
37.088,FOLLOW_LANE,camera lane following,175.500,0.096875,0.750000,0,0,0,,,NONE,0.000000,0.000000,5.396413,3.803586
37.120,FOLLOW_LANE,camera lane following,177.000,0.106250,0.750000,0,0,0,,,NONE,0.000000,0.000000,5.471481,3.728518
37.152,FOLLOW_LANE,camera lane following,177.250,0.107813,0.750000,0,0,0,,,NONE,0.000000,0.000000,5.464519,3.735481
37.184,FOLLOW_LANE,camera lane following,178.000,0.112500,0.750000,0,0,0,,,NONE,0.000000,0.000000,5.509904,3.690096
37.216,FOLLOW_LANE,camera lane following,178.000,0.112500,0.750000,0,0,0,,,NONE,0.000000,0.000000,5.498257,3.701743
37.248,FOLLOW_LANE,camera lane following,177.750,0.110937,0.750000,0,0,0,,,NONE,0.000000,0.000000,5.481922,3.718078
37.280,FOLLOW_LANE,camera lane following,177.500,0.109375,0.750000,0,0,0,,,NONE,0.000000,0.000000,5.469492,3.730508
37.312,FOLLOW_LANE,camera lane following,177.000,0.106250,0.750000,0,0,0,,,NONE,0.000000,0.000000,5.440653,3.759346
37.344,FOLLOW_LANE,camera lane following,176.500,0.103125,0.750000,0,0,0,,,NONE,0.000000,0.000000,5.415719,3.784280
37.376,FOLLOW_LANE,camera lane following,175.500,0.096875,0.750000,0,0,0,,,NONE,0.000000,0.000000,5.357969,3.842031
37.408,FOLLOW_LANE,camera lane following,175.000,0.093750,0.750000,0,0,0,,,NONE,0.000000,0.000000,5.340841,3.859158
37.440,FOLLOW_LANE,camera lane following,174.500,0.090625,0.750000,0,0,0,,,NONE,0.000000,0.000000,5.315899,3.884100
37.472,FOLLOW_LANE,camera lane following,173.000,0.081250,0.750000,0,0,0,,,NONE,0.000000,0.000000,5.225326,3.974673
37.504,FOLLOW_LANE,camera lane following,172.500,0.078125,0.750000,0,0,0,,,NONE,0.000000,0.000000,5.216001,3.983998
37.536,FOLLOW_LANE,camera lane following,171.500,0.071875,0.750000,0,0,0,,,NONE,0.000000,0.000000,5.158235,4.041765
37.568,FOLLOW_LANE,camera lane following,170.500,0.065625,0.750000,0,0,0,,,NONE,0.000000,0.000000,5.108277,4.091723
37.600,FOLLOW_LANE,camera lane following,169.500,0.059375,0.750000,0,0,0,,,NONE,0.000000,0.000000,5.058315,4.141685
37.632,FOLLOW_LANE,camera lane following,168.500,0.053125,0.750000,0,0,0,,,NONE,0.000000,0.000000,5.008349,4.191651
37.664,FOLLOW_LANE,camera lane following,167.500,0.046875,0.750000,0,0,0,,,NONE,0.000000,0.000000,4.958379,4.241621
37.696,FOLLOW_LANE,camera lane following,167.000,0.043750,0.750000,0,0,0,,,NONE,0.000000,0.000000,4.941219,4.258780
37.728,FOLLOW_LANE,camera lane following,166.500,0.040625,0.750000,0,0,0,,,NONE,0.000000,0.000000,4.916245,4.283754
37.760,FOLLOW_LANE,camera lane following,166.000,0.037500,0.750000,0,0,0,,,NONE,0.000000,0.000000,4.891269,4.308730
37.792,FOLLOW_LANE,camera lane following,165.500,0.034375,0.750000,0,0,0,,,NONE,0.000000,0.000000,4.866291,4.333708
37.824,FOLLOW_LANE,camera lane following,165.000,0.031250,0.750000,0,0,0,,,NONE,0.000000,0.000000,4.841311,4.358688
37.856,FOLLOW_LANE,camera lane following,164.500,0.028125,0.750000,0,0,0,,,NONE,0.000000,0.000000,4.816329,4.383671
37.888,FOLLOW_LANE,camera lane following,164.500,0.028125,0.750000,0,0,0,,,NONE,0.000000,0.000000,4.824160,4.375840
37.920,FOLLOW_LANE,camera lane following,164.000,0.025000,0.750000,0,0,0,,,NONE,0.000000,0.000000,4.791363,4.408637
37.952,FOLLOW_LANE,camera lane following,163.500,0.021875,0.750000,0,0,0,,,NONE,0.000000,0.000000,4.766377,4.433622
37.984,FOLLOW_LANE,camera lane following,163.500,0.021875,0.750000,0,0,0,,,NONE,0.000000,0.000000,4.774204,4.425796
38.016,FOLLOW_LANE,camera lane following,163.000,0.018750,0.750000,0,0,0,,,NONE,0.000000,0.000000,4.741403,4.458596
38.048,FOLLOW_LANE,camera lane following,163.000,0.018750,0.750000,0,0,0,,,NONE,0.000000,0.000000,4.749228,4.450772
38.080,FOLLOW_LANE,camera lane following,163.000,0.018750,0.750000,0,0,0,,,NONE,0.000000,0.000000,4.749240,4.450760
38.112,FOLLOW_LANE,camera lane following,162.500,0.015625,0.750000,0,0,0,,,NONE,0.000000,0.000000,4.716437,4.483562
38.144,FOLLOW_LANE,camera lane following,162.500,0.015625,0.750000,0,0,0,,,NONE,0.000000,0.000000,4.724260,4.475740
38.176,FOLLOW_LANE,camera lane following,161.500,0.009375,0.750000,0,0,0,,,NONE,0.000000,0.000000,4.658641,4.541359
38.208,FOLLOW_LANE,camera lane following,161.500,0.009375,0.750000,0,0,0,,,NONE,0.000000,0.000000,4.674272,4.525728
38.240,FOLLOW_LANE,camera lane following,161.500,0.009375,0.750000,0,0,0,,,NONE,0.000000,0.000000,4.674278,4.525722
38.272,FOLLOW_LANE,camera lane following,162.000,0.012500,0.750000,0,0,0,,,NONE,0.000000,0.000000,4.707098,4.492901
38.304,FOLLOW_LANE,camera lane following,161.000,0.006250,0.750000,0,0,0,,,NONE,0.000000,0.000000,4.633665,4.566335
38.336,FOLLOW_LANE,camera lane following,161.000,0.006250,0.750000,0,0,0,,,NONE,0.000000,0.000000,4.649294,4.550706
38.368,FOLLOW_LANE,camera lane following,161.000,0.006250,0.750000,0,0,0,,,NONE,0.000000,0.000000,4.649298,4.550702
38.400,FOLLOW_LANE,camera lane following,161.000,0.006250,0.750000,0,0,0,,,NONE,0.000000,0.000000,4.649302,4.550698
38.432,FOLLOW_LANE,camera lane following,160.500,0.003125,0.750000,0,0,0,,,NONE,0.000000,0.000000,4.583677,4.616323
38.464,FOLLOW_LANE,camera lane following,160.500,0.003125,0.750000,0,0,0,,,NONE,0.000000,0.000000,4.599302,4.600698
38.496,FOLLOW_LANE,camera lane following,160.500,0.003125,0.750000,0,0,0,,,NONE,0.000000,0.000000,4.599302,4.600698
38.528,FOLLOW_LANE,camera lane following,160.500,0.003125,0.750000,0,0,0,,,NONE,0.000000,0.000000,4.599302,4.600698
38.560,FOLLOW_LANE,camera lane following,160.500,0.003125,0.750000,0,0,0,,,NONE,0.000000,0.000000,4.599302,4.600698
38.592,FOLLOW_LANE,camera lane following,160.500,0.003125,0.750000,0,0,0,,,NONE,0.000000,0.000000,4.599302,4.600698
38.624,FOLLOW_LANE,camera lane following,160.000,0.000000,0.750000,0,0,0,,,NONE,0.000000,0.000000,4.599302,4.600698
38.656,FOLLOW_LANE,camera lane following,160.000,0.000000,0.750000,0,0,0,,,NONE,0.000000,0.000000,4.599302,4.600698
38.688,FOLLOW_LANE,camera lane following,159.500,-0.003125,0.750000,0,0,0,,,NONE,0.000000,0.000000,4.599302,4.600698
38.720,FOLLOW_LANE,camera lane following,159.500,-0.003125,0.750000,0,0,0,,,NONE,0.000000,0.000000,4.599302,4.600698
38.752,FOLLOW_LANE,camera lane following,159.500,-0.003125,0.750000,0,0,0,,,NONE,0.000000,0.000000,4.599302,4.600698
38.784,FOLLOW_LANE,camera lane following,159.500,-0.003125,0.750000,0,0,0,,,NONE,0.000000,0.000000,4.599302,4.600698
38.816,FOLLOW_LANE,camera lane following,159.500,-0.003125,0.750000,0,0,0,,,NONE,0.000000,0.000000,4.599302,4.600698
38.848,FOLLOW_LANE,camera lane following,159.500,-0.003125,0.750000,0,0,0,,,NONE,0.000000,0.000000,4.599302,4.600698
38.880,FOLLOW_LANE,camera lane following,159.500,-0.003125,0.750000,0,0,0,,,NONE,0.000000,0.000000,4.599302,4.600698
38.912,FOLLOW_LANE,camera lane following,159.500,-0.003125,0.750000,0,0,0,,,NONE,0.000000,0.000000,4.599302,4.600698
38.944,FOLLOW_LANE,camera lane following,158.500,-0.009375,0.750000,0,0,0,,,NONE,0.000000,0.000000,4.500858,4.699141
38.976,FOLLOW_LANE,camera lane following,158.500,-0.009375,0.750000,0,0,0,,,NONE,0.000000,0.000000,4.524290,4.675710
39.008,FOLLOW_LANE,camera lane following,158.500,-0.009375,0.750000,0,0,0,,,NONE,0.000000,0.000000,4.524284,4.675716
39.040,FOLLOW_LANE,camera lane following,158.500,-0.009375,0.750000,0,0,0,,,NONE,0.000000,0.000000,4.524278,4.675722
39.072,FOLLOW_LANE,camera lane following,158.500,-0.009375,0.750000,0,0,0,,,NONE,0.000000,0.000000,4.524272,4.675728
39.104,FOLLOW_LANE,camera lane following,158.500,-0.009375,0.750000,0,0,0,,,NONE,0.000000,0.000000,4.524266,4.675734
39.136,FOLLOW_LANE,camera lane following,158.500,-0.009375,0.750000,0,0,0,,,NONE,0.000000,0.000000,4.524260,4.675740
39.168,FOLLOW_LANE,camera lane following,158.500,-0.009375,0.750000,0,0,0,,,NONE,0.000000,0.000000,4.524254,4.675746
39.200,FOLLOW_LANE,camera lane following,158.000,-0.012500,0.750000,0,0,0,,,NONE,0.000000,0.000000,4.491433,4.708566
39.232,FOLLOW_LANE,camera lane following,158.000,-0.012500,0.750000,0,0,0,,,NONE,0.000000,0.000000,4.499238,4.700762
39.264,FOLLOW_LANE,camera lane following,157.500,-0.015625,0.750000,0,0,0,,,NONE,0.000000,0.000000,4.466416,4.733584
39.296,FOLLOW_LANE,camera lane following,157.500,-0.015625,0.750000,0,0,0,,,NONE,0.000000,0.000000,4.474218,4.725782
39.328,FOLLOW_LANE,camera lane following,157.500,-0.015625,0.750000,0,0,0,,,NONE,0.000000,0.000000,4.474208,4.725792
39.360,FOLLOW_LANE,camera lane following,157.500,-0.015625,0.750000,0,0,0,,,NONE,0.000000,0.000000,4.474198,4.725802
39.392,FOLLOW_LANE,camera lane following,157.500,-0.015625,0.750000,0,0,0,,,NONE,0.000000,0.000000,4.474188,4.725812
39.424,FOLLOW_LANE,camera lane following,157.500,-0.015625,0.750000,0,0,0,,,NONE,0.000000,0.000000,4.474178,4.725822
39.456,FOLLOW_LANE,camera lane following,157.500,-0.015625,0.750000,0,0,0,,,NONE,0.000000,0.000000,4.474168,4.725832
39.488,FOLLOW_LANE,camera lane following,157.500,-0.015625,0.750000,0,0,0,,,NONE,0.000000,0.000000,4.474158,4.725842
39.520,FOLLOW_LANE,camera lane following,157.500,-0.015625,0.750000,0,0,0,,,NONE,0.000000,0.000000,4.474148,4.725852
39.552,FOLLOW_LANE,camera lane following,158.000,-0.012500,0.750000,0,0,0,,,NONE,0.000000,0.000000,4.506952,4.693047
39.584,FOLLOW_LANE,camera lane following,157.500,-0.015625,0.750000,0,0,0,,,NONE,0.000000,0.000000,4.466317,4.733682
39.616,FOLLOW_LANE,camera lane following,157.500,-0.015625,0.750000,0,0,0,,,NONE,0.000000,0.000000,4.474120,4.725880
39.648,FOLLOW_LANE,camera lane following,157.500,-0.015625,0.750000,0,0,0,,,NONE,0.000000,0.000000,4.474110,4.725890
39.680,FOLLOW_LANE,camera lane following,157.500,-0.015625,0.750000,0,0,0,,,NONE,0.000000,0.000000,4.474100,4.725900
39.712,FOLLOW_LANE,camera lane following,157.500,-0.015625,0.750000,0,0,0,,,NONE,0.000000,0.000000,4.474090,4.725910
39.744,FOLLOW_LANE,camera lane following,157.500,-0.015625,0.750000,0,0,0,,,NONE,0.000000,0.000000,4.474080,4.725920
39.776,FOLLOW_LANE,camera lane following,157.500,-0.015625,0.750000,0,0,0,,,NONE,0.000000,0.000000,4.474070,4.725930
39.808,FOLLOW_LANE,camera lane following,157.500,-0.015625,0.750000,0,0,0,,,NONE,0.000000,0.000000,4.474060,4.725940
39.840,FOLLOW_LANE,camera lane following,157.500,-0.015625,0.750000,0,0,0,,,NONE,0.000000,0.000000,4.474050,4.725950
39.872,FOLLOW_LANE,camera lane following,157.500,-0.015625,0.750000,0,0,0,,,NONE,0.000000,0.000000,4.474040,4.725960
39.904,FOLLOW_LANE,camera lane following,157.500,-0.015625,0.750000,0,0,0,,,NONE,0.000000,0.000000,4.474030,4.725970
39.936,FOLLOW_LANE,camera lane following,157.500,-0.015625,0.750000,0,0,0,,,NONE,0.000000,0.000000,4.474020,4.725980
39.968,FOLLOW_LANE,camera lane following,157.750,-0.014063,0.750000,0,0,0,,,NONE,0.000000,0.000000,4.490417,4.709583
40.000,FOLLOW_LANE,camera lane following,158.000,-0.012500,0.750000,0,0,0,,,NONE,0.000000,0.000000,4.502909,4.697091
40.032,FOLLOW_LANE,camera lane following,158.000,-0.012500,0.750000,0,0,0,,,NONE,0.000000,0.000000,4.498995,4.701005
40.064,FOLLOW_LANE,camera lane following,158.000,-0.012500,0.750000,0,0,0,,,NONE,0.000000,0.000000,4.498987,4.701013
40.096,FOLLOW_LANE,camera lane following,158.000,-0.012500,0.750000,0,0,0,,,NONE,0.000000,0.000000,4.498979,4.701021
40.128,FOLLOW_LANE,camera lane following,158.000,-0.012500,0.750000,0,0,0,,,NONE,0.000000,0.000000,4.498971,4.701029
40.160,FOLLOW_LANE,camera lane following,158.000,-0.012500,0.750000,0,0,0,,,NONE,0.000000,0.000000,4.498963,4.701037
40.192,FOLLOW_LANE,camera lane following,158.000,-0.012500,0.750000,0,0,0,,,NONE,0.000000,0.000000,4.498955,4.701045
40.224,FOLLOW_LANE,camera lane following,158.000,-0.012500,0.750000,0,0,0,,,NONE,0.000000,0.000000,4.498947,4.701053
40.256,FOLLOW_LANE,camera lane following,158.000,-0.012500,0.750000,0,0,0,,,NONE,0.000000,0.000000,4.498939,4.701061
40.288,FOLLOW_LANE,camera lane following,158.000,-0.012500,0.750000,0,0,0,,,NONE,0.000000,0.000000,4.498931,4.701069
40.320,FOLLOW_LANE,camera lane following,158.000,-0.012500,0.750000,0,0,0,,,NONE,0.000000,0.000000,4.498923,4.701077
40.352,FOLLOW_LANE,camera lane following,158.000,-0.012500,0.750000,0,0,0,,,NONE,0.000000,0.000000,4.498915,4.701085
40.384,FOLLOW_LANE,camera lane following,158.000,-0.012500,0.750000,0,0,0,,,NONE,0.000000,0.000000,4.498907,4.701093
40.416,FOLLOW_LANE,camera lane following,158.000,-0.012500,0.750000,0,0,0,,,NONE,0.000000,0.000000,4.498899,4.701101
40.448,FOLLOW_LANE,camera lane following,158.000,-0.012500,0.750000,0,0,0,,,NONE,0.000000,0.000000,4.498891,4.701109
40.480,FOLLOW_LANE,camera lane following,158.000,-0.012500,0.750000,0,0,0,,,NONE,0.000000,0.000000,4.498883,4.701117
40.512,FOLLOW_LANE,camera lane following,158.500,-0.009375,0.750000,0,0,0,,,NONE,0.000000,0.000000,4.531689,4.668310
40.544,FOLLOW_LANE,camera lane following,158.500,-0.009375,0.750000,0,0,0,,,NONE,0.000000,0.000000,4.523871,4.676129
40.576,FOLLOW_LANE,camera lane following,158.500,-0.009375,0.750000,0,0,0,,,NONE,0.000000,0.000000,4.523865,4.676135
40.608,FOLLOW_LANE,camera lane following,158.500,-0.009375,0.750000,0,0,0,,,NONE,0.000000,0.000000,4.523859,4.676141
40.640,FOLLOW_LANE,camera lane following,158.500,-0.009375,0.750000,0,0,0,,,NONE,0.000000,0.000000,4.523853,4.676147
40.672,FOLLOW_LANE,camera lane following,158.500,-0.009375,0.750000,0,0,0,,,NONE,0.000000,0.000000,4.523847,4.676153
40.704,FOLLOW_LANE,camera lane following,158.500,-0.009375,0.750000,0,0,0,,,NONE,0.000000,0.000000,4.523841,4.676159
40.736,FOLLOW_LANE,camera lane following,158.500,-0.009375,0.750000,0,0,0,,,NONE,0.000000,0.000000,4.523835,4.676165
40.768,FOLLOW_LANE,camera lane following,158.500,-0.009375,0.750000,0,0,0,,,NONE,0.000000,0.000000,4.523829,4.676171
40.800,FOLLOW_LANE,camera lane following,158.500,-0.009375,0.750000,0,0,0,,,NONE,0.000000,0.000000,4.523823,4.676177
40.832,FOLLOW_LANE,camera lane following,159.000,-0.006250,0.750000,0,0,0,,,NONE,0.000000,0.000000,4.556631,4.643368
40.864,FOLLOW_LANE,camera lane following,159.500,-0.003125,0.750000,0,0,0,,,NONE,0.000000,0.000000,4.614444,4.585556
40.896,FOLLOW_LANE,camera lane following,159.500,-0.003125,0.750000,0,0,0,,,NONE,0.000000,0.000000,4.598819,4.601181
40.928,FOLLOW_LANE,camera lane following,159.500,-0.003125,0.750000,0,0,0,,,NONE,0.000000,0.000000,4.598819,4.601181
40.960,FOLLOW_LANE,camera lane following,159.500,-0.003125,0.750000,0,0,0,,,NONE,0.000000,0.000000,4.598819,4.601181
40.992,FOLLOW_LANE,camera lane following,159.500,-0.003125,0.750000,0,0,0,,,NONE,0.000000,0.000000,4.598819,4.601181
41.024,FOLLOW_LANE,camera lane following,159.500,-0.003125,0.750000,0,0,0,,,NONE,0.000000,0.000000,4.598819,4.601181
41.056,FOLLOW_LANE,camera lane following,159.500,-0.003125,0.750000,0,0,0,,,NONE,0.000000,0.000000,4.598819,4.601181
41.088,FOLLOW_LANE,camera lane following,159.500,-0.003125,0.750000,0,0,0,,,NONE,0.000000,0.000000,4.598819,4.601181
41.120,FOLLOW_LANE,camera lane following,159.500,-0.003125,0.750000,0,0,0,,,NONE,0.000000,0.000000,4.598819,4.601181
41.152,FOLLOW_LANE,camera lane following,159.500,-0.003125,0.750000,0,0,0,,,NONE,0.000000,0.000000,4.598819,4.601181
41.184,FOLLOW_LANE,camera lane following,159.500,-0.003125,0.750000,0,0,0,,,NONE,0.000000,0.000000,4.598819,4.601181
41.216,FOLLOW_LANE,camera lane following,159.500,-0.003125,0.750000,0,0,0,,,NONE,0.000000,0.000000,4.598819,4.601181
41.248,FOLLOW_LANE,camera lane following,159.750,-0.001563,0.750000,0,0,0,,,NONE,0.000000,0.000000,4.598819,4.601181
41.280,FOLLOW_LANE,camera lane following,160.000,0.000000,0.750000,0,0,0,,,NONE,0.000000,0.000000,4.598819,4.601181
41.312,FOLLOW_LANE,camera lane following,160.000,0.000000,0.750000,0,0,0,,,NONE,0.000000,0.000000,4.598819,4.601181
41.344,FOLLOW_LANE,camera lane following,160.000,0.000000,0.750000,0,0,0,,,NONE,0.000000,0.000000,4.598819,4.601181
41.376,FOLLOW_LANE,camera lane following,160.000,0.000000,0.750000,0,0,0,,,NONE,0.000000,0.000000,4.598819,4.601181
41.408,FOLLOW_LANE,camera lane following,160.000,0.000000,0.750000,0,0,0,,,NONE,0.000000,0.000000,4.598819,4.601181
41.440,FOLLOW_LANE,camera lane following,160.500,0.003125,0.750000,0,0,0,,,NONE,0.000000,0.000000,4.598819,4.601181
41.472,FOLLOW_LANE,camera lane following,160.500,0.003125,0.750000,0,0,0,,,NONE,0.000000,0.000000,4.598819,4.601181
41.504,FOLLOW_LANE,camera lane following,160.500,0.003125,0.750000,0,0,0,,,NONE,0.000000,0.000000,4.598819,4.601181
41.536,FOLLOW_LANE,camera lane following,160.500,0.003125,0.750000,0,0,0,,,NONE,0.000000,0.000000,4.598819,4.601181
41.568,FOLLOW_LANE,camera lane following,160.500,0.003125,0.750000,0,0,0,,,NONE,0.000000,0.000000,4.598819,4.601181
41.600,FOLLOW_LANE,camera lane following,160.500,0.003125,0.750000,0,0,0,,,NONE,0.000000,0.000000,4.598819,4.601181
41.632,FOLLOW_LANE,camera lane following,161.000,0.006250,0.750000,0,0,0,,,NONE,0.000000,0.000000,4.664448,4.535552
41.664,FOLLOW_LANE,camera lane following,161.000,0.006250,0.750000,0,0,0,,,NONE,0.000000,0.000000,4.648827,4.551173
41.696,FOLLOW_LANE,camera lane following,161.000,0.006250,0.750000,0,0,0,,,NONE,0.000000,0.000000,4.648831,4.551169
41.728,FOLLOW_LANE,camera lane following,161.000,0.006250,0.750000,0,0,0,,,NONE,0.000000,0.000000,4.648835,4.551165
41.760,FOLLOW_LANE,camera lane following,161.000,0.006250,0.750000,0,0,0,,,NONE,0.000000,0.000000,4.648839,4.551161
41.792,FOLLOW_LANE,camera lane following,161.000,0.006250,0.750000,0,0,0,,,NONE,0.000000,0.000000,4.648843,4.551157
41.824,FOLLOW_LANE,camera lane following,161.000,0.006250,0.750000,0,0,0,,,NONE,0.000000,0.000000,4.648847,4.551153
41.856,FOLLOW_LANE,camera lane following,161.000,0.006250,0.750000,0,0,0,,,NONE,0.000000,0.000000,4.648851,4.551149
41.888,FOLLOW_LANE,camera lane following,161.500,0.009375,0.750000,0,0,0,,,NONE,0.000000,0.000000,4.681669,4.518330
41.920,FOLLOW_LANE,camera lane following,161.500,0.009375,0.750000,0,0,0,,,NONE,0.000000,0.000000,4.673863,4.526137
41.952,FOLLOW_LANE,camera lane following,161.500,0.009375,0.750000,0,0,0,,,NONE,0.000000,0.000000,4.673869,4.526131
41.984,FOLLOW_LANE,camera lane following,161.500,0.009375,0.750000,0,0,0,,,NONE,0.000000,0.000000,4.673875,4.526125
42.016,FOLLOW_LANE,camera lane following,161.500,0.009375,0.750000,0,0,0,,,NONE,0.000000,0.000000,4.673881,4.526119
42.048,FOLLOW_LANE,camera lane following,161.500,0.009375,0.750000,0,0,0,,,NONE,0.000000,0.000000,4.673887,4.526113
42.080,FOLLOW_LANE,camera lane following,161.500,0.009375,0.750000,0,0,0,,,NONE,0.000000,0.000000,4.673893,4.526107
42.112,FOLLOW_LANE,camera lane following,161.500,0.009375,0.750000,0,0,0,,,NONE,0.000000,0.000000,4.673899,4.526101
42.144,FOLLOW_LANE,camera lane following,161.500,0.009375,0.750000,0,0,0,,,NONE,0.000000,0.000000,4.673905,4.526095
42.176,FOLLOW_LANE,camera lane following,161.500,0.009375,0.750000,0,0,0,,,NONE,0.000000,0.000000,4.673911,4.526089
42.208,FOLLOW_LANE,camera lane following,161.500,0.009375,0.750000,0,0,0,,,NONE,0.000000,0.000000,4.673917,4.526083
42.240,FOLLOW_LANE,camera lane following,161.500,0.009375,0.750000,0,0,0,,,NONE,0.000000,0.000000,4.673923,4.526077
42.272,FOLLOW_LANE,camera lane following,161.500,0.009375,0.750000,0,0,0,,,NONE,0.000000,0.000000,4.673929,4.526071
42.304,FOLLOW_LANE,camera lane following,161.500,0.009375,0.750000,0,0,0,,,NONE,0.000000,0.000000,4.673935,4.526065
42.336,FOLLOW_LANE,camera lane following,162.000,0.012500,0.750000,0,0,0,,,NONE,0.000000,0.000000,4.706755,4.493244
42.368,FOLLOW_LANE,camera lane following,161.750,0.010937,0.750000,0,0,0,,,NONE,0.000000,0.000000,4.682544,4.517456
42.400,FOLLOW_LANE,camera lane following,161.500,0.009375,0.750000,0,0,0,,,NONE,0.000000,0.000000,4.670050,4.529950
42.432,FOLLOW_LANE,camera lane following,161.500,0.009375,0.750000,0,0,0,,,NONE,0.000000,0.000000,4.673962,4.526038
42.464,FOLLOW_LANE,camera lane following,161.500,0.009375,0.750000,0,0,0,,,NONE,0.000000,0.000000,4.673968,4.526032
42.496,FOLLOW_LANE,camera lane following,161.500,0.009375,0.750000,0,0,0,,,NONE,0.000000,0.000000,4.673974,4.526026
42.528,FOLLOW_LANE,camera lane following,161.500,0.009375,0.750000,0,0,0,,,NONE,0.000000,0.000000,4.673980,4.526020
42.560,FOLLOW_LANE,camera lane following,161.500,0.009375,0.750000,0,0,0,,,NONE,0.000000,0.000000,4.673986,4.526014
42.592,FOLLOW_LANE,camera lane following,161.500,0.009375,0.750000,0,0,0,,,NONE,0.000000,0.000000,4.673992,4.526008
42.624,FOLLOW_LANE,camera lane following,161.500,0.009375,0.750000,0,0,0,,,NONE,0.000000,0.000000,4.673998,4.526002
42.656,FOLLOW_LANE,camera lane following,161.500,0.009375,0.750000,0,0,0,,,NONE,0.000000,0.000000,4.674004,4.525996
42.688,FOLLOW_LANE,camera lane following,161.500,0.009375,0.750000,0,0,0,,,NONE,0.000000,0.000000,4.674010,4.525990
42.720,FOLLOW_LANE,camera lane following,161.500,0.009375,0.750000,0,0,0,,,NONE,0.000000,0.000000,4.674016,4.525984
42.752,FOLLOW_LANE,camera lane following,161.500,0.009375,0.750000,0,0,0,,,NONE,0.000000,0.000000,4.674022,4.525978
42.784,FOLLOW_LANE,camera lane following,161.500,0.009375,0.750000,0,0,0,,,NONE,0.000000,0.000000,4.674028,4.525972
42.816,FOLLOW_LANE,camera lane following,161.500,0.009375,0.750000,0,0,0,,,NONE,0.000000,0.000000,4.674034,4.525966
42.848,FOLLOW_LANE,camera lane following,161.500,0.009375,0.750000,0,0,0,,,NONE,0.000000,0.000000,4.674040,4.525960
42.880,FOLLOW_LANE,camera lane following,161.500,0.009375,0.750000,0,0,0,,,NONE,0.000000,0.000000,4.674046,4.525954
42.912,FOLLOW_LANE,camera lane following,161.500,0.009375,0.750000,0,0,0,,,NONE,0.000000,0.000000,4.674052,4.525948
42.944,FOLLOW_LANE,camera lane following,161.500,0.009375,0.750000,0,0,0,,,NONE,0.000000,0.000000,4.674058,4.525942
42.976,FOLLOW_LANE,camera lane following,161.500,0.009375,0.750000,0,0,0,,,NONE,0.000000,0.000000,4.674064,4.525936
43.008,FOLLOW_LANE,camera lane following,161.500,0.009375,0.750000,0,0,0,,,NONE,0.000000,0.000000,4.674070,4.525930
43.040,FOLLOW_LANE,camera lane following,161.000,0.006250,0.750000,0,0,0,,,NONE,0.000000,0.000000,4.641261,4.558738
43.072,FOLLOW_LANE,camera lane following,161.000,0.006250,0.750000,0,0,0,,,NONE,0.000000,0.000000,4.649078,4.550922
43.104,FOLLOW_LANE,camera lane following,161.000,0.006250,0.750000,0,0,0,,,NONE,0.000000,0.000000,4.649082,4.550918
43.136,FOLLOW_LANE,camera lane following,161.000,0.006250,0.750000,0,0,0,,,NONE,0.000000,0.000000,4.649086,4.550914
43.168,FOLLOW_LANE,camera lane following,161.000,0.006250,0.750000,0,0,0,,,NONE,0.000000,0.000000,4.649090,4.550910
43.200,FOLLOW_LANE,camera lane following,161.000,0.006250,0.750000,0,0,0,,,NONE,0.000000,0.000000,4.649094,4.550906
43.232,FOLLOW_LANE,camera lane following,161.000,0.006250,0.750000,0,0,0,,,NONE,0.000000,0.000000,4.649098,4.550902
43.264,FOLLOW_LANE,camera lane following,161.000,0.006250,0.750000,0,0,0,,,NONE,0.000000,0.000000,4.649102,4.550898
43.296,FOLLOW_LANE,camera lane following,161.000,0.006250,0.750000,0,0,0,,,NONE,0.000000,0.000000,4.649106,4.550894
43.328,FOLLOW_LANE,camera lane following,161.000,0.006250,0.750000,0,0,0,,,NONE,0.000000,0.000000,4.649110,4.550890
43.360,FOLLOW_LANE,camera lane following,161.000,0.006250,0.750000,0,0,0,,,NONE,0.000000,0.000000,4.649114,4.550886
43.392,FOLLOW_LANE,camera lane following,161.000,0.006250,0.750000,0,0,0,,,NONE,0.000000,0.000000,4.649118,4.550882
43.424,FOLLOW_LANE,camera lane following,160.500,0.003125,0.750000,0,0,0,,,NONE,0.000000,0.000000,4.583493,4.616507
43.456,FOLLOW_LANE,camera lane following,160.500,0.003125,0.750000,0,0,0,,,NONE,0.000000,0.000000,4.599118,4.600882
43.488,FOLLOW_LANE,camera lane following,160.500,0.003125,0.750000,0,0,0,,,NONE,0.000000,0.000000,4.599118,4.600882
43.520,FOLLOW_LANE,camera lane following,160.500,0.003125,0.750000,0,0,0,,,NONE,0.000000,0.000000,4.599118,4.600882
43.552,FOLLOW_LANE,camera lane following,160.500,0.003125,0.750000,0,0,0,,,NONE,0.000000,0.000000,4.599118,4.600882
43.584,FOLLOW_LANE,camera lane following,160.500,0.003125,0.750000,0,0,0,,,NONE,0.000000,0.000000,4.599118,4.600882
43.616,FOLLOW_LANE,camera lane following,160.500,0.003125,0.750000,0,0,0,,,NONE,0.000000,0.000000,4.599118,4.600882
43.648,FOLLOW_LANE,camera lane following,160.500,0.003125,0.750000,0,0,0,,,NONE,0.000000,0.000000,4.599118,4.600882
43.680,FOLLOW_LANE,camera lane following,160.500,0.003125,0.750000,0,0,0,,,NONE,0.000000,0.000000,4.599118,4.600882
43.712,FOLLOW_LANE,camera lane following,160.500,0.003125,0.750000,0,0,0,,,NONE,0.000000,0.000000,4.599118,4.600882
43.744,FOLLOW_LANE,camera lane following,160.000,0.000000,0.750000,0,0,0,,,NONE,0.000000,0.000000,4.599118,4.600882
43.776,FOLLOW_LANE,camera lane following,160.000,0.000000,0.750000,0,0,0,,,NONE,0.000000,0.000000,4.599118,4.600882
43.808,FOLLOW_LANE,camera lane following,160.000,0.000000,0.750000,0,0,0,,,NONE,0.000000,0.000000,4.599118,4.600882
43.840,FOLLOW_LANE,camera lane following,160.000,0.000000,0.750000,0,0,0,,,NONE,0.000000,0.000000,4.599118,4.600882
43.872,FOLLOW_LANE,camera lane following,160.000,0.000000,0.750000,0,0,0,,,NONE,0.000000,0.000000,4.599118,4.600882
43.904,FOLLOW_LANE,camera lane following,160.000,0.000000,0.750000,0,0,0,,,NONE,0.000000,0.000000,4.599118,4.600882
43.936,FOLLOW_LANE,camera lane following,160.000,0.000000,0.750000,0,0,0,,,NONE,0.000000,0.000000,4.599118,4.600882
43.968,FOLLOW_LANE,camera lane following,160.000,0.000000,0.750000,0,0,0,,,NONE,0.000000,0.000000,4.599118,4.600882
44.000,FOLLOW_LANE,camera lane following,160.000,0.000000,0.750000,0,0,0,,,NONE,0.000000,0.000000,4.599118,4.600882
44.032,FOLLOW_LANE,camera lane following,159.500,-0.003125,0.750000,0,0,0,,,NONE,0.000000,0.000000,4.599118,4.600882
44.064,FOLLOW_LANE,camera lane following,159.500,-0.003125,0.750000,0,0,0,,,NONE,0.000000,0.000000,4.599118,4.600882
44.096,FOLLOW_LANE,camera lane following,159.500,-0.003125,0.750000,0,0,0,,,NONE,0.000000,0.000000,4.599118,4.600882
44.128,FOLLOW_LANE,camera lane following,159.500,-0.003125,0.750000,0,0,0,,,NONE,0.000000,0.000000,4.599118,4.600882
44.160,FOLLOW_LANE,camera lane following,159.500,-0.003125,0.750000,0,0,0,,,NONE,0.000000,0.000000,4.599118,4.600882
44.192,FOLLOW_LANE,camera lane following,159.500,-0.003125,0.750000,0,0,0,,,NONE,0.000000,0.000000,4.599118,4.600882
44.224,FOLLOW_LANE,camera lane following,159.500,-0.003125,0.750000,0,0,0,,,NONE,0.000000,0.000000,4.599118,4.600882
44.256,FOLLOW_LANE,camera lane following,159.500,-0.003125,0.750000,0,0,0,,,NONE,0.000000,0.000000,4.599118,4.600882
44.288,FOLLOW_LANE,camera lane following,159.500,-0.003125,0.750000,0,0,0,,,NONE,0.000000,0.000000,4.599118,4.600882
44.320,FOLLOW_LANE,camera lane following,159.500,-0.003125,0.750000,0,0,0,,,NONE,0.000000,0.000000,4.599118,4.600882
44.352,FOLLOW_LANE,camera lane following,159.500,-0.003125,0.750000,0,0,0,,,NONE,0.000000,0.000000,4.599118,4.600882
44.384,FOLLOW_LANE,camera lane following,159.500,-0.003125,0.750000,0,0,0,,,NONE,0.000000,0.000000,4.599118,4.600882
44.416,FOLLOW_LANE,camera lane following,159.500,-0.003125,0.750000,0,0,0,,,NONE,0.000000,0.000000,4.599118,4.600882
44.448,FOLLOW_LANE,camera lane following,159.500,-0.003125,0.750000,0,0,0,,,NONE,0.000000,0.000000,4.599118,4.600882
44.480,FOLLOW_LANE,camera lane following,159.500,-0.003125,0.750000,0,0,0,,,NONE,0.000000,0.000000,4.599118,4.600882
44.512,FOLLOW_LANE,camera lane following,159.500,-0.003125,0.750000,0,0,0,,,NONE,0.000000,0.000000,4.599118,4.600882
44.544,FOLLOW_LANE,camera lane following,159.500,-0.003125,0.750000,0,0,0,,,NONE,0.000000,0.000000,4.599118,4.600882
44.576,FOLLOW_LANE,camera lane following,159.500,-0.003125,0.750000,0,0,0,,,NONE,0.000000,0.000000,4.599118,4.600882
44.608,FOLLOW_LANE,camera lane following,159.500,-0.003125,0.750000,0,0,0,,,NONE,0.000000,0.000000,4.599118,4.600882
44.640,FOLLOW_LANE,camera lane following,159.500,-0.003125,0.750000,0,0,0,,,NONE,0.000000,0.000000,4.599118,4.600882
44.672,FOLLOW_LANE,camera lane following,159.000,-0.006250,0.750000,0,0,0,,,NONE,0.000000,0.000000,4.533489,4.666511
44.704,FOLLOW_LANE,camera lane following,159.000,-0.006250,0.750000,0,0,0,,,NONE,0.000000,0.000000,4.549110,4.650890
44.736,FOLLOW_LANE,camera lane following,159.000,-0.006250,0.750000,0,0,0,,,NONE,0.000000,0.000000,4.549106,4.650894
44.768,FOLLOW_LANE,camera lane following,159.000,-0.006250,0.750000,0,0,0,,,NONE,0.000000,0.000000,4.549102,4.650898
44.800,FOLLOW_LANE,camera lane following,159.000,-0.006250,0.750000,0,0,0,,,NONE,0.000000,0.000000,4.549098,4.650902
44.832,FOLLOW_LANE,camera lane following,159.000,-0.006250,0.750000,0,0,0,,,NONE,0.000000,0.000000,4.549094,4.650906
44.864,FOLLOW_LANE,camera lane following,159.000,-0.006250,0.750000,0,0,0,,,NONE,0.000000,0.000000,4.549090,4.650910
44.896,FOLLOW_LANE,camera lane following,159.000,-0.006250,0.750000,0,0,0,,,NONE,0.000000,0.000000,4.549086,4.650914
44.928,FOLLOW_LANE,camera lane following,159.000,-0.006250,0.750000,0,0,0,,,NONE,0.000000,0.000000,4.549082,4.650918
44.960,FOLLOW_LANE,camera lane following,159.000,-0.006250,0.750000,0,0,0,,,NONE,0.000000,0.000000,4.549078,4.650922
44.992,FOLLOW_LANE,camera lane following,159.000,-0.006250,0.750000,0,0,0,,,NONE,0.000000,0.000000,4.549074,4.650926
45.024,FOLLOW_LANE,camera lane following,159.000,-0.006250,0.750000,0,0,0,,,NONE,0.000000,0.000000,4.549070,4.650930
45.056,FOLLOW_LANE,camera lane following,159.000,-0.006250,0.750000,0,0,0,,,NONE,0.000000,0.000000,4.549066,4.650934
45.088,FOLLOW_LANE,camera lane following,159.000,-0.006250,0.750000,0,0,0,,,NONE,0.000000,0.000000,4.549062,4.650938
45.120,FOLLOW_LANE,camera lane following,159.000,-0.006250,0.750000,0,0,0,,,NONE,0.000000,0.000000,4.549058,4.650942
45.152,FOLLOW_LANE,camera lane following,158.750,-0.007812,0.750000,0,0,0,,,NONE,0.000000,0.000000,4.532647,4.667353
45.184,FOLLOW_LANE,camera lane following,159.000,-0.006250,0.750000,0,0,0,,,NONE,0.000000,0.000000,4.552955,4.647045
45.216,FOLLOW_LANE,camera lane following,158.500,-0.009375,0.750000,0,0,0,,,NONE,0.000000,0.000000,4.516230,4.683769
45.248,FOLLOW_LANE,camera lane following,159.000,-0.006250,0.750000,0,0,0,,,NONE,0.000000,0.000000,4.556851,4.643148
45.280,FOLLOW_LANE,camera lane following,159.000,-0.006250,0.750000,0,0,0,,,NONE,0.000000,0.000000,4.549035,4.650965
45.312,FOLLOW_LANE,camera lane following,159.000,-0.006250,0.750000,0,0,0,,,NONE,0.000000,0.000000,4.549031,4.650969
45.344,FOLLOW_LANE,camera lane following,159.000,-0.006250,0.750000,0,0,0,,,NONE,0.000000,0.000000,4.549027,4.650973
45.376,FOLLOW_LANE,camera lane following,159.000,-0.006250,0.750000,0,0,0,,,NONE,0.000000,0.000000,4.549023,4.650977
45.408,FOLLOW_LANE,camera lane following,159.000,-0.006250,0.750000,0,0,0,,,NONE,0.000000,0.000000,4.549019,4.650981
45.440,FOLLOW_LANE,camera lane following,159.000,-0.006250,0.750000,0,0,0,,,NONE,0.000000,0.000000,4.549015,4.650985
45.472,FOLLOW_LANE,camera lane following,159.000,-0.006250,0.750000,0,0,0,,,NONE,0.000000,0.000000,4.549011,4.650989
45.504,FOLLOW_LANE,camera lane following,159.000,-0.006250,0.750000,0,0,0,,,NONE,0.000000,0.000000,4.549007,4.650993
45.536,FOLLOW_LANE,camera lane following,159.000,-0.006250,0.750000,0,0,0,,,NONE,0.000000,0.000000,4.549003,4.650997
45.568,FOLLOW_LANE,camera lane following,159.000,-0.006250,0.750000,0,0,0,,,NONE,0.000000,0.000000,4.548999,4.651001
45.600,FOLLOW_LANE,camera lane following,159.000,-0.006250,0.750000,0,0,0,,,NONE,0.000000,0.000000,4.548995,4.651005
45.632,FOLLOW_LANE,camera lane following,159.000,-0.006250,0.750000,0,0,0,,,NONE,0.000000,0.000000,4.548991,4.651009
45.664,FOLLOW_LANE,camera lane following,159.000,-0.006250,0.750000,0,0,0,,,NONE,0.000000,0.000000,4.548987,4.651013
45.696,FOLLOW_LANE,camera lane following,159.500,-0.003125,0.750000,0,0,0,,,NONE,0.000000,0.000000,4.614612,4.585388
45.728,FOLLOW_LANE,camera lane following,159.500,-0.003125,0.750000,0,0,0,,,NONE,0.000000,0.000000,4.598987,4.601013
45.760,FOLLOW_LANE,camera lane following,159.500,-0.003125,0.750000,0,0,0,,,NONE,0.000000,0.000000,4.598987,4.601013
45.792,FOLLOW_LANE,camera lane following,159.500,-0.003125,0.750000,0,0,0,,,NONE,0.000000,0.000000,4.598987,4.601013
45.824,FOLLOW_LANE,camera lane following,159.500,-0.003125,0.750000,0,0,0,,,NONE,0.000000,0.000000,4.598987,4.601013
45.856,FOLLOW_LANE,camera lane following,159.500,-0.003125,0.750000,0,0,0,,,NONE,0.000000,0.000000,4.598987,4.601013
45.888,FOLLOW_LANE,camera lane following,159.500,-0.003125,0.750000,0,0,0,,,NONE,0.000000,0.000000,4.598987,4.601013
45.920,FOLLOW_LANE,camera lane following,159.500,-0.003125,0.750000,0,0,0,,,NONE,0.000000,0.000000,4.598987,4.601013
45.952,FOLLOW_LANE,camera lane following,159.500,-0.003125,0.750000,0,0,0,,,NONE,0.000000,0.000000,4.598987,4.601013
45.984,FOLLOW_LANE,camera lane following,159.500,-0.003125,0.750000,0,0,0,,,NONE,0.000000,0.000000,4.598987,4.601013
46.016,FOLLOW_LANE,camera lane following,159.500,-0.003125,0.750000,0,0,0,,,NONE,0.000000,0.000000,4.598987,4.601013
46.048,FOLLOW_LANE,camera lane following,159.000,-0.006250,0.750000,0,0,0,,,NONE,0.000000,0.000000,4.533358,4.666642
46.080,FOLLOW_LANE,camera lane following,159.000,-0.006250,0.750000,0,0,0,,,NONE,0.000000,0.000000,4.548979,4.651021
46.112,FOLLOW_LANE,camera lane following,159.000,-0.006250,0.750000,0,0,0,,,NONE,0.000000,0.000000,4.548975,4.651025
46.144,FOLLOW_LANE,camera lane following,159.500,-0.003125,0.750000,0,0,0,,,NONE,0.000000,0.000000,4.614600,4.585400
46.176,FOLLOW_LANE,camera lane following,159.500,-0.003125,0.750000,0,0,0,,,NONE,0.000000,0.000000,4.598975,4.601025
46.208,FOLLOW_LANE,camera lane following,159.500,-0.003125,0.750000,0,0,0,,,NONE,0.000000,0.000000,4.598975,4.601025
46.240,FOLLOW_LANE,camera lane following,159.500,-0.003125,0.750000,0,0,0,,,NONE,0.000000,0.000000,4.598975,4.601025
46.272,FOLLOW_LANE,camera lane following,160.000,0.000000,0.750000,0,0,0,,,NONE,0.000000,0.000000,4.598975,4.601025
46.304,FOLLOW_LANE,camera lane following,160.000,0.000000,0.750000,0,0,0,,,NONE,0.000000,0.000000,4.598975,4.601025
46.336,FOLLOW_LANE,camera lane following,160.000,0.000000,0.750000,0,0,0,,,NONE,0.000000,0.000000,4.598975,4.601025
46.368,FOLLOW_LANE,camera lane following,160.500,0.003125,0.750000,0,0,0,,,NONE,0.000000,0.000000,4.598975,4.601025
46.400,FOLLOW_LANE,camera lane following,159.000,-0.006250,0.750000,0,0,0,,,NONE,0.000000,0.000000,4.533346,4.666654
46.432,FOLLOW_LANE,camera lane following,160.500,0.003125,0.750000,0,0,0,,,NONE,0.000000,0.000000,4.614596,4.585404
46.464,FOLLOW_LANE,camera lane following,161.000,0.006250,0.750000,0,0,0,,,NONE,0.000000,0.000000,4.664600,4.535400
46.496,FOLLOW_LANE,camera lane following,161.000,0.006250,0.750000,0,0,0,,,NONE,0.000000,0.000000,4.648979,4.551021
46.528,FOLLOW_LANE,camera lane following,161.000,0.006250,0.750000,0,0,0,,,NONE,0.000000,0.000000,4.648983,4.551017
46.560,FOLLOW_LANE,camera lane following,160.500,0.003125,0.750000,0,0,0,,,NONE,0.000000,0.000000,4.583358,4.616642
46.592,FOLLOW_LANE,camera lane following,160.500,0.003125,0.750000,0,0,0,,,NONE,0.000000,0.000000,4.598983,4.601017
46.624,FOLLOW_LANE,camera lane following,160.500,0.003125,0.750000,0,0,0,,,NONE,0.000000,0.000000,4.598983,4.601017
46.656,FOLLOW_LANE,camera lane following,160.500,0.003125,0.750000,0,0,0,,,NONE,0.000000,0.000000,4.598983,4.601017
46.688,FOLLOW_LANE,camera lane following,160.500,0.003125,0.750000,0,0,0,,,NONE,0.000000,0.000000,4.598983,4.601017
46.720,FOLLOW_LANE,camera lane following,160.500,0.003125,0.750000,0,0,0,,,NONE,0.000000,0.000000,4.598983,4.601017
46.752,FOLLOW_LANE,camera lane following,160.500,0.003125,0.750000,0,0,0,,,NONE,0.000000,0.000000,4.598983,4.601017
46.784,FOLLOW_LANE,camera lane following,160.500,0.003125,0.750000,0,0,0,,,NONE,0.000000,0.000000,4.598983,4.601017
46.816,FOLLOW_LANE,camera lane following,160.000,0.000000,0.750000,0,0,0,,,NONE,0.000000,0.000000,4.598983,4.601017
46.848,FOLLOW_LANE,camera lane following,159.750,-0.001563,0.750000,0,0,0,,,NONE,0.000000,0.000000,4.598983,4.601017
46.880,FOLLOW_LANE,camera lane following,159.500,-0.003125,0.750000,0,0,0,,,NONE,0.000000,0.000000,4.598983,4.601017
46.912,FOLLOW_LANE,camera lane following,159.500,-0.003125,0.750000,0,0,0,,,NONE,0.000000,0.000000,4.598983,4.601017
46.944,FOLLOW_LANE,camera lane following,159.500,-0.003125,0.750000,0,0,0,,,NONE,0.000000,0.000000,4.598983,4.601017
46.976,FOLLOW_LANE,camera lane following,159.500,-0.003125,0.750000,0,0,0,,,NONE,0.000000,0.000000,4.598983,4.601017
47.008,FOLLOW_LANE,camera lane following,159.500,-0.003125,0.750000,0,0,0,,,NONE,0.000000,0.000000,4.598983,4.601017
47.040,FOLLOW_LANE,camera lane following,159.500,-0.003125,0.750000,0,0,0,,,NONE,0.000000,0.000000,4.598983,4.601017
47.072,FOLLOW_LANE,camera lane following,159.500,-0.003125,0.750000,0,0,0,,,NONE,0.000000,0.000000,4.598983,4.601017
47.104,FOLLOW_LANE,camera lane following,159.500,-0.003125,0.750000,0,0,0,,,NONE,0.000000,0.000000,4.598983,4.601017
47.136,FOLLOW_LANE,camera lane following,159.500,-0.003125,0.750000,0,0,0,,,NONE,0.000000,0.000000,4.598983,4.601017
47.168,FOLLOW_LANE,camera lane following,159.000,-0.006250,0.750000,0,0,0,,,NONE,0.000000,0.000000,4.533354,4.666646
47.200,FOLLOW_LANE,camera lane following,159.000,-0.006250,0.750000,0,0,0,,,NONE,0.000000,0.000000,4.548975,4.651025
47.232,FOLLOW_LANE,camera lane following,159.000,-0.006250,0.750000,0,0,0,,,NONE,0.000000,0.000000,4.548971,4.651029
47.264,FOLLOW_LANE,camera lane following,159.000,-0.006250,0.750000,0,0,0,,,NONE,0.000000,0.000000,4.548967,4.651033
47.296,FOLLOW_LANE,camera lane following,159.000,-0.006250,0.750000,0,0,0,,,NONE,0.000000,0.000000,4.548963,4.651037
47.328,FOLLOW_LANE,camera lane following,159.000,-0.006250,0.750000,0,0,0,,,NONE,0.000000,0.000000,4.548959,4.651041
47.360,FOLLOW_LANE,camera lane following,157.500,-0.015625,0.750000,0,0,0,,,NONE,0.000000,0.000000,4.450511,4.749489
47.392,FOLLOW_LANE,camera lane following,158.250,-0.010937,0.750000,0,0,0,,,NONE,0.000000,0.000000,4.523161,4.676839
47.424,FOLLOW_LANE,camera lane following,159.000,-0.006250,0.750000,0,0,0,,,NONE,0.000000,0.000000,4.560657,4.639343
47.456,FOLLOW_LANE,camera lane following,159.000,-0.006250,0.750000,0,0,0,,,NONE,0.000000,0.000000,4.548934,4.651066
47.488,FOLLOW_LANE,camera lane following,159.000,-0.006250,0.750000,0,0,0,,,NONE,0.000000,0.000000,4.548930,4.651070
47.520,FOLLOW_LANE,camera lane following,159.000,-0.006250,0.750000,0,0,0,,,NONE,0.000000,0.000000,4.548926,4.651074
47.552,FOLLOW_LANE,camera lane following,158.500,-0.009375,0.750000,0,0,0,,,NONE,0.000000,0.000000,4.516107,4.683892
47.584,FOLLOW_LANE,camera lane following,157.500,-0.015625,0.750000,0,0,0,,,NONE,0.000000,0.000000,4.458285,4.741715
47.616,FOLLOW_LANE,camera lane following,157.500,-0.015625,0.750000,0,0,0,,,NONE,0.000000,0.000000,4.473900,4.726100
47.648,FOLLOW_LANE,camera lane following,156.500,-0.021875,0.750000,0,0,0,,,NONE,0.000000,0.000000,4.408261,4.791739
47.680,FOLLOW_LANE,camera lane following,156.000,-0.025000,0.750000,0,0,0,,,NONE,0.000000,0.000000,4.391057,4.808942
47.712,FOLLOW_LANE,camera lane following,155.500,-0.028125,0.750000,0,0,0,,,NONE,0.000000,0.000000,4.366039,4.833960
47.744,FOLLOW_LANE,camera lane following,155.000,-0.031250,0.750000,0,0,0,,,NONE,0.000000,0.000000,4.341019,4.858980
47.776,FOLLOW_LANE,camera lane following,154.500,-0.034375,0.750000,0,0,0,,,NONE,0.000000,0.000000,4.315997,4.884002
47.808,FOLLOW_LANE,camera lane following,153.500,-0.040625,0.750000,0,0,0,,,NONE,0.000000,0.000000,4.258159,4.941841
47.840,FOLLOW_LANE,camera lane following,153.000,-0.043750,0.750000,0,0,0,,,NONE,0.000000,0.000000,4.240943,4.959056
47.872,FOLLOW_LANE,camera lane following,152.000,-0.050000,0.750000,0,0,0,,,NONE,0.000000,0.000000,4.183099,5.016901
47.904,FOLLOW_LANE,camera lane following,151.500,-0.053125,0.750000,0,0,0,,,NONE,0.000000,0.000000,4.165877,5.034122
47.936,FOLLOW_LANE,camera lane following,150.500,-0.059375,0.750000,0,0,0,,,NONE,0.000000,0.000000,4.108027,5.091973
47.968,FOLLOW_LANE,camera lane following,150.000,-0.062500,0.750000,0,0,0,,,NONE,0.000000,0.000000,4.090799,5.109201
48.000,FOLLOW_LANE,camera lane following,149.500,-0.065625,0.750000,0,0,0,,,NONE,0.000000,0.000000,4.065757,5.134243
48.032,FOLLOW_LANE,camera lane following,149.000,-0.068750,0.750000,0,0,0,,,NONE,0.000000,0.000000,4.040713,5.159286
48.064,FOLLOW_LANE,camera lane following,149.500,-0.065625,0.750000,0,0,0,,,NONE,0.000000,0.000000,4.081296,5.118703
48.096,FOLLOW_LANE,camera lane following,149.500,-0.065625,0.750000,0,0,0,,,NONE,0.000000,0.000000,4.073442,5.126558
48.128,FOLLOW_LANE,camera lane following,150.000,-0.062500,0.750000,0,0,0,,,NONE,0.000000,0.000000,4.106215,5.093785
48.160,FOLLOW_LANE,camera lane following,150.000,-0.062500,0.750000,0,0,0,,,NONE,0.000000,0.000000,4.098362,5.101638
48.192,FOLLOW_LANE,camera lane following,150.500,-0.059375,0.750000,0,0,0,,,NONE,0.000000,0.000000,4.131136,5.068863
48.224,FOLLOW_LANE,camera lane following,150.500,-0.059375,0.750000,0,0,0,,,NONE,0.000000,0.000000,4.123286,5.076714
48.256,FOLLOW_LANE,camera lane following,151.000,-0.056250,0.750000,0,0,0,,,NONE,0.000000,0.000000,4.156062,5.043937
48.288,FOLLOW_LANE,camera lane following,152.000,-0.050000,0.750000,0,0,0,,,NONE,0.000000,0.000000,4.213843,4.986157
48.320,FOLLOW_LANE,camera lane following,152.000,-0.050000,0.750000,0,0,0,,,NONE,0.000000,0.000000,4.198186,5.001814
48.352,FOLLOW_LANE,camera lane following,154.000,-0.037500,0.750000,0,0,0,,,NONE,0.000000,0.000000,4.329412,4.870588
48.384,FOLLOW_LANE,camera lane following,160.000,0.000000,0.750000,0,0,0,,,NONE,0.000000,0.000000,4.691912,4.508088
48.416,FOLLOW_LANE,camera lane following,155.000,-0.031250,0.750000,0,0,0,,,NONE,0.000000,0.000000,4.270017,4.929983
48.448,FOLLOW_LANE,camera lane following,155.000,-0.031250,0.750000,0,0,0,,,NONE,0.000000,0.000000,4.348122,4.851878
48.480,FOLLOW_LANE,camera lane following,156.000,-0.025000,0.750000,0,0,0,,,NONE,0.000000,0.000000,4.413731,4.786269
48.512,FOLLOW_LANE,camera lane following,157.000,-0.018750,0.750000,0,0,0,,,NONE,0.000000,0.000000,4.463719,4.736281
48.544,FOLLOW_LANE,camera lane following,157.000,-0.018750,0.750000,0,0,0,,,NONE,0.000000,0.000000,4.448082,4.751918
48.576,FOLLOW_LANE,camera lane following,153.500,-0.040625,0.750000,0,0,0,,,NONE,0.000000,0.000000,4.218368,4.981631
48.608,FOLLOW_LANE,camera lane following,152.000,-0.050000,0.750000,0,0,0,,,NONE,0.000000,0.000000,4.174586,5.025413
48.640,FOLLOW_LANE,camera lane following,151.500,-0.053125,0.750000,0,0,0,,,NONE,0.000000,0.000000,4.165177,5.034822
48.672,FOLLOW_LANE,camera lane following,151.000,-0.056250,0.750000,0,0,0,,,NONE,0.000000,0.000000,4.140141,5.059858
48.704,FOLLOW_LANE,camera lane following,150.500,-0.059375,0.750000,0,0,0,,,NONE,0.000000,0.000000,4.115104,5.084896
48.736,FOLLOW_LANE,camera lane following,150.000,-0.062500,0.750000,0,0,0,,,NONE,0.000000,0.000000,4.090063,5.109936
48.768,FOLLOW_LANE,camera lane following,150.000,-0.062500,0.750000,0,0,0,,,NONE,0.000000,0.000000,4.097836,5.102164
48.800,FOLLOW_LANE,camera lane following,150.000,-0.062500,0.750000,0,0,0,,,NONE,0.000000,0.000000,4.097796,5.102204
48.832,FOLLOW_LANE,camera lane following,150.500,-0.059375,0.750000,0,0,0,,,NONE,0.000000,0.000000,4.130570,5.069430
48.864,FOLLOW_LANE,camera lane following,151.000,-0.056250,0.750000,0,0,0,,,NONE,0.000000,0.000000,4.155534,5.044465
48.896,FOLLOW_LANE,camera lane following,151.000,-0.056250,0.750000,0,0,0,,,NONE,0.000000,0.000000,4.147686,5.052314
48.928,FOLLOW_LANE,camera lane following,151.500,-0.053125,0.750000,0,0,0,,,NONE,0.000000,0.000000,4.180464,5.019535
48.960,FOLLOW_LANE,camera lane following,152.000,-0.050000,0.750000,0,0,0,,,NONE,0.000000,0.000000,4.205432,4.994567
48.992,FOLLOW_LANE,camera lane following,152.500,-0.046875,0.750000,0,0,0,,,NONE,0.000000,0.000000,4.230402,4.969597
49.024,FOLLOW_LANE,camera lane following,152.500,-0.046875,0.750000,0,0,0,,,NONE,0.000000,0.000000,4.222560,4.977440
49.056,FOLLOW_LANE,camera lane following,153.000,-0.043750,0.750000,0,0,0,,,NONE,0.000000,0.000000,4.255344,4.944655
49.088,FOLLOW_LANE,camera lane following,153.500,-0.040625,0.750000,0,0,0,,,NONE,0.000000,0.000000,4.280318,4.919681
49.120,FOLLOW_LANE,camera lane following,153.500,-0.040625,0.750000,0,0,0,,,NONE,0.000000,0.000000,4.272480,4.927520
49.152,FOLLOW_LANE,camera lane following,154.500,-0.034375,0.750000,0,0,0,,,NONE,0.000000,0.000000,4.338083,4.861917
49.184,FOLLOW_LANE,camera lane following,155.000,-0.031250,0.750000,0,0,0,,,NONE,0.000000,0.000000,4.355250,4.844749
49.216,FOLLOW_LANE,camera lane following,155.500,-0.028125,0.750000,0,0,0,,,NONE,0.000000,0.000000,4.380232,4.819767
49.248,FOLLOW_LANE,camera lane following,156.000,-0.025000,0.750000,0,0,0,,,NONE,0.000000,0.000000,4.405216,4.794783
49.280,FOLLOW_LANE,camera lane following,156.000,-0.025000,0.750000,0,0,0,,,NONE,0.000000,0.000000,4.397388,4.802612
49.312,FOLLOW_LANE,camera lane following,157.000,-0.018750,0.750000,0,0,0,,,NONE,0.000000,0.000000,4.463001,4.736999
49.344,FOLLOW_LANE,camera lane following,160.500,0.003125,0.750000,0,0,0,,,NONE,0.000000,0.000000,4.644251,4.555749
49.376,FOLLOW_LANE,camera lane following,157.500,-0.015625,0.750000,0,0,0,,,NONE,0.000000,0.000000,4.433304,4.766696
49.408,FOLLOW_LANE,camera lane following,157.500,-0.015625,0.750000,0,0,0,,,NONE,0.000000,0.000000,4.472356,4.727644
49.440,FOLLOW_LANE,camera lane following,158.000,-0.012500,0.750000,0,0,0,,,NONE,0.000000,0.000000,4.505160,4.694839
49.472,FOLLOW_LANE,camera lane following,158.000,-0.012500,0.750000,0,0,0,,,NONE,0.000000,0.000000,4.497340,4.702660
49.504,FOLLOW_LANE,camera lane following,157.000,-0.018750,0.750000,0,0,0,,,NONE,0.000000,0.000000,4.431703,4.768297
49.536,FOLLOW_LANE,camera lane following,156.000,-0.025000,0.750000,0,0,0,,,NONE,0.000000,0.000000,4.381687,4.818313
49.568,FOLLOW_LANE,camera lane following,156.000,-0.025000,0.750000,0,0,0,,,NONE,0.000000,0.000000,4.397296,4.802704
49.600,FOLLOW_LANE,camera lane following,155.500,-0.028125,0.750000,0,0,0,,,NONE,0.000000,0.000000,4.364465,4.835534
49.632,FOLLOW_LANE,camera lane following,155.500,-0.028125,0.750000,0,0,0,,,NONE,0.000000,0.000000,4.372260,4.827740
49.664,FOLLOW_LANE,camera lane following,155.000,-0.031250,0.750000,0,0,0,,,NONE,0.000000,0.000000,4.339427,4.860572
49.696,FOLLOW_LANE,camera lane following,155.000,-0.031250,0.750000,0,0,0,,,NONE,0.000000,0.000000,4.347220,4.852780
49.728,FOLLOW_LANE,camera lane following,154.500,-0.034375,0.750000,0,0,0,,,NONE,0.000000,0.000000,4.314385,4.885614
49.760,FOLLOW_LANE,camera lane following,154.500,-0.034375,0.750000,0,0,0,,,NONE,0.000000,0.000000,4.322176,4.877824
49.792,FOLLOW_LANE,camera lane following,154.500,-0.034375,0.750000,0,0,0,,,NONE,0.000000,0.000000,4.322154,4.877846
49.824,FOLLOW_LANE,camera lane following,154.000,-0.037500,0.750000,0,0,0,,,NONE,0.000000,0.000000,4.289317,4.910683
49.856,FOLLOW_LANE,camera lane following,154.000,-0.037500,0.750000,0,0,0,,,NONE,0.000000,0.000000,4.297106,4.902894
49.888,FOLLOW_LANE,camera lane following,154.000,-0.037500,0.750000,0,0,0,,,NONE,0.000000,0.000000,4.297082,4.902918
49.920,FOLLOW_LANE,camera lane following,154.000,-0.037500,0.750000,0,0,0,,,NONE,0.000000,0.000000,4.297058,4.902942
49.952,FOLLOW_LANE,camera lane following,154.000,-0.037500,0.750000,0,0,0,,,NONE,0.000000,0.000000,4.297034,4.902966
49.984,FOLLOW_LANE,camera lane following,154.000,-0.037500,0.750000,0,0,0,,,NONE,0.000000,0.000000,4.297010,4.902990
50.016,FOLLOW_LANE,camera lane following,154.500,-0.034375,0.750000,0,0,0,,,NONE,0.000000,0.000000,4.329800,4.870200
50.048,FOLLOW_LANE,camera lane following,154.500,-0.034375,0.750000,0,0,0,,,NONE,0.000000,0.000000,4.321966,4.878034
50.080,FOLLOW_LANE,camera lane following,154.500,-0.034375,0.750000,0,0,0,,,NONE,0.000000,0.000000,4.321944,4.878056
50.112,FOLLOW_LANE,camera lane following,154.500,-0.034375,0.750000,0,0,0,,,NONE,0.000000,0.000000,4.321922,4.878078
50.144,FOLLOW_LANE,camera lane following,155.000,-0.031250,0.750000,0,0,0,,,NONE,0.000000,0.000000,4.354715,4.845285
50.176,FOLLOW_LANE,camera lane following,155.500,-0.028125,0.750000,0,0,0,,,NONE,0.000000,0.000000,4.379696,4.820303
50.208,FOLLOW_LANE,camera lane following,156.000,-0.025000,0.750000,0,0,0,,,NONE,0.000000,0.000000,4.404680,4.795319
50.240,FOLLOW_LANE,camera lane following,156.000,-0.025000,0.750000,0,0,0,,,NONE,0.000000,0.000000,4.396852,4.803148
50.272,FOLLOW_LANE,camera lane following,156.500,-0.021875,0.750000,0,0,0,,,NONE,0.000000,0.000000,4.429650,4.770350
50.304,FOLLOW_LANE,camera lane following,159.500,-0.003125,0.750000,0,0,0,,,NONE,0.000000,0.000000,4.651525,4.548474
50.336,FOLLOW_LANE,camera lane following,157.000,-0.018750,0.750000,0,0,0,,,NONE,0.000000,0.000000,4.399951,4.800049
50.368,FOLLOW_LANE,camera lane following,157.500,-0.015625,0.750000,0,0,0,,,NONE,0.000000,0.000000,4.479628,4.720371
50.400,FOLLOW_LANE,camera lane following,158.000,-0.012500,0.750000,0,0,0,,,NONE,0.000000,0.000000,4.504620,4.695379
50.432,FOLLOW_LANE,camera lane following,158.500,-0.009375,0.750000,0,0,0,,,NONE,0.000000,0.000000,4.529614,4.670386
50.464,FOLLOW_LANE,camera lane following,157.000,-0.018750,0.750000,0,0,0,,,NONE,0.000000,0.000000,4.423353,4.776647
50.496,FOLLOW_LANE,camera lane following,155.500,-0.028125,0.750000,0,0,0,,,NONE,0.000000,0.000000,4.348334,4.851665
50.528,FOLLOW_LANE,camera lane following,155.000,-0.031250,0.750000,0,0,0,,,NONE,0.000000,0.000000,4.338939,4.861060
50.560,FOLLOW_LANE,camera lane following,155.000,-0.031250,0.750000,0,0,0,,,NONE,0.000000,0.000000,4.346732,4.853268
50.592,FOLLOW_LANE,camera lane following,154.500,-0.034375,0.750000,0,0,0,,,NONE,0.000000,0.000000,4.313897,4.886102
50.624,FOLLOW_LANE,camera lane following,154.000,-0.037500,0.750000,0,0,0,,,NONE,0.000000,0.000000,4.288873,4.911126
50.656,FOLLOW_LANE,camera lane following,154.500,-0.034375,0.750000,0,0,0,,,NONE,0.000000,0.000000,4.329476,4.870524
50.688,FOLLOW_LANE,camera lane following,154.000,-0.037500,0.750000,0,0,0,,,NONE,0.000000,0.000000,4.288828,4.911172
50.720,FOLLOW_LANE,camera lane following,154.000,-0.037500,0.750000,0,0,0,,,NONE,0.000000,0.000000,4.296616,4.903384
50.752,FOLLOW_LANE,camera lane following,153.500,-0.040625,0.750000,0,0,0,,,NONE,0.000000,0.000000,4.263777,4.936222
50.784,FOLLOW_LANE,camera lane following,153.500,-0.040625,0.750000,0,0,0,,,NONE,0.000000,0.000000,4.271564,4.928436
50.816,FOLLOW_LANE,camera lane following,153.000,-0.043750,0.750000,0,0,0,,,NONE,0.000000,0.000000,4.238723,4.961276
50.848,FOLLOW_LANE,camera lane following,153.000,-0.043750,0.750000,0,0,0,,,NONE,0.000000,0.000000,4.246508,4.953492
50.880,FOLLOW_LANE,camera lane following,153.000,-0.043750,0.750000,0,0,0,,,NONE,0.000000,0.000000,4.246480,4.953520
50.912,FOLLOW_LANE,camera lane following,153.000,-0.043750,0.750000,0,0,0,,,NONE,0.000000,0.000000,4.246452,4.953548
50.944,FOLLOW_LANE,camera lane following,153.000,-0.043750,0.750000,0,0,0,,,NONE,0.000000,0.000000,4.246424,4.953576
50.976,FOLLOW_LANE,camera lane following,153.500,-0.040625,0.750000,0,0,0,,,NONE,0.000000,0.000000,4.279210,4.920789
51.008,FOLLOW_LANE,camera lane following,154.000,-0.037500,0.750000,0,0,0,,,NONE,0.000000,0.000000,4.304186,4.895814
51.040,FOLLOW_LANE,camera lane following,154.000,-0.037500,0.750000,0,0,0,,,NONE,0.000000,0.000000,4.296350,4.903650
51.072,FOLLOW_LANE,camera lane following,154.500,-0.034375,0.750000,0,0,0,,,NONE,0.000000,0.000000,4.329140,4.870859
51.104,FOLLOW_LANE,camera lane following,154.000,-0.037500,0.750000,0,0,0,,,NONE,0.000000,0.000000,4.288491,4.911509
51.136,FOLLOW_LANE,camera lane following,154.500,-0.034375,0.750000,0,0,0,,,NONE,0.000000,0.000000,4.329095,4.870905
51.168,FOLLOW_LANE,camera lane following,155.500,-0.028125,0.750000,0,0,0,,,NONE,0.000000,0.000000,4.386889,4.813111
51.200,FOLLOW_LANE,camera lane following,155.500,-0.028125,0.750000,0,0,0,,,NONE,0.000000,0.000000,4.371246,4.828754
51.232,FOLLOW_LANE,camera lane following,156.000,-0.025000,0.750000,0,0,0,,,NONE,0.000000,0.000000,4.404042,4.795958
51.264,FOLLOW_LANE,camera lane following,159.500,-0.003125,0.750000,0,0,0,,,NONE,0.000000,0.000000,4.658730,4.541270
51.296,FOLLOW_LANE,camera lane following,157.000,-0.018750,0.750000,0,0,0,,,NONE,0.000000,0.000000,4.399343,4.800657
51.328,FOLLOW_LANE,camera lane following,157.000,-0.018750,0.750000,0,0,0,,,NONE,0.000000,0.000000,4.446206,4.753794
51.360,FOLLOW_LANE,camera lane following,158.000,-0.012500,0.750000,0,0,0,,,NONE,0.000000,0.000000,4.511823,4.688177
51.392,FOLLOW_LANE,camera lane following,158.000,-0.012500,0.750000,0,0,0,,,NONE,0.000000,0.000000,4.496190,4.703810
51.424,FOLLOW_LANE,camera lane following,157.500,-0.015625,0.750000,0,0,0,,,NONE,0.000000,0.000000,4.463367,4.736632
51.456,FOLLOW_LANE,camera lane following,155.500,-0.028125,0.750000,0,0,0,,,NONE,0.000000,0.000000,4.339912,4.860088
51.488,FOLLOW_LANE,camera lane following,154.500,-0.034375,0.750000,0,0,0,,,NONE,0.000000,0.000000,4.305515,4.894485
51.520,FOLLOW_LANE,camera lane following,154.500,-0.034375,0.750000,0,0,0,,,NONE,0.000000,0.000000,4.321118,4.878882
51.552,FOLLOW_LANE,camera lane following,154.000,-0.037500,0.750000,0,0,0,,,NONE,0.000000,0.000000,4.288282,4.911718
51.584,FOLLOW_LANE,camera lane following,153.500,-0.040625,0.750000,0,0,0,,,NONE,0.000000,0.000000,4.263255,4.936744
51.616,FOLLOW_LANE,camera lane following,153.500,-0.040625,0.750000,0,0,0,,,NONE,0.000000,0.000000,4.271042,4.928958
51.648,FOLLOW_LANE,camera lane following,153.000,-0.043750,0.750000,0,0,0,,,NONE,0.000000,0.000000,4.238201,4.961798
51.680,FOLLOW_LANE,camera lane following,153.500,-0.040625,0.750000,0,0,0,,,NONE,0.000000,0.000000,4.278801,4.921199
51.712,FOLLOW_LANE,camera lane following,153.000,-0.043750,0.750000,0,0,0,,,NONE,0.000000,0.000000,4.238147,4.961852
51.744,FOLLOW_LANE,camera lane following,153.000,-0.043750,0.750000,0,0,0,,,NONE,0.000000,0.000000,4.245932,4.954068
51.776,FOLLOW_LANE,camera lane following,153.000,-0.043750,0.750000,0,0,0,,,NONE,0.000000,0.000000,4.245904,4.954096
51.808,FOLLOW_LANE,camera lane following,153.000,-0.043750,0.750000,0,0,0,,,NONE,0.000000,0.000000,4.245876,4.954124
51.840,FOLLOW_LANE,camera lane following,153.000,-0.043750,0.750000,0,0,0,,,NONE,0.000000,0.000000,4.245848,4.954152
51.872,FOLLOW_LANE,camera lane following,153.000,-0.043750,0.750000,0,0,0,,,NONE,0.000000,0.000000,4.245820,4.954180
51.904,FOLLOW_LANE,camera lane following,153.000,-0.043750,0.750000,0,0,0,,,NONE,0.000000,0.000000,4.245792,4.954208
51.936,FOLLOW_LANE,camera lane following,153.500,-0.040625,0.750000,0,0,0,,,NONE,0.000000,0.000000,4.278579,4.921421
51.968,FOLLOW_LANE,camera lane following,153.500,-0.040625,0.750000,0,0,0,,,NONE,0.000000,0.000000,4.270740,4.929260
52.000,FOLLOW_LANE,camera lane following,153.500,-0.040625,0.750000,0,0,0,,,NONE,0.000000,0.000000,4.270714,4.929286
52.032,FOLLOW_LANE,camera lane following,154.000,-0.037500,0.750000,0,0,0,,,NONE,0.000000,0.000000,4.303502,4.896497
52.064,FOLLOW_LANE,camera lane following,154.000,-0.037500,0.750000,0,0,0,,,NONE,0.000000,0.000000,4.295666,4.904334
52.096,FOLLOW_LANE,camera lane following,154.500,-0.034375,0.750000,0,0,0,,,NONE,0.000000,0.000000,4.328456,4.871543
52.128,FOLLOW_LANE,camera lane following,155.500,-0.028125,0.750000,0,0,0,,,NONE,0.000000,0.000000,4.386251,4.813749
52.160,FOLLOW_LANE,camera lane following,156.000,-0.025000,0.750000,0,0,0,,,NONE,0.000000,0.000000,4.403422,4.796577
52.192,FOLLOW_LANE,camera lane following,156.000,-0.025000,0.750000,0,0,0,,,NONE,0.000000,0.000000,4.395594,4.804406
52.224,FOLLOW_LANE,camera lane following,160.500,0.003125,0.750000,0,0,0,,,NONE,0.000000,0.000000,4.658094,4.541906
52.256,FOLLOW_LANE,camera lane following,157.000,-0.018750,0.750000,0,0,0,,,NONE,0.000000,0.000000,4.398707,4.801293
52.288,FOLLOW_LANE,camera lane following,157.500,-0.015625,0.750000,0,0,0,,,NONE,0.000000,0.000000,4.478384,4.721615
52.320,FOLLOW_LANE,camera lane following,158.000,-0.012500,0.750000,0,0,0,,,NONE,0.000000,0.000000,4.503376,4.696623
52.352,FOLLOW_LANE,camera lane following,158.000,-0.012500,0.750000,0,0,0,,,NONE,0.000000,0.000000,4.495556,4.704444
52.384,FOLLOW_LANE,camera lane following,157.500,-0.015625,0.750000,0,0,0,,,NONE,0.000000,0.000000,4.462733,4.737266
52.416,FOLLOW_LANE,camera lane following,156.000,-0.025000,0.750000,0,0,0,,,NONE,0.000000,0.000000,4.372092,4.827907
52.448,FOLLOW_LANE,camera lane following,155.000,-0.031250,0.750000,0,0,0,,,NONE,0.000000,0.000000,4.329885,4.870115
52.480,FOLLOW_LANE,camera lane following,154.500,-0.034375,0.750000,0,0,0,,,NONE,0.000000,0.000000,4.312675,4.887325
52.512,FOLLOW_LANE,camera lane following,154.500,-0.034375,0.750000,0,0,0,,,NONE,0.000000,0.000000,4.320466,4.879534
52.544,FOLLOW_LANE,camera lane following,154.000,-0.037500,0.750000,0,0,0,,,NONE,0.000000,0.000000,4.287629,4.912370
52.576,FOLLOW_LANE,camera lane following,154.000,-0.037500,0.750000,0,0,0,,,NONE,0.000000,0.000000,4.295418,4.904582
52.608,FOLLOW_LANE,camera lane following,153.500,-0.040625,0.750000,0,0,0,,,NONE,0.000000,0.000000,4.262579,4.937420
52.640,FOLLOW_LANE,camera lane following,153.500,-0.040625,0.750000,0,0,0,,,NONE,0.000000,0.000000,4.270366,4.929634
52.672,FOLLOW_LANE,camera lane following,154.000,-0.037500,0.750000,0,0,0,,,NONE,0.000000,0.000000,4.303154,4.896845
52.704,FOLLOW_LANE,camera lane following,153.500,-0.040625,0.750000,0,0,0,,,NONE,0.000000,0.000000,4.262503,4.937496
52.736,FOLLOW_LANE,camera lane following,153.500,-0.040625,0.750000,0,0,0,,,NONE,0.000000,0.000000,4.270290,4.929710
52.768,FOLLOW_LANE,camera lane following,153.500,-0.040625,0.750000,0,0,0,,,NONE,0.000000,0.000000,4.270264,4.929736
52.800,FOLLOW_LANE,camera lane following,153.500,-0.040625,0.750000,0,0,0,,,NONE,0.000000,0.000000,4.270238,4.929762
52.832,FOLLOW_LANE,camera lane following,153.500,-0.040625,0.750000,0,0,0,,,NONE,0.000000,0.000000,4.270212,4.929788
52.864,FOLLOW_LANE,camera lane following,153.500,-0.040625,0.750000,0,0,0,,,NONE,0.000000,0.000000,4.270186,4.929814
52.896,FOLLOW_LANE,camera lane following,153.500,-0.040625,0.750000,0,0,0,,,NONE,0.000000,0.000000,4.270160,4.929840
52.928,FOLLOW_LANE,camera lane following,154.000,-0.037500,0.750000,0,0,0,,,NONE,0.000000,0.000000,4.302948,4.897051
52.960,FOLLOW_LANE,camera lane following,154.000,-0.037500,0.750000,0,0,0,,,NONE,0.000000,0.000000,4.295112,4.904888
52.992,FOLLOW_LANE,camera lane following,154.000,-0.037500,0.750000,0,0,0,,,NONE,0.000000,0.000000,4.295088,4.904912
53.024,FOLLOW_LANE,camera lane following,154.500,-0.034375,0.750000,0,0,0,,,NONE,0.000000,0.000000,4.327878,4.872121
53.056,FOLLOW_LANE,camera lane following,155.000,-0.031250,0.750000,0,0,0,,,NONE,0.000000,0.000000,4.352858,4.847141
53.088,FOLLOW_LANE,camera lane following,155.500,-0.028125,0.750000,0,0,0,,,NONE,0.000000,0.000000,4.377840,4.822159
53.120,FOLLOW_LANE,camera lane following,156.000,-0.025000,0.750000,0,0,0,,,NONE,0.000000,0.000000,4.402824,4.797175
53.152,FOLLOW_LANE,camera lane following,155.500,-0.028125,0.750000,0,0,0,,,NONE,0.000000,0.000000,4.362181,4.837819
53.184,FOLLOW_LANE,camera lane following,160.000,0.000000,0.750000,0,0,0,,,NONE,0.000000,0.000000,4.665306,4.534693
53.216,FOLLOW_LANE,camera lane following,157.000,-0.018750,0.750000,0,0,0,,,NONE,0.000000,0.000000,4.398107,4.801893
53.248,FOLLOW_LANE,camera lane following,156.500,-0.021875,0.750000,0,0,0,,,NONE,0.000000,0.000000,4.412155,4.787844
53.280,FOLLOW_LANE,camera lane following,157.500,-0.015625,0.750000,0,0,0,,,NONE,0.000000,0.000000,4.485583,4.714417
53.312,FOLLOW_LANE,camera lane following,157.500,-0.015625,0.750000,0,0,0,,,NONE,0.000000,0.000000,4.469948,4.730052
53.344,FOLLOW_LANE,camera lane following,157.000,-0.018750,0.750000,0,0,0,,,NONE,0.000000,0.000000,4.437123,4.762876
53.376,FOLLOW_LANE,camera lane following,155.500,-0.028125,0.750000,0,0,0,,,NONE,0.000000,0.000000,4.346480,4.853519
53.408,FOLLOW_LANE,camera lane following,155.000,-0.031250,0.750000,0,0,0,,,NONE,0.000000,0.000000,4.337085,4.862914
53.440,FOLLOW_LANE,camera lane following,155.000,-0.031250,0.750000,0,0,0,,,NONE,0.000000,0.000000,4.344878,4.855122
53.472,FOLLOW_LANE,camera lane following,154.500,-0.034375,0.750000,0,0,0,,,NONE,0.000000,0.000000,4.312043,4.887956
53.504,FOLLOW_LANE,camera lane following,154.500,-0.034375,0.750000,0,0,0,,,NONE,0.000000,0.000000,4.319834,4.880166
53.536,FOLLOW_LANE,camera lane following,154.000,-0.037500,0.750000,0,0,0,,,NONE,0.000000,0.000000,4.286998,4.913002
53.568,FOLLOW_LANE,camera lane following,153.500,-0.040625,0.750000,0,0,0,,,NONE,0.000000,0.000000,4.261971,4.938028
53.600,FOLLOW_LANE,camera lane following,153.500,-0.040625,0.750000,0,0,0,,,NONE,0.000000,0.000000,4.269758,4.930242
53.632,FOLLOW_LANE,camera lane following,153.500,-0.040625,0.750000,0,0,0,,,NONE,0.000000,0.000000,4.269732,4.930268
53.664,FOLLOW_LANE,camera lane following,153.500,-0.040625,0.750000,0,0,0,,,NONE,0.000000,0.000000,4.269706,4.930294
53.696,FOLLOW_LANE,camera lane following,153.000,-0.043750,0.750000,0,0,0,,,NONE,0.000000,0.000000,4.236865,4.963134
53.728,FOLLOW_LANE,camera lane following,153.500,-0.040625,0.750000,0,0,0,,,NONE,0.000000,0.000000,4.277464,4.922535
53.760,FOLLOW_LANE,camera lane following,154.000,-0.037500,0.750000,0,0,0,,,NONE,0.000000,0.000000,4.302440,4.897559
53.792,FOLLOW_LANE,camera lane following,154.000,-0.037500,0.750000,0,0,0,,,NONE,0.000000,0.000000,4.294604,4.905396
53.824,FOLLOW_LANE,camera lane following,153.500,-0.040625,0.750000,0,0,0,,,NONE,0.000000,0.000000,4.261765,4.938235
53.856,FOLLOW_LANE,camera lane following,154.000,-0.037500,0.750000,0,0,0,,,NONE,0.000000,0.000000,4.302366,4.897633
53.888,FOLLOW_LANE,camera lane following,154.000,-0.037500,0.750000,0,0,0,,,NONE,0.000000,0.000000,4.294530,4.905470
53.920,FOLLOW_LANE,camera lane following,154.500,-0.034375,0.750000,0,0,0,,,NONE,0.000000,0.000000,4.327320,4.872679
53.952,FOLLOW_LANE,camera lane following,154.500,-0.034375,0.750000,0,0,0,,,NONE,0.000000,0.000000,4.319486,4.880514
53.984,FOLLOW_LANE,camera lane following,154.500,-0.034375,0.750000,0,0,0,,,NONE,0.000000,0.000000,4.319464,4.880536
54.016,FOLLOW_LANE,camera lane following,155.500,-0.028125,0.750000,0,0,0,,,NONE,0.000000,0.000000,4.385071,4.814929
54.048,FOLLOW_LANE,camera lane following,156.000,-0.025000,0.750000,0,0,0,,,NONE,0.000000,0.000000,4.402242,4.797757
54.080,FOLLOW_LANE,camera lane following,156.000,-0.025000,0.750000,0,0,0,,,NONE,0.000000,0.000000,4.394414,4.805586
54.112,FOLLOW_LANE,camera lane following,156.000,-0.025000,0.750000,0,0,0,,,NONE,0.000000,0.000000,4.394398,4.805602
54.144,FOLLOW_LANE,camera lane following,159.500,-0.003125,0.750000,0,0,0,,,NONE,0.000000,0.000000,4.656898,4.543102
54.176,FOLLOW_LANE,camera lane following,157.000,-0.018750,0.750000,0,0,0,,,NONE,0.000000,0.000000,4.397511,4.802489
54.208,FOLLOW_LANE,camera lane following,157.500,-0.015625,0.750000,0,0,0,,,NONE,0.000000,0.000000,4.477188,4.722811
54.240,FOLLOW_LANE,camera lane following,158.000,-0.012500,0.750000,0,0,0,,,NONE,0.000000,0.000000,4.502180,4.697819
54.272,FOLLOW_LANE,camera lane following,158.000,-0.012500,0.750000,0,0,0,,,NONE,0.000000,0.000000,4.494360,4.705640
54.304,FOLLOW_LANE,camera lane following,157.500,-0.015625,0.750000,0,0,0,,,NONE,0.000000,0.000000,4.461537,4.738462
54.336,FOLLOW_LANE,camera lane following,156.000,-0.025000,0.750000,0,0,0,,,NONE,0.000000,0.000000,4.370896,4.829103
54.368,FOLLOW_LANE,camera lane following,155.500,-0.028125,0.750000,0,0,0,,,NONE,0.000000,0.000000,4.361503,4.838496
54.400,FOLLOW_LANE,camera lane following,155.500,-0.028125,0.750000,0,0,0,,,NONE,0.000000,0.000000,4.369298,4.830702
54.432,FOLLOW_LANE,camera lane following,155.000,-0.031250,0.750000,0,0,0,,,NONE,0.000000,0.000000,4.336465,4.863535
54.464,FOLLOW_LANE,camera lane following,154.500,-0.034375,0.750000,0,0,0,,,NONE,0.000000,0.000000,4.311443,4.888556
54.496,FOLLOW_LANE,camera lane following,154.500,-0.034375,0.750000,0,0,0,,,NONE,0.000000,0.000000,4.319234,4.880766
54.528,FOLLOW_LANE,camera lane following,154.000,-0.037500,0.750000,0,0,0,,,NONE,0.000000,0.000000,4.286397,4.913602
54.560,FOLLOW_LANE,camera lane following,153.500,-0.040625,0.750000,0,0,0,,,NONE,0.000000,0.000000,4.261371,4.938629
54.592,FOLLOW_LANE,camera lane following,153.500,-0.040625,0.750000,0,0,0,,,NONE,0.000000,0.000000,4.269158,4.930842
54.624,FOLLOW_LANE,camera lane following,154.000,-0.037500,0.750000,0,0,0,,,NONE,0.000000,0.000000,4.301946,4.898053
54.656,FOLLOW_LANE,camera lane following,153.500,-0.040625,0.750000,0,0,0,,,NONE,0.000000,0.000000,4.261295,4.938705
54.688,FOLLOW_LANE,camera lane following,153.500,-0.040625,0.750000,0,0,0,,,NONE,0.000000,0.000000,4.269082,4.930918
54.720,FOLLOW_LANE,camera lane following,153.500,-0.040625,0.750000,0,0,0,,,NONE,0.000000,0.000000,4.269056,4.930944
54.752,FOLLOW_LANE,camera lane following,153.500,-0.040625,0.750000,0,0,0,,,NONE,0.000000,0.000000,4.269030,4.930970
54.784,FOLLOW_LANE,camera lane following,153.500,-0.040625,0.750000,0,0,0,,,NONE,0.000000,0.000000,4.269004,4.930996
54.816,FOLLOW_LANE,camera lane following,153.500,-0.040625,0.750000,0,0,0,,,NONE,0.000000,0.000000,4.268978,4.931022
54.848,FOLLOW_LANE,camera lane following,153.500,-0.040625,0.750000,0,0,0,,,NONE,0.000000,0.000000,4.268952,4.931048
54.880,FOLLOW_LANE,camera lane following,154.500,-0.034375,0.750000,0,0,0,,,NONE,0.000000,0.000000,4.334555,4.865445
54.912,FOLLOW_LANE,camera lane following,154.500,-0.034375,0.750000,0,0,0,,,NONE,0.000000,0.000000,4.318908,4.881092
54.944,FOLLOW_LANE,camera lane following,155.000,-0.031250,0.750000,0,0,0,,,NONE,0.000000,0.000000,4.351700,4.848299
54.976,FOLLOW_LANE,camera lane following,155.000,-0.031250,0.750000,0,0,0,,,NONE,0.000000,0.000000,4.343868,4.856132
55.008,FOLLOW_LANE,camera lane following,155.000,-0.031250,0.750000,0,0,0,,,NONE,0.000000,0.000000,4.343848,4.856152
55.040,FOLLOW_LANE,camera lane following,156.000,-0.025000,0.750000,0,0,0,,,NONE,0.000000,0.000000,4.409457,4.790543
55.072,FOLLOW_LANE,camera lane following,155.500,-0.028125,0.750000,0,0,0,,,NONE,0.000000,0.000000,4.361001,4.838998
55.104,FOLLOW_LANE,camera lane following,158.500,-0.009375,0.750000,0,0,0,,,NONE,0.000000,0.000000,4.565683,4.634317
55.136,FOLLOW_LANE,camera lane following,157.000,-0.018750,0.750000,0,0,0,,,NONE,0.000000,0.000000,4.420358,4.779641
55.168,FOLLOW_LANE,camera lane following,157.000,-0.018750,0.750000,0,0,0,,,NONE,0.000000,0.000000,4.443784,4.756216
55.200,FOLLOW_LANE,camera lane following,157.500,-0.015625,0.750000,0,0,0,,,NONE,0.000000,0.000000,4.476586,4.723413
55.232,FOLLOW_LANE,camera lane following,158.500,-0.009375,0.750000,0,0,0,,,NONE,0.000000,0.000000,4.534393,4.665607
55.264,FOLLOW_LANE,camera lane following,158.000,-0.012500,0.750000,0,0,0,,,NONE,0.000000,0.000000,4.485947,4.714052
55.296,FOLLOW_LANE,camera lane following,156.000,-0.025000,0.750000,0,0,0,,,NONE,0.000000,0.000000,4.362494,4.837506
55.328,FOLLOW_LANE,camera lane following,155.000,-0.031250,0.750000,0,0,0,,,NONE,0.000000,0.000000,4.328099,4.871901
55.360,FOLLOW_LANE,camera lane following,154.500,-0.034375,0.750000,0,0,0,,,NONE,0.000000,0.000000,4.310890,4.889110
55.392,FOLLOW_LANE,camera lane following,155.000,-0.031250,0.750000,0,0,0,,,NONE,0.000000,0.000000,4.351494,4.848505
55.424,FOLLOW_LANE,camera lane following,154.000,-0.037500,0.750000,0,0,0,,,NONE,0.000000,0.000000,4.278033,4.921967
55.456,FOLLOW_LANE,camera lane following,153.500,-0.040625,0.750000,0,0,0,,,NONE,0.000000,0.000000,4.260819,4.939180
55.488,FOLLOW_LANE,camera lane following,153.500,-0.040625,0.750000,0,0,0,,,NONE,0.000000,0.000000,4.268606,4.931394
55.520,FOLLOW_LANE,camera lane following,153.500,-0.040625,0.750000,0,0,0,,,NONE,0.000000,0.000000,4.268580,4.931420
55.552,FOLLOW_LANE,camera lane following,152.500,-0.046875,0.750000,0,0,0,,,NONE,0.000000,0.000000,4.202925,4.997075
55.584,FOLLOW_LANE,camera lane following,153.000,-0.043750,0.750000,0,0,0,,,NONE,0.000000,0.000000,4.251334,4.948665
55.616,FOLLOW_LANE,camera lane following,152.500,-0.046875,0.750000,0,0,0,,,NONE,0.000000,0.000000,4.210679,4.989320
55.648,FOLLOW_LANE,camera lane following,152.500,-0.046875,0.750000,0,0,0,,,NONE,0.000000,0.000000,4.218462,4.981538
55.680,FOLLOW_LANE,camera lane following,153.000,-0.043750,0.750000,0,0,0,,,NONE,0.000000,0.000000,4.251246,4.948753
55.712,FOLLOW_LANE,camera lane following,153.000,-0.043750,0.750000,0,0,0,,,NONE,0.000000,0.000000,4.243406,4.956594
55.744,FOLLOW_LANE,camera lane following,153.000,-0.043750,0.750000,0,0,0,,,NONE,0.000000,0.000000,4.243378,4.956622
55.776,FOLLOW_LANE,camera lane following,153.000,-0.043750,0.750000,0,0,0,,,NONE,0.000000,0.000000,4.243350,4.956650
55.808,FOLLOW_LANE,camera lane following,153.500,-0.040625,0.750000,0,0,0,,,NONE,0.000000,0.000000,4.276136,4.923863
55.840,FOLLOW_LANE,camera lane following,153.500,-0.040625,0.750000,0,0,0,,,NONE,0.000000,0.000000,4.268298,4.931702
55.872,FOLLOW_LANE,camera lane following,154.000,-0.037500,0.750000,0,0,0,,,NONE,0.000000,0.000000,4.301086,4.898913
55.904,FOLLOW_LANE,camera lane following,154.000,-0.037500,0.750000,0,0,0,,,NONE,0.000000,0.000000,4.293250,4.906750
55.936,FOLLOW_LANE,camera lane following,154.500,-0.034375,0.750000,0,0,0,,,NONE,0.000000,0.000000,4.326040,4.873959
55.968,FOLLOW_LANE,camera lane following,155.500,-0.028125,0.750000,0,0,0,,,NONE,0.000000,0.000000,4.383835,4.816165
56.000,FOLLOW_LANE,camera lane following,155.500,-0.028125,0.750000,0,0,0,,,NONE,0.000000,0.000000,4.368192,4.831808
56.032,FOLLOW_LANE,camera lane following,155.000,-0.031250,0.750000,0,0,0,,,NONE,0.000000,0.000000,4.335360,4.864640
56.064,FOLLOW_LANE,camera lane following,158.500,-0.009375,0.750000,0,0,0,,,NONE,0.000000,0.000000,4.572853,4.627146
56.096,FOLLOW_LANE,camera lane following,157.000,-0.018750,0.750000,0,0,0,,,NONE,0.000000,0.000000,4.419716,4.780283
56.128,FOLLOW_LANE,camera lane following,157.000,-0.018750,0.750000,0,0,0,,,NONE,0.000000,0.000000,4.443142,4.756858
56.160,FOLLOW_LANE,camera lane following,157.500,-0.015625,0.750000,0,0,0,,,NONE,0.000000,0.000000,4.475944,4.724055
56.192,FOLLOW_LANE,camera lane following,158.000,-0.012500,0.750000,0,0,0,,,NONE,0.000000,0.000000,4.500936,4.699063
56.224,FOLLOW_LANE,camera lane following,157.500,-0.015625,0.750000,0,0,0,,,NONE,0.000000,0.000000,4.460301,4.739698
56.256,FOLLOW_LANE,camera lane following,156.000,-0.025000,0.750000,0,0,0,,,NONE,0.000000,0.000000,4.369660,4.830340
56.288,FOLLOW_LANE,camera lane following,155.000,-0.031250,0.750000,0,0,0,,,NONE,0.000000,0.000000,4.327453,4.872547
56.320,FOLLOW_LANE,camera lane following,154.500,-0.034375,0.750000,0,0,0,,,NONE,0.000000,0.000000,4.310243,4.889756
56.352,FOLLOW_LANE,camera lane following,154.500,-0.034375,0.750000,0,0,0,,,NONE,0.000000,0.000000,4.318034,4.881966
56.384,FOLLOW_LANE,camera lane following,154.000,-0.037500,0.750000,0,0,0,,,NONE,0.000000,0.000000,4.285197,4.914802
56.416,FOLLOW_LANE,camera lane following,154.000,-0.037500,0.750000,0,0,0,,,NONE,0.000000,0.000000,4.292986,4.907014
56.448,FOLLOW_LANE,camera lane following,153.500,-0.040625,0.750000,0,0,0,,,NONE,0.000000,0.000000,4.260147,4.939852
56.480,FOLLOW_LANE,camera lane following,153.500,-0.040625,0.750000,0,0,0,,,NONE,0.000000,0.000000,4.267934,4.932066
56.512,FOLLOW_LANE,camera lane following,153.000,-0.043750,0.750000,0,0,0,,,NONE,0.000000,0.000000,4.235093,4.964906
56.544,FOLLOW_LANE,camera lane following,153.000,-0.043750,0.750000,0,0,0,,,NONE,0.000000,0.000000,4.242878,4.957122
56.576,FOLLOW_LANE,camera lane following,153.000,-0.043750,0.750000,0,0,0,,,NONE,0.000000,0.000000,4.242850,4.957150
56.608,FOLLOW_LANE,camera lane following,153.000,-0.043750,0.750000,0,0,0,,,NONE,0.000000,0.000000,4.242822,4.957178
56.640,FOLLOW_LANE,camera lane following,153.000,-0.043750,0.750000,0,0,0,,,NONE,0.000000,0.000000,4.242794,4.957206
56.672,FOLLOW_LANE,camera lane following,153.500,-0.040625,0.750000,0,0,0,,,NONE,0.000000,0.000000,4.275580,4.924419
56.704,FOLLOW_LANE,camera lane following,153.000,-0.043750,0.750000,0,0,0,,,NONE,0.000000,0.000000,4.234927,4.965072
56.736,FOLLOW_LANE,camera lane following,153.500,-0.040625,0.750000,0,0,0,,,NONE,0.000000,0.000000,4.275526,4.924473
56.768,FOLLOW_LANE,camera lane following,154.000,-0.037500,0.750000,0,0,0,,,NONE,0.000000,0.000000,4.300502,4.899497
56.800,FOLLOW_LANE,camera lane following,154.000,-0.037500,0.750000,0,0,0,,,NONE,0.000000,0.000000,4.292666,4.907334
56.832,FOLLOW_LANE,camera lane following,154.500,-0.034375,0.750000,0,0,0,,,NONE,0.000000,0.000000,4.325456,4.874543
56.864,FOLLOW_LANE,camera lane following,154.500,-0.034375,0.750000,0,0,0,,,NONE,0.000000,0.000000,4.317622,4.882378
56.896,FOLLOW_LANE,camera lane following,155.000,-0.031250,0.750000,0,0,0,,,NONE,0.000000,0.000000,4.350414,4.849585
56.928,FOLLOW_LANE,camera lane following,155.500,-0.028125,0.750000,0,0,0,,,NONE,0.000000,0.000000,4.375396,4.824603
56.960,FOLLOW_LANE,camera lane following,156.500,-0.021875,0.750000,0,0,0,,,NONE,0.000000,0.000000,4.433195,4.766805
56.992,FOLLOW_LANE,camera lane following,155.500,-0.028125,0.750000,0,0,0,,,NONE,0.000000,0.000000,4.351927,4.848073
57.024,FOLLOW_LANE,camera lane following,157.500,-0.015625,0.750000,0,0,0,,,NONE,0.000000,0.000000,4.498792,4.701208
57.056,FOLLOW_LANE,camera lane following,157.000,-0.018750,0.750000,0,0,0,,,NONE,0.000000,0.000000,4.434717,4.765282
57.088,FOLLOW_LANE,camera lane following,157.000,-0.018750,0.750000,0,0,0,,,NONE,0.000000,0.000000,4.442518,4.757482
57.120,FOLLOW_LANE,camera lane following,157.500,-0.015625,0.750000,0,0,0,,,NONE,0.000000,0.000000,4.475320,4.724679
57.152,FOLLOW_LANE,camera lane following,157.500,-0.015625,0.750000,0,0,0,,,NONE,0.000000,0.000000,4.467498,4.732502
57.184,FOLLOW_LANE,camera lane following,156.500,-0.021875,0.750000,0,0,0,,,NONE,0.000000,0.000000,4.401859,4.798141
57.216,FOLLOW_LANE,camera lane following,155.500,-0.028125,0.750000,0,0,0,,,NONE,0.000000,0.000000,4.351841,4.848159
57.248,FOLLOW_LANE,camera lane following,155.000,-0.031250,0.750000,0,0,0,,,NONE,0.000000,0.000000,4.334633,4.865366
57.280,FOLLOW_LANE,camera lane following,155.000,-0.031250,0.750000,0,0,0,,,NONE,0.000000,0.000000,4.342426,4.857574
57.312,FOLLOW_LANE,camera lane following,155.000,-0.031250,0.750000,0,0,0,,,NONE,0.000000,0.000000,4.342406,4.857594
57.344,FOLLOW_LANE,camera lane following,154.500,-0.034375,0.750000,0,0,0,,,NONE,0.000000,0.000000,4.309571,4.890428
57.376,FOLLOW_LANE,camera lane following,155.000,-0.031250,0.750000,0,0,0,,,NONE,0.000000,0.000000,4.350176,4.849823
57.408,FOLLOW_LANE,camera lane following,155.000,-0.031250,0.750000,0,0,0,,,NONE,0.000000,0.000000,4.342344,4.857656
57.440,FOLLOW_LANE,camera lane following,155.000,-0.031250,0.750000,0,0,0,,,NONE,0.000000,0.000000,4.342324,4.857676
57.472,FOLLOW_LANE,camera lane following,155.000,-0.031250,0.750000,0,0,0,,,NONE,0.000000,0.000000,4.342304,4.857696
57.504,FOLLOW_LANE,camera lane following,154.500,-0.034375,0.750000,0,0,0,,,NONE,0.000000,0.000000,4.309469,4.890530
57.536,FOLLOW_LANE,camera lane following,154.500,-0.034375,0.750000,0,0,0,,,NONE,0.000000,0.000000,4.317260,4.882740
57.568,FOLLOW_LANE,camera lane following,154.500,-0.034375,0.750000,0,0,0,,,NONE,0.000000,0.000000,4.317238,4.882762
57.600,FOLLOW_LANE,camera lane following,154.500,-0.034375,0.750000,0,0,0,,,NONE,0.000000,0.000000,4.317216,4.882784
57.632,FOLLOW_LANE,camera lane following,154.500,-0.034375,0.750000,0,0,0,,,NONE,0.000000,0.000000,4.317194,4.882806
57.664,FOLLOW_LANE,camera lane following,155.000,-0.031250,0.750000,0,0,0,,,NONE,0.000000,0.000000,4.349986,4.850013
57.696,FOLLOW_LANE,camera lane following,155.000,-0.031250,0.750000,0,0,0,,,NONE,0.000000,0.000000,4.342154,4.857846
57.728,FOLLOW_LANE,camera lane following,155.000,-0.031250,0.750000,0,0,0,,,NONE,0.000000,0.000000,4.342134,4.857866
57.760,FOLLOW_LANE,camera lane following,155.500,-0.028125,0.750000,0,0,0,,,NONE,0.000000,0.000000,4.374928,4.825071
57.792,FOLLOW_LANE,camera lane following,155.500,-0.028125,0.750000,0,0,0,,,NONE,0.000000,0.000000,4.367098,4.832902
57.824,FOLLOW_LANE,camera lane following,155.500,-0.028125,0.750000,0,0,0,,,NONE,0.000000,0.000000,4.367080,4.832920
57.856,FOLLOW_LANE,camera lane following,155.500,-0.028125,0.750000,0,0,0,,,NONE,0.000000,0.000000,4.367062,4.832938
57.888,FOLLOW_LANE,camera lane following,156.000,-0.025000,0.750000,0,0,0,,,NONE,0.000000,0.000000,4.399858,4.800141
57.920,FOLLOW_LANE,camera lane following,156.500,-0.021875,0.750000,0,0,0,,,NONE,0.000000,0.000000,4.424844,4.775155
57.952,FOLLOW_LANE,camera lane following,156.000,-0.025000,0.750000,0,0,0,,,NONE,0.000000,0.000000,4.384203,4.815796
57.984,FOLLOW_LANE,camera lane following,158.000,-0.012500,0.750000,0,0,0,,,NONE,0.000000,0.000000,4.523258,4.676742
58.016,FOLLOW_LANE,camera lane following,157.000,-0.018750,0.750000,0,0,0,,,NONE,0.000000,0.000000,4.426371,4.773629
58.048,FOLLOW_LANE,camera lane following,157.500,-0.015625,0.750000,0,0,0,,,NONE,0.000000,0.000000,4.474798,4.725201
58.080,FOLLOW_LANE,camera lane following,158.000,-0.012500,0.750000,0,0,0,,,NONE,0.000000,0.000000,4.499790,4.700209
58.112,FOLLOW_LANE,camera lane following,158.000,-0.012500,0.750000,0,0,0,,,NONE,0.000000,0.000000,4.491970,4.708030
58.144,FOLLOW_LANE,camera lane following,158.000,-0.012500,0.750000,0,0,0,,,NONE,0.000000,0.000000,4.491962,4.708038
58.176,FOLLOW_LANE,camera lane following,156.000,-0.025000,0.750000,0,0,0,,,NONE,0.000000,0.000000,4.360696,4.839304
58.208,FOLLOW_LANE,camera lane following,156.000,-0.025000,0.750000,0,0,0,,,NONE,0.000000,0.000000,4.391930,4.808070
58.240,FOLLOW_LANE,camera lane following,155.000,-0.031250,0.750000,0,0,0,,,NONE,0.000000,0.000000,4.326285,4.873715
58.272,FOLLOW_LANE,camera lane following,155.000,-0.031250,0.750000,0,0,0,,,NONE,0.000000,0.000000,4.341890,4.858110
58.304,FOLLOW_LANE,camera lane following,155.000,-0.031250,0.750000,0,0,0,,,NONE,0.000000,0.000000,4.341870,4.858130
58.336,FOLLOW_LANE,camera lane following,154.000,-0.037500,0.750000,0,0,0,,,NONE,0.000000,0.000000,4.276221,4.923779
58.368,FOLLOW_LANE,camera lane following,154.500,-0.034375,0.750000,0,0,0,,,NONE,0.000000,0.000000,4.324636,4.875363
58.400,FOLLOW_LANE,camera lane following,154.000,-0.037500,0.750000,0,0,0,,,NONE,0.000000,0.000000,4.283987,4.916012
58.432,FOLLOW_LANE,camera lane following,153.500,-0.040625,0.750000,0,0,0,,,NONE,0.000000,0.000000,4.258961,4.941038
58.464,FOLLOW_LANE,camera lane following,153.500,-0.040625,0.750000,0,0,0,,,NONE,0.000000,0.000000,4.266748,4.933252
58.496,FOLLOW_LANE,camera lane following,153.500,-0.040625,0.750000,0,0,0,,,NONE,0.000000,0.000000,4.266722,4.933278
58.528,FOLLOW_LANE,camera lane following,153.500,-0.040625,0.750000,0,0,0,,,NONE,0.000000,0.000000,4.266696,4.933304
58.560,FOLLOW_LANE,camera lane following,153.500,-0.040625,0.750000,0,0,0,,,NONE,0.000000,0.000000,4.266670,4.933330
58.592,FOLLOW_LANE,camera lane following,153.000,-0.043750,0.750000,0,0,0,,,NONE,0.000000,0.000000,4.233829,4.966170
58.624,FOLLOW_LANE,camera lane following,153.500,-0.040625,0.750000,0,0,0,,,NONE,0.000000,0.000000,4.274428,4.925571
58.656,FOLLOW_LANE,camera lane following,154.000,-0.037500,0.750000,0,0,0,,,NONE,0.000000,0.000000,4.299404,4.900595
58.688,FOLLOW_LANE,camera lane following,154.000,-0.037500,0.750000,0,0,0,,,NONE,0.000000,0.000000,4.291568,4.908432
58.720,FOLLOW_LANE,camera lane following,154.000,-0.037500,0.750000,0,0,0,,,NONE,0.000000,0.000000,4.291544,4.908456
58.752,FOLLOW_LANE,camera lane following,154.500,-0.034375,0.750000,0,0,0,,,NONE,0.000000,0.000000,4.324334,4.875665
58.784,FOLLOW_LANE,camera lane following,154.500,-0.034375,0.750000,0,0,0,,,NONE,0.000000,0.000000,4.316500,4.883500
58.816,FOLLOW_LANE,camera lane following,155.000,-0.031250,0.750000,0,0,0,,,NONE,0.000000,0.000000,4.349292,4.850707
58.848,FOLLOW_LANE,camera lane following,155.000,-0.031250,0.750000,0,0,0,,,NONE,0.000000,0.000000,4.341460,4.858540
58.880,FOLLOW_LANE,camera lane following,156.000,-0.025000,0.750000,0,0,0,,,NONE,0.000000,0.000000,4.407069,4.792931
58.912,FOLLOW_LANE,camera lane following,155.500,-0.028125,0.750000,0,0,0,,,NONE,0.000000,0.000000,4.358613,4.841386
58.944,FOLLOW_LANE,camera lane following,157.000,-0.018750,0.750000,0,0,0,,,NONE,0.000000,0.000000,4.464851,4.735148
58.976,FOLLOW_LANE,camera lane following,157.500,-0.015625,0.750000,0,0,0,,,NONE,0.000000,0.000000,4.474216,4.725783
59.008,FOLLOW_LANE,camera lane following,157.000,-0.018750,0.750000,0,0,0,,,NONE,0.000000,0.000000,4.433579,4.766420
59.040,FOLLOW_LANE,camera lane following,157.500,-0.015625,0.750000,0,0,0,,,NONE,0.000000,0.000000,4.474194,4.725805
59.072,FOLLOW_LANE,camera lane following,158.000,-0.012500,0.750000,0,0,0,,,NONE,0.000000,0.000000,4.499186,4.700813
59.104,FOLLOW_LANE,camera lane following,158.500,-0.009375,0.750000,0,0,0,,,NONE,0.000000,0.000000,4.524180,4.675819
59.136,FOLLOW_LANE,camera lane following,157.000,-0.018750,0.750000,0,0,0,,,NONE,0.000000,0.000000,4.417918,4.782081
59.168,FOLLOW_LANE,camera lane following,155.500,-0.028125,0.750000,0,0,0,,,NONE,0.000000,0.000000,4.342900,4.857099
59.200,FOLLOW_LANE,camera lane following,154.500,-0.034375,0.750000,0,0,0,,,NONE,0.000000,0.000000,4.300691,4.899309
59.232,FOLLOW_LANE,camera lane following,154.500,-0.034375,0.750000,0,0,0,,,NONE,0.000000,0.000000,4.316294,4.883706
59.264,FOLLOW_LANE,camera lane following,154.500,-0.034375,0.750000,0,0,0,,,NONE,0.000000,0.000000,4.316272,4.883728
59.296,FOLLOW_LANE,camera lane following,154.000,-0.037500,0.750000,0,0,0,,,NONE,0.000000,0.000000,4.283435,4.916564
59.328,FOLLOW_LANE,camera lane following,153.500,-0.040625,0.750000,0,0,0,,,NONE,0.000000,0.000000,4.258409,4.941590
59.360,FOLLOW_LANE,camera lane following,153.500,-0.040625,0.750000,0,0,0,,,NONE,0.000000,0.000000,4.266196,4.933804
59.392,FOLLOW_LANE,camera lane following,153.000,-0.043750,0.750000,0,0,0,,,NONE,0.000000,0.000000,4.233356,4.966644
59.424,FOLLOW_LANE,camera lane following,152.500,-0.046875,0.750000,0,0,0,,,NONE,0.000000,0.000000,4.208325,4.991674
59.456,FOLLOW_LANE,camera lane following,152.500,-0.046875,0.750000,0,0,0,,,NONE,0.000000,0.000000,4.216108,4.983892
59.488,FOLLOW_LANE,camera lane following,152.000,-0.050000,0.750000,0,0,0,,,NONE,0.000000,0.000000,4.183263,5.016736
59.520,FOLLOW_LANE,camera lane following,152.000,-0.050000,0.750000,0,0,0,,,NONE,0.000000,0.000000,4.191044,5.008956
59.552,FOLLOW_LANE,camera lane following,152.500,-0.046875,0.750000,0,0,0,,,NONE,0.000000,0.000000,4.223826,4.976173
59.584,FOLLOW_LANE,camera lane following,153.000,-0.043750,0.750000,0,0,0,,,NONE,0.000000,0.000000,4.248798,4.951201
59.616,FOLLOW_LANE,camera lane following,153.000,-0.043750,0.750000,0,0,0,,,NONE,0.000000,0.000000,4.240958,4.959042
59.648,FOLLOW_LANE,camera lane following,153.000,-0.043750,0.750000,0,0,0,,,NONE,0.000000,0.000000,4.240930,4.959070
59.680,FOLLOW_LANE,camera lane following,153.500,-0.040625,0.750000,0,0,0,,,NONE,0.000000,0.000000,4.273716,4.926283
59.712,FOLLOW_LANE,camera lane following,154.000,-0.037500,0.750000,0,0,0,,,NONE,0.000000,0.000000,4.298692,4.901307
59.744,FOLLOW_LANE,camera lane following,154.000,-0.037500,0.750000,0,0,0,,,NONE,0.000000,0.000000,4.290856,4.909144
59.776,FOLLOW_LANE,camera lane following,154.500,-0.034375,0.750000,0,0,0,,,NONE,0.000000,0.000000,4.323646,4.876353
59.808,FOLLOW_LANE,camera lane following,155.000,-0.031250,0.750000,0,0,0,,,NONE,0.000000,0.000000,4.348626,4.851373
59.840,FOLLOW_LANE,camera lane following,156.000,-0.025000,0.750000,0,0,0,,,NONE,0.000000,0.000000,4.406423,4.793577
59.872,FOLLOW_LANE,camera lane following,155.500,-0.028125,0.750000,0,0,0,,,NONE,0.000000,0.000000,4.357967,4.842032
59.904,FOLLOW_LANE,camera lane following,156.750,-0.020313,0.750000,0,0,0,,,NONE,0.000000,0.000000,4.447798,4.752202
59.936,FOLLOW_LANE,camera lane following,160.000,0.000000,0.750000,0,0,0,,,NONE,0.000000,0.000000,4.641548,4.558452
59.968,FOLLOW_LANE,camera lane following,157.000,-0.018750,0.750000,0,0,0,,,NONE,0.000000,0.000000,4.393880,4.806120
60.000,FOLLOW_LANE,camera lane following,157.500,-0.015625,0.750000,0,0,0,,,NONE,0.000000,0.000000,4.473558,4.726442
60.032,FOLLOW_LANE,camera lane following,158.000,-0.012500,0.750000,0,0,0,,,NONE,0.000000,0.000000,4.498549,4.701450
60.064,FOLLOW_LANE,camera lane following,158.500,-0.009375,0.750000,0,0,0,,,NONE,0.000000,0.000000,4.523543,4.676456
60.096,FOLLOW_LANE,camera lane following,157.500,-0.015625,0.750000,0,0,0,,,NONE,0.000000,0.000000,4.450096,4.749904
60.128,FOLLOW_LANE,camera lane following,155.500,-0.028125,0.750000,0,0,0,,,NONE,0.000000,0.000000,4.334453,4.865547
60.160,FOLLOW_LANE,camera lane following,155.000,-0.031250,0.750000,0,0,0,,,NONE,0.000000,0.000000,4.332870,4.867129
60.192,FOLLOW_LANE,camera lane following,154.500,-0.034375,0.750000,0,0,0,,,NONE,0.000000,0.000000,4.307848,4.892151
60.224,FOLLOW_LANE,camera lane following,154.000,-0.037500,0.750000,0,0,0,,,NONE,0.000000,0.000000,4.282824,4.917175
60.256,FOLLOW_LANE,camera lane following,153.500,-0.040625,0.750000,0,0,0,,,NONE,0.000000,0.000000,4.257798,4.942201
60.288,FOLLOW_LANE,camera lane following,153.000,-0.043750,0.750000,0,0,0,,,NONE,0.000000,0.000000,4.232770,4.967229
60.320,FOLLOW_LANE,camera lane following,153.500,-0.040625,0.750000,0,0,0,,,NONE,0.000000,0.000000,4.273369,4.926630
60.352,FOLLOW_LANE,camera lane following,153.000,-0.043750,0.750000,0,0,0,,,NONE,0.000000,0.000000,4.232716,4.967283
60.384,FOLLOW_LANE,camera lane following,152.500,-0.046875,0.750000,0,0,0,,,NONE,0.000000,0.000000,4.207686,4.992313
60.416,FOLLOW_LANE,camera lane following,152.500,-0.046875,0.750000,0,0,0,,,NONE,0.000000,0.000000,4.215469,4.984531
60.448,FOLLOW_LANE,camera lane following,152.500,-0.046875,0.750000,0,0,0,,,NONE,0.000000,0.000000,4.215439,4.984561
60.480,FOLLOW_LANE,camera lane following,152.500,-0.046875,0.750000,0,0,0,,,NONE,0.000000,0.000000,4.215409,4.984591
60.512,FOLLOW_LANE,camera lane following,152.500,-0.046875,0.750000,0,0,0,,,NONE,0.000000,0.000000,4.215379,4.984621
60.544,FOLLOW_LANE,camera lane following,153.000,-0.043750,0.750000,0,0,0,,,NONE,0.000000,0.000000,4.248163,4.951836
60.576,FOLLOW_LANE,camera lane following,153.000,-0.043750,0.750000,0,0,0,,,NONE,0.000000,0.000000,4.240323,4.959677
60.608,FOLLOW_LANE,camera lane following,153.500,-0.040625,0.750000,0,0,0,,,NONE,0.000000,0.000000,4.273109,4.926890
60.640,FOLLOW_LANE,camera lane following,154.000,-0.037500,0.750000,0,0,0,,,NONE,0.000000,0.000000,4.298086,4.901914
60.672,FOLLOW_LANE,camera lane following,154.000,-0.037500,0.750000,0,0,0,,,NONE,0.000000,0.000000,4.290249,4.909751
60.704,FOLLOW_LANE,camera lane following,154.500,-0.034375,0.750000,0,0,0,,,NONE,0.000000,0.000000,4.323039,4.876961
60.736,FOLLOW_LANE,camera lane following,154.500,-0.034375,0.750000,0,0,0,,,NONE,0.000000,0.000000,4.315205,4.884795
60.768,FOLLOW_LANE,camera lane following,155.000,-0.031250,0.750000,0,0,0,,,NONE,0.000000,0.000000,4.347997,4.852002
60.800,FOLLOW_LANE,camera lane following,156.000,-0.025000,0.750000,0,0,0,,,NONE,0.000000,0.000000,4.405794,4.794206
60.832,FOLLOW_LANE,camera lane following,155.500,-0.028125,0.750000,0,0,0,,,NONE,0.000000,0.000000,4.357339,4.842661
60.864,FOLLOW_LANE,camera lane following,156.500,-0.021875,0.750000,0,0,0,,,NONE,0.000000,0.000000,4.430762,4.769238
60.896,FOLLOW_LANE,camera lane following,160.500,0.003125,0.750000,0,0,0,,,NONE,0.000000,0.000000,4.644824,4.555175
60.928,FOLLOW_LANE,camera lane following,157.000,-0.018750,0.750000,0,0,0,,,NONE,0.000000,0.000000,4.393250,4.806750
60.960,FOLLOW_LANE,camera lane following,157.000,-0.018750,0.750000,0,0,0,,,NONE,0.000000,0.000000,4.440113,4.759887
60.992,FOLLOW_LANE,camera lane following,157.500,-0.015625,0.750000,0,0,0,,,NONE,0.000000,0.000000,4.472916,4.727084
61.024,FOLLOW_LANE,camera lane following,157.500,-0.015625,0.750000,0,0,0,,,NONE,0.000000,0.000000,4.465093,4.734907
61.056,FOLLOW_LANE,camera lane following,156.500,-0.021875,0.750000,0,0,0,,,NONE,0.000000,0.000000,4.399454,4.800546
61.088,FOLLOW_LANE,camera lane following,155.500,-0.028125,0.750000,0,0,0,,,NONE,0.000000,0.000000,4.349436,4.850564
61.120,FOLLOW_LANE,camera lane following,155.000,-0.031250,0.750000,0,0,0,,,NONE,0.000000,0.000000,4.332228,4.867771
61.152,FOLLOW_LANE,camera lane following,155.000,-0.031250,0.750000,0,0,0,,,NONE,0.000000,0.000000,4.340021,4.859979
61.184,FOLLOW_LANE,camera lane following,154.500,-0.034375,0.750000,0,0,0,,,NONE,0.000000,0.000000,4.307186,4.892813
61.216,FOLLOW_LANE,camera lane following,154.500,-0.034375,0.750000,0,0,0,,,NONE,0.000000,0.000000,4.314977,4.885023
61.248,FOLLOW_LANE,camera lane following,154.000,-0.037500,0.750000,0,0,0,,,NONE,0.000000,0.000000,4.282140,4.917859
61.280,FOLLOW_LANE,camera lane following,154.000,-0.037500,0.750000,0,0,0,,,NONE,0.000000,0.000000,4.289929,4.910071
61.312,FOLLOW_LANE,camera lane following,154.000,-0.037500,0.750000,0,0,0,,,NONE,0.000000,0.000000,4.289905,4.910095
61.344,FOLLOW_LANE,camera lane following,153.500,-0.040625,0.750000,0,0,0,,,NONE,0.000000,0.000000,4.257066,4.942933
61.376,FOLLOW_LANE,camera lane following,154.000,-0.037500,0.750000,0,0,0,,,NONE,0.000000,0.000000,4.297667,4.902332
61.408,FOLLOW_LANE,camera lane following,153.500,-0.040625,0.750000,0,0,0,,,NONE,0.000000,0.000000,4.257016,4.942983
61.440,FOLLOW_LANE,camera lane following,153.500,-0.040625,0.750000,0,0,0,,,NONE,0.000000,0.000000,4.264803,4.935197
61.472,FOLLOW_LANE,camera lane following,154.000,-0.037500,0.750000,0,0,0,,,NONE,0.000000,0.000000,4.297591,4.902408
61.504,FOLLOW_LANE,camera lane following,154.000,-0.037500,0.750000,0,0,0,,,NONE,0.000000,0.000000,4.289755,4.910245
61.536,FOLLOW_LANE,camera lane following,154.000,-0.037500,0.750000,0,0,0,,,NONE,0.000000,0.000000,4.289731,4.910269
61.568,FOLLOW_LANE,camera lane following,154.500,-0.034375,0.750000,0,0,0,,,NONE,0.000000,0.000000,4.322521,4.877478
61.600,FOLLOW_LANE,camera lane following,154.500,-0.034375,0.750000,0,0,0,,,NONE,0.000000,0.000000,4.314687,4.885313
61.632,FOLLOW_LANE,camera lane following,155.000,-0.031250,0.750000,0,0,0,,,NONE,0.000000,0.000000,4.347479,4.852520
61.664,FOLLOW_LANE,camera lane following,155.000,-0.031250,0.750000,0,0,0,,,NONE,0.000000,0.000000,4.339647,4.860353
61.696,FOLLOW_LANE,camera lane following,155.000,-0.031250,0.750000,0,0,0,,,NONE,0.000000,0.000000,4.339627,4.860373
61.728,FOLLOW_LANE,camera lane following,155.500,-0.028125,0.750000,0,0,0,,,NONE,0.000000,0.000000,4.372421,4.827578
61.760,FOLLOW_LANE,camera lane following,156.500,-0.021875,0.750000,0,0,0,,,NONE,0.000000,0.000000,4.430220,4.769780
61.792,FOLLOW_LANE,camera lane following,155.500,-0.028125,0.750000,0,0,0,,,NONE,0.000000,0.000000,4.348952,4.851048
61.824,FOLLOW_LANE,camera lane following,156.500,-0.021875,0.750000,0,0,0,,,NONE,0.000000,0.000000,4.430188,4.769812
61.856,FOLLOW_LANE,camera lane following,160.500,0.003125,0.750000,0,0,0,,,NONE,0.000000,0.000000,4.644251,4.555749
61.888,FOLLOW_LANE,camera lane following,157.500,-0.015625,0.750000,0,0,0,,,NONE,0.000000,0.000000,4.425490,4.774509
61.920,FOLLOW_LANE,camera lane following,158.000,-0.012500,0.750000,0,0,0,,,NONE,0.000000,0.000000,4.497357,4.702642
61.952,FOLLOW_LANE,camera lane following,158.000,-0.012500,0.750000,0,0,0,,,NONE,0.000000,0.000000,4.489537,4.710463
61.984,FOLLOW_LANE,camera lane following,157.500,-0.015625,0.750000,0,0,0,,,NONE,0.000000,0.000000,4.456714,4.743285
62.016,FOLLOW_LANE,camera lane following,156.500,-0.021875,0.750000,0,0,0,,,NONE,0.000000,0.000000,4.398888,4.801112
62.048,FOLLOW_LANE,camera lane following,156.000,-0.025000,0.750000,0,0,0,,,NONE,0.000000,0.000000,4.381684,4.818315
62.080,FOLLOW_LANE,camera lane following,155.500,-0.028125,0.750000,0,0,0,,,NONE,0.000000,0.000000,4.356666,4.843333
62.112,FOLLOW_LANE,camera lane following,155.500,-0.028125,0.750000,0,0,0,,,NONE,0.000000,0.000000,4.364461,4.835539
62.144,FOLLOW_LANE,camera lane following,155.000,-0.031250,0.750000,0,0,0,,,NONE,0.000000,0.000000,4.331628,4.868371
62.176,FOLLOW_LANE,camera lane following,155.000,-0.031250,0.750000,0,0,0,,,NONE,0.000000,0.000000,4.339421,4.860579
62.208,FOLLOW_LANE,camera lane following,155.000,-0.031250,0.750000,0,0,0,,,NONE,0.000000,0.000000,4.339401,4.860599
62.240,FOLLOW_LANE,camera lane following,154.500,-0.034375,0.750000,0,0,0,,,NONE,0.000000,0.000000,4.306566,4.893433
62.272,FOLLOW_LANE,camera lane following,154.500,-0.034375,0.750000,0,0,0,,,NONE,0.000000,0.000000,4.314357,4.885643
62.304,FOLLOW_LANE,camera lane following,154.500,-0.034375,0.750000,0,0,0,,,NONE,0.000000,0.000000,4.314335,4.885665
62.336,FOLLOW_LANE,camera lane following,154.000,-0.037500,0.750000,0,0,0,,,NONE,0.000000,0.000000,4.281498,4.918501
62.368,FOLLOW_LANE,camera lane following,154.500,-0.034375,0.750000,0,0,0,,,NONE,0.000000,0.000000,4.322101,4.877898
62.400,FOLLOW_LANE,camera lane following,154.500,-0.034375,0.750000,0,0,0,,,NONE,0.000000,0.000000,4.314267,4.885733
62.432,FOLLOW_LANE,camera lane following,154.500,-0.034375,0.750000,0,0,0,,,NONE,0.000000,0.000000,4.314245,4.885755
62.464,FOLLOW_LANE,camera lane following,154.500,-0.034375,0.750000,0,0,0,,,NONE,0.000000,0.000000,4.314223,4.885777
62.496,FOLLOW_LANE,camera lane following,154.500,-0.034375,0.750000,0,0,0,,,NONE,0.000000,0.000000,4.314201,4.885799
62.528,FOLLOW_LANE,camera lane following,154.500,-0.034375,0.750000,0,0,0,,,NONE,0.000000,0.000000,4.314179,4.885821
62.560,FOLLOW_LANE,camera lane following,154.500,-0.034375,0.750000,0,0,0,,,NONE,0.000000,0.000000,4.314157,4.885843
62.592,FOLLOW_LANE,camera lane following,155.000,-0.031250,0.750000,0,0,0,,,NONE,0.000000,0.000000,4.346950,4.853050
62.624,FOLLOW_LANE,camera lane following,155.000,-0.031250,0.750000,0,0,0,,,NONE,0.000000,0.000000,4.339117,4.860883
62.656,FOLLOW_LANE,camera lane following,155.000,-0.031250,0.750000,0,0,0,,,NONE,0.000000,0.000000,4.339097,4.860903
62.688,FOLLOW_LANE,camera lane following,155.500,-0.028125,0.750000,0,0,0,,,NONE,0.000000,0.000000,4.371891,4.828108
62.720,FOLLOW_LANE,camera lane following,156.000,-0.025000,0.750000,0,0,0,,,NONE,0.000000,0.000000,4.396875,4.803125
62.752,FOLLOW_LANE,camera lane following,155.500,-0.028125,0.750000,0,0,0,,,NONE,0.000000,0.000000,4.356232,4.843767
62.784,FOLLOW_LANE,camera lane following,156.000,-0.025000,0.750000,0,0,0,,,NONE,0.000000,0.000000,4.396841,4.803158
62.816,FOLLOW_LANE,camera lane following,160.000,0.000000,0.750000,0,0,0,,,NONE,0.000000,0.000000,4.651529,4.548471
62.848,FOLLOW_LANE,camera lane following,157.000,-0.018750,0.750000,0,0,0,,,NONE,0.000000,0.000000,4.392142,4.807858
62.880,FOLLOW_LANE,camera lane following,157.000,-0.018750,0.750000,0,0,0,,,NONE,0.000000,0.000000,4.439005,4.760995
62.912,FOLLOW_LANE,camera lane following,157.500,-0.015625,0.750000,0,0,0,,,NONE,0.000000,0.000000,4.471807,4.728192
62.944,FOLLOW_LANE,camera lane following,158.000,-0.012500,0.750000,0,0,0,,,NONE,0.000000,0.000000,4.496799,4.703200
62.976,FOLLOW_LANE,camera lane following,157.500,-0.015625,0.750000,0,0,0,,,NONE,0.000000,0.000000,4.456164,4.743835
63.008,FOLLOW_LANE,camera lane following,155.750,-0.026562,0.750000,0,0,0,,,NONE,0.000000,0.000000,4.349116,4.850884
63.040,FOLLOW_LANE,camera lane following,155.500,-0.028125,0.750000,0,0,0,,,NONE,0.000000,0.000000,4.360036,4.839964
63.072,FOLLOW_LANE,camera lane following,155.000,-0.031250,0.750000,0,0,0,,,NONE,0.000000,0.000000,4.331109,4.868891
63.104,FOLLOW_LANE,camera lane following,155.000,-0.031250,0.750000,0,0,0,,,NONE,0.000000,0.000000,4.338902,4.861098
63.136,FOLLOW_LANE,camera lane following,154.500,-0.034375,0.750000,0,0,0,,,NONE,0.000000,0.000000,4.306067,4.893933
63.168,FOLLOW_LANE,camera lane following,154.000,-0.037500,0.750000,0,0,0,,,NONE,0.000000,0.000000,4.281044,4.918956
63.200,FOLLOW_LANE,camera lane following,153.500,-0.040625,0.750000,0,0,0,,,NONE,0.000000,0.000000,4.256017,4.943982
63.232,FOLLOW_LANE,camera lane following,153.000,-0.043750,0.750000,0,0,0,,,NONE,0.000000,0.000000,4.230989,4.969010
63.264,FOLLOW_LANE,camera lane following,153.000,-0.043750,0.750000,0,0,0,,,NONE,0.000000,0.000000,4.238774,4.961226
63.296,FOLLOW_LANE,camera lane following,152.500,-0.046875,0.750000,0,0,0,,,NONE,0.000000,0.000000,4.205931,4.994069
63.328,FOLLOW_LANE,camera lane following,152.500,-0.046875,0.750000,0,0,0,,,NONE,0.000000,0.000000,4.213714,4.986286
63.360,FOLLOW_LANE,camera lane following,152.500,-0.046875,0.750000,0,0,0,,,NONE,0.000000,0.000000,4.213684,4.986316
63.392,FOLLOW_LANE,camera lane following,152.500,-0.046875,0.750000,0,0,0,,,NONE,0.000000,0.000000,4.213654,4.986346
63.424,FOLLOW_LANE,camera lane following,152.500,-0.046875,0.750000,0,0,0,,,NONE,0.000000,0.000000,4.213624,4.986376
63.456,FOLLOW_LANE,camera lane following,152.500,-0.046875,0.750000,0,0,0,,,NONE,0.000000,0.000000,4.213594,4.986406
63.488,FOLLOW_LANE,camera lane following,153.000,-0.043750,0.750000,0,0,0,,,NONE,0.000000,0.000000,4.246378,4.953621
63.520,FOLLOW_LANE,camera lane following,153.000,-0.043750,0.750000,0,0,0,,,NONE,0.000000,0.000000,4.238538,4.961462
63.552,FOLLOW_LANE,camera lane following,153.500,-0.040625,0.750000,0,0,0,,,NONE,0.000000,0.000000,4.271324,4.928675
63.584,FOLLOW_LANE,camera lane following,154.000,-0.037500,0.750000,0,0,0,,,NONE,0.000000,0.000000,4.296300,4.903700
63.616,FOLLOW_LANE,camera lane following,154.000,-0.037500,0.750000,0,0,0,,,NONE,0.000000,0.000000,4.288464,4.911536
63.648,FOLLOW_LANE,camera lane following,154.500,-0.034375,0.750000,0,0,0,,,NONE,0.000000,0.000000,4.321254,4.878745
63.680,FOLLOW_LANE,camera lane following,155.000,-0.031250,0.750000,0,0,0,,,NONE,0.000000,0.000000,4.346234,4.853765
63.712,FOLLOW_LANE,camera lane following,155.500,-0.028125,0.750000,0,0,0,,,NONE,0.000000,0.000000,4.371217,4.828783
63.744,FOLLOW_LANE,camera lane following,156.000,-0.025000,0.750000,0,0,0,,,NONE,0.000000,0.000000,4.396200,4.803799
63.776,FOLLOW_LANE,camera lane following,156.500,-0.021875,0.750000,0,0,0,,,NONE,0.000000,0.000000,4.421186,4.778814
63.808,FOLLOW_LANE,camera lane following,157.000,-0.018750,0.750000,0,0,0,,,NONE,0.000000,0.000000,4.446174,4.753825
63.840,FOLLOW_LANE,camera lane following,156.000,-0.025000,0.750000,0,0,0,,,NONE,0.000000,0.000000,4.372721,4.827279
63.872,FOLLOW_LANE,camera lane following,157.000,-0.018750,0.750000,0,0,0,,,NONE,0.000000,0.000000,4.453959,4.746041
63.904,FOLLOW_LANE,camera lane following,158.500,-0.009375,0.750000,0,0,0,,,NONE,0.000000,0.000000,4.536765,4.663234
63.936,FOLLOW_LANE,camera lane following,157.000,-0.018750,0.750000,0,0,0,,,NONE,0.000000,0.000000,4.414878,4.785121
63.968,FOLLOW_LANE,camera lane following,154.000,-0.037500,0.750000,0,0,0,,,NONE,0.000000,0.000000,4.241417,4.958583
64.000,FOLLOW_LANE,camera lane following,153.500,-0.040625,0.750000,0,0,0,,,NONE,0.000000,0.000000,4.255453,4.944546
64.032,FOLLOW_LANE,camera lane following,154.000,-0.037500,0.750000,0,0,0,,,NONE,0.000000,0.000000,4.296054,4.903945
