run_id,time_s,robot_x,robot_y,lane_error_m,checkpoint_count,static_clearance_m,moving_clearance_m,collision_count,moving_started,moving_cleared,finished
lane_curve_bright_baseline_r01_s10001,0.032,-0.460000,-0.450000,0.000000,0,14.785604,14.785604,0,0,0,0
lane_curve_bright_baseline_r01_s10001,0.064,-0.456801,-0.450000,0.000000,0,14.783342,14.783342,0,0,0,0
lane_curve_bright_baseline_r01_s10001,0.096,-0.453600,-0.450000,0.000000,0,14.781078,14.781078,0,0,0,0
lane_curve_bright_baseline_r01_s10001,0.128,-0.450400,-0.450000,0.000000,0,14.778815,14.778815,0,0,0,0
lane_curve_bright_baseline_r01_s10001,0.160,-0.447200,-0.450000,0.000000,0,14.776552,14.776552,0,0,0,0
lane_curve_bright_baseline_r01_s10001,0.192,-0.444000,-0.450000,0.000000,0,14.774290,14.774290,0,0,0,0
lane_curve_bright_baseline_r01_s10001,0.224,-0.440800,-0.450000,0.000000,0,14.772028,14.772028,0,0,0,0
lane_curve_bright_baseline_r01_s10001,0.256,-0.437600,-0.450000,0.000000,0,14.769766,14.769766,0,0,0,0
lane_curve_bright_baseline_r01_s10001,0.288,-0.434400,-0.450000,0.000000,0,14.767505,14.767505,0,0,0,0
lane_curve_bright_baseline_r01_s10001,0.320,-0.431200,-0.450000,0.000000,0,14.765244,14.765244,0,0,0,0
lane_curve_bright_baseline_r01_s10001,0.352,-0.428000,-0.450000,0.000000,0,14.762984,14.762984,0,0,0,0
lane_curve_bright_baseline_r01_s10001,0.384,-0.424800,-0.450000,0.000000,0,14.760724,14.760724,0,0,0,0
lane_curve_bright_baseline_r01_s10001,0.416,-0.421600,-0.450000,0.000000,0,14.758464,14.758464,0,0,0,0
lane_curve_bright_baseline_r01_s10001,0.448,-0.418400,-0.450000,0.000000,0,14.756204,14.756204,0,0,0,0
lane_curve_bright_baseline_r01_s10001,0.480,-0.415200,-0.450000,0.000000,0,14.753945,14.753945,0,0,0,0
lane_curve_bright_baseline_r01_s10001,0.512,-0.412000,-0.450000,0.000000,0,14.751686,14.751686,0,0,0,0
lane_curve_bright_baseline_r01_s10001,0.544,-0.408800,-0.450000,0.000000,0,14.749428,14.749428,0,0,0,0
lane_curve_bright_baseline_r01_s10001,0.576,-0.405600,-0.450000,0.000000,0,14.747170,14.747170,0,0,0,0
lane_curve_bright_baseline_r01_s10001,0.608,-0.402400,-0.450000,0.000000,0,14.744912,14.744912,0,0,0,0
lane_curve_bright_baseline_r01_s10001,0.640,-0.399200,-0.450000,0.000000,0,14.742655,14.742655,0,0,0,0
lane_curve_bright_baseline_r01_s10001,0.672,-0.396000,-0.450000,0.000000,0,14.740398,14.740398,0,0,0,0
lane_curve_bright_baseline_r01_s10001,0.704,-0.392800,-0.450000,0.000000,0,14.738141,14.738141,0,0,0,0
lane_curve_bright_baseline_r01_s10001,0.736,-0.389600,-0.450000,0.000000,0,14.735885,14.735885,0,0,0,0
lane_curve_bright_baseline_r01_s10001,0.768,-0.386400,-0.450000,0.000000,0,14.733629,14.733629,0,0,0,0
lane_curve_bright_baseline_r01_s10001,0.800,-0.383200,-0.450000,0.000000,0,14.731373,14.731373,0,0,0,0
lane_curve_bright_baseline_r01_s10001,0.832,-0.380000,-0.450000,0.000000,0,14.729118,14.729118,0,0,0,0
lane_curve_bright_baseline_r01_s10001,0.864,-0.376800,-0.450000,0.000000,0,14.726863,14.726863,0,0,0,0
lane_curve_bright_baseline_r01_s10001,0.896,-0.373600,-0.450000,0.000000,0,14.724608,14.724608,0,0,0,0
lane_curve_bright_baseline_r01_s10001,0.928,-0.370400,-0.450000,0.000000,0,14.722354,14.722354,0,0,0,0
lane_curve_bright_baseline_r01_s10001,0.960,-0.367200,-0.450000,0.000000,0,14.720100,14.720100,0,0,0,0
lane_curve_bright_baseline_r01_s10001,0.992,-0.364000,-0.450000,0.000000,0,14.717846,14.717846,0,0,0,0
lane_curve_bright_baseline_r01_s10001,1.024,-0.360800,-0.450000,0.000000,0,14.715593,14.715593,0,0,0,0
lane_curve_bright_baseline_r01_s10001,1.056,-0.357600,-0.450000,0.000000,0,14.713340,14.713340,0,0,0,0
lane_curve_bright_baseline_r01_s10001,1.088,-0.354400,-0.450000,0.000000,0,14.711088,14.711088,0,0,0,0
lane_curve_bright_baseline_r01_s10001,1.120,-0.351200,-0.450000,0.000000,0,14.708836,14.708836,0,0,0,0
lane_curve_bright_baseline_r01_s10001,1.152,-0.348000,-0.450000,0.000000,0,14.706584,14.706584,0,0,0,0
lane_curve_bright_baseline_r01_s10001,1.184,-0.344800,-0.450000,0.000000,0,14.704332,14.704332,0,0,0,0
lane_curve_bright_baseline_r01_s10001,1.216,-0.341600,-0.450000,0.000000,0,14.702081,14.702081,0,0,0,0
lane_curve_bright_baseline_r01_s10001,1.248,-0.338400,-0.450000,0.000000,0,14.699831,14.699831,0,0,0,0
lane_curve_bright_baseline_r01_s10001,1.280,-0.335200,-0.450000,0.000000,0,14.697580,14.697580,0,0,0,0
lane_curve_bright_baseline_r01_s10001,1.312,-0.332000,-0.450000,0.000000,0,14.695330,14.695330,0,0,0,0
lane_curve_bright_baseline_r01_s10001,1.344,-0.328800,-0.450000,0.000000,0,14.693081,14.693081,0,0,0,0
lane_curve_bright_baseline_r01_s10001,1.376,-0.325600,-0.450000,0.000000,0,14.690831,14.690831,0,0,0,0
lane_curve_bright_baseline_r01_s10001,1.408,-0.322400,-0.450000,0.000000,0,14.688582,14.688582,0,0,0,0
lane_curve_bright_baseline_r01_s10001,1.440,-0.319200,-0.450000,0.000000,0,14.686334,14.686334,0,0,0,0
lane_curve_bright_baseline_r01_s10001,1.472,-0.316000,-0.450000,0.000000,0,14.684085,14.684085,0,0,0,0
lane_curve_bright_baseline_r01_s10001,1.504,-0.312800,-0.450000,0.000000,0,14.681837,14.681837,0,0,0,0
lane_curve_bright_baseline_r01_s10001,1.536,-0.309600,-0.450000,0.000000,0,14.679590,14.679590,0,0,0,0
lane_curve_bright_baseline_r01_s10001,1.568,-0.306400,-0.450000,0.000000,0,14.677343,14.677343,0,0,0,0
lane_curve_bright_baseline_r01_s10001,1.600,-0.303200,-0.450000,0.000000,0,14.675096,14.675096,0,0,0,0
lane_curve_bright_baseline_r01_s10001,1.632,-0.300000,-0.450000,0.000000,0,14.672849,14.672849,0,0,0,0
lane_curve_bright_baseline_r01_s10001,1.664,-0.296800,-0.450000,0.000000,0,14.670603,14.670603,0,0,0,0
lane_curve_bright_baseline_r01_s10001,1.696,-0.293600,-0.450000,0.000000,0,14.668357,14.668357,0,0,0,0
lane_curve_bright_baseline_r01_s10001,1.728,-0.290400,-0.450000,0.000000,0,14.666112,14.666112,0,0,0,0
lane_curve_bright_baseline_r01_s10001,1.760,-0.287200,-0.450000,0.000000,0,14.663867,14.663867,0,0,0,0
lane_curve_bright_baseline_r01_s10001,1.792,-0.284000,-0.450000,0.000000,0,14.661622,14.661622,0,0,0,0
lane_curve_bright_baseline_r01_s10001,1.824,-0.280800,-0.450000,0.000000,0,14.659378,14.659378,0,0,0,0
lane_curve_bright_baseline_r01_s10001,1.856,-0.277600,-0.450000,0.000000,0,14.657134,14.657134,0,0,0,0
lane_curve_bright_baseline_r01_s10001,1.888,-0.274400,-0.450000,0.000000,0,14.654890,14.654890,0,0,0,0
lane_curve_bright_baseline_r01_s10001,1.920,-0.271200,-0.450000,0.000000,0,14.652647,14.652647,0,0,0,0
lane_curve_bright_baseline_r01_s10001,1.952,-0.268000,-0.450000,0.000000,0,14.650404,14.650404,0,0,0,0
lane_curve_bright_baseline_r01_s10001,1.984,-0.264800,-0.450000,0.000000,0,14.648161,14.648161,0,0,0,0
lane_curve_bright_baseline_r01_s10001,2.016,-0.261600,-0.450000,0.000000,0,14.645919,14.645919,0,0,0,0
lane_curve_bright_baseline_r01_s10001,2.048,-0.258400,-0.450000,0.000000,0,14.643677,14.643677,0,0,0,0
lane_curve_bright_baseline_r01_s10001,2.080,-0.255200,-0.450000,0.000000,0,14.641436,14.641436,0,0,0,0
lane_curve_bright_baseline_r01_s10001,2.112,-0.252000,-0.450000,0.000000,0,14.639194,14.639194,0,0,0,0
lane_curve_bright_baseline_r01_s10001,2.144,-0.248800,-0.450000,0.000000,0,14.636954,14.636954,0,0,0,0
lane_curve_bright_baseline_r01_s10001,2.176,-0.245600,-0.450000,0.000000,0,14.634713,14.634713,0,0,0,0
lane_curve_bright_baseline_r01_s10001,2.208,-0.242400,-0.450000,0.000000,0,14.632473,14.632473,0,0,0,0
lane_curve_bright_baseline_r01_s10001,2.240,-0.239200,-0.450000,0.000000,0,14.630233,14.630233,0,0,0,0
lane_curve_bright_baseline_r01_s10001,2.272,-0.236000,-0.450000,0.000000,0,14.627994,14.627994,0,0,0,0
lane_curve_bright_baseline_r01_s10001,2.304,-0.232800,-0.450000,0.000000,0,14.625755,14.625755,0,0,0,0
lane_curve_bright_baseline_r01_s10001,2.336,-0.229600,-0.450000,0.000000,0,14.623516,14.623516,0,0,0,0
lane_curve_bright_baseline_r01_s10001,2.368,-0.226400,-0.450000,0.000000,0,14.621278,14.621278,0,0,0,0
lane_curve_bright_baseline_r01_s10001,2.400,-0.223200,-0.450000,0.000000,0,14.619040,14.619040,0,0,0,0
lane_curve_bright_baseline_r01_s10001,2.432,-0.220000,-0.450000,0.000000,0,14.616802,14.616802,0,0,0,0
lane_curve_bright_baseline_r01_s10001,2.464,-0.216800,-0.450000,0.000000,0,14.614565,14.614565,0,0,0,0
lane_curve_bright_baseline_r01_s10001,2.496,-0.213600,-0.450000,0.000000,0,14.612328,14.612328,0,0,0,0
lane_curve_bright_baseline_r01_s10001,2.528,-0.210400,-0.450000,0.000000,0,14.610092,14.610092,0,0,0,0
lane_curve_bright_baseline_r01_s10001,2.560,-0.207200,-0.450000,0.000000,0,14.607855,14.607855,0,0,0,0
lane_curve_bright_baseline_r01_s10001,2.592,-0.204000,-0.450000,0.000000,0,14.605620,14.605620,0,0,0,0
lane_curve_bright_baseline_r01_s10001,2.624,-0.200800,-0.450000,0.000000,0,14.603384,14.603384,0,0,0,0
lane_curve_bright_baseline_r01_s10001,2.656,-0.197600,-0.450000,0.000000,0,14.601149,14.601149,0,0,0,0
lane_curve_bright_baseline_r01_s10001,2.688,-0.194400,-0.450000,0.000000,0,14.598914,14.598914,0,0,0,0
lane_curve_bright_baseline_r01_s10001,2.720,-0.191200,-0.450000,0.000000,0,14.596680,14.596680,0,0,0,0
lane_curve_bright_baseline_r01_s10001,2.752,-0.188000,-0.450000,0.000000,0,14.594446,14.594446,0,0,0,0
lane_curve_bright_baseline_r01_s10001,2.784,-0.184800,-0.450000,0.000000,0,14.592212,14.592212,0,0,0,0
lane_curve_bright_baseline_r01_s10001,2.816,-0.181600,-0.450000,0.000000,0,14.589979,14.589979,0,0,0,0
lane_curve_bright_baseline_r01_s10001,2.848,-0.178400,-0.450000,0.000000,0,14.587746,14.587746,0,0,0,0
lane_curve_bright_baseline_r01_s10001,2.880,-0.175200,-0.450000,0.000000,0,14.585513,14.585513,0,0,0,0
lane_curve_bright_baseline_r01_s10001,2.912,-0.172000,-0.450000,0.000000,0,14.583281,14.583281,0,0,0,0
lane_curve_bright_baseline_r01_s10001,2.944,-0.168800,-0.450000,0.000000,0,14.581049,14.581049,0,0,0,0
lane_curve_bright_baseline_r01_s10001,2.976,-0.165600,-0.450000,0.000000,0,14.578818,14.578818,0,0,0,0
lane_curve_bright_baseline_r01_s10001,3.008,-0.162400,-0.450000,0.000000,0,14.576587,14.576587,0,0,0,0
lane_curve_bright_baseline_r01_s10001,3.040,-0.159200,-0.450000,0.000000,0,14.574356,14.574356,0,0,0,0
lane_curve_bright_baseline_r01_s10001,3.072,-0.156000,-0.450000,0.000000,0,14.572126,14.572126,0,0,0,0
lane_curve_bright_baseline_r01_s10001,3.104,-0.152800,-0.450000,0.000000,0,14.569896,14.569896,0,0,0,0
lane_curve_bright_baseline_r01_s10001,3.136,-0.149600,-0.450000,0.000000,0,14.567666,14.567666,0,0,0,0
lane_curve_bright_baseline_r01_s10001,3.168,-0.146400,-0.450000,0.000000,0,14.565436,14.565436,0,0,0,0
lane_curve_bright_baseline_r01_s10001,3.200,-0.143200,-0.450000,0.000000,0,14.563208,14.563208,0,0,0,0
lane_curve_bright_baseline_r01_s10001,3.232,-0.140000,-0.450000,0.000000,0,14.560979,14.560979,0,0,0,0
lane_curve_bright_baseline_r01_s10001,3.264,-0.136800,-0.450000,0.000000,0,14.558751,14.558751,0,0,0,0
lane_curve_bright_baseline_r01_s10001,3.296,-0.133600,-0.450000,0.000000,0,14.556523,14.556523,0,0,0,0
lane_curve_bright_baseline_r01_s10001,3.328,-0.130400,-0.450000,0.000000,0,14.554295,14.554295,0,0,0,0
lane_curve_bright_baseline_r01_s10001,3.360,-0.127200,-0.450000,0.000000,0,14.552068,14.552068,0,0,0,0
lane_curve_bright_baseline_r01_s10001,3.392,-0.124000,-0.450000,0.000000,0,14.549841,14.549841,0,0,0,0
lane_curve_bright_baseline_r01_s10001,3.424,-0.120800,-0.450000,0.000000,0,14.547615,14.547615,0,0,0,0
lane_curve_bright_baseline_r01_s10001,3.456,-0.117600,-0.450000,0.000000,0,14.545389,14.545389,0,0,0,0
lane_curve_bright_baseline_r01_s10001,3.488,-0.114400,-0.450000,0.000000,0,14.543163,14.543163,0,0,0,0
lane_curve_bright_baseline_r01_s10001,3.520,-0.111200,-0.450000,0.000000,0,14.540938,14.540938,0,0,0,0
lane_curve_bright_baseline_r01_s10001,3.552,-0.108000,-0.450000,0.000000,0,14.538713,14.538713,0,0,0,0
lane_curve_bright_baseline_r01_s10001,3.584,-0.104800,-0.450000,0.000000,0,14.536488,14.536488,0,0,0,0
lane_curve_bright_baseline_r01_s10001,3.616,-0.101600,-0.450000,0.000000,0,14.534264,14.534264,0,0,0,0
lane_curve_bright_baseline_r01_s10001,3.648,-0.098400,-0.450000,0.000000,0,14.532040,14.532040,0,0,0,0
lane_curve_bright_baseline_r01_s10001,3.680,-0.095200,-0.450000,0.000000,0,14.529817,14.529817,0,0,0,0
lane_curve_bright_baseline_r01_s10001,3.712,-0.092000,-0.450000,0.000000,0,14.527593,14.527593,0,0,0,0
lane_curve_bright_baseline_r01_s10001,3.744,-0.088800,-0.450000,0.000000,0,14.525371,14.525371,0,0,0,0
lane_curve_bright_baseline_r01_s10001,3.776,-0.085600,-0.450000,0.000000,0,14.523148,14.523148,0,0,0,0
lane_curve_bright_baseline_r01_s10001,3.808,-0.082400,-0.450000,0.000000,0,14.520926,14.520926,0,0,0,0
lane_curve_bright_baseline_r01_s10001,3.840,-0.079200,-0.450000,0.000000,0,14.518704,14.518704,0,0,0,0
lane_curve_bright_baseline_r01_s10001,3.872,-0.076000,-0.450000,0.000000,0,14.516483,14.516483,0,0,0,0
lane_curve_bright_baseline_r01_s10001,3.904,-0.072800,-0.450000,0.000000,0,14.514262,14.514262,0,0,0,0
lane_curve_bright_baseline_r01_s10001,3.936,-0.069600,-0.450000,0.000000,0,14.512042,14.512042,0,0,0,0
lane_curve_bright_baseline_r01_s10001,3.968,-0.066400,-0.450000,0.000000,0,14.509821,14.509821,0,0,0,0
lane_curve_bright_baseline_r01_s10001,4.000,-0.063200,-0.450000,0.000000,0,14.507602,14.507602,0,0,0,0
lane_curve_bright_baseline_r01_s10001,4.032,-0.060000,-0.450000,0.000000,0,14.505382,14.505382,0,0,0,0
lane_curve_bright_baseline_r01_s10001,4.064,-0.056800,-0.450000,0.000000,0,14.503163,14.503163,0,0,0,0
lane_curve_bright_baseline_r01_s10001,4.096,-0.053600,-0.450000,0.000000,0,14.500944,14.500944,0,0,0,0
lane_curve_bright_baseline_r01_s10001,4.128,-0.050400,-0.450000,0.000000,0,14.498726,14.498726,0,0,0,0
lane_curve_bright_baseline_r01_s10001,4.160,-0.047200,-0.450000,0.000000,0,14.496508,14.496508,0,0,0,0
lane_curve_bright_baseline_r01_s10001,4.192,-0.044000,-0.450000,0.000000,0,14.494290,14.494290,0,0,0,0
lane_curve_bright_baseline_r01_s10001,4.224,-0.040800,-0.450000,0.000000,0,14.492073,14.492073,0,0,0,0
lane_curve_bright_baseline_r01_s10001,4.256,-0.037600,-0.450000,0.000000,0,14.489856,14.489856,0,0,0,0
lane_curve_bright_baseline_r01_s10001,4.288,-0.034400,-0.450000,0.000000,0,14.487639,14.487639,0,0,0,0
lane_curve_bright_baseline_r01_s10001,4.320,-0.031200,-0.450000,0.000000,0,14.485423,14.485423,0,0,0,0
lane_curve_bright_baseline_r01_s10001,4.352,-0.028000,-0.450000,0.000000,0,14.483207,14.483207,0,0,0,0
lane_curve_bright_baseline_r01_s10001,4.384,-0.024800,-0.450000,0.000000,0,14.480992,14.480992,0,0,0,0
lane_curve_bright_baseline_r01_s10001,4.416,-0.021600,-0.450000,0.000000,0,14.478777,14.478777,0,0,0,0
lane_curve_bright_baseline_r01_s10001,4.448,-0.018400,-0.450000,0.000000,0,14.476562,14.476562,0,0,0,0
lane_curve_bright_baseline_r01_s10001,4.480,-0.015200,-0.450000,0.000000,0,14.474348,14.474348,0,0,0,0
lane_curve_bright_baseline_r01_s10001,4.512,-0.012000,-0.450000,0.000000,0,14.472134,14.472134,0,0,0,0
lane_curve_bright_baseline_r01_s10001,4.544,-0.008800,-0.450000,0.000000,0,14.469920,14.469920,0,0,0,0
lane_curve_bright_baseline_r01_s10001,4.576,-0.005600,-0.450000,0.000000,0,14.467707,14.467707,0,0,0,0
lane_curve_bright_baseline_r01_s10001,4.608,-0.002400,-0.450000,0.000000,0,14.465494,14.465494,0,0,0,0
lane_curve_bright_baseline_r01_s10001,4.640,0.000800,-0.450000,0.000000,0,14.463281,14.463281,0,0,0,0
lane_curve_bright_baseline_r01_s10001,4.672,0.004000,-0.450000,0.000000,0,14.461069,14.461069,0,0,0,0
lane_curve_bright_baseline_r01_s10001,4.704,0.007200,-0.450000,0.000000,0,14.458857,14.458857,0,0,0,0
lane_curve_bright_baseline_r01_s10001,4.736,0.010400,-0.450000,0.000000,0,14.456646,14.456646,0,0,0,0
lane_curve_bright_baseline_r01_s10001,4.768,0.013600,-0.450000,0.000000,0,14.454435,14.454435,0,0,0,0
lane_curve_bright_baseline_r01_s10001,4.800,0.016800,-0.450000,0.000000,0,14.452224,14.452224,0,0,0,0
lane_curve_bright_baseline_r01_s10001,4.832,0.020000,-0.450000,0.000000,0,14.450014,14.450014,0,0,0,0
lane_curve_bright_baseline_r01_s10001,4.864,0.023200,-0.450000,0.000000,0,14.447804,14.447804,0,0,0,0
lane_curve_bright_baseline_r01_s10001,4.896,0.026400,-0.450000,0.000000,0,14.445595,14.445595,0,0,0,0
lane_curve_bright_baseline_r01_s10001,4.928,0.029600,-0.450000,0.000000,0,14.443385,14.443385,0,0,0,0
lane_curve_bright_baseline_r01_s10001,4.960,0.032800,-0.450000,0.000000,0,14.441177,14.441177,0,0,0,0
lane_curve_bright_baseline_r01_s10001,4.992,0.036000,-0.450000,0.000000,0,14.438968,14.438968,0,0,0,0
lane_curve_bright_baseline_r01_s10001,5.024,0.039200,-0.450000,0.000000,0,14.436760,14.436760,0,0,0,0
lane_curve_bright_baseline_r01_s10001,5.056,0.042400,-0.450000,0.000000,0,14.434552,14.434552,0,0,0,0
lane_curve_bright_baseline_r01_s10001,5.088,0.045600,-0.450000,0.000000,0,14.432345,14.432345,0,0,0,0
lane_curve_bright_baseline_r01_s10001,5.120,0.048800,-0.450000,0.000000,0,14.430138,14.430138,0,0,0,0
lane_curve_bright_baseline_r01_s10001,5.152,0.052000,-0.450000,0.000000,0,14.427932,14.427932,0,0,0,0
lane_curve_bright_baseline_r01_s10001,5.184,0.055200,-0.450000,0.000000,0,14.425725,14.425725,0,0,0,0
lane_curve_bright_baseline_r01_s10001,5.216,0.058400,-0.450000,0.000000,0,14.423520,14.423520,0,0,0,0
lane_curve_bright_baseline_r01_s10001,5.248,0.061600,-0.450000,0.000000,0,14.421314,14.421314,0,0,0,0
lane_curve_bright_baseline_r01_s10001,5.280,0.064800,-0.450000,0.000000,0,14.419109,14.419109,0,0,0,0
lane_curve_bright_baseline_r01_s10001,5.312,0.068000,-0.450000,0.000000,0,14.416904,14.416904,0,0,0,0
lane_curve_bright_baseline_r01_s10001,5.344,0.071200,-0.450000,0.000000,0,14.414700,14.414700,0,0,0,0
lane_curve_bright_baseline_r01_s10001,5.376,0.074400,-0.450000,0.000000,0,14.412496,14.412496,0,0,0,0
lane_curve_bright_baseline_r01_s10001,5.408,0.077600,-0.450000,0.000000,0,14.410292,14.410292,0,0,0,0
lane_curve_bright_baseline_r01_s10001,5.440,0.080800,-0.450000,0.000000,0,14.408089,14.408089,0,0,0,0
lane_curve_bright_baseline_r01_s10001,5.472,0.084000,-0.450000,0.000000,0,14.405886,14.405886,0,0,0,0
lane_curve_bright_baseline_r01_s10001,5.504,0.087200,-0.450000,0.000000,0,14.403684,14.403684,0,0,0,0
lane_curve_bright_baseline_r01_s10001,5.536,0.090400,-0.450000,0.000000,0,14.401482,14.401482,0,0,0,0
lane_curve_bright_baseline_r01_s10001,5.568,0.093600,-0.450000,0.000000,0,14.399280,14.399280,0,0,0,0
lane_curve_bright_baseline_r01_s10001,5.600,0.096800,-0.450000,0.000000,0,14.397079,14.397079,0,0,0,0
lane_curve_bright_baseline_r01_s10001,5.632,0.100000,-0.450000,0.000000,0,14.394878,14.394878,0,0,0,0
lane_curve_bright_baseline_r01_s10001,5.664,0.103200,-0.450000,0.000000,0,14.392677,14.392677,0,0,0,0
lane_curve_bright_baseline_r01_s10001,5.696,0.106400,-0.450000,0.000000,0,14.390477,14.390477,0,0,0,0
lane_curve_bright_baseline_r01_s10001,5.728,0.109600,-0.450000,0.000000,0,14.388277,14.388277,0,0,0,0
lane_curve_bright_baseline_r01_s10001,5.760,0.112800,-0.450000,0.000000,0,14.386078,14.386078,0,0,0,0
lane_curve_bright_baseline_r01_s10001,5.792,0.116000,-0.450000,0.000000,0,14.383879,14.383879,0,0,0,0
lane_curve_bright_baseline_r01_s10001,5.824,0.119200,-0.450000,0.000000,0,14.381680,14.381680,0,0,0,0
lane_curve_bright_baseline_r01_s10001,5.856,0.122400,-0.450000,0.000000,0,14.379482,14.379482,0,0,0,0
lane_curve_bright_baseline_r01_s10001,5.888,0.125600,-0.450000,0.000000,0,14.377284,14.377284,0,0,0,0
lane_curve_bright_baseline_r01_s10001,5.920,0.128800,-0.450000,0.000000,0,14.375086,14.375086,0,0,0,0
lane_curve_bright_baseline_r01_s10001,5.952,0.132000,-0.450000,0.000000,0,14.372889,14.372889,0,0,0,0
lane_curve_bright_baseline_r01_s10001,5.984,0.135200,-0.450000,0.000000,0,14.370692,14.370692,0,0,0,0
lane_curve_bright_baseline_r01_s10001,6.016,0.138400,-0.450000,0.000000,0,14.368495,14.368495,0,0,0,0
lane_curve_bright_baseline_r01_s10001,6.048,0.141600,-0.450000,0.000000,0,14.366299,14.366299,0,0,0,0
lane_curve_bright_baseline_r01_s10001,6.080,0.144800,-0.450000,0.000000,0,14.364104,14.364104,0,0,0,0
lane_curve_bright_baseline_r01_s10001,6.112,0.148000,-0.450000,0.000000,0,14.361908,14.361908,0,0,0,0
lane_curve_bright_baseline_r01_s10001,6.144,0.151200,-0.450000,0.000000,0,14.359713,14.359713,0,0,0,0
lane_curve_bright_baseline_r01_s10001,6.176,0.154400,-0.450000,0.000000,0,14.357519,14.357519,0,0,0,0
lane_curve_bright_baseline_r01_s10001,6.208,0.157600,-0.450000,0.000000,0,14.355325,14.355325,0,0,0,0
lane_curve_bright_baseline_r01_s10001,6.240,0.160800,-0.450000,0.000000,0,14.353131,14.353131,0,0,0,0
lane_curve_bright_baseline_r01_s10001,6.272,0.164000,-0.450000,0.000000,0,14.350937,14.350937,0,0,0,0
lane_curve_bright_baseline_r01_s10001,6.304,0.167200,-0.450000,0.000000,0,14.348744,14.348744,0,0,0,0
lane_curve_bright_baseline_r01_s10001,6.336,0.170400,-0.450000,0.000000,0,14.346552,14.346552,0,0,0,0
lane_curve_bright_baseline_r01_s10001,6.368,0.173600,-0.450000,0.000000,0,14.344359,14.344359,0,0,0,0
lane_curve_bright_baseline_r01_s10001,6.400,0.176800,-0.450000,0.000000,0,14.342167,14.342167,0,0,0,0
lane_curve_bright_baseline_r01_s10001,6.432,0.180000,-0.450000,0.000000,0,14.339976,14.339976,0,0,0,0
lane_curve_bright_baseline_r01_s10001,6.464,0.183200,-0.450000,0.000000,0,14.337785,14.337785,0,0,0,0
lane_curve_bright_baseline_r01_s10001,6.496,0.186400,-0.450000,0.000000,0,14.335594,14.335594,0,0,0,0
lane_curve_bright_baseline_r01_s10001,6.528,0.189600,-0.450000,0.000000,0,14.333404,14.333404,0,0,0,0
lane_curve_bright_baseline_r01_s10001,6.560,0.192800,-0.450000,0.000000,0,14.331213,14.331213,0,0,0,0
lane_curve_bright_baseline_r01_s10001,6.592,0.196000,-0.450000,0.000000,0,14.329024,14.329024,0,0,0,0
lane_curve_bright_baseline_r01_s10001,6.624,0.199200,-0.450000,0.000000,0,14.326835,14.326835,0,0,0,0
lane_curve_bright_baseline_r01_s10001,6.656,0.202400,-0.450000,0.000000,0,14.324646,14.324646,0,0,0,0
lane_curve_bright_baseline_r01_s10001,6.688,0.205600,-0.450000,0.000000,0,14.322457,14.322457,0,0,0,0
lane_curve_bright_baseline_r01_s10001,6.720,0.208800,-0.450000,0.000000,0,14.320269,14.320269,0,0,0,0
lane_curve_bright_baseline_r01_s10001,6.752,0.212000,-0.450000,0.000000,0,14.318081,14.318081,0,0,0,0
lane_curve_bright_baseline_r01_s10001,6.784,0.215200,-0.450000,0.000000,0,14.315894,14.315894,0,0,0,0
lane_curve_bright_baseline_r01_s10001,6.816,0.218400,-0.450000,0.000000,0,14.313707,14.313707,0,0,0,0
lane_curve_bright_baseline_r01_s10001,6.848,0.221600,-0.450000,0.000000,0,14.311520,14.311520,0,0,0,0
lane_curve_bright_baseline_r01_s10001,6.880,0.224800,-0.450000,0.000000,0,14.309334,14.309334,0,0,0,0
lane_curve_bright_baseline_r01_s10001,6.912,0.228000,-0.450000,0.000000,0,14.307148,14.307148,0,0,0,0
lane_curve_bright_baseline_r01_s10001,6.944,0.231200,-0.450000,0.000000,0,14.304963,14.304963,0,0,0,0
lane_curve_bright_baseline_r01_s10001,6.976,0.234400,-0.450000,0.000000,0,14.302778,14.302778,0,0,0,0
lane_curve_bright_baseline_r01_s10001,7.008,0.237600,-0.450000,0.000000,0,14.300593,14.300593,0,0,0,0
lane_curve_bright_baseline_r01_s10001,7.040,0.240800,-0.450000,0.000000,0,14.298409,14.298409,0,0,0,0
lane_curve_bright_baseline_r01_s10001,7.072,0.244000,-0.450000,0.000000,0,14.296225,14.296225,0,0,0,0
lane_curve_bright_baseline_r01_s10001,7.104,0.247200,-0.450000,0.000000,0,14.294041,14.294041,0,0,0,0
lane_curve_bright_baseline_r01_s10001,7.136,0.250400,-0.450000,0.000000,0,14.291858,14.291858,0,0,0,0
lane_curve_bright_baseline_r01_s10001,7.168,0.253600,-0.450000,0.000000,0,14.289675,14.289675,0,0,0,0
lane_curve_bright_baseline_r01_s10001,7.200,0.256800,-0.450000,0.000000,0,14.287493,14.287493,0,0,0,0
lane_curve_bright_baseline_r01_s10001,7.232,0.260000,-0.450000,0.000000,0,14.285311,14.285311,0,0,0,0
lane_curve_bright_baseline_r01_s10001,7.264,0.263200,-0.450000,0.000000,0,14.283129,14.283129,0,0,0,0
lane_curve_bright_baseline_r01_s10001,7.296,0.266400,-0.450000,0.000000,0,14.280948,14.280948,0,0,0,0
lane_curve_bright_baseline_r01_s10001,7.328,0.269600,-0.450000,0.000000,0,14.278767,14.278767,0,0,0,0
lane_curve_bright_baseline_r01_s10001,7.360,0.272800,-0.450000,0.000000,0,14.276587,14.276587,0,0,0,0
lane_curve_bright_baseline_r01_s10001,7.392,0.276000,-0.450000,0.000000,0,14.274407,14.274407,0,0,0,0
lane_curve_bright_baseline_r01_s10001,7.424,0.279200,-0.450000,0.000000,0,14.272227,14.272227,0,0,0,0
lane_curve_bright_baseline_r01_s10001,7.456,0.282400,-0.450000,0.000000,0,14.270048,14.270048,0,0,0,0
lane_curve_bright_baseline_r01_s10001,7.488,0.285600,-0.450000,0.000000,0,14.267869,14.267869,0,0,0,0
lane_curve_bright_baseline_r01_s10001,7.520,0.288800,-0.450000,0.000000,0,14.265690,14.265690,0,0,0,0
lane_curve_bright_baseline_r01_s10001,7.552,0.292000,-0.450000,0.000000,0,14.263512,14.263512,0,0,0,0
lane_curve_bright_baseline_r01_s10001,7.584,0.295200,-0.450000,0.000000,0,14.261334,14.261334,0,0,0,0
lane_curve_bright_baseline_r01_s10001,7.616,0.298400,-0.450000,0.000000,0,14.259157,14.259157,0,0,0,0
lane_curve_bright_baseline_r01_s10001,7.648,0.301600,-0.450000,0.000000,0,14.256980,14.256980,0,0,0,0
lane_curve_bright_baseline_r01_s10001,7.680,0.304800,-0.450000,0.000000,0,14.254803,14.254803,0,0,0,0
lane_curve_bright_baseline_r01_s10001,7.712,0.308000,-0.450000,0.000000,0,14.252627,14.252627,0,0,0,0
lane_curve_bright_baseline_r01_s10001,7.744,0.311200,-0.450000,0.000000,0,14.250451,14.250451,0,0,0,0
lane_curve_bright_baseline_r01_s10001,7.776,0.314400,-0.450000,0.000000,0,14.248276,14.248276,0,0,0,0
lane_curve_bright_baseline_r01_s10001,7.808,0.317600,-0.450000,0.000000,0,14.246100,14.246100,0,0,0,0
lane_curve_bright_baseline_r01_s10001,7.840,0.320800,-0.450000,0.000000,0,14.243926,14.243926,0,0,0,0
lane_curve_bright_baseline_r01_s10001,7.872,0.324000,-0.450000,0.000000,0,14.241751,14.241751,0,0,0,0
lane_curve_bright_baseline_r01_s10001,7.904,0.327200,-0.450000,0.000000,0,14.239578,14.239578,0,0,0,0
lane_curve_bright_baseline_r01_s10001,7.936,0.330400,-0.450000,0.000000,0,14.237404,14.237404,0,0,0,0
lane_curve_bright_baseline_r01_s10001,7.968,0.333600,-0.450000,0.000000,0,14.235231,14.235231,0,0,0,0
lane_curve_bright_baseline_r01_s10001,8.000,0.336800,-0.450000,0.000000,0,14.233058,14.233058,0,0,0,0
lane_curve_bright_baseline_r01_s10001,8.032,0.340000,-0.450000,0.000000,0,14.230886,14.230886,0,0,0,0
lane_curve_bright_baseline_r01_s10001,8.064,0.343200,-0.450000,0.000000,0,14.228714,14.228714,0,0,0,0
lane_curve_bright_baseline_r01_s10001,8.096,0.346400,-0.450000,0.000000,0,14.226542,14.226542,0,0,0,0
lane_curve_bright_baseline_r01_s10001,8.128,0.349600,-0.450000,0.000000,0,14.224371,14.224371,0,0,0,0
lane_curve_bright_baseline_r01_s10001,8.160,0.352800,-0.450000,0.000000,0,14.222200,14.222200,0,0,0,0
lane_curve_bright_baseline_r01_s10001,8.192,0.356000,-0.450000,0.000000,0,14.220030,14.220030,0,0,0,0
lane_curve_bright_baseline_r01_s10001,8.224,0.359200,-0.450000,0.000000,0,14.217860,14.217860,0,0,0,0
lane_curve_bright_baseline_r01_s10001,8.256,0.362400,-0.450000,0.000000,0,14.215690,14.215690,0,0,0,0
lane_curve_bright_baseline_r01_s10001,8.288,0.365600,-0.450000,0.000000,0,14.213521,14.213521,0,0,0,0
lane_curve_bright_baseline_r01_s10001,8.320,0.368800,-0.450000,0.000000,0,14.211352,14.211352,0,0,0,0
lane_curve_bright_baseline_r01_s10001,8.352,0.372000,-0.450000,0.000000,0,14.209183,14.209183,0,0,0,0
lane_curve_bright_baseline_r01_s10001,8.384,0.375200,-0.450000,0.000000,0,14.207015,14.207015,0,0,0,0
lane_curve_bright_baseline_r01_s10001,8.416,0.378400,-0.450000,0.000000,0,14.204848,14.204848,0,0,0,0
lane_curve_bright_baseline_r01_s10001,8.448,0.381600,-0.450000,0.000000,0,14.202680,14.202680,0,0,0,0
lane_curve_bright_baseline_r01_s10001,8.480,0.384800,-0.450000,0.000000,0,14.200513,14.200513,0,0,0,0
lane_curve_bright_baseline_r01_s10001,8.512,0.388000,-0.450000,0.000000,0,14.198347,14.198347,0,0,0,0
lane_curve_bright_baseline_r01_s10001,8.544,0.391200,-0.450000,0.000000,0,14.196181,14.196181,0,0,0,0
lane_curve_bright_baseline_r01_s10001,8.576,0.394400,-0.450000,0.000000,0,14.194015,14.194015,0,0,0,0
lane_curve_bright_baseline_r01_s10001,8.608,0.397600,-0.450000,0.000000,0,14.191850,14.191850,0,0,0,0
lane_curve_bright_baseline_r01_s10001,8.640,0.400800,-0.450000,0.000000,0,14.189685,14.189685,0,0,0,0
lane_curve_bright_baseline_r01_s10001,8.672,0.404000,-0.450000,0.000000,0,14.187520,14.187520,0,0,0,0
lane_curve_bright_baseline_r01_s10001,8.704,0.407200,-0.450000,0.000000,0,14.185356,14.185356,0,0,0,0
lane_curve_bright_baseline_r01_s10001,8.736,0.410400,-0.450000,0.000000,0,14.183192,14.183192,0,0,0,0
lane_curve_bright_baseline_r01_s10001,8.768,0.413600,-0.450000,0.000000,0,14.181029,14.181029,0,0,0,0
lane_curve_bright_baseline_r01_s10001,8.800,0.416800,-0.450000,0.000000,0,14.178866,14.178866,0,0,0,0
lane_curve_bright_baseline_r01_s10001,8.832,0.420000,-0.450000,0.000000,0,14.176703,14.176703,0,0,0,0
lane_curve_bright_baseline_r01_s10001,8.864,0.423200,-0.450000,0.000000,0,14.174541,14.174541,0,0,0,0
lane_curve_bright_baseline_r01_s10001,8.896,0.426400,-0.450000,0.000000,0,14.172379,14.172379,0,0,0,0
lane_curve_bright_baseline_r01_s10001,8.928,0.429600,-0.450000,0.000000,0,14.170218,14.170218,0,0,0,0
lane_curve_bright_baseline_r01_s10001,8.960,0.432800,-0.450000,0.000000,0,14.168057,14.168057,0,0,0,0
lane_curve_bright_baseline_r01_s10001,8.992,0.436000,-0.450000,0.000000,0,14.165896,14.165896,0,0,0,0
lane_curve_bright_baseline_r01_s10001,9.024,0.439200,-0.450000,0.000000,0,14.163736,14.163736,0,0,0,0
lane_curve_bright_baseline_r01_s10001,9.056,0.442400,-0.450000,0.000000,0,14.161576,14.161576,0,0,0,0
lane_curve_bright_baseline_r01_s10001,9.088,0.445600,-0.450000,0.000000,0,14.159416,14.159416,0,0,0,0
lane_curve_bright_baseline_r01_s10001,9.120,0.448800,-0.450000,0.000000,0,14.157257,14.157257,0,0,0,0
lane_curve_bright_baseline_r01_s10001,9.152,0.452000,-0.450000,0.000000,0,14.155098,14.155098,0,0,0,0
lane_curve_bright_baseline_r01_s10001,9.184,0.455200,-0.450000,0.000000,0,14.152940,14.152940,0,0,0,0
lane_curve_bright_baseline_r01_s10001,9.216,0.458400,-0.450000,0.000000,0,14.150782,14.150782,0,0,0,0
lane_curve_bright_baseline_r01_s10001,9.248,0.461600,-0.450000,0.000000,0,14.148625,14.148625,0,0,0,0
lane_curve_bright_baseline_r01_s10001,9.280,0.464800,-0.450000,0.000000,0,14.146468,14.146468,0,0,0,0
lane_curve_bright_baseline_r01_s10001,9.312,0.468000,-0.450000,0.000000,0,14.144311,14.144311,0,0,0,0
lane_curve_bright_baseline_r01_s10001,9.344,0.471200,-0.450000,0.000000,0,14.142155,14.142155,0,0,0,0
lane_curve_bright_baseline_r01_s10001,9.376,0.474400,-0.450000,0.000000,0,14.139999,14.139999,0,0,0,0
lane_curve_bright_baseline_r01_s10001,9.408,0.477600,-0.450000,0.000000,0,14.137843,14.137843,0,0,0,0
lane_curve_bright_baseline_r01_s10001,9.440,0.480800,-0.450000,0.000000,0,14.135688,14.135688,0,0,0,0
lane_curve_bright_baseline_r01_s10001,9.472,0.484000,-0.450000,0.000000,0,14.133533,14.133533,0,0,0,0
lane_curve_bright_baseline_r01_s10001,9.504,0.487200,-0.450000,0.000000,0,14.131379,14.131379,0,0,0,0
lane_curve_bright_baseline_r01_s10001,9.536,0.490400,-0.450000,0.000000,0,14.129225,14.129225,0,0,0,0
lane_curve_bright_baseline_r01_s10001,9.568,0.493600,-0.450000,0.000000,0,14.127072,14.127072,0,0,0,0
lane_curve_bright_baseline_r01_s10001,9.600,0.496800,-0.450000,0.000000,0,14.124918,14.124918,0,0,0,0
lane_curve_bright_baseline_r01_s10001,9.632,0.500000,-0.450000,0.000000,0,14.122766,14.122766,0,0,0,0
lane_curve_bright_baseline_r01_s10001,9.664,0.503200,-0.450000,0.000000,0,14.120613,14.120613,0,0,0,0
lane_curve_bright_baseline_r01_s10001,9.696,0.506400,-0.450000,0.000000,0,14.118461,14.118461,0,0,0,0
lane_curve_bright_baseline_r01_s10001,9.728,0.509600,-0.450000,0.000000,0,14.116310,14.116310,0,0,0,0
lane_curve_bright_baseline_r01_s10001,9.760,0.512800,-0.450000,0.000000,0,14.114159,14.114159,0,0,0,0
lane_curve_bright_baseline_r01_s10001,9.792,0.516000,-0.450000,0.000000,0,14.112008,14.112008,0,0,0,0
lane_curve_bright_baseline_r01_s10001,9.824,0.519200,-0.450000,0.000000,0,14.109857,14.109857,0,0,0,0
lane_curve_bright_baseline_r01_s10001,9.856,0.522400,-0.450000,0.000000,0,14.107708,14.107708,0,0,0,0
lane_curve_bright_baseline_r01_s10001,9.888,0.525600,-0.450000,0.000000,0,14.105558,14.105558,0,0,0,0
lane_curve_bright_baseline_r01_s10001,9.920,0.528800,-0.450000,0.000000,0,14.103409,14.103409,0,0,0,0
lane_curve_bright_baseline_r01_s10001,9.952,0.532000,-0.450000,0.000000,0,14.101260,14.101260,0,0,0,0
lane_curve_bright_baseline_r01_s10001,9.984,0.535200,-0.450000,0.000000,0,14.099112,14.099112,0,0,0,0
lane_curve_bright_baseline_r01_s10001,10.016,0.538400,-0.450000,0.000000,0,14.096964,14.096964,0,0,0,0
lane_curve_bright_baseline_r01_s10001,10.048,0.541600,-0.450000,0.000000,0,14.094816,14.094816,0,0,0,0
lane_curve_bright_baseline_r01_s10001,10.080,0.544800,-0.450000,0.000000,0,14.092669,14.092669,0,0,0,0
lane_curve_bright_baseline_r01_s10001,10.112,0.548000,-0.450000,0.000000,0,14.090522,14.090522,0,0,0,0
lane_curve_bright_baseline_r01_s10001,10.144,0.551200,-0.450000,0.000000,0,14.088376,14.088376,0,0,0,0
lane_curve_bright_baseline_r01_s10001,10.176,0.554400,-0.450000,0.000000,0,14.086230,14.086230,0,0,0,0
lane_curve_bright_baseline_r01_s10001,10.208,0.557600,-0.450000,0.000000,0,14.084084,14.084084,0,0,0,0
lane_curve_bright_baseline_r01_s10001,10.240,0.560800,-0.450000,0.000000,0,14.081939,14.081939,0,0,0,0
lane_curve_bright_baseline_r01_s10001,10.272,0.564000,-0.450000,0.000000,0,14.079794,14.079794,0,0,0,0
lane_curve_bright_baseline_r01_s10001,10.304,0.567200,-0.450000,0.000000,0,14.077650,14.077650,0,0,0,0
lane_curve_bright_baseline_r01_s10001,10.336,0.570400,-0.450000,0.000000,0,14.075506,14.075506,0,0,0,0
lane_curve_bright_baseline_r01_s10001,10.368,0.573600,-0.450000,0.000000,0,14.073362,14.073362,0,0,0,0
lane_curve_bright_baseline_r01_s10001,10.400,0.576800,-0.450000,0.000000,0,14.071219,14.071219,0,0,0,0
lane_curve_bright_baseline_r01_s10001,10.432,0.580000,-0.450000,0.000000,0,14.069076,14.069076,0,0,0,0
lane_curve_bright_baseline_r01_s10001,10.464,0.583200,-0.450000,0.000000,0,14.066934,14.066934,0,0,0,0
lane_curve_bright_baseline_r01_s10001,10.496,0.586400,-0.450000,0.000000,0,14.064792,14.064792,0,0,0,0
lane_curve_bright_baseline_r01_s10001,10.528,0.589600,-0.450000,0.000000,0,14.062650,14.062650,0,0,0,0
lane_curve_bright_baseline_r01_s10001,10.560,0.592800,-0.450000,0.000000,0,14.060509,14.060509,0,0,0,0
lane_curve_bright_baseline_r01_s10001,10.592,0.596000,-0.450000,0.000000,0,14.058369,14.058369,0,0,0,0
lane_curve_bright_baseline_r01_s10001,10.624,0.599200,-0.450000,0.000000,0,14.056228,14.056228,0,0,0,0
lane_curve_bright_baseline_r01_s10001,10.656,0.602400,-0.450000,0.000000,0,14.054088,14.054088,0,0,0,0
lane_curve_bright_baseline_r01_s10001,10.688,0.605600,-0.450000,0.000000,0,14.051949,14.051949,0,0,0,0
lane_curve_bright_baseline_r01_s10001,10.720,0.608800,-0.450000,0.000000,0,14.049810,14.049810,0,0,0,0
lane_curve_bright_baseline_r01_s10001,10.752,0.612000,-0.450000,0.000000,0,14.047671,14.047671,0,0,0,0
lane_curve_bright_baseline_r01_s10001,10.784,0.615200,-0.450000,0.000000,0,14.045532,14.045532,0,0,0,0
lane_curve_bright_baseline_r01_s10001,10.816,0.618400,-0.450000,0.000000,0,14.043394,14.043394,0,0,0,0
lane_curve_bright_baseline_r01_s10001,10.848,0.621600,-0.450000,0.000000,0,14.041257,14.041257,0,0,0,0
lane_curve_bright_baseline_r01_s10001,10.880,0.624800,-0.450000,0.000000,0,14.039120,14.039120,0,0,0,0
lane_curve_bright_baseline_r01_s10001,10.912,0.628000,-0.450000,0.000000,0,14.036983,14.036983,0,0,0,0
lane_curve_bright_baseline_r01_s10001,10.944,0.631200,-0.450000,0.000000,0,14.034847,14.034847,0,0,0,0
lane_curve_bright_baseline_r01_s10001,10.976,0.634400,-0.450000,0.000000,0,14.032711,14.032711,0,0,0,0
lane_curve_bright_baseline_r01_s10001,11.008,0.637600,-0.450000,0.000000,0,14.030575,14.030575,0,0,0,0
lane_curve_bright_baseline_r01_s10001,11.040,0.640800,-0.450000,0.000000,0,14.028440,14.028440,0,0,0,0
lane_curve_bright_baseline_r01_s10001,11.072,0.644000,-0.450000,0.000000,0,14.026306,14.026306,0,0,0,0
lane_curve_bright_baseline_r01_s10001,11.104,0.647200,-0.450000,0.000000,0,14.024171,14.024171,0,0,0,0
lane_curve_bright_baseline_r01_s10001,11.136,0.650400,-0.450000,0.000000,0,14.022037,14.022037,0,0,0,0
lane_curve_bright_baseline_r01_s10001,11.168,0.653600,-0.450000,0.000000,0,14.019904,14.019904,0,0,0,0
lane_curve_bright_baseline_r01_s10001,11.200,0.656800,-0.450000,0.000000,0,14.017771,14.017771,0,0,0,0
lane_curve_bright_baseline_r01_s10001,11.232,0.660000,-0.450000,0.000000,0,14.015638,14.015638,0,0,0,0
lane_curve_bright_baseline_r01_s10001,11.264,0.663200,-0.450000,0.000000,0,14.013506,14.013506,0,0,0,0
lane_curve_bright_baseline_r01_s10001,11.296,0.666400,-0.450000,0.000000,0,14.011374,14.011374,0,0,0,0
lane_curve_bright_baseline_r01_s10001,11.328,0.669600,-0.450000,0.000000,0,14.009242,14.009242,0,0,0,0
lane_curve_bright_baseline_r01_s10001,11.360,0.672800,-0.450000,0.000000,0,14.007111,14.007111,0,0,0,0
lane_curve_bright_baseline_r01_s10001,11.392,0.676000,-0.450000,0.000000,0,14.004981,14.004981,0,0,0,0
lane_curve_bright_baseline_r01_s10001,11.424,0.679200,-0.450000,0.000000,0,14.002851,14.002851,0,0,0,0
lane_curve_bright_baseline_r01_s10001,11.456,0.682400,-0.450000,0.000000,0,14.000721,14.000721,0,0,0,0
lane_curve_bright_baseline_r01_s10001,11.488,0.685600,-0.450000,0.000000,0,13.998591,13.998591,0,0,0,0
lane_curve_bright_baseline_r01_s10001,11.520,0.688800,-0.450000,0.000000,0,13.996462,13.996462,0,0,0,0
lane_curve_bright_baseline_r01_s10001,11.552,0.692000,-0.450000,0.000000,0,13.994334,13.994334,0,0,0,0
lane_curve_bright_baseline_r01_s10001,11.584,0.695200,-0.450000,0.000000,0,13.992205,13.992205,0,0,0,0
lane_curve_bright_baseline_r01_s10001,11.616,0.698400,-0.450000,0.000000,0,13.990078,13.990078,0,0,0,0
lane_curve_bright_baseline_r01_s10001,11.648,0.701600,-0.450000,0.000000,0,13.987950,13.987950,0,0,0,0
lane_curve_bright_baseline_r01_s10001,11.680,0.704800,-0.450000,0.000000,0,13.985823,13.985823,0,0,0,0
lane_curve_bright_baseline_r01_s10001,11.712,0.708000,-0.450000,0.000000,0,13.983697,13.983697,0,0,0,0
lane_curve_bright_baseline_r01_s10001,11.744,0.711200,-0.450000,0.000000,0,13.981571,13.981571,0,0,0,0
lane_curve_bright_baseline_r01_s10001,11.776,0.714400,-0.450000,0.000000,0,13.979445,13.979445,0,0,0,0
lane_curve_bright_baseline_r01_s10001,11.808,0.717600,-0.450000,0.000000,0,13.977319,13.977319,0,0,0,0
lane_curve_bright_baseline_r01_s10001,11.840,0.720800,-0.450000,0.000000,0,13.975195,13.975195,0,0,0,0
lane_curve_bright_baseline_r01_s10001,11.872,0.724000,-0.450000,0.000000,0,13.973070,13.973070,0,0,0,0
lane_curve_bright_baseline_r01_s10001,11.904,0.727200,-0.450000,0.000000,0,13.970946,13.970946,0,0,0,0
lane_curve_bright_baseline_r01_s10001,11.936,0.730400,-0.450000,0.000000,0,13.968822,13.968822,0,0,0,0
lane_curve_bright_baseline_r01_s10001,11.968,0.733600,-0.450000,0.000000,0,13.966699,13.966699,0,0,0,0
lane_curve_bright_baseline_r01_s10001,12.000,0.736800,-0.450000,0.000000,0,13.964576,13.964576,0,0,0,0
lane_curve_bright_baseline_r01_s10001,12.032,0.740000,-0.450000,0.000000,0,13.962454,13.962454,0,0,0,0
lane_curve_bright_baseline_r01_s10001,12.064,0.743200,-0.450000,0.000000,0,13.960332,13.960332,0,0,0,0
lane_curve_bright_baseline_r01_s10001,12.096,0.746400,-0.450000,0.000000,0,13.958210,13.958210,0,0,0,0
lane_curve_bright_baseline_r01_s10001,12.128,0.749600,-0.450000,0.000000,0,13.956089,13.956089,0,0,0,0
lane_curve_bright_baseline_r01_s10001,12.160,0.752800,-0.450000,0.000009,0,13.953968,13.953968,0,0,0,0
lane_curve_bright_baseline_r01_s10001,12.192,0.756000,-0.450000,0.000040,0,13.951847,13.951847,0,0,0,0
lane_curve_bright_baseline_r01_s10001,12.224,0.759200,-0.450000,0.000094,0,13.949727,13.949727,0,0,0,0
lane_curve_bright_baseline_r01_s10001,12.256,0.762400,-0.450000,0.000171,0,13.947608,13.947608,0,0,0,0
lane_curve_bright_baseline_r01_s10001,12.288,0.765600,-0.450000,0.000270,0,13.945489,13.945489,0,0,0,0
lane_curve_bright_baseline_r01_s10001,12.320,0.768800,-0.450000,0.000393,0,13.943370,13.943370,0,0,0,0
lane_curve_bright_baseline_r01_s10001,12.352,0.772000,-0.450000,0.000538,0,13.941252,13.941252,0,0,0,0
lane_curve_bright_baseline_r01_s10001,12.384,0.775200,-0.450000,0.000705,0,13.939134,13.939134,0,0,0,0
lane_curve_bright_baseline_r01_s10001,12.416,0.778400,-0.450000,0.000895,0,13.937016,13.937016,0,0,0,0
lane_curve_bright_baseline_r01_s10001,12.448,0.781600,-0.450000,0.001108,0,13.934899,13.934899,0,0,0,0
lane_curve_bright_baseline_r01_s10001,12.480,0.784800,-0.450000,0.001344,0,13.932782,13.932782,0,0,0,0
lane_curve_bright_baseline_r01_s10001,12.512,0.788000,-0.450000,0.001602,0,13.930666,13.930666,0,0,0,0
lane_curve_bright_baseline_r01_s10001,12.544,0.791200,-0.450000,0.001882,0,13.928550,13.928550,0,0,0,0
lane_curve_bright_baseline_r01_s10001,12.576,0.794400,-0.450000,0.002185,0,13.926435,13.926435,0,0,0,0
lane_curve_bright_baseline_r01_s10001,12.608,0.797600,-0.450000,0.002511,0,13.924320,13.924320,0,0,0,0
lane_curve_bright_baseline_r01_s10001,12.640,0.800800,-0.450000,0.002858,0,13.922205,13.922205,0,0,0,0
lane_curve_bright_baseline_r01_s10001,12.672,0.804000,-0.450000,0.003229,0,13.920091,13.920091,0,0,0,0
lane_curve_bright_baseline_r01_s10001,12.704,0.807200,-0.450000,0.003621,0,13.917977,13.917977,0,0,0,0
lane_curve_bright_baseline_r01_s10001,12.736,0.810400,-0.450000,0.004035,0,13.915864,13.915864,0,0,0,0
lane_curve_bright_baseline_r01_s10001,12.768,0.813600,-0.450000,0.004472,0,13.913751,13.913751,0,0,0,0
lane_curve_bright_baseline_r01_s10001,12.800,0.816800,-0.450000,0.004931,0,13.911638,13.911638,0,0,0,0
lane_curve_bright_baseline_r01_s10001,12.832,0.820000,-0.450000,0.005412,0,13.909526,13.909526,0,0,0,0
lane_curve_bright_baseline_r01_s10001,12.864,0.823200,-0.450000,0.005915,0,13.907414,13.907414,0,0,0,0
lane_curve_bright_baseline_r01_s10001,12.896,0.826400,-0.450000,0.006440,0,13.905303,13.905303,0,0,0,0
lane_curve_bright_baseline_r01_s10001,12.928,0.829600,-0.450000,0.006986,0,13.903192,13.903192,0,0,0,0
lane_curve_bright_baseline_r01_s10001,12.960,0.832800,-0.450000,0.007554,0,13.901081,13.901081,0,0,0,0
lane_curve_bright_baseline_r01_s10001,12.992,0.836000,-0.450000,0.008144,0,13.898971,13.898971,0,0,0,0
lane_curve_bright_baseline_r01_s10001,13.024,0.839200,-0.450000,0.008756,0,13.896862,13.896862,0,0,0,0
lane_curve_bright_baseline_r01_s10001,13.056,0.842400,-0.450000,0.009389,0,13.894753,13.894753,0,0,0,0
lane_curve_bright_baseline_r01_s10001,13.088,0.845600,-0.450000,0.010043,0,13.892644,13.892644,0,0,0,0
lane_curve_bright_baseline_r01_s10001,13.120,0.848800,-0.450000,0.010718,0,13.890535,13.890535,0,0,0,0
lane_curve_bright_baseline_r01_s10001,13.152,0.852000,-0.450000,0.011415,0,13.888427,13.888427,0,0,0,0
lane_curve_bright_baseline_r01_s10001,13.184,0.855200,-0.450000,0.012133,0,13.886320,13.886320,0,0,0,0
lane_curve_bright_baseline_r01_s10001,13.216,0.858400,-0.450000,0.012872,0,13.884213,13.884213,0,0,0,0
lane_curve_bright_baseline_r01_s10001,13.248,0.861600,-0.450000,0.013632,0,13.882106,13.882106,0,0,0,0
lane_curve_bright_baseline_r01_s10001,13.280,0.864800,-0.450000,0.014413,0,13.880000,13.880000,0,0,0,0
lane_curve_bright_baseline_r01_s10001,13.312,0.868000,-0.450000,0.015214,0,13.877894,13.877894,0,0,0,0
lane_curve_bright_baseline_r01_s10001,13.344,0.871200,-0.450000,0.016036,0,13.875788,13.875788,0,0,0,0
lane_curve_bright_baseline_r01_s10001,13.376,0.874400,-0.450000,0.016878,0,13.873683,13.873683,0,0,0,0
lane_curve_bright_baseline_r01_s10001,13.408,0.877600,-0.450000,0.017741,0,13.871579,13.871579,0,0,0,0
lane_curve_bright_baseline_r01_s10001,13.440,0.880800,-0.450000,0.018624,0,13.869474,13.869474,0,0,0,0
lane_curve_bright_baseline_r01_s10001,13.472,0.884000,-0.450000,0.019527,0,13.867371,13.867371,0,0,0,0
lane_curve_bright_baseline_r01_s10001,13.504,0.887200,-0.450000,0.020451,0,13.865267,13.865267,0,0,0,0
lane_curve_bright_baseline_r01_s10001,13.536,0.890400,-0.450000,0.021394,0,13.863164,13.863164,0,0,0,0
lane_curve_bright_baseline_r01_s10001,13.568,0.893600,-0.450000,0.022357,0,13.861062,13.861062,0,0,0,0
lane_curve_bright_baseline_r01_s10001,13.600,0.896800,-0.450000,0.023339,0,13.858960,13.858960,0,0,0,0
lane_curve_bright_baseline_r01_s10001,13.632,0.900000,-0.450000,0.024342,0,13.856858,13.856858,0,0,0,0
lane_curve_bright_baseline_r01_s10001,13.664,0.903200,-0.450000,0.025363,0,13.854757,13.854757,0,0,0,0
lane_curve_bright_baseline_r01_s10001,13.696,0.906400,-0.450000,0.026404,0,13.852656,13.852656,0,0,0,0
lane_curve_bright_baseline_r01_s10001,13.728,0.909600,-0.450000,0.027464,0,13.850555,13.850555,0,0,0,0
lane_curve_bright_baseline_r01_s10001,13.760,0.912800,-0.450000,0.028543,0,13.848455,13.848455,0,0,0,0
lane_curve_bright_baseline_r01_s10001,13.792,0.916000,-0.450000,0.029642,0,13.846356,13.846356,0,0,0,0
lane_curve_bright_baseline_r01_s10001,13.824,0.919200,-0.450000,0.030758,0,13.844257,13.844257,0,0,0,0
lane_curve_bright_baseline_r01_s10001,13.856,0.922400,-0.450000,0.031894,0,13.842158,13.842158,0,0,0,0
lane_curve_bright_baseline_r01_s10001,13.888,0.925600,-0.450000,0.033048,0,13.840059,13.840059,0,0,0,0
lane_curve_bright_baseline_r01_s10001,13.920,0.928800,-0.450000,0.034220,0,13.837962,13.837962,0,0,0,0
lane_curve_bright_baseline_r01_s10001,13.952,0.932000,-0.450000,0.035411,0,13.835864,13.835864,0,0,0,0
lane_curve_bright_baseline_r01_s10001,13.984,0.935200,-0.450000,0.036620,0,13.833767,13.833767,0,0,0,0
lane_curve_bright_baseline_r01_s10001,14.016,0.938400,-0.450000,0.037847,0,13.831670,13.831670,0,0,0,0
lane_curve_bright_baseline_r01_s10001,14.048,0.941600,-0.450000,0.039092,0,13.829574,13.829574,0,0,0,0
lane_curve_bright_baseline_r01_s10001,14.080,0.944800,-0.450000,0.040354,0,13.827478,13.827478,0,0,0,0
lane_curve_bright_baseline_r01_s10001,14.112,0.948000,-0.450000,0.041634,0,13.825383,13.825383,0,0,0,0
lane_curve_bright_baseline_r01_s10001,14.144,0.951200,-0.450000,0.042931,0,13.823288,13.823288,0,0,0,0
lane_curve_bright_baseline_r01_s10001,14.176,0.954400,-0.450000,0.044246,0,13.821194,13.821194,0,0,0,0
lane_curve_bright_baseline_r01_s10001,14.208,0.957600,-0.450000,0.045578,0,13.819099,13.819099,0,0,0,0
lane_curve_bright_baseline_r01_s10001,14.240,0.960800,-0.450000,0.046927,0,13.817006,13.817006,0,0,0,0
lane_curve_bright_baseline_r01_s10001,14.272,0.964000,-0.450000,0.048293,0,13.814912,13.814912,0,0,0,0
lane_curve_bright_baseline_r01_s10001,14.304,0.967200,-0.450000,0.049676,0,13.812820,13.812820,0,0,0,0
lane_curve_bright_baseline_r01_s10001,14.336,0.970400,-0.450000,0.051075,0,13.810727,13.810727,0,0,0,0
lane_curve_bright_baseline_r01_s10001,14.368,0.973600,-0.450000,0.052491,0,13.808635,13.808635,0,0,0,0
lane_curve_bright_baseline_r01_s10001,14.400,0.976800,-0.450000,0.053923,0,13.806544,13.806544,0,0,0,0
lane_curve_bright_baseline_r01_s10001,14.432,0.980000,-0.450000,0.055371,0,13.804453,13.804453,0,0,0,0
lane_curve_bright_baseline_r01_s10001,14.464,0.983200,-0.450000,0.056835,0,13.802362,13.802362,0,0,0,0
lane_curve_bright_baseline_r01_s10001,14.496,0.986400,-0.450000,0.058316,0,13.800272,13.800272,0,0,0,0
lane_curve_bright_baseline_r01_s10001,14.528,0.989600,-0.450000,0.059812,0,13.798182,13.798182,0,0,0,0
lane_curve_bright_baseline_r01_s10001,14.560,0.992800,-0.450000,0.061324,0,13.796092,13.796092,0,0,0,0
lane_curve_bright_baseline_r01_s10001,14.592,0.996000,-0.450000,0.062851,0,13.794003,13.794003,0,0,0,0
lane_curve_bright_baseline_r01_s10001,14.624,0.999200,-0.450000,0.064393,0,13.791915,13.791915,0,0,0,0
lane_curve_bright_baseline_r01_s10001,14.656,1.002400,-0.450000,0.065951,0,13.789827,13.789827,0,0,0,0
lane_curve_bright_baseline_r01_s10001,14.688,1.005600,-0.450000,0.067524,0,13.787739,13.787739,0,0,0,0
lane_curve_bright_baseline_r01_s10001,14.720,1.008800,-0.450000,0.069112,0,13.785652,13.785652,0,0,0,0
lane_curve_bright_baseline_r01_s10001,14.752,1.012000,-0.450000,0.070715,0,13.783565,13.783565,0,0,0,0
lane_curve_bright_baseline_r01_s10001,14.784,1.015200,-0.450000,0.072332,0,13.781478,13.781478,0,0,0,0
lane_curve_bright_baseline_r01_s10001,14.816,1.018400,-0.450000,0.073964,0,13.779392,13.779392,0,0,0,0
lane_curve_bright_baseline_r01_s10001,14.848,1.021600,-0.450000,0.075611,0,13.777307,13.777307,0,0,0,0
lane_curve_bright_baseline_r01_s10001,14.880,1.024800,-0.450000,0.077271,0,13.775221,13.775221,0,0,0,0
lane_curve_bright_baseline_r01_s10001,14.912,1.028000,-0.450000,0.078946,0,13.773137,13.773137,0,0,0,0
lane_curve_bright_baseline_r01_s10001,14.944,1.031200,-0.450000,0.080635,0,13.771052,13.771052,0,0,0,0
lane_curve_bright_baseline_r01_s10001,14.976,1.034400,-0.450000,0.082338,0,13.768969,13.768969,0,0,0,0
lane_curve_bright_baseline_r01_s10001,15.008,1.037600,-0.450000,0.084054,0,13.766885,13.766885,0,0,0,0
lane_curve_bright_baseline_r01_s10001,15.040,1.040800,-0.450000,0.085784,0,13.764802,13.764802,0,0,0,0
lane_curve_bright_baseline_r01_s10001,15.072,1.044000,-0.450000,0.087528,0,13.762719,13.762719,0,0,0,0
lane_curve_bright_baseline_r01_s10001,15.104,1.047200,-0.450000,0.089284,0,13.760637,13.760637,0,0,0,0
lane_curve_bright_baseline_r01_s10001,15.136,1.050400,-0.450000,0.091055,0,13.758556,13.758556,0,0,0,0
lane_curve_bright_baseline_r01_s10001,15.168,1.053600,-0.450000,0.092838,0,13.756474,13.756474,0,0,0,0
lane_curve_bright_baseline_r01_s10001,15.200,1.056800,-0.450000,0.094634,0,13.754393,13.754393,0,0,0,0
lane_curve_bright_baseline_r01_s10001,15.232,1.060000,-0.450000,0.096443,0,13.752313,13.752313,0,0,0,0
lane_curve_bright_baseline_r01_s10001,15.264,1.063200,-0.450000,0.098265,0,13.750233,13.750233,0,0,0,0
lane_curve_bright_baseline_r01_s10001,15.296,1.066400,-0.450000,0.100099,0,13.748153,13.748153,0,0,0,0
lane_curve_bright_baseline_r01_s10001,15.328,1.069600,-0.450000,0.101946,0,13.746074,13.746074,0,0,0,0
lane_curve_bright_baseline_r01_s10001,15.360,1.072800,-0.450000,0.103805,0,13.743995,13.743995,0,0,0,0
lane_curve_bright_baseline_r01_s10001,15.392,1.076000,-0.450000,0.105676,0,13.741917,13.741917,0,0,0,0
lane_curve_bright_baseline_r01_s10001,15.424,1.079200,-0.450000,0.107559,0,13.739839,13.739839,0,0,0,0
lane_curve_bright_baseline_r01_s10001,15.456,1.082400,-0.450000,0.109455,0,13.737762,13.737762,0,0,0,0
lane_curve_bright_baseline_r01_s10001,15.488,1.085600,-0.450000,0.111362,0,13.735685,13.735685,0,0,0,0
lane_curve_bright_baseline_r01_s10001,15.520,1.088800,-0.450000,0.113281,0,13.733608,13.733608,0,0,0,0
lane_curve_bright_baseline_r01_s10001,15.552,1.092000,-0.450000,0.115211,0,13.731532,13.731532,0,0,0,0
lane_curve_bright_baseline_r01_s10001,15.584,1.095200,-0.450000,0.117153,0,13.729456,13.729456,0,0,0,0
lane_curve_bright_baseline_r01_s10001,15.616,1.098400,-0.450000,0.119107,0,13.727381,13.727381,0,0,0,0
lane_curve_bright_baseline_r01_s10001,15.648,1.101600,-0.450000,0.121071,0,13.725306,13.725306,0,0,0,0
lane_curve_bright_baseline_r01_s10001,15.680,1.104800,-0.450000,0.123047,0,13.723232,13.723232,0,0,0,0
lane_curve_bright_baseline_r01_s10001,15.712,1.108000,-0.450000,0.125034,0,13.721158,13.721158,0,0,0,0
lane_curve_bright_baseline_r01_s10001,15.744,1.111200,-0.450000,0.127031,0,13.719084,13.719084,0,0,0,0
lane_curve_bright_baseline_r01_s10001,15.776,1.114400,-0.450000,0.129040,0,13.717011,13.717011,0,0,0,0
lane_curve_bright_baseline_r01_s10001,15.808,1.117600,-0.450000,0.131059,0,13.714939,13.714939,0,0,0,0
lane_curve_bright_baseline_r01_s10001,15.840,1.120800,-0.450000,0.133089,0,13.712866,13.712866,0,0,0,0
lane_curve_bright_baseline_r01_s10001,15.872,1.124000,-0.450000,0.135129,0,13.710795,13.710795,0,0,0,0
lane_curve_bright_baseline_r01_s10001,15.904,1.127200,-0.450000,0.137179,0,13.708723,13.708723,0,0,0,0
lane_curve_bright_baseline_r01_s10001,15.936,1.130400,-0.450000,0.139240,0,13.706652,13.706652,0,0,0,0
lane_curve_bright_baseline_r01_s10001,15.968,1.133600,-0.450000,0.141311,0,13.704582,13.704582,0,0,0,0
lane_curve_bright_baseline_r01_s10001,16.000,1.136800,-0.450000,0.143392,0,13.702512,13.702512,0,0,0,0
lane_curve_bright_baseline_r01_s10001,16.032,1.140000,-0.450000,0.145483,0,13.700442,13.700442,0,0,0,0
lane_curve_bright_baseline_r01_s10001,16.064,1.143200,-0.450000,0.147584,0,13.698373,13.698373,0,0,0,0
lane_curve_bright_baseline_r01_s10001,16.096,1.146400,-0.450000,0.149694,0,13.696304,13.696304,0,0,0,0
lane_curve_bright_baseline_r01_s10001,16.128,1.149600,-0.450000,0.151814,0,13.694236,13.694236,0,0,0,0
lane_curve_bright_baseline_r01_s10001,16.160,1.152800,-0.450000,0.153943,0,13.692168,13.692168,0,0,0,0
lane_curve_bright_baseline_r01_s10001,16.192,1.156000,-0.450000,0.156082,0,13.690100,13.690100,0,0,0,0
lane_curve_bright_baseline_r01_s10001,16.224,1.159200,-0.450000,0.158231,0,13.688033,13.688033,0,0,0,0
lane_curve_bright_baseline_r01_s10001,16.256,1.162400,-0.450000,0.160388,0,13.685967,13.685967,0,0,0,0
lane_curve_bright_baseline_r01_s10001,16.288,1.165600,-0.450000,0.162555,0,13.683901,13.683901,0,0,0,0
lane_curve_bright_baseline_r01_s10001,16.320,1.168800,-0.450000,0.164730,0,13.681835,13.681835,0,0,0,0
lane_curve_bright_baseline_r01_s10001,16.352,1.172000,-0.450000,0.166915,0,13.679770,13.679770,0,0,0,0
lane_curve_bright_baseline_r01_s10001,16.384,1.175200,-0.450000,0.169108,0,13.677705,13.677705,0,0,0,0
lane_curve_bright_baseline_r01_s10001,16.416,1.178400,-0.450000,0.171310,0,13.675640,13.675640,0,0,0,0
lane_curve_bright_baseline_r01_s10001,16.448,1.181600,-0.450000,0.173521,0,13.673576,13.673576,0,0,0,0
lane_curve_bright_baseline_r01_s10001,16.480,1.184800,-0.450000,0.175740,0,13.671513,13.671513,0,0,0,0
lane_curve_bright_baseline_r01_s10001,16.512,1.188000,-0.450000,0.177968,0,13.669450,13.669450,0,0,0,0
lane_curve_bright_baseline_r01_s10001,16.544,1.191200,-0.450000,0.180204,0,13.667387,13.667387,0,0,0,0
lane_curve_bright_baseline_r01_s10001,16.576,1.194400,-0.450000,0.182449,0,13.665325,13.665325,0,0,0,0
lane_curve_bright_baseline_r01_s10001,16.608,1.197600,-0.450000,0.184701,0,13.663263,13.663263,0,0,0,0
lane_curve_bright_baseline_r01_s10001,16.640,1.200800,-0.450000,0.186962,0,13.661202,13.661202,0,0,0,0
lane_curve_bright_baseline_r01_s10001,16.672,1.204000,-0.450000,0.189231,0,13.659141,13.659141,0,0,0,0
lane_curve_bright_baseline_r01_s10001,16.704,1.207200,-0.450000,0.191507,0,13.657080,13.657080,0,0,0,0
lane_curve_bright_baseline_r01_s10001,16.736,1.210400,-0.450000,0.193792,0,13.655020,13.655020,0,0,0,0
lane_curve_bright_baseline_r01_s10001,16.768,1.213600,-0.450000,0.196084,0,13.652961,13.652961,0,0,0,0
lane_curve_bright_baseline_r01_s10001,16.800,1.216800,-0.450000,0.198384,0,13.650902,13.650902,0,0,0,0
lane_curve_bright_baseline_r01_s10001,16.832,1.220000,-0.450000,0.200692,0,13.648843,13.648843,0,0,0,0
lane_curve_bright_baseline_r01_s10001,16.864,1.223200,-0.450000,0.203007,0,13.646785,13.646785,0,0,0,0
lane_curve_bright_baseline_r01_s10001,16.896,1.226400,-0.450000,0.205330,0,13.644727,13.644727,0,0,0,0
lane_curve_bright_baseline_r01_s10001,16.928,1.229600,-0.450000,0.207659,0,13.642669,13.642669,0,0,0,0
lane_curve_bright_baseline_r01_s10001,16.960,1.232800,-0.450000,0.209997,0,13.640612,13.640612,0,0,0,0
lane_curve_bright_baseline_r01_s10001,16.992,1.236000,-0.450000,0.212341,0,13.638556,13.638556,0,0,0,0
lane_curve_bright_baseline_r01_s10001,17.024,1.239200,-0.450000,0.214693,0,13.636500,13.636500,0,0,0,0
lane_curve_bright_baseline_r01_s10001,17.056,1.242400,-0.450000,0.217051,0,13.634444,13.634444,0,0,0,0
lane_curve_bright_baseline_r01_s10001,17.088,1.245600,-0.450000,0.219417,0,13.632389,13.632389,0,0,0,0
lane_curve_bright_baseline_r01_s10001,17.120,1.248800,-0.450000,0.221790,0,13.630334,13.630334,0,0,0,0
lane_curve_bright_baseline_r01_s10001,17.152,1.252000,-0.450000,0.224169,0,13.628280,13.628280,0,0,0,0
lane_curve_bright_baseline_r01_s10001,17.184,1.255200,-0.450000,0.226555,0,13.626226,13.626226,0,0,0,0
lane_curve_bright_baseline_r01_s10001,17.216,1.258400,-0.450000,0.228948,0,13.624173,13.624173,0,0,0,0
lane_curve_bright_baseline_r01_s10001,17.248,1.261600,-0.450000,0.231347,0,13.622120,13.622120,0,0,0,0
lane_curve_bright_baseline_r01_s10001,17.280,1.264800,-0.450000,0.233753,0,13.620067,13.620067,0,0,0,0
lane_curve_bright_baseline_r01_s10001,17.312,1.268000,-0.450000,0.236166,0,13.618015,13.618015,0,0,0,0
lane_curve_bright_baseline_r01_s10001,17.344,1.271200,-0.450000,0.238585,0,13.615963,13.615963,0,0,0,0
lane_curve_bright_baseline_r01_s10001,17.376,1.274400,-0.450000,0.241010,0,13.613912,13.613912,0,0,0,0
lane_curve_bright_baseline_r01_s10001,17.408,1.277600,-0.450000,0.243442,0,13.611862,13.611862,0,0,0,0
lane_curve_bright_baseline_r01_s10001,17.440,1.280800,-0.450000,0.245880,0,13.609811,13.609811,0,0,0,0
lane_curve_bright_baseline_r01_s10001,17.472,1.284000,-0.450000,0.248324,0,13.607761,13.607761,0,0,0,0
lane_curve_bright_baseline_r01_s10001,17.504,1.287200,-0.450000,0.250774,0,13.605712,13.605712,0,0,0,0
lane_curve_bright_baseline_r01_s10001,17.536,1.290400,-0.450000,0.253230,0,13.603663,13.603663,0,0,0,0
lane_curve_bright_baseline_r01_s10001,17.568,1.293600,-0.450000,0.255692,0,13.601614,13.601614,0,0,0,0
lane_curve_bright_baseline_r01_s10001,17.600,1.296800,-0.450000,0.258160,0,13.599566,13.599566,0,0,0,0
lane_curve_bright_baseline_r01_s10001,17.632,1.300000,-0.450000,0.260633,0,13.597519,13.597519,0,0,0,0
lane_curve_bright_baseline_r01_s10001,17.664,1.303200,-0.450000,0.263113,0,13.595471,13.595471,0,0,0,0
lane_curve_bright_baseline_r01_s10001,17.696,1.306400,-0.450000,0.265598,0,13.593425,13.593425,0,0,0,0
lane_curve_bright_baseline_r01_s10001,17.728,1.309600,-0.450000,0.268089,0,13.591378,13.591378,0,0,0,0
lane_curve_bright_baseline_r01_s10001,17.760,1.312800,-0.450000,0.270586,0,13.589332,13.589332,0,0,0,0
lane_curve_bright_baseline_r01_s10001,17.792,1.316000,-0.450000,0.273088,0,13.587287,13.587287,0,0,0,0
lane_curve_bright_baseline_r01_s10001,17.824,1.319200,-0.450000,0.275595,0,13.585242,13.585242,0,0,0,0
lane_curve_bright_baseline_r01_s10001,17.856,1.322400,-0.450000,0.278108,0,13.583197,13.583197,0,0,0,0
lane_curve_bright_baseline_r01_s10001,17.888,1.325600,-0.450000,0.280627,0,13.581153,13.581153,0,0,0,0
lane_curve_bright_baseline_r01_s10001,17.920,1.328800,-0.450000,0.283150,0,13.579110,13.579110,0,0,0,0
lane_curve_bright_baseline_r01_s10001,17.952,1.332000,-0.450000,0.285679,0,13.577067,13.577067,0,0,0,0
lane_curve_bright_baseline_r01_s10001,17.984,1.335200,-0.450000,0.288213,0,13.575024,13.575024,0,0,0,0
lane_curve_bright_baseline_r01_s10001,18.016,1.338400,-0.450000,0.290753,0,13.572982,13.572982,0,0,0,0
lane_curve_bright_baseline_r01_s10001,18.048,1.341600,-0.450000,0.293297,0,13.570940,13.570940,0,0,0,0
lane_curve_bright_baseline_r01_s10001,18.080,1.344800,-0.450000,0.295846,0,13.568898,13.568898,0,0,0,0
lane_curve_bright_baseline_r01_s10001,18.112,1.348000,-0.450000,0.298401,0,13.566857,13.566857,0,0,0,0
lane_curve_bright_baseline_r01_s10001,18.144,1.351200,-0.450000,0.300960,0,13.564817,13.564817,0,0,0,0
lane_curve_bright_baseline_r01_s10001,18.176,1.354400,-0.450000,0.303524,0,13.562777,13.562777,0,0,0,0
lane_curve_bright_baseline_r01_s10001,18.208,1.357600,-0.450000,0.306094,0,13.560737,13.560737,0,0,0,0
lane_curve_bright_baseline_r01_s10001,18.240,1.360800,-0.450000,0.308667,0,13.558698,13.558698,0,0,0,0
lane_curve_bright_baseline_r01_s10001,18.272,1.364000,-0.450000,0.311246,0,13.556659,13.556659,0,0,0,0
lane_curve_bright_baseline_r01_s10001,18.304,1.367200,-0.450000,0.313830,0,13.554621,13.554621,0,0,0,0
lane_curve_bright_baseline_r01_s10001,18.336,1.370400,-0.450000,0.316418,0,13.552583,13.552583,0,0,0,0
lane_curve_bright_baseline_r01_s10001,18.368,1.373600,-0.450000,0.319010,0,13.550546,13.550546,0,0,0,0
lane_curve_bright_baseline_r01_s10001,18.400,1.376800,-0.450000,0.321607,0,13.548509,13.548509,0,0,0,0
lane_curve_bright_baseline_r01_s10001,18.432,1.380000,-0.450000,0.324209,0,13.546472,13.546472,0,0,0,0
lane_curve_bright_baseline_r01_s10001,18.464,1.383200,-0.450000,0.326815,0,13.544436,13.544436,0,0,0,0
lane_curve_bright_baseline_r01_s10001,18.496,1.386400,-0.450000,0.329426,0,13.542401,13.542401,0,0,0,0
lane_curve_bright_baseline_r01_s10001,18.528,1.389600,-0.450000,0.332041,0,13.540366,13.540366,0,0,0,0
lane_curve_bright_baseline_r01_s10001,18.560,1.392800,-0.450000,0.334660,0,13.538331,13.538331,0,0,0,0
lane_curve_bright_baseline_r01_s10001,18.592,1.396000,-0.450000,0.337284,0,13.536297,13.536297,0,0,0,0
lane_curve_bright_baseline_r01_s10001,18.624,1.399200,-0.450000,0.339912,0,13.534263,13.534263,0,0,0,0
lane_curve_bright_baseline_r01_s10001,18.656,1.402400,-0.450000,0.342544,0,13.532230,13.532230,0,0,0,0
lane_curve_bright_baseline_r01_s10001,18.688,1.405600,-0.450000,0.345180,0,13.530197,13.530197,0,0,0,0
lane_curve_bright_baseline_r01_s10001,18.720,1.408800,-0.450000,0.347820,0,13.528164,13.528164,0,0,0,0
lane_curve_bright_baseline_r01_s10001,18.752,1.412000,-0.450000,0.350465,0,13.526132,13.526132,0,0,0,0
lane_curve_bright_baseline_r01_s10001,18.784,1.415200,-0.450000,0.353113,0,13.524101,13.524101,0,0,0,0
lane_curve_bright_baseline_r01_s10001,18.816,1.418400,-0.450000,0.355766,0,13.522070,13.522070,0,0,0,0
lane_curve_bright_baseline_r01_s10001,18.848,1.421600,-0.450000,0.358422,0,13.520039,13.520039,0,0,0,0
lane_curve_bright_baseline_r01_s10001,18.880,1.424800,-0.450000,0.361082,0,13.518009,13.518009,0,0,0,0
lane_curve_bright_baseline_r01_s10001,18.912,1.428000,-0.450000,0.363747,0,13.515979,13.515979,0,0,0,0
lane_curve_bright_baseline_r01_s10001,18.944,1.431200,-0.450000,0.366415,0,13.513950,13.513950,0,0,0,0
lane_curve_bright_baseline_r01_s10001,18.976,1.434400,-0.450000,0.369087,0,13.511921,13.511921,0,0,0,0
lane_curve_bright_baseline_r01_s10001,19.008,1.437600,-0.450000,0.371762,0,13.509893,13.509893,0,0,0,0
lane_curve_bright_baseline_r01_s10001,19.040,1.440800,-0.450000,0.374442,0,13.507865,13.507865,0,0,0,0
lane_curve_bright_baseline_r01_s10001,19.072,1.444000,-0.450000,0.377125,0,13.505838,13.505838,0,0,0,0
lane_curve_bright_baseline_r01_s10001,19.104,1.447200,-0.450000,0.379812,0,13.503811,13.503811,0,0,0,0
lane_curve_bright_baseline_r01_s10001,19.136,1.450400,-0.450000,0.382502,0,13.501784,13.501784,0,0,0,0
lane_curve_bright_baseline_r01_s10001,19.168,1.453600,-0.450000,0.385196,0,13.499758,13.499758,0,0,0,0
lane_curve_bright_baseline_r01_s10001,19.200,1.456800,-0.450000,0.387894,0,13.497732,13.497732,0,0,0,0
lane_curve_bright_baseline_r01_s10001,19.232,1.460000,-0.450000,0.390595,0,13.495707,13.495707,0,0,0,0
lane_curve_bright_baseline_r01_s10001,19.264,1.463200,-0.450000,0.393299,0,13.493682,13.493682,0,0,0,0
lane_curve_bright_baseline_r01_s10001,19.296,1.466400,-0.450000,0.396007,0,13.491658,13.491658,0,0,0,0
lane_curve_bright_baseline_r01_s10001,19.328,1.469600,-0.450000,0.398719,0,13.489634,13.489634,0,0,0,0
lane_curve_bright_baseline_r01_s10001,19.360,1.472800,-0.450000,0.401434,0,13.487611,13.487611,0,0,0,0
lane_curve_bright_baseline_r01_s10001,19.392,1.476000,-0.450000,0.404152,0,13.485588,13.485588,0,0,0,0
lane_curve_bright_baseline_r01_s10001,19.424,1.479200,-0.450000,0.406874,0,13.483566,13.483566,0,0,0,0
lane_curve_bright_baseline_r01_s10001,19.456,1.479201,-0.450000,0.406875,0,13.483565,13.483565,0,0,0,0
lane_curve_bright_baseline_r01_s10001,19.488,1.479201,-0.450000,0.406875,0,13.483565,13.483565,0,0,0,0
lane_curve_bright_baseline_r01_s10001,19.520,1.479202,-0.450000,0.406875,0,13.483564,13.483564,0,0,0,0
lane_curve_bright_baseline_r01_s10001,19.552,1.479202,-0.450000,0.406875,0,13.483565,13.483565,0,0,0,0
lane_curve_bright_baseline_r01_s10001,19.584,1.479201,-0.450000,0.406875,0,13.483565,13.483565,0,0,0,0
lane_curve_bright_baseline_r01_s10001,19.616,1.479201,-0.450000,0.406875,0,13.483565,13.483565,0,0,0,0
lane_curve_bright_baseline_r01_s10001,19.648,1.479201,-0.450000,0.406875,0,13.483565,13.483565,0,0,0,0
lane_curve_bright_baseline_r01_s10001,19.680,1.479201,-0.450000,0.406874,0,13.483565,13.483565,0,0,0,0
lane_curve_bright_baseline_r01_s10001,19.712,1.479201,-0.450000,0.406874,0,13.483565,13.483565,0,0,0,0
lane_curve_bright_baseline_r01_s10001,19.744,1.479200,-0.450000,0.406874,0,13.483565,13.483565,0,0,0,0
lane_curve_bright_baseline_r01_s10001,19.776,1.479200,-0.450000,0.406874,0,13.483565,13.483565,0,0,0,0
lane_curve_bright_baseline_r01_s10001,19.808,1.479200,-0.450000,0.406874,0,13.483565,13.483565,0,0,0,0
lane_curve_bright_baseline_r01_s10001,19.840,1.479200,-0.450000,0.406874,0,13.483565,13.483565,0,0,0,0
lane_curve_bright_baseline_r01_s10001,19.872,1.479200,-0.450000,0.406874,0,13.483565,13.483565,0,0,0,0
lane_curve_bright_baseline_r01_s10001,19.904,1.479200,-0.450000,0.406874,0,13.483566,13.483566,0,0,0,0
lane_curve_bright_baseline_r01_s10001,19.936,1.479200,-0.450000,0.406874,0,13.483566,13.483566,0,0,0,0
lane_curve_bright_baseline_r01_s10001,19.968,1.479200,-0.450000,0.406874,0,13.483566,13.483566,0,0,0,0
lane_curve_bright_baseline_r01_s10001,20.000,1.479200,-0.450000,0.406874,0,13.483566,13.483566,0,0,0,0
lane_curve_bright_baseline_r01_s10001,20.032,1.479200,-0.450000,0.406874,0,13.483566,13.483566,0,0,0,0
lane_curve_bright_baseline_r01_s10001,20.064,1.479200,-0.450000,0.406874,0,13.483566,13.483566,0,0,0,0
lane_curve_bright_baseline_r01_s10001,20.096,1.479200,-0.450000,0.406874,0,13.483566,13.483566,0,0,0,0
lane_curve_bright_baseline_r01_s10001,20.128,1.479200,-0.450000,0.406874,0,13.483566,13.483566,0,0,0,0
lane_curve_bright_baseline_r01_s10001,20.160,1.479200,-0.450000,0.406874,0,13.483566,13.483566,0,0,0,0
lane_curve_bright_baseline_r01_s10001,20.192,1.479200,-0.450000,0.406874,0,13.483566,13.483566,0,0,0,0
lane_curve_bright_baseline_r01_s10001,20.224,1.479200,-0.450000,0.406874,0,13.483566,13.483566,0,0,0,0
lane_curve_bright_baseline_r01_s10001,20.256,1.479200,-0.450000,0.406874,0,13.483566,13.483566,0,0,0,0
lane_curve_bright_baseline_r01_s10001,20.288,1.479200,-0.450000,0.406874,0,13.483566,13.483566,0,0,0,0
lane_curve_bright_baseline_r01_s10001,20.320,1.479200,-0.450000,0.406874,0,13.483566,13.483566,0,0,0,0
lane_curve_bright_baseline_r01_s10001,20.352,1.479200,-0.450000,0.406874,0,13.483566,13.483566,0,0,0,0
lane_curve_bright_baseline_r01_s10001,20.384,1.479200,-0.450000,0.406874,0,13.483566,13.483566,0,0,0,0
lane_curve_bright_baseline_r01_s10001,20.416,1.479200,-0.450000,0.406874,0,13.483566,13.483566,0,0,0,0
lane_curve_bright_baseline_r01_s10001,20.448,1.479200,-0.450000,0.406874,0,13.483566,13.483566,0,0,0,0
lane_curve_bright_baseline_r01_s10001,20.480,1.479200,-0.450000,0.406874,0,13.483566,13.483566,0,0,0,0
lane_curve_bright_baseline_r01_s10001,20.512,1.479200,-0.450000,0.406874,0,13.483566,13.483566,0,0,0,0
lane_curve_bright_baseline_r01_s10001,20.544,1.479200,-0.450000,0.406874,0,13.483566,13.483566,0,0,0,0
lane_curve_bright_baseline_r01_s10001,20.576,1.479200,-0.450000,0.406874,0,13.483566,13.483566,0,0,0,0
lane_curve_bright_baseline_r01_s10001,20.608,1.479200,-0.450000,0.406874,0,13.483566,13.483566,0,0,0,0
lane_curve_bright_baseline_r01_s10001,20.640,1.479200,-0.450000,0.406874,0,13.483566,13.483566,0,0,0,0
lane_curve_bright_baseline_r01_s10001,20.672,1.479200,-0.450000,0.406874,0,13.483566,13.483566,0,0,0,0
lane_curve_bright_baseline_r01_s10001,20.704,1.479200,-0.450000,0.406874,0,13.483566,13.483566,0,0,0,0
lane_curve_bright_baseline_r01_s10001,20.736,1.479200,-0.450000,0.406874,0,13.483566,13.483566,0,0,0,0
lane_curve_bright_baseline_r01_s10001,20.768,1.479200,-0.450000,0.406874,0,13.483566,13.483566,0,0,0,0
lane_curve_bright_baseline_r01_s10001,20.800,1.479200,-0.450000,0.406874,0,13.483566,13.483566,0,0,0,0
lane_curve_bright_baseline_r01_s10001,20.832,1.479200,-0.450000,0.406874,0,13.483566,13.483566,0,0,0,0
lane_curve_bright_baseline_r01_s10001,20.864,1.479200,-0.450000,0.406874,0,13.483566,13.483566,0,0,0,0
lane_curve_bright_baseline_r01_s10001,20.896,1.479200,-0.450000,0.406874,0,13.483566,13.483566,0,0,0,0
lane_curve_bright_baseline_r01_s10001,20.928,1.479200,-0.450000,0.406874,0,13.483566,13.483566,0,0,0,0
lane_curve_bright_baseline_r01_s10001,20.960,1.479200,-0.450000,0.406874,0,13.483566,13.483566,0,0,0,0
lane_curve_bright_baseline_r01_s10001,20.992,1.479200,-0.450000,0.406874,0,13.483566,13.483566,0,0,0,0
lane_curve_bright_baseline_r01_s10001,21.024,1.479200,-0.450000,0.406874,0,13.483566,13.483566,0,0,0,0
lane_curve_bright_baseline_r01_s10001,21.056,1.479200,-0.450000,0.406874,0,13.483566,13.483566,0,0,0,0
lane_curve_bright_baseline_r01_s10001,21.088,1.479200,-0.450000,0.406874,0,13.483566,13.483566,0,0,0,0
lane_curve_bright_baseline_r01_s10001,21.120,1.479200,-0.450000,0.406874,0,13.483566,13.483566,0,0,0,0
lane_curve_bright_baseline_r01_s10001,21.152,1.479200,-0.450000,0.406874,0,13.483566,13.483566,0,0,0,0
lane_curve_bright_baseline_r01_s10001,21.184,1.479200,-0.450000,0.406874,0,13.483566,13.483566,0,0,0,0
lane_curve_bright_baseline_r01_s10001,21.216,1.479200,-0.450000,0.406874,0,13.483566,13.483566,0,0,0,0
lane_curve_bright_baseline_r01_s10001,21.248,1.479200,-0.450000,0.406874,0,13.483566,13.483566,0,0,0,0
lane_curve_bright_baseline_r01_s10001,21.280,1.479200,-0.450000,0.406874,0,13.483566,13.483566,0,0,0,0
lane_curve_bright_baseline_r01_s10001,21.312,1.479200,-0.450000,0.406874,0,13.483566,13.483566,0,0,0,0
lane_curve_bright_baseline_r01_s10001,21.344,1.479200,-0.450000,0.406874,0,13.483566,13.483566,0,0,0,0
lane_curve_bright_baseline_r01_s10001,21.376,1.479200,-0.450000,0.406874,0,13.483566,13.483566,0,0,0,0
lane_curve_bright_baseline_r01_s10001,21.408,1.479200,-0.450000,0.406874,0,13.483566,13.483566,0,0,0,0
lane_curve_bright_baseline_r01_s10001,21.440,1.479200,-0.450000,0.406874,0,13.483566,13.483566,0,0,0,0
lane_curve_bright_baseline_r01_s10001,21.472,1.479200,-0.450000,0.406874,0,13.483566,13.483566,0,0,0,0
lane_curve_bright_baseline_r01_s10001,21.504,1.479200,-0.450000,0.406874,0,13.483566,13.483566,0,0,0,0
lane_curve_bright_baseline_r01_s10001,21.536,1.479200,-0.450000,0.406874,0,13.483566,13.483566,0,0,0,0
lane_curve_bright_baseline_r01_s10001,21.568,1.479200,-0.450000,0.406874,0,13.483566,13.483566,0,0,0,0
lane_curve_bright_baseline_r01_s10001,21.600,1.479200,-0.450000,0.406874,0,13.483566,13.483566,0,0,0,0
lane_curve_bright_baseline_r01_s10001,21.632,1.479200,-0.450000,0.406874,0,13.483566,13.483566,0,0,0,0
lane_curve_bright_baseline_r01_s10001,21.664,1.479200,-0.450000,0.406874,0,13.483566,13.483566,0,0,0,0
lane_curve_bright_baseline_r01_s10001,21.696,1.479200,-0.450000,0.406874,0,13.483566,13.483566,0,0,0,0
lane_curve_bright_baseline_r01_s10001,21.728,1.479200,-0.450000,0.406874,0,13.483566,13.483566,0,0,0,0
lane_curve_bright_baseline_r01_s10001,21.760,1.479200,-0.450000,0.406874,0,13.483566,13.483566,0,0,0,0
lane_curve_bright_baseline_r01_s10001,21.792,1.479200,-0.450000,0.406874,0,13.483566,13.483566,0,0,0,0
lane_curve_bright_baseline_r01_s10001,21.824,1.479200,-0.450000,0.406874,0,13.483566,13.483566,0,0,0,0
lane_curve_bright_baseline_r01_s10001,21.856,1.479200,-0.450000,0.406874,0,13.483566,13.483566,0,0,0,0
lane_curve_bright_baseline_r01_s10001,21.888,1.479200,-0.450000,0.406874,0,13.483566,13.483566,0,0,0,0
lane_curve_bright_baseline_r01_s10001,21.920,1.479200,-0.450000,0.406874,0,13.483566,13.483566,0,0,0,0
lane_curve_bright_baseline_r01_s10001,21.952,1.479200,-0.450000,0.406874,0,13.483566,13.483566,0,0,0,0
lane_curve_bright_baseline_r01_s10001,21.984,1.479200,-0.450000,0.406874,0,13.483566,13.483566,0,0,0,0
lane_curve_bright_baseline_r01_s10001,22.016,1.479200,-0.450000,0.406874,0,13.483566,13.483566,0,0,0,0
lane_curve_bright_baseline_r01_s10001,22.048,1.479200,-0.450000,0.406874,0,13.483566,13.483566,0,0,0,0
lane_curve_bright_baseline_r01_s10001,22.080,1.479200,-0.450000,0.406874,0,13.483566,13.483566,0,0,0,0
lane_curve_bright_baseline_r01_s10001,22.112,1.479200,-0.450000,0.406874,0,13.483566,13.483566,0,0,0,0
lane_curve_bright_baseline_r01_s10001,22.144,1.479200,-0.450000,0.406874,0,13.483566,13.483566,0,0,0,0
lane_curve_bright_baseline_r01_s10001,22.176,1.479200,-0.450000,0.406874,0,13.483566,13.483566,0,0,0,0
lane_curve_bright_baseline_r01_s10001,22.208,1.479200,-0.450000,0.406874,0,13.483566,13.483566,0,0,0,0
lane_curve_bright_baseline_r01_s10001,22.240,1.479200,-0.450000,0.406874,0,13.483566,13.483566,0,0,0,0
lane_curve_bright_baseline_r01_s10001,22.272,1.479200,-0.450000,0.406874,0,13.483566,13.483566,0,0,0,0
lane_curve_bright_baseline_r01_s10001,22.304,1.479200,-0.450000,0.406874,0,13.483566,13.483566,0,0,0,0
lane_curve_bright_baseline_r01_s10001,22.336,1.479200,-0.450000,0.406874,0,13.483566,13.483566,0,0,0,0
lane_curve_bright_baseline_r01_s10001,22.368,1.479200,-0.450000,0.406874,0,13.483566,13.483566,0,0,0,0
lane_curve_bright_baseline_r01_s10001,22.400,1.479200,-0.450000,0.406874,0,13.483566,13.483566,0,0,0,0
lane_curve_bright_baseline_r01_s10001,22.432,1.479200,-0.450000,0.406874,0,13.483566,13.483566,0,0,0,0
lane_curve_bright_baseline_r01_s10001,22.464,1.479200,-0.450000,0.406874,0,13.483566,13.483566,0,0,0,0
lane_curve_bright_baseline_r01_s10001,22.496,1.479200,-0.450000,0.406874,0,13.483566,13.483566,0,0,0,0
lane_curve_bright_baseline_r01_s10001,22.528,1.479200,-0.450000,0.406874,0,13.483566,13.483566,0,0,0,0
lane_curve_bright_baseline_r01_s10001,22.560,1.479200,-0.450000,0.406874,0,13.483566,13.483566,0,0,0,0
lane_curve_bright_baseline_r01_s10001,22.592,1.479200,-0.450000,0.406874,0,13.483566,13.483566,0,0,0,0
lane_curve_bright_baseline_r01_s10001,22.624,1.479200,-0.450000,0.406874,0,13.483566,13.483566,0,0,0,0
lane_curve_bright_baseline_r01_s10001,22.656,1.479200,-0.450000,0.406874,0,13.483566,13.483566,0,0,0,0
lane_curve_bright_baseline_r01_s10001,22.688,1.479200,-0.450000,0.406874,0,13.483566,13.483566,0,0,0,0
lane_curve_bright_baseline_r01_s10001,22.720,1.479200,-0.450000,0.406874,0,13.483566,13.483566,0,0,0,0
lane_curve_bright_baseline_r01_s10001,22.752,1.479200,-0.450000,0.406874,0,13.483566,13.483566,0,0,0,0
lane_curve_bright_baseline_r01_s10001,22.784,1.479200,-0.450000,0.406874,0,13.483566,13.483566,0,0,0,0
lane_curve_bright_baseline_r01_s10001,22.816,1.479200,-0.450000,0.406874,0,13.483566,13.483566,0,0,0,0
lane_curve_bright_baseline_r01_s10001,22.848,1.479200,-0.450000,0.406874,0,13.483566,13.483566,0,0,0,0
lane_curve_bright_baseline_r01_s10001,22.880,1.479200,-0.450000,0.406874,0,13.483566,13.483566,0,0,0,0
lane_curve_bright_baseline_r01_s10001,22.912,1.479200,-0.450000,0.406874,0,13.483566,13.483566,0,0,0,0
lane_curve_bright_baseline_r01_s10001,22.944,1.479200,-0.450000,0.406874,0,13.483566,13.483566,0,0,0,0
lane_curve_bright_baseline_r01_s10001,22.976,1.479200,-0.450000,0.406874,0,13.483566,13.483566,0,0,0,0
lane_curve_bright_baseline_r01_s10001,23.008,1.479200,-0.450000,0.406874,0,13.483566,13.483566,0,0,0,0
lane_curve_bright_baseline_r01_s10001,23.040,1.479200,-0.450000,0.406874,0,13.483566,13.483566,0,0,0,0
lane_curve_bright_baseline_r01_s10001,23.072,1.479200,-0.450000,0.406874,0,13.483566,13.483566,0,0,0,0
lane_curve_bright_baseline_r01_s10001,23.104,1.479200,-0.450000,0.406874,0,13.483566,13.483566,0,0,0,0
lane_curve_bright_baseline_r01_s10001,23.136,1.479200,-0.450000,0.406874,0,13.483566,13.483566,0,0,0,0
lane_curve_bright_baseline_r01_s10001,23.168,1.479200,-0.450000,0.406874,0,13.483566,13.483566,0,0,0,0
lane_curve_bright_baseline_r01_s10001,23.200,1.479200,-0.450000,0.406874,0,13.483566,13.483566,0,0,0,0
lane_curve_bright_baseline_r01_s10001,23.232,1.479200,-0.450000,0.406874,0,13.483566,13.483566,0,0,0,0
lane_curve_bright_baseline_r01_s10001,23.264,1.479200,-0.450000,0.406874,0,13.483566,13.483566,0,0,0,0
lane_curve_bright_baseline_r01_s10001,23.296,1.479200,-0.450000,0.406874,0,13.483566,13.483566,0,0,0,0
lane_curve_bright_baseline_r01_s10001,23.328,1.479200,-0.450000,0.406874,0,13.483566,13.483566,0,0,0,0
lane_curve_bright_baseline_r01_s10001,23.360,1.479200,-0.450000,0.406874,0,13.483566,13.483566,0,0,0,0
lane_curve_bright_baseline_r01_s10001,23.392,1.479200,-0.450000,0.406874,0,13.483566,13.483566,0,0,0,0
lane_curve_bright_baseline_r01_s10001,23.424,1.479200,-0.450000,0.406874,0,13.483566,13.483566,0,0,0,0
lane_curve_bright_baseline_r01_s10001,23.456,1.479200,-0.450000,0.406874,0,13.483566,13.483566,0,0,0,0
lane_curve_bright_baseline_r01_s10001,23.488,1.479200,-0.450000,0.406874,0,13.483566,13.483566,0,0,0,0
lane_curve_bright_baseline_r01_s10001,23.520,1.479200,-0.450000,0.406874,0,13.483566,13.483566,0,0,0,0
lane_curve_bright_baseline_r01_s10001,23.552,1.479200,-0.450000,0.406874,0,13.483566,13.483566,0,0,0,0
lane_curve_bright_baseline_r01_s10001,23.584,1.479200,-0.450000,0.406874,0,13.483566,13.483566,0,0,0,0
lane_curve_bright_baseline_r01_s10001,23.616,1.479200,-0.450000,0.406874,0,13.483566,13.483566,0,0,0,0
lane_curve_bright_baseline_r01_s10001,23.648,1.479200,-0.450000,0.406874,0,13.483566,13.483566,0,0,0,0
lane_curve_bright_baseline_r01_s10001,23.680,1.479200,-0.450000,0.406874,0,13.483566,13.483566,0,0,0,0
lane_curve_bright_baseline_r01_s10001,23.712,1.479200,-0.450000,0.406874,0,13.483566,13.483566,0,0,0,0
lane_curve_bright_baseline_r01_s10001,23.744,1.479200,-0.450000,0.406874,0,13.483566,13.483566,0,0,0,0
lane_curve_bright_baseline_r01_s10001,23.776,1.479200,-0.450000,0.406874,0,13.483566,13.483566,0,0,0,0
lane_curve_bright_baseline_r01_s10001,23.808,1.479200,-0.450000,0.406874,0,13.483566,13.483566,0,0,0,0
lane_curve_bright_baseline_r01_s10001,23.840,1.479200,-0.450000,0.406874,0,13.483566,13.483566,0,0,0,0
lane_curve_bright_baseline_r01_s10001,23.872,1.479200,-0.450000,0.406874,0,13.483566,13.483566,0,0,0,0
lane_curve_bright_baseline_r01_s10001,23.904,1.479200,-0.450000,0.406874,0,13.483566,13.483566,0,0,0,0
lane_curve_bright_baseline_r01_s10001,23.936,1.479200,-0.450000,0.406874,0,13.483566,13.483566,0,0,0,0
lane_curve_bright_baseline_r01_s10001,23.968,1.479200,-0.450000,0.406874,0,13.483566,13.483566,0,0,0,0
lane_curve_bright_baseline_r01_s10001,24.000,1.479200,-0.450000,0.406874,0,13.483566,13.483566,0,0,0,0
lane_curve_bright_baseline_r01_s10001,24.032,1.479200,-0.450000,0.406874,0,13.483566,13.483566,0,0,0,0
lane_curve_bright_baseline_r01_s10001,24.064,1.479200,-0.450000,0.406874,0,13.483566,13.483566,0,0,0,0
lane_curve_bright_baseline_r01_s10001,24.096,1.479200,-0.450000,0.406874,0,13.483566,13.483566,0,0,0,0
lane_curve_bright_baseline_r01_s10001,24.128,1.479200,-0.450000,0.406874,0,13.483566,13.483566,0,0,0,0
lane_curve_bright_baseline_r01_s10001,24.160,1.479200,-0.450000,0.406874,0,13.483566,13.483566,0,0,0,0
lane_curve_bright_baseline_r01_s10001,24.192,1.479200,-0.450000,0.406874,0,13.483566,13.483566,0,0,0,0
lane_curve_bright_baseline_r01_s10001,24.224,1.479200,-0.450000,0.406874,0,13.483566,13.483566,0,0,0,0
lane_curve_bright_baseline_r01_s10001,24.256,1.479200,-0.450000,0.406874,0,13.483566,13.483566,0,0,0,0
lane_curve_bright_baseline_r01_s10001,24.288,1.479200,-0.450000,0.406874,0,13.483566,13.483566,0,0,0,0
lane_curve_bright_baseline_r01_s10001,24.320,1.479200,-0.450000,0.406874,0,13.483566,13.483566,0,0,0,0
lane_curve_bright_baseline_r01_s10001,24.352,1.479200,-0.450000,0.406874,0,13.483566,13.483566,0,0,0,0
lane_curve_bright_baseline_r01_s10001,24.384,1.479200,-0.450000,0.406874,0,13.483566,13.483566,0,0,0,0
lane_curve_bright_baseline_r01_s10001,24.416,1.479200,-0.450000,0.406874,0,13.483566,13.483566,0,0,0,0
lane_curve_bright_baseline_r01_s10001,24.448,1.479200,-0.450000,0.406874,0,13.483566,13.483566,0,0,0,0
lane_curve_bright_baseline_r01_s10001,24.480,1.479200,-0.450000,0.406874,0,13.483566,13.483566,0,0,0,0
lane_curve_bright_baseline_r01_s10001,24.512,1.479200,-0.450000,0.406874,0,13.483566,13.483566,0,0,0,0
lane_curve_bright_baseline_r01_s10001,24.544,1.479200,-0.450000,0.406873,0,13.483566,13.483566,0,0,0,0
lane_curve_bright_baseline_r01_s10001,24.576,1.479200,-0.450000,0.406873,0,13.483566,13.483566,0,0,0,0
lane_curve_bright_baseline_r01_s10001,24.608,1.479200,-0.450000,0.406873,0,13.483566,13.483566,0,0,0,0
lane_curve_bright_baseline_r01_s10001,24.640,1.479200,-0.450000,0.406873,0,13.483566,13.483566,0,0,0,0
lane_curve_bright_baseline_r01_s10001,24.672,1.479200,-0.450000,0.406873,0,13.483566,13.483566,0,0,0,0
lane_curve_bright_baseline_r01_s10001,24.704,1.479200,-0.450000,0.406873,0,13.483566,13.483566,0,0,0,0
lane_curve_bright_baseline_r01_s10001,24.736,1.479200,-0.450000,0.406873,0,13.483566,13.483566,0,0,0,0
lane_curve_bright_baseline_r01_s10001,24.768,1.479200,-0.450000,0.406873,0,13.483566,13.483566,0,0,0,0
lane_curve_bright_baseline_r01_s10001,24.800,1.479200,-0.450000,0.406873,0,13.483566,13.483566,0,0,0,0
lane_curve_bright_baseline_r01_s10001,24.832,1.479200,-0.450000,0.406873,0,13.483566,13.483566,0,0,0,0
lane_curve_bright_baseline_r01_s10001,24.864,1.479200,-0.450000,0.406873,0,13.483566,13.483566,0,0,0,0
lane_curve_bright_baseline_r01_s10001,24.896,1.479200,-0.450000,0.406873,0,13.483566,13.483566,0,0,0,0
lane_curve_bright_baseline_r01_s10001,24.928,1.479200,-0.450000,0.406873,0,13.483566,13.483566,0,0,0,0
lane_curve_bright_baseline_r01_s10001,24.960,1.479200,-0.450000,0.406873,0,13.483566,13.483566,0,0,0,0
lane_curve_bright_baseline_r01_s10001,24.992,1.479200,-0.450000,0.406873,0,13.483566,13.483566,0,0,0,0
lane_curve_bright_baseline_r01_s10001,25.024,1.479200,-0.450000,0.406873,0,13.483566,13.483566,0,0,0,0
lane_curve_bright_baseline_r01_s10001,25.056,1.479200,-0.450000,0.406873,0,13.483566,13.483566,0,0,0,0
lane_curve_bright_baseline_r01_s10001,25.088,1.479200,-0.450000,0.406873,0,13.483566,13.483566,0,0,0,0
lane_curve_bright_baseline_r01_s10001,25.120,1.479200,-0.450000,0.406873,0,13.483566,13.483566,0,0,0,0
lane_curve_bright_baseline_r01_s10001,25.152,1.479200,-0.450000,0.406873,0,13.483566,13.483566,0,0,0,0
lane_curve_bright_baseline_r01_s10001,25.184,1.479199,-0.450000,0.406873,0,13.483566,13.483566,0,0,0,0
lane_curve_bright_baseline_r01_s10001,25.216,1.479199,-0.450000,0.406873,0,13.483566,13.483566,0,0,0,0
lane_curve_bright_baseline_r01_s10001,25.248,1.479199,-0.450000,0.406873,0,13.483566,13.483566,0,0,0,0
lane_curve_bright_baseline_r01_s10001,25.280,1.479199,-0.450000,0.406873,0,13.483566,13.483566,0,0,0,0
lane_curve_bright_baseline_r01_s10001,25.312,1.479199,-0.450000,0.406873,0,13.483566,13.483566,0,0,0,0
lane_curve_bright_baseline_r01_s10001,25.344,1.479199,-0.450000,0.406873,0,13.483566,13.483566,0,0,0,0
lane_curve_bright_baseline_r01_s10001,25.376,1.479199,-0.450000,0.406873,0,13.483566,13.483566,0,0,0,0
lane_curve_bright_baseline_r01_s10001,25.408,1.479199,-0.450000,0.406873,0,13.483566,13.483566,0,0,0,0
lane_curve_bright_baseline_r01_s10001,25.440,1.479199,-0.450000,0.406873,0,13.483566,13.483566,0,0,0,0
lane_curve_bright_baseline_r01_s10001,25.472,1.479199,-0.450000,0.406873,0,13.483566,13.483566,0,0,0,0
lane_curve_bright_baseline_r01_s10001,25.504,1.479199,-0.450000,0.406873,0,13.483566,13.483566,0,0,0,0
lane_curve_bright_baseline_r01_s10001,25.536,1.479199,-0.450000,0.406873,0,13.483566,13.483566,0,0,0,0
lane_curve_bright_baseline_r01_s10001,25.568,1.479199,-0.450000,0.406873,0,13.483566,13.483566,0,0,0,0
lane_curve_bright_baseline_r01_s10001,25.600,1.479199,-0.450000,0.406873,0,13.483566,13.483566,0,0,0,0
lane_curve_bright_baseline_r01_s10001,25.632,1.479199,-0.450000,0.406873,0,13.483566,13.483566,0,0,0,0
lane_curve_bright_baseline_r01_s10001,25.664,1.479199,-0.450000,0.406873,0,13.483566,13.483566,0,0,0,0
lane_curve_bright_baseline_r01_s10001,25.696,1.479199,-0.450000,0.406873,0,13.483566,13.483566,0,0,0,0
lane_curve_bright_baseline_r01_s10001,25.728,1.479199,-0.450000,0.406873,0,13.483566,13.483566,0,0,0,0
lane_curve_bright_baseline_r01_s10001,25.760,1.479199,-0.450000,0.406873,0,13.483566,13.483566,0,0,0,0
lane_curve_bright_baseline_r01_s10001,25.792,1.479199,-0.450000,0.406873,0,13.483566,13.483566,0,0,0,0
lane_curve_bright_baseline_r01_s10001,25.824,1.479199,-0.450000,0.406873,0,13.483566,13.483566,0,0,0,0
lane_curve_bright_baseline_r01_s10001,25.856,1.479199,-0.450000,0.406873,0,13.483566,13.483566,0,0,0,0
lane_curve_bright_baseline_r01_s10001,25.888,1.479199,-0.450000,0.406873,0,13.483566,13.483566,0,0,0,0
lane_curve_bright_baseline_r01_s10001,25.920,1.479199,-0.450000,0.406873,0,13.483566,13.483566,0,0,0,0
lane_curve_bright_baseline_r01_s10001,25.952,1.479199,-0.450000,0.406873,0,13.483566,13.483566,0,0,0,0
lane_curve_bright_baseline_r01_s10001,25.984,1.479199,-0.450000,0.406873,0,13.483566,13.483566,0,0,0,0
lane_curve_bright_baseline_r01_s10001,26.016,1.479199,-0.450000,0.406873,0,13.483566,13.483566,0,0,0,0
lane_curve_bright_baseline_r01_s10001,26.048,1.479199,-0.450000,0.406873,0,13.483566,13.483566,0,0,0,0
lane_curve_bright_baseline_r01_s10001,26.080,1.479199,-0.450000,0.406873,0,13.483566,13.483566,0,0,0,0
lane_curve_bright_baseline_r01_s10001,26.112,1.479199,-0.450000,0.406873,0,13.483566,13.483566,0,0,0,0
lane_curve_bright_baseline_r01_s10001,26.144,1.479199,-0.450000,0.406873,0,13.483566,13.483566,0,0,0,0
lane_curve_bright_baseline_r01_s10001,26.176,1.479199,-0.450000,0.406873,0,13.483566,13.483566,0,0,0,0
lane_curve_bright_baseline_r01_s10001,26.208,1.479199,-0.450000,0.406873,0,13.483566,13.483566,0,0,0,0
lane_curve_bright_baseline_r01_s10001,26.240,1.479199,-0.450000,0.406873,0,13.483566,13.483566,0,0,0,0
lane_curve_bright_baseline_r01_s10001,26.272,1.479199,-0.450000,0.406873,0,13.483566,13.483566,0,0,0,0
lane_curve_bright_baseline_r01_s10001,26.304,1.479199,-0.450000,0.406873,0,13.483566,13.483566,0,0,0,0
lane_curve_bright_baseline_r01_s10001,26.336,1.479199,-0.450000,0.406873,0,13.483566,13.483566,0,0,0,0
lane_curve_bright_baseline_r01_s10001,26.368,1.479199,-0.450000,0.406873,0,13.483566,13.483566,0,0,0,0
lane_curve_bright_baseline_r01_s10001,26.400,1.479199,-0.450000,0.406873,0,13.483566,13.483566,0,0,0,0
lane_curve_bright_baseline_r01_s10001,26.432,1.479199,-0.450000,0.406873,0,13.483566,13.483566,0,0,0,0
lane_curve_bright_baseline_r01_s10001,26.464,1.479199,-0.450000,0.406873,0,13.483566,13.483566,0,0,0,0
lane_curve_bright_baseline_r01_s10001,26.496,1.479199,-0.450000,0.406873,0,13.483566,13.483566,0,0,0,0
lane_curve_bright_baseline_r01_s10001,26.528,1.479199,-0.450000,0.406873,0,13.483566,13.483566,0,0,0,0
lane_curve_bright_baseline_r01_s10001,26.560,1.479199,-0.450000,0.406873,0,13.483566,13.483566,0,0,0,0
lane_curve_bright_baseline_r01_s10001,26.592,1.479199,-0.450000,0.406873,0,13.483566,13.483566,0,0,0,0
lane_curve_bright_baseline_r01_s10001,26.624,1.479199,-0.450000,0.406873,0,13.483566,13.483566,0,0,0,0
lane_curve_bright_baseline_r01_s10001,26.656,1.479199,-0.450000,0.406873,0,13.483566,13.483566,0,0,0,0
lane_curve_bright_baseline_r01_s10001,26.688,1.479199,-0.450000,0.406873,0,13.483566,13.483566,0,0,0,0
lane_curve_bright_baseline_r01_s10001,26.720,1.479199,-0.450000,0.406873,0,13.483566,13.483566,0,0,0,0
lane_curve_bright_baseline_r01_s10001,26.752,1.479199,-0.450000,0.406873,0,13.483566,13.483566,0,0,0,0
lane_curve_bright_baseline_r01_s10001,26.784,1.479199,-0.450000,0.406873,0,13.483566,13.483566,0,0,0,0
lane_curve_bright_baseline_r01_s10001,26.816,1.479199,-0.450000,0.406873,0,13.483566,13.483566,0,0,0,0
lane_curve_bright_baseline_r01_s10001,26.848,1.479199,-0.450000,0.406873,0,13.483566,13.483566,0,0,0,0
lane_curve_bright_baseline_r01_s10001,26.880,1.479199,-0.450000,0.406873,0,13.483566,13.483566,0,0,0,0
lane_curve_bright_baseline_r01_s10001,26.912,1.479199,-0.450000,0.406873,0,13.483566,13.483566,0,0,0,0
lane_curve_bright_baseline_r01_s10001,26.944,1.479199,-0.450000,0.406873,0,13.483566,13.483566,0,0,0,0
lane_curve_bright_baseline_r01_s10001,26.976,1.479199,-0.450000,0.406873,0,13.483566,13.483566,0,0,0,0
lane_curve_bright_baseline_r01_s10001,27.008,1.479199,-0.450000,0.406873,0,13.483566,13.483566,0,0,0,0
lane_curve_bright_baseline_r01_s10001,27.040,1.479199,-0.450000,0.406873,0,13.483566,13.483566,0,0,0,0
lane_curve_bright_baseline_r01_s10001,27.072,1.479199,-0.450000,0.406873,0,13.483566,13.483566,0,0,0,0
lane_curve_bright_baseline_r01_s10001,27.104,1.479199,-0.450000,0.406873,0,13.483566,13.483566,0,0,0,0
lane_curve_bright_baseline_r01_s10001,27.136,1.479199,-0.450000,0.406873,0,13.483566,13.483566,0,0,0,0
lane_curve_bright_baseline_r01_s10001,27.168,1.479199,-0.450000,0.406873,0,13.483566,13.483566,0,0,0,0
lane_curve_bright_baseline_r01_s10001,27.200,1.479199,-0.450000,0.406873,0,13.483566,13.483566,0,0,0,0
lane_curve_bright_baseline_r01_s10001,27.232,1.479199,-0.450000,0.406873,0,13.483566,13.483566,0,0,0,0
lane_curve_bright_baseline_r01_s10001,27.264,1.479199,-0.450000,0.406873,0,13.483566,13.483566,0,0,0,0
lane_curve_bright_baseline_r01_s10001,27.296,1.479199,-0.450000,0.406873,0,13.483566,13.483566,0,0,0,0
lane_curve_bright_baseline_r01_s10001,27.328,1.479199,-0.450000,0.406873,0,13.483566,13.483566,0,0,0,0
lane_curve_bright_baseline_r01_s10001,27.360,1.479199,-0.450000,0.406873,0,13.483566,13.483566,0,0,0,0
lane_curve_bright_baseline_r01_s10001,27.392,1.479199,-0.450000,0.406873,0,13.483566,13.483566,0,0,0,0
lane_curve_bright_baseline_r01_s10001,27.424,1.479199,-0.450000,0.406873,0,13.483566,13.483566,0,0,0,0
lane_curve_bright_baseline_r01_s10001,27.456,1.479199,-0.450000,0.406873,0,13.483566,13.483566,0,0,0,0
lane_curve_bright_baseline_r01_s10001,27.488,1.479199,-0.450000,0.406873,0,13.483566,13.483566,0,0,0,0
lane_curve_bright_baseline_r01_s10001,27.520,1.479199,-0.450000,0.406873,0,13.483566,13.483566,0,0,0,0
lane_curve_bright_baseline_r01_s10001,27.552,1.479199,-0.450000,0.406873,0,13.483566,13.483566,0,0,0,0
lane_curve_bright_baseline_r01_s10001,27.584,1.479199,-0.450000,0.406873,0,13.483566,13.483566,0,0,0,0
lane_curve_bright_baseline_r01_s10001,27.616,1.479199,-0.450000,0.406873,0,13.483566,13.483566,0,0,0,0
lane_curve_bright_baseline_r01_s10001,27.648,1.479199,-0.450000,0.406873,0,13.483566,13.483566,0,0,0,0
lane_curve_bright_baseline_r01_s10001,27.680,1.479199,-0.450000,0.406873,0,13.483566,13.483566,0,0,0,0
lane_curve_bright_baseline_r01_s10001,27.712,1.479199,-0.450000,0.406873,0,13.483566,13.483566,0,0,0,0
lane_curve_bright_baseline_r01_s10001,27.744,1.479199,-0.450000,0.406873,0,13.483566,13.483566,0,0,0,0
lane_curve_bright_baseline_r01_s10001,27.776,1.479199,-0.450000,0.406873,0,13.483566,13.483566,0,0,0,0
lane_curve_bright_baseline_r01_s10001,27.808,1.479199,-0.450000,0.406873,0,13.483566,13.483566,0,0,0,0
lane_curve_bright_baseline_r01_s10001,27.840,1.479199,-0.450000,0.406873,0,13.483566,13.483566,0,0,0,0
lane_curve_bright_baseline_r01_s10001,27.872,1.479199,-0.450000,0.406873,0,13.483566,13.483566,0,0,0,0
lane_curve_bright_baseline_r01_s10001,27.904,1.479199,-0.450000,0.406873,0,13.483566,13.483566,0,0,0,0
lane_curve_bright_baseline_r01_s10001,27.936,1.479199,-0.450000,0.406873,0,13.483566,13.483566,0,0,0,0
lane_curve_bright_baseline_r01_s10001,27.968,1.479199,-0.450000,0.406873,0,13.483566,13.483566,0,0,0,0
lane_curve_bright_baseline_r01_s10001,28.000,1.479199,-0.450000,0.406873,0,13.483566,13.483566,0,0,0,0
lane_curve_bright_baseline_r01_s10001,28.032,1.479199,-0.450000,0.406873,0,13.483566,13.483566,0,0,0,0
lane_curve_bright_baseline_r01_s10001,28.064,1.479199,-0.450000,0.406873,0,13.483566,13.483566,0,0,0,0
lane_curve_bright_baseline_r01_s10001,28.096,1.479199,-0.450000,0.406873,0,13.483566,13.483566,0,0,0,0
lane_curve_bright_baseline_r01_s10001,28.128,1.479199,-0.450000,0.406873,0,13.483566,13.483566,0,0,0,0
lane_curve_bright_baseline_r01_s10001,28.160,1.479199,-0.450000,0.406873,0,13.483566,13.483566,0,0,0,0
lane_curve_bright_baseline_r01_s10001,28.192,1.479199,-0.450000,0.406873,0,13.483566,13.483566,0,0,0,0
lane_curve_bright_baseline_r01_s10001,28.224,1.479199,-0.450000,0.406873,0,13.483566,13.483566,0,0,0,0
lane_curve_bright_baseline_r01_s10001,28.256,1.479199,-0.450000,0.406873,0,13.483566,13.483566,0,0,0,0
lane_curve_bright_baseline_r01_s10001,28.288,1.479199,-0.450000,0.406873,0,13.483566,13.483566,0,0,0,0
lane_curve_bright_baseline_r01_s10001,28.320,1.479199,-0.450000,0.406873,0,13.483566,13.483566,0,0,0,0
lane_curve_bright_baseline_r01_s10001,28.352,1.479199,-0.450000,0.406873,0,13.483566,13.483566,0,0,0,0
lane_curve_bright_baseline_r01_s10001,28.384,1.479199,-0.450000,0.406873,0,13.483566,13.483566,0,0,0,0
lane_curve_bright_baseline_r01_s10001,28.416,1.479199,-0.450000,0.406873,0,13.483566,13.483566,0,0,0,0
lane_curve_bright_baseline_r01_s10001,28.448,1.479199,-0.450000,0.406873,0,13.483566,13.483566,0,0,0,0
lane_curve_bright_baseline_r01_s10001,28.480,1.479199,-0.450000,0.406873,0,13.483566,13.483566,0,0,0,0
lane_curve_bright_baseline_r01_s10001,28.512,1.479199,-0.450000,0.406873,0,13.483566,13.483566,0,0,0,0
lane_curve_bright_baseline_r01_s10001,28.544,1.479199,-0.450000,0.406873,0,13.483566,13.483566,0,0,0,0
lane_curve_bright_baseline_r01_s10001,28.576,1.479199,-0.450000,0.406873,0,13.483566,13.483566,0,0,0,0
lane_curve_bright_baseline_r01_s10001,28.608,1.479199,-0.450000,0.406873,0,13.483566,13.483566,0,0,0,0
lane_curve_bright_baseline_r01_s10001,28.640,1.479199,-0.450000,0.406873,0,13.483566,13.483566,0,0,0,0
lane_curve_bright_baseline_r01_s10001,28.672,1.479199,-0.450000,0.406873,0,13.483566,13.483566,0,0,0,0
lane_curve_bright_baseline_r01_s10001,28.704,1.479199,-0.450000,0.406873,0,13.483566,13.483566,0,0,0,0
lane_curve_bright_baseline_r01_s10001,28.736,1.479199,-0.450000,0.406873,0,13.483566,13.483566,0,0,0,0
lane_curve_bright_baseline_r01_s10001,28.768,1.479199,-0.450000,0.406873,0,13.483566,13.483566,0,0,0,0
lane_curve_bright_baseline_r01_s10001,28.800,1.479199,-0.450000,0.406873,0,13.483566,13.483566,0,0,0,0
lane_curve_bright_baseline_r01_s10001,28.832,1.479199,-0.450000,0.406873,0,13.483566,13.483566,0,0,0,0
lane_curve_bright_baseline_r01_s10001,28.864,1.479199,-0.450000,0.406873,0,13.483566,13.483566,0,0,0,0
lane_curve_bright_baseline_r01_s10001,28.896,1.479199,-0.450000,0.406873,0,13.483566,13.483566,0,0,0,0
lane_curve_bright_baseline_r01_s10001,28.928,1.479199,-0.450000,0.406873,0,13.483566,13.483566,0,0,0,0
lane_curve_bright_baseline_r01_s10001,28.960,1.479199,-0.450000,0.406873,0,13.483566,13.483566,0,0,0,0
lane_curve_bright_baseline_r01_s10001,28.992,1.479199,-0.450000,0.406873,0,13.483566,13.483566,0,0,0,0
lane_curve_bright_baseline_r01_s10001,29.024,1.479199,-0.450000,0.406873,0,13.483566,13.483566,0,0,0,0
lane_curve_bright_baseline_r01_s10001,29.056,1.479199,-0.450000,0.406873,0,13.483566,13.483566,0,0,0,0
lane_curve_bright_baseline_r01_s10001,29.088,1.479199,-0.450000,0.406873,0,13.483566,13.483566,0,0,0,0
lane_curve_bright_baseline_r01_s10001,29.120,1.479199,-0.450000,0.406873,0,13.483566,13.483566,0,0,0,0
lane_curve_bright_baseline_r01_s10001,29.152,1.479199,-0.450000,0.406873,0,13.483566,13.483566,0,0,0,0
lane_curve_bright_baseline_r01_s10001,29.184,1.479199,-0.450000,0.406873,0,13.483566,13.483566,0,0,0,0
lane_curve_bright_baseline_r01_s10001,29.216,1.479199,-0.450000,0.406873,0,13.483566,13.483566,0,0,0,0
lane_curve_bright_baseline_r01_s10001,29.248,1.479199,-0.450000,0.406873,0,13.483566,13.483566,0,0,0,0
lane_curve_bright_baseline_r01_s10001,29.280,1.479199,-0.450000,0.406873,0,13.483566,13.483566,0,0,0,0
lane_curve_bright_baseline_r01_s10001,29.312,1.479199,-0.450000,0.406873,0,13.483566,13.483566,0,0,0,0
lane_curve_bright_baseline_r01_s10001,29.344,1.479199,-0.450000,0.406873,0,13.483566,13.483566,0,0,0,0
lane_curve_bright_baseline_r01_s10001,29.376,1.479199,-0.450000,0.406873,0,13.483566,13.483566,0,0,0,0
lane_curve_bright_baseline_r01_s10001,29.408,1.479199,-0.450000,0.406873,0,13.483566,13.483566,0,0,0,0
lane_curve_bright_baseline_r01_s10001,29.440,1.479199,-0.450000,0.406873,0,13.483566,13.483566,0,0,0,0
lane_curve_bright_baseline_r01_s10001,29.472,1.479199,-0.450000,0.406873,0,13.483566,13.483566,0,0,0,0
lane_curve_bright_baseline_r01_s10001,29.504,1.479199,-0.450000,0.406873,0,13.483566,13.483566,0,0,0,0
lane_curve_bright_baseline_r01_s10001,29.536,1.479199,-0.450000,0.406873,0,13.483566,13.483566,0,0,0,0
lane_curve_bright_baseline_r01_s10001,29.568,1.479199,-0.450000,0.406873,0,13.483566,13.483566,0,0,0,0
lane_curve_bright_baseline_r01_s10001,29.600,1.479199,-0.450000,0.406873,0,13.483566,13.483566,0,0,0,0
lane_curve_bright_baseline_r01_s10001,29.632,1.479199,-0.450000,0.406873,0,13.483566,13.483566,0,0,0,0
lane_curve_bright_baseline_r01_s10001,29.664,1.479199,-0.450000,0.406873,0,13.483566,13.483566,0,0,0,0
lane_curve_bright_baseline_r01_s10001,29.696,1.479199,-0.450000,0.406873,0,13.483566,13.483566,0,0,0,0
lane_curve_bright_baseline_r01_s10001,29.728,1.479199,-0.450000,0.406873,0,13.483566,13.483566,0,0,0,0
lane_curve_bright_baseline_r01_s10001,29.760,1.479199,-0.450000,0.406873,0,13.483566,13.483566,0,0,0,0
lane_curve_bright_baseline_r01_s10001,29.792,1.479199,-0.450000,0.406873,0,13.483566,13.483566,0,0,0,0
lane_curve_bright_baseline_r01_s10001,29.824,1.479199,-0.450000,0.406873,0,13.483566,13.483566,0,0,0,0
lane_curve_bright_baseline_r01_s10001,29.856,1.479199,-0.450000,0.406873,0,13.483566,13.483566,0,0,0,0
lane_curve_bright_baseline_r01_s10001,29.888,1.479199,-0.450000,0.406873,0,13.483566,13.483566,0,0,0,0
lane_curve_bright_baseline_r01_s10001,29.920,1.479199,-0.450000,0.406873,0,13.483566,13.483566,0,0,0,0
lane_curve_bright_baseline_r01_s10001,29.952,1.479199,-0.450000,0.406873,0,13.483566,13.483566,0,0,0,0
lane_curve_bright_baseline_r01_s10001,29.984,1.479199,-0.450000,0.406873,0,13.483566,13.483566,0,0,0,0
lane_curve_bright_baseline_r01_s10001,30.016,1.479199,-0.450000,0.406873,0,13.483566,13.483566,0,0,0,0
lane_curve_bright_baseline_r01_s10001,30.048,1.479199,-0.450000,0.406873,0,13.483566,13.483566,0,0,0,0
lane_curve_bright_baseline_r01_s10001,30.080,1.479199,-0.450000,0.406873,0,13.483566,13.483566,0,0,0,0
lane_curve_bright_baseline_r01_s10001,30.112,1.479199,-0.450000,0.406873,0,13.483566,13.483566,0,0,0,0
lane_curve_bright_baseline_r01_s10001,30.144,1.479199,-0.450000,0.406873,0,13.483566,13.483566,0,0,0,0
lane_curve_bright_baseline_r01_s10001,30.176,1.479199,-0.450000,0.406873,0,13.483566,13.483566,0,0,0,0
lane_curve_bright_baseline_r01_s10001,30.208,1.479199,-0.450000,0.406873,0,13.483566,13.483566,0,0,0,0
lane_curve_bright_baseline_r01_s10001,30.240,1.479199,-0.450000,0.406873,0,13.483566,13.483566,0,0,0,0
lane_curve_bright_baseline_r01_s10001,30.272,1.479199,-0.450000,0.406873,0,13.483566,13.483566,0,0,0,0
lane_curve_bright_baseline_r01_s10001,30.304,1.479199,-0.450000,0.406873,0,13.483566,13.483566,0,0,0,0
lane_curve_bright_baseline_r01_s10001,30.336,1.479199,-0.450000,0.406873,0,13.483566,13.483566,0,0,0,0
lane_curve_bright_baseline_r01_s10001,30.368,1.479199,-0.450000,0.406873,0,13.483566,13.483566,0,0,0,0
lane_curve_bright_baseline_r01_s10001,30.400,1.479199,-0.450000,0.406873,0,13.483566,13.483566,0,0,0,0
lane_curve_bright_baseline_r01_s10001,30.432,1.479199,-0.450000,0.406873,0,13.483566,13.483566,0,0,0,0
lane_curve_bright_baseline_r01_s10001,30.464,1.479199,-0.450000,0.406873,0,13.483566,13.483566,0,0,0,0
lane_curve_bright_baseline_r01_s10001,30.496,1.479199,-0.450000,0.406873,0,13.483566,13.483566,0,0,0,0
lane_curve_bright_baseline_r01_s10001,30.528,1.479199,-0.450000,0.406873,0,13.483566,13.483566,0,0,0,0
lane_curve_bright_baseline_r01_s10001,30.560,1.479199,-0.450000,0.406873,0,13.483566,13.483566,0,0,0,0
lane_curve_bright_baseline_r01_s10001,30.592,1.479199,-0.450000,0.406873,0,13.483566,13.483566,0,0,0,0
lane_curve_bright_baseline_r01_s10001,30.624,1.479199,-0.450000,0.406873,0,13.483566,13.483566,0,0,0,0
lane_curve_bright_baseline_r01_s10001,30.656,1.479199,-0.450000,0.406873,0,13.483566,13.483566,0,0,0,0
lane_curve_bright_baseline_r01_s10001,30.688,1.479199,-0.450000,0.406873,0,13.483566,13.483566,0,0,0,0
lane_curve_bright_baseline_r01_s10001,30.720,1.479199,-0.450000,0.406873,0,13.483566,13.483566,0,0,0,0
lane_curve_bright_baseline_r01_s10001,30.752,1.479199,-0.450000,0.406873,0,13.483566,13.483566,0,0,0,0
lane_curve_bright_baseline_r01_s10001,30.784,1.479199,-0.450000,0.406873,0,13.483566,13.483566,0,0,0,0
lane_curve_bright_baseline_r01_s10001,30.816,1.479199,-0.450000,0.406873,0,13.483566,13.483566,0,0,0,0
lane_curve_bright_baseline_r01_s10001,30.848,1.479199,-0.450000,0.406873,0,13.483566,13.483566,0,0,0,0
lane_curve_bright_baseline_r01_s10001,30.880,1.479199,-0.450000,0.406873,0,13.483566,13.483566,0,0,0,0
lane_curve_bright_baseline_r01_s10001,30.912,1.479199,-0.450000,0.406873,0,13.483566,13.483566,0,0,0,0
lane_curve_bright_baseline_r01_s10001,30.944,1.479199,-0.450000,0.406873,0,13.483566,13.483566,0,0,0,0
lane_curve_bright_baseline_r01_s10001,30.976,1.479199,-0.450000,0.406873,0,13.483566,13.483566,0,0,0,0
lane_curve_bright_baseline_r01_s10001,31.008,1.479199,-0.450000,0.406873,0,13.483566,13.483566,0,0,0,0
lane_curve_bright_baseline_r01_s10001,31.040,1.479199,-0.450000,0.406873,0,13.483566,13.483566,0,0,0,0
lane_curve_bright_baseline_r01_s10001,31.072,1.479199,-0.450000,0.406873,0,13.483566,13.483566,0,0,0,0
lane_curve_bright_baseline_r01_s10001,31.104,1.479199,-0.450000,0.406873,0,13.483566,13.483566,0,0,0,0
lane_curve_bright_baseline_r01_s10001,31.136,1.479199,-0.450000,0.406873,0,13.483566,13.483566,0,0,0,0
lane_curve_bright_baseline_r01_s10001,31.168,1.479199,-0.450000,0.406873,0,13.483566,13.483566,0,0,0,0
lane_curve_bright_baseline_r01_s10001,31.200,1.479199,-0.450000,0.406873,0,13.483566,13.483566,0,0,0,0
lane_curve_bright_baseline_r01_s10001,31.232,1.479199,-0.450000,0.406873,0,13.483566,13.483566,0,0,0,0
lane_curve_bright_baseline_r01_s10001,31.264,1.479199,-0.450000,0.406873,0,13.483566,13.483566,0,0,0,0
lane_curve_bright_baseline_r01_s10001,31.296,1.479199,-0.450000,0.406873,0,13.483566,13.483566,0,0,0,0
lane_curve_bright_baseline_r01_s10001,31.328,1.479199,-0.450000,0.406873,0,13.483566,13.483566,0,0,0,0
lane_curve_bright_baseline_r01_s10001,31.360,1.479199,-0.450000,0.406873,0,13.483566,13.483566,0,0,0,0
lane_curve_bright_baseline_r01_s10001,31.392,1.479199,-0.450000,0.406873,0,13.483566,13.483566,0,0,0,0
lane_curve_bright_baseline_r01_s10001,31.424,1.479199,-0.450000,0.406873,0,13.483566,13.483566,0,0,0,0
lane_curve_bright_baseline_r01_s10001,31.456,1.479199,-0.450000,0.406873,0,13.483566,13.483566,0,0,0,0
lane_curve_bright_baseline_r01_s10001,31.488,1.479199,-0.450000,0.406873,0,13.483566,13.483566,0,0,0,0
lane_curve_bright_baseline_r01_s10001,31.520,1.479199,-0.450000,0.406873,0,13.483566,13.483566,0,0,0,0
lane_curve_bright_baseline_r01_s10001,31.552,1.479199,-0.450000,0.406873,0,13.483566,13.483566,0,0,0,0
lane_curve_bright_baseline_r01_s10001,31.584,1.479199,-0.450000,0.406873,0,13.483566,13.483566,0,0,0,0
lane_curve_bright_baseline_r01_s10001,31.616,1.479199,-0.450000,0.406873,0,13.483566,13.483566,0,0,0,0
lane_curve_bright_baseline_r01_s10001,31.648,1.479199,-0.450000,0.406873,0,13.483566,13.483566,0,0,0,0
lane_curve_bright_baseline_r01_s10001,31.680,1.479199,-0.450000,0.406873,0,13.483566,13.483566,0,0,0,0
lane_curve_bright_baseline_r01_s10001,31.712,1.479199,-0.450000,0.406873,0,13.483566,13.483566,0,0,0,0
lane_curve_bright_baseline_r01_s10001,31.744,1.479199,-0.450000,0.406873,0,13.483566,13.483566,0,0,0,0
lane_curve_bright_baseline_r01_s10001,31.776,1.479199,-0.450000,0.406873,0,13.483566,13.483566,0,0,0,0
lane_curve_bright_baseline_r01_s10001,31.808,1.479199,-0.450000,0.406873,0,13.483566,13.483566,0,0,0,0
lane_curve_bright_baseline_r01_s10001,31.840,1.479199,-0.450000,0.406873,0,13.483566,13.483566,0,0,0,0
lane_curve_bright_baseline_r01_s10001,31.872,1.479199,-0.450000,0.406873,0,13.483566,13.483566,0,0,0,0
lane_curve_bright_baseline_r01_s10001,31.904,1.479199,-0.450000,0.406873,0,13.483566,13.483566,0,0,0,0
lane_curve_bright_baseline_r01_s10001,31.936,1.479199,-0.450000,0.406873,0,13.483566,13.483566,0,0,0,0
lane_curve_bright_baseline_r01_s10001,31.968,1.479199,-0.450000,0.406873,0,13.483566,13.483566,0,0,0,0
lane_curve_bright_baseline_r01_s10001,32.000,1.479199,-0.450000,0.406873,0,13.483566,13.483566,0,0,0,0
lane_curve_bright_baseline_r01_s10001,32.032,1.479199,-0.450000,0.406873,0,13.483566,13.483566,0,0,0,0
lane_curve_bright_baseline_r01_s10001,32.064,1.479199,-0.450000,0.406873,0,13.483566,13.483566,0,0,0,0
lane_curve_bright_baseline_r01_s10001,32.096,1.479199,-0.450000,0.406873,0,13.483566,13.483566,0,0,0,0
lane_curve_bright_baseline_r01_s10001,32.128,1.479199,-0.450000,0.406873,0,13.483566,13.483566,0,0,0,0
lane_curve_bright_baseline_r01_s10001,32.160,1.479199,-0.450000,0.406873,0,13.483566,13.483566,0,0,0,0
lane_curve_bright_baseline_r01_s10001,32.192,1.479199,-0.450000,0.406873,0,13.483566,13.483566,0,0,0,0
lane_curve_bright_baseline_r01_s10001,32.224,1.479199,-0.450000,0.406873,0,13.483566,13.483566,0,0,0,0
lane_curve_bright_baseline_r01_s10001,32.256,1.479199,-0.450000,0.406873,0,13.483566,13.483566,0,0,0,0
lane_curve_bright_baseline_r01_s10001,32.288,1.479199,-0.450000,0.406873,0,13.483566,13.483566,0,0,0,0
lane_curve_bright_baseline_r01_s10001,32.320,1.479199,-0.450000,0.406873,0,13.483566,13.483566,0,0,0,0
lane_curve_bright_baseline_r01_s10001,32.352,1.479199,-0.450000,0.406873,0,13.483566,13.483566,0,0,0,0
lane_curve_bright_baseline_r01_s10001,32.384,1.479199,-0.450000,0.406873,0,13.483566,13.483566,0,0,0,0
lane_curve_bright_baseline_r01_s10001,32.416,1.479199,-0.450000,0.406873,0,13.483566,13.483566,0,0,0,0
lane_curve_bright_baseline_r01_s10001,32.448,1.479199,-0.450000,0.406873,0,13.483566,13.483566,0,0,0,0
lane_curve_bright_baseline_r01_s10001,32.480,1.479199,-0.450000,0.406873,0,13.483566,13.483566,0,0,0,0
lane_curve_bright_baseline_r01_s10001,32.512,1.479199,-0.450000,0.406873,0,13.483566,13.483566,0,0,0,0
lane_curve_bright_baseline_r01_s10001,32.544,1.479199,-0.450000,0.406873,0,13.483566,13.483566,0,0,0,0
lane_curve_bright_baseline_r01_s10001,32.576,1.479199,-0.450000,0.406873,0,13.483566,13.483566,0,0,0,0
lane_curve_bright_baseline_r01_s10001,32.608,1.479199,-0.450000,0.406873,0,13.483566,13.483566,0,0,0,0
lane_curve_bright_baseline_r01_s10001,32.640,1.479199,-0.450000,0.406873,0,13.483566,13.483566,0,0,0,0
lane_curve_bright_baseline_r01_s10001,32.672,1.479199,-0.450000,0.406873,0,13.483566,13.483566,0,0,0,0
lane_curve_bright_baseline_r01_s10001,32.704,1.479199,-0.450000,0.406873,0,13.483566,13.483566,0,0,0,0
lane_curve_bright_baseline_r01_s10001,32.736,1.479199,-0.450000,0.406873,0,13.483566,13.483566,0,0,0,0
lane_curve_bright_baseline_r01_s10001,32.768,1.479199,-0.450000,0.406873,0,13.483566,13.483566,0,0,0,0
lane_curve_bright_baseline_r01_s10001,32.800,1.479199,-0.450000,0.406873,0,13.483566,13.483566,0,0,0,0
lane_curve_bright_baseline_r01_s10001,32.832,1.479199,-0.450000,0.406873,0,13.483566,13.483566,0,0,0,0
lane_curve_bright_baseline_r01_s10001,32.864,1.479199,-0.450000,0.406873,0,13.483566,13.483566,0,0,0,0
lane_curve_bright_baseline_r01_s10001,32.896,1.479199,-0.450000,0.406873,0,13.483566,13.483566,0,0,0,0
lane_curve_bright_baseline_r01_s10001,32.928,1.479199,-0.450000,0.406873,0,13.483566,13.483566,0,0,0,0
lane_curve_bright_baseline_r01_s10001,32.960,1.479199,-0.450000,0.406873,0,13.483566,13.483566,0,0,0,0
lane_curve_bright_baseline_r01_s10001,32.992,1.479199,-0.450000,0.406873,0,13.483566,13.483566,0,0,0,0
lane_curve_bright_baseline_r01_s10001,33.024,1.479199,-0.450000,0.406873,0,13.483566,13.483566,0,0,0,0
lane_curve_bright_baseline_r01_s10001,33.056,1.479199,-0.450000,0.406873,0,13.483566,13.483566,0,0,0,0
lane_curve_bright_baseline_r01_s10001,33.088,1.479199,-0.450000,0.406873,0,13.483566,13.483566,0,0,0,0
lane_curve_bright_baseline_r01_s10001,33.120,1.479199,-0.450000,0.406873,0,13.483566,13.483566,0,0,0,0
lane_curve_bright_baseline_r01_s10001,33.152,1.479199,-0.450000,0.406873,0,13.483566,13.483566,0,0,0,0
lane_curve_bright_baseline_r01_s10001,33.184,1.479199,-0.450000,0.406873,0,13.483566,13.483566,0,0,0,0
lane_curve_bright_baseline_r01_s10001,33.216,1.479199,-0.450000,0.406873,0,13.483566,13.483566,0,0,0,0
lane_curve_bright_baseline_r01_s10001,33.248,1.479199,-0.450000,0.406873,0,13.483566,13.483566,0,0,0,0
lane_curve_bright_baseline_r01_s10001,33.280,1.479199,-0.450000,0.406873,0,13.483566,13.483566,0,0,0,0
lane_curve_bright_baseline_r01_s10001,33.312,1.479199,-0.450000,0.406873,0,13.483566,13.483566,0,0,0,0
lane_curve_bright_baseline_r01_s10001,33.344,1.479199,-0.450000,0.406873,0,13.483566,13.483566,0,0,0,0
lane_curve_bright_baseline_r01_s10001,33.376,1.479199,-0.450000,0.406873,0,13.483566,13.483566,0,0,0,0
lane_curve_bright_baseline_r01_s10001,33.408,1.479199,-0.450000,0.406873,0,13.483566,13.483566,0,0,0,0
lane_curve_bright_baseline_r01_s10001,33.440,1.479199,-0.450000,0.406873,0,13.483566,13.483566,0,0,0,0
lane_curve_bright_baseline_r01_s10001,33.472,1.479199,-0.450000,0.406873,0,13.483566,13.483566,0,0,0,0
lane_curve_bright_baseline_r01_s10001,33.504,1.479199,-0.450000,0.406873,0,13.483566,13.483566,0,0,0,0
lane_curve_bright_baseline_r01_s10001,33.536,1.479199,-0.450000,0.406873,0,13.483566,13.483566,0,0,0,0
lane_curve_bright_baseline_r01_s10001,33.568,1.479199,-0.450000,0.406873,0,13.483566,13.483566,0,0,0,0
lane_curve_bright_baseline_r01_s10001,33.600,1.479199,-0.450000,0.406873,0,13.483566,13.483566,0,0,0,0
lane_curve_bright_baseline_r01_s10001,33.632,1.479199,-0.450000,0.406873,0,13.483566,13.483566,0,0,0,0
lane_curve_bright_baseline_r01_s10001,33.664,1.479199,-0.450000,0.406873,0,13.483566,13.483566,0,0,0,0
lane_curve_bright_baseline_r01_s10001,33.696,1.479199,-0.450000,0.406873,0,13.483566,13.483566,0,0,0,0
lane_curve_bright_baseline_r01_s10001,33.728,1.479199,-0.450000,0.406873,0,13.483566,13.483566,0,0,0,0
lane_curve_bright_baseline_r01_s10001,33.760,1.479199,-0.450000,0.406873,0,13.483566,13.483566,0,0,0,0
lane_curve_bright_baseline_r01_s10001,33.792,1.479199,-0.450000,0.406873,0,13.483566,13.483566,0,0,0,0
lane_curve_bright_baseline_r01_s10001,33.824,1.479199,-0.450000,0.406873,0,13.483566,13.483566,0,0,0,0
lane_curve_bright_baseline_r01_s10001,33.856,1.479199,-0.450000,0.406873,0,13.483566,13.483566,0,0,0,0
lane_curve_bright_baseline_r01_s10001,33.888,1.479199,-0.450000,0.406873,0,13.483566,13.483566,0,0,0,0
lane_curve_bright_baseline_r01_s10001,33.920,1.479199,-0.450000,0.406873,0,13.483566,13.483566,0,0,0,0
lane_curve_bright_baseline_r01_s10001,33.952,1.479199,-0.450000,0.406873,0,13.483566,13.483566,0,0,0,0
lane_curve_bright_baseline_r01_s10001,33.984,1.479199,-0.450000,0.406873,0,13.483566,13.483566,0,0,0,0
lane_curve_bright_baseline_r01_s10001,34.016,1.479199,-0.450000,0.406873,0,13.483566,13.483566,0,0,0,0
lane_curve_bright_baseline_r01_s10001,34.048,1.479199,-0.450000,0.406873,0,13.483566,13.483566,0,0,0,0
lane_curve_bright_baseline_r01_s10001,34.080,1.479199,-0.450000,0.406873,0,13.483566,13.483566,0,0,0,0
lane_curve_bright_baseline_r01_s10001,34.112,1.479199,-0.450000,0.406873,0,13.483566,13.483566,0,0,0,0
lane_curve_bright_baseline_r01_s10001,34.144,1.479199,-0.450000,0.406873,0,13.483566,13.483566,0,0,0,0
lane_curve_bright_baseline_r01_s10001,34.176,1.479199,-0.450000,0.406873,0,13.483566,13.483566,0,0,0,0
lane_curve_bright_baseline_r01_s10001,34.208,1.479199,-0.450000,0.406873,0,13.483566,13.483566,0,0,0,0
lane_curve_bright_baseline_r01_s10001,34.240,1.479199,-0.450000,0.406873,0,13.483566,13.483566,0,0,0,0
lane_curve_bright_baseline_r01_s10001,34.272,1.479199,-0.450000,0.406873,0,13.483566,13.483566,0,0,0,0
lane_curve_bright_baseline_r01_s10001,34.304,1.479199,-0.450000,0.406873,0,13.483566,13.483566,0,0,0,0
lane_curve_bright_baseline_r01_s10001,34.336,1.479199,-0.450000,0.406873,0,13.483566,13.483566,0,0,0,0
lane_curve_bright_baseline_r01_s10001,34.368,1.479199,-0.450000,0.406873,0,13.483566,13.483566,0,0,0,0
lane_curve_bright_baseline_r01_s10001,34.400,1.479199,-0.450000,0.406873,0,13.483566,13.483566,0,0,0,0
lane_curve_bright_baseline_r01_s10001,34.432,1.479199,-0.450000,0.406873,0,13.483566,13.483566,0,0,0,0
lane_curve_bright_baseline_r01_s10001,34.464,1.479199,-0.450000,0.406873,0,13.483566,13.483566,0,0,0,0
lane_curve_bright_baseline_r01_s10001,34.496,1.479199,-0.450000,0.406873,0,13.483566,13.483566,0,0,0,0
lane_curve_bright_baseline_r01_s10001,34.528,1.479199,-0.450000,0.406873,0,13.483566,13.483566,0,0,0,0
lane_curve_bright_baseline_r01_s10001,34.560,1.479199,-0.450000,0.406873,0,13.483566,13.483566,0,0,0,0
lane_curve_bright_baseline_r01_s10001,34.592,1.479199,-0.450000,0.406873,0,13.483566,13.483566,0,0,0,0
lane_curve_bright_baseline_r01_s10001,34.624,1.479199,-0.450000,0.406873,0,13.483566,13.483566,0,0,0,0
lane_curve_bright_baseline_r01_s10001,34.656,1.479199,-0.450000,0.406873,0,13.483566,13.483566,0,0,0,0
lane_curve_bright_baseline_r01_s10001,34.688,1.479199,-0.450000,0.406873,0,13.483566,13.483566,0,0,0,0
lane_curve_bright_baseline_r01_s10001,34.720,1.479199,-0.450000,0.406873,0,13.483566,13.483566,0,0,0,0
lane_curve_bright_baseline_r01_s10001,34.752,1.479199,-0.450000,0.406873,0,13.483566,13.483566,0,0,0,0
lane_curve_bright_baseline_r01_s10001,34.784,1.479199,-0.450000,0.406873,0,13.483566,13.483566,0,0,0,0
lane_curve_bright_baseline_r01_s10001,34.816,1.479199,-0.450000,0.406873,0,13.483566,13.483566,0,0,0,0
lane_curve_bright_baseline_r01_s10001,34.848,1.479199,-0.450000,0.406873,0,13.483566,13.483566,0,0,0,0
lane_curve_bright_baseline_r01_s10001,34.880,1.479199,-0.450000,0.406873,0,13.483566,13.483566,0,0,0,0
lane_curve_bright_baseline_r01_s10001,34.912,1.479199,-0.450000,0.406873,0,13.483566,13.483566,0,0,0,0
lane_curve_bright_baseline_r01_s10001,34.944,1.479199,-0.450000,0.406873,0,13.483566,13.483566,0,0,0,0
lane_curve_bright_baseline_r01_s10001,34.976,1.479199,-0.450000,0.406873,0,13.483566,13.483566,0,0,0,0
lane_curve_bright_baseline_r01_s10001,35.008,1.479199,-0.450000,0.406873,0,13.483566,13.483566,0,0,0,0
lane_curve_bright_baseline_r01_s10001,35.040,1.479199,-0.450000,0.406873,0,13.483566,13.483566,0,0,0,0
lane_curve_bright_baseline_r01_s10001,35.072,1.479199,-0.450000,0.406873,0,13.483566,13.483566,0,0,0,0
lane_curve_bright_baseline_r01_s10001,35.104,1.479199,-0.450000,0.406873,0,13.483566,13.483566,0,0,0,0
lane_curve_bright_baseline_r01_s10001,35.136,1.479199,-0.450000,0.406873,0,13.483566,13.483566,0,0,0,0
lane_curve_bright_baseline_r01_s10001,35.168,1.479199,-0.450000,0.406873,0,13.483566,13.483566,0,0,0,0
lane_curve_bright_baseline_r01_s10001,35.200,1.479199,-0.450000,0.406873,0,13.483566,13.483566,0,0,0,0
lane_curve_bright_baseline_r01_s10001,35.232,1.479199,-0.450000,0.406873,0,13.483566,13.483566,0,0,0,0
lane_curve_bright_baseline_r01_s10001,35.264,1.479199,-0.450000,0.406873,0,13.483566,13.483566,0,0,0,0
lane_curve_bright_baseline_r01_s10001,35.296,1.479199,-0.450000,0.406873,0,13.483566,13.483566,0,0,0,0
lane_curve_bright_baseline_r01_s10001,35.328,1.479199,-0.450000,0.406873,0,13.483566,13.483566,0,0,0,0
lane_curve_bright_baseline_r01_s10001,35.360,1.479199,-0.450000,0.406873,0,13.483566,13.483566,0,0,0,0
lane_curve_bright_baseline_r01_s10001,35.392,1.479199,-0.450000,0.406873,0,13.483566,13.483566,0,0,0,0
lane_curve_bright_baseline_r01_s10001,35.424,1.479199,-0.450000,0.406873,0,13.483566,13.483566,0,0,0,0
lane_curve_bright_baseline_r01_s10001,35.456,1.479199,-0.450000,0.406873,0,13.483566,13.483566,0,0,0,0
lane_curve_bright_baseline_r01_s10001,35.488,1.479199,-0.450000,0.406873,0,13.483566,13.483566,0,0,0,0
lane_curve_bright_baseline_r01_s10001,35.520,1.479199,-0.450000,0.406873,0,13.483566,13.483566,0,0,0,0
lane_curve_bright_baseline_r01_s10001,35.552,1.479199,-0.450000,0.406873,0,13.483566,13.483566,0,0,0,0
lane_curve_bright_baseline_r01_s10001,35.584,1.479199,-0.450000,0.406873,0,13.483566,13.483566,0,0,0,0
lane_curve_bright_baseline_r01_s10001,35.616,1.479199,-0.450000,0.406873,0,13.483566,13.483566,0,0,0,0
lane_curve_bright_baseline_r01_s10001,35.648,1.479199,-0.450000,0.406873,0,13.483566,13.483566,0,0,0,0
lane_curve_bright_baseline_r01_s10001,35.680,1.479199,-0.450000,0.406873,0,13.483566,13.483566,0,0,0,0
lane_curve_bright_baseline_r01_s10001,35.712,1.479199,-0.450000,0.406873,0,13.483566,13.483566,0,0,0,0
lane_curve_bright_baseline_r01_s10001,35.744,1.479199,-0.450000,0.406873,0,13.483566,13.483566,0,0,0,0
lane_curve_bright_baseline_r01_s10001,35.776,1.479199,-0.450000,0.406873,0,13.483566,13.483566,0,0,0,0
lane_curve_bright_baseline_r01_s10001,35.808,1.479199,-0.450000,0.406873,0,13.483566,13.483566,0,0,0,0
lane_curve_bright_baseline_r01_s10001,35.840,1.479199,-0.450000,0.406873,0,13.483566,13.483566,0,0,0,0
lane_curve_bright_baseline_r01_s10001,35.872,1.479199,-0.450000,0.406873,0,13.483566,13.483566,0,0,0,0
lane_curve_bright_baseline_r01_s10001,35.904,1.479199,-0.450000,0.406873,0,13.483566,13.483566,0,0,0,0
lane_curve_bright_baseline_r01_s10001,35.936,1.479199,-0.450000,0.406873,0,13.483566,13.483566,0,0,0,0
lane_curve_bright_baseline_r01_s10001,35.968,1.479199,-0.450000,0.406873,0,13.483566,13.483566,0,0,0,0
lane_curve_bright_baseline_r01_s10001,36.000,1.479199,-0.450000,0.406873,0,13.483566,13.483566,0,0,0,0
lane_curve_bright_baseline_r01_s10001,36.032,1.479199,-0.450000,0.406873,0,13.483566,13.483566,0,0,0,0
lane_curve_bright_baseline_r01_s10001,36.064,1.479199,-0.450000,0.406873,0,13.483566,13.483566,0,0,0,0
lane_curve_bright_baseline_r01_s10001,36.096,1.479199,-0.450000,0.406873,0,13.483566,13.483566,0,0,0,0
lane_curve_bright_baseline_r01_s10001,36.128,1.479199,-0.450000,0.406873,0,13.483566,13.483566,0,0,0,0
lane_curve_bright_baseline_r01_s10001,36.160,1.479199,-0.450000,0.406873,0,13.483566,13.483566,0,0,0,0
lane_curve_bright_baseline_r01_s10001,36.192,1.479199,-0.450000,0.406873,0,13.483566,13.483566,0,0,0,0
lane_curve_bright_baseline_r01_s10001,36.224,1.479199,-0.450000,0.406873,0,13.483566,13.483566,0,0,0,0
lane_curve_bright_baseline_r01_s10001,36.256,1.479199,-0.450000,0.406873,0,13.483566,13.483566,0,0,0,0
lane_curve_bright_baseline_r01_s10001,36.288,1.479199,-0.450000,0.406873,0,13.483566,13.483566,0,0,0,0
lane_curve_bright_baseline_r01_s10001,36.320,1.479199,-0.450000,0.406873,0,13.483566,13.483566,0,0,0,0
lane_curve_bright_baseline_r01_s10001,36.352,1.479199,-0.450000,0.406873,0,13.483566,13.483566,0,0,0,0
lane_curve_bright_baseline_r01_s10001,36.384,1.479199,-0.450000,0.406873,0,13.483566,13.483566,0,0,0,0
lane_curve_bright_baseline_r01_s10001,36.416,1.479199,-0.450000,0.406873,0,13.483566,13.483566,0,0,0,0
lane_curve_bright_baseline_r01_s10001,36.448,1.479199,-0.450000,0.406873,0,13.483566,13.483566,0,0,0,0
lane_curve_bright_baseline_r01_s10001,36.480,1.479199,-0.450000,0.406873,0,13.483566,13.483566,0,0,0,0
lane_curve_bright_baseline_r01_s10001,36.512,1.479199,-0.450000,0.406873,0,13.483566,13.483566,0,0,0,0
lane_curve_bright_baseline_r01_s10001,36.544,1.479199,-0.450000,0.406873,0,13.483566,13.483566,0,0,0,0
lane_curve_bright_baseline_r01_s10001,36.576,1.479199,-0.450000,0.406873,0,13.483566,13.483566,0,0,0,0
lane_curve_bright_baseline_r01_s10001,36.608,1.479199,-0.450000,0.406873,0,13.483566,13.483566,0,0,0,0
lane_curve_bright_baseline_r01_s10001,36.640,1.479199,-0.450000,0.406873,0,13.483566,13.483566,0,0,0,0
lane_curve_bright_baseline_r01_s10001,36.672,1.479199,-0.450000,0.406873,0,13.483566,13.483566,0,0,0,0
lane_curve_bright_baseline_r01_s10001,36.704,1.479199,-0.450000,0.406873,0,13.483566,13.483566,0,0,0,0
lane_curve_bright_baseline_r01_s10001,36.736,1.479199,-0.450000,0.406873,0,13.483566,13.483566,0,0,0,0
lane_curve_bright_baseline_r01_s10001,36.768,1.479199,-0.450000,0.406873,0,13.483566,13.483566,0,0,0,0
lane_curve_bright_baseline_r01_s10001,36.800,1.479199,-0.450000,0.406873,0,13.483566,13.483566,0,0,0,0
lane_curve_bright_baseline_r01_s10001,36.832,1.479199,-0.450000,0.406873,0,13.483566,13.483566,0,0,0,0
lane_curve_bright_baseline_r01_s10001,36.864,1.479199,-0.450000,0.406873,0,13.483566,13.483566,0,0,0,0
lane_curve_bright_baseline_r01_s10001,36.896,1.479199,-0.450000,0.406873,0,13.483566,13.483566,0,0,0,0
lane_curve_bright_baseline_r01_s10001,36.928,1.479199,-0.450000,0.406873,0,13.483566,13.483566,0,0,0,0
lane_curve_bright_baseline_r01_s10001,36.960,1.479199,-0.450000,0.406873,0,13.483566,13.483566,0,0,0,0
lane_curve_bright_baseline_r01_s10001,36.992,1.479199,-0.450000,0.406873,0,13.483566,13.483566,0,0,0,0
lane_curve_bright_baseline_r01_s10001,37.024,1.479199,-0.450000,0.406873,0,13.483566,13.483566,0,0,0,0
lane_curve_bright_baseline_r01_s10001,37.056,1.479199,-0.450000,0.406873,0,13.483566,13.483566,0,0,0,0
lane_curve_bright_baseline_r01_s10001,37.088,1.479199,-0.450000,0.406873,0,13.483566,13.483566,0,0,0,0
lane_curve_bright_baseline_r01_s10001,37.120,1.479199,-0.450000,0.406873,0,13.483566,13.483566,0,0,0,0
lane_curve_bright_baseline_r01_s10001,37.152,1.479199,-0.450000,0.406873,0,13.483566,13.483566,0,0,0,0
lane_curve_bright_baseline_r01_s10001,37.184,1.479199,-0.450000,0.406873,0,13.483566,13.483566,0,0,0,0
lane_curve_bright_baseline_r01_s10001,37.216,1.479199,-0.450000,0.406873,0,13.483566,13.483566,0,0,0,0
lane_curve_bright_baseline_r01_s10001,37.248,1.479199,-0.450000,0.406873,0,13.483566,13.483566,0,0,0,0
lane_curve_bright_baseline_r01_s10001,37.280,1.479199,-0.450000,0.406873,0,13.483566,13.483566,0,0,0,0
lane_curve_bright_baseline_r01_s10001,37.312,1.479199,-0.450000,0.406873,0,13.483566,13.483566,0,0,0,0
lane_curve_bright_baseline_r01_s10001,37.344,1.479199,-0.450000,0.406873,0,13.483566,13.483566,0,0,0,0
lane_curve_bright_baseline_r01_s10001,37.376,1.479199,-0.450000,0.406873,0,13.483566,13.483566,0,0,0,0
lane_curve_bright_baseline_r01_s10001,37.408,1.479199,-0.450000,0.406873,0,13.483566,13.483566,0,0,0,0
lane_curve_bright_baseline_r01_s10001,37.440,1.479199,-0.450000,0.406873,0,13.483566,13.483566,0,0,0,0
lane_curve_bright_baseline_r01_s10001,37.472,1.479199,-0.450000,0.406873,0,13.483566,13.483566,0,0,0,0
lane_curve_bright_baseline_r01_s10001,37.504,1.479199,-0.450000,0.406873,0,13.483566,13.483566,0,0,0,0
lane_curve_bright_baseline_r01_s10001,37.536,1.479199,-0.450000,0.406873,0,13.483566,13.483566,0,0,0,0
lane_curve_bright_baseline_r01_s10001,37.568,1.479199,-0.450000,0.406873,0,13.483566,13.483566,0,0,0,0
lane_curve_bright_baseline_r01_s10001,37.600,1.479199,-0.450000,0.406873,0,13.483566,13.483566,0,0,0,0
lane_curve_bright_baseline_r01_s10001,37.632,1.479199,-0.450000,0.406873,0,13.483566,13.483566,0,0,0,0
lane_curve_bright_baseline_r01_s10001,37.664,1.479199,-0.450000,0.406873,0,13.483566,13.483566,0,0,0,0
lane_curve_bright_baseline_r01_s10001,37.696,1.479199,-0.450000,0.406873,0,13.483566,13.483566,0,0,0,0
lane_curve_bright_baseline_r01_s10001,37.728,1.479199,-0.450000,0.406873,0,13.483566,13.483566,0,0,0,0
lane_curve_bright_baseline_r01_s10001,37.760,1.479199,-0.450000,0.406873,0,13.483566,13.483566,0,0,0,0
lane_curve_bright_baseline_r01_s10001,37.792,1.479199,-0.450000,0.406873,0,13.483566,13.483566,0,0,0,0
lane_curve_bright_baseline_r01_s10001,37.824,1.479199,-0.450000,0.406873,0,13.483566,13.483566,0,0,0,0
lane_curve_bright_baseline_r01_s10001,37.856,1.479199,-0.450000,0.406873,0,13.483566,13.483566,0,0,0,0
lane_curve_bright_baseline_r01_s10001,37.888,1.479199,-0.450000,0.406873,0,13.483566,13.483566,0,0,0,0
lane_curve_bright_baseline_r01_s10001,37.920,1.479199,-0.450000,0.406873,0,13.483566,13.483566,0,0,0,0
lane_curve_bright_baseline_r01_s10001,37.952,1.479199,-0.450000,0.406873,0,13.483566,13.483566,0,0,0,0
lane_curve_bright_baseline_r01_s10001,37.984,1.479199,-0.450000,0.406873,0,13.483566,13.483566,0,0,0,0
lane_curve_bright_baseline_r01_s10001,38.016,1.479199,-0.450000,0.406873,0,13.483566,13.483566,0,0,0,0
lane_curve_bright_baseline_r01_s10001,38.048,1.479199,-0.450000,0.406873,0,13.483566,13.483566,0,0,0,0
lane_curve_bright_baseline_r01_s10001,38.080,1.479199,-0.450000,0.406873,0,13.483566,13.483566,0,0,0,0
lane_curve_bright_baseline_r01_s10001,38.112,1.479199,-0.450000,0.406873,0,13.483566,13.483566,0,0,0,0
lane_curve_bright_baseline_r01_s10001,38.144,1.479199,-0.450000,0.406873,0,13.483566,13.483566,0,0,0,0
lane_curve_bright_baseline_r01_s10001,38.176,1.479199,-0.450000,0.406873,0,13.483566,13.483566,0,0,0,0
lane_curve_bright_baseline_r01_s10001,38.208,1.479199,-0.450000,0.406873,0,13.483566,13.483566,0,0,0,0
lane_curve_bright_baseline_r01_s10001,38.240,1.479199,-0.450000,0.406873,0,13.483566,13.483566,0,0,0,0
lane_curve_bright_baseline_r01_s10001,38.272,1.479199,-0.450000,0.406873,0,13.483566,13.483566,0,0,0,0
lane_curve_bright_baseline_r01_s10001,38.304,1.479199,-0.450000,0.406873,0,13.483566,13.483566,0,0,0,0
lane_curve_bright_baseline_r01_s10001,38.336,1.479199,-0.450000,0.406873,0,13.483566,13.483566,0,0,0,0
lane_curve_bright_baseline_r01_s10001,38.368,1.479199,-0.450000,0.406873,0,13.483566,13.483566,0,0,0,0
lane_curve_bright_baseline_r01_s10001,38.400,1.479199,-0.450000,0.406873,0,13.483566,13.483566,0,0,0,0
lane_curve_bright_baseline_r01_s10001,38.432,1.479199,-0.450000,0.406873,0,13.483566,13.483566,0,0,0,0
lane_curve_bright_baseline_r01_s10001,38.464,1.479199,-0.450000,0.406873,0,13.483566,13.483566,0,0,0,0
lane_curve_bright_baseline_r01_s10001,38.496,1.479199,-0.450000,0.406873,0,13.483566,13.483566,0,0,0,0
lane_curve_bright_baseline_r01_s10001,38.528,1.479199,-0.450000,0.406873,0,13.483566,13.483566,0,0,0,0
lane_curve_bright_baseline_r01_s10001,38.560,1.479199,-0.450000,0.406873,0,13.483566,13.483566,0,0,0,0
lane_curve_bright_baseline_r01_s10001,38.592,1.479199,-0.450000,0.406873,0,13.483566,13.483566,0,0,0,0
lane_curve_bright_baseline_r01_s10001,38.624,1.479199,-0.450000,0.406873,0,13.483566,13.483566,0,0,0,0
lane_curve_bright_baseline_r01_s10001,38.656,1.479199,-0.450000,0.406873,0,13.483566,13.483566,0,0,0,0
lane_curve_bright_baseline_r01_s10001,38.688,1.479199,-0.450000,0.406873,0,13.483566,13.483566,0,0,0,0
lane_curve_bright_baseline_r01_s10001,38.720,1.479199,-0.450000,0.406873,0,13.483566,13.483566,0,0,0,0
lane_curve_bright_baseline_r01_s10001,38.752,1.479199,-0.450000,0.406873,0,13.483566,13.483566,0,0,0,0
lane_curve_bright_baseline_r01_s10001,38.784,1.479199,-0.450000,0.406873,0,13.483566,13.483566,0,0,0,0
lane_curve_bright_baseline_r01_s10001,38.816,1.479199,-0.450000,0.406873,0,13.483566,13.483566,0,0,0,0
lane_curve_bright_baseline_r01_s10001,38.848,1.479199,-0.450000,0.406873,0,13.483566,13.483566,0,0,0,0
lane_curve_bright_baseline_r01_s10001,38.880,1.479199,-0.450000,0.406873,0,13.483566,13.483566,0,0,0,0
lane_curve_bright_baseline_r01_s10001,38.912,1.479199,-0.450000,0.406873,0,13.483566,13.483566,0,0,0,0
lane_curve_bright_baseline_r01_s10001,38.944,1.479199,-0.450000,0.406873,0,13.483566,13.483566,0,0,0,0
lane_curve_bright_baseline_r01_s10001,38.976,1.479199,-0.450000,0.406873,0,13.483566,13.483566,0,0,0,0
lane_curve_bright_baseline_r01_s10001,39.008,1.479199,-0.450000,0.406873,0,13.483566,13.483566,0,0,0,0
lane_curve_bright_baseline_r01_s10001,39.040,1.479199,-0.450000,0.406873,0,13.483566,13.483566,0,0,0,0
lane_curve_bright_baseline_r01_s10001,39.072,1.479199,-0.450000,0.406873,0,13.483566,13.483566,0,0,0,0
lane_curve_bright_baseline_r01_s10001,39.104,1.479199,-0.450000,0.406873,0,13.483566,13.483566,0,0,0,0
lane_curve_bright_baseline_r01_s10001,39.136,1.479199,-0.450000,0.406873,0,13.483566,13.483566,0,0,0,0
lane_curve_bright_baseline_r01_s10001,39.168,1.479199,-0.450000,0.406873,0,13.483566,13.483566,0,0,0,0
lane_curve_bright_baseline_r01_s10001,39.200,1.479199,-0.450000,0.406873,0,13.483566,13.483566,0,0,0,0
lane_curve_bright_baseline_r01_s10001,39.232,1.479199,-0.450000,0.406873,0,13.483566,13.483566,0,0,0,0
lane_curve_bright_baseline_r01_s10001,39.264,1.479199,-0.450000,0.406873,0,13.483566,13.483566,0,0,0,0
lane_curve_bright_baseline_r01_s10001,39.296,1.479199,-0.450000,0.406873,0,13.483566,13.483566,0,0,0,0
lane_curve_bright_baseline_r01_s10001,39.328,1.479199,-0.450000,0.406873,0,13.483566,13.483566,0,0,0,0
lane_curve_bright_baseline_r01_s10001,39.360,1.479199,-0.450000,0.406873,0,13.483566,13.483566,0,0,0,0
lane_curve_bright_baseline_r01_s10001,39.392,1.479199,-0.450000,0.406873,0,13.483566,13.483566,0,0,0,0
lane_curve_bright_baseline_r01_s10001,39.424,1.479199,-0.450000,0.406873,0,13.483566,13.483566,0,0,0,0
lane_curve_bright_baseline_r01_s10001,39.456,1.479199,-0.450000,0.406873,0,13.483566,13.483566,0,0,0,0
lane_curve_bright_baseline_r01_s10001,39.488,1.479199,-0.450000,0.406873,0,13.483566,13.483566,0,0,0,0
lane_curve_bright_baseline_r01_s10001,39.520,1.479199,-0.450000,0.406873,0,13.483566,13.483566,0,0,0,0
lane_curve_bright_baseline_r01_s10001,39.552,1.479199,-0.450000,0.406873,0,13.483566,13.483566,0,0,0,0
lane_curve_bright_baseline_r01_s10001,39.584,1.479199,-0.450000,0.406873,0,13.483566,13.483566,0,0,0,0
lane_curve_bright_baseline_r01_s10001,39.616,1.479199,-0.450000,0.406873,0,13.483566,13.483566,0,0,0,0
lane_curve_bright_baseline_r01_s10001,39.648,1.479199,-0.450000,0.406873,0,13.483566,13.483566,0,0,0,0
lane_curve_bright_baseline_r01_s10001,39.680,1.479199,-0.450000,0.406873,0,13.483566,13.483566,0,0,0,0
lane_curve_bright_baseline_r01_s10001,39.712,1.479199,-0.450000,0.406873,0,13.483566,13.483566,0,0,0,0
lane_curve_bright_baseline_r01_s10001,39.744,1.479199,-0.450000,0.406873,0,13.483566,13.483566,0,0,0,0
lane_curve_bright_baseline_r01_s10001,39.776,1.479199,-0.450000,0.406873,0,13.483566,13.483566,0,0,0,0
lane_curve_bright_baseline_r01_s10001,39.808,1.479199,-0.450000,0.406873,0,13.483566,13.483566,0,0,0,0
lane_curve_bright_baseline_r01_s10001,39.840,1.479199,-0.450000,0.406873,0,13.483566,13.483566,0,0,0,0
lane_curve_bright_baseline_r01_s10001,39.872,1.479199,-0.450000,0.406873,0,13.483566,13.483566,0,0,0,0
lane_curve_bright_baseline_r01_s10001,39.904,1.479199,-0.450000,0.406873,0,13.483566,13.483566,0,0,0,0
lane_curve_bright_baseline_r01_s10001,39.936,1.479199,-0.450000,0.406873,0,13.483566,13.483566,0,0,0,0
lane_curve_bright_baseline_r01_s10001,39.968,1.479199,-0.450000,0.406873,0,13.483566,13.483566,0,0,0,0
lane_curve_bright_baseline_r01_s10001,40.000,1.479199,-0.450000,0.406873,0,13.483566,13.483566,0,0,0,0
lane_curve_bright_baseline_r01_s10001,40.032,1.479199,-0.450000,0.406873,0,13.483566,13.483566,0,0,0,0
lane_curve_bright_baseline_r01_s10001,40.064,1.479199,-0.450000,0.406873,0,13.483566,13.483566,0,0,0,0
lane_curve_bright_baseline_r01_s10001,40.096,1.479199,-0.450000,0.406873,0,13.483566,13.483566,0,0,0,0
lane_curve_bright_baseline_r01_s10001,40.128,1.479199,-0.450000,0.406873,0,13.483566,13.483566,0,0,0,0
lane_curve_bright_baseline_r01_s10001,40.160,1.479199,-0.450000,0.406873,0,13.483566,13.483566,0,0,0,0
lane_curve_bright_baseline_r01_s10001,40.192,1.479199,-0.450000,0.406873,0,13.483566,13.483566,0,0,0,0
lane_curve_bright_baseline_r01_s10001,40.224,1.479199,-0.450000,0.406873,0,13.483566,13.483566,0,0,0,0
lane_curve_bright_baseline_r01_s10001,40.256,1.479199,-0.450000,0.406873,0,13.483566,13.483566,0,0,0,0
lane_curve_bright_baseline_r01_s10001,40.288,1.479199,-0.450000,0.406873,0,13.483566,13.483566,0,0,0,0
lane_curve_bright_baseline_r01_s10001,40.320,1.479199,-0.450000,0.406873,0,13.483566,13.483566,0,0,0,0
lane_curve_bright_baseline_r01_s10001,40.352,1.479199,-0.450000,0.406873,0,13.483566,13.483566,0,0,0,0
lane_curve_bright_baseline_r01_s10001,40.384,1.479199,-0.450000,0.406873,0,13.483566,13.483566,0,0,0,0
lane_curve_bright_baseline_r01_s10001,40.416,1.479199,-0.450000,0.406873,0,13.483566,13.483566,0,0,0,0
lane_curve_bright_baseline_r01_s10001,40.448,1.479199,-0.450000,0.406873,0,13.483566,13.483566,0,0,0,0
lane_curve_bright_baseline_r01_s10001,40.480,1.479199,-0.450000,0.406873,0,13.483566,13.483566,0,0,0,0
lane_curve_bright_baseline_r01_s10001,40.512,1.479199,-0.450000,0.406873,0,13.483566,13.483566,0,0,0,0
lane_curve_bright_baseline_r01_s10001,40.544,1.479199,-0.450000,0.406873,0,13.483566,13.483566,0,0,0,0
lane_curve_bright_baseline_r01_s10001,40.576,1.479199,-0.450000,0.406873,0,13.483566,13.483566,0,0,0,0
lane_curve_bright_baseline_r01_s10001,40.608,1.479199,-0.450000,0.406873,0,13.483566,13.483566,0,0,0,0
lane_curve_bright_baseline_r01_s10001,40.640,1.479199,-0.450000,0.406873,0,13.483566,13.483566,0,0,0,0
lane_curve_bright_baseline_r01_s10001,40.672,1.479199,-0.450000,0.406873,0,13.483566,13.483566,0,0,0,0
lane_curve_bright_baseline_r01_s10001,40.704,1.479199,-0.450000,0.406873,0,13.483566,13.483566,0,0,0,0
lane_curve_bright_baseline_r01_s10001,40.736,1.479199,-0.450000,0.406873,0,13.483566,13.483566,0,0,0,0
lane_curve_bright_baseline_r01_s10001,40.768,1.479199,-0.450000,0.406873,0,13.483566,13.483566,0,0,0,0
lane_curve_bright_baseline_r01_s10001,40.800,1.479199,-0.450000,0.406873,0,13.483566,13.483566,0,0,0,0
lane_curve_bright_baseline_r01_s10001,40.832,1.479199,-0.450000,0.406873,0,13.483566,13.483566,0,0,0,0
lane_curve_bright_baseline_r01_s10001,40.864,1.479199,-0.450000,0.406873,0,13.483566,13.483566,0,0,0,0
lane_curve_bright_baseline_r01_s10001,40.896,1.479199,-0.450000,0.406873,0,13.483566,13.483566,0,0,0,0
lane_curve_bright_baseline_r01_s10001,40.928,1.479199,-0.450000,0.406873,0,13.483566,13.483566,0,0,0,0
lane_curve_bright_baseline_r01_s10001,40.960,1.479199,-0.450000,0.406873,0,13.483566,13.483566,0,0,0,0
lane_curve_bright_baseline_r01_s10001,40.992,1.479199,-0.450000,0.406873,0,13.483566,13.483566,0,0,0,0
lane_curve_bright_baseline_r01_s10001,41.024,1.479199,-0.450000,0.406873,0,13.483566,13.483566,0,0,0,0
lane_curve_bright_baseline_r01_s10001,41.056,1.479199,-0.450000,0.406873,0,13.483566,13.483566,0,0,0,0
lane_curve_bright_baseline_r01_s10001,41.088,1.479199,-0.450000,0.406873,0,13.483566,13.483566,0,0,0,0
lane_curve_bright_baseline_r01_s10001,41.120,1.479199,-0.450000,0.406873,0,13.483566,13.483566,0,0,0,0
lane_curve_bright_baseline_r01_s10001,41.152,1.479199,-0.450000,0.406873,0,13.483566,13.483566,0,0,0,0
lane_curve_bright_baseline_r01_s10001,41.184,1.479199,-0.450000,0.406873,0,13.483566,13.483566,0,0,0,0
lane_curve_bright_baseline_r01_s10001,41.216,1.479199,-0.450000,0.406873,0,13.483566,13.483566,0,0,0,0
lane_curve_bright_baseline_r01_s10001,41.248,1.479199,-0.450000,0.406873,0,13.483566,13.483566,0,0,0,0
lane_curve_bright_baseline_r01_s10001,41.280,1.479199,-0.450000,0.406873,0,13.483566,13.483566,0,0,0,0
lane_curve_bright_baseline_r01_s10001,41.312,1.479199,-0.450000,0.406873,0,13.483566,13.483566,0,0,0,0
lane_curve_bright_baseline_r01_s10001,41.344,1.479199,-0.450000,0.406873,0,13.483566,13.483566,0,0,0,0
lane_curve_bright_baseline_r01_s10001,41.376,1.479199,-0.450000,0.406873,0,13.483566,13.483566,0,0,0,0
lane_curve_bright_baseline_r01_s10001,41.408,1.479199,-0.450000,0.406873,0,13.483566,13.483566,0,0,0,0
lane_curve_bright_baseline_r01_s10001,41.440,1.479199,-0.450000,0.406873,0,13.483566,13.483566,0,0,0,0
lane_curve_bright_baseline_r01_s10001,41.472,1.479199,-0.450000,0.406873,0,13.483566,13.483566,0,0,0,0
lane_curve_bright_baseline_r01_s10001,41.504,1.479199,-0.450000,0.406873,0,13.483566,13.483566,0,0,0,0
lane_curve_bright_baseline_r01_s10001,41.536,1.479199,-0.450000,0.406873,0,13.483566,13.483566,0,0,0,0
lane_curve_bright_baseline_r01_s10001,41.568,1.479199,-0.450000,0.406873,0,13.483566,13.483566,0,0,0,0
lane_curve_bright_baseline_r01_s10001,41.600,1.479199,-0.450000,0.406873,0,13.483566,13.483566,0,0,0,0
lane_curve_bright_baseline_r01_s10001,41.632,1.479199,-0.450000,0.406873,0,13.483566,13.483566,0,0,0,0
lane_curve_bright_baseline_r01_s10001,41.664,1.479199,-0.450000,0.406873,0,13.483566,13.483566,0,0,0,0
lane_curve_bright_baseline_r01_s10001,41.696,1.479199,-0.450000,0.406873,0,13.483566,13.483566,0,0,0,0
lane_curve_bright_baseline_r01_s10001,41.728,1.479199,-0.450000,0.406873,0,13.483566,13.483566,0,0,0,0
lane_curve_bright_baseline_r01_s10001,41.760,1.479199,-0.450000,0.406873,0,13.483566,13.483566,0,0,0,0
lane_curve_bright_baseline_r01_s10001,41.792,1.479199,-0.450000,0.406873,0,13.483566,13.483566,0,0,0,0
lane_curve_bright_baseline_r01_s10001,41.824,1.479199,-0.450000,0.406873,0,13.483566,13.483566,0,0,0,0
lane_curve_bright_baseline_r01_s10001,41.856,1.479199,-0.450000,0.406873,0,13.483566,13.483566,0,0,0,0
lane_curve_bright_baseline_r01_s10001,41.888,1.479199,-0.450000,0.406873,0,13.483566,13.483566,0,0,0,0
lane_curve_bright_baseline_r01_s10001,41.920,1.479199,-0.450000,0.406873,0,13.483566,13.483566,0,0,0,0
lane_curve_bright_baseline_r01_s10001,41.952,1.479199,-0.450000,0.406873,0,13.483566,13.483566,0,0,0,0
lane_curve_bright_baseline_r01_s10001,41.984,1.479199,-0.450000,0.406873,0,13.483566,13.483566,0,0,0,0
lane_curve_bright_baseline_r01_s10001,42.016,1.479199,-0.450000,0.406873,0,13.483566,13.483566,0,0,0,0
lane_curve_bright_baseline_r01_s10001,42.048,1.479199,-0.450000,0.406873,0,13.483566,13.483566,0,0,0,0
lane_curve_bright_baseline_r01_s10001,42.080,1.479199,-0.450000,0.406873,0,13.483566,13.483566,0,0,0,0
lane_curve_bright_baseline_r01_s10001,42.112,1.479199,-0.450000,0.406873,0,13.483566,13.483566,0,0,0,0
lane_curve_bright_baseline_r01_s10001,42.144,1.479199,-0.450000,0.406873,0,13.483566,13.483566,0,0,0,0
lane_curve_bright_baseline_r01_s10001,42.176,1.479199,-0.450000,0.406873,0,13.483566,13.483566,0,0,0,0
lane_curve_bright_baseline_r01_s10001,42.208,1.479199,-0.450000,0.406873,0,13.483566,13.483566,0,0,0,0
lane_curve_bright_baseline_r01_s10001,42.240,1.479199,-0.450000,0.406873,0,13.483566,13.483566,0,0,0,0
lane_curve_bright_baseline_r01_s10001,42.272,1.479199,-0.450000,0.406873,0,13.483566,13.483566,0,0,0,0
lane_curve_bright_baseline_r01_s10001,42.304,1.479199,-0.450000,0.406873,0,13.483566,13.483566,0,0,0,0
lane_curve_bright_baseline_r01_s10001,42.336,1.479199,-0.450000,0.406873,0,13.483566,13.483566,0,0,0,0
lane_curve_bright_baseline_r01_s10001,42.368,1.479199,-0.450000,0.406873,0,13.483566,13.483566,0,0,0,0
lane_curve_bright_baseline_r01_s10001,42.400,1.479199,-0.450000,0.406873,0,13.483566,13.483566,0,0,0,0
lane_curve_bright_baseline_r01_s10001,42.432,1.479199,-0.450000,0.406873,0,13.483566,13.483566,0,0,0,0
lane_curve_bright_baseline_r01_s10001,42.464,1.479199,-0.450000,0.406873,0,13.483566,13.483566,0,0,0,0
lane_curve_bright_baseline_r01_s10001,42.496,1.479199,-0.450000,0.406873,0,13.483566,13.483566,0,0,0,0
lane_curve_bright_baseline_r01_s10001,42.528,1.479199,-0.450000,0.406873,0,13.483566,13.483566,0,0,0,0
lane_curve_bright_baseline_r01_s10001,42.560,1.479199,-0.450000,0.406873,0,13.483566,13.483566,0,0,0,0
lane_curve_bright_baseline_r01_s10001,42.592,1.479199,-0.450000,0.406873,0,13.483566,13.483566,0,0,0,0
lane_curve_bright_baseline_r01_s10001,42.624,1.479199,-0.450000,0.406873,0,13.483566,13.483566,0,0,0,0
lane_curve_bright_baseline_r01_s10001,42.656,1.479199,-0.450000,0.406873,0,13.483566,13.483566,0,0,0,0
lane_curve_bright_baseline_r01_s10001,42.688,1.479199,-0.450000,0.406873,0,13.483566,13.483566,0,0,0,0
lane_curve_bright_baseline_r01_s10001,42.720,1.479199,-0.450000,0.406873,0,13.483566,13.483566,0,0,0,0
lane_curve_bright_baseline_r01_s10001,42.752,1.479199,-0.450000,0.406873,0,13.483566,13.483566,0,0,0,0
lane_curve_bright_baseline_r01_s10001,42.784,1.479199,-0.450000,0.406873,0,13.483566,13.483566,0,0,0,0
lane_curve_bright_baseline_r01_s10001,42.816,1.479199,-0.450000,0.406873,0,13.483566,13.483566,0,0,0,0
lane_curve_bright_baseline_r01_s10001,42.848,1.479199,-0.450000,0.406873,0,13.483566,13.483566,0,0,0,0
lane_curve_bright_baseline_r01_s10001,42.880,1.479199,-0.450000,0.406873,0,13.483566,13.483566,0,0,0,0
lane_curve_bright_baseline_r01_s10001,42.912,1.479199,-0.450000,0.406873,0,13.483566,13.483566,0,0,0,0
lane_curve_bright_baseline_r01_s10001,42.944,1.479199,-0.450000,0.406873,0,13.483566,13.483566,0,0,0,0
lane_curve_bright_baseline_r01_s10001,42.976,1.479199,-0.450000,0.406873,0,13.483566,13.483566,0,0,0,0
lane_curve_bright_baseline_r01_s10001,43.008,1.479199,-0.450000,0.406873,0,13.483566,13.483566,0,0,0,0
lane_curve_bright_baseline_r01_s10001,43.040,1.479199,-0.450000,0.406873,0,13.483566,13.483566,0,0,0,0
lane_curve_bright_baseline_r01_s10001,43.072,1.479199,-0.450000,0.406873,0,13.483566,13.483566,0,0,0,0
lane_curve_bright_baseline_r01_s10001,43.104,1.479199,-0.450000,0.406873,0,13.483566,13.483566,0,0,0,0
lane_curve_bright_baseline_r01_s10001,43.136,1.479199,-0.450000,0.406873,0,13.483566,13.483566,0,0,0,0
lane_curve_bright_baseline_r01_s10001,43.168,1.479199,-0.450000,0.406873,0,13.483566,13.483566,0,0,0,0
lane_curve_bright_baseline_r01_s10001,43.200,1.479199,-0.450000,0.406873,0,13.483566,13.483566,0,0,0,0
lane_curve_bright_baseline_r01_s10001,43.232,1.479199,-0.450000,0.406873,0,13.483566,13.483566,0,0,0,0
lane_curve_bright_baseline_r01_s10001,43.264,1.479199,-0.450000,0.406873,0,13.483566,13.483566,0,0,0,0
lane_curve_bright_baseline_r01_s10001,43.296,1.479199,-0.450000,0.406873,0,13.483566,13.483566,0,0,0,0
lane_curve_bright_baseline_r01_s10001,43.328,1.479199,-0.450000,0.406873,0,13.483566,13.483566,0,0,0,0
lane_curve_bright_baseline_r01_s10001,43.360,1.479199,-0.450000,0.406873,0,13.483566,13.483566,0,0,0,0
lane_curve_bright_baseline_r01_s10001,43.392,1.479199,-0.450000,0.406873,0,13.483566,13.483566,0,0,0,0
lane_curve_bright_baseline_r01_s10001,43.424,1.479199,-0.450000,0.406873,0,13.483566,13.483566,0,0,0,0
lane_curve_bright_baseline_r01_s10001,43.456,1.479199,-0.450000,0.406873,0,13.483566,13.483566,0,0,0,0
lane_curve_bright_baseline_r01_s10001,43.488,1.479199,-0.450000,0.406873,0,13.483566,13.483566,0,0,0,0
lane_curve_bright_baseline_r01_s10001,43.520,1.479199,-0.450000,0.406873,0,13.483566,13.483566,0,0,0,0
lane_curve_bright_baseline_r01_s10001,43.552,1.479199,-0.450000,0.406873,0,13.483566,13.483566,0,0,0,0
lane_curve_bright_baseline_r01_s10001,43.584,1.479199,-0.450000,0.406873,0,13.483566,13.483566,0,0,0,0
lane_curve_bright_baseline_r01_s10001,43.616,1.479199,-0.450000,0.406873,0,13.483566,13.483566,0,0,0,0
lane_curve_bright_baseline_r01_s10001,43.648,1.479199,-0.450000,0.406873,0,13.483566,13.483566,0,0,0,0
lane_curve_bright_baseline_r01_s10001,43.680,1.479199,-0.450000,0.406873,0,13.483566,13.483566,0,0,0,0
lane_curve_bright_baseline_r01_s10001,43.712,1.479199,-0.450000,0.406873,0,13.483566,13.483566,0,0,0,0
lane_curve_bright_baseline_r01_s10001,43.744,1.479199,-0.450000,0.406873,0,13.483566,13.483566,0,0,0,0
lane_curve_bright_baseline_r01_s10001,43.776,1.479199,-0.450000,0.406873,0,13.483566,13.483566,0,0,0,0
lane_curve_bright_baseline_r01_s10001,43.808,1.479199,-0.450000,0.406873,0,13.483566,13.483566,0,0,0,0
lane_curve_bright_baseline_r01_s10001,43.840,1.479199,-0.450000,0.406873,0,13.483566,13.483566,0,0,0,0
lane_curve_bright_baseline_r01_s10001,43.872,1.479199,-0.450000,0.406873,0,13.483566,13.483566,0,0,0,0
lane_curve_bright_baseline_r01_s10001,43.904,1.479199,-0.450000,0.406873,0,13.483566,13.483566,0,0,0,0
lane_curve_bright_baseline_r01_s10001,43.936,1.479199,-0.450000,0.406873,0,13.483566,13.483566,0,0,0,0
lane_curve_bright_baseline_r01_s10001,43.968,1.479199,-0.450000,0.406873,0,13.483566,13.483566,0,0,0,0
lane_curve_bright_baseline_r01_s10001,44.000,1.479199,-0.450000,0.406873,0,13.483566,13.483566,0,0,0,0
lane_curve_bright_baseline_r01_s10001,44.032,1.479199,-0.450000,0.406873,0,13.483566,13.483566,0,0,0,0
lane_curve_bright_baseline_r01_s10001,44.064,1.479199,-0.450000,0.406873,0,13.483566,13.483566,0,0,0,0
lane_curve_bright_baseline_r01_s10001,44.096,1.479199,-0.450000,0.406873,0,13.483566,13.483566,0,0,0,0
lane_curve_bright_baseline_r01_s10001,44.128,1.479199,-0.450000,0.406873,0,13.483566,13.483566,0,0,0,0
lane_curve_bright_baseline_r01_s10001,44.160,1.479199,-0.450000,0.406873,0,13.483566,13.483566,0,0,0,0
lane_curve_bright_baseline_r01_s10001,44.192,1.479199,-0.450000,0.406873,0,13.483566,13.483566,0,0,0,0
lane_curve_bright_baseline_r01_s10001,44.224,1.479199,-0.450000,0.406873,0,13.483566,13.483566,0,0,0,0
lane_curve_bright_baseline_r01_s10001,44.256,1.479199,-0.450000,0.406873,0,13.483566,13.483566,0,0,0,0
lane_curve_bright_baseline_r01_s10001,44.288,1.479199,-0.450000,0.406873,0,13.483566,13.483566,0,0,0,0
lane_curve_bright_baseline_r01_s10001,44.320,1.479199,-0.450000,0.406873,0,13.483566,13.483566,0,0,0,0
lane_curve_bright_baseline_r01_s10001,44.352,1.479199,-0.450000,0.406873,0,13.483566,13.483566,0,0,0,0
lane_curve_bright_baseline_r01_s10001,44.384,1.479199,-0.450000,0.406873,0,13.483566,13.483566,0,0,0,0
lane_curve_bright_baseline_r01_s10001,44.416,1.479199,-0.450000,0.406873,0,13.483566,13.483566,0,0,0,0
lane_curve_bright_baseline_r01_s10001,44.448,1.479199,-0.450000,0.406873,0,13.483566,13.483566,0,0,0,0
lane_curve_bright_baseline_r01_s10001,44.480,1.479199,-0.450000,0.406873,0,13.483566,13.483566,0,0,0,0
lane_curve_bright_baseline_r01_s10001,44.512,1.479199,-0.450000,0.406873,0,13.483566,13.483566,0,0,0,0
lane_curve_bright_baseline_r01_s10001,44.544,1.479199,-0.450000,0.406873,0,13.483566,13.483566,0,0,0,0
lane_curve_bright_baseline_r01_s10001,44.576,1.479199,-0.450000,0.406873,0,13.483566,13.483566,0,0,0,0
lane_curve_bright_baseline_r01_s10001,44.608,1.479199,-0.450000,0.406873,0,13.483566,13.483566,0,0,0,0
lane_curve_bright_baseline_r01_s10001,44.640,1.479199,-0.450000,0.406873,0,13.483566,13.483566,0,0,0,0
lane_curve_bright_baseline_r01_s10001,44.672,1.479199,-0.450000,0.406873,0,13.483566,13.483566,0,0,0,0
lane_curve_bright_baseline_r01_s10001,44.704,1.479199,-0.450000,0.406873,0,13.483566,13.483566,0,0,0,0
lane_curve_bright_baseline_r01_s10001,44.736,1.479199,-0.450000,0.406873,0,13.483566,13.483566,0,0,0,0
lane_curve_bright_baseline_r01_s10001,44.768,1.479199,-0.450000,0.406873,0,13.483566,13.483566,0,0,0,0
lane_curve_bright_baseline_r01_s10001,44.800,1.479199,-0.450000,0.406873,0,13.483566,13.483566,0,0,0,0
lane_curve_bright_baseline_r01_s10001,44.832,1.479199,-0.450000,0.406873,0,13.483566,13.483566,0,0,0,0
lane_curve_bright_baseline_r01_s10001,44.864,1.479199,-0.450000,0.406873,0,13.483566,13.483566,0,0,0,0
lane_curve_bright_baseline_r01_s10001,44.896,1.479199,-0.450000,0.406873,0,13.483566,13.483566,0,0,0,0
lane_curve_bright_baseline_r01_s10001,44.928,1.479199,-0.450000,0.406873,0,13.483566,13.483566,0,0,0,0
lane_curve_bright_baseline_r01_s10001,44.960,1.479199,-0.450000,0.406873,0,13.483566,13.483566,0,0,0,0
lane_curve_bright_baseline_r01_s10001,44.992,1.479199,-0.450000,0.406873,0,13.483566,13.483566,0,0,0,0
lane_curve_bright_baseline_r01_s10001,45.024,1.479199,-0.450000,0.406873,0,13.483566,13.483566,0,0,0,0
lane_curve_bright_baseline_r01_s10001,45.056,1.479199,-0.450000,0.406873,0,13.483566,13.483566,0,0,0,0
lane_curve_bright_baseline_r01_s10001,45.088,1.479199,-0.450000,0.406873,0,13.483566,13.483566,0,0,0,0
lane_curve_bright_baseline_r01_s10001,45.120,1.479199,-0.450000,0.406873,0,13.483566,13.483566,0,0,0,0
lane_curve_bright_baseline_r01_s10001,45.152,1.479199,-0.450000,0.406873,0,13.483566,13.483566,0,0,0,0
lane_curve_bright_baseline_r01_s10001,45.184,1.479199,-0.450000,0.406873,0,13.483566,13.483566,0,0,0,0
lane_curve_bright_baseline_r01_s10001,45.216,1.479199,-0.450000,0.406873,0,13.483566,13.483566,0,0,0,0
lane_curve_bright_baseline_r01_s10001,45.248,1.479199,-0.450000,0.406873,0,13.483566,13.483566,0,0,0,0
lane_curve_bright_baseline_r01_s10001,45.280,1.479199,-0.450000,0.406873,0,13.483566,13.483566,0,0,0,0
lane_curve_bright_baseline_r01_s10001,45.312,1.479199,-0.450000,0.406873,0,13.483566,13.483566,0,0,0,0
lane_curve_bright_baseline_r01_s10001,45.344,1.479199,-0.450000,0.406873,0,13.483566,13.483566,0,0,0,0
lane_curve_bright_baseline_r01_s10001,45.376,1.479199,-0.450000,0.406873,0,13.483566,13.483566,0,0,0,0
lane_curve_bright_baseline_r01_s10001,45.408,1.479199,-0.450000,0.406873,0,13.483566,13.483566,0,0,0,0
lane_curve_bright_baseline_r01_s10001,45.440,1.479199,-0.450000,0.406873,0,13.483566,13.483566,0,0,0,0
lane_curve_bright_baseline_r01_s10001,45.472,1.479199,-0.450000,0.406873,0,13.483566,13.483566,0,0,0,0
lane_curve_bright_baseline_r01_s10001,45.504,1.479199,-0.450000,0.406873,0,13.483566,13.483566,0,0,0,0
lane_curve_bright_baseline_r01_s10001,45.536,1.479199,-0.450000,0.406873,0,13.483566,13.483566,0,0,0,0
lane_curve_bright_baseline_r01_s10001,45.568,1.479199,-0.450000,0.406873,0,13.483566,13.483566,0,0,0,0
lane_curve_bright_baseline_r01_s10001,45.600,1.479199,-0.450000,0.406873,0,13.483566,13.483566,0,0,0,0
lane_curve_bright_baseline_r01_s10001,45.632,1.479199,-0.450000,0.406873,0,13.483566,13.483566,0,0,0,0
lane_curve_bright_baseline_r01_s10001,45.664,1.479199,-0.450000,0.406873,0,13.483566,13.483566,0,0,0,0
lane_curve_bright_baseline_r01_s10001,45.696,1.479199,-0.450000,0.406873,0,13.483566,13.483566,0,0,0,0
lane_curve_bright_baseline_r01_s10001,45.728,1.479199,-0.450000,0.406873,0,13.483566,13.483566,0,0,0,0
lane_curve_bright_baseline_r01_s10001,45.760,1.479199,-0.450000,0.406873,0,13.483566,13.483566,0,0,0,0
lane_curve_bright_baseline_r01_s10001,45.792,1.479199,-0.450000,0.406873,0,13.483566,13.483566,0,0,0,0
lane_curve_bright_baseline_r01_s10001,45.824,1.479199,-0.450000,0.406873,0,13.483566,13.483566,0,0,0,0
lane_curve_bright_baseline_r01_s10001,45.856,1.479199,-0.450000,0.406873,0,13.483566,13.483566,0,0,0,0
lane_curve_bright_baseline_r01_s10001,45.888,1.479199,-0.450000,0.406873,0,13.483566,13.483566,0,0,0,0
lane_curve_bright_baseline_r01_s10001,45.920,1.479199,-0.450000,0.406873,0,13.483566,13.483566,0,0,0,0
lane_curve_bright_baseline_r01_s10001,45.952,1.479199,-0.450000,0.406873,0,13.483566,13.483566,0,0,0,0
lane_curve_bright_baseline_r01_s10001,45.984,1.479199,-0.450000,0.406873,0,13.483566,13.483566,0,0,0,0
lane_curve_bright_baseline_r01_s10001,46.016,1.479199,-0.450000,0.406873,0,13.483566,13.483566,0,0,0,0
lane_curve_bright_baseline_r01_s10001,46.048,1.479199,-0.450000,0.406873,0,13.483566,13.483566,0,0,0,0
lane_curve_bright_baseline_r01_s10001,46.080,1.479199,-0.450000,0.406873,0,13.483566,13.483566,0,0,0,0
lane_curve_bright_baseline_r01_s10001,46.112,1.479199,-0.450000,0.406873,0,13.483566,13.483566,0,0,0,0
lane_curve_bright_baseline_r01_s10001,46.144,1.479199,-0.450000,0.406873,0,13.483566,13.483566,0,0,0,0
lane_curve_bright_baseline_r01_s10001,46.176,1.479199,-0.450000,0.406873,0,13.483566,13.483566,0,0,0,0
lane_curve_bright_baseline_r01_s10001,46.208,1.479199,-0.450000,0.406873,0,13.483566,13.483566,0,0,0,0
lane_curve_bright_baseline_r01_s10001,46.240,1.479199,-0.450000,0.406873,0,13.483566,13.483566,0,0,0,0
lane_curve_bright_baseline_r01_s10001,46.272,1.479199,-0.450000,0.406873,0,13.483566,13.483566,0,0,0,0
lane_curve_bright_baseline_r01_s10001,46.304,1.479199,-0.450000,0.406873,0,13.483566,13.483566,0,0,0,0
lane_curve_bright_baseline_r01_s10001,46.336,1.479199,-0.450000,0.406873,0,13.483566,13.483566,0,0,0,0
lane_curve_bright_baseline_r01_s10001,46.368,1.479199,-0.450000,0.406873,0,13.483566,13.483566,0,0,0,0
lane_curve_bright_baseline_r01_s10001,46.400,1.479199,-0.450000,0.406873,0,13.483566,13.483566,0,0,0,0
lane_curve_bright_baseline_r01_s10001,46.432,1.479199,-0.450000,0.406873,0,13.483566,13.483566,0,0,0,0
lane_curve_bright_baseline_r01_s10001,46.464,1.479199,-0.450000,0.406873,0,13.483566,13.483566,0,0,0,0
lane_curve_bright_baseline_r01_s10001,46.496,1.479199,-0.450000,0.406873,0,13.483566,13.483566,0,0,0,0
lane_curve_bright_baseline_r01_s10001,46.528,1.479199,-0.450000,0.406873,0,13.483566,13.483566,0,0,0,0
lane_curve_bright_baseline_r01_s10001,46.560,1.479199,-0.450000,0.406873,0,13.483566,13.483566,0,0,0,0
lane_curve_bright_baseline_r01_s10001,46.592,1.479199,-0.450000,0.406873,0,13.483566,13.483566,0,0,0,0
lane_curve_bright_baseline_r01_s10001,46.624,1.479199,-0.450000,0.406873,0,13.483566,13.483566,0,0,0,0
lane_curve_bright_baseline_r01_s10001,46.656,1.479199,-0.450000,0.406873,0,13.483566,13.483566,0,0,0,0
lane_curve_bright_baseline_r01_s10001,46.688,1.479199,-0.450000,0.406873,0,13.483566,13.483566,0,0,0,0
lane_curve_bright_baseline_r01_s10001,46.720,1.479199,-0.450000,0.406873,0,13.483566,13.483566,0,0,0,0
lane_curve_bright_baseline_r01_s10001,46.752,1.479199,-0.450000,0.406873,0,13.483566,13.483566,0,0,0,0
lane_curve_bright_baseline_r01_s10001,46.784,1.479199,-0.450000,0.406873,0,13.483566,13.483566,0,0,0,0
lane_curve_bright_baseline_r01_s10001,46.816,1.479199,-0.450000,0.406873,0,13.483566,13.483566,0,0,0,0
lane_curve_bright_baseline_r01_s10001,46.848,1.479199,-0.450000,0.406873,0,13.483566,13.483566,0,0,0,0
lane_curve_bright_baseline_r01_s10001,46.880,1.479199,-0.450000,0.406873,0,13.483566,13.483566,0,0,0,0
lane_curve_bright_baseline_r01_s10001,46.912,1.479199,-0.450000,0.406873,0,13.483566,13.483566,0,0,0,0
lane_curve_bright_baseline_r01_s10001,46.944,1.479199,-0.450000,0.406873,0,13.483566,13.483566,0,0,0,0
lane_curve_bright_baseline_r01_s10001,46.976,1.479199,-0.450000,0.406873,0,13.483566,13.483566,0,0,0,0
lane_curve_bright_baseline_r01_s10001,47.008,1.479199,-0.450000,0.406873,0,13.483566,13.483566,0,0,0,0
lane_curve_bright_baseline_r01_s10001,47.040,1.479199,-0.450000,0.406873,0,13.483566,13.483566,0,0,0,0
lane_curve_bright_baseline_r01_s10001,47.072,1.479198,-0.450000,0.406873,0,13.483566,13.483566,0,0,0,0
lane_curve_bright_baseline_r01_s10001,47.104,1.479198,-0.450000,0.406873,0,13.483566,13.483566,0,0,0,0
lane_curve_bright_baseline_r01_s10001,47.136,1.479198,-0.450000,0.406873,0,13.483566,13.483566,0,0,0,0
lane_curve_bright_baseline_r01_s10001,47.168,1.479198,-0.450000,0.406873,0,13.483566,13.483566,0,0,0,0
lane_curve_bright_baseline_r01_s10001,47.200,1.479198,-0.450000,0.406873,0,13.483566,13.483566,0,0,0,0
lane_curve_bright_baseline_r01_s10001,47.232,1.479198,-0.450000,0.406873,0,13.483566,13.483566,0,0,0,0
lane_curve_bright_baseline_r01_s10001,47.264,1.479198,-0.450000,0.406873,0,13.483566,13.483566,0,0,0,0
lane_curve_bright_baseline_r01_s10001,47.296,1.479198,-0.450000,0.406873,0,13.483566,13.483566,0,0,0,0
lane_curve_bright_baseline_r01_s10001,47.328,1.479198,-0.450000,0.406873,0,13.483566,13.483566,0,0,0,0
lane_curve_bright_baseline_r01_s10001,47.360,1.479198,-0.450000,0.406873,0,13.483566,13.483566,0,0,0,0
lane_curve_bright_baseline_r01_s10001,47.392,1.479198,-0.450000,0.406873,0,13.483566,13.483566,0,0,0,0
lane_curve_bright_baseline_r01_s10001,47.424,1.479198,-0.450000,0.406873,0,13.483566,13.483566,0,0,0,0
lane_curve_bright_baseline_r01_s10001,47.456,1.479198,-0.450000,0.406873,0,13.483566,13.483566,0,0,0,0
lane_curve_bright_baseline_r01_s10001,47.488,1.479198,-0.450000,0.406873,0,13.483566,13.483566,0,0,0,0
lane_curve_bright_baseline_r01_s10001,47.520,1.479198,-0.450000,0.406873,0,13.483566,13.483566,0,0,0,0
lane_curve_bright_baseline_r01_s10001,47.552,1.479198,-0.450000,0.406873,0,13.483566,13.483566,0,0,0,0
lane_curve_bright_baseline_r01_s10001,47.584,1.479198,-0.450000,0.406873,0,13.483566,13.483566,0,0,0,0
lane_curve_bright_baseline_r01_s10001,47.616,1.479198,-0.450000,0.406873,0,13.483566,13.483566,0,0,0,0
lane_curve_bright_baseline_r01_s10001,47.648,1.479198,-0.450000,0.406873,0,13.483566,13.483566,0,0,0,0
lane_curve_bright_baseline_r01_s10001,47.680,1.479198,-0.450000,0.406873,0,13.483566,13.483566,0,0,0,0
lane_curve_bright_baseline_r01_s10001,47.712,1.479198,-0.450000,0.406873,0,13.483566,13.483566,0,0,0,0
lane_curve_bright_baseline_r01_s10001,47.744,1.479198,-0.450000,0.406873,0,13.483566,13.483566,0,0,0,0
lane_curve_bright_baseline_r01_s10001,47.776,1.479198,-0.450000,0.406873,0,13.483566,13.483566,0,0,0,0
lane_curve_bright_baseline_r01_s10001,47.808,1.479198,-0.450000,0.406873,0,13.483566,13.483566,0,0,0,0
lane_curve_bright_baseline_r01_s10001,47.840,1.479198,-0.450000,0.406873,0,13.483566,13.483566,0,0,0,0
lane_curve_bright_baseline_r01_s10001,47.872,1.479198,-0.450000,0.406873,0,13.483566,13.483566,0,0,0,0
lane_curve_bright_baseline_r01_s10001,47.904,1.479198,-0.450000,0.406873,0,13.483566,13.483566,0,0,0,0
lane_curve_bright_baseline_r01_s10001,47.936,1.479198,-0.450000,0.406873,0,13.483566,13.483566,0,0,0,0
lane_curve_bright_baseline_r01_s10001,47.968,1.479198,-0.450000,0.406873,0,13.483566,13.483566,0,0,0,0
lane_curve_bright_baseline_r01_s10001,48.000,1.479198,-0.450000,0.406873,0,13.483566,13.483566,0,0,0,0
lane_curve_bright_baseline_r01_s10001,48.032,1.479198,-0.450000,0.406873,0,13.483566,13.483566,0,0,0,0
lane_curve_bright_baseline_r01_s10001,48.064,1.479198,-0.450000,0.406873,0,13.483566,13.483566,0,0,0,0
lane_curve_bright_baseline_r01_s10001,48.096,1.479198,-0.450000,0.406873,0,13.483566,13.483566,0,0,0,0
lane_curve_bright_baseline_r01_s10001,48.128,1.479198,-0.450000,0.406873,0,13.483566,13.483566,0,0,0,0
lane_curve_bright_baseline_r01_s10001,48.160,1.479198,-0.450000,0.406873,0,13.483566,13.483566,0,0,0,0
lane_curve_bright_baseline_r01_s10001,48.192,1.479198,-0.450000,0.406873,0,13.483566,13.483566,0,0,0,0
lane_curve_bright_baseline_r01_s10001,48.224,1.479198,-0.450000,0.406873,0,13.483566,13.483566,0,0,0,0
lane_curve_bright_baseline_r01_s10001,48.256,1.479198,-0.450000,0.406873,0,13.483566,13.483566,0,0,0,0
lane_curve_bright_baseline_r01_s10001,48.288,1.479198,-0.450000,0.406873,0,13.483566,13.483566,0,0,0,0
lane_curve_bright_baseline_r01_s10001,48.320,1.479198,-0.450000,0.406873,0,13.483566,13.483566,0,0,0,0
lane_curve_bright_baseline_r01_s10001,48.352,1.479198,-0.450000,0.406873,0,13.483566,13.483566,0,0,0,0
lane_curve_bright_baseline_r01_s10001,48.384,1.479198,-0.450000,0.406873,0,13.483566,13.483566,0,0,0,0
lane_curve_bright_baseline_r01_s10001,48.416,1.479198,-0.450000,0.406873,0,13.483566,13.483566,0,0,0,0
lane_curve_bright_baseline_r01_s10001,48.448,1.479198,-0.450000,0.406873,0,13.483566,13.483566,0,0,0,0
lane_curve_bright_baseline_r01_s10001,48.480,1.479198,-0.450000,0.406873,0,13.483566,13.483566,0,0,0,0
lane_curve_bright_baseline_r01_s10001,48.512,1.479198,-0.450000,0.406873,0,13.483566,13.483566,0,0,0,0
lane_curve_bright_baseline_r01_s10001,48.544,1.479198,-0.450000,0.406873,0,13.483566,13.483566,0,0,0,0
lane_curve_bright_baseline_r01_s10001,48.576,1.479198,-0.450000,0.406873,0,13.483566,13.483566,0,0,0,0
lane_curve_bright_baseline_r01_s10001,48.608,1.479198,-0.450000,0.406873,0,13.483566,13.483566,0,0,0,0
lane_curve_bright_baseline_r01_s10001,48.640,1.479198,-0.450000,0.406873,0,13.483566,13.483566,0,0,0,0
lane_curve_bright_baseline_r01_s10001,48.672,1.479198,-0.450000,0.406873,0,13.483566,13.483566,0,0,0,0
lane_curve_bright_baseline_r01_s10001,48.704,1.479198,-0.450000,0.406873,0,13.483566,13.483566,0,0,0,0
lane_curve_bright_baseline_r01_s10001,48.736,1.479198,-0.450000,0.406873,0,13.483566,13.483566,0,0,0,0
lane_curve_bright_baseline_r01_s10001,48.768,1.479198,-0.450000,0.406873,0,13.483566,13.483566,0,0,0,0
lane_curve_bright_baseline_r01_s10001,48.800,1.479198,-0.450000,0.406873,0,13.483566,13.483566,0,0,0,0
lane_curve_bright_baseline_r01_s10001,48.832,1.479198,-0.450000,0.406873,0,13.483566,13.483566,0,0,0,0
lane_curve_bright_baseline_r01_s10001,48.864,1.479198,-0.450000,0.406873,0,13.483566,13.483566,0,0,0,0
lane_curve_bright_baseline_r01_s10001,48.896,1.479198,-0.450000,0.406873,0,13.483566,13.483566,0,0,0,0
lane_curve_bright_baseline_r01_s10001,48.928,1.479198,-0.450000,0.406873,0,13.483566,13.483566,0,0,0,0
lane_curve_bright_baseline_r01_s10001,48.960,1.479198,-0.450000,0.406873,0,13.483566,13.483566,0,0,0,0
lane_curve_bright_baseline_r01_s10001,48.992,1.479198,-0.450000,0.406873,0,13.483566,13.483566,0,0,0,0
lane_curve_bright_baseline_r01_s10001,49.024,1.479198,-0.450000,0.406873,0,13.483566,13.483566,0,0,0,0
lane_curve_bright_baseline_r01_s10001,49.056,1.479198,-0.450000,0.406873,0,13.483566,13.483566,0,0,0,0
lane_curve_bright_baseline_r01_s10001,49.088,1.479198,-0.450000,0.406873,0,13.483566,13.483566,0,0,0,0
lane_curve_bright_baseline_r01_s10001,49.120,1.479198,-0.450000,0.406873,0,13.483566,13.483566,0,0,0,0
lane_curve_bright_baseline_r01_s10001,49.152,1.479198,-0.450000,0.406873,0,13.483566,13.483566,0,0,0,0
lane_curve_bright_baseline_r01_s10001,49.184,1.479198,-0.450000,0.406873,0,13.483566,13.483566,0,0,0,0
lane_curve_bright_baseline_r01_s10001,49.216,1.479198,-0.450000,0.406873,0,13.483566,13.483566,0,0,0,0
lane_curve_bright_baseline_r01_s10001,49.248,1.479198,-0.450000,0.406873,0,13.483566,13.483566,0,0,0,0
lane_curve_bright_baseline_r01_s10001,49.280,1.479198,-0.450000,0.406873,0,13.483567,13.483567,0,0,0,0
lane_curve_bright_baseline_r01_s10001,49.312,1.479198,-0.450000,0.406873,0,13.483567,13.483567,0,0,0,0
lane_curve_bright_baseline_r01_s10001,49.344,1.479198,-0.450000,0.406873,0,13.483567,13.483567,0,0,0,0
lane_curve_bright_baseline_r01_s10001,49.376,1.479198,-0.450000,0.406873,0,13.483567,13.483567,0,0,0,0
lane_curve_bright_baseline_r01_s10001,49.408,1.479198,-0.450000,0.406873,0,13.483567,13.483567,0,0,0,0
lane_curve_bright_baseline_r01_s10001,49.440,1.479198,-0.450000,0.406873,0,13.483567,13.483567,0,0,0,0
lane_curve_bright_baseline_r01_s10001,49.472,1.479198,-0.450000,0.406873,0,13.483567,13.483567,0,0,0,0
lane_curve_bright_baseline_r01_s10001,49.504,1.479198,-0.450000,0.406873,0,13.483567,13.483567,0,0,0,0
lane_curve_bright_baseline_r01_s10001,49.536,1.479198,-0.450000,0.406873,0,13.483567,13.483567,0,0,0,0
lane_curve_bright_baseline_r01_s10001,49.568,1.479198,-0.450000,0.406873,0,13.483567,13.483567,0,0,0,0
lane_curve_bright_baseline_r01_s10001,49.600,1.479198,-0.450000,0.406873,0,13.483567,13.483567,0,0,0,0
lane_curve_bright_baseline_r01_s10001,49.632,1.479198,-0.450000,0.406873,0,13.483567,13.483567,0,0,0,0
lane_curve_bright_baseline_r01_s10001,49.664,1.479198,-0.450000,0.406873,0,13.483567,13.483567,0,0,0,0
lane_curve_bright_baseline_r01_s10001,49.696,1.479198,-0.450000,0.406873,0,13.483567,13.483567,0,0,0,0
lane_curve_bright_baseline_r01_s10001,49.728,1.479198,-0.450000,0.406873,0,13.483567,13.483567,0,0,0,0
lane_curve_bright_baseline_r01_s10001,49.760,1.479198,-0.450000,0.406873,0,13.483567,13.483567,0,0,0,0
lane_curve_bright_baseline_r01_s10001,49.792,1.479198,-0.450000,0.406873,0,13.483567,13.483567,0,0,0,0
lane_curve_bright_baseline_r01_s10001,49.824,1.479198,-0.450000,0.406873,0,13.483567,13.483567,0,0,0,0
lane_curve_bright_baseline_r01_s10001,49.856,1.479198,-0.450000,0.406873,0,13.483567,13.483567,0,0,0,0
lane_curve_bright_baseline_r01_s10001,49.888,1.479198,-0.450000,0.406873,0,13.483567,13.483567,0,0,0,0
lane_curve_bright_baseline_r01_s10001,49.920,1.479198,-0.450000,0.406873,0,13.483567,13.483567,0,0,0,0
lane_curve_bright_baseline_r01_s10001,49.952,1.479198,-0.450000,0.406873,0,13.483567,13.483567,0,0,0,0
lane_curve_bright_baseline_r01_s10001,49.984,1.479198,-0.450000,0.406873,0,13.483567,13.483567,0,0,0,0
lane_curve_bright_baseline_r01_s10001,50.016,1.479198,-0.450000,0.406873,0,13.483567,13.483567,0,0,0,0
lane_curve_bright_baseline_r01_s10001,50.048,1.479198,-0.450000,0.406873,0,13.483567,13.483567,0,0,0,0
lane_curve_bright_baseline_r01_s10001,50.080,1.479198,-0.450000,0.406873,0,13.483567,13.483567,0,0,0,0
lane_curve_bright_baseline_r01_s10001,50.112,1.479198,-0.450000,0.406873,0,13.483567,13.483567,0,0,0,0
lane_curve_bright_baseline_r01_s10001,50.144,1.479198,-0.450000,0.406873,0,13.483567,13.483567,0,0,0,0
lane_curve_bright_baseline_r01_s10001,50.176,1.479198,-0.450000,0.406873,0,13.483567,13.483567,0,0,0,0
lane_curve_bright_baseline_r01_s10001,50.208,1.479198,-0.450000,0.406873,0,13.483567,13.483567,0,0,0,0
lane_curve_bright_baseline_r01_s10001,50.240,1.479198,-0.450000,0.406873,0,13.483567,13.483567,0,0,0,0
lane_curve_bright_baseline_r01_s10001,50.272,1.479198,-0.450000,0.406872,0,13.483567,13.483567,0,0,0,0
lane_curve_bright_baseline_r01_s10001,50.304,1.479198,-0.450000,0.406872,0,13.483567,13.483567,0,0,0,0
lane_curve_bright_baseline_r01_s10001,50.336,1.479198,-0.450000,0.406872,0,13.483567,13.483567,0,0,0,0
lane_curve_bright_baseline_r01_s10001,50.368,1.479198,-0.450000,0.406872,0,13.483567,13.483567,0,0,0,0
lane_curve_bright_baseline_r01_s10001,50.400,1.479198,-0.450000,0.406872,0,13.483567,13.483567,0,0,0,0
lane_curve_bright_baseline_r01_s10001,50.432,1.479198,-0.450000,0.406872,0,13.483567,13.483567,0,0,0,0
lane_curve_bright_baseline_r01_s10001,50.464,1.479198,-0.450000,0.406872,0,13.483567,13.483567,0,0,0,0
lane_curve_bright_baseline_r01_s10001,50.496,1.479198,-0.450000,0.406872,0,13.483567,13.483567,0,0,0,0
lane_curve_bright_baseline_r01_s10001,50.528,1.479198,-0.450000,0.406872,0,13.483567,13.483567,0,0,0,0
lane_curve_bright_baseline_r01_s10001,50.560,1.479198,-0.450000,0.406872,0,13.483567,13.483567,0,0,0,0
lane_curve_bright_baseline_r01_s10001,50.592,1.479198,-0.450000,0.406872,0,13.483567,13.483567,0,0,0,0
lane_curve_bright_baseline_r01_s10001,50.624,1.479198,-0.450000,0.406872,0,13.483567,13.483567,0,0,0,0
lane_curve_bright_baseline_r01_s10001,50.656,1.479198,-0.450000,0.406872,0,13.483567,13.483567,0,0,0,0
lane_curve_bright_baseline_r01_s10001,50.688,1.479198,-0.450000,0.406872,0,13.483567,13.483567,0,0,0,0
lane_curve_bright_baseline_r01_s10001,50.720,1.479198,-0.450000,0.406872,0,13.483567,13.483567,0,0,0,0
lane_curve_bright_baseline_r01_s10001,50.752,1.479198,-0.450000,0.406872,0,13.483567,13.483567,0,0,0,0
lane_curve_bright_baseline_r01_s10001,50.784,1.479198,-0.450000,0.406872,0,13.483567,13.483567,0,0,0,0
lane_curve_bright_baseline_r01_s10001,50.816,1.479198,-0.450000,0.406872,0,13.483567,13.483567,0,0,0,0
lane_curve_bright_baseline_r01_s10001,50.848,1.479198,-0.450000,0.406872,0,13.483567,13.483567,0,0,0,0
lane_curve_bright_baseline_r01_s10001,50.880,1.479198,-0.450000,0.406872,0,13.483567,13.483567,0,0,0,0
lane_curve_bright_baseline_r01_s10001,50.912,1.479198,-0.450000,0.406872,0,13.483567,13.483567,0,0,0,0
lane_curve_bright_baseline_r01_s10001,50.944,1.479198,-0.450000,0.406872,0,13.483567,13.483567,0,0,0,0
lane_curve_bright_baseline_r01_s10001,50.976,1.479198,-0.450000,0.406872,0,13.483567,13.483567,0,0,0,0
lane_curve_bright_baseline_r01_s10001,51.008,1.479198,-0.450000,0.406872,0,13.483567,13.483567,0,0,0,0
lane_curve_bright_baseline_r01_s10001,51.040,1.479198,-0.450000,0.406872,0,13.483567,13.483567,0,0,0,0
lane_curve_bright_baseline_r01_s10001,51.072,1.479198,-0.450000,0.406872,0,13.483567,13.483567,0,0,0,0
lane_curve_bright_baseline_r01_s10001,51.104,1.479198,-0.450000,0.406872,0,13.483567,13.483567,0,0,0,0
lane_curve_bright_baseline_r01_s10001,51.136,1.479198,-0.450000,0.406872,0,13.483567,13.483567,0,0,0,0
lane_curve_bright_baseline_r01_s10001,51.168,1.479198,-0.450000,0.406872,0,13.483567,13.483567,0,0,0,0
lane_curve_bright_baseline_r01_s10001,51.200,1.479198,-0.450000,0.406872,0,13.483567,13.483567,0,0,0,0
lane_curve_bright_baseline_r01_s10001,51.232,1.479198,-0.450000,0.406872,0,13.483567,13.483567,0,0,0,0
lane_curve_bright_baseline_r01_s10001,51.264,1.479198,-0.450000,0.406872,0,13.483567,13.483567,0,0,0,0
lane_curve_bright_baseline_r01_s10001,51.296,1.479198,-0.450000,0.406872,0,13.483567,13.483567,0,0,0,0
lane_curve_bright_baseline_r01_s10001,51.328,1.479198,-0.450000,0.406872,0,13.483567,13.483567,0,0,0,0
lane_curve_bright_baseline_r01_s10001,51.360,1.479198,-0.450000,0.406872,0,13.483567,13.483567,0,0,0,0
lane_curve_bright_baseline_r01_s10001,51.392,1.479198,-0.450000,0.406872,0,13.483567,13.483567,0,0,0,0
lane_curve_bright_baseline_r01_s10001,51.424,1.479198,-0.450000,0.406872,0,13.483567,13.483567,0,0,0,0
lane_curve_bright_baseline_r01_s10001,51.456,1.479198,-0.450000,0.406872,0,13.483567,13.483567,0,0,0,0
lane_curve_bright_baseline_r01_s10001,51.488,1.479198,-0.450000,0.406872,0,13.483567,13.483567,0,0,0,0
lane_curve_bright_baseline_r01_s10001,51.520,1.479198,-0.450000,0.406872,0,13.483567,13.483567,0,0,0,0
lane_curve_bright_baseline_r01_s10001,51.552,1.479198,-0.450000,0.406872,0,13.483567,13.483567,0,0,0,0
lane_curve_bright_baseline_r01_s10001,51.584,1.479198,-0.450000,0.406872,0,13.483567,13.483567,0,0,0,0
lane_curve_bright_baseline_r01_s10001,51.616,1.479198,-0.450000,0.406872,0,13.483567,13.483567,0,0,0,0
lane_curve_bright_baseline_r01_s10001,51.648,1.479198,-0.450000,0.406872,0,13.483567,13.483567,0,0,0,0
lane_curve_bright_baseline_r01_s10001,51.680,1.479198,-0.450000,0.406872,0,13.483567,13.483567,0,0,0,0
lane_curve_bright_baseline_r01_s10001,51.712,1.479198,-0.450000,0.406872,0,13.483567,13.483567,0,0,0,0
lane_curve_bright_baseline_r01_s10001,51.744,1.479198,-0.450000,0.406872,0,13.483567,13.483567,0,0,0,0
lane_curve_bright_baseline_r01_s10001,51.776,1.479198,-0.450000,0.406872,0,13.483567,13.483567,0,0,0,0
lane_curve_bright_baseline_r01_s10001,51.808,1.479198,-0.450000,0.406872,0,13.483567,13.483567,0,0,0,0
lane_curve_bright_baseline_r01_s10001,51.840,1.479198,-0.450000,0.406872,0,13.483567,13.483567,0,0,0,0
lane_curve_bright_baseline_r01_s10001,51.872,1.479198,-0.450000,0.406872,0,13.483567,13.483567,0,0,0,0
lane_curve_bright_baseline_r01_s10001,51.904,1.479198,-0.450000,0.406872,0,13.483567,13.483567,0,0,0,0
lane_curve_bright_baseline_r01_s10001,51.936,1.479198,-0.450000,0.406872,0,13.483567,13.483567,0,0,0,0
lane_curve_bright_baseline_r01_s10001,51.968,1.479198,-0.450000,0.406872,0,13.483567,13.483567,0,0,0,0
lane_curve_bright_baseline_r01_s10001,52.000,1.479198,-0.450000,0.406872,0,13.483567,13.483567,0,0,0,0
lane_curve_bright_baseline_r01_s10001,52.032,1.479198,-0.450000,0.406872,0,13.483567,13.483567,0,0,0,0
lane_curve_bright_baseline_r01_s10001,52.064,1.479198,-0.450000,0.406872,0,13.483567,13.483567,0,0,0,0
lane_curve_bright_baseline_r01_s10001,52.096,1.479198,-0.450000,0.406872,0,13.483567,13.483567,0,0,0,0
lane_curve_bright_baseline_r01_s10001,52.128,1.479198,-0.450000,0.406872,0,13.483567,13.483567,0,0,0,0
lane_curve_bright_baseline_r01_s10001,52.160,1.479198,-0.450000,0.406872,0,13.483567,13.483567,0,0,0,0
lane_curve_bright_baseline_r01_s10001,52.192,1.479198,-0.450000,0.406872,0,13.483567,13.483567,0,0,0,0
lane_curve_bright_baseline_r01_s10001,52.224,1.479198,-0.450000,0.406872,0,13.483567,13.483567,0,0,0,0
lane_curve_bright_baseline_r01_s10001,52.256,1.479198,-0.450000,0.406872,0,13.483567,13.483567,0,0,0,0
lane_curve_bright_baseline_r01_s10001,52.288,1.479198,-0.450000,0.406872,0,13.483567,13.483567,0,0,0,0
lane_curve_bright_baseline_r01_s10001,52.320,1.479198,-0.450000,0.406872,0,13.483567,13.483567,0,0,0,0
lane_curve_bright_baseline_r01_s10001,52.352,1.479198,-0.450000,0.406872,0,13.483567,13.483567,0,0,0,0
lane_curve_bright_baseline_r01_s10001,52.384,1.479198,-0.450000,0.406872,0,13.483567,13.483567,0,0,0,0
lane_curve_bright_baseline_r01_s10001,52.416,1.479198,-0.450000,0.406872,0,13.483567,13.483567,0,0,0,0
lane_curve_bright_baseline_r01_s10001,52.448,1.479198,-0.450000,0.406872,0,13.483567,13.483567,0,0,0,0
lane_curve_bright_baseline_r01_s10001,52.480,1.479198,-0.450000,0.406872,0,13.483567,13.483567,0,0,0,0
lane_curve_bright_baseline_r01_s10001,52.512,1.479198,-0.450000,0.406872,0,13.483567,13.483567,0,0,0,0
lane_curve_bright_baseline_r01_s10001,52.544,1.479198,-0.450000,0.406872,0,13.483567,13.483567,0,0,0,0
lane_curve_bright_baseline_r01_s10001,52.576,1.479198,-0.450000,0.406872,0,13.483567,13.483567,0,0,0,0
lane_curve_bright_baseline_r01_s10001,52.608,1.479198,-0.450000,0.406872,0,13.483567,13.483567,0,0,0,0
lane_curve_bright_baseline_r01_s10001,52.640,1.479198,-0.450000,0.406872,0,13.483567,13.483567,0,0,0,0
lane_curve_bright_baseline_r01_s10001,52.672,1.479198,-0.450000,0.406872,0,13.483567,13.483567,0,0,0,0
lane_curve_bright_baseline_r01_s10001,52.704,1.479198,-0.450000,0.406872,0,13.483567,13.483567,0,0,0,0
lane_curve_bright_baseline_r01_s10001,52.736,1.479198,-0.450000,0.406872,0,13.483567,13.483567,0,0,0,0
lane_curve_bright_baseline_r01_s10001,52.768,1.479198,-0.450000,0.406872,0,13.483567,13.483567,0,0,0,0
lane_curve_bright_baseline_r01_s10001,52.800,1.479198,-0.450000,0.406872,0,13.483567,13.483567,0,0,0,0
lane_curve_bright_baseline_r01_s10001,52.832,1.479198,-0.450000,0.406872,0,13.483567,13.483567,0,0,0,0
lane_curve_bright_baseline_r01_s10001,52.864,1.479198,-0.450000,0.406872,0,13.483567,13.483567,0,0,0,0
lane_curve_bright_baseline_r01_s10001,52.896,1.479198,-0.450000,0.406872,0,13.483567,13.483567,0,0,0,0
lane_curve_bright_baseline_r01_s10001,52.928,1.479198,-0.450000,0.406872,0,13.483567,13.483567,0,0,0,0
lane_curve_bright_baseline_r01_s10001,52.960,1.479198,-0.450000,0.406872,0,13.483567,13.483567,0,0,0,0
lane_curve_bright_baseline_r01_s10001,52.992,1.479198,-0.450000,0.406872,0,13.483567,13.483567,0,0,0,0
lane_curve_bright_baseline_r01_s10001,53.024,1.479198,-0.450000,0.406872,0,13.483567,13.483567,0,0,0,0
lane_curve_bright_baseline_r01_s10001,53.056,1.479198,-0.450000,0.406872,0,13.483567,13.483567,0,0,0,0
lane_curve_bright_baseline_r01_s10001,53.088,1.479198,-0.450000,0.406872,0,13.483567,13.483567,0,0,0,0
lane_curve_bright_baseline_r01_s10001,53.120,1.479198,-0.450000,0.406872,0,13.483567,13.483567,0,0,0,0
lane_curve_bright_baseline_r01_s10001,53.152,1.479198,-0.450000,0.406872,0,13.483567,13.483567,0,0,0,0
lane_curve_bright_baseline_r01_s10001,53.184,1.479198,-0.450000,0.406872,0,13.483567,13.483567,0,0,0,0
lane_curve_bright_baseline_r01_s10001,53.216,1.479198,-0.450000,0.406872,0,13.483567,13.483567,0,0,0,0
lane_curve_bright_baseline_r01_s10001,53.248,1.479198,-0.450000,0.406872,0,13.483567,13.483567,0,0,0,0
lane_curve_bright_baseline_r01_s10001,53.280,1.479198,-0.450000,0.406872,0,13.483567,13.483567,0,0,0,0
lane_curve_bright_baseline_r01_s10001,53.312,1.479198,-0.450000,0.406872,0,13.483567,13.483567,0,0,0,0
lane_curve_bright_baseline_r01_s10001,53.344,1.479198,-0.450000,0.406872,0,13.483567,13.483567,0,0,0,0
lane_curve_bright_baseline_r01_s10001,53.376,1.479198,-0.450000,0.406872,0,13.483567,13.483567,0,0,0,0
lane_curve_bright_baseline_r01_s10001,53.408,1.479198,-0.450000,0.406872,0,13.483567,13.483567,0,0,0,0
lane_curve_bright_baseline_r01_s10001,53.440,1.479198,-0.450000,0.406872,0,13.483567,13.483567,0,0,0,0
lane_curve_bright_baseline_r01_s10001,53.472,1.479198,-0.450000,0.406872,0,13.483567,13.483567,0,0,0,0
lane_curve_bright_baseline_r01_s10001,53.504,1.479198,-0.450000,0.406872,0,13.483567,13.483567,0,0,0,0
lane_curve_bright_baseline_r01_s10001,53.536,1.479198,-0.450000,0.406872,0,13.483567,13.483567,0,0,0,0
lane_curve_bright_baseline_r01_s10001,53.568,1.479198,-0.450000,0.406872,0,13.483567,13.483567,0,0,0,0
lane_curve_bright_baseline_r01_s10001,53.600,1.479198,-0.450000,0.406872,0,13.483567,13.483567,0,0,0,0
lane_curve_bright_baseline_r01_s10001,53.632,1.479198,-0.450000,0.406872,0,13.483567,13.483567,0,0,0,0
lane_curve_bright_baseline_r01_s10001,53.664,1.479198,-0.450000,0.406872,0,13.483567,13.483567,0,0,0,0
lane_curve_bright_baseline_r01_s10001,53.696,1.479198,-0.450000,0.406872,0,13.483567,13.483567,0,0,0,0
lane_curve_bright_baseline_r01_s10001,53.728,1.479198,-0.450000,0.406872,0,13.483567,13.483567,0,0,0,0
lane_curve_bright_baseline_r01_s10001,53.760,1.479198,-0.450000,0.406872,0,13.483567,13.483567,0,0,0,0
lane_curve_bright_baseline_r01_s10001,53.792,1.479198,-0.450000,0.406872,0,13.483567,13.483567,0,0,0,0
lane_curve_bright_baseline_r01_s10001,53.824,1.479198,-0.450000,0.406872,0,13.483567,13.483567,0,0,0,0
lane_curve_bright_baseline_r01_s10001,53.856,1.479198,-0.450000,0.406872,0,13.483567,13.483567,0,0,0,0
lane_curve_bright_baseline_r01_s10001,53.888,1.479198,-0.450000,0.406872,0,13.483567,13.483567,0,0,0,0
lane_curve_bright_baseline_r01_s10001,53.920,1.479198,-0.450000,0.406872,0,13.483567,13.483567,0,0,0,0
lane_curve_bright_baseline_r01_s10001,53.952,1.479198,-0.450000,0.406872,0,13.483567,13.483567,0,0,0,0
lane_curve_bright_baseline_r01_s10001,53.984,1.479198,-0.450000,0.406872,0,13.483567,13.483567,0,0,0,0
lane_curve_bright_baseline_r01_s10001,54.016,1.479198,-0.450000,0.406872,0,13.483567,13.483567,0,0,0,0
lane_curve_bright_baseline_r01_s10001,54.048,1.479198,-0.450000,0.406872,0,13.483567,13.483567,0,0,0,0
lane_curve_bright_baseline_r01_s10001,54.080,1.479198,-0.450000,0.406872,0,13.483567,13.483567,0,0,0,0
lane_curve_bright_baseline_r01_s10001,54.112,1.479198,-0.450000,0.406872,0,13.483567,13.483567,0,0,0,0
lane_curve_bright_baseline_r01_s10001,54.144,1.479198,-0.450000,0.406872,0,13.483567,13.483567,0,0,0,0
lane_curve_bright_baseline_r01_s10001,54.176,1.479198,-0.450000,0.406872,0,13.483567,13.483567,0,0,0,0
lane_curve_bright_baseline_r01_s10001,54.208,1.479198,-0.450000,0.406872,0,13.483567,13.483567,0,0,0,0
lane_curve_bright_baseline_r01_s10001,54.240,1.479198,-0.450000,0.406872,0,13.483567,13.483567,0,0,0,0
lane_curve_bright_baseline_r01_s10001,54.272,1.479198,-0.450000,0.406872,0,13.483567,13.483567,0,0,0,0
lane_curve_bright_baseline_r01_s10001,54.304,1.479198,-0.450000,0.406872,0,13.483567,13.483567,0,0,0,0
lane_curve_bright_baseline_r01_s10001,54.336,1.479198,-0.450000,0.406872,0,13.483567,13.483567,0,0,0,0
lane_curve_bright_baseline_r01_s10001,54.368,1.479198,-0.450000,0.406872,0,13.483567,13.483567,0,0,0,0
lane_curve_bright_baseline_r01_s10001,54.400,1.479198,-0.450000,0.406872,0,13.483567,13.483567,0,0,0,0
lane_curve_bright_baseline_r01_s10001,54.432,1.479198,-0.450000,0.406872,0,13.483567,13.483567,0,0,0,0
lane_curve_bright_baseline_r01_s10001,54.464,1.479198,-0.450000,0.406872,0,13.483567,13.483567,0,0,0,0
lane_curve_bright_baseline_r01_s10001,54.496,1.479198,-0.450000,0.406872,0,13.483567,13.483567,0,0,0,0
lane_curve_bright_baseline_r01_s10001,54.528,1.479198,-0.450000,0.406872,0,13.483567,13.483567,0,0,0,0
lane_curve_bright_baseline_r01_s10001,54.560,1.479198,-0.450000,0.406872,0,13.483567,13.483567,0,0,0,0
lane_curve_bright_baseline_r01_s10001,54.592,1.479198,-0.450000,0.406872,0,13.483567,13.483567,0,0,0,0
lane_curve_bright_baseline_r01_s10001,54.624,1.479198,-0.450000,0.406872,0,13.483567,13.483567,0,0,0,0
lane_curve_bright_baseline_r01_s10001,54.656,1.479198,-0.450000,0.406872,0,13.483567,13.483567,0,0,0,0
lane_curve_bright_baseline_r01_s10001,54.688,1.479198,-0.450000,0.406872,0,13.483567,13.483567,0,0,0,0
lane_curve_bright_baseline_r01_s10001,54.720,1.479198,-0.450000,0.406872,0,13.483567,13.483567,0,0,0,0
lane_curve_bright_baseline_r01_s10001,54.752,1.479198,-0.450000,0.406872,0,13.483567,13.483567,0,0,0,0
lane_curve_bright_baseline_r01_s10001,54.784,1.479198,-0.450000,0.406872,0,13.483567,13.483567,0,0,0,0
lane_curve_bright_baseline_r01_s10001,54.816,1.479198,-0.450000,0.406872,0,13.483567,13.483567,0,0,0,0
lane_curve_bright_baseline_r01_s10001,54.848,1.479198,-0.450000,0.406872,0,13.483567,13.483567,0,0,0,0
lane_curve_bright_baseline_r01_s10001,54.880,1.479198,-0.450000,0.406872,0,13.483567,13.483567,0,0,0,0
lane_curve_bright_baseline_r01_s10001,54.912,1.479198,-0.450000,0.406872,0,13.483567,13.483567,0,0,0,0
lane_curve_bright_baseline_r01_s10001,54.944,1.479198,-0.450000,0.406872,0,13.483567,13.483567,0,0,0,0
lane_curve_bright_baseline_r01_s10001,54.976,1.479198,-0.450000,0.406872,0,13.483567,13.483567,0,0,0,0
lane_curve_bright_baseline_r01_s10001,55.008,1.479198,-0.450000,0.406872,0,13.483567,13.483567,0,0,0,0
lane_curve_bright_baseline_r01_s10001,55.040,1.479198,-0.450000,0.406872,0,13.483567,13.483567,0,0,0,0
lane_curve_bright_baseline_r01_s10001,55.072,1.479198,-0.450000,0.406872,0,13.483567,13.483567,0,0,0,0
lane_curve_bright_baseline_r01_s10001,55.104,1.479198,-0.450000,0.406872,0,13.483567,13.483567,0,0,0,0
lane_curve_bright_baseline_r01_s10001,55.136,1.479198,-0.450000,0.406872,0,13.483567,13.483567,0,0,0,0
lane_curve_bright_baseline_r01_s10001,55.168,1.479198,-0.450000,0.406872,0,13.483567,13.483567,0,0,0,0
lane_curve_bright_baseline_r01_s10001,55.200,1.479198,-0.450000,0.406872,0,13.483567,13.483567,0,0,0,0
lane_curve_bright_baseline_r01_s10001,55.232,1.479198,-0.450000,0.406872,0,13.483567,13.483567,0,0,0,0
lane_curve_bright_baseline_r01_s10001,55.264,1.479198,-0.450000,0.406872,0,13.483567,13.483567,0,0,0,0
lane_curve_bright_baseline_r01_s10001,55.296,1.479198,-0.450000,0.406872,0,13.483567,13.483567,0,0,0,0
lane_curve_bright_baseline_r01_s10001,55.328,1.479198,-0.450000,0.406872,0,13.483567,13.483567,0,0,0,0
lane_curve_bright_baseline_r01_s10001,55.360,1.479198,-0.450000,0.406872,0,13.483567,13.483567,0,0,0,0
lane_curve_bright_baseline_r01_s10001,55.392,1.479198,-0.450000,0.406872,0,13.483567,13.483567,0,0,0,0
lane_curve_bright_baseline_r01_s10001,55.424,1.479198,-0.450000,0.406872,0,13.483567,13.483567,0,0,0,0
lane_curve_bright_baseline_r01_s10001,55.456,1.479198,-0.450000,0.406872,0,13.483567,13.483567,0,0,0,0
lane_curve_bright_baseline_r01_s10001,55.488,1.479198,-0.450000,0.406872,0,13.483567,13.483567,0,0,0,0
lane_curve_bright_baseline_r01_s10001,55.520,1.479198,-0.450000,0.406872,0,13.483567,13.483567,0,0,0,0
lane_curve_bright_baseline_r01_s10001,55.552,1.479198,-0.450000,0.406872,0,13.483567,13.483567,0,0,0,0
lane_curve_bright_baseline_r01_s10001,55.584,1.479198,-0.450000,0.406872,0,13.483567,13.483567,0,0,0,0
lane_curve_bright_baseline_r01_s10001,55.616,1.479198,-0.450000,0.406872,0,13.483567,13.483567,0,0,0,0
lane_curve_bright_baseline_r01_s10001,55.648,1.479198,-0.450000,0.406872,0,13.483567,13.483567,0,0,0,0
lane_curve_bright_baseline_r01_s10001,55.680,1.479198,-0.450000,0.406872,0,13.483567,13.483567,0,0,0,0
lane_curve_bright_baseline_r01_s10001,55.712,1.479198,-0.450000,0.406872,0,13.483567,13.483567,0,0,0,0
lane_curve_bright_baseline_r01_s10001,55.744,1.479198,-0.450000,0.406872,0,13.483567,13.483567,0,0,0,0
lane_curve_bright_baseline_r01_s10001,55.776,1.479198,-0.450000,0.406872,0,13.483567,13.483567,0,0,0,0
lane_curve_bright_baseline_r01_s10001,55.808,1.479198,-0.450000,0.406872,0,13.483567,13.483567,0,0,0,0
lane_curve_bright_baseline_r01_s10001,55.840,1.479198,-0.450000,0.406872,0,13.483567,13.483567,0,0,0,0
lane_curve_bright_baseline_r01_s10001,55.872,1.479198,-0.450000,0.406872,0,13.483567,13.483567,0,0,0,0
lane_curve_bright_baseline_r01_s10001,55.904,1.479198,-0.450000,0.406872,0,13.483567,13.483567,0,0,0,0
lane_curve_bright_baseline_r01_s10001,55.936,1.479198,-0.450000,0.406872,0,13.483567,13.483567,0,0,0,0
lane_curve_bright_baseline_r01_s10001,55.968,1.479198,-0.450000,0.406872,0,13.483567,13.483567,0,0,0,0
lane_curve_bright_baseline_r01_s10001,56.000,1.479198,-0.450000,0.406872,0,13.483567,13.483567,0,0,0,0
lane_curve_bright_baseline_r01_s10001,56.032,1.479198,-0.450000,0.406872,0,13.483567,13.483567,0,0,0,0
lane_curve_bright_baseline_r01_s10001,56.064,1.479198,-0.450000,0.406872,0,13.483567,13.483567,0,0,0,0
lane_curve_bright_baseline_r01_s10001,56.096,1.479198,-0.450000,0.406872,0,13.483567,13.483567,0,0,0,0
lane_curve_bright_baseline_r01_s10001,56.128,1.479198,-0.450000,0.406872,0,13.483567,13.483567,0,0,0,0
lane_curve_bright_baseline_r01_s10001,56.160,1.479198,-0.450000,0.406872,0,13.483567,13.483567,0,0,0,0
lane_curve_bright_baseline_r01_s10001,56.192,1.479198,-0.450000,0.406872,0,13.483567,13.483567,0,0,0,0
lane_curve_bright_baseline_r01_s10001,56.224,1.479198,-0.450000,0.406872,0,13.483567,13.483567,0,0,0,0
lane_curve_bright_baseline_r01_s10001,56.256,1.479198,-0.450000,0.406872,0,13.483567,13.483567,0,0,0,0
lane_curve_bright_baseline_r01_s10001,56.288,1.479198,-0.450000,0.406872,0,13.483567,13.483567,0,0,0,0
lane_curve_bright_baseline_r01_s10001,56.320,1.479198,-0.450000,0.406872,0,13.483567,13.483567,0,0,0,0
lane_curve_bright_baseline_r01_s10001,56.352,1.479198,-0.450000,0.406872,0,13.483567,13.483567,0,0,0,0
lane_curve_bright_baseline_r01_s10001,56.384,1.479198,-0.450000,0.406872,0,13.483567,13.483567,0,0,0,0
lane_curve_bright_baseline_r01_s10001,56.416,1.479198,-0.450000,0.406872,0,13.483567,13.483567,0,0,0,0
lane_curve_bright_baseline_r01_s10001,56.448,1.479198,-0.450000,0.406872,0,13.483567,13.483567,0,0,0,0
lane_curve_bright_baseline_r01_s10001,56.480,1.479198,-0.450000,0.406872,0,13.483567,13.483567,0,0,0,0
lane_curve_bright_baseline_r01_s10001,56.512,1.479198,-0.450000,0.406872,0,13.483567,13.483567,0,0,0,0
lane_curve_bright_baseline_r01_s10001,56.544,1.479198,-0.450000,0.406872,0,13.483567,13.483567,0,0,0,0
lane_curve_bright_baseline_r01_s10001,56.576,1.479198,-0.450000,0.406872,0,13.483567,13.483567,0,0,0,0
lane_curve_bright_baseline_r01_s10001,56.608,1.479198,-0.450000,0.406872,0,13.483567,13.483567,0,0,0,0
lane_curve_bright_baseline_r01_s10001,56.640,1.479198,-0.450000,0.406872,0,13.483567,13.483567,0,0,0,0
lane_curve_bright_baseline_r01_s10001,56.672,1.479198,-0.450000,0.406872,0,13.483567,13.483567,0,0,0,0
lane_curve_bright_baseline_r01_s10001,56.704,1.479198,-0.450000,0.406872,0,13.483567,13.483567,0,0,0,0
lane_curve_bright_baseline_r01_s10001,56.736,1.479198,-0.450000,0.406872,0,13.483567,13.483567,0,0,0,0
lane_curve_bright_baseline_r01_s10001,56.768,1.479198,-0.450000,0.406872,0,13.483567,13.483567,0,0,0,0
lane_curve_bright_baseline_r01_s10001,56.800,1.479198,-0.450000,0.406872,0,13.483567,13.483567,0,0,0,0
lane_curve_bright_baseline_r01_s10001,56.832,1.479198,-0.450000,0.406872,0,13.483567,13.483567,0,0,0,0
lane_curve_bright_baseline_r01_s10001,56.864,1.479198,-0.450000,0.406872,0,13.483567,13.483567,0,0,0,0
lane_curve_bright_baseline_r01_s10001,56.896,1.479198,-0.450000,0.406872,0,13.483567,13.483567,0,0,0,0
lane_curve_bright_baseline_r01_s10001,56.928,1.479198,-0.450000,0.406872,0,13.483567,13.483567,0,0,0,0
lane_curve_bright_baseline_r01_s10001,56.960,1.479198,-0.450000,0.406872,0,13.483567,13.483567,0,0,0,0
lane_curve_bright_baseline_r01_s10001,56.992,1.479198,-0.450000,0.406872,0,13.483567,13.483567,0,0,0,0
lane_curve_bright_baseline_r01_s10001,57.024,1.479198,-0.450000,0.406872,0,13.483567,13.483567,0,0,0,0
lane_curve_bright_baseline_r01_s10001,57.056,1.479198,-0.450000,0.406872,0,13.483567,13.483567,0,0,0,0
lane_curve_bright_baseline_r01_s10001,57.088,1.479198,-0.450000,0.406872,0,13.483567,13.483567,0,0,0,0
lane_curve_bright_baseline_r01_s10001,57.120,1.479198,-0.450000,0.406872,0,13.483567,13.483567,0,0,0,0
lane_curve_bright_baseline_r01_s10001,57.152,1.479198,-0.450000,0.406872,0,13.483567,13.483567,0,0,0,0
lane_curve_bright_baseline_r01_s10001,57.184,1.479198,-0.450000,0.406872,0,13.483567,13.483567,0,0,0,0
lane_curve_bright_baseline_r01_s10001,57.216,1.479198,-0.450000,0.406872,0,13.483567,13.483567,0,0,0,0
lane_curve_bright_baseline_r01_s10001,57.248,1.479198,-0.450000,0.406872,0,13.483567,13.483567,0,0,0,0
lane_curve_bright_baseline_r01_s10001,57.280,1.479198,-0.450000,0.406872,0,13.483567,13.483567,0,0,0,0
lane_curve_bright_baseline_r01_s10001,57.312,1.479198,-0.450000,0.406872,0,13.483567,13.483567,0,0,0,0
lane_curve_bright_baseline_r01_s10001,57.344,1.479198,-0.450000,0.406872,0,13.483567,13.483567,0,0,0,0
lane_curve_bright_baseline_r01_s10001,57.376,1.479198,-0.450000,0.406872,0,13.483567,13.483567,0,0,0,0
lane_curve_bright_baseline_r01_s10001,57.408,1.479198,-0.450000,0.406872,0,13.483567,13.483567,0,0,0,0
lane_curve_bright_baseline_r01_s10001,57.440,1.479198,-0.450000,0.406872,0,13.483567,13.483567,0,0,0,0
lane_curve_bright_baseline_r01_s10001,57.472,1.479198,-0.450000,0.406872,0,13.483567,13.483567,0,0,0,0
lane_curve_bright_baseline_r01_s10001,57.504,1.479198,-0.450000,0.406872,0,13.483567,13.483567,0,0,0,0
lane_curve_bright_baseline_r01_s10001,57.536,1.479198,-0.450000,0.406872,0,13.483567,13.483567,0,0,0,0
lane_curve_bright_baseline_r01_s10001,57.568,1.479198,-0.450000,0.406872,0,13.483567,13.483567,0,0,0,0
lane_curve_bright_baseline_r01_s10001,57.600,1.479198,-0.450000,0.406872,0,13.483567,13.483567,0,0,0,0
lane_curve_bright_baseline_r01_s10001,57.632,1.479198,-0.450000,0.406872,0,13.483567,13.483567,0,0,0,0
lane_curve_bright_baseline_r01_s10001,57.664,1.479198,-0.450000,0.406872,0,13.483567,13.483567,0,0,0,0
lane_curve_bright_baseline_r01_s10001,57.696,1.479198,-0.450000,0.406872,0,13.483567,13.483567,0,0,0,0
lane_curve_bright_baseline_r01_s10001,57.728,1.479198,-0.450000,0.406872,0,13.483567,13.483567,0,0,0,0
lane_curve_bright_baseline_r01_s10001,57.760,1.479198,-0.450000,0.406872,0,13.483567,13.483567,0,0,0,0
lane_curve_bright_baseline_r01_s10001,57.792,1.479198,-0.450000,0.406872,0,13.483567,13.483567,0,0,0,0
lane_curve_bright_baseline_r01_s10001,57.824,1.479198,-0.450000,0.406872,0,13.483567,13.483567,0,0,0,0
lane_curve_bright_baseline_r01_s10001,57.856,1.479198,-0.450000,0.406872,0,13.483567,13.483567,0,0,0,0
lane_curve_bright_baseline_r01_s10001,57.888,1.479198,-0.450000,0.406872,0,13.483567,13.483567,0,0,0,0
lane_curve_bright_baseline_r01_s10001,57.920,1.479198,-0.450000,0.406872,0,13.483567,13.483567,0,0,0,0
lane_curve_bright_baseline_r01_s10001,57.952,1.479198,-0.450000,0.406872,0,13.483567,13.483567,0,0,0,0
lane_curve_bright_baseline_r01_s10001,57.984,1.479198,-0.450000,0.406872,0,13.483567,13.483567,0,0,0,0
lane_curve_bright_baseline_r01_s10001,58.016,1.479198,-0.450000,0.406872,0,13.483567,13.483567,0,0,0,0
lane_curve_bright_baseline_r01_s10001,58.048,1.479198,-0.450000,0.406872,0,13.483567,13.483567,0,0,0,0
lane_curve_bright_baseline_r01_s10001,58.080,1.479198,-0.450000,0.406872,0,13.483567,13.483567,0,0,0,0
lane_curve_bright_baseline_r01_s10001,58.112,1.479198,-0.450000,0.406872,0,13.483567,13.483567,0,0,0,0
lane_curve_bright_baseline_r01_s10001,58.144,1.479198,-0.450000,0.406872,0,13.483567,13.483567,0,0,0,0
lane_curve_bright_baseline_r01_s10001,58.176,1.479198,-0.450000,0.406872,0,13.483567,13.483567,0,0,0,0
lane_curve_bright_baseline_r01_s10001,58.208,1.479198,-0.450000,0.406872,0,13.483567,13.483567,0,0,0,0
lane_curve_bright_baseline_r01_s10001,58.240,1.479198,-0.450000,0.406872,0,13.483567,13.483567,0,0,0,0
lane_curve_bright_baseline_r01_s10001,58.272,1.479198,-0.450000,0.406872,0,13.483567,13.483567,0,0,0,0
lane_curve_bright_baseline_r01_s10001,58.304,1.479198,-0.450000,0.406872,0,13.483567,13.483567,0,0,0,0
lane_curve_bright_baseline_r01_s10001,58.336,1.479198,-0.450000,0.406872,0,13.483567,13.483567,0,0,0,0
lane_curve_bright_baseline_r01_s10001,58.368,1.479198,-0.450000,0.406872,0,13.483567,13.483567,0,0,0,0
lane_curve_bright_baseline_r01_s10001,58.400,1.479198,-0.450000,0.406872,0,13.483567,13.483567,0,0,0,0
lane_curve_bright_baseline_r01_s10001,58.432,1.479198,-0.450000,0.406872,0,13.483567,13.483567,0,0,0,0
lane_curve_bright_baseline_r01_s10001,58.464,1.479198,-0.450000,0.406872,0,13.483567,13.483567,0,0,0,0
lane_curve_bright_baseline_r01_s10001,58.496,1.479198,-0.450000,0.406872,0,13.483567,13.483567,0,0,0,0
lane_curve_bright_baseline_r01_s10001,58.528,1.479198,-0.450000,0.406872,0,13.483567,13.483567,0,0,0,0
lane_curve_bright_baseline_r01_s10001,58.560,1.479198,-0.450000,0.406872,0,13.483567,13.483567,0,0,0,0
lane_curve_bright_baseline_r01_s10001,58.592,1.479198,-0.450000,0.406872,0,13.483567,13.483567,0,0,0,0
lane_curve_bright_baseline_r01_s10001,58.624,1.479198,-0.450000,0.406872,0,13.483567,13.483567,0,0,0,0
lane_curve_bright_baseline_r01_s10001,58.656,1.479198,-0.450000,0.406872,0,13.483567,13.483567,0,0,0,0
lane_curve_bright_baseline_r01_s10001,58.688,1.479198,-0.450000,0.406872,0,13.483567,13.483567,0,0,0,0
lane_curve_bright_baseline_r01_s10001,58.720,1.479198,-0.450000,0.406872,0,13.483567,13.483567,0,0,0,0
lane_curve_bright_baseline_r01_s10001,58.752,1.479198,-0.450000,0.406872,0,13.483567,13.483567,0,0,0,0
lane_curve_bright_baseline_r01_s10001,58.784,1.479198,-0.450000,0.406872,0,13.483567,13.483567,0,0,0,0
lane_curve_bright_baseline_r01_s10001,58.816,1.479198,-0.450000,0.406872,0,13.483567,13.483567,0,0,0,0
lane_curve_bright_baseline_r01_s10001,58.848,1.479198,-0.450000,0.406872,0,13.483567,13.483567,0,0,0,0
lane_curve_bright_baseline_r01_s10001,58.880,1.479198,-0.450000,0.406872,0,13.483567,13.483567,0,0,0,0
lane_curve_bright_baseline_r01_s10001,58.912,1.479198,-0.450000,0.406872,0,13.483567,13.483567,0,0,0,0
lane_curve_bright_baseline_r01_s10001,58.944,1.479198,-0.450000,0.406872,0,13.483567,13.483567,0,0,0,0
lane_curve_bright_baseline_r01_s10001,58.976,1.479198,-0.450000,0.406872,0,13.483567,13.483567,0,0,0,0
lane_curve_bright_baseline_r01_s10001,59.008,1.479198,-0.450000,0.406872,0,13.483567,13.483567,0,0,0,0
lane_curve_bright_baseline_r01_s10001,59.040,1.479198,-0.450000,0.406872,0,13.483567,13.483567,0,0,0,0
lane_curve_bright_baseline_r01_s10001,59.072,1.479198,-0.450000,0.406872,0,13.483567,13.483567,0,0,0,0
lane_curve_bright_baseline_r01_s10001,59.104,1.479198,-0.450000,0.406872,0,13.483567,13.483567,0,0,0,0
lane_curve_bright_baseline_r01_s10001,59.136,1.479198,-0.450000,0.406872,0,13.483567,13.483567,0,0,0,0
lane_curve_bright_baseline_r01_s10001,59.168,1.479198,-0.450000,0.406872,0,13.483567,13.483567,0,0,0,0
lane_curve_bright_baseline_r01_s10001,59.200,1.479198,-0.450000,0.406872,0,13.483567,13.483567,0,0,0,0
lane_curve_bright_baseline_r01_s10001,59.232,1.479198,-0.450000,0.406872,0,13.483567,13.483567,0,0,0,0
lane_curve_bright_baseline_r01_s10001,59.264,1.479198,-0.450000,0.406872,0,13.483567,13.483567,0,0,0,0
lane_curve_bright_baseline_r01_s10001,59.296,1.479198,-0.450000,0.406872,0,13.483567,13.483567,0,0,0,0
lane_curve_bright_baseline_r01_s10001,59.328,1.479198,-0.450000,0.406872,0,13.483567,13.483567,0,0,0,0
lane_curve_bright_baseline_r01_s10001,59.360,1.479198,-0.450000,0.406872,0,13.483567,13.483567,0,0,0,0
lane_curve_bright_baseline_r01_s10001,59.392,1.479198,-0.450000,0.406872,0,13.483567,13.483567,0,0,0,0
lane_curve_bright_baseline_r01_s10001,59.424,1.479198,-0.450000,0.406872,0,13.483567,13.483567,0,0,0,0
lane_curve_bright_baseline_r01_s10001,59.456,1.479198,-0.450000,0.406872,0,13.483567,13.483567,0,0,0,0
lane_curve_bright_baseline_r01_s10001,59.488,1.479198,-0.450000,0.406872,0,13.483567,13.483567,0,0,0,0
lane_curve_bright_baseline_r01_s10001,59.520,1.479198,-0.450000,0.406872,0,13.483567,13.483567,0,0,0,0
lane_curve_bright_baseline_r01_s10001,59.552,1.479198,-0.450000,0.406872,0,13.483567,13.483567,0,0,0,0
lane_curve_bright_baseline_r01_s10001,59.584,1.479198,-0.450000,0.406872,0,13.483567,13.483567,0,0,0,0
lane_curve_bright_baseline_r01_s10001,59.616,1.479198,-0.450000,0.406872,0,13.483567,13.483567,0,0,0,0
lane_curve_bright_baseline_r01_s10001,59.648,1.479198,-0.450000,0.406872,0,13.483567,13.483567,0,0,0,0
lane_curve_bright_baseline_r01_s10001,59.680,1.479198,-0.450000,0.406872,0,13.483567,13.483567,0,0,0,0
lane_curve_bright_baseline_r01_s10001,59.712,1.479198,-0.450000,0.406872,0,13.483567,13.483567,0,0,0,0
lane_curve_bright_baseline_r01_s10001,59.744,1.479198,-0.450000,0.406872,0,13.483567,13.483567,0,0,0,0
lane_curve_bright_baseline_r01_s10001,59.776,1.479198,-0.450000,0.406872,0,13.483567,13.483567,0,0,0,0
lane_curve_bright_baseline_r01_s10001,59.808,1.479198,-0.450000,0.406872,0,13.483567,13.483567,0,0,0,0
lane_curve_bright_baseline_r01_s10001,59.840,1.479198,-0.450000,0.406872,0,13.483567,13.483567,0,0,0,0
lane_curve_bright_baseline_r01_s10001,59.872,1.479198,-0.450000,0.406872,0,13.483567,13.483567,0,0,0,0
lane_curve_bright_baseline_r01_s10001,59.904,1.479198,-0.450000,0.406872,0,13.483567,13.483567,0,0,0,0
lane_curve_bright_baseline_r01_s10001,59.936,1.479198,-0.450000,0.406872,0,13.483567,13.483567,0,0,0,0
lane_curve_bright_baseline_r01_s10001,59.968,1.479198,-0.450000,0.406872,0,13.483567,13.483567,0,0,0,0
lane_curve_bright_baseline_r01_s10001,60.000,1.479198,-0.450000,0.406872,0,13.483567,13.483567,0,0,0,0
lane_curve_bright_baseline_r01_s10001,60.032,1.479198,-0.450000,0.406872,0,13.483567,13.483567,0,0,0,0
lane_curve_bright_baseline_r01_s10001,60.064,1.479198,-0.450000,0.406872,0,13.483567,13.483567,0,0,0,0
lane_curve_bright_baseline_r01_s10001,60.096,1.479198,-0.450000,0.406872,0,13.483567,13.483567,0,0,0,0
lane_curve_bright_baseline_r01_s10001,60.128,1.479198,-0.450000,0.406872,0,13.483567,13.483567,0,0,0,0
lane_curve_bright_baseline_r01_s10001,60.160,1.479198,-0.450000,0.406872,0,13.483567,13.483567,0,0,0,0
lane_curve_bright_baseline_r01_s10001,60.192,1.479198,-0.450000,0.406872,0,13.483567,13.483567,0,0,0,0
lane_curve_bright_baseline_r01_s10001,60.224,1.479198,-0.450000,0.406872,0,13.483567,13.483567,0,0,0,0
lane_curve_bright_baseline_r01_s10001,60.256,1.479198,-0.450000,0.406872,0,13.483567,13.483567,0,0,0,0
lane_curve_bright_baseline_r01_s10001,60.288,1.479198,-0.450000,0.406872,0,13.483567,13.483567,0,0,0,0
lane_curve_bright_baseline_r01_s10001,60.320,1.479198,-0.450000,0.406872,0,13.483567,13.483567,0,0,0,0
lane_curve_bright_baseline_r01_s10001,60.352,1.479198,-0.450000,0.406872,0,13.483567,13.483567,0,0,0,0
lane_curve_bright_baseline_r01_s10001,60.384,1.479198,-0.450000,0.406872,0,13.483567,13.483567,0,0,0,0
lane_curve_bright_baseline_r01_s10001,60.416,1.479198,-0.450000,0.406872,0,13.483567,13.483567,0,0,0,0
lane_curve_bright_baseline_r01_s10001,60.448,1.479198,-0.450000,0.406872,0,13.483567,13.483567,0,0,0,0
lane_curve_bright_baseline_r01_s10001,60.480,1.479198,-0.450000,0.406872,0,13.483567,13.483567,0,0,0,0
lane_curve_bright_baseline_r01_s10001,60.512,1.479198,-0.450000,0.406872,0,13.483567,13.483567,0,0,0,0
lane_curve_bright_baseline_r01_s10001,60.544,1.479198,-0.450000,0.406872,0,13.483567,13.483567,0,0,0,0
lane_curve_bright_baseline_r01_s10001,60.576,1.479198,-0.450000,0.406872,0,13.483567,13.483567,0,0,0,0
lane_curve_bright_baseline_r01_s10001,60.608,1.479198,-0.450000,0.406872,0,13.483567,13.483567,0,0,0,0
lane_curve_bright_baseline_r01_s10001,60.640,1.479198,-0.450000,0.406872,0,13.483567,13.483567,0,0,0,0
lane_curve_bright_baseline_r01_s10001,60.672,1.479198,-0.450000,0.406872,0,13.483567,13.483567,0,0,0,0
lane_curve_bright_baseline_r01_s10001,60.704,1.479198,-0.450000,0.406872,0,13.483567,13.483567,0,0,0,0
lane_curve_bright_baseline_r01_s10001,60.736,1.479198,-0.450000,0.406872,0,13.483567,13.483567,0,0,0,0
lane_curve_bright_baseline_r01_s10001,60.768,1.479198,-0.450000,0.406872,0,13.483567,13.483567,0,0,0,0
lane_curve_bright_baseline_r01_s10001,60.800,1.479198,-0.450000,0.406872,0,13.483567,13.483567,0,0,0,0
lane_curve_bright_baseline_r01_s10001,60.832,1.479198,-0.450000,0.406872,0,13.483567,13.483567,0,0,0,0
lane_curve_bright_baseline_r01_s10001,60.864,1.479198,-0.450000,0.406872,0,13.483567,13.483567,0,0,0,0
lane_curve_bright_baseline_r01_s10001,60.896,1.479198,-0.450000,0.406872,0,13.483567,13.483567,0,0,0,0
lane_curve_bright_baseline_r01_s10001,60.928,1.479198,-0.450000,0.406872,0,13.483567,13.483567,0,0,0,0
lane_curve_bright_baseline_r01_s10001,60.960,1.479198,-0.450000,0.406872,0,13.483567,13.483567,0,0,0,0
lane_curve_bright_baseline_r01_s10001,60.992,1.479198,-0.450000,0.406872,0,13.483567,13.483567,0,0,0,0
lane_curve_bright_baseline_r01_s10001,61.024,1.479198,-0.450000,0.406872,0,13.483567,13.483567,0,0,0,0
lane_curve_bright_baseline_r01_s10001,61.056,1.479198,-0.450000,0.406872,0,13.483567,13.483567,0,0,0,0
lane_curve_bright_baseline_r01_s10001,61.088,1.479198,-0.450000,0.406872,0,13.483567,13.483567,0,0,0,0
lane_curve_bright_baseline_r01_s10001,61.120,1.479198,-0.450000,0.406872,0,13.483567,13.483567,0,0,0,0
lane_curve_bright_baseline_r01_s10001,61.152,1.479198,-0.450000,0.406872,0,13.483567,13.483567,0,0,0,0
lane_curve_bright_baseline_r01_s10001,61.184,1.479198,-0.450000,0.406872,0,13.483567,13.483567,0,0,0,0
lane_curve_bright_baseline_r01_s10001,61.216,1.479198,-0.450000,0.406872,0,13.483567,13.483567,0,0,0,0
lane_curve_bright_baseline_r01_s10001,61.248,1.479198,-0.450000,0.406872,0,13.483567,13.483567,0,0,0,0
lane_curve_bright_baseline_r01_s10001,61.280,1.479198,-0.450000,0.406872,0,13.483567,13.483567,0,0,0,0
lane_curve_bright_baseline_r01_s10001,61.312,1.479198,-0.450000,0.406872,0,13.483567,13.483567,0,0,0,0
lane_curve_bright_baseline_r01_s10001,61.344,1.479198,-0.450000,0.406872,0,13.483567,13.483567,0,0,0,0
lane_curve_bright_baseline_r01_s10001,61.376,1.479198,-0.450000,0.406872,0,13.483567,13.483567,0,0,0,0
lane_curve_bright_baseline_r01_s10001,61.408,1.479198,-0.450000,0.406872,0,13.483567,13.483567,0,0,0,0
lane_curve_bright_baseline_r01_s10001,61.440,1.479198,-0.450000,0.406872,0,13.483567,13.483567,0,0,0,0
lane_curve_bright_baseline_r01_s10001,61.472,1.479198,-0.450000,0.406872,0,13.483567,13.483567,0,0,0,0
lane_curve_bright_baseline_r01_s10001,61.504,1.479198,-0.450000,0.406872,0,13.483567,13.483567,0,0,0,0
lane_curve_bright_baseline_r01_s10001,61.536,1.479198,-0.450000,0.406872,0,13.483567,13.483567,0,0,0,0
lane_curve_bright_baseline_r01_s10001,61.568,1.479198,-0.450000,0.406872,0,13.483567,13.483567,0,0,0,0
lane_curve_bright_baseline_r01_s10001,61.600,1.479198,-0.450000,0.406872,0,13.483567,13.483567,0,0,0,0
lane_curve_bright_baseline_r01_s10001,61.632,1.479198,-0.450000,0.406872,0,13.483567,13.483567,0,0,0,0
lane_curve_bright_baseline_r01_s10001,61.664,1.479198,-0.450000,0.406872,0,13.483567,13.483567,0,0,0,0
lane_curve_bright_baseline_r01_s10001,61.696,1.479198,-0.450000,0.406872,0,13.483567,13.483567,0,0,0,0
lane_curve_bright_baseline_r01_s10001,61.728,1.479198,-0.450000,0.406872,0,13.483567,13.483567,0,0,0,0
lane_curve_bright_baseline_r01_s10001,61.760,1.479198,-0.450000,0.406872,0,13.483567,13.483567,0,0,0,0
lane_curve_bright_baseline_r01_s10001,61.792,1.479198,-0.450000,0.406872,0,13.483567,13.483567,0,0,0,0
lane_curve_bright_baseline_r01_s10001,61.824,1.479198,-0.450000,0.406872,0,13.483567,13.483567,0,0,0,0
lane_curve_bright_baseline_r01_s10001,61.856,1.479198,-0.450000,0.406872,0,13.483567,13.483567,0,0,0,0
lane_curve_bright_baseline_r01_s10001,61.888,1.479198,-0.450000,0.406872,0,13.483567,13.483567,0,0,0,0
lane_curve_bright_baseline_r01_s10001,61.920,1.479198,-0.450000,0.406872,0,13.483567,13.483567,0,0,0,0
lane_curve_bright_baseline_r01_s10001,61.952,1.479198,-0.450000,0.406872,0,13.483567,13.483567,0,0,0,0
lane_curve_bright_baseline_r01_s10001,61.984,1.479198,-0.450000,0.406872,0,13.483567,13.483567,0,0,0,0
lane_curve_bright_baseline_r01_s10001,62.016,1.479198,-0.450000,0.406872,0,13.483567,13.483567,0,0,0,0
lane_curve_bright_baseline_r01_s10001,62.048,1.479198,-0.450000,0.406872,0,13.483567,13.483567,0,0,0,0
lane_curve_bright_baseline_r01_s10001,62.080,1.479198,-0.450000,0.406872,0,13.483567,13.483567,0,0,0,0
lane_curve_bright_baseline_r01_s10001,62.112,1.479198,-0.450000,0.406872,0,13.483567,13.483567,0,0,0,0
lane_curve_bright_baseline_r01_s10001,62.144,1.479198,-0.450000,0.406872,0,13.483567,13.483567,0,0,0,0
lane_curve_bright_baseline_r01_s10001,62.176,1.479198,-0.450000,0.406872,0,13.483567,13.483567,0,0,0,0
lane_curve_bright_baseline_r01_s10001,62.208,1.479198,-0.450000,0.406872,0,13.483567,13.483567,0,0,0,0
lane_curve_bright_baseline_r01_s10001,62.240,1.479198,-0.450000,0.406872,0,13.483567,13.483567,0,0,0,0
lane_curve_bright_baseline_r01_s10001,62.272,1.479198,-0.450000,0.406872,0,13.483567,13.483567,0,0,0,0
lane_curve_bright_baseline_r01_s10001,62.304,1.479198,-0.450000,0.406872,0,13.483567,13.483567,0,0,0,0
lane_curve_bright_baseline_r01_s10001,62.336,1.479198,-0.450000,0.406872,0,13.483567,13.483567,0,0,0,0
lane_curve_bright_baseline_r01_s10001,62.368,1.479198,-0.450000,0.406872,0,13.483567,13.483567,0,0,0,0
lane_curve_bright_baseline_r01_s10001,62.400,1.479198,-0.450000,0.406872,0,13.483567,13.483567,0,0,0,0
lane_curve_bright_baseline_r01_s10001,62.432,1.479198,-0.450000,0.406872,0,13.483567,13.483567,0,0,0,0
lane_curve_bright_baseline_r01_s10001,62.464,1.479198,-0.450000,0.406872,0,13.483567,13.483567,0,0,0,0
lane_curve_bright_baseline_r01_s10001,62.496,1.479198,-0.450000,0.406872,0,13.483567,13.483567,0,0,0,0
lane_curve_bright_baseline_r01_s10001,62.528,1.479198,-0.450000,0.406872,0,13.483567,13.483567,0,0,0,0
lane_curve_bright_baseline_r01_s10001,62.560,1.479198,-0.450000,0.406872,0,13.483567,13.483567,0,0,0,0
lane_curve_bright_baseline_r01_s10001,62.592,1.479198,-0.450000,0.406872,0,13.483567,13.483567,0,0,0,0
lane_curve_bright_baseline_r01_s10001,62.624,1.479198,-0.450000,0.406872,0,13.483567,13.483567,0,0,0,0
lane_curve_bright_baseline_r01_s10001,62.656,1.479198,-0.450000,0.406872,0,13.483567,13.483567,0,0,0,0
lane_curve_bright_baseline_r01_s10001,62.688,1.479198,-0.450000,0.406872,0,13.483567,13.483567,0,0,0,0
lane_curve_bright_baseline_r01_s10001,62.720,1.479198,-0.450000,0.406872,0,13.483567,13.483567,0,0,0,0
lane_curve_bright_baseline_r01_s10001,62.752,1.479198,-0.450000,0.406872,0,13.483567,13.483567,0,0,0,0
lane_curve_bright_baseline_r01_s10001,62.784,1.479198,-0.450000,0.406872,0,13.483567,13.483567,0,0,0,0
lane_curve_bright_baseline_r01_s10001,62.816,1.479198,-0.450000,0.406872,0,13.483567,13.483567,0,0,0,0
lane_curve_bright_baseline_r01_s10001,62.848,1.479198,-0.450000,0.406872,0,13.483567,13.483567,0,0,0,0
lane_curve_bright_baseline_r01_s10001,62.880,1.479198,-0.450000,0.406872,0,13.483567,13.483567,0,0,0,0
lane_curve_bright_baseline_r01_s10001,62.912,1.479198,-0.450000,0.406872,0,13.483567,13.483567,0,0,0,0
lane_curve_bright_baseline_r01_s10001,62.944,1.479198,-0.450000,0.406872,0,13.483567,13.483567,0,0,0,0
lane_curve_bright_baseline_r01_s10001,62.976,1.479198,-0.450000,0.406872,0,13.483567,13.483567,0,0,0,0
lane_curve_bright_baseline_r01_s10001,63.008,1.479198,-0.450000,0.406872,0,13.483567,13.483567,0,0,0,0
lane_curve_bright_baseline_r01_s10001,63.040,1.479198,-0.450000,0.406872,0,13.483567,13.483567,0,0,0,0
lane_curve_bright_baseline_r01_s10001,63.072,1.479198,-0.450000,0.406872,0,13.483567,13.483567,0,0,0,0
lane_curve_bright_baseline_r01_s10001,63.104,1.479198,-0.450000,0.406872,0,13.483567,13.483567,0,0,0,0
lane_curve_bright_baseline_r01_s10001,63.136,1.479198,-0.450000,0.406872,0,13.483567,13.483567,0,0,0,0
lane_curve_bright_baseline_r01_s10001,63.168,1.479198,-0.450000,0.406872,0,13.483567,13.483567,0,0,0,0
lane_curve_bright_baseline_r01_s10001,63.200,1.479198,-0.450000,0.406872,0,13.483567,13.483567,0,0,0,0
lane_curve_bright_baseline_r01_s10001,63.232,1.479198,-0.450000,0.406872,0,13.483567,13.483567,0,0,0,0
lane_curve_bright_baseline_r01_s10001,63.264,1.479198,-0.450000,0.406872,0,13.483567,13.483567,0,0,0,0
lane_curve_bright_baseline_r01_s10001,63.296,1.479198,-0.450000,0.406872,0,13.483567,13.483567,0,0,0,0
lane_curve_bright_baseline_r01_s10001,63.328,1.479198,-0.450000,0.406872,0,13.483567,13.483567,0,0,0,0
lane_curve_bright_baseline_r01_s10001,63.360,1.479198,-0.450000,0.406872,0,13.483567,13.483567,0,0,0,0
lane_curve_bright_baseline_r01_s10001,63.392,1.479198,-0.450000,0.406872,0,13.483567,13.483567,0,0,0,0
lane_curve_bright_baseline_r01_s10001,63.424,1.479198,-0.450000,0.406872,0,13.483567,13.483567,0,0,0,0
lane_curve_bright_baseline_r01_s10001,63.456,1.479198,-0.450000,0.406872,0,13.483567,13.483567,0,0,0,0
lane_curve_bright_baseline_r01_s10001,63.488,1.479198,-0.450000,0.406872,0,13.483567,13.483567,0,0,0,0
lane_curve_bright_baseline_r01_s10001,63.520,1.479198,-0.450000,0.406872,0,13.483567,13.483567,0,0,0,0
lane_curve_bright_baseline_r01_s10001,63.552,1.479198,-0.450000,0.406872,0,13.483567,13.483567,0,0,0,0
lane_curve_bright_baseline_r01_s10001,63.584,1.479198,-0.450000,0.406872,0,13.483567,13.483567,0,0,0,0
lane_curve_bright_baseline_r01_s10001,63.616,1.479198,-0.450000,0.406872,0,13.483567,13.483567,0,0,0,0
lane_curve_bright_baseline_r01_s10001,63.648,1.479198,-0.450000,0.406872,0,13.483567,13.483567,0,0,0,0
lane_curve_bright_baseline_r01_s10001,63.680,1.479198,-0.450000,0.406872,0,13.483567,13.483567,0,0,0,0
lane_curve_bright_baseline_r01_s10001,63.712,1.479198,-0.450000,0.406872,0,13.483567,13.483567,0,0,0,0
lane_curve_bright_baseline_r01_s10001,63.744,1.479198,-0.450000,0.406872,0,13.483567,13.483567,0,0,0,0
lane_curve_bright_baseline_r01_s10001,63.776,1.479198,-0.450000,0.406872,0,13.483567,13.483567,0,0,0,0
lane_curve_bright_baseline_r01_s10001,63.808,1.479198,-0.450000,0.406872,0,13.483567,13.483567,0,0,0,0
lane_curve_bright_baseline_r01_s10001,63.840,1.479198,-0.450000,0.406872,0,13.483567,13.483567,0,0,0,0
lane_curve_bright_baseline_r01_s10001,63.872,1.479198,-0.450000,0.406872,0,13.483567,13.483567,0,0,0,0
lane_curve_bright_baseline_r01_s10001,63.904,1.479198,-0.450000,0.406872,0,13.483567,13.483567,0,0,0,0
lane_curve_bright_baseline_r01_s10001,63.936,1.479198,-0.450000,0.406872,0,13.483567,13.483567,0,0,0,0
lane_curve_bright_baseline_r01_s10001,63.968,1.479198,-0.450000,0.406872,0,13.483567,13.483567,0,0,0,0
lane_curve_bright_baseline_r01_s10001,64.000,1.479198,-0.450000,0.406872,0,13.483567,13.483567,0,0,0,0
lane_curve_bright_baseline_r01_s10001,64.032,1.479198,-0.450000,0.406872,0,13.483567,13.483567,0,0,0,0
lane_curve_bright_baseline_r01_s10001,64.064,1.479198,-0.450000,0.406872,0,13.483567,13.483567,0,0,0,0
lane_curve_bright_baseline_r01_s10001,64.096,1.479198,-0.450000,0.406872,0,13.483567,13.483567,0,0,0,0
lane_curve_bright_baseline_r01_s10001,64.128,1.479198,-0.450000,0.406872,0,13.483567,13.483567,0,0,0,0
lane_curve_bright_baseline_r01_s10001,64.160,1.479198,-0.450000,0.406872,0,13.483567,13.483567,0,0,0,0
lane_curve_bright_baseline_r01_s10001,64.192,1.479198,-0.450000,0.406872,0,13.483567,13.483567,0,0,0,0
lane_curve_bright_baseline_r01_s10001,64.224,1.479198,-0.450000,0.406872,0,13.483567,13.483567,0,0,0,0
lane_curve_bright_baseline_r01_s10001,64.256,1.479198,-0.450000,0.406872,0,13.483567,13.483567,0,0,0,0
lane_curve_bright_baseline_r01_s10001,64.288,1.479198,-0.450000,0.406872,0,13.483567,13.483567,0,0,0,0
lane_curve_bright_baseline_r01_s10001,64.320,1.479198,-0.450000,0.406872,0,13.483567,13.483567,0,0,0,0
lane_curve_bright_baseline_r01_s10001,64.352,1.479198,-0.450000,0.406872,0,13.483567,13.483567,0,0,0,0
lane_curve_bright_baseline_r01_s10001,64.384,1.479198,-0.450000,0.406872,0,13.483567,13.483567,0,0,0,0
lane_curve_bright_baseline_r01_s10001,64.416,1.479198,-0.450000,0.406872,0,13.483567,13.483567,0,0,0,0
lane_curve_bright_baseline_r01_s10001,64.448,1.479198,-0.450000,0.406872,0,13.483567,13.483567,0,0,0,0
lane_curve_bright_baseline_r01_s10001,64.480,1.479198,-0.450000,0.406872,0,13.483567,13.483567,0,0,0,0
lane_curve_bright_baseline_r01_s10001,64.512,1.479198,-0.450000,0.406872,0,13.483567,13.483567,0,0,0,0
lane_curve_bright_baseline_r01_s10001,64.544,1.479198,-0.450000,0.406872,0,13.483567,13.483567,0,0,0,0
lane_curve_bright_baseline_r01_s10001,64.576,1.479198,-0.450000,0.406872,0,13.483567,13.483567,0,0,0,0
lane_curve_bright_baseline_r01_s10001,64.608,1.479198,-0.450000,0.406872,0,13.483567,13.483567,0,0,0,0
lane_curve_bright_baseline_r01_s10001,64.640,1.479198,-0.450000,0.406872,0,13.483567,13.483567,0,0,0,0
lane_curve_bright_baseline_r01_s10001,64.672,1.479198,-0.450000,0.406872,0,13.483567,13.483567,0,0,0,0
lane_curve_bright_baseline_r01_s10001,64.704,1.479198,-0.450000,0.406872,0,13.483567,13.483567,0,0,0,0
lane_curve_bright_baseline_r01_s10001,64.736,1.479198,-0.450000,0.406872,0,13.483567,13.483567,0,0,0,0
lane_curve_bright_baseline_r01_s10001,64.768,1.479198,-0.450000,0.406872,0,13.483567,13.483567,0,0,0,0
lane_curve_bright_baseline_r01_s10001,64.800,1.479198,-0.450000,0.406872,0,13.483567,13.483567,0,0,0,0
lane_curve_bright_baseline_r01_s10001,64.832,1.479198,-0.450000,0.406872,0,13.483567,13.483567,0,0,0,0
lane_curve_bright_baseline_r01_s10001,64.864,1.479198,-0.450000,0.406872,0,13.483567,13.483567,0,0,0,0
lane_curve_bright_baseline_r01_s10001,64.896,1.479198,-0.450000,0.406872,0,13.483567,13.483567,0,0,0,0
lane_curve_bright_baseline_r01_s10001,64.928,1.479198,-0.450000,0.406872,0,13.483567,13.483567,0,0,0,0
lane_curve_bright_baseline_r01_s10001,64.960,1.479198,-0.450000,0.406872,0,13.483567,13.483567,0,0,0,0
lane_curve_bright_baseline_r01_s10001,64.992,1.479198,-0.450000,0.406872,0,13.483567,13.483567,0,0,0,0
lane_curve_bright_baseline_r01_s10001,65.024,1.479198,-0.450000,0.406872,0,13.483567,13.483567,0,0,0,0
lane_curve_bright_baseline_r01_s10001,65.056,1.479198,-0.450000,0.406872,0,13.483567,13.483567,0,0,0,0
lane_curve_bright_baseline_r01_s10001,65.088,1.479198,-0.450000,0.406872,0,13.483567,13.483567,0,0,0,0
lane_curve_bright_baseline_r01_s10001,65.120,1.479198,-0.450000,0.406872,0,13.483567,13.483567,0,0,0,0
lane_curve_bright_baseline_r01_s10001,65.152,1.479198,-0.450000,0.406872,0,13.483567,13.483567,0,0,0,0
lane_curve_bright_baseline_r01_s10001,65.184,1.479198,-0.450000,0.406872,0,13.483567,13.483567,0,0,0,0
lane_curve_bright_baseline_r01_s10001,65.216,1.479198,-0.450000,0.406872,0,13.483567,13.483567,0,0,0,0
lane_curve_bright_baseline_r01_s10001,65.248,1.479198,-0.450000,0.406872,0,13.483567,13.483567,0,0,0,0
lane_curve_bright_baseline_r01_s10001,65.280,1.479198,-0.450000,0.406872,0,13.483567,13.483567,0,0,0,0
lane_curve_bright_baseline_r01_s10001,65.312,1.479198,-0.450000,0.406872,0,13.483567,13.483567,0,0,0,0
lane_curve_bright_baseline_r01_s10001,65.344,1.479198,-0.450000,0.406872,0,13.483567,13.483567,0,0,0,0
lane_curve_bright_baseline_r01_s10001,65.376,1.479198,-0.450000,0.406872,0,13.483567,13.483567,0,0,0,0
lane_curve_bright_baseline_r01_s10001,65.408,1.479198,-0.450000,0.406872,0,13.483567,13.483567,0,0,0,0
lane_curve_bright_baseline_r01_s10001,65.440,1.479198,-0.450000,0.406872,0,13.483567,13.483567,0,0,0,0
lane_curve_bright_baseline_r01_s10001,65.472,1.479198,-0.450000,0.406872,0,13.483567,13.483567,0,0,0,0
lane_curve_bright_baseline_r01_s10001,65.504,1.479198,-0.450000,0.406872,0,13.483567,13.483567,0,0,0,0
lane_curve_bright_baseline_r01_s10001,65.536,1.479198,-0.450000,0.406872,0,13.483567,13.483567,0,0,0,0
lane_curve_bright_baseline_r01_s10001,65.568,1.479198,-0.450000,0.406872,0,13.483567,13.483567,0,0,0,0
lane_curve_bright_baseline_r01_s10001,65.600,1.479198,-0.450000,0.406872,0,13.483567,13.483567,0,0,0,0
lane_curve_bright_baseline_r01_s10001,65.632,1.479198,-0.450000,0.406872,0,13.483567,13.483567,0,0,0,0
lane_curve_bright_baseline_r01_s10001,65.664,1.479198,-0.450000,0.406872,0,13.483567,13.483567,0,0,0,0
lane_curve_bright_baseline_r01_s10001,65.696,1.479198,-0.450000,0.406872,0,13.483567,13.483567,0,0,0,0
lane_curve_bright_baseline_r01_s10001,65.728,1.479198,-0.450000,0.406872,0,13.483567,13.483567,0,0,0,0
lane_curve_bright_baseline_r01_s10001,65.760,1.479198,-0.450000,0.406872,0,13.483567,13.483567,0,0,0,0
lane_curve_bright_baseline_r01_s10001,65.792,1.479198,-0.450000,0.406872,0,13.483567,13.483567,0,0,0,0
lane_curve_bright_baseline_r01_s10001,65.824,1.479198,-0.450000,0.406872,0,13.483567,13.483567,0,0,0,0
lane_curve_bright_baseline_r01_s10001,65.856,1.479198,-0.450000,0.406872,0,13.483567,13.483567,0,0,0,0
lane_curve_bright_baseline_r01_s10001,65.888,1.479198,-0.450000,0.406872,0,13.483567,13.483567,0,0,0,0
lane_curve_bright_baseline_r01_s10001,65.920,1.479198,-0.450000,0.406872,0,13.483567,13.483567,0,0,0,0
lane_curve_bright_baseline_r01_s10001,65.952,1.479198,-0.450000,0.406872,0,13.483567,13.483567,0,0,0,0
lane_curve_bright_baseline_r01_s10001,65.984,1.479198,-0.450000,0.406872,0,13.483567,13.483567,0,0,0,0
lane_curve_bright_baseline_r01_s10001,66.016,1.479198,-0.450000,0.406872,0,13.483567,13.483567,0,0,0,0
lane_curve_bright_baseline_r01_s10001,66.048,1.479198,-0.450000,0.406872,0,13.483567,13.483567,0,0,0,0
lane_curve_bright_baseline_r01_s10001,66.080,1.479198,-0.450000,0.406872,0,13.483567,13.483567,0,0,0,0
lane_curve_bright_baseline_r01_s10001,66.112,1.479198,-0.450000,0.406872,0,13.483567,13.483567,0,0,0,0
lane_curve_bright_baseline_r01_s10001,66.144,1.479198,-0.450000,0.406872,0,13.483567,13.483567,0,0,0,0
lane_curve_bright_baseline_r01_s10001,66.176,1.479198,-0.450000,0.406872,0,13.483567,13.483567,0,0,0,0
lane_curve_bright_baseline_r01_s10001,66.208,1.479198,-0.450000,0.406872,0,13.483567,13.483567,0,0,0,0
lane_curve_bright_baseline_r01_s10001,66.240,1.479198,-0.450000,0.406872,0,13.483567,13.483567,0,0,0,0
lane_curve_bright_baseline_r01_s10001,66.272,1.479198,-0.450000,0.406872,0,13.483567,13.483567,0,0,0,0
lane_curve_bright_baseline_r01_s10001,66.304,1.479198,-0.450000,0.406872,0,13.483567,13.483567,0,0,0,0
lane_curve_bright_baseline_r01_s10001,66.336,1.479198,-0.450000,0.406872,0,13.483567,13.483567,0,0,0,0
lane_curve_bright_baseline_r01_s10001,66.368,1.479198,-0.450000,0.406872,0,13.483567,13.483567,0,0,0,0
lane_curve_bright_baseline_r01_s10001,66.400,1.479198,-0.450000,0.406872,0,13.483567,13.483567,0,0,0,0
lane_curve_bright_baseline_r01_s10001,66.432,1.479198,-0.450000,0.406872,0,13.483567,13.483567,0,0,0,0
lane_curve_bright_baseline_r01_s10001,66.464,1.479198,-0.450000,0.406872,0,13.483567,13.483567,0,0,0,0
lane_curve_bright_baseline_r01_s10001,66.496,1.479198,-0.450000,0.406872,0,13.483567,13.483567,0,0,0,0
lane_curve_bright_baseline_r01_s10001,66.528,1.479198,-0.450000,0.406872,0,13.483567,13.483567,0,0,0,0
lane_curve_bright_baseline_r01_s10001,66.560,1.479198,-0.450000,0.406872,0,13.483567,13.483567,0,0,0,0
lane_curve_bright_baseline_r01_s10001,66.592,1.479198,-0.450000,0.406872,0,13.483567,13.483567,0,0,0,0
lane_curve_bright_baseline_r01_s10001,66.624,1.479198,-0.450000,0.406872,0,13.483567,13.483567,0,0,0,0
lane_curve_bright_baseline_r01_s10001,66.656,1.479198,-0.450000,0.406872,0,13.483567,13.483567,0,0,0,0
lane_curve_bright_baseline_r01_s10001,66.688,1.479198,-0.450000,0.406872,0,13.483567,13.483567,0,0,0,0
lane_curve_bright_baseline_r01_s10001,66.720,1.479198,-0.450000,0.406872,0,13.483567,13.483567,0,0,0,0
lane_curve_bright_baseline_r01_s10001,66.752,1.479198,-0.450000,0.406872,0,13.483567,13.483567,0,0,0,0
lane_curve_bright_baseline_r01_s10001,66.784,1.479198,-0.450000,0.406872,0,13.483567,13.483567,0,0,0,0
lane_curve_bright_baseline_r01_s10001,66.816,1.479198,-0.450000,0.406872,0,13.483567,13.483567,0,0,0,0
lane_curve_bright_baseline_r01_s10001,66.848,1.479198,-0.450000,0.406872,0,13.483567,13.483567,0,0,0,0
lane_curve_bright_baseline_r01_s10001,66.880,1.479198,-0.450000,0.406872,0,13.483567,13.483567,0,0,0,0
lane_curve_bright_baseline_r01_s10001,66.912,1.479198,-0.450000,0.406872,0,13.483567,13.483567,0,0,0,0
lane_curve_bright_baseline_r01_s10001,66.944,1.479198,-0.450000,0.406872,0,13.483567,13.483567,0,0,0,0
lane_curve_bright_baseline_r01_s10001,66.976,1.479198,-0.450000,0.406872,0,13.483567,13.483567,0,0,0,0
lane_curve_bright_baseline_r01_s10001,67.008,1.479198,-0.450000,0.406872,0,13.483567,13.483567,0,0,0,0
lane_curve_bright_baseline_r01_s10001,67.040,1.479198,-0.450000,0.406872,0,13.483567,13.483567,0,0,0,0
lane_curve_bright_baseline_r01_s10001,67.072,1.479198,-0.450000,0.406872,0,13.483567,13.483567,0,0,0,0
lane_curve_bright_baseline_r01_s10001,67.104,1.479198,-0.450000,0.406872,0,13.483567,13.483567,0,0,0,0
lane_curve_bright_baseline_r01_s10001,67.136,1.479198,-0.450000,0.406872,0,13.483567,13.483567,0,0,0,0
lane_curve_bright_baseline_r01_s10001,67.168,1.479198,-0.450000,0.406872,0,13.483567,13.483567,0,0,0,0
lane_curve_bright_baseline_r01_s10001,67.200,1.479198,-0.450000,0.406872,0,13.483567,13.483567,0,0,0,0
lane_curve_bright_baseline_r01_s10001,67.232,1.479198,-0.450000,0.406872,0,13.483567,13.483567,0,0,0,0
lane_curve_bright_baseline_r01_s10001,67.264,1.479198,-0.450000,0.406872,0,13.483567,13.483567,0,0,0,0
lane_curve_bright_baseline_r01_s10001,67.296,1.479198,-0.450000,0.406872,0,13.483567,13.483567,0,0,0,0
lane_curve_bright_baseline_r01_s10001,67.328,1.479198,-0.450000,0.406872,0,13.483567,13.483567,0,0,0,0
lane_curve_bright_baseline_r01_s10001,67.360,1.479198,-0.450000,0.406872,0,13.483567,13.483567,0,0,0,0
lane_curve_bright_baseline_r01_s10001,67.392,1.479198,-0.450000,0.406872,0,13.483567,13.483567,0,0,0,0
lane_curve_bright_baseline_r01_s10001,67.424,1.479198,-0.450000,0.406872,0,13.483567,13.483567,0,0,0,0
lane_curve_bright_baseline_r01_s10001,67.456,1.479198,-0.450000,0.406872,0,13.483567,13.483567,0,0,0,0
lane_curve_bright_baseline_r01_s10001,67.488,1.479198,-0.450000,0.406872,0,13.483567,13.483567,0,0,0,0
lane_curve_bright_baseline_r01_s10001,67.520,1.479198,-0.450000,0.406872,0,13.483567,13.483567,0,0,0,0
lane_curve_bright_baseline_r01_s10001,67.552,1.479198,-0.450000,0.406872,0,13.483567,13.483567,0,0,0,0
lane_curve_bright_baseline_r01_s10001,67.584,1.479198,-0.450000,0.406872,0,13.483567,13.483567,0,0,0,0
lane_curve_bright_baseline_r01_s10001,67.616,1.479198,-0.450000,0.406872,0,13.483567,13.483567,0,0,0,0
lane_curve_bright_baseline_r01_s10001,67.648,1.479198,-0.450000,0.406872,0,13.483567,13.483567,0,0,0,0
lane_curve_bright_baseline_r01_s10001,67.680,1.479198,-0.450000,0.406872,0,13.483567,13.483567,0,0,0,0
lane_curve_bright_baseline_r01_s10001,67.712,1.479198,-0.450000,0.406872,0,13.483567,13.483567,0,0,0,0
lane_curve_bright_baseline_r01_s10001,67.744,1.479198,-0.450000,0.406872,0,13.483567,13.483567,0,0,0,0
lane_curve_bright_baseline_r01_s10001,67.776,1.479198,-0.450000,0.406872,0,13.483567,13.483567,0,0,0,0
lane_curve_bright_baseline_r01_s10001,67.808,1.479198,-0.450000,0.406872,0,13.483567,13.483567,0,0,0,0
lane_curve_bright_baseline_r01_s10001,67.840,1.479198,-0.450000,0.406872,0,13.483567,13.483567,0,0,0,0
lane_curve_bright_baseline_r01_s10001,67.872,1.479198,-0.450000,0.406872,0,13.483567,13.483567,0,0,0,0
lane_curve_bright_baseline_r01_s10001,67.904,1.479198,-0.450000,0.406872,0,13.483567,13.483567,0,0,0,0
lane_curve_bright_baseline_r01_s10001,67.936,1.479198,-0.450000,0.406872,0,13.483567,13.483567,0,0,0,0
lane_curve_bright_baseline_r01_s10001,67.968,1.479198,-0.450000,0.406872,0,13.483567,13.483567,0,0,0,0
lane_curve_bright_baseline_r01_s10001,68.000,1.479198,-0.450000,0.406872,0,13.483567,13.483567,0,0,0,0
lane_curve_bright_baseline_r01_s10001,68.032,1.479198,-0.450000,0.406872,0,13.483567,13.483567,0,0,0,0
lane_curve_bright_baseline_r01_s10001,68.064,1.479198,-0.450000,0.406872,0,13.483567,13.483567,0,0,0,0
lane_curve_bright_baseline_r01_s10001,68.096,1.479198,-0.450000,0.406872,0,13.483567,13.483567,0,0,0,0
lane_curve_bright_baseline_r01_s10001,68.128,1.479198,-0.450000,0.406872,0,13.483567,13.483567,0,0,0,0
lane_curve_bright_baseline_r01_s10001,68.160,1.479198,-0.450000,0.406872,0,13.483567,13.483567,0,0,0,0
lane_curve_bright_baseline_r01_s10001,68.192,1.479198,-0.450000,0.406872,0,13.483567,13.483567,0,0,0,0
lane_curve_bright_baseline_r01_s10001,68.224,1.479198,-0.450000,0.406872,0,13.483567,13.483567,0,0,0,0
lane_curve_bright_baseline_r01_s10001,68.256,1.479198,-0.450000,0.406872,0,13.483567,13.483567,0,0,0,0
lane_curve_bright_baseline_r01_s10001,68.288,1.479198,-0.450000,0.406872,0,13.483567,13.483567,0,0,0,0
lane_curve_bright_baseline_r01_s10001,68.320,1.479198,-0.450000,0.406872,0,13.483567,13.483567,0,0,0,0
lane_curve_bright_baseline_r01_s10001,68.352,1.479198,-0.450000,0.406872,0,13.483567,13.483567,0,0,0,0
lane_curve_bright_baseline_r01_s10001,68.384,1.479198,-0.450000,0.406872,0,13.483567,13.483567,0,0,0,0
lane_curve_bright_baseline_r01_s10001,68.416,1.479198,-0.450000,0.406872,0,13.483567,13.483567,0,0,0,0
lane_curve_bright_baseline_r01_s10001,68.448,1.479198,-0.450000,0.406872,0,13.483567,13.483567,0,0,0,0
lane_curve_bright_baseline_r01_s10001,68.480,1.479198,-0.450000,0.406872,0,13.483567,13.483567,0,0,0,0
lane_curve_bright_baseline_r01_s10001,68.512,1.479198,-0.450000,0.406872,0,13.483567,13.483567,0,0,0,0
lane_curve_bright_baseline_r01_s10001,68.544,1.479198,-0.450000,0.406872,0,13.483567,13.483567,0,0,0,0
lane_curve_bright_baseline_r01_s10001,68.576,1.479198,-0.450000,0.406872,0,13.483567,13.483567,0,0,0,0
lane_curve_bright_baseline_r01_s10001,68.608,1.479198,-0.450000,0.406872,0,13.483567,13.483567,0,0,0,0
lane_curve_bright_baseline_r01_s10001,68.640,1.479198,-0.450000,0.406872,0,13.483567,13.483567,0,0,0,0
lane_curve_bright_baseline_r01_s10001,68.672,1.479198,-0.450000,0.406872,0,13.483567,13.483567,0,0,0,0
lane_curve_bright_baseline_r01_s10001,68.704,1.479198,-0.450000,0.406872,0,13.483567,13.483567,0,0,0,0
lane_curve_bright_baseline_r01_s10001,68.736,1.479198,-0.450000,0.406872,0,13.483567,13.483567,0,0,0,0
lane_curve_bright_baseline_r01_s10001,68.768,1.479198,-0.450000,0.406872,0,13.483567,13.483567,0,0,0,0
lane_curve_bright_baseline_r01_s10001,68.800,1.479198,-0.450000,0.406872,0,13.483567,13.483567,0,0,0,0
lane_curve_bright_baseline_r01_s10001,68.832,1.479198,-0.450000,0.406872,0,13.483567,13.483567,0,0,0,0
lane_curve_bright_baseline_r01_s10001,68.864,1.479198,-0.450000,0.406872,0,13.483567,13.483567,0,0,0,0
lane_curve_bright_baseline_r01_s10001,68.896,1.479198,-0.450000,0.406872,0,13.483567,13.483567,0,0,0,0
lane_curve_bright_baseline_r01_s10001,68.928,1.479198,-0.450000,0.406872,0,13.483567,13.483567,0,0,0,0
lane_curve_bright_baseline_r01_s10001,68.960,1.479197,-0.450000,0.406872,0,13.483567,13.483567,0,0,0,0
lane_curve_bright_baseline_r01_s10001,68.992,1.479197,-0.450000,0.406872,0,13.483567,13.483567,0,0,0,0
lane_curve_bright_baseline_r01_s10001,69.024,1.479197,-0.450000,0.406872,0,13.483567,13.483567,0,0,0,0
lane_curve_bright_baseline_r01_s10001,69.056,1.479197,-0.450000,0.406872,0,13.483567,13.483567,0,0,0,0
lane_curve_bright_baseline_r01_s10001,69.088,1.479197,-0.450000,0.406872,0,13.483567,13.483567,0,0,0,0
lane_curve_bright_baseline_r01_s10001,69.120,1.479197,-0.450000,0.406872,0,13.483567,13.483567,0,0,0,0
lane_curve_bright_baseline_r01_s10001,69.152,1.479197,-0.450000,0.406872,0,13.483567,13.483567,0,0,0,0
lane_curve_bright_baseline_r01_s10001,69.184,1.479197,-0.450000,0.406872,0,13.483567,13.483567,0,0,0,0
lane_curve_bright_baseline_r01_s10001,69.216,1.479197,-0.450000,0.406872,0,13.483567,13.483567,0,0,0,0
lane_curve_bright_baseline_r01_s10001,69.248,1.479197,-0.450000,0.406872,0,13.483567,13.483567,0,0,0,0
lane_curve_bright_baseline_r01_s10001,69.280,1.479197,-0.450000,0.406872,0,13.483567,13.483567,0,0,0,0
lane_curve_bright_baseline_r01_s10001,69.312,1.479197,-0.450000,0.406872,0,13.483567,13.483567,0,0,0,0
lane_curve_bright_baseline_r01_s10001,69.344,1.479197,-0.450000,0.406872,0,13.483567,13.483567,0,0,0,0
lane_curve_bright_baseline_r01_s10001,69.376,1.479197,-0.450000,0.406872,0,13.483567,13.483567,0,0,0,0
lane_curve_bright_baseline_r01_s10001,69.408,1.479197,-0.450000,0.406872,0,13.483567,13.483567,0,0,0,0
lane_curve_bright_baseline_r01_s10001,69.440,1.479197,-0.450000,0.406872,0,13.483567,13.483567,0,0,0,0
lane_curve_bright_baseline_r01_s10001,69.472,1.479197,-0.450000,0.406872,0,13.483567,13.483567,0,0,0,0
lane_curve_bright_baseline_r01_s10001,69.504,1.479197,-0.450000,0.406872,0,13.483567,13.483567,0,0,0,0
lane_curve_bright_baseline_r01_s10001,69.536,1.479197,-0.450000,0.406872,0,13.483567,13.483567,0,0,0,0
lane_curve_bright_baseline_r01_s10001,69.568,1.479197,-0.450000,0.406872,0,13.483567,13.483567,0,0,0,0
lane_curve_bright_baseline_r01_s10001,69.600,1.479197,-0.450000,0.406872,0,13.483567,13.483567,0,0,0,0
lane_curve_bright_baseline_r01_s10001,69.632,1.479197,-0.450000,0.406872,0,13.483567,13.483567,0,0,0,0
lane_curve_bright_baseline_r01_s10001,69.664,1.479197,-0.450000,0.406872,0,13.483567,13.483567,0,0,0,0
lane_curve_bright_baseline_r01_s10001,69.696,1.479197,-0.450000,0.406872,0,13.483567,13.483567,0,0,0,0
lane_curve_bright_baseline_r01_s10001,69.728,1.479197,-0.450000,0.406872,0,13.483567,13.483567,0,0,0,0
lane_curve_bright_baseline_r01_s10001,69.760,1.479197,-0.450000,0.406872,0,13.483567,13.483567,0,0,0,0
lane_curve_bright_baseline_r01_s10001,69.792,1.479197,-0.450000,0.406872,0,13.483567,13.483567,0,0,0,0
lane_curve_bright_baseline_r01_s10001,69.824,1.479197,-0.450000,0.406872,0,13.483567,13.483567,0,0,0,0
lane_curve_bright_baseline_r01_s10001,69.856,1.479197,-0.450000,0.406872,0,13.483567,13.483567,0,0,0,0
lane_curve_bright_baseline_r01_s10001,69.888,1.479197,-0.450000,0.406872,0,13.483567,13.483567,0,0,0,0
lane_curve_bright_baseline_r01_s10001,69.920,1.479197,-0.450000,0.406872,0,13.483567,13.483567,0,0,0,0
lane_curve_bright_baseline_r01_s10001,69.952,1.479197,-0.450000,0.406872,0,13.483567,13.483567,0,0,0,0
lane_curve_bright_baseline_r01_s10001,69.984,1.479197,-0.450000,0.406872,0,13.483567,13.483567,0,0,0,0
lane_curve_bright_baseline_r01_s10001,70.016,1.479197,-0.450000,0.406872,0,13.483567,13.483567,0,0,0,0
lane_curve_bright_baseline_r01_s10001,70.048,1.479197,-0.450000,0.406872,0,13.483567,13.483567,0,0,0,0
lane_curve_bright_baseline_r01_s10001,70.080,1.479197,-0.450000,0.406872,0,13.483567,13.483567,0,0,0,0
lane_curve_bright_baseline_r01_s10001,70.112,1.479197,-0.450000,0.406872,0,13.483567,13.483567,0,0,0,0
lane_curve_bright_baseline_r01_s10001,70.144,1.479197,-0.450000,0.406872,0,13.483567,13.483567,0,0,0,0
lane_curve_bright_baseline_r01_s10001,70.176,1.479197,-0.450000,0.406872,0,13.483567,13.483567,0,0,0,0
lane_curve_bright_baseline_r01_s10001,70.208,1.479197,-0.450000,0.406872,0,13.483567,13.483567,0,0,0,0
lane_curve_bright_baseline_r01_s10001,70.240,1.479197,-0.450000,0.406872,0,13.483567,13.483567,0,0,0,0
lane_curve_bright_baseline_r01_s10001,70.272,1.479197,-0.450000,0.406872,0,13.483567,13.483567,0,0,0,0
lane_curve_bright_baseline_r01_s10001,70.304,1.479197,-0.450000,0.406872,0,13.483567,13.483567,0,0,0,0
lane_curve_bright_baseline_r01_s10001,70.336,1.479197,-0.450000,0.406872,0,13.483567,13.483567,0,0,0,0
lane_curve_bright_baseline_r01_s10001,70.368,1.479197,-0.450000,0.406872,0,13.483567,13.483567,0,0,0,0
lane_curve_bright_baseline_r01_s10001,70.400,1.479197,-0.450000,0.406872,0,13.483567,13.483567,0,0,0,0
lane_curve_bright_baseline_r01_s10001,70.432,1.479197,-0.450000,0.406872,0,13.483567,13.483567,0,0,0,0
lane_curve_bright_baseline_r01_s10001,70.464,1.479197,-0.450000,0.406872,0,13.483567,13.483567,0,0,0,0
lane_curve_bright_baseline_r01_s10001,70.496,1.479197,-0.450000,0.406872,0,13.483567,13.483567,0,0,0,0
lane_curve_bright_baseline_r01_s10001,70.528,1.479197,-0.450000,0.406872,0,13.483567,13.483567,0,0,0,0
lane_curve_bright_baseline_r01_s10001,70.560,1.479197,-0.450000,0.406872,0,13.483567,13.483567,0,0,0,0
lane_curve_bright_baseline_r01_s10001,70.592,1.479197,-0.450000,0.406872,0,13.483567,13.483567,0,0,0,0
lane_curve_bright_baseline_r01_s10001,70.624,1.479197,-0.450000,0.406872,0,13.483567,13.483567,0,0,0,0
lane_curve_bright_baseline_r01_s10001,70.656,1.479197,-0.450000,0.406872,0,13.483567,13.483567,0,0,0,0
lane_curve_bright_baseline_r01_s10001,70.688,1.479197,-0.450000,0.406872,0,13.483567,13.483567,0,0,0,0
lane_curve_bright_baseline_r01_s10001,70.720,1.479197,-0.450000,0.406872,0,13.483567,13.483567,0,0,0,0
lane_curve_bright_baseline_r01_s10001,70.752,1.479197,-0.450000,0.406872,0,13.483567,13.483567,0,0,0,0
lane_curve_bright_baseline_r01_s10001,70.784,1.479197,-0.450000,0.406872,0,13.483567,13.483567,0,0,0,0
lane_curve_bright_baseline_r01_s10001,70.816,1.479197,-0.450000,0.406872,0,13.483567,13.483567,0,0,0,0
lane_curve_bright_baseline_r01_s10001,70.848,1.479197,-0.450000,0.406872,0,13.483567,13.483567,0,0,0,0
lane_curve_bright_baseline_r01_s10001,70.880,1.479197,-0.450000,0.406872,0,13.483567,13.483567,0,0,0,0
lane_curve_bright_baseline_r01_s10001,70.912,1.479197,-0.450000,0.406872,0,13.483567,13.483567,0,0,0,0
lane_curve_bright_baseline_r01_s10001,70.944,1.479197,-0.450000,0.406872,0,13.483567,13.483567,0,0,0,0
lane_curve_bright_baseline_r01_s10001,70.976,1.479197,-0.450000,0.406872,0,13.483567,13.483567,0,0,0,0
lane_curve_bright_baseline_r01_s10001,71.008,1.479197,-0.450000,0.406872,0,13.483567,13.483567,0,0,0,0
lane_curve_bright_baseline_r01_s10001,71.040,1.479197,-0.450000,0.406872,0,13.483567,13.483567,0,0,0,0
lane_curve_bright_baseline_r01_s10001,71.072,1.479197,-0.450000,0.406872,0,13.483567,13.483567,0,0,0,0
lane_curve_bright_baseline_r01_s10001,71.104,1.479197,-0.450000,0.406872,0,13.483567,13.483567,0,0,0,0
lane_curve_bright_baseline_r01_s10001,71.136,1.479197,-0.450000,0.406872,0,13.483567,13.483567,0,0,0,0
lane_curve_bright_baseline_r01_s10001,71.168,1.479197,-0.450000,0.406872,0,13.483567,13.483567,0,0,0,0
lane_curve_bright_baseline_r01_s10001,71.200,1.479197,-0.450000,0.406872,0,13.483567,13.483567,0,0,0,0
lane_curve_bright_baseline_r01_s10001,71.232,1.479197,-0.450000,0.406872,0,13.483567,13.483567,0,0,0,0
lane_curve_bright_baseline_r01_s10001,71.264,1.479197,-0.450000,0.406872,0,13.483567,13.483567,0,0,0,0
lane_curve_bright_baseline_r01_s10001,71.296,1.479197,-0.450000,0.406872,0,13.483567,13.483567,0,0,0,0
lane_curve_bright_baseline_r01_s10001,71.328,1.479197,-0.450000,0.406872,0,13.483567,13.483567,0,0,0,0
lane_curve_bright_baseline_r01_s10001,71.360,1.479197,-0.450000,0.406872,0,13.483567,13.483567,0,0,0,0
lane_curve_bright_baseline_r01_s10001,71.392,1.479197,-0.450000,0.406872,0,13.483567,13.483567,0,0,0,0
lane_curve_bright_baseline_r01_s10001,71.424,1.479197,-0.450000,0.406872,0,13.483567,13.483567,0,0,0,0
lane_curve_bright_baseline_r01_s10001,71.456,1.479197,-0.450000,0.406872,0,13.483567,13.483567,0,0,0,0
lane_curve_bright_baseline_r01_s10001,71.488,1.479197,-0.450000,0.406872,0,13.483567,13.483567,0,0,0,0
lane_curve_bright_baseline_r01_s10001,71.520,1.479197,-0.450000,0.406872,0,13.483567,13.483567,0,0,0,0
lane_curve_bright_baseline_r01_s10001,71.552,1.479197,-0.450000,0.406872,0,13.483567,13.483567,0,0,0,0
lane_curve_bright_baseline_r01_s10001,71.584,1.479197,-0.450000,0.406872,0,13.483567,13.483567,0,0,0,0
lane_curve_bright_baseline_r01_s10001,71.616,1.479197,-0.450000,0.406872,0,13.483567,13.483567,0,0,0,0
lane_curve_bright_baseline_r01_s10001,71.648,1.479197,-0.450000,0.406872,0,13.483567,13.483567,0,0,0,0
lane_curve_bright_baseline_r01_s10001,71.680,1.479197,-0.450000,0.406872,0,13.483567,13.483567,0,0,0,0
lane_curve_bright_baseline_r01_s10001,71.712,1.479197,-0.450000,0.406872,0,13.483567,13.483567,0,0,0,0
lane_curve_bright_baseline_r01_s10001,71.744,1.479197,-0.450000,0.406872,0,13.483567,13.483567,0,0,0,0
lane_curve_bright_baseline_r01_s10001,71.776,1.479197,-0.450000,0.406872,0,13.483567,13.483567,0,0,0,0
lane_curve_bright_baseline_r01_s10001,71.808,1.479197,-0.450000,0.406872,0,13.483567,13.483567,0,0,0,0
lane_curve_bright_baseline_r01_s10001,71.840,1.479197,-0.450000,0.406872,0,13.483567,13.483567,0,0,0,0
lane_curve_bright_baseline_r01_s10001,71.872,1.479197,-0.450000,0.406872,0,13.483567,13.483567,0,0,0,0
lane_curve_bright_baseline_r01_s10001,71.904,1.479197,-0.450000,0.406872,0,13.483567,13.483567,0,0,0,0
lane_curve_bright_baseline_r01_s10001,71.936,1.479197,-0.450000,0.406872,0,13.483567,13.483567,0,0,0,0
lane_curve_bright_baseline_r01_s10001,71.968,1.479197,-0.450000,0.406872,0,13.483567,13.483567,0,0,0,0
lane_curve_bright_baseline_r01_s10001,72.000,1.479197,-0.450000,0.406872,0,13.483567,13.483567,0,0,0,0
lane_curve_bright_baseline_r01_s10001,72.032,1.479197,-0.450000,0.406872,0,13.483567,13.483567,0,0,0,0
lane_curve_bright_baseline_r01_s10001,72.064,1.479197,-0.450000,0.406872,0,13.483567,13.483567,0,0,0,0
lane_curve_bright_baseline_r01_s10001,72.096,1.479197,-0.450000,0.406872,0,13.483567,13.483567,0,0,0,0
lane_curve_bright_baseline_r01_s10001,72.128,1.479197,-0.450000,0.406872,0,13.483567,13.483567,0,0,0,0
lane_curve_bright_baseline_r01_s10001,72.160,1.479197,-0.450000,0.406872,0,13.483567,13.483567,0,0,0,0
lane_curve_bright_baseline_r01_s10001,72.192,1.479197,-0.450000,0.406872,0,13.483567,13.483567,0,0,0,0
lane_curve_bright_baseline_r01_s10001,72.224,1.479197,-0.450000,0.406872,0,13.483567,13.483567,0,0,0,0
lane_curve_bright_baseline_r01_s10001,72.256,1.479197,-0.450000,0.406872,0,13.483567,13.483567,0,0,0,0
lane_curve_bright_baseline_r01_s10001,72.288,1.479197,-0.450000,0.406872,0,13.483567,13.483567,0,0,0,0
lane_curve_bright_baseline_r01_s10001,72.320,1.479197,-0.450000,0.406872,0,13.483567,13.483567,0,0,0,0
lane_curve_bright_baseline_r01_s10001,72.352,1.479197,-0.450000,0.406872,0,13.483567,13.483567,0,0,0,0
lane_curve_bright_baseline_r01_s10001,72.384,1.479197,-0.450000,0.406872,0,13.483567,13.483567,0,0,0,0
lane_curve_bright_baseline_r01_s10001,72.416,1.479197,-0.450000,0.406872,0,13.483567,13.483567,0,0,0,0
lane_curve_bright_baseline_r01_s10001,72.448,1.479197,-0.450000,0.406872,0,13.483567,13.483567,0,0,0,0
lane_curve_bright_baseline_r01_s10001,72.480,1.479197,-0.450000,0.406872,0,13.483567,13.483567,0,0,0,0
lane_curve_bright_baseline_r01_s10001,72.512,1.479197,-0.450000,0.406872,0,13.483567,13.483567,0,0,0,0
lane_curve_bright_baseline_r01_s10001,72.544,1.479197,-0.450000,0.406872,0,13.483567,13.483567,0,0,0,0
lane_curve_bright_baseline_r01_s10001,72.576,1.479197,-0.450000,0.406872,0,13.483567,13.483567,0,0,0,0
lane_curve_bright_baseline_r01_s10001,72.608,1.479197,-0.450000,0.406872,0,13.483567,13.483567,0,0,0,0
lane_curve_bright_baseline_r01_s10001,72.640,1.479197,-0.450000,0.406872,0,13.483567,13.483567,0,0,0,0
lane_curve_bright_baseline_r01_s10001,72.672,1.479197,-0.450000,0.406872,0,13.483567,13.483567,0,0,0,0
lane_curve_bright_baseline_r01_s10001,72.704,1.479197,-0.450000,0.406872,0,13.483567,13.483567,0,0,0,0
lane_curve_bright_baseline_r01_s10001,72.736,1.479197,-0.450000,0.406872,0,13.483567,13.483567,0,0,0,0
lane_curve_bright_baseline_r01_s10001,72.768,1.479197,-0.450000,0.406872,0,13.483567,13.483567,0,0,0,0
lane_curve_bright_baseline_r01_s10001,72.800,1.479197,-0.450000,0.406872,0,13.483567,13.483567,0,0,0,0
lane_curve_bright_baseline_r01_s10001,72.832,1.479197,-0.450000,0.406872,0,13.483567,13.483567,0,0,0,0
lane_curve_bright_baseline_r01_s10001,72.864,1.479197,-0.450000,0.406872,0,13.483567,13.483567,0,0,0,0
lane_curve_bright_baseline_r01_s10001,72.896,1.479197,-0.450000,0.406872,0,13.483567,13.483567,0,0,0,0
lane_curve_bright_baseline_r01_s10001,72.928,1.479197,-0.450000,0.406872,0,13.483567,13.483567,0,0,0,0
lane_curve_bright_baseline_r01_s10001,72.960,1.479197,-0.450000,0.406872,0,13.483567,13.483567,0,0,0,0
lane_curve_bright_baseline_r01_s10001,72.992,1.479197,-0.450000,0.406872,0,13.483567,13.483567,0,0,0,0
lane_curve_bright_baseline_r01_s10001,73.024,1.479197,-0.450000,0.406872,0,13.483567,13.483567,0,0,0,0
lane_curve_bright_baseline_r01_s10001,73.056,1.479197,-0.450000,0.406872,0,13.483567,13.483567,0,0,0,0
lane_curve_bright_baseline_r01_s10001,73.088,1.479197,-0.450000,0.406872,0,13.483567,13.483567,0,0,0,0
lane_curve_bright_baseline_r01_s10001,73.120,1.479197,-0.450000,0.406872,0,13.483567,13.483567,0,0,0,0
lane_curve_bright_baseline_r01_s10001,73.152,1.479197,-0.450000,0.406872,0,13.483567,13.483567,0,0,0,0
lane_curve_bright_baseline_r01_s10001,73.184,1.479197,-0.450000,0.406872,0,13.483567,13.483567,0,0,0,0
lane_curve_bright_baseline_r01_s10001,73.216,1.479197,-0.450000,0.406872,0,13.483567,13.483567,0,0,0,0
lane_curve_bright_baseline_r01_s10001,73.248,1.479197,-0.450000,0.406872,0,13.483567,13.483567,0,0,0,0
lane_curve_bright_baseline_r01_s10001,73.280,1.479197,-0.450000,0.406872,0,13.483567,13.483567,0,0,0,0
lane_curve_bright_baseline_r01_s10001,73.312,1.479197,-0.450000,0.406872,0,13.483567,13.483567,0,0,0,0
lane_curve_bright_baseline_r01_s10001,73.344,1.479197,-0.450000,0.406872,0,13.483567,13.483567,0,0,0,0
lane_curve_bright_baseline_r01_s10001,73.376,1.479197,-0.450000,0.406872,0,13.483567,13.483567,0,0,0,0
lane_curve_bright_baseline_r01_s10001,73.408,1.479197,-0.450000,0.406872,0,13.483567,13.483567,0,0,0,0
lane_curve_bright_baseline_r01_s10001,73.440,1.479197,-0.450000,0.406872,0,13.483567,13.483567,0,0,0,0
lane_curve_bright_baseline_r01_s10001,73.472,1.479197,-0.450000,0.406872,0,13.483567,13.483567,0,0,0,0
lane_curve_bright_baseline_r01_s10001,73.504,1.479197,-0.450000,0.406872,0,13.483567,13.483567,0,0,0,0
lane_curve_bright_baseline_r01_s10001,73.536,1.479197,-0.450000,0.406872,0,13.483567,13.483567,0,0,0,0
lane_curve_bright_baseline_r01_s10001,73.568,1.479197,-0.450000,0.406872,0,13.483567,13.483567,0,0,0,0
lane_curve_bright_baseline_r01_s10001,73.600,1.479197,-0.450000,0.406872,0,13.483567,13.483567,0,0,0,0
lane_curve_bright_baseline_r01_s10001,73.632,1.479197,-0.450000,0.406872,0,13.483567,13.483567,0,0,0,0
lane_curve_bright_baseline_r01_s10001,73.664,1.479197,-0.450000,0.406872,0,13.483567,13.483567,0,0,0,0
lane_curve_bright_baseline_r01_s10001,73.696,1.479197,-0.450000,0.406872,0,13.483567,13.483567,0,0,0,0
lane_curve_bright_baseline_r01_s10001,73.728,1.479197,-0.450000,0.406872,0,13.483567,13.483567,0,0,0,0
lane_curve_bright_baseline_r01_s10001,73.760,1.479197,-0.450000,0.406872,0,13.483567,13.483567,0,0,0,0
lane_curve_bright_baseline_r01_s10001,73.792,1.479197,-0.450000,0.406872,0,13.483567,13.483567,0,0,0,0
lane_curve_bright_baseline_r01_s10001,73.824,1.479197,-0.450000,0.406872,0,13.483567,13.483567,0,0,0,0
lane_curve_bright_baseline_r01_s10001,73.856,1.479197,-0.450000,0.406872,0,13.483567,13.483567,0,0,0,0
lane_curve_bright_baseline_r01_s10001,73.888,1.479197,-0.450000,0.406872,0,13.483567,13.483567,0,0,0,0
lane_curve_bright_baseline_r01_s10001,73.920,1.479197,-0.450000,0.406872,0,13.483567,13.483567,0,0,0,0
lane_curve_bright_baseline_r01_s10001,73.952,1.479197,-0.450000,0.406872,0,13.483567,13.483567,0,0,0,0
lane_curve_bright_baseline_r01_s10001,73.984,1.479197,-0.450000,0.406872,0,13.483567,13.483567,0,0,0,0
lane_curve_bright_baseline_r01_s10001,74.016,1.479197,-0.450000,0.406872,0,13.483567,13.483567,0,0,0,0
lane_curve_bright_baseline_r01_s10001,74.048,1.479197,-0.450000,0.406872,0,13.483567,13.483567,0,0,0,0
lane_curve_bright_baseline_r01_s10001,74.080,1.479197,-0.450000,0.406872,0,13.483567,13.483567,0,0,0,0
lane_curve_bright_baseline_r01_s10001,74.112,1.479197,-0.450000,0.406872,0,13.483567,13.483567,0,0,0,0
lane_curve_bright_baseline_r01_s10001,74.144,1.479197,-0.450000,0.406872,0,13.483567,13.483567,0,0,0,0
lane_curve_bright_baseline_r01_s10001,74.176,1.479197,-0.450000,0.406872,0,13.483567,13.483567,0,0,0,0
lane_curve_bright_baseline_r01_s10001,74.208,1.479197,-0.450000,0.406872,0,13.483567,13.483567,0,0,0,0
lane_curve_bright_baseline_r01_s10001,74.240,1.479197,-0.450000,0.406872,0,13.483567,13.483567,0,0,0,0
lane_curve_bright_baseline_r01_s10001,74.272,1.479197,-0.450000,0.406872,0,13.483567,13.483567,0,0,0,0
lane_curve_bright_baseline_r01_s10001,74.304,1.479197,-0.450000,0.406872,0,13.483567,13.483567,0,0,0,0
lane_curve_bright_baseline_r01_s10001,74.336,1.479197,-0.450000,0.406872,0,13.483567,13.483567,0,0,0,0
lane_curve_bright_baseline_r01_s10001,74.368,1.479197,-0.450000,0.406872,0,13.483567,13.483567,0,0,0,0
lane_curve_bright_baseline_r01_s10001,74.400,1.479197,-0.450000,0.406872,0,13.483567,13.483567,0,0,0,0
lane_curve_bright_baseline_r01_s10001,74.432,1.479197,-0.450000,0.406872,0,13.483567,13.483567,0,0,0,0
lane_curve_bright_baseline_r01_s10001,74.464,1.479197,-0.450000,0.406872,0,13.483567,13.483567,0,0,0,0
lane_curve_bright_baseline_r01_s10001,74.496,1.479197,-0.450000,0.406872,0,13.483567,13.483567,0,0,0,0
lane_curve_bright_baseline_r01_s10001,74.528,1.479197,-0.450000,0.406872,0,13.483567,13.483567,0,0,0,0
lane_curve_bright_baseline_r01_s10001,74.560,1.479197,-0.450000,0.406872,0,13.483567,13.483567,0,0,0,0
lane_curve_bright_baseline_r01_s10001,74.592,1.479197,-0.450000,0.406872,0,13.483567,13.483567,0,0,0,0
lane_curve_bright_baseline_r01_s10001,74.624,1.479197,-0.450000,0.406872,0,13.483567,13.483567,0,0,0,0
lane_curve_bright_baseline_r01_s10001,74.656,1.479197,-0.450000,0.406872,0,13.483567,13.483567,0,0,0,0
lane_curve_bright_baseline_r01_s10001,74.688,1.479197,-0.450000,0.406872,0,13.483567,13.483567,0,0,0,0
lane_curve_bright_baseline_r01_s10001,74.720,1.479197,-0.450000,0.406872,0,13.483567,13.483567,0,0,0,0
lane_curve_bright_baseline_r01_s10001,74.752,1.479197,-0.450000,0.406872,0,13.483567,13.483567,0,0,0,0
lane_curve_bright_baseline_r01_s10001,74.784,1.479197,-0.450000,0.406872,0,13.483567,13.483567,0,0,0,0
lane_curve_bright_baseline_r01_s10001,74.816,1.479197,-0.450000,0.406872,0,13.483567,13.483567,0,0,0,0
lane_curve_bright_baseline_r01_s10001,74.848,1.479197,-0.450000,0.406872,0,13.483567,13.483567,0,0,0,0
lane_curve_bright_baseline_r01_s10001,74.880,1.479197,-0.450000,0.406872,0,13.483567,13.483567,0,0,0,0
lane_curve_bright_baseline_r01_s10001,74.912,1.479197,-0.450000,0.406872,0,13.483567,13.483567,0,0,0,0
lane_curve_bright_baseline_r01_s10001,74.944,1.479197,-0.450000,0.406872,0,13.483567,13.483567,0,0,0,0
lane_curve_bright_baseline_r01_s10001,74.976,1.479197,-0.450000,0.406872,0,13.483567,13.483567,0,0,0,0
lane_curve_bright_baseline_r01_s10001,75.008,1.479197,-0.450000,0.406872,0,13.483567,13.483567,0,0,0,0
lane_curve_bright_baseline_r01_s10001,75.040,1.479197,-0.450000,0.406872,0,13.483567,13.483567,0,0,0,0
lane_curve_bright_baseline_r01_s10001,75.072,1.479197,-0.450000,0.406872,0,13.483567,13.483567,0,0,0,0
lane_curve_bright_baseline_r01_s10001,75.104,1.479197,-0.450000,0.406872,0,13.483567,13.483567,0,0,0,0
lane_curve_bright_baseline_r01_s10001,75.136,1.479197,-0.450000,0.406872,0,13.483567,13.483567,0,0,0,0
lane_curve_bright_baseline_r01_s10001,75.168,1.479197,-0.450000,0.406872,0,13.483567,13.483567,0,0,0,0
lane_curve_bright_baseline_r01_s10001,75.200,1.479197,-0.450000,0.406872,0,13.483567,13.483567,0,0,0,0
lane_curve_bright_baseline_r01_s10001,75.232,1.479197,-0.450000,0.406872,0,13.483567,13.483567,0,0,0,0
lane_curve_bright_baseline_r01_s10001,75.264,1.479197,-0.450000,0.406872,0,13.483567,13.483567,0,0,0,0
lane_curve_bright_baseline_r01_s10001,75.296,1.479197,-0.450000,0.406872,0,13.483567,13.483567,0,0,0,0
lane_curve_bright_baseline_r01_s10001,75.328,1.479197,-0.450000,0.406872,0,13.483567,13.483567,0,0,0,0
lane_curve_bright_baseline_r01_s10001,75.360,1.479197,-0.450000,0.406872,0,13.483567,13.483567,0,0,0,0
lane_curve_bright_baseline_r01_s10001,75.392,1.479197,-0.450000,0.406872,0,13.483567,13.483567,0,0,0,0
lane_curve_bright_baseline_r01_s10001,75.424,1.479197,-0.450000,0.406872,0,13.483567,13.483567,0,0,0,0
lane_curve_bright_baseline_r01_s10001,75.456,1.479197,-0.450000,0.406872,0,13.483567,13.483567,0,0,0,0
lane_curve_bright_baseline_r01_s10001,75.488,1.479197,-0.450000,0.406872,0,13.483567,13.483567,0,0,0,0
lane_curve_bright_baseline_r01_s10001,75.520,1.479197,-0.450000,0.406872,0,13.483567,13.483567,0,0,0,0
lane_curve_bright_baseline_r01_s10001,75.552,1.479197,-0.450000,0.406872,0,13.483567,13.483567,0,0,0,0
lane_curve_bright_baseline_r01_s10001,75.584,1.479197,-0.450000,0.406872,0,13.483567,13.483567,0,0,0,0
lane_curve_bright_baseline_r01_s10001,75.616,1.479197,-0.450000,0.406872,0,13.483567,13.483567,0,0,0,0
lane_curve_bright_baseline_r01_s10001,75.648,1.479197,-0.450000,0.406872,0,13.483567,13.483567,0,0,0,0
lane_curve_bright_baseline_r01_s10001,75.680,1.479197,-0.450000,0.406872,0,13.483567,13.483567,0,0,0,0
lane_curve_bright_baseline_r01_s10001,75.712,1.479197,-0.450000,0.406872,0,13.483567,13.483567,0,0,0,0
lane_curve_bright_baseline_r01_s10001,75.744,1.479197,-0.450000,0.406872,0,13.483567,13.483567,0,0,0,0
lane_curve_bright_baseline_r01_s10001,75.776,1.479197,-0.450000,0.406872,0,13.483567,13.483567,0,0,0,0
lane_curve_bright_baseline_r01_s10001,75.808,1.479197,-0.450000,0.406872,0,13.483567,13.483567,0,0,0,0
lane_curve_bright_baseline_r01_s10001,75.840,1.479197,-0.450000,0.406872,0,13.483567,13.483567,0,0,0,0
lane_curve_bright_baseline_r01_s10001,75.872,1.479197,-0.450000,0.406872,0,13.483567,13.483567,0,0,0,0
lane_curve_bright_baseline_r01_s10001,75.904,1.479197,-0.450000,0.406872,0,13.483567,13.483567,0,0,0,0
lane_curve_bright_baseline_r01_s10001,75.936,1.479197,-0.450000,0.406872,0,13.483567,13.483567,0,0,0,0
lane_curve_bright_baseline_r01_s10001,75.968,1.479197,-0.450000,0.406872,0,13.483567,13.483567,0,0,0,0
lane_curve_bright_baseline_r01_s10001,76.000,1.479197,-0.450000,0.406871,0,13.483567,13.483567,0,0,0,0
lane_curve_bright_baseline_r01_s10001,76.032,1.479197,-0.450000,0.406871,0,13.483567,13.483567,0,0,0,0
lane_curve_bright_baseline_r01_s10001,76.064,1.479197,-0.450000,0.406871,0,13.483567,13.483567,0,0,0,0
lane_curve_bright_baseline_r01_s10001,76.096,1.479197,-0.450000,0.406871,0,13.483567,13.483567,0,0,0,0
lane_curve_bright_baseline_r01_s10001,76.128,1.479197,-0.450000,0.406871,0,13.483567,13.483567,0,0,0,0
lane_curve_bright_baseline_r01_s10001,76.160,1.479197,-0.450000,0.406871,0,13.483567,13.483567,0,0,0,0
lane_curve_bright_baseline_r01_s10001,76.192,1.479197,-0.450000,0.406871,0,13.483567,13.483567,0,0,0,0
lane_curve_bright_baseline_r01_s10001,76.224,1.479197,-0.450000,0.406871,0,13.483567,13.483567,0,0,0,0
lane_curve_bright_baseline_r01_s10001,76.256,1.479197,-0.450000,0.406871,0,13.483567,13.483567,0,0,0,0
lane_curve_bright_baseline_r01_s10001,76.288,1.479197,-0.450000,0.406871,0,13.483567,13.483567,0,0,0,0
lane_curve_bright_baseline_r01_s10001,76.320,1.479197,-0.450000,0.406871,0,13.483567,13.483567,0,0,0,0
lane_curve_bright_baseline_r01_s10001,76.352,1.479197,-0.450000,0.406871,0,13.483567,13.483567,0,0,0,0
lane_curve_bright_baseline_r01_s10001,76.384,1.479197,-0.450000,0.406871,0,13.483567,13.483567,0,0,0,0
lane_curve_bright_baseline_r01_s10001,76.416,1.479197,-0.450000,0.406871,0,13.483567,13.483567,0,0,0,0
lane_curve_bright_baseline_r01_s10001,76.448,1.479197,-0.450000,0.406871,0,13.483567,13.483567,0,0,0,0
lane_curve_bright_baseline_r01_s10001,76.480,1.479197,-0.450000,0.406871,0,13.483567,13.483567,0,0,0,0
lane_curve_bright_baseline_r01_s10001,76.512,1.479197,-0.450000,0.406871,0,13.483567,13.483567,0,0,0,0
lane_curve_bright_baseline_r01_s10001,76.544,1.479197,-0.450000,0.406871,0,13.483567,13.483567,0,0,0,0
lane_curve_bright_baseline_r01_s10001,76.576,1.479197,-0.450000,0.406871,0,13.483567,13.483567,0,0,0,0
lane_curve_bright_baseline_r01_s10001,76.608,1.479197,-0.450000,0.406871,0,13.483567,13.483567,0,0,0,0
lane_curve_bright_baseline_r01_s10001,76.640,1.479197,-0.450000,0.406871,0,13.483567,13.483567,0,0,0,0
lane_curve_bright_baseline_r01_s10001,76.672,1.479197,-0.450000,0.406871,0,13.483567,13.483567,0,0,0,0
lane_curve_bright_baseline_r01_s10001,76.704,1.479197,-0.450000,0.406871,0,13.483567,13.483567,0,0,0,0
lane_curve_bright_baseline_r01_s10001,76.736,1.479197,-0.450000,0.406871,0,13.483567,13.483567,0,0,0,0
lane_curve_bright_baseline_r01_s10001,76.768,1.479197,-0.450000,0.406871,0,13.483567,13.483567,0,0,0,0
lane_curve_bright_baseline_r01_s10001,76.800,1.479197,-0.450000,0.406871,0,13.483567,13.483567,0,0,0,0
lane_curve_bright_baseline_r01_s10001,76.832,1.479197,-0.450000,0.406871,0,13.483567,13.483567,0,0,0,0
lane_curve_bright_baseline_r01_s10001,76.864,1.479197,-0.450000,0.406871,0,13.483567,13.483567,0,0,0,0
lane_curve_bright_baseline_r01_s10001,76.896,1.479197,-0.450000,0.406871,0,13.483567,13.483567,0,0,0,0
lane_curve_bright_baseline_r01_s10001,76.928,1.479197,-0.450000,0.406871,0,13.483567,13.483567,0,0,0,0
lane_curve_bright_baseline_r01_s10001,76.960,1.479197,-0.450000,0.406871,0,13.483567,13.483567,0,0,0,0
lane_curve_bright_baseline_r01_s10001,76.992,1.479197,-0.450000,0.406871,0,13.483567,13.483567,0,0,0,0
lane_curve_bright_baseline_r01_s10001,77.024,1.479197,-0.450000,0.406871,0,13.483567,13.483567,0,0,0,0
lane_curve_bright_baseline_r01_s10001,77.056,1.479197,-0.450000,0.406871,0,13.483567,13.483567,0,0,0,0
lane_curve_bright_baseline_r01_s10001,77.088,1.479197,-0.450000,0.406871,0,13.483567,13.483567,0,0,0,0
lane_curve_bright_baseline_r01_s10001,77.120,1.479197,-0.450000,0.406871,0,13.483567,13.483567,0,0,0,0
lane_curve_bright_baseline_r01_s10001,77.152,1.479197,-0.450000,0.406871,0,13.483567,13.483567,0,0,0,0
lane_curve_bright_baseline_r01_s10001,77.184,1.479197,-0.450000,0.406871,0,13.483567,13.483567,0,0,0,0
lane_curve_bright_baseline_r01_s10001,77.216,1.479197,-0.450000,0.406871,0,13.483567,13.483567,0,0,0,0
lane_curve_bright_baseline_r01_s10001,77.248,1.479197,-0.450000,0.406871,0,13.483567,13.483567,0,0,0,0
lane_curve_bright_baseline_r01_s10001,77.280,1.479197,-0.450000,0.406871,0,13.483567,13.483567,0,0,0,0
lane_curve_bright_baseline_r01_s10001,77.312,1.479197,-0.450000,0.406871,0,13.483567,13.483567,0,0,0,0
lane_curve_bright_baseline_r01_s10001,77.344,1.479197,-0.450000,0.406871,0,13.483567,13.483567,0,0,0,0
lane_curve_bright_baseline_r01_s10001,77.376,1.479197,-0.450000,0.406871,0,13.483567,13.483567,0,0,0,0
lane_curve_bright_baseline_r01_s10001,77.408,1.479197,-0.450000,0.406871,0,13.483567,13.483567,0,0,0,0
lane_curve_bright_baseline_r01_s10001,77.440,1.479197,-0.450000,0.406871,0,13.483567,13.483567,0,0,0,0
lane_curve_bright_baseline_r01_s10001,77.472,1.479197,-0.450000,0.406871,0,13.483567,13.483567,0,0,0,0
lane_curve_bright_baseline_r01_s10001,77.504,1.479197,-0.450000,0.406871,0,13.483567,13.483567,0,0,0,0
lane_curve_bright_baseline_r01_s10001,77.536,1.479197,-0.450000,0.406871,0,13.483567,13.483567,0,0,0,0
lane_curve_bright_baseline_r01_s10001,77.568,1.479197,-0.450000,0.406871,0,13.483567,13.483567,0,0,0,0
lane_curve_bright_baseline_r01_s10001,77.600,1.479197,-0.450000,0.406871,0,13.483567,13.483567,0,0,0,0
lane_curve_bright_baseline_r01_s10001,77.632,1.479197,-0.450000,0.406871,0,13.483567,13.483567,0,0,0,0
lane_curve_bright_baseline_r01_s10001,77.664,1.479197,-0.450000,0.406871,0,13.483567,13.483567,0,0,0,0
lane_curve_bright_baseline_r01_s10001,77.696,1.479197,-0.450000,0.406871,0,13.483567,13.483567,0,0,0,0
lane_curve_bright_baseline_r01_s10001,77.728,1.479197,-0.450000,0.406871,0,13.483567,13.483567,0,0,0,0
lane_curve_bright_baseline_r01_s10001,77.760,1.479197,-0.450000,0.406871,0,13.483567,13.483567,0,0,0,0
lane_curve_bright_baseline_r01_s10001,77.792,1.479197,-0.450000,0.406871,0,13.483567,13.483567,0,0,0,0
lane_curve_bright_baseline_r01_s10001,77.824,1.479197,-0.450000,0.406871,0,13.483567,13.483567,0,0,0,0
lane_curve_bright_baseline_r01_s10001,77.856,1.479197,-0.450000,0.406871,0,13.483567,13.483567,0,0,0,0
lane_curve_bright_baseline_r01_s10001,77.888,1.479197,-0.450000,0.406871,0,13.483567,13.483567,0,0,0,0
lane_curve_bright_baseline_r01_s10001,77.920,1.479197,-0.450000,0.406871,0,13.483567,13.483567,0,0,0,0
lane_curve_bright_baseline_r01_s10001,77.952,1.479197,-0.450000,0.406871,0,13.483567,13.483567,0,0,0,0
lane_curve_bright_baseline_r01_s10001,77.984,1.479197,-0.450000,0.406871,0,13.483567,13.483567,0,0,0,0
lane_curve_bright_baseline_r01_s10001,78.016,1.479197,-0.450000,0.406871,0,13.483567,13.483567,0,0,0,0
lane_curve_bright_baseline_r01_s10001,78.048,1.479197,-0.450000,0.406871,0,13.483567,13.483567,0,0,0,0
lane_curve_bright_baseline_r01_s10001,78.080,1.479197,-0.450000,0.406871,0,13.483567,13.483567,0,0,0,0
lane_curve_bright_baseline_r01_s10001,78.112,1.479197,-0.450000,0.406871,0,13.483567,13.483567,0,0,0,0
lane_curve_bright_baseline_r01_s10001,78.144,1.479197,-0.450000,0.406871,0,13.483567,13.483567,0,0,0,0
lane_curve_bright_baseline_r01_s10001,78.176,1.479197,-0.450000,0.406871,0,13.483567,13.483567,0,0,0,0
lane_curve_bright_baseline_r01_s10001,78.208,1.479197,-0.450000,0.406871,0,13.483567,13.483567,0,0,0,0
lane_curve_bright_baseline_r01_s10001,78.240,1.479197,-0.450000,0.406871,0,13.483567,13.483567,0,0,0,0
lane_curve_bright_baseline_r01_s10001,78.272,1.479197,-0.450000,0.406871,0,13.483567,13.483567,0,0,0,0
lane_curve_bright_baseline_r01_s10001,78.304,1.479197,-0.450000,0.406871,0,13.483567,13.483567,0,0,0,0
lane_curve_bright_baseline_r01_s10001,78.336,1.479197,-0.450000,0.406871,0,13.483567,13.483567,0,0,0,0
lane_curve_bright_baseline_r01_s10001,78.368,1.479197,-0.450000,0.406871,0,13.483567,13.483567,0,0,0,0
lane_curve_bright_baseline_r01_s10001,78.400,1.479197,-0.450000,0.406871,0,13.483567,13.483567,0,0,0,0
lane_curve_bright_baseline_r01_s10001,78.432,1.479197,-0.450000,0.406871,0,13.483567,13.483567,0,0,0,0
lane_curve_bright_baseline_r01_s10001,78.464,1.479197,-0.450000,0.406871,0,13.483567,13.483567,0,0,0,0
lane_curve_bright_baseline_r01_s10001,78.496,1.479197,-0.450000,0.406871,0,13.483567,13.483567,0,0,0,0
lane_curve_bright_baseline_r01_s10001,78.528,1.479197,-0.450000,0.406871,0,13.483567,13.483567,0,0,0,0
lane_curve_bright_baseline_r01_s10001,78.560,1.479197,-0.450000,0.406871,0,13.483567,13.483567,0,0,0,0
lane_curve_bright_baseline_r01_s10001,78.592,1.479197,-0.450000,0.406871,0,13.483567,13.483567,0,0,0,0
lane_curve_bright_baseline_r01_s10001,78.624,1.479197,-0.450000,0.406871,0,13.483567,13.483567,0,0,0,0
lane_curve_bright_baseline_r01_s10001,78.656,1.479197,-0.450000,0.406871,0,13.483567,13.483567,0,0,0,0
lane_curve_bright_baseline_r01_s10001,78.688,1.479197,-0.450000,0.406871,0,13.483567,13.483567,0,0,0,0
lane_curve_bright_baseline_r01_s10001,78.720,1.479197,-0.450000,0.406871,0,13.483567,13.483567,0,0,0,0
lane_curve_bright_baseline_r01_s10001,78.752,1.479197,-0.450000,0.406871,0,13.483567,13.483567,0,0,0,0
lane_curve_bright_baseline_r01_s10001,78.784,1.479197,-0.450000,0.406871,0,13.483567,13.483567,0,0,0,0
lane_curve_bright_baseline_r01_s10001,78.816,1.479197,-0.450000,0.406871,0,13.483567,13.483567,0,0,0,0
lane_curve_bright_baseline_r01_s10001,78.848,1.479197,-0.450000,0.406871,0,13.483567,13.483567,0,0,0,0
lane_curve_bright_baseline_r01_s10001,78.880,1.479197,-0.450000,0.406871,0,13.483567,13.483567,0,0,0,0
lane_curve_bright_baseline_r01_s10001,78.912,1.479197,-0.450000,0.406871,0,13.483567,13.483567,0,0,0,0
lane_curve_bright_baseline_r01_s10001,78.944,1.479197,-0.450000,0.406871,0,13.483567,13.483567,0,0,0,0
lane_curve_bright_baseline_r01_s10001,78.976,1.479197,-0.450000,0.406871,0,13.483567,13.483567,0,0,0,0
lane_curve_bright_baseline_r01_s10001,79.008,1.479197,-0.450000,0.406871,0,13.483567,13.483567,0,0,0,0
lane_curve_bright_baseline_r01_s10001,79.040,1.479197,-0.450000,0.406871,0,13.483567,13.483567,0,0,0,0
lane_curve_bright_baseline_r01_s10001,79.072,1.479197,-0.450000,0.406871,0,13.483567,13.483567,0,0,0,0
lane_curve_bright_baseline_r01_s10001,79.104,1.479197,-0.450000,0.406871,0,13.483567,13.483567,0,0,0,0
lane_curve_bright_baseline_r01_s10001,79.136,1.479197,-0.450000,0.406871,0,13.483567,13.483567,0,0,0,0
lane_curve_bright_baseline_r01_s10001,79.168,1.479197,-0.450000,0.406871,0,13.483567,13.483567,0,0,0,0
lane_curve_bright_baseline_r01_s10001,79.200,1.479197,-0.450000,0.406871,0,13.483567,13.483567,0,0,0,0
lane_curve_bright_baseline_r01_s10001,79.232,1.479197,-0.450000,0.406871,0,13.483567,13.483567,0,0,0,0
lane_curve_bright_baseline_r01_s10001,79.264,1.479197,-0.450000,0.406871,0,13.483567,13.483567,0,0,0,0
lane_curve_bright_baseline_r01_s10001,79.296,1.479197,-0.450000,0.406871,0,13.483567,13.483567,0,0,0,0
lane_curve_bright_baseline_r01_s10001,79.328,1.479197,-0.450000,0.406871,0,13.483567,13.483567,0,0,0,0
lane_curve_bright_baseline_r01_s10001,79.360,1.479197,-0.450000,0.406871,0,13.483567,13.483567,0,0,0,0
lane_curve_bright_baseline_r01_s10001,79.392,1.479197,-0.450000,0.406871,0,13.483567,13.483567,0,0,0,0
lane_curve_bright_baseline_r01_s10001,79.424,1.479197,-0.450000,0.406871,0,13.483567,13.483567,0,0,0,0
lane_curve_bright_baseline_r01_s10001,79.456,1.479197,-0.450000,0.406871,0,13.483567,13.483567,0,0,0,0
lane_curve_bright_baseline_r01_s10001,79.488,1.479197,-0.450000,0.406871,0,13.483567,13.483567,0,0,0,0
lane_curve_bright_baseline_r01_s10001,79.520,1.479197,-0.450000,0.406871,0,13.483567,13.483567,0,0,0,0
lane_curve_bright_baseline_r01_s10001,79.552,1.479197,-0.450000,0.406871,0,13.483567,13.483567,0,0,0,0
lane_curve_bright_baseline_r01_s10001,79.584,1.479197,-0.450000,0.406871,0,13.483567,13.483567,0,0,0,0
lane_curve_bright_baseline_r01_s10001,79.616,1.479197,-0.450000,0.406871,0,13.483567,13.483567,0,0,0,0
lane_curve_bright_baseline_r01_s10001,79.648,1.479197,-0.450000,0.406871,0,13.483567,13.483567,0,0,0,0
lane_curve_bright_baseline_r01_s10001,79.680,1.479197,-0.450000,0.406871,0,13.483567,13.483567,0,0,0,0
lane_curve_bright_baseline_r01_s10001,79.712,1.479197,-0.450000,0.406871,0,13.483567,13.483567,0,0,0,0
lane_curve_bright_baseline_r01_s10001,79.744,1.479197,-0.450000,0.406871,0,13.483567,13.483567,0,0,0,0
lane_curve_bright_baseline_r01_s10001,79.776,1.479197,-0.450000,0.406871,0,13.483567,13.483567,0,0,0,0
lane_curve_bright_baseline_r01_s10001,79.808,1.479197,-0.450000,0.406871,0,13.483567,13.483567,0,0,0,0
lane_curve_bright_baseline_r01_s10001,79.840,1.479197,-0.450000,0.406871,0,13.483567,13.483567,0,0,0,0
lane_curve_bright_baseline_r01_s10001,79.872,1.479197,-0.450000,0.406871,0,13.483567,13.483567,0,0,0,0
lane_curve_bright_baseline_r01_s10001,79.904,1.479197,-0.450000,0.406871,0,13.483567,13.483567,0,0,0,0
lane_curve_bright_baseline_r01_s10001,79.936,1.479197,-0.450000,0.406871,0,13.483567,13.483567,0,0,0,0
lane_curve_bright_baseline_r01_s10001,79.968,1.479197,-0.450000,0.406871,0,13.483567,13.483567,0,0,0,0
lane_curve_bright_baseline_r01_s10001,80.000,1.479197,-0.450000,0.406871,0,13.483567,13.483567,0,0,0,0
lane_curve_bright_baseline_r01_s10001,80.032,1.479197,-0.450000,0.406871,0,13.483567,13.483567,0,0,0,0
lane_curve_bright_baseline_r01_s10001,80.064,1.479197,-0.450000,0.406871,0,13.483567,13.483567,0,0,0,0
lane_curve_bright_baseline_r01_s10001,80.096,1.479197,-0.450000,0.406871,0,13.483567,13.483567,0,0,0,0
lane_curve_bright_baseline_r01_s10001,80.128,1.479197,-0.450000,0.406871,0,13.483567,13.483567,0,0,0,0
lane_curve_bright_baseline_r01_s10001,80.160,1.479197,-0.450000,0.406871,0,13.483567,13.483567,0,0,0,0
lane_curve_bright_baseline_r01_s10001,80.192,1.479197,-0.450000,0.406871,0,13.483567,13.483567,0,0,0,0
lane_curve_bright_baseline_r01_s10001,80.224,1.479197,-0.450000,0.406871,0,13.483567,13.483567,0,0,0,0
lane_curve_bright_baseline_r01_s10001,80.256,1.479197,-0.450000,0.406871,0,13.483567,13.483567,0,0,0,0
lane_curve_bright_baseline_r01_s10001,80.288,1.479197,-0.450000,0.406871,0,13.483567,13.483567,0,0,0,0
lane_curve_bright_baseline_r01_s10001,80.320,1.479197,-0.450000,0.406871,0,13.483567,13.483567,0,0,0,0
lane_curve_bright_baseline_r01_s10001,80.352,1.479197,-0.450000,0.406871,0,13.483567,13.483567,0,0,0,0
lane_curve_bright_baseline_r01_s10001,80.384,1.479197,-0.450000,0.406871,0,13.483567,13.483567,0,0,0,0
lane_curve_bright_baseline_r01_s10001,80.416,1.479197,-0.450000,0.406871,0,13.483567,13.483567,0,0,0,0
lane_curve_bright_baseline_r01_s10001,80.448,1.479197,-0.450000,0.406871,0,13.483567,13.483567,0,0,0,0
lane_curve_bright_baseline_r01_s10001,80.480,1.479197,-0.450000,0.406871,0,13.483567,13.483567,0,0,0,0
lane_curve_bright_baseline_r01_s10001,80.512,1.479197,-0.450000,0.406871,0,13.483567,13.483567,0,0,0,0
lane_curve_bright_baseline_r01_s10001,80.544,1.479197,-0.450000,0.406871,0,13.483567,13.483567,0,0,0,0
lane_curve_bright_baseline_r01_s10001,80.576,1.479197,-0.450000,0.406871,0,13.483567,13.483567,0,0,0,0
lane_curve_bright_baseline_r01_s10001,80.608,1.479197,-0.450000,0.406871,0,13.483567,13.483567,0,0,0,0
lane_curve_bright_baseline_r01_s10001,80.640,1.479197,-0.450000,0.406871,0,13.483567,13.483567,0,0,0,0
lane_curve_bright_baseline_r01_s10001,80.672,1.479197,-0.450000,0.406871,0,13.483567,13.483567,0,0,0,0
lane_curve_bright_baseline_r01_s10001,80.704,1.479197,-0.450000,0.406871,0,13.483567,13.483567,0,0,0,0
lane_curve_bright_baseline_r01_s10001,80.736,1.479197,-0.450000,0.406871,0,13.483567,13.483567,0,0,0,0
lane_curve_bright_baseline_r01_s10001,80.768,1.479197,-0.450000,0.406871,0,13.483567,13.483567,0,0,0,0
lane_curve_bright_baseline_r01_s10001,80.800,1.479197,-0.450000,0.406871,0,13.483567,13.483567,0,0,0,0
lane_curve_bright_baseline_r01_s10001,80.832,1.479197,-0.450000,0.406871,0,13.483567,13.483567,0,0,0,0
lane_curve_bright_baseline_r01_s10001,80.864,1.479197,-0.450000,0.406871,0,13.483567,13.483567,0,0,0,0
lane_curve_bright_baseline_r01_s10001,80.896,1.479197,-0.450000,0.406871,0,13.483567,13.483567,0,0,0,0
lane_curve_bright_baseline_r01_s10001,80.928,1.479197,-0.450000,0.406871,0,13.483567,13.483567,0,0,0,0
lane_curve_bright_baseline_r01_s10001,80.960,1.479197,-0.450000,0.406871,0,13.483567,13.483567,0,0,0,0
lane_curve_bright_baseline_r01_s10001,80.992,1.479197,-0.450000,0.406871,0,13.483567,13.483567,0,0,0,0
lane_curve_bright_baseline_r01_s10001,81.024,1.479197,-0.450000,0.406871,0,13.483567,13.483567,0,0,0,0
lane_curve_bright_baseline_r01_s10001,81.056,1.479197,-0.450000,0.406871,0,13.483567,13.483567,0,0,0,0
lane_curve_bright_baseline_r01_s10001,81.088,1.479197,-0.450000,0.406871,0,13.483567,13.483567,0,0,0,0
lane_curve_bright_baseline_r01_s10001,81.120,1.479197,-0.450000,0.406871,0,13.483567,13.483567,0,0,0,0
lane_curve_bright_baseline_r01_s10001,81.152,1.479197,-0.450000,0.406871,0,13.483567,13.483567,0,0,0,0
lane_curve_bright_baseline_r01_s10001,81.184,1.479197,-0.450000,0.406871,0,13.483567,13.483567,0,0,0,0
lane_curve_bright_baseline_r01_s10001,81.216,1.479197,-0.450000,0.406871,0,13.483567,13.483567,0,0,0,0
lane_curve_bright_baseline_r01_s10001,81.248,1.479197,-0.450000,0.406871,0,13.483567,13.483567,0,0,0,0
lane_curve_bright_baseline_r01_s10001,81.280,1.479197,-0.450000,0.406871,0,13.483567,13.483567,0,0,0,0
lane_curve_bright_baseline_r01_s10001,81.312,1.479197,-0.450000,0.406871,0,13.483567,13.483567,0,0,0,0
lane_curve_bright_baseline_r01_s10001,81.344,1.479197,-0.450000,0.406871,0,13.483567,13.483567,0,0,0,0
lane_curve_bright_baseline_r01_s10001,81.376,1.479197,-0.450000,0.406871,0,13.483567,13.483567,0,0,0,0
lane_curve_bright_baseline_r01_s10001,81.408,1.479197,-0.450000,0.406871,0,13.483567,13.483567,0,0,0,0
lane_curve_bright_baseline_r01_s10001,81.440,1.479197,-0.450000,0.406871,0,13.483567,13.483567,0,0,0,0
lane_curve_bright_baseline_r01_s10001,81.472,1.479197,-0.450000,0.406871,0,13.483567,13.483567,0,0,0,0
lane_curve_bright_baseline_r01_s10001,81.504,1.479197,-0.450000,0.406871,0,13.483567,13.483567,0,0,0,0
lane_curve_bright_baseline_r01_s10001,81.536,1.479197,-0.450000,0.406871,0,13.483567,13.483567,0,0,0,0
lane_curve_bright_baseline_r01_s10001,81.568,1.479197,-0.450000,0.406871,0,13.483567,13.483567,0,0,0,0
lane_curve_bright_baseline_r01_s10001,81.600,1.479197,-0.450000,0.406871,0,13.483567,13.483567,0,0,0,0
lane_curve_bright_baseline_r01_s10001,81.632,1.479197,-0.450000,0.406871,0,13.483567,13.483567,0,0,0,0
lane_curve_bright_baseline_r01_s10001,81.664,1.479197,-0.450000,0.406871,0,13.483567,13.483567,0,0,0,0
lane_curve_bright_baseline_r01_s10001,81.696,1.479197,-0.450000,0.406871,0,13.483567,13.483567,0,0,0,0
lane_curve_bright_baseline_r01_s10001,81.728,1.479197,-0.450000,0.406871,0,13.483567,13.483567,0,0,0,0
lane_curve_bright_baseline_r01_s10001,81.760,1.479197,-0.450000,0.406871,0,13.483567,13.483567,0,0,0,0
lane_curve_bright_baseline_r01_s10001,81.792,1.479197,-0.450000,0.406871,0,13.483567,13.483567,0,0,0,0
lane_curve_bright_baseline_r01_s10001,81.824,1.479197,-0.450000,0.406871,0,13.483567,13.483567,0,0,0,0
lane_curve_bright_baseline_r01_s10001,81.856,1.479197,-0.450000,0.406871,0,13.483567,13.483567,0,0,0,0
lane_curve_bright_baseline_r01_s10001,81.888,1.479197,-0.450000,0.406871,0,13.483567,13.483567,0,0,0,0
lane_curve_bright_baseline_r01_s10001,81.920,1.479197,-0.450000,0.406871,0,13.483567,13.483567,0,0,0,0
lane_curve_bright_baseline_r01_s10001,81.952,1.479197,-0.450000,0.406871,0,13.483567,13.483567,0,0,0,0
lane_curve_bright_baseline_r01_s10001,81.984,1.479197,-0.450000,0.406871,0,13.483567,13.483567,0,0,0,0
lane_curve_bright_baseline_r01_s10001,82.016,1.479197,-0.450000,0.406871,0,13.483567,13.483567,0,0,0,0
lane_curve_bright_baseline_r01_s10001,82.048,1.479197,-0.450000,0.406871,0,13.483567,13.483567,0,0,0,0
lane_curve_bright_baseline_r01_s10001,82.080,1.479197,-0.450000,0.406871,0,13.483567,13.483567,0,0,0,0
lane_curve_bright_baseline_r01_s10001,82.112,1.479197,-0.450000,0.406871,0,13.483567,13.483567,0,0,0,0
lane_curve_bright_baseline_r01_s10001,82.144,1.479197,-0.450000,0.406871,0,13.483567,13.483567,0,0,0,0
lane_curve_bright_baseline_r01_s10001,82.176,1.479197,-0.450000,0.406871,0,13.483567,13.483567,0,0,0,0
lane_curve_bright_baseline_r01_s10001,82.208,1.479197,-0.450000,0.406871,0,13.483567,13.483567,0,0,0,0
lane_curve_bright_baseline_r01_s10001,82.240,1.479197,-0.450000,0.406871,0,13.483567,13.483567,0,0,0,0
lane_curve_bright_baseline_r01_s10001,82.272,1.479197,-0.450000,0.406871,0,13.483567,13.483567,0,0,0,0
lane_curve_bright_baseline_r01_s10001,82.304,1.479197,-0.450000,0.406871,0,13.483567,13.483567,0,0,0,0
lane_curve_bright_baseline_r01_s10001,82.336,1.479197,-0.450000,0.406871,0,13.483567,13.483567,0,0,0,0
lane_curve_bright_baseline_r01_s10001,82.368,1.479197,-0.450000,0.406871,0,13.483567,13.483567,0,0,0,0
lane_curve_bright_baseline_r01_s10001,82.400,1.479197,-0.450000,0.406871,0,13.483567,13.483567,0,0,0,0
lane_curve_bright_baseline_r01_s10001,82.432,1.479197,-0.450000,0.406871,0,13.483567,13.483567,0,0,0,0
lane_curve_bright_baseline_r01_s10001,82.464,1.479197,-0.450000,0.406871,0,13.483567,13.483567,0,0,0,0
lane_curve_bright_baseline_r01_s10001,82.496,1.479197,-0.450000,0.406871,0,13.483567,13.483567,0,0,0,0
lane_curve_bright_baseline_r01_s10001,82.528,1.479197,-0.450000,0.406871,0,13.483567,13.483567,0,0,0,0
lane_curve_bright_baseline_r01_s10001,82.560,1.479197,-0.450000,0.406871,0,13.483567,13.483567,0,0,0,0
lane_curve_bright_baseline_r01_s10001,82.592,1.479197,-0.450000,0.406871,0,13.483567,13.483567,0,0,0,0
lane_curve_bright_baseline_r01_s10001,82.624,1.479197,-0.450000,0.406871,0,13.483567,13.483567,0,0,0,0
lane_curve_bright_baseline_r01_s10001,82.656,1.479197,-0.450000,0.406871,0,13.483567,13.483567,0,0,0,0
lane_curve_bright_baseline_r01_s10001,82.688,1.479197,-0.450000,0.406871,0,13.483567,13.483567,0,0,0,0
lane_curve_bright_baseline_r01_s10001,82.720,1.479197,-0.450000,0.406871,0,13.483567,13.483567,0,0,0,0
lane_curve_bright_baseline_r01_s10001,82.752,1.479197,-0.450000,0.406871,0,13.483567,13.483567,0,0,0,0
lane_curve_bright_baseline_r01_s10001,82.784,1.479197,-0.450000,0.406871,0,13.483567,13.483567,0,0,0,0
lane_curve_bright_baseline_r01_s10001,82.816,1.479197,-0.450000,0.406871,0,13.483567,13.483567,0,0,0,0
lane_curve_bright_baseline_r01_s10001,82.848,1.479197,-0.450000,0.406871,0,13.483567,13.483567,0,0,0,0
lane_curve_bright_baseline_r01_s10001,82.880,1.479197,-0.450000,0.406871,0,13.483567,13.483567,0,0,0,0
lane_curve_bright_baseline_r01_s10001,82.912,1.479197,-0.450000,0.406871,0,13.483567,13.483567,0,0,0,0
lane_curve_bright_baseline_r01_s10001,82.944,1.479197,-0.450000,0.406871,0,13.483567,13.483567,0,0,0,0
lane_curve_bright_baseline_r01_s10001,82.976,1.479197,-0.450000,0.406871,0,13.483567,13.483567,0,0,0,0
lane_curve_bright_baseline_r01_s10001,83.008,1.479197,-0.450000,0.406871,0,13.483567,13.483567,0,0,0,0
lane_curve_bright_baseline_r01_s10001,83.040,1.479197,-0.450000,0.406871,0,13.483567,13.483567,0,0,0,0
lane_curve_bright_baseline_r01_s10001,83.072,1.479197,-0.450000,0.406871,0,13.483567,13.483567,0,0,0,0
lane_curve_bright_baseline_r01_s10001,83.104,1.479197,-0.450000,0.406871,0,13.483567,13.483567,0,0,0,0
lane_curve_bright_baseline_r01_s10001,83.136,1.479197,-0.450000,0.406871,0,13.483567,13.483567,0,0,0,0
lane_curve_bright_baseline_r01_s10001,83.168,1.479197,-0.450000,0.406871,0,13.483567,13.483567,0,0,0,0
lane_curve_bright_baseline_r01_s10001,83.200,1.479197,-0.450000,0.406871,0,13.483567,13.483567,0,0,0,0
lane_curve_bright_baseline_r01_s10001,83.232,1.479197,-0.450000,0.406871,0,13.483567,13.483567,0,0,0,0
lane_curve_bright_baseline_r01_s10001,83.264,1.479197,-0.450000,0.406871,0,13.483567,13.483567,0,0,0,0
lane_curve_bright_baseline_r01_s10001,83.296,1.479197,-0.450000,0.406871,0,13.483567,13.483567,0,0,0,0
lane_curve_bright_baseline_r01_s10001,83.328,1.479197,-0.450000,0.406871,0,13.483567,13.483567,0,0,0,0
lane_curve_bright_baseline_r01_s10001,83.360,1.479197,-0.450000,0.406871,0,13.483567,13.483567,0,0,0,0
lane_curve_bright_baseline_r01_s10001,83.392,1.479197,-0.450000,0.406871,0,13.483567,13.483567,0,0,0,0
lane_curve_bright_baseline_r01_s10001,83.424,1.479197,-0.450000,0.406871,0,13.483567,13.483567,0,0,0,0
lane_curve_bright_baseline_r01_s10001,83.456,1.479197,-0.450000,0.406871,0,13.483567,13.483567,0,0,0,0
lane_curve_bright_baseline_r01_s10001,83.488,1.479197,-0.450000,0.406871,0,13.483567,13.483567,0,0,0,0
lane_curve_bright_baseline_r01_s10001,83.520,1.479197,-0.450000,0.406871,0,13.483567,13.483567,0,0,0,0
lane_curve_bright_baseline_r01_s10001,83.552,1.479197,-0.450000,0.406871,0,13.483567,13.483567,0,0,0,0
lane_curve_bright_baseline_r01_s10001,83.584,1.479197,-0.450000,0.406871,0,13.483567,13.483567,0,0,0,0
lane_curve_bright_baseline_r01_s10001,83.616,1.479197,-0.450000,0.406871,0,13.483567,13.483567,0,0,0,0
lane_curve_bright_baseline_r01_s10001,83.648,1.479197,-0.450000,0.406871,0,13.483567,13.483567,0,0,0,0
lane_curve_bright_baseline_r01_s10001,83.680,1.479197,-0.450000,0.406871,0,13.483567,13.483567,0,0,0,0
lane_curve_bright_baseline_r01_s10001,83.712,1.479197,-0.450000,0.406871,0,13.483567,13.483567,0,0,0,0
lane_curve_bright_baseline_r01_s10001,83.744,1.479197,-0.450000,0.406871,0,13.483567,13.483567,0,0,0,0
lane_curve_bright_baseline_r01_s10001,83.776,1.479197,-0.450000,0.406871,0,13.483567,13.483567,0,0,0,0
lane_curve_bright_baseline_r01_s10001,83.808,1.479197,-0.450000,0.406871,0,13.483567,13.483567,0,0,0,0
lane_curve_bright_baseline_r01_s10001,83.840,1.479197,-0.450000,0.406871,0,13.483567,13.483567,0,0,0,0
lane_curve_bright_baseline_r01_s10001,83.872,1.479197,-0.450000,0.406871,0,13.483567,13.483567,0,0,0,0
lane_curve_bright_baseline_r01_s10001,83.904,1.479197,-0.450000,0.406871,0,13.483567,13.483567,0,0,0,0
lane_curve_bright_baseline_r01_s10001,83.936,1.479197,-0.450000,0.406871,0,13.483568,13.483568,0,0,0,0
lane_curve_bright_baseline_r01_s10001,83.968,1.479197,-0.450000,0.406871,0,13.483568,13.483568,0,0,0,0
lane_curve_bright_baseline_r01_s10001,84.000,1.479197,-0.450000,0.406871,0,13.483568,13.483568,0,0,0,0
lane_curve_bright_baseline_r01_s10001,84.032,1.479197,-0.450000,0.406871,0,13.483568,13.483568,0,0,0,0
lane_curve_bright_baseline_r01_s10001,84.064,1.479197,-0.450000,0.406871,0,13.483568,13.483568,0,0,0,0
lane_curve_bright_baseline_r01_s10001,84.096,1.479197,-0.450000,0.406871,0,13.483568,13.483568,0,0,0,0
lane_curve_bright_baseline_r01_s10001,84.128,1.479197,-0.450000,0.406871,0,13.483568,13.483568,0,0,0,0
lane_curve_bright_baseline_r01_s10001,84.160,1.479197,-0.450000,0.406871,0,13.483568,13.483568,0,0,0,0
lane_curve_bright_baseline_r01_s10001,84.192,1.479197,-0.450000,0.406871,0,13.483568,13.483568,0,0,0,0
lane_curve_bright_baseline_r01_s10001,84.224,1.479197,-0.450000,0.406871,0,13.483568,13.483568,0,0,0,0
lane_curve_bright_baseline_r01_s10001,84.256,1.479197,-0.450000,0.406871,0,13.483568,13.483568,0,0,0,0
lane_curve_bright_baseline_r01_s10001,84.288,1.479197,-0.450000,0.406871,0,13.483568,13.483568,0,0,0,0
lane_curve_bright_baseline_r01_s10001,84.320,1.479197,-0.450000,0.406871,0,13.483568,13.483568,0,0,0,0
lane_curve_bright_baseline_r01_s10001,84.352,1.479197,-0.450000,0.406871,0,13.483568,13.483568,0,0,0,0
lane_curve_bright_baseline_r01_s10001,84.384,1.479197,-0.450000,0.406871,0,13.483568,13.483568,0,0,0,0
lane_curve_bright_baseline_r01_s10001,84.416,1.479197,-0.450000,0.406871,0,13.483568,13.483568,0,0,0,0
lane_curve_bright_baseline_r01_s10001,84.448,1.479197,-0.450000,0.406871,0,13.483568,13.483568,0,0,0,0
lane_curve_bright_baseline_r01_s10001,84.480,1.479197,-0.450000,0.406871,0,13.483568,13.483568,0,0,0,0
lane_curve_bright_baseline_r01_s10001,84.512,1.479197,-0.450000,0.406871,0,13.483568,13.483568,0,0,0,0
lane_curve_bright_baseline_r01_s10001,84.544,1.479197,-0.450000,0.406871,0,13.483568,13.483568,0,0,0,0
lane_curve_bright_baseline_r01_s10001,84.576,1.479197,-0.450000,0.406871,0,13.483568,13.483568,0,0,0,0
lane_curve_bright_baseline_r01_s10001,84.608,1.479197,-0.450000,0.406871,0,13.483568,13.483568,0,0,0,0
lane_curve_bright_baseline_r01_s10001,84.640,1.479197,-0.450000,0.406871,0,13.483568,13.483568,0,0,0,0
lane_curve_bright_baseline_r01_s10001,84.672,1.479197,-0.450000,0.406871,0,13.483568,13.483568,0,0,0,0
lane_curve_bright_baseline_r01_s10001,84.704,1.479197,-0.450000,0.406871,0,13.483568,13.483568,0,0,0,0
lane_curve_bright_baseline_r01_s10001,84.736,1.479197,-0.450000,0.406871,0,13.483568,13.483568,0,0,0,0
lane_curve_bright_baseline_r01_s10001,84.768,1.479197,-0.450000,0.406871,0,13.483568,13.483568,0,0,0,0
lane_curve_bright_baseline_r01_s10001,84.800,1.479197,-0.450000,0.406871,0,13.483568,13.483568,0,0,0,0
lane_curve_bright_baseline_r01_s10001,84.832,1.479197,-0.450000,0.406871,0,13.483568,13.483568,0,0,0,0
lane_curve_bright_baseline_r01_s10001,84.864,1.479197,-0.450000,0.406871,0,13.483568,13.483568,0,0,0,0
lane_curve_bright_baseline_r01_s10001,84.896,1.479197,-0.450000,0.406871,0,13.483568,13.483568,0,0,0,0
lane_curve_bright_baseline_r01_s10001,84.928,1.479197,-0.450000,0.406871,0,13.483568,13.483568,0,0,0,0
lane_curve_bright_baseline_r01_s10001,84.960,1.479197,-0.450000,0.406871,0,13.483568,13.483568,0,0,0,0
lane_curve_bright_baseline_r01_s10001,84.992,1.479197,-0.450000,0.406871,0,13.483568,13.483568,0,0,0,0
lane_curve_bright_baseline_r01_s10001,85.024,1.479197,-0.450000,0.406871,0,13.483568,13.483568,0,0,0,0
lane_curve_bright_baseline_r01_s10001,85.056,1.479197,-0.450000,0.406871,0,13.483568,13.483568,0,0,0,0
lane_curve_bright_baseline_r01_s10001,85.088,1.479197,-0.450000,0.406871,0,13.483568,13.483568,0,0,0,0
lane_curve_bright_baseline_r01_s10001,85.120,1.479197,-0.450000,0.406871,0,13.483568,13.483568,0,0,0,0
lane_curve_bright_baseline_r01_s10001,85.152,1.479197,-0.450000,0.406871,0,13.483568,13.483568,0,0,0,0
lane_curve_bright_baseline_r01_s10001,85.184,1.479197,-0.450000,0.406871,0,13.483568,13.483568,0,0,0,0
lane_curve_bright_baseline_r01_s10001,85.216,1.479197,-0.450000,0.406871,0,13.483568,13.483568,0,0,0,0
lane_curve_bright_baseline_r01_s10001,85.248,1.479197,-0.450000,0.406871,0,13.483568,13.483568,0,0,0,0
lane_curve_bright_baseline_r01_s10001,85.280,1.479197,-0.450000,0.406871,0,13.483568,13.483568,0,0,0,0
lane_curve_bright_baseline_r01_s10001,85.312,1.479197,-0.450000,0.406871,0,13.483568,13.483568,0,0,0,0
lane_curve_bright_baseline_r01_s10001,85.344,1.479197,-0.450000,0.406871,0,13.483568,13.483568,0,0,0,0
lane_curve_bright_baseline_r01_s10001,85.376,1.479197,-0.450000,0.406871,0,13.483568,13.483568,0,0,0,0
lane_curve_bright_baseline_r01_s10001,85.408,1.479197,-0.450000,0.406871,0,13.483568,13.483568,0,0,0,0
lane_curve_bright_baseline_r01_s10001,85.440,1.479197,-0.450000,0.406871,0,13.483568,13.483568,0,0,0,0
lane_curve_bright_baseline_r01_s10001,85.472,1.479197,-0.450000,0.406871,0,13.483568,13.483568,0,0,0,0
lane_curve_bright_baseline_r01_s10001,85.504,1.479197,-0.450000,0.406871,0,13.483568,13.483568,0,0,0,0
lane_curve_bright_baseline_r01_s10001,85.536,1.479197,-0.450000,0.406871,0,13.483568,13.483568,0,0,0,0
lane_curve_bright_baseline_r01_s10001,85.568,1.479197,-0.450000,0.406871,0,13.483568,13.483568,0,0,0,0
lane_curve_bright_baseline_r01_s10001,85.600,1.479197,-0.450000,0.406871,0,13.483568,13.483568,0,0,0,0
lane_curve_bright_baseline_r01_s10001,85.632,1.479197,-0.450000,0.406871,0,13.483568,13.483568,0,0,0,0
lane_curve_bright_baseline_r01_s10001,85.664,1.479197,-0.450000,0.406871,0,13.483568,13.483568,0,0,0,0
lane_curve_bright_baseline_r01_s10001,85.696,1.479197,-0.450000,0.406871,0,13.483568,13.483568,0,0,0,0
lane_curve_bright_baseline_r01_s10001,85.728,1.479197,-0.450000,0.406871,0,13.483568,13.483568,0,0,0,0
lane_curve_bright_baseline_r01_s10001,85.760,1.479197,-0.450000,0.406871,0,13.483568,13.483568,0,0,0,0
lane_curve_bright_baseline_r01_s10001,85.792,1.479197,-0.450000,0.406871,0,13.483568,13.483568,0,0,0,0
lane_curve_bright_baseline_r01_s10001,85.824,1.479197,-0.450000,0.406871,0,13.483568,13.483568,0,0,0,0
lane_curve_bright_baseline_r01_s10001,85.856,1.479197,-0.450000,0.406871,0,13.483568,13.483568,0,0,0,0
lane_curve_bright_baseline_r01_s10001,85.888,1.479197,-0.450000,0.406871,0,13.483568,13.483568,0,0,0,0
lane_curve_bright_baseline_r01_s10001,85.920,1.479197,-0.450000,0.406871,0,13.483568,13.483568,0,0,0,0
lane_curve_bright_baseline_r01_s10001,85.952,1.479197,-0.450000,0.406871,0,13.483568,13.483568,0,0,0,0
lane_curve_bright_baseline_r01_s10001,85.984,1.479197,-0.450000,0.406871,0,13.483568,13.483568,0,0,0,0
lane_curve_bright_baseline_r01_s10001,86.016,1.479197,-0.450000,0.406871,0,13.483568,13.483568,0,0,0,0
lane_curve_bright_baseline_r01_s10001,86.048,1.479197,-0.450000,0.406871,0,13.483568,13.483568,0,0,0,0
lane_curve_bright_baseline_r01_s10001,86.080,1.479197,-0.450000,0.406871,0,13.483568,13.483568,0,0,0,0
lane_curve_bright_baseline_r01_s10001,86.112,1.479197,-0.450000,0.406871,0,13.483568,13.483568,0,0,0,0
lane_curve_bright_baseline_r01_s10001,86.144,1.479197,-0.450000,0.406871,0,13.483568,13.483568,0,0,0,0
lane_curve_bright_baseline_r01_s10001,86.176,1.479197,-0.450000,0.406871,0,13.483568,13.483568,0,0,0,0
lane_curve_bright_baseline_r01_s10001,86.208,1.479197,-0.450000,0.406871,0,13.483568,13.483568,0,0,0,0
lane_curve_bright_baseline_r01_s10001,86.240,1.479197,-0.450000,0.406871,0,13.483568,13.483568,0,0,0,0
lane_curve_bright_baseline_r01_s10001,86.272,1.479197,-0.450000,0.406871,0,13.483568,13.483568,0,0,0,0
lane_curve_bright_baseline_r01_s10001,86.304,1.479197,-0.450000,0.406871,0,13.483568,13.483568,0,0,0,0
lane_curve_bright_baseline_r01_s10001,86.336,1.479197,-0.450000,0.406871,0,13.483568,13.483568,0,0,0,0
lane_curve_bright_baseline_r01_s10001,86.368,1.479197,-0.450000,0.406871,0,13.483568,13.483568,0,0,0,0
lane_curve_bright_baseline_r01_s10001,86.400,1.479197,-0.450000,0.406871,0,13.483568,13.483568,0,0,0,0
lane_curve_bright_baseline_r01_s10001,86.432,1.479197,-0.450000,0.406871,0,13.483568,13.483568,0,0,0,0
lane_curve_bright_baseline_r01_s10001,86.464,1.479197,-0.450000,0.406871,0,13.483568,13.483568,0,0,0,0
lane_curve_bright_baseline_r01_s10001,86.496,1.479197,-0.450000,0.406871,0,13.483568,13.483568,0,0,0,0
lane_curve_bright_baseline_r01_s10001,86.528,1.479197,-0.450000,0.406871,0,13.483568,13.483568,0,0,0,0
lane_curve_bright_baseline_r01_s10001,86.560,1.479197,-0.450000,0.406871,0,13.483568,13.483568,0,0,0,0
lane_curve_bright_baseline_r01_s10001,86.592,1.479197,-0.450000,0.406871,0,13.483568,13.483568,0,0,0,0
lane_curve_bright_baseline_r01_s10001,86.624,1.479197,-0.450000,0.406871,0,13.483568,13.483568,0,0,0,0
lane_curve_bright_baseline_r01_s10001,86.656,1.479197,-0.450000,0.406871,0,13.483568,13.483568,0,0,0,0
lane_curve_bright_baseline_r01_s10001,86.688,1.479197,-0.450000,0.406871,0,13.483568,13.483568,0,0,0,0
lane_curve_bright_baseline_r01_s10001,86.720,1.479197,-0.450000,0.406871,0,13.483568,13.483568,0,0,0,0
lane_curve_bright_baseline_r01_s10001,86.752,1.479197,-0.450000,0.406871,0,13.483568,13.483568,0,0,0,0
lane_curve_bright_baseline_r01_s10001,86.784,1.479197,-0.450000,0.406871,0,13.483568,13.483568,0,0,0,0
lane_curve_bright_baseline_r01_s10001,86.816,1.479197,-0.450000,0.406871,0,13.483568,13.483568,0,0,0,0
lane_curve_bright_baseline_r01_s10001,86.848,1.479197,-0.450000,0.406871,0,13.483568,13.483568,0,0,0,0
lane_curve_bright_baseline_r01_s10001,86.880,1.479197,-0.450000,0.406871,0,13.483568,13.483568,0,0,0,0
lane_curve_bright_baseline_r01_s10001,86.912,1.479197,-0.450000,0.406871,0,13.483568,13.483568,0,0,0,0
lane_curve_bright_baseline_r01_s10001,86.944,1.479197,-0.450000,0.406871,0,13.483568,13.483568,0,0,0,0
lane_curve_bright_baseline_r01_s10001,86.976,1.479197,-0.450000,0.406871,0,13.483568,13.483568,0,0,0,0
lane_curve_bright_baseline_r01_s10001,87.008,1.479197,-0.450000,0.406871,0,13.483568,13.483568,0,0,0,0
lane_curve_bright_baseline_r01_s10001,87.040,1.479197,-0.450000,0.406871,0,13.483568,13.483568,0,0,0,0
lane_curve_bright_baseline_r01_s10001,87.072,1.479197,-0.450000,0.406871,0,13.483568,13.483568,0,0,0,0
lane_curve_bright_baseline_r01_s10001,87.104,1.479197,-0.450000,0.406871,0,13.483568,13.483568,0,0,0,0
lane_curve_bright_baseline_r01_s10001,87.136,1.479197,-0.450000,0.406871,0,13.483568,13.483568,0,0,0,0
lane_curve_bright_baseline_r01_s10001,87.168,1.479197,-0.450000,0.406871,0,13.483568,13.483568,0,0,0,0
lane_curve_bright_baseline_r01_s10001,87.200,1.479197,-0.450000,0.406871,0,13.483568,13.483568,0,0,0,0
lane_curve_bright_baseline_r01_s10001,87.232,1.479197,-0.450000,0.406871,0,13.483568,13.483568,0,0,0,0
lane_curve_bright_baseline_r01_s10001,87.264,1.479197,-0.450000,0.406871,0,13.483568,13.483568,0,0,0,0
lane_curve_bright_baseline_r01_s10001,87.296,1.479197,-0.450000,0.406871,0,13.483568,13.483568,0,0,0,0
lane_curve_bright_baseline_r01_s10001,87.328,1.479197,-0.450000,0.406871,0,13.483568,13.483568,0,0,0,0
lane_curve_bright_baseline_r01_s10001,87.360,1.479197,-0.450000,0.406871,0,13.483568,13.483568,0,0,0,0
lane_curve_bright_baseline_r01_s10001,87.392,1.479197,-0.450000,0.406871,0,13.483568,13.483568,0,0,0,0
lane_curve_bright_baseline_r01_s10001,87.424,1.479197,-0.450000,0.406871,0,13.483568,13.483568,0,0,0,0
lane_curve_bright_baseline_r01_s10001,87.456,1.479197,-0.450000,0.406871,0,13.483568,13.483568,0,0,0,0
lane_curve_bright_baseline_r01_s10001,87.488,1.479197,-0.450000,0.406871,0,13.483568,13.483568,0,0,0,0
lane_curve_bright_baseline_r01_s10001,87.520,1.479197,-0.450000,0.406871,0,13.483568,13.483568,0,0,0,0
lane_curve_bright_baseline_r01_s10001,87.552,1.479197,-0.450000,0.406871,0,13.483568,13.483568,0,0,0,0
lane_curve_bright_baseline_r01_s10001,87.584,1.479197,-0.450000,0.406871,0,13.483568,13.483568,0,0,0,0
lane_curve_bright_baseline_r01_s10001,87.616,1.479197,-0.450000,0.406871,0,13.483568,13.483568,0,0,0,0
lane_curve_bright_baseline_r01_s10001,87.648,1.479197,-0.450000,0.406871,0,13.483568,13.483568,0,0,0,0
lane_curve_bright_baseline_r01_s10001,87.680,1.479197,-0.450000,0.406871,0,13.483568,13.483568,0,0,0,0
lane_curve_bright_baseline_r01_s10001,87.712,1.479197,-0.450000,0.406871,0,13.483568,13.483568,0,0,0,0
lane_curve_bright_baseline_r01_s10001,87.744,1.479197,-0.450000,0.406871,0,13.483568,13.483568,0,0,0,0
lane_curve_bright_baseline_r01_s10001,87.776,1.479197,-0.450000,0.406871,0,13.483568,13.483568,0,0,0,0
lane_curve_bright_baseline_r01_s10001,87.808,1.479197,-0.450000,0.406871,0,13.483568,13.483568,0,0,0,0
lane_curve_bright_baseline_r01_s10001,87.840,1.479197,-0.450000,0.406871,0,13.483568,13.483568,0,0,0,0
lane_curve_bright_baseline_r01_s10001,87.872,1.479197,-0.450000,0.406871,0,13.483568,13.483568,0,0,0,0
lane_curve_bright_baseline_r01_s10001,87.904,1.479197,-0.450000,0.406871,0,13.483568,13.483568,0,0,0,0
lane_curve_bright_baseline_r01_s10001,87.936,1.479197,-0.450000,0.406871,0,13.483568,13.483568,0,0,0,0
lane_curve_bright_baseline_r01_s10001,87.968,1.479197,-0.450000,0.406871,0,13.483568,13.483568,0,0,0,0
lane_curve_bright_baseline_r01_s10001,88.000,1.479197,-0.450000,0.406871,0,13.483568,13.483568,0,0,0,0
lane_curve_bright_baseline_r01_s10001,88.032,1.479197,-0.450000,0.406871,0,13.483568,13.483568,0,0,0,0
lane_curve_bright_baseline_r01_s10001,88.064,1.479197,-0.450000,0.406871,0,13.483568,13.483568,0,0,0,0
lane_curve_bright_baseline_r01_s10001,88.096,1.479197,-0.450000,0.406871,0,13.483568,13.483568,0,0,0,0
lane_curve_bright_baseline_r01_s10001,88.128,1.479197,-0.450000,0.406871,0,13.483568,13.483568,0,0,0,0
lane_curve_bright_baseline_r01_s10001,88.160,1.479197,-0.450000,0.406871,0,13.483568,13.483568,0,0,0,0
lane_curve_bright_baseline_r01_s10001,88.192,1.479197,-0.450000,0.406871,0,13.483568,13.483568,0,0,0,0
lane_curve_bright_baseline_r01_s10001,88.224,1.479197,-0.450000,0.406871,0,13.483568,13.483568,0,0,0,0
lane_curve_bright_baseline_r01_s10001,88.256,1.479197,-0.450000,0.406871,0,13.483568,13.483568,0,0,0,0
lane_curve_bright_baseline_r01_s10001,88.288,1.479197,-0.450000,0.406871,0,13.483568,13.483568,0,0,0,0
lane_curve_bright_baseline_r01_s10001,88.320,1.479197,-0.450000,0.406871,0,13.483568,13.483568,0,0,0,0
lane_curve_bright_baseline_r01_s10001,88.352,1.479197,-0.450000,0.406871,0,13.483568,13.483568,0,0,0,0
lane_curve_bright_baseline_r01_s10001,88.384,1.479197,-0.450000,0.406871,0,13.483568,13.483568,0,0,0,0
lane_curve_bright_baseline_r01_s10001,88.416,1.479197,-0.450000,0.406871,0,13.483568,13.483568,0,0,0,0
lane_curve_bright_baseline_r01_s10001,88.448,1.479197,-0.450000,0.406871,0,13.483568,13.483568,0,0,0,0
lane_curve_bright_baseline_r01_s10001,88.480,1.479197,-0.450000,0.406871,0,13.483568,13.483568,0,0,0,0
lane_curve_bright_baseline_r01_s10001,88.512,1.479197,-0.450000,0.406871,0,13.483568,13.483568,0,0,0,0
lane_curve_bright_baseline_r01_s10001,88.544,1.479197,-0.450000,0.406871,0,13.483568,13.483568,0,0,0,0
lane_curve_bright_baseline_r01_s10001,88.576,1.479197,-0.450000,0.406871,0,13.483568,13.483568,0,0,0,0
lane_curve_bright_baseline_r01_s10001,88.608,1.479197,-0.450000,0.406871,0,13.483568,13.483568,0,0,0,0
lane_curve_bright_baseline_r01_s10001,88.640,1.479197,-0.450000,0.406871,0,13.483568,13.483568,0,0,0,0
lane_curve_bright_baseline_r01_s10001,88.672,1.479197,-0.450000,0.406871,0,13.483568,13.483568,0,0,0,0
lane_curve_bright_baseline_r01_s10001,88.704,1.479197,-0.450000,0.406871,0,13.483568,13.483568,0,0,0,0
lane_curve_bright_baseline_r01_s10001,88.736,1.479197,-0.450000,0.406871,0,13.483568,13.483568,0,0,0,0
lane_curve_bright_baseline_r01_s10001,88.768,1.479197,-0.450000,0.406871,0,13.483568,13.483568,0,0,0,0
lane_curve_bright_baseline_r01_s10001,88.800,1.479197,-0.450000,0.406871,0,13.483568,13.483568,0,0,0,0
lane_curve_bright_baseline_r01_s10001,88.832,1.479197,-0.450000,0.406871,0,13.483568,13.483568,0,0,0,0
lane_curve_bright_baseline_r01_s10001,88.864,1.479197,-0.450000,0.406871,0,13.483568,13.483568,0,0,0,0
lane_curve_bright_baseline_r01_s10001,88.896,1.479197,-0.450000,0.406871,0,13.483568,13.483568,0,0,0,0
lane_curve_bright_baseline_r01_s10001,88.928,1.479197,-0.450000,0.406871,0,13.483568,13.483568,0,0,0,0
lane_curve_bright_baseline_r01_s10001,88.960,1.479197,-0.450000,0.406871,0,13.483568,13.483568,0,0,0,0
lane_curve_bright_baseline_r01_s10001,88.992,1.479197,-0.450000,0.406871,0,13.483568,13.483568,0,0,0,0
lane_curve_bright_baseline_r01_s10001,89.024,1.479197,-0.450000,0.406871,0,13.483568,13.483568,0,0,0,0
lane_curve_bright_baseline_r01_s10001,89.056,1.479197,-0.450000,0.406871,0,13.483568,13.483568,0,0,0,0
lane_curve_bright_baseline_r01_s10001,89.088,1.479197,-0.450000,0.406871,0,13.483568,13.483568,0,0,0,0
lane_curve_bright_baseline_r01_s10001,89.120,1.479197,-0.450000,0.406871,0,13.483568,13.483568,0,0,0,0
lane_curve_bright_baseline_r01_s10001,89.152,1.479197,-0.450000,0.406871,0,13.483568,13.483568,0,0,0,0
lane_curve_bright_baseline_r01_s10001,89.184,1.479197,-0.450000,0.406871,0,13.483568,13.483568,0,0,0,0
lane_curve_bright_baseline_r01_s10001,89.216,1.479197,-0.450000,0.406871,0,13.483568,13.483568,0,0,0,0
lane_curve_bright_baseline_r01_s10001,89.248,1.479197,-0.450000,0.406871,0,13.483568,13.483568,0,0,0,0
lane_curve_bright_baseline_r01_s10001,89.280,1.479197,-0.450000,0.406871,0,13.483568,13.483568,0,0,0,0
lane_curve_bright_baseline_r01_s10001,89.312,1.479197,-0.450000,0.406871,0,13.483568,13.483568,0,0,0,0
lane_curve_bright_baseline_r01_s10001,89.344,1.479197,-0.450000,0.406871,0,13.483568,13.483568,0,0,0,0
lane_curve_bright_baseline_r01_s10001,89.376,1.479197,-0.450000,0.406871,0,13.483568,13.483568,0,0,0,0
lane_curve_bright_baseline_r01_s10001,89.408,1.479197,-0.450000,0.406871,0,13.483568,13.483568,0,0,0,0
lane_curve_bright_baseline_r01_s10001,89.440,1.479197,-0.450000,0.406871,0,13.483568,13.483568,0,0,0,0
lane_curve_bright_baseline_r01_s10001,89.472,1.479197,-0.450000,0.406871,0,13.483568,13.483568,0,0,0,0
lane_curve_bright_baseline_r01_s10001,89.504,1.479197,-0.450000,0.406871,0,13.483568,13.483568,0,0,0,0
lane_curve_bright_baseline_r01_s10001,89.536,1.479197,-0.450000,0.406871,0,13.483568,13.483568,0,0,0,0
lane_curve_bright_baseline_r01_s10001,89.568,1.479197,-0.450000,0.406871,0,13.483568,13.483568,0,0,0,0
lane_curve_bright_baseline_r01_s10001,89.600,1.479197,-0.450000,0.406871,0,13.483568,13.483568,0,0,0,0
lane_curve_bright_baseline_r01_s10001,89.632,1.479197,-0.450000,0.406871,0,13.483568,13.483568,0,0,0,0
lane_curve_bright_baseline_r01_s10001,89.664,1.479197,-0.450000,0.406871,0,13.483568,13.483568,0,0,0,0
lane_curve_bright_baseline_r01_s10001,89.696,1.479197,-0.450000,0.406871,0,13.483568,13.483568,0,0,0,0
lane_curve_bright_baseline_r01_s10001,89.728,1.479197,-0.450000,0.406871,0,13.483568,13.483568,0,0,0,0
lane_curve_bright_baseline_r01_s10001,89.760,1.479197,-0.450000,0.406871,0,13.483568,13.483568,0,0,0,0
lane_curve_bright_baseline_r01_s10001,89.792,1.479197,-0.450000,0.406871,0,13.483568,13.483568,0,0,0,0
lane_curve_bright_baseline_r01_s10001,89.824,1.479197,-0.450000,0.406871,0,13.483568,13.483568,0,0,0,0
lane_curve_bright_baseline_r01_s10001,89.856,1.479197,-0.450000,0.406871,0,13.483568,13.483568,0,0,0,0
lane_curve_bright_baseline_r01_s10001,89.888,1.479197,-0.450000,0.406871,0,13.483568,13.483568,0,0,0,0
lane_curve_bright_baseline_r01_s10001,89.920,1.479197,-0.450000,0.406871,0,13.483568,13.483568,0,0,0,0
lane_curve_bright_baseline_r01_s10001,89.952,1.479197,-0.450000,0.406871,0,13.483568,13.483568,0,0,0,0
lane_curve_bright_baseline_r01_s10001,89.984,1.479197,-0.450000,0.406871,0,13.483568,13.483568,0,0,0,0
lane_curve_bright_baseline_r01_s10001,90.016,1.479197,-0.450000,0.406871,0,13.483568,13.483568,0,0,0,0
lane_curve_bright_baseline_r01_s10001,90.048,1.479197,-0.450000,0.406871,0,13.483568,13.483568,0,0,0,0
lane_curve_bright_baseline_r01_s10001,90.080,1.479197,-0.450000,0.406871,0,13.483568,13.483568,0,0,0,0
lane_curve_bright_baseline_r01_s10001,90.112,1.479197,-0.450000,0.406871,0,13.483568,13.483568,0,0,0,0
lane_curve_bright_baseline_r01_s10001,90.144,1.479197,-0.450000,0.406871,0,13.483568,13.483568,0,0,0,0
lane_curve_bright_baseline_r01_s10001,90.176,1.479197,-0.450000,0.406871,0,13.483568,13.483568,0,0,0,0
lane_curve_bright_baseline_r01_s10001,90.208,1.479197,-0.450000,0.406871,0,13.483568,13.483568,0,0,0,0
lane_curve_bright_baseline_r01_s10001,90.240,1.479197,-0.450000,0.406871,0,13.483568,13.483568,0,0,0,0
lane_curve_bright_baseline_r01_s10001,90.272,1.479197,-0.450000,0.406871,0,13.483568,13.483568,0,0,0,0
lane_curve_bright_baseline_r01_s10001,90.304,1.479197,-0.450000,0.406871,0,13.483568,13.483568,0,0,0,0
lane_curve_bright_baseline_r01_s10001,90.336,1.479197,-0.450000,0.406871,0,13.483568,13.483568,0,0,0,0
lane_curve_bright_baseline_r01_s10001,90.368,1.479197,-0.450000,0.406871,0,13.483568,13.483568,0,0,0,0
lane_curve_bright_baseline_r01_s10001,90.400,1.479197,-0.450000,0.406871,0,13.483568,13.483568,0,0,0,0
lane_curve_bright_baseline_r01_s10001,90.432,1.479197,-0.450000,0.406871,0,13.483568,13.483568,0,0,0,0
lane_curve_bright_baseline_r01_s10001,90.464,1.479197,-0.450000,0.406871,0,13.483568,13.483568,0,0,0,0
lane_curve_bright_baseline_r01_s10001,90.496,1.479197,-0.450000,0.406871,0,13.483568,13.483568,0,0,0,0
lane_curve_bright_baseline_r01_s10001,90.528,1.479197,-0.450000,0.406871,0,13.483568,13.483568,0,0,0,0
lane_curve_bright_baseline_r01_s10001,90.560,1.479197,-0.450000,0.406871,0,13.483568,13.483568,0,0,0,0
lane_curve_bright_baseline_r01_s10001,90.592,1.479197,-0.450000,0.406871,0,13.483568,13.483568,0,0,0,0
lane_curve_bright_baseline_r01_s10001,90.624,1.479197,-0.450000,0.406871,0,13.483568,13.483568,0,0,0,0
lane_curve_bright_baseline_r01_s10001,90.656,1.479197,-0.450000,0.406871,0,13.483568,13.483568,0,0,0,0
lane_curve_bright_baseline_r01_s10001,90.688,1.479197,-0.450000,0.406871,0,13.483568,13.483568,0,0,0,0
lane_curve_bright_baseline_r01_s10001,90.720,1.479197,-0.450000,0.406871,0,13.483568,13.483568,0,0,0,0
lane_curve_bright_baseline_r01_s10001,90.752,1.479197,-0.450000,0.406871,0,13.483568,13.483568,0,0,0,0
lane_curve_bright_baseline_r01_s10001,90.784,1.479197,-0.450000,0.406871,0,13.483568,13.483568,0,0,0,0
lane_curve_bright_baseline_r01_s10001,90.816,1.479197,-0.450000,0.406871,0,13.483568,13.483568,0,0,0,0
lane_curve_bright_baseline_r01_s10001,90.848,1.479196,-0.450000,0.406871,0,13.483568,13.483568,0,0,0,0
lane_curve_bright_baseline_r01_s10001,90.880,1.479196,-0.450000,0.406871,0,13.483568,13.483568,0,0,0,0
lane_curve_bright_baseline_r01_s10001,90.912,1.479196,-0.450000,0.406871,0,13.483568,13.483568,0,0,0,0
lane_curve_bright_baseline_r01_s10001,90.944,1.479196,-0.450000,0.406871,0,13.483568,13.483568,0,0,0,0
lane_curve_bright_baseline_r01_s10001,90.976,1.479196,-0.450000,0.406871,0,13.483568,13.483568,0,0,0,0
lane_curve_bright_baseline_r01_s10001,91.008,1.479196,-0.450000,0.406871,0,13.483568,13.483568,0,0,0,0
lane_curve_bright_baseline_r01_s10001,91.040,1.479196,-0.450000,0.406871,0,13.483568,13.483568,0,0,0,0
lane_curve_bright_baseline_r01_s10001,91.072,1.479196,-0.450000,0.406871,0,13.483568,13.483568,0,0,0,0
lane_curve_bright_baseline_r01_s10001,91.104,1.479196,-0.450000,0.406871,0,13.483568,13.483568,0,0,0,0
lane_curve_bright_baseline_r01_s10001,91.136,1.479196,-0.450000,0.406871,0,13.483568,13.483568,0,0,0,0
lane_curve_bright_baseline_r01_s10001,91.168,1.479196,-0.450000,0.406871,0,13.483568,13.483568,0,0,0,0
lane_curve_bright_baseline_r01_s10001,91.200,1.479196,-0.450000,0.406871,0,13.483568,13.483568,0,0,0,0
lane_curve_bright_baseline_r01_s10001,91.232,1.479196,-0.450000,0.406871,0,13.483568,13.483568,0,0,0,0
lane_curve_bright_baseline_r01_s10001,91.264,1.479196,-0.450000,0.406871,0,13.483568,13.483568,0,0,0,0
lane_curve_bright_baseline_r01_s10001,91.296,1.479196,-0.450000,0.406871,0,13.483568,13.483568,0,0,0,0
lane_curve_bright_baseline_r01_s10001,91.328,1.479196,-0.450000,0.406871,0,13.483568,13.483568,0,0,0,0
lane_curve_bright_baseline_r01_s10001,91.360,1.479196,-0.450000,0.406871,0,13.483568,13.483568,0,0,0,0
lane_curve_bright_baseline_r01_s10001,91.392,1.479196,-0.450000,0.406871,0,13.483568,13.483568,0,0,0,0
lane_curve_bright_baseline_r01_s10001,91.424,1.479196,-0.450000,0.406871,0,13.483568,13.483568,0,0,0,0
lane_curve_bright_baseline_r01_s10001,91.456,1.479196,-0.450000,0.406871,0,13.483568,13.483568,0,0,0,0
lane_curve_bright_baseline_r01_s10001,91.488,1.479196,-0.450000,0.406871,0,13.483568,13.483568,0,0,0,0
lane_curve_bright_baseline_r01_s10001,91.520,1.479196,-0.450000,0.406871,0,13.483568,13.483568,0,0,0,0
lane_curve_bright_baseline_r01_s10001,91.552,1.479196,-0.450000,0.406871,0,13.483568,13.483568,0,0,0,0
lane_curve_bright_baseline_r01_s10001,91.584,1.479196,-0.450000,0.406871,0,13.483568,13.483568,0,0,0,0
lane_curve_bright_baseline_r01_s10001,91.616,1.479196,-0.450000,0.406871,0,13.483568,13.483568,0,0,0,0
lane_curve_bright_baseline_r01_s10001,91.648,1.479196,-0.450000,0.406871,0,13.483568,13.483568,0,0,0,0
lane_curve_bright_baseline_r01_s10001,91.680,1.479196,-0.450000,0.406871,0,13.483568,13.483568,0,0,0,0
lane_curve_bright_baseline_r01_s10001,91.712,1.479196,-0.450000,0.406871,0,13.483568,13.483568,0,0,0,0
lane_curve_bright_baseline_r01_s10001,91.744,1.479196,-0.450000,0.406871,0,13.483568,13.483568,0,0,0,0
lane_curve_bright_baseline_r01_s10001,91.776,1.479196,-0.450000,0.406871,0,13.483568,13.483568,0,0,0,0
lane_curve_bright_baseline_r01_s10001,91.808,1.479196,-0.450000,0.406871,0,13.483568,13.483568,0,0,0,0
lane_curve_bright_baseline_r01_s10001,91.840,1.479196,-0.450000,0.406871,0,13.483568,13.483568,0,0,0,0
lane_curve_bright_baseline_r01_s10001,91.872,1.479196,-0.450000,0.406871,0,13.483568,13.483568,0,0,0,0
lane_curve_bright_baseline_r01_s10001,91.904,1.479196,-0.450000,0.406871,0,13.483568,13.483568,0,0,0,0
lane_curve_bright_baseline_r01_s10001,91.936,1.479196,-0.450000,0.406871,0,13.483568,13.483568,0,0,0,0
lane_curve_bright_baseline_r01_s10001,91.968,1.479196,-0.450000,0.406871,0,13.483568,13.483568,0,0,0,0
lane_curve_bright_baseline_r01_s10001,92.000,1.479196,-0.450000,0.406871,0,13.483568,13.483568,0,0,0,0
lane_curve_bright_baseline_r01_s10001,92.032,1.479196,-0.450000,0.406871,0,13.483568,13.483568,0,0,0,0
lane_curve_bright_baseline_r01_s10001,92.064,1.479196,-0.450000,0.406871,0,13.483568,13.483568,0,0,0,0
lane_curve_bright_baseline_r01_s10001,92.096,1.479196,-0.450000,0.406871,0,13.483568,13.483568,0,0,0,0
lane_curve_bright_baseline_r01_s10001,92.128,1.479196,-0.450000,0.406871,0,13.483568,13.483568,0,0,0,0
lane_curve_bright_baseline_r01_s10001,92.160,1.479196,-0.450000,0.406871,0,13.483568,13.483568,0,0,0,0
lane_curve_bright_baseline_r01_s10001,92.192,1.479196,-0.450000,0.406871,0,13.483568,13.483568,0,0,0,0
lane_curve_bright_baseline_r01_s10001,92.224,1.479196,-0.450000,0.406871,0,13.483568,13.483568,0,0,0,0
lane_curve_bright_baseline_r01_s10001,92.256,1.479196,-0.450000,0.406871,0,13.483568,13.483568,0,0,0,0
lane_curve_bright_baseline_r01_s10001,92.288,1.479196,-0.450000,0.406871,0,13.483568,13.483568,0,0,0,0
lane_curve_bright_baseline_r01_s10001,92.320,1.479196,-0.450000,0.406871,0,13.483568,13.483568,0,0,0,0
lane_curve_bright_baseline_r01_s10001,92.352,1.479196,-0.450000,0.406871,0,13.483568,13.483568,0,0,0,0
lane_curve_bright_baseline_r01_s10001,92.384,1.479196,-0.450000,0.406871,0,13.483568,13.483568,0,0,0,0
lane_curve_bright_baseline_r01_s10001,92.416,1.479196,-0.450000,0.406871,0,13.483568,13.483568,0,0,0,0
lane_curve_bright_baseline_r01_s10001,92.448,1.479196,-0.450000,0.406871,0,13.483568,13.483568,0,0,0,0
lane_curve_bright_baseline_r01_s10001,92.480,1.479196,-0.450000,0.406871,0,13.483568,13.483568,0,0,0,0
lane_curve_bright_baseline_r01_s10001,92.512,1.479196,-0.450000,0.406871,0,13.483568,13.483568,0,0,0,0
lane_curve_bright_baseline_r01_s10001,92.544,1.479196,-0.450000,0.406871,0,13.483568,13.483568,0,0,0,0
lane_curve_bright_baseline_r01_s10001,92.576,1.479196,-0.450000,0.406871,0,13.483568,13.483568,0,0,0,0
lane_curve_bright_baseline_r01_s10001,92.608,1.479196,-0.450000,0.406871,0,13.483568,13.483568,0,0,0,0
lane_curve_bright_baseline_r01_s10001,92.640,1.479196,-0.450000,0.406871,0,13.483568,13.483568,0,0,0,0
lane_curve_bright_baseline_r01_s10001,92.672,1.479196,-0.450000,0.406871,0,13.483568,13.483568,0,0,0,0
lane_curve_bright_baseline_r01_s10001,92.704,1.479196,-0.450000,0.406871,0,13.483568,13.483568,0,0,0,0
lane_curve_bright_baseline_r01_s10001,92.736,1.479196,-0.450000,0.406871,0,13.483568,13.483568,0,0,0,0
lane_curve_bright_baseline_r01_s10001,92.768,1.479196,-0.450000,0.406871,0,13.483568,13.483568,0,0,0,0
lane_curve_bright_baseline_r01_s10001,92.800,1.479196,-0.450000,0.406871,0,13.483568,13.483568,0,0,0,0
lane_curve_bright_baseline_r01_s10001,92.832,1.479196,-0.450000,0.406871,0,13.483568,13.483568,0,0,0,0
lane_curve_bright_baseline_r01_s10001,92.864,1.479196,-0.450000,0.406871,0,13.483568,13.483568,0,0,0,0
lane_curve_bright_baseline_r01_s10001,92.896,1.479196,-0.450000,0.406871,0,13.483568,13.483568,0,0,0,0
lane_curve_bright_baseline_r01_s10001,92.928,1.479196,-0.450000,0.406871,0,13.483568,13.483568,0,0,0,0
lane_curve_bright_baseline_r01_s10001,92.960,1.479196,-0.450000,0.406871,0,13.483568,13.483568,0,0,0,0
lane_curve_bright_baseline_r01_s10001,92.992,1.479196,-0.450000,0.406871,0,13.483568,13.483568,0,0,0,0
lane_curve_bright_baseline_r01_s10001,93.024,1.479196,-0.450000,0.406871,0,13.483568,13.483568,0,0,0,0
lane_curve_bright_baseline_r01_s10001,93.056,1.479196,-0.450000,0.406871,0,13.483568,13.483568,0,0,0,0
lane_curve_bright_baseline_r01_s10001,93.088,1.479196,-0.450000,0.406871,0,13.483568,13.483568,0,0,0,0
lane_curve_bright_baseline_r01_s10001,93.120,1.479196,-0.450000,0.406871,0,13.483568,13.483568,0,0,0,0
lane_curve_bright_baseline_r01_s10001,93.152,1.479196,-0.450000,0.406871,0,13.483568,13.483568,0,0,0,0
lane_curve_bright_baseline_r01_s10001,93.184,1.479196,-0.450000,0.406871,0,13.483568,13.483568,0,0,0,0
lane_curve_bright_baseline_r01_s10001,93.216,1.479196,-0.450000,0.406871,0,13.483568,13.483568,0,0,0,0
lane_curve_bright_baseline_r01_s10001,93.248,1.479196,-0.450000,0.406871,0,13.483568,13.483568,0,0,0,0
lane_curve_bright_baseline_r01_s10001,93.280,1.479196,-0.450000,0.406871,0,13.483568,13.483568,0,0,0,0
lane_curve_bright_baseline_r01_s10001,93.312,1.479196,-0.450000,0.406871,0,13.483568,13.483568,0,0,0,0
lane_curve_bright_baseline_r01_s10001,93.344,1.479196,-0.450000,0.406871,0,13.483568,13.483568,0,0,0,0
lane_curve_bright_baseline_r01_s10001,93.376,1.479196,-0.450000,0.406871,0,13.483568,13.483568,0,0,0,0
lane_curve_bright_baseline_r01_s10001,93.408,1.479196,-0.450000,0.406871,0,13.483568,13.483568,0,0,0,0
lane_curve_bright_baseline_r01_s10001,93.440,1.479196,-0.450000,0.406871,0,13.483568,13.483568,0,0,0,0
lane_curve_bright_baseline_r01_s10001,93.472,1.479196,-0.450000,0.406871,0,13.483568,13.483568,0,0,0,0
lane_curve_bright_baseline_r01_s10001,93.504,1.479196,-0.450000,0.406871,0,13.483568,13.483568,0,0,0,0
lane_curve_bright_baseline_r01_s10001,93.536,1.479196,-0.450000,0.406871,0,13.483568,13.483568,0,0,0,0
lane_curve_bright_baseline_r01_s10001,93.568,1.479196,-0.450000,0.406871,0,13.483568,13.483568,0,0,0,0
lane_curve_bright_baseline_r01_s10001,93.600,1.479196,-0.450000,0.406871,0,13.483568,13.483568,0,0,0,0
lane_curve_bright_baseline_r01_s10001,93.632,1.479196,-0.450000,0.406871,0,13.483568,13.483568,0,0,0,0
lane_curve_bright_baseline_r01_s10001,93.664,1.479196,-0.450000,0.406871,0,13.483568,13.483568,0,0,0,0
lane_curve_bright_baseline_r01_s10001,93.696,1.479196,-0.450000,0.406871,0,13.483568,13.483568,0,0,0,0
lane_curve_bright_baseline_r01_s10001,93.728,1.479196,-0.450000,0.406871,0,13.483568,13.483568,0,0,0,0
lane_curve_bright_baseline_r01_s10001,93.760,1.479196,-0.450000,0.406871,0,13.483568,13.483568,0,0,0,0
lane_curve_bright_baseline_r01_s10001,93.792,1.479196,-0.450000,0.406871,0,13.483568,13.483568,0,0,0,0
lane_curve_bright_baseline_r01_s10001,93.824,1.479196,-0.450000,0.406871,0,13.483568,13.483568,0,0,0,0
lane_curve_bright_baseline_r01_s10001,93.856,1.479196,-0.450000,0.406871,0,13.483568,13.483568,0,0,0,0
lane_curve_bright_baseline_r01_s10001,93.888,1.479196,-0.450000,0.406871,0,13.483568,13.483568,0,0,0,0
lane_curve_bright_baseline_r01_s10001,93.920,1.479196,-0.450000,0.406871,0,13.483568,13.483568,0,0,0,0
lane_curve_bright_baseline_r01_s10001,93.952,1.479196,-0.450000,0.406871,0,13.483568,13.483568,0,0,0,0
lane_curve_bright_baseline_r01_s10001,93.984,1.479196,-0.450000,0.406871,0,13.483568,13.483568,0,0,0,0
lane_curve_bright_baseline_r01_s10001,94.016,1.479196,-0.450000,0.406871,0,13.483568,13.483568,0,0,0,0
lane_curve_bright_baseline_r01_s10001,94.048,1.479196,-0.450000,0.406871,0,13.483568,13.483568,0,0,0,0
lane_curve_bright_baseline_r01_s10001,94.080,1.479196,-0.450000,0.406871,0,13.483568,13.483568,0,0,0,0
lane_curve_bright_baseline_r01_s10001,94.112,1.479196,-0.450000,0.406871,0,13.483568,13.483568,0,0,0,0
lane_curve_bright_baseline_r01_s10001,94.144,1.479196,-0.450000,0.406871,0,13.483568,13.483568,0,0,0,0
lane_curve_bright_baseline_r01_s10001,94.176,1.479196,-0.450000,0.406871,0,13.483568,13.483568,0,0,0,0
lane_curve_bright_baseline_r01_s10001,94.208,1.479196,-0.450000,0.406871,0,13.483568,13.483568,0,0,0,0
lane_curve_bright_baseline_r01_s10001,94.240,1.479196,-0.450000,0.406871,0,13.483568,13.483568,0,0,0,0
lane_curve_bright_baseline_r01_s10001,94.272,1.479196,-0.450000,0.406871,0,13.483568,13.483568,0,0,0,0
lane_curve_bright_baseline_r01_s10001,94.304,1.479196,-0.450000,0.406871,0,13.483568,13.483568,0,0,0,0
lane_curve_bright_baseline_r01_s10001,94.336,1.479196,-0.450000,0.406871,0,13.483568,13.483568,0,0,0,0
lane_curve_bright_baseline_r01_s10001,94.368,1.479196,-0.450000,0.406871,0,13.483568,13.483568,0,0,0,0
lane_curve_bright_baseline_r01_s10001,94.400,1.479196,-0.450000,0.406871,0,13.483568,13.483568,0,0,0,0
lane_curve_bright_baseline_r01_s10001,94.432,1.479196,-0.450000,0.406871,0,13.483568,13.483568,0,0,0,0
lane_curve_bright_baseline_r01_s10001,94.464,1.479196,-0.450000,0.406871,0,13.483568,13.483568,0,0,0,0
lane_curve_bright_baseline_r01_s10001,94.496,1.479196,-0.450000,0.406871,0,13.483568,13.483568,0,0,0,0
lane_curve_bright_baseline_r01_s10001,94.528,1.479196,-0.450000,0.406871,0,13.483568,13.483568,0,0,0,0
lane_curve_bright_baseline_r01_s10001,94.560,1.479196,-0.450000,0.406871,0,13.483568,13.483568,0,0,0,0
lane_curve_bright_baseline_r01_s10001,94.592,1.479196,-0.450000,0.406871,0,13.483568,13.483568,0,0,0,0
lane_curve_bright_baseline_r01_s10001,94.624,1.479196,-0.450000,0.406871,0,13.483568,13.483568,0,0,0,0
lane_curve_bright_baseline_r01_s10001,94.656,1.479196,-0.450000,0.406871,0,13.483568,13.483568,0,0,0,0
lane_curve_bright_baseline_r01_s10001,94.688,1.479196,-0.450000,0.406871,0,13.483568,13.483568,0,0,0,0
lane_curve_bright_baseline_r01_s10001,94.720,1.479196,-0.450000,0.406871,0,13.483568,13.483568,0,0,0,0
lane_curve_bright_baseline_r01_s10001,94.752,1.479196,-0.450000,0.406871,0,13.483568,13.483568,0,0,0,0
lane_curve_bright_baseline_r01_s10001,94.784,1.479196,-0.450000,0.406871,0,13.483568,13.483568,0,0,0,0
lane_curve_bright_baseline_r01_s10001,94.816,1.479196,-0.450000,0.406871,0,13.483568,13.483568,0,0,0,0
lane_curve_bright_baseline_r01_s10001,94.848,1.479196,-0.450000,0.406871,0,13.483568,13.483568,0,0,0,0
lane_curve_bright_baseline_r01_s10001,94.880,1.479196,-0.450000,0.406871,0,13.483568,13.483568,0,0,0,0
lane_curve_bright_baseline_r01_s10001,94.912,1.479196,-0.450000,0.406871,0,13.483568,13.483568,0,0,0,0
lane_curve_bright_baseline_r01_s10001,94.944,1.479196,-0.450000,0.406871,0,13.483568,13.483568,0,0,0,0
lane_curve_bright_baseline_r01_s10001,94.976,1.479196,-0.450000,0.406871,0,13.483568,13.483568,0,0,0,0
lane_curve_bright_baseline_r01_s10001,95.008,1.479196,-0.450000,0.406871,0,13.483568,13.483568,0,0,0,0
lane_curve_bright_baseline_r01_s10001,95.040,1.479196,-0.450000,0.406871,0,13.483568,13.483568,0,0,0,0
lane_curve_bright_baseline_r01_s10001,95.072,1.479196,-0.450000,0.406871,0,13.483568,13.483568,0,0,0,0
lane_curve_bright_baseline_r01_s10001,95.104,1.479196,-0.450000,0.406871,0,13.483568,13.483568,0,0,0,0
lane_curve_bright_baseline_r01_s10001,95.136,1.479196,-0.450000,0.406871,0,13.483568,13.483568,0,0,0,0
lane_curve_bright_baseline_r01_s10001,95.168,1.479196,-0.450000,0.406871,0,13.483568,13.483568,0,0,0,0
lane_curve_bright_baseline_r01_s10001,95.200,1.479196,-0.450000,0.406871,0,13.483568,13.483568,0,0,0,0
lane_curve_bright_baseline_r01_s10001,95.232,1.479196,-0.450000,0.406871,0,13.483568,13.483568,0,0,0,0
lane_curve_bright_baseline_r01_s10001,95.264,1.479196,-0.450000,0.406871,0,13.483568,13.483568,0,0,0,0
lane_curve_bright_baseline_r01_s10001,95.296,1.479196,-0.450000,0.406871,0,13.483568,13.483568,0,0,0,0
lane_curve_bright_baseline_r01_s10001,95.328,1.479196,-0.450000,0.406871,0,13.483568,13.483568,0,0,0,0
lane_curve_bright_baseline_r01_s10001,95.360,1.479196,-0.450000,0.406871,0,13.483568,13.483568,0,0,0,0
lane_curve_bright_baseline_r01_s10001,95.392,1.479196,-0.450000,0.406871,0,13.483568,13.483568,0,0,0,0
lane_curve_bright_baseline_r01_s10001,95.424,1.479196,-0.450000,0.406871,0,13.483568,13.483568,0,0,0,0
lane_curve_bright_baseline_r01_s10001,95.456,1.479196,-0.450000,0.406871,0,13.483568,13.483568,0,0,0,0
lane_curve_bright_baseline_r01_s10001,95.488,1.479196,-0.450000,0.406871,0,13.483568,13.483568,0,0,0,0
lane_curve_bright_baseline_r01_s10001,95.520,1.479196,-0.450000,0.406871,0,13.483568,13.483568,0,0,0,0
lane_curve_bright_baseline_r01_s10001,95.552,1.479196,-0.450000,0.406871,0,13.483568,13.483568,0,0,0,0
lane_curve_bright_baseline_r01_s10001,95.584,1.479196,-0.450000,0.406871,0,13.483568,13.483568,0,0,0,0
lane_curve_bright_baseline_r01_s10001,95.616,1.479196,-0.450000,0.406871,0,13.483568,13.483568,0,0,0,0
lane_curve_bright_baseline_r01_s10001,95.648,1.479196,-0.450000,0.406871,0,13.483568,13.483568,0,0,0,0
lane_curve_bright_baseline_r01_s10001,95.680,1.479196,-0.450000,0.406871,0,13.483568,13.483568,0,0,0,0
lane_curve_bright_baseline_r01_s10001,95.712,1.479196,-0.450000,0.406871,0,13.483568,13.483568,0,0,0,0
lane_curve_bright_baseline_r01_s10001,95.744,1.479196,-0.450000,0.406871,0,13.483568,13.483568,0,0,0,0
lane_curve_bright_baseline_r01_s10001,95.776,1.479196,-0.450000,0.406871,0,13.483568,13.483568,0,0,0,0
lane_curve_bright_baseline_r01_s10001,95.808,1.479196,-0.450000,0.406871,0,13.483568,13.483568,0,0,0,0
lane_curve_bright_baseline_r01_s10001,95.840,1.479196,-0.450000,0.406871,0,13.483568,13.483568,0,0,0,0
lane_curve_bright_baseline_r01_s10001,95.872,1.479196,-0.450000,0.406871,0,13.483568,13.483568,0,0,0,0
lane_curve_bright_baseline_r01_s10001,95.904,1.479196,-0.450000,0.406871,0,13.483568,13.483568,0,0,0,0
lane_curve_bright_baseline_r01_s10001,95.936,1.479196,-0.450000,0.406871,0,13.483568,13.483568,0,0,0,0
lane_curve_bright_baseline_r01_s10001,95.968,1.479196,-0.450000,0.406871,0,13.483568,13.483568,0,0,0,0
lane_curve_bright_baseline_r01_s10001,96.000,1.479196,-0.450000,0.406871,0,13.483568,13.483568,0,0,0,0
lane_curve_bright_baseline_r01_s10001,96.032,1.479196,-0.450000,0.406871,0,13.483568,13.483568,0,0,0,0
lane_curve_bright_baseline_r01_s10001,96.064,1.479196,-0.450000,0.406871,0,13.483568,13.483568,0,0,0,0
lane_curve_bright_baseline_r01_s10001,96.096,1.479196,-0.450000,0.406871,0,13.483568,13.483568,0,0,0,0
lane_curve_bright_baseline_r01_s10001,96.128,1.479196,-0.450000,0.406871,0,13.483568,13.483568,0,0,0,0
lane_curve_bright_baseline_r01_s10001,96.160,1.479196,-0.450000,0.406871,0,13.483568,13.483568,0,0,0,0
lane_curve_bright_baseline_r01_s10001,96.192,1.479196,-0.450000,0.406871,0,13.483568,13.483568,0,0,0,0
lane_curve_bright_baseline_r01_s10001,96.224,1.479196,-0.450000,0.406871,0,13.483568,13.483568,0,0,0,0
lane_curve_bright_baseline_r01_s10001,96.256,1.479196,-0.450000,0.406871,0,13.483568,13.483568,0,0,0,0
lane_curve_bright_baseline_r01_s10001,96.288,1.479196,-0.450000,0.406871,0,13.483568,13.483568,0,0,0,0
lane_curve_bright_baseline_r01_s10001,96.320,1.479196,-0.450000,0.406871,0,13.483568,13.483568,0,0,0,0
lane_curve_bright_baseline_r01_s10001,96.352,1.479196,-0.450000,0.406871,0,13.483568,13.483568,0,0,0,0
lane_curve_bright_baseline_r01_s10001,96.384,1.479196,-0.450000,0.406871,0,13.483568,13.483568,0,0,0,0
lane_curve_bright_baseline_r01_s10001,96.416,1.479196,-0.450000,0.406871,0,13.483568,13.483568,0,0,0,0
lane_curve_bright_baseline_r01_s10001,96.448,1.479196,-0.450000,0.406871,0,13.483568,13.483568,0,0,0,0
lane_curve_bright_baseline_r01_s10001,96.480,1.479196,-0.450000,0.406871,0,13.483568,13.483568,0,0,0,0
lane_curve_bright_baseline_r01_s10001,96.512,1.479196,-0.450000,0.406871,0,13.483568,13.483568,0,0,0,0
lane_curve_bright_baseline_r01_s10001,96.544,1.479196,-0.450000,0.406871,0,13.483568,13.483568,0,0,0,0
lane_curve_bright_baseline_r01_s10001,96.576,1.479196,-0.450000,0.406871,0,13.483568,13.483568,0,0,0,0
lane_curve_bright_baseline_r01_s10001,96.608,1.479196,-0.450000,0.406871,0,13.483568,13.483568,0,0,0,0
lane_curve_bright_baseline_r01_s10001,96.640,1.479196,-0.450000,0.406871,0,13.483568,13.483568,0,0,0,0
lane_curve_bright_baseline_r01_s10001,96.672,1.479196,-0.450000,0.406871,0,13.483568,13.483568,0,0,0,0
lane_curve_bright_baseline_r01_s10001,96.704,1.479196,-0.450000,0.406871,0,13.483568,13.483568,0,0,0,0
lane_curve_bright_baseline_r01_s10001,96.736,1.479196,-0.450000,0.406871,0,13.483568,13.483568,0,0,0,0
lane_curve_bright_baseline_r01_s10001,96.768,1.479196,-0.450000,0.406871,0,13.483568,13.483568,0,0,0,0
lane_curve_bright_baseline_r01_s10001,96.800,1.479196,-0.450000,0.406871,0,13.483568,13.483568,0,0,0,0
lane_curve_bright_baseline_r01_s10001,96.832,1.479196,-0.450000,0.406871,0,13.483568,13.483568,0,0,0,0
lane_curve_bright_baseline_r01_s10001,96.864,1.479196,-0.450000,0.406871,0,13.483568,13.483568,0,0,0,0
lane_curve_bright_baseline_r01_s10001,96.896,1.479196,-0.450000,0.406871,0,13.483568,13.483568,0,0,0,0
lane_curve_bright_baseline_r01_s10001,96.928,1.479196,-0.450000,0.406871,0,13.483568,13.483568,0,0,0,0
lane_curve_bright_baseline_r01_s10001,96.960,1.479196,-0.450000,0.406871,0,13.483568,13.483568,0,0,0,0
lane_curve_bright_baseline_r01_s10001,96.992,1.479196,-0.450000,0.406871,0,13.483568,13.483568,0,0,0,0
lane_curve_bright_baseline_r01_s10001,97.024,1.479196,-0.450000,0.406871,0,13.483568,13.483568,0,0,0,0
lane_curve_bright_baseline_r01_s10001,97.056,1.479196,-0.450000,0.406871,0,13.483568,13.483568,0,0,0,0
lane_curve_bright_baseline_r01_s10001,97.088,1.479196,-0.450000,0.406871,0,13.483568,13.483568,0,0,0,0
lane_curve_bright_baseline_r01_s10001,97.120,1.479196,-0.450000,0.406871,0,13.483568,13.483568,0,0,0,0
lane_curve_bright_baseline_r01_s10001,97.152,1.479196,-0.450000,0.406871,0,13.483568,13.483568,0,0,0,0
lane_curve_bright_baseline_r01_s10001,97.184,1.479196,-0.450000,0.406871,0,13.483568,13.483568,0,0,0,0
lane_curve_bright_baseline_r01_s10001,97.216,1.479196,-0.450000,0.406871,0,13.483568,13.483568,0,0,0,0
lane_curve_bright_baseline_r01_s10001,97.248,1.479196,-0.450000,0.406871,0,13.483568,13.483568,0,0,0,0
lane_curve_bright_baseline_r01_s10001,97.280,1.479196,-0.450000,0.406871,0,13.483568,13.483568,0,0,0,0
lane_curve_bright_baseline_r01_s10001,97.312,1.479196,-0.450000,0.406871,0,13.483568,13.483568,0,0,0,0
lane_curve_bright_baseline_r01_s10001,97.344,1.479196,-0.450000,0.406871,0,13.483568,13.483568,0,0,0,0
lane_curve_bright_baseline_r01_s10001,97.376,1.479196,-0.450000,0.406871,0,13.483568,13.483568,0,0,0,0
lane_curve_bright_baseline_r01_s10001,97.408,1.479196,-0.450000,0.406871,0,13.483568,13.483568,0,0,0,0
lane_curve_bright_baseline_r01_s10001,97.440,1.479196,-0.450000,0.406871,0,13.483568,13.483568,0,0,0,0
lane_curve_bright_baseline_r01_s10001,97.472,1.479196,-0.450000,0.406871,0,13.483568,13.483568,0,0,0,0
lane_curve_bright_baseline_r01_s10001,97.504,1.479196,-0.450000,0.406871,0,13.483568,13.483568,0,0,0,0
lane_curve_bright_baseline_r01_s10001,97.536,1.479196,-0.450000,0.406871,0,13.483568,13.483568,0,0,0,0
lane_curve_bright_baseline_r01_s10001,97.568,1.479196,-0.450000,0.406871,0,13.483568,13.483568,0,0,0,0
lane_curve_bright_baseline_r01_s10001,97.600,1.479196,-0.450000,0.406871,0,13.483568,13.483568,0,0,0,0
lane_curve_bright_baseline_r01_s10001,97.632,1.479196,-0.450000,0.406871,0,13.483568,13.483568,0,0,0,0
lane_curve_bright_baseline_r01_s10001,97.664,1.479196,-0.450000,0.406871,0,13.483568,13.483568,0,0,0,0
lane_curve_bright_baseline_r01_s10001,97.696,1.479196,-0.450000,0.406871,0,13.483568,13.483568,0,0,0,0
lane_curve_bright_baseline_r01_s10001,97.728,1.479196,-0.450000,0.406871,0,13.483568,13.483568,0,0,0,0
lane_curve_bright_baseline_r01_s10001,97.760,1.479196,-0.450000,0.406871,0,13.483568,13.483568,0,0,0,0
lane_curve_bright_baseline_r01_s10001,97.792,1.479196,-0.450000,0.406871,0,13.483568,13.483568,0,0,0,0
lane_curve_bright_baseline_r01_s10001,97.824,1.479196,-0.450000,0.406871,0,13.483568,13.483568,0,0,0,0
lane_curve_bright_baseline_r01_s10001,97.856,1.479196,-0.450000,0.406871,0,13.483568,13.483568,0,0,0,0
lane_curve_bright_baseline_r01_s10001,97.888,1.479196,-0.450000,0.406871,0,13.483568,13.483568,0,0,0,0
lane_curve_bright_baseline_r01_s10001,97.920,1.479196,-0.450000,0.406871,0,13.483568,13.483568,0,0,0,0
lane_curve_bright_baseline_r01_s10001,97.952,1.479196,-0.450000,0.406871,0,13.483568,13.483568,0,0,0,0
lane_curve_bright_baseline_r01_s10001,97.984,1.479196,-0.450000,0.406871,0,13.483568,13.483568,0,0,0,0
lane_curve_bright_baseline_r01_s10001,98.016,1.479196,-0.450000,0.406871,0,13.483568,13.483568,0,0,0,0
lane_curve_bright_baseline_r01_s10001,98.048,1.479196,-0.450000,0.406871,0,13.483568,13.483568,0,0,0,0
lane_curve_bright_baseline_r01_s10001,98.080,1.479196,-0.450000,0.406871,0,13.483568,13.483568,0,0,0,0
lane_curve_bright_baseline_r01_s10001,98.112,1.479196,-0.450000,0.406871,0,13.483568,13.483568,0,0,0,0
lane_curve_bright_baseline_r01_s10001,98.144,1.479196,-0.450000,0.406871,0,13.483568,13.483568,0,0,0,0
lane_curve_bright_baseline_r01_s10001,98.176,1.479196,-0.450000,0.406871,0,13.483568,13.483568,0,0,0,0
lane_curve_bright_baseline_r01_s10001,98.208,1.479196,-0.450000,0.406871,0,13.483568,13.483568,0,0,0,0
lane_curve_bright_baseline_r01_s10001,98.240,1.479196,-0.450000,0.406871,0,13.483568,13.483568,0,0,0,0
lane_curve_bright_baseline_r01_s10001,98.272,1.479196,-0.450000,0.406871,0,13.483568,13.483568,0,0,0,0
lane_curve_bright_baseline_r01_s10001,98.304,1.479196,-0.450000,0.406871,0,13.483568,13.483568,0,0,0,0
lane_curve_bright_baseline_r01_s10001,98.336,1.479196,-0.450000,0.406871,0,13.483568,13.483568,0,0,0,0
lane_curve_bright_baseline_r01_s10001,98.368,1.479196,-0.450000,0.406871,0,13.483568,13.483568,0,0,0,0
lane_curve_bright_baseline_r01_s10001,98.400,1.479196,-0.450000,0.406871,0,13.483568,13.483568,0,0,0,0
lane_curve_bright_baseline_r01_s10001,98.432,1.479196,-0.450000,0.406871,0,13.483568,13.483568,0,0,0,0
lane_curve_bright_baseline_r01_s10001,98.464,1.479196,-0.450000,0.406871,0,13.483568,13.483568,0,0,0,0
lane_curve_bright_baseline_r01_s10001,98.496,1.479196,-0.450000,0.406871,0,13.483568,13.483568,0,0,0,0
lane_curve_bright_baseline_r01_s10001,98.528,1.479196,-0.450000,0.406871,0,13.483568,13.483568,0,0,0,0
lane_curve_bright_baseline_r01_s10001,98.560,1.479196,-0.450000,0.406871,0,13.483568,13.483568,0,0,0,0
lane_curve_bright_baseline_r01_s10001,98.592,1.479196,-0.450000,0.406871,0,13.483568,13.483568,0,0,0,0
lane_curve_bright_baseline_r01_s10001,98.624,1.479196,-0.450000,0.406871,0,13.483568,13.483568,0,0,0,0
lane_curve_bright_baseline_r01_s10001,98.656,1.479196,-0.450000,0.406871,0,13.483568,13.483568,0,0,0,0
lane_curve_bright_baseline_r01_s10001,98.688,1.479196,-0.450000,0.406871,0,13.483568,13.483568,0,0,0,0
lane_curve_bright_baseline_r01_s10001,98.720,1.479196,-0.450000,0.406871,0,13.483568,13.483568,0,0,0,0
lane_curve_bright_baseline_r01_s10001,98.752,1.479196,-0.450000,0.406871,0,13.483568,13.483568,0,0,0,0
lane_curve_bright_baseline_r01_s10001,98.784,1.479196,-0.450000,0.406871,0,13.483568,13.483568,0,0,0,0
lane_curve_bright_baseline_r01_s10001,98.816,1.479196,-0.450000,0.406871,0,13.483568,13.483568,0,0,0,0
lane_curve_bright_baseline_r01_s10001,98.848,1.479196,-0.450000,0.406871,0,13.483568,13.483568,0,0,0,0
lane_curve_bright_baseline_r01_s10001,98.880,1.479196,-0.450000,0.406871,0,13.483568,13.483568,0,0,0,0
lane_curve_bright_baseline_r01_s10001,98.912,1.479196,-0.450000,0.406871,0,13.483568,13.483568,0,0,0,0
lane_curve_bright_baseline_r01_s10001,98.944,1.479196,-0.450000,0.406871,0,13.483568,13.483568,0,0,0,0
lane_curve_bright_baseline_r01_s10001,98.976,1.479196,-0.450000,0.406871,0,13.483568,13.483568,0,0,0,0
lane_curve_bright_baseline_r01_s10001,99.008,1.479196,-0.450000,0.406871,0,13.483568,13.483568,0,0,0,0
lane_curve_bright_baseline_r01_s10001,99.040,1.479196,-0.450000,0.406871,0,13.483568,13.483568,0,0,0,0
lane_curve_bright_baseline_r01_s10001,99.072,1.479196,-0.450000,0.406871,0,13.483568,13.483568,0,0,0,0
lane_curve_bright_baseline_r01_s10001,99.104,1.479196,-0.450000,0.406871,0,13.483568,13.483568,0,0,0,0
lane_curve_bright_baseline_r01_s10001,99.136,1.479196,-0.450000,0.406871,0,13.483568,13.483568,0,0,0,0
lane_curve_bright_baseline_r01_s10001,99.168,1.479196,-0.450000,0.406871,0,13.483568,13.483568,0,0,0,0
lane_curve_bright_baseline_r01_s10001,99.200,1.479196,-0.450000,0.406871,0,13.483568,13.483568,0,0,0,0
lane_curve_bright_baseline_r01_s10001,99.232,1.479196,-0.450000,0.406871,0,13.483568,13.483568,0,0,0,0
lane_curve_bright_baseline_r01_s10001,99.264,1.479196,-0.450000,0.406871,0,13.483568,13.483568,0,0,0,0
lane_curve_bright_baseline_r01_s10001,99.296,1.479196,-0.450000,0.406871,0,13.483568,13.483568,0,0,0,0
lane_curve_bright_baseline_r01_s10001,99.328,1.479196,-0.450000,0.406871,0,13.483568,13.483568,0,0,0,0
lane_curve_bright_baseline_r01_s10001,99.360,1.479196,-0.450000,0.406871,0,13.483568,13.483568,0,0,0,0
lane_curve_bright_baseline_r01_s10001,99.392,1.479196,-0.450000,0.406871,0,13.483568,13.483568,0,0,0,0
lane_curve_bright_baseline_r01_s10001,99.424,1.479196,-0.450000,0.406871,0,13.483568,13.483568,0,0,0,0
lane_curve_bright_baseline_r01_s10001,99.456,1.479196,-0.450000,0.406871,0,13.483568,13.483568,0,0,0,0
lane_curve_bright_baseline_r01_s10001,99.488,1.479196,-0.450000,0.406871,0,13.483568,13.483568,0,0,0,0
lane_curve_bright_baseline_r01_s10001,99.520,1.479196,-0.450000,0.406871,0,13.483568,13.483568,0,0,0,0
lane_curve_bright_baseline_r01_s10001,99.552,1.479196,-0.450000,0.406871,0,13.483568,13.483568,0,0,0,0
lane_curve_bright_baseline_r01_s10001,99.584,1.479196,-0.450000,0.406871,0,13.483568,13.483568,0,0,0,0
lane_curve_bright_baseline_r01_s10001,99.616,1.479196,-0.450000,0.406871,0,13.483568,13.483568,0,0,0,0
lane_curve_bright_baseline_r01_s10001,99.648,1.479196,-0.450000,0.406871,0,13.483568,13.483568,0,0,0,0
lane_curve_bright_baseline_r01_s10001,99.680,1.479196,-0.450000,0.406871,0,13.483568,13.483568,0,0,0,0
lane_curve_bright_baseline_r01_s10001,99.712,1.479196,-0.450000,0.406871,0,13.483568,13.483568,0,0,0,0
lane_curve_bright_baseline_r01_s10001,99.744,1.479196,-0.450000,0.406871,0,13.483568,13.483568,0,0,0,0
lane_curve_bright_baseline_r01_s10001,99.776,1.479196,-0.450000,0.406871,0,13.483568,13.483568,0,0,0,0
lane_curve_bright_baseline_r01_s10001,99.808,1.479196,-0.450000,0.406871,0,13.483568,13.483568,0,0,0,0
lane_curve_bright_baseline_r01_s10001,99.840,1.479196,-0.450000,0.406871,0,13.483568,13.483568,0,0,0,0
lane_curve_bright_baseline_r01_s10001,99.872,1.479196,-0.450000,0.406871,0,13.483568,13.483568,0,0,0,0
lane_curve_bright_baseline_r01_s10001,99.904,1.479196,-0.450000,0.406871,0,13.483568,13.483568,0,0,0,0
lane_curve_bright_baseline_r01_s10001,99.936,1.479196,-0.450000,0.406871,0,13.483568,13.483568,0,0,0,0
lane_curve_bright_baseline_r01_s10001,99.968,1.479196,-0.450000,0.406871,0,13.483568,13.483568,0,0,0,0
lane_curve_bright_baseline_r01_s10001,100.000,1.479196,-0.450000,0.406871,0,13.483568,13.483568,0,0,0,0
lane_curve_bright_baseline_r01_s10001,100.032,1.479196,-0.450000,0.406871,0,13.483568,13.483568,0,0,0,0
lane_curve_bright_baseline_r01_s10001,100.064,1.479196,-0.450000,0.406871,0,13.483568,13.483568,0,0,0,0
lane_curve_bright_baseline_r01_s10001,100.096,1.479196,-0.450000,0.406871,0,13.483568,13.483568,0,0,0,0
lane_curve_bright_baseline_r01_s10001,100.128,1.479196,-0.450000,0.406871,0,13.483568,13.483568,0,0,0,0
lane_curve_bright_baseline_r01_s10001,100.160,1.479196,-0.450000,0.406871,0,13.483568,13.483568,0,0,0,0
lane_curve_bright_baseline_r01_s10001,100.192,1.479196,-0.450000,0.406871,0,13.483568,13.483568,0,0,0,0
lane_curve_bright_baseline_r01_s10001,100.224,1.479196,-0.450000,0.406871,0,13.483568,13.483568,0,0,0,0
lane_curve_bright_baseline_r01_s10001,100.256,1.479196,-0.450000,0.406871,0,13.483568,13.483568,0,0,0,0
lane_curve_bright_baseline_r01_s10001,100.288,1.479196,-0.450000,0.406871,0,13.483568,13.483568,0,0,0,0
lane_curve_bright_baseline_r01_s10001,100.320,1.479196,-0.450000,0.406871,0,13.483568,13.483568,0,0,0,0
lane_curve_bright_baseline_r01_s10001,100.352,1.479196,-0.450000,0.406871,0,13.483568,13.483568,0,0,0,0
lane_curve_bright_baseline_r01_s10001,100.384,1.479196,-0.450000,0.406871,0,13.483568,13.483568,0,0,0,0
lane_curve_bright_baseline_r01_s10001,100.416,1.479196,-0.450000,0.406871,0,13.483568,13.483568,0,0,0,0
lane_curve_bright_baseline_r01_s10001,100.448,1.479196,-0.450000,0.406871,0,13.483568,13.483568,0,0,0,0
lane_curve_bright_baseline_r01_s10001,100.480,1.479196,-0.450000,0.406871,0,13.483568,13.483568,0,0,0,0
lane_curve_bright_baseline_r01_s10001,100.512,1.479196,-0.450000,0.406871,0,13.483568,13.483568,0,0,0,0
lane_curve_bright_baseline_r01_s10001,100.544,1.479196,-0.450000,0.406871,0,13.483568,13.483568,0,0,0,0
lane_curve_bright_baseline_r01_s10001,100.576,1.479196,-0.450000,0.406871,0,13.483568,13.483568,0,0,0,0
lane_curve_bright_baseline_r01_s10001,100.608,1.479196,-0.450000,0.406871,0,13.483568,13.483568,0,0,0,0
lane_curve_bright_baseline_r01_s10001,100.640,1.479196,-0.450000,0.406871,0,13.483568,13.483568,0,0,0,0
lane_curve_bright_baseline_r01_s10001,100.672,1.479196,-0.450000,0.406871,0,13.483568,13.483568,0,0,0,0
lane_curve_bright_baseline_r01_s10001,100.704,1.479196,-0.450000,0.406871,0,13.483568,13.483568,0,0,0,0
lane_curve_bright_baseline_r01_s10001,100.736,1.479196,-0.450000,0.406871,0,13.483568,13.483568,0,0,0,0
lane_curve_bright_baseline_r01_s10001,100.768,1.479196,-0.450000,0.406871,0,13.483568,13.483568,0,0,0,0
lane_curve_bright_baseline_r01_s10001,100.800,1.479196,-0.450000,0.406871,0,13.483568,13.483568,0,0,0,0
lane_curve_bright_baseline_r01_s10001,100.832,1.479196,-0.450000,0.406871,0,13.483568,13.483568,0,0,0,0
lane_curve_bright_baseline_r01_s10001,100.864,1.479196,-0.450000,0.406871,0,13.483568,13.483568,0,0,0,0
lane_curve_bright_baseline_r01_s10001,100.896,1.479196,-0.450000,0.406871,0,13.483568,13.483568,0,0,0,0
lane_curve_bright_baseline_r01_s10001,100.928,1.479196,-0.450000,0.406871,0,13.483568,13.483568,0,0,0,0
lane_curve_bright_baseline_r01_s10001,100.960,1.479196,-0.450000,0.406871,0,13.483568,13.483568,0,0,0,0
lane_curve_bright_baseline_r01_s10001,100.992,1.479196,-0.450000,0.406871,0,13.483568,13.483568,0,0,0,0
lane_curve_bright_baseline_r01_s10001,101.024,1.479196,-0.450000,0.406871,0,13.483568,13.483568,0,0,0,0
lane_curve_bright_baseline_r01_s10001,101.056,1.479196,-0.450000,0.406871,0,13.483568,13.483568,0,0,0,0
lane_curve_bright_baseline_r01_s10001,101.088,1.479196,-0.450000,0.406871,0,13.483568,13.483568,0,0,0,0
lane_curve_bright_baseline_r01_s10001,101.120,1.479196,-0.450000,0.406871,0,13.483568,13.483568,0,0,0,0
lane_curve_bright_baseline_r01_s10001,101.152,1.479196,-0.450000,0.406871,0,13.483568,13.483568,0,0,0,0
lane_curve_bright_baseline_r01_s10001,101.184,1.479196,-0.450000,0.406871,0,13.483568,13.483568,0,0,0,0
lane_curve_bright_baseline_r01_s10001,101.216,1.479196,-0.450000,0.406871,0,13.483568,13.483568,0,0,0,0
lane_curve_bright_baseline_r01_s10001,101.248,1.479196,-0.450000,0.406871,0,13.483568,13.483568,0,0,0,0
lane_curve_bright_baseline_r01_s10001,101.280,1.479196,-0.450000,0.406871,0,13.483568,13.483568,0,0,0,0
lane_curve_bright_baseline_r01_s10001,101.312,1.479196,-0.450000,0.406871,0,13.483568,13.483568,0,0,0,0
lane_curve_bright_baseline_r01_s10001,101.344,1.479196,-0.450000,0.406871,0,13.483568,13.483568,0,0,0,0
lane_curve_bright_baseline_r01_s10001,101.376,1.479196,-0.450000,0.406871,0,13.483568,13.483568,0,0,0,0
lane_curve_bright_baseline_r01_s10001,101.408,1.479196,-0.450000,0.406871,0,13.483568,13.483568,0,0,0,0
lane_curve_bright_baseline_r01_s10001,101.440,1.479196,-0.450000,0.406871,0,13.483568,13.483568,0,0,0,0
lane_curve_bright_baseline_r01_s10001,101.472,1.479196,-0.450000,0.406871,0,13.483568,13.483568,0,0,0,0
lane_curve_bright_baseline_r01_s10001,101.504,1.479196,-0.450000,0.406871,0,13.483568,13.483568,0,0,0,0
lane_curve_bright_baseline_r01_s10001,101.536,1.479196,-0.450000,0.406871,0,13.483568,13.483568,0,0,0,0
lane_curve_bright_baseline_r01_s10001,101.568,1.479196,-0.450000,0.406871,0,13.483568,13.483568,0,0,0,0
lane_curve_bright_baseline_r01_s10001,101.600,1.479196,-0.450000,0.406871,0,13.483568,13.483568,0,0,0,0
lane_curve_bright_baseline_r01_s10001,101.632,1.479196,-0.450000,0.406871,0,13.483568,13.483568,0,0,0,0
lane_curve_bright_baseline_r01_s10001,101.664,1.479196,-0.450000,0.406871,0,13.483568,13.483568,0,0,0,0
lane_curve_bright_baseline_r01_s10001,101.696,1.479196,-0.450000,0.406871,0,13.483568,13.483568,0,0,0,0
lane_curve_bright_baseline_r01_s10001,101.728,1.479196,-0.450000,0.406870,0,13.483568,13.483568,0,0,0,0
lane_curve_bright_baseline_r01_s10001,101.760,1.479196,-0.450000,0.406870,0,13.483568,13.483568,0,0,0,0
lane_curve_bright_baseline_r01_s10001,101.792,1.479196,-0.450000,0.406870,0,13.483568,13.483568,0,0,0,0
lane_curve_bright_baseline_r01_s10001,101.824,1.479196,-0.450000,0.406870,0,13.483568,13.483568,0,0,0,0
lane_curve_bright_baseline_r01_s10001,101.856,1.479196,-0.450000,0.406870,0,13.483568,13.483568,0,0,0,0
lane_curve_bright_baseline_r01_s10001,101.888,1.479196,-0.450000,0.406870,0,13.483568,13.483568,0,0,0,0
lane_curve_bright_baseline_r01_s10001,101.920,1.479196,-0.450000,0.406870,0,13.483568,13.483568,0,0,0,0
lane_curve_bright_baseline_r01_s10001,101.952,1.479196,-0.450000,0.406870,0,13.483568,13.483568,0,0,0,0
lane_curve_bright_baseline_r01_s10001,101.984,1.479196,-0.450000,0.406870,0,13.483568,13.483568,0,0,0,0
lane_curve_bright_baseline_r01_s10001,102.016,1.479196,-0.450000,0.406870,0,13.483568,13.483568,0,0,0,0
lane_curve_bright_baseline_r01_s10001,102.048,1.479196,-0.450000,0.406870,0,13.483568,13.483568,0,0,0,0
lane_curve_bright_baseline_r01_s10001,102.080,1.479196,-0.450000,0.406870,0,13.483568,13.483568,0,0,0,0
lane_curve_bright_baseline_r01_s10001,102.112,1.479196,-0.450000,0.406870,0,13.483568,13.483568,0,0,0,0
lane_curve_bright_baseline_r01_s10001,102.144,1.479196,-0.450000,0.406870,0,13.483568,13.483568,0,0,0,0
lane_curve_bright_baseline_r01_s10001,102.176,1.479196,-0.450000,0.406870,0,13.483568,13.483568,0,0,0,0
lane_curve_bright_baseline_r01_s10001,102.208,1.479196,-0.450000,0.406870,0,13.483568,13.483568,0,0,0,0
lane_curve_bright_baseline_r01_s10001,102.240,1.479196,-0.450000,0.406870,0,13.483568,13.483568,0,0,0,0
lane_curve_bright_baseline_r01_s10001,102.272,1.479196,-0.450000,0.406870,0,13.483568,13.483568,0,0,0,0
lane_curve_bright_baseline_r01_s10001,102.304,1.479196,-0.450000,0.406870,0,13.483568,13.483568,0,0,0,0
lane_curve_bright_baseline_r01_s10001,102.336,1.479196,-0.450000,0.406870,0,13.483568,13.483568,0,0,0,0
lane_curve_bright_baseline_r01_s10001,102.368,1.479196,-0.450000,0.406870,0,13.483568,13.483568,0,0,0,0
lane_curve_bright_baseline_r01_s10001,102.400,1.479196,-0.450000,0.406870,0,13.483568,13.483568,0,0,0,0
lane_curve_bright_baseline_r01_s10001,102.432,1.479196,-0.450000,0.406870,0,13.483568,13.483568,0,0,0,0
lane_curve_bright_baseline_r01_s10001,102.464,1.479196,-0.450000,0.406870,0,13.483568,13.483568,0,0,0,0
lane_curve_bright_baseline_r01_s10001,102.496,1.479196,-0.450000,0.406870,0,13.483568,13.483568,0,0,0,0
lane_curve_bright_baseline_r01_s10001,102.528,1.479196,-0.450000,0.406870,0,13.483568,13.483568,0,0,0,0
lane_curve_bright_baseline_r01_s10001,102.560,1.479196,-0.450000,0.406870,0,13.483568,13.483568,0,0,0,0
lane_curve_bright_baseline_r01_s10001,102.592,1.479196,-0.450000,0.406870,0,13.483568,13.483568,0,0,0,0
lane_curve_bright_baseline_r01_s10001,102.624,1.479196,-0.450000,0.406870,0,13.483568,13.483568,0,0,0,0
lane_curve_bright_baseline_r01_s10001,102.656,1.479196,-0.450000,0.406870,0,13.483568,13.483568,0,0,0,0
lane_curve_bright_baseline_r01_s10001,102.688,1.479196,-0.450000,0.406870,0,13.483568,13.483568,0,0,0,0
lane_curve_bright_baseline_r01_s10001,102.720,1.479196,-0.450000,0.406870,0,13.483568,13.483568,0,0,0,0
lane_curve_bright_baseline_r01_s10001,102.752,1.479196,-0.450000,0.406870,0,13.483568,13.483568,0,0,0,0
lane_curve_bright_baseline_r01_s10001,102.784,1.479196,-0.450000,0.406870,0,13.483568,13.483568,0,0,0,0
lane_curve_bright_baseline_r01_s10001,102.816,1.479196,-0.450000,0.406870,0,13.483568,13.483568,0,0,0,0
lane_curve_bright_baseline_r01_s10001,102.848,1.479196,-0.450000,0.406870,0,13.483568,13.483568,0,0,0,0
lane_curve_bright_baseline_r01_s10001,102.880,1.479196,-0.450000,0.406870,0,13.483568,13.483568,0,0,0,0
lane_curve_bright_baseline_r01_s10001,102.912,1.479196,-0.450000,0.406870,0,13.483568,13.483568,0,0,0,0
lane_curve_bright_baseline_r01_s10001,102.944,1.479196,-0.450000,0.406870,0,13.483568,13.483568,0,0,0,0
lane_curve_bright_baseline_r01_s10001,102.976,1.479196,-0.450000,0.406870,0,13.483568,13.483568,0,0,0,0
lane_curve_bright_baseline_r01_s10001,103.008,1.479196,-0.450000,0.406870,0,13.483568,13.483568,0,0,0,0
lane_curve_bright_baseline_r01_s10001,103.040,1.479196,-0.450000,0.406870,0,13.483568,13.483568,0,0,0,0
lane_curve_bright_baseline_r01_s10001,103.072,1.479196,-0.450000,0.406870,0,13.483568,13.483568,0,0,0,0
lane_curve_bright_baseline_r01_s10001,103.104,1.479196,-0.450000,0.406870,0,13.483568,13.483568,0,0,0,0
lane_curve_bright_baseline_r01_s10001,103.136,1.479196,-0.450000,0.406870,0,13.483568,13.483568,0,0,0,0
lane_curve_bright_baseline_r01_s10001,103.168,1.479196,-0.450000,0.406870,0,13.483568,13.483568,0,0,0,0
lane_curve_bright_baseline_r01_s10001,103.200,1.479196,-0.450000,0.406870,0,13.483568,13.483568,0,0,0,0
lane_curve_bright_baseline_r01_s10001,103.232,1.479196,-0.450000,0.406870,0,13.483568,13.483568,0,0,0,0
lane_curve_bright_baseline_r01_s10001,103.264,1.479196,-0.450000,0.406870,0,13.483568,13.483568,0,0,0,0
lane_curve_bright_baseline_r01_s10001,103.296,1.479196,-0.450000,0.406870,0,13.483568,13.483568,0,0,0,0
lane_curve_bright_baseline_r01_s10001,103.328,1.479196,-0.450000,0.406870,0,13.483568,13.483568,0,0,0,0
lane_curve_bright_baseline_r01_s10001,103.360,1.479196,-0.450000,0.406870,0,13.483568,13.483568,0,0,0,0
lane_curve_bright_baseline_r01_s10001,103.392,1.479196,-0.450000,0.406870,0,13.483568,13.483568,0,0,0,0
lane_curve_bright_baseline_r01_s10001,103.424,1.479196,-0.450000,0.406870,0,13.483568,13.483568,0,0,0,0
lane_curve_bright_baseline_r01_s10001,103.456,1.479196,-0.450000,0.406870,0,13.483568,13.483568,0,0,0,0
lane_curve_bright_baseline_r01_s10001,103.488,1.479196,-0.450000,0.406870,0,13.483568,13.483568,0,0,0,0
lane_curve_bright_baseline_r01_s10001,103.520,1.479196,-0.450000,0.406870,0,13.483568,13.483568,0,0,0,0
lane_curve_bright_baseline_r01_s10001,103.552,1.479196,-0.450000,0.406870,0,13.483568,13.483568,0,0,0,0
lane_curve_bright_baseline_r01_s10001,103.584,1.479196,-0.450000,0.406870,0,13.483568,13.483568,0,0,0,0
lane_curve_bright_baseline_r01_s10001,103.616,1.479196,-0.450000,0.406870,0,13.483568,13.483568,0,0,0,0
lane_curve_bright_baseline_r01_s10001,103.648,1.479196,-0.450000,0.406870,0,13.483568,13.483568,0,0,0,0
lane_curve_bright_baseline_r01_s10001,103.680,1.479196,-0.450000,0.406870,0,13.483568,13.483568,0,0,0,0
lane_curve_bright_baseline_r01_s10001,103.712,1.479196,-0.450000,0.406870,0,13.483568,13.483568,0,0,0,0
lane_curve_bright_baseline_r01_s10001,103.744,1.479196,-0.450000,0.406870,0,13.483568,13.483568,0,0,0,0
lane_curve_bright_baseline_r01_s10001,103.776,1.479196,-0.450000,0.406870,0,13.483568,13.483568,0,0,0,0
lane_curve_bright_baseline_r01_s10001,103.808,1.479196,-0.450000,0.406870,0,13.483568,13.483568,0,0,0,0
lane_curve_bright_baseline_r01_s10001,103.840,1.479196,-0.450000,0.406870,0,13.483568,13.483568,0,0,0,0
lane_curve_bright_baseline_r01_s10001,103.872,1.479196,-0.450000,0.406870,0,13.483568,13.483568,0,0,0,0
lane_curve_bright_baseline_r01_s10001,103.904,1.479196,-0.450000,0.406870,0,13.483568,13.483568,0,0,0,0
lane_curve_bright_baseline_r01_s10001,103.936,1.479196,-0.450000,0.406870,0,13.483568,13.483568,0,0,0,0
lane_curve_bright_baseline_r01_s10001,103.968,1.479196,-0.450000,0.406870,0,13.483568,13.483568,0,0,0,0
lane_curve_bright_baseline_r01_s10001,104.000,1.479196,-0.450000,0.406870,0,13.483568,13.483568,0,0,0,0
lane_curve_bright_baseline_r01_s10001,104.032,1.479196,-0.450000,0.406870,0,13.483568,13.483568,0,0,0,0
lane_curve_bright_baseline_r01_s10001,104.064,1.479196,-0.450000,0.406870,0,13.483568,13.483568,0,0,0,0
lane_curve_bright_baseline_r01_s10001,104.096,1.479196,-0.450000,0.406870,0,13.483568,13.483568,0,0,0,0
lane_curve_bright_baseline_r01_s10001,104.128,1.479196,-0.450000,0.406870,0,13.483568,13.483568,0,0,0,0
lane_curve_bright_baseline_r01_s10001,104.160,1.479196,-0.450000,0.406870,0,13.483568,13.483568,0,0,0,0
lane_curve_bright_baseline_r01_s10001,104.192,1.479196,-0.450000,0.406870,0,13.483568,13.483568,0,0,0,0
lane_curve_bright_baseline_r01_s10001,104.224,1.479196,-0.450000,0.406870,0,13.483568,13.483568,0,0,0,0
lane_curve_bright_baseline_r01_s10001,104.256,1.479196,-0.450000,0.406870,0,13.483568,13.483568,0,0,0,0
lane_curve_bright_baseline_r01_s10001,104.288,1.479196,-0.450000,0.406870,0,13.483568,13.483568,0,0,0,0
lane_curve_bright_baseline_r01_s10001,104.320,1.479196,-0.450000,0.406870,0,13.483568,13.483568,0,0,0,0
lane_curve_bright_baseline_r01_s10001,104.352,1.479196,-0.450000,0.406870,0,13.483568,13.483568,0,0,0,0
lane_curve_bright_baseline_r01_s10001,104.384,1.479196,-0.450000,0.406870,0,13.483568,13.483568,0,0,0,0
lane_curve_bright_baseline_r01_s10001,104.416,1.479196,-0.450000,0.406870,0,13.483568,13.483568,0,0,0,0
lane_curve_bright_baseline_r01_s10001,104.448,1.479196,-0.450000,0.406870,0,13.483568,13.483568,0,0,0,0
lane_curve_bright_baseline_r01_s10001,104.480,1.479196,-0.450000,0.406870,0,13.483568,13.483568,0,0,0,0
lane_curve_bright_baseline_r01_s10001,104.512,1.479196,-0.450000,0.406870,0,13.483568,13.483568,0,0,0,0
lane_curve_bright_baseline_r01_s10001,104.544,1.479196,-0.450000,0.406870,0,13.483568,13.483568,0,0,0,0
lane_curve_bright_baseline_r01_s10001,104.576,1.479196,-0.450000,0.406870,0,13.483568,13.483568,0,0,0,0
lane_curve_bright_baseline_r01_s10001,104.608,1.479196,-0.450000,0.406870,0,13.483568,13.483568,0,0,0,0
lane_curve_bright_baseline_r01_s10001,104.640,1.479196,-0.450000,0.406870,0,13.483568,13.483568,0,0,0,0
lane_curve_bright_baseline_r01_s10001,104.672,1.479196,-0.450000,0.406870,0,13.483568,13.483568,0,0,0,0
lane_curve_bright_baseline_r01_s10001,104.704,1.479196,-0.450000,0.406870,0,13.483568,13.483568,0,0,0,0
lane_curve_bright_baseline_r01_s10001,104.736,1.479196,-0.450000,0.406870,0,13.483568,13.483568,0,0,0,0
lane_curve_bright_baseline_r01_s10001,104.768,1.479196,-0.450000,0.406870,0,13.483568,13.483568,0,0,0,0
lane_curve_bright_baseline_r01_s10001,104.800,1.479196,-0.450000,0.406870,0,13.483568,13.483568,0,0,0,0
lane_curve_bright_baseline_r01_s10001,104.832,1.479196,-0.450000,0.406870,0,13.483568,13.483568,0,0,0,0
lane_curve_bright_baseline_r01_s10001,104.864,1.479196,-0.450000,0.406870,0,13.483568,13.483568,0,0,0,0
lane_curve_bright_baseline_r01_s10001,104.896,1.479196,-0.450000,0.406870,0,13.483568,13.483568,0,0,0,0
lane_curve_bright_baseline_r01_s10001,104.928,1.479196,-0.450000,0.406870,0,13.483568,13.483568,0,0,0,0
lane_curve_bright_baseline_r01_s10001,104.960,1.479196,-0.450000,0.406870,0,13.483568,13.483568,0,0,0,0
lane_curve_bright_baseline_r01_s10001,104.992,1.479196,-0.450000,0.406870,0,13.483568,13.483568,0,0,0,0
lane_curve_bright_baseline_r01_s10001,105.024,1.479196,-0.450000,0.406870,0,13.483568,13.483568,0,0,0,0
lane_curve_bright_baseline_r01_s10001,105.056,1.479196,-0.450000,0.406870,0,13.483568,13.483568,0,0,0,0
lane_curve_bright_baseline_r01_s10001,105.088,1.479196,-0.450000,0.406870,0,13.483568,13.483568,0,0,0,0
lane_curve_bright_baseline_r01_s10001,105.120,1.479196,-0.450000,0.406870,0,13.483568,13.483568,0,0,0,0
lane_curve_bright_baseline_r01_s10001,105.152,1.479196,-0.450000,0.406870,0,13.483568,13.483568,0,0,0,0
lane_curve_bright_baseline_r01_s10001,105.184,1.479196,-0.450000,0.406870,0,13.483568,13.483568,0,0,0,0
lane_curve_bright_baseline_r01_s10001,105.216,1.479196,-0.450000,0.406870,0,13.483568,13.483568,0,0,0,0
lane_curve_bright_baseline_r01_s10001,105.248,1.479196,-0.450000,0.406870,0,13.483568,13.483568,0,0,0,0
lane_curve_bright_baseline_r01_s10001,105.280,1.479196,-0.450000,0.406870,0,13.483568,13.483568,0,0,0,0
lane_curve_bright_baseline_r01_s10001,105.312,1.479196,-0.450000,0.406870,0,13.483568,13.483568,0,0,0,0
lane_curve_bright_baseline_r01_s10001,105.344,1.479196,-0.450000,0.406870,0,13.483568,13.483568,0,0,0,0
lane_curve_bright_baseline_r01_s10001,105.376,1.479196,-0.450000,0.406870,0,13.483568,13.483568,0,0,0,0
lane_curve_bright_baseline_r01_s10001,105.408,1.479196,-0.450000,0.406870,0,13.483568,13.483568,0,0,0,0
lane_curve_bright_baseline_r01_s10001,105.440,1.479196,-0.450000,0.406870,0,13.483568,13.483568,0,0,0,0
lane_curve_bright_baseline_r01_s10001,105.472,1.479196,-0.450000,0.406870,0,13.483568,13.483568,0,0,0,0
lane_curve_bright_baseline_r01_s10001,105.504,1.479196,-0.450000,0.406870,0,13.483568,13.483568,0,0,0,0
lane_curve_bright_baseline_r01_s10001,105.536,1.479196,-0.450000,0.406870,0,13.483568,13.483568,0,0,0,0
lane_curve_bright_baseline_r01_s10001,105.568,1.479196,-0.450000,0.406870,0,13.483568,13.483568,0,0,0,0
lane_curve_bright_baseline_r01_s10001,105.600,1.479196,-0.450000,0.406870,0,13.483568,13.483568,0,0,0,0
lane_curve_bright_baseline_r01_s10001,105.632,1.479196,-0.450000,0.406870,0,13.483568,13.483568,0,0,0,0
lane_curve_bright_baseline_r01_s10001,105.664,1.479196,-0.450000,0.406870,0,13.483568,13.483568,0,0,0,0
lane_curve_bright_baseline_r01_s10001,105.696,1.479196,-0.450000,0.406870,0,13.483568,13.483568,0,0,0,0
lane_curve_bright_baseline_r01_s10001,105.728,1.479196,-0.450000,0.406870,0,13.483568,13.483568,0,0,0,0
lane_curve_bright_baseline_r01_s10001,105.760,1.479196,-0.450000,0.406870,0,13.483568,13.483568,0,0,0,0
lane_curve_bright_baseline_r01_s10001,105.792,1.479196,-0.450000,0.406870,0,13.483568,13.483568,0,0,0,0
lane_curve_bright_baseline_r01_s10001,105.824,1.479196,-0.450000,0.406870,0,13.483568,13.483568,0,0,0,0
lane_curve_bright_baseline_r01_s10001,105.856,1.479196,-0.450000,0.406870,0,13.483568,13.483568,0,0,0,0
lane_curve_bright_baseline_r01_s10001,105.888,1.479196,-0.450000,0.406870,0,13.483568,13.483568,0,0,0,0
lane_curve_bright_baseline_r01_s10001,105.920,1.479196,-0.450000,0.406870,0,13.483568,13.483568,0,0,0,0
lane_curve_bright_baseline_r01_s10001,105.952,1.479196,-0.450000,0.406870,0,13.483568,13.483568,0,0,0,0
lane_curve_bright_baseline_r01_s10001,105.984,1.479196,-0.450000,0.406870,0,13.483568,13.483568,0,0,0,0
lane_curve_bright_baseline_r01_s10001,106.016,1.479196,-0.450000,0.406870,0,13.483568,13.483568,0,0,0,0
lane_curve_bright_baseline_r01_s10001,106.048,1.479196,-0.450000,0.406870,0,13.483568,13.483568,0,0,0,0
lane_curve_bright_baseline_r01_s10001,106.080,1.479196,-0.450000,0.406870,0,13.483568,13.483568,0,0,0,0
lane_curve_bright_baseline_r01_s10001,106.112,1.479196,-0.450000,0.406870,0,13.483568,13.483568,0,0,0,0
lane_curve_bright_baseline_r01_s10001,106.144,1.479196,-0.450000,0.406870,0,13.483568,13.483568,0,0,0,0
lane_curve_bright_baseline_r01_s10001,106.176,1.479196,-0.450000,0.406870,0,13.483568,13.483568,0,0,0,0
lane_curve_bright_baseline_r01_s10001,106.208,1.479196,-0.450000,0.406870,0,13.483568,13.483568,0,0,0,0
lane_curve_bright_baseline_r01_s10001,106.240,1.479196,-0.450000,0.406870,0,13.483568,13.483568,0,0,0,0
lane_curve_bright_baseline_r01_s10001,106.272,1.479196,-0.450000,0.406870,0,13.483568,13.483568,0,0,0,0
lane_curve_bright_baseline_r01_s10001,106.304,1.479196,-0.450000,0.406870,0,13.483568,13.483568,0,0,0,0
lane_curve_bright_baseline_r01_s10001,106.336,1.479196,-0.450000,0.406870,0,13.483568,13.483568,0,0,0,0
lane_curve_bright_baseline_r01_s10001,106.368,1.479196,-0.450000,0.406870,0,13.483568,13.483568,0,0,0,0
lane_curve_bright_baseline_r01_s10001,106.400,1.479196,-0.450000,0.406870,0,13.483568,13.483568,0,0,0,0
lane_curve_bright_baseline_r01_s10001,106.432,1.479196,-0.450000,0.406870,0,13.483568,13.483568,0,0,0,0
lane_curve_bright_baseline_r01_s10001,106.464,1.479196,-0.450000,0.406870,0,13.483568,13.483568,0,0,0,0
lane_curve_bright_baseline_r01_s10001,106.496,1.479196,-0.450000,0.406870,0,13.483568,13.483568,0,0,0,0
lane_curve_bright_baseline_r01_s10001,106.528,1.479196,-0.450000,0.406870,0,13.483568,13.483568,0,0,0,0
lane_curve_bright_baseline_r01_s10001,106.560,1.479196,-0.450000,0.406870,0,13.483568,13.483568,0,0,0,0
lane_curve_bright_baseline_r01_s10001,106.592,1.479196,-0.450000,0.406870,0,13.483568,13.483568,0,0,0,0
lane_curve_bright_baseline_r01_s10001,106.624,1.479196,-0.450000,0.406870,0,13.483568,13.483568,0,0,0,0
lane_curve_bright_baseline_r01_s10001,106.656,1.479196,-0.450000,0.406870,0,13.483568,13.483568,0,0,0,0
lane_curve_bright_baseline_r01_s10001,106.688,1.479196,-0.450000,0.406870,0,13.483568,13.483568,0,0,0,0
lane_curve_bright_baseline_r01_s10001,106.720,1.479196,-0.450000,0.406870,0,13.483568,13.483568,0,0,0,0
lane_curve_bright_baseline_r01_s10001,106.752,1.479196,-0.450000,0.406870,0,13.483568,13.483568,0,0,0,0
lane_curve_bright_baseline_r01_s10001,106.784,1.479196,-0.450000,0.406870,0,13.483568,13.483568,0,0,0,0
lane_curve_bright_baseline_r01_s10001,106.816,1.479196,-0.450000,0.406870,0,13.483568,13.483568,0,0,0,0
lane_curve_bright_baseline_r01_s10001,106.848,1.479196,-0.450000,0.406870,0,13.483568,13.483568,0,0,0,0
lane_curve_bright_baseline_r01_s10001,106.880,1.479196,-0.450000,0.406870,0,13.483568,13.483568,0,0,0,0
lane_curve_bright_baseline_r01_s10001,106.912,1.479196,-0.450000,0.406870,0,13.483568,13.483568,0,0,0,0
lane_curve_bright_baseline_r01_s10001,106.944,1.479196,-0.450000,0.406870,0,13.483568,13.483568,0,0,0,0
lane_curve_bright_baseline_r01_s10001,106.976,1.479196,-0.450000,0.406870,0,13.483568,13.483568,0,0,0,0
lane_curve_bright_baseline_r01_s10001,107.008,1.479196,-0.450000,0.406870,0,13.483568,13.483568,0,0,0,0
lane_curve_bright_baseline_r01_s10001,107.040,1.479196,-0.450000,0.406870,0,13.483568,13.483568,0,0,0,0
lane_curve_bright_baseline_r01_s10001,107.072,1.479196,-0.450000,0.406870,0,13.483568,13.483568,0,0,0,0
lane_curve_bright_baseline_r01_s10001,107.104,1.479196,-0.450000,0.406870,0,13.483568,13.483568,0,0,0,0
lane_curve_bright_baseline_r01_s10001,107.136,1.479196,-0.450000,0.406870,0,13.483568,13.483568,0,0,0,0
lane_curve_bright_baseline_r01_s10001,107.168,1.479196,-0.450000,0.406870,0,13.483568,13.483568,0,0,0,0
lane_curve_bright_baseline_r01_s10001,107.200,1.479196,-0.450000,0.406870,0,13.483568,13.483568,0,0,0,0
lane_curve_bright_baseline_r01_s10001,107.232,1.479196,-0.450000,0.406870,0,13.483568,13.483568,0,0,0,0
lane_curve_bright_baseline_r01_s10001,107.264,1.479196,-0.450000,0.406870,0,13.483568,13.483568,0,0,0,0
lane_curve_bright_baseline_r01_s10001,107.296,1.479196,-0.450000,0.406870,0,13.483568,13.483568,0,0,0,0
lane_curve_bright_baseline_r01_s10001,107.328,1.479196,-0.450000,0.406870,0,13.483568,13.483568,0,0,0,0
lane_curve_bright_baseline_r01_s10001,107.360,1.479196,-0.450000,0.406870,0,13.483568,13.483568,0,0,0,0
lane_curve_bright_baseline_r01_s10001,107.392,1.479196,-0.450000,0.406870,0,13.483568,13.483568,0,0,0,0
lane_curve_bright_baseline_r01_s10001,107.424,1.479196,-0.450000,0.406870,0,13.483568,13.483568,0,0,0,0
lane_curve_bright_baseline_r01_s10001,107.456,1.479196,-0.450000,0.406870,0,13.483568,13.483568,0,0,0,0
lane_curve_bright_baseline_r01_s10001,107.488,1.479196,-0.450000,0.406870,0,13.483568,13.483568,0,0,0,0
lane_curve_bright_baseline_r01_s10001,107.520,1.479196,-0.450000,0.406870,0,13.483568,13.483568,0,0,0,0
lane_curve_bright_baseline_r01_s10001,107.552,1.479196,-0.450000,0.406870,0,13.483568,13.483568,0,0,0,0
lane_curve_bright_baseline_r01_s10001,107.584,1.479196,-0.450000,0.406870,0,13.483568,13.483568,0,0,0,0
lane_curve_bright_baseline_r01_s10001,107.616,1.479196,-0.450000,0.406870,0,13.483568,13.483568,0,0,0,0
lane_curve_bright_baseline_r01_s10001,107.648,1.479196,-0.450000,0.406870,0,13.483568,13.483568,0,0,0,0
lane_curve_bright_baseline_r01_s10001,107.680,1.479196,-0.450000,0.406870,0,13.483568,13.483568,0,0,0,0
lane_curve_bright_baseline_r01_s10001,107.712,1.479196,-0.450000,0.406870,0,13.483568,13.483568,0,0,0,0
lane_curve_bright_baseline_r01_s10001,107.744,1.479196,-0.450000,0.406870,0,13.483568,13.483568,0,0,0,0
lane_curve_bright_baseline_r01_s10001,107.776,1.479196,-0.450000,0.406870,0,13.483568,13.483568,0,0,0,0
lane_curve_bright_baseline_r01_s10001,107.808,1.479196,-0.450000,0.406870,0,13.483568,13.483568,0,0,0,0
lane_curve_bright_baseline_r01_s10001,107.840,1.479196,-0.450000,0.406870,0,13.483568,13.483568,0,0,0,0
lane_curve_bright_baseline_r01_s10001,107.872,1.479196,-0.450000,0.406870,0,13.483568,13.483568,0,0,0,0
lane_curve_bright_baseline_r01_s10001,107.904,1.479196,-0.450000,0.406870,0,13.483568,13.483568,0,0,0,0
lane_curve_bright_baseline_r01_s10001,107.936,1.479196,-0.450000,0.406870,0,13.483568,13.483568,0,0,0,0
lane_curve_bright_baseline_r01_s10001,107.968,1.479196,-0.450000,0.406870,0,13.483568,13.483568,0,0,0,0
lane_curve_bright_baseline_r01_s10001,108.000,1.479196,-0.450000,0.406870,0,13.483568,13.483568,0,0,0,0
lane_curve_bright_baseline_r01_s10001,108.032,1.479196,-0.450000,0.406870,0,13.483568,13.483568,0,0,0,0
lane_curve_bright_baseline_r01_s10001,108.064,1.479196,-0.450000,0.406870,0,13.483568,13.483568,0,0,0,0
lane_curve_bright_baseline_r01_s10001,108.096,1.479196,-0.450000,0.406870,0,13.483568,13.483568,0,0,0,0
lane_curve_bright_baseline_r01_s10001,108.128,1.479196,-0.450000,0.406870,0,13.483568,13.483568,0,0,0,0
lane_curve_bright_baseline_r01_s10001,108.160,1.479196,-0.450000,0.406870,0,13.483568,13.483568,0,0,0,0
lane_curve_bright_baseline_r01_s10001,108.192,1.479196,-0.450000,0.406870,0,13.483568,13.483568,0,0,0,0
lane_curve_bright_baseline_r01_s10001,108.224,1.479196,-0.450000,0.406870,0,13.483568,13.483568,0,0,0,0
lane_curve_bright_baseline_r01_s10001,108.256,1.479196,-0.450000,0.406870,0,13.483568,13.483568,0,0,0,0
lane_curve_bright_baseline_r01_s10001,108.288,1.479196,-0.450000,0.406870,0,13.483568,13.483568,0,0,0,0
lane_curve_bright_baseline_r01_s10001,108.320,1.479196,-0.450000,0.406870,0,13.483568,13.483568,0,0,0,0
lane_curve_bright_baseline_r01_s10001,108.352,1.479196,-0.450000,0.406870,0,13.483568,13.483568,0,0,0,0
lane_curve_bright_baseline_r01_s10001,108.384,1.479196,-0.450000,0.406870,0,13.483568,13.483568,0,0,0,0
lane_curve_bright_baseline_r01_s10001,108.416,1.479196,-0.450000,0.406870,0,13.483568,13.483568,0,0,0,0
lane_curve_bright_baseline_r01_s10001,108.448,1.479196,-0.450000,0.406870,0,13.483568,13.483568,0,0,0,0
lane_curve_bright_baseline_r01_s10001,108.480,1.479196,-0.450000,0.406870,0,13.483568,13.483568,0,0,0,0
lane_curve_bright_baseline_r01_s10001,108.512,1.479196,-0.450000,0.406870,0,13.483568,13.483568,0,0,0,0
lane_curve_bright_baseline_r01_s10001,108.544,1.479196,-0.450000,0.406870,0,13.483568,13.483568,0,0,0,0
lane_curve_bright_baseline_r01_s10001,108.576,1.479196,-0.450000,0.406870,0,13.483568,13.483568,0,0,0,0
lane_curve_bright_baseline_r01_s10001,108.608,1.479196,-0.450000,0.406870,0,13.483568,13.483568,0,0,0,0
lane_curve_bright_baseline_r01_s10001,108.640,1.479196,-0.450000,0.406870,0,13.483568,13.483568,0,0,0,0
lane_curve_bright_baseline_r01_s10001,108.672,1.479196,-0.450000,0.406870,0,13.483568,13.483568,0,0,0,0
lane_curve_bright_baseline_r01_s10001,108.704,1.479196,-0.450000,0.406870,0,13.483568,13.483568,0,0,0,0
lane_curve_bright_baseline_r01_s10001,108.736,1.479196,-0.450000,0.406870,0,13.483568,13.483568,0,0,0,0
lane_curve_bright_baseline_r01_s10001,108.768,1.479196,-0.450000,0.406870,0,13.483568,13.483568,0,0,0,0
lane_curve_bright_baseline_r01_s10001,108.800,1.479196,-0.450000,0.406870,0,13.483568,13.483568,0,0,0,0
lane_curve_bright_baseline_r01_s10001,108.832,1.479196,-0.450000,0.406870,0,13.483568,13.483568,0,0,0,0
lane_curve_bright_baseline_r01_s10001,108.864,1.479196,-0.450000,0.406870,0,13.483568,13.483568,0,0,0,0
lane_curve_bright_baseline_r01_s10001,108.896,1.479196,-0.450000,0.406870,0,13.483568,13.483568,0,0,0,0
lane_curve_bright_baseline_r01_s10001,108.928,1.479196,-0.450000,0.406870,0,13.483568,13.483568,0,0,0,0
lane_curve_bright_baseline_r01_s10001,108.960,1.479196,-0.450000,0.406870,0,13.483568,13.483568,0,0,0,0
lane_curve_bright_baseline_r01_s10001,108.992,1.479196,-0.450000,0.406870,0,13.483568,13.483568,0,0,0,0
lane_curve_bright_baseline_r01_s10001,109.024,1.479196,-0.450000,0.406870,0,13.483568,13.483568,0,0,0,0
lane_curve_bright_baseline_r01_s10001,109.056,1.479196,-0.450000,0.406870,0,13.483568,13.483568,0,0,0,0
lane_curve_bright_baseline_r01_s10001,109.088,1.479196,-0.450000,0.406870,0,13.483568,13.483568,0,0,0,0
lane_curve_bright_baseline_r01_s10001,109.120,1.479196,-0.450000,0.406870,0,13.483568,13.483568,0,0,0,0
lane_curve_bright_baseline_r01_s10001,109.152,1.479196,-0.450000,0.406870,0,13.483568,13.483568,0,0,0,0
lane_curve_bright_baseline_r01_s10001,109.184,1.479196,-0.450000,0.406870,0,13.483568,13.483568,0,0,0,0
lane_curve_bright_baseline_r01_s10001,109.216,1.479196,-0.450000,0.406870,0,13.483568,13.483568,0,0,0,0
lane_curve_bright_baseline_r01_s10001,109.248,1.479196,-0.450000,0.406870,0,13.483568,13.483568,0,0,0,0
lane_curve_bright_baseline_r01_s10001,109.280,1.479196,-0.450000,0.406870,0,13.483568,13.483568,0,0,0,0
lane_curve_bright_baseline_r01_s10001,109.312,1.479196,-0.450000,0.406870,0,13.483568,13.483568,0,0,0,0
lane_curve_bright_baseline_r01_s10001,109.344,1.479196,-0.450000,0.406870,0,13.483568,13.483568,0,0,0,0
lane_curve_bright_baseline_r01_s10001,109.376,1.479196,-0.450000,0.406870,0,13.483568,13.483568,0,0,0,0
lane_curve_bright_baseline_r01_s10001,109.408,1.479196,-0.450000,0.406870,0,13.483568,13.483568,0,0,0,0
lane_curve_bright_baseline_r01_s10001,109.440,1.479196,-0.450000,0.406870,0,13.483568,13.483568,0,0,0,0
lane_curve_bright_baseline_r01_s10001,109.472,1.479196,-0.450000,0.406870,0,13.483568,13.483568,0,0,0,0
lane_curve_bright_baseline_r01_s10001,109.504,1.479196,-0.450000,0.406870,0,13.483568,13.483568,0,0,0,0
lane_curve_bright_baseline_r01_s10001,109.536,1.479196,-0.450000,0.406870,0,13.483568,13.483568,0,0,0,0
lane_curve_bright_baseline_r01_s10001,109.568,1.479196,-0.450000,0.406870,0,13.483568,13.483568,0,0,0,0
lane_curve_bright_baseline_r01_s10001,109.600,1.479196,-0.450000,0.406870,0,13.483568,13.483568,0,0,0,0
lane_curve_bright_baseline_r01_s10001,109.632,1.479196,-0.450000,0.406870,0,13.483568,13.483568,0,0,0,0
lane_curve_bright_baseline_r01_s10001,109.664,1.479196,-0.450000,0.406870,0,13.483568,13.483568,0,0,0,0
lane_curve_bright_baseline_r01_s10001,109.696,1.479196,-0.450000,0.406870,0,13.483568,13.483568,0,0,0,0
lane_curve_bright_baseline_r01_s10001,109.728,1.479196,-0.450000,0.406870,0,13.483568,13.483568,0,0,0,0
lane_curve_bright_baseline_r01_s10001,109.760,1.479196,-0.450000,0.406870,0,13.483568,13.483568,0,0,0,0
lane_curve_bright_baseline_r01_s10001,109.792,1.479196,-0.450000,0.406870,0,13.483568,13.483568,0,0,0,0
lane_curve_bright_baseline_r01_s10001,109.824,1.479196,-0.450000,0.406870,0,13.483568,13.483568,0,0,0,0
lane_curve_bright_baseline_r01_s10001,109.856,1.479196,-0.450000,0.406870,0,13.483568,13.483568,0,0,0,0
lane_curve_bright_baseline_r01_s10001,109.888,1.479196,-0.450000,0.406870,0,13.483568,13.483568,0,0,0,0
lane_curve_bright_baseline_r01_s10001,109.920,1.479196,-0.450000,0.406870,0,13.483568,13.483568,0,0,0,0
lane_curve_bright_baseline_r01_s10001,109.952,1.479196,-0.450000,0.406870,0,13.483568,13.483568,0,0,0,0
lane_curve_bright_baseline_r01_s10001,109.984,1.479196,-0.450000,0.406870,0,13.483568,13.483568,0,0,0,0
lane_curve_bright_baseline_r01_s10001,110.016,1.479196,-0.450000,0.406870,0,13.483568,13.483568,0,0,0,0
lane_curve_bright_baseline_r01_s10001,110.048,1.479196,-0.450000,0.406870,0,13.483568,13.483568,0,0,0,0
lane_curve_bright_baseline_r01_s10001,110.080,1.479196,-0.450000,0.406870,0,13.483568,13.483568,0,0,0,0
lane_curve_bright_baseline_r01_s10001,110.112,1.479196,-0.450000,0.406870,0,13.483568,13.483568,0,0,0,0
lane_curve_bright_baseline_r01_s10001,110.144,1.479196,-0.450000,0.406870,0,13.483568,13.483568,0,0,0,0
lane_curve_bright_baseline_r01_s10001,110.176,1.479196,-0.450000,0.406870,0,13.483568,13.483568,0,0,0,0
lane_curve_bright_baseline_r01_s10001,110.208,1.479196,-0.450000,0.406870,0,13.483568,13.483568,0,0,0,0
lane_curve_bright_baseline_r01_s10001,110.240,1.479196,-0.450000,0.406870,0,13.483568,13.483568,0,0,0,0
lane_curve_bright_baseline_r01_s10001,110.272,1.479196,-0.450000,0.406870,0,13.483568,13.483568,0,0,0,0
lane_curve_bright_baseline_r01_s10001,110.304,1.479196,-0.450000,0.406870,0,13.483568,13.483568,0,0,0,0
lane_curve_bright_baseline_r01_s10001,110.336,1.479196,-0.450000,0.406870,0,13.483568,13.483568,0,0,0,0
lane_curve_bright_baseline_r01_s10001,110.368,1.479196,-0.450000,0.406870,0,13.483568,13.483568,0,0,0,0
lane_curve_bright_baseline_r01_s10001,110.400,1.479196,-0.450000,0.406870,0,13.483568,13.483568,0,0,0,0
lane_curve_bright_baseline_r01_s10001,110.432,1.479196,-0.450000,0.406870,0,13.483568,13.483568,0,0,0,0
lane_curve_bright_baseline_r01_s10001,110.464,1.479196,-0.450000,0.406870,0,13.483568,13.483568,0,0,0,0
lane_curve_bright_baseline_r01_s10001,110.496,1.479196,-0.450000,0.406870,0,13.483568,13.483568,0,0,0,0
lane_curve_bright_baseline_r01_s10001,110.528,1.479196,-0.450000,0.406870,0,13.483568,13.483568,0,0,0,0
lane_curve_bright_baseline_r01_s10001,110.560,1.479196,-0.450000,0.406870,0,13.483568,13.483568,0,0,0,0
lane_curve_bright_baseline_r01_s10001,110.592,1.479196,-0.450000,0.406870,0,13.483568,13.483568,0,0,0,0
lane_curve_bright_baseline_r01_s10001,110.624,1.479196,-0.450000,0.406870,0,13.483568,13.483568,0,0,0,0
lane_curve_bright_baseline_r01_s10001,110.656,1.479196,-0.450000,0.406870,0,13.483568,13.483568,0,0,0,0
lane_curve_bright_baseline_r01_s10001,110.688,1.479196,-0.450000,0.406870,0,13.483568,13.483568,0,0,0,0
lane_curve_bright_baseline_r01_s10001,110.720,1.479196,-0.450000,0.406870,0,13.483568,13.483568,0,0,0,0
lane_curve_bright_baseline_r01_s10001,110.752,1.479196,-0.450000,0.406870,0,13.483568,13.483568,0,0,0,0
lane_curve_bright_baseline_r01_s10001,110.784,1.479196,-0.450000,0.406870,0,13.483568,13.483568,0,0,0,0
lane_curve_bright_baseline_r01_s10001,110.816,1.479196,-0.450000,0.406870,0,13.483568,13.483568,0,0,0,0
lane_curve_bright_baseline_r01_s10001,110.848,1.479196,-0.450000,0.406870,0,13.483568,13.483568,0,0,0,0
lane_curve_bright_baseline_r01_s10001,110.880,1.479196,-0.450000,0.406870,0,13.483568,13.483568,0,0,0,0
lane_curve_bright_baseline_r01_s10001,110.912,1.479196,-0.450000,0.406870,0,13.483568,13.483568,0,0,0,0
lane_curve_bright_baseline_r01_s10001,110.944,1.479196,-0.450000,0.406870,0,13.483568,13.483568,0,0,0,0
lane_curve_bright_baseline_r01_s10001,110.976,1.479196,-0.450000,0.406870,0,13.483568,13.483568,0,0,0,0
lane_curve_bright_baseline_r01_s10001,111.008,1.479196,-0.450000,0.406870,0,13.483568,13.483568,0,0,0,0
lane_curve_bright_baseline_r01_s10001,111.040,1.479196,-0.450000,0.406870,0,13.483568,13.483568,0,0,0,0
lane_curve_bright_baseline_r01_s10001,111.072,1.479196,-0.450000,0.406870,0,13.483568,13.483568,0,0,0,0
lane_curve_bright_baseline_r01_s10001,111.104,1.479196,-0.450000,0.406870,0,13.483568,13.483568,0,0,0,0
lane_curve_bright_baseline_r01_s10001,111.136,1.479196,-0.450000,0.406870,0,13.483568,13.483568,0,0,0,0
lane_curve_bright_baseline_r01_s10001,111.168,1.479196,-0.450000,0.406870,0,13.483568,13.483568,0,0,0,0
lane_curve_bright_baseline_r01_s10001,111.200,1.479196,-0.450000,0.406870,0,13.483568,13.483568,0,0,0,0
lane_curve_bright_baseline_r01_s10001,111.232,1.479196,-0.450000,0.406870,0,13.483568,13.483568,0,0,0,0
lane_curve_bright_baseline_r01_s10001,111.264,1.479196,-0.450000,0.406870,0,13.483568,13.483568,0,0,0,0
lane_curve_bright_baseline_r01_s10001,111.296,1.479196,-0.450000,0.406870,0,13.483568,13.483568,0,0,0,0
lane_curve_bright_baseline_r01_s10001,111.328,1.479196,-0.450000,0.406870,0,13.483568,13.483568,0,0,0,0
lane_curve_bright_baseline_r01_s10001,111.360,1.479196,-0.450000,0.406870,0,13.483568,13.483568,0,0,0,0
lane_curve_bright_baseline_r01_s10001,111.392,1.479196,-0.450000,0.406870,0,13.483568,13.483568,0,0,0,0
lane_curve_bright_baseline_r01_s10001,111.424,1.479196,-0.450000,0.406870,0,13.483568,13.483568,0,0,0,0
lane_curve_bright_baseline_r01_s10001,111.456,1.479196,-0.450000,0.406870,0,13.483568,13.483568,0,0,0,0
lane_curve_bright_baseline_r01_s10001,111.488,1.479196,-0.450000,0.406870,0,13.483568,13.483568,0,0,0,0
lane_curve_bright_baseline_r01_s10001,111.520,1.479196,-0.450000,0.406870,0,13.483568,13.483568,0,0,0,0
lane_curve_bright_baseline_r01_s10001,111.552,1.479196,-0.450000,0.406870,0,13.483568,13.483568,0,0,0,0
lane_curve_bright_baseline_r01_s10001,111.584,1.479196,-0.450000,0.406870,0,13.483568,13.483568,0,0,0,0
lane_curve_bright_baseline_r01_s10001,111.616,1.479196,-0.450000,0.406870,0,13.483568,13.483568,0,0,0,0
lane_curve_bright_baseline_r01_s10001,111.648,1.479196,-0.450000,0.406870,0,13.483568,13.483568,0,0,0,0
lane_curve_bright_baseline_r01_s10001,111.680,1.479196,-0.450000,0.406870,0,13.483568,13.483568,0,0,0,0
lane_curve_bright_baseline_r01_s10001,111.712,1.479196,-0.450000,0.406870,0,13.483568,13.483568,0,0,0,0
lane_curve_bright_baseline_r01_s10001,111.744,1.479196,-0.450000,0.406870,0,13.483568,13.483568,0,0,0,0
lane_curve_bright_baseline_r01_s10001,111.776,1.479196,-0.450000,0.406870,0,13.483568,13.483568,0,0,0,0
lane_curve_bright_baseline_r01_s10001,111.808,1.479196,-0.450000,0.406870,0,13.483568,13.483568,0,0,0,0
lane_curve_bright_baseline_r01_s10001,111.840,1.479196,-0.450000,0.406870,0,13.483568,13.483568,0,0,0,0
lane_curve_bright_baseline_r01_s10001,111.872,1.479196,-0.450000,0.406870,0,13.483568,13.483568,0,0,0,0
lane_curve_bright_baseline_r01_s10001,111.904,1.479196,-0.450000,0.406870,0,13.483568,13.483568,0,0,0,0
lane_curve_bright_baseline_r01_s10001,111.936,1.479196,-0.450000,0.406870,0,13.483568,13.483568,0,0,0,0
lane_curve_bright_baseline_r01_s10001,111.968,1.479196,-0.450000,0.406870,0,13.483568,13.483568,0,0,0,0
lane_curve_bright_baseline_r01_s10001,112.000,1.479196,-0.450000,0.406870,0,13.483568,13.483568,0,0,0,0
lane_curve_bright_baseline_r01_s10001,112.032,1.479196,-0.450000,0.406870,0,13.483568,13.483568,0,0,0,0
lane_curve_bright_baseline_r01_s10001,112.064,1.479196,-0.450000,0.406870,0,13.483568,13.483568,0,0,0,0
lane_curve_bright_baseline_r01_s10001,112.096,1.479196,-0.450000,0.406870,0,13.483568,13.483568,0,0,0,0
lane_curve_bright_baseline_r01_s10001,112.128,1.479196,-0.450000,0.406870,0,13.483568,13.483568,0,0,0,0
lane_curve_bright_baseline_r01_s10001,112.160,1.479196,-0.450000,0.406870,0,13.483568,13.483568,0,0,0,0
lane_curve_bright_baseline_r01_s10001,112.192,1.479196,-0.450000,0.406870,0,13.483568,13.483568,0,0,0,0
lane_curve_bright_baseline_r01_s10001,112.224,1.479196,-0.450000,0.406870,0,13.483568,13.483568,0,0,0,0
lane_curve_bright_baseline_r01_s10001,112.256,1.479196,-0.450000,0.406870,0,13.483568,13.483568,0,0,0,0
lane_curve_bright_baseline_r01_s10001,112.288,1.479196,-0.450000,0.406870,0,13.483568,13.483568,0,0,0,0
lane_curve_bright_baseline_r01_s10001,112.320,1.479196,-0.450000,0.406870,0,13.483568,13.483568,0,0,0,0
lane_curve_bright_baseline_r01_s10001,112.352,1.479196,-0.450000,0.406870,0,13.483568,13.483568,0,0,0,0
lane_curve_bright_baseline_r01_s10001,112.384,1.479196,-0.450000,0.406870,0,13.483568,13.483568,0,0,0,0
lane_curve_bright_baseline_r01_s10001,112.416,1.479196,-0.450000,0.406870,0,13.483568,13.483568,0,0,0,0
lane_curve_bright_baseline_r01_s10001,112.448,1.479196,-0.450000,0.406870,0,13.483568,13.483568,0,0,0,0
lane_curve_bright_baseline_r01_s10001,112.480,1.479196,-0.450000,0.406870,0,13.483568,13.483568,0,0,0,0
lane_curve_bright_baseline_r01_s10001,112.512,1.479196,-0.450000,0.406870,0,13.483568,13.483568,0,0,0,0
lane_curve_bright_baseline_r01_s10001,112.544,1.479196,-0.450000,0.406870,0,13.483568,13.483568,0,0,0,0
lane_curve_bright_baseline_r01_s10001,112.576,1.479196,-0.450000,0.406870,0,13.483568,13.483568,0,0,0,0
lane_curve_bright_baseline_r01_s10001,112.608,1.479196,-0.450000,0.406870,0,13.483568,13.483568,0,0,0,0
lane_curve_bright_baseline_r01_s10001,112.640,1.479196,-0.450000,0.406870,0,13.483568,13.483568,0,0,0,0
lane_curve_bright_baseline_r01_s10001,112.672,1.479196,-0.450000,0.406870,0,13.483568,13.483568,0,0,0,0
lane_curve_bright_baseline_r01_s10001,112.704,1.479196,-0.450000,0.406870,0,13.483568,13.483568,0,0,0,0
lane_curve_bright_baseline_r01_s10001,112.736,1.479195,-0.450000,0.406870,0,13.483568,13.483568,0,0,0,0
lane_curve_bright_baseline_r01_s10001,112.768,1.479195,-0.450000,0.406870,0,13.483568,13.483568,0,0,0,0
lane_curve_bright_baseline_r01_s10001,112.800,1.479195,-0.450000,0.406870,0,13.483568,13.483568,0,0,0,0
lane_curve_bright_baseline_r01_s10001,112.832,1.479195,-0.450000,0.406870,0,13.483568,13.483568,0,0,0,0
lane_curve_bright_baseline_r01_s10001,112.864,1.479195,-0.450000,0.406870,0,13.483568,13.483568,0,0,0,0
lane_curve_bright_baseline_r01_s10001,112.896,1.479195,-0.450000,0.406870,0,13.483568,13.483568,0,0,0,0
lane_curve_bright_baseline_r01_s10001,112.928,1.479195,-0.450000,0.406870,0,13.483568,13.483568,0,0,0,0
lane_curve_bright_baseline_r01_s10001,112.960,1.479195,-0.450000,0.406870,0,13.483568,13.483568,0,0,0,0
lane_curve_bright_baseline_r01_s10001,112.992,1.479195,-0.450000,0.406870,0,13.483568,13.483568,0,0,0,0
lane_curve_bright_baseline_r01_s10001,113.024,1.479195,-0.450000,0.406870,0,13.483568,13.483568,0,0,0,0
lane_curve_bright_baseline_r01_s10001,113.056,1.479195,-0.450000,0.406870,0,13.483568,13.483568,0,0,0,0
lane_curve_bright_baseline_r01_s10001,113.088,1.479195,-0.450000,0.406870,0,13.483568,13.483568,0,0,0,0
lane_curve_bright_baseline_r01_s10001,113.120,1.479195,-0.450000,0.406870,0,13.483568,13.483568,0,0,0,0
lane_curve_bright_baseline_r01_s10001,113.152,1.479195,-0.450000,0.406870,0,13.483568,13.483568,0,0,0,0
lane_curve_bright_baseline_r01_s10001,113.184,1.479195,-0.450000,0.406870,0,13.483568,13.483568,0,0,0,0
lane_curve_bright_baseline_r01_s10001,113.216,1.479195,-0.450000,0.406870,0,13.483568,13.483568,0,0,0,0
lane_curve_bright_baseline_r01_s10001,113.248,1.479195,-0.450000,0.406870,0,13.483568,13.483568,0,0,0,0
lane_curve_bright_baseline_r01_s10001,113.280,1.479195,-0.450000,0.406870,0,13.483568,13.483568,0,0,0,0
lane_curve_bright_baseline_r01_s10001,113.312,1.479195,-0.450000,0.406870,0,13.483568,13.483568,0,0,0,0
lane_curve_bright_baseline_r01_s10001,113.344,1.479195,-0.450000,0.406870,0,13.483568,13.483568,0,0,0,0
lane_curve_bright_baseline_r01_s10001,113.376,1.479195,-0.450000,0.406870,0,13.483568,13.483568,0,0,0,0
lane_curve_bright_baseline_r01_s10001,113.408,1.479195,-0.450000,0.406870,0,13.483568,13.483568,0,0,0,0
lane_curve_bright_baseline_r01_s10001,113.440,1.479195,-0.450000,0.406870,0,13.483568,13.483568,0,0,0,0
lane_curve_bright_baseline_r01_s10001,113.472,1.479195,-0.450000,0.406870,0,13.483568,13.483568,0,0,0,0
lane_curve_bright_baseline_r01_s10001,113.504,1.479195,-0.450000,0.406870,0,13.483568,13.483568,0,0,0,0
lane_curve_bright_baseline_r01_s10001,113.536,1.479195,-0.450000,0.406870,0,13.483568,13.483568,0,0,0,0
lane_curve_bright_baseline_r01_s10001,113.568,1.479195,-0.450000,0.406870,0,13.483568,13.483568,0,0,0,0
lane_curve_bright_baseline_r01_s10001,113.600,1.479195,-0.450000,0.406870,0,13.483568,13.483568,0,0,0,0
lane_curve_bright_baseline_r01_s10001,113.632,1.479195,-0.450000,0.406870,0,13.483568,13.483568,0,0,0,0
lane_curve_bright_baseline_r01_s10001,113.664,1.479195,-0.450000,0.406870,0,13.483568,13.483568,0,0,0,0
lane_curve_bright_baseline_r01_s10001,113.696,1.479195,-0.450000,0.406870,0,13.483568,13.483568,0,0,0,0
lane_curve_bright_baseline_r01_s10001,113.728,1.479195,-0.450000,0.406870,0,13.483568,13.483568,0,0,0,0
lane_curve_bright_baseline_r01_s10001,113.760,1.479195,-0.450000,0.406870,0,13.483568,13.483568,0,0,0,0
lane_curve_bright_baseline_r01_s10001,113.792,1.479195,-0.450000,0.406870,0,13.483568,13.483568,0,0,0,0
lane_curve_bright_baseline_r01_s10001,113.824,1.479195,-0.450000,0.406870,0,13.483568,13.483568,0,0,0,0
lane_curve_bright_baseline_r01_s10001,113.856,1.479195,-0.450000,0.406870,0,13.483568,13.483568,0,0,0,0
lane_curve_bright_baseline_r01_s10001,113.888,1.479195,-0.450000,0.406870,0,13.483568,13.483568,0,0,0,0
lane_curve_bright_baseline_r01_s10001,113.920,1.479195,-0.450000,0.406870,0,13.483568,13.483568,0,0,0,0
lane_curve_bright_baseline_r01_s10001,113.952,1.479195,-0.450000,0.406870,0,13.483568,13.483568,0,0,0,0
lane_curve_bright_baseline_r01_s10001,113.984,1.479195,-0.450000,0.406870,0,13.483568,13.483568,0,0,0,0
lane_curve_bright_baseline_r01_s10001,114.016,1.479195,-0.450000,0.406870,0,13.483568,13.483568,0,0,0,0
lane_curve_bright_baseline_r01_s10001,114.048,1.479195,-0.450000,0.406870,0,13.483568,13.483568,0,0,0,0
lane_curve_bright_baseline_r01_s10001,114.080,1.479195,-0.450000,0.406870,0,13.483568,13.483568,0,0,0,0
lane_curve_bright_baseline_r01_s10001,114.112,1.479195,-0.450000,0.406870,0,13.483568,13.483568,0,0,0,0
lane_curve_bright_baseline_r01_s10001,114.144,1.479195,-0.450000,0.406870,0,13.483568,13.483568,0,0,0,0
lane_curve_bright_baseline_r01_s10001,114.176,1.479195,-0.450000,0.406870,0,13.483568,13.483568,0,0,0,0
lane_curve_bright_baseline_r01_s10001,114.208,1.479195,-0.450000,0.406870,0,13.483568,13.483568,0,0,0,0
lane_curve_bright_baseline_r01_s10001,114.240,1.479195,-0.450000,0.406870,0,13.483568,13.483568,0,0,0,0
lane_curve_bright_baseline_r01_s10001,114.272,1.479195,-0.450000,0.406870,0,13.483568,13.483568,0,0,0,0
lane_curve_bright_baseline_r01_s10001,114.304,1.479195,-0.450000,0.406870,0,13.483568,13.483568,0,0,0,0
lane_curve_bright_baseline_r01_s10001,114.336,1.479195,-0.450000,0.406870,0,13.483568,13.483568,0,0,0,0
lane_curve_bright_baseline_r01_s10001,114.368,1.479195,-0.450000,0.406870,0,13.483568,13.483568,0,0,0,0
lane_curve_bright_baseline_r01_s10001,114.400,1.479195,-0.450000,0.406870,0,13.483568,13.483568,0,0,0,0
lane_curve_bright_baseline_r01_s10001,114.432,1.479195,-0.450000,0.406870,0,13.483568,13.483568,0,0,0,0
lane_curve_bright_baseline_r01_s10001,114.464,1.479195,-0.450000,0.406870,0,13.483568,13.483568,0,0,0,0
lane_curve_bright_baseline_r01_s10001,114.496,1.479195,-0.450000,0.406870,0,13.483568,13.483568,0,0,0,0
lane_curve_bright_baseline_r01_s10001,114.528,1.479195,-0.450000,0.406870,0,13.483568,13.483568,0,0,0,0
lane_curve_bright_baseline_r01_s10001,114.560,1.479195,-0.450000,0.406870,0,13.483568,13.483568,0,0,0,0
lane_curve_bright_baseline_r01_s10001,114.592,1.479195,-0.450000,0.406870,0,13.483568,13.483568,0,0,0,0
lane_curve_bright_baseline_r01_s10001,114.624,1.479195,-0.450000,0.406870,0,13.483568,13.483568,0,0,0,0
lane_curve_bright_baseline_r01_s10001,114.656,1.479195,-0.450000,0.406870,0,13.483568,13.483568,0,0,0,0
lane_curve_bright_baseline_r01_s10001,114.688,1.479195,-0.450000,0.406870,0,13.483568,13.483568,0,0,0,0
lane_curve_bright_baseline_r01_s10001,114.720,1.479195,-0.450000,0.406870,0,13.483568,13.483568,0,0,0,0
lane_curve_bright_baseline_r01_s10001,114.752,1.479195,-0.450000,0.406870,0,13.483568,13.483568,0,0,0,0
lane_curve_bright_baseline_r01_s10001,114.784,1.479195,-0.450000,0.406870,0,13.483568,13.483568,0,0,0,0
lane_curve_bright_baseline_r01_s10001,114.816,1.479195,-0.450000,0.406870,0,13.483568,13.483568,0,0,0,0
lane_curve_bright_baseline_r01_s10001,114.848,1.479195,-0.450000,0.406870,0,13.483568,13.483568,0,0,0,0
lane_curve_bright_baseline_r01_s10001,114.880,1.479195,-0.450000,0.406870,0,13.483568,13.483568,0,0,0,0
lane_curve_bright_baseline_r01_s10001,114.912,1.479195,-0.450000,0.406870,0,13.483568,13.483568,0,0,0,0
lane_curve_bright_baseline_r01_s10001,114.944,1.479195,-0.450000,0.406870,0,13.483568,13.483568,0,0,0,0
lane_curve_bright_baseline_r01_s10001,114.976,1.479195,-0.450000,0.406870,0,13.483568,13.483568,0,0,0,0
lane_curve_bright_baseline_r01_s10001,115.008,1.479195,-0.450000,0.406870,0,13.483568,13.483568,0,0,0,0
lane_curve_bright_baseline_r01_s10001,115.040,1.479195,-0.450000,0.406870,0,13.483568,13.483568,0,0,0,0
lane_curve_bright_baseline_r01_s10001,115.072,1.479195,-0.450000,0.406870,0,13.483568,13.483568,0,0,0,0
lane_curve_bright_baseline_r01_s10001,115.104,1.479195,-0.450000,0.406870,0,13.483568,13.483568,0,0,0,0
lane_curve_bright_baseline_r01_s10001,115.136,1.479195,-0.450000,0.406870,0,13.483568,13.483568,0,0,0,0
lane_curve_bright_baseline_r01_s10001,115.168,1.479195,-0.450000,0.406870,0,13.483568,13.483568,0,0,0,0
lane_curve_bright_baseline_r01_s10001,115.200,1.479195,-0.450000,0.406870,0,13.483568,13.483568,0,0,0,0
lane_curve_bright_baseline_r01_s10001,115.232,1.479195,-0.450000,0.406870,0,13.483568,13.483568,0,0,0,0
lane_curve_bright_baseline_r01_s10001,115.264,1.479195,-0.450000,0.406870,0,13.483568,13.483568,0,0,0,0
lane_curve_bright_baseline_r01_s10001,115.296,1.479195,-0.450000,0.406870,0,13.483568,13.483568,0,0,0,0
lane_curve_bright_baseline_r01_s10001,115.328,1.479195,-0.450000,0.406870,0,13.483568,13.483568,0,0,0,0
lane_curve_bright_baseline_r01_s10001,115.360,1.479195,-0.450000,0.406870,0,13.483568,13.483568,0,0,0,0
lane_curve_bright_baseline_r01_s10001,115.392,1.479195,-0.450000,0.406870,0,13.483568,13.483568,0,0,0,0
lane_curve_bright_baseline_r01_s10001,115.424,1.479195,-0.450000,0.406870,0,13.483568,13.483568,0,0,0,0
lane_curve_bright_baseline_r01_s10001,115.456,1.479195,-0.450000,0.406870,0,13.483568,13.483568,0,0,0,0
lane_curve_bright_baseline_r01_s10001,115.488,1.479195,-0.450000,0.406870,0,13.483568,13.483568,0,0,0,0
lane_curve_bright_baseline_r01_s10001,115.520,1.479195,-0.450000,0.406870,0,13.483568,13.483568,0,0,0,0
lane_curve_bright_baseline_r01_s10001,115.552,1.479195,-0.450000,0.406870,0,13.483568,13.483568,0,0,0,0
lane_curve_bright_baseline_r01_s10001,115.584,1.479195,-0.450000,0.406870,0,13.483568,13.483568,0,0,0,0
lane_curve_bright_baseline_r01_s10001,115.616,1.479195,-0.450000,0.406870,0,13.483568,13.483568,0,0,0,0
lane_curve_bright_baseline_r01_s10001,115.648,1.479195,-0.450000,0.406870,0,13.483568,13.483568,0,0,0,0
lane_curve_bright_baseline_r01_s10001,115.680,1.479195,-0.450000,0.406870,0,13.483568,13.483568,0,0,0,0
lane_curve_bright_baseline_r01_s10001,115.712,1.479195,-0.450000,0.406870,0,13.483568,13.483568,0,0,0,0
lane_curve_bright_baseline_r01_s10001,115.744,1.479195,-0.450000,0.406870,0,13.483568,13.483568,0,0,0,0
lane_curve_bright_baseline_r01_s10001,115.776,1.479195,-0.450000,0.406870,0,13.483568,13.483568,0,0,0,0
lane_curve_bright_baseline_r01_s10001,115.808,1.479195,-0.450000,0.406870,0,13.483568,13.483568,0,0,0,0
lane_curve_bright_baseline_r01_s10001,115.840,1.479195,-0.450000,0.406870,0,13.483568,13.483568,0,0,0,0
lane_curve_bright_baseline_r01_s10001,115.872,1.479195,-0.450000,0.406870,0,13.483568,13.483568,0,0,0,0
lane_curve_bright_baseline_r01_s10001,115.904,1.479195,-0.450000,0.406870,0,13.483568,13.483568,0,0,0,0
lane_curve_bright_baseline_r01_s10001,115.936,1.479195,-0.450000,0.406870,0,13.483568,13.483568,0,0,0,0
lane_curve_bright_baseline_r01_s10001,115.968,1.479195,-0.450000,0.406870,0,13.483568,13.483568,0,0,0,0
lane_curve_bright_baseline_r01_s10001,116.000,1.479195,-0.450000,0.406870,0,13.483568,13.483568,0,0,0,0
lane_curve_bright_baseline_r01_s10001,116.032,1.479195,-0.450000,0.406870,0,13.483568,13.483568,0,0,0,0
lane_curve_bright_baseline_r01_s10001,116.064,1.479195,-0.450000,0.406870,0,13.483568,13.483568,0,0,0,0
lane_curve_bright_baseline_r01_s10001,116.096,1.479195,-0.450000,0.406870,0,13.483568,13.483568,0,0,0,0
lane_curve_bright_baseline_r01_s10001,116.128,1.479195,-0.450000,0.406870,0,13.483568,13.483568,0,0,0,0
lane_curve_bright_baseline_r01_s10001,116.160,1.479195,-0.450000,0.406870,0,13.483568,13.483568,0,0,0,0
lane_curve_bright_baseline_r01_s10001,116.192,1.479195,-0.450000,0.406870,0,13.483568,13.483568,0,0,0,0
lane_curve_bright_baseline_r01_s10001,116.224,1.479195,-0.450000,0.406870,0,13.483568,13.483568,0,0,0,0
lane_curve_bright_baseline_r01_s10001,116.256,1.479195,-0.450000,0.406870,0,13.483568,13.483568,0,0,0,0
lane_curve_bright_baseline_r01_s10001,116.288,1.479195,-0.450000,0.406870,0,13.483568,13.483568,0,0,0,0
lane_curve_bright_baseline_r01_s10001,116.320,1.479195,-0.450000,0.406870,0,13.483568,13.483568,0,0,0,0
lane_curve_bright_baseline_r01_s10001,116.352,1.479195,-0.450000,0.406870,0,13.483568,13.483568,0,0,0,0
lane_curve_bright_baseline_r01_s10001,116.384,1.479195,-0.450000,0.406870,0,13.483568,13.483568,0,0,0,0
lane_curve_bright_baseline_r01_s10001,116.416,1.479195,-0.450000,0.406870,0,13.483568,13.483568,0,0,0,0
lane_curve_bright_baseline_r01_s10001,116.448,1.479195,-0.450000,0.406870,0,13.483568,13.483568,0,0,0,0
lane_curve_bright_baseline_r01_s10001,116.480,1.479195,-0.450000,0.406870,0,13.483568,13.483568,0,0,0,0
lane_curve_bright_baseline_r01_s10001,116.512,1.479195,-0.450000,0.406870,0,13.483568,13.483568,0,0,0,0
lane_curve_bright_baseline_r01_s10001,116.544,1.479195,-0.450000,0.406870,0,13.483568,13.483568,0,0,0,0
lane_curve_bright_baseline_r01_s10001,116.576,1.479195,-0.450000,0.406870,0,13.483568,13.483568,0,0,0,0
lane_curve_bright_baseline_r01_s10001,116.608,1.479195,-0.450000,0.406870,0,13.483568,13.483568,0,0,0,0
lane_curve_bright_baseline_r01_s10001,116.640,1.479195,-0.450000,0.406870,0,13.483568,13.483568,0,0,0,0
lane_curve_bright_baseline_r01_s10001,116.672,1.479195,-0.450000,0.406870,0,13.483568,13.483568,0,0,0,0
lane_curve_bright_baseline_r01_s10001,116.704,1.479195,-0.450000,0.406870,0,13.483568,13.483568,0,0,0,0
lane_curve_bright_baseline_r01_s10001,116.736,1.479195,-0.450000,0.406870,0,13.483568,13.483568,0,0,0,0
lane_curve_bright_baseline_r01_s10001,116.768,1.479195,-0.450000,0.406870,0,13.483568,13.483568,0,0,0,0
lane_curve_bright_baseline_r01_s10001,116.800,1.479195,-0.450000,0.406870,0,13.483568,13.483568,0,0,0,0
lane_curve_bright_baseline_r01_s10001,116.832,1.479195,-0.450000,0.406870,0,13.483568,13.483568,0,0,0,0
lane_curve_bright_baseline_r01_s10001,116.864,1.479195,-0.450000,0.406870,0,13.483568,13.483568,0,0,0,0
lane_curve_bright_baseline_r01_s10001,116.896,1.479195,-0.450000,0.406870,0,13.483568,13.483568,0,0,0,0
lane_curve_bright_baseline_r01_s10001,116.928,1.479195,-0.450000,0.406870,0,13.483568,13.483568,0,0,0,0
lane_curve_bright_baseline_r01_s10001,116.960,1.479195,-0.450000,0.406870,0,13.483568,13.483568,0,0,0,0
lane_curve_bright_baseline_r01_s10001,116.992,1.479195,-0.450000,0.406870,0,13.483568,13.483568,0,0,0,0
lane_curve_bright_baseline_r01_s10001,117.024,1.479195,-0.450000,0.406870,0,13.483568,13.483568,0,0,0,0
lane_curve_bright_baseline_r01_s10001,117.056,1.479195,-0.450000,0.406870,0,13.483568,13.483568,0,0,0,0
lane_curve_bright_baseline_r01_s10001,117.088,1.479195,-0.450000,0.406870,0,13.483568,13.483568,0,0,0,0
lane_curve_bright_baseline_r01_s10001,117.120,1.479195,-0.450000,0.406870,0,13.483568,13.483568,0,0,0,0
lane_curve_bright_baseline_r01_s10001,117.152,1.479195,-0.450000,0.406870,0,13.483568,13.483568,0,0,0,0
lane_curve_bright_baseline_r01_s10001,117.184,1.479195,-0.450000,0.406870,0,13.483568,13.483568,0,0,0,0
lane_curve_bright_baseline_r01_s10001,117.216,1.479195,-0.450000,0.406870,0,13.483568,13.483568,0,0,0,0
lane_curve_bright_baseline_r01_s10001,117.248,1.479195,-0.450000,0.406870,0,13.483568,13.483568,0,0,0,0
lane_curve_bright_baseline_r01_s10001,117.280,1.479195,-0.450000,0.406870,0,13.483568,13.483568,0,0,0,0
lane_curve_bright_baseline_r01_s10001,117.312,1.479195,-0.450000,0.406870,0,13.483568,13.483568,0,0,0,0
lane_curve_bright_baseline_r01_s10001,117.344,1.479195,-0.450000,0.406870,0,13.483568,13.483568,0,0,0,0
lane_curve_bright_baseline_r01_s10001,117.376,1.479195,-0.450000,0.406870,0,13.483568,13.483568,0,0,0,0
lane_curve_bright_baseline_r01_s10001,117.408,1.479195,-0.450000,0.406870,0,13.483568,13.483568,0,0,0,0
lane_curve_bright_baseline_r01_s10001,117.440,1.479195,-0.450000,0.406870,0,13.483568,13.483568,0,0,0,0
lane_curve_bright_baseline_r01_s10001,117.472,1.479195,-0.450000,0.406870,0,13.483568,13.483568,0,0,0,0
lane_curve_bright_baseline_r01_s10001,117.504,1.479195,-0.450000,0.406870,0,13.483568,13.483568,0,0,0,0
lane_curve_bright_baseline_r01_s10001,117.536,1.479195,-0.450000,0.406870,0,13.483568,13.483568,0,0,0,0
lane_curve_bright_baseline_r01_s10001,117.568,1.479195,-0.450000,0.406870,0,13.483568,13.483568,0,0,0,0
lane_curve_bright_baseline_r01_s10001,117.600,1.479195,-0.450000,0.406870,0,13.483568,13.483568,0,0,0,0
lane_curve_bright_baseline_r01_s10001,117.632,1.479195,-0.450000,0.406870,0,13.483568,13.483568,0,0,0,0
lane_curve_bright_baseline_r01_s10001,117.664,1.479195,-0.450000,0.406870,0,13.483568,13.483568,0,0,0,0
lane_curve_bright_baseline_r01_s10001,117.696,1.479195,-0.450000,0.406870,0,13.483568,13.483568,0,0,0,0
lane_curve_bright_baseline_r01_s10001,117.728,1.479195,-0.450000,0.406870,0,13.483568,13.483568,0,0,0,0
lane_curve_bright_baseline_r01_s10001,117.760,1.479195,-0.450000,0.406870,0,13.483568,13.483568,0,0,0,0
lane_curve_bright_baseline_r01_s10001,117.792,1.479195,-0.450000,0.406870,0,13.483568,13.483568,0,0,0,0
lane_curve_bright_baseline_r01_s10001,117.824,1.479195,-0.450000,0.406870,0,13.483568,13.483568,0,0,0,0
lane_curve_bright_baseline_r01_s10001,117.856,1.479195,-0.450000,0.406870,0,13.483568,13.483568,0,0,0,0
lane_curve_bright_baseline_r01_s10001,117.888,1.479195,-0.450000,0.406870,0,13.483568,13.483568,0,0,0,0
lane_curve_bright_baseline_r01_s10001,117.920,1.479195,-0.450000,0.406870,0,13.483568,13.483568,0,0,0,0
lane_curve_bright_baseline_r01_s10001,117.952,1.479195,-0.450000,0.406870,0,13.483568,13.483568,0,0,0,0
lane_curve_bright_baseline_r01_s10001,117.984,1.479195,-0.450000,0.406870,0,13.483568,13.483568,0,0,0,0
lane_curve_bright_baseline_r01_s10001,118.016,1.479195,-0.450000,0.406870,0,13.483568,13.483568,0,0,0,0
lane_curve_bright_baseline_r01_s10001,118.048,1.479195,-0.450000,0.406870,0,13.483568,13.483568,0,0,0,0
lane_curve_bright_baseline_r01_s10001,118.080,1.479195,-0.450000,0.406870,0,13.483568,13.483568,0,0,0,0
lane_curve_bright_baseline_r01_s10001,118.112,1.479195,-0.450000,0.406870,0,13.483568,13.483568,0,0,0,0
lane_curve_bright_baseline_r01_s10001,118.144,1.479195,-0.450000,0.406870,0,13.483568,13.483568,0,0,0,0
lane_curve_bright_baseline_r01_s10001,118.176,1.479195,-0.450000,0.406870,0,13.483568,13.483568,0,0,0,0
lane_curve_bright_baseline_r01_s10001,118.208,1.479195,-0.450000,0.406870,0,13.483568,13.483568,0,0,0,0
lane_curve_bright_baseline_r01_s10001,118.240,1.479195,-0.450000,0.406870,0,13.483568,13.483568,0,0,0,0
lane_curve_bright_baseline_r01_s10001,118.272,1.479195,-0.450000,0.406870,0,13.483568,13.483568,0,0,0,0
lane_curve_bright_baseline_r01_s10001,118.304,1.479195,-0.450000,0.406870,0,13.483568,13.483568,0,0,0,0
lane_curve_bright_baseline_r01_s10001,118.336,1.479195,-0.450000,0.406870,0,13.483568,13.483568,0,0,0,0
lane_curve_bright_baseline_r01_s10001,118.368,1.479195,-0.450000,0.406870,0,13.483568,13.483568,0,0,0,0
lane_curve_bright_baseline_r01_s10001,118.400,1.479195,-0.450000,0.406870,0,13.483568,13.483568,0,0,0,0
lane_curve_bright_baseline_r01_s10001,118.432,1.479195,-0.450000,0.406870,0,13.483568,13.483568,0,0,0,0
lane_curve_bright_baseline_r01_s10001,118.464,1.479195,-0.450000,0.406870,0,13.483568,13.483568,0,0,0,0
lane_curve_bright_baseline_r01_s10001,118.496,1.479195,-0.450000,0.406870,0,13.483568,13.483568,0,0,0,0
lane_curve_bright_baseline_r01_s10001,118.528,1.479195,-0.450000,0.406870,0,13.483568,13.483568,0,0,0,0
lane_curve_bright_baseline_r01_s10001,118.560,1.479195,-0.450000,0.406870,0,13.483569,13.483569,0,0,0,0
lane_curve_bright_baseline_r01_s10001,118.592,1.479195,-0.450000,0.406870,0,13.483569,13.483569,0,0,0,0
lane_curve_bright_baseline_r01_s10001,118.624,1.479195,-0.450000,0.406870,0,13.483569,13.483569,0,0,0,0
lane_curve_bright_baseline_r01_s10001,118.656,1.479195,-0.450000,0.406870,0,13.483569,13.483569,0,0,0,0
lane_curve_bright_baseline_r01_s10001,118.688,1.479195,-0.450000,0.406870,0,13.483569,13.483569,0,0,0,0
lane_curve_bright_baseline_r01_s10001,118.720,1.479195,-0.450000,0.406870,0,13.483569,13.483569,0,0,0,0
lane_curve_bright_baseline_r01_s10001,118.752,1.479195,-0.450000,0.406870,0,13.483569,13.483569,0,0,0,0
lane_curve_bright_baseline_r01_s10001,118.784,1.479195,-0.450000,0.406870,0,13.483569,13.483569,0,0,0,0
lane_curve_bright_baseline_r01_s10001,118.816,1.479195,-0.450000,0.406870,0,13.483569,13.483569,0,0,0,0
lane_curve_bright_baseline_r01_s10001,118.848,1.479195,-0.450000,0.406870,0,13.483569,13.483569,0,0,0,0
lane_curve_bright_baseline_r01_s10001,118.880,1.479195,-0.450000,0.406870,0,13.483569,13.483569,0,0,0,0
lane_curve_bright_baseline_r01_s10001,118.912,1.479195,-0.450000,0.406870,0,13.483569,13.483569,0,0,0,0
lane_curve_bright_baseline_r01_s10001,118.944,1.479195,-0.450000,0.406870,0,13.483569,13.483569,0,0,0,0
lane_curve_bright_baseline_r01_s10001,118.976,1.479195,-0.450000,0.406870,0,13.483569,13.483569,0,0,0,0
lane_curve_bright_baseline_r01_s10001,119.008,1.479195,-0.450000,0.406870,0,13.483569,13.483569,0,0,0,0
lane_curve_bright_baseline_r01_s10001,119.040,1.479195,-0.450000,0.406870,0,13.483569,13.483569,0,0,0,0
lane_curve_bright_baseline_r01_s10001,119.072,1.479195,-0.450000,0.406870,0,13.483569,13.483569,0,0,0,0
lane_curve_bright_baseline_r01_s10001,119.104,1.479195,-0.450000,0.406870,0,13.483569,13.483569,0,0,0,0
lane_curve_bright_baseline_r01_s10001,119.136,1.479195,-0.450000,0.406870,0,13.483569,13.483569,0,0,0,0
lane_curve_bright_baseline_r01_s10001,119.168,1.479195,-0.450000,0.406870,0,13.483569,13.483569,0,0,0,0
lane_curve_bright_baseline_r01_s10001,119.200,1.479195,-0.450000,0.406870,0,13.483569,13.483569,0,0,0,0
lane_curve_bright_baseline_r01_s10001,119.232,1.479195,-0.450000,0.406870,0,13.483569,13.483569,0,0,0,0
lane_curve_bright_baseline_r01_s10001,119.264,1.479195,-0.450000,0.406870,0,13.483569,13.483569,0,0,0,0
lane_curve_bright_baseline_r01_s10001,119.296,1.479195,-0.450000,0.406870,0,13.483569,13.483569,0,0,0,0
lane_curve_bright_baseline_r01_s10001,119.328,1.479195,-0.450000,0.406870,0,13.483569,13.483569,0,0,0,0
lane_curve_bright_baseline_r01_s10001,119.360,1.479195,-0.450000,0.406870,0,13.483569,13.483569,0,0,0,0
lane_curve_bright_baseline_r01_s10001,119.392,1.479195,-0.450000,0.406870,0,13.483569,13.483569,0,0,0,0
lane_curve_bright_baseline_r01_s10001,119.424,1.479195,-0.450000,0.406870,0,13.483569,13.483569,0,0,0,0
lane_curve_bright_baseline_r01_s10001,119.456,1.479195,-0.450000,0.406870,0,13.483569,13.483569,0,0,0,0
lane_curve_bright_baseline_r01_s10001,119.488,1.479195,-0.450000,0.406870,0,13.483569,13.483569,0,0,0,0
lane_curve_bright_baseline_r01_s10001,119.520,1.479195,-0.450000,0.406870,0,13.483569,13.483569,0,0,0,0
lane_curve_bright_baseline_r01_s10001,119.552,1.479195,-0.450000,0.406870,0,13.483569,13.483569,0,0,0,0
lane_curve_bright_baseline_r01_s10001,119.584,1.479195,-0.450000,0.406870,0,13.483569,13.483569,0,0,0,0
lane_curve_bright_baseline_r01_s10001,119.616,1.479195,-0.450000,0.406870,0,13.483569,13.483569,0,0,0,0
lane_curve_bright_baseline_r01_s10001,119.648,1.479195,-0.450000,0.406870,0,13.483569,13.483569,0,0,0,0
lane_curve_bright_baseline_r01_s10001,119.680,1.479195,-0.450000,0.406870,0,13.483569,13.483569,0,0,0,0
lane_curve_bright_baseline_r01_s10001,119.712,1.479195,-0.450000,0.406870,0,13.483569,13.483569,0,0,0,0
lane_curve_bright_baseline_r01_s10001,119.744,1.479195,-0.450000,0.406870,0,13.483569,13.483569,0,0,0,0
lane_curve_bright_baseline_r01_s10001,119.776,1.479195,-0.450000,0.406870,0,13.483569,13.483569,0,0,0,0
lane_curve_bright_baseline_r01_s10001,119.808,1.479195,-0.450000,0.406870,0,13.483569,13.483569,0,0,0,0
lane_curve_bright_baseline_r01_s10001,119.840,1.479195,-0.450000,0.406870,0,13.483569,13.483569,0,0,0,0
lane_curve_bright_baseline_r01_s10001,119.872,1.479195,-0.450000,0.406870,0,13.483569,13.483569,0,0,0,0
lane_curve_bright_baseline_r01_s10001,119.904,1.479195,-0.450000,0.406870,0,13.483569,13.483569,0,0,0,0
lane_curve_bright_baseline_r01_s10001,119.936,1.479195,-0.450000,0.406870,0,13.483569,13.483569,0,0,0,0
lane_curve_bright_baseline_r01_s10001,119.968,1.479195,-0.450000,0.406870,0,13.483569,13.483569,0,0,0,0
lane_curve_bright_baseline_r01_s10001,120.000,1.479195,-0.450000,0.406870,0,13.483569,13.483569,0,0,0,0
