run_id,time_s,robot_x,robot_y,lane_error_m,checkpoint_count,static_clearance_m,moving_clearance_m,collision_count,moving_started,moving_cleared,finished
moving_020_r04_s10004,0.032,-0.460000,-0.450000,0.000000,0,14.785604,1.313202,0,0,0,0
moving_020_r04_s10004,0.064,-0.457057,-0.450000,0.000000,0,14.783523,1.312174,0,0,0,0
moving_020_r04_s10004,0.096,-0.454124,-0.450005,0.000005,0,14.781452,1.311160,0,0,0,0
moving_020_r04_s10004,0.128,-0.451180,-0.450020,0.000020,0,14.779380,1.310158,0,0,0,0
moving_020_r04_s10004,0.160,-0.448236,-0.450032,0.000032,0,14.777307,1.309158,0,0,0,0
moving_020_r04_s10004,0.192,-0.445292,-0.450044,0.000044,0,14.775234,1.308164,0,0,0,0
moving_020_r04_s10004,0.224,-0.442348,-0.450056,0.000056,0,14.773162,1.307176,0,0,0,0
moving_020_r04_s10004,0.256,-0.439404,-0.450067,0.000067,0,14.771089,1.306194,0,0,0,0
moving_020_r04_s10004,0.288,-0.436460,-0.450079,0.000079,0,14.769017,1.305217,0,0,0,0
moving_020_r04_s10004,0.320,-0.433516,-0.450090,0.000090,0,14.766945,1.304246,0,0,0,0
moving_020_r04_s10004,0.352,-0.430573,-0.450102,0.000102,0,14.764873,1.303282,0,0,0,0
moving_020_r04_s10004,0.384,-0.427629,-0.450113,0.000113,0,14.762801,1.302323,0,0,0,0
moving_020_r04_s10004,0.416,-0.424685,-0.450124,0.000124,0,14.760730,1.301370,0,0,0,0
moving_020_r04_s10004,0.448,-0.421741,-0.450131,0.000131,0,14.758655,1.300418,0,0,0,0
moving_020_r04_s10004,0.480,-0.418797,-0.450138,0.000138,0,14.756582,1.299473,0,0,0,0
moving_020_r04_s10004,0.512,-0.415853,-0.450146,0.000146,0,14.754509,1.298535,0,0,0,0
moving_020_r04_s10004,0.544,-0.412909,-0.450153,0.000153,0,14.752436,1.297602,0,0,0,0
moving_020_r04_s10004,0.576,-0.409965,-0.450161,0.000161,0,14.750364,1.296675,0,0,0,0
moving_020_r04_s10004,0.608,-0.407021,-0.450169,0.000169,0,14.748292,1.295755,0,0,0,0
moving_020_r04_s10004,0.640,-0.404077,-0.450177,0.000177,0,14.746220,1.294841,0,0,0,0
moving_020_r04_s10004,0.672,-0.401133,-0.450184,0.000184,0,14.744148,1.293932,0,0,0,0
moving_020_r04_s10004,0.704,-0.398189,-0.450192,0.000192,0,14.742077,1.293030,0,0,0,0
moving_020_r04_s10004,0.736,-0.395245,-0.450200,0.000200,0,14.740006,1.292134,0,0,0,0
moving_020_r04_s10004,0.768,-0.392301,-0.450208,0.000208,0,14.737936,1.291244,0,0,0,0
moving_020_r04_s10004,0.800,-0.389357,-0.450211,0.000211,0,14.735862,1.290355,0,0,0,0
moving_020_r04_s10004,0.832,-0.386413,-0.450215,0.000215,0,14.733790,1.289474,0,0,0,0
moving_020_r04_s10004,0.864,-0.383469,-0.450219,0.000219,0,14.731718,1.288599,0,0,0,0
moving_020_r04_s10004,0.896,-0.380525,-0.450224,0.000224,0,14.729646,1.287730,0,0,0,0
moving_020_r04_s10004,0.928,-0.377581,-0.450228,0.000228,0,14.727574,1.286868,0,0,0,0
moving_020_r04_s10004,0.960,-0.374637,-0.450233,0.000233,0,14.725503,1.286011,0,0,0,0
moving_020_r04_s10004,0.992,-0.371693,-0.450237,0.000237,0,14.723432,1.285161,0,0,0,0
moving_020_r04_s10004,1.024,-0.368749,-0.450241,0.000241,0,14.721362,1.284317,0,0,0,0
moving_020_r04_s10004,1.056,-0.365805,-0.450246,0.000246,0,14.719292,1.283479,0,0,0,0
moving_020_r04_s10004,1.088,-0.362861,-0.450251,0.000251,0,14.717222,1.282647,0,0,0,0
moving_020_r04_s10004,1.120,-0.359917,-0.450255,0.000255,0,14.715152,1.281822,0,0,0,0
moving_020_r04_s10004,1.152,-0.356973,-0.450260,0.000260,0,14.713083,1.281003,0,0,0,0
moving_020_r04_s10004,1.184,-0.354029,-0.450264,0.000264,0,14.711014,1.280190,0,0,0,0
moving_020_r04_s10004,1.216,-0.351085,-0.450269,0.000269,0,14.708945,1.279383,0,0,0,0
moving_020_r04_s10004,1.248,-0.348141,-0.450273,0.000273,0,14.706877,1.278583,0,0,0,0
moving_020_r04_s10004,1.280,-0.345197,-0.450278,0.000278,0,14.704809,1.277789,0,0,0,0
moving_020_r04_s10004,1.312,-0.342253,-0.450282,0.000282,0,14.702741,1.277001,0,0,0,0
moving_020_r04_s10004,1.344,-0.339309,-0.450287,0.000287,0,14.700674,1.276220,0,0,0,0
moving_020_r04_s10004,1.376,-0.336365,-0.450292,0.000292,0,14.698606,1.275444,0,0,0,0
moving_020_r04_s10004,1.408,-0.333421,-0.450296,0.000296,0,14.696540,1.274676,0,0,0,0
moving_020_r04_s10004,1.440,-0.330477,-0.450301,0.000301,0,14.694473,1.273913,0,0,0,0
moving_020_r04_s10004,1.472,-0.327533,-0.450305,0.000305,0,14.692407,1.273157,0,0,0,0
moving_020_r04_s10004,1.504,-0.324589,-0.450310,0.000310,0,14.690341,1.272407,0,0,0,0
moving_020_r04_s10004,1.536,-0.321645,-0.450314,0.000314,0,14.688275,1.271664,0,0,0,0
moving_020_r04_s10004,1.568,-0.318701,-0.450319,0.000319,0,14.686210,1.270927,0,0,0,0
moving_020_r04_s10004,1.600,-0.315757,-0.450323,0.000323,0,14.684145,1.270196,0,0,0,0
moving_020_r04_s10004,1.632,-0.312813,-0.450328,0.000328,0,14.682080,1.269472,0,0,0,0
moving_020_r04_s10004,1.664,-0.309869,-0.450333,0.000333,0,14.680015,1.268754,0,0,0,0
moving_020_r04_s10004,1.696,-0.306925,-0.450337,0.000337,0,14.677951,1.268043,0,0,0,0
moving_020_r04_s10004,1.728,-0.303981,-0.450342,0.000342,0,14.675887,1.267338,0,0,0,0
moving_020_r04_s10004,1.760,-0.301037,-0.450346,0.000346,0,14.673824,1.266639,0,0,0,0
moving_020_r04_s10004,1.792,-0.298093,-0.450351,0.000351,0,14.671760,1.265947,0,0,0,0
moving_020_r04_s10004,1.824,-0.295149,-0.450355,0.000355,0,14.669697,1.265262,0,0,0,0
moving_020_r04_s10004,1.856,-0.292205,-0.450360,0.000360,0,14.667635,1.264583,0,0,0,0
moving_020_r04_s10004,1.888,-0.289261,-0.450365,0.000365,0,14.665572,1.263910,0,0,0,0
moving_020_r04_s10004,1.920,-0.286317,-0.450369,0.000369,0,14.663510,1.263244,0,0,0,0
moving_020_r04_s10004,1.952,-0.283373,-0.450374,0.000374,0,14.661448,1.262584,0,0,0,0
moving_020_r04_s10004,1.984,-0.280429,-0.450378,0.000378,0,14.659387,1.261931,0,0,0,0
moving_020_r04_s10004,2.016,-0.277485,-0.450383,0.000383,0,14.657326,1.261285,0,0,0,0
moving_020_r04_s10004,2.048,-0.274541,-0.450387,0.000387,0,14.655265,1.260645,0,0,0,0
moving_020_r04_s10004,2.080,-0.271597,-0.450392,0.000392,0,14.653204,1.260012,0,0,0,0
moving_020_r04_s10004,2.112,-0.268653,-0.450396,0.000396,0,14.651144,1.259385,0,0,0,0
moving_020_r04_s10004,2.144,-0.265709,-0.450401,0.000401,0,14.649084,1.258764,0,0,0,0
moving_020_r04_s10004,2.176,-0.262765,-0.450406,0.000406,0,14.647024,1.258151,0,0,0,0
moving_020_r04_s10004,2.208,-0.259821,-0.450410,0.000410,0,14.644965,1.257544,0,0,0,0
moving_020_r04_s10004,2.240,-0.256877,-0.450415,0.000415,0,14.642906,1.256943,0,0,0,0
moving_020_r04_s10004,2.272,-0.253933,-0.450419,0.000419,0,14.640847,1.256349,0,0,0,0
moving_020_r04_s10004,2.304,-0.250989,-0.450424,0.000424,0,14.638789,1.255762,0,0,0,0
moving_020_r04_s10004,2.336,-0.248045,-0.450428,0.000428,0,14.636730,1.255181,0,0,0,0
moving_020_r04_s10004,2.368,-0.245101,-0.450433,0.000433,0,14.634673,1.254607,0,0,0,0
moving_020_r04_s10004,2.400,-0.242157,-0.450438,0.000438,0,14.632615,1.254040,0,0,0,0
moving_020_r04_s10004,2.432,-0.239213,-0.450442,0.000442,0,14.630558,1.253479,0,0,0,0
moving_020_r04_s10004,2.464,-0.236269,-0.450447,0.000447,0,14.628501,1.252925,0,0,0,0
moving_020_r04_s10004,2.496,-0.233325,-0.450451,0.000451,0,14.626444,1.252378,0,0,0,0
moving_020_r04_s10004,2.528,-0.230381,-0.450456,0.000456,0,14.624388,1.251837,0,0,0,0
moving_020_r04_s10004,2.560,-0.227437,-0.450460,0.000460,0,14.622332,1.251303,0,0,0,0
moving_020_r04_s10004,2.592,-0.224493,-0.450465,0.000465,0,14.620276,1.250776,0,0,0,0
moving_020_r04_s10004,2.624,-0.221549,-0.450470,0.000470,0,14.618221,1.250256,0,0,0,0
moving_020_r04_s10004,2.656,-0.218605,-0.450474,0.000474,0,14.616166,1.249742,0,0,0,0
moving_020_r04_s10004,2.688,-0.215661,-0.450479,0.000479,0,14.614111,1.249235,0,0,0,0
moving_020_r04_s10004,2.720,-0.212717,-0.450483,0.000483,0,14.612056,1.248734,0,0,0,0
moving_020_r04_s10004,2.752,-0.209773,-0.450488,0.000488,0,14.610002,1.248241,0,0,0,0
moving_020_r04_s10004,2.784,-0.206829,-0.450492,0.000492,0,14.607948,1.247754,0,0,0,0
moving_020_r04_s10004,2.816,-0.203885,-0.450497,0.000497,0,14.605895,1.247274,0,0,0,0
moving_020_r04_s10004,2.848,-0.200941,-0.450501,0.000501,0,14.603841,1.246800,0,0,0,0
moving_020_r04_s10004,2.880,-0.197997,-0.450506,0.000506,0,14.601788,1.246334,0,0,0,0
moving_020_r04_s10004,2.912,-0.195053,-0.450511,0.000511,0,14.599736,1.245874,0,0,0,0
moving_020_r04_s10004,2.944,-0.192109,-0.450515,0.000515,0,14.597683,1.245421,0,0,0,0
moving_020_r04_s10004,2.976,-0.189165,-0.450520,0.000520,0,14.595631,1.244975,0,0,0,0
moving_020_r04_s10004,3.008,-0.186221,-0.450524,0.000524,0,14.593579,1.244535,0,0,0,0
moving_020_r04_s10004,3.040,-0.183277,-0.450529,0.000529,0,14.591528,1.244103,0,0,0,0
moving_020_r04_s10004,3.072,-0.180333,-0.450533,0.000533,0,14.589477,1.243677,0,0,0,0
moving_020_r04_s10004,3.104,-0.177389,-0.450538,0.000538,0,14.587426,1.243258,0,0,0,0
moving_020_r04_s10004,3.136,-0.174445,-0.450543,0.000543,0,14.585375,1.242846,0,0,0,0
moving_020_r04_s10004,3.168,-0.171501,-0.450547,0.000547,0,14.583325,1.242441,0,0,0,0
moving_020_r04_s10004,3.200,-0.168557,-0.450552,0.000552,0,14.581275,1.242042,0,0,0,0
moving_020_r04_s10004,3.232,-0.165613,-0.450556,0.000556,0,14.579226,1.241651,0,0,0,0
moving_020_r04_s10004,3.264,-0.162669,-0.450561,0.000561,0,14.577176,1.241266,0,0,0,0
moving_020_r04_s10004,3.296,-0.159725,-0.450565,0.000565,0,14.575127,1.240888,0,0,0,0
moving_020_r04_s10004,3.328,-0.156781,-0.450570,0.000570,0,14.573078,1.240517,0,0,0,0
moving_020_r04_s10004,3.360,-0.153837,-0.450575,0.000575,0,14.571030,1.240153,0,0,0,0
moving_020_r04_s10004,3.392,-0.150893,-0.450579,0.000579,0,14.568982,1.239796,0,0,0,0
moving_020_r04_s10004,3.424,-0.147949,-0.450584,0.000584,0,14.566934,1.239446,0,0,0,0
moving_020_r04_s10004,3.456,-0.145005,-0.450588,0.000588,0,14.564887,1.239102,0,0,0,0
moving_020_r04_s10004,3.488,-0.142061,-0.450593,0.000593,0,14.562840,1.238766,0,0,0,0
moving_020_r04_s10004,3.520,-0.139117,-0.450598,0.000598,0,14.560793,1.238436,0,0,0,0
moving_020_r04_s10004,3.552,-0.136173,-0.450602,0.000602,0,14.558746,1.238113,0,0,0,0
moving_020_r04_s10004,3.584,-0.133229,-0.450607,0.000607,0,14.556700,1.237798,0,0,0,0
moving_020_r04_s10004,3.616,-0.130285,-0.450611,0.000611,0,14.554654,1.237489,0,0,0,0
moving_020_r04_s10004,3.648,-0.127341,-0.450616,0.000616,0,14.552608,1.237187,0,0,0,0
moving_020_r04_s10004,3.680,-0.124397,-0.450620,0.000620,0,14.550563,1.236892,0,0,0,0
moving_020_r04_s10004,3.712,-0.121453,-0.450625,0.000625,0,14.548518,1.236604,0,0,0,0
moving_020_r04_s10004,3.744,-0.118509,-0.450630,0.000630,0,14.546473,1.236323,0,0,0,0
moving_020_r04_s10004,3.776,-0.115565,-0.450634,0.000634,0,14.544429,1.236048,0,0,0,0
moving_020_r04_s10004,3.808,-0.112621,-0.450639,0.000639,0,14.542385,1.235781,0,0,0,0
moving_020_r04_s10004,3.840,-0.109677,-0.450643,0.000643,0,14.540341,1.235521,0,0,0,0
moving_020_r04_s10004,3.872,-0.106733,-0.450648,0.000648,0,14.538298,1.235268,0,0,0,0
moving_020_r04_s10004,3.904,-0.103789,-0.450652,0.000652,0,14.536254,1.235021,0,0,0,0
moving_020_r04_s10004,3.936,-0.100845,-0.450657,0.000657,0,14.534212,1.234782,0,0,0,0
moving_020_r04_s10004,3.968,-0.097901,-0.450662,0.000662,0,14.532169,1.234550,0,0,0,0
moving_020_r04_s10004,4.000,-0.094957,-0.450666,0.000666,0,14.530127,1.234324,0,0,0,0
moving_020_r04_s10004,4.032,-0.092013,-0.450671,0.000671,0,14.528085,1.234106,0,0,0,0
moving_020_r04_s10004,4.064,-0.089069,-0.450675,0.000675,0,14.526043,1.233894,0,0,0,0
moving_020_r04_s10004,4.096,-0.086125,-0.450680,0.000680,0,14.524002,1.233690,0,0,0,0
moving_020_r04_s10004,4.128,-0.083181,-0.450689,0.000689,0,14.521964,1.233497,0,0,0,0
moving_020_r04_s10004,4.160,-0.080237,-0.450702,0.000702,0,14.519930,1.233315,0,0,0,0
moving_020_r04_s10004,4.192,-0.077293,-0.450719,0.000719,0,14.517898,1.233143,0,0,0,0
moving_020_r04_s10004,4.224,-0.074349,-0.450734,0.000734,0,14.515866,1.232978,0,0,0,0
moving_020_r04_s10004,4.256,-0.071405,-0.450754,0.000754,0,14.513837,1.232823,0,0,0,0
moving_020_r04_s10004,4.288,-0.068461,-0.450772,0.000772,0,14.511808,1.232675,0,0,0,0
moving_020_r04_s10004,4.320,-0.065517,-0.450791,0.000791,0,14.509778,1.232533,0,0,0,0
moving_020_r04_s10004,4.352,-0.062573,-0.450809,0.000809,0,14.507750,1.232399,0,0,0,0
moving_020_r04_s10004,4.384,-0.059630,-0.450827,0.000827,0,14.505721,1.232271,0,0,0,0
moving_020_r04_s10004,4.416,-0.056686,-0.450850,0.000850,0,14.503696,1.232155,0,0,0,0
moving_020_r04_s10004,4.448,-0.053742,-0.450877,0.000877,0,14.501674,1.232049,0,0,0,0
moving_020_r04_s10004,4.480,-0.050798,-0.450902,0.000902,0,14.499651,1.231950,0,0,0,0
moving_020_r04_s10004,4.512,-0.047854,-0.450927,0.000927,0,14.497629,1.231857,0,0,0,0
moving_020_r04_s10004,4.544,-0.044910,-0.450952,0.000952,0,14.495607,1.231771,0,0,0,0
moving_020_r04_s10004,4.576,-0.041966,-0.450981,0.000981,0,14.493588,1.231696,0,0,0,0
moving_020_r04_s10004,4.608,-0.039022,-0.451014,0.001014,0,14.491572,1.231633,0,0,0,0
moving_020_r04_s10004,4.640,-0.036079,-0.451051,0.001051,0,14.489560,1.231579,0,0,0,0
moving_020_r04_s10004,4.672,-0.033135,-0.451091,0.001091,0,14.487550,1.231537,0,0,0,0
moving_020_r04_s10004,4.704,-0.030191,-0.451134,0.001134,0,14.485543,1.231505,0,0,0,0
moving_020_r04_s10004,4.736,-0.027247,-0.451177,0.001177,0,14.483535,1.231478,0,0,0,0
moving_020_r04_s10004,4.768,-0.024304,-0.451223,0.001223,0,14.481531,1.231463,0,0,0,0
moving_020_r04_s10004,4.800,-0.021360,-0.451268,0.001268,0,14.479526,1.231454,0,0,0,0
moving_020_r04_s10004,4.832,-0.018417,-0.451318,0.001318,0,14.477525,1.231456,0,0,0,0
moving_020_r04_s10004,4.864,-0.015473,-0.451367,0.001367,0,14.475523,1.231464,0,0,0,0
moving_020_r04_s10004,4.896,-0.012529,-0.451420,0.001420,0,14.473525,1.231484,0,0,0,0
moving_020_r04_s10004,4.928,-0.009586,-0.451476,0.001476,0,14.471530,1.231514,0,0,0,0
moving_020_r04_s10004,4.960,-0.006643,-0.451536,0.001536,0,14.469537,1.231554,0,0,0,0
moving_020_r04_s10004,4.992,-0.003699,-0.451600,0.001600,0,14.467548,1.231605,0,0,0,0
moving_020_r04_s10004,5.024,-0.000756,-0.451666,0.001666,0,14.465561,1.231667,0,0,0,0
moving_020_r04_s10004,5.056,0.002187,-0.451732,0.001732,0,14.463573,1.231734,0,0,0,0
moving_020_r04_s10004,5.088,0.005131,-0.451797,0.001797,0,14.461586,1.231808,0,0,0,0
moving_020_r04_s10004,5.120,0.008074,-0.451862,0.001862,0,14.459599,1.231888,0,0,0,0
moving_020_r04_s10004,5.152,0.011017,-0.451927,0.001927,0,14.457612,1.231976,0,0,0,0
moving_020_r04_s10004,5.184,0.013960,-0.451996,0.001996,0,14.455629,1.232075,0,0,0,0
moving_020_r04_s10004,5.216,0.016903,-0.452069,0.002069,0,14.453649,1.232185,0,0,0,0
moving_020_r04_s10004,5.248,0.019846,-0.452145,0.002145,0,14.451671,1.232305,0,0,0,0
moving_020_r04_s10004,5.280,0.022789,-0.452225,0.002225,0,14.449697,1.232436,0,0,0,0
moving_020_r04_s10004,5.312,0.025732,-0.452308,0.002308,0,14.447725,1.232577,0,0,0,0
moving_020_r04_s10004,5.344,0.028675,-0.452390,0.002390,0,14.445753,1.232724,0,0,0,0
moving_020_r04_s10004,5.376,0.031618,-0.452472,0.002472,0,14.443781,1.232877,0,0,0,0
moving_020_r04_s10004,5.408,0.034561,-0.452553,0.002553,0,14.441809,1.233038,0,0,0,0
moving_020_r04_s10004,5.440,0.037504,-0.452635,0.002635,0,14.439838,1.233205,0,0,0,0
moving_020_r04_s10004,5.472,0.040446,-0.452721,0.002721,0,14.437870,1.233384,0,0,0,0
moving_020_r04_s10004,5.504,0.043389,-0.452810,0.002810,0,14.435905,1.233574,0,0,0,0
moving_020_r04_s10004,5.536,0.046332,-0.452903,0.002903,0,14.433943,1.233774,0,0,0,0
moving_020_r04_s10004,5.568,0.049274,-0.453000,0.003000,0,14.431984,1.233984,0,0,0,0
moving_020_r04_s10004,5.600,0.052216,-0.453095,0.003095,0,14.430024,1.234200,0,0,0,0
moving_020_r04_s10004,5.632,0.055159,-0.453190,0.003190,0,14.428064,1.234423,0,0,0,0
moving_020_r04_s10004,5.664,0.058101,-0.453285,0.003285,0,14.426105,1.234652,0,0,0,0
moving_020_r04_s10004,5.696,0.061044,-0.453384,0.003384,0,14.424150,1.234894,0,0,0,0
moving_020_r04_s10004,5.728,0.063986,-0.453487,0.003487,0,14.422197,1.235145,0,0,0,0
moving_020_r04_s10004,5.760,0.066928,-0.453593,0.003593,0,14.420247,1.235407,0,0,0,0
moving_020_r04_s10004,5.792,0.069870,-0.453703,0.003703,0,14.418300,1.235680,0,0,0,0
moving_020_r04_s10004,5.824,0.072812,-0.453816,0.003816,0,14.416357,1.235963,0,0,0,0
moving_020_r04_s10004,5.856,0.075753,-0.453933,0.003933,0,14.414416,1.236256,0,0,0,0
moving_020_r04_s10004,5.888,0.078695,-0.454048,0.004048,0,14.412474,1.236555,0,0,0,0
moving_020_r04_s10004,5.920,0.081637,-0.454168,0.004168,0,14.410536,1.236865,0,0,0,0
moving_020_r04_s10004,5.952,0.084578,-0.454291,0.004291,0,14.408601,1.237185,0,0,0,0
moving_020_r04_s10004,5.984,0.087520,-0.454418,0.004418,0,14.406669,1.237516,0,0,0,0
moving_020_r04_s10004,6.016,0.090461,-0.454548,0.004548,0,14.404740,1.237857,0,0,0,0
moving_020_r04_s10004,6.048,0.093402,-0.454681,0.004681,0,14.402814,1.238209,0,0,0,0
moving_020_r04_s10004,6.080,0.096342,-0.454820,0.004820,0,14.400892,1.238573,0,0,0,0
moving_020_r04_s10004,6.112,0.099283,-0.454964,0.004964,0,14.398975,1.238949,0,0,0,0
moving_020_r04_s10004,6.144,0.102223,-0.455114,0.005114,0,14.397062,1.239337,0,0,0,0
moving_020_r04_s10004,6.176,0.105163,-0.455268,0.005268,0,14.395153,1.239737,0,0,0,0
moving_020_r04_s10004,6.208,0.108103,-0.455428,0.005428,0,14.393248,1.240148,0,0,0,0
moving_020_r04_s10004,6.240,0.111042,-0.455592,0.005592,0,14.391348,1.240572,0,0,0,0
moving_020_r04_s10004,6.272,0.113981,-0.455762,0.005762,0,14.389452,1.241007,0,0,0,0
moving_020_r04_s10004,6.304,0.116920,-0.455937,0.005937,0,14.387560,1.241455,0,0,0,0
moving_020_r04_s10004,6.336,0.119859,-0.456116,0.006116,0,14.385672,1.241914,0,0,0,0
moving_020_r04_s10004,6.368,0.122797,-0.456298,0.006298,0,14.383786,1.242382,0,0,0,0
moving_020_r04_s10004,6.400,0.125735,-0.456484,0.006484,0,14.381904,1.242860,0,0,0,0
moving_020_r04_s10004,6.432,0.128673,-0.456672,0.006672,0,14.380024,1.243348,0,0,0,0
moving_020_r04_s10004,6.464,0.131611,-0.456864,0.006864,0,14.378147,1.243846,0,0,0,0
moving_020_r04_s10004,6.496,0.134548,-0.457061,0.007061,0,14.376275,1.244357,0,0,0,0
moving_020_r04_s10004,6.528,0.137485,-0.457264,0.007264,0,14.374406,1.244879,0,0,0,0
moving_020_r04_s10004,6.560,0.140422,-0.457470,0.007470,0,14.372542,1.245412,0,0,0,0
moving_020_r04_s10004,6.592,0.143359,-0.457679,0.007679,0,14.370680,1.245954,0,0,0,0
moving_020_r04_s10004,6.624,0.146295,-0.457887,0.007887,0,14.368817,1.246502,0,0,0,0
moving_020_r04_s10004,6.656,0.149232,-0.458094,0.008094,0,14.366954,1.247056,0,0,0,0
moving_020_r04_s10004,6.688,0.152169,-0.458302,0.008302,0,14.365092,1.247616,0,0,0,0
moving_020_r04_s10004,6.720,0.155106,-0.458504,0.008504,0,14.363225,1.248178,0,0,0,0
moving_020_r04_s10004,6.752,0.158043,-0.458700,0.008700,0,14.361355,1.248741,0,0,0,0
moving_020_r04_s10004,6.784,0.160981,-0.458890,0.008890,0,14.359480,1.249305,0,0,0,0
moving_020_r04_s10004,6.816,0.163919,-0.459073,0.009073,0,14.357600,1.249868,0,0,0,0
moving_020_r04_s10004,6.848,0.166858,-0.459251,0.009251,0,14.355717,1.250434,0,0,0,0
moving_020_r04_s10004,6.880,0.169797,-0.459419,0.009419,0,14.353826,1.250996,0,0,0,0
moving_020_r04_s10004,6.912,0.172737,-0.459578,0.009578,0,14.351929,1.251556,0,0,0,0
moving_020_r04_s10004,6.944,0.175678,-0.459729,0.009729,0,14.350026,1.252114,0,0,0,0
moving_020_r04_s10004,6.976,0.178618,-0.459869,0.009869,0,14.348115,1.252669,0,0,0,0
moving_020_r04_s10004,7.008,0.181560,-0.459998,0.009998,0,14.346196,1.253220,0,0,0,0
moving_020_r04_s10004,7.040,0.184501,-0.460115,0.010115,0,14.344268,1.253765,0,0,0,0
moving_020_r04_s10004,7.072,0.187444,-0.460223,0.010223,0,14.342333,1.254308,0,0,0,0
moving_020_r04_s10004,7.104,0.190386,-0.460318,0.010318,0,14.340390,1.254845,0,0,0,0
moving_020_r04_s10004,7.136,0.193329,-0.460402,0.010402,0,14.338438,1.255377,0,0,0,0
moving_020_r04_s10004,7.168,0.196272,-0.460473,0.010473,0,14.336477,1.255905,0,0,0,0
moving_020_r04_s10004,7.200,0.199216,-0.460533,0.010533,0,14.334508,1.256427,0,0,0,0
moving_020_r04_s10004,7.232,0.202160,-0.460582,0.010582,0,14.332531,1.256945,0,0,0,0
moving_020_r04_s10004,7.264,0.205103,-0.460620,0.010620,0,14.330547,1.257460,0,0,0,0
moving_020_r04_s10004,7.296,0.208047,-0.460651,0.010651,0,14.328557,1.257974,0,0,0,0
moving_020_r04_s10004,7.328,0.210991,-0.460673,0.010673,0,14.326562,1.258486,0,0,0,0
moving_020_r04_s10004,7.360,0.213935,-0.460691,0.010691,0,14.324563,1.259000,0,0,0,0
moving_020_r04_s10004,7.392,0.216879,-0.460701,0.010701,0,14.322560,1.259514,0,0,0,0
moving_020_r04_s10004,7.424,0.219823,-0.460711,0.010711,0,14.320556,1.260034,0,0,0,0
moving_020_r04_s10004,7.456,0.222767,-0.460717,0.010717,0,14.318551,1.260557,0,0,0,0
moving_020_r04_s10004,7.488,0.225710,-0.460726,0.010726,0,14.316547,1.261089,0,0,0,0
moving_020_r04_s10004,7.520,0.228654,-0.460735,0.010735,0,14.314544,1.261628,0,0,0,0
moving_020_r04_s10004,7.552,0.231598,-0.460744,0.010744,0,14.312541,1.262174,0,0,0,0
moving_020_r04_s10004,7.584,0.234542,-0.460749,0.010749,0,14.310536,1.262723,0,0,0,0
moving_020_r04_s10004,7.616,0.237486,-0.460756,0.010756,0,14.308532,1.263279,0,0,0,0
moving_020_r04_s10004,7.648,0.240430,-0.460763,0.010763,0,14.306529,1.263843,0,0,0,0
moving_020_r04_s10004,7.680,0.243374,-0.460770,0.010770,0,14.304526,1.264413,0,0,0,0
moving_020_r04_s10004,7.712,0.246318,-0.460777,0.010777,0,14.302523,1.264990,0,0,0,0
moving_020_r04_s10004,7.744,0.249262,-0.460784,0.010784,0,14.300521,1.265574,0,0,0,0
moving_020_r04_s10004,7.776,0.252206,-0.460792,0.010792,0,14.298519,1.266164,0,0,0,0
moving_020_r04_s10004,7.808,0.255150,-0.460794,0.010794,0,14.296514,1.266756,0,0,0,0
moving_020_r04_s10004,7.840,0.258094,-0.460798,0.010798,0,14.294510,1.267356,0,0,0,0
moving_020_r04_s10004,7.872,0.261038,-0.460797,0.010797,0,14.292503,1.267958,0,0,0,0
moving_020_r04_s10004,7.904,0.263982,-0.460797,0.010797,0,14.290498,1.268568,0,0,0,0
moving_020_r04_s10004,7.936,0.266926,-0.460798,0.010798,0,14.288492,1.269184,0,0,0,0
moving_020_r04_s10004,7.968,0.269870,-0.460793,0.010793,0,14.286484,1.269802,0,0,0,0
moving_020_r04_s10004,8.000,0.272814,-0.460785,0.010785,0,14.284473,1.270424,0,0,0,0
moving_020_r04_s10004,8.032,0.275758,-0.460779,0.010779,0,14.282464,1.271053,0,0,0,0
moving_020_r04_s10004,8.064,0.278702,-0.460768,0.010768,0,14.280451,1.271684,0,0,0,0
moving_020_r04_s10004,8.096,0.281646,-0.460753,0.010753,0,14.278437,1.272318,0,0,0,0
moving_020_r04_s10004,8.128,0.284590,-0.460739,0.010739,0,14.276423,1.272959,0,0,0,0
moving_020_r04_s10004,8.160,0.287534,-0.460726,0.010726,0,14.274410,1.273608,0,0,0,0
moving_020_r04_s10004,8.192,0.290478,-0.460713,0.010713,0,14.272398,1.274263,0,0,0,0
moving_020_r04_s10004,8.224,0.293422,-0.460700,0.010700,0,14.270385,1.274925,0,0,0,0
moving_020_r04_s10004,8.256,0.296366,-0.460687,0.010687,0,14.268374,1.275593,0,0,0,0
moving_020_r04_s10004,8.288,0.299310,-0.460674,0.010674,0,14.266362,1.276268,0,0,0,0
moving_020_r04_s10004,8.320,0.302254,-0.460662,0.010662,0,14.264351,1.276949,0,0,0,0
moving_020_r04_s10004,8.352,0.305198,-0.460649,0.010649,0,14.262341,1.277637,0,0,0,0
moving_020_r04_s10004,8.384,0.308142,-0.460636,0.010636,0,14.260331,1.278331,0,0,0,0
moving_020_r04_s10004,8.416,0.311086,-0.460624,0.010624,0,14.258321,1.279032,0,0,0,0
moving_020_r04_s10004,8.448,0.314030,-0.460611,0.010611,0,14.256311,1.279739,0,0,0,0
moving_020_r04_s10004,8.480,0.316974,-0.460599,0.010599,0,14.254302,1.280452,0,0,0,0
moving_020_r04_s10004,8.512,0.319918,-0.460586,0.010586,0,14.252293,1.281172,0,0,0,0
moving_020_r04_s10004,8.544,0.322862,-0.460573,0.010573,0,14.250284,1.281898,0,0,0,0
moving_020_r04_s10004,8.576,0.325806,-0.460561,0.010561,0,14.248276,1.282630,0,0,0,0
moving_020_r04_s10004,8.608,0.328750,-0.460548,0.010548,0,14.246268,1.283369,0,0,0,0
moving_020_r04_s10004,8.640,0.331694,-0.460536,0.010536,0,14.244260,1.284114,0,0,0,0
moving_020_r04_s10004,8.672,0.334638,-0.460523,0.010523,0,14.242253,1.284866,0,0,0,0
moving_020_r04_s10004,8.704,0.337582,-0.460511,0.010511,0,14.240246,1.285623,0,0,0,0
moving_020_r04_s10004,8.736,0.340526,-0.460498,0.010498,0,14.238240,1.286388,0,0,0,0
moving_020_r04_s10004,8.768,0.343470,-0.460485,0.010485,0,14.236233,1.287158,0,0,0,0
moving_020_r04_s10004,8.800,0.346414,-0.460473,0.010473,0,14.234227,1.287934,0,0,0,0
moving_020_r04_s10004,8.832,0.349357,-0.460460,0.010460,0,14.232221,1.288717,0,0,0,0
moving_020_r04_s10004,8.864,0.352301,-0.460448,0.010448,0,14.230216,1.289506,0,0,0,0
moving_020_r04_s10004,8.896,0.355245,-0.460435,0.010435,0,14.228211,1.290302,0,0,0,0
moving_020_r04_s10004,8.928,0.358189,-0.460422,0.010422,0,14.226206,1.291103,0,0,0,0
moving_020_r04_s10004,8.960,0.361133,-0.460410,0.010410,0,14.224202,1.291911,0,0,0,0
moving_020_r04_s10004,8.992,0.364077,-0.460397,0.010397,0,14.222198,1.292725,0,0,0,0
moving_020_r04_s10004,9.024,0.367021,-0.460385,0.010385,0,14.220194,1.293545,0,0,0,0
moving_020_r04_s10004,9.056,0.369965,-0.460372,0.010372,0,14.218191,1.294371,0,0,0,0
moving_020_r04_s10004,9.088,0.372909,-0.460359,0.010359,0,14.216188,1.295204,0,0,0,0
moving_020_r04_s10004,9.120,0.375853,-0.460347,0.010347,0,14.214185,1.296042,0,0,0,0
moving_020_r04_s10004,9.152,0.378797,-0.460334,0.010334,0,14.212182,1.296887,0,0,0,0
moving_020_r04_s10004,9.184,0.381741,-0.460321,0.010321,0,14.210180,1.297738,0,0,0,0
moving_020_r04_s10004,9.216,0.384685,-0.460314,0.010314,0,14.208182,1.298599,0,0,0,0
moving_020_r04_s10004,9.248,0.387629,-0.460305,0.010305,0,14.206183,1.299466,0,0,0,0
moving_020_r04_s10004,9.280,0.390573,-0.460295,0.010295,0,14.204185,1.300339,0,0,0,0
moving_020_r04_s10004,9.312,0.393517,-0.460286,0.010286,0,14.202187,1.301217,0,0,0,0
moving_020_r04_s10004,9.344,0.396461,-0.460277,0.010277,0,14.200189,1.302102,0,0,0,0
moving_020_r04_s10004,9.376,0.399405,-0.460268,0.010268,0,14.198191,1.302992,0,0,0,0
moving_020_r04_s10004,9.408,0.402349,-0.460259,0.010259,0,14.196194,1.303889,0,0,0,0
moving_020_r04_s10004,9.440,0.405293,-0.460250,0.010250,0,14.194197,1.304792,0,0,0,0
moving_020_r04_s10004,9.472,0.408237,-0.460240,0.010240,0,14.192200,1.305700,0,0,0,0
moving_020_r04_s10004,9.504,0.411181,-0.460231,0.010231,0,14.190204,1.306615,0,0,0,0
moving_020_r04_s10004,9.536,0.414125,-0.460222,0.010222,0,14.188208,1.307536,0,0,0,0
moving_020_r04_s10004,9.568,0.417069,-0.460212,0.010212,0,14.186212,1.308462,0,0,0,0
moving_020_r04_s10004,9.600,0.420013,-0.460203,0.010203,0,14.184216,1.309395,0,0,0,0
moving_020_r04_s10004,9.632,0.422957,-0.460194,0.010194,0,14.182221,1.310333,0,0,0,0
moving_020_r04_s10004,9.664,0.425901,-0.460184,0.010184,0,14.180227,1.311278,0,0,0,0
moving_020_r04_s10004,9.696,0.428845,-0.460175,0.010175,0,14.178232,1.312228,0,0,0,0
moving_020_r04_s10004,9.728,0.431789,-0.460166,0.010166,0,14.176238,1.313184,0,0,0,0
moving_020_r04_s10004,9.760,0.434733,-0.460156,0.010156,0,14.174244,1.314146,0,0,0,0
moving_020_r04_s10004,9.792,0.437677,-0.460147,0.010147,0,14.172251,1.315114,0,0,0,0
moving_020_r04_s10004,9.824,0.440621,-0.460138,0.010138,0,14.170258,1.316088,0,0,0,0
moving_020_r04_s10004,9.856,0.443565,-0.460128,0.010128,0,14.168265,1.317068,0,0,0,0
moving_020_r04_s10004,9.888,0.446509,-0.460119,0.010119,0,14.166273,1.318054,0,0,0,0
moving_020_r04_s10004,9.920,0.449453,-0.460110,0.010110,0,14.164281,1.319045,0,0,0,0
moving_020_r04_s10004,9.952,0.452397,-0.460100,0.010100,0,14.162289,1.320042,0,0,0,0
moving_020_r04_s10004,9.984,0.455341,-0.460091,0.010091,0,14.160297,1.321045,0,0,0,0
moving_020_r04_s10004,10.016,0.458285,-0.460082,0.010082,0,14.158306,1.322054,0,0,0,0
moving_020_r04_s10004,10.048,0.461229,-0.460072,0.010072,0,14.156315,1.323069,0,0,0,0
moving_020_r04_s10004,10.080,0.464173,-0.460063,0.010063,0,14.154325,1.324089,0,0,0,0
moving_020_r04_s10004,10.112,0.467117,-0.460058,0.010058,0,14.152338,1.325120,0,0,0,0
moving_020_r04_s10004,10.144,0.470061,-0.460057,0.010057,0,14.150355,1.326160,0,0,0,0
moving_020_r04_s10004,10.176,0.473005,-0.460055,0.010055,0,14.148371,1.327204,0,0,0,0
moving_020_r04_s10004,10.208,0.475949,-0.460053,0.010053,0,14.146387,1.328254,0,0,0,0
moving_020_r04_s10004,10.240,0.478893,-0.460051,0.010051,0,14.144403,1.329310,0,0,0,0
moving_020_r04_s10004,10.272,0.481837,-0.460048,0.010048,0,14.142420,1.330371,0,0,0,0
moving_020_r04_s10004,10.304,0.484781,-0.460046,0.010046,0,14.140437,1.331437,0,0,0,0
moving_020_r04_s10004,10.336,0.487725,-0.460043,0.010043,0,14.138454,1.332510,0,0,0,0
moving_020_r04_s10004,10.368,0.490669,-0.460040,0.010040,0,14.136472,1.333588,0,0,0,0
moving_020_r04_s10004,10.400,0.493613,-0.460038,0.010038,0,14.134489,1.334671,0,0,0,0
moving_020_r04_s10004,10.432,0.496557,-0.460035,0.010035,0,14.132507,1.335760,0,0,0,0
moving_020_r04_s10004,10.464,0.499501,-0.460032,0.010032,0,14.130526,1.336855,0,0,0,0
moving_020_r04_s10004,10.496,0.502445,-0.460030,0.010030,0,14.128545,1.337955,0,0,0,0
moving_020_r04_s10004,10.528,0.505389,-0.460027,0.010027,0,14.126564,1.339061,0,0,0,0
moving_020_r04_s10004,10.560,0.508333,-0.460024,0.010024,0,14.124583,1.340172,0,0,0,0
moving_020_r04_s10004,10.592,0.511277,-0.460022,0.010022,0,14.122603,1.341289,0,0,0,0
moving_020_r04_s10004,10.624,0.514221,-0.460019,0.010019,0,14.120623,1.342412,0,0,0,0
moving_020_r04_s10004,10.656,0.517165,-0.460016,0.010016,0,14.118644,1.343540,0,0,0,0
moving_020_r04_s10004,10.688,0.520109,-0.460013,0.010013,0,14.116664,1.344673,0,0,0,0
moving_020_r04_s10004,10.720,0.523053,-0.460011,0.010011,0,14.114686,1.345812,0,0,0,0
moving_020_r04_s10004,10.752,0.525997,-0.460008,0.010008,0,14.112707,1.346957,0,0,0,0
moving_020_r04_s10004,10.784,0.528941,-0.460005,0.010005,0,14.110729,1.348106,0,0,0,0
moving_020_r04_s10004,10.816,0.531885,-0.460002,0.010002,0,14.108751,1.349262,0,0,0,0
moving_020_r04_s10004,10.848,0.534829,-0.460000,0.010000,0,14.106773,1.350422,0,0,0,0
moving_020_r04_s10004,10.880,0.537773,-0.459997,0.009997,0,14.104796,1.351589,0,0,0,0
moving_020_r04_s10004,10.912,0.540717,-0.459994,0.009994,0,14.102819,1.352760,0,0,0,0
moving_020_r04_s10004,10.944,0.543661,-0.459991,0.009991,0,14.100843,1.353937,0,0,0,0
moving_020_r04_s10004,10.976,0.546605,-0.459989,0.009989,0,14.098867,1.355119,0,0,0,0
moving_020_r04_s10004,11.008,0.549549,-0.459986,0.009986,0,14.096891,1.356307,0,0,0,0
moving_020_r04_s10004,11.040,0.552493,-0.459983,0.009983,0,14.094915,1.357500,0,0,0,0
moving_020_r04_s10004,11.072,0.555437,-0.459980,0.009980,0,14.092940,1.358698,0,0,0,0
moving_020_r04_s10004,11.104,0.558381,-0.459978,0.009978,0,14.090965,1.359902,0,0,0,0
moving_020_r04_s10004,11.136,0.561325,-0.459975,0.009975,0,14.088991,1.361111,0,0,0,0
moving_020_r04_s10004,11.168,0.564269,-0.459972,0.009972,0,14.087017,1.362325,0,0,0,0
moving_020_r04_s10004,11.200,0.567213,-0.459969,0.009969,0,14.085043,1.363545,0,0,0,0
moving_020_r04_s10004,11.232,0.570157,-0.459967,0.009967,0,14.083070,1.364770,0,0,0,0
moving_020_r04_s10004,11.264,0.573101,-0.459959,0.009959,0,14.081093,1.365995,0,0,0,0
moving_020_r04_s10004,11.296,0.576045,-0.459948,0.009948,0,14.079114,1.367223,0,0,0,0
moving_020_r04_s10004,11.328,0.578989,-0.459938,0.009938,0,14.077136,1.368457,0,0,0,0
moving_020_r04_s10004,11.360,0.581933,-0.459921,0.009921,0,14.075154,1.369690,0,0,0,0
moving_020_r04_s10004,11.392,0.584877,-0.459899,0.009899,0,14.073167,1.370923,0,0,0,0
moving_020_r04_s10004,11.424,0.587821,-0.459869,0.009869,0,14.071176,1.372155,0,0,0,0
moving_020_r04_s10004,11.456,0.590764,-0.459835,0.009835,0,14.069181,1.373387,0,0,0,0
moving_020_r04_s10004,11.488,0.593708,-0.459802,0.009802,0,14.067188,1.374627,0,0,0,0
moving_020_r04_s10004,11.520,0.596652,-0.459765,0.009765,0,14.065193,1.375868,0,0,0,0
moving_020_r04_s10004,11.552,0.599596,-0.459725,0.009725,0,14.063195,1.377110,0,0,0,0
moving_020_r04_s10004,11.584,0.602539,-0.459686,0.009686,0,14.061198,1.378360,0,0,0,0
moving_020_r04_s10004,11.616,0.605483,-0.459648,0.009648,0,14.059202,1.379614,0,0,0,0
moving_020_r04_s10004,11.648,0.608427,-0.459605,0.009605,0,14.057204,1.380870,0,0,0,0
moving_020_r04_s10004,11.680,0.611370,-0.459558,0.009558,0,14.055203,1.382128,0,0,0,0
moving_020_r04_s10004,11.712,0.614314,-0.459508,0.009508,0,14.053199,1.383388,0,0,0,0
moving_020_r04_s10004,11.744,0.617258,-0.459455,0.009455,0,14.051194,1.384650,0,0,0,0
moving_020_r04_s10004,11.776,0.620201,-0.459398,0.009398,0,14.049186,1.385914,0,0,0,0
moving_020_r04_s10004,11.808,0.623144,-0.459336,0.009336,0,14.047175,1.387178,0,0,0,0
moving_020_r04_s10004,11.840,0.626088,-0.459268,0.009268,0,14.045160,1.388442,0,0,0,0
moving_020_r04_s10004,11.872,0.629031,-0.459196,0.009196,0,14.043142,1.389707,0,0,0,0
moving_020_r04_s10004,11.904,0.631974,-0.459118,0.009118,0,14.041120,1.390972,0,0,0,0
moving_020_r04_s10004,11.936,0.634917,-0.459037,0.009037,0,14.039097,1.392240,0,0,0,0
moving_020_r04_s10004,11.968,0.637860,-0.458954,0.008954,0,14.037072,1.393510,0,0,0,0
moving_020_r04_s10004,12.000,0.640802,-0.458867,0.008867,0,14.035045,1.394783,0,0,0,0
moving_020_r04_s10004,12.032,0.643745,-0.458777,0.008777,0,14.033015,1.396057,0,0,0,0
moving_020_r04_s10004,12.064,0.646687,-0.458681,0.008681,0,14.030982,1.397331,0,0,0,0
moving_020_r04_s10004,12.096,0.649630,-0.458580,0.008580,0,14.028946,1.398606,0,0,0,0
moving_020_r04_s10004,12.128,0.652572,-0.458475,0.008475,0,14.026907,1.399882,0,0,0,0
moving_020_r04_s10004,12.160,0.655514,-0.458363,0.008363,0,14.024863,1.401157,0,0,0,0
moving_020_r04_s10004,12.192,0.658455,-0.458243,0.008243,0,14.022814,1.402430,0,0,0,0
moving_020_r04_s10004,12.224,0.661397,-0.458117,0.008117,0,14.020761,1.403702,0,0,0,0
moving_020_r04_s10004,12.256,0.664338,-0.457984,0.007984,0,14.018703,1.404973,0,0,0,0
moving_020_r04_s10004,12.288,0.667278,-0.457845,0.007845,0,14.016640,1.406243,0,0,0,0
moving_020_r04_s10004,12.320,0.670219,-0.457698,0.007698,0,14.014574,1.407512,0,0,0,0
moving_020_r04_s10004,12.352,0.673159,-0.457545,0.007545,0,14.012502,1.408780,0,0,0,0
moving_020_r04_s10004,12.384,0.676099,-0.457386,0.007386,0,14.010427,1.410047,0,0,0,0
moving_020_r04_s10004,12.416,0.679038,-0.457217,0.007217,0,14.008345,1.411311,0,0,0,0
moving_020_r04_s10004,12.448,0.681977,-0.457038,0.007038,0,14.006256,1.412571,0,0,0,0
moving_020_r04_s10004,12.480,0.684915,-0.456849,0.006849,0,14.004161,1.413826,0,0,0,0
moving_020_r04_s10004,12.512,0.687852,-0.456650,0.006650,0,14.002058,1.415078,0,0,0,0
moving_020_r04_s10004,12.544,0.690789,-0.456441,0.006441,0,13.999949,1.416325,0,0,0,0
moving_020_r04_s10004,12.576,0.693725,-0.456224,0.006224,0,13.997835,1.417570,0,0,0,0
moving_020_r04_s10004,12.608,0.696660,-0.455999,0.005999,0,13.995715,1.418812,0,0,0,0
moving_020_r04_s10004,12.640,0.699595,-0.455770,0.005770,0,13.993594,1.420057,0,0,0,0
moving_020_r04_s10004,12.672,0.702530,-0.455540,0.005540,0,13.991471,1.421305,0,0,0,0
moving_020_r04_s10004,12.704,0.705466,-0.455320,0.005320,0,13.989356,1.422567,0,0,0,0
moving_020_r04_s10004,12.736,0.708401,-0.455099,0.005099,0,13.987241,1.423834,0,0,0,0
moving_020_r04_s10004,12.768,0.711335,-0.454854,0.004854,0,13.985109,1.425084,0,0,0,0
moving_020_r04_s10004,12.800,0.714268,-0.454592,0.004592,0,13.982965,1.426323,0,0,0,0
moving_020_r04_s10004,12.832,0.717199,-0.454313,0.004313,0,13.980810,1.427551,0,0,0,0
moving_020_r04_s10004,12.864,0.720129,-0.454018,0.004018,0,13.978645,1.428771,0,0,0,0
moving_020_r04_s10004,12.896,0.723057,-0.453711,0.003711,0,13.976471,1.429984,0,0,0,0
moving_020_r04_s10004,12.928,0.725983,-0.453390,0.003390,0,13.974289,1.431189,0,0,0,0
moving_020_r04_s10004,12.960,0.728909,-0.453058,0.003058,0,13.972099,1.432390,0,0,0,0
moving_020_r04_s10004,12.992,0.731833,-0.452715,0.002715,0,13.969902,1.433585,0,0,0,0
moving_020_r04_s10004,13.024,0.734755,-0.452360,0.002360,0,13.967698,1.434774,0,0,0,0
moving_020_r04_s10004,13.056,0.737676,-0.451994,0.001994,0,13.965486,1.435958,0,0,0,0
moving_020_r04_s10004,13.088,0.740597,-0.451620,0.001620,0,13.963271,1.437140,0,0,0,0
moving_020_r04_s10004,13.120,0.743516,-0.451240,0.001240,0,13.961050,1.438321,0,0,0,0
moving_020_r04_s10004,13.152,0.746434,-0.450851,0.000851,0,13.958824,1.439499,0,0,0,0
moving_020_r04_s10004,13.184,0.749351,-0.450456,0.000456,0,13.956595,1.440677,0,0,0,0
moving_020_r04_s10004,13.216,0.752268,-0.450058,0.000063,0,13.954363,1.441856,0,0,0,0
moving_020_r04_s10004,13.248,0.755184,-0.449655,0.000316,0,13.952129,1.443036,0,0,0,0
moving_020_r04_s10004,13.280,0.758100,-0.449249,0.000678,0,13.949893,1.444219,0,0,0,0
moving_020_r04_s10004,13.312,0.761016,-0.448846,0.001019,0,13.947659,1.445409,0,0,0,0
moving_020_r04_s10004,13.344,0.763932,-0.448443,0.001341,0,13.945426,1.446605,0,0,0,0
moving_020_r04_s10004,13.376,0.766850,-0.448050,0.001633,0,13.943200,1.447814,0,0,0,0
moving_020_r04_s10004,13.408,0.769770,-0.447672,0.001892,0,13.940983,1.449042,0,0,0,0
moving_020_r04_s10004,13.440,0.772693,-0.447316,0.002109,0,13.938781,1.450296,0,0,0,0
moving_020_r04_s10004,13.472,0.775618,-0.446988,0.002278,0,13.936599,1.451580,0,0,0,0
moving_020_r04_s10004,13.504,0.778540,-0.446640,0.002449,0,13.934404,1.452849,0,0,0,0
moving_020_r04_s10004,13.536,0.781455,-0.446170,0.002723,0,13.932122,1.454017,0,0,0,0
moving_020_r04_s10004,13.568,0.784359,-0.445618,0.003060,0,13.929787,1.455115,0,0,0,0
moving_020_r04_s10004,13.600,0.787238,-0.444985,0.003460,0,13.927408,1.456136,0,0,0,0
moving_020_r04_s10004,13.632,0.790116,-0.444355,0.003838,0,13.925032,1.457164,0,0,0,0
moving_020_r04_s10004,13.664,0.792989,-0.443712,0.004210,0,13.922650,1.458185,0,0,0,0
moving_020_r04_s10004,13.696,0.795857,-0.443055,0.004578,0,13.920260,1.459196,0,0,0,0
moving_020_r04_s10004,13.728,0.798722,-0.442386,0.004940,0,13.917864,1.460200,0,0,0,0
moving_020_r04_s10004,13.760,0.801584,-0.441706,0.005293,0,13.915462,1.461199,0,0,0,0
moving_020_r04_s10004,13.792,0.804443,-0.441016,0.005636,0,13.913054,1.462194,0,0,0,0
moving_020_r04_s10004,13.824,0.807301,-0.440317,0.005970,0,13.910642,1.463185,0,0,0,0
moving_020_r04_s10004,13.856,0.810156,-0.439610,0.006293,0,13.908224,1.464173,0,0,0,0
moving_020_r04_s10004,13.888,0.813010,-0.438897,0.006603,0,13.905802,1.465160,0,0,0,0
moving_020_r04_s10004,13.920,0.815863,-0.438176,0.006902,0,13.903377,1.466146,0,0,0,0
moving_020_r04_s10004,13.952,0.818714,-0.437447,0.007189,0,13.900946,1.467129,0,0,0,0
moving_020_r04_s10004,13.984,0.821564,-0.436715,0.007460,0,13.898514,1.468116,0,0,0,0
moving_020_r04_s10004,14.016,0.824414,-0.435978,0.007717,0,13.896079,1.469102,0,0,0,0
moving_020_r04_s10004,14.048,0.827263,-0.435240,0.007956,0,13.893643,1.470092,0,0,0,0
moving_020_r04_s10004,14.080,0.830114,-0.434503,0.008173,0,13.891208,1.471090,0,0,0,0
moving_020_r04_s10004,14.112,0.832965,-0.433773,0.008364,0,13.888778,1.472099,0,0,0,0
moving_020_r04_s10004,14.144,0.835819,-0.433057,0.008522,0,13.886356,1.473126,0,0,0,0
moving_020_r04_s10004,14.176,0.838677,-0.432353,0.008646,0,13.883942,1.474171,0,0,0,0
moving_020_r04_s10004,14.208,0.841539,-0.431667,0.008734,0,13.881537,1.475237,0,0,0,0
moving_020_r04_s10004,14.240,0.844407,-0.430998,0.008783,0,13.879143,1.476326,0,0,0,0
moving_020_r04_s10004,14.272,0.847280,-0.430354,0.008789,0,13.876763,1.477443,0,0,0,0
moving_020_r04_s10004,14.304,0.850152,-0.429722,0.008762,0,13.874394,1.478576,0,0,0,0
moving_020_r04_s10004,14.336,0.853008,-0.428983,0.008823,0,13.871956,1.479616,0,0,0,0
moving_020_r04_s10004,14.368,0.855844,-0.428160,0.008951,0,13.869467,1.480581,0,0,0,0
moving_020_r04_s10004,14.400,0.858659,-0.427260,0.009140,0,13.866934,1.481476,0,0,0,0
moving_020_r04_s10004,14.432,0.861434,-0.426282,0.009394,0,13.864370,1.482290,0,0,0,0
moving_020_r04_s10004,14.464,0.864236,-0.425369,0.009559,0,13.861836,1.483178,0,0,0,0
moving_020_r04_s10004,14.496,0.867035,-0.424457,0.009704,0,13.859305,1.484070,0,0,0,0
moving_020_r04_s10004,14.528,0.869833,-0.423547,0.009828,0,13.856777,1.484970,0,0,0,0
moving_020_r04_s10004,14.560,0.872630,-0.422631,0.009937,0,13.854246,1.485868,0,0,0,0
moving_020_r04_s10004,14.592,0.875427,-0.421721,0.010022,0,13.851718,1.486777,0,0,0,0
moving_020_r04_s10004,14.624,0.878224,-0.420812,0.010086,0,13.849192,1.487692,0,0,0,0
moving_020_r04_s10004,14.656,0.881016,-0.419884,0.010150,0,13.846655,1.488593,0,0,0,0
moving_020_r04_s10004,14.688,0.883798,-0.418928,0.010225,0,13.844103,1.489472,0,0,0,0
moving_020_r04_s10004,14.720,0.886573,-0.417949,0.010303,0,13.841540,1.490333,0,0,0,0
moving_020_r04_s10004,14.752,0.889341,-0.416952,0.010381,0,13.838966,1.491182,0,0,0,0
moving_020_r04_s10004,14.784,0.892103,-0.415936,0.010460,0,13.836383,1.492015,0,0,0,0
moving_020_r04_s10004,14.816,0.894859,-0.414902,0.010537,0,13.833791,1.492837,0,0,0,0
moving_020_r04_s10004,14.848,0.897609,-0.413856,0.010608,0,13.831193,1.493651,0,0,0,0
moving_020_r04_s10004,14.880,0.900356,-0.412798,0.010672,0,13.828589,1.494459,0,0,0,0
moving_020_r04_s10004,14.912,0.903100,-0.411733,0.010724,0,13.825982,1.495265,0,0,0,0
moving_020_r04_s10004,14.944,0.905844,-0.410668,0.010756,0,13.823375,1.496076,0,0,0,0
moving_020_r04_s10004,14.976,0.908589,-0.409606,0.010765,0,13.820769,1.496895,0,0,0,0
moving_020_r04_s10004,15.008,0.911334,-0.408544,0.010754,0,13.818163,1.497720,0,0,0,0
moving_020_r04_s10004,15.040,0.914081,-0.407483,0.010723,0,13.815558,1.498552,0,0,0,0
moving_020_r04_s10004,15.072,0.916829,-0.406431,0.010661,0,13.812958,1.499398,0,0,0,0
moving_020_r04_s10004,15.104,0.919584,-0.405396,0.010563,0,13.810366,1.500266,0,0,0,0
moving_020_r04_s10004,15.136,0.922347,-0.404381,0.010423,0,13.807785,1.501160,0,0,0,0
moving_020_r04_s10004,15.168,0.925091,-0.403311,0.010322,0,13.805174,1.502005,0,0,0,0
moving_020_r04_s10004,15.200,0.927804,-0.402148,0.010299,0,13.802515,1.502762,0,0,0,0
moving_020_r04_s10004,15.232,0.930490,-0.400922,0.010324,0,13.799825,1.503459,0,0,0,0
moving_020_r04_s10004,15.264,0.933134,-0.399627,0.010409,0,13.797112,1.504081,0,0,0,0
moving_020_r04_s10004,15.296,0.935797,-0.398367,0.010436,0,13.794412,1.504747,0,0,0,0
moving_020_r04_s10004,15.328,0.938453,-0.397097,0.010454,0,13.791709,1.505407,0,0,0,0
moving_020_r04_s10004,15.360,0.941103,-0.395815,0.010466,0,13.789002,1.506060,0,0,0,0
moving_020_r04_s10004,15.392,0.943744,-0.394519,0.010475,0,13.786290,1.506701,0,0,0,0
moving_020_r04_s10004,15.424,0.946381,-0.393215,0.010473,0,13.783575,1.507339,0,0,0,0
moving_020_r04_s10004,15.456,0.949014,-0.391901,0.010462,0,13.780855,1.507972,0,0,0,0
moving_020_r04_s10004,15.488,0.951635,-0.390563,0.010459,0,13.778124,1.508584,0,0,0,0
moving_020_r04_s10004,15.520,0.954243,-0.389200,0.010464,0,13.775384,1.509174,0,0,0,0
moving_020_r04_s10004,15.552,0.956839,-0.387814,0.010475,0,13.772634,1.509745,0,0,0,0
moving_020_r04_s10004,15.584,0.959425,-0.386409,0.010489,0,13.769876,1.510300,0,0,0,0
moving_020_r04_s10004,15.616,0.961999,-0.384982,0.010506,0,13.767110,1.510836,0,0,0,0
moving_020_r04_s10004,15.648,0.964565,-0.383539,0.010522,0,13.764337,1.511360,0,0,0,0
moving_020_r04_s10004,15.680,0.967121,-0.382082,0.010537,0,13.761559,1.511872,0,0,0,0
moving_020_r04_s10004,15.712,0.969670,-0.380610,0.010547,0,13.758776,1.512374,0,0,0,0
moving_020_r04_s10004,15.744,0.972213,-0.379128,0.010549,0,13.755989,1.512870,0,0,0,0
moving_020_r04_s10004,15.776,0.974751,-0.377638,0.010542,0,13.753199,1.513362,0,0,0,0
moving_020_r04_s10004,15.808,0.977285,-0.376142,0.010522,0,13.750407,1.513853,0,0,0,0
moving_020_r04_s10004,15.840,0.979817,-0.374641,0.010487,0,13.747613,1.514344,0,0,0,0
moving_020_r04_s10004,15.872,0.982350,-0.373138,0.010434,0,13.744818,1.514840,0,0,0,0
moving_020_r04_s10004,15.904,0.984884,-0.371642,0.010354,0,13.742026,1.515347,0,0,0,0
moving_020_r04_s10004,15.936,0.987424,-0.370156,0.010244,0,13.739238,1.515871,0,0,0,0
moving_020_r04_s10004,15.968,0.989976,-0.368688,0.010092,0,13.736456,1.516422,0,0,0,0
moving_020_r04_s10004,16.000,0.992527,-0.367220,0.009920,0,13.733675,1.516979,0,0,0,0
moving_020_r04_s10004,16.032,0.995031,-0.365660,0.009833,0,13.730855,1.517440,0,0,0,0
moving_020_r04_s10004,16.064,0.997492,-0.364029,0.009808,0,13.728009,1.517825,0,0,0,0
moving_020_r04_s10004,16.096,0.999905,-0.362338,0.009840,0,13.725151,1.518139,0,0,0,0
moving_020_r04_s10004,16.128,1.002322,-0.360653,0.009844,0,13.722294,1.518466,0,0,0,0
moving_020_r04_s10004,16.160,1.004726,-0.358952,0.009850,0,13.719433,1.518778,0,0,0,0
moving_020_r04_s10004,16.192,1.007115,-0.357232,0.009860,0,13.716568,1.519071,0,0,0,0
moving_020_r04_s10004,16.224,1.009489,-0.355493,0.009875,0,13.713699,1.519346,0,0,0,0
moving_020_r04_s10004,16.256,1.011852,-0.353741,0.009888,0,13.710826,1.519609,0,0,0,0
moving_020_r04_s10004,16.288,1.014205,-0.351975,0.009897,0,13.707950,1.519861,0,0,0,0
moving_020_r04_s10004,16.320,1.016544,-0.350191,0.009910,0,13.705069,1.520097,0,0,0,0
moving_020_r04_s10004,16.352,1.018867,-0.348384,0.009931,0,13.702183,1.520310,0,0,0,0
moving_020_r04_s10004,16.384,1.021175,-0.346559,0.009956,0,13.699291,1.520504,0,0,0,0
moving_020_r04_s10004,16.416,1.023468,-0.344715,0.009985,0,13.696396,1.520681,0,0,0,0
moving_020_r04_s10004,16.448,1.025747,-0.342854,0.010017,0,13.693496,1.520841,0,0,0,0
moving_020_r04_s10004,16.480,1.028015,-0.340978,0.010047,0,13.690593,1.520989,0,0,0,0
moving_020_r04_s10004,16.512,1.030270,-0.339087,0.010078,0,13.687687,1.521122,0,0,0,0
moving_020_r04_s10004,16.544,1.032516,-0.337187,0.010102,0,13.684780,1.521248,0,0,0,0
moving_020_r04_s10004,16.576,1.034757,-0.335279,0.010115,0,13.681870,1.521371,0,0,0,0
moving_020_r04_s10004,16.608,1.036993,-0.333365,0.010117,0,13.678960,1.521492,0,0,0,0
moving_020_r04_s10004,16.640,1.039224,-0.331446,0.010106,0,13.676048,1.521610,0,0,0,0
moving_020_r04_s10004,16.672,1.041453,-0.329524,0.010079,0,13.673136,1.521732,0,0,0,0
moving_020_r04_s10004,16.704,1.043681,-0.327600,0.010034,0,13.670222,1.521857,0,0,0,0
moving_020_r04_s10004,16.736,1.045910,-0.325678,0.009967,0,13.667310,1.521989,0,0,0,0
moving_020_r04_s10004,16.768,1.048149,-0.323767,0.009866,0,13.664399,1.522142,0,0,0,0
moving_020_r04_s10004,16.800,1.050400,-0.321870,0.009727,0,13.661491,1.522320,0,0,0,0
moving_020_r04_s10004,16.832,1.052662,-0.319989,0.009549,0,13.658588,1.522522,0,0,0,0
moving_020_r04_s10004,16.864,1.054870,-0.318034,0.009442,0,13.655664,1.522638,0,0,0,0
moving_020_r04_s10004,16.896,1.057020,-0.316010,0.009405,0,13.652727,1.522672,0,0,0,0
moving_020_r04_s10004,16.928,1.059110,-0.313933,0.009429,0,13.649788,1.522630,0,0,0,0
moving_020_r04_s10004,16.960,1.061200,-0.311855,0.009434,0,13.646849,1.522594,0,0,0,0
moving_020_r04_s10004,16.992,1.063268,-0.309758,0.009448,0,13.643910,1.522534,0,0,0,0
moving_020_r04_s10004,17.024,1.065316,-0.307643,0.009468,0,13.640971,1.522454,0,0,0,0
moving_020_r04_s10004,17.056,1.067343,-0.305510,0.009497,0,13.638031,1.522351,0,0,0,0
moving_020_r04_s10004,17.088,1.069354,-0.303363,0.009527,0,13.635091,1.522233,0,0,0,0
moving_020_r04_s10004,17.120,1.071353,-0.301204,0.009556,0,13.632151,1.522103,0,0,0,0
moving_020_r04_s10004,17.152,1.073335,-0.299030,0.009586,0,13.629210,1.521957,0,0,0,0
moving_020_r04_s10004,17.184,1.075296,-0.296838,0.009625,0,13.626269,1.521789,0,0,0,0
moving_020_r04_s10004,17.216,1.077242,-0.294631,0.009666,0,13.623327,1.521605,0,0,0,0
moving_020_r04_s10004,17.248,1.079171,-0.292410,0.009708,0,13.620385,1.521405,0,0,0,0
moving_020_r04_s10004,17.280,1.081085,-0.290175,0.009752,0,13.617443,1.521190,0,0,0,0
moving_020_r04_s10004,17.312,1.082984,-0.287928,0.009795,0,13.614501,1.520962,0,0,0,0
moving_020_r04_s10004,17.344,1.084871,-0.285671,0.009833,0,13.611559,1.520724,0,0,0,0
moving_020_r04_s10004,17.376,1.086748,-0.283405,0.009866,0,13.608618,1.520478,0,0,0,0
moving_020_r04_s10004,17.408,1.088616,-0.281131,0.009891,0,13.605676,1.520225,0,0,0,0
moving_020_r04_s10004,17.440,1.090477,-0.278852,0.009905,0,13.602735,1.519970,0,0,0,0
moving_020_r04_s10004,17.472,1.092333,-0.276568,0.009907,0,13.599794,1.519713,0,0,0,0
moving_020_r04_s10004,17.504,1.094186,-0.274280,0.009894,0,13.596851,1.519457,0,0,0,0
moving_020_r04_s10004,17.536,1.096040,-0.271994,0.009859,0,13.593910,1.519209,0,0,0,0
moving_020_r04_s10004,17.568,1.097898,-0.269712,0.009798,0,13.590968,1.518972,0,0,0,0
moving_020_r04_s10004,17.600,1.099768,-0.267438,0.009704,1,13.588025,1.518754,0,0,0,0
moving_020_r04_s10004,17.632,1.101652,-0.265176,0.009572,1,13.585081,1.518561,0,0,0,0
moving_020_r04_s10004,17.664,1.103553,-0.262930,0.009396,1,13.582139,1.518398,0,0,0,0
moving_020_r04_s10004,17.696,1.105397,-0.260631,0.009278,1,13.579194,1.518162,0,0,0,0
moving_020_r04_s10004,17.728,1.107174,-0.258274,0.009230,1,13.576250,1.517843,0,0,0,0
moving_020_r04_s10004,17.760,1.108885,-0.255874,0.009239,1,13.573315,1.517452,0,0,0,0
moving_020_r04_s10004,17.792,1.110584,-0.253467,0.009243,1,13.570383,1.517053,0,0,0,0
moving_020_r04_s10004,17.824,1.112262,-0.251045,0.009254,1,13.567455,1.516634,0,0,0,0
moving_020_r04_s10004,17.856,1.113914,-0.248609,0.009273,1,13.564531,1.516193,0,0,0,0
moving_020_r04_s10004,17.888,1.115545,-0.246159,0.009299,1,13.561612,1.515732,0,0,0,0
moving_020_r04_s10004,17.920,1.117157,-0.243699,0.009326,1,13.558697,1.515256,0,0,0,0
moving_020_r04_s10004,17.952,1.118754,-0.241229,0.009352,1,13.555785,1.514767,0,0,0,0
moving_020_r04_s10004,17.984,1.120335,-0.238748,0.009377,1,13.552875,1.514265,0,0,0,0
moving_020_r04_s10004,18.016,1.121893,-0.236253,0.009409,1,13.549969,1.513742,0,0,0,0
moving_020_r04_s10004,18.048,1.123435,-0.233748,0.009442,1,13.547067,1.513205,0,0,0,0
moving_020_r04_s10004,18.080,1.124960,-0.231233,0.009474,1,13.544167,1.512655,0,0,0,0
moving_020_r04_s10004,18.112,1.126470,-0.228709,0.009503,1,13.541271,1.512094,0,0,0,0
moving_020_r04_s10004,18.144,1.127965,-0.226175,0.009532,1,13.538377,1.511520,0,0,0,0
moving_020_r04_s10004,18.176,1.129446,-0.223633,0.009556,1,13.535487,1.510936,0,0,0,0
moving_020_r04_s10004,18.208,1.130917,-0.221085,0.009572,1,13.532598,1.510346,0,0,0,0
moving_020_r04_s10004,18.240,1.132379,-0.218532,0.009580,1,13.529712,1.509751,0,0,0,0
moving_020_r04_s10004,18.272,1.133834,-0.215974,0.009576,1,13.526827,1.509153,0,0,0,0
moving_020_r04_s10004,18.304,1.135282,-0.213413,0.009560,1,13.523943,1.508553,0,0,0,0
moving_020_r04_s10004,18.336,1.136727,-0.210849,0.009528,1,13.521060,1.507956,0,0,0,0
moving_020_r04_s10004,18.368,1.138171,-0.208284,0.009479,1,13.518176,1.507361,0,0,0,0
moving_020_r04_s10004,18.400,1.139620,-0.205722,0.009404,1,13.515291,1.506778,0,0,0,0
moving_020_r04_s10004,18.432,1.141077,-0.203164,0.009300,1,13.512404,1.506210,0,0,0,0
moving_020_r04_s10004,18.464,1.142549,-0.200614,0.009159,1,13.509514,1.505663,0,0,0,0
moving_020_r04_s10004,18.496,1.144044,-0.198078,0.008972,1,13.506619,1.505149,0,0,0,0
moving_020_r04_s10004,18.528,1.145528,-0.195537,0.008778,1,13.503727,1.504628,0,0,0,0
moving_020_r04_s10004,18.560,1.146920,-0.192935,0.008673,1,13.500850,1.504004,0,0,0,0
moving_020_r04_s10004,18.592,1.148243,-0.190293,0.008628,1,13.497988,1.503307,0,0,0,0
moving_020_r04_s10004,18.624,1.149461,-0.187607,0.008678,1,13.495162,1.502506,0,0,0,0
moving_020_r04_s10004,18.656,1.150676,-0.184921,0.008710,1,13.492337,1.501708,0,0,0,0
moving_020_r04_s10004,18.688,1.151859,-0.182224,0.008756,1,13.489525,1.500885,0,0,0,0
moving_020_r04_s10004,18.720,1.153018,-0.179519,0.008808,1,13.486723,1.500042,0,0,0,0
moving_020_r04_s10004,18.752,1.154148,-0.176805,0.008870,1,13.483933,1.499178,0,0,0,0
moving_020_r04_s10004,18.784,1.155260,-0.174084,0.008932,1,13.481151,1.498300,0,0,0,0
moving_020_r04_s10004,18.816,1.156355,-0.171357,0.008993,1,13.478374,1.497410,0,0,0,0
moving_020_r04_s10004,18.848,1.157425,-0.168621,0.009060,1,13.475607,1.496501,0,0,0,0
moving_020_r04_s10004,18.880,1.158475,-0.165877,0.009129,1,13.472847,1.495576,0,0,0,0
moving_020_r04_s10004,18.912,1.159504,-0.163124,0.009202,1,13.470095,1.494634,0,0,0,0
moving_020_r04_s10004,18.944,1.160513,-0.160364,0.009276,1,13.467351,1.493678,0,0,0,0
moving_020_r04_s10004,18.976,1.161504,-0.157598,0.009350,1,13.464613,1.492709,0,0,0,0
moving_020_r04_s10004,19.008,1.162481,-0.154825,0.009420,1,13.461881,1.491730,0,0,0,0
moving_020_r04_s10004,19.040,1.163442,-0.152047,0.009486,1,13.459154,1.490741,0,0,0,0
moving_020_r04_s10004,19.072,1.164390,-0.149264,0.009547,1,13.456432,1.489743,0,0,0,0
moving_020_r04_s10004,19.104,1.165326,-0.146477,0.009601,1,13.453715,1.488739,0,0,0,0
moving_020_r04_s10004,19.136,1.166254,-0.143686,0.009644,1,13.451001,1.487731,0,0,0,0
moving_020_r04_s10004,19.168,1.167178,-0.140893,0.009673,1,13.448288,1.486724,0,0,0,0
moving_020_r04_s10004,19.200,1.168100,-0.138098,0.009684,1,13.445575,1.485719,0,0,0,0
moving_020_r04_s10004,19.232,1.169023,-0.135303,0.009674,1,13.442861,1.484720,0,0,0,0
moving_020_r04_s10004,19.264,1.169959,-0.132512,0.009631,1,13.440142,1.483739,0,0,0,0
moving_020_r04_s10004,19.296,1.170911,-0.129726,0.009552,1,13.437417,1.482779,0,0,0,0
moving_020_r04_s10004,19.328,1.171872,-0.126945,0.009443,1,13.434689,1.481834,0,0,0,0
moving_020_r04_s10004,19.360,1.172741,-0.124126,0.009413,1,13.431993,1.480799,0,0,0,0
moving_020_r04_s10004,19.392,1.173527,-0.121280,0.009450,1,13.429331,1.479687,0,0,0,0
moving_020_r04_s10004,19.424,1.174235,-0.118419,0.009548,1,13.426709,1.478507,0,0,0,0
moving_020_r04_s10004,19.456,1.174930,-0.115558,0.009637,1,13.424097,1.477323,0,0,0,0
moving_020_r04_s10004,19.488,1.175623,-0.112697,0.009710,1,13.421486,1.476143,0,0,0,0
moving_020_r04_s10004,19.520,1.176295,-0.109834,0.009783,1,13.418886,1.474949,0,0,0,0
moving_020_r04_s10004,19.552,1.176948,-0.106968,0.009856,1,13.416298,1.473743,0,0,0,0
moving_020_r04_s10004,19.584,1.177584,-0.104100,0.009926,1,13.413719,1.472527,0,0,0,0
moving_020_r04_s10004,19.616,1.178210,-0.101230,0.009987,1,13.411146,1.471307,0,0,0,0
moving_020_r04_s10004,19.648,1.178821,-0.098355,0.010044,1,13.408578,1.470077,0,0,0,0
moving_020_r04_s10004,19.680,1.179402,-0.095474,0.010112,1,13.406027,1.468824,0,0,0,0
moving_020_r04_s10004,19.712,1.179956,-0.092588,0.010188,1,13.403489,1.467551,0,0,0,0
moving_020_r04_s10004,19.744,1.180484,-0.089697,0.010270,1,13.400964,1.466259,0,0,0,0
moving_020_r04_s10004,19.776,1.180990,-0.086802,0.010356,1,13.398451,1.464952,0,0,0,0
moving_020_r04_s10004,19.808,1.181473,-0.083903,0.010445,1,13.395951,1.463627,0,0,0,0
moving_020_r04_s10004,19.840,1.181938,-0.081001,0.010532,1,13.393461,1.462293,0,0,0,0
moving_020_r04_s10004,19.872,1.182388,-0.078096,0.010616,1,13.390978,1.460948,0,0,0,0
moving_020_r04_s10004,19.904,1.182824,-0.075189,0.010693,1,13.388503,1.459597,0,0,0,0
moving_020_r04_s10004,19.936,1.183250,-0.072281,0.010761,1,13.386034,1.458240,0,0,0,0
moving_020_r04_s10004,19.968,1.183670,-0.069367,0.010818,1,13.383566,1.456880,0,0,0,0
moving_020_r04_s10004,20.000,1.184088,-0.066454,0.010855,1,13.381098,1.455524,0,0,0,0
moving_020_r04_s10004,20.032,1.184509,-0.063541,0.010870,1,13.378630,1.454174,0,0,0,0
moving_020_r04_s10004,20.064,1.184934,-0.060628,0.010861,1,13.376159,1.452833,0,0,0,0
moving_020_r04_s10004,20.096,1.185371,-0.057717,0.010820,1,13.373681,1.451508,0,0,0,0
moving_020_r04_s10004,20.128,1.185825,-0.054808,0.010742,1,13.371195,1.450202,0,0,0,0
moving_020_r04_s10004,20.160,1.186234,-0.051892,0.010690,1,13.368732,1.448860,0,0,0,0
moving_020_r04_s10004,20.192,1.186540,-0.048956,0.010723,1,13.366323,1.447428,0,0,0,0
moving_020_r04_s10004,20.224,1.186770,-0.046012,0.010813,1,13.363958,1.445932,0,0,0,0
moving_020_r04_s10004,20.256,1.186916,-0.043065,0.010966,1,13.361647,1.444371,0,0,0,0
moving_020_r04_s10004,20.288,1.187017,-0.040118,0.011145,1,13.359365,1.442777,0,0,0,0
moving_020_r04_s10004,20.320,1.187075,-0.037169,0.011347,1,13.357110,1.441150,0,0,0,0
moving_020_r04_s10004,20.352,1.187052,-0.034219,0.011611,1,13.354910,1.439460,0,0,0,0
moving_020_r04_s10004,20.384,1.186960,-0.031273,0.011922,1,13.352757,1.437720,0,0,0,0
moving_020_r04_s10004,20.416,1.186819,-0.028332,0.012263,1,13.350640,1.435945,0,0,0,0
moving_020_r04_s10004,20.448,1.186639,-0.025394,0.012624,1,13.348553,1.434145,0,0,0,0
moving_020_r04_s10004,20.480,1.186428,-0.022460,0.012995,1,13.346489,1.432324,0,0,0,0
moving_020_r04_s10004,20.512,1.186194,-0.019529,0.013369,1,13.344442,1.430490,0,0,0,0
moving_020_r04_s10004,20.544,1.185941,-0.016599,0.013744,1,13.342410,1.428644,0,0,0,0
moving_020_r04_s10004,20.576,1.185669,-0.013671,0.014117,1,13.340391,1.426788,0,0,0,0
moving_020_r04_s10004,20.608,1.185385,-0.010743,0.014482,1,13.338381,1.424926,0,0,0,0
moving_020_r04_s10004,20.640,1.185087,-0.007817,0.014843,1,13.336383,1.423055,0,0,0,0
moving_020_r04_s10004,20.672,1.184777,-0.004892,0.015195,1,13.334392,1.421180,0,0,0,0
moving_020_r04_s10004,20.704,1.184459,-0.001967,0.015537,1,13.332408,1.419301,0,0,0,0
moving_020_r04_s10004,20.736,1.184130,0.000957,0.015869,1,13.330432,1.417417,0,0,0,0
moving_020_r04_s10004,20.768,1.183790,0.003881,0.016193,1,13.328464,1.415528,0,0,0,0
moving_020_r04_s10004,20.800,1.183420,0.006801,0.016526,1,13.326519,1.413619,0,0,0,0
moving_020_r04_s10004,20.832,1.183041,0.009720,0.016850,1,13.324581,1.411707,0,0,0,0
moving_020_r04_s10004,20.864,1.182639,0.012637,0.017176,1,13.322660,1.409781,0,0,0,0
moving_020_r04_s10004,20.896,1.182216,0.015552,0.017504,1,13.320755,1.407841,0,0,0,0
moving_020_r04_s10004,20.928,1.181708,0.018458,0.017897,1,13.318913,1.405838,0,0,0,0
moving_020_r04_s10004,20.960,1.181126,0.021352,0.018345,1,13.317130,1.403783,0,0,0,0
moving_020_r04_s10004,20.992,1.180476,0.024230,0.018842,1,13.315404,1.401682,0,0,0,0
moving_020_r04_s10004,21.024,1.179770,0.027093,0.019377,1,13.313727,1.399545,0,0,0,0
moving_020_r04_s10004,21.056,1.179018,0.029943,0.019938,1,13.312091,1.397379,0,0,0,0
moving_020_r04_s10004,21.088,1.178220,0.032781,0.020527,1,13.310495,1.395184,0,0,0,0
moving_020_r04_s10004,21.120,1.177440,0.035323,0.021103,1,13.309108,1.393165,0,0,0,0
moving_020_r04_s10004,21.152,1.176549,0.037771,0.021782,1,13.307866,1.391105,0,0,0,0
moving_020_r04_s10004,21.184,1.176075,0.038830,0.022160,1,13.307388,1.390138,0,0,0,0
moving_020_r04_s10004,21.216,1.175651,0.039743,0.022498,1,13.306985,1.389293,0,0,0,0
moving_020_r04_s10004,21.248,1.175223,0.040777,0.022826,1,13.306495,1.388381,0,0,0,0
moving_020_r04_s10004,21.280,1.174832,0.041840,0.023112,1,13.305959,1.387484,0,0,0,0
moving_020_r04_s10004,21.312,1.173999,0.044340,0.023689,1,13.304641,1.385449,0,0,0,0
moving_020_r04_s10004,21.344,1.172973,0.046954,0.024429,1,13.303366,1.383193,0,0,0,0
moving_020_r04_s10004,21.376,1.171814,0.049545,0.025287,1,13.302196,1.380837,0,0,0,0
moving_020_r04_s10004,21.408,1.170542,0.052072,0.026246,1,13.301150,1.378422,0,0,0,0
moving_020_r04_s10004,21.440,1.169115,0.054622,0.027341,1,13.300191,1.375864,0,0,0,0
moving_020_r04_s10004,21.472,1.167644,0.057149,0.028464,1,13.299278,1.373283,0,0,0,0
moving_020_r04_s10004,21.504,1.166136,0.059664,0.029609,1,13.298400,1.370677,0,0,0,0
moving_020_r04_s10004,21.536,1.164609,0.062171,0.030756,1,13.297540,1.368061,0,0,0,0
moving_020_r04_s10004,21.568,1.163068,0.064671,0.031900,1,13.296696,1.365439,0,0,0,0
moving_020_r04_s10004,21.600,1.161517,0.067164,0.033038,1,13.295864,1.362812,0,0,0,0
moving_020_r04_s10004,21.632,1.159959,0.069654,0.034165,1,13.295040,1.360182,0,0,0,0
moving_020_r04_s10004,21.664,1.158395,0.072141,0.035283,1,13.294223,1.357550,0,0,0,0
moving_020_r04_s10004,21.696,1.156824,0.074626,0.036388,1,13.293412,1.354915,0,0,0,0
moving_020_r04_s10004,21.728,1.155250,0.077109,0.037480,1,13.292606,1.352279,0,0,0,0
moving_020_r04_s10004,21.760,1.153673,0.079592,0.038555,1,13.291802,1.349642,0,0,0,0
moving_020_r04_s10004,21.792,1.152097,0.082074,0.039612,1,13.290998,1.347007,0,0,0,0
moving_020_r04_s10004,21.824,1.150522,0.084558,0.040649,1,13.290193,1.344373,0,0,0,0
moving_020_r04_s10004,21.856,1.148947,0.087043,0.041668,1,13.289389,1.341740,0,0,0,0
moving_020_r04_s10004,21.888,1.147371,0.089528,0.042669,1,13.288585,1.339108,0,0,0,0
moving_020_r04_s10004,21.920,1.145794,0.092013,0.043651,1,13.287783,1.336477,0,0,0,0
moving_020_r04_s10004,21.952,1.144217,0.094499,0.044615,1,13.286981,1.333846,0,0,0,0
moving_020_r04_s10004,21.984,1.142639,0.096985,0.045560,1,13.286179,1.331215,0,0,0,0
moving_020_r04_s10004,22.016,1.141065,0.099471,0.046483,1,13.285376,1.328589,0,0,0,0
moving_020_r04_s10004,22.048,1.139495,0.101961,0.047381,1,13.284567,1.325966,0,0,0,0
moving_020_r04_s10004,22.080,1.137933,0.104456,0.048250,1,13.283750,1.323349,0,0,0,0
moving_020_r04_s10004,22.112,1.136383,0.106959,0.049086,1,13.282920,1.320739,0,0,0,0
moving_020_r04_s10004,22.144,1.134846,0.109470,0.049887,1,13.282076,1.318138,0,0,0,0
moving_020_r04_s10004,22.176,1.133325,0.111991,0.050651,1,13.281214,1.315546,0,0,0,0
moving_020_r04_s10004,22.208,1.131822,0.114523,0.051373,1,13.280333,1.312966,0,0,0,0
moving_020_r04_s10004,22.240,1.130337,0.117065,0.052055,1,13.279432,1.310398,0,0,0,0
moving_020_r04_s10004,22.272,1.128870,0.119619,0.052695,1,13.278511,1.307842,0,0,0,0
moving_020_r04_s10004,22.304,1.127423,0.122184,0.053292,1,13.277570,1.305299,0,0,0,0
moving_020_r04_s10004,22.336,1.125995,0.124759,0.053848,1,13.276610,1.302768,0,0,0,0
moving_020_r04_s10004,22.368,1.124587,0.127345,0.054359,1,13.275627,1.300252,0,0,0,0
moving_020_r04_s10004,22.400,1.123199,0.129942,0.054826,1,13.274624,1.297749,0,0,0,0
moving_020_r04_s10004,22.432,1.121832,0.132550,0.055249,1,13.273599,1.295261,0,0,0,0
moving_020_r04_s10004,22.464,1.120485,0.135168,0.055627,1,13.272554,1.292786,0,0,0,0
moving_020_r04_s10004,22.496,1.119159,0.137796,0.055962,1,13.271489,1.290327,0,0,0,0
moving_020_r04_s10004,22.528,1.117851,0.140433,0.056255,1,13.270405,1.287880,0,0,0,0
moving_020_r04_s10004,22.560,1.116561,0.143079,0.056505,1,13.269302,1.285448,0,0,0,0
moving_020_r04_s10004,22.592,1.115290,0.145734,0.056712,1,13.268181,1.283030,0,0,0,0
moving_020_r04_s10004,22.624,1.114038,0.148398,0.056877,1,13.267041,1.280626,0,0,0,0
moving_020_r04_s10004,22.656,1.112805,0.151071,0.056998,1,13.265882,1.278236,0,0,0,0
moving_020_r04_s10004,22.688,1.111590,0.153752,0.057079,1,13.264707,1.275860,0,0,0,0
moving_020_r04_s10004,22.720,1.110391,0.156440,0.057119,1,13.263514,1.273497,0,0,0,0
moving_020_r04_s10004,22.752,1.109210,0.159136,0.057118,1,13.262305,1.271149,0,0,0,0
moving_020_r04_s10004,22.784,1.108045,0.161839,0.057077,1,13.261081,1.268813,0,0,0,0
moving_020_r04_s10004,22.816,1.106894,0.164547,0.057000,1,13.259844,1.266490,0,0,0,0
moving_020_r04_s10004,22.848,1.105755,0.167261,0.056887,1,13.258596,1.264177,0,0,0,0
moving_020_r04_s10004,22.880,1.104624,0.169978,0.056743,1,13.257339,1.261872,0,0,0,0
moving_020_r04_s10004,22.912,1.103501,0.172698,0.056569,1,13.256076,1.259576,0,0,0,0
moving_020_r04_s10004,22.944,1.102384,0.175421,0.056367,1,13.254807,1.257286,0,0,0,0
moving_020_r04_s10004,22.976,1.101270,0.178144,0.056140,1,13.253537,1.255000,0,0,0,0
moving_020_r04_s10004,23.008,1.100156,0.180869,0.055890,1,13.252266,1.252718,0,0,0,0
moving_020_r04_s10004,23.040,1.099044,0.183595,0.055616,1,13.250993,1.250439,0,0,0,0
moving_020_r04_s10004,23.072,1.097930,0.186319,0.055322,1,13.249723,1.248162,0,0,0,0
moving_020_r04_s10004,23.104,1.096815,0.189044,0.055008,1,13.248455,1.245886,0,0,0,0
moving_020_r04_s10004,23.136,1.095699,0.191768,0.054674,1,13.247188,1.243613,0,0,0,0
moving_020_r04_s10004,23.168,1.094582,0.194492,0.054319,1,13.245923,1.241342,0,0,0,0
moving_020_r04_s10004,23.200,1.093459,0.197213,0.053948,1,13.244663,1.239070,0,0,0,0
moving_020_r04_s10004,23.232,1.092333,0.199933,0.053560,1,13.243408,1.236798,0,0,0,0
moving_020_r04_s10004,23.264,1.091200,0.202651,0.053156,1,13.242159,1.234524,0,0,0,0
moving_020_r04_s10004,23.296,1.090062,0.205366,0.052738,1,13.240916,1.232250,0,0,0,0
moving_020_r04_s10004,23.328,1.088914,0.208077,0.052308,1,13.239683,1.229972,0,0,0,0
moving_020_r04_s10004,23.360,1.087758,0.210785,0.051866,1,13.238459,1.227690,0,0,0,0
moving_020_r04_s10004,23.392,1.086591,0.213488,0.051415,1,13.237246,1.225404,0,0,0,0
moving_020_r04_s10004,23.424,1.085411,0.216185,0.050955,1,13.236046,1.223113,0,0,0,0
moving_020_r04_s10004,23.456,1.084220,0.218878,0.050487,1,13.234858,1.220816,0,0,0,0
moving_020_r04_s10004,23.488,1.083016,0.221565,0.050012,1,13.233684,1.218513,0,0,0,0
moving_020_r04_s10004,23.520,1.081799,0.224245,0.049530,1,13.232524,1.216204,0,0,0,0
moving_020_r04_s10004,23.552,1.080568,0.226920,0.049041,1,13.231377,1.213888,0,0,0,0
moving_020_r04_s10004,23.584,1.079328,0.229590,0.048542,1,13.230242,1.211569,0,0,0,0
moving_020_r04_s10004,23.616,1.078074,0.232254,0.048037,1,13.229120,1.209243,0,0,0,0
moving_020_r04_s10004,23.648,1.076805,0.234911,0.047526,1,13.228014,1.206910,0,0,0,0
moving_020_r04_s10004,23.680,1.075520,0.237560,0.047013,1,13.226926,1.204568,0,0,0,0
moving_020_r04_s10004,23.712,1.074224,0.240204,0.046491,1,13.225849,1.202222,0,0,0,0
moving_020_r04_s10004,23.744,1.072916,0.242842,0.045962,1,13.224786,1.199870,0,0,0,0
moving_020_r04_s10004,23.776,1.071573,0.245464,0.045449,1,13.223758,1.197497,0,0,0,0
moving_020_r04_s10004,23.808,1.070191,0.248067,0.044957,1,13.222772,1.195100,0,0,0,0
moving_020_r04_s10004,23.840,1.068765,0.250646,0.044494,1,13.221832,1.192675,0,0,0,0
moving_020_r04_s10004,23.872,1.067291,0.253200,0.044064,1,13.220945,1.190222,0,0,0,0
moving_020_r04_s10004,23.904,1.065766,0.255724,0.043672,1,13.220116,1.187738,0,0,0,0
moving_020_r04_s10004,23.936,1.064191,0.258218,0.043315,1,13.219342,1.185225,0,0,0,0
moving_020_r04_s10004,23.968,1.062564,0.260677,0.043000,1,13.218629,1.182683,0,0,0,0
moving_020_r04_s10004,24.000,1.060890,0.263104,0.042721,1,13.217974,1.180114,0,0,0,0
moving_020_r04_s10004,24.032,1.059169,0.265497,0.042478,1,13.217375,1.177520,0,0,0,0
moving_020_r04_s10004,24.064,1.057404,0.267856,0.042269,1,13.216832,1.174902,0,0,0,0
moving_020_r04_s10004,24.096,1.055600,0.270176,0.042095,1,13.216345,1.172268,0,0,0,0
moving_020_r04_s10004,24.128,1.053771,0.272441,0.041954,1,13.215915,1.169637,0,0,0,0
moving_020_r04_s10004,24.160,1.051905,0.274667,0.041847,1,13.215540,1.166990,0,0,0,0
moving_020_r04_s10004,24.192,1.050001,0.276864,0.041767,1,13.215213,1.164323,0,0,0,0
moving_020_r04_s10004,24.224,1.048040,0.279057,0.041710,1,13.214928,1.161607,0,0,0,0
moving_020_r04_s10004,24.256,1.046052,0.281225,0.041669,1,13.214680,1.158879,0,0,0,0
moving_020_r04_s10004,24.288,1.044040,0.283368,0.041641,1,13.214468,1.156141,0,0,0,0
moving_020_r04_s10004,24.320,1.042009,0.285493,0.041618,1,13.214282,1.153394,0,0,0,0
moving_020_r04_s10004,24.352,1.039964,0.287605,0.041594,1,13.214116,1.150643,0,0,0,0
moving_020_r04_s10004,24.384,1.037911,0.289709,0.041558,1,13.213961,1.147887,0,0,0,0
moving_020_r04_s10004,24.416,1.035844,0.291800,0.041523,1,13.213828,1.145125,0,0,0,0
moving_020_r04_s10004,24.448,1.033764,0.293878,0.041483,1,13.213712,1.142358,0,0,0,0
moving_020_r04_s10004,24.480,1.031674,0.295948,0.041435,1,13.213610,1.139586,0,0,0,0
moving_020_r04_s10004,24.512,1.029569,0.298005,0.041386,1,13.213529,1.136808,0,0,0,0
moving_020_r04_s10004,24.544,1.027442,0.300038,0.041348,1,13.213480,1.134019,0,0,0,0
moving_020_r04_s10004,24.576,1.025292,0.302049,0.041320,1,13.213465,1.131221,0,0,0,0
moving_020_r04_s10004,24.608,1.023118,0.304035,0.041306,1,13.213483,1.128412,0,0,0,0
moving_020_r04_s10004,24.640,1.020923,0.305997,0.041303,1,13.213535,1.125594,0,0,0,0
moving_020_r04_s10004,24.672,1.018704,0.307933,0.041314,1,13.213623,1.122766,0,0,0,0
moving_020_r04_s10004,24.704,1.016462,0.309843,0.041338,1,13.213746,1.119930,0,0,0,0
moving_020_r04_s10004,24.736,1.014198,0.311726,0.041375,1,13.213905,1.117085,0,0,0,0
moving_020_r04_s10004,24.768,1.011915,0.313585,0.041423,1,13.214095,1.114232,0,0,0,0
moving_020_r04_s10004,24.800,1.009611,0.315419,0.041482,1,13.214319,1.111373,0,0,0,0
moving_020_r04_s10004,24.832,1.007289,0.317228,0.041550,1,13.214572,1.108507,0,0,0,0
moving_020_r04_s10004,24.864,1.004951,0.319017,0.041622,1,13.214852,1.105637,0,0,0,0
moving_020_r04_s10004,24.896,1.002598,0.320785,0.041700,1,13.215160,1.102761,0,0,0,0
moving_020_r04_s10004,24.928,1.000230,0.322533,0.041781,1,13.215492,1.099880,0,0,0,0
moving_020_r04_s10004,24.960,0.997849,0.324263,0.041863,1,13.215847,1.096995,0,0,0,0
moving_020_r04_s10004,24.992,0.995456,0.325975,0.041946,1,13.216224,1.094107,0,0,0,0
moving_020_r04_s10004,25.024,0.993050,0.327670,0.042028,1,13.216623,1.091215,0,0,0,0
moving_020_r04_s10004,25.056,0.990634,0.329351,0.042107,1,13.217039,1.088320,0,0,0,0
moving_020_r04_s10004,25.088,0.988209,0.331017,0.042182,1,13.217474,1.085423,0,0,0,0
moving_020_r04_s10004,25.120,0.985774,0.332672,0.042250,1,13.217923,1.082522,0,0,0,0
moving_020_r04_s10004,25.152,0.983343,0.334332,0.042291,1,13.218368,1.079622,0,0,0,0
moving_020_r04_s10004,25.184,0.980905,0.335981,0.042323,1,13.218825,1.076721,0,0,0,0
moving_020_r04_s10004,25.216,0.978463,0.337623,0.042342,1,13.219291,1.073819,0,0,0,0
moving_020_r04_s10004,25.248,0.976015,0.339257,0.042350,1,13.219767,1.070915,0,0,0,0
moving_020_r04_s10004,25.280,0.973557,0.340877,0.042354,1,13.220262,1.068009,0,0,0,0
moving_020_r04_s10004,25.312,0.971088,0.342479,0.042358,1,13.220778,1.065099,0,0,0,0
moving_020_r04_s10004,25.344,0.968607,0.344065,0.042360,1,13.221313,1.062186,0,0,0,0
moving_020_r04_s10004,25.376,0.966115,0.345633,0.042363,1,13.221871,1.059270,0,0,0,0
moving_020_r04_s10004,25.408,0.963611,0.347181,0.042368,1,13.222452,1.056351,0,0,0,0
moving_020_r04_s10004,25.440,0.961094,0.348710,0.042374,1,13.223057,1.053429,0,0,0,0
moving_020_r04_s10004,25.472,0.958564,0.350217,0.042384,1,13.223686,1.050504,0,0,0,0
moving_020_r04_s10004,25.504,0.956023,0.351705,0.042395,1,13.224338,1.047577,0,0,0,0
moving_020_r04_s10004,25.536,0.953470,0.353171,0.042410,1,13.225015,1.044647,0,0,0,0
moving_020_r04_s10004,25.568,0.950905,0.354617,0.042427,1,13.225715,1.041715,0,0,0,0
moving_020_r04_s10004,25.600,0.948328,0.356041,0.042447,1,13.226440,1.038782,0,0,0,0
moving_020_r04_s10004,25.632,0.945740,0.357444,0.042471,1,13.227188,1.035846,0,0,0,0
moving_020_r04_s10004,25.664,0.943140,0.358826,0.042496,1,13.227961,1.032909,0,0,0,0
moving_020_r04_s10004,25.696,0.940531,0.360189,0.042522,1,13.228754,1.029971,0,0,0,0
moving_020_r04_s10004,25.728,0.937912,0.361532,0.042549,1,13.229570,1.027031,0,0,0,0
moving_020_r04_s10004,25.760,0.935282,0.362855,0.042577,1,13.230407,1.024091,0,0,0,0
moving_020_r04_s10004,25.792,0.932644,0.364161,0.042603,1,13.231263,1.021150,0,0,0,0
moving_020_r04_s10004,25.824,0.929998,0.365451,0.042626,1,13.232138,1.018208,0,0,0,0
moving_020_r04_s10004,25.856,0.927344,0.366721,0.042649,1,13.233033,1.015266,0,0,0,0
moving_020_r04_s10004,25.888,0.924682,0.367978,0.042665,1,13.233943,1.012323,0,0,0,0
moving_020_r04_s10004,25.920,0.922022,0.369240,0.042655,1,13.234848,1.009380,0,0,0,0
moving_020_r04_s10004,25.952,0.919356,0.370487,0.042640,1,13.235770,1.006438,0,0,0,0
moving_020_r04_s10004,25.984,0.916686,0.371725,0.042614,1,13.236702,1.003495,0,0,0,0
moving_020_r04_s10004,26.016,0.914012,0.372954,0.042576,1,13.237643,1.000552,0,0,0,0
moving_020_r04_s10004,26.048,0.911331,0.374169,0.042532,1,13.238600,0.997608,0,0,0,0
moving_020_r04_s10004,26.080,0.908641,0.375366,0.042488,1,13.239577,0.994664,0,0,0,0
moving_020_r04_s10004,26.112,0.905942,0.376542,0.042444,1,13.240575,0.991720,0,0,0,0
moving_020_r04_s10004,26.144,0.903234,0.377697,0.042403,1,13.241596,0.988776,0,0,0,0
moving_020_r04_s10004,26.176,0.900515,0.378828,0.042366,1,13.242642,0.985833,0,0,0,0
moving_020_r04_s10004,26.208,0.897787,0.379935,0.042334,1,13.243713,0.982890,0,0,0,0
moving_020_r04_s10004,26.240,0.895048,0.381017,0.042308,1,13.244810,0.979948,0,0,0,0
moving_020_r04_s10004,26.272,0.892299,0.382073,0.042288,1,13.245933,0.977007,0,0,0,0
moving_020_r04_s10004,26.304,0.889540,0.383103,0.042276,1,13.247082,0.974068,0,0,0,0
moving_020_r04_s10004,26.336,0.886771,0.384104,0.042271,1,13.248260,0.971131,0,0,0,0
moving_020_r04_s10004,26.368,0.883993,0.385078,0.042275,1,13.249465,0.968197,0,0,0,0
moving_020_r04_s10004,26.400,0.881205,0.386027,0.042285,1,13.250694,0.965266,0,0,0,0
moving_020_r04_s10004,26.432,0.878410,0.386949,0.042301,1,13.251949,0.962337,0,0,0,0
moving_020_r04_s10004,26.464,0.875606,0.387846,0.042322,1,13.253229,0.959412,0,0,0,0
moving_020_r04_s10004,26.496,0.872795,0.388718,0.042347,1,13.254531,0.956490,0,0,0,0
moving_020_r04_s10004,26.528,0.869977,0.389566,0.042377,1,13.255857,0.953572,0,0,0,0
moving_020_r04_s10004,26.560,0.867153,0.390392,0.042408,1,13.257204,0.950657,0,0,0,0
moving_020_r04_s10004,26.592,0.864323,0.391198,0.042440,1,13.258570,0.947745,0,0,0,0
moving_020_r04_s10004,26.624,0.861488,0.391982,0.042472,1,13.259955,0.944838,0,0,0,0
moving_020_r04_s10004,26.656,0.858646,0.392750,0.042499,1,13.261357,0.941932,0,0,0,0
moving_020_r04_s10004,26.688,0.855807,0.393525,0.042499,1,13.262753,0.939025,0,0,0,0
moving_020_r04_s10004,26.720,0.852965,0.394283,0.042495,1,13.264164,0.936123,0,0,0,0
moving_020_r04_s10004,26.752,0.850119,0.395030,0.042480,1,13.265586,0.933223,0,0,0,0
moving_020_r04_s10004,26.784,0.847271,0.395767,0.042454,1,13.267017,0.930324,0,0,0,0
moving_020_r04_s10004,26.816,0.844419,0.396493,0.042420,1,13.268459,0.927427,0,0,0,0
moving_020_r04_s10004,26.848,0.841561,0.397197,0.042386,1,13.269922,0.924534,0,0,0,0
moving_020_r04_s10004,26.880,0.838698,0.397881,0.042353,1,13.271403,0.921645,0,0,0,0
moving_020_r04_s10004,26.912,0.835829,0.398541,0.042322,1,13.272906,0.918761,0,0,0,0
moving_020_r04_s10004,26.944,0.832955,0.399177,0.042295,1,13.274431,0.915882,0,0,0,0
moving_020_r04_s10004,26.976,0.830075,0.399788,0.042271,1,13.275978,0.913009,0,0,0,0
moving_020_r04_s10004,27.008,0.827189,0.400374,0.042253,1,13.277548,0.910142,0,0,0,0
moving_020_r04_s10004,27.040,0.824298,0.400931,0.042243,1,13.279143,0.907282,0,0,0,0
moving_020_r04_s10004,27.072,0.821401,0.401461,0.042239,1,13.280762,0.904429,0,0,0,0
moving_020_r04_s10004,27.104,0.818500,0.401964,0.042242,1,13.282403,0.901584,0,0,0,0
moving_020_r04_s10004,27.136,0.815595,0.402439,0.042250,1,13.284069,0.898748,0,0,0,0
moving_020_r04_s10004,27.168,0.812685,0.402887,0.042266,1,13.285757,0.895920,0,0,0,0
moving_020_r04_s10004,27.200,0.809772,0.403308,0.042287,1,13.287467,0.893101,0,0,0,0
moving_020_r04_s10004,27.232,0.806856,0.403704,0.042312,1,13.289198,0.890290,0,0,0,0
moving_020_r04_s10004,27.264,0.803938,0.404074,0.042342,1,13.290950,0.887488,0,0,0,0
moving_020_r04_s10004,27.296,0.801017,0.404422,0.042373,1,13.292720,0.884696,0,0,0,0
moving_020_r04_s10004,27.328,0.798094,0.404750,0.042403,1,13.294506,0.881911,0,0,0,0
moving_020_r04_s10004,27.360,0.795170,0.405058,0.042432,1,13.296309,0.879134,0,0,0,0
moving_020_r04_s10004,27.392,0.792243,0.405347,0.042457,1,13.298125,0.876364,0,0,0,0
moving_020_r04_s10004,27.424,0.789316,0.405621,0.042478,1,13.299955,0.873601,0,0,0,0
moving_020_r04_s10004,27.456,0.786387,0.405880,0.042493,1,13.301797,0.870845,0,0,0,0
moving_020_r04_s10004,27.488,0.783453,0.406123,0.042501,1,13.303654,0.868091,0,0,0,0
moving_020_r04_s10004,27.520,0.780518,0.406344,0.042511,1,13.305528,0.865348,0,0,0,0
moving_020_r04_s10004,27.552,0.777583,0.406574,0.042492,1,13.307396,0.862602,0,0,0,0
moving_020_r04_s10004,27.584,0.774647,0.406787,0.042467,1,13.309278,0.859864,0,0,0,0
moving_020_r04_s10004,27.616,0.771708,0.406972,0.042449,1,13.311182,0.857137,0,0,0,0
moving_020_r04_s10004,27.648,0.768768,0.407130,0.042438,1,13.313107,0.854421,0,0,0,0
moving_020_r04_s10004,27.680,0.765826,0.407261,0.042431,1,13.315052,0.851718,0,0,0,0
moving_020_r04_s10004,27.712,0.762883,0.407366,0.042430,1,13.317017,0.849027,0,0,0,0
moving_020_r04_s10004,27.744,0.759940,0.407448,0.042431,1,13.319000,0.846347,0,0,0,0
moving_020_r04_s10004,27.776,0.756996,0.407505,0.042435,1,13.321002,0.843679,0,0,0,0
moving_020_r04_s10004,27.808,0.754051,0.407540,0.042440,1,13.323020,0.841023,0,0,0,0
moving_020_r04_s10004,27.840,0.751107,0.407553,0.042445,1,13.325054,0.838378,0,0,0,0
moving_020_r04_s10004,27.872,0.748163,0.407546,0.042454,1,13.327102,0.835745,0,0,0,0
moving_020_r04_s10004,27.904,0.745219,0.407519,0.042481,1,13.329166,0.833123,0,0,0,0
moving_020_r04_s10004,27.936,0.742275,0.407473,0.042527,1,13.331243,0.830511,0,0,0,0
moving_020_r04_s10004,27.968,0.739332,0.407409,0.042591,1,13.333333,0.827911,0,0,0,0
moving_020_r04_s10004,28.000,0.736389,0.407328,0.042672,1,13.335435,0.825320,0,0,0,0
moving_020_r04_s10004,28.032,0.733447,0.407231,0.042769,1,13.337550,0.822740,0,0,0,0
moving_020_r04_s10004,28.064,0.730505,0.407119,0.042881,1,13.339674,0.820170,0,0,0,0
moving_020_r04_s10004,28.096,0.727564,0.406991,0.043009,1,13.341810,0.817609,0,0,0,0
moving_020_r04_s10004,28.128,0.724623,0.406851,0.043149,1,13.343954,0.815058,0,0,0,0
moving_020_r04_s10004,28.160,0.721684,0.406697,0.043303,1,13.346109,0.812516,0,0,0,0
moving_020_r04_s10004,28.192,0.718745,0.406529,0.043471,1,13.348273,0.809984,0,0,0,0
moving_020_r04_s10004,28.224,0.715806,0.406350,0.043650,1,13.350445,0.807461,0,0,0,0
moving_020_r04_s10004,28.256,0.712868,0.406159,0.043841,1,13.352625,0.804946,0,0,0,0
moving_020_r04_s10004,28.288,0.709931,0.405955,0.044045,1,13.354814,0.802441,0,0,0,0
moving_020_r04_s10004,28.320,0.706995,0.405742,0.044258,1,13.357010,0.799945,0,0,0,0
moving_020_r04_s10004,28.352,0.704060,0.405518,0.044482,1,13.359213,0.797456,0,0,0,0
moving_020_r04_s10004,28.384,0.701125,0.405284,0.044716,1,13.361424,0.794977,0,0,0,0
moving_020_r04_s10004,28.416,0.698191,0.405042,0.044958,1,13.363640,0.792505,0,0,0,0
moving_020_r04_s10004,28.448,0.695258,0.404790,0.045210,1,13.365862,0.790042,0,0,0,0
moving_020_r04_s10004,28.480,0.692325,0.404533,0.045467,1,13.368089,0.787585,0,0,0,0
moving_020_r04_s10004,28.512,0.689393,0.404270,0.045730,1,13.370319,0.785134,0,0,0,0
moving_020_r04_s10004,28.544,0.686462,0.404002,0.045998,1,13.372553,0.782690,0,0,0,0
moving_020_r04_s10004,28.576,0.683530,0.403729,0.046271,1,13.374791,0.780252,0,0,0,0
moving_020_r04_s10004,28.608,0.680600,0.403450,0.046550,1,13.377032,0.777821,0,0,0,0
moving_020_r04_s10004,28.640,0.677669,0.403166,0.046834,1,13.379278,0.775397,0,0,0,0
moving_020_r04_s10004,28.672,0.674740,0.402875,0.047125,1,13.381528,0.772979,0,0,0,0
moving_020_r04_s10004,28.704,0.671810,0.402582,0.047418,1,13.383779,0.770567,0,0,0,0
moving_020_r04_s10004,28.736,0.668881,0.402285,0.047715,1,13.386034,0.768161,0,0,0,0
moving_020_r04_s10004,28.768,0.665953,0.401983,0.048017,1,13.388292,0.765761,0,0,0,0
moving_020_r04_s10004,28.800,0.663024,0.401683,0.048317,1,13.390549,0.763364,0,0,0,0
moving_020_r04_s10004,28.832,0.660096,0.401382,0.048618,1,13.392807,0.760972,0,0,0,0
moving_020_r04_s10004,28.864,0.657167,0.401081,0.048919,1,13.395065,0.758583,0,0,0,0
moving_020_r04_s10004,28.896,0.654239,0.400779,0.049221,1,13.397325,0.756199,0,0,0,0
moving_020_r04_s10004,28.928,0.651310,0.400476,0.049524,1,13.399584,0.753820,0,0,0,0
moving_020_r04_s10004,28.960,0.648382,0.400172,0.049828,1,13.401845,0.751444,0,0,0,0
moving_020_r04_s10004,28.992,0.645454,0.399868,0.050132,1,13.404106,0.749073,0,0,0,0
moving_020_r04_s10004,29.024,0.642526,0.399563,0.050437,1,13.406368,0.746707,0,0,0,0
moving_020_r04_s10004,29.056,0.639598,0.399258,0.050742,1,13.408631,0.744345,0,0,0,0
moving_020_r04_s10004,29.088,0.636670,0.398951,0.051049,1,13.410894,0.741988,0,0,0,0
moving_020_r04_s10004,29.120,0.633742,0.398644,0.051356,1,13.413159,0.739636,0,0,0,0
moving_020_r04_s10004,29.152,0.630813,0.398341,0.051659,1,13.415421,0.737285,0,0,0,0
moving_020_r04_s10004,29.184,0.627885,0.398040,0.051960,1,13.417681,0.734937,0,0,0,0
moving_020_r04_s10004,29.216,0.624956,0.397743,0.052257,1,13.419940,0.732592,0,0,0,0
moving_020_r04_s10004,29.248,0.622027,0.397447,0.052553,1,13.422198,0.730249,0,0,0,0
moving_020_r04_s10004,29.280,0.619097,0.397157,0.052843,1,13.424453,0.727908,0,0,0,0
moving_020_r04_s10004,29.312,0.616167,0.396872,0.053128,1,13.426705,0.725568,0,0,0,0
moving_020_r04_s10004,29.344,0.613236,0.396593,0.053407,1,13.428953,0.723229,0,0,0,0
moving_020_r04_s10004,29.376,0.610304,0.396322,0.053678,1,13.431196,0.720888,0,0,0,0
moving_020_r04_s10004,29.408,0.607372,0.396059,0.053941,1,13.433433,0.718548,0,0,0,0
moving_020_r04_s10004,29.440,0.604439,0.395805,0.054195,1,13.435667,0.716207,0,0,0,0
moving_020_r04_s10004,29.472,0.601505,0.395560,0.054440,1,13.437894,0.713865,0,0,0,0
moving_020_r04_s10004,29.504,0.598570,0.395324,0.054676,1,13.440115,0.711521,0,0,0,0
moving_020_r04_s10004,29.536,0.595635,0.395098,0.054902,1,13.442330,0.709176,0,0,0,0
moving_020_r04_s10004,29.568,0.592699,0.394884,0.055116,1,13.444537,0.706828,0,0,0,0
moving_020_r04_s10004,29.600,0.589761,0.394680,0.055320,1,13.446738,0.704479,0,0,0,0
moving_020_r04_s10004,29.632,0.586824,0.394488,0.055512,1,13.448932,0.702127,0,0,0,0
moving_020_r04_s10004,29.664,0.583885,0.394308,0.055692,1,13.451117,0.699771,0,0,0,0
moving_020_r04_s10004,29.696,0.580945,0.394142,0.055858,1,13.453293,0.697412,0,0,0,0
moving_020_r04_s10004,29.728,0.578005,0.393988,0.056012,1,13.455462,0.695051,0,0,0,0
moving_020_r04_s10004,29.760,0.575064,0.393847,0.056153,1,13.457622,0.692686,0,0,0,0
moving_020_r04_s10004,29.792,0.572123,0.393718,0.056282,1,13.459774,0.690318,0,0,0,0
moving_020_r04_s10004,29.824,0.569181,0.393604,0.056396,1,13.461916,0.687946,0,0,0,0
moving_020_r04_s10004,29.856,0.566239,0.393502,0.056498,1,13.464050,0.685571,0,0,0,0
moving_020_r04_s10004,29.888,0.563296,0.393412,0.056588,1,13.466176,0.683193,0,0,0,0
moving_020_r04_s10004,29.920,0.560353,0.393335,0.056665,1,13.468294,0.680812,0,0,0,0
moving_020_r04_s10004,29.952,0.557410,0.393270,0.056730,1,13.470403,0.678429,0,0,0,0
moving_020_r04_s10004,29.984,0.554466,0.393218,0.056782,1,13.472504,0.676042,0,0,0,0
moving_020_r04_s10004,30.016,0.551522,0.393178,0.056822,1,13.474597,0.673653,0,0,0,0
moving_020_r04_s10004,30.048,0.548578,0.393151,0.056849,1,13.476681,0.671260,0,0,0,0
moving_020_r04_s10004,30.080,0.545634,0.393136,0.056864,1,13.478756,0.668865,0,0,0,0
moving_020_r04_s10004,30.112,0.542690,0.393133,0.056867,1,13.480823,0.666467,0,0,0,0
moving_020_r04_s10004,30.144,0.539746,0.393141,0.056859,1,13.482884,0.664068,0,0,0,0
moving_020_r04_s10004,30.176,0.536802,0.393159,0.056841,1,13.484936,0.661667,0,0,0,0
moving_020_r04_s10004,30.208,0.533858,0.393187,0.056813,1,13.486982,0.659264,0,0,0,0
moving_020_r04_s10004,30.240,0.530915,0.393227,0.056773,1,13.489020,0.656859,0,0,0,0
moving_020_r04_s10004,30.272,0.527971,0.393277,0.056723,1,13.491051,0.654452,0,0,0,0
moving_020_r04_s10004,30.304,0.525028,0.393336,0.056664,1,13.493076,0.652046,0,0,0,0
moving_020_r04_s10004,30.336,0.522084,0.393403,0.056597,1,13.495095,0.649638,0,0,0,0
moving_020_r04_s10004,30.368,0.519141,0.393480,0.056520,1,13.497108,0.647229,0,0,0,0
moving_020_r04_s10004,30.400,0.516199,0.393565,0.056435,1,13.499114,0.644820,0,0,0,0
moving_020_r04_s10004,30.432,0.513256,0.393657,0.056343,1,13.501116,0.642412,0,0,0,0
moving_020_r04_s10004,30.464,0.510314,0.393757,0.056243,1,13.503113,0.640003,0,0,0,0
moving_020_r04_s10004,30.496,0.507372,0.393861,0.056139,1,13.505106,0.637597,0,0,0,0
moving_020_r04_s10004,30.528,0.504430,0.393971,0.056029,1,13.507096,0.635191,0,0,0,0
moving_020_r04_s10004,30.560,0.501488,0.394086,0.055914,1,13.509082,0.632787,0,0,0,0
moving_020_r04_s10004,30.592,0.498547,0.394205,0.055795,1,13.511066,0.630386,0,0,0,0
moving_020_r04_s10004,30.624,0.495605,0.394328,0.055672,1,13.513047,0.627987,0,0,0,0
moving_020_r04_s10004,30.656,0.492664,0.394455,0.055545,1,13.515026,0.625590,0,0,0,0
moving_020_r04_s10004,30.688,0.489723,0.394586,0.055414,1,13.517002,0.623196,0,0,0,0
moving_020_r04_s10004,30.720,0.486782,0.394721,0.055279,1,13.518976,0.620804,0,0,0,0
moving_020_r04_s10004,30.752,0.483841,0.394859,0.055141,1,13.520947,0.618414,0,0,0,0
moving_020_r04_s10004,30.784,0.480901,0.395000,0.055000,1,13.522917,0.616028,0,0,0,0
moving_020_r04_s10004,30.816,0.477960,0.395143,0.054857,1,13.524885,0.613645,0,0,0,0
moving_020_r04_s10004,30.848,0.475020,0.395289,0.054711,1,13.526852,0.611266,0,0,0,0
moving_020_r04_s10004,30.880,0.472080,0.395437,0.054563,1,13.528818,0.608891,0,0,0,0
moving_020_r04_s10004,30.912,0.469139,0.395587,0.054413,1,13.530782,0.606519,0,0,0,0
moving_020_r04_s10004,30.944,0.466199,0.395740,0.054260,1,13.532744,0.604150,0,0,0,0
moving_020_r04_s10004,30.976,0.463259,0.395895,0.054105,1,13.534705,0.601785,0,0,0,0
moving_020_r04_s10004,31.008,0.460319,0.396048,0.053952,1,13.536668,0.599427,0,0,0,0
moving_020_r04_s10004,31.040,0.457379,0.396201,0.053799,1,13.538633,0.597074,0,0,0,0
moving_020_r04_s10004,31.072,0.454439,0.396352,0.053648,1,13.540598,0.594728,0,0,0,0
moving_020_r04_s10004,31.104,0.451499,0.396502,0.053498,1,13.542564,0.592387,0,0,0,0
moving_020_r04_s10004,31.136,0.448559,0.396651,0.053349,1,13.544532,0.590052,0,0,0,0
moving_020_r04_s10004,31.168,0.445619,0.396799,0.053201,1,13.546500,0.587724,0,0,0,0
moving_020_r04_s10004,31.200,0.442678,0.396946,0.053054,1,13.548470,0.585401,0,0,0,0
moving_020_r04_s10004,31.232,0.439738,0.397093,0.052907,1,13.550441,0.583084,0,0,0,0
moving_020_r04_s10004,31.264,0.436798,0.397238,0.052762,1,13.552412,0.580774,0,0,0,0
moving_020_r04_s10004,31.296,0.433857,0.397383,0.052617,1,13.554384,0.578470,0,0,0,0
moving_020_r04_s10004,31.328,0.430917,0.397527,0.052473,1,13.556358,0.576172,0,0,0,0
moving_020_r04_s10004,31.360,0.427976,0.397671,0.052329,1,13.558332,0.573881,0,0,0,0
moving_020_r04_s10004,31.392,0.425036,0.397813,0.052187,1,13.560307,0.571596,0,0,0,0
moving_020_r04_s10004,31.424,0.422095,0.397955,0.052045,1,13.562283,0.569318,0,0,0,0
moving_020_r04_s10004,31.456,0.419154,0.398096,0.051904,1,13.564260,0.567046,0,0,0,0
moving_020_r04_s10004,31.488,0.416214,0.398236,0.051764,1,13.566238,0.564781,0,0,0,0
moving_020_r04_s10004,31.520,0.413273,0.398376,0.051624,1,13.568217,0.562523,0,0,0,0
moving_020_r04_s10004,31.552,0.410332,0.398514,0.051486,1,13.570197,0.560271,0,0,0,0
moving_020_r04_s10004,31.584,0.407392,0.398652,0.051348,1,13.572178,0.558027,0,0,0,0
moving_020_r04_s10004,31.616,0.404451,0.398789,0.051211,1,13.574160,0.555789,0,0,0,0
moving_020_r04_s10004,31.648,0.401510,0.398926,0.051074,1,13.576142,0.553559,0,0,0,0
moving_020_r04_s10004,31.680,0.398569,0.399061,0.050939,1,13.578126,0.551336,0,0,0,0
moving_020_r04_s10004,31.712,0.395628,0.399196,0.050804,1,13.580110,0.549120,0,0,0,0
moving_020_r04_s10004,31.744,0.392687,0.399330,0.050670,1,13.582096,0.546912,0,0,0,0
moving_020_r04_s10004,31.776,0.389746,0.399463,0.050537,1,13.584082,0.544711,0,0,0,0
moving_020_r04_s10004,31.808,0.386805,0.399596,0.050404,1,13.586069,0.542518,0,0,0,0
moving_020_r04_s10004,31.840,0.383864,0.399727,0.050273,1,13.588057,0.540332,0,0,0,0
moving_020_r04_s10004,31.872,0.380923,0.399858,0.050142,1,13.590046,0.538154,0,0,0,0
moving_020_r04_s10004,31.904,0.377982,0.399988,0.050012,1,13.592036,0.535984,0,0,0,0
moving_020_r04_s10004,31.936,0.375040,0.400113,0.049887,1,13.594031,0.533825,0,0,0,0
moving_020_r04_s10004,31.968,0.372099,0.400231,0.049769,1,13.596031,0.531679,0,0,0,0
moving_020_r04_s10004,32.000,0.369157,0.400343,0.049657,1,13.598035,0.529544,0,0,0,0
moving_020_r04_s10004,32.032,0.366215,0.400448,0.049552,1,13.600045,0.527421,0,0,0,0
moving_020_r04_s10004,32.064,0.363272,0.400548,0.049452,1,13.602059,0.525310,0,0,0,0
moving_020_r04_s10004,32.096,0.360330,0.400642,0.049358,1,13.604078,0.523212,0,0,0,0
moving_020_r04_s10004,32.128,0.357387,0.400732,0.049268,1,13.606099,0.521124,0,0,0,0
moving_020_r04_s10004,32.160,0.354444,0.400818,0.049182,1,13.608124,0.519047,0,0,0,0
moving_020_r04_s10004,32.192,0.351501,0.400900,0.049100,1,13.610152,0.516982,0,0,0,0
moving_020_r04_s10004,32.224,0.348558,0.400976,0.049024,1,13.612185,0.514930,0,0,0,0
moving_020_r04_s10004,32.256,0.345615,0.401048,0.048952,1,13.614221,0.512889,0,0,0,0
moving_020_r04_s10004,32.288,0.342672,0.401114,0.048886,1,13.616262,0.510861,0,0,0,0
moving_020_r04_s10004,32.320,0.339729,0.401174,0.048826,1,13.618308,0.508847,0,0,0,0
moving_020_r04_s10004,32.352,0.336785,0.401228,0.048772,1,13.620358,0.506846,0,0,0,0
moving_020_r04_s10004,32.384,0.333841,0.401276,0.048724,1,13.622412,0.504858,0,0,0,0
moving_020_r04_s10004,32.416,0.330898,0.401321,0.048679,1,13.624470,0.502883,0,0,0,0
moving_020_r04_s10004,32.448,0.327954,0.401362,0.048638,1,13.626530,0.496100,0,1,0,0
moving_020_r04_s10004,32.480,0.325010,0.401399,0.048601,1,13.628594,0.489328,0,1,0,0
moving_020_r04_s10004,32.512,0.322067,0.401431,0.048569,1,13.630661,0.482569,0,1,0,0
moving_020_r04_s10004,32.544,0.319123,0.401457,0.048543,1,13.632733,0.475824,0,1,0,0
moving_020_r04_s10004,32.576,0.316179,0.401477,0.048523,1,13.634810,0.469092,0,1,0,0
moving_020_r04_s10004,32.608,0.313235,0.401491,0.048509,1,13.636891,0.462375,0,1,0,0
moving_020_r04_s10004,32.640,0.310291,0.401499,0.048501,1,13.638977,0.455672,0,1,0,0
moving_020_r04_s10004,32.672,0.307347,0.401501,0.048499,1,13.641067,0.448984,0,1,0,0
moving_020_r04_s10004,32.704,0.304403,0.401498,0.048502,1,13.643161,0.442311,0,1,0,0
moving_020_r04_s10004,32.736,0.301459,0.401489,0.048511,1,13.645260,0.435654,0,1,0,0
moving_020_r04_s10004,32.768,0.298515,0.401474,0.048526,1,13.647363,0.429014,0,1,0,0
moving_020_r04_s10004,32.800,0.295571,0.401453,0.048547,1,13.649471,0.422390,0,1,0,0
moving_020_r04_s10004,32.832,0.292627,0.401427,0.048573,1,13.651582,0.415783,0,1,0,0
moving_020_r04_s10004,32.864,0.289683,0.401395,0.048605,1,13.653698,0.409195,0,1,0,0
moving_020_r04_s10004,32.896,0.286739,0.401357,0.048643,1,13.655819,0.402624,0,1,0,0
moving_020_r04_s10004,32.928,0.283795,0.401313,0.048687,1,13.657944,0.396074,0,1,0,0
moving_020_r04_s10004,32.960,0.280852,0.401264,0.048736,1,13.660072,0.389542,0,1,0,0
moving_020_r04_s10004,32.992,0.277908,0.401209,0.048791,1,13.662206,0.383032,0,1,0,0
moving_020_r04_s10004,33.024,0.274965,0.401148,0.048852,2,13.664343,0.376543,0,1,0,0
moving_020_r04_s10004,33.056,0.272022,0.401083,0.048917,2,13.666483,0.370074,0,1,0,0
moving_020_r04_s10004,33.088,0.269078,0.401015,0.048985,2,13.668626,0.363627,0,1,0,0
moving_020_r04_s10004,33.120,0.266135,0.400943,0.049057,2,13.670772,0.357204,0,1,0,0
moving_020_r04_s10004,33.152,0.263192,0.400867,0.049133,2,13.672921,0.350804,0,1,0,0
moving_020_r04_s10004,33.184,0.260249,0.400791,0.049209,2,13.675070,0.344426,0,1,0,0
moving_020_r04_s10004,33.216,0.257306,0.400715,0.049285,2,13.677220,0.338071,0,1,0,0
moving_020_r04_s10004,33.248,0.254363,0.400639,0.049361,2,13.679370,0.331743,0,1,0,0
moving_020_r04_s10004,33.280,0.251420,0.400562,0.049438,2,13.681521,0.325440,0,1,0,0
moving_020_r04_s10004,33.312,0.248477,0.400485,0.049515,2,13.683672,0.319167,0,1,0,0
moving_020_r04_s10004,33.344,0.245534,0.400406,0.049594,2,13.685825,0.312923,0,1,0,0
moving_020_r04_s10004,33.376,0.242592,0.400327,0.049673,2,13.687978,0.306711,0,1,0,0
moving_020_r04_s10004,33.408,0.239649,0.400248,0.049752,2,13.690132,0.300533,0,1,0,0
moving_020_r04_s10004,33.440,0.236706,0.400167,0.049833,2,13.692286,0.294391,0,1,0,0
moving_020_r04_s10004,33.472,0.233763,0.400086,0.049914,2,13.694442,0.288287,0,1,0,0
moving_020_r04_s10004,33.504,0.230820,0.400004,0.049996,2,13.696598,0.282224,0,1,0,0
moving_020_r04_s10004,33.536,0.227877,0.399922,0.050078,2,13.698755,0.276204,0,1,0,0
moving_020_r04_s10004,33.568,0.224934,0.399838,0.050162,2,13.700913,0.270230,0,1,0,0
moving_020_r04_s10004,33.600,0.221992,0.399754,0.050246,2,13.703072,0.264305,0,1,0,0
moving_020_r04_s10004,33.632,0.219049,0.399669,0.050331,2,13.705231,0.258433,0,1,0,0
moving_020_r04_s10004,33.664,0.216106,0.399583,0.050417,2,13.707392,0.252616,0,1,0,0
moving_020_r04_s10004,33.696,0.213163,0.399496,0.050504,2,13.709553,0.246860,0,1,0,0
moving_020_r04_s10004,33.728,0.210221,0.399408,0.050592,2,13.711715,0.241168,0,1,0,0
moving_020_r04_s10004,33.760,0.207278,0.399320,0.050680,2,13.713878,0.235545,0,1,0,0
moving_020_r04_s10004,33.792,0.204335,0.399231,0.050769,2,13.716042,0.229995,0,1,0,0
moving_020_r04_s10004,33.824,0.201393,0.399141,0.050859,2,13.718207,0.224525,0,1,0,0
moving_020_r04_s10004,33.856,0.198450,0.399050,0.050950,2,13.720372,0.219139,0,1,0,0
moving_020_r04_s10004,33.888,0.195507,0.398959,0.051041,2,13.722539,0.213845,0,1,0,0
moving_020_r04_s10004,33.920,0.192565,0.398866,0.051134,2,13.724706,0.208650,0,1,0,0
moving_020_r04_s10004,33.952,0.189622,0.398773,0.051227,2,13.726874,0.203560,0,1,0,0
moving_020_r04_s10004,33.984,0.186680,0.398679,0.051321,2,13.729043,0.198584,0,1,0,0
moving_020_r04_s10004,34.016,0.183737,0.398585,0.051415,2,13.731212,0.193730,0,1,0,0
moving_020_r04_s10004,34.048,0.180795,0.398489,0.051511,2,13.733383,0.189008,0,1,0,0
moving_020_r04_s10004,34.080,0.177853,0.398393,0.051607,2,13.735554,0.184428,0,1,0,0
moving_020_r04_s10004,34.112,0.174910,0.398296,0.051704,2,13.737726,0.180000,0,1,0,0
moving_020_r04_s10004,34.144,0.171968,0.398198,0.051802,2,13.739899,0.175737,0,1,0,0
moving_020_r04_s10004,34.176,0.169025,0.398099,0.051901,2,13.742073,0.171650,0,1,0,0
moving_020_r04_s10004,34.208,0.166083,0.398000,0.052000,2,13.744247,0.167752,0,1,0,0
moving_020_r04_s10004,34.240,0.163141,0.397899,0.052101,2,13.746423,0.164056,0,1,0,0
moving_020_r04_s10004,34.272,0.160198,0.397803,0.052197,2,13.748596,0.160575,0,1,0,0
moving_020_r04_s10004,34.304,0.157256,0.397710,0.052290,2,13.750767,0.157326,0,1,0,0
moving_020_r04_s10004,34.336,0.154313,0.397619,0.052381,2,13.752937,0.154322,0,1,0,0
moving_020_r04_s10004,34.368,0.151371,0.397531,0.052469,2,13.755105,0.151578,0,1,0,0
moving_020_r04_s10004,34.400,0.148428,0.397446,0.052554,2,13.757272,0.149110,0,1,0,0
moving_020_r04_s10004,34.432,0.145485,0.397363,0.052637,2,13.759437,0.146931,0,1,0,0
moving_020_r04_s10004,34.464,0.142542,0.397283,0.052717,2,13.761600,0.145055,0,1,0,0
moving_020_r04_s10004,34.496,0.139599,0.397206,0.052794,2,13.763763,0.143494,0,1,0,0
moving_020_r04_s10004,34.528,0.136656,0.397131,0.052869,2,13.765923,0.142259,0,1,0,0
moving_020_r04_s10004,34.560,0.133713,0.397059,0.052941,2,13.768083,0.141358,0,1,0,0
moving_020_r04_s10004,34.592,0.130770,0.396989,0.053011,2,13.770241,0.140799,0,1,0,0
moving_020_r04_s10004,34.624,0.130769,0.396990,0.053010,2,13.770241,0.143294,0,1,0,0
moving_020_r04_s10004,34.656,0.130770,0.396990,0.053010,2,13.770240,0.146029,0,1,0,0
moving_020_r04_s10004,34.688,0.130770,0.396990,0.053010,2,13.770240,0.148988,0,1,0,0
moving_020_r04_s10004,34.720,0.130770,0.396991,0.053009,2,13.770240,0.152158,0,1,0,0
moving_020_r04_s10004,34.752,0.130770,0.396991,0.053009,2,13.770239,0.155527,0,1,0,0
moving_020_r04_s10004,34.784,0.130770,0.396991,0.053009,2,13.770239,0.159083,0,1,0,0
moving_020_r04_s10004,34.816,0.130770,0.396991,0.053009,2,13.770239,0.162813,0,1,0,0
moving_020_r04_s10004,34.848,0.130770,0.396991,0.053009,2,13.770239,0.166705,0,1,0,0
moving_020_r04_s10004,34.880,0.130769,0.396991,0.053009,2,13.770239,0.170748,0,1,0,0
moving_020_r04_s10004,34.912,0.130769,0.396991,0.053009,2,13.770239,0.174932,0,1,0,0
moving_020_r04_s10004,34.944,0.130769,0.396991,0.053009,2,13.770239,0.179246,0,1,0,0
moving_020_r04_s10004,34.976,0.128982,0.396948,0.053052,2,13.771551,0.182384,0,1,0,0
moving_020_r04_s10004,35.008,0.127195,0.396908,0.053092,2,13.772859,0.185706,0,1,0,0
moving_020_r04_s10004,35.040,0.125404,0.396871,0.053129,2,13.774169,0.189200,0,1,0,0
moving_020_r04_s10004,35.072,0.123612,0.396835,0.053165,2,13.775479,0.192859,0,1,0,0
moving_020_r04_s10004,35.104,0.121820,0.396801,0.053199,2,13.776787,0.196672,0,1,0,0
moving_020_r04_s10004,35.136,0.118877,0.396752,0.053248,2,13.778932,0.199932,0,1,0,0
moving_020_r04_s10004,35.168,0.115934,0.396705,0.053295,2,13.781075,0.203384,0,1,0,0
moving_020_r04_s10004,35.200,0.112991,0.396658,0.053342,2,13.783220,0.207013,0,1,0,0
moving_020_r04_s10004,35.232,0.110047,0.396614,0.053386,2,13.785362,0.210816,0,1,0,0
moving_020_r04_s10004,35.264,0.107103,0.396577,0.053423,2,13.787500,0.214785,0,1,0,0
moving_020_r04_s10004,35.296,0.104159,0.396542,0.053458,2,13.789636,0.218910,0,1,0,0
moving_020_r04_s10004,35.328,0.101215,0.396511,0.053489,2,13.791771,0.223182,0,1,0,0
moving_020_r04_s10004,35.360,0.098272,0.396483,0.053517,2,13.793903,0.227593,0,1,0,0
moving_020_r04_s10004,35.392,0.095328,0.396454,0.053546,2,13.796037,0.232131,0,1,0,0
moving_020_r04_s10004,35.424,0.092384,0.396429,0.053571,2,13.798168,0.236794,0,1,0,0
moving_020_r04_s10004,35.456,0.089440,0.396408,0.053592,2,13.800297,0.241575,0,1,0,0
moving_020_r04_s10004,35.488,0.086496,0.396390,0.053610,2,13.802424,0.246466,0,1,0,0
moving_020_r04_s10004,35.520,0.083552,0.396375,0.053625,2,13.804549,0.251461,0,1,0,0
moving_020_r04_s10004,35.552,0.080608,0.396363,0.053637,2,13.806671,0.256556,0,1,0,0
moving_020_r04_s10004,35.584,0.077664,0.396355,0.053645,2,13.808792,0.261743,0,1,0,0
moving_020_r04_s10004,35.616,0.074720,0.396351,0.053649,2,13.810911,0.267018,0,1,0,0
moving_020_r04_s10004,35.648,0.071776,0.396349,0.053651,2,13.813028,0.272377,0,1,0,0
moving_020_r04_s10004,35.680,0.068832,0.396351,0.053649,2,13.815143,0.277813,0,1,0,0
moving_020_r04_s10004,35.712,0.065888,0.396357,0.053643,2,13.817255,0.283324,0,1,0,0
moving_020_r04_s10004,35.744,0.062944,0.396365,0.053635,2,13.819366,13.819366,0,1,1,0
moving_020_r04_s10004,35.776,0.060000,0.396377,0.053623,2,13.821475,13.821475,0,1,1,0
moving_020_r04_s10004,35.808,0.057056,0.396388,0.053612,2,13.823585,13.823585,0,1,1,0
moving_020_r04_s10004,35.840,0.054112,0.396403,0.053597,2,13.825692,13.825692,0,1,1,0
moving_020_r04_s10004,35.872,0.051168,0.396421,0.053579,2,13.827797,13.827797,0,1,1,0
moving_020_r04_s10004,35.904,0.048224,0.396443,0.053557,2,13.829900,13.829900,0,1,1,0
moving_020_r04_s10004,35.936,0.045280,0.396468,0.053532,2,13.832002,13.832002,0,1,1,0
moving_020_r04_s10004,35.968,0.042336,0.396497,0.053503,2,13.834101,13.834101,0,1,1,0
moving_020_r04_s10004,36.000,0.039393,0.396528,0.053472,2,13.836198,13.836198,0,1,1,0
moving_020_r04_s10004,36.032,0.036449,0.396564,0.053436,2,13.838293,13.838293,0,1,1,0
moving_020_r04_s10004,36.064,0.033505,0.396602,0.053398,2,13.840386,13.840386,0,1,1,0
moving_020_r04_s10004,36.096,0.030561,0.396644,0.053356,2,13.842477,13.842477,0,1,1,0
moving_020_r04_s10004,36.128,0.027618,0.396689,0.053311,2,13.844565,13.844565,0,1,1,0
moving_020_r04_s10004,36.160,0.024674,0.396738,0.053262,2,13.846652,13.846652,0,1,1,0
moving_020_r04_s10004,36.192,0.021730,0.396789,0.053211,2,13.848737,13.848737,0,1,1,0
moving_020_r04_s10004,36.224,0.018787,0.396845,0.053155,2,13.850820,13.850820,0,1,1,0
moving_020_r04_s10004,36.256,0.015843,0.396898,0.053102,2,13.852904,13.852904,0,1,1,0
moving_020_r04_s10004,36.288,0.012900,0.396952,0.053048,2,13.854988,13.854988,0,1,1,0
moving_020_r04_s10004,36.320,0.009956,0.397005,0.052995,2,13.857073,13.857073,0,1,1,0
moving_020_r04_s10004,36.352,0.007013,0.397058,0.052942,2,13.859159,13.859159,0,1,1,0
moving_020_r04_s10004,36.384,0.004069,0.397111,0.052889,2,13.861245,13.861245,0,1,1,0
moving_020_r04_s10004,36.416,0.001126,0.397164,0.052836,2,13.863331,13.863331,0,1,1,0
moving_020_r04_s10004,36.448,-0.001818,0.397216,0.052784,2,13.865418,13.865418,0,1,1,0
moving_020_r04_s10004,36.480,-0.004761,0.397269,0.052731,2,13.867505,13.867505,0,1,1,0
moving_020_r04_s10004,36.512,-0.007705,0.397322,0.052678,2,13.869592,13.869592,0,1,1,0
moving_020_r04_s10004,36.544,-0.010648,0.397374,0.052626,2,13.871680,13.871680,0,1,1,0
moving_020_r04_s10004,36.576,-0.013592,0.397427,0.052573,2,13.873768,13.873768,0,1,1,0
moving_020_r04_s10004,36.608,-0.016535,0.397479,0.052521,2,13.875856,13.875856,0,1,1,0
moving_020_r04_s10004,36.640,-0.019479,0.397532,0.052468,2,13.877945,13.877945,0,1,1,0
moving_020_r04_s10004,36.672,-0.022422,0.397585,0.052415,2,13.880034,13.880034,0,1,1,0
moving_020_r04_s10004,36.704,-0.025366,0.397637,0.052363,2,13.882123,13.882123,0,1,1,0
moving_020_r04_s10004,36.736,-0.028309,0.397690,0.052310,2,13.884212,13.884212,0,1,1,0
moving_020_r04_s10004,36.768,-0.031253,0.397743,0.052257,2,13.886302,13.886302,0,1,1,0
moving_020_r04_s10004,36.800,-0.034196,0.397795,0.052205,2,13.888392,13.888392,0,1,1,0
moving_020_r04_s10004,36.832,-0.037140,0.397848,0.052152,2,13.890482,13.890482,0,1,1,0
moving_020_r04_s10004,36.864,-0.040083,0.397901,0.052099,2,13.892573,13.892573,0,1,1,0
moving_020_r04_s10004,36.896,-0.043027,0.397953,0.052047,2,13.894664,13.894664,0,1,1,0
moving_020_r04_s10004,36.928,-0.045971,0.398006,0.051994,2,13.896755,13.896755,0,1,1,0
moving_020_r04_s10004,36.960,-0.048914,0.398059,0.051941,2,13.898847,13.898847,0,1,1,0
moving_020_r04_s10004,36.992,-0.051858,0.398112,0.051888,2,13.900939,13.900939,0,1,1,0
moving_020_r04_s10004,37.024,-0.054801,0.398164,0.051836,2,13.903031,13.903031,0,1,1,0
moving_020_r04_s10004,37.056,-0.057745,0.398217,0.051783,2,13.905124,13.905124,0,1,1,0
moving_020_r04_s10004,37.088,-0.060688,0.398270,0.051730,2,13.907216,13.907216,0,1,1,0
moving_020_r04_s10004,37.120,-0.063632,0.398323,0.051677,2,13.909309,13.909309,0,1,1,0
moving_020_r04_s10004,37.152,-0.066575,0.398376,0.051624,2,13.911403,13.911403,0,1,1,0
moving_020_r04_s10004,37.184,-0.069519,0.398428,0.051572,2,13.913497,13.913497,0,1,1,0
moving_020_r04_s10004,37.216,-0.072462,0.398481,0.051519,2,13.915591,13.915591,0,1,1,0
moving_020_r04_s10004,37.248,-0.075406,0.398534,0.051466,2,13.917685,13.917685,0,1,1,0
moving_020_r04_s10004,37.280,-0.078349,0.398587,0.051413,2,13.919779,13.919779,0,1,1,0
moving_020_r04_s10004,37.312,-0.081293,0.398640,0.051360,2,13.921874,13.921874,0,1,1,0
moving_020_r04_s10004,37.344,-0.084236,0.398693,0.051307,2,13.923969,13.923969,0,1,1,0
moving_020_r04_s10004,37.376,-0.087180,0.398746,0.051254,2,13.926065,13.926065,0,1,1,0
moving_020_r04_s10004,37.408,-0.090123,0.398798,0.051202,2,13.928161,13.928161,0,1,1,0
moving_020_r04_s10004,37.440,-0.093067,0.398851,0.051149,2,13.930257,13.930257,0,1,1,0
moving_020_r04_s10004,37.472,-0.096010,0.398904,0.051096,2,13.932353,13.932353,0,1,1,0
moving_020_r04_s10004,37.504,-0.098954,0.398957,0.051043,2,13.934450,13.934450,0,1,1,0
moving_020_r04_s10004,37.536,-0.101898,0.399010,0.050990,2,13.936547,13.936547,0,1,1,0
moving_020_r04_s10004,37.568,-0.104841,0.399063,0.050937,2,13.938644,13.938644,0,1,1,0
moving_020_r04_s10004,37.600,-0.107785,0.399116,0.050884,2,13.940742,13.940742,0,1,1,0
moving_020_r04_s10004,37.632,-0.110728,0.399169,0.050831,2,13.942840,13.942840,0,1,1,0
moving_020_r04_s10004,37.664,-0.113672,0.399222,0.050778,2,13.944938,13.944938,0,1,1,0
moving_020_r04_s10004,37.696,-0.116615,0.399275,0.050725,2,13.947036,13.947036,0,1,1,0
moving_020_r04_s10004,37.728,-0.119559,0.399328,0.050672,2,13.949135,13.949135,0,1,1,0
moving_020_r04_s10004,37.760,-0.122502,0.399381,0.050619,2,13.951234,13.951234,0,1,1,0
moving_020_r04_s10004,37.792,-0.125446,0.399434,0.050566,2,13.953334,13.953334,0,1,1,0
moving_020_r04_s10004,37.824,-0.128389,0.399487,0.050513,2,13.955433,13.955433,0,1,1,0
moving_020_r04_s10004,37.856,-0.131333,0.399540,0.050460,2,13.957533,13.957533,0,1,1,0
moving_020_r04_s10004,37.888,-0.134276,0.399593,0.050407,2,13.959633,13.959633,0,1,1,0
moving_020_r04_s10004,37.920,-0.137220,0.399646,0.050354,2,13.961734,13.961734,0,1,1,0
moving_020_r04_s10004,37.952,-0.140163,0.399699,0.050301,2,13.963835,13.963835,0,1,1,0
moving_020_r04_s10004,37.984,-0.143107,0.399753,0.050247,2,13.965936,13.965936,0,1,1,0
moving_020_r04_s10004,38.016,-0.146050,0.399806,0.050194,2,13.968037,13.968037,0,1,1,0
moving_020_r04_s10004,38.048,-0.148994,0.399859,0.050141,2,13.970139,13.970139,0,1,1,0
moving_020_r04_s10004,38.080,-0.151937,0.399912,0.050088,2,13.972241,13.972241,0,1,1,0
moving_020_r04_s10004,38.112,-0.154881,0.399965,0.050035,2,13.974344,13.974344,0,1,1,0
moving_020_r04_s10004,38.144,-0.157824,0.400018,0.049982,2,13.976446,13.976446,0,1,1,0
moving_020_r04_s10004,38.176,-0.160768,0.400066,0.049934,2,13.978553,13.978553,0,1,1,0
moving_020_r04_s10004,38.208,-0.163712,0.400111,0.049889,2,13.980662,13.980662,0,1,1,0
moving_020_r04_s10004,38.240,-0.166655,0.400157,0.049843,2,13.982770,13.982770,0,1,1,0
moving_020_r04_s10004,38.272,-0.169599,0.400203,0.049797,2,13.984879,13.984879,0,1,1,0
moving_020_r04_s10004,38.304,-0.172543,0.400245,0.049755,2,13.986991,13.986991,0,1,1,0
moving_020_r04_s10004,38.336,-0.175487,0.400283,0.049717,2,13.989106,13.989106,0,1,1,0
moving_020_r04_s10004,38.368,-0.178430,0.400317,0.049683,2,13.991224,13.991224,0,1,1,0
moving_020_r04_s10004,38.400,-0.181374,0.400348,0.049652,2,13.993345,13.993345,0,1,1,0
moving_020_r04_s10004,38.432,-0.184318,0.400376,0.049624,2,13.995468,13.995468,0,1,1,0
moving_020_r04_s10004,38.464,-0.187262,0.400400,0.049600,2,13.997594,13.997594,0,1,1,0
moving_020_r04_s10004,38.496,-0.190206,0.400421,0.049579,2,13.999722,13.999722,0,1,1,0
moving_020_r04_s10004,38.528,-0.193150,0.400438,0.049562,2,14.001853,14.001853,0,1,1,0
moving_020_r04_s10004,38.560,-0.196094,0.400453,0.049547,2,14.003987,14.003987,0,1,1,0
moving_020_r04_s10004,38.592,-0.199038,0.400463,0.049537,2,14.006123,14.006123,0,1,1,0
moving_020_r04_s10004,38.624,-0.201982,0.400471,0.049529,2,14.008262,14.008262,0,1,1,0
moving_020_r04_s10004,38.656,-0.204926,0.400473,0.049527,2,14.010405,14.010405,0,1,1,0
moving_020_r04_s10004,38.688,-0.207870,0.400472,0.049528,2,14.012550,14.012550,0,1,1,0
moving_020_r04_s10004,38.720,-0.210814,0.400467,0.049533,2,14.014698,14.014698,0,1,1,0
moving_020_r04_s10004,38.752,-0.213758,0.400465,0.049535,2,14.016844,14.016844,0,1,1,0
moving_020_r04_s10004,38.784,-0.216702,0.400457,0.049543,2,14.018995,14.018995,0,1,1,0
moving_020_r04_s10004,38.816,-0.219646,0.400447,0.049553,2,14.021148,14.021148,0,1,1,0
moving_020_r04_s10004,38.848,-0.222590,0.400433,0.049567,2,14.023303,14.023303,0,1,1,0
moving_020_r04_s10004,38.880,-0.225534,0.400416,0.049584,2,14.025461,14.025461,0,1,1,0
moving_020_r04_s10004,38.912,-0.228478,0.400395,0.049605,2,14.027622,14.027622,0,1,1,0
moving_020_r04_s10004,38.944,-0.231422,0.400371,0.049629,2,14.029785,14.029785,0,1,1,0
moving_020_r04_s10004,38.976,-0.234365,0.400349,0.049651,2,14.031947,14.031947,0,1,1,0
moving_020_r04_s10004,39.008,-0.237309,0.400327,0.049673,2,14.034110,14.034110,0,1,1,0
moving_020_r04_s10004,39.040,-0.240253,0.400305,0.049695,2,14.036272,14.036272,0,1,1,0
moving_020_r04_s10004,39.072,-0.243197,0.400283,0.049717,2,14.038435,14.038435,0,1,1,0
moving_020_r04_s10004,39.104,-0.246141,0.400262,0.049738,2,14.040598,14.040598,0,1,1,0
moving_020_r04_s10004,39.136,-0.249085,0.400240,0.049760,2,14.042761,14.042761,0,1,1,0
moving_020_r04_s10004,39.168,-0.252029,0.400219,0.049781,2,14.044924,14.044924,0,1,1,0
moving_020_r04_s10004,39.200,-0.254973,0.400198,0.049802,2,14.047088,14.047088,0,1,1,0
moving_020_r04_s10004,39.232,-0.257917,0.400176,0.049824,2,14.049252,14.049252,0,1,1,0
moving_020_r04_s10004,39.264,-0.260861,0.400155,0.049845,2,14.051416,14.051416,0,1,1,0
moving_020_r04_s10004,39.296,-0.263805,0.400134,0.049866,2,14.053580,14.053580,0,1,1,0
moving_020_r04_s10004,39.328,-0.266749,0.400113,0.049887,2,14.055745,14.055745,0,1,1,0
moving_020_r04_s10004,39.360,-0.269692,0.400092,0.049908,2,14.057910,14.057910,0,1,1,0
moving_020_r04_s10004,39.392,-0.272636,0.400071,0.049929,2,14.060075,14.060075,0,1,1,0
moving_020_r04_s10004,39.424,-0.275580,0.400049,0.049951,2,14.062240,14.062240,0,1,1,0
moving_020_r04_s10004,39.456,-0.278524,0.400028,0.049972,2,14.064406,14.064406,0,1,1,0
moving_020_r04_s10004,39.488,-0.281468,0.400007,0.049993,2,14.066572,14.066572,0,1,1,0
moving_020_r04_s10004,39.520,-0.284412,0.399986,0.050014,2,14.068738,14.068738,0,1,1,0
moving_020_r04_s10004,39.552,-0.287356,0.399965,0.050035,2,14.070905,14.070905,0,1,1,0
moving_020_r04_s10004,39.584,-0.290300,0.399944,0.050056,2,14.073072,14.073072,0,1,1,0
moving_020_r04_s10004,39.616,-0.293244,0.399923,0.050077,2,14.075239,14.075239,0,1,1,0
moving_020_r04_s10004,39.648,-0.296188,0.399901,0.050099,2,14.077407,14.077407,0,1,1,0
moving_020_r04_s10004,39.680,-0.299132,0.399880,0.050120,2,14.079574,14.079574,0,1,1,0
moving_020_r04_s10004,39.712,-0.302076,0.399859,0.050141,2,14.081742,14.081742,0,1,1,0
moving_020_r04_s10004,39.744,-0.305020,0.399838,0.050162,2,14.083911,14.083911,0,1,1,0
moving_020_r04_s10004,39.776,-0.307964,0.399817,0.050183,2,14.086079,14.086079,0,1,1,0
moving_020_r04_s10004,39.808,-0.310907,0.399796,0.050204,2,14.088248,14.088248,0,1,1,0
moving_020_r04_s10004,39.840,-0.313851,0.399775,0.050225,2,14.090417,14.090417,0,1,1,0
moving_020_r04_s10004,39.872,-0.316795,0.399753,0.050247,2,14.092587,14.092587,0,1,1,0
moving_020_r04_s10004,39.904,-0.319739,0.399732,0.050268,2,14.094756,14.094756,0,1,1,0
moving_020_r04_s10004,39.936,-0.322683,0.399711,0.050289,2,14.096926,14.096926,0,1,1,0
moving_020_r04_s10004,39.968,-0.325627,0.399690,0.050310,2,14.099097,14.099097,0,1,1,0
moving_020_r04_s10004,40.000,-0.328571,0.399669,0.050331,2,14.101267,14.101267,0,1,1,0
moving_020_r04_s10004,40.032,-0.331515,0.399648,0.050352,2,14.103438,14.103438,0,1,1,0
moving_020_r04_s10004,40.064,-0.334459,0.399627,0.050373,2,14.105609,14.105609,0,1,1,0
moving_020_r04_s10004,40.096,-0.337403,0.399606,0.050394,2,14.107780,14.107780,0,1,1,0
moving_020_r04_s10004,40.128,-0.340347,0.399585,0.050415,2,14.109952,14.109952,0,1,1,0
moving_020_r04_s10004,40.160,-0.343291,0.399564,0.050436,2,14.112124,14.112124,0,1,1,0
moving_020_r04_s10004,40.192,-0.346235,0.399542,0.050458,2,14.114296,14.114296,0,1,1,0
moving_020_r04_s10004,40.224,-0.349178,0.399521,0.050479,2,14.116469,14.116469,0,1,1,0
moving_020_r04_s10004,40.256,-0.352122,0.399500,0.050500,2,14.118641,14.118641,0,1,1,0
moving_020_r04_s10004,40.288,-0.355066,0.399479,0.050521,2,14.120814,14.120814,0,1,1,0
moving_020_r04_s10004,40.320,-0.358010,0.399458,0.050542,2,14.122988,14.122988,0,1,1,0
moving_020_r04_s10004,40.352,-0.360954,0.399437,0.050563,2,14.125161,14.125161,0,1,1,0
moving_020_r04_s10004,40.384,-0.363898,0.399416,0.050584,2,14.127335,14.127335,0,1,1,0
moving_020_r04_s10004,40.416,-0.366842,0.399395,0.050605,2,14.129509,14.129509,0,1,1,0
moving_020_r04_s10004,40.448,-0.369786,0.399374,0.050626,2,14.131684,14.131684,0,1,1,0
moving_020_r04_s10004,40.480,-0.372730,0.399353,0.050647,2,14.133858,14.133858,0,1,1,0
moving_020_r04_s10004,40.512,-0.375674,0.399332,0.050668,2,14.136033,14.136033,0,1,1,0
moving_020_r04_s10004,40.544,-0.378618,0.399311,0.050689,2,14.138208,14.138208,0,1,1,0
moving_020_r04_s10004,40.576,-0.381562,0.399290,0.050710,2,14.140384,14.140384,0,1,1,0
moving_020_r04_s10004,40.608,-0.384506,0.399269,0.050731,2,14.142560,14.142560,0,1,1,0
moving_020_r04_s10004,40.640,-0.387449,0.399248,0.050752,2,14.144736,14.144736,0,1,1,0
moving_020_r04_s10004,40.672,-0.390393,0.399227,0.050773,2,14.146912,14.146912,0,1,1,0
moving_020_r04_s10004,40.704,-0.393337,0.399206,0.050794,2,14.149089,14.149089,0,1,1,0
moving_020_r04_s10004,40.736,-0.396281,0.399185,0.050815,2,14.151266,14.151266,0,1,1,0
moving_020_r04_s10004,40.768,-0.399225,0.399164,0.050836,2,14.153443,14.153443,0,1,1,0
moving_020_r04_s10004,40.800,-0.402169,0.399143,0.050857,2,14.155620,14.155620,0,1,1,0
moving_020_r04_s10004,40.832,-0.405113,0.399122,0.050878,2,14.157798,14.157798,0,1,1,0
moving_020_r04_s10004,40.864,-0.408057,0.399101,0.050899,2,14.159976,14.159976,0,1,1,0
moving_020_r04_s10004,40.896,-0.411001,0.399080,0.050920,2,14.162154,14.162154,0,1,1,0
moving_020_r04_s10004,40.928,-0.413945,0.399059,0.050941,2,14.164333,14.164333,0,1,1,0
moving_020_r04_s10004,40.960,-0.416889,0.399038,0.050962,2,14.166511,14.166511,0,1,1,0
moving_020_r04_s10004,40.992,-0.419833,0.399017,0.050983,2,14.168690,14.168690,0,1,1,0
moving_020_r04_s10004,41.024,-0.422777,0.398996,0.051004,2,14.170870,14.170870,0,1,1,0
moving_020_r04_s10004,41.056,-0.425720,0.398975,0.051025,2,14.173049,14.173049,0,1,1,0
moving_020_r04_s10004,41.088,-0.428664,0.398954,0.051046,2,14.175229,14.175229,0,1,1,0
moving_020_r04_s10004,41.120,-0.431608,0.398933,0.051067,2,14.177410,14.177410,0,1,1,0
moving_020_r04_s10004,41.152,-0.434552,0.398912,0.051088,2,14.179590,14.179590,0,1,1,0
moving_020_r04_s10004,41.184,-0.437496,0.398891,0.051109,2,14.181771,14.181771,0,1,1,0
moving_020_r04_s10004,41.216,-0.440440,0.398870,0.051130,2,14.183952,14.183952,0,1,1,0
moving_020_r04_s10004,41.248,-0.443384,0.398849,0.051151,2,14.186133,14.186133,0,1,1,0
moving_020_r04_s10004,41.280,-0.446328,0.398828,0.051172,2,14.188314,14.188314,0,1,1,0
moving_020_r04_s10004,41.312,-0.449272,0.398807,0.051193,2,14.190496,14.190496,0,1,1,0
moving_020_r04_s10004,41.344,-0.452216,0.398786,0.051214,2,14.192678,14.192678,0,1,1,0
moving_020_r04_s10004,41.376,-0.455160,0.398765,0.051235,2,14.194861,14.194861,0,1,1,0
moving_020_r04_s10004,41.408,-0.458104,0.398745,0.051255,2,14.197043,14.197043,0,1,1,0
moving_020_r04_s10004,41.440,-0.461048,0.398724,0.051276,2,14.199226,14.199226,0,1,1,0
moving_020_r04_s10004,41.472,-0.463992,0.398703,0.051297,2,14.201409,14.201409,0,1,1,0
moving_020_r04_s10004,41.504,-0.466935,0.398682,0.051318,2,14.203593,14.203593,0,1,1,0
moving_020_r04_s10004,41.536,-0.469879,0.398661,0.051339,2,14.205777,14.205777,0,1,1,0
moving_020_r04_s10004,41.568,-0.472823,0.398640,0.051360,2,14.207960,14.207960,0,1,1,0
moving_020_r04_s10004,41.600,-0.475767,0.398619,0.051381,2,14.210145,14.210145,0,1,1,0
moving_020_r04_s10004,41.632,-0.478711,0.398598,0.051402,2,14.212329,14.212329,0,1,1,0
moving_020_r04_s10004,41.664,-0.481655,0.398577,0.051423,2,14.214514,14.214514,0,1,1,0
moving_020_r04_s10004,41.696,-0.484599,0.398556,0.051444,2,14.216699,14.216699,0,1,1,0
moving_020_r04_s10004,41.728,-0.487543,0.398536,0.051464,2,14.218884,14.218884,0,1,1,0
moving_020_r04_s10004,41.760,-0.490487,0.398515,0.051485,2,14.221070,14.221070,0,1,1,0
moving_020_r04_s10004,41.792,-0.493431,0.398494,0.051506,2,14.223256,14.223256,0,1,1,0
moving_020_r04_s10004,41.824,-0.496375,0.398473,0.051527,2,14.225442,14.225442,0,1,1,0
moving_020_r04_s10004,41.856,-0.499319,0.398452,0.051548,2,14.227628,14.227628,0,1,1,0
moving_020_r04_s10004,41.888,-0.502263,0.398431,0.051569,2,14.229815,14.229815,0,1,1,0
moving_020_r04_s10004,41.920,-0.505206,0.398410,0.051590,2,14.232002,14.232002,0,1,1,0
moving_020_r04_s10004,41.952,-0.508150,0.398390,0.051610,2,14.234189,14.234189,0,1,1,0
moving_020_r04_s10004,41.984,-0.511094,0.398369,0.051631,2,14.236377,14.236377,0,1,1,0
moving_020_r04_s10004,42.016,-0.514038,0.398348,0.051652,2,14.238565,14.238565,0,1,1,0
moving_020_r04_s10004,42.048,-0.516982,0.398327,0.051673,2,14.240753,14.240753,0,1,1,0
moving_020_r04_s10004,42.080,-0.519926,0.398306,0.051694,2,14.242941,14.242941,0,1,1,0
moving_020_r04_s10004,42.112,-0.522870,0.398285,0.051715,2,14.245130,14.245130,0,1,1,0
moving_020_r04_s10004,42.144,-0.525814,0.398265,0.051735,2,14.247318,14.247318,0,1,1,0
moving_020_r04_s10004,42.176,-0.528758,0.398244,0.051756,2,14.249508,14.249508,0,1,1,0
moving_020_r04_s10004,42.208,-0.531702,0.398223,0.051777,2,14.251697,14.251697,0,1,1,0
moving_020_r04_s10004,42.240,-0.534646,0.398202,0.051798,2,14.253887,14.253887,0,1,1,0
moving_020_r04_s10004,42.272,-0.537590,0.398181,0.051819,2,14.256076,14.256076,0,1,1,0
moving_020_r04_s10004,42.304,-0.540534,0.398161,0.051839,2,14.258267,14.258267,0,1,1,0
moving_020_r04_s10004,42.336,-0.543478,0.398140,0.051860,2,14.260457,14.260457,0,1,1,0
moving_020_r04_s10004,42.368,-0.546421,0.398119,0.051881,2,14.262648,14.262648,0,1,1,0
moving_020_r04_s10004,42.400,-0.549365,0.398098,0.051902,2,14.264839,14.264839,0,1,1,0
moving_020_r04_s10004,42.432,-0.552309,0.398077,0.051923,2,14.267030,14.267030,0,1,1,0
moving_020_r04_s10004,42.464,-0.555253,0.398057,0.051943,2,14.269222,14.269222,0,1,1,0
moving_020_r04_s10004,42.496,-0.558197,0.398036,0.051964,2,14.271413,14.271413,0,1,1,0
moving_020_r04_s10004,42.528,-0.561141,0.398015,0.051985,2,14.273605,14.273605,0,1,1,0
moving_020_r04_s10004,42.560,-0.564085,0.397994,0.052006,2,14.275798,14.275798,0,1,1,0
moving_020_r04_s10004,42.592,-0.567029,0.397974,0.052026,2,14.277990,14.277990,0,1,1,0
moving_020_r04_s10004,42.624,-0.569973,0.397953,0.052047,2,14.280183,14.280183,0,1,1,0
moving_020_r04_s10004,42.656,-0.572917,0.397932,0.052068,2,14.282376,14.282376,0,1,1,0
moving_020_r04_s10004,42.688,-0.575861,0.397911,0.052089,2,14.284570,14.284570,0,1,1,0
moving_020_r04_s10004,42.720,-0.578805,0.397891,0.052109,2,14.286764,14.286764,0,1,1,0
moving_020_r04_s10004,42.752,-0.581749,0.397870,0.052130,2,14.288957,14.288957,0,1,1,0
moving_020_r04_s10004,42.784,-0.584693,0.397849,0.052151,2,14.291152,14.291152,0,1,1,0
moving_020_r04_s10004,42.816,-0.587636,0.397828,0.052172,2,14.293346,14.293346,0,1,1,0
moving_020_r04_s10004,42.848,-0.590580,0.397808,0.052192,2,14.295541,14.295541,0,1,1,0
moving_020_r04_s10004,42.880,-0.593524,0.397787,0.052213,2,14.297736,14.297736,0,1,1,0
moving_020_r04_s10004,42.912,-0.596468,0.397766,0.052234,2,14.299931,14.299931,0,1,1,0
moving_020_r04_s10004,42.944,-0.599412,0.397746,0.052254,2,14.302127,14.302127,0,1,1,0
moving_020_r04_s10004,42.976,-0.602356,0.397725,0.052275,2,14.304322,14.304322,0,1,1,0
moving_020_r04_s10004,43.008,-0.605300,0.397704,0.052296,2,14.306519,14.306519,0,1,1,0
moving_020_r04_s10004,43.040,-0.608244,0.397683,0.052317,2,14.308715,14.308715,0,1,1,0
moving_020_r04_s10004,43.072,-0.611188,0.397663,0.052337,2,14.310911,14.310911,0,1,1,0
moving_020_r04_s10004,43.104,-0.614132,0.397642,0.052358,2,14.313108,14.313108,0,1,1,0
moving_020_r04_s10004,43.136,-0.617076,0.397621,0.052379,2,14.315305,14.315305,0,1,1,0
moving_020_r04_s10004,43.168,-0.620020,0.397601,0.052399,2,14.317503,14.317503,0,1,1,0
moving_020_r04_s10004,43.200,-0.622964,0.397580,0.052420,2,14.319701,14.319701,0,1,1,0
moving_020_r04_s10004,43.232,-0.625907,0.397559,0.052441,2,14.321898,14.321898,0,1,1,0
moving_020_r04_s10004,43.264,-0.628851,0.397539,0.052461,2,14.324097,14.324097,0,1,1,0
moving_020_r04_s10004,43.296,-0.631795,0.397518,0.052482,2,14.326295,14.326295,0,1,1,0
moving_020_r04_s10004,43.328,-0.634739,0.397497,0.052503,2,14.328494,14.328494,0,1,1,0
moving_020_r04_s10004,43.360,-0.637683,0.397477,0.052523,2,14.330693,14.330693,0,1,1,0
moving_020_r04_s10004,43.392,-0.640627,0.397456,0.052544,2,14.332892,14.332892,0,1,1,0
moving_020_r04_s10004,43.424,-0.643571,0.397435,0.052565,2,14.335092,14.335092,0,1,1,0
moving_020_r04_s10004,43.456,-0.646515,0.397415,0.052585,2,14.337291,14.337291,0,1,1,0
moving_020_r04_s10004,43.488,-0.649459,0.397394,0.052606,2,14.339491,14.339491,0,1,1,0
moving_020_r04_s10004,43.520,-0.652403,0.397374,0.052626,2,14.341692,14.341692,0,1,1,0
moving_020_r04_s10004,43.552,-0.655347,0.397353,0.052647,2,14.343892,14.343892,0,1,1,0
moving_020_r04_s10004,43.584,-0.658291,0.397332,0.052668,2,14.346093,14.346093,0,1,1,0
moving_020_r04_s10004,43.616,-0.661235,0.397312,0.052688,2,14.348294,14.348294,0,1,1,0
moving_020_r04_s10004,43.648,-0.664179,0.397291,0.052709,2,14.350496,14.350496,0,1,1,0
moving_020_r04_s10004,43.680,-0.667122,0.397270,0.052730,2,14.352697,14.352697,0,1,1,0
moving_020_r04_s10004,43.712,-0.670066,0.397250,0.052750,2,14.354899,14.354899,0,1,1,0
moving_020_r04_s10004,43.744,-0.673010,0.397229,0.052771,2,14.357101,14.357101,0,1,1,0
moving_020_r04_s10004,43.776,-0.675954,0.397209,0.052791,2,14.359304,14.359304,0,1,1,0
moving_020_r04_s10004,43.808,-0.678898,0.397188,0.052812,2,14.361506,14.361506,0,1,1,0
moving_020_r04_s10004,43.840,-0.681842,0.397167,0.052833,2,14.363709,14.363709,0,1,1,0
moving_020_r04_s10004,43.872,-0.684786,0.397147,0.052853,2,14.365912,14.365912,0,1,1,0
moving_020_r04_s10004,43.904,-0.687730,0.397131,0.052869,2,14.368113,14.368113,0,1,1,0
moving_020_r04_s10004,43.936,-0.690674,0.397119,0.052881,2,14.370311,14.370311,0,1,1,0
moving_020_r04_s10004,43.968,-0.693618,0.397110,0.052890,2,14.372507,14.372507,0,1,1,0
moving_020_r04_s10004,44.000,-0.696562,0.397105,0.052895,2,14.374701,14.374701,0,1,1,0
moving_020_r04_s10004,44.032,-0.699506,0.397104,0.052896,2,14.376893,14.376893,0,1,1,0
moving_020_r04_s10004,44.064,-0.702450,0.397105,0.052895,2,14.379083,14.379083,0,1,1,0
moving_020_r04_s10004,44.096,-0.705394,0.397112,0.052888,2,14.381270,14.381270,0,1,1,0
moving_020_r04_s10004,44.128,-0.708338,0.397116,0.052884,2,14.383458,14.383458,0,1,1,0
moving_020_r04_s10004,44.160,-0.711282,0.397126,0.052874,2,14.385644,14.385644,0,1,1,0
moving_020_r04_s10004,44.192,-0.714226,0.397143,0.052857,2,14.387825,14.387825,0,1,1,0
moving_020_r04_s10004,44.224,-0.717170,0.397167,0.052833,2,14.390001,14.390001,0,1,1,0
moving_020_r04_s10004,44.256,-0.720114,0.397199,0.052801,2,14.392173,14.392173,0,1,1,0
moving_020_r04_s10004,44.288,-0.723058,0.397237,0.052763,2,14.394340,14.394340,0,1,1,0
moving_020_r04_s10004,44.320,-0.726001,0.397277,0.052723,2,14.396507,14.396507,0,1,1,0
moving_020_r04_s10004,44.352,-0.728945,0.397323,0.052677,2,14.398669,14.398669,0,1,1,0
moving_020_r04_s10004,44.384,-0.731889,0.397371,0.052629,2,14.400831,14.400831,0,1,1,0
moving_020_r04_s10004,44.416,-0.734832,0.397418,0.052582,2,14.402993,14.402993,0,1,1,0
moving_020_r04_s10004,44.448,-0.737776,0.397464,0.052536,2,14.405156,14.405156,0,1,1,0
moving_020_r04_s10004,44.480,-0.740719,0.397510,0.052490,2,14.407320,14.407320,0,1,1,0
moving_020_r04_s10004,44.512,-0.743663,0.397560,0.052440,2,14.409481,14.409481,0,1,1,0
moving_020_r04_s10004,44.544,-0.746607,0.397609,0.052391,2,14.411643,14.411643,0,1,1,0
moving_020_r04_s10004,44.576,-0.749550,0.397658,0.052342,2,14.413806,14.413806,0,1,1,0
moving_020_r04_s10004,44.608,-0.752494,0.397707,0.052285,2,14.415969,14.415969,0,1,1,0
moving_020_r04_s10004,44.640,-0.755437,0.397756,0.052207,2,14.418132,14.418132,0,1,1,0
moving_020_r04_s10004,44.672,-0.758381,0.397804,0.052108,2,14.420296,14.420296,0,1,1,0
moving_020_r04_s10004,44.704,-0.761325,0.397852,0.051986,2,14.422460,14.422460,0,1,1,0
moving_020_r04_s10004,44.736,-0.764268,0.397901,0.051844,2,14.424624,14.424624,0,1,1,0
moving_020_r04_s10004,44.768,-0.767212,0.397949,0.051679,2,14.426789,14.426789,0,1,1,0
moving_020_r04_s10004,44.800,-0.770155,0.397997,0.051493,2,14.428954,14.428954,0,1,1,0
moving_020_r04_s10004,44.832,-0.773099,0.398046,0.051285,2,14.431119,14.431119,0,1,1,0
moving_020_r04_s10004,44.864,-0.776043,0.398094,0.051055,2,14.433284,14.433284,0,1,1,0
moving_020_r04_s10004,44.896,-0.778986,0.398131,0.050816,2,14.435458,14.435458,0,1,1,0
moving_020_r04_s10004,44.928,-0.781930,0.398155,0.050566,2,14.437640,14.437640,0,1,1,0
moving_020_r04_s10004,44.960,-0.784874,0.398196,0.050280,2,14.439811,14.439811,0,1,1,0
moving_020_r04_s10004,44.992,-0.787818,0.398227,0.049981,2,14.441990,14.441990,0,1,1,0
moving_020_r04_s10004,45.024,-0.790762,0.398253,0.049667,2,14.444172,14.444172,0,1,1,0
moving_020_r04_s10004,45.056,-0.793706,0.398271,0.049338,2,14.446359,14.446359,0,1,1,0
moving_020_r04_s10004,45.088,-0.796650,0.398279,0.048998,2,14.448553,14.448553,0,1,1,0
moving_020_r04_s10004,45.120,-0.799594,0.398277,0.048647,2,14.450755,14.450755,0,1,1,0
moving_020_r04_s10004,45.152,-0.802538,0.398262,0.048288,2,14.452966,14.452966,0,1,1,0
moving_020_r04_s10004,45.184,-0.805483,0.398234,0.047919,2,14.455185,14.455185,0,1,1,0
moving_020_r04_s10004,45.216,-0.808427,0.398190,0.047546,2,14.457415,14.457415,0,1,1,0
moving_020_r04_s10004,45.248,-0.811370,0.398128,0.047170,2,14.459657,14.459657,0,1,1,0
moving_020_r04_s10004,45.280,-0.814314,0.398046,0.046792,2,14.461912,14.461912,0,1,1,0
moving_020_r04_s10004,45.312,-0.817257,0.397943,0.046413,2,14.464181,14.464181,0,1,1,0
moving_020_r04_s10004,45.344,-0.820199,0.397815,0.046039,2,14.466467,14.466467,0,1,1,0
moving_020_r04_s10004,45.376,-0.823140,0.397658,0.045672,2,14.468771,14.468771,0,1,1,0
moving_020_r04_s10004,45.408,-0.826079,0.397468,0.045316,2,14.471095,14.471095,0,1,1,0
moving_020_r04_s10004,45.440,-0.829016,0.397244,0.044974,2,14.473442,14.473442,0,1,1,0
moving_020_r04_s10004,45.472,-0.831950,0.396980,0.044649,2,14.475812,14.475812,0,1,1,0
moving_020_r04_s10004,45.504,-0.834880,0.396675,0.044346,2,14.478208,14.478208,0,1,1,0
moving_020_r04_s10004,45.536,-0.837806,0.396328,0.044061,2,14.480627,14.480627,0,1,1,0
moving_020_r04_s10004,45.568,-0.840727,0.395940,0.043799,2,14.483070,14.483070,0,1,1,0
moving_020_r04_s10004,45.600,-0.843641,0.395509,0.043557,2,14.485537,14.485537,0,1,1,0
moving_020_r04_s10004,45.632,-0.846549,0.395037,0.043336,2,14.488027,14.488027,0,1,1,0
moving_020_r04_s10004,45.664,-0.849448,0.394520,0.043139,2,14.490541,14.490541,0,1,1,0
moving_020_r04_s10004,45.696,-0.852339,0.393970,0.042955,2,14.493070,14.493070,0,1,1,0
moving_020_r04_s10004,45.728,-0.855230,0.393413,0.042757,2,14.495604,14.495604,0,1,1,0
moving_020_r04_s10004,45.760,-0.858115,0.392832,0.042561,2,14.498149,14.498149,0,1,1,0
moving_020_r04_s10004,45.792,-0.860995,0.392226,0.042372,2,14.500708,14.500708,0,1,1,0
moving_020_r04_s10004,45.824,-0.863870,0.391596,0.042184,2,14.503279,14.503279,0,1,1,0
moving_020_r04_s10004,45.856,-0.866742,0.390952,0.041990,2,14.505857,14.505857,0,1,1,0
moving_020_r04_s10004,45.888,-0.869609,0.390281,0.041802,2,14.508449,14.508449,0,1,1,0
moving_020_r04_s10004,45.920,-0.872465,0.389563,0.041641,2,14.511064,14.511064,0,1,1,0
moving_020_r04_s10004,45.952,-0.875310,0.388799,0.041506,2,14.513702,14.513702,0,1,1,0
moving_020_r04_s10004,45.984,-0.878143,0.387989,0.041398,2,14.516361,14.516361,0,1,1,0
moving_020_r04_s10004,46.016,-0.880962,0.387134,0.041314,2,14.519040,14.519040,0,1,1,0
moving_020_r04_s10004,46.048,-0.883768,0.386236,0.041255,2,14.521738,14.521738,0,1,1,0
moving_020_r04_s10004,46.080,-0.886560,0.385295,0.041220,2,14.524453,14.524453,0,1,1,0
moving_020_r04_s10004,46.112,-0.889337,0.384314,0.041207,2,14.527184,14.527184,0,1,1,0
moving_020_r04_s10004,46.144,-0.892099,0.383292,0.041216,2,14.529931,14.529931,0,1,1,0
moving_020_r04_s10004,46.176,-0.894846,0.382232,0.041244,2,14.532692,14.532692,0,1,1,0
moving_020_r04_s10004,46.208,-0.897580,0.381138,0.041288,2,14.535465,14.535465,0,1,1,0
moving_020_r04_s10004,46.240,-0.900300,0.380014,0.041343,2,14.538249,14.538249,0,1,1,0
moving_020_r04_s10004,46.272,-0.903009,0.378863,0.041406,2,14.541041,14.541041,0,1,1,0
moving_020_r04_s10004,46.304,-0.905706,0.377686,0.041477,2,14.543842,14.543842,0,1,1,0
moving_020_r04_s10004,46.336,-0.908393,0.376485,0.041553,2,14.546651,14.546651,0,1,1,0
moving_020_r04_s10004,46.368,-0.911069,0.375261,0.041632,2,14.549468,14.549468,0,1,1,0
moving_020_r04_s10004,46.400,-0.913736,0.374018,0.041712,2,14.552290,14.552290,0,1,1,0
moving_020_r04_s10004,46.432,-0.916395,0.372757,0.041790,2,14.555119,14.555119,0,1,1,0
moving_020_r04_s10004,46.464,-0.919044,0.371478,0.041868,2,14.557952,14.557952,0,1,1,0
moving_020_r04_s10004,46.496,-0.921693,0.370196,0.041927,2,14.560787,14.560787,0,1,1,0
moving_020_r04_s10004,46.528,-0.924336,0.368902,0.041978,2,14.563625,14.563625,0,1,1,0
moving_020_r04_s10004,46.560,-0.926975,0.367598,0.042019,2,14.566466,14.566466,0,1,1,0
moving_020_r04_s10004,46.592,-0.929610,0.366287,0.042047,2,14.569310,14.569310,0,1,1,0
moving_020_r04_s10004,46.624,-0.932239,0.364963,0.042068,2,14.572158,14.572158,0,1,1,0
moving_020_r04_s10004,46.656,-0.934858,0.363618,0.042090,2,14.575012,14.575012,0,1,1,0
moving_020_r04_s10004,46.688,-0.937469,0.362258,0.042109,2,14.577870,14.577870,0,1,1,0
moving_020_r04_s10004,46.720,-0.940069,0.360876,0.042130,2,14.580734,14.580734,0,1,1,0
moving_020_r04_s10004,46.752,-0.942658,0.359475,0.042152,2,14.583603,14.583603,0,1,1,0
moving_020_r04_s10004,46.784,-0.945238,0.358055,0.042176,2,14.586478,14.586478,0,1,1,0
moving_020_r04_s10004,46.816,-0.947805,0.356613,0.042202,2,14.589358,14.589358,0,1,1,0
moving_020_r04_s10004,46.848,-0.950361,0.355150,0.042231,2,14.592242,14.592242,0,1,1,0
moving_020_r04_s10004,46.880,-0.952903,0.353664,0.042264,2,14.595132,14.595132,0,1,1,0
moving_020_r04_s10004,46.912,-0.955433,0.352157,0.042302,2,14.598027,14.598027,0,1,1,0
moving_020_r04_s10004,46.944,-0.957950,0.350628,0.042344,2,14.600926,14.600926,0,1,1,0
moving_020_r04_s10004,46.976,-0.960453,0.349078,0.042390,2,14.603829,14.603829,0,1,1,0
moving_020_r04_s10004,47.008,-0.962944,0.347509,0.042437,2,14.606736,14.606736,0,1,1,0
moving_020_r04_s10004,47.040,-0.965423,0.345920,0.042486,2,14.609646,14.609646,0,1,1,0
moving_020_r04_s10004,47.072,-0.967889,0.344311,0.042537,2,14.612560,14.612560,0,1,1,0
moving_020_r04_s10004,47.104,-0.970343,0.342686,0.042588,2,14.615476,14.615476,0,1,1,0
moving_020_r04_s10004,47.136,-0.972785,0.341042,0.042639,2,14.618395,14.618395,0,1,1,0
moving_020_r04_s10004,47.168,-0.975217,0.339383,0.042688,2,14.621317,14.621317,0,1,1,0
moving_020_r04_s10004,47.200,-0.977640,0.337711,0.042730,2,14.624240,14.624240,0,1,1,0
moving_020_r04_s10004,47.232,-0.980052,0.336025,0.042770,2,14.627165,14.627165,0,1,1,0
moving_020_r04_s10004,47.264,-0.982461,0.334333,0.042794,2,14.630091,14.630091,0,1,1,0
moving_020_r04_s10004,47.296,-0.984863,0.332632,0.042809,2,14.633018,14.633018,0,1,1,0
moving_020_r04_s10004,47.328,-0.987260,0.330924,0.042811,2,14.635946,14.635946,0,1,1,0
moving_020_r04_s10004,47.360,-0.989650,0.329206,0.042804,2,14.638875,14.638875,0,1,1,0
moving_020_r04_s10004,47.392,-0.992033,0.327476,0.042789,2,14.641806,14.641806,0,1,1,0
moving_020_r04_s10004,47.424,-0.994403,0.325731,0.042774,2,14.644739,14.644739,0,1,1,0
moving_020_r04_s10004,47.456,-0.996763,0.323969,0.042756,2,14.647674,14.647674,0,1,1,0
moving_020_r04_s10004,47.488,-0.999109,0.322191,0.042737,2,14.650611,14.650611,0,1,1,0
moving_020_r04_s10004,47.520,-1.001443,0.320395,0.042721,2,14.653549,14.653549,0,1,1,0
moving_020_r04_s10004,47.552,-1.003761,0.318579,0.042707,2,14.656488,14.656488,0,1,1,0
moving_020_r04_s10004,47.584,-1.006065,0.316747,0.042694,2,14.659429,14.659429,0,1,1,0
moving_020_r04_s10004,47.616,-1.008353,0.314893,0.042687,2,14.662372,14.662372,0,1,1,0
moving_020_r04_s10004,47.648,-1.010627,0.313021,0.042681,2,14.665315,14.665315,0,1,1,0
moving_020_r04_s10004,47.680,-1.012883,0.311130,0.042680,2,14.668259,14.668259,0,1,1,0
moving_020_r04_s10004,47.712,-1.015124,0.309219,0.042683,2,14.671203,14.671203,0,1,1,0
moving_020_r04_s10004,47.744,-1.017348,0.307289,0.042690,2,14.674147,14.674147,0,1,1,0
moving_020_r04_s10004,47.776,-1.019555,0.305341,0.042701,2,14.677091,14.677091,0,1,1,0
moving_020_r04_s10004,47.808,-1.021747,0.303375,0.042713,2,14.680035,14.680035,0,1,1,0
moving_020_r04_s10004,47.840,-1.023923,0.301392,0.042727,2,14.682979,14.682979,0,1,1,0
moving_020_r04_s10004,47.872,-1.026084,0.299393,0.042743,2,14.685922,14.685922,0,1,1,0
moving_020_r04_s10004,47.904,-1.028230,0.297378,0.042759,2,14.688864,14.688864,0,1,1,0
moving_020_r04_s10004,47.936,-1.030361,0.295347,0.042775,2,14.691806,14.691806,0,1,1,0
moving_020_r04_s10004,47.968,-1.032481,0.293305,0.042786,2,14.694746,14.694746,0,1,1,0
moving_020_r04_s10004,48.000,-1.034587,0.291248,0.042796,2,14.697686,14.697686,0,1,1,0
moving_020_r04_s10004,48.032,-1.036683,0.289182,0.042798,2,14.700624,14.700624,0,1,1,0
moving_020_r04_s10004,48.064,-1.038771,0.287107,0.042791,2,14.703562,14.703562,0,1,1,0
moving_020_r04_s10004,48.096,-1.040852,0.285026,0.042773,2,14.706500,14.706500,0,1,1,0
moving_020_r04_s10004,48.128,-1.042926,0.282937,0.042742,2,14.709436,14.709436,0,1,1,0
moving_020_r04_s10004,48.160,-1.044992,0.280841,0.042702,2,14.712373,14.712373,0,1,1,0
moving_020_r04_s10004,48.192,-1.047043,0.278729,0.042661,2,14.715308,14.715308,0,1,1,0
moving_020_r04_s10004,48.224,-1.049080,0.276603,0.042621,2,14.718241,14.718241,0,1,1,0
moving_020_r04_s10004,48.256,-1.051100,0.274460,0.042582,2,14.721173,14.721173,0,1,1,0
moving_020_r04_s10004,48.288,-1.053102,0.272301,0.042546,2,14.724102,14.724102,0,1,1,0
moving_020_r04_s10004,48.320,-1.055084,0.270124,0.042516,2,14.727029,14.727029,0,1,1,0
moving_020_r04_s10004,48.352,-1.057048,0.267929,0.042490,2,14.729953,14.729953,0,1,1,0
moving_020_r04_s10004,48.384,-1.058990,0.265716,0.042471,2,14.732873,14.732873,0,1,1,0
moving_020_r04_s10004,48.416,-1.060911,0.263484,0.042460,2,14.735790,14.735790,0,1,1,0
moving_020_r04_s10004,48.448,-1.062809,0.261232,0.042456,2,14.738702,14.738702,0,1,1,0
moving_020_r04_s10004,48.480,-1.064685,0.258963,0.042460,2,14.741610,14.741610,0,1,1,0
moving_020_r04_s10004,48.512,-1.066539,0.256675,0.042472,2,14.744513,14.744513,0,1,1,0
moving_020_r04_s10004,48.544,-1.068371,0.254370,0.042490,3,14.747411,14.747411,0,1,1,0
moving_020_r04_s10004,48.576,-1.070182,0.252049,0.042514,3,14.750305,14.750305,0,1,1,0
moving_020_r04_s10004,48.608,-1.071974,0.249713,0.042540,3,14.753193,14.753193,0,1,1,0
moving_020_r04_s10004,48.640,-1.073747,0.247364,0.042568,3,14.756077,14.756077,0,1,1,0
moving_020_r04_s10004,48.672,-1.075502,0.245001,0.042597,3,14.758955,14.758955,0,1,1,0
moving_020_r04_s10004,48.704,-1.077241,0.242626,0.042626,3,14.761830,14.761830,0,1,1,0
moving_020_r04_s10004,48.736,-1.078963,0.240239,0.042653,3,14.764700,14.764700,0,1,1,0
moving_020_r04_s10004,48.768,-1.080668,0.237840,0.042680,3,14.767565,14.767565,0,1,1,0
moving_020_r04_s10004,48.800,-1.082361,0.235433,0.042701,3,14.770427,14.770427,0,1,1,0
moving_020_r04_s10004,48.832,-1.084057,0.233027,0.042697,3,14.773289,14.773289,0,1,1,0
moving_020_r04_s10004,48.864,-1.085737,0.230611,0.042691,3,14.776147,14.776147,0,1,1,0
moving_020_r04_s10004,48.896,-1.087409,0.228189,0.042673,3,14.779003,14.779003,0,1,1,0
moving_020_r04_s10004,48.928,-1.089072,0.225760,0.042646,3,14.781856,14.781856,0,1,1,0
moving_020_r04_s10004,48.960,-1.090719,0.223321,0.042616,3,14.784705,14.784705,0,1,1,0
moving_020_r04_s10004,48.992,-1.092349,0.220869,0.042586,3,14.787549,14.787549,0,1,1,0
moving_020_r04_s10004,49.024,-1.093960,0.218404,0.042558,3,14.790387,14.790387,0,1,1,0
moving_020_r04_s10004,49.056,-1.095549,0.215926,0.042534,3,14.793219,14.793219,0,1,1,0
moving_020_r04_s10004,49.088,-1.097119,0.213435,0.042512,3,14.796044,14.796044,0,1,1,0
moving_020_r04_s10004,49.120,-1.098666,0.210930,0.042496,3,14.798861,14.798861,0,1,1,0
moving_020_r04_s10004,49.152,-1.100190,0.208410,0.042486,3,14.801671,14.801671,0,1,1,0
moving_020_r04_s10004,49.184,-1.101690,0.205876,0.042482,3,14.804472,14.804472,0,1,1,0
moving_020_r04_s10004,49.216,-1.103166,0.203328,0.042485,3,14.807265,14.807265,0,1,1,0
moving_020_r04_s10004,49.248,-1.104619,0.200767,0.042493,3,14.810049,14.810049,0,1,1,0
moving_020_r04_s10004,49.280,-1.106049,0.198193,0.042506,3,14.812823,14.812823,0,1,1,0
moving_020_r04_s10004,49.312,-1.107456,0.195607,0.042523,3,14.815590,14.815590,0,1,1,0
moving_020_r04_s10004,49.344,-1.108842,0.193010,0.042544,3,14.818348,14.818348,0,1,1,0
moving_020_r04_s10004,49.376,-1.110205,0.190401,0.042568,3,14.821096,14.821096,0,1,1,0
moving_020_r04_s10004,49.408,-1.111549,0.187782,0.042594,3,14.823837,14.823837,0,1,1,0
moving_020_r04_s10004,49.440,-1.112871,0.185152,0.042622,3,14.826568,14.826568,0,1,1,0
moving_020_r04_s10004,49.472,-1.114175,0.182514,0.042649,3,14.829292,14.829292,0,1,1,0
moving_020_r04_s10004,49.504,-1.115461,0.179867,0.042675,3,14.832009,14.832009,0,1,1,0
moving_020_r04_s10004,49.536,-1.116727,0.177210,0.042701,3,14.834717,14.834717,0,1,1,0
moving_020_r04_s10004,49.568,-1.117980,0.174547,0.042721,3,14.837419,14.837419,0,1,1,0
moving_020_r04_s10004,49.600,-1.119236,0.171885,0.042716,3,14.840123,14.840123,0,1,1,0
moving_020_r04_s10004,49.632,-1.120475,0.169216,0.042709,3,14.842819,14.842819,0,1,1,0
moving_020_r04_s10004,49.664,-1.121702,0.166542,0.042693,3,14.845510,14.845510,0,1,1,0
moving_020_r04_s10004,49.696,-1.122920,0.163862,0.042667,3,14.848197,14.848197,0,1,1,0
moving_020_r04_s10004,49.728,-1.124121,0.161175,0.042638,3,14.850877,14.850877,0,1,1,0
moving_020_r04_s10004,49.760,-1.125302,0.158478,0.042610,3,14.853548,14.853548,0,1,1,0
moving_020_r04_s10004,49.792,-1.126462,0.155772,0.042583,3,14.856210,14.856210,0,1,1,0
moving_020_r04_s10004,49.824,-1.127599,0.153056,0.042560,3,14.858861,14.858861,0,1,1,0
moving_020_r04_s10004,49.856,-1.128714,0.150331,0.042540,3,14.861502,14.861502,0,1,1,0
moving_020_r04_s10004,49.888,-1.129804,0.147596,0.042525,3,14.864132,14.864132,0,1,1,0
moving_020_r04_s10004,49.920,-1.130869,0.144851,0.042516,3,14.866748,14.866748,0,1,1,0
moving_020_r04_s10004,49.952,-1.131908,0.142096,0.042514,3,14.869353,14.869353,0,1,1,0
moving_020_r04_s10004,49.984,-1.132921,0.139331,0.042518,3,14.871944,14.871944,0,1,1,0
moving_020_r04_s10004,50.016,-1.133907,0.136557,0.042530,3,14.874522,14.874522,0,1,1,0
moving_020_r04_s10004,50.048,-1.134867,0.133774,0.042547,3,14.877086,14.877086,0,1,1,0
moving_020_r04_s10004,50.080,-1.135804,0.130983,0.042567,3,14.879638,14.879638,0,1,1,0
moving_020_r04_s10004,50.112,-1.136718,0.128185,0.042591,3,14.882178,14.882178,0,1,1,0
moving_020_r04_s10004,50.144,-1.137607,0.125379,0.042619,3,14.884704,14.884704,0,1,1,0
moving_020_r04_s10004,50.176,-1.138474,0.122567,0.042649,3,14.887219,14.887219,0,1,1,0
moving_020_r04_s10004,50.208,-1.139320,0.119748,0.042680,3,14.889722,14.889722,0,1,1,0
moving_020_r04_s10004,50.240,-1.140145,0.116924,0.042711,3,14.892213,14.892213,0,1,1,0
moving_020_r04_s10004,50.272,-1.140951,0.114094,0.042741,3,14.894695,14.894695,0,1,1,0
moving_020_r04_s10004,50.304,-1.141738,0.111259,0.042768,3,14.897165,14.897165,0,1,1,0
moving_020_r04_s10004,50.336,-1.142509,0.108418,0.042793,3,14.899627,14.899627,0,1,1,0
moving_020_r04_s10004,50.368,-1.143282,0.105580,0.042793,3,14.902090,14.902090,0,1,1,0
moving_020_r04_s10004,50.400,-1.144040,0.102737,0.042787,3,14.904544,14.904544,0,1,1,0
moving_020_r04_s10004,50.432,-1.144787,0.099891,0.042771,3,14.906993,14.906993,0,1,1,0
moving_020_r04_s10004,50.464,-1.145525,0.097043,0.042744,3,14.909436,14.909436,0,1,1,0
moving_020_r04_s10004,50.496,-1.146250,0.094191,0.042709,3,14.911873,14.911873,0,1,1,0
moving_020_r04_s10004,50.528,-1.146954,0.091333,0.042674,3,14.914297,14.914297,0,1,1,0
moving_020_r04_s10004,50.560,-1.147638,0.088470,0.042640,3,14.916711,14.916711,0,1,1,0
moving_020_r04_s10004,50.592,-1.148299,0.085601,0.042607,3,14.919111,14.919111,0,1,1,0
moving_020_r04_s10004,50.624,-1.148938,0.082727,0.042575,3,14.921498,14.921498,0,1,1,0
moving_020_r04_s10004,50.656,-1.149553,0.079848,0.042547,3,14.923872,14.923872,0,1,1,0
moving_020_r04_s10004,50.688,-1.150142,0.076963,0.042524,3,14.926230,14.926230,0,1,1,0
moving_020_r04_s10004,50.720,-1.150706,0.074073,0.042506,3,14.928572,14.928572,0,1,1,0
moving_020_r04_s10004,50.752,-1.151244,0.071178,0.042491,3,14.930899,14.930899,0,1,1,0
moving_020_r04_s10004,50.784,-1.151755,0.068278,0.042484,3,14.933209,14.933209,0,1,1,0
moving_020_r04_s10004,50.816,-1.152240,0.065374,0.042483,3,14.935502,14.935502,0,1,1,0
moving_020_r04_s10004,50.848,-1.152697,0.062467,0.042487,3,14.937778,14.937778,0,1,1,0
moving_020_r04_s10004,50.880,-1.153130,0.059555,0.042495,3,14.940039,14.940039,0,1,1,0
moving_020_r04_s10004,50.912,-1.153538,0.056640,0.042506,3,14.942283,14.942283,0,1,1,0
moving_020_r04_s10004,50.944,-1.153921,0.053723,0.042522,3,14.944510,14.944510,0,1,1,0
moving_020_r04_s10004,50.976,-1.154281,0.050803,0.042540,3,14.946722,14.946722,0,1,1,0
moving_020_r04_s10004,51.008,-1.154620,0.047881,0.042557,3,14.948920,14.948920,0,1,1,0
moving_020_r04_s10004,51.040,-1.154940,0.044957,0.042572,3,14.951106,14.951106,0,1,1,0
moving_020_r04_s10004,51.072,-1.155240,0.042031,0.042586,3,14.953278,14.953278,0,1,1,0
moving_020_r04_s10004,51.104,-1.155520,0.039102,0.042600,3,14.955438,14.955438,0,1,1,0
moving_020_r04_s10004,51.136,-1.155808,0.036172,0.042583,3,14.957604,14.957604,0,1,1,0
moving_020_r04_s10004,51.168,-1.156080,0.033244,0.042562,3,14.959757,14.959757,0,1,1,0
moving_020_r04_s10004,51.200,-1.156340,0.030312,0.042531,3,14.961905,14.961905,0,1,1,0
moving_020_r04_s10004,51.232,-1.156591,0.027379,0.042488,3,14.964047,14.964047,0,1,1,0
moving_020_r04_s10004,51.264,-1.156830,0.024445,0.042436,3,14.966181,14.966181,0,1,1,0
moving_020_r04_s10004,51.296,-1.157048,0.021509,0.042384,3,14.968300,14.968300,0,1,1,0
moving_020_r04_s10004,51.328,-1.157245,0.018571,0.042332,3,14.970406,14.970406,0,1,1,0
moving_020_r04_s10004,51.360,-1.157419,0.015632,0.042281,3,14.972495,14.972495,0,1,1,0
moving_020_r04_s10004,51.392,-1.157568,0.012691,0.042235,3,14.974567,14.974567,0,1,1,0
moving_020_r04_s10004,51.424,-1.157690,0.009749,0.042193,3,14.976621,14.976621,0,1,1,0
moving_020_r04_s10004,51.456,-1.157784,0.006805,0.042159,3,14.978654,14.978654,0,1,1,0
moving_020_r04_s10004,51.488,-1.157848,0.003861,0.042134,3,14.980667,14.980667,0,1,1,0
moving_020_r04_s10004,51.520,-1.157883,0.000916,0.042116,3,14.982658,14.982658,0,1,1,0
moving_020_r04_s10004,51.552,-1.157887,-0.002029,0.042108,3,14.984626,14.984626,0,1,1,0
moving_020_r04_s10004,51.584,-1.157862,-0.004974,0.042108,3,14.986573,14.986573,0,1,1,0
moving_020_r04_s10004,51.616,-1.157808,-0.007918,0.042115,3,14.988499,14.988499,0,1,1,0
moving_020_r04_s10004,51.648,-1.157727,-0.010862,0.042129,3,14.990404,14.990404,0,1,1,0
moving_020_r04_s10004,51.680,-1.157616,-0.013804,0.042150,3,14.992287,14.992287,0,1,1,0
moving_020_r04_s10004,51.712,-1.157480,-0.016745,0.042177,3,14.994150,14.994150,0,1,1,0
moving_020_r04_s10004,51.744,-1.157319,-0.019685,0.042206,3,14.995995,14.995995,0,1,1,0
moving_020_r04_s10004,51.776,-1.157131,-0.022623,0.042241,3,14.997818,14.997818,0,1,1,0
moving_020_r04_s10004,51.808,-1.156918,-0.025560,0.042280,3,14.999622,14.999622,0,1,1,0
moving_020_r04_s10004,51.840,-1.156686,-0.028494,0.042317,3,15.001411,15.001411,0,1,1,0
moving_020_r04_s10004,51.872,-1.156429,-0.031427,0.042357,3,15.003181,15.003181,0,1,1,0
moving_020_r04_s10004,51.904,-1.156167,-0.034359,0.042383,3,15.004946,15.004946,0,1,1,0
moving_020_r04_s10004,51.936,-1.155889,-0.037289,0.042402,3,15.006699,15.006699,0,1,1,0
moving_020_r04_s10004,51.968,-1.155598,-0.040218,0.042412,3,15.008443,15.008443,0,1,1,0
moving_020_r04_s10004,52.000,-1.155298,-0.043146,0.042412,3,15.010178,15.010178,0,1,1,0
moving_020_r04_s10004,52.032,-1.154983,-0.046073,0.042404,3,15.011903,15.011903,0,1,1,0
moving_020_r04_s10004,52.064,-1.154649,-0.048998,0.042396,3,15.013612,15.013612,0,1,1,0
moving_020_r04_s10004,52.096,-1.154293,-0.051921,0.042387,3,15.015304,15.015304,0,1,1,0
moving_020_r04_s10004,52.128,-1.153912,-0.054841,0.042382,3,15.016976,15.016976,0,1,1,0
moving_020_r04_s10004,52.160,-1.153504,-0.057757,0.042383,3,15.018626,15.018626,0,1,1,0
moving_020_r04_s10004,52.192,-1.153072,-0.060670,0.042388,3,15.020256,15.020256,0,1,1,0
moving_020_r04_s10004,52.224,-1.152611,-0.063578,0.042400,3,15.021862,15.021862,0,1,1,0
moving_020_r04_s10004,52.256,-1.152123,-0.066482,0.042418,3,15.023445,15.023445,0,1,1,0
moving_020_r04_s10004,52.288,-1.151608,-0.069382,0.042443,3,15.025006,15.025006,0,1,1,0
moving_020_r04_s10004,52.320,-1.151066,-0.072276,0.042473,3,15.026544,15.026544,0,1,1,0
moving_020_r04_s10004,52.352,-1.150498,-0.075166,0.042509,3,15.028060,15.028060,0,1,1,0
moving_020_r04_s10004,52.384,-1.149903,-0.078050,0.042551,3,15.029552,15.029552,0,1,1,0
moving_020_r04_s10004,52.416,-1.149282,-0.080928,0.042599,3,15.031021,15.031021,0,1,1,0
moving_020_r04_s10004,52.448,-1.148635,-0.083800,0.042652,3,15.032468,15.032468,0,1,1,0
moving_020_r04_s10004,52.480,-1.147964,-0.086667,0.042709,3,15.033893,15.033893,0,1,1,0
moving_020_r04_s10004,52.512,-1.147268,-0.089528,0.042769,3,15.035297,15.035297,0,1,1,0
moving_020_r04_s10004,52.544,-1.146548,-0.092383,0.042833,3,15.036679,15.036679,0,1,1,0
moving_020_r04_s10004,52.576,-1.145808,-0.095232,0.042896,3,15.038044,15.038044,0,1,1,0
moving_020_r04_s10004,52.608,-1.145050,-0.098077,0.042957,3,15.039391,15.039391,0,1,1,0
moving_020_r04_s10004,52.640,-1.144271,-0.100915,0.043019,3,15.040720,15.040720,0,1,1,0
moving_020_r04_s10004,52.672,-1.143484,-0.103752,0.043067,3,15.042042,15.042042,0,1,1,0
moving_020_r04_s10004,52.704,-1.142683,-0.106584,0.043110,3,15.043351,15.043351,0,1,1,0
moving_020_r04_s10004,52.736,-1.141867,-0.109412,0.043146,3,15.044647,15.044647,0,1,1,0
moving_020_r04_s10004,52.768,-1.141039,-0.112237,0.043173,3,15.045932,15.045932,0,1,1,0
moving_020_r04_s10004,52.800,-1.140194,-0.115057,0.043196,3,15.047202,15.047202,0,1,1,0
moving_020_r04_s10004,52.832,-1.139330,-0.117871,0.043218,3,15.048455,15.048455,0,1,1,0
moving_020_r04_s10004,52.864,-1.138446,-0.120680,0.043240,3,15.049689,15.049689,0,1,1,0
moving_020_r04_s10004,52.896,-1.137542,-0.123482,0.043261,3,15.050905,15.050905,0,1,1,0
moving_020_r04_s10004,52.928,-1.136617,-0.126277,0.043283,3,15.052100,15.052100,0,1,1,0
moving_020_r04_s10004,52.960,-1.135670,-0.129065,0.043307,3,15.053276,15.053276,0,1,1,0
moving_020_r04_s10004,52.992,-1.134704,-0.131847,0.043329,3,15.054433,15.054433,0,1,1,0
moving_020_r04_s10004,53.024,-1.133718,-0.134621,0.043353,3,15.055571,15.055571,0,1,1,0
moving_020_r04_s10004,53.056,-1.132710,-0.137387,0.043377,3,15.056688,15.056688,0,1,1,0
moving_020_r04_s10004,53.088,-1.131681,-0.140146,0.043403,3,15.057785,15.057785,0,1,1,0
moving_020_r04_s10004,53.120,-1.130632,-0.142897,0.043429,3,15.058862,15.058862,0,1,1,0
moving_020_r04_s10004,53.152,-1.129562,-0.145640,0.043455,3,15.059919,15.059919,0,1,1,0
moving_020_r04_s10004,53.184,-1.128474,-0.148376,0.043480,3,15.060959,15.060959,0,1,1,0
moving_020_r04_s10004,53.216,-1.127367,-0.151104,0.043504,3,15.061980,15.061980,0,1,1,0
moving_020_r04_s10004,53.248,-1.126242,-0.153825,0.043527,3,15.062982,15.062982,0,1,1,0
moving_020_r04_s10004,53.280,-1.125098,-0.156538,0.043549,3,15.063966,15.063966,0,1,1,0
moving_020_r04_s10004,53.312,-1.123938,-0.159243,0.043567,3,15.064933,15.064933,0,1,1,0
moving_020_r04_s10004,53.344,-1.122760,-0.161942,0.043582,3,15.065884,15.065884,0,1,1,0
moving_020_r04_s10004,53.376,-1.121570,-0.164634,0.043590,3,15.066822,15.066822,0,1,1,0
moving_020_r04_s10004,53.408,-1.120363,-0.167319,0.043596,3,15.067742,15.067742,0,1,1,0
moving_020_r04_s10004,53.440,-1.119147,-0.170000,0.043590,3,15.068653,15.068653,0,1,1,0
moving_020_r04_s10004,53.472,-1.117920,-0.172676,0.043574,3,15.069555,15.069555,0,1,1,0
moving_020_r04_s10004,53.504,-1.116686,-0.175348,0.043546,3,15.070448,15.070448,0,1,1,0
moving_020_r04_s10004,53.536,-1.115442,-0.178016,0.043506,3,15.071332,15.071332,0,1,1,0
moving_020_r04_s10004,53.568,-1.114187,-0.180679,0.043457,3,15.072205,15.072205,0,1,1,0
moving_020_r04_s10004,53.600,-1.112917,-0.183335,0.043404,3,15.073063,15.073063,0,1,1,0
moving_020_r04_s10004,53.632,-1.111630,-0.185983,0.043348,3,15.073904,15.073904,0,1,1,0
moving_020_r04_s10004,53.664,-1.110328,-0.188624,0.043287,3,15.074729,15.074729,0,1,1,0
moving_020_r04_s10004,53.696,-1.109009,-0.191256,0.043225,3,15.075536,15.075536,0,1,1,0
moving_020_r04_s10004,53.728,-1.107667,-0.193878,0.043165,3,15.076320,15.076320,0,1,1,0
moving_020_r04_s10004,53.760,-1.106304,-0.196488,0.043109,3,15.077080,15.077080,0,1,1,0
moving_020_r04_s10004,53.792,-1.104922,-0.199088,0.043054,3,15.077820,15.077820,0,1,1,0
moving_020_r04_s10004,53.824,-1.103517,-0.201676,0.043002,3,15.078537,15.078537,0,1,1,0
moving_020_r04_s10004,53.856,-1.102091,-0.204252,0.042953,3,15.079231,15.079231,0,1,1,0
moving_020_r04_s10004,53.888,-1.100643,-0.206816,0.042909,3,15.079899,15.079899,0,1,1,0
moving_020_r04_s10004,53.920,-1.099172,-0.209367,0.042869,3,15.080543,15.080543,0,1,1,0
moving_020_r04_s10004,53.952,-1.097679,-0.211905,0.042834,3,15.081163,15.081163,0,1,1,0
moving_020_r04_s10004,53.984,-1.096164,-0.214430,0.042802,3,15.081759,15.081759,0,1,1,0
moving_020_r04_s10004,54.016,-1.094628,-0.216942,0.042775,3,15.082330,15.082330,0,1,1,0
moving_020_r04_s10004,54.048,-1.093072,-0.219441,0.042750,3,15.082879,15.082879,0,1,1,0
moving_020_r04_s10004,54.080,-1.091496,-0.221928,0.042726,3,15.083405,15.083405,0,1,1,0
moving_020_r04_s10004,54.112,-1.089901,-0.224402,0.042706,3,15.083909,15.083909,0,1,1,0
moving_020_r04_s10004,54.144,-1.088287,-0.226865,0.042684,3,15.084392,15.084392,0,1,1,0
moving_020_r04_s10004,54.176,-1.086656,-0.229315,0.042664,3,15.084854,15.084854,0,1,1,0
moving_020_r04_s10004,54.208,-1.085013,-0.231758,0.042636,3,15.085303,15.085303,0,1,1,0
moving_020_r04_s10004,54.240,-1.083375,-0.234204,0.042581,3,15.085759,15.085759,0,1,1,0
moving_020_r04_s10004,54.272,-1.081723,-0.236640,0.042522,3,15.086199,15.086199,0,1,1,0
moving_020_r04_s10004,54.304,-1.080062,-0.239070,0.042452,3,15.086628,15.086628,0,1,1,0
moving_020_r04_s10004,54.336,-1.078394,-0.241495,0.042370,3,15.087049,15.087049,0,1,1,0
moving_020_r04_s10004,54.368,-1.076713,-0.243912,0.042281,3,15.087455,15.087455,0,1,1,0
moving_020_r04_s10004,54.400,-1.075011,-0.246315,0.042197,3,15.087837,15.087837,0,1,1,0
moving_020_r04_s10004,54.432,-1.073288,-0.248703,0.042117,3,15.088195,15.088195,0,1,1,0
moving_020_r04_s10004,54.464,-1.071544,-0.251075,0.042043,3,15.088526,15.088526,0,1,1,0
moving_020_r04_s10004,54.496,-1.069776,-0.253431,0.041976,3,15.088830,15.088830,0,1,1,0
moving_020_r04_s10004,54.528,-1.067984,-0.255768,0.041917,3,15.089104,15.089104,0,1,1,0
moving_020_r04_s10004,54.560,-1.066168,-0.258086,0.041870,3,15.089347,15.089347,0,1,1,0
moving_020_r04_s10004,54.592,-1.064326,-0.260385,0.041832,3,15.089560,15.089560,0,1,1,0
moving_020_r04_s10004,54.624,-1.062461,-0.262664,0.041804,3,15.089742,15.089742,0,1,1,0
moving_020_r04_s10004,54.656,-1.060572,-0.264923,0.041785,3,15.089894,15.089894,0,1,1,0
moving_020_r04_s10004,54.688,-1.058660,-0.267163,0.041776,3,15.090017,15.090017,0,1,1,0
moving_020_r04_s10004,54.720,-1.056725,-0.269382,0.041776,3,15.090109,15.090109,0,1,1,0
moving_020_r04_s10004,54.752,-1.054767,-0.271581,0.041785,3,15.090171,15.090171,0,1,1,0
moving_020_r04_s10004,54.784,-1.052789,-0.273762,0.041801,3,15.090206,15.090206,0,1,1,0
moving_020_r04_s10004,54.816,-1.050790,-0.275923,0.041824,3,15.090213,15.090213,0,1,1,0
moving_020_r04_s10004,54.848,-1.048771,-0.278066,0.041852,3,15.090195,15.090195,0,1,1,0
moving_020_r04_s10004,54.880,-1.046736,-0.280192,0.041883,3,15.090153,15.090153,0,1,1,0
moving_020_r04_s10004,54.912,-1.044684,-0.282302,0.041916,3,15.090088,15.090088,0,1,1,0
moving_020_r04_s10004,54.944,-1.042617,-0.284397,0.041948,3,15.090004,15.090004,0,1,1,0
moving_020_r04_s10004,54.976,-1.040538,-0.286480,0.041976,3,15.089903,15.089903,0,1,1,0
moving_020_r04_s10004,55.008,-1.038462,-0.288566,0.041980,3,15.089806,15.089806,0,1,1,0
moving_020_r04_s10004,55.040,-1.036374,-0.290641,0.041978,3,15.089693,15.089693,0,1,1,0
moving_020_r04_s10004,55.072,-1.034279,-0.292707,0.041965,3,15.089571,15.089571,0,1,1,0
moving_020_r04_s10004,55.104,-1.032178,-0.294767,0.041941,3,15.089439,15.089439,0,1,1,0
moving_020_r04_s10004,55.136,-1.030067,-0.296819,0.041908,3,15.089296,15.089296,0,1,1,0
moving_020_r04_s10004,55.168,-1.027939,-0.298854,0.041877,3,15.089130,15.089130,0,1,1,0
moving_020_r04_s10004,55.200,-1.025794,-0.300870,0.041851,3,15.088938,15.088938,0,1,1,0
moving_020_r04_s10004,55.232,-1.023632,-0.302869,0.041829,3,15.088723,15.088723,0,1,1,0
moving_020_r04_s10004,55.264,-1.021451,-0.304848,0.041811,3,15.088482,15.088482,0,1,1,0
moving_020_r04_s10004,55.296,-1.019251,-0.306806,0.041801,3,15.088212,15.088212,0,1,1,0
moving_020_r04_s10004,55.328,-1.017031,-0.308741,0.041800,3,15.087913,15.087913,0,1,1,0
moving_020_r04_s10004,55.360,-1.014791,-0.310652,0.041810,3,15.087583,15.087583,0,1,1,0
moving_020_r04_s10004,55.392,-1.012530,-0.312540,0.041829,3,15.087223,15.087223,0,1,1,0
moving_020_r04_s10004,55.424,-1.010250,-0.314403,0.041858,3,15.086833,15.086833,0,1,1,0
moving_020_r04_s10004,55.456,-1.007952,-0.316245,0.041895,3,15.086415,15.086415,0,1,1,0
moving_020_r04_s10004,55.488,-1.005635,-0.318061,0.041941,3,15.085967,15.085967,0,1,1,0
moving_020_r04_s10004,55.520,-1.003302,-0.319858,0.041991,3,15.085494,15.085494,0,1,1,0
moving_020_r04_s10004,55.552,-1.000953,-0.321632,0.042048,3,15.084995,15.084995,0,1,1,0
moving_020_r04_s10004,55.584,-0.998590,-0.323387,0.042108,3,15.084472,15.084472,0,1,1,0
moving_020_r04_s10004,55.616,-0.996212,-0.325122,0.042171,3,15.083926,15.083926,0,1,1,0
moving_020_r04_s10004,55.648,-0.993821,-0.326838,0.042236,3,15.083357,15.083357,0,1,1,0
moving_020_r04_s10004,55.680,-0.991417,-0.328536,0.042301,3,15.082769,15.082769,0,1,1,0
moving_020_r04_s10004,55.712,-0.989003,-0.330219,0.042364,3,15.082162,15.082162,0,1,1,0
moving_020_r04_s10004,55.744,-0.986577,-0.331885,0.042426,3,15.081536,15.081536,0,1,1,0
moving_020_r04_s10004,55.776,-0.984153,-0.333555,0.042463,3,15.080914,15.080914,0,1,1,0
moving_020_r04_s10004,55.808,-0.981720,-0.335211,0.042495,3,15.080277,15.080277,0,1,1,0
moving_020_r04_s10004,55.840,-0.979281,-0.336858,0.042516,3,15.079630,15.079630,0,1,1,0
moving_020_r04_s10004,55.872,-0.976836,-0.338495,0.042528,3,15.078972,15.078972,0,1,1,0
moving_020_r04_s10004,55.904,-0.974381,-0.340119,0.042535,3,15.078299,15.078299,0,1,1,0
moving_020_r04_s10004,55.936,-0.971914,-0.341726,0.042542,3,15.077606,15.077606,0,1,1,0
moving_020_r04_s10004,55.968,-0.969436,-0.343315,0.042548,3,15.076892,15.076892,0,1,1,0
moving_020_r04_s10004,56.000,-0.966945,-0.344884,0.042557,3,15.076157,15.076157,0,1,1,0
moving_020_r04_s10004,56.032,-0.964441,-0.346434,0.042567,3,15.075400,15.075400,0,1,1,0
moving_020_r04_s10004,56.064,-0.961925,-0.347963,0.042581,3,15.074619,15.074619,0,1,1,0
moving_020_r04_s10004,56.096,-0.959395,-0.349469,0.042600,3,15.073813,15.073813,0,1,1,0
moving_020_r04_s10004,56.128,-0.956851,-0.350953,0.042624,3,15.072983,15.072983,0,1,1,0
moving_020_r04_s10004,56.160,-0.954295,-0.352414,0.042653,3,15.072128,15.072128,0,1,1,0
moving_020_r04_s10004,56.192,-0.951726,-0.353853,0.042686,3,15.071250,15.071250,0,1,1,0
moving_020_r04_s10004,56.224,-0.949144,-0.355269,0.042723,3,15.070347,15.070347,0,1,1,0
moving_020_r04_s10004,56.256,-0.946551,-0.356662,0.042765,3,15.069421,15.069421,0,1,1,0
moving_020_r04_s10004,56.288,-0.943947,-0.358035,0.042809,3,15.068473,15.068473,0,1,1,0
moving_020_r04_s10004,56.320,-0.941332,-0.359387,0.042855,3,15.067503,15.067503,0,1,1,0
moving_020_r04_s10004,56.352,-0.938708,-0.360720,0.042901,3,15.066514,15.066514,0,1,1,0
moving_020_r04_s10004,56.384,-0.936073,-0.362033,0.042948,3,15.065505,15.065505,0,1,1,0
moving_020_r04_s10004,56.416,-0.933430,-0.363327,0.042996,3,15.064475,15.064475,0,1,1,0
moving_020_r04_s10004,56.448,-0.930778,-0.364604,0.043039,3,15.063431,15.063431,0,1,1,0
moving_020_r04_s10004,56.480,-0.928119,-0.365866,0.043080,3,15.062369,15.062369,0,1,1,0
moving_020_r04_s10004,56.512,-0.925453,-0.367110,0.043118,3,15.061291,15.061291,0,1,1,0
moving_020_r04_s10004,56.544,-0.922785,-0.368352,0.043136,3,15.060211,15.060211,0,1,1,0
moving_020_r04_s10004,56.576,-0.920112,-0.369583,0.043147,3,15.059120,15.059120,0,1,1,0
moving_020_r04_s10004,56.608,-0.917435,-0.370805,0.043145,3,15.058020,15.058020,0,1,1,0
moving_020_r04_s10004,56.640,-0.914753,-0.372018,0.043133,3,15.056912,15.056912,0,1,1,0
moving_020_r04_s10004,56.672,-0.912065,-0.373217,0.043114,3,15.055790,15.055790,0,1,1,0
moving_020_r04_s10004,56.704,-0.909370,-0.374399,0.043093,3,15.054651,15.054651,0,1,1,0
moving_020_r04_s10004,56.736,-0.906667,-0.375566,0.043067,3,15.053496,15.053496,0,1,1,0
moving_020_r04_s10004,56.768,-0.903956,-0.376714,0.043041,3,15.052324,15.052324,0,1,1,0
moving_020_r04_s10004,56.800,-0.901237,-0.377842,0.043014,3,15.051132,15.051132,0,1,1,0
moving_020_r04_s10004,56.832,-0.898508,-0.378949,0.042990,3,15.049919,15.049919,0,1,1,0
moving_020_r04_s10004,56.864,-0.895772,-0.380037,0.042965,3,15.048688,15.048688,0,1,1,0
moving_020_r04_s10004,56.896,-0.893027,-0.381101,0.042944,3,15.047434,15.047434,0,1,1,0
moving_020_r04_s10004,56.928,-0.890274,-0.382144,0.042924,3,15.046161,15.046161,0,1,1,0
moving_020_r04_s10004,56.960,-0.887512,-0.383164,0.042908,3,15.044866,15.044866,0,1,1,0
moving_020_r04_s10004,56.992,-0.884742,-0.384162,0.042894,3,15.043550,15.043550,0,1,1,0
moving_020_r04_s10004,57.024,-0.881963,-0.385136,0.042883,3,15.042213,15.042213,0,1,1,0
moving_020_r04_s10004,57.056,-0.879178,-0.386088,0.042875,3,15.040856,15.040856,0,1,1,0
moving_020_r04_s10004,57.088,-0.876384,-0.387017,0.042869,3,15.039477,15.039477,0,1,1,0
moving_020_r04_s10004,57.120,-0.873585,-0.387926,0.042864,3,15.038080,15.038080,0,1,1,0
moving_020_r04_s10004,57.152,-0.870778,-0.388814,0.042859,3,15.036664,15.036664,0,1,1,0
moving_020_r04_s10004,57.184,-0.867966,-0.389680,0.042856,3,15.035230,15.035230,0,1,1,0
moving_020_r04_s10004,57.216,-0.865147,-0.390528,0.042850,3,15.033778,15.033778,0,1,1,0
moving_020_r04_s10004,57.248,-0.862325,-0.391360,0.042840,3,15.032314,15.032314,0,1,1,0
moving_020_r04_s10004,57.280,-0.859498,-0.392174,0.042827,3,15.030834,15.030834,0,1,1,0
moving_020_r04_s10004,57.312,-0.856668,-0.392981,0.042799,3,15.029348,15.029348,0,1,1,0
moving_020_r04_s10004,57.344,-0.853835,-0.393777,0.042763,3,15.027852,15.027852,0,1,1,0
moving_020_r04_s10004,57.376,-0.850999,-0.394561,0.042717,3,15.026347,15.026347,0,1,1,0
moving_020_r04_s10004,57.408,-0.848162,-0.395339,0.042657,3,15.024835,15.024835,0,1,1,0
moving_020_r04_s10004,57.440,-0.845321,-0.396108,0.042584,3,15.023317,15.023317,0,1,1,0
moving_020_r04_s10004,57.472,-0.842475,-0.396860,0.042508,3,15.021783,15.021783,0,1,1,0
moving_020_r04_s10004,57.504,-0.839625,-0.397595,0.042429,3,15.020234,15.020234,0,1,1,0
moving_020_r04_s10004,57.536,-0.836768,-0.398308,0.042351,3,15.018667,15.018667,0,1,1,0
moving_020_r04_s10004,57.568,-0.833906,-0.398998,0.042275,3,15.017079,15.017079,0,1,1,0
moving_020_r04_s10004,57.600,-0.831038,-0.399663,0.042204,3,15.015471,15.015471,0,1,1,0
moving_020_r04_s10004,57.632,-0.828163,-0.400302,0.042138,3,15.013840,15.013840,0,1,1,0
moving_020_r04_s10004,57.664,-0.825282,-0.400913,0.042080,3,15.012186,15.012186,0,1,1,0
moving_020_r04_s10004,57.696,-0.822395,-0.401495,0.042030,3,15.010508,15.010508,0,1,1,0
moving_020_r04_s10004,57.728,-0.819503,-0.402048,0.041989,3,15.008805,15.008805,0,1,1,0
moving_020_r04_s10004,57.760,-0.816604,-0.402569,0.041958,3,15.007078,15.007078,0,1,1,0
moving_020_r04_s10004,57.792,-0.813701,-0.403060,0.041937,3,15.005326,15.005326,0,1,1,0
moving_020_r04_s10004,57.824,-0.810794,-0.403523,0.041923,3,15.003551,15.003551,0,1,1,0
moving_020_r04_s10004,57.856,-0.807883,-0.403957,0.041917,3,15.001755,15.001755,0,1,1,0
moving_020_r04_s10004,57.888,-0.804969,-0.404364,0.041917,3,14.999938,14.999938,0,1,1,0
moving_020_r04_s10004,57.920,-0.802052,-0.404747,0.041920,3,14.998103,14.998103,0,1,1,0
moving_020_r04_s10004,57.952,-0.799133,-0.405104,0.041927,3,14.996248,14.996248,0,1,1,0
moving_020_r04_s10004,57.984,-0.796212,-0.405441,0.041934,3,14.994379,14.994379,0,1,1,0
moving_020_r04_s10004,58.016,-0.793289,-0.405758,0.041939,3,14.992494,14.992494,0,1,1,0
moving_020_r04_s10004,58.048,-0.790365,-0.406058,0.041941,3,14.990597,14.990597,0,1,1,0
moving_020_r04_s10004,58.080,-0.787439,-0.406341,0.041938,3,14.988688,14.988688,0,1,1,0
moving_020_r04_s10004,58.112,-0.784511,-0.406609,0.041929,3,14.986767,14.986767,0,1,1,0
moving_020_r04_s10004,58.144,-0.781581,-0.406857,0.041919,3,14.984832,14.984832,0,1,1,0
moving_020_r04_s10004,58.176,-0.778647,-0.407092,0.041901,3,14.982884,14.982884,0,1,1,0
moving_020_r04_s10004,58.208,-0.775713,-0.407326,0.041863,3,14.980935,14.980935,0,1,1,0
moving_020_r04_s10004,58.240,-0.772776,-0.407541,0.041823,3,14.978972,14.978972,0,1,1,1
