run_id,time_s,robot_x,robot_y,lane_error_m,checkpoint_count,static_clearance_m,moving_clearance_m,collision_count,moving_started,moving_cleared,finished
static_right_r10_s10010,0.032,-0.460000,-0.450000,0.000000,0,0.592284,14.785604,0,0,0,0
static_right_r10_s10010,0.064,-0.457065,-0.450001,0.000001,0,0.589409,14.783529,0,0,0,0
static_right_r10_s10010,0.096,-0.454159,-0.450027,0.000027,0,0.586559,14.781492,0,0,0,0
static_right_r10_s10010,0.128,-0.451214,-0.450089,0.000089,0,0.583664,14.779453,0,0,0,0
static_right_r10_s10010,0.160,-0.448270,-0.450163,0.000163,0,0.580769,14.777424,0,0,0,0
static_right_r10_s10010,0.192,-0.445328,-0.450238,0.000238,0,0.577874,14.775396,0,0,0,0
static_right_r10_s10010,0.224,-0.442385,-0.450309,0.000309,0,0.574981,14.773367,0,0,0,0
static_right_r10_s10010,0.256,-0.439442,-0.450380,0.000380,0,0.572087,14.771337,0,0,0,0
static_right_r10_s10010,0.288,-0.436499,-0.450458,0.000458,0,0.569194,14.769312,0,0,0,0
static_right_r10_s10010,0.320,-0.433556,-0.450548,0.000548,0,0.566298,14.767296,0,0,0,0
static_right_r10_s10010,0.352,-0.430614,-0.450644,0.000644,0,0.563402,14.765286,0,0,0,0
static_right_r10_s10010,0.384,-0.427672,-0.450745,0.000745,0,0.560506,14.763279,0,0,0,0
static_right_r10_s10010,0.416,-0.424730,-0.450843,0.000843,0,0.557610,14.761270,0,0,0,0
static_right_r10_s10010,0.448,-0.421788,-0.450947,0.000947,0,0.554714,14.759267,0,0,0,0
static_right_r10_s10010,0.480,-0.418846,-0.451054,0.001054,0,0.551818,14.757265,0,0,0,0
static_right_r10_s10010,0.512,-0.415904,-0.451169,0.001169,0,0.548921,14.755270,0,0,0,0
static_right_r10_s10010,0.544,-0.412963,-0.451288,0.001288,0,0.546023,14.753278,0,0,0,0
static_right_r10_s10010,0.576,-0.410021,-0.451417,0.001417,0,0.543125,14.751294,0,0,0,0
static_right_r10_s10010,0.608,-0.407081,-0.451555,0.001555,0,0.540225,14.749316,0,0,0,0
static_right_r10_s10010,0.640,-0.404140,-0.451701,0.001701,0,0.537324,14.747345,0,0,0,0
static_right_r10_s10010,0.672,-0.401200,-0.451854,0.001854,0,0.534423,14.745379,0,0,0,0
static_right_r10_s10010,0.704,-0.398260,-0.452013,0.002013,0,0.531521,14.743418,0,0,0,0
static_right_r10_s10010,0.736,-0.395321,-0.452178,0.002178,0,0.528619,14.741463,0,0,0,0
static_right_r10_s10010,0.768,-0.392382,-0.452350,0.002350,0,0.525716,14.739513,0,0,0,0
static_right_r10_s10010,0.800,-0.389443,-0.452527,0.002527,0,0.522812,14.737566,0,0,0,0
static_right_r10_s10010,0.832,-0.386505,-0.452710,0.002710,0,0.519908,14.735625,0,0,0,0
static_right_r10_s10010,0.864,-0.383567,-0.452900,0.002900,0,0.517003,14.733689,0,0,0,0
static_right_r10_s10010,0.896,-0.380630,-0.453095,0.003095,0,0.514098,14.731757,0,0,0,0
static_right_r10_s10010,0.928,-0.377692,-0.453297,0.003297,0,0.511192,14.729831,0,0,0,0
static_right_r10_s10010,0.960,-0.374756,-0.453505,0.003505,0,0.508286,14.727910,0,0,0,0
static_right_r10_s10010,0.992,-0.371820,-0.453720,0.003720,0,0.505379,14.725994,0,0,0,0
static_right_r10_s10010,1.024,-0.368884,-0.453942,0.003942,0,0.502471,14.724084,0,0,0,0
static_right_r10_s10010,1.056,-0.365949,-0.454170,0.004170,0,0.499563,14.722179,0,0,0,0
static_right_r10_s10010,1.088,-0.363014,-0.454407,0.004407,0,0.496653,14.720282,0,0,0,0
static_right_r10_s10010,1.120,-0.360081,-0.454656,0.004656,0,0.493743,14.718393,0,0,0,0
static_right_r10_s10010,1.152,-0.357148,-0.454914,0.004914,0,0.490831,14.716512,0,0,0,0
static_right_r10_s10010,1.184,-0.354216,-0.455185,0.005185,0,0.487918,14.714642,0,0,0,0
static_right_r10_s10010,1.216,-0.351286,-0.455468,0.005468,0,0.485003,14.712781,0,0,0,0
static_right_r10_s10010,1.248,-0.348356,-0.455762,0.005762,0,0.482087,14.710930,0,0,0,0
static_right_r10_s10010,1.280,-0.345428,-0.456069,0.006069,0,0.479170,14.709088,0,0,0,0
static_right_r10_s10010,1.312,-0.342501,-0.456385,0.006385,0,0.476252,14.707254,0,0,0,0
static_right_r10_s10010,1.344,-0.339575,-0.456710,0.006710,0,0.473333,14.705428,0,0,0,0
static_right_r10_s10010,1.376,-0.336650,-0.457043,0.007043,0,0.470413,14.703608,0,0,0,0
static_right_r10_s10010,1.408,-0.333725,-0.457377,0.007377,0,0.467494,14.701789,0,0,0,0
static_right_r10_s10010,1.440,-0.330800,-0.457709,0.007709,0,0.464575,14.699970,0,0,0,0
static_right_r10_s10010,1.472,-0.327874,-0.458033,0.008033,0,0.461658,14.698144,0,0,0,0
static_right_r10_s10010,1.504,-0.324947,-0.458344,0.008344,0,0.458742,14.696308,0,0,0,0
static_right_r10_s10010,1.536,-0.322017,-0.458639,0.008639,0,0.455829,14.694461,0,0,0,0
static_right_r10_s10010,1.568,-0.319086,-0.458917,0.008917,0,0.452919,14.692600,0,0,0,0
static_right_r10_s10010,1.600,-0.316153,-0.459177,0.009177,0,0.450012,14.690725,0,0,0,0
static_right_r10_s10010,1.632,-0.313218,-0.459416,0.009416,0,0.447109,14.688834,0,0,0,0
static_right_r10_s10010,1.664,-0.310281,-0.459634,0.009634,0,0.444210,14.686927,0,0,0,0
static_right_r10_s10010,1.696,-0.307344,-0.459833,0.009833,0,0.441316,14.685007,0,0,0,0
static_right_r10_s10010,1.728,-0.304405,-0.460011,0.010011,0,0.438425,14.683071,0,0,0,0
static_right_r10_s10010,1.760,-0.301465,-0.460171,0.010171,0,0.435540,14.681122,0,0,0,0
static_right_r10_s10010,1.792,-0.298524,-0.460315,0.010315,0,0.432658,14.679162,0,0,0,0
static_right_r10_s10010,1.824,-0.295583,-0.460445,0.010445,0,0.429781,14.677191,0,0,0,0
static_right_r10_s10010,1.856,-0.292641,-0.460560,0.010560,0,0.426907,14.675210,0,0,0,0
static_right_r10_s10010,1.888,-0.289699,-0.460663,0.010663,0,0.424037,14.673220,0,0,0,0
static_right_r10_s10010,1.920,-0.286756,-0.460754,0.010754,0,0.421172,14.671221,0,0,0,0
static_right_r10_s10010,1.952,-0.283814,-0.460831,0.010831,0,0.418310,14.669213,0,0,0,0
static_right_r10_s10010,1.984,-0.280870,-0.460898,0.010898,0,0.415452,14.667197,0,0,0,0
static_right_r10_s10010,2.016,-0.277927,-0.460956,0.010956,0,0.412598,14.665176,0,0,0,0
static_right_r10_s10010,2.048,-0.274984,-0.461007,0.011007,0,0.409746,14.663149,0,0,0,0
static_right_r10_s10010,2.080,-0.272040,-0.461050,0.011050,0,0.406898,14.661118,0,0,0,0
static_right_r10_s10010,2.112,-0.269097,-0.461085,0.011085,0,0.404053,14.659081,0,0,0,0
static_right_r10_s10010,2.144,-0.266153,-0.461115,0.011115,0,0.401211,14.657040,0,0,0,0
static_right_r10_s10010,2.176,-0.263209,-0.461138,0.011138,0,0.398372,14.654995,0,0,0,0
static_right_r10_s10010,2.208,-0.260265,-0.461155,0.011155,0,0.395536,14.652946,0,0,0,0
static_right_r10_s10010,2.240,-0.257321,-0.461168,0.011168,0,0.392703,14.650894,0,0,0,0
static_right_r10_s10010,2.272,-0.254378,-0.461179,0.011179,0,0.389872,14.648840,0,0,0,0
static_right_r10_s10010,2.304,-0.251434,-0.461187,0.011187,0,0.387044,14.646785,0,0,0,0
static_right_r10_s10010,2.336,-0.248490,-0.461197,0.011197,0,0.384217,14.644732,0,0,0,0
static_right_r10_s10010,2.368,-0.245546,-0.461202,0.011202,0,0.381393,14.642676,0,0,0,0
static_right_r10_s10010,2.400,-0.242602,-0.461209,0.011209,0,0.378570,14.640621,0,0,0,0
static_right_r10_s10010,2.432,-0.239658,-0.461211,0.011211,0,0.375751,14.638563,0,0,0,0
static_right_r10_s10010,2.464,-0.236714,-0.461215,0.011215,0,0.372933,14.636507,0,0,0,0
static_right_r10_s10010,2.496,-0.233770,-0.461219,0.011219,0,0.370117,14.634451,0,0,0,0
static_right_r10_s10010,2.528,-0.230826,-0.461224,0.011224,0,0.367302,14.632396,0,0,0,0
static_right_r10_s10010,2.560,-0.227882,-0.461228,0.011228,0,0.364490,14.630340,0,0,0,0
static_right_r10_s10010,2.592,-0.224938,-0.461233,0.011233,0,0.361680,14.628286,0,0,0,0
static_right_r10_s10010,2.624,-0.221994,-0.461238,0.011238,0,0.358872,14.626232,0,0,0,0
static_right_r10_s10010,2.656,-0.219050,-0.461242,0.011242,0,0.356066,14.624178,0,0,0,0
static_right_r10_s10010,2.688,-0.216106,-0.461247,0.011247,0,0.353262,14.622124,0,0,0,0
static_right_r10_s10010,2.720,-0.213162,-0.461252,0.011252,0,0.350461,14.620071,0,0,0,0
static_right_r10_s10010,2.752,-0.210218,-0.461257,0.011257,0,0.347662,14.618018,0,0,0,0
static_right_r10_s10010,2.784,-0.207274,-0.461261,0.011261,0,0.344865,14.615965,0,0,0,0
static_right_r10_s10010,2.816,-0.204330,-0.461266,0.011266,0,0.342071,14.613912,0,0,0,0
static_right_r10_s10010,2.848,-0.201386,-0.461271,0.011271,0,0.339280,14.611860,0,0,0,0
static_right_r10_s10010,2.880,-0.198442,-0.461276,0.011276,0,0.336491,14.609808,0,0,0,0
static_right_r10_s10010,2.912,-0.195498,-0.461280,0.011280,0,0.333705,14.607757,0,0,0,0
static_right_r10_s10010,2.944,-0.192554,-0.461285,0.011285,0,0.330921,14.605706,0,0,0,0
static_right_r10_s10010,2.976,-0.189610,-0.461290,0.011290,0,0.328140,14.603655,0,0,0,0
static_right_r10_s10010,3.008,-0.186666,-0.461294,0.011294,0,0.325363,14.601604,0,0,0,0
static_right_r10_s10010,3.040,-0.183722,-0.461299,0.011299,0,0.322588,14.599554,0,0,0,0
static_right_r10_s10010,3.072,-0.180778,-0.461304,0.011304,0,0.319816,14.597504,0,0,0,0
static_right_r10_s10010,3.104,-0.177834,-0.461304,0.011304,0,0.317049,14.595451,0,0,0,0
static_right_r10_s10010,3.136,-0.174890,-0.461305,0.011305,0,0.314284,14.593399,0,0,0,0
static_right_r10_s10010,3.168,-0.171946,-0.461306,0.011306,0,0.311523,14.591347,0,0,0,0
static_right_r10_s10010,3.200,-0.169002,-0.461307,0.011307,0,0.308766,14.589296,0,0,0,0
static_right_r10_s10010,3.232,-0.166058,-0.461301,0.011301,0,0.306014,14.587239,0,0,0,0
static_right_r10_s10010,3.264,-0.163114,-0.461292,0.011292,0,0.303267,14.585182,0,0,0,0
static_right_r10_s10010,3.296,-0.160170,-0.461280,0.011280,0,0.300525,14.583121,0,0,0,0
static_right_r10_s10010,3.328,-0.157226,-0.461269,0.011269,0,0.297786,14.581062,0,0,0,0
static_right_r10_s10010,3.360,-0.154282,-0.461253,0.011253,0,0.295053,14.579001,0,0,0,0
static_right_r10_s10010,3.392,-0.151338,-0.461239,0.011239,0,0.292324,14.576940,0,0,0,0
static_right_r10_s10010,3.424,-0.148394,-0.461225,0.011225,0,0.289599,14.574880,0,0,0,0
static_right_r10_s10010,3.456,-0.145450,-0.461206,0.011206,0,0.286880,14.572816,0,0,0,0
static_right_r10_s10010,3.488,-0.142506,-0.461183,0.011183,0,0.284166,14.570751,0,0,0,0
static_right_r10_s10010,3.520,-0.139562,-0.461158,0.011158,0,0.281459,14.568684,0,0,0,0
static_right_r10_s10010,3.552,-0.136618,-0.461129,0.011129,0,0.278758,14.566614,0,0,0,0
static_right_r10_s10010,3.584,-0.133674,-0.461096,0.011096,0,0.276063,14.564542,0,0,0,0
static_right_r10_s10010,3.616,-0.130731,-0.461065,0.011065,0,0.273373,14.562472,0,0,0,0
static_right_r10_s10010,3.648,-0.127787,-0.461029,0.011029,0,0.270690,14.560398,0,0,0,0
static_right_r10_s10010,3.680,-0.124843,-0.460995,0.010995,0,0.268012,14.558326,0,0,0,0
static_right_r10_s10010,3.712,-0.121899,-0.460961,0.010961,0,0.265339,14.556254,0,0,0,0
static_right_r10_s10010,3.744,-0.118955,-0.460927,0.010927,0,0.262672,14.554183,0,0,0,0
static_right_r10_s10010,3.776,-0.116012,-0.460893,0.010893,0,0.260011,14.552112,0,0,0,0
static_right_r10_s10010,3.808,-0.113068,-0.460859,0.010859,0,0.257356,14.550042,0,0,0,0
static_right_r10_s10010,3.840,-0.110124,-0.460826,0.010826,0,0.254708,14.547972,0,0,0,0
static_right_r10_s10010,3.872,-0.107180,-0.460792,0.010792,0,0.252066,14.545902,0,0,0,0
static_right_r10_s10010,3.904,-0.104236,-0.460759,0.010759,0,0.249431,14.543833,0,0,0,0
static_right_r10_s10010,3.936,-0.101293,-0.460725,0.010725,0,0.246802,14.541763,0,0,0,0
static_right_r10_s10010,3.968,-0.098349,-0.460692,0.010692,0,0.244181,14.539695,0,0,0,0
static_right_r10_s10010,4.000,-0.095405,-0.460658,0.010658,0,0.241568,14.537626,0,0,0,0
static_right_r10_s10010,4.032,-0.092461,-0.460625,0.010625,0,0.238962,14.535558,0,0,0,0
static_right_r10_s10010,4.064,-0.089517,-0.460591,0.010591,0,0.236364,14.533490,0,0,0,0
static_right_r10_s10010,4.096,-0.086574,-0.460558,0.010558,0,0.233774,14.531423,0,0,0,0
static_right_r10_s10010,4.128,-0.083630,-0.460525,0.010525,0,0.231192,14.529355,0,0,0,0
static_right_r10_s10010,4.160,-0.080686,-0.460491,0.010491,0,0.228620,14.527288,0,0,0,0
static_right_r10_s10010,4.192,-0.077742,-0.460458,0.010458,0,0.226056,14.525222,0,0,0,0
static_right_r10_s10010,4.224,-0.074798,-0.460424,0.010424,0,0.223502,14.523155,0,0,0,0
static_right_r10_s10010,4.256,-0.071855,-0.460391,0.010391,0,0.220958,14.521089,0,0,0,0
static_right_r10_s10010,4.288,-0.068911,-0.460357,0.010357,0,0.218423,14.519023,0,0,0,0
static_right_r10_s10010,4.320,-0.065967,-0.460324,0.010324,0,0.215899,14.516958,0,0,0,0
static_right_r10_s10010,4.352,-0.063023,-0.460290,0.010290,0,0.213386,14.514893,0,0,0,0
static_right_r10_s10010,4.384,-0.060079,-0.460257,0.010257,0,0.210884,14.512828,0,0,0,0
static_right_r10_s10010,4.416,-0.057136,-0.460224,0.010224,0,0.208394,14.510763,0,0,0,0
static_right_r10_s10010,4.448,-0.054192,-0.460190,0.010190,0,0.205915,14.508699,0,0,0,0
static_right_r10_s10010,4.480,-0.051248,-0.460157,0.010157,0,0.203449,14.506635,0,0,0,0
static_right_r10_s10010,4.512,-0.048304,-0.460123,0.010123,0,0.200996,14.504571,0,0,0,0
static_right_r10_s10010,4.544,-0.045360,-0.460094,0.010094,0,0.198553,14.502511,0,0,0,0
static_right_r10_s10010,4.576,-0.042416,-0.460064,0.010064,0,0.196125,14.500451,0,0,0,0
static_right_r10_s10010,4.608,-0.039473,-0.460034,0.010034,0,0.193711,14.498391,0,0,0,0
static_right_r10_s10010,4.640,-0.036529,-0.460004,0.010004,0,0.191312,14.496331,0,0,0,0
static_right_r10_s10010,4.672,-0.033585,-0.459974,0.009974,0,0.188928,14.494271,0,0,0,0
static_right_r10_s10010,4.704,-0.030641,-0.459944,0.009944,0,0.186561,14.492211,0,0,0,0
static_right_r10_s10010,4.736,-0.027697,-0.459914,0.009914,0,0.184210,14.490152,0,0,0,0
static_right_r10_s10010,4.768,-0.024753,-0.459884,0.009884,0,0.181876,14.488093,0,0,0,0
static_right_r10_s10010,4.800,-0.021809,-0.459854,0.009854,0,0.179561,14.486035,0,0,0,0
static_right_r10_s10010,4.832,-0.018866,-0.459824,0.009824,0,0.177264,14.483977,0,0,0,0
static_right_r10_s10010,4.864,-0.015922,-0.459793,0.009793,0,0.174986,14.481919,0,0,0,0
static_right_r10_s10010,4.896,-0.012978,-0.459763,0.009763,0,0.172729,14.479861,0,0,0,0
static_right_r10_s10010,4.928,-0.010034,-0.459733,0.009733,0,0.170492,14.477804,0,0,0,0
static_right_r10_s10010,4.960,-0.007090,-0.459703,0.009703,0,0.168278,14.475746,0,0,0,0
static_right_r10_s10010,4.992,-0.004146,-0.459673,0.009673,0,0.166086,14.473690,0,0,0,0
static_right_r10_s10010,5.024,-0.001203,-0.459642,0.009642,0,0.163917,14.471633,0,0,0,0
static_right_r10_s10010,5.056,0.001741,-0.459612,0.009612,0,0.161773,14.469577,0,0,0,0
static_right_r10_s10010,5.088,0.004685,-0.459582,0.009582,0,0.159655,14.467521,0,0,0,0
static_right_r10_s10010,5.120,0.007629,-0.459552,0.009552,0,0.157563,14.465466,0,0,0,0
static_right_r10_s10010,5.152,0.010573,-0.459521,0.009521,0,0.155499,14.463410,0,0,0,0
static_right_r10_s10010,5.184,0.013517,-0.459491,0.009491,0,0.153463,14.461355,0,0,0,0
static_right_r10_s10010,5.216,0.016461,-0.459461,0.009461,0,0.151457,14.459301,0,0,0,0
static_right_r10_s10010,5.248,0.019404,-0.459430,0.009430,0,0.149483,14.457246,0,0,0,0
static_right_r10_s10010,5.280,0.022348,-0.459400,0.009400,0,0.147540,14.455192,0,0,0,0
static_right_r10_s10010,5.312,0.025292,-0.459370,0.009370,0,0.145632,14.453139,0,0,0,0
static_right_r10_s10010,5.344,0.028236,-0.459344,0.009344,0,0.143754,14.451089,0,0,0,0
static_right_r10_s10010,5.376,0.031180,-0.459323,0.009323,0,0.141910,14.449042,0,0,0,0
static_right_r10_s10010,5.408,0.034124,-0.459304,0.009304,0,0.140101,14.446997,0,0,0,0
static_right_r10_s10010,5.440,0.037068,-0.459292,0.009292,0,0.138326,14.444958,0,0,0,0
static_right_r10_s10010,5.472,0.040012,-0.459285,0.009285,0,0.136587,14.442922,0,0,0,0
static_right_r10_s10010,5.504,0.042956,-0.459285,0.009285,0,0.134884,14.440892,0,0,0,0
static_right_r10_s10010,5.536,0.045900,-0.459291,0.009291,0,0.133219,14.438867,0,0,0,0
static_right_r10_s10010,5.568,0.048844,-0.459305,0.009305,0,0.131593,14.436847,0,0,0,0
static_right_r10_s10010,5.600,0.051788,-0.459327,0.009327,0,0.130005,14.434834,0,0,0,0
static_right_r10_s10010,5.632,0.054732,-0.459355,0.009355,0,0.128461,14.432826,0,0,0,0
static_right_r10_s10010,5.664,0.057676,-0.459389,0.009389,0,0.126961,14.430822,0,0,0,0
static_right_r10_s10010,5.696,0.060620,-0.459428,0.009428,0,0.125508,14.428823,0,0,0,0
static_right_r10_s10010,5.728,0.063563,-0.459472,0.009472,0,0.124103,14.426827,0,0,0,0
static_right_r10_s10010,5.760,0.066507,-0.459518,0.009518,0,0.122751,14.424833,0,0,0,0
static_right_r10_s10010,5.792,0.069450,-0.459570,0.009570,0,0.121450,14.422844,0,0,0,0
static_right_r10_s10010,5.824,0.072394,-0.459624,0.009624,0,0.120204,14.420857,0,0,0,0
static_right_r10_s10010,5.856,0.075337,-0.459677,0.009677,0,0.119021,14.418869,0,0,0,0
static_right_r10_s10010,5.888,0.078281,-0.459729,0.009729,0,0.117899,14.416881,0,0,0,0
static_right_r10_s10010,5.920,0.081224,-0.459781,0.009781,0,0.116841,14.414893,0,0,0,0
static_right_r10_s10010,5.952,0.084168,-0.459833,0.009833,0,0.115848,14.412905,0,0,0,0
static_right_r10_s10010,5.984,0.087111,-0.459884,0.009884,0,0.114922,14.410917,0,0,0,0
static_right_r10_s10010,6.016,0.090055,-0.459935,0.009935,0,0.114066,14.408930,0,0,0,0
static_right_r10_s10010,6.048,0.092999,-0.459986,0.009986,0,0.113279,14.406942,0,0,0,0
static_right_r10_s10010,6.080,0.095942,-0.460037,0.010037,0,0.112564,14.404955,0,0,0,0
static_right_r10_s10010,6.112,0.098886,-0.460088,0.010088,0,0.111922,14.402969,0,0,0,0
static_right_r10_s10010,6.144,0.101829,-0.460134,0.010134,0,0.111358,14.400979,0,0,0,0
static_right_r10_s10010,6.176,0.104773,-0.460181,0.010181,0,0.110869,14.398990,0,0,0,0
static_right_r10_s10010,6.208,0.107717,-0.460229,0.010229,0,0.110457,14.397002,0,0,0,0
static_right_r10_s10010,6.240,0.110660,-0.460276,0.010276,0,0.110121,14.395014,0,0,0,0
static_right_r10_s10010,6.272,0.113604,-0.460323,0.010323,0,0.109863,14.393026,0,0,0,0
static_right_r10_s10010,6.304,0.116547,-0.460366,0.010366,0,0.109688,14.391035,0,0,0,0
static_right_r10_s10010,6.336,0.119491,-0.460405,0.010405,0,0.109596,14.389042,0,0,0,0
static_right_r10_s10010,6.368,0.122435,-0.460441,0.010441,0,0.109586,14.387047,0,0,0,0
static_right_r10_s10010,6.400,0.125379,-0.460473,0.010473,0,0.109659,14.385049,0,0,0,0
static_right_r10_s10010,6.432,0.128323,-0.460501,0.010501,0,0.109814,14.383049,0,0,0,0
static_right_r10_s10010,6.464,0.131267,-0.460527,0.010527,0,0.110052,14.381047,0,0,0,0
static_right_r10_s10010,6.496,0.134211,-0.460549,0.010549,0,0.110370,14.379043,0,0,0,0
static_right_r10_s10010,6.528,0.137155,-0.460567,0.010567,0,0.110769,14.377037,0,0,0,0
static_right_r10_s10010,6.560,0.140098,-0.460582,0.010582,0,0.111248,14.375028,0,0,0,0
static_right_r10_s10010,6.592,0.143042,-0.460594,0.010594,0,0.111806,14.373018,0,0,0,0
static_right_r10_s10010,6.624,0.145986,-0.460607,0.010607,0,0.112437,14.371009,0,0,0,0
static_right_r10_s10010,6.656,0.148930,-0.460616,0.010616,0,0.113145,14.368996,0,0,0,0
static_right_r10_s10010,6.688,0.151874,-0.460626,0.010626,0,0.113924,14.366986,0,0,0,0
static_right_r10_s10010,6.720,0.154818,-0.460637,0.010637,0,0.114772,14.364975,0,0,0,0
static_right_r10_s10010,6.752,0.157762,-0.460647,0.010647,0,0.115689,14.362966,0,0,0,0
static_right_r10_s10010,6.784,0.160706,-0.460658,0.010658,0,0.116673,14.360956,0,0,0,0
static_right_r10_s10010,6.816,0.163650,-0.460669,0.010669,0,0.117723,14.358947,0,0,0,0
static_right_r10_s10010,6.848,0.166594,-0.460680,0.010680,0,0.118836,14.356939,0,0,0,0
static_right_r10_s10010,6.880,0.169538,-0.460691,0.010691,0,0.120010,14.354931,0,0,0,0
static_right_r10_s10010,6.912,0.172482,-0.460702,0.010702,0,0.121245,14.352923,0,0,0,0
static_right_r10_s10010,6.944,0.175426,-0.460713,0.010713,0,0.122538,14.350916,0,0,0,0
static_right_r10_s10010,6.976,0.178370,-0.460725,0.010725,0,0.123888,14.348908,0,0,0,0
static_right_r10_s10010,7.008,0.181314,-0.460736,0.010736,0,0.125292,14.346902,0,0,0,0
static_right_r10_s10010,7.040,0.184258,-0.460747,0.010747,0,0.126749,14.344895,0,0,0,0
static_right_r10_s10010,7.072,0.187202,-0.460754,0.010754,0,0.128261,14.342886,0,0,0,0
static_right_r10_s10010,7.104,0.190146,-0.460761,0.010761,0,0.129821,14.340877,0,0,0,0
static_right_r10_s10010,7.136,0.193090,-0.460769,0.010769,0,0.131429,14.338869,0,0,0,0
static_right_r10_s10010,7.168,0.196034,-0.460772,0.010772,0,0.133086,14.336858,0,0,0,0
static_right_r10_s10010,7.200,0.198978,-0.460771,0.010771,0,0.134790,14.334845,0,0,0,0
static_right_r10_s10010,7.232,0.201922,-0.460772,0.010772,0,0.136536,14.332832,0,0,0,0
static_right_r10_s10010,7.264,0.204866,-0.460773,0.010773,0,0.138322,14.330820,0,0,0,0
static_right_r10_s10010,7.296,0.207810,-0.460769,0.010769,0,0.140150,14.328806,0,0,0,0
static_right_r10_s10010,7.328,0.210754,-0.460766,0.010766,0,0.142015,14.326792,0,0,0,0
static_right_r10_s10010,7.360,0.213698,-0.460764,0.010764,0,0.143916,14.324779,0,0,0,0
static_right_r10_s10010,7.392,0.216642,-0.460761,0.010761,0,0.145852,14.322766,0,0,0,0
static_right_r10_s10010,7.424,0.219586,-0.460759,0.010759,0,0.147821,14.320753,0,0,0,0
static_right_r10_s10010,7.456,0.222530,-0.460757,0.010757,0,0.149822,14.318741,0,0,0,0
static_right_r10_s10010,7.488,0.225474,-0.460755,0.010755,0,0.151853,14.316729,0,0,0,0
static_right_r10_s10010,7.520,0.228418,-0.460752,0.010752,0,0.153914,14.314718,0,0,0,0
static_right_r10_s10010,7.552,0.231362,-0.460750,0.010750,0,0.156003,14.312707,0,0,0,0
static_right_r10_s10010,7.584,0.234306,-0.460748,0.010748,0,0.158120,14.310696,0,0,0,0
static_right_r10_s10010,7.616,0.237250,-0.460746,0.010746,0,0.160262,14.308686,0,0,0,0
static_right_r10_s10010,7.648,0.240194,-0.460744,0.010744,0,0.162430,14.306676,0,0,0,0
static_right_r10_s10010,7.680,0.243138,-0.460742,0.010742,0,0.164622,14.304666,0,0,0,0
static_right_r10_s10010,7.712,0.246082,-0.460740,0.010740,0,0.166836,14.302657,0,0,0,0
static_right_r10_s10010,7.744,0.249026,-0.460738,0.010738,0,0.169074,14.300648,0,0,0,0
static_right_r10_s10010,7.776,0.251970,-0.460736,0.010736,0,0.171332,14.298639,0,0,0,0
static_right_r10_s10010,7.808,0.254914,-0.460734,0.010734,0,0.173611,14.296631,0,0,0,0
static_right_r10_s10010,7.840,0.257858,-0.460732,0.010732,0,0.175910,14.294623,0,0,0,0
static_right_r10_s10010,7.872,0.260802,-0.460730,0.010730,0,0.178228,14.292615,0,0,0,0
static_right_r10_s10010,7.904,0.263746,-0.460728,0.010728,0,0.180564,14.290608,0,0,0,0
static_right_r10_s10010,7.936,0.266690,-0.460726,0.010726,0,0.182917,14.288601,0,0,0,0
static_right_r10_s10010,7.968,0.269634,-0.460724,0.010724,0,0.185288,14.286594,0,0,0,0
static_right_r10_s10010,8.000,0.272578,-0.460722,0.010722,0,0.187675,14.284588,0,0,0,0
static_right_r10_s10010,8.032,0.275522,-0.460720,0.010720,0,0.190077,14.282581,0,0,0,0
static_right_r10_s10010,8.064,0.278466,-0.460718,0.010718,0,0.192494,14.280576,0,0,0,0
static_right_r10_s10010,8.096,0.281410,-0.460716,0.010716,0,0.194926,14.278570,0,0,0,0
static_right_r10_s10010,8.128,0.284354,-0.460714,0.010714,0,0.197372,14.276565,0,0,0,0
static_right_r10_s10010,8.160,0.287298,-0.460712,0.010712,0,0.199831,14.274560,0,0,0,0
static_right_r10_s10010,8.192,0.290242,-0.460710,0.010710,0,0.202304,14.272556,0,0,0,0
static_right_r10_s10010,8.224,0.293186,-0.460708,0.010708,0,0.204788,14.270552,0,0,0,0
static_right_r10_s10010,8.256,0.296130,-0.460706,0.010706,0,0.207285,14.268548,0,0,0,0
static_right_r10_s10010,8.288,0.299074,-0.460703,0.010703,0,0.209793,14.266544,0,0,0,0
static_right_r10_s10010,8.320,0.302018,-0.460701,0.010701,0,0.212313,14.264541,0,0,0,0
static_right_r10_s10010,8.352,0.304962,-0.460699,0.010699,0,0.214843,14.262538,0,0,0,0
static_right_r10_s10010,8.384,0.307906,-0.460697,0.010697,0,0.217384,14.260536,0,0,0,0
static_right_r10_s10010,8.416,0.310850,-0.460695,0.010695,0,0.219935,14.258533,0,0,0,0
static_right_r10_s10010,8.448,0.313794,-0.460693,0.010693,0,0.222495,14.256531,0,0,0,0
static_right_r10_s10010,8.480,0.316738,-0.460691,0.010691,0,0.225065,14.254530,0,0,0,0
static_right_r10_s10010,8.512,0.319682,-0.460689,0.010689,0,0.227644,14.252529,0,0,0,0
static_right_r10_s10010,8.544,0.322626,-0.460687,0.010687,0,0.230232,14.250528,0,0,0,0
static_right_r10_s10010,8.576,0.325570,-0.460685,0.010685,0,0.232828,14.248527,0,0,0,0
static_right_r10_s10010,8.608,0.328514,-0.460683,0.010683,0,0.235432,14.246527,0,0,0,0
static_right_r10_s10010,8.640,0.331458,-0.460681,0.010681,0,0.238044,14.244527,0,0,0,0
static_right_r10_s10010,8.672,0.334402,-0.460679,0.010679,0,0.240664,14.242527,0,0,0,0
static_right_r10_s10010,8.704,0.337346,-0.460677,0.010677,0,0.243292,14.240528,0,0,0,0
static_right_r10_s10010,8.736,0.340290,-0.460670,0.010670,0,0.245928,14.238526,0,0,0,0
static_right_r10_s10010,8.768,0.343234,-0.460664,0.010664,0,0.248571,14.236524,0,0,0,0
static_right_r10_s10010,8.800,0.346178,-0.460659,0.010659,0,0.251221,14.234523,0,0,0,0
static_right_r10_s10010,8.832,0.349122,-0.460648,0.010648,0,0.253879,14.232519,0,0,0,0
static_right_r10_s10010,8.864,0.352066,-0.460634,0.010634,0,0.256545,14.230513,0,0,0,0
static_right_r10_s10010,8.896,0.355010,-0.460622,0.010622,0,0.259217,14.228508,0,0,0,0
static_right_r10_s10010,8.928,0.357954,-0.460609,0.010609,0,0.261894,14.226503,0,0,0,0
static_right_r10_s10010,8.960,0.360898,-0.460597,0.010597,0,0.264577,14.224499,0,0,0,0
static_right_r10_s10010,8.992,0.363842,-0.460584,0.010584,0,0.267265,14.222495,0,0,0,0
static_right_r10_s10010,9.024,0.366786,-0.460572,0.010572,0,0.269959,14.220492,0,0,0,0
static_right_r10_s10010,9.056,0.369730,-0.460560,0.010560,0,0.272657,14.218489,0,0,0,0
static_right_r10_s10010,9.088,0.372674,-0.460548,0.010548,0,0.275361,14.216486,0,0,0,0
static_right_r10_s10010,9.120,0.375618,-0.460536,0.010536,0,0.278070,14.214484,0,0,0,0
static_right_r10_s10010,9.152,0.378562,-0.460524,0.010524,0,0.280783,14.212482,0,0,0,0
static_right_r10_s10010,9.184,0.381506,-0.460512,0.010512,0,0.283501,14.210480,0,0,0,0
static_right_r10_s10010,9.216,0.384450,-0.460500,0.010500,0,0.286224,14.208479,0,0,0,0
static_right_r10_s10010,9.248,0.387394,-0.460488,0.010488,0,0.288950,14.206478,0,0,0,0
static_right_r10_s10010,9.280,0.390338,-0.460476,0.010476,0,0.291681,14.204477,0,0,0,0
static_right_r10_s10010,9.312,0.393282,-0.460464,0.010464,0,0.294416,14.202477,0,0,0,0
static_right_r10_s10010,9.344,0.396226,-0.460452,0.010452,0,0.297156,14.200477,0,0,0,0
static_right_r10_s10010,9.376,0.399170,-0.460440,0.010440,0,0.299898,14.198477,0,0,0,0
static_right_r10_s10010,9.408,0.402114,-0.460428,0.010428,0,0.302645,14.196478,0,0,0,0
static_right_r10_s10010,9.440,0.405058,-0.460416,0.010416,0,0.305396,14.194478,0,0,0,0
static_right_r10_s10010,9.472,0.408002,-0.460404,0.010404,0,0.308150,14.192480,0,0,0,0
static_right_r10_s10010,9.504,0.410945,-0.460392,0.010392,0,0.310907,14.190481,0,0,0,0
static_right_r10_s10010,9.536,0.413889,-0.460380,0.010380,0,0.313668,14.188483,0,0,0,0
static_right_r10_s10010,9.568,0.416833,-0.460368,0.010368,0,0.316432,14.186486,0,0,0,0
static_right_r10_s10010,9.600,0.419777,-0.460356,0.010356,0,0.319200,14.184488,0,0,0,0
static_right_r10_s10010,9.632,0.422721,-0.460344,0.010344,0,0.321970,14.182491,0,0,0,0
static_right_r10_s10010,9.664,0.425665,-0.460332,0.010332,0,0.324744,14.180494,0,0,0,0
static_right_r10_s10010,9.696,0.428609,-0.460320,0.010320,0,0.327520,14.178498,0,0,0,0
static_right_r10_s10010,9.728,0.431553,-0.460308,0.010308,0,0.330300,14.176502,0,0,0,0
static_right_r10_s10010,9.760,0.434497,-0.460296,0.010296,0,0.333082,14.174506,0,0,0,0
static_right_r10_s10010,9.792,0.437441,-0.460284,0.010284,0,0.335867,14.172511,0,0,0,0
static_right_r10_s10010,9.824,0.440385,-0.460271,0.010271,0,0.338655,14.170516,0,0,0,0
static_right_r10_s10010,9.856,0.443329,-0.460259,0.010259,0,0.341445,14.168521,0,0,0,0
static_right_r10_s10010,9.888,0.446273,-0.460247,0.010247,0,0.344238,14.166526,0,0,0,0
static_right_r10_s10010,9.920,0.449217,-0.460235,0.010235,0,0.347033,14.164532,0,0,0,0
static_right_r10_s10010,9.952,0.452161,-0.460223,0.010223,0,0.349831,14.162539,0,0,0,0
static_right_r10_s10010,9.984,0.455105,-0.460211,0.010211,0,0.352632,14.160545,0,0,0,0
static_right_r10_s10010,10.016,0.458049,-0.460199,0.010199,0,0.355434,14.158552,0,0,0,0
static_right_r10_s10010,10.048,0.460993,-0.460187,0.010187,0,0.358239,14.156559,0,0,0,0
static_right_r10_s10010,10.080,0.463937,-0.460175,0.010175,0,0.361046,14.154567,0,0,0,0
static_right_r10_s10010,10.112,0.466881,-0.460163,0.010163,0,0.363855,14.152575,0,0,0,0
static_right_r10_s10010,10.144,0.469825,-0.460151,0.010151,0,0.366666,14.150583,0,0,0,0
static_right_r10_s10010,10.176,0.472769,-0.460139,0.010139,0,0.369480,14.148591,0,0,0,0
static_right_r10_s10010,10.208,0.475713,-0.460127,0.010127,0,0.372295,14.146600,0,0,0,0
static_right_r10_s10010,10.240,0.478657,-0.460115,0.010115,0,0.375113,14.144609,0,0,0,0
static_right_r10_s10010,10.272,0.481601,-0.460103,0.010103,0,0.377932,14.142619,0,0,0,0
static_right_r10_s10010,10.304,0.484545,-0.460091,0.010091,0,0.380753,14.140629,0,0,0,0
static_right_r10_s10010,10.336,0.487489,-0.460079,0.010079,0,0.383576,14.138639,0,0,0,0
static_right_r10_s10010,10.368,0.490433,-0.460067,0.010067,0,0.386401,14.136650,0,0,0,0
static_right_r10_s10010,10.400,0.493377,-0.460055,0.010055,0,0.389228,14.134660,0,0,0,0
static_right_r10_s10010,10.432,0.496321,-0.460042,0.010042,0,0.392056,14.132672,0,0,0,0
static_right_r10_s10010,10.464,0.499265,-0.460030,0.010030,0,0.394886,14.130683,0,0,0,0
static_right_r10_s10010,10.496,0.502209,-0.460018,0.010018,0,0.397718,14.128695,0,0,0,0
static_right_r10_s10010,10.528,0.505153,-0.460006,0.010006,0,0.400551,14.126707,0,0,0,0
static_right_r10_s10010,10.560,0.508097,-0.459994,0.009994,0,0.403386,14.124720,0,0,0,0
static_right_r10_s10010,10.592,0.511041,-0.459982,0.009982,0,0.406222,14.122733,0,0,0,0
static_right_r10_s10010,10.624,0.513985,-0.459970,0.009970,0,0.409060,14.120746,0,0,0,0
static_right_r10_s10010,10.656,0.516929,-0.459958,0.009958,0,0.411900,14.118759,0,0,0,0
static_right_r10_s10010,10.688,0.519873,-0.459946,0.009946,0,0.414741,14.116773,0,0,0,0
static_right_r10_s10010,10.720,0.522817,-0.459934,0.009934,0,0.417583,14.114787,0,0,0,0
static_right_r10_s10010,10.752,0.525761,-0.459922,0.009922,0,0.420427,14.112802,0,0,0,0
static_right_r10_s10010,10.784,0.528704,-0.459910,0.009910,0,0.423272,14.110817,0,0,0,0
static_right_r10_s10010,10.816,0.531648,-0.459898,0.009898,0,0.426119,14.108832,0,0,0,0
static_right_r10_s10010,10.848,0.534592,-0.459886,0.009886,0,0.428966,14.106847,0,0,0,0
static_right_r10_s10010,10.880,0.537536,-0.459873,0.009873,0,0.431815,14.104863,0,0,0,0
static_right_r10_s10010,10.912,0.540480,-0.459861,0.009861,0,0.434666,14.102880,0,0,0,0
static_right_r10_s10010,10.944,0.543424,-0.459849,0.009849,0,0.437517,14.100896,0,0,0,0
static_right_r10_s10010,10.976,0.546368,-0.459837,0.009837,0,0.440370,14.098913,0,0,0,0
static_right_r10_s10010,11.008,0.549312,-0.459825,0.009825,0,0.443224,14.096930,0,0,0,0
static_right_r10_s10010,11.040,0.552256,-0.459813,0.009813,0,0.446079,14.094948,0,0,0,0
static_right_r10_s10010,11.072,0.555200,-0.459801,0.009801,0,0.448936,14.092965,0,0,0,0
static_right_r10_s10010,11.104,0.558144,-0.459789,0.009789,0,0.451793,14.090984,0,0,0,0
static_right_r10_s10010,11.136,0.561088,-0.459777,0.009777,0,0.454652,14.089002,0,0,0,0
static_right_r10_s10010,11.168,0.564032,-0.459765,0.009765,0,0.457511,14.087021,0,0,0,0
static_right_r10_s10010,11.200,0.566976,-0.459752,0.009752,0,0.460372,14.085040,0,0,0,0
static_right_r10_s10010,11.232,0.569920,-0.459740,0.009740,0,0.463234,14.083060,0,0,0,0
static_right_r10_s10010,11.264,0.572864,-0.459728,0.009728,0,0.466096,14.081080,0,0,0,0
static_right_r10_s10010,11.296,0.575808,-0.459716,0.009716,0,0.468960,14.079100,0,0,0,0
static_right_r10_s10010,11.328,0.578752,-0.459704,0.009704,0,0.471825,14.077120,0,0,0,0
static_right_r10_s10010,11.360,0.581696,-0.459692,0.009692,0,0.474691,14.075141,0,0,0,0
static_right_r10_s10010,11.392,0.584640,-0.459675,0.009675,0,0.477558,14.073159,0,0,0,0
static_right_r10_s10010,11.424,0.587584,-0.459655,0.009655,0,0.480428,14.071174,0,0,0,0
static_right_r10_s10010,11.456,0.590528,-0.459631,0.009631,0,0.483299,14.069188,0,0,0,0
static_right_r10_s10010,11.488,0.593472,-0.459603,0.009603,0,0.486172,14.067198,0,0,0,0
static_right_r10_s10010,11.520,0.596416,-0.459572,0.009572,0,0.489046,14.065207,0,0,0,0
static_right_r10_s10010,11.552,0.599359,-0.459537,0.009537,0,0.491922,14.063213,0,0,0,0
static_right_r10_s10010,11.584,0.602303,-0.459500,0.009500,0,0.494800,14.061217,0,0,0,0
static_right_r10_s10010,11.616,0.605247,-0.459458,0.009458,0,0.497679,14.059219,0,0,0,0
static_right_r10_s10010,11.648,0.608191,-0.459414,0.009414,0,0.500559,14.057219,0,0,0,0
static_right_r10_s10010,11.680,0.611134,-0.459366,0.009366,0,0.503441,14.055217,0,0,0,0
static_right_r10_s10010,11.712,0.614078,-0.459314,0.009314,0,0.506324,14.053213,0,0,0,0
static_right_r10_s10010,11.744,0.617021,-0.459260,0.009260,0,0.509209,14.051206,0,0,0,0
static_right_r10_s10010,11.776,0.619965,-0.459206,0.009206,0,0.512094,14.049201,0,0,0,0
static_right_r10_s10010,11.808,0.622908,-0.459146,0.009146,0,0.514981,14.047192,0,0,0,0
static_right_r10_s10010,11.840,0.625852,-0.459081,0.009081,0,0.517869,14.045178,0,0,0,0
static_right_r10_s10010,11.872,0.628795,-0.459011,0.009011,0,0.520760,14.043162,0,0,0,0
static_right_r10_s10010,11.904,0.631738,-0.458935,0.008935,0,0.523652,14.041142,0,0,0,0
static_right_r10_s10010,11.936,0.634681,-0.458857,0.008857,0,0.526544,14.039120,0,0,0,0
static_right_r10_s10010,11.968,0.637624,-0.458776,0.008776,0,0.529438,14.037097,0,0,0,0
static_right_r10_s10010,12.000,0.640566,-0.458691,0.008691,0,0.532334,14.035071,0,0,0,0
static_right_r10_s10010,12.032,0.643509,-0.458603,0.008603,0,0.535230,14.033043,0,0,0,0
static_right_r10_s10010,12.064,0.646452,-0.458512,0.008512,0,0.538127,14.031013,0,0,0,0
static_right_r10_s10010,12.096,0.649394,-0.458415,0.008415,0,0.541026,14.028980,0,0,0,0
static_right_r10_s10010,12.128,0.652336,-0.458313,0.008313,0,0.543926,14.026943,0,0,0,0
static_right_r10_s10010,12.160,0.655278,-0.458206,0.008206,0,0.546828,14.024902,0,0,0,0
static_right_r10_s10010,12.192,0.658220,-0.458091,0.008091,0,0.549731,14.022857,0,0,0,0
static_right_r10_s10010,12.224,0.661162,-0.457972,0.007972,0,0.552636,14.020809,0,0,0,0
static_right_r10_s10010,12.256,0.664103,-0.457848,0.007848,0,0.555542,14.018757,0,0,0,0
static_right_r10_s10010,12.288,0.667044,-0.457717,0.007717,0,0.558449,14.016701,0,0,0,0
static_right_r10_s10010,12.320,0.669985,-0.457579,0.007579,0,0.561357,14.014640,0,0,0,0
static_right_r10_s10010,12.352,0.672926,-0.457434,0.007434,0,0.564268,14.012574,0,0,0,0
static_right_r10_s10010,12.384,0.675866,-0.457282,0.007282,0,0.567179,14.010504,0,0,0,0
static_right_r10_s10010,12.416,0.678806,-0.457122,0.007122,0,0.570092,14.008428,0,0,0,0
static_right_r10_s10010,12.448,0.681745,-0.456950,0.006950,0,0.573007,14.006345,0,0,0,0
static_right_r10_s10010,12.480,0.684683,-0.456771,0.006771,0,0.575924,14.004256,0,0,0,0
static_right_r10_s10010,12.512,0.687621,-0.456581,0.006581,0,0.578842,14.002160,0,0,0,0
static_right_r10_s10010,12.544,0.690559,-0.456380,0.006380,0,0.581762,14.000057,0,0,0,0
static_right_r10_s10010,12.576,0.693495,-0.456170,0.006170,0,0.584683,13.997947,0,0,0,0
static_right_r10_s10010,12.608,0.696431,-0.455952,0.005952,0,0.587605,13.995832,0,0,0,0
static_right_r10_s10010,12.640,0.699366,-0.455728,0.005728,0,0.590528,13.993714,0,0,0,0
static_right_r10_s10010,12.672,0.702301,-0.455500,0.005500,0,0.593452,13.991593,0,0,0,0
static_right_r10_s10010,12.704,0.705238,-0.455295,0.005295,0,0.596373,13.989488,0,0,0,0
static_right_r10_s10010,12.736,0.708174,-0.455080,0.005080,0,0.599296,13.987377,0,0,0,0
static_right_r10_s10010,12.768,0.711109,-0.454841,0.004841,0,0.602222,13.985249,0,0,0,0
static_right_r10_s10010,12.800,0.714042,-0.454585,0.004585,0,0.605150,13.983110,0,0,0,0
static_right_r10_s10010,12.832,0.716974,-0.454312,0.004312,0,0.608080,13.980959,0,0,0,0
static_right_r10_s10010,12.864,0.719904,-0.454024,0.004024,0,0.611012,13.978798,0,0,0,0
static_right_r10_s10010,12.896,0.722833,-0.453721,0.003721,0,0.613945,13.976628,0,0,0,0
static_right_r10_s10010,12.928,0.725760,-0.453406,0.003406,0,0.616879,13.974449,0,0,0,0
static_right_r10_s10010,12.960,0.728686,-0.453077,0.003077,0,0.619814,13.972261,0,0,0,0
static_right_r10_s10010,12.992,0.731610,-0.452737,0.002737,0,0.622750,13.970067,0,0,0,0
static_right_r10_s10010,13.024,0.734533,-0.452388,0.002388,0,0.625686,13.967867,0,0,0,0
static_right_r10_s10010,13.056,0.737455,-0.452030,0.002030,0,0.628624,13.965660,0,0,0,0
static_right_r10_s10010,13.088,0.740376,-0.451664,0.001664,0,0.631562,13.963449,0,0,0,0
static_right_r10_s10010,13.120,0.743296,-0.451288,0.001288,0,0.634500,13.961231,0,0,0,0
static_right_r10_s10010,13.152,0.746215,-0.450904,0.000904,0,0.637439,13.959009,0,0,0,0
static_right_r10_s10010,13.184,0.749133,-0.450515,0.000515,0,0.640379,13.956784,0,0,0,0
static_right_r10_s10010,13.216,0.752050,-0.450122,0.000127,0,0.643318,13.954556,0,0,0,0
static_right_r10_s10010,13.248,0.754967,-0.449725,0.000248,0,0.646258,13.952325,0,0,0,0
static_right_r10_s10010,13.280,0.757884,-0.449325,0.000606,0,0.649198,13.950093,0,0,0,0
static_right_r10_s10010,13.312,0.760801,-0.448927,0.000943,0,0.652138,13.947863,0,0,0,0
static_right_r10_s10010,13.344,0.763718,-0.448529,0.001261,0,0.655078,13.945633,0,0,0,0
static_right_r10_s10010,13.376,0.766636,-0.448140,0.001552,0,0.658018,13.943408,0,0,0,0
static_right_r10_s10010,13.408,0.769556,-0.447763,0.001811,0,0.660957,13.941192,0,0,0,0
static_right_r10_s10010,13.440,0.772479,-0.447408,0.002027,0,0.663896,13.938991,0,0,0,0
static_right_r10_s10010,13.472,0.775405,-0.447083,0.002196,0,0.666832,13.936811,0,0,0,0
static_right_r10_s10010,13.504,0.778283,-0.446770,0.002335,0,0.669717,13.934672,0,0,0,0
static_right_r10_s10010,13.536,0.781200,-0.446324,0.002586,0,0.672667,13.932407,0,0,0,0
static_right_r10_s10010,13.568,0.784108,-0.445793,0.002904,0,0.675624,13.930084,0,0,0,0
static_right_r10_s10010,13.600,0.786991,-0.445181,0.003285,0,0.678570,13.927718,0,0,0,0
static_right_r10_s10010,13.632,0.789874,-0.444572,0.003643,0,0.681516,13.925355,0,0,0,0
static_right_r10_s10010,13.664,0.792752,-0.443947,0.003999,0,0.684459,13.922983,0,0,0,0
static_right_r10_s10010,13.696,0.795624,-0.443306,0.004352,0,0.687400,13.920603,0,0,0,0
static_right_r10_s10010,13.728,0.798493,-0.442654,0.004698,0,0.690340,13.918216,0,0,0,0
static_right_r10_s10010,13.760,0.801358,-0.441988,0.005038,0,0.693279,13.915823,0,0,0,0
static_right_r10_s10010,13.792,0.804221,-0.441311,0.005370,0,0.696217,13.913423,0,0,0,0
static_right_r10_s10010,13.824,0.807080,-0.440623,0.005695,0,0.699155,13.911016,0,0,0,0
static_right_r10_s10010,13.856,0.809938,-0.439925,0.006011,0,0.702093,13.908604,0,0,0,0
static_right_r10_s10010,13.888,0.812794,-0.439216,0.006318,0,0.705030,13.906186,0,0,0,0
static_right_r10_s10010,13.920,0.815647,-0.438500,0.006614,0,0.707967,13.903762,0,0,0,0
static_right_r10_s10010,13.952,0.818499,-0.437776,0.006898,0,0.710904,13.901335,0,0,0,0
static_right_r10_s10010,13.984,0.821350,-0.437044,0.007170,0,0.713841,13.898903,0,0,0,0
static_right_r10_s10010,14.016,0.824199,-0.436307,0.007429,0,0.716778,13.896468,0,0,0,0
static_right_r10_s10010,14.048,0.827048,-0.435567,0.007670,0,0.719715,13.894032,0,0,0,0
static_right_r10_s10010,14.080,0.829899,-0.434830,0.007890,0,0.722653,13.891596,0,0,0,0
static_right_r10_s10010,14.112,0.832750,-0.434099,0.008084,0,0.725590,13.889165,0,0,0,0
static_right_r10_s10010,14.144,0.835603,-0.433379,0.008248,0,0.728528,13.886741,0,0,0,0
static_right_r10_s10010,14.176,0.838459,-0.432670,0.008380,0,0.731466,13.884323,0,0,0,0
static_right_r10_s10010,14.208,0.841320,-0.431976,0.008477,0,0.734406,13.881915,0,0,0,0
static_right_r10_s10010,14.240,0.844185,-0.431299,0.008537,0,0.737348,13.879516,0,0,0,0
static_right_r10_s10010,14.272,0.847056,-0.430647,0.008552,0,0.740291,13.877131,0,0,0,0
static_right_r10_s10010,14.304,0.849929,-0.430016,0.008525,0,0.743231,13.874763,0,0,0,0
static_right_r10_s10010,14.336,0.852788,-0.429296,0.008570,0,0.746174,13.872336,0,0,0,0
static_right_r10_s10010,14.368,0.855627,-0.428487,0.008686,0,0.749115,13.869855,0,0,0,0
static_right_r10_s10010,14.400,0.858446,-0.427599,0.008864,0,0.752051,13.867330,0,0,0,0
static_right_r10_s10010,14.432,0.861226,-0.426636,0.009104,0,0.754963,13.864773,0,0,0,0
static_right_r10_s10010,14.464,0.864028,-0.425725,0.009268,0,0.757887,13.862241,0,0,0,0
static_right_r10_s10010,14.496,0.866827,-0.424812,0.009416,0,0.760809,13.859710,0,0,0,0
static_right_r10_s10010,14.528,0.869624,-0.423896,0.009549,0,0.763729,13.857178,0,0,0,0
static_right_r10_s10010,14.560,0.872417,-0.422973,0.009668,0,0.766648,13.854643,0,0,0,0
static_right_r10_s10010,14.592,0.875211,-0.422050,0.009768,0,0.769567,13.852109,0,0,0,0
static_right_r10_s10010,14.624,0.878005,-0.421131,0.009845,0,0.772486,13.849576,0,0,0,0
static_right_r10_s10010,14.656,0.880793,-0.420191,0.009924,0,0.775402,13.847033,0,0,0,0
static_right_r10_s10010,14.688,0.883572,-0.419223,0.010012,0,0.778316,13.844475,0,0,0,0
static_right_r10_s10010,14.720,0.886344,-0.418236,0.010102,0,0.781227,13.841906,0,0,0,0
static_right_r10_s10010,14.752,0.889109,-0.417229,0.010192,0,0.784135,13.839328,0,0,0,0
static_right_r10_s10010,14.784,0.891868,-0.416206,0.010280,0,0.787041,13.836741,0,0,0,0
static_right_r10_s10010,14.816,0.894622,-0.415167,0.010365,0,0.789944,13.834147,0,0,0,0
static_right_r10_s10010,14.848,0.897370,-0.414115,0.010444,0,0.792846,13.831546,0,0,0,0
static_right_r10_s10010,14.880,0.900115,-0.413051,0.010516,0,0.795746,13.828939,0,0,0,0
static_right_r10_s10010,14.912,0.902858,-0.411981,0.010575,0,0.798647,13.826328,0,0,0,0
static_right_r10_s10010,14.944,0.905602,-0.410916,0.010610,0,0.801548,13.823720,0,0,0,0
static_right_r10_s10010,14.976,0.908346,-0.409851,0.010624,0,0.804449,13.821113,0,0,0,0
static_right_r10_s10010,15.008,0.911091,-0.408787,0.010617,0,0.807351,13.818506,0,0,0,0
static_right_r10_s10010,15.040,0.913837,-0.407728,0.010586,0,0.810253,13.815902,0,0,0,0
static_right_r10_s10010,15.072,0.916585,-0.406675,0.010528,0,0.813156,13.813302,0,0,0,0
static_right_r10_s10010,15.104,0.919340,-0.405639,0.010433,0,0.816063,13.810710,0,0,0,0
static_right_r10_s10010,15.136,0.922103,-0.404624,0.010296,0,0.818974,13.808128,0,0,0,0
static_right_r10_s10010,15.168,0.924854,-0.403575,0.010174,0,0.821881,13.805530,0,0,0,0
static_right_r10_s10010,15.200,0.927573,-0.402428,0.010135,0,0.824776,13.802878,0,0,0,0
static_right_r10_s10010,15.232,0.930263,-0.401209,0.010155,0,0.827657,13.800191,0,0,0,0
static_right_r10_s10010,15.264,0.932912,-0.399922,0.010234,0,0.830513,13.797481,0,0,0,0
static_right_r10_s10010,15.296,0.935575,-0.398664,0.010260,0,0.833378,13.794782,0,0,0,0
static_right_r10_s10010,15.328,0.938232,-0.397395,0.010279,0,0.836240,13.792079,0,0,0,0
static_right_r10_s10010,15.360,0.940882,-0.396113,0.010294,0,0.839097,13.789372,0,0,0,0
static_right_r10_s10010,15.392,0.943521,-0.394812,0.010310,0,0.841949,13.786658,0,0,0,0
static_right_r10_s10010,15.424,0.946156,-0.393503,0.010316,0,0.844799,13.783940,0,0,0,0
static_right_r10_s10010,15.456,0.948785,-0.392183,0.010315,0,0.847646,13.781217,0,0,0,0
static_right_r10_s10010,15.488,0.951405,-0.390843,0.010316,0,0.850489,13.778486,0,0,0,0
static_right_r10_s10010,15.520,0.954012,-0.389477,0.010326,0,0.853325,13.775745,0,0,0,0
static_right_r10_s10010,15.552,0.956607,-0.388089,0.010342,0,0.856155,13.772994,0,0,0,0
static_right_r10_s10010,15.584,0.959191,-0.386681,0.010360,0,0.858980,13.770235,0,0,0,0
static_right_r10_s10010,15.616,0.961764,-0.385252,0.010383,0,0.861799,13.767468,0,0,0,0
static_right_r10_s10010,15.648,0.964328,-0.383807,0.010404,0,0.864614,13.764695,0,0,0,0
static_right_r10_s10010,15.680,0.966884,-0.382349,0.010421,0,0.867425,13.761917,0,0,0,0
static_right_r10_s10010,15.712,0.969433,-0.380878,0.010433,0,0.870232,13.759134,0,0,0,0
static_right_r10_s10010,15.744,0.971976,-0.379395,0.010439,0,0.873037,13.756346,0,0,0,0
static_right_r10_s10010,15.776,0.974513,-0.377904,0.010435,0,0.875839,13.753556,0,0,0,0
static_right_r10_s10010,15.808,0.977046,-0.376405,0.010420,0,0.878639,13.750763,0,0,0,0
static_right_r10_s10010,15.840,0.979576,-0.374902,0.010391,0,0.881439,13.747968,0,0,0,0
static_right_r10_s10010,15.872,0.982107,-0.373397,0.010342,0,0.884241,13.745172,0,0,0,0
static_right_r10_s10010,15.904,0.984640,-0.371898,0.010268,0,0.887044,13.742379,0,0,0,0
static_right_r10_s10010,15.936,0.987179,-0.370409,0.010162,0,0.889852,13.739590,0,0,0,0
static_right_r10_s10010,15.968,0.989728,-0.368937,0.010018,0,0.892666,13.736807,0,0,0,0
static_right_r10_s10010,16.000,0.992284,-0.367479,0.009839,0,0.895485,13.734030,0,0,0,0
static_right_r10_s10010,16.032,0.994795,-0.365932,0.009738,0,0.898282,13.731215,0,0,0,0
static_right_r10_s10010,16.064,0.997263,-0.364313,0.009701,0,0.901054,13.728374,0,0,0,0
static_right_r10_s10010,16.096,0.999684,-0.362633,0.009722,0,0.903795,13.725518,0,0,0,0
static_right_r10_s10010,16.128,1.002107,-0.360956,0.009719,0,0.906539,13.722663,0,0,0,0
static_right_r10_s10010,16.160,1.004515,-0.359261,0.009720,0,0.909274,13.719804,0,0,0,0
static_right_r10_s10010,16.192,1.006908,-0.357546,0.009726,0,0.911999,13.716941,0,0,0,0
static_right_r10_s10010,16.224,1.009285,-0.355810,0.009739,0,0.914715,13.714072,0,0,0,0
static_right_r10_s10010,16.256,1.011649,-0.354059,0.009752,0,0.917425,13.711200,0,0,0,0
static_right_r10_s10010,16.288,1.014002,-0.352294,0.009764,0,0.920129,13.708323,0,0,0,0
static_right_r10_s10010,16.320,1.016343,-0.350510,0.009777,0,0.922825,13.705443,0,0,0,0
static_right_r10_s10010,16.352,1.018666,-0.348705,0.009799,0,0.925512,13.702556,0,0,0,0
static_right_r10_s10010,16.384,1.020975,-0.346880,0.009826,0,0.928191,13.699665,0,0,0,0
static_right_r10_s10010,16.416,1.023268,-0.345036,0.009858,0,0.930861,13.696769,0,0,0,0
static_right_r10_s10010,16.448,1.025547,-0.343174,0.009893,0,0.933523,13.693869,0,0,0,0
static_right_r10_s10010,16.480,1.027812,-0.341296,0.009929,0,0.936178,13.690966,0,0,0,0
static_right_r10_s10010,16.512,1.030064,-0.339402,0.009967,0,0.938825,13.688059,0,0,0,0
static_right_r10_s10010,16.544,1.032308,-0.337497,0.009998,0,0.941468,13.685151,0,0,0,0
static_right_r10_s10010,16.576,1.034545,-0.335586,0.010019,0,0.944109,13.682241,0,0,0,0
static_right_r10_s10010,16.608,1.036777,-0.333668,0.010028,0,0.946749,13.679329,0,0,0,0
static_right_r10_s10010,16.640,1.039004,-0.331744,0.010025,0,0.949387,13.676417,0,0,0,0
static_right_r10_s10010,16.672,1.041228,-0.329817,0.010008,0,0.952024,13.673504,0,0,0,0
static_right_r10_s10010,16.704,1.043452,-0.327887,0.009973,0,0.954663,13.670589,0,0,0,0
static_right_r10_s10010,16.736,1.045676,-0.325960,0.009915,0,0.957305,13.667676,0,0,0,0
static_right_r10_s10010,16.768,1.047909,-0.324042,0.009826,0,0.959953,13.664764,0,0,0,0
static_right_r10_s10010,16.800,1.050155,-0.322138,0.009698,0,0.962613,13.661855,0,0,0,0
static_right_r10_s10010,16.832,1.052413,-0.320252,0.009528,0,0.965281,13.658950,0,0,0,0
static_right_r10_s10010,16.864,1.054621,-0.318299,0.009423,0,0.967920,13.656028,0,0,0,0
static_right_r10_s10010,16.896,1.056770,-0.316276,0.009389,0,0.970523,13.653091,0,0,0,0
static_right_r10_s10010,16.928,1.058864,-0.314201,0.009410,0,0.973087,13.650152,0,0,0,0
static_right_r10_s10010,16.960,1.060954,-0.312124,0.009417,0,0.975651,13.647214,0,0,0,0
static_right_r10_s10010,16.992,1.063023,-0.310028,0.009432,0,0.978201,13.644275,0,0,0,0
static_right_r10_s10010,17.024,1.065072,-0.307914,0.009454,0,0.980740,13.641335,0,0,0,0
static_right_r10_s10010,17.056,1.067100,-0.305781,0.009484,0,0.983265,13.638395,0,0,0,0
static_right_r10_s10010,17.088,1.069112,-0.303634,0.009516,0,0.985781,13.635455,0,0,0,0
static_right_r10_s10010,17.120,1.071111,-0.301476,0.009546,0,0.988290,13.632515,0,0,0,0
static_right_r10_s10010,17.152,1.073094,-0.299303,0.009578,0,0.990790,13.629574,0,0,0,0
static_right_r10_s10010,17.184,1.075056,-0.297110,0.009618,0,0.993278,13.626632,0,0,0,0
static_right_r10_s10010,17.216,1.077002,-0.294904,0.009661,0,0.995756,13.623690,0,0,0,0
static_right_r10_s10010,17.248,1.078930,-0.292682,0.009707,0,0.998225,13.620748,0,0,0,0
static_right_r10_s10010,17.280,1.080843,-0.290446,0.009754,0,1.000685,13.617806,0,0,0,0
static_right_r10_s10010,17.312,1.082742,-0.288198,0.009801,0,1.003137,13.614864,0,0,0,0
static_right_r10_s10010,17.344,1.084628,-0.285941,0.009843,0,1.005583,13.611922,0,0,0,0
static_right_r10_s10010,17.376,1.086505,-0.283674,0.009879,0,1.008025,13.608981,0,0,0,0
static_right_r10_s10010,17.408,1.088372,-0.281400,0.009908,0,1.010462,13.606039,0,0,0,0
static_right_r10_s10010,17.440,1.090232,-0.279120,0.009925,0,1.012898,13.603098,0,0,0,0
static_right_r10_s10010,17.472,1.092087,-0.276836,0.009930,0,1.015332,13.600157,0,0,0,0
static_right_r10_s10010,17.504,1.093941,-0.274549,0.009918,0,1.017768,13.597214,0,0,0,0
static_right_r10_s10010,17.536,1.095796,-0.272263,0.009884,0,1.020209,13.594272,0,0,0,0
static_right_r10_s10010,17.568,1.097652,-0.269978,0.009829,0,1.022652,13.591330,0,0,0,0
static_right_r10_s10010,17.600,1.099518,-0.267701,0.009742,1,1.025105,13.588387,0,0,0,0
static_right_r10_s10010,17.632,1.101398,-0.265436,0.009617,1,1.027571,13.585444,0,0,0,0
static_right_r10_s10010,17.664,1.103296,-0.263187,0.009448,1,1.030051,13.582501,0,0,0,0
static_right_r10_s10010,17.696,1.105145,-0.260893,0.009326,1,1.032501,13.579557,0,0,0,0
static_right_r10_s10010,17.728,1.106924,-0.258539,0.009277,1,1.034905,13.576613,0,0,0,0
static_right_r10_s10010,17.760,1.108640,-0.256139,0.009285,1,1.037265,13.573676,0,0,0,0
static_right_r10_s10010,17.792,1.110320,-0.253719,0.009314,1,1.039600,13.570747,0,0,0,0
static_right_r10_s10010,17.824,1.111992,-0.251294,0.009334,1,1.041931,13.567819,0,0,0,0
static_right_r10_s10010,17.856,1.113643,-0.248857,0.009357,1,1.044251,13.564896,0,0,0,0
static_right_r10_s10010,17.888,1.115273,-0.246407,0.009386,1,1.046556,13.561978,0,0,0,0
static_right_r10_s10010,17.920,1.116886,-0.243947,0.009415,1,1.048852,13.559062,0,0,0,0
static_right_r10_s10010,17.952,1.118485,-0.241478,0.009440,1,1.051141,13.556150,0,0,0,0
static_right_r10_s10010,17.984,1.120069,-0.239000,0.009464,1,1.053423,13.553239,0,0,0,0
static_right_r10_s10010,18.016,1.121631,-0.236507,0.009495,1,1.055690,13.550333,0,0,0,0
static_right_r10_s10010,18.048,1.123175,-0.234004,0.009526,1,1.057948,13.547430,0,0,0,0
static_right_r10_s10010,18.080,1.124703,-0.231490,0.009557,1,1.060197,13.544530,0,0,0,0
static_right_r10_s10010,18.112,1.126216,-0.228968,0.009586,1,1.062438,13.541633,0,0,0,0
static_right_r10_s10010,18.144,1.127714,-0.226436,0.009613,1,1.064671,13.538739,0,0,0,0
static_right_r10_s10010,18.176,1.129198,-0.223895,0.009636,1,1.066897,13.535847,0,0,0,0
static_right_r10_s10010,18.208,1.130672,-0.221349,0.009651,1,1.069119,13.532958,0,0,0,0
static_right_r10_s10010,18.240,1.132137,-0.218798,0.009658,1,1.071338,13.530071,0,0,0,0
static_right_r10_s10010,18.272,1.133594,-0.216241,0.009654,1,1.073554,13.527185,0,0,0,0
static_right_r10_s10010,18.304,1.135045,-0.213681,0.009637,1,1.075769,13.524301,0,0,0,0
static_right_r10_s10010,18.336,1.136491,-0.211118,0.009607,1,1.077985,13.521417,0,0,0,0
static_right_r10_s10010,18.368,1.137936,-0.208553,0.009558,1,1.080203,13.518533,0,0,0,0
static_right_r10_s10010,18.400,1.139382,-0.205990,0.009489,1,1.082425,13.515649,0,0,0,0
static_right_r10_s10010,18.432,1.140837,-0.203431,0.009389,1,1.084657,13.512763,0,0,0,0
static_right_r10_s10010,18.464,1.142308,-0.200880,0.009253,1,1.086905,13.509873,0,0,0,0
static_right_r10_s10010,18.496,1.143799,-0.198341,0.009073,1,1.089172,13.506978,0,0,0,0
static_right_r10_s10010,18.528,1.145288,-0.195804,0.008874,1,1.091439,13.504086,0,0,0,0
static_right_r10_s10010,18.560,1.146685,-0.193204,0.008767,1,1.093643,13.501208,0,0,0,0
static_right_r10_s10010,18.592,1.147950,-0.190688,0.008722,1,1.095700,13.498478,0,0,0,0
static_right_r10_s10010,18.624,1.149151,-0.187995,0.008793,1,1.097761,13.495658,0,0,0,0
static_right_r10_s10010,18.656,1.150364,-0.185307,0.008831,1,1.099836,13.492833,0,0,0,0
static_right_r10_s10010,18.688,1.151544,-0.182607,0.008885,1,1.101887,13.490021,0,0,0,0
static_right_r10_s10010,18.720,1.152696,-0.179900,0.008947,1,1.103920,13.487222,0,0,0,0
static_right_r10_s10010,18.752,1.153825,-0.177186,0.009013,1,1.105937,13.484433,0,0,0,0
static_right_r10_s10010,18.784,1.154938,-0.174467,0.009076,1,1.107945,13.481651,0,0,0,0
static_right_r10_s10010,18.816,1.156036,-0.171742,0.009137,1,1.109946,13.478874,0,0,0,0
static_right_r10_s10010,18.848,1.157109,-0.169007,0.009204,1,1.111930,13.476106,0,0,0,0
static_right_r10_s10010,18.880,1.158161,-0.166265,0.009274,1,1.113903,13.473347,0,0,0,0
static_right_r10_s10010,18.912,1.159193,-0.163515,0.009346,1,1.115864,13.470594,0,0,0,0
static_right_r10_s10010,18.944,1.160208,-0.160758,0.009417,1,1.117815,13.467848,0,0,0,0
static_right_r10_s10010,18.976,1.161204,-0.157993,0.009488,1,1.119756,13.465109,0,0,0,0
static_right_r10_s10010,19.008,1.162185,-0.155223,0.009556,1,1.121691,13.462375,0,0,0,0
static_right_r10_s10010,19.040,1.163152,-0.152447,0.009620,1,1.123617,13.459646,0,0,0,0
static_right_r10_s10010,19.072,1.164104,-0.149666,0.009679,1,1.125537,13.456923,0,0,0,0
static_right_r10_s10010,19.104,1.165045,-0.146881,0.009731,1,1.127453,13.454204,0,0,0,0
static_right_r10_s10010,19.136,1.165978,-0.144092,0.009773,1,1.129366,13.451488,0,0,0,0
static_right_r10_s10010,19.168,1.166906,-0.141301,0.009799,1,1.131280,13.448774,0,0,0,0
static_right_r10_s10010,19.200,1.167830,-0.138506,0.009811,1,1.133197,13.446060,0,0,0,0
static_right_r10_s10010,19.232,1.168757,-0.135712,0.009801,1,1.135120,13.443345,0,0,0,0
static_right_r10_s10010,19.264,1.169693,-0.132922,0.009761,1,1.137055,13.440626,0,0,0,0
static_right_r10_s10010,19.296,1.170646,-0.130136,0.009684,1,1.139007,13.437900,0,0,0,0
static_right_r10_s10010,19.328,1.171617,-0.127358,0.009567,1,1.140978,13.435168,0,0,0,0
static_right_r10_s10010,19.360,1.172514,-0.124550,0.009510,1,1.142896,13.432462,0,0,0,0
static_right_r10_s10010,19.392,1.173330,-0.121714,0.009520,1,1.144755,13.429788,0,0,0,0
static_right_r10_s10010,19.424,1.174067,-0.118855,0.009592,1,1.146556,13.427148,0,0,0,0
static_right_r10_s10010,19.456,1.174730,-0.115987,0.009718,1,1.148296,13.424551,0,0,0,0
static_right_r10_s10010,19.488,1.175419,-0.113122,0.009798,1,1.150064,13.421939,0,0,0,0
static_right_r10_s10010,19.520,1.176089,-0.110258,0.009876,1,1.151819,13.419341,0,0,0,0
static_right_r10_s10010,19.552,1.176746,-0.107392,0.009949,1,1.153568,13.416750,0,0,0,0
static_right_r10_s10010,19.584,1.177384,-0.104525,0.010020,1,1.155304,13.414170,0,0,0,0
static_right_r10_s10010,19.616,1.178014,-0.101656,0.010080,1,1.157039,13.411596,0,0,0,0
static_right_r10_s10010,19.648,1.178633,-0.098784,0.010132,1,1.158770,13.409025,0,0,0,0
static_right_r10_s10010,19.680,1.179225,-0.095906,0.010191,1,1.160484,13.406468,0,0,0,0
static_right_r10_s10010,19.712,1.179788,-0.093022,0.010260,1,1.162179,13.403926,0,0,0,0
static_right_r10_s10010,19.744,1.180327,-0.090134,0.010335,1,1.163858,13.401397,0,0,0,0
static_right_r10_s10010,19.776,1.180843,-0.087241,0.010413,1,1.165523,13.398879,0,0,0,0
static_right_r10_s10010,19.808,1.181335,-0.084344,0.010496,1,1.167174,13.396374,0,0,0,0
static_right_r10_s10010,19.840,1.181806,-0.081443,0.010581,1,1.168811,13.393881,0,0,0,0
static_right_r10_s10010,19.872,1.182259,-0.078540,0.010663,1,1.170439,13.391397,0,0,0,0
static_right_r10_s10010,19.904,1.182699,-0.075634,0.010740,1,1.172061,13.388921,0,0,0,0
static_right_r10_s10010,19.936,1.183128,-0.072726,0.010808,1,1.173679,13.386450,0,0,0,0
static_right_r10_s10010,19.968,1.183549,-0.069815,0.010866,1,1.175296,13.383983,0,0,0,0
static_right_r10_s10010,20.000,1.183966,-0.066902,0.010907,1,1.176916,13.381516,0,0,0,0
static_right_r10_s10010,20.032,1.184387,-0.063988,0.010926,1,1.178544,13.379047,0,0,0,0
static_right_r10_s10010,20.064,1.184812,-0.061076,0.010919,1,1.180182,13.376576,0,0,0,0
static_right_r10_s10010,20.096,1.185249,-0.058165,0.010881,1,1.181834,13.374098,0,0,0,0
static_right_r10_s10010,20.128,1.185703,-0.055256,0.010807,1,1.183505,13.371612,0,0,0,0
static_right_r10_s10010,20.160,1.186132,-0.052343,0.010738,1,1.185160,13.369139,0,0,0,0
static_right_r10_s10010,20.192,1.186450,-0.049409,0.010762,1,1.186731,13.366723,0,0,0,0
static_right_r10_s10010,20.224,1.186690,-0.046466,0.010845,1,1.188240,13.364352,0,0,0,0
static_right_r10_s10010,20.256,1.186847,-0.043516,0.010991,1,1.189684,13.362031,0,0,0,0
static_right_r10_s10010,20.288,1.186923,-0.040564,0.011198,1,1.191062,13.359762,0,0,0,0
static_right_r10_s10010,20.320,1.186924,-0.037612,0.011460,1,1.192377,13.357543,0,0,0,0
static_right_r10_s10010,20.352,1.186858,-0.034664,0.011769,1,1.193638,13.355371,0,0,0,0
static_right_r10_s10010,20.384,1.186739,-0.031721,0.012111,1,1.194854,13.353239,0,0,0,0
static_right_r10_s10010,20.416,1.186579,-0.028782,0.012473,1,1.196039,13.351137,0,0,0,0
static_right_r10_s10010,20.448,1.186387,-0.025847,0.012848,1,1.197198,13.349059,0,0,0,0
static_right_r10_s10010,20.480,1.186173,-0.022915,0.013226,1,1.198343,13.346998,0,0,0,0
static_right_r10_s10010,20.512,1.185935,-0.019984,0.013607,1,1.199473,13.344955,0,0,0,0
static_right_r10_s10010,20.544,1.185678,-0.017055,0.013988,1,1.200590,13.342926,0,0,0,0
static_right_r10_s10010,20.576,1.185409,-0.014127,0.014362,1,1.201703,13.340906,0,0,0,0
static_right_r10_s10010,20.608,1.185125,-0.011200,0.014731,1,1.202808,13.338896,0,0,0,0
static_right_r10_s10010,20.640,1.184828,-0.008273,0.015093,1,1.203908,13.336896,0,0,0,0
static_right_r10_s10010,20.672,1.184519,-0.005348,0.015448,1,1.205003,13.334905,0,0,0,0
static_right_r10_s10010,20.704,1.184200,-0.002423,0.015793,1,1.206095,13.332921,0,0,0,0
static_right_r10_s10010,20.736,1.183871,0.000502,0.016129,1,1.207184,13.330945,0,0,0,0
static_right_r10_s10010,20.768,1.183533,0.003426,0.016453,1,1.208271,13.328975,0,0,0,0
static_right_r10_s10010,20.800,1.183129,0.006343,0.016824,1,1.209303,13.327055,0,0,0,0
static_right_r10_s10010,20.832,1.182716,0.009260,0.017185,1,1.210333,13.325141,0,0,0,0
static_right_r10_s10010,20.864,1.182224,0.012168,0.017604,1,1.211297,13.323286,0,0,0,0
static_right_r10_s10010,20.896,1.181655,0.015064,0.018082,1,1.212193,13.321492,0,0,0,0
static_right_r10_s10010,20.928,1.181017,0.017944,0.018609,1,1.213028,13.319756,0,0,0,0
static_right_r10_s10010,20.960,1.180321,0.020810,0.019176,1,1.213812,13.318069,0,0,0,0
static_right_r10_s10010,20.992,1.179571,0.023663,0.019778,1,1.214548,13.316429,0,0,0,0
static_right_r10_s10010,21.024,1.178759,0.026445,0.020427,1,1.215202,13.314883,0,0,0,0
static_right_r10_s10010,21.056,1.177897,0.029173,0.021110,1,1.215793,13.313411,0,0,0,0
static_right_r10_s10010,21.088,1.177295,0.030931,0.021587,1,1.216138,13.312492,0,0,0,0
static_right_r10_s10010,21.120,1.176875,0.031970,0.021930,1,1.216286,13.311993,0,0,0,0
static_right_r10_s10010,21.152,1.176489,0.032922,0.022242,1,1.216423,13.311536,0,0,0,0
static_right_r10_s10010,21.184,1.176117,0.033897,0.022537,1,1.216583,13.311052,0,0,0,0
static_right_r10_s10010,21.216,1.175250,0.036284,0.023205,1,1.217018,13.309840,0,0,0,0
static_right_r10_s10010,21.248,1.174277,0.038834,0.023949,1,1.217448,13.308576,0,0,0,0
static_right_r10_s10010,21.280,1.173173,0.041352,0.024812,1,1.217754,13.307425,0,0,0,0
static_right_r10_s10010,21.312,1.171891,0.043931,0.025828,1,1.217943,13.306345,0,0,0,0
static_right_r10_s10010,21.344,1.170494,0.046505,0.026942,1,1.218038,13.305346,0,0,0,0
static_right_r10_s10010,21.376,1.169070,0.049033,0.028071,1,1.218092,13.304401,0,0,0,0
static_right_r10_s10010,21.408,1.167608,0.051549,0.029222,1,1.218116,13.303489,0,0,0,0
static_right_r10_s10010,21.440,1.166126,0.054083,0.030374,1,1.218138,13.302578,0,0,0,0
static_right_r10_s10010,21.472,1.164632,0.056609,0.031521,1,1.218153,13.301682,0,0,0,0
static_right_r10_s10010,21.504,1.163125,0.059129,0.032664,1,1.218160,13.300799,0,0,0,0
static_right_r10_s10010,21.536,1.161608,0.061645,0.033801,1,1.218164,13.299927,0,0,0,0
static_right_r10_s10010,21.568,1.160085,0.064158,0.034926,1,1.218168,13.299062,0,0,0,0
static_right_r10_s10010,21.600,1.158556,0.066668,0.036040,1,1.218173,13.298203,0,0,0,0
static_right_r10_s10010,21.632,1.157022,0.069177,0.037142,1,1.218180,13.297350,0,0,0,0
static_right_r10_s10010,21.664,1.155484,0.071685,0.038228,1,1.218190,13.296499,0,0,0,0
static_right_r10_s10010,21.696,1.153946,0.074192,0.039298,1,1.218207,13.295651,0,0,0,0
static_right_r10_s10010,21.728,1.152406,0.076699,0.040350,1,1.218229,13.294805,0,0,0,0
static_right_r10_s10010,21.760,1.150867,0.079207,0.041383,1,1.218259,13.293957,0,0,0,0
static_right_r10_s10010,21.792,1.149327,0.081715,0.042398,1,1.218297,13.293111,0,0,0,0
static_right_r10_s10010,21.824,1.147787,0.084223,0.043394,1,1.218341,13.292265,0,0,0,0
static_right_r10_s10010,21.856,1.146247,0.086732,0.044372,1,1.218392,13.291420,0,0,0,0
static_right_r10_s10010,21.888,1.144706,0.089240,0.045331,1,1.218450,13.290575,0,0,0,0
static_right_r10_s10010,21.920,1.143165,0.091749,0.046272,1,1.218515,13.289732,0,0,0,0
static_right_r10_s10010,21.952,1.141627,0.094259,0.047190,1,1.218590,13.288886,0,0,0,0
static_right_r10_s10010,21.984,1.140094,0.096772,0.048082,1,1.218678,13.288035,0,0,0,0
static_right_r10_s10010,22.016,1.138567,0.099288,0.048949,1,1.218780,13.287178,0,0,0,0
static_right_r10_s10010,22.048,1.137049,0.101811,0.049784,1,1.218901,13.286310,0,0,0,0
static_right_r10_s10010,22.080,1.135547,0.104343,0.050583,1,1.219046,13.285426,0,0,0,0
static_right_r10_s10010,22.112,1.134065,0.106888,0.051338,1,1.219224,13.284520,0,0,0,0
static_right_r10_s10010,22.144,1.132609,0.109448,0.052044,1,1.219437,13.283585,0,0,0,0
static_right_r10_s10010,22.176,1.131179,0.112023,0.052701,1,1.219688,13.282623,0,0,0,0
static_right_r10_s10010,22.208,1.129774,0.114612,0.053308,1,1.219974,13.281634,0,0,0,0
static_right_r10_s10010,22.240,1.128395,0.117214,0.053866,1,1.220296,13.280619,0,0,0,0
static_right_r10_s10010,22.272,1.127039,0.119828,0.054378,1,1.220651,13.279580,0,0,0,0
static_right_r10_s10010,22.304,1.125706,0.122454,0.054842,1,1.221039,13.278517,0,0,0,0
static_right_r10_s10010,22.336,1.124394,0.125090,0.055261,1,1.221457,13.277433,0,0,0,0
static_right_r10_s10010,22.368,1.123105,0.127736,0.055635,1,1.221906,13.276327,0,0,0,0
static_right_r10_s10010,22.400,1.121835,0.130392,0.055965,1,1.222384,13.275202,0,0,0,0
static_right_r10_s10010,22.432,1.120586,0.133057,0.056252,1,1.222890,13.274056,0,0,0,0
static_right_r10_s10010,22.464,1.119354,0.135730,0.056496,1,1.223423,13.272893,0,0,0,0
static_right_r10_s10010,22.496,1.118142,0.138412,0.056698,1,1.223983,13.271711,0,0,0,0
static_right_r10_s10010,22.528,1.116947,0.141101,0.056860,1,1.224568,13.270513,0,0,0,0
static_right_r10_s10010,22.560,1.115767,0.143797,0.056983,1,1.225176,13.269301,0,0,0,0
static_right_r10_s10010,22.592,1.114602,0.146500,0.057066,1,1.225808,13.268073,0,0,0,0
static_right_r10_s10010,22.624,1.113454,0.149209,0.057110,1,1.226464,13.266830,0,0,0,0
static_right_r10_s10010,22.656,1.112320,0.151925,0.057118,1,1.227140,13.265574,0,0,0,0
static_right_r10_s10010,22.688,1.111200,0.154646,0.057087,1,1.227839,13.264304,0,0,0,0
static_right_r10_s10010,22.720,1.110095,0.157374,0.057018,1,1.228560,13.263020,0,0,0,0
static_right_r10_s10010,22.752,1.109002,0.160107,0.056914,1,1.229301,13.261725,0,0,0,0
static_right_r10_s10010,22.784,1.107920,0.162844,0.056776,1,1.230059,13.260420,0,0,0,0
static_right_r10_s10010,22.816,1.106848,0.165584,0.056606,1,1.230834,13.259106,0,0,0,0
static_right_r10_s10010,22.848,1.105781,0.168327,0.056408,1,1.231622,13.257787,0,0,0,0
static_right_r10_s10010,22.880,1.104719,0.171072,0.056184,1,1.232420,13.256465,0,0,0,0
static_right_r10_s10010,22.912,1.103662,0.173818,0.055932,1,1.233230,13.255138,0,0,0,0
static_right_r10_s10010,22.944,1.102608,0.176567,0.055655,1,1.234051,13.253808,0,0,0,0
static_right_r10_s10010,22.976,1.101551,0.179315,0.055359,1,1.234874,13.252481,0,0,0,0
static_right_r10_s10010,23.008,1.100492,0.182062,0.055042,1,1.235703,13.251156,0,0,0,0
static_right_r10_s10010,23.040,1.099433,0.184808,0.054706,1,1.236537,13.249833,0,0,0,0
static_right_r10_s10010,23.072,1.098373,0.187555,0.054348,1,1.237377,13.248511,0,0,0,0
static_right_r10_s10010,23.104,1.097311,0.190301,0.053970,1,1.238222,13.247191,0,0,0,0
static_right_r10_s10010,23.136,1.096245,0.193045,0.053576,1,1.239069,13.245876,0,0,0,0
static_right_r10_s10010,23.168,1.095172,0.195786,0.053167,1,1.239915,13.244567,0,0,0,0
static_right_r10_s10010,23.200,1.094094,0.198526,0.052743,1,1.240762,13.243265,0,0,0,0
static_right_r10_s10010,23.232,1.093008,0.201262,0.052306,1,1.241608,13.241970,0,0,0,0
static_right_r10_s10010,23.264,1.091912,0.203995,0.051857,1,1.242450,13.240685,0,0,0,0
static_right_r10_s10010,23.296,1.090806,0.206724,0.051398,1,1.243288,13.239411,0,0,0,0
static_right_r10_s10010,23.328,1.089688,0.209447,0.050931,1,1.244119,13.238149,0,0,0,0
static_right_r10_s10010,23.360,1.088558,0.212166,0.050456,1,1.244945,13.236899,0,0,0,0
static_right_r10_s10010,23.392,1.087411,0.214878,0.049976,1,1.245760,13.235666,0,0,0,0
static_right_r10_s10010,23.424,1.086250,0.217584,0.049491,1,1.246567,13.234447,0,0,0,0
static_right_r10_s10010,23.456,1.085073,0.220283,0.049003,1,1.247362,13.233246,0,0,0,0
static_right_r10_s10010,23.488,1.083875,0.222973,0.048516,1,1.248143,13.232066,0,0,0,0
static_right_r10_s10010,23.520,1.082657,0.225654,0.048029,1,1.248909,13.230905,0,0,0,0
static_right_r10_s10010,23.552,1.081421,0.228326,0.047542,1,1.249662,13.229764,0,0,0,0
static_right_r10_s10010,23.584,1.080173,0.230992,0.047047,1,1.250408,13.228637,0,0,0,0
static_right_r10_s10010,23.616,1.078906,0.233651,0.046550,1,1.251141,13.227528,0,0,0,0
static_right_r10_s10010,23.648,1.077618,0.236298,0.046056,1,1.251858,13.226442,0,0,0,0
static_right_r10_s10010,23.680,1.076310,0.238936,0.045564,1,1.252560,13.225377,0,0,0,0
static_right_r10_s10010,23.712,1.074986,0.241566,0.045067,1,1.253251,13.224330,0,0,0,0
static_right_r10_s10010,23.744,1.073646,0.244189,0.044568,1,1.253932,13.223299,0,0,0,0
static_right_r10_s10010,23.776,1.072250,0.246785,0.044109,1,1.254559,13.222327,0,0,0,0
static_right_r10_s10010,23.808,1.070804,0.249355,0.043683,1,1.255138,13.221407,0,0,0,0
static_right_r10_s10010,23.840,1.069307,0.251896,0.043295,1,1.255666,13.220545,0,0,0,0
static_right_r10_s10010,23.872,1.067757,0.254405,0.042947,1,1.256140,13.219742,0,0,0,0
static_right_r10_s10010,23.904,1.066156,0.256882,0.042639,1,1.256561,13.218998,0,0,0,0
static_right_r10_s10010,23.936,1.064505,0.259325,0.042370,1,1.256928,13.218314,0,0,0,0
static_right_r10_s10010,23.968,1.062805,0.261733,0.042139,1,1.257243,13.217689,0,0,0,0
static_right_r10_s10010,24.000,1.061059,0.264107,0.041943,1,1.257508,13.217121,0,0,0,0
static_right_r10_s10010,24.032,1.059286,0.266423,0.041786,1,1.257721,13.216614,0,0,0,0
static_right_r10_s10010,24.064,1.057479,0.268689,0.041665,1,1.257882,13.216168,0,0,0,0
static_right_r10_s10010,24.096,1.055625,0.270924,0.041581,1,1.257993,13.215777,0,0,0,0
static_right_r10_s10010,24.128,1.053731,0.273128,0.041525,1,1.258062,13.215437,0,0,0,0
static_right_r10_s10010,24.160,1.051801,0.275304,0.041495,1,1.258090,13.215142,0,0,0,0
static_right_r10_s10010,24.192,1.049817,0.277475,0.041487,1,1.258084,13.214888,0,0,0,0
static_right_r10_s10010,24.224,1.047810,0.279624,0.041491,1,1.258050,13.214667,0,0,0,0
static_right_r10_s10010,24.256,1.045780,0.281750,0.041504,1,1.257993,13.214478,0,0,0,0
static_right_r10_s10010,24.288,1.043731,0.283858,0.041523,1,1.257916,13.214317,0,0,0,0
static_right_r10_s10010,24.320,1.041668,0.285951,0.041541,1,1.257825,13.214176,0,0,0,0
static_right_r10_s10010,24.352,1.039596,0.288036,0.041551,1,1.257729,13.214049,0,0,0,0
static_right_r10_s10010,24.384,1.037512,0.290111,0.041555,1,1.257624,13.213937,0,0,0,0
static_right_r10_s10010,24.416,1.035417,0.292174,0.041553,1,1.257510,13.213842,0,0,0,0
static_right_r10_s10010,24.448,1.033313,0.294230,0.041542,1,1.257392,13.213760,0,0,0,0
static_right_r10_s10010,24.480,1.031200,0.296277,0.041523,1,1.257267,13.213691,0,0,0,0
static_right_r10_s10010,24.512,1.029068,0.298306,0.041508,1,1.257124,13.213648,0,0,0,0
static_right_r10_s10010,24.544,1.026920,0.300317,0.041497,1,1.256963,13.213630,0,0,0,0
static_right_r10_s10010,24.576,1.024752,0.302309,0.041491,1,1.256782,13.213640,0,0,0,0
static_right_r10_s10010,24.608,1.022566,0.304281,0.041492,1,1.256579,13.213679,0,0,0,0
static_right_r10_s10010,24.640,1.020359,0.306230,0.041502,1,1.256353,13.213748,0,0,0,0
static_right_r10_s10010,24.672,1.018130,0.308155,0.041523,1,1.256103,13.213851,0,0,0,0
static_right_r10_s10010,24.704,1.015882,0.310056,0.041554,1,1.255828,13.213985,0,0,0,0
static_right_r10_s10010,24.736,1.013613,0.311934,0.041595,1,1.255529,13.214150,0,0,0,0
static_right_r10_s10010,24.768,1.011325,0.313788,0.041645,1,1.255206,13.214348,0,0,0,0
static_right_r10_s10010,24.800,1.009020,0.315619,0.041703,1,1.254861,13.214574,0,0,0,0
static_right_r10_s10010,24.832,1.006698,0.317429,0.041766,1,1.254498,13.214827,0,0,0,0
static_right_r10_s10010,24.864,1.004361,0.319220,0.041832,1,1.254116,13.215106,0,0,0,0
static_right_r10_s10010,24.896,1.002010,0.320990,0.041902,1,1.253716,13.215410,0,0,0,0
static_right_r10_s10010,24.928,0.999644,0.322743,0.041974,1,1.253301,13.215737,0,0,0,0
static_right_r10_s10010,24.960,0.997265,0.324476,0.042049,1,1.252869,13.216089,0,0,0,0
static_right_r10_s10010,24.992,0.994874,0.326191,0.042123,1,1.252423,13.216462,0,0,0,0
static_right_r10_s10010,25.024,0.992471,0.327891,0.042195,1,1.251964,13.216855,0,0,0,0
static_right_r10_s10010,25.056,0.990060,0.329578,0.042261,1,1.251497,13.217264,0,0,0,0
static_right_r10_s10010,25.088,0.987637,0.331248,0.042328,1,1.251016,13.217695,0,0,0,0
static_right_r10_s10010,25.120,0.985209,0.332911,0.042382,1,1.250534,13.218134,0,0,0,0
static_right_r10_s10010,25.152,0.982776,0.334566,0.042423,1,1.250049,13.218583,0,0,0,0
static_right_r10_s10010,25.184,0.980337,0.336213,0.042453,1,1.249561,13.219043,0,0,0,0
static_right_r10_s10010,25.216,0.977894,0.337854,0.042470,1,1.249072,13.219511,0,0,0,0
static_right_r10_s10010,25.248,0.975443,0.339485,0.042478,1,1.248577,13.219992,0,0,0,0
static_right_r10_s10010,25.280,0.972981,0.341099,0.042484,1,1.248070,13.220493,0,0,0,0
static_right_r10_s10010,25.312,0.970510,0.342699,0.042487,1,1.247552,13.221012,0,0,0,0
static_right_r10_s10010,25.344,0.968028,0.344282,0.042488,1,1.247021,13.221551,0,0,0,0
static_right_r10_s10010,25.376,0.965534,0.345847,0.042490,1,1.246476,13.222112,0,0,0,0
static_right_r10_s10010,25.408,0.963027,0.347392,0.042493,1,1.245914,13.222697,0,0,0,0
static_right_r10_s10010,25.440,0.960509,0.348917,0.042499,1,1.245337,13.223305,0,0,0,0
static_right_r10_s10010,25.472,0.957979,0.350423,0.042506,1,1.244744,13.223936,0,0,0,0
static_right_r10_s10010,25.504,0.955438,0.351910,0.042514,1,1.244136,13.224589,0,0,0,0
static_right_r10_s10010,25.536,0.952885,0.353377,0.042523,1,1.243512,13.225265,0,0,0,0
static_right_r10_s10010,25.568,0.950320,0.354823,0.042536,1,1.242871,13.225965,0,0,0,0
static_right_r10_s10010,25.600,0.947743,0.356247,0.042551,1,1.242213,13.226690,0,0,0,0
static_right_r10_s10010,25.632,0.945155,0.357651,0.042569,1,1.241538,13.227438,0,0,0,0
static_right_r10_s10010,25.664,0.942557,0.359035,0.042588,1,1.240849,13.228208,0,0,0,0
static_right_r10_s10010,25.696,0.939948,0.360400,0.042608,1,1.240145,13.228999,0,0,0,0
static_right_r10_s10010,25.728,0.937330,0.361745,0.042628,1,1.239426,13.229813,0,0,0,0
static_right_r10_s10010,25.760,0.934701,0.363070,0.042649,1,1.238692,13.230648,0,0,0,0
static_right_r10_s10010,25.792,0.932065,0.364378,0.042669,1,1.237946,13.231503,0,0,0,0
static_right_r10_s10010,25.824,0.929420,0.365671,0.042683,1,1.237191,13.232374,0,0,0,0
static_right_r10_s10010,25.856,0.926767,0.366945,0.042698,1,1.236422,13.233265,0,0,0,0
static_right_r10_s10010,25.888,0.924108,0.368206,0.042705,1,1.235646,13.234170,0,0,0,0
static_right_r10_s10010,25.920,0.921450,0.369470,0.042688,1,1.234879,13.235074,0,0,0,0
static_right_r10_s10010,25.952,0.918785,0.370718,0.042668,1,1.234101,13.235995,0,0,0,0
static_right_r10_s10010,25.984,0.916115,0.371957,0.042635,1,1.233322,13.236924,0,0,0,0
static_right_r10_s10010,26.016,0.913442,0.373188,0.042591,1,1.232539,13.237864,0,0,0,0
static_right_r10_s10010,26.048,0.910760,0.374403,0.042543,1,1.231746,13.238821,0,0,0,0
static_right_r10_s10010,26.080,0.908071,0.375599,0.042494,1,1.230940,13.239799,0,0,0,0
static_right_r10_s10010,26.112,0.905372,0.376775,0.042446,1,1.230119,13.240797,0,0,0,0
static_right_r10_s10010,26.144,0.902663,0.377930,0.042400,1,1.229282,13.241819,0,0,0,0
static_right_r10_s10010,26.176,0.899945,0.379062,0.042359,1,1.228427,13.242864,0,0,0,0
static_right_r10_s10010,26.208,0.897216,0.380169,0.042323,1,1.227553,13.243936,0,0,0,0
static_right_r10_s10010,26.240,0.894477,0.381249,0.042294,1,1.226658,13.245034,0,0,0,0
static_right_r10_s10010,26.272,0.891727,0.382303,0.042272,1,1.225742,13.246159,0,0,0,0
static_right_r10_s10010,26.304,0.888967,0.383329,0.042259,1,1.224805,13.247312,0,0,0,0
static_right_r10_s10010,26.336,0.886197,0.384328,0.042253,1,1.223846,13.248493,0,0,0,0
static_right_r10_s10010,26.368,0.883417,0.385298,0.042256,1,1.222866,13.249701,0,0,0,0
static_right_r10_s10010,26.400,0.880628,0.386242,0.042267,1,1.221865,13.250936,0,0,0,0
static_right_r10_s10010,26.432,0.877831,0.387159,0.042283,1,1.220845,13.252195,0,0,0,0
static_right_r10_s10010,26.464,0.875026,0.388051,0.042305,1,1.219806,13.253479,0,0,0,0
static_right_r10_s10010,26.496,0.872214,0.388919,0.042331,1,1.218750,13.254786,0,0,0,0
static_right_r10_s10010,26.528,0.869395,0.389763,0.042360,1,1.217677,13.256116,0,0,0,0
static_right_r10_s10010,26.560,0.866569,0.390584,0.042392,1,1.216589,13.257467,0,0,0,0
static_right_r10_s10010,26.592,0.863739,0.391387,0.042421,1,1.215489,13.258835,0,0,0,0
static_right_r10_s10010,26.624,0.860903,0.392171,0.042449,1,1.214377,13.260221,0,0,0,0
static_right_r10_s10010,26.656,0.858062,0.392940,0.042472,1,1.213256,13.261622,0,0,0,0
static_right_r10_s10010,26.688,0.855223,0.393711,0.042471,1,1.212143,13.263021,0,0,0,0
static_right_r10_s10010,26.720,0.852380,0.394466,0.042465,1,1.211022,13.264435,0,0,0,0
static_right_r10_s10010,26.752,0.849534,0.395210,0.042449,1,1.209896,13.265859,0,0,0,0
static_right_r10_s10010,26.784,0.846685,0.395944,0.042422,1,1.208768,13.267293,0,0,0,0
static_right_r10_s10010,26.816,0.843832,0.396664,0.042389,1,1.207631,13.268740,0,0,0,0
static_right_r10_s10010,26.848,0.840973,0.397364,0.042355,1,1.206481,13.270207,0,0,0,0
static_right_r10_s10010,26.880,0.838109,0.398043,0.042322,1,1.205316,13.271693,0,0,0,0
static_right_r10_s10010,26.912,0.835239,0.398698,0.042292,1,1.204136,13.273200,0,0,0,0
static_right_r10_s10010,26.944,0.832363,0.399329,0.042265,1,1.202938,13.274730,0,0,0,0
static_right_r10_s10010,26.976,0.829481,0.399934,0.042244,1,1.201722,13.276282,0,0,0,0
static_right_r10_s10010,27.008,0.826594,0.400513,0.042229,1,1.200488,13.277858,0,0,0,0
static_right_r10_s10010,27.040,0.823702,0.401064,0.042220,1,1.199234,13.279459,0,0,0,0
static_right_r10_s10010,27.072,0.820804,0.401587,0.042218,1,1.197960,13.281083,0,0,0,0
static_right_r10_s10010,27.104,0.817902,0.402084,0.042223,1,1.196668,13.282730,0,0,0,0
static_right_r10_s10010,27.136,0.814996,0.402553,0.042234,1,1.195357,13.284400,0,0,0,0
static_right_r10_s10010,27.168,0.812086,0.402995,0.042251,1,1.194027,13.286094,0,0,0,0
static_right_r10_s10010,27.200,0.809172,0.403409,0.042274,1,1.192679,13.287809,0,0,0,0
static_right_r10_s10010,27.232,0.806255,0.403799,0.042301,1,1.191314,13.289546,0,0,0,0
static_right_r10_s10010,27.264,0.803335,0.404163,0.042333,1,1.189933,13.291303,0,0,0,0
static_right_r10_s10010,27.296,0.800414,0.404504,0.042366,1,1.188538,13.293078,0,0,0,0
static_right_r10_s10010,27.328,0.797491,0.404826,0.042398,1,1.187131,13.294869,0,0,0,0
static_right_r10_s10010,27.360,0.794566,0.405130,0.042426,1,1.185714,13.296674,0,0,0,0
static_right_r10_s10010,27.392,0.791639,0.405415,0.042452,1,1.184287,13.298494,0,0,0,0
static_right_r10_s10010,27.424,0.788712,0.405684,0.042473,1,1.182851,13.300328,0,0,0,0
static_right_r10_s10010,27.456,0.785779,0.405939,0.042487,1,1.181405,13.302176,0,0,0,0
static_right_r10_s10010,27.488,0.782845,0.406179,0.042496,1,1.179952,13.304036,0,0,0,0
static_right_r10_s10010,27.520,0.779909,0.406398,0.042503,1,1.178488,13.305911,0,0,0,0
static_right_r10_s10010,27.552,0.776974,0.406618,0.042488,1,1.177029,13.307787,0,0,0,0
static_right_r10_s10010,27.584,0.774036,0.406819,0.042472,1,1.175559,13.309678,0,0,0,0
static_right_r10_s10010,27.616,0.771097,0.406990,0.042463,1,1.174068,13.311592,0,0,0,0
static_right_r10_s10010,27.648,0.768156,0.407135,0.042461,1,1.172561,13.313527,0,0,0,0
static_right_r10_s10010,27.680,0.765213,0.407253,0.042463,1,1.171036,13.315482,0,0,0,0
static_right_r10_s10010,27.712,0.762270,0.407348,0.042467,1,1.169496,13.317456,0,0,0,0
static_right_r10_s10010,27.744,0.759327,0.407418,0.042475,1,1.167941,13.319447,0,0,0,0
static_right_r10_s10010,27.776,0.756383,0.407467,0.042483,1,1.166372,13.321455,0,0,0,0
static_right_r10_s10010,27.808,0.753438,0.407493,0.042492,1,1.164791,13.323479,0,0,0,0
static_right_r10_s10010,27.840,0.750494,0.407499,0.042500,1,1.163197,13.325518,0,0,0,0
static_right_r10_s10010,27.872,0.747550,0.407485,0.042515,1,1.161592,13.327572,0,0,0,0
static_right_r10_s10010,27.904,0.744606,0.407453,0.042547,1,1.159977,13.329639,0,0,0,0
static_right_r10_s10010,27.936,0.741663,0.407402,0.042598,1,1.158352,13.331720,0,0,0,0
static_right_r10_s10010,27.968,0.738719,0.407334,0.042666,1,1.156718,13.333812,0,0,0,0
static_right_r10_s10010,28.000,0.735777,0.407250,0.042750,1,1.155075,13.335917,0,0,0,0
static_right_r10_s10010,28.032,0.732834,0.407151,0.042849,1,1.153425,13.338033,0,0,0,0
static_right_r10_s10010,28.064,0.729893,0.407037,0.042963,1,1.151768,13.340159,0,0,0,0
static_right_r10_s10010,28.096,0.726952,0.406907,0.043093,1,1.150104,13.342296,0,0,0,0
static_right_r10_s10010,28.128,0.724011,0.406765,0.043235,1,1.148433,13.344442,0,0,0,0
static_right_r10_s10010,28.160,0.721072,0.406608,0.043392,1,1.146757,13.346598,0,0,0,0
static_right_r10_s10010,28.192,0.718132,0.406441,0.043559,1,1.145076,13.348762,0,0,0,0
static_right_r10_s10010,28.224,0.715194,0.406261,0.043739,1,1.143390,13.350935,0,0,0,0
static_right_r10_s10010,28.256,0.712256,0.406069,0.043931,1,1.141700,13.353116,0,0,0,0
static_right_r10_s10010,28.288,0.709319,0.405867,0.044133,1,1.140006,13.355304,0,0,0,0
static_right_r10_s10010,28.320,0.706383,0.405655,0.044345,1,1.138309,13.357499,0,0,0,0
static_right_r10_s10010,28.352,0.703447,0.405432,0.044568,1,1.136609,13.359701,0,0,0,0
static_right_r10_s10010,28.384,0.700513,0.405199,0.044801,1,1.134905,13.361911,0,0,0,0
static_right_r10_s10010,28.416,0.697579,0.404958,0.045042,1,1.133199,13.364127,0,0,0,0
static_right_r10_s10010,28.448,0.694645,0.404707,0.045293,1,1.131491,13.366348,0,0,0,0
static_right_r10_s10010,28.480,0.691713,0.404451,0.045549,1,1.129783,13.368574,0,0,0,0
static_right_r10_s10010,28.512,0.688780,0.404189,0.045811,1,1.128076,13.370804,0,0,0,0
static_right_r10_s10010,28.544,0.685849,0.403922,0.046078,1,1.126370,13.373037,0,0,0,0
static_right_r10_s10010,28.576,0.682917,0.403650,0.046350,1,1.124664,13.375275,0,0,0,0
static_right_r10_s10010,28.608,0.679986,0.403372,0.046628,1,1.122959,13.377516,0,0,0,0
static_right_r10_s10010,28.640,0.677056,0.403088,0.046912,1,1.121255,13.379761,0,0,0,0
static_right_r10_s10010,28.672,0.674126,0.402799,0.047201,1,1.119551,13.382010,0,0,0,0
static_right_r10_s10010,28.704,0.671197,0.402507,0.047493,1,1.117850,13.384261,0,0,0,0
static_right_r10_s10010,28.736,0.668268,0.402211,0.047789,1,1.116150,13.386515,0,0,0,0
static_right_r10_s10010,28.768,0.665339,0.401910,0.048090,1,1.114453,13.388772,0,0,0,0
static_right_r10_s10010,28.800,0.662411,0.401611,0.048389,1,1.112761,13.391029,0,0,0,0
static_right_r10_s10010,28.832,0.659482,0.401311,0.048689,1,1.111074,13.393286,0,0,0,0
static_right_r10_s10010,28.864,0.656553,0.401011,0.048989,1,1.109392,13.395544,0,0,0,0
static_right_r10_s10010,28.896,0.653625,0.400710,0.049290,1,1.107715,13.397802,0,0,0,0
static_right_r10_s10010,28.928,0.650696,0.400408,0.049592,1,1.106043,13.400061,0,0,0,0
static_right_r10_s10010,28.960,0.647768,0.400106,0.049894,1,1.104375,13.402321,0,0,0,0
static_right_r10_s10010,28.992,0.644839,0.399803,0.050197,1,1.102712,13.404582,0,0,0,0
static_right_r10_s10010,29.024,0.641911,0.399499,0.050501,1,1.101054,13.406843,0,0,0,0
static_right_r10_s10010,29.056,0.638983,0.399194,0.050806,1,1.099400,13.409105,0,0,0,0
static_right_r10_s10010,29.088,0.636055,0.398889,0.051111,1,1.097752,13.411368,0,0,0,0
static_right_r10_s10010,29.120,0.633127,0.398583,0.051417,1,1.096108,13.413632,0,0,0,0
static_right_r10_s10010,29.152,0.630199,0.398276,0.051724,1,1.094469,13.415896,0,0,0,0
static_right_r10_s10010,29.184,0.627270,0.397973,0.052027,1,1.092838,13.418159,0,0,0,0
static_right_r10_s10010,29.216,0.624342,0.397673,0.052327,1,1.091216,13.420419,0,0,0,0
static_right_r10_s10010,29.248,0.621413,0.397378,0.052622,1,1.089603,13.422677,0,0,0,0
static_right_r10_s10010,29.280,0.618483,0.397087,0.052913,1,1.088000,13.424932,0,0,0,0
static_right_r10_s10010,29.312,0.615553,0.396801,0.053199,1,1.086406,13.427184,0,0,0,0
static_right_r10_s10010,29.344,0.612622,0.396524,0.053476,1,1.084825,13.429431,0,0,0,0
static_right_r10_s10010,29.376,0.609690,0.396255,0.053745,1,1.083257,13.431673,0,0,0,0
static_right_r10_s10010,29.408,0.606758,0.395993,0.054007,1,1.081701,13.433910,0,0,0,0
static_right_r10_s10010,29.440,0.603824,0.395742,0.054258,1,1.080159,13.436141,0,0,0,0
static_right_r10_s10010,29.472,0.600890,0.395500,0.054500,1,1.078632,13.438366,0,0,0,0
static_right_r10_s10010,29.504,0.597955,0.395268,0.054732,1,1.077118,13.440585,0,0,0,0
static_right_r10_s10010,29.536,0.595019,0.395045,0.054955,1,1.075618,13.442798,0,0,0,0
static_right_r10_s10010,29.568,0.592083,0.394833,0.055167,1,1.074135,13.445004,0,0,0,0
static_right_r10_s10010,29.600,0.589146,0.394633,0.055367,1,1.072667,13.447203,0,0,0,0
static_right_r10_s10010,29.632,0.586207,0.394446,0.055554,1,1.071217,13.449393,0,0,0,0
static_right_r10_s10010,29.664,0.583268,0.394271,0.055729,1,1.069784,13.451575,0,0,0,0
static_right_r10_s10010,29.696,0.580329,0.394110,0.055890,1,1.068368,13.453748,0,0,0,0
static_right_r10_s10010,29.728,0.577388,0.393960,0.056040,1,1.066969,13.455913,0,0,0,0
static_right_r10_s10010,29.760,0.574447,0.393824,0.056176,1,1.065588,13.458071,0,0,0,0
static_right_r10_s10010,29.792,0.571506,0.393700,0.056300,1,1.064225,13.460219,0,0,0,0
static_right_r10_s10010,29.824,0.568564,0.393588,0.056412,1,1.062879,13.462360,0,0,0,0
static_right_r10_s10010,29.856,0.565621,0.393489,0.056511,1,1.061550,13.464492,0,0,0,0
static_right_r10_s10010,29.888,0.562678,0.393402,0.056598,1,1.060240,13.466616,0,0,0,0
static_right_r10_s10010,29.920,0.559735,0.393328,0.056672,1,1.058947,13.468732,0,0,0,0
static_right_r10_s10010,29.952,0.556792,0.393266,0.056734,1,1.057672,13.470839,0,0,0,0
static_right_r10_s10010,29.984,0.553848,0.393217,0.056783,1,1.056414,13.472938,0,0,0,0
static_right_r10_s10010,30.016,0.550904,0.393180,0.056820,1,1.055175,13.475029,0,0,0,0
static_right_r10_s10010,30.048,0.547960,0.393156,0.056844,1,1.053954,13.477111,0,0,0,0
static_right_r10_s10010,30.080,0.545016,0.393144,0.056856,1,1.052751,13.479184,0,0,0,0
static_right_r10_s10010,30.112,0.542072,0.393144,0.056856,1,1.051566,13.481249,0,0,0,0
static_right_r10_s10010,30.144,0.539128,0.393155,0.056845,1,1.050398,13.483307,0,0,0,0
static_right_r10_s10010,30.176,0.536184,0.393176,0.056824,1,1.049246,13.485358,0,0,0,0
static_right_r10_s10010,30.208,0.533240,0.393208,0.056792,1,1.048111,13.487401,0,0,0,0
static_right_r10_s10010,30.240,0.530297,0.393250,0.056750,1,1.046993,13.489437,0,0,0,0
static_right_r10_s10010,30.272,0.527353,0.393304,0.056696,1,1.045892,13.491466,0,0,0,0
static_right_r10_s10010,30.304,0.524410,0.393365,0.056635,1,1.044806,13.493489,0,0,0,0
static_right_r10_s10010,30.336,0.521467,0.393436,0.056564,1,1.043736,13.495505,0,0,0,0
static_right_r10_s10010,30.368,0.518524,0.393515,0.056485,1,1.042681,13.497516,0,0,0,0
static_right_r10_s10010,30.400,0.515581,0.393604,0.056396,1,1.041642,13.499520,0,0,0,0
static_right_r10_s10010,30.432,0.512639,0.393699,0.056301,1,1.040616,13.501520,0,0,0,0
static_right_r10_s10010,30.464,0.509697,0.393802,0.056198,1,1.039605,13.503514,0,0,0,0
static_right_r10_s10010,30.496,0.506755,0.393912,0.056088,1,1.038607,13.505504,0,0,0,0
static_right_r10_s10010,30.528,0.503813,0.394027,0.055973,1,1.037622,13.507490,0,0,0,0
static_right_r10_s10010,30.560,0.500871,0.394147,0.055853,1,1.036650,13.509472,0,0,0,0
static_right_r10_s10010,30.592,0.497930,0.394271,0.055729,1,1.035688,13.511453,0,0,0,0
static_right_r10_s10010,30.624,0.494989,0.394399,0.055601,1,1.034738,13.513431,0,0,0,0
static_right_r10_s10010,30.656,0.492048,0.394531,0.055469,1,1.033798,13.515406,0,0,0,0
static_right_r10_s10010,30.688,0.489107,0.394666,0.055334,1,1.032870,13.517378,0,0,0,0
static_right_r10_s10010,30.720,0.486166,0.394806,0.055194,1,1.031954,13.519348,0,0,0,0
static_right_r10_s10010,30.752,0.483226,0.394948,0.055052,1,1.031047,13.521317,0,0,0,0
static_right_r10_s10010,30.784,0.480285,0.395092,0.054908,1,1.030149,13.523285,0,0,0,0
static_right_r10_s10010,30.816,0.477345,0.395238,0.054762,1,1.029262,13.525251,0,0,0,0
static_right_r10_s10010,30.848,0.474405,0.395387,0.054613,1,1.028384,13.527216,0,0,0,0
static_right_r10_s10010,30.880,0.471465,0.395538,0.054462,1,1.027517,13.529179,0,0,0,0
static_right_r10_s10010,30.912,0.468525,0.395691,0.054309,1,1.026659,13.531141,0,0,0,0
static_right_r10_s10010,30.944,0.465585,0.395848,0.054152,1,1.025812,13.533101,0,0,0,0
static_right_r10_s10010,30.976,0.462645,0.396001,0.053999,1,1.024970,13.535063,0,0,0,0
static_right_r10_s10010,31.008,0.459705,0.396154,0.053846,1,1.024136,13.537026,0,0,0,0
static_right_r10_s10010,31.040,0.456765,0.396306,0.053694,1,1.023307,13.538991,0,0,0,0
static_right_r10_s10010,31.072,0.453825,0.396457,0.053543,1,1.022486,13.540956,0,0,0,0
static_right_r10_s10010,31.104,0.450884,0.396607,0.053393,1,1.021672,13.542923,0,0,0,0
static_right_r10_s10010,31.136,0.447944,0.396756,0.053244,1,1.020865,13.544891,0,0,0,0
static_right_r10_s10010,31.168,0.445004,0.396904,0.053096,1,1.020064,13.546859,0,0,0,0
static_right_r10_s10010,31.200,0.442064,0.397052,0.052948,1,1.019271,13.548829,0,0,0,0
static_right_r10_s10010,31.232,0.439123,0.397198,0.052802,1,1.018485,13.550800,0,0,0,0
static_right_r10_s10010,31.264,0.436183,0.397344,0.052656,1,1.017706,13.552771,0,0,0,0
static_right_r10_s10010,31.296,0.433243,0.397489,0.052511,1,1.016934,13.554743,0,0,0,0
static_right_r10_s10010,31.328,0.430302,0.397633,0.052367,1,1.016170,13.556717,0,0,0,0
static_right_r10_s10010,31.360,0.427362,0.397776,0.052224,1,1.015412,13.558691,0,0,0,0
static_right_r10_s10010,31.392,0.424421,0.397919,0.052081,1,1.014662,13.560666,0,0,0,0
static_right_r10_s10010,31.424,0.421480,0.398061,0.051939,1,1.013919,13.562642,0,0,0,0
static_right_r10_s10010,31.456,0.418540,0.398202,0.051798,1,1.013184,13.564619,0,0,0,0
static_right_r10_s10010,31.488,0.415599,0.398343,0.051657,1,1.012456,13.566597,0,0,0,0
static_right_r10_s10010,31.520,0.412658,0.398482,0.051518,1,1.011735,13.568576,0,0,0,0
static_right_r10_s10010,31.552,0.409718,0.398621,0.051379,1,1.011021,13.570556,0,0,0,0
static_right_r10_s10010,31.584,0.406777,0.398759,0.051241,1,1.010315,13.572537,0,0,0,0
static_right_r10_s10010,31.616,0.403836,0.398897,0.051103,1,1.009615,13.574518,0,0,0,0
static_right_r10_s10010,31.648,0.400895,0.399033,0.050967,1,1.008924,13.576501,0,0,0,0
static_right_r10_s10010,31.680,0.397954,0.399169,0.050831,1,1.008240,13.578484,0,0,0,0
static_right_r10_s10010,31.712,0.395014,0.399304,0.050696,1,1.007563,13.580469,0,0,0,0
static_right_r10_s10010,31.744,0.392073,0.399438,0.050562,1,1.006893,13.582454,0,0,0,0
static_right_r10_s10010,31.776,0.389132,0.399572,0.050428,1,1.006231,13.584440,0,0,0,0
static_right_r10_s10010,31.808,0.386191,0.399704,0.050296,1,1.005576,13.586427,0,0,0,0
static_right_r10_s10010,31.840,0.383250,0.399836,0.050164,1,1.004929,13.588415,0,0,0,0
static_right_r10_s10010,31.872,0.380309,0.399968,0.050032,1,1.004290,13.590404,0,0,0,0
static_right_r10_s10010,31.904,0.377367,0.400098,0.049902,1,1.003657,13.592394,0,0,0,0
static_right_r10_s10010,31.936,0.374426,0.400223,0.049777,1,1.003028,13.594388,0,0,0,0
static_right_r10_s10010,31.968,0.371485,0.400343,0.049657,1,1.002402,13.596386,0,0,0,0
static_right_r10_s10010,32.000,0.368543,0.400459,0.049541,1,1.001781,13.598388,0,0,0,0
static_right_r10_s10010,32.032,0.365601,0.400571,0.049429,1,1.001164,13.600392,0,0,0,0
static_right_r10_s10010,32.064,0.362659,0.400679,0.049321,1,1.000550,13.602401,0,0,0,0
static_right_r10_s10010,32.096,0.359717,0.400783,0.049217,1,0.999941,13.604412,0,0,0,0
static_right_r10_s10010,32.128,0.356774,0.400879,0.049121,1,0.999334,13.606429,0,0,0,0
static_right_r10_s10010,32.160,0.353832,0.400970,0.049030,1,0.998730,13.608451,0,0,0,0
static_right_r10_s10010,32.192,0.350889,0.401056,0.048944,1,0.998128,13.610477,0,0,0,0
static_right_r10_s10010,32.224,0.347946,0.401137,0.048863,1,0.997530,13.612506,0,0,0,0
static_right_r10_s10010,32.256,0.345003,0.401215,0.048785,1,0.996938,13.614538,0,0,0,0
static_right_r10_s10010,32.288,0.342060,0.401288,0.048712,1,0.996349,13.616574,0,0,0,0
static_right_r10_s10010,32.320,0.339117,0.401358,0.048642,1,0.995765,13.618612,0,0,0,0
static_right_r10_s10010,32.352,0.336173,0.401423,0.048577,1,0.995186,13.620654,0,0,0,0
static_right_r10_s10010,32.384,0.333230,0.401482,0.048518,1,0.994608,13.622701,0,0,0,0
static_right_r10_s10010,32.416,0.330286,0.401536,0.048464,1,0.994033,13.624752,0,0,0,0
static_right_r10_s10010,32.448,0.327343,0.401583,0.048417,1,0.993461,13.626808,0,0,0,0
static_right_r10_s10010,32.480,0.324399,0.401625,0.048375,1,0.992892,13.628869,0,0,0,0
static_right_r10_s10010,32.512,0.321455,0.401661,0.048339,1,0.992325,13.630934,0,0,0,0
static_right_r10_s10010,32.544,0.318511,0.401691,0.048309,1,0.991761,13.633003,0,0,0,0
static_right_r10_s10010,32.576,0.315567,0.401715,0.048285,1,0.991199,13.635077,0,0,0,0
static_right_r10_s10010,32.608,0.312623,0.401733,0.048267,1,0.990641,13.637155,0,0,0,0
static_right_r10_s10010,32.640,0.309679,0.401746,0.048254,1,0.990085,13.639237,0,0,0,0
static_right_r10_s10010,32.672,0.306735,0.401753,0.048247,1,0.989532,13.641324,0,0,0,0
static_right_r10_s10010,32.704,0.303791,0.401754,0.048246,1,0.988982,13.643415,0,0,0,0
static_right_r10_s10010,32.736,0.300847,0.401750,0.048250,1,0.988435,13.645511,0,0,0,0
static_right_r10_s10010,32.768,0.297903,0.401740,0.048260,1,0.987890,13.647611,0,0,0,0
static_right_r10_s10010,32.800,0.294959,0.401724,0.048276,1,0.987349,13.649715,0,0,0,0
static_right_r10_s10010,32.832,0.292015,0.401702,0.048298,1,0.986810,13.651824,0,0,0,0
static_right_r10_s10010,32.864,0.289072,0.401675,0.048325,1,0.986274,13.653937,0,0,0,0
static_right_r10_s10010,32.896,0.286128,0.401641,0.048359,1,0.985741,13.656054,0,0,0,0
static_right_r10_s10010,32.928,0.283184,0.401602,0.048398,1,0.985211,13.658175,0,0,0,0
static_right_r10_s10010,32.960,0.280240,0.401558,0.048442,1,0.984683,13.660301,0,0,0,0
static_right_r10_s10010,32.992,0.277297,0.401507,0.048493,1,0.984159,13.662431,0,0,0,0
static_right_r10_s10010,33.024,0.274353,0.401451,0.048549,2,0.983637,13.664565,0,0,0,0
static_right_r10_s10010,33.056,0.271410,0.401392,0.048608,2,0.983121,13.666702,0,0,0,0
static_right_r10_s10010,33.088,0.268466,0.401328,0.048672,2,0.982609,13.668842,0,0,0,0
static_right_r10_s10010,33.120,0.265523,0.401261,0.048739,2,0.982102,13.670985,0,0,0,0
static_right_r10_s10010,33.152,0.262580,0.401190,0.048810,2,0.981600,13.673131,0,0,0,0
static_right_r10_s10010,33.184,0.259637,0.401114,0.048886,2,0.981102,13.675280,0,0,0,0
static_right_r10_s10010,33.216,0.256694,0.401035,0.048965,2,0.980609,13.677432,0,0,0,0
static_right_r10_s10010,33.248,0.253751,0.400951,0.049049,2,0.980120,13.679587,0,0,0,0
static_right_r10_s10010,33.280,0.250809,0.400869,0.049131,2,0.979641,13.681742,0,0,0,0
static_right_r10_s10010,33.312,0.247866,0.400785,0.049215,2,0.979170,13.683897,0,0,0,0
static_right_r10_s10010,33.344,0.244923,0.400702,0.049298,2,0.978707,13.686053,0,0,0,0
static_right_r10_s10010,33.376,0.241980,0.400617,0.049383,2,0.978252,13.688210,0,0,0,0
static_right_r10_s10010,33.408,0.239037,0.400532,0.049468,2,0.977805,13.690368,0,0,0,0
static_right_r10_s10010,33.440,0.236095,0.400447,0.049553,2,0.977366,13.692526,0,0,0,0
static_right_r10_s10010,33.472,0.233152,0.400360,0.049640,2,0.976935,13.694685,0,0,0,0
static_right_r10_s10010,33.504,0.230209,0.400273,0.049727,2,0.976512,13.696845,0,0,0,0
static_right_r10_s10010,33.536,0.227267,0.400186,0.049814,2,0.976097,13.699006,0,0,0,0
static_right_r10_s10010,33.568,0.224324,0.400097,0.049903,2,0.975690,13.701167,0,0,0,0
static_right_r10_s10010,33.600,0.221381,0.400008,0.049992,2,0.975291,13.703329,0,0,0,0
static_right_r10_s10010,33.632,0.218439,0.399918,0.050082,2,0.974900,13.705492,0,0,0,0
static_right_r10_s10010,33.664,0.215496,0.399827,0.050173,2,0.974517,13.707656,0,0,0,0
static_right_r10_s10010,33.696,0.212553,0.399735,0.050265,2,0.974142,13.709821,0,0,0,0
static_right_r10_s10010,33.728,0.209611,0.399643,0.050357,2,0.973775,13.711987,0,0,0,0
static_right_r10_s10010,33.760,0.206668,0.399549,0.050451,2,0.973415,13.714153,0,0,0,0
static_right_r10_s10010,33.792,0.203726,0.399455,0.050545,2,0.973064,13.716320,0,0,0,0
static_right_r10_s10010,33.824,0.200783,0.399361,0.050639,2,0.972721,13.718488,0,0,0,0
static_right_r10_s10010,33.856,0.197841,0.399265,0.050735,2,0.972386,13.720657,0,0,0,0
static_right_r10_s10010,33.888,0.194899,0.399169,0.050831,2,0.972058,13.722827,0,0,0,0
static_right_r10_s10010,33.920,0.191956,0.399071,0.050929,2,0.971739,13.724997,0,0,0,0
static_right_r10_s10010,33.952,0.189014,0.398973,0.051027,2,0.971428,13.727169,0,0,0,0
static_right_r10_s10010,33.984,0.186071,0.398875,0.051125,2,0.971125,13.729341,0,0,0,0
static_right_r10_s10010,34.016,0.183129,0.398775,0.051225,2,0.970830,13.731514,0,0,0,0
static_right_r10_s10010,34.048,0.180187,0.398675,0.051325,2,0.970543,13.733688,0,0,0,0
static_right_r10_s10010,34.080,0.177245,0.398574,0.051426,2,0.970264,13.735862,0,0,0,0
static_right_r10_s10010,34.112,0.174302,0.398472,0.051528,2,0.969993,13.738038,0,0,0,0
static_right_r10_s10010,34.144,0.171360,0.398369,0.051631,2,0.969730,13.740214,0,0,0,0
static_right_r10_s10010,34.176,0.168418,0.398265,0.051735,2,0.969475,13.742391,0,0,0,0
static_right_r10_s10010,34.208,0.165476,0.398161,0.051839,2,0.969229,13.744569,0,0,0,0
static_right_r10_s10010,34.240,0.162534,0.398056,0.051944,2,0.968990,13.746748,0,0,0,0
static_right_r10_s10010,34.272,0.159592,0.397950,0.052050,2,0.968760,13.748927,0,0,0,0
static_right_r10_s10010,34.304,0.156649,0.397844,0.052156,2,0.968537,13.751107,0,0,0,0
static_right_r10_s10010,34.336,0.153707,0.397736,0.052264,2,0.968323,13.753289,0,0,0,0
static_right_r10_s10010,34.368,0.150765,0.397628,0.052372,2,0.968117,13.755471,0,0,0,0
static_right_r10_s10010,34.400,0.147823,0.397519,0.052481,2,0.967919,13.757653,0,0,0,0
static_right_r10_s10010,34.432,0.144881,0.397414,0.052586,2,0.967734,13.759834,0,0,0,0
static_right_r10_s10010,34.464,0.141939,0.397312,0.052688,2,0.967561,13.762012,0,0,0,0
static_right_r10_s10010,34.496,0.138997,0.397212,0.052788,2,0.967399,13.764190,0,0,0,0
static_right_r10_s10010,34.528,0.136054,0.397116,0.052884,2,0.967249,13.766365,0,0,0,0
static_right_r10_s10010,34.560,0.133112,0.397022,0.052978,2,0.967111,13.768539,0,0,0,0
static_right_r10_s10010,34.592,0.130169,0.396931,0.053069,2,0.966984,13.770712,0,0,0,0
static_right_r10_s10010,34.624,0.127227,0.396842,0.053158,2,0.966869,13.772883,0,0,0,0
static_right_r10_s10010,34.656,0.124284,0.396756,0.053244,2,0.966765,13.775052,0,0,0,0
static_right_r10_s10010,34.688,0.121341,0.396673,0.053327,2,0.966673,13.777220,0,0,0,0
static_right_r10_s10010,34.720,0.118398,0.396592,0.053408,2,0.966593,13.779387,0,0,0,0
static_right_r10_s10010,34.752,0.115455,0.396513,0.053487,2,0.966524,13.781552,0,0,0,0
static_right_r10_s10010,34.784,0.112512,0.396438,0.053562,2,0.966467,13.783716,0,0,0,0
static_right_r10_s10010,34.816,0.109569,0.396364,0.053636,2,0.966421,13.785878,0,0,0,0
static_right_r10_s10010,34.848,0.106626,0.396294,0.053706,2,0.966386,13.788039,0,0,0,0
static_right_r10_s10010,34.880,0.103683,0.396228,0.053772,2,0.966366,13.790197,0,0,0,0
static_right_r10_s10010,34.912,0.100739,0.396164,0.053836,2,0.966356,13.792354,0,0,0,0
static_right_r10_s10010,34.944,0.097796,0.396104,0.053896,2,0.966359,13.794508,0,0,0,0
static_right_r10_s10010,34.976,0.094852,0.396049,0.053951,2,0.966376,13.796660,0,0,0,0
static_right_r10_s10010,35.008,0.091909,0.395997,0.054003,2,0.966406,13.798809,0,0,0,0
static_right_r10_s10010,35.040,0.088965,0.395951,0.054049,2,0.966449,13.800956,0,0,0,0
static_right_r10_s10010,35.072,0.086021,0.395908,0.054092,2,0.966505,13.803099,0,0,0,0
static_right_r10_s10010,35.104,0.083078,0.395870,0.054130,2,0.966575,13.805241,0,0,0,0
static_right_r10_s10010,35.136,0.080134,0.395835,0.054165,2,0.966658,13.807379,0,0,0,0
static_right_r10_s10010,35.168,0.077190,0.395806,0.054194,2,0.966754,13.809515,0,0,0,0
static_right_r10_s10010,35.200,0.074246,0.395780,0.054220,2,0.966863,13.811649,0,0,0,0
static_right_r10_s10010,35.232,0.071302,0.395758,0.054242,2,0.966985,13.813779,0,0,0,0
static_right_r10_s10010,35.264,0.068358,0.395741,0.054259,2,0.967121,13.815907,0,0,0,0
static_right_r10_s10010,35.296,0.065414,0.395728,0.054272,2,0.967270,13.818033,0,0,0,0
static_right_r10_s10010,35.328,0.062470,0.395719,0.054281,2,0.967431,13.820156,0,0,0,0
static_right_r10_s10010,35.360,0.059526,0.395715,0.054285,2,0.967606,13.822276,0,0,0,0
static_right_r10_s10010,35.392,0.056582,0.395714,0.054286,2,0.967794,13.824394,0,0,0,0
static_right_r10_s10010,35.424,0.053638,0.395718,0.054282,2,0.967996,13.826509,0,0,0,0
static_right_r10_s10010,35.456,0.050694,0.395724,0.054276,2,0.968207,13.828623,0,0,0,0
static_right_r10_s10010,35.488,0.047750,0.395734,0.054266,2,0.968433,13.830734,0,0,0,0
static_right_r10_s10010,35.520,0.044806,0.395749,0.054251,2,0.968672,13.832842,0,0,0,0
static_right_r10_s10010,35.552,0.041862,0.395768,0.054232,2,0.968923,13.834948,0,0,0,0
static_right_r10_s10010,35.584,0.038918,0.395788,0.054212,2,0.969186,13.837053,0,0,0,0
static_right_r10_s10010,35.616,0.035974,0.395811,0.054189,2,0.969460,13.839156,0,0,0,0
static_right_r10_s10010,35.648,0.033031,0.395837,0.054163,2,0.969745,13.841258,0,0,0,0
static_right_r10_s10010,35.680,0.030087,0.395865,0.054135,2,0.970041,13.843359,0,0,0,0
static_right_r10_s10010,35.712,0.027143,0.395895,0.054105,2,0.970349,13.845458,0,0,0,0
static_right_r10_s10010,35.744,0.024199,0.395928,0.054072,2,0.970668,13.847556,0,0,0,0
static_right_r10_s10010,35.776,0.021255,0.395964,0.054036,2,0.970998,13.849652,0,0,0,0
static_right_r10_s10010,35.808,0.018312,0.396002,0.053998,2,0.971339,13.851747,0,0,0,0
static_right_r10_s10010,35.840,0.015368,0.396043,0.053957,2,0.971692,13.853840,0,0,0,0
static_right_r10_s10010,35.872,0.012424,0.396086,0.053914,2,0.972057,13.855932,0,0,0,0
static_right_r10_s10010,35.904,0.009480,0.396131,0.053869,2,0.972432,13.858022,0,0,0,0
static_right_r10_s10010,35.936,0.006537,0.396180,0.053820,2,0.972819,13.860111,0,0,0,0
static_right_r10_s10010,35.968,0.003593,0.396230,0.053770,2,0.973217,13.862198,0,0,0,0
static_right_r10_s10010,36.000,0.000650,0.396284,0.053716,2,0.973627,13.864284,0,0,0,0
static_right_r10_s10010,36.032,-0.002294,0.396340,0.053660,2,0.974047,13.866368,0,0,0,0
static_right_r10_s10010,36.064,-0.005237,0.396398,0.053602,2,0.974479,13.868451,0,0,0,0
static_right_r10_s10010,36.096,-0.008180,0.396459,0.053541,2,0.974922,13.870533,0,0,0,0
static_right_r10_s10010,36.128,-0.011124,0.396518,0.053482,2,0.975372,13.872616,0,0,0,0
static_right_r10_s10010,36.160,-0.014067,0.396576,0.053424,2,0.975829,13.874700,0,0,0,0
static_right_r10_s10010,36.192,-0.017011,0.396632,0.053368,2,0.976294,13.876785,0,0,0,0
static_right_r10_s10010,36.224,-0.019954,0.396688,0.053312,2,0.976767,13.878872,0,0,0,0
static_right_r10_s10010,36.256,-0.022898,0.396743,0.053257,2,0.977247,13.880959,0,0,0,0
static_right_r10_s10010,36.288,-0.025841,0.396797,0.053203,2,0.977735,13.883047,0,0,0,0
static_right_r10_s10010,36.320,-0.028785,0.396855,0.053145,2,0.978236,13.885133,0,0,0,0
static_right_r10_s10010,36.352,-0.031728,0.396911,0.053089,2,0.978743,13.887220,0,0,0,0
static_right_r10_s10010,36.384,-0.034672,0.396966,0.053034,2,0.979258,13.889309,0,0,0,0
static_right_r10_s10010,36.416,-0.037615,0.397020,0.052980,2,0.979781,13.891398,0,0,0,0
static_right_r10_s10010,36.448,-0.040559,0.397073,0.052927,2,0.980311,13.893488,0,0,0,0
static_right_r10_s10010,36.480,-0.043502,0.397126,0.052874,2,0.980849,13.895579,0,0,0,0
static_right_r10_s10010,36.512,-0.046446,0.397178,0.052822,2,0.981395,13.897671,0,0,0,0
static_right_r10_s10010,36.544,-0.049389,0.397229,0.052771,2,0.981949,13.899764,0,0,0,0
static_right_r10_s10010,36.576,-0.052333,0.397279,0.052721,2,0.982511,13.901858,0,0,0,0
static_right_r10_s10010,36.608,-0.055276,0.397328,0.052672,2,0.983080,13.903952,0,0,0,0
static_right_r10_s10010,36.640,-0.058220,0.397377,0.052623,2,0.983657,13.906048,0,0,0,0
static_right_r10_s10010,36.672,-0.061164,0.397425,0.052575,2,0.984241,13.908144,0,0,0,0
static_right_r10_s10010,36.704,-0.064107,0.397472,0.052528,2,0.984834,13.910241,0,0,0,0
static_right_r10_s10010,36.736,-0.067051,0.397518,0.052482,2,0.985434,13.912339,0,0,0,0
static_right_r10_s10010,36.768,-0.069995,0.397564,0.052436,2,0.986041,13.914438,0,0,0,0
static_right_r10_s10010,36.800,-0.072938,0.397609,0.052391,2,0.986657,13.916537,0,0,0,0
static_right_r10_s10010,36.832,-0.075882,0.397653,0.052347,2,0.987280,13.918638,0,0,0,0
static_right_r10_s10010,36.864,-0.078826,0.397696,0.052304,2,0.987910,13.920739,0,0,0,0
static_right_r10_s10010,36.896,-0.081769,0.397738,0.052262,2,0.988549,13.922841,0,0,0,0
static_right_r10_s10010,36.928,-0.084713,0.397780,0.052220,2,0.989194,13.924944,0,0,0,0
static_right_r10_s10010,36.960,-0.087657,0.397821,0.052179,2,0.989848,13.927048,0,0,0,0
static_right_r10_s10010,36.992,-0.090600,0.397861,0.052139,2,0.990509,13.929152,0,0,0,0
static_right_r10_s10010,37.024,-0.093544,0.397901,0.052099,2,0.991177,13.931258,0,0,0,0
static_right_r10_s10010,37.056,-0.096488,0.397939,0.052061,2,0.991854,13.933364,0,0,0,0
static_right_r10_s10010,37.088,-0.099432,0.397977,0.052023,2,0.992537,13.935471,0,0,0,0
static_right_r10_s10010,37.120,-0.102375,0.398014,0.051986,2,0.993228,13.937579,0,0,0,0
static_right_r10_s10010,37.152,-0.105319,0.398051,0.051949,2,0.993927,13.939688,0,0,0,0
static_right_r10_s10010,37.184,-0.108263,0.398086,0.051914,2,0.994633,13.941798,0,0,0,0
static_right_r10_s10010,37.216,-0.111207,0.398121,0.051879,2,0.995347,13.943908,0,0,0,0
static_right_r10_s10010,37.248,-0.114151,0.398155,0.051845,2,0.996068,13.946020,0,0,0,0
static_right_r10_s10010,37.280,-0.117094,0.398188,0.051812,2,0.996796,13.948132,0,0,0,0
static_right_r10_s10010,37.312,-0.120038,0.398221,0.051779,2,0.997532,13.950245,0,0,0,0
static_right_r10_s10010,37.344,-0.122982,0.398253,0.051747,2,0.998275,13.952359,0,0,0,0
static_right_r10_s10010,37.376,-0.125926,0.398284,0.051716,2,0.999026,13.954474,0,0,0,0
static_right_r10_s10010,37.408,-0.128870,0.398314,0.051686,2,0.999784,13.956589,0,0,0,0
static_right_r10_s10010,37.440,-0.131814,0.398343,0.051657,2,1.000549,13.958706,0,0,0,0
static_right_r10_s10010,37.472,-0.134757,0.398372,0.051628,2,1.001322,13.960823,0,0,0,0
static_right_r10_s10010,37.504,-0.137701,0.398400,0.051600,2,1.002102,13.962941,0,0,0,0
static_right_r10_s10010,37.536,-0.140645,0.398427,0.051573,2,1.002889,13.965060,0,0,0,0
static_right_r10_s10010,37.568,-0.143589,0.398453,0.051547,2,1.003684,13.967179,0,0,0,0
static_right_r10_s10010,37.600,-0.146533,0.398479,0.051521,2,1.004485,13.969300,0,0,0,0
static_right_r10_s10010,37.632,-0.149477,0.398504,0.051496,2,1.005295,13.971421,0,0,0,0
static_right_r10_s10010,37.664,-0.152421,0.398528,0.051472,2,1.006111,13.973543,0,0,0,0
static_right_r10_s10010,37.696,-0.155365,0.398551,0.051449,2,1.006934,13.975667,0,0,0,0
static_right_r10_s10010,37.728,-0.158309,0.398573,0.051427,2,1.007765,13.977790,0,0,0,0
static_right_r10_s10010,37.760,-0.161252,0.398595,0.051405,2,1.008603,13.979915,0,0,0,0
static_right_r10_s10010,37.792,-0.164196,0.398616,0.051384,2,1.009448,13.982041,0,0,0,0
static_right_r10_s10010,37.824,-0.167140,0.398636,0.051364,2,1.010300,13.984167,0,0,0,0
static_right_r10_s10010,37.856,-0.170084,0.398656,0.051344,2,1.011159,13.986294,0,0,0,0
static_right_r10_s10010,37.888,-0.173028,0.398675,0.051325,2,1.012026,13.988422,0,0,0,0
static_right_r10_s10010,37.920,-0.175972,0.398692,0.051308,2,1.012899,13.990551,0,0,0,0
static_right_r10_s10010,37.952,-0.178916,0.398710,0.051290,2,1.013780,13.992681,0,0,0,0
static_right_r10_s10010,37.984,-0.181860,0.398726,0.051274,2,1.014667,13.994811,0,0,0,0
static_right_r10_s10010,38.016,-0.184804,0.398742,0.051258,2,1.015562,13.996942,0,0,0,0
static_right_r10_s10010,38.048,-0.187748,0.398756,0.051244,2,1.016463,13.999075,0,0,0,0
static_right_r10_s10010,38.080,-0.190692,0.398770,0.051230,2,1.017372,14.001207,0,0,0,0
static_right_r10_s10010,38.112,-0.193636,0.398784,0.051216,2,1.018287,14.003341,0,0,0,0
static_right_r10_s10010,38.144,-0.196580,0.398796,0.051204,2,1.019210,14.005476,0,0,0,0
static_right_r10_s10010,38.176,-0.199524,0.398808,0.051192,2,1.020139,14.007611,0,0,0,0
static_right_r10_s10010,38.208,-0.202468,0.398819,0.051181,2,1.021076,14.009748,0,0,0,0
static_right_r10_s10010,38.240,-0.205412,0.398829,0.051171,2,1.022019,14.011885,0,0,0,0
static_right_r10_s10010,38.272,-0.208356,0.398839,0.051161,2,1.022969,14.014023,0,0,0,0
static_right_r10_s10010,38.304,-0.211300,0.398847,0.051153,2,1.023926,14.016161,0,0,0,0
static_right_r10_s10010,38.336,-0.214244,0.398855,0.051145,2,1.024890,14.018301,0,0,0,0
static_right_r10_s10010,38.368,-0.217188,0.398862,0.051138,2,1.025861,14.020441,0,0,0,0
static_right_r10_s10010,38.400,-0.220132,0.398869,0.051131,2,1.026838,14.022582,0,0,0,0
static_right_r10_s10010,38.432,-0.223076,0.398874,0.051126,2,1.027822,14.024724,0,0,0,0
static_right_r10_s10010,38.464,-0.226020,0.398879,0.051121,2,1.028813,14.026867,0,0,0,0
static_right_r10_s10010,38.496,-0.228964,0.398883,0.051117,2,1.029811,14.029011,0,0,0,0
static_right_r10_s10010,38.528,-0.231908,0.398887,0.051113,2,1.030815,14.031155,0,0,0,0
static_right_r10_s10010,38.560,-0.234852,0.398889,0.051111,2,1.031826,14.033300,0,0,0,0
static_right_r10_s10010,38.592,-0.237796,0.398891,0.051109,2,1.032844,14.035446,0,0,0,0
static_right_r10_s10010,38.624,-0.240740,0.398892,0.051108,2,1.033869,14.037593,0,0,0,0
static_right_r10_s10010,38.656,-0.243684,0.398892,0.051108,2,1.034900,14.039741,0,0,0,0
static_right_r10_s10010,38.688,-0.246628,0.398892,0.051108,2,1.035938,14.041890,0,0,0,0
static_right_r10_s10010,38.720,-0.249572,0.398890,0.051110,2,1.036982,14.044039,0,0,0,0
static_right_r10_s10010,38.752,-0.252516,0.398888,0.051112,2,1.038033,14.046189,0,0,0,0
static_right_r10_s10010,38.784,-0.255460,0.398885,0.051115,2,1.039090,14.048340,0,0,0,0
static_right_r10_s10010,38.816,-0.258404,0.398882,0.051118,2,1.040154,14.050492,0,0,0,0
static_right_r10_s10010,38.848,-0.261348,0.398877,0.051123,2,1.041225,14.052644,0,0,0,0
static_right_r10_s10010,38.880,-0.264292,0.398872,0.051128,2,1.042302,14.054798,0,0,0,0
static_right_r10_s10010,38.912,-0.267236,0.398866,0.051134,2,1.043386,14.056952,0,0,0,0
static_right_r10_s10010,38.944,-0.270180,0.398860,0.051140,2,1.044476,14.059107,0,0,0,0
static_right_r10_s10010,38.976,-0.273124,0.398852,0.051148,2,1.045572,14.061263,0,0,0,0
static_right_r10_s10010,39.008,-0.276068,0.398844,0.051156,2,1.046675,14.063419,0,0,0,0
static_right_r10_s10010,39.040,-0.279012,0.398835,0.051165,2,1.047784,14.065577,0,0,0,0
static_right_r10_s10010,39.072,-0.281956,0.398825,0.051175,2,1.048900,14.067735,0,0,0,0
static_right_r10_s10010,39.104,-0.284900,0.398815,0.051185,2,1.050022,14.069894,0,0,0,0
static_right_r10_s10010,39.136,-0.287844,0.398803,0.051197,2,1.051150,14.072054,0,0,0,0
static_right_r10_s10010,39.168,-0.290788,0.398791,0.051209,2,1.052285,14.074215,0,0,0,0
static_right_r10_s10010,39.200,-0.293732,0.398778,0.051222,2,1.053426,14.076376,0,0,0,0
static_right_r10_s10010,39.232,-0.296676,0.398765,0.051235,2,1.054573,14.078538,0,0,0,0
static_right_r10_s10010,39.264,-0.299620,0.398750,0.051250,2,1.055726,14.080702,0,0,0,0
static_right_r10_s10010,39.296,-0.302563,0.398735,0.051265,2,1.056886,14.082865,0,0,0,0
static_right_r10_s10010,39.328,-0.305507,0.398719,0.051281,2,1.058052,14.085030,0,0,0,0
static_right_r10_s10010,39.360,-0.308451,0.398703,0.051297,2,1.059224,14.087196,0,0,0,0
static_right_r10_s10010,39.392,-0.311395,0.398685,0.051315,2,1.060402,14.089362,0,0,0,0
static_right_r10_s10010,39.424,-0.314339,0.398667,0.051333,2,1.061587,14.091529,0,0,0,0
static_right_r10_s10010,39.456,-0.317283,0.398648,0.051352,2,1.062777,14.093697,0,0,0,0
static_right_r10_s10010,39.488,-0.320227,0.398628,0.051372,2,1.063974,14.095866,0,0,0,0
static_right_r10_s10010,39.520,-0.323171,0.398608,0.051392,2,1.065177,14.098035,0,0,0,0
static_right_r10_s10010,39.552,-0.326115,0.398587,0.051413,2,1.066386,14.100205,0,0,0,0
static_right_r10_s10010,39.584,-0.329059,0.398564,0.051436,2,1.067601,14.102377,0,0,0,0
static_right_r10_s10010,39.616,-0.332003,0.398542,0.051458,2,1.068822,14.104548,0,0,0,0
static_right_r10_s10010,39.648,-0.334947,0.398518,0.051482,2,1.070048,14.106721,0,0,0,0
static_right_r10_s10010,39.680,-0.337891,0.398494,0.051506,2,1.071281,14.108895,0,0,0,0
static_right_r10_s10010,39.712,-0.340835,0.398469,0.051531,2,1.072520,14.111069,0,0,0,0
static_right_r10_s10010,39.744,-0.343778,0.398443,0.051557,2,1.073765,14.113244,0,0,0,0
static_right_r10_s10010,39.776,-0.346722,0.398416,0.051584,2,1.075016,14.115420,0,0,0,0
static_right_r10_s10010,39.808,-0.349666,0.398389,0.051611,2,1.076273,14.117597,0,0,0,0
static_right_r10_s10010,39.840,-0.352610,0.398360,0.051640,2,1.077535,14.119774,0,0,0,0
static_right_r10_s10010,39.872,-0.355554,0.398331,0.051669,2,1.078804,14.121952,0,0,0,0
static_right_r10_s10010,39.904,-0.358498,0.398302,0.051698,2,1.080078,14.124131,0,0,0,0
static_right_r10_s10010,39.936,-0.361442,0.398271,0.051729,2,1.081358,14.126311,0,0,0,0
static_right_r10_s10010,39.968,-0.364385,0.398240,0.051760,2,1.082644,14.128492,0,0,0,0
static_right_r10_s10010,40.000,-0.367329,0.398208,0.051792,2,1.083935,14.130673,0,0,0,0
static_right_r10_s10010,40.032,-0.370273,0.398175,0.051825,2,1.085233,14.132856,0,0,0,0
static_right_r10_s10010,40.064,-0.373217,0.398141,0.051859,2,1.086536,14.135039,0,0,0,0
static_right_r10_s10010,40.096,-0.376161,0.398107,0.051893,2,1.087845,14.137222,0,0,0,0
static_right_r10_s10010,40.128,-0.379104,0.398072,0.051928,2,1.089160,14.139407,0,0,0,0
static_right_r10_s10010,40.160,-0.382048,0.398036,0.051964,2,1.090480,14.141593,0,0,0,0
static_right_r10_s10010,40.192,-0.384992,0.397999,0.052001,2,1.091806,14.143779,0,0,0,0
static_right_r10_s10010,40.224,-0.387936,0.397962,0.052038,2,1.093137,14.145966,0,0,0,0
static_right_r10_s10010,40.256,-0.390880,0.397924,0.052076,2,1.094474,14.148153,0,0,0,0
static_right_r10_s10010,40.288,-0.393823,0.397885,0.052115,2,1.095817,14.150342,0,0,0,0
static_right_r10_s10010,40.320,-0.396767,0.397845,0.052155,2,1.097165,14.152531,0,0,0,0
static_right_r10_s10010,40.352,-0.399711,0.397804,0.052196,2,1.098519,14.154722,0,0,0,0
static_right_r10_s10010,40.384,-0.402654,0.397763,0.052237,2,1.099879,14.156912,0,0,0,0
static_right_r10_s10010,40.416,-0.405598,0.397721,0.052279,2,1.101244,14.159104,0,0,0,0
static_right_r10_s10010,40.448,-0.408542,0.397678,0.052322,2,1.102614,14.161297,0,0,0,0
static_right_r10_s10010,40.480,-0.411486,0.397635,0.052365,2,1.103990,14.163490,0,0,0,0
static_right_r10_s10010,40.512,-0.414429,0.397590,0.052410,2,1.105371,14.165684,0,0,0,0
static_right_r10_s10010,40.544,-0.417373,0.397545,0.052455,2,1.106758,14.167879,0,0,0,0
static_right_r10_s10010,40.576,-0.420316,0.397499,0.052501,2,1.108150,14.170075,0,0,0,0
static_right_r10_s10010,40.608,-0.423260,0.397453,0.052547,2,1.109548,14.172271,0,0,0,0
static_right_r10_s10010,40.640,-0.426204,0.397405,0.052595,2,1.110951,14.174468,0,0,0,0
static_right_r10_s10010,40.672,-0.429147,0.397357,0.052643,2,1.112359,14.176666,0,0,0,0
static_right_r10_s10010,40.704,-0.432091,0.397308,0.052692,2,1.113773,14.178865,0,0,0,0
static_right_r10_s10010,40.736,-0.435035,0.397259,0.052741,2,1.115192,14.181064,0,0,0,0
static_right_r10_s10010,40.768,-0.437978,0.397208,0.052792,2,1.116616,14.183265,0,0,0,0
static_right_r10_s10010,40.800,-0.440922,0.397157,0.052843,2,1.118045,14.185466,0,0,0,0
static_right_r10_s10010,40.832,-0.443865,0.397105,0.052895,2,1.119480,14.187668,0,0,0,0
static_right_r10_s10010,40.864,-0.446809,0.397052,0.052948,2,1.120920,14.189870,0,0,0,0
static_right_r10_s10010,40.896,-0.449752,0.396998,0.053002,2,1.122365,14.192074,0,0,0,0
static_right_r10_s10010,40.928,-0.452696,0.396944,0.053056,2,1.123815,14.194278,0,0,0,0
static_right_r10_s10010,40.960,-0.455639,0.396889,0.053111,2,1.125271,14.196483,0,0,0,0
static_right_r10_s10010,40.992,-0.458583,0.396833,0.053167,2,1.126732,14.198689,0,0,0,0
static_right_r10_s10010,41.024,-0.461526,0.396781,0.053219,2,1.128202,14.200892,0,0,0,0
static_right_r10_s10010,41.056,-0.464470,0.396732,0.053268,2,1.129680,14.203094,0,0,0,0
static_right_r10_s10010,41.088,-0.467413,0.396686,0.053314,2,1.131166,14.205294,0,0,0,0
static_right_r10_s10010,41.120,-0.470357,0.396643,0.053357,2,1.132660,14.207493,0,0,0,0
static_right_r10_s10010,41.152,-0.473301,0.396602,0.053398,2,1.134163,14.209690,0,0,0,0
static_right_r10_s10010,41.184,-0.476245,0.396564,0.053436,2,1.135673,14.211885,0,0,0,0
static_right_r10_s10010,41.216,-0.479188,0.396528,0.053472,2,1.137191,14.214080,0,0,0,0
static_right_r10_s10010,41.248,-0.482132,0.396496,0.053504,2,1.138717,14.216272,0,0,0,0
static_right_r10_s10010,41.280,-0.485076,0.396465,0.053535,2,1.140251,14.218463,0,0,0,0
static_right_r10_s10010,41.312,-0.488020,0.396438,0.053562,2,1.141793,14.220653,0,0,0,0
static_right_r10_s10010,41.344,-0.490964,0.396413,0.053587,2,1.143342,14.222841,0,0,0,0
static_right_r10_s10010,41.376,-0.493908,0.396390,0.053610,2,1.144899,14.225028,0,0,0,0
static_right_r10_s10010,41.408,-0.496852,0.396371,0.053629,2,1.146463,14.227213,0,0,0,0
static_right_r10_s10010,41.440,-0.499796,0.396353,0.053647,2,1.148035,14.229397,0,0,0,0
static_right_r10_s10010,41.472,-0.502740,0.396339,0.053661,2,1.149615,14.231579,0,0,0,0
static_right_r10_s10010,41.504,-0.505684,0.396326,0.053674,2,1.151202,14.233760,0,0,0,0
static_right_r10_s10010,41.536,-0.508628,0.396317,0.053683,2,1.152797,14.235940,0,0,0,0
static_right_r10_s10010,41.568,-0.511572,0.396310,0.053690,2,1.154399,14.238118,0,0,0,0
static_right_r10_s10010,41.600,-0.514516,0.396300,0.053700,2,1.156004,14.240298,0,0,0,0
static_right_r10_s10010,41.632,-0.517460,0.396290,0.053710,2,1.157614,14.242479,0,0,0,0
static_right_r10_s10010,41.664,-0.520404,0.396283,0.053717,2,1.159233,14.244657,0,0,0,0
static_right_r10_s10010,41.696,-0.523348,0.396279,0.053721,2,1.160858,14.246835,0,0,0,0
static_right_r10_s10010,41.728,-0.526292,0.396278,0.053722,2,1.162491,14.249010,0,0,0,0
static_right_r10_s10010,41.760,-0.529236,0.396279,0.053721,2,1.164132,14.251184,0,0,0,0
static_right_r10_s10010,41.792,-0.532180,0.396283,0.053717,2,1.165779,14.253357,0,0,0,0
static_right_r10_s10010,41.824,-0.535124,0.396290,0.053710,2,1.167434,14.255528,0,0,0,0
static_right_r10_s10010,41.856,-0.538068,0.396299,0.053701,2,1.169097,14.257697,0,0,0,0
static_right_r10_s10010,41.888,-0.541012,0.396311,0.053689,2,1.170766,14.259866,0,0,0,0
static_right_r10_s10010,41.920,-0.543956,0.396325,0.053675,2,1.172443,14.262032,0,0,0,0
static_right_r10_s10010,41.952,-0.546899,0.396342,0.053658,2,1.174126,14.264197,0,0,0,0
static_right_r10_s10010,41.984,-0.549843,0.396362,0.053638,2,1.175817,14.266361,0,0,0,0
static_right_r10_s10010,42.016,-0.552787,0.396384,0.053616,2,1.177515,14.268523,0,0,0,0
static_right_r10_s10010,42.048,-0.555731,0.396409,0.053591,2,1.179219,14.270684,0,0,0,0
static_right_r10_s10010,42.080,-0.558675,0.396436,0.053564,2,1.180931,14.272843,0,0,0,0
static_right_r10_s10010,42.112,-0.561619,0.396466,0.053534,2,1.182650,14.275001,0,0,0,0
static_right_r10_s10010,42.144,-0.564563,0.396498,0.053502,2,1.184375,14.277158,0,0,0,0
static_right_r10_s10010,42.176,-0.567507,0.396533,0.053467,2,1.186108,14.279313,0,0,0,0
static_right_r10_s10010,42.208,-0.570450,0.396566,0.053434,2,1.187843,14.281469,0,0,0,0
static_right_r10_s10010,42.240,-0.573394,0.396598,0.053402,2,1.189583,14.283627,0,0,0,0
static_right_r10_s10010,42.272,-0.576338,0.396629,0.053371,2,1.191326,14.285786,0,0,0,0
static_right_r10_s10010,42.304,-0.579282,0.396658,0.053342,2,1.193073,14.287945,0,0,0,0
static_right_r10_s10010,42.336,-0.582226,0.396687,0.053313,2,1.194824,14.290106,0,0,0,0
static_right_r10_s10010,42.368,-0.585170,0.396715,0.053285,2,1.196579,14.292267,0,0,0,0
static_right_r10_s10010,42.400,-0.588113,0.396742,0.053258,2,1.198339,14.294429,0,0,0,0
static_right_r10_s10010,42.432,-0.591057,0.396768,0.053232,2,1.200102,14.296592,0,0,0,0
static_right_r10_s10010,42.464,-0.594001,0.396794,0.053206,2,1.201869,14.298756,0,0,0,0
static_right_r10_s10010,42.496,-0.596945,0.396819,0.053181,2,1.203640,14.300921,0,0,0,0
static_right_r10_s10010,42.528,-0.599889,0.396843,0.053157,2,1.205415,14.303086,0,0,0,0
static_right_r10_s10010,42.560,-0.602833,0.396866,0.053134,2,1.207194,14.305253,0,0,0,0
static_right_r10_s10010,42.592,-0.605777,0.396888,0.053112,2,1.208977,14.307420,0,0,0,0
static_right_r10_s10010,42.624,-0.608721,0.396910,0.053090,2,1.210764,14.309588,0,0,0,0
static_right_r10_s10010,42.656,-0.611665,0.396931,0.053069,2,1.212554,14.311756,0,0,0,0
static_right_r10_s10010,42.688,-0.614609,0.396951,0.053049,2,1.214349,14.313926,0,0,0,0
static_right_r10_s10010,42.720,-0.617553,0.396970,0.053030,2,1.216148,14.316096,0,0,0,0
static_right_r10_s10010,42.752,-0.620497,0.396989,0.053011,2,1.217950,14.318267,0,0,0,0
static_right_r10_s10010,42.784,-0.623440,0.397007,0.052993,2,1.219756,14.320439,0,0,0,0
static_right_r10_s10010,42.816,-0.626384,0.397024,0.052976,2,1.221566,14.322611,0,0,0,0
static_right_r10_s10010,42.848,-0.629328,0.397040,0.052960,2,1.223380,14.324785,0,0,0,0
static_right_r10_s10010,42.880,-0.632272,0.397056,0.052944,2,1.225198,14.326959,0,0,0,0
static_right_r10_s10010,42.912,-0.635216,0.397071,0.052929,2,1.227020,14.329134,0,0,0,0
static_right_r10_s10010,42.944,-0.638160,0.397085,0.052915,2,1.228845,14.331310,0,0,0,0
static_right_r10_s10010,42.976,-0.641104,0.397098,0.052902,2,1.230674,14.333486,0,0,0,0
static_right_r10_s10010,43.008,-0.644048,0.397111,0.052889,2,1.232507,14.335664,0,0,0,0
static_right_r10_s10010,43.040,-0.646992,0.397122,0.052878,2,1.234343,14.337842,0,0,0,0
static_right_r10_s10010,43.072,-0.649936,0.397133,0.052867,2,1.236183,14.340020,0,0,0,0
static_right_r10_s10010,43.104,-0.652880,0.397144,0.052856,2,1.238027,14.342200,0,0,0,0
static_right_r10_s10010,43.136,-0.655824,0.397153,0.052847,2,1.239874,14.344381,0,0,0,0
static_right_r10_s10010,43.168,-0.658768,0.397162,0.052838,2,1.241725,14.346562,0,0,0,0
static_right_r10_s10010,43.200,-0.661712,0.397170,0.052830,2,1.243580,14.348744,0,0,0,0
static_right_r10_s10010,43.232,-0.664656,0.397177,0.052823,2,1.245439,14.350927,0,0,0,0
static_right_r10_s10010,43.264,-0.667600,0.397184,0.052816,2,1.247300,14.353110,0,0,0,0
static_right_r10_s10010,43.296,-0.670544,0.397190,0.052810,2,1.249166,14.355294,0,0,0,0
static_right_r10_s10010,43.328,-0.673488,0.397195,0.052805,2,1.251035,14.357480,0,0,0,0
static_right_r10_s10010,43.360,-0.676432,0.397199,0.052801,2,1.252908,14.359666,0,0,0,0
static_right_r10_s10010,43.392,-0.679376,0.397202,0.052798,2,1.254784,14.361852,0,0,0,0
static_right_r10_s10010,43.424,-0.682320,0.397205,0.052795,2,1.256663,14.364040,0,0,0,0
static_right_r10_s10010,43.456,-0.685264,0.397207,0.052793,2,1.258547,14.366228,0,0,0,0
static_right_r10_s10010,43.488,-0.688208,0.397208,0.052792,2,1.260433,14.368417,0,0,0,0
static_right_r10_s10010,43.520,-0.691152,0.397213,0.052787,2,1.262327,14.370604,0,0,0,0
static_right_r10_s10010,43.552,-0.694096,0.397221,0.052779,2,1.264227,14.372789,0,0,0,0
static_right_r10_s10010,43.584,-0.697040,0.397232,0.052768,2,1.266133,14.374972,0,0,0,0
static_right_r10_s10010,43.616,-0.699984,0.397246,0.052754,2,1.268045,14.377154,0,0,0,0
static_right_r10_s10010,43.648,-0.702928,0.397262,0.052738,2,1.269963,14.379334,0,0,0,0
static_right_r10_s10010,43.680,-0.705872,0.397281,0.052719,2,1.271887,14.381512,0,0,0,0
static_right_r10_s10010,43.712,-0.708816,0.397298,0.052702,2,1.273814,14.383693,0,0,0,0
static_right_r10_s10010,43.744,-0.711760,0.397319,0.052681,2,1.275747,14.385871,0,0,0,0
static_right_r10_s10010,43.776,-0.714704,0.397347,0.052653,2,1.277690,14.388044,0,0,0,0
static_right_r10_s10010,43.808,-0.717648,0.397382,0.052618,2,1.279641,14.390214,0,0,0,0
static_right_r10_s10010,43.840,-0.720591,0.397420,0.052580,2,1.281599,14.392381,0,0,0,0
static_right_r10_s10010,43.872,-0.723535,0.397462,0.052538,2,1.283563,14.394545,0,0,0,0
static_right_r10_s10010,43.904,-0.726479,0.397509,0.052491,2,1.285535,14.396707,0,0,0,0
static_right_r10_s10010,43.936,-0.729422,0.397558,0.052442,2,1.287512,14.398868,0,0,0,0
static_right_r10_s10010,43.968,-0.732366,0.397609,0.052391,2,1.289494,14.401027,0,0,0,0
static_right_r10_s10010,44.000,-0.735309,0.397658,0.052342,2,1.291478,14.403189,0,0,0,0
static_right_r10_s10010,44.032,-0.738253,0.397705,0.052295,2,1.293465,14.405351,0,0,0,0
static_right_r10_s10010,44.064,-0.741197,0.397752,0.052248,2,1.295455,14.407514,0,0,0,0
static_right_r10_s10010,44.096,-0.744140,0.397798,0.052202,2,1.297448,14.409679,0,0,0,0
static_right_r10_s10010,44.128,-0.747084,0.397842,0.052158,2,1.299443,14.411844,0,0,0,0
static_right_r10_s10010,44.160,-0.750028,0.397886,0.052114,2,1.301442,14.414010,0,0,0,0
static_right_r10_s10010,44.192,-0.752971,0.397929,0.052060,2,1.303444,14.416177,0,0,0,0
static_right_r10_s10010,44.224,-0.755915,0.397971,0.051985,2,1.305448,14.418345,0,0,0,0
static_right_r10_s10010,44.256,-0.758859,0.398012,0.051889,2,1.307455,14.420514,0,0,0,0
static_right_r10_s10010,44.288,-0.761802,0.398052,0.051773,2,1.309466,14.422683,0,0,0,0
static_right_r10_s10010,44.320,-0.764746,0.398092,0.051635,2,1.311479,14.424853,0,0,0,0
static_right_r10_s10010,44.352,-0.767690,0.398131,0.051476,2,1.313496,14.427025,0,0,0,0
static_right_r10_s10010,44.384,-0.770634,0.398169,0.051297,2,1.315515,14.429196,0,0,0,0
static_right_r10_s10010,44.416,-0.773577,0.398206,0.051096,2,1.317537,14.431369,0,0,0,0
static_right_r10_s10010,44.448,-0.776521,0.398238,0.050880,2,1.319559,14.433546,0,0,0,0
static_right_r10_s10010,44.480,-0.779465,0.398261,0.050651,2,1.321577,14.435729,0,0,0,0
static_right_r10_s10010,44.512,-0.782409,0.398273,0.050410,2,1.323592,14.437919,0,0,0,0
static_right_r10_s10010,44.544,-0.785353,0.398288,0.050146,2,1.325612,14.440108,0,0,0,0
static_right_r10_s10010,44.576,-0.788297,0.398298,0.049865,2,1.327631,14.442301,0,0,0,0
static_right_r10_s10010,44.608,-0.791241,0.398301,0.049570,2,1.329649,14.444498,0,0,0,0
static_right_r10_s10010,44.640,-0.794185,0.398295,0.049261,2,1.331665,14.446701,0,0,0,0
static_right_r10_s10010,44.672,-0.797130,0.398280,0.048941,2,1.333676,14.448911,0,0,0,0
static_right_r10_s10010,44.704,-0.800074,0.398253,0.048611,2,1.335683,14.451129,0,0,0,0
static_right_r10_s10010,44.736,-0.803018,0.398212,0.048274,2,1.337683,14.453356,0,0,0,0
static_right_r10_s10010,44.768,-0.805961,0.398159,0.047928,2,1.339678,14.455592,0,0,0,0
static_right_r10_s10010,44.800,-0.808905,0.398090,0.047575,2,1.341664,14.457838,0,0,0,0
static_right_r10_s10010,44.832,-0.811848,0.398003,0.047220,2,1.343641,14.460097,0,0,0,0
static_right_r10_s10010,44.864,-0.814791,0.397895,0.046865,2,1.345605,14.462369,0,0,0,0
static_right_r10_s10010,44.896,-0.817732,0.397765,0.046510,2,1.347557,14.464655,0,0,0,0
static_right_r10_s10010,44.928,-0.820673,0.397611,0.046157,2,1.349495,14.466957,0,0,0,0
static_right_r10_s10010,44.960,-0.823613,0.397430,0.045810,2,1.351416,14.469276,0,0,0,0
static_right_r10_s10010,44.992,-0.826550,0.397220,0.045471,2,1.353319,14.471613,0,0,0,0
static_right_r10_s10010,45.024,-0.829486,0.396977,0.045144,2,1.355200,14.473970,0,0,0,0
static_right_r10_s10010,45.056,-0.832418,0.396701,0.044828,2,1.357059,14.476348,0,0,0,0
static_right_r10_s10010,45.088,-0.835347,0.396387,0.044529,2,1.358893,14.478748,0,0,0,0
static_right_r10_s10010,45.120,-0.838272,0.396034,0.044248,2,1.360701,14.481170,0,0,0,0
static_right_r10_s10010,45.152,-0.841191,0.395641,0.043985,2,1.362480,14.483616,0,0,0,0
static_right_r10_s10010,45.184,-0.844105,0.395209,0.043741,2,1.364232,14.486084,0,0,0,0
static_right_r10_s10010,45.216,-0.847013,0.394738,0.043515,2,1.365956,14.488573,0,0,0,0
static_right_r10_s10010,45.248,-0.849913,0.394224,0.043312,2,1.367648,14.491085,0,0,0,0
static_right_r10_s10010,45.280,-0.852805,0.393679,0.043119,2,1.369316,14.493612,0,0,0,0
static_right_r10_s10010,45.312,-0.855696,0.393126,0.042913,2,1.370983,14.496144,0,0,0,0
static_right_r10_s10010,45.344,-0.858583,0.392548,0.042712,2,1.372633,14.498688,0,0,0,0
static_right_r10_s10010,45.376,-0.861464,0.391945,0.042514,2,1.374267,14.501245,0,0,0,0
static_right_r10_s10010,45.408,-0.864340,0.391323,0.042315,2,1.375888,14.503812,0,0,0,0
static_right_r10_s10010,45.440,-0.867214,0.390686,0.042110,2,1.377501,14.506387,0,0,0,0
static_right_r10_s10010,45.472,-0.870081,0.390012,0.041921,2,1.379087,14.508981,0,0,0,0
static_right_r10_s10010,45.504,-0.872937,0.389292,0.041758,2,1.380639,14.511598,0,0,0,0
static_right_r10_s10010,45.536,-0.875782,0.388527,0.041620,2,1.382156,14.514236,0,0,0,0
static_right_r10_s10010,45.568,-0.878615,0.387717,0.041507,2,1.383638,14.516895,0,0,0,0
static_right_r10_s10010,45.600,-0.881434,0.386862,0.041421,2,1.385083,14.519574,0,0,0,0
static_right_r10_s10010,45.632,-0.884240,0.385962,0.041359,2,1.386492,14.522272,0,0,0,0
static_right_r10_s10010,45.664,-0.887031,0.385019,0.041323,2,1.387866,14.524989,0,0,0,0
static_right_r10_s10010,45.696,-0.889807,0.384035,0.041309,2,1.389205,14.527721,0,0,0,0
static_right_r10_s10010,45.728,-0.892568,0.383011,0.041315,2,1.390513,14.530468,0,0,0,0
static_right_r10_s10010,45.760,-0.895315,0.381951,0.041340,2,1.391789,14.533229,0,0,0,0
static_right_r10_s10010,45.792,-0.898048,0.380856,0.041381,2,1.393036,14.536003,0,0,0,0
static_right_r10_s10010,45.824,-0.900768,0.379732,0.041433,2,1.394259,14.538786,0,0,0,0
static_right_r10_s10010,45.856,-0.903476,0.378579,0.041494,2,1.395459,14.541579,0,0,0,0
static_right_r10_s10010,45.888,-0.906173,0.377401,0.041563,2,1.396638,14.544381,0,0,0,0
static_right_r10_s10010,45.920,-0.908858,0.376197,0.041638,2,1.397797,14.547191,0,0,0,0
static_right_r10_s10010,45.952,-0.911533,0.374969,0.041718,2,1.398937,14.550009,0,0,0,0
static_right_r10_s10010,45.984,-0.914198,0.373722,0.041798,2,1.400063,14.552833,0,0,0,0
static_right_r10_s10010,46.016,-0.916854,0.372456,0.041878,2,1.401174,14.555662,0,0,0,0
static_right_r10_s10010,46.048,-0.919503,0.371175,0.041954,2,1.402275,14.558497,0,0,0,0
static_right_r10_s10010,46.080,-0.922154,0.369896,0.042005,2,1.403385,14.561330,0,0,0,0
static_right_r10_s10010,46.112,-0.924797,0.368603,0.042051,2,1.404485,14.564168,0,0,0,0
static_right_r10_s10010,46.144,-0.927436,0.367300,0.042087,2,1.405579,14.567009,0,0,0,0
static_right_r10_s10010,46.176,-0.930071,0.365988,0.042112,2,1.406671,14.569853,0,0,0,0
static_right_r10_s10010,46.208,-0.932699,0.364663,0.042130,2,1.407754,14.572701,0,0,0,0
static_right_r10_s10010,46.240,-0.935317,0.363317,0.042150,2,1.408820,14.575556,0,0,0,0
static_right_r10_s10010,46.272,-0.937927,0.361953,0.042169,2,1.409874,14.578415,0,0,0,0
static_right_r10_s10010,46.304,-0.940525,0.360568,0.042190,2,1.410911,14.581280,0,0,0,0
static_right_r10_s10010,46.336,-0.943111,0.359161,0.042215,2,1.411930,14.584151,0,0,0,0
static_right_r10_s10010,46.368,-0.945687,0.357734,0.042241,2,1.412933,14.587027,0,0,0,0
static_right_r10_s10010,46.400,-0.948251,0.356285,0.042272,2,1.413918,14.589908,0,0,0,0
static_right_r10_s10010,46.432,-0.950802,0.354815,0.042305,2,1.414885,14.592795,0,0,0,0
static_right_r10_s10010,46.464,-0.953341,0.353324,0.042342,2,1.415834,14.595686,0,0,0,0
static_right_r10_s10010,46.496,-0.955867,0.351811,0.042382,2,1.416766,14.598581,0,0,0,0
static_right_r10_s10010,46.528,-0.958381,0.350278,0.042425,2,1.417681,14.601481,0,0,0,0
static_right_r10_s10010,46.560,-0.960883,0.348725,0.042470,2,1.418578,14.604385,0,0,0,0
static_right_r10_s10010,46.592,-0.963371,0.347151,0.042519,2,1.419457,14.607293,0,0,0,0
static_right_r10_s10010,46.624,-0.965846,0.345557,0.042570,2,1.420319,14.610204,0,0,0,0
static_right_r10_s10010,46.656,-0.968310,0.343944,0.042622,2,1.421166,14.613118,0,0,0,0
static_right_r10_s10010,46.688,-0.970761,0.342314,0.042675,2,1.421997,14.616036,0,0,0,0
static_right_r10_s10010,46.720,-0.973200,0.340666,0.042726,2,1.422814,14.618955,0,0,0,0
static_right_r10_s10010,46.752,-0.975630,0.339004,0.042774,2,1.423620,14.621877,0,0,0,0
static_right_r10_s10010,46.784,-0.978050,0.337329,0.042817,2,1.424416,14.624801,0,0,0,0
static_right_r10_s10010,46.816,-0.980459,0.335637,0.042859,2,1.425198,14.627727,0,0,0,0
static_right_r10_s10010,46.848,-0.982870,0.333947,0.042877,2,1.425988,14.630653,0,0,0,0
static_right_r10_s10010,46.880,-0.985272,0.332246,0.042888,2,1.426770,14.633580,0,0,0,0
static_right_r10_s10010,46.912,-0.987668,0.330537,0.042887,2,1.427549,14.636508,0,0,0,0
static_right_r10_s10010,46.944,-0.990058,0.328817,0.042878,2,1.428321,14.639438,0,0,0,0
static_right_r10_s10010,46.976,-0.992439,0.327086,0.042862,2,1.429085,14.642369,0,0,0,0
static_right_r10_s10010,47.008,-0.994807,0.325337,0.042846,2,1.429833,14.645302,0,0,0,0
static_right_r10_s10010,47.040,-0.997164,0.323573,0.042828,2,1.430569,14.648238,0,0,0,0
static_right_r10_s10010,47.072,-0.999508,0.321790,0.042811,2,1.431289,14.651174,0,0,0,0
static_right_r10_s10010,47.104,-1.001837,0.319989,0.042796,2,1.431991,14.654113,0,0,0,0
static_right_r10_s10010,47.136,-1.004154,0.318172,0.042781,2,1.432680,14.657053,0,0,0,0
static_right_r10_s10010,47.168,-1.006455,0.316334,0.042770,2,1.433349,14.659994,0,0,0,0
static_right_r10_s10010,47.200,-1.008740,0.314477,0.042762,2,1.433999,14.662937,0,0,0,0
static_right_r10_s10010,47.232,-1.011008,0.312600,0.042761,2,1.434630,14.665880,0,0,0,0
static_right_r10_s10010,47.264,-1.013261,0.310704,0.042761,2,1.435242,14.668824,0,0,0,0
static_right_r10_s10010,47.296,-1.015499,0.308790,0.042765,2,1.435837,14.671768,0,0,0,0
static_right_r10_s10010,47.328,-1.017720,0.306857,0.042771,2,1.436414,14.674712,0,0,0,0
static_right_r10_s10010,47.360,-1.019925,0.304906,0.042781,2,1.436973,14.677656,0,0,0,0
static_right_r10_s10010,47.392,-1.022115,0.302938,0.042793,2,1.437514,14.680600,0,0,0,0
static_right_r10_s10010,47.424,-1.024288,0.300951,0.042808,2,1.438037,14.683544,0,0,0,0
static_right_r10_s10010,47.456,-1.026444,0.298947,0.042826,2,1.438542,14.686487,0,0,0,0
static_right_r10_s10010,47.488,-1.028586,0.296928,0.042844,2,1.439032,14.689429,0,0,0,0
static_right_r10_s10010,47.520,-1.030714,0.294893,0.042861,2,1.439508,14.692370,0,0,0,0
static_right_r10_s10010,47.552,-1.032828,0.292845,0.042877,2,1.439970,14.695311,0,0,0,0
static_right_r10_s10010,47.584,-1.034927,0.290782,0.042892,2,1.440417,14.698249,0,0,0,0
static_right_r10_s10010,47.616,-1.037021,0.288714,0.042892,2,1.440864,14.701188,0,0,0,0
static_right_r10_s10010,47.648,-1.039107,0.286637,0.042883,2,1.441304,14.704125,0,0,0,0
static_right_r10_s10010,47.680,-1.041185,0.284553,0.042865,2,1.441739,14.707062,0,0,0,0
static_right_r10_s10010,47.712,-1.043256,0.282461,0.042835,2,1.442170,14.709999,0,0,0,0
static_right_r10_s10010,47.744,-1.045316,0.280358,0.042799,2,1.442592,14.712935,0,0,0,0
static_right_r10_s10010,47.776,-1.047362,0.278241,0.042763,2,1.442999,14.715869,0,0,0,0
static_right_r10_s10010,47.808,-1.049391,0.276108,0.042728,2,1.443390,14.718802,0,0,0,0
static_right_r10_s10010,47.840,-1.051404,0.273959,0.042694,2,1.443764,14.721732,0,0,0,0
static_right_r10_s10010,47.872,-1.053400,0.271794,0.042663,2,1.444120,14.724661,0,0,0,0
static_right_r10_s10010,47.904,-1.055377,0.269612,0.042636,2,1.444458,14.727587,0,0,0,0
static_right_r10_s10010,47.936,-1.057334,0.267412,0.042614,2,1.444774,14.730509,0,0,0,0
static_right_r10_s10010,47.968,-1.059271,0.265194,0.042598,2,1.445071,14.733429,0,0,0,0
static_right_r10_s10010,48.000,-1.061187,0.262957,0.042589,2,1.445344,14.736345,0,0,0,0
static_right_r10_s10010,48.032,-1.063081,0.260703,0.042586,2,1.445596,14.739256,0,0,0,0
static_right_r10_s10010,48.064,-1.064954,0.258431,0.042590,2,1.445826,14.742163,0,0,0,0
static_right_r10_s10010,48.096,-1.066806,0.256141,0.042601,2,1.446035,14.745066,0,0,0,0
static_right_r10_s10010,48.128,-1.068637,0.253836,0.042615,3,1.446224,14.747964,0,0,0,0
static_right_r10_s10010,48.160,-1.070447,0.251514,0.042636,3,1.446391,14.750857,0,0,0,0
static_right_r10_s10010,48.192,-1.072238,0.249177,0.042659,3,1.446542,14.753745,0,0,0,0
static_right_r10_s10010,48.224,-1.074010,0.246827,0.042684,3,1.446674,14.756628,0,0,0,0
static_right_r10_s10010,48.256,-1.075763,0.244462,0.042712,3,1.446789,14.759507,0,0,0,0
static_right_r10_s10010,48.288,-1.077498,0.242085,0.042741,3,1.446888,14.762380,0,0,0,0
static_right_r10_s10010,48.320,-1.079220,0.239697,0.042765,3,1.446975,14.765250,0,0,0,0
static_right_r10_s10010,48.352,-1.080922,0.237296,0.042792,3,1.447045,14.768114,0,0,0,0
static_right_r10_s10010,48.384,-1.082615,0.234890,0.042807,3,1.447111,14.770976,0,0,0,0
static_right_r10_s10010,48.416,-1.084297,0.232475,0.042815,3,1.447169,14.773835,0,0,0,0
static_right_r10_s10010,48.448,-1.085971,0.230054,0.042813,3,1.447222,14.776691,0,0,0,0
static_right_r10_s10010,48.480,-1.087634,0.227626,0.042802,3,1.447269,14.779544,0,0,0,0
static_right_r10_s10010,48.512,-1.089286,0.225190,0.042784,3,1.447307,14.782394,0,0,0,0
static_right_r10_s10010,48.544,-1.090920,0.222741,0.042765,3,1.447331,14.785239,0,0,0,0
static_right_r10_s10010,48.576,-1.092536,0.220280,0.042748,3,1.447338,14.788079,0,0,0,0
static_right_r10_s10010,48.608,-1.094135,0.217808,0.042730,3,1.447330,14.790913,0,0,0,0
static_right_r10_s10010,48.640,-1.095713,0.215323,0.042714,3,1.447305,14.793741,0,0,0,0
static_right_r10_s10010,48.672,-1.097271,0.212824,0.042703,3,1.447260,14.796561,0,0,0,0
static_right_r10_s10010,48.704,-1.098807,0.210312,0.042695,3,1.447196,14.799375,0,0,0,0
static_right_r10_s10010,48.736,-1.100320,0.207786,0.042693,3,1.447111,14.802181,0,0,0,0
static_right_r10_s10010,48.768,-1.101811,0.205246,0.042696,3,1.447007,14.804979,0,0,0,0
static_right_r10_s10010,48.800,-1.103278,0.202694,0.042703,3,1.446882,14.807768,0,0,0,0
static_right_r10_s10010,48.832,-1.104725,0.200130,0.042714,3,1.446739,14.810550,0,0,0,0
static_right_r10_s10010,48.864,-1.106151,0.197554,0.042727,3,1.446578,14.813323,0,0,0,0
static_right_r10_s10010,48.896,-1.107556,0.194967,0.042743,3,1.446399,14.816088,0,0,0,0
static_right_r10_s10010,48.928,-1.108939,0.192369,0.042762,3,1.446201,14.818845,0,0,0,0
static_right_r10_s10010,48.960,-1.110301,0.189759,0.042783,3,1.445986,14.821593,0,0,0,0
static_right_r10_s10010,48.992,-1.111642,0.187138,0.042808,3,1.445752,14.824333,0,0,0,0
static_right_r10_s10010,49.024,-1.112963,0.184508,0.042833,3,1.445503,14.827064,0,0,0,0
static_right_r10_s10010,49.056,-1.114263,0.181867,0.042859,3,1.445237,14.829787,0,0,0,0
static_right_r10_s10010,49.088,-1.115548,0.179219,0.042882,3,1.444960,14.832503,0,0,0,0
static_right_r10_s10010,49.120,-1.116814,0.176563,0.042904,3,1.444668,14.835211,0,0,0,0
static_right_r10_s10010,49.152,-1.118066,0.173900,0.042920,3,1.444367,14.837912,0,0,0,0
static_right_r10_s10010,49.184,-1.119311,0.171233,0.042923,3,1.444063,14.840611,0,0,0,0
static_right_r10_s10010,49.216,-1.120543,0.168561,0.042919,3,1.443751,14.843304,0,0,0,0
static_right_r10_s10010,49.248,-1.121764,0.165883,0.042906,3,1.443434,14.845992,0,0,0,0
static_right_r10_s10010,49.280,-1.122972,0.163199,0.042886,3,1.443108,14.848675,0,0,0,0
static_right_r10_s10010,49.312,-1.124163,0.160507,0.042863,3,1.442769,14.851351,0,0,0,0
static_right_r10_s10010,49.344,-1.125333,0.157806,0.042842,3,1.442413,14.854017,0,0,0,0
static_right_r10_s10010,49.376,-1.126484,0.155096,0.042821,3,1.442043,14.856675,0,0,0,0
static_right_r10_s10010,49.408,-1.127613,0.152377,0.042802,3,1.441654,14.859322,0,0,0,0
static_right_r10_s10010,49.440,-1.128719,0.149648,0.042787,3,1.441247,14.861958,0,0,0,0
static_right_r10_s10010,49.472,-1.129801,0.146910,0.042776,3,1.440820,14.864584,0,0,0,0
static_right_r10_s10010,49.504,-1.130859,0.144162,0.042770,3,1.440373,14.867197,0,0,0,0
static_right_r10_s10010,49.536,-1.131891,0.141405,0.042770,3,1.439906,14.869799,0,0,0,0
static_right_r10_s10010,49.568,-1.132899,0.138638,0.042775,3,1.439418,14.872387,0,0,0,0
static_right_r10_s10010,49.600,-1.133881,0.135862,0.042786,3,1.438909,14.874962,0,0,0,0
static_right_r10_s10010,49.632,-1.134840,0.133079,0.042800,3,1.438382,14.877526,0,0,0,0
static_right_r10_s10010,49.664,-1.135776,0.130288,0.042816,3,1.437838,14.880078,0,0,0,0
static_right_r10_s10010,49.696,-1.136690,0.127490,0.042836,3,1.437276,14.882618,0,0,0,0
static_right_r10_s10010,49.728,-1.137580,0.124685,0.042858,3,1.436696,14.885145,0,0,0,0
static_right_r10_s10010,49.760,-1.138447,0.121872,0.042883,3,1.436097,14.887660,0,0,0,0
static_right_r10_s10010,49.792,-1.139293,0.119054,0.042909,3,1.435484,14.890163,0,0,0,0
static_right_r10_s10010,49.824,-1.140118,0.116229,0.042936,3,1.434854,14.892654,0,0,0,0
static_right_r10_s10010,49.856,-1.140925,0.113399,0.042960,3,1.434213,14.895136,0,0,0,0
static_right_r10_s10010,49.888,-1.141714,0.110565,0.042981,3,1.433559,14.897608,0,0,0,0
static_right_r10_s10010,49.920,-1.142488,0.107725,0.042997,3,1.432895,14.900072,0,0,0,0
static_right_r10_s10010,49.952,-1.143268,0.104886,0.042986,3,1.432242,14.902540,0,0,0,0
static_right_r10_s10010,49.984,-1.144030,0.102045,0.042971,3,1.431578,14.904996,0,0,0,0
static_right_r10_s10010,50.016,-1.144782,0.099200,0.042945,3,1.430910,14.907448,0,0,0,0
static_right_r10_s10010,50.048,-1.145525,0.096353,0.042908,3,1.430237,14.909895,0,0,0,0
static_right_r10_s10010,50.080,-1.146250,0.093500,0.042868,3,1.429553,14.912332,0,0,0,0
static_right_r10_s10010,50.112,-1.146956,0.090642,0.042827,3,1.428854,14.914757,0,0,0,0
static_right_r10_s10010,50.144,-1.147639,0.087779,0.042787,3,1.428139,14.917171,0,0,0,0
static_right_r10_s10010,50.176,-1.148300,0.084910,0.042750,3,1.427407,14.919571,0,0,0,0
static_right_r10_s10010,50.208,-1.148937,0.082036,0.042715,3,1.426658,14.921958,0,0,0,0
static_right_r10_s10010,50.240,-1.149550,0.079156,0.042684,3,1.425889,14.924330,0,0,0,0
static_right_r10_s10010,50.272,-1.150136,0.076270,0.042659,3,1.425101,14.926686,0,0,0,0
static_right_r10_s10010,50.304,-1.150699,0.073380,0.042637,3,1.424294,14.929028,0,0,0,0
static_right_r10_s10010,50.336,-1.151235,0.070485,0.042621,3,1.423467,14.931353,0,0,0,0
static_right_r10_s10010,50.368,-1.151745,0.067585,0.042610,3,1.422621,14.933662,0,0,0,0
static_right_r10_s10010,50.400,-1.152229,0.064682,0.042603,3,1.421755,14.935955,0,0,0,0
static_right_r10_s10010,50.432,-1.152688,0.061774,0.042602,3,1.420870,14.938232,0,0,0,0
static_right_r10_s10010,50.464,-1.153120,0.058863,0.042605,3,1.419966,14.940492,0,0,0,0
static_right_r10_s10010,50.496,-1.153527,0.055948,0.042613,3,1.419042,14.942735,0,0,0,0
static_right_r10_s10010,50.528,-1.153908,0.053030,0.042626,3,1.418100,14.944961,0,0,0,0
static_right_r10_s10010,50.560,-1.154268,0.050110,0.042639,3,1.417143,14.947173,0,0,0,0
static_right_r10_s10010,50.592,-1.154605,0.047188,0.042653,3,1.416171,14.949370,0,0,0,0
static_right_r10_s10010,50.624,-1.154924,0.044264,0.042663,3,1.415186,14.951556,0,0,0,0
static_right_r10_s10010,50.656,-1.155223,0.041338,0.042674,3,1.414188,14.953727,0,0,0,0
static_right_r10_s10010,50.688,-1.155503,0.038408,0.042682,3,1.413177,14.955887,0,0,0,0
static_right_r10_s10010,50.720,-1.155785,0.035478,0.042667,3,1.412173,14.958049,0,0,0,0
static_right_r10_s10010,50.752,-1.156051,0.032550,0.042647,3,1.411160,14.960198,0,0,0,0
static_right_r10_s10010,50.784,-1.156304,0.029617,0.042618,3,1.410140,14.962342,0,0,0,0
static_right_r10_s10010,50.816,-1.156548,0.026683,0.042577,3,1.409116,14.964479,0,0,0,0
static_right_r10_s10010,50.848,-1.156777,0.023748,0.042530,3,1.408083,14.966606,0,0,0,0
static_right_r10_s10010,50.880,-1.156985,0.020811,0.042484,3,1.407035,14.968718,0,0,0,0
static_right_r10_s10010,50.912,-1.157170,0.017873,0.042438,3,1.405972,14.970815,0,0,0,0
static_right_r10_s10010,50.944,-1.157332,0.014932,0.042395,3,1.404892,14.972896,0,0,0,0
static_right_r10_s10010,50.976,-1.157468,0.011991,0.042356,3,1.403794,14.974960,0,0,0,0
static_right_r10_s10010,51.008,-1.157579,0.009048,0.042321,3,1.402678,14.977005,0,0,0,0
static_right_r10_s10010,51.040,-1.157663,0.006105,0.042291,3,1.401542,14.979032,0,0,0,0
static_right_r10_s10010,51.072,-1.157718,0.003160,0.042270,3,1.400384,14.981037,0,0,0,0
static_right_r10_s10010,51.104,-1.157745,0.000215,0.042255,3,1.399206,14.983023,0,0,0,0
static_right_r10_s10010,51.136,-1.157742,-0.002730,0.042249,3,1.398006,14.984986,0,0,0,0
static_right_r10_s10010,51.168,-1.157709,-0.005674,0.042252,3,1.396783,14.986927,0,0,0,0
static_right_r10_s10010,51.200,-1.157649,-0.008618,0.042260,3,1.395541,14.988848,0,0,0,0
static_right_r10_s10010,51.232,-1.157561,-0.011562,0.042275,3,1.394279,14.990748,0,0,0,0
static_right_r10_s10010,51.264,-1.157446,-0.014504,0.042296,3,1.392998,14.992628,0,0,0,0
static_right_r10_s10010,51.296,-1.157305,-0.017445,0.042321,3,1.391699,14.994488,0,0,0,0
static_right_r10_s10010,51.328,-1.157139,-0.020384,0.042351,3,1.390382,14.996328,0,0,0,0
static_right_r10_s10010,51.360,-1.156949,-0.023322,0.042383,3,1.389049,14.998150,0,0,0,0
static_right_r10_s10010,51.392,-1.156736,-0.026259,0.042417,3,1.387699,14.999954,0,0,0,0
static_right_r10_s10010,51.424,-1.156501,-0.029193,0.042452,3,1.386336,15.001741,0,0,0,0
static_right_r10_s10010,51.456,-1.156246,-0.032125,0.042486,3,1.384960,15.003512,0,0,0,0
static_right_r10_s10010,51.488,-1.155994,-0.035058,0.042495,3,1.383591,15.005285,0,0,0,0
static_right_r10_s10010,51.520,-1.155723,-0.037989,0.042502,3,1.382210,15.007045,0,0,0,0
static_right_r10_s10010,51.552,-1.155439,-0.040919,0.042501,3,1.380823,15.008794,0,0,0,0
static_right_r10_s10010,51.584,-1.155144,-0.043848,0.042490,3,1.379430,15.010534,0,0,0,0
static_right_r10_s10010,51.616,-1.154832,-0.046775,0.042475,3,1.378027,15.012260,0,0,0,0
static_right_r10_s10010,51.648,-1.154499,-0.049701,0.042459,3,1.376611,15.013971,0,0,0,0
static_right_r10_s10010,51.680,-1.154144,-0.052624,0.042444,3,1.375180,15.015664,0,0,0,0
static_right_r10_s10010,51.712,-1.153763,-0.055543,0.042434,3,1.373731,15.017336,0,0,0,0
static_right_r10_s10010,51.744,-1.153355,-0.058460,0.042430,3,1.372263,15.018986,0,0,0,0
static_right_r10_s10010,51.776,-1.152921,-0.061372,0.042432,3,1.370777,15.020615,0,0,0,0
static_right_r10_s10010,51.808,-1.152458,-0.064281,0.042441,3,1.369270,15.022219,0,0,0,0
static_right_r10_s10010,51.840,-1.151967,-0.067184,0.042457,3,1.367744,15.023800,0,0,0,0
static_right_r10_s10010,51.872,-1.151449,-0.070083,0.042480,3,1.366199,15.025358,0,0,0,0
static_right_r10_s10010,51.904,-1.150903,-0.072977,0.042509,3,1.364634,15.026893,0,0,0,0
static_right_r10_s10010,51.936,-1.150330,-0.075865,0.042545,3,1.363050,15.028404,0,0,0,0
static_right_r10_s10010,51.968,-1.149729,-0.078748,0.042588,3,1.361448,15.029891,0,0,0,0
static_right_r10_s10010,52.000,-1.149102,-0.081625,0.042637,3,1.359827,15.031355,0,0,0,0
static_right_r10_s10010,52.032,-1.148447,-0.084496,0.042692,3,1.358187,15.032795,0,0,0,0
static_right_r10_s10010,52.064,-1.147768,-0.087361,0.042752,3,1.356531,15.034213,0,0,0,0
static_right_r10_s10010,52.096,-1.147064,-0.090219,0.042816,3,1.354858,15.035610,0,0,0,0
static_right_r10_s10010,52.128,-1.146337,-0.093072,0.042882,3,1.353170,15.036986,0,0,0,0
static_right_r10_s10010,52.160,-1.145589,-0.095920,0.042948,3,1.351469,15.038343,0,0,0,0
static_right_r10_s10010,52.192,-1.144822,-0.098762,0.043013,3,1.349756,15.039682,0,0,0,0
static_right_r10_s10010,52.224,-1.144036,-0.101598,0.043077,3,1.348031,15.041004,0,0,0,0
static_right_r10_s10010,52.256,-1.143245,-0.104433,0.043124,3,1.346306,15.042323,0,0,0,0
static_right_r10_s10010,52.288,-1.142438,-0.107264,0.043167,3,1.344572,15.043627,0,0,0,0
static_right_r10_s10010,52.320,-1.141617,-0.110091,0.043203,3,1.342831,15.044919,0,0,0,0
static_right_r10_s10010,52.352,-1.140781,-0.112914,0.043233,3,1.341081,15.046196,0,0,0,0
static_right_r10_s10010,52.384,-1.139928,-0.115731,0.043260,3,1.339320,15.047458,0,0,0,0
static_right_r10_s10010,52.416,-1.139055,-0.118543,0.043286,3,1.337547,15.048703,0,0,0,0
static_right_r10_s10010,52.448,-1.138161,-0.121348,0.043313,3,1.335761,15.049928,0,0,0,0
static_right_r10_s10010,52.480,-1.137247,-0.124147,0.043339,3,1.333962,15.051134,0,0,0,0
static_right_r10_s10010,52.512,-1.136311,-0.126938,0.043368,3,1.332149,15.052319,0,0,0,0
static_right_r10_s10010,52.544,-1.135355,-0.129723,0.043397,3,1.330323,15.053485,0,0,0,0
static_right_r10_s10010,52.576,-1.134378,-0.132501,0.043425,3,1.328484,15.054632,0,0,0,0
static_right_r10_s10010,52.608,-1.133382,-0.135272,0.043453,3,1.326633,15.055761,0,0,0,0
static_right_r10_s10010,52.640,-1.132366,-0.138035,0.043481,3,1.324770,15.056870,0,0,0,0
static_right_r10_s10010,52.672,-1.131330,-0.140791,0.043509,3,1.322894,15.057960,0,0,0,0
static_right_r10_s10010,52.704,-1.130275,-0.143540,0.043537,3,1.321005,15.059031,0,0,0,0
static_right_r10_s10010,52.736,-1.129200,-0.146281,0.043564,3,1.319105,15.060083,0,0,0,0
static_right_r10_s10010,52.768,-1.128105,-0.149014,0.043591,3,1.317192,15.061116,0,0,0,0
static_right_r10_s10010,52.800,-1.126991,-0.151739,0.043618,3,1.315267,15.062129,0,0,0,0
static_right_r10_s10010,52.832,-1.125857,-0.154456,0.043644,3,1.313330,15.063123,0,0,0,0
static_right_r10_s10010,52.864,-1.124706,-0.157166,0.043668,3,1.311383,15.064100,0,0,0,0
static_right_r10_s10010,52.896,-1.123538,-0.159868,0.043689,3,1.309425,15.065060,0,0,0,0
static_right_r10_s10010,52.928,-1.122354,-0.162564,0.043706,3,1.307458,15.066003,0,0,0,0
static_right_r10_s10010,52.960,-1.121154,-0.165252,0.043720,3,1.305482,15.066931,0,0,0,0
static_right_r10_s10010,52.992,-1.119941,-0.167934,0.043727,3,1.303499,15.067845,0,0,0,0
static_right_r10_s10010,53.024,-1.118724,-0.170614,0.043717,3,1.301516,15.068756,0,0,0,0
static_right_r10_s10010,53.056,-1.117494,-0.173289,0.043699,3,1.299527,15.069654,0,0,0,0
static_right_r10_s10010,53.088,-1.116255,-0.175959,0.043670,3,1.297534,15.070543,0,0,0,0
static_right_r10_s10010,53.120,-1.115006,-0.178625,0.043631,3,1.295536,15.071422,0,0,0,0
static_right_r10_s10010,53.152,-1.113745,-0.181285,0.043583,3,1.293533,15.072289,0,0,0,0
static_right_r10_s10010,53.184,-1.112469,-0.183938,0.043532,3,1.291520,15.073140,0,0,0,0
static_right_r10_s10010,53.216,-1.111177,-0.186584,0.043475,3,1.289498,15.073976,0,0,0,0
static_right_r10_s10010,53.248,-1.109869,-0.189221,0.043416,3,1.287466,15.074794,0,0,0,0
static_right_r10_s10010,53.280,-1.108542,-0.191850,0.043356,3,1.285423,15.075593,0,0,0,0
static_right_r10_s10010,53.312,-1.107194,-0.194468,0.043300,3,1.283366,15.076370,0,0,0,0
static_right_r10_s10010,53.344,-1.105826,-0.197076,0.043243,3,1.281297,15.077126,0,0,0,0
static_right_r10_s10010,53.376,-1.104438,-0.199672,0.043189,3,1.279215,15.077860,0,0,0,0
static_right_r10_s10010,53.408,-1.103029,-0.202258,0.043137,3,1.277119,15.078572,0,0,0,0
static_right_r10_s10010,53.440,-1.101598,-0.204832,0.043088,3,1.275010,15.079259,0,0,0,0
static_right_r10_s10010,53.472,-1.100145,-0.207393,0.043044,3,1.272886,15.079923,0,0,0,0
static_right_r10_s10010,53.504,-1.098671,-0.209942,0.043002,3,1.270748,15.080564,0,0,0,0
static_right_r10_s10010,53.536,-1.097176,-0.212478,0.042964,3,1.268597,15.081181,0,0,0,0
static_right_r10_s10010,53.568,-1.095660,-0.215002,0.042929,3,1.266433,15.081775,0,0,0,0
static_right_r10_s10010,53.600,-1.094122,-0.217514,0.042898,3,1.264255,15.082345,0,0,0,0
static_right_r10_s10010,53.632,-1.092564,-0.220012,0.042869,3,1.262063,15.082892,0,0,0,0
static_right_r10_s10010,53.664,-1.090986,-0.222497,0.042843,3,1.259859,15.083415,0,0,0,0
static_right_r10_s10010,53.696,-1.089389,-0.224970,0.042819,3,1.257644,15.083918,0,0,0,0
static_right_r10_s10010,53.728,-1.087775,-0.227433,0.042793,3,1.255418,15.084400,0,0,0,0
static_right_r10_s10010,53.760,-1.086144,-0.229883,0.042766,3,1.253181,15.084863,0,0,0,0
static_right_r10_s10010,53.792,-1.084504,-0.232327,0.042730,3,1.250941,15.085316,0,0,0,0
static_right_r10_s10010,53.824,-1.082854,-0.234765,0.042684,3,1.248696,15.085757,0,0,0,0
static_right_r10_s10010,53.856,-1.081195,-0.237196,0.042628,3,1.246446,15.086187,0,0,0,0
static_right_r10_s10010,53.888,-1.079527,-0.239621,0.042561,3,1.244193,15.086609,0,0,0,0
static_right_r10_s10010,53.920,-1.077852,-0.242042,0.042481,3,1.241937,15.087022,0,0,0,0
static_right_r10_s10010,53.952,-1.076160,-0.244451,0.042401,3,1.239670,15.087415,0,0,0,0
static_right_r10_s10010,53.984,-1.074450,-0.246847,0.042322,3,1.237392,15.087787,0,0,0,0
static_right_r10_s10010,54.016,-1.072719,-0.249230,0.042246,3,1.235101,15.088135,0,0,0,0
static_right_r10_s10010,54.048,-1.070970,-0.251598,0.042172,3,1.232797,15.088461,0,0,0,0
static_right_r10_s10010,54.080,-1.069200,-0.253952,0.042103,3,1.230481,15.088761,0,0,0,0
static_right_r10_s10010,54.112,-1.067406,-0.256287,0.042042,3,1.228149,15.089033,0,0,0,0
static_right_r10_s10010,54.144,-1.065590,-0.258605,0.041988,3,1.225802,15.089277,0,0,0,0
static_right_r10_s10010,54.176,-1.063749,-0.260905,0.041944,3,1.223439,15.089490,0,0,0,0
static_right_r10_s10010,54.208,-1.061884,-0.263183,0.041911,3,1.221059,15.089672,0,0,0,0
static_right_r10_s10010,54.240,-1.059994,-0.265442,0.041888,3,1.218663,15.089823,0,0,0,0
static_right_r10_s10010,54.272,-1.058080,-0.267680,0.041875,3,1.216252,15.089943,0,0,0,0
static_right_r10_s10010,54.304,-1.056142,-0.269897,0.041873,3,1.213825,15.090032,0,0,0,0
static_right_r10_s10010,54.336,-1.054183,-0.272095,0.041878,3,1.211385,15.090093,0,0,0,0
static_right_r10_s10010,54.368,-1.052204,-0.274275,0.041889,3,1.208932,15.090128,0,0,0,0
static_right_r10_s10010,54.400,-1.050207,-0.276438,0.041904,3,1.206467,15.090138,0,0,0,0
static_right_r10_s10010,54.432,-1.048191,-0.278583,0.041924,3,1.203991,15.090122,0,0,0,0
static_right_r10_s10010,54.464,-1.046158,-0.280712,0.041945,3,1.201504,15.090084,0,0,0,0
static_right_r10_s10010,54.496,-1.044111,-0.282827,0.041965,3,1.199010,15.090027,0,0,0,0
static_right_r10_s10010,54.528,-1.042049,-0.284926,0.041986,3,1.196505,15.089948,0,0,0,0
static_right_r10_s10010,54.560,-1.039974,-0.287015,0.042002,3,1.193994,15.089855,0,0,0,0
static_right_r10_s10010,54.592,-1.037904,-0.289108,0.041990,3,1.191487,15.089767,0,0,0,0
static_right_r10_s10010,54.624,-1.035822,-0.291188,0.041975,3,1.188975,15.089663,0,0,0,0
static_right_r10_s10010,54.656,-1.033732,-0.293260,0.041949,3,1.186458,15.089547,0,0,0,0
static_right_r10_s10010,54.688,-1.031634,-0.295325,0.041913,3,1.183938,15.089423,0,0,0,0
static_right_r10_s10010,54.720,-1.029526,-0.297379,0.041872,3,1.181411,15.089283,0,0,0,0
static_right_r10_s10010,54.752,-1.027400,-0.299416,0.041833,3,1.178874,15.089119,0,0,0,0
static_right_r10_s10010,54.784,-1.025256,-0.301434,0.041799,3,1.176324,15.088930,0,0,0,0
static_right_r10_s10010,54.816,-1.023093,-0.303432,0.041772,3,1.173763,15.088714,0,0,0,0
static_right_r10_s10010,54.848,-1.020910,-0.305408,0.041752,3,1.171189,15.088469,0,0,0,0
static_right_r10_s10010,54.880,-1.018705,-0.307362,0.041743,3,1.168601,15.088193,0,0,0,0
static_right_r10_s10010,54.912,-1.016480,-0.309290,0.041745,3,1.166000,15.087886,0,0,0,0
static_right_r10_s10010,54.944,-1.014234,-0.311195,0.041758,3,1.163386,15.087547,0,0,0,0
static_right_r10_s10010,54.976,-1.011969,-0.313077,0.041779,3,1.160759,15.087180,0,0,0,0
static_right_r10_s10010,55.008,-1.009685,-0.314936,0.041808,3,1.158122,15.086784,0,0,0,0
static_right_r10_s10010,55.040,-1.007383,-0.316772,0.041845,3,1.155472,15.086360,0,0,0,0
static_right_r10_s10010,55.072,-1.005062,-0.318584,0.041891,3,1.152812,15.085906,0,0,0,0
static_right_r10_s10010,55.104,-1.002726,-0.320375,0.041943,3,1.150142,15.085427,0,0,0,0
static_right_r10_s10010,55.136,-1.000372,-0.322143,0.042002,3,1.147461,15.084921,0,0,0,0
static_right_r10_s10010,55.168,-0.998004,-0.323892,0.042064,3,1.144772,15.084390,0,0,0,0
static_right_r10_s10010,55.200,-0.995621,-0.325619,0.042131,3,1.142073,15.083835,0,0,0,0
static_right_r10_s10010,55.232,-0.993224,-0.327327,0.042200,3,1.139367,15.083257,0,0,0,0
static_right_r10_s10010,55.264,-0.990816,-0.329019,0.042268,3,1.136655,15.082661,0,0,0,0
static_right_r10_s10010,55.296,-0.988395,-0.330692,0.042337,3,1.133934,15.082043,0,0,0,0
static_right_r10_s10010,55.328,-0.985963,-0.332350,0.042403,3,1.131208,15.081408,0,0,0,0
static_right_r10_s10010,55.360,-0.983534,-0.334011,0.042445,3,1.128484,15.080776,0,0,0,0
static_right_r10_s10010,55.392,-0.981094,-0.335657,0.042483,3,1.125755,15.080127,0,0,0,0
static_right_r10_s10010,55.424,-0.978648,-0.337293,0.042511,3,1.123023,15.079468,0,0,0,0
static_right_r10_s10010,55.456,-0.976195,-0.338920,0.042531,3,1.120287,15.078797,0,0,0,0
static_right_r10_s10010,55.488,-0.973731,-0.340530,0.042549,3,1.117544,15.078108,0,0,0,0
static_right_r10_s10010,55.520,-0.971254,-0.342121,0.042569,3,1.114794,15.077396,0,0,0,0
static_right_r10_s10010,55.552,-0.968765,-0.343693,0.042589,3,1.112036,15.076664,0,0,0,0
static_right_r10_s10010,55.584,-0.966264,-0.345246,0.042612,3,1.109272,15.075910,0,0,0,0
static_right_r10_s10010,55.616,-0.963750,-0.346778,0.042638,3,1.106500,15.075133,0,0,0,0
static_right_r10_s10010,55.648,-0.961223,-0.348289,0.042667,3,1.103720,15.074332,0,0,0,0
static_right_r10_s10010,55.680,-0.958682,-0.349778,0.042700,3,1.100933,15.073507,0,0,0,0
static_right_r10_s10010,55.712,-0.956130,-0.351245,0.042737,3,1.098139,15.072659,0,0,0,0
static_right_r10_s10010,55.744,-0.953565,-0.352691,0.042778,3,1.095338,15.071788,0,0,0,0
static_right_r10_s10010,55.776,-0.950988,-0.354116,0.042822,3,1.092530,15.070894,0,0,0,0
static_right_r10_s10010,55.808,-0.948400,-0.355518,0.042869,3,1.089716,15.069977,0,0,0,0
static_right_r10_s10010,55.840,-0.945800,-0.356899,0.042920,3,1.086895,15.069037,0,0,0,0
static_right_r10_s10010,55.872,-0.943190,-0.358260,0.042971,3,1.084069,15.068077,0,0,0,0
static_right_r10_s10010,55.904,-0.940569,-0.359601,0.043024,3,1.081237,15.067096,0,0,0,0
static_right_r10_s10010,55.936,-0.937938,-0.360921,0.043079,3,1.078400,15.066094,0,0,0,0
static_right_r10_s10010,55.968,-0.935298,-0.362224,0.043132,3,1.075558,15.065073,0,0,0,0
static_right_r10_s10010,56.000,-0.932650,-0.363507,0.043185,3,1.072712,15.064033,0,0,0,0
static_right_r10_s10010,56.032,-0.929994,-0.364775,0.043234,3,1.069862,15.062979,0,0,0,0
static_right_r10_s10010,56.064,-0.927330,-0.366026,0.043281,3,1.067008,15.061907,0,0,0,0
static_right_r10_s10010,56.096,-0.924660,-0.367263,0.043321,3,1.064151,15.060821,0,0,0,0
static_right_r10_s10010,56.128,-0.921989,-0.368499,0.043341,3,1.061294,15.059735,0,0,0,0
static_right_r10_s10010,56.160,-0.919312,-0.369721,0.043355,3,1.058434,15.058635,0,0,0,0
static_right_r10_s10010,56.192,-0.916631,-0.370934,0.043357,3,1.055572,15.057527,0,0,0,0
static_right_r10_s10010,56.224,-0.913945,-0.372138,0.043350,3,1.052707,15.056408,0,0,0,0
static_right_r10_s10010,56.256,-0.911251,-0.373325,0.043339,3,1.049838,15.055274,0,0,0,0
static_right_r10_s10010,56.288,-0.908550,-0.374494,0.043326,3,1.046966,15.054122,0,0,0,0
static_right_r10_s10010,56.320,-0.905840,-0.375645,0.043312,3,1.044089,15.052952,0,0,0,0
static_right_r10_s10010,56.352,-0.903123,-0.376778,0.043296,3,1.041208,15.051764,0,0,0,0
static_right_r10_s10010,56.384,-0.900397,-0.377889,0.043282,3,1.038323,15.050556,0,0,0,0
static_right_r10_s10010,56.416,-0.897662,-0.378981,0.043268,3,1.035434,15.049329,0,0,0,0
static_right_r10_s10010,56.448,-0.894919,-0.380051,0.043257,3,1.032541,15.048080,0,0,0,0
static_right_r10_s10010,56.480,-0.892167,-0.381098,0.043248,3,1.029644,15.046811,0,0,0,0
static_right_r10_s10010,56.512,-0.889409,-0.382126,0.043238,3,1.026744,15.045523,0,0,0,0
static_right_r10_s10010,56.544,-0.886643,-0.383134,0.043228,3,1.023840,15.044217,0,0,0,0
static_right_r10_s10010,56.576,-0.883869,-0.384120,0.043221,3,1.020933,15.042890,0,0,0,0
static_right_r10_s10010,56.608,-0.881088,-0.385086,0.043213,3,1.018023,15.041546,0,0,0,0
static_right_r10_s10010,56.640,-0.878301,-0.386033,0.043205,3,1.015110,15.040183,0,0,0,0
static_right_r10_s10010,56.672,-0.875506,-0.386959,0.043197,3,1.012194,15.038802,0,0,0,0
static_right_r10_s10010,56.704,-0.872706,-0.387865,0.043188,3,1.009276,15.037402,0,0,0,0
static_right_r10_s10010,56.736,-0.869899,-0.388750,0.043180,3,1.006355,15.035985,0,0,0,0
static_right_r10_s10010,56.768,-0.867086,-0.389616,0.043171,3,1.003432,15.034549,0,0,0,0
static_right_r10_s10010,56.800,-0.864267,-0.390463,0.043160,3,1.000507,15.033098,0,0,0,0
static_right_r10_s10010,56.832,-0.861443,-0.391292,0.043148,3,0.997581,15.031630,0,0,0,0
static_right_r10_s10010,56.864,-0.858614,-0.392105,0.043130,3,0.994652,15.030148,0,0,0,0
static_right_r10_s10010,56.896,-0.855786,-0.392923,0.043086,3,0.991723,15.028670,0,0,0,0
static_right_r10_s10010,56.928,-0.852955,-0.393725,0.043037,3,0.988794,15.027180,0,0,0,0
static_right_r10_s10010,56.960,-0.850121,-0.394518,0.042976,3,0.985864,15.025682,0,0,0,0
static_right_r10_s10010,56.992,-0.847284,-0.395302,0.042903,3,0.982933,15.024177,0,0,0,0
static_right_r10_s10010,57.024,-0.844444,-0.396075,0.042820,3,0.980001,15.022661,0,0,0,0
static_right_r10_s10010,57.056,-0.841599,-0.396831,0.042734,3,0.977068,15.021131,0,0,0,0
static_right_r10_s10010,57.088,-0.838750,-0.397568,0.042646,3,0.974132,15.019585,0,0,0,0
static_right_r10_s10010,57.120,-0.835894,-0.398286,0.042558,3,0.971195,15.018021,0,0,0,0
static_right_r10_s10010,57.152,-0.833033,-0.398981,0.042470,3,0.968256,15.016438,0,0,0,0
static_right_r10_s10010,57.184,-0.830166,-0.399651,0.042388,3,0.965315,15.014833,0,0,0,0
static_right_r10_s10010,57.216,-0.827292,-0.400293,0.042313,3,0.962373,15.013206,0,0,0,0
static_right_r10_s10010,57.248,-0.824412,-0.400909,0.042244,3,0.959430,15.011555,0,0,0,0
static_right_r10_s10010,57.280,-0.821526,-0.401496,0.042183,3,0.956486,15.009881,0,0,0,0
static_right_r10_s10010,57.312,-0.818634,-0.402052,0.042131,3,0.953541,15.008183,0,0,0,0
static_right_r10_s10010,57.344,-0.815737,-0.402580,0.042089,3,0.950596,15.006460,0,0,0,0
static_right_r10_s10010,57.376,-0.812835,-0.403077,0.042054,3,0.947652,15.004713,0,0,0,0
static_right_r10_s10010,57.408,-0.809929,-0.403546,0.042029,3,0.944709,15.002944,0,0,0,0
static_right_r10_s10010,57.440,-0.807018,-0.403985,0.042012,3,0.941766,15.001151,0,0,0,0
static_right_r10_s10010,57.472,-0.804105,-0.404396,0.042000,3,0.938826,14.999338,0,0,0,0
static_right_r10_s10010,57.504,-0.801188,-0.404783,0.041994,3,0.935887,14.997505,0,0,0,0
static_right_r10_s10010,57.536,-0.798270,-0.405145,0.041989,3,0.932950,14.995655,0,0,0,0
static_right_r10_s10010,57.568,-0.795349,-0.405486,0.041986,3,0.930015,14.993789,0,0,0,0
static_right_r10_s10010,57.600,-0.792426,-0.405807,0.041982,3,0.927082,14.991907,0,0,0,0
static_right_r10_s10010,57.632,-0.789503,-0.406109,0.041975,3,0.924151,14.990012,0,0,0,0
static_right_r10_s10010,57.664,-0.786577,-0.406396,0.041961,3,0.921221,14.988106,0,0,0,0
static_right_r10_s10010,57.696,-0.783649,-0.406668,0.041943,3,0.918291,14.986187,0,0,0,0
static_right_r10_s10010,57.728,-0.780716,-0.406917,0.041926,3,0.915361,14.984250,0,0,0,0
static_right_r10_s10010,57.760,-0.777783,-0.407168,0.041885,3,0.912430,14.982315,0,0,0,0
static_right_r10_s10010,57.792,-0.774849,-0.407415,0.041828,3,0.909500,14.980376,0,0,0,1
