run_id,time_s,robot_x,robot_y,lane_error_m,checkpoint_count,static_clearance_m,moving_clearance_m,collision_count,moving_started,moving_cleared,finished
phase2_nominal_combined_r01_s0024,0.032,-0.460000,-0.450000,0.000000,0,0.580000,1.313202,0,0,0,0
phase2_nominal_combined_r01_s0024,0.064,-0.457057,-0.450000,0.000000,0,0.577057,1.312174,0,0,0,0
phase2_nominal_combined_r01_s0024,0.096,-0.454116,-0.450002,0.000002,0,0.574116,1.311154,0,0,0,0
phase2_nominal_combined_r01_s0024,0.128,-0.451172,-0.450007,0.000007,0,0.571172,1.310142,0,0,0,0
phase2_nominal_combined_r01_s0024,0.160,-0.448228,-0.450011,0.000011,0,0.568228,1.309135,0,0,0,0
phase2_nominal_combined_r01_s0024,0.192,-0.445284,-0.450015,0.000015,0,0.565284,1.308134,0,0,0,0
phase2_nominal_combined_r01_s0024,0.224,-0.442340,-0.450019,0.000019,0,0.562340,1.307138,0,0,0,0
phase2_nominal_combined_r01_s0024,0.256,-0.439396,-0.450022,0.000022,0,0.559396,1.306149,0,0,0,0
phase2_nominal_combined_r01_s0024,0.288,-0.436452,-0.450026,0.000026,0,0.556452,1.305165,0,0,0,0
phase2_nominal_combined_r01_s0024,0.320,-0.433508,-0.450030,0.000030,0,0.553508,1.304187,0,0,0,0
phase2_nominal_combined_r01_s0024,0.352,-0.430564,-0.450034,0.000034,0,0.550564,1.303215,0,0,0,0
phase2_nominal_combined_r01_s0024,0.384,-0.427620,-0.450038,0.000038,0,0.547620,1.302249,0,0,0,0
phase2_nominal_combined_r01_s0024,0.416,-0.424676,-0.450036,0.000036,0,0.544676,1.301284,0,0,0,0
phase2_nominal_combined_r01_s0024,0.448,-0.421732,-0.450037,0.000037,0,0.541732,1.300326,0,0,0,0
phase2_nominal_combined_r01_s0024,0.480,-0.418788,-0.450037,0.000037,0,0.538788,1.299374,0,0,0,0
phase2_nominal_combined_r01_s0024,0.512,-0.415844,-0.450037,0.000037,0,0.535844,1.298429,0,0,0,0
phase2_nominal_combined_r01_s0024,0.544,-0.412900,-0.450037,0.000037,0,0.532900,1.297489,0,0,0,0
phase2_nominal_combined_r01_s0024,0.576,-0.409956,-0.450037,0.000037,0,0.529956,1.296556,0,0,0,0
phase2_nominal_combined_r01_s0024,0.608,-0.407012,-0.450038,0.000038,0,0.527012,1.295628,0,0,0,0
phase2_nominal_combined_r01_s0024,0.640,-0.404068,-0.450038,0.000038,0,0.524068,1.294706,0,0,0,0
phase2_nominal_combined_r01_s0024,0.672,-0.401124,-0.450038,0.000038,0,0.521124,1.293791,0,0,0,0
phase2_nominal_combined_r01_s0024,0.704,-0.398180,-0.450039,0.000039,0,0.518180,1.292882,0,0,0,0
phase2_nominal_combined_r01_s0024,0.736,-0.395236,-0.450039,0.000039,0,0.515236,1.291978,0,0,0,0
phase2_nominal_combined_r01_s0024,0.768,-0.392292,-0.450040,0.000040,0,0.512292,1.291081,0,0,0,0
phase2_nominal_combined_r01_s0024,0.800,-0.389348,-0.450040,0.000040,0,0.509348,1.290190,0,0,0,0
phase2_nominal_combined_r01_s0024,0.832,-0.386404,-0.450036,0.000036,0,0.506404,1.289300,0,0,0,0
phase2_nominal_combined_r01_s0024,0.864,-0.383460,-0.450032,0.000032,0,0.503460,1.288418,0,0,0,0
phase2_nominal_combined_r01_s0024,0.896,-0.380516,-0.450029,0.000029,0,0.500516,1.287542,0,0,0,0
phase2_nominal_combined_r01_s0024,0.928,-0.377572,-0.450026,0.000026,0,0.497572,1.286672,0,0,0,0
phase2_nominal_combined_r01_s0024,0.960,-0.374628,-0.450023,0.000023,0,0.494628,1.285808,0,0,0,0
phase2_nominal_combined_r01_s0024,0.992,-0.371684,-0.450020,0.000020,0,0.491684,1.284951,0,0,0,0
phase2_nominal_combined_r01_s0024,1.024,-0.368740,-0.450017,0.000017,0,0.488740,1.284099,0,0,0,0
phase2_nominal_combined_r01_s0024,1.056,-0.365796,-0.450014,0.000014,0,0.485796,1.283254,0,0,0,0
phase2_nominal_combined_r01_s0024,1.088,-0.362852,-0.450011,0.000011,0,0.482852,1.282415,0,0,0,0
phase2_nominal_combined_r01_s0024,1.120,-0.359908,-0.450008,0.000008,0,0.479908,1.281583,0,0,0,0
phase2_nominal_combined_r01_s0024,1.152,-0.356964,-0.450005,0.000005,0,0.476964,1.280756,0,0,0,0
phase2_nominal_combined_r01_s0024,1.184,-0.354020,-0.450002,0.000002,0,0.474020,1.279936,0,0,0,0
phase2_nominal_combined_r01_s0024,1.216,-0.351076,-0.449999,0.000001,0,0.471076,1.279122,0,0,0,0
phase2_nominal_combined_r01_s0024,1.248,-0.348132,-0.449997,0.000003,0,0.468132,1.278314,0,0,0,0
phase2_nominal_combined_r01_s0024,1.280,-0.345188,-0.449994,0.000006,0,0.465188,1.277513,0,0,0,0
phase2_nominal_combined_r01_s0024,1.312,-0.342244,-0.449991,0.000009,0,0.462244,1.276718,0,0,0,0
phase2_nominal_combined_r01_s0024,1.344,-0.339300,-0.449988,0.000012,0,0.459300,1.275929,0,0,0,0
phase2_nominal_combined_r01_s0024,1.376,-0.336356,-0.449985,0.000015,0,0.456356,1.275146,0,0,0,0
phase2_nominal_combined_r01_s0024,1.408,-0.333412,-0.449982,0.000018,0,0.453412,1.274370,0,0,0,0
phase2_nominal_combined_r01_s0024,1.440,-0.330468,-0.449979,0.000021,0,0.450468,1.273600,0,0,0,0
phase2_nominal_combined_r01_s0024,1.472,-0.327524,-0.449976,0.000024,0,0.447524,1.272837,0,0,0,0
phase2_nominal_combined_r01_s0024,1.504,-0.324580,-0.449973,0.000027,0,0.444580,1.272080,0,0,0,0
phase2_nominal_combined_r01_s0024,1.536,-0.321636,-0.449970,0.000030,0,0.441636,1.271329,0,0,0,0
phase2_nominal_combined_r01_s0024,1.568,-0.318692,-0.449967,0.000033,0,0.438692,1.270584,0,0,0,0
phase2_nominal_combined_r01_s0024,1.600,-0.315748,-0.449965,0.000035,0,0.435748,1.269846,0,0,0,0
phase2_nominal_combined_r01_s0024,1.632,-0.312804,-0.449962,0.000038,0,0.432804,1.269115,0,0,0,0
phase2_nominal_combined_r01_s0024,1.664,-0.309860,-0.449959,0.000041,0,0.429860,1.268389,0,0,0,0
phase2_nominal_combined_r01_s0024,1.696,-0.306916,-0.449956,0.000044,0,0.426916,1.267671,0,0,0,0
phase2_nominal_combined_r01_s0024,1.728,-0.303972,-0.449953,0.000047,0,0.423972,1.266958,0,0,0,0
phase2_nominal_combined_r01_s0024,1.760,-0.301028,-0.449950,0.000050,0,0.421028,1.266252,0,0,0,0
phase2_nominal_combined_r01_s0024,1.792,-0.298084,-0.449947,0.000053,0,0.418084,1.265553,0,0,0,0
phase2_nominal_combined_r01_s0024,1.824,-0.295140,-0.449944,0.000056,0,0.415140,1.264860,0,0,0,0
phase2_nominal_combined_r01_s0024,1.856,-0.292196,-0.449941,0.000059,0,0.412196,1.264173,0,0,0,0
phase2_nominal_combined_r01_s0024,1.888,-0.289252,-0.449938,0.000062,0,0.409252,1.263493,0,0,0,0
phase2_nominal_combined_r01_s0024,1.920,-0.286308,-0.449935,0.000065,0,0.406308,1.262820,0,0,0,0
phase2_nominal_combined_r01_s0024,1.952,-0.283364,-0.449932,0.000068,0,0.403364,1.262153,0,0,0,0
phase2_nominal_combined_r01_s0024,1.984,-0.280420,-0.449930,0.000070,0,0.400420,1.261492,0,0,0,0
phase2_nominal_combined_r01_s0024,2.016,-0.277476,-0.449927,0.000073,0,0.397476,1.260838,0,0,0,0
phase2_nominal_combined_r01_s0024,2.048,-0.274532,-0.449924,0.000076,0,0.394532,1.260191,0,0,0,0
phase2_nominal_combined_r01_s0024,2.080,-0.271588,-0.449921,0.000079,0,0.391588,1.259550,0,0,0,0
phase2_nominal_combined_r01_s0024,2.112,-0.268644,-0.449918,0.000082,0,0.388644,1.258915,0,0,0,0
phase2_nominal_combined_r01_s0024,2.144,-0.265700,-0.449915,0.000085,0,0.385700,1.258288,0,0,0,0
phase2_nominal_combined_r01_s0024,2.176,-0.262756,-0.449912,0.000088,0,0.382756,1.257666,0,0,0,0
phase2_nominal_combined_r01_s0024,2.208,-0.259812,-0.449909,0.000091,0,0.379812,1.257052,0,0,0,0
phase2_nominal_combined_r01_s0024,2.240,-0.256868,-0.449906,0.000094,0,0.376868,1.256444,0,0,0,0
phase2_nominal_combined_r01_s0024,2.272,-0.253924,-0.449903,0.000097,0,0.373924,1.255842,0,0,0,0
phase2_nominal_combined_r01_s0024,2.304,-0.250980,-0.449900,0.000100,0,0.370980,1.255247,0,0,0,0
phase2_nominal_combined_r01_s0024,2.336,-0.248036,-0.449897,0.000103,0,0.368036,1.254659,0,0,0,0
phase2_nominal_combined_r01_s0024,2.368,-0.245092,-0.449895,0.000105,0,0.365092,1.254078,0,0,0,0
phase2_nominal_combined_r01_s0024,2.400,-0.242148,-0.449892,0.000108,0,0.362148,1.253503,0,0,0,0
phase2_nominal_combined_r01_s0024,2.432,-0.239204,-0.449889,0.000111,0,0.359204,1.252935,0,0,0,0
phase2_nominal_combined_r01_s0024,2.464,-0.236260,-0.449886,0.000114,0,0.356260,1.252373,0,0,0,0
phase2_nominal_combined_r01_s0024,2.496,-0.233316,-0.449883,0.000117,0,0.353316,1.251818,0,0,0,0
phase2_nominal_combined_r01_s0024,2.528,-0.230372,-0.449880,0.000120,0,0.350372,1.251270,0,0,0,0
phase2_nominal_combined_r01_s0024,2.560,-0.227428,-0.449877,0.000123,0,0.347428,1.250728,0,0,0,0
phase2_nominal_combined_r01_s0024,2.592,-0.224484,-0.449874,0.000126,0,0.344484,1.250193,0,0,0,0
phase2_nominal_combined_r01_s0024,2.624,-0.221540,-0.449871,0.000129,0,0.341540,1.249665,0,0,0,0
phase2_nominal_combined_r01_s0024,2.656,-0.218596,-0.449868,0.000132,0,0.338596,1.249144,0,0,0,0
phase2_nominal_combined_r01_s0024,2.688,-0.215652,-0.449865,0.000135,0,0.335652,1.248629,0,0,0,0
phase2_nominal_combined_r01_s0024,2.720,-0.212708,-0.449862,0.000138,0,0.332708,1.248121,0,0,0,0
phase2_nominal_combined_r01_s0024,2.752,-0.209764,-0.449860,0.000140,0,0.329764,1.247620,0,0,0,0
phase2_nominal_combined_r01_s0024,2.784,-0.206820,-0.449857,0.000143,0,0.326820,1.247125,0,0,0,0
phase2_nominal_combined_r01_s0024,2.816,-0.203876,-0.449854,0.000146,0,0.323876,1.246638,0,0,0,0
phase2_nominal_combined_r01_s0024,2.848,-0.200932,-0.449851,0.000149,0,0.320932,1.246157,0,0,0,0
phase2_nominal_combined_r01_s0024,2.880,-0.197988,-0.449848,0.000152,0,0.317988,1.245683,0,0,0,0
phase2_nominal_combined_r01_s0024,2.912,-0.195044,-0.449845,0.000155,0,0.315044,1.245215,0,0,0,0
phase2_nominal_combined_r01_s0024,2.944,-0.192100,-0.449842,0.000158,0,0.312100,1.244755,0,0,0,0
phase2_nominal_combined_r01_s0024,2.976,-0.189156,-0.449839,0.000161,0,0.309156,1.244301,0,0,0,0
phase2_nominal_combined_r01_s0024,3.008,-0.186212,-0.449836,0.000164,0,0.306212,1.243854,0,0,0,0
phase2_nominal_combined_r01_s0024,3.040,-0.183268,-0.449833,0.000167,0,0.303268,1.243413,0,0,0,0
phase2_nominal_combined_r01_s0024,3.072,-0.180324,-0.449830,0.000170,0,0.300324,1.242980,0,0,0,0
phase2_nominal_combined_r01_s0024,3.104,-0.177380,-0.449827,0.000173,0,0.297380,1.242553,0,0,0,0
phase2_nominal_combined_r01_s0024,3.136,-0.174436,-0.449824,0.000176,0,0.294436,1.242134,0,0,0,0
phase2_nominal_combined_r01_s0024,3.168,-0.171492,-0.449821,0.000179,0,0.291493,1.241721,0,0,0,0
phase2_nominal_combined_r01_s0024,3.200,-0.168548,-0.449819,0.000181,0,0.288549,1.241315,0,0,0,0
phase2_nominal_combined_r01_s0024,3.232,-0.165604,-0.449816,0.000184,0,0.285605,1.240916,0,0,0,0
phase2_nominal_combined_r01_s0024,3.264,-0.162660,-0.449813,0.000187,0,0.282661,1.240523,0,0,0,0
phase2_nominal_combined_r01_s0024,3.296,-0.159716,-0.449810,0.000190,0,0.279717,1.240138,0,0,0,0
phase2_nominal_combined_r01_s0024,3.328,-0.156772,-0.449807,0.000193,0,0.276773,1.239759,0,0,0,0
phase2_nominal_combined_r01_s0024,3.360,-0.153828,-0.449804,0.000196,0,0.273829,1.239387,0,0,0,0
phase2_nominal_combined_r01_s0024,3.392,-0.150884,-0.449801,0.000199,0,0.270885,1.239022,0,0,0,0
phase2_nominal_combined_r01_s0024,3.424,-0.147940,-0.449798,0.000202,0,0.267941,1.238664,0,0,0,0
phase2_nominal_combined_r01_s0024,3.456,-0.144996,-0.449795,0.000205,0,0.264997,1.238313,0,0,0,0
phase2_nominal_combined_r01_s0024,3.488,-0.142052,-0.449792,0.000208,0,0.262053,1.237969,0,0,0,0
phase2_nominal_combined_r01_s0024,3.520,-0.139108,-0.449789,0.000211,0,0.259109,1.237632,0,0,0,0
phase2_nominal_combined_r01_s0024,3.552,-0.136164,-0.449786,0.000214,0,0.256165,1.237302,0,0,0,0
phase2_nominal_combined_r01_s0024,3.584,-0.133220,-0.449783,0.000217,0,0.253221,1.236978,0,0,0,0
phase2_nominal_combined_r01_s0024,3.616,-0.130276,-0.449780,0.000220,0,0.250277,1.236662,0,0,0,0
phase2_nominal_combined_r01_s0024,3.648,-0.127332,-0.449778,0.000222,0,0.247333,1.236352,0,0,0,0
phase2_nominal_combined_r01_s0024,3.680,-0.124388,-0.449775,0.000225,0,0.244389,1.236049,0,0,0,0
phase2_nominal_combined_r01_s0024,3.712,-0.121444,-0.449772,0.000228,0,0.241445,1.235754,0,0,0,0
phase2_nominal_combined_r01_s0024,3.744,-0.118500,-0.449769,0.000231,0,0.238501,1.235465,0,0,0,0
phase2_nominal_combined_r01_s0024,3.776,-0.115556,-0.449771,0.000229,0,0.235557,1.235188,0,0,0,0
phase2_nominal_combined_r01_s0024,3.808,-0.112612,-0.449771,0.000229,0,0.232613,1.234917,0,0,0,0
phase2_nominal_combined_r01_s0024,3.840,-0.109668,-0.449772,0.000228,0,0.229669,1.234652,0,0,0,0
phase2_nominal_combined_r01_s0024,3.872,-0.106724,-0.449772,0.000228,0,0.226725,1.234395,0,0,0,0
phase2_nominal_combined_r01_s0024,3.904,-0.103780,-0.449773,0.000227,0,0.223781,1.234144,0,0,0,0
phase2_nominal_combined_r01_s0024,3.936,-0.100836,-0.449774,0.000226,0,0.220837,1.233901,0,0,0,0
phase2_nominal_combined_r01_s0024,3.968,-0.097892,-0.449774,0.000226,0,0.217893,1.233664,0,0,0,0
phase2_nominal_combined_r01_s0024,4.000,-0.094948,-0.449774,0.000226,0,0.214949,1.233434,0,0,0,0
phase2_nominal_combined_r01_s0024,4.032,-0.092004,-0.449775,0.000225,0,0.212005,1.233212,0,0,0,0
phase2_nominal_combined_r01_s0024,4.064,-0.089060,-0.449780,0.000220,0,0.209061,1.233001,0,0,0,0
phase2_nominal_combined_r01_s0024,4.096,-0.086116,-0.449784,0.000216,0,0.206117,1.232795,0,0,0,0
phase2_nominal_combined_r01_s0024,4.128,-0.083172,-0.449793,0.000207,0,0.203173,1.232602,0,0,0,0
phase2_nominal_combined_r01_s0024,4.160,-0.080228,-0.449800,0.000200,0,0.200229,1.232414,0,0,0,0
phase2_nominal_combined_r01_s0024,4.192,-0.077284,-0.449812,0.000188,0,0.197285,1.232238,0,0,0,0
phase2_nominal_combined_r01_s0024,4.224,-0.074341,-0.449823,0.000177,0,0.194341,1.232068,0,0,0,0
phase2_nominal_combined_r01_s0024,4.256,-0.071397,-0.449834,0.000166,0,0.191397,1.231905,0,0,0,0
phase2_nominal_combined_r01_s0024,4.288,-0.068453,-0.449845,0.000155,0,0.188453,1.231748,0,0,0,0
phase2_nominal_combined_r01_s0024,4.320,-0.065509,-0.449855,0.000145,0,0.185509,1.231599,0,0,0,0
phase2_nominal_combined_r01_s0024,4.352,-0.062565,-0.449866,0.000134,0,0.182565,1.231456,0,0,0,0
phase2_nominal_combined_r01_s0024,4.384,-0.059621,-0.449876,0.000124,0,0.179621,1.231320,0,0,0,0
phase2_nominal_combined_r01_s0024,4.416,-0.056677,-0.449887,0.000113,0,0.176677,1.231192,0,0,0,0
phase2_nominal_combined_r01_s0024,4.448,-0.053733,-0.449897,0.000103,0,0.173733,1.231070,0,0,0,0
phase2_nominal_combined_r01_s0024,4.480,-0.050789,-0.449907,0.000093,0,0.170789,1.230955,0,0,0,0
phase2_nominal_combined_r01_s0024,4.512,-0.047845,-0.449918,0.000082,0,0.167845,1.230848,0,0,0,0
phase2_nominal_combined_r01_s0024,4.544,-0.044901,-0.449928,0.000072,0,0.164901,1.230747,0,0,0,0
phase2_nominal_combined_r01_s0024,4.576,-0.041957,-0.449938,0.000062,0,0.161957,1.230654,0,0,0,0
phase2_nominal_combined_r01_s0024,4.608,-0.039013,-0.449948,0.000052,0,0.159013,1.230567,0,0,0,0
phase2_nominal_combined_r01_s0024,4.640,-0.036069,-0.449959,0.000041,0,0.156069,1.230487,0,0,0,0
phase2_nominal_combined_r01_s0024,4.672,-0.033125,-0.449969,0.000031,0,0.153125,1.230415,0,0,0,0
phase2_nominal_combined_r01_s0024,4.704,-0.030181,-0.449979,0.000021,0,0.150181,1.230350,0,0,0,0
phase2_nominal_combined_r01_s0024,4.736,-0.027237,-0.449990,0.000010,0,0.147237,1.230291,0,0,0,0
phase2_nominal_combined_r01_s0024,4.768,-0.024293,-0.450000,0.000000,0,0.144293,1.230240,0,0,0,0
phase2_nominal_combined_r01_s0024,4.800,-0.021349,-0.450010,0.000010,0,0.141349,1.230195,0,0,0,0
phase2_nominal_combined_r01_s0024,4.832,-0.018405,-0.450020,0.000020,0,0.138405,1.230158,0,0,0,0
phase2_nominal_combined_r01_s0024,4.864,-0.015461,-0.450031,0.000031,0,0.135461,1.230128,0,0,0,0
phase2_nominal_combined_r01_s0024,4.896,-0.012517,-0.450041,0.000041,0,0.132517,1.230105,0,0,0,0
phase2_nominal_combined_r01_s0024,4.928,-0.012516,-0.450041,0.000041,0,0.132516,1.230105,0,0,0,0
phase2_nominal_combined_r01_s0024,4.960,-0.012517,-0.450041,0.000041,0,0.132517,1.230105,0,0,0,0
phase2_nominal_combined_r01_s0024,4.992,-0.012517,-0.450041,0.000041,0,0.132517,1.230105,0,0,0,0
phase2_nominal_combined_r01_s0024,5.024,-0.012517,-0.450041,0.000041,0,0.132517,1.230105,0,0,0,0
phase2_nominal_combined_r01_s0024,5.056,-0.012517,-0.450041,0.000041,0,0.132517,1.230105,0,0,0,0
phase2_nominal_combined_r01_s0024,5.088,-0.012517,-0.450041,0.000041,0,0.132517,1.230105,0,0,0,0
phase2_nominal_combined_r01_s0024,5.120,-0.012517,-0.450041,0.000041,0,0.132517,1.230105,0,0,0,0
phase2_nominal_combined_r01_s0024,5.152,-0.012517,-0.450041,0.000041,0,0.132517,1.230105,0,0,0,0
phase2_nominal_combined_r01_s0024,5.184,-0.012517,-0.450041,0.000041,0,0.132517,1.230105,0,0,0,0
phase2_nominal_combined_r01_s0024,5.216,-0.012517,-0.450041,0.000041,0,0.132517,1.230105,0,0,0,0
phase2_nominal_combined_r01_s0024,5.248,-0.012517,-0.450041,0.000041,0,0.132517,1.230105,0,0,0,0
phase2_nominal_combined_r01_s0024,5.280,-0.012517,-0.450041,0.000041,0,0.132517,1.230105,0,0,0,0
phase2_nominal_combined_r01_s0024,5.312,-0.012517,-0.450041,0.000041,0,0.132517,1.230105,0,0,0,0
phase2_nominal_combined_r01_s0024,5.344,-0.012517,-0.450041,0.000041,0,0.132517,1.230105,0,0,0,0
phase2_nominal_combined_r01_s0024,5.376,-0.012517,-0.450041,0.000041,0,0.132517,1.230105,0,0,0,0
phase2_nominal_combined_r01_s0024,5.408,-0.012517,-0.450041,0.000041,0,0.132517,1.230105,0,0,0,0
phase2_nominal_combined_r01_s0024,5.440,-0.012517,-0.450041,0.000041,0,0.132517,1.230105,0,0,0,0
phase2_nominal_combined_r01_s0024,5.472,-0.012517,-0.450041,0.000041,0,0.132517,1.230105,0,0,0,0
phase2_nominal_combined_r01_s0024,5.504,-0.012517,-0.450041,0.000041,0,0.132517,1.230105,0,0,0,0
phase2_nominal_combined_r01_s0024,5.536,-0.012517,-0.450041,0.000041,0,0.132517,1.230105,0,0,0,0
phase2_nominal_combined_r01_s0024,5.568,-0.012517,-0.450041,0.000041,0,0.132517,1.230105,0,0,0,0
phase2_nominal_combined_r01_s0024,5.600,-0.012517,-0.450041,0.000041,0,0.132517,1.230105,0,0,0,0
phase2_nominal_combined_r01_s0024,5.632,-0.010725,-0.450054,0.000054,0,0.130725,1.230101,0,0,0,0
phase2_nominal_combined_r01_s0024,5.664,-0.008999,-0.450128,0.000128,0,0.128999,1.230160,0,0,0,0
phase2_nominal_combined_r01_s0024,5.696,-0.007206,-0.450241,0.000241,0,0.127206,1.230262,0,0,0,0
phase2_nominal_combined_r01_s0024,5.728,-0.005414,-0.450393,0.000393,0,0.125415,1.230405,0,0,0,0
phase2_nominal_combined_r01_s0024,5.760,-0.003627,-0.450588,0.000588,0,0.123629,1.230593,0,0,0,0
phase2_nominal_combined_r01_s0024,5.792,-0.001844,-0.450833,0.000833,0,0.121846,1.230835,0,0,0,0
phase2_nominal_combined_r01_s0024,5.824,-0.000068,-0.451129,0.001129,0,0.120073,1.231129,0,0,0,0
phase2_nominal_combined_r01_s0024,5.856,0.001694,-0.451473,0.001473,0,0.118315,1.231474,0,0,0,0
phase2_nominal_combined_r01_s0024,5.888,0.003448,-0.451860,0.001860,0,0.116567,1.231865,0,0,0,0
phase2_nominal_combined_r01_s0024,5.920,0.005192,-0.452290,0.002290,0,0.114831,1.232301,0,0,0,0
phase2_nominal_combined_r01_s0024,5.952,0.006925,-0.452761,0.002761,0,0.113108,1.232781,0,0,0,0
phase2_nominal_combined_r01_s0024,5.984,0.008646,-0.453274,0.003274,0,0.111402,1.233305,0,0,0,0
phase2_nominal_combined_r01_s0024,6.016,0.010353,-0.453830,0.003830,0,0.109713,1.233873,0,0,0,0
phase2_nominal_combined_r01_s0024,6.048,0.012046,-0.454427,0.004427,0,0.108045,1.234486,0,0,0,0
phase2_nominal_combined_r01_s0024,6.080,0.013723,-0.455066,0.005066,0,0.106398,1.235143,0,0,0,0
phase2_nominal_combined_r01_s0024,6.112,0.015383,-0.455747,0.005747,0,0.104774,1.235842,0,0,0,0
phase2_nominal_combined_r01_s0024,6.144,0.017026,-0.456468,0.006468,0,0.103177,1.236585,0,0,0,0
phase2_nominal_combined_r01_s0024,6.176,0.018651,-0.457229,0.007229,0,0.101607,1.237369,0,0,0,0
phase2_nominal_combined_r01_s0024,6.208,0.020256,-0.458030,0.008030,0,0.100067,1.238195,0,0,0,0
phase2_nominal_combined_r01_s0024,6.240,0.021840,-0.458870,0.008870,0,0.098560,1.239062,0,0,0,0
phase2_nominal_combined_r01_s0024,6.272,0.023404,-0.459749,0.009749,0,0.097087,1.239970,0,0,0,0
phase2_nominal_combined_r01_s0024,6.304,0.024945,-0.460666,0.010666,0,0.095652,1.240917,0,0,0,0
phase2_nominal_combined_r01_s0024,6.336,0.026463,-0.461621,0.011621,0,0.094256,1.241903,0,0,0,0
phase2_nominal_combined_r01_s0024,6.368,0.027956,-0.462613,0.012613,0,0.092904,1.242928,0,0,0,0
phase2_nominal_combined_r01_s0024,6.400,0.029425,-0.463642,0.013642,0,0.091596,1.243990,0,0,0,0
phase2_nominal_combined_r01_s0024,6.432,0.030868,-0.464706,0.014706,0,0.090337,1.245089,0,0,0,0
phase2_nominal_combined_r01_s0024,6.464,0.032284,-0.465806,0.015806,0,0.089129,1.246225,0,0,0,0
phase2_nominal_combined_r01_s0024,6.496,0.033673,-0.466941,0.016941,0,0.087974,1.247395,0,0,0,0
phase2_nominal_combined_r01_s0024,6.528,0.035032,-0.468109,0.018109,0,0.086876,1.248601,0,0,0,0
phase2_nominal_combined_r01_s0024,6.560,0.036363,-0.469311,0.019311,0,0.085837,1.249840,0,0,0,0
phase2_nominal_combined_r01_s0024,6.592,0.037663,-0.470545,0.020545,0,0.084861,1.251112,0,0,0,0
phase2_nominal_combined_r01_s0024,6.624,0.038933,-0.471811,0.021811,0,0.083950,1.252417,0,0,0,0
phase2_nominal_combined_r01_s0024,6.656,0.040170,-0.473108,0.023108,0,0.083107,1.253752,0,0,0,0
phase2_nominal_combined_r01_s0024,6.688,0.041375,-0.474435,0.024435,0,0.082334,1.255117,0,0,0,0
phase2_nominal_combined_r01_s0024,6.720,0.042547,-0.475792,0.025792,0,0.081634,1.256512,0,0,0,0
phase2_nominal_combined_r01_s0024,6.752,0.043685,-0.477177,0.027177,0,0.081010,1.257935,0,0,0,0
phase2_nominal_combined_r01_s0024,6.784,0.043157,-0.478592,0.028592,0,0.081990,1.259331,0,0,0,0
phase2_nominal_combined_r01_s0024,6.816,0.043164,-0.480034,0.030034,0,0.082497,1.260773,0,0,0,0
phase2_nominal_combined_r01_s0024,6.848,0.043166,-0.481502,0.031502,0,0.083042,1.262240,0,0,0,0
phase2_nominal_combined_r01_s0024,6.880,0.043167,-0.482995,0.032995,0,0.083619,1.263733,0,0,0,0
phase2_nominal_combined_r01_s0024,6.912,0.043167,-0.484513,0.034513,0,0.084228,1.265249,0,0,0,0
phase2_nominal_combined_r01_s0024,6.944,0.043167,-0.486053,0.036053,0,0.084871,1.266789,0,0,0,0
phase2_nominal_combined_r01_s0024,6.976,0.043167,-0.487616,0.037616,0,0.085547,1.268351,0,0,0,0
phase2_nominal_combined_r01_s0024,7.008,0.043166,-0.489201,0.039201,0,0.086256,1.269934,0,0,0,0
phase2_nominal_combined_r01_s0024,7.040,0.043164,-0.490745,0.040745,0,0.086971,1.271478,0,0,0,0
phase2_nominal_combined_r01_s0024,7.072,0.043195,-0.492311,0.042311,0,0.087688,1.273044,0,0,0,0
phase2_nominal_combined_r01_s0024,7.104,0.043303,-0.493957,0.043957,0,0.088400,1.274693,0,0,0,0
phase2_nominal_combined_r01_s0024,7.136,0.043493,-0.495620,0.045620,0,0.089076,1.276361,0,0,0,0
phase2_nominal_combined_r01_s0024,7.168,0.043767,-0.497299,0.047299,0,0.089714,1.278049,0,0,0,0
phase2_nominal_combined_r01_s0024,7.200,0.044126,-0.498993,0.048993,0,0.090317,1.279754,0,0,0,0
phase2_nominal_combined_r01_s0024,7.232,0.044575,-0.500701,0.050701,0,0.090882,1.281477,0,0,0,0
phase2_nominal_combined_r01_s0024,7.264,0.045083,-0.502417,0.052417,0,0.091433,1.283209,0,0,0,0
phase2_nominal_combined_r01_s0024,7.296,0.045549,-0.504144,0.054144,0,0.092058,1.284952,0,0,0,0
phase2_nominal_combined_r01_s0024,7.328,0.045971,-0.505881,0.055881,0,0.092752,1.286703,0,0,0,0
phase2_nominal_combined_r01_s0024,7.360,0.046351,-0.507628,0.057628,0,0.093516,1.288462,0,0,0,0
phase2_nominal_combined_r01_s0024,7.392,0.046686,-0.509383,0.059383,0,0.094346,1.290228,0,0,0,0
phase2_nominal_combined_r01_s0024,7.424,0.046978,-0.511144,0.061144,0,0.095241,1.291999,0,0,0,0
phase2_nominal_combined_r01_s0024,7.456,0.047228,-0.512908,0.062908,0,0.096193,1.293771,0,0,0,0
phase2_nominal_combined_r01_s0024,7.488,0.047524,-0.514670,0.064670,0,0.097134,1.295542,0,0,0,0
phase2_nominal_combined_r01_s0024,7.520,0.047871,-0.516425,0.066425,0,0.098056,1.297309,0,0,0,0
phase2_nominal_combined_r01_s0024,7.552,0.048269,-0.518173,0.068173,0,0.098959,1.299070,0,0,0,0
phase2_nominal_combined_r01_s0024,7.584,0.048715,-0.519910,0.069910,0,0.099845,1.300823,0,0,0,0
phase2_nominal_combined_r01_s0024,7.616,0.049209,-0.521636,0.071636,0,0.100713,1.302566,0,0,0,0
phase2_nominal_combined_r01_s0024,7.648,0.049749,-0.523348,0.073348,0,0.101564,1.304297,0,0,0,0
phase2_nominal_combined_r01_s0024,7.680,0.050334,-0.525046,0.075046,0,0.102398,1.306017,0,0,0,0
phase2_nominal_combined_r01_s0024,7.712,0.050962,-0.526729,0.076729,0,0.103216,1.307722,0,0,0,0
phase2_nominal_combined_r01_s0024,7.744,0.051633,-0.528394,0.078394,0,0.104018,1.309413,0,0,0,0
phase2_nominal_combined_r01_s0024,7.776,0.052346,-0.530042,0.080042,0,0.104804,1.311087,0,0,0,0
phase2_nominal_combined_r01_s0024,7.808,0.053100,-0.531671,0.081671,0,0.105573,1.312745,0,0,0,0
phase2_nominal_combined_r01_s0024,7.840,0.053894,-0.533280,0.083280,0,0.106328,1.314386,0,0,0,0
phase2_nominal_combined_r01_s0024,7.872,0.054728,-0.534869,0.084869,0,0.107066,1.316007,0,0,0,0
phase2_nominal_combined_r01_s0024,7.904,0.055602,-0.536436,0.086436,0,0.107788,1.317610,0,0,0,0
phase2_nominal_combined_r01_s0024,7.936,0.056513,-0.537981,0.087981,0,0.108495,1.319192,0,0,0,0
phase2_nominal_combined_r01_s0024,7.968,0.057463,-0.539503,0.089503,0,0.109186,1.320754,0,0,0,0
phase2_nominal_combined_r01_s0024,8.000,0.058450,-0.541001,0.091001,0,0.109861,1.322293,0,0,0,0
phase2_nominal_combined_r01_s0024,8.032,0.059473,-0.542473,0.092473,0,0.110521,1.323810,0,0,0,0
phase2_nominal_combined_r01_s0024,8.064,0.060532,-0.543920,0.093920,0,0.111164,1.325303,0,0,0,0
phase2_nominal_combined_r01_s0024,8.096,0.061627,-0.545340,0.095340,0,0.111791,1.326772,0,0,0,0
phase2_nominal_combined_r01_s0024,8.128,0.062756,-0.546733,0.096733,0,0.112402,1.328216,0,0,0,0
phase2_nominal_combined_r01_s0024,8.160,0.063919,-0.548097,0.098097,0,0.112996,1.329634,0,0,0,0
phase2_nominal_combined_r01_s0024,8.192,0.065116,-0.549432,0.099432,0,0.113574,1.331026,0,0,0,0
phase2_nominal_combined_r01_s0024,8.224,0.066345,-0.550737,0.100737,0,0.114135,1.332390,0,0,0,0
phase2_nominal_combined_r01_s0024,8.256,0.067606,-0.552011,0.102011,0,0.114680,1.333726,0,0,0,0
phase2_nominal_combined_r01_s0024,8.288,0.068898,-0.553254,0.103254,0,0.115208,1.335033,0,0,0,0
phase2_nominal_combined_r01_s0024,8.320,0.070220,-0.554464,0.104464,0,0.115719,1.336310,0,0,0,0
phase2_nominal_combined_r01_s0024,8.352,0.071572,-0.555641,0.105641,0,0.116213,1.337557,0,0,0,0
phase2_nominal_combined_r01_s0024,8.384,0.072952,-0.556784,0.106784,0,0.116689,1.338774,0,0,0,0
phase2_nominal_combined_r01_s0024,8.416,0.074360,-0.557893,0.107893,0,0.117149,1.339958,0,0,0,0
phase2_nominal_combined_r01_s0024,8.448,0.075795,-0.558966,0.108966,0,0.117591,1.341110,0,0,0,0
phase2_nominal_combined_r01_s0024,8.480,0.077257,-0.560004,0.110004,0,0.118016,1.342229,0,0,0,0
phase2_nominal_combined_r01_s0024,8.512,0.078743,-0.561005,0.111005,0,0.118424,1.343315,0,0,0,0
phase2_nominal_combined_r01_s0024,8.544,0.080254,-0.561969,0.111969,0,0.118814,1.344366,0,0,0,0
phase2_nominal_combined_r01_s0024,8.576,0.081788,-0.562895,0.112895,0,0.119186,1.345383,0,0,0,0
phase2_nominal_combined_r01_s0024,8.608,0.083344,-0.563782,0.113782,0,0.119541,1.346364,0,0,0,0
phase2_nominal_combined_r01_s0024,8.640,0.084922,-0.564631,0.114631,0,0.119878,1.347310,0,0,0,0
phase2_nominal_combined_r01_s0024,8.672,0.086520,-0.565440,0.115440,0,0.120197,1.348219,0,0,0,0
phase2_nominal_combined_r01_s0024,8.704,0.088137,-0.566209,0.116209,0,0.120498,1.349091,0,0,0,0
phase2_nominal_combined_r01_s0024,8.736,0.089773,-0.566938,0.116938,0,0.120782,1.349927,0,0,0,0
phase2_nominal_combined_r01_s0024,8.768,0.091426,-0.567626,0.117626,0,0.121047,1.350724,0,0,0,0
phase2_nominal_combined_r01_s0024,8.800,0.093096,-0.568273,0.118273,0,0.121294,1.351483,0,0,0,0
phase2_nominal_combined_r01_s0024,8.832,0.094781,-0.568877,0.118877,0,0.121523,1.352203,0,0,0,0
phase2_nominal_combined_r01_s0024,8.864,0.096480,-0.569440,0.119440,0,0.121734,1.352885,0,0,0,0
phase2_nominal_combined_r01_s0024,8.896,0.098192,-0.569960,0.119960,0,0.121926,1.353527,0,0,0,0
phase2_nominal_combined_r01_s0024,8.928,0.099916,-0.570438,0.120438,0,0.122101,1.354129,0,0,0,0
phase2_nominal_combined_r01_s0024,8.960,0.101651,-0.570872,0.120872,0,0.122256,1.354691,0,0,0,0
phase2_nominal_combined_r01_s0024,8.992,0.103396,-0.571262,0.121262,0,0.122394,1.355212,0,0,0,0
phase2_nominal_combined_r01_s0024,9.024,0.105150,-0.571609,0.121609,0,0.122513,1.355693,0,0,0,0
phase2_nominal_combined_r01_s0024,9.056,0.106910,-0.571912,0.121912,0,0.122613,1.356133,0,0,0,0
phase2_nominal_combined_r01_s0024,9.088,0.108677,-0.572171,0.122171,0,0.122694,1.356531,0,0,0,0
phase2_nominal_combined_r01_s0024,9.120,0.110448,-0.572385,0.122385,0,0.122757,1.356888,0,0,0,0
phase2_nominal_combined_r01_s0024,9.152,0.112221,-0.572554,0.122554,0,0.122801,1.357202,0,0,0,0
phase2_nominal_combined_r01_s0024,9.184,0.114011,-0.572677,0.122677,0,0.122823,1.357474,0,0,0,0
phase2_nominal_combined_r01_s0024,9.216,0.115804,-0.572756,0.122756,0,0.122828,1.357704,0,0,0,0
phase2_nominal_combined_r01_s0024,9.248,0.117598,-0.572791,0.122791,0,0.122814,1.357893,0,0,0,0
phase2_nominal_combined_r01_s0024,9.280,0.119392,-0.572781,0.122781,0,0.122783,1.358040,0,0,0,0
phase2_nominal_combined_r01_s0024,9.312,0.121185,-0.572729,0.122729,0,0.122735,1.358147,0,0,0,0
phase2_nominal_combined_r01_s0024,9.344,0.122977,-0.572634,0.122634,0,0.122670,1.358213,0,0,0,0
phase2_nominal_combined_r01_s0024,9.376,0.124764,-0.572495,0.122495,0,0.122588,1.358238,0,0,0,0
phase2_nominal_combined_r01_s0024,9.408,0.126547,-0.572323,0.122323,0,0.122499,1.358232,0,0,0,0
phase2_nominal_combined_r01_s0024,9.440,0.128328,-0.572121,0.122121,0,0.122405,1.358198,0,0,0,0
phase2_nominal_combined_r01_s0024,9.472,0.130106,-0.571885,0.121885,0,0.122303,1.358131,0,0,0,0
phase2_nominal_combined_r01_s0024,9.504,0.131881,-0.571597,0.121597,0,0.122176,1.358016,0,0,0,0
phase2_nominal_combined_r01_s0024,9.536,0.134770,-0.571010,0.121010,0,0.121908,1.357715,0,0,0,0
phase2_nominal_combined_r01_s0024,9.568,0.137581,-0.570319,0.120319,0,0.121597,1.357310,0,0,0,0
phase2_nominal_combined_r01_s0024,9.600,0.140371,-0.569523,0.119523,0,0.121247,1.356804,0,0,0,0
phase2_nominal_combined_r01_s0024,9.632,0.143028,-0.568719,0.118719,0,0.120932,1.356282,0,0,0,0
phase2_nominal_combined_r01_s0024,9.664,0.145806,-0.567866,0.117866,0,0.120658,1.355730,0,0,0,0
phase2_nominal_combined_r01_s0024,9.696,0.148610,-0.566993,0.116993,0,0.120440,1.355166,0,0,0,0
phase2_nominal_combined_r01_s0024,9.728,0.151410,-0.566107,0.116107,0,0.120281,1.354596,0,0,0,0
phase2_nominal_combined_r01_s0024,9.760,0.154207,-0.565211,0.115211,0,0.120182,1.354021,0,0,0,0
phase2_nominal_combined_r01_s0024,9.792,0.157003,-0.564307,0.114307,0,0.120147,1.353444,0,0,0,0
phase2_nominal_combined_r01_s0024,9.824,0.159797,-0.563397,0.113397,0,0.120178,1.352868,0,0,0,0
phase2_nominal_combined_r01_s0024,9.856,0.162591,-0.562482,0.112482,0,0.120275,1.352292,0,0,0,0
phase2_nominal_combined_r01_s0024,9.888,0.165384,-0.561563,0.111563,0,0.120441,1.351719,0,0,0,0
phase2_nominal_combined_r01_s0024,9.920,0.168177,-0.560641,0.110641,0,0.120675,1.351148,0,0,0,0
phase2_nominal_combined_r01_s0024,9.952,0.170970,-0.559716,0.109716,0,0.120978,1.350582,0,0,0,0
phase2_nominal_combined_r01_s0024,9.984,0.173764,-0.558795,0.108795,0,0.121355,1.350025,0,0,0,0
phase2_nominal_combined_r01_s0024,10.016,0.176558,-0.557875,0.107875,0,0.121802,1.349475,0,0,0,0
phase2_nominal_combined_r01_s0024,10.048,0.179354,-0.556954,0.106954,0,0.122320,1.348931,0,0,0,0
phase2_nominal_combined_r01_s0024,10.080,0.182150,-0.556034,0.106034,0,0.122905,1.348393,0,0,0,0
phase2_nominal_combined_r01_s0024,10.112,0.184946,-0.555113,0.105113,0,0.123559,1.347862,0,0,0,0
phase2_nominal_combined_r01_s0024,10.144,0.187742,-0.554192,0.104192,0,0.124278,1.347337,0,0,0,0
phase2_nominal_combined_r01_s0024,10.176,0.190539,-0.553276,0.103276,0,0.125067,1.346822,0,0,0,0
phase2_nominal_combined_r01_s0024,10.208,0.193338,-0.552366,0.102366,0,0.125925,1.346320,0,0,0,0
phase2_nominal_combined_r01_s0024,10.240,0.196139,-0.551463,0.101463,0,0.126854,1.345832,0,0,0,0
phase2_nominal_combined_r01_s0024,10.272,0.198944,-0.550571,0.100571,0,0.127854,1.345362,0,0,0,0
phase2_nominal_combined_r01_s0024,10.304,0.201754,-0.549692,0.099692,0,0.128927,1.344911,0,0,0,0
phase2_nominal_combined_r01_s0024,10.336,0.204569,-0.548828,0.098828,0,0.130073,1.344483,0,0,0,0
phase2_nominal_combined_r01_s0024,10.368,0.207392,-0.547989,0.097989,0,0.131298,1.344086,0,0,0,0
phase2_nominal_combined_r01_s0024,10.400,0.210224,-0.547181,0.097181,0,0.132606,1.343727,0,0,0,0
phase2_nominal_combined_r01_s0024,10.432,0.213066,-0.546405,0.096405,0,0.133997,1.343409,0,0,0,0
phase2_nominal_combined_r01_s0024,10.464,0.215917,-0.545664,0.095664,0,0.135468,1.343133,0,0,0,0
phase2_nominal_combined_r01_s0024,10.496,0.218777,-0.544959,0.094959,0,0.137018,1.342899,0,0,0,0
phase2_nominal_combined_r01_s0024,10.528,0.221640,-0.544281,0.094281,0,0.138635,1.342701,0,0,0,0
phase2_nominal_combined_r01_s0024,10.560,0.224505,-0.543608,0.093608,0,0.140298,1.342512,0,0,0,0
phase2_nominal_combined_r01_s0024,10.592,0.227370,-0.542940,0.092940,0,0.142008,1.342336,0,0,0,0
phase2_nominal_combined_r01_s0024,10.624,0.230238,-0.542281,0.092281,0,0.143764,1.342176,0,0,0,0
phase2_nominal_combined_r01_s0024,10.656,0.233108,-0.541633,0.091633,0,0.145568,1.342033,0,0,0,0
phase2_nominal_combined_r01_s0024,10.688,0.235980,-0.540998,0.090998,0,0.147418,1.341910,0,0,0,0
phase2_nominal_combined_r01_s0024,10.720,0.238856,-0.540378,0.090378,0,0.149315,1.341809,0,0,0,0
phase2_nominal_combined_r01_s0024,10.752,0.241735,-0.539771,0.089771,0,0.151255,1.341727,0,0,0,0
phase2_nominal_combined_r01_s0024,10.784,0.244616,-0.539175,0.089175,0,0.153237,1.341664,0,0,0,0
phase2_nominal_combined_r01_s0024,10.816,0.247499,-0.538589,0.088589,0,0.155255,1.341615,0,0,0,0
phase2_nominal_combined_r01_s0024,10.848,0.250384,-0.538009,0.088009,0,0.157307,1.341581,0,0,0,0
phase2_nominal_combined_r01_s0024,10.880,0.253270,-0.537435,0.087435,0,0.159392,1.341559,0,0,0,0
phase2_nominal_combined_r01_s0024,10.912,0.256158,-0.536869,0.086869,0,0.161509,1.341551,0,0,0,0
phase2_nominal_combined_r01_s0024,10.944,0.259050,-0.536318,0.086318,0,0.163663,1.341566,0,0,0,0
phase2_nominal_combined_r01_s0024,10.976,0.261944,-0.535782,0.085782,0,0.165852,1.341603,0,0,0,0
phase2_nominal_combined_r01_s0024,11.008,0.264844,-0.535269,0.085269,0,0.168079,1.341669,0,0,0,0
phase2_nominal_combined_r01_s0024,11.040,0.267747,-0.534778,0.084778,0,0.170343,1.341764,0,0,0,0
phase2_nominal_combined_r01_s0024,11.072,0.270655,-0.534312,0.084312,0,0.172642,1.341891,0,0,0,0
phase2_nominal_combined_r01_s0024,11.104,0.273567,-0.533873,0.083873,0,0.174978,1.342051,0,0,0,0
phase2_nominal_combined_r01_s0024,11.136,0.276483,-0.533461,0.083461,0,0.177349,1.342246,0,0,0,0
phase2_nominal_combined_r01_s0024,11.168,0.279402,-0.533076,0.083076,0,0.179752,1.342474,0,0,0,0
phase2_nominal_combined_r01_s0024,11.200,0.282325,-0.532714,0.082714,0,0.182184,1.342730,0,0,0,0
phase2_nominal_combined_r01_s0024,11.232,0.285249,-0.532374,0.082374,0,0.184642,1.343016,0,0,0,0
phase2_nominal_combined_r01_s0024,11.264,0.288176,-0.532055,0.082055,0,0.187126,1.343330,0,0,0,0
phase2_nominal_combined_r01_s0024,11.296,0.291104,-0.531758,0.081758,0,0.189633,1.343670,0,0,0,0
phase2_nominal_combined_r01_s0024,11.328,0.294034,-0.531479,0.081479,0,0.192163,1.344036,0,0,0,0
phase2_nominal_combined_r01_s0024,11.360,0.296965,-0.531220,0.081220,0,0.194714,1.344428,0,0,0,0
phase2_nominal_combined_r01_s0024,11.392,0.299900,-0.530981,0.080981,0,0.197286,1.344846,0,0,0,0
phase2_nominal_combined_r01_s0024,11.424,0.302835,-0.530761,0.080761,0,0.199878,1.345289,0,0,0,0
phase2_nominal_combined_r01_s0024,11.456,0.305772,-0.530558,0.080558,0,0.202487,1.345756,0,0,0,0
phase2_nominal_combined_r01_s0024,11.488,0.308711,-0.530376,0.080376,0,0.205115,1.346249,0,0,0,0
phase2_nominal_combined_r01_s0024,11.520,0.311650,-0.530213,0.080213,0,0.207759,1.346768,0,0,0,0
phase2_nominal_combined_r01_s0024,11.552,0.314591,-0.530068,0.080068,0,0.210420,1.347310,0,0,0,0
phase2_nominal_combined_r01_s0024,11.584,0.317532,-0.529940,0.079940,0,0.213095,1.347876,0,0,0,0
phase2_nominal_combined_r01_s0024,11.616,0.320474,-0.529829,0.079829,0,0.215783,1.348464,0,0,0,0
phase2_nominal_combined_r01_s0024,11.648,0.323416,-0.529732,0.079732,0,0.218484,1.349072,0,0,0,0
phase2_nominal_combined_r01_s0024,11.680,0.326359,-0.529650,0.079650,0,0.221197,1.349701,0,0,0,0
phase2_nominal_combined_r01_s0024,11.712,0.329302,-0.529582,0.079582,0,0.223921,1.350350,0,0,0,0
phase2_nominal_combined_r01_s0024,11.744,0.332246,-0.529526,0.079526,0,0.226655,1.351017,0,0,0,0
phase2_nominal_combined_r01_s0024,11.776,0.335189,-0.529484,0.079484,0,0.229399,1.351703,0,0,0,0
phase2_nominal_combined_r01_s0024,11.808,0.338133,-0.529452,0.079452,0,0.232152,1.352405,0,0,0,0
phase2_nominal_combined_r01_s0024,11.840,0.341077,-0.529431,0.079431,0,0.234913,1.353124,0,0,0,0
phase2_nominal_combined_r01_s0024,11.872,0.344021,-0.529420,0.079420,0,0.237682,1.353857,0,0,0,0
phase2_nominal_combined_r01_s0024,11.904,0.346965,-0.529417,0.079417,0,0.240458,1.354606,0,0,0,0
phase2_nominal_combined_r01_s0024,11.936,0.349909,-0.529423,0.079423,0,0.243240,1.355369,0,0,0,0
phase2_nominal_combined_r01_s0024,11.968,0.352852,-0.529436,0.079436,0,0.246029,1.356144,0,0,0,0
phase2_nominal_combined_r01_s0024,12.000,0.355796,-0.529455,0.079455,0,0.248823,1.356931,0,0,0,0
phase2_nominal_combined_r01_s0024,12.032,0.358740,-0.529480,0.079480,0,0.251623,1.357731,0,0,0,0
phase2_nominal_combined_r01_s0024,12.064,0.361684,-0.529512,0.079512,0,0.254427,1.358542,0,0,0,0
phase2_nominal_combined_r01_s0024,12.096,0.364628,-0.529547,0.079547,0,0.257236,1.359363,0,0,0,0
phase2_nominal_combined_r01_s0024,12.128,0.367571,-0.529588,0.079588,0,0.260049,1.360194,0,0,0,0
phase2_nominal_combined_r01_s0024,12.160,0.370515,-0.529633,0.079633,0,0.262867,1.361036,0,0,0,0
phase2_nominal_combined_r01_s0024,12.192,0.373458,-0.529680,0.079680,0,0.265688,1.361886,0,0,0,0
phase2_nominal_combined_r01_s0024,12.224,0.376402,-0.529733,0.079733,0,0.268513,1.362747,0,0,0,0
phase2_nominal_combined_r01_s0024,12.256,0.379346,-0.529784,0.079784,0,0.271340,1.363612,0,0,0,0
phase2_nominal_combined_r01_s0024,12.288,0.382289,-0.529834,0.079834,0,0.274170,1.364482,0,0,0,0
phase2_nominal_combined_r01_s0024,12.320,0.385233,-0.529884,0.079884,0,0.277001,1.365357,0,0,0,0
phase2_nominal_combined_r01_s0024,12.352,0.388176,-0.529934,0.079934,0,0.279835,1.366238,0,0,0,0
phase2_nominal_combined_r01_s0024,12.384,0.391120,-0.529983,0.079983,0,0.282672,1.367125,0,0,0,0
phase2_nominal_combined_r01_s0024,12.416,0.394063,-0.530032,0.080032,0,0.285510,1.368017,0,0,0,0
phase2_nominal_combined_r01_s0024,12.448,0.397007,-0.530082,0.080082,0,0.288350,1.368915,0,0,0,0
phase2_nominal_combined_r01_s0024,12.480,0.399951,-0.530131,0.080131,0,0.291193,1.369819,0,0,0,0
phase2_nominal_combined_r01_s0024,12.512,0.402894,-0.530180,0.080180,0,0.294037,1.370728,0,0,0,0
phase2_nominal_combined_r01_s0024,12.544,0.405838,-0.530229,0.080229,0,0.296884,1.371643,0,0,0,0
phase2_nominal_combined_r01_s0024,12.576,0.408781,-0.530278,0.080278,0,0.299732,1.372564,0,0,0,0
phase2_nominal_combined_r01_s0024,12.608,0.411725,-0.530327,0.080327,0,0.302582,1.373490,0,0,0,0
phase2_nominal_combined_r01_s0024,12.640,0.414668,-0.530377,0.080377,0,0.305434,1.374422,0,0,0,0
phase2_nominal_combined_r01_s0024,12.672,0.417612,-0.530426,0.080426,0,0.308288,1.375360,0,0,0,0
phase2_nominal_combined_r01_s0024,12.704,0.420556,-0.530475,0.080475,0,0.311143,1.376304,0,0,0,0
phase2_nominal_combined_r01_s0024,12.736,0.423499,-0.530520,0.080520,0,0.313999,1.377248,0,0,0,0
phase2_nominal_combined_r01_s0024,12.768,0.426443,-0.530565,0.080565,0,0.316857,1.378200,0,0,0,0
phase2_nominal_combined_r01_s0024,12.800,0.429387,-0.530606,0.080606,0,0.319715,1.379153,0,0,0,0
phase2_nominal_combined_r01_s0024,12.832,0.432331,-0.530641,0.080641,0,0.322573,1.380105,0,0,0,0
phase2_nominal_combined_r01_s0024,12.864,0.435274,-0.530678,0.080678,0,0.325433,1.381065,0,0,0,0
phase2_nominal_combined_r01_s0024,12.896,0.438218,-0.530711,0.080711,0,0.328294,1.382027,0,0,0,0
phase2_nominal_combined_r01_s0024,12.928,0.441162,-0.530737,0.080737,0,0.331155,1.382988,0,0,0,0
phase2_nominal_combined_r01_s0024,12.960,0.444106,-0.530766,0.080766,0,0.334018,1.383957,0,0,0,0
phase2_nominal_combined_r01_s0024,12.992,0.447050,-0.530787,0.080787,0,0.336880,1.384925,0,0,0,0
phase2_nominal_combined_r01_s0024,13.024,0.449994,-0.530806,0.080806,0,0.339743,1.385896,0,0,0,0
phase2_nominal_combined_r01_s0024,13.056,0.452938,-0.530822,0.080822,0,0.342607,1.386869,0,0,0,0
phase2_nominal_combined_r01_s0024,13.088,0.455882,-0.530838,0.080838,0,0.345473,1.387849,0,0,0,0
phase2_nominal_combined_r01_s0024,13.120,0.458826,-0.530856,0.080856,0,0.348340,1.388835,0,0,0,0
phase2_nominal_combined_r01_s0024,13.152,0.461770,-0.530873,0.080873,0,0.351208,1.389827,0,0,0,0
phase2_nominal_combined_r01_s0024,13.184,0.464714,-0.530886,0.080886,0,0.354076,1.390820,0,0,0,0
phase2_nominal_combined_r01_s0024,13.216,0.467657,-0.530900,0.080900,0,0.356946,1.391820,0,0,0,0
phase2_nominal_combined_r01_s0024,13.248,0.470601,-0.530914,0.080914,0,0.359817,1.392825,0,0,0,0
phase2_nominal_combined_r01_s0024,13.280,0.473545,-0.530929,0.080929,0,0.362690,1.393836,0,0,0,0
phase2_nominal_combined_r01_s0024,13.312,0.476489,-0.530944,0.080944,0,0.365563,1.394853,0,0,0,0
phase2_nominal_combined_r01_s0024,13.344,0.479433,-0.530958,0.080958,0,0.368438,1.395875,0,0,0,0
phase2_nominal_combined_r01_s0024,13.376,0.482377,-0.530973,0.080973,0,0.371314,1.396903,0,0,0,0
phase2_nominal_combined_r01_s0024,13.408,0.485321,-0.530988,0.080988,0,0.374191,1.397937,0,0,0,0
phase2_nominal_combined_r01_s0024,13.440,0.488265,-0.531003,0.081003,0,0.377069,1.398975,0,0,0,0
phase2_nominal_combined_r01_s0024,13.472,0.491209,-0.531018,0.081018,0,0.379948,1.400020,0,0,0,0
phase2_nominal_combined_r01_s0024,13.504,0.494153,-0.531033,0.081033,0,0.382828,1.401069,0,0,0,0
phase2_nominal_combined_r01_s0024,13.536,0.497097,-0.531048,0.081048,0,0.385708,1.402124,0,0,0,0
phase2_nominal_combined_r01_s0024,13.568,0.500041,-0.531063,0.081063,0,0.388590,1.403185,0,0,0,0
phase2_nominal_combined_r01_s0024,13.600,0.502985,-0.531078,0.081078,0,0.391473,1.404251,0,0,0,0
phase2_nominal_combined_r01_s0024,13.632,0.505929,-0.531094,0.081094,0,0.394357,1.405322,0,0,0,0
phase2_nominal_combined_r01_s0024,13.664,0.508873,-0.531113,0.081113,0,0.397242,1.406403,0,0,0,0
phase2_nominal_combined_r01_s0024,13.696,0.511817,-0.531132,0.081132,0,0.400129,1.407489,0,0,0,0
phase2_nominal_combined_r01_s0024,13.728,0.514761,-0.531151,0.081151,0,0.403016,1.408579,0,0,0,0
phase2_nominal_combined_r01_s0024,13.760,0.517705,-0.531174,0.081174,0,0.405904,1.409679,0,0,0,0
phase2_nominal_combined_r01_s0024,13.792,0.520649,-0.531201,0.081201,0,0.408795,1.410788,0,0,0,0
phase2_nominal_combined_r01_s0024,13.824,0.523592,-0.531234,0.081234,0,0.411687,1.411908,0,0,0,0
phase2_nominal_combined_r01_s0024,13.856,0.526536,-0.531273,0.081273,0,0.414580,1.413038,0,0,0,0
phase2_nominal_combined_r01_s0024,13.888,0.529480,-0.531316,0.081316,0,0.417476,1.414178,0,0,0,0
phase2_nominal_combined_r01_s0024,13.920,0.532424,-0.531365,0.081365,0,0.420373,1.415328,0,0,0,0
phase2_nominal_combined_r01_s0024,13.952,0.535367,-0.531418,0.081418,0,0.423272,1.416487,0,0,0,0
phase2_nominal_combined_r01_s0024,13.984,0.538311,-0.531480,0.081480,0,0.426172,1.417659,0,0,0,0
phase2_nominal_combined_r01_s0024,14.016,0.541254,-0.531546,0.081546,0,0.429074,1.418840,0,0,0,0
phase2_nominal_combined_r01_s0024,14.048,0.544197,-0.531619,0.081619,0,0.431978,1.420033,0,0,0,0
phase2_nominal_combined_r01_s0024,14.080,0.547140,-0.531703,0.081703,0,0.434884,1.421242,0,0,0,0
phase2_nominal_combined_r01_s0024,14.112,0.550083,-0.531801,0.081801,0,0.437793,1.422467,0,0,0,0
phase2_nominal_combined_r01_s0024,14.144,0.553025,-0.531915,0.081915,0,0.440705,1.423713,0,0,0,0
phase2_nominal_combined_r01_s0024,14.176,0.555967,-0.532055,0.082055,0,0.443621,1.424986,0,0,0,0
phase2_nominal_combined_r01_s0024,14.208,0.558908,-0.532231,0.082231,0,0.446544,1.426299,0,0,0,0
phase2_nominal_combined_r01_s0024,14.240,0.561847,-0.532465,0.082465,0,0.449477,1.427668,0,0,0,0
phase2_nominal_combined_r01_s0024,14.272,0.564749,-0.532781,0.082781,0,0.452388,1.429103,0,0,0,0
phase2_nominal_combined_r01_s0024,14.304,0.567664,-0.533226,0.083226,0,0.455335,1.430666,0,0,0,0
phase2_nominal_combined_r01_s0024,14.336,0.570569,-0.533752,0.083752,0,0.458286,1.432303,0,0,0,0
phase2_nominal_combined_r01_s0024,14.368,0.573460,-0.534319,0.084319,0,0.461233,1.433977,0,0,0,0
phase2_nominal_combined_r01_s0024,14.400,0.576343,-0.534914,0.084914,0,0.464176,1.435678,0,0,0,0
phase2_nominal_combined_r01_s0024,14.432,0.579219,-0.535528,0.085528,0,0.467116,1.437397,0,0,0,0
phase2_nominal_combined_r01_s0024,14.464,0.582092,-0.536156,0.086156,0,0.470055,1.439131,0,0,0,0
phase2_nominal_combined_r01_s0024,14.496,0.584961,-0.536796,0.086796,0,0.472993,1.440878,0,0,0,0
phase2_nominal_combined_r01_s0024,14.528,0.587828,-0.537445,0.087445,0,0.475931,1.442637,0,0,0,0
phase2_nominal_combined_r01_s0024,14.560,0.590694,-0.538102,0.088102,0,0.478869,1.444408,0,0,0,0
phase2_nominal_combined_r01_s0024,14.592,0.593559,-0.538768,0.088768,0,0.481807,1.446188,0,0,0,0
phase2_nominal_combined_r01_s0024,14.624,0.596423,-0.539437,0.089437,0,0.484746,1.447976,0,0,0,0
phase2_nominal_combined_r01_s0024,14.656,0.599288,-0.540108,0.090108,0,0.487685,1.449770,0,0,0,0
phase2_nominal_combined_r01_s0024,14.688,0.602152,-0.540783,0.090783,0,0.490624,1.451570,0,0,0,0
phase2_nominal_combined_r01_s0024,14.720,0.605016,-0.541460,0.091460,0,0.493564,1.453376,0,0,0,0
phase2_nominal_combined_r01_s0024,14.752,0.607879,-0.542139,0.092139,0,0.496504,1.455187,0,0,0,0
phase2_nominal_combined_r01_s0024,14.784,0.610744,-0.542815,0.092815,0,0.499444,1.457000,0,0,0,0
phase2_nominal_combined_r01_s0024,14.816,0.613609,-0.543491,0.093491,0,0.502384,1.458816,0,0,0,0
phase2_nominal_combined_r01_s0024,14.848,0.616474,-0.544167,0.094167,0,0.505325,1.460636,0,0,0,0
phase2_nominal_combined_r01_s0024,14.880,0.619339,-0.544843,0.094843,0,0.508266,1.462460,0,0,0,0
phase2_nominal_combined_r01_s0024,14.912,0.622204,-0.545519,0.095519,0,0.511207,1.464287,0,0,0,0
phase2_nominal_combined_r01_s0024,14.944,0.625070,-0.546194,0.096194,0,0.514149,1.466119,0,0,0,0
phase2_nominal_combined_r01_s0024,14.976,0.627936,-0.546870,0.096870,0,0.517090,1.467954,0,0,0,0
phase2_nominal_combined_r01_s0024,15.008,0.630802,-0.547539,0.097539,0,0.520031,1.469786,0,0,0,0
phase2_nominal_combined_r01_s0024,15.040,0.633669,-0.548203,0.098203,0,0.522972,1.471618,0,0,0,0
phase2_nominal_combined_r01_s0024,15.072,0.636539,-0.548861,0.098861,0,0.525914,1.473450,0,0,0,0
phase2_nominal_combined_r01_s0024,15.104,0.639409,-0.549512,0.099512,0,0.528856,1.475279,0,0,0,0
phase2_nominal_combined_r01_s0024,15.136,0.642282,-0.550157,0.100157,0,0.531799,1.477106,0,0,0,0
phase2_nominal_combined_r01_s0024,15.168,0.645157,-0.550792,0.100792,0,0.534742,1.478930,0,0,0,0
phase2_nominal_combined_r01_s0024,15.200,0.648035,-0.551415,0.101415,0,0.537685,1.480748,0,0,0,0
phase2_nominal_combined_r01_s0024,15.232,0.650915,-0.552024,0.102024,0,0.540629,1.482558,0,0,0,0
phase2_nominal_combined_r01_s0024,15.264,0.653799,-0.552620,0.102620,0,0.543573,1.484361,0,0,0,0
phase2_nominal_combined_r01_s0024,15.296,0.656686,-0.553197,0.103197,0,0.546518,1.486153,0,0,0,0
phase2_nominal_combined_r01_s0024,15.328,0.659577,-0.553756,0.103756,0,0.549462,1.487934,0,0,0,0
phase2_nominal_combined_r01_s0024,15.360,0.662473,-0.554291,0.104291,0,0.552407,1.489699,0,0,0,0
phase2_nominal_combined_r01_s0024,15.392,0.665374,-0.554800,0.104800,0,0.555352,1.491447,0,0,0,0
phase2_nominal_combined_r01_s0024,15.424,0.668280,-0.555279,0.105279,0,0.558296,1.493174,0,0,0,0
phase2_nominal_combined_r01_s0024,15.456,0.671191,-0.555727,0.105727,0,0.561239,1.494879,0,0,0,0
phase2_nominal_combined_r01_s0024,15.488,0.674107,-0.556140,0.106140,0,0.564181,1.496559,0,0,0,0
phase2_nominal_combined_r01_s0024,15.520,0.677029,-0.556514,0.106514,0,0.567122,1.498212,0,0,0,0
phase2_nominal_combined_r01_s0024,15.552,0.679956,-0.556849,0.106849,0,0.570059,1.499835,0,0,0,0
phase2_nominal_combined_r01_s0024,15.584,0.682887,-0.557145,0.107145,0,0.572994,1.501430,0,0,0,0
phase2_nominal_combined_r01_s0024,15.616,0.685822,-0.557400,0.107400,0,0.575925,1.502994,0,0,0,0
phase2_nominal_combined_r01_s0024,15.648,0.688759,-0.557618,0.107618,0,0.578851,1.504530,0,0,0,0
phase2_nominal_combined_r01_s0024,15.680,0.691699,-0.557799,0.107799,0,0.581773,1.506039,0,0,0,0
phase2_nominal_combined_r01_s0024,15.712,0.694640,-0.557944,0.107944,0,0.584691,1.507521,0,0,0,0
phase2_nominal_combined_r01_s0024,15.744,0.697582,-0.558055,0.108055,0,0.587603,1.508977,0,0,0,0
phase2_nominal_combined_r01_s0024,15.776,0.700525,-0.558139,0.108139,0,0.590511,1.510414,0,0,0,0
phase2_nominal_combined_r01_s0024,15.808,0.703467,-0.558200,0.108200,0,0.593415,1.511835,0,0,0,0
phase2_nominal_combined_r01_s0024,15.840,0.706409,-0.558246,0.108246,0,0.596316,1.513247,0,0,0,0
phase2_nominal_combined_r01_s0024,15.872,0.709352,-0.558292,0.108292,0,0.599219,1.514664,0,0,0,0
phase2_nominal_combined_r01_s0024,15.904,0.712295,-0.558327,0.108327,0,0.602119,1.516075,0,0,0,0
phase2_nominal_combined_r01_s0024,15.936,0.715238,-0.558351,0.108351,0,0.605019,1.517481,0,0,0,0
phase2_nominal_combined_r01_s0024,15.968,0.718181,-0.558365,0.108365,0,0.607917,1.518883,0,0,0,0
phase2_nominal_combined_r01_s0024,16.000,0.721124,-0.558366,0.108366,0,0.610814,1.520277,0,0,0,0
phase2_nominal_combined_r01_s0024,16.032,0.724068,-0.558353,0.108353,0,0.613709,1.521665,0,0,0,0
phase2_nominal_combined_r01_s0024,16.064,0.727012,-0.558328,0.108328,0,0.616602,1.523046,0,0,0,0
phase2_nominal_combined_r01_s0024,16.096,0.729955,-0.558290,0.108290,0,0.619493,1.524419,0,0,0,0
phase2_nominal_combined_r01_s0024,16.128,0.732899,-0.558238,0.108238,0,0.622383,1.525786,0,0,0,0
phase2_nominal_combined_r01_s0024,16.160,0.735842,-0.558171,0.108171,0,0.625270,1.527143,0,0,0,0
phase2_nominal_combined_r01_s0024,16.192,0.738785,-0.558089,0.108089,0,0.628154,1.528491,0,0,0,0
phase2_nominal_combined_r01_s0024,16.224,0.741728,-0.557991,0.107991,0,0.631037,1.529830,0,0,0,0
phase2_nominal_combined_r01_s0024,16.256,0.744670,-0.557879,0.107879,0,0.633917,1.531161,0,0,0,0
phase2_nominal_combined_r01_s0024,16.288,0.747611,-0.557752,0.107752,0,0.636794,1.532483,0,0,0,0
phase2_nominal_combined_r01_s0024,16.320,0.750552,-0.557610,0.107610,0,0.639668,1.533795,0,0,0,0
phase2_nominal_combined_r01_s0024,16.352,0.753492,-0.557453,0.107463,0,0.642540,1.535099,0,0,0,0
phase2_nominal_combined_r01_s0024,16.384,0.756431,-0.557283,0.107320,0,0.645410,1.536396,0,0,0,0
phase2_nominal_combined_r01_s0024,16.416,0.759370,-0.557100,0.107178,0,0.648278,1.537686,0,0,0,0
phase2_nominal_combined_r01_s0024,16.448,0.762307,-0.556901,0.107037,0,0.651142,1.538966,0,0,0,0
phase2_nominal_combined_r01_s0024,16.480,0.765244,-0.556690,0.106899,0,0.654005,1.540239,0,0,0,0
phase2_nominal_combined_r01_s0024,16.512,0.768179,-0.556466,0.106763,0,0.656865,1.541506,0,0,0,0
phase2_nominal_combined_r01_s0024,16.544,0.771114,-0.556231,0.106631,0,0.659723,1.542767,0,0,0,0
phase2_nominal_combined_r01_s0024,16.576,0.774047,-0.555984,0.106504,0,0.662579,1.544022,0,0,0,0
phase2_nominal_combined_r01_s0024,16.608,0.776980,-0.555727,0.106381,0,0.665433,1.545271,0,0,0,0
phase2_nominal_combined_r01_s0024,16.640,0.779912,-0.555457,0.106262,0,0.668285,1.546515,0,0,0,0
phase2_nominal_combined_r01_s0024,16.672,0.782842,-0.555177,0.106147,0,0.671135,1.547753,0,0,0,0
phase2_nominal_combined_r01_s0024,16.704,0.785772,-0.554885,0.106037,0,0.673983,1.548985,0,0,0,0
phase2_nominal_combined_r01_s0024,16.736,0.788700,-0.554581,0.105930,0,0.676829,1.550211,0,0,0,0
phase2_nominal_combined_r01_s0024,16.768,0.791628,-0.554269,0.105830,0,0.679673,1.551434,0,0,0,0
phase2_nominal_combined_r01_s0024,16.800,0.794554,-0.553949,0.105738,0,0.682516,1.552655,0,0,0,0
phase2_nominal_combined_r01_s0024,16.832,0.797480,-0.553623,0.105656,0,0.685359,1.553874,0,0,0,0
phase2_nominal_combined_r01_s0024,16.864,0.800405,-0.553294,0.105585,0,0.688201,1.555096,0,0,0,0
phase2_nominal_combined_r01_s0024,16.896,0.803330,-0.552953,0.105519,0,0.691042,1.556311,0,0,0,0
phase2_nominal_combined_r01_s0024,16.928,0.806253,-0.552609,0.105465,0,0.693882,1.557528,0,0,0,0
phase2_nominal_combined_r01_s0024,16.960,0.809177,-0.552261,0.105422,0,0.696722,1.558745,0,0,0,0
phase2_nominal_combined_r01_s0024,16.992,0.812099,-0.551908,0.105391,0,0.699562,1.559963,0,0,0,0
phase2_nominal_combined_r01_s0024,17.024,0.815022,-0.551552,0.105372,0,0.702402,1.561183,0,0,0,0
phase2_nominal_combined_r01_s0024,17.056,0.817944,-0.551194,0.105366,0,0.705242,1.562405,0,0,0,0
phase2_nominal_combined_r01_s0024,17.088,0.820865,-0.550828,0.105368,0,0.708080,1.563625,0,0,0,0
phase2_nominal_combined_r01_s0024,17.120,0.823785,-0.550453,0.105376,0,0.710918,1.564840,0,0,0,0
phase2_nominal_combined_r01_s0024,17.152,0.826704,-0.550066,0.105389,0,0.713753,1.566051,0,0,0,0
phase2_nominal_combined_r01_s0024,17.184,0.829621,-0.549670,0.105407,0,0.716586,1.567257,0,0,0,0
phase2_nominal_combined_r01_s0024,17.216,0.832537,-0.549263,0.105430,0,0.719418,1.568458,0,0,0,0
phase2_nominal_combined_r01_s0024,17.248,0.835451,-0.548847,0.105459,0,0.722248,1.569654,0,0,0,0
phase2_nominal_combined_r01_s0024,17.280,0.838364,-0.548418,0.105491,0,0.725075,1.570843,0,0,0,0
phase2_nominal_combined_r01_s0024,17.312,0.841275,-0.547977,0.105526,0,0.727899,1.572026,0,0,0,0
phase2_nominal_combined_r01_s0024,17.344,0.844184,-0.547524,0.105566,0,0.730721,1.573203,0,0,0,0
phase2_nominal_combined_r01_s0024,17.376,0.847092,-0.547060,0.105609,0,0.733541,1.574374,0,0,0,0
phase2_nominal_combined_r01_s0024,17.408,0.849997,-0.546582,0.105653,0,0.736358,1.575536,0,0,0,0
phase2_nominal_combined_r01_s0024,17.440,0.852900,-0.546090,0.105700,0,0.739172,1.576690,0,0,0,0
phase2_nominal_combined_r01_s0024,17.472,0.855800,-0.545585,0.105749,0,0.741983,1.577837,0,0,0,0
phase2_nominal_combined_r01_s0024,17.504,0.858699,-0.545067,0.105800,0,0.744791,1.578976,0,0,0,0
phase2_nominal_combined_r01_s0024,17.536,0.861594,-0.544534,0.105851,0,0.747595,1.580106,0,0,0,0
phase2_nominal_combined_r01_s0024,17.568,0.864487,-0.543986,0.105902,0,0.750396,1.581226,0,0,0,0
phase2_nominal_combined_r01_s0024,17.600,0.867377,-0.543422,0.105954,0,0.753193,1.582337,0,0,0,0
phase2_nominal_combined_r01_s0024,17.632,0.870263,-0.542845,0.106007,0,0.755986,1.583438,0,0,0,0
phase2_nominal_combined_r01_s0024,17.664,0.873147,-0.542252,0.106060,0,0.758776,1.584530,0,0,0,0
phase2_nominal_combined_r01_s0024,17.696,0.876028,-0.541645,0.106113,0,0.761563,1.585614,0,0,0,0
phase2_nominal_combined_r01_s0024,17.728,0.878906,-0.541023,0.106168,0,0.764345,1.586687,0,0,0,0
phase2_nominal_combined_r01_s0024,17.760,0.881780,-0.540386,0.106223,0,0.767124,1.587752,0,0,0,0
phase2_nominal_combined_r01_s0024,17.792,0.884652,-0.539735,0.106278,0,0.769899,1.588808,0,0,0,0
phase2_nominal_combined_r01_s0024,17.824,0.887520,-0.539070,0.106334,0,0.772671,1.589854,0,0,0,0
phase2_nominal_combined_r01_s0024,17.856,0.890384,-0.538390,0.106391,0,0.775438,1.590891,0,0,0,0
phase2_nominal_combined_r01_s0024,17.888,0.893245,-0.537695,0.106449,0,0.778202,1.591919,0,0,0,0
phase2_nominal_combined_r01_s0024,17.920,0.896103,-0.536988,0.106509,0,0.780963,1.592940,0,0,0,0
phase2_nominal_combined_r01_s0024,17.952,0.898958,-0.536271,0.106575,0,0.783721,1.593956,0,0,0,0
phase2_nominal_combined_r01_s0024,17.984,0.901811,-0.535545,0.106646,0,0.786477,1.594968,0,0,0,0
phase2_nominal_combined_r01_s0024,18.016,0.904662,-0.534812,0.106727,0,0.789233,1.595978,0,0,0,0
phase2_nominal_combined_r01_s0024,18.048,0.907511,-0.534067,0.106810,0,0.791985,1.596981,0,0,0,0
phase2_nominal_combined_r01_s0024,18.080,0.910356,-0.533313,0.106899,0,0.794735,1.597980,0,0,0,0
phase2_nominal_combined_r01_s0024,18.112,0.913200,-0.532552,0.106997,0,0.797484,1.598977,0,0,0,0
phase2_nominal_combined_r01_s0024,18.144,0.916042,-0.531785,0.107105,0,0.800233,1.599973,0,0,0,0
phase2_nominal_combined_r01_s0024,18.176,0.918883,-0.531010,0.107219,0,0.802979,1.600966,0,0,0,0
phase2_nominal_combined_r01_s0024,18.208,0.921719,-0.530220,0.107334,0,0.805722,1.601950,0,0,0,0
phase2_nominal_combined_r01_s0024,18.240,0.924550,-0.529413,0.107446,0,0.808460,1.602921,0,0,0,0
phase2_nominal_combined_r01_s0024,18.272,0.927376,-0.528586,0.107553,0,0.811192,1.603878,0,0,0,0
phase2_nominal_combined_r01_s0024,18.304,0.930197,-0.527742,0.107658,0,0.813918,1.604822,0,0,0,0
phase2_nominal_combined_r01_s0024,18.336,0.933012,-0.526877,0.107757,0,0.816638,1.605751,0,0,0,0
phase2_nominal_combined_r01_s0024,18.368,0.935820,-0.525990,0.107848,0,0.819351,1.606664,0,0,0,0
phase2_nominal_combined_r01_s0024,18.400,0.938620,-0.525080,0.107931,0,0.822056,1.607558,0,0,0,0
phase2_nominal_combined_r01_s0024,18.432,0.941413,-0.524147,0.108005,0,0.824753,1.608434,0,0,0,0
phase2_nominal_combined_r01_s0024,18.464,0.944198,-0.523190,0.108068,0,0.827442,1.609290,0,0,0,0
phase2_nominal_combined_r01_s0024,18.496,0.946974,-0.522206,0.108120,0,0.830120,1.610124,0,0,0,0
phase2_nominal_combined_r01_s0024,18.528,0.949740,-0.521197,0.108160,0,0.832789,1.610938,0,0,0,0
phase2_nominal_combined_r01_s0024,18.560,0.952498,-0.520165,0.108191,0,0.835450,1.611732,0,0,0,0
phase2_nominal_combined_r01_s0024,18.592,0.955247,-0.519109,0.108212,0,0.838101,1.612508,0,0,0,0
phase2_nominal_combined_r01_s0024,18.624,0.957987,-0.518031,0.108224,0,0.840744,1.613265,0,0,0,0
phase2_nominal_combined_r01_s0024,18.656,0.960718,-0.516931,0.108229,0,0.843378,1.614004,0,0,0,0
phase2_nominal_combined_r01_s0024,18.688,0.963440,-0.515811,0.108227,0,0.846004,1.614727,0,0,0,0
phase2_nominal_combined_r01_s0024,18.720,0.966154,-0.514669,0.108217,0,0.848621,1.615432,0,0,0,0
phase2_nominal_combined_r01_s0024,18.752,0.968859,-0.513507,0.108202,0,0.851232,1.616122,0,0,0,0
phase2_nominal_combined_r01_s0024,18.784,0.971556,-0.512327,0.108181,0,0.853834,1.616796,0,0,0,0
phase2_nominal_combined_r01_s0024,18.816,0.974245,-0.511129,0.108156,0,0.856429,1.617457,0,0,0,0
phase2_nominal_combined_r01_s0024,18.848,0.976926,-0.509913,0.108128,0,0.859018,1.618104,0,0,0,0
phase2_nominal_combined_r01_s0024,18.880,0.979600,-0.508682,0.108098,0,0.861600,1.618739,0,0,0,0
phase2_nominal_combined_r01_s0024,18.912,0.982266,-0.507434,0.108065,0,0.864177,1.619362,0,0,0,0
phase2_nominal_combined_r01_s0024,18.944,0.984925,-0.506172,0.108032,0,0.866748,1.619974,0,0,0,0
phase2_nominal_combined_r01_s0024,18.976,0.987580,-0.504900,0.108003,0,0.869315,1.620580,0,0,0,0
phase2_nominal_combined_r01_s0024,19.008,0.990231,-0.503620,0.107982,0,0.871881,1.621184,0,0,0,0
phase2_nominal_combined_r01_s0024,19.040,0.992880,-0.502337,0.107972,0,0.874447,1.621788,0,0,0,0
phase2_nominal_combined_r01_s0024,19.072,0.995526,-0.501048,0.107971,0,0.877013,1.622392,0,0,0,0
phase2_nominal_combined_r01_s0024,19.104,0.998169,-0.499751,0.107978,0,0.879577,1.622993,0,0,0,0
phase2_nominal_combined_r01_s0024,19.136,1.000808,-0.498448,0.107992,0,0.882139,1.623590,0,0,0,0
phase2_nominal_combined_r01_s0024,19.168,1.003445,-0.497139,0.108016,0,0.884702,1.624188,0,0,0,0
phase2_nominal_combined_r01_s0024,19.200,1.006080,-0.495826,0.108051,0,0.887264,1.624786,0,0,0,0
phase2_nominal_combined_r01_s0024,19.232,1.008713,-0.494510,0.108097,0,0.889827,1.625385,0,0,0,0
phase2_nominal_combined_r01_s0024,19.264,1.011341,-0.493182,0.108147,0,0.892386,1.625978,0,0,0,0
phase2_nominal_combined_r01_s0024,19.296,1.013961,-0.491839,0.108194,0,0.894939,1.626558,0,0,0,0
phase2_nominal_combined_r01_s0024,19.328,1.016573,-0.490480,0.108240,0,0.897486,1.627126,0,0,0,0
phase2_nominal_combined_r01_s0024,19.360,1.019175,-0.489103,0.108281,0,0.900025,1.627680,0,0,0,0
phase2_nominal_combined_r01_s0024,19.392,1.021769,-0.487709,0.108318,0,0.902557,1.628220,0,0,0,0
phase2_nominal_combined_r01_s0024,19.424,1.024354,-0.486299,0.108352,0,0.905082,1.628747,0,0,0,0
phase2_nominal_combined_r01_s0024,19.456,1.026929,-0.484870,0.108381,0,0.907599,1.629257,0,0,0,0
phase2_nominal_combined_r01_s0024,19.488,1.029494,-0.483424,0.108404,0,0.910107,1.629753,0,0,0,0
phase2_nominal_combined_r01_s0024,19.520,1.032047,-0.481957,0.108420,0,0.912607,1.630232,0,0,0,0
phase2_nominal_combined_r01_s0024,19.552,1.034589,-0.480472,0.108430,0,0.915097,1.630694,0,0,0,0
phase2_nominal_combined_r01_s0024,19.584,1.037120,-0.478967,0.108433,0,0.917578,1.631140,0,0,0,0
phase2_nominal_combined_r01_s0024,19.616,1.039640,-0.477444,0.108430,0,0.920050,1.631569,0,0,0,0
phase2_nominal_combined_r01_s0024,19.648,1.042148,-0.475900,0.108419,0,0.922511,1.631980,0,0,0,0
phase2_nominal_combined_r01_s0024,19.680,1.044643,-0.474337,0.108399,0,0.924963,1.632372,0,0,0,0
phase2_nominal_combined_r01_s0024,19.712,1.047126,-0.472755,0.108374,0,0.927405,1.632749,0,0,0,0
phase2_nominal_combined_r01_s0024,19.744,1.049598,-0.471156,0.108343,0,0.929839,1.633110,0,0,0,0
phase2_nominal_combined_r01_s0024,19.776,1.052058,-0.469538,0.108306,0,0.932263,1.633454,0,0,0,0
phase2_nominal_combined_r01_s0024,19.808,1.054507,-0.467905,0.108265,0,0.934679,1.633785,0,0,0,0
phase2_nominal_combined_r01_s0024,19.840,1.056945,-0.466255,0.108220,0,0.937086,1.634101,0,0,0,0
phase2_nominal_combined_r01_s0024,19.872,1.059374,-0.464591,0.108173,0,0.939487,1.634405,0,0,0,0
phase2_nominal_combined_r01_s0024,19.904,1.061793,-0.462914,0.108126,0,0.941882,1.634699,0,0,0,0
phase2_nominal_combined_r01_s0024,19.936,1.064204,-0.461226,0.108080,0,0.944271,1.634984,0,0,0,0
phase2_nominal_combined_r01_s0024,19.968,1.066607,-0.459526,0.108036,0,0.946655,1.635260,0,0,0,0
phase2_nominal_combined_r01_s0024,20.000,1.069003,-0.457815,0.107995,0,0.949035,1.635529,0,0,0,0
phase2_nominal_combined_r01_s0024,20.032,1.071393,-0.456097,0.107958,0,0.951412,1.635792,0,0,0,0
phase2_nominal_combined_r01_s0024,20.064,1.073776,-0.454369,0.107926,0,0.953786,1.636050,0,0,0,0
phase2_nominal_combined_r01_s0024,20.096,1.076155,-0.452635,0.107903,0,0.956159,1.636307,0,0,0,0
phase2_nominal_combined_r01_s0024,20.128,1.078537,-0.450905,0.107899,0,0.958537,1.636572,0,0,0,0
phase2_nominal_combined_r01_s0024,20.160,1.080912,-0.449166,0.107900,0,0.960913,1.636832,0,0,0,0
phase2_nominal_combined_r01_s0024,20.192,1.083283,-0.447420,0.107909,0,0.963286,1.637089,0,0,0,0
phase2_nominal_combined_r01_s0024,20.224,1.085650,-0.445670,0.107927,0,0.965659,1.637346,0,0,0,0
phase2_nominal_combined_r01_s0024,20.256,1.088015,-0.443918,0.107959,0,0.968035,1.637606,0,0,0,0
phase2_nominal_combined_r01_s0024,20.288,1.090378,-0.442162,0.108001,0,0.970410,1.637866,0,0,0,0
phase2_nominal_combined_r01_s0024,20.320,1.092734,-0.440396,0.108046,0,0.972781,1.638119,0,0,0,0
phase2_nominal_combined_r01_s0024,20.352,1.095080,-0.438618,0.108092,0,0.975147,1.638362,0,0,0,0
phase2_nominal_combined_r01_s0024,20.384,1.097419,-0.436829,0.108139,0,0.977507,1.638597,0,0,0,0
phase2_nominal_combined_r01_s0024,20.416,1.099746,-0.435024,0.108183,0,0.979860,1.638818,0,0,0,0
phase2_nominal_combined_r01_s0024,20.448,1.102062,-0.433207,0.108225,0,0.982205,1.639027,0,0,0,0
phase2_nominal_combined_r01_s0024,20.480,1.104367,-0.431375,0.108266,0,0.984543,1.639224,0,0,0,0
phase2_nominal_combined_r01_s0024,20.512,1.106661,-0.429528,0.108302,0,0.986873,1.639407,0,0,0,0
phase2_nominal_combined_r01_s0024,20.544,1.108941,-0.427665,0.108333,0,0.989193,1.639574,0,0,0,0
phase2_nominal_combined_r01_s0024,20.576,1.111208,-0.425786,0.108359,0,0.991503,1.639726,0,0,0,0
phase2_nominal_combined_r01_s0024,20.608,1.113460,-0.423889,0.108377,0,0.993803,1.639861,0,0,0,0
phase2_nominal_combined_r01_s0024,20.640,1.115698,-0.421976,0.108389,0,0.996092,1.639978,0,0,0,0
phase2_nominal_combined_r01_s0024,20.672,1.117922,-0.420046,0.108395,0,0.998371,1.640079,0,0,0,0
phase2_nominal_combined_r01_s0024,20.704,1.120130,-0.418097,0.108392,0,1.000638,1.640161,0,0,0,0
phase2_nominal_combined_r01_s0024,20.736,1.122322,-0.416131,0.108380,0,1.002894,1.640224,0,0,0,0
phase2_nominal_combined_r01_s0024,20.768,1.124499,-0.414150,0.108363,0,1.005139,1.640272,0,0,0,0
phase2_nominal_combined_r01_s0024,20.800,1.126662,-0.412152,0.108340,0,1.007374,1.640303,0,0,0,0
phase2_nominal_combined_r01_s0024,20.832,1.128810,-0.410139,0.108311,0,1.009598,1.640318,0,0,0,0
phase2_nominal_combined_r01_s0024,20.864,1.130945,-0.408112,0.108278,0,1.011813,1.640319,0,0,0,0
phase2_nominal_combined_r01_s0024,20.896,1.133066,-0.406071,0.108241,0,1.014018,1.640306,0,0,0,0
phase2_nominal_combined_r01_s0024,20.928,1.135175,-0.404017,0.108202,0,1.016216,1.640280,0,0,0,0
phase2_nominal_combined_r01_s0024,20.960,1.137271,-0.401950,0.108160,0,1.018406,1.640242,0,0,0,0
phase2_nominal_combined_r01_s0024,20.992,1.139356,-0.399872,0.108119,0,1.020588,1.640193,0,0,0,0
phase2_nominal_combined_r01_s0024,21.024,1.141430,-0.397783,0.108076,0,1.022764,1.640132,0,0,0,0
phase2_nominal_combined_r01_s0024,21.056,1.143493,-0.395684,0.108034,0,1.024933,1.640064,0,0,0,0
phase2_nominal_combined_r01_s0024,21.088,1.145548,-0.393576,0.107996,0,1.027099,1.639988,0,0,0,0
phase2_nominal_combined_r01_s0024,21.120,1.147596,-0.391462,0.107965,0,1.029262,1.639909,0,0,0,0
phase2_nominal_combined_r01_s0024,21.152,1.149640,-0.389343,0.107943,0,1.031425,1.639828,0,0,0,0
phase2_nominal_combined_r01_s0024,21.184,1.151690,-0.387230,0.107945,0,1.033598,1.639761,0,0,0,0
phase2_nominal_combined_r01_s0024,21.216,1.153731,-0.385109,0.107950,0,1.035766,1.639688,0,0,0,0
phase2_nominal_combined_r01_s0024,21.248,1.155766,-0.382983,0.107963,0,1.037932,1.639611,0,0,0,0
phase2_nominal_combined_r01_s0024,21.280,1.157798,-0.380852,0.107985,0,1.040099,1.639534,0,0,0,0
phase2_nominal_combined_r01_s0024,21.312,1.159826,-0.378718,0.108018,0,1.042266,1.639458,0,0,0,0
phase2_nominal_combined_r01_s0024,21.344,1.161848,-0.376579,0.108060,0,1.044432,1.639380,0,0,0,0
phase2_nominal_combined_r01_s0024,21.376,1.163863,-0.374432,0.108106,0,1.046594,1.639296,0,0,0,0
phase2_nominal_combined_r01_s0024,21.408,1.165865,-0.372273,0.108149,0,1.048749,1.639199,0,0,0,0
phase2_nominal_combined_r01_s0024,21.440,1.167855,-0.370104,0.108193,0,1.050896,1.639092,0,0,0,0
phase2_nominal_combined_r01_s0024,21.472,1.169832,-0.367922,0.108234,0,1.053035,1.638972,0,0,0,0
phase2_nominal_combined_r01_s0024,21.504,1.171794,-0.365726,0.108270,0,1.055165,1.638838,0,0,0,0
phase2_nominal_combined_r01_s0024,21.536,1.173742,-0.363518,0.108304,0,1.057285,1.638690,0,0,0,0
phase2_nominal_combined_r01_s0024,21.568,1.175674,-0.361296,0.108331,0,1.059394,1.638526,0,0,0,0
phase2_nominal_combined_r01_s0024,21.600,1.177589,-0.359059,0.108351,0,1.061492,1.638344,0,0,0,0
phase2_nominal_combined_r01_s0024,21.632,1.179486,-0.356808,0.108364,0,1.063577,1.638145,0,0,0,0
phase2_nominal_combined_r01_s0024,21.664,1.181369,-0.354543,0.108373,0,1.065653,1.637932,0,0,0,0
phase2_nominal_combined_r01_s0024,21.696,1.183234,-0.352265,0.108375,0,1.067717,1.637702,0,0,0,0
phase2_nominal_combined_r01_s0024,21.728,1.185082,-0.349973,0.108370,0,1.069769,1.637455,0,0,0,0
phase2_nominal_combined_r01_s0024,21.760,1.186913,-0.347667,0.108359,0,1.071809,1.637191,0,0,0,0
phase2_nominal_combined_r01_s0024,21.792,1.188727,-0.345348,0.108342,0,1.073838,1.636911,0,0,0,0
phase2_nominal_combined_r01_s0024,21.824,1.190523,-0.343015,0.108319,0,1.075856,1.636615,0,0,0,0
phase2_nominal_combined_r01_s0024,21.856,1.192302,-0.340670,0.108290,0,1.077862,1.636302,0,0,0,0
phase2_nominal_combined_r01_s0024,21.888,1.194064,-0.338311,0.108254,0,1.079856,1.635973,0,0,0,0
phase2_nominal_combined_r01_s0024,21.920,1.195810,-0.335941,0.108214,0,1.081840,1.635630,0,0,0,0
phase2_nominal_combined_r01_s0024,21.952,1.197542,-0.333561,0.108173,0,1.083815,1.635275,0,0,0,0
phase2_nominal_combined_r01_s0024,21.984,1.199259,-0.331170,0.108129,0,1.085781,1.634907,0,0,0,0
phase2_nominal_combined_r01_s0024,22.016,1.200962,-0.328769,0.108082,0,1.087738,1.634526,0,0,0,0
phase2_nominal_combined_r01_s0024,22.048,1.202653,-0.326360,0.108037,0,1.089690,1.634138,0,0,0,0
phase2_nominal_combined_r01_s0024,22.080,1.204332,-0.323942,0.107993,0,1.091635,1.633739,0,0,0,0
phase2_nominal_combined_r01_s0024,22.112,1.206001,-0.321518,0.107952,0,1.093575,1.633334,0,0,0,0
phase2_nominal_combined_r01_s0024,22.144,1.207659,-0.319086,0.107914,0,1.095509,1.632921,0,0,0,0
phase2_nominal_combined_r01_s0024,22.176,1.209308,-0.316648,0.107880,0,1.097440,1.632502,0,0,0,0
phase2_nominal_combined_r01_s0024,22.208,1.210950,-0.314205,0.107853,0,1.099369,1.632080,0,0,0,0
phase2_nominal_combined_r01_s0024,22.240,1.212596,-0.311763,0.107846,0,1.101306,1.631667,0,0,0,0
phase2_nominal_combined_r01_s0024,22.272,1.214233,-0.309317,0.107843,0,1.103239,1.631249,0,0,0,0
phase2_nominal_combined_r01_s0024,22.304,1.215862,-0.306866,0.107848,0,1.105171,1.630828,0,0,0,0
phase2_nominal_combined_r01_s0024,22.336,1.217487,-0.304411,0.107862,0,1.107102,1.630406,0,0,0,0
phase2_nominal_combined_r01_s0024,22.368,1.219110,-0.301955,0.107890,0,1.109036,1.629987,0,0,0,0
phase2_nominal_combined_r01_s0024,22.400,1.220729,-0.299497,0.107929,0,1.110971,1.629568,0,0,0,0
phase2_nominal_combined_r01_s0024,22.432,1.222340,-0.297032,0.107972,0,1.112903,1.629145,0,0,0,0
phase2_nominal_combined_r01_s0024,22.464,1.223937,-0.294559,0.108016,0,1.114827,1.628711,0,0,0,0
phase2_nominal_combined_r01_s0024,22.496,1.225523,-0.292079,0.108061,0,1.116745,1.628269,0,0,0,0
phase2_nominal_combined_r01_s0024,22.528,1.227095,-0.289589,0.108105,0,1.118656,1.627815,0,0,0,0
phase2_nominal_combined_r01_s0024,22.560,1.228654,-0.287091,0.108149,0,1.120559,1.627352,0,0,0,0
phase2_nominal_combined_r01_s0024,22.592,1.230197,-0.284584,0.108191,0,1.122453,1.626875,0,0,0,0
phase2_nominal_combined_r01_s0024,22.624,1.231724,-0.282066,0.108228,0,1.124336,1.626385,0,0,0,0
phase2_nominal_combined_r01_s0024,22.656,1.233232,-0.279537,0.108260,0,1.126207,1.625878,0,0,0,0
phase2_nominal_combined_r01_s0024,22.688,1.234723,-0.276998,0.108286,0,1.128067,1.625356,0,0,0,0
phase2_nominal_combined_r01_s0024,22.720,1.236195,-0.274448,0.108308,0,1.129916,1.624820,0,0,0,0
phase2_nominal_combined_r01_s0024,22.752,1.237648,-0.271887,0.108322,1,1.131752,1.624266,0,0,0,0
phase2_nominal_combined_r01_s0024,22.784,1.239082,-0.269315,0.108330,1,1.133575,1.623695,0,0,0,0
phase2_nominal_combined_r01_s0024,22.816,1.240496,-0.266733,0.108331,1,1.135385,1.623108,0,0,0,0
phase2_nominal_combined_r01_s0024,22.848,1.241892,-0.264140,0.108325,1,1.137183,1.622505,0,0,0,0
phase2_nominal_combined_r01_s0024,22.880,1.243267,-0.261537,0.108314,1,1.138968,1.621886,0,0,0,0
phase2_nominal_combined_r01_s0024,22.912,1.244624,-0.258924,0.108296,1,1.140740,1.621250,0,0,0,0
phase2_nominal_combined_r01_s0024,22.944,1.245961,-0.256301,0.108272,1,1.142500,1.620598,0,0,0,0
phase2_nominal_combined_r01_s0024,22.976,1.247280,-0.253670,0.108244,1,1.144249,1.619932,0,0,0,0
phase2_nominal_combined_r01_s0024,23.008,1.248582,-0.251030,0.108211,1,1.145987,1.619252,0,0,0,0
phase2_nominal_combined_r01_s0024,23.040,1.249865,-0.248381,0.108174,1,1.147713,1.618558,0,0,0,0
phase2_nominal_combined_r01_s0024,23.072,1.251133,-0.245724,0.108135,1,1.149430,1.617851,0,0,0,0
phase2_nominal_combined_r01_s0024,23.104,1.252384,-0.243060,0.108093,1,1.151137,1.617132,0,0,0,0
phase2_nominal_combined_r01_s0024,23.136,1.253620,-0.240389,0.108051,1,1.152837,1.616403,0,0,0,0
phase2_nominal_combined_r01_s0024,23.168,1.254842,-0.237711,0.108007,1,1.154527,1.615662,0,0,0,0
phase2_nominal_combined_r01_s0024,23.200,1.256053,-0.235029,0.107968,1,1.156213,1.614915,0,0,0,0
phase2_nominal_combined_r01_s0024,23.232,1.257252,-0.232341,0.107931,1,1.157893,1.614161,0,0,0,0
phase2_nominal_combined_r01_s0024,23.264,1.258443,-0.229649,0.107901,1,1.159572,1.613403,0,0,0,0
phase2_nominal_combined_r01_s0024,23.296,1.259638,-0.226959,0.107890,1,1.161259,1.612654,0,0,0,0
phase2_nominal_combined_r01_s0024,23.328,1.260824,-0.224265,0.107885,1,1.162943,1.611901,0,0,0,0
phase2_nominal_combined_r01_s0024,23.360,1.262002,-0.221567,0.107887,1,1.164624,1.611144,0,0,0,0
phase2_nominal_combined_r01_s0024,23.392,1.263174,-0.218868,0.107899,1,1.166306,1.610387,0,0,0,0
phase2_nominal_combined_r01_s0024,23.424,1.264343,-0.216166,0.107922,1,1.167990,1.609631,0,0,0,0
phase2_nominal_combined_r01_s0024,23.456,1.265507,-0.213463,0.107955,1,1.169674,1.608874,0,0,0,0
phase2_nominal_combined_r01_s0024,23.488,1.266663,-0.210755,0.107995,1,1.171355,1.608114,0,0,0,0
phase2_nominal_combined_r01_s0024,23.520,1.267806,-0.208042,0.108036,1,1.173031,1.607345,0,0,0,0
phase2_nominal_combined_r01_s0024,23.552,1.268935,-0.205323,0.108078,1,1.174699,1.606567,0,0,0,0
phase2_nominal_combined_r01_s0024,23.584,1.270050,-0.202598,0.108120,1,1.176360,1.605779,0,0,0,0
phase2_nominal_combined_r01_s0024,23.616,1.271149,-0.199867,0.108161,1,1.178012,1.604980,0,0,0,0
phase2_nominal_combined_r01_s0024,23.648,1.272233,-0.197129,0.108199,1,1.179654,1.604169,0,0,0,0
phase2_nominal_combined_r01_s0024,23.680,1.273297,-0.194384,0.108234,1,1.181285,1.603343,0,0,0,0
phase2_nominal_combined_r01_s0024,23.712,1.274344,-0.191632,0.108265,1,1.182905,1.602505,0,0,0,0
phase2_nominal_combined_r01_s0024,23.744,1.275371,-0.188872,0.108290,1,1.184513,1.601651,0,0,0,0
phase2_nominal_combined_r01_s0024,23.776,1.276379,-0.186105,0.108310,1,1.186108,1.600782,0,0,0,0
phase2_nominal_combined_r01_s0024,23.808,1.277365,-0.183331,0.108323,1,1.187690,1.599896,0,0,0,0
phase2_nominal_combined_r01_s0024,23.840,1.278330,-0.180549,0.108329,1,1.189257,1.598995,0,0,0,0
phase2_nominal_combined_r01_s0024,23.872,1.279275,-0.177761,0.108328,1,1.190812,1.598077,0,0,0,0
phase2_nominal_combined_r01_s0024,23.904,1.280198,-0.174965,0.108321,1,1.192352,1.597143,0,0,0,0
phase2_nominal_combined_r01_s0024,23.936,1.281101,-0.172163,0.108308,1,1.193879,1.596193,0,0,0,0
phase2_nominal_combined_r01_s0024,23.968,1.281982,-0.169354,0.108288,1,1.195393,1.595228,0,0,0,0
phase2_nominal_combined_r01_s0024,24.000,1.282843,-0.166539,0.108262,1,1.196893,1.594246,0,0,0,0
phase2_nominal_combined_r01_s0024,24.032,1.283683,-0.163718,0.108230,1,1.198380,1.593250,0,0,0,0
phase2_nominal_combined_r01_s0024,24.064,1.284504,-0.160891,0.108194,1,1.199855,1.592239,0,0,0,0
phase2_nominal_combined_r01_s0024,24.096,1.285307,-0.158060,0.108155,1,1.201320,1.591217,0,0,0,0
phase2_nominal_combined_r01_s0024,24.128,1.286094,-0.155224,0.108114,1,1.202775,1.590183,0,0,0,0
phase2_nominal_combined_r01_s0024,24.160,1.286862,-0.152383,0.108070,1,1.204219,1.589136,0,0,0,0
phase2_nominal_combined_r01_s0024,24.192,1.287615,-0.149539,0.108025,1,1.205654,1.588079,0,0,0,0
phase2_nominal_combined_r01_s0024,24.224,1.288355,-0.146690,0.107982,1,1.207083,1.587014,0,0,0,0
phase2_nominal_combined_r01_s0024,24.256,1.289082,-0.143839,0.107941,1,1.208506,1.585941,0,0,0,0
phase2_nominal_combined_r01_s0024,24.288,1.289798,-0.140985,0.107906,1,1.209925,1.584864,0,0,0,0
phase2_nominal_combined_r01_s0024,24.320,1.290504,-0.138127,0.107874,1,1.211340,1.583780,0,0,0,0
phase2_nominal_combined_r01_s0024,24.352,1.291215,-0.135270,0.107863,1,1.212765,1.582705,0,0,0,0
phase2_nominal_combined_r01_s0024,24.384,1.291916,-0.132412,0.107858,1,1.214186,1.581626,0,0,0,0
phase2_nominal_combined_r01_s0024,24.416,1.292608,-0.129552,0.107860,1,1.215606,1.580544,0,0,0,0
phase2_nominal_combined_r01_s0024,24.448,1.293295,-0.126690,0.107871,1,1.217025,1.579462,0,0,0,0
phase2_nominal_combined_r01_s0024,24.480,1.293978,-0.123827,0.107893,1,1.218447,1.578380,0,0,0,0
phase2_nominal_combined_r01_s0024,24.512,1.294656,-0.120963,0.107926,1,1.219869,1.577297,0,0,0,0
phase2_nominal_combined_r01_s0024,24.544,1.295324,-0.118096,0.107965,1,1.221289,1.576211,0,0,0,0
phase2_nominal_combined_r01_s0024,24.576,1.295977,-0.115225,0.108003,1,1.222700,1.575114,0,0,0,0
phase2_nominal_combined_r01_s0024,24.608,1.296614,-0.112351,0.108040,1,1.224102,1.574007,0,0,0,0
phase2_nominal_combined_r01_s0024,24.640,1.297235,-0.109473,0.108077,1,1.225496,1.572889,0,0,0,0
phase2_nominal_combined_r01_s0024,24.672,1.297839,-0.106591,0.108112,1,1.226880,1.571760,0,0,0,0
phase2_nominal_combined_r01_s0024,24.704,1.298423,-0.103705,0.108142,1,1.228251,1.570617,0,0,0,0
phase2_nominal_combined_r01_s0024,24.736,1.298988,-0.100815,0.108168,1,1.229611,1.569461,0,0,0,0
phase2_nominal_combined_r01_s0024,24.768,1.299533,-0.097921,0.108189,1,1.230958,1.568289,0,0,0,0
phase2_nominal_combined_r01_s0024,24.800,1.300057,-0.095024,0.108205,1,1.232292,1.567104,0,0,0,0
phase2_nominal_combined_r01_s0024,24.832,1.300559,-0.092122,0.108213,1,1.233611,1.565902,0,0,0,0
phase2_nominal_combined_r01_s0024,24.864,1.301038,-0.089217,0.108214,1,1.234915,1.564685,0,0,0,0
phase2_nominal_combined_r01_s0024,24.896,1.301496,-0.086308,0.108209,1,1.236206,1.563452,0,0,0,0
phase2_nominal_combined_r01_s0024,24.928,1.301932,-0.083397,0.108197,1,1.237482,1.562204,0,0,0,0
phase2_nominal_combined_r01_s0024,24.960,1.302349,-0.080483,0.108181,1,1.238746,1.560943,0,0,0,0
phase2_nominal_combined_r01_s0024,24.992,1.302745,-0.077566,0.108161,1,1.239997,1.559668,0,0,0,0
phase2_nominal_combined_r01_s0024,25.024,1.303122,-0.074646,0.108136,1,1.241236,1.558380,0,0,0,0
phase2_nominal_combined_r01_s0024,25.056,1.303478,-0.071725,0.108106,1,1.242462,1.557078,0,0,0,0
phase2_nominal_combined_r01_s0024,25.088,1.303817,-0.068802,0.108074,1,1.243678,1.555765,0,0,0,0
phase2_nominal_combined_r01_s0024,25.120,1.304138,-0.065876,0.108040,1,1.244883,1.554439,0,0,0,0
phase2_nominal_combined_r01_s0024,25.152,1.304440,-0.062949,0.108002,1,1.246076,1.553102,0,0,0,0
phase2_nominal_combined_r01_s0024,25.184,1.304726,-0.060020,0.107963,1,1.247261,1.551755,0,0,0,0
phase2_nominal_combined_r01_s0024,25.216,1.304995,-0.057090,0.107924,1,1.248436,1.550397,0,0,0,0
phase2_nominal_combined_r01_s0024,25.248,1.305248,-0.054157,0.107883,1,1.249602,1.549028,0,0,0,0
phase2_nominal_combined_r01_s0024,25.280,1.305486,-0.051222,0.107843,1,1.250760,1.547652,0,0,0,0
phase2_nominal_combined_r01_s0024,25.312,1.305715,-0.048287,0.107809,1,1.251916,1.546270,0,0,0,0
phase2_nominal_combined_r01_s0024,25.344,1.305929,-0.045351,0.107776,1,1.253064,1.544881,0,0,0,0
phase2_nominal_combined_r01_s0024,25.376,1.306133,-0.042415,0.107748,1,1.254208,1.543486,0,0,0,0
phase2_nominal_combined_r01_s0024,25.408,1.306342,-0.039478,0.107741,1,1.255363,1.542100,0,0,0,0
phase2_nominal_combined_r01_s0024,25.440,1.306540,-0.036541,0.107738,1,1.256513,1.540709,0,0,0,0
phase2_nominal_combined_r01_s0024,25.472,1.306729,-0.033603,0.107743,1,1.257662,1.539316,0,0,0,0
phase2_nominal_combined_r01_s0024,25.504,1.306911,-0.030665,0.107754,1,1.258809,1.537919,0,0,0,0
phase2_nominal_combined_r01_s0024,25.536,1.307088,-0.027726,0.107778,1,1.259958,1.536523,0,0,0,0
phase2_nominal_combined_r01_s0024,25.568,1.307261,-0.024788,0.107812,1,1.261108,1.535127,0,0,0,0
phase2_nominal_combined_r01_s0024,25.600,1.307424,-0.021848,0.107852,1,1.262256,1.533727,0,0,0,0
phase2_nominal_combined_r01_s0024,25.632,1.307571,-0.018908,0.107892,1,1.263394,1.532317,0,0,0,0
phase2_nominal_combined_r01_s0024,25.664,1.307704,-0.015966,0.107933,1,1.264526,1.530899,0,0,0,0
phase2_nominal_combined_r01_s0024,25.696,1.307821,-0.013024,0.107973,1,1.265648,1.529471,0,0,0,0
phase2_nominal_combined_r01_s0024,25.728,1.307922,-0.010082,0.108013,1,1.266762,1.528034,0,0,0,0
phase2_nominal_combined_r01_s0024,25.760,1.308004,-0.007138,0.108050,1,1.267865,1.526585,0,0,0,0
phase2_nominal_combined_r01_s0024,25.792,1.308067,-0.004195,0.108083,1,1.268955,1.525123,0,0,0,0
phase2_nominal_combined_r01_s0024,25.824,1.308111,-0.001250,0.108113,1,1.270033,1.523649,0,0,0,0
phase2_nominal_combined_r01_s0024,25.856,1.308134,0.001694,0.108137,1,1.271098,1.522161,0,0,0,0
phase2_nominal_combined_r01_s0024,25.888,1.308136,0.004639,0.108155,1,1.272149,1.520659,0,0,0,0
phase2_nominal_combined_r01_s0024,25.920,1.308115,0.007583,0.108166,1,1.273185,1.519142,0,0,0,0
phase2_nominal_combined_r01_s0024,25.952,1.308072,0.010527,0.108171,1,1.274205,1.517610,0,0,0,0
phase2_nominal_combined_r01_s0024,25.984,1.308006,0.013471,0.108169,1,1.275212,1.516063,0,0,0,0
phase2_nominal_combined_r01_s0024,26.016,1.307919,0.016414,0.108160,1,1.276203,1.514502,0,0,0,0
phase2_nominal_combined_r01_s0024,26.048,1.307810,0.019356,0.108145,1,1.277179,1.512926,0,0,0,0
phase2_nominal_combined_r01_s0024,26.080,1.307681,0.022298,0.108126,1,1.278143,1.511338,0,0,0,0
phase2_nominal_combined_r01_s0024,26.112,1.307532,0.025238,0.108103,1,1.279095,1.509737,0,0,0,0
phase2_nominal_combined_r01_s0024,26.144,1.307365,0.028178,0.108077,1,1.280035,1.508125,0,0,0,0
phase2_nominal_combined_r01_s0024,26.176,1.307180,0.031116,0.108048,1,1.280964,1.506502,0,0,0,0
phase2_nominal_combined_r01_s0024,26.208,1.306977,0.034053,0.108017,1,1.281882,1.504867,0,0,0,0
phase2_nominal_combined_r01_s0024,26.240,1.306757,0.036989,0.107985,1,1.282790,1.503223,0,0,0,0
phase2_nominal_combined_r01_s0024,26.272,1.306522,0.039923,0.107952,1,1.283689,1.501570,0,0,0,0
phase2_nominal_combined_r01_s0024,26.304,1.306269,0.042856,0.107918,1,1.284578,1.499907,0,0,0,0
phase2_nominal_combined_r01_s0024,26.336,1.306002,0.045788,0.107885,1,1.285460,1.498235,0,0,0,0
phase2_nominal_combined_r01_s0024,26.368,1.305723,0.048719,0.107855,1,1.286336,1.496558,0,0,0,0
phase2_nominal_combined_r01_s0024,26.400,1.305433,0.051648,0.107829,1,1.287207,1.494875,0,0,0,0
phase2_nominal_combined_r01_s0024,26.432,1.305131,0.054576,0.107808,1,1.288074,1.493187,0,0,0,0
phase2_nominal_combined_r01_s0024,26.464,1.304830,0.057505,0.107802,1,1.288947,1.491503,0,0,0,0
phase2_nominal_combined_r01_s0024,26.496,1.304521,0.060432,0.107805,1,1.289819,1.489817,0,0,0,0
phase2_nominal_combined_r01_s0024,26.528,1.304206,0.063359,0.107816,1,1.290691,1.488129,0,0,0,0
phase2_nominal_combined_r01_s0024,26.560,1.303882,0.066285,0.107834,1,1.291560,1.486438,0,0,0,0
phase2_nominal_combined_r01_s0024,26.592,1.303554,0.069211,0.107864,1,1.292432,1.484748,0,0,0,0
phase2_nominal_combined_r01_s0024,26.624,1.303222,0.072136,0.107905,1,1.293305,1.483057,0,0,0,0
phase2_nominal_combined_r01_s0024,26.656,1.302881,0.075060,0.107953,1,1.294178,1.481364,0,0,0,0
phase2_nominal_combined_r01_s0024,26.688,1.302525,0.077982,0.108001,1,1.295041,1.479662,0,0,0,0
phase2_nominal_combined_r01_s0024,26.720,1.302154,0.080903,0.108050,1,1.295896,1.477952,0,0,0,0
phase2_nominal_combined_r01_s0024,26.752,1.301767,0.083822,0.108098,1,1.296742,1.476232,0,0,0,0
phase2_nominal_combined_r01_s0024,26.784,1.301362,0.086738,0.108143,1,1.297576,1.474501,0,0,0,0
phase2_nominal_combined_r01_s0024,26.816,1.300939,0.089652,0.108186,1,1.298400,1.472760,0,0,0,0
phase2_nominal_combined_r01_s0024,26.848,1.300497,0.092564,0.108225,1,1.299211,1.471007,0,0,0,0
phase2_nominal_combined_r01_s0024,26.880,1.300034,0.095471,0.108258,1,1.300007,1.469240,0,0,0,0
phase2_nominal_combined_r01_s0024,26.912,1.299548,0.098376,0.108283,1,1.300788,1.467459,0,0,0,0
phase2_nominal_combined_r01_s0024,26.944,1.299039,0.101276,0.108302,1,1.301552,1.465663,0,0,0,0
phase2_nominal_combined_r01_s0024,26.976,1.298506,0.104172,0.108311,1,1.302299,1.463852,0,0,0,0
phase2_nominal_combined_r01_s0024,27.008,1.297952,0.107064,0.108314,1,1.303032,1.462027,0,0,0,0
phase2_nominal_combined_r01_s0024,27.040,1.297377,0.109952,0.108310,1,1.303749,1.460189,0,0,0,0
phase2_nominal_combined_r01_s0024,27.072,1.296779,0.112835,0.108300,1,1.304451,1.458337,0,0,0,0
phase2_nominal_combined_r01_s0024,27.104,1.296161,0.115714,0.108284,1,1.305138,1.456471,0,0,0,0
phase2_nominal_combined_r01_s0024,27.136,1.295520,0.118587,0.108261,1,1.305810,1.454593,0,0,0,0
phase2_nominal_combined_r01_s0024,27.168,1.294859,0.121456,0.108232,1,1.306467,1.452701,0,0,0,0
phase2_nominal_combined_r01_s0024,27.200,1.294176,0.124320,0.108196,1,1.307109,1.450796,0,0,0,0
phase2_nominal_combined_r01_s0024,27.232,1.293474,0.127179,0.108157,1,1.307738,1.448879,0,0,0,0
phase2_nominal_combined_r01_s0024,27.264,1.292756,0.130034,0.108115,1,1.308356,1.446953,0,0,0,0
phase2_nominal_combined_r01_s0024,27.296,1.292019,0.132885,0.108071,1,1.308963,1.445016,0,0,0,0
phase2_nominal_combined_r01_s0024,27.328,1.291267,0.135731,0.108026,1,1.309560,1.443071,0,0,0,0
phase2_nominal_combined_r01_s0024,27.360,1.290499,0.138573,0.107980,1,1.310147,1.441117,0,0,0,0
phase2_nominal_combined_r01_s0024,27.392,1.289717,0.141411,0.107935,1,1.310727,1.439155,0,0,0,0
phase2_nominal_combined_r01_s0024,27.424,1.288924,0.144245,0.107894,1,1.311301,1.437187,0,0,0,0
phase2_nominal_combined_r01_s0024,27.456,1.288119,0.147077,0.107857,1,1.311870,1.435215,0,0,0,0
phase2_nominal_combined_r01_s0024,27.488,1.287302,0.149905,0.107821,1,1.312433,1.433236,0,0,0,0
phase2_nominal_combined_r01_s0024,27.520,1.286483,0.152733,0.107800,1,1.313000,1.431259,0,0,0,0
phase2_nominal_combined_r01_s0024,27.552,1.285655,0.155557,0.107785,1,1.313564,1.429278,0,0,0,0
phase2_nominal_combined_r01_s0024,27.584,1.284819,0.158380,0.107777,1,1.314127,1.427295,0,0,0,0
phase2_nominal_combined_r01_s0024,27.616,1.283975,0.161200,0.107776,1,1.314687,1.425308,0,0,0,0
phase2_nominal_combined_r01_s0024,27.648,1.283125,0.164019,0.107785,1,1.315248,1.423321,0,0,0,0
phase2_nominal_combined_r01_s0024,27.680,1.282271,0.166836,0.107805,1,1.315812,1.421333,0,0,0,0
phase2_nominal_combined_r01_s0024,27.712,1.281407,0.169651,0.107831,1,1.316371,1.419342,0,0,0,0
phase2_nominal_combined_r01_s0024,27.744,1.280528,0.172461,0.107856,1,1.316922,1.417342,0,0,0,0
phase2_nominal_combined_r01_s0024,27.776,1.279636,0.175267,0.107883,1,1.317465,1.415334,0,0,0,0
phase2_nominal_combined_r01_s0024,27.808,1.278728,0.178067,0.107908,1,1.317999,1.413319,0,0,0,0
phase2_nominal_combined_r01_s0024,27.840,1.277805,0.180863,0.107934,1,1.318523,1.411294,0,0,0,0
phase2_nominal_combined_r01_s0024,27.872,1.276865,0.183654,0.107957,1,1.319035,1.409260,0,0,0,0
phase2_nominal_combined_r01_s0024,27.904,1.275906,0.186438,0.107975,1,1.319535,1.407215,0,0,0,0
phase2_nominal_combined_r01_s0024,27.936,1.274929,0.189215,0.107990,1,1.320022,1.405159,0,0,0,0
phase2_nominal_combined_r01_s0024,27.968,1.273932,0.191986,0.107999,1,1.320494,1.403091,0,0,0,0
phase2_nominal_combined_r01_s0024,28.000,1.272915,0.194749,0.108003,1,1.320952,1.401011,0,0,0,0
phase2_nominal_combined_r01_s0024,28.032,1.271877,0.197505,0.108000,1,1.321394,1.398918,0,0,0,0
phase2_nominal_combined_r01_s0024,28.064,1.270818,0.200252,0.107989,1,1.321820,1.396813,0,0,0,0
phase2_nominal_combined_r01_s0024,28.096,1.269738,0.202991,0.107972,1,1.322231,1.394695,0,0,0,0
phase2_nominal_combined_r01_s0024,28.128,1.268640,0.205723,0.107951,1,1.322628,1.392566,0,0,0,0
phase2_nominal_combined_r01_s0024,28.160,1.267523,0.208447,0.107925,1,1.323012,1.390427,0,0,0,0
phase2_nominal_combined_r01_s0024,28.192,1.266389,0.211164,0.107896,1,1.323384,1.388278,0,0,0,0
phase2_nominal_combined_r01_s0024,28.224,1.265239,0.213874,0.107865,1,1.323745,1.386120,0,0,0,0
phase2_nominal_combined_r01_s0024,28.256,1.264071,0.216577,0.107831,1,1.324094,1.383952,0,0,0,0
phase2_nominal_combined_r01_s0024,28.288,1.262887,0.219272,0.107794,1,1.324431,1.381774,0,0,0,0
phase2_nominal_combined_r01_s0024,28.320,1.261688,0.221961,0.107756,1,1.324758,1.379589,0,0,0,0
phase2_nominal_combined_r01_s0024,28.352,1.260474,0.224643,0.107717,1,1.325075,1.377395,0,0,0,0
phase2_nominal_combined_r01_s0024,28.384,1.259242,0.227317,0.107674,1,1.325379,1.375191,0,0,0,0
phase2_nominal_combined_r01_s0024,28.416,1.257996,0.229984,0.107631,1,1.325674,1.372979,0,0,0,0
phase2_nominal_combined_r01_s0024,28.448,1.256734,0.232644,0.107586,1,1.325959,1.370759,0,0,0,0
phase2_nominal_combined_r01_s0024,28.480,1.255461,0.235298,0.107545,1,1.326238,1.368533,0,0,0,0
phase2_nominal_combined_r01_s0024,28.512,1.254179,0.237948,0.107508,1,1.326512,1.366303,0,0,0,0
phase2_nominal_combined_r01_s0024,28.544,1.252884,0.240592,0.107473,1,1.326779,1.364067,0,0,0,0
phase2_nominal_combined_r01_s0024,28.576,1.251585,0.243233,0.107450,1,1.327049,1.361831,0,0,0,0
phase2_nominal_combined_r01_s0024,28.608,1.250279,0.245871,0.107433,1,1.327316,1.359592,0,0,0,0
phase2_nominal_combined_r01_s0024,28.640,1.248965,0.248506,0.107424,1,1.327582,1.357351,0,0,0,0
phase2_nominal_combined_r01_s0024,28.672,1.247646,0.251137,0.107424,1,1.327848,1.355108,0,0,0,0
phase2_nominal_combined_r01_s0024,28.704,1.246323,0.253767,0.107435,1,1.328116,1.352864,0,0,0,0
phase2_nominal_combined_r01_s0024,28.736,1.244995,0.256395,0.107457,1,1.328385,1.350621,0,0,0,0
phase2_nominal_combined_r01_s0024,28.768,1.243659,0.259018,0.107485,1,1.328652,1.348373,0,0,0,0
phase2_nominal_combined_r01_s0024,28.800,1.242308,0.261634,0.107512,1,1.328909,1.346118,0,0,0,0
phase2_nominal_combined_r01_s0024,28.832,1.240943,0.264242,0.107538,1,1.329156,1.343855,0,0,0,0
phase2_nominal_combined_r01_s0024,28.864,1.239565,0.266845,0.107566,1,1.329396,1.341585,0,0,0,0
phase2_nominal_combined_r01_s0024,28.896,1.238171,0.269438,0.107591,1,1.329623,1.339306,0,0,0,0
phase2_nominal_combined_r01_s0024,28.928,1.236762,0.272023,0.107614,1,1.329840,1.337019,0,0,0,0
phase2_nominal_combined_r01_s0024,28.960,1.235337,0.274600,0.107635,1,1.330045,1.334723,0,0,0,0
phase2_nominal_combined_r01_s0024,28.992,1.233897,0.277168,0.107654,1,1.330240,1.332419,0,0,0,0
phase2_nominal_combined_r01_s0024,29.024,1.232439,0.279726,0.107669,1,1.330422,1.330105,0,0,0,0
phase2_nominal_combined_r01_s0024,29.056,1.230966,0.282275,0.107680,1,1.330591,1.327782,0,0,0,0
phase2_nominal_combined_r01_s0024,29.088,1.229474,0.284814,0.107687,1,1.330746,1.325449,0,0,0,0
phase2_nominal_combined_r01_s0024,29.120,1.227965,0.287343,0.107688,1,1.330887,1.323106,0,0,0,0
phase2_nominal_combined_r01_s0024,29.152,1.226438,0.289860,0.107685,1,1.331014,1.320753,0,0,0,0
phase2_nominal_combined_r01_s0024,29.184,1.224894,0.292367,0.107676,1,1.331127,1.318390,0,0,0,0
phase2_nominal_combined_r01_s0024,29.216,1.223332,0.294863,0.107663,1,1.331226,1.316017,0,0,0,0
phase2_nominal_combined_r01_s0024,29.248,1.221756,0.297349,0.107647,1,1.331314,1.313636,0,0,0,0
phase2_nominal_combined_r01_s0024,29.280,1.220162,0.299825,0.107627,1,1.331388,1.311245,0,0,0,0
phase2_nominal_combined_r01_s0024,29.312,1.218553,0.302291,0.107604,1,1.331451,1.308846,0,0,0,0
phase2_nominal_combined_r01_s0024,29.344,1.216929,0.304746,0.107578,1,1.331501,1.306439,0,0,0,0
phase2_nominal_combined_r01_s0024,29.376,1.215292,0.307192,0.107551,1,1.331542,1.304025,0,0,0,0
phase2_nominal_combined_r01_s0024,29.408,1.213640,0.309629,0.107523,1,1.331572,1.301603,0,0,0,0
phase2_nominal_combined_r01_s0024,29.440,1.211974,0.312057,0.107494,1,1.331592,1.299174,0,0,0,0
phase2_nominal_combined_r01_s0024,29.472,1.210297,0.314476,0.107466,1,1.331605,1.296739,0,0,0,0
phase2_nominal_combined_r01_s0024,29.504,1.208607,0.316886,0.107438,1,1.331608,1.294297,0,0,0,0
phase2_nominal_combined_r01_s0024,29.536,1.206907,0.319289,0.107413,1,1.331605,1.291851,0,0,0,0
phase2_nominal_combined_r01_s0024,29.568,1.205199,0.321687,0.107395,1,1.331600,1.289401,0,0,0,0
phase2_nominal_combined_r01_s0024,29.600,1.203480,0.324077,0.107378,1,1.331587,1.286946,0,0,0,0
phase2_nominal_combined_r01_s0024,29.632,1.201760,0.326465,0.107374,1,1.331579,1.284492,0,0,0,0
phase2_nominal_combined_r01_s0024,29.664,1.200031,0.328848,0.107377,1,1.331568,1.282035,0,0,0,0
phase2_nominal_combined_r01_s0024,29.696,1.198296,0.331226,0.107387,1,1.331554,1.279575,0,0,0,0
phase2_nominal_combined_r01_s0024,29.728,1.196554,0.333599,0.107404,1,1.331539,1.277112,0,0,0,0
phase2_nominal_combined_r01_s0024,29.760,1.194807,0.335969,0.107430,1,1.331524,1.274648,0,0,0,0
phase2_nominal_combined_r01_s0024,29.792,1.193057,0.338335,0.107467,1,1.331512,1.272184,0,0,0,0
phase2_nominal_combined_r01_s0024,29.824,1.191300,0.340698,0.107513,1,1.331498,1.269717,0,0,0,0
phase2_nominal_combined_r01_s0024,29.856,1.189532,0.343052,0.107559,1,1.331476,1.267245,0,0,0,0
phase2_nominal_combined_r01_s0024,29.888,1.187751,0.345397,0.107607,1,1.331446,1.264766,0,0,0,0
phase2_nominal_combined_r01_s0024,29.920,1.185958,0.347732,0.107653,1,1.331406,1.262281,0,0,0,0
phase2_nominal_combined_r01_s0024,29.952,1.184152,0.350057,0.107699,1,1.331357,1.259788,0,0,0,0
phase2_nominal_combined_r01_s0024,29.984,1.182332,0.352372,0.107742,1,1.331296,1.257288,0,0,0,0
phase2_nominal_combined_r01_s0024,30.016,1.180496,0.354674,0.107781,1,1.331221,1.254780,0,0,0,0
phase2_nominal_combined_r01_s0024,30.048,1.178644,0.356963,0.107816,1,1.331134,1.252263,0,0,0,0
phase2_nominal_combined_r01_s0024,30.080,1.176777,0.359240,0.107845,1,1.331032,1.249737,0,0,0,0
phase2_nominal_combined_r01_s0024,30.112,1.174893,0.361503,0.107869,1,1.330915,1.247202,0,0,0,0
phase2_nominal_combined_r01_s0024,30.144,1.172991,0.363751,0.107886,1,1.330782,1.244657,0,0,0,0
phase2_nominal_combined_r01_s0024,30.176,1.171072,0.365985,0.107895,1,1.330633,1.242103,0,0,0,0
phase2_nominal_combined_r01_s0024,30.208,1.169137,0.368204,0.107898,1,1.330468,1.239539,0,0,0,0
phase2_nominal_combined_r01_s0024,30.240,1.167185,0.370408,0.107893,1,1.330288,1.236967,0,0,0,0
phase2_nominal_combined_r01_s0024,30.272,1.165216,0.372597,0.107883,1,1.330091,1.234385,0,0,0,0
phase2_nominal_combined_r01_s0024,30.304,1.163231,0.374772,0.107866,1,1.329880,1.231794,0,0,0,0
phase2_nominal_combined_r01_s0024,30.336,1.161230,0.376931,0.107842,1,1.329652,1.229195,0,0,0,0
phase2_nominal_combined_r01_s0024,30.368,1.159217,0.379079,0.107816,1,1.329415,1.226589,0,0,0,0
phase2_nominal_combined_r01_s0024,30.400,1.157190,0.381214,0.107788,1,1.329165,1.223977,0,0,0,0
phase2_nominal_combined_r01_s0024,30.432,1.155150,0.383336,0.107758,1,1.328904,1.221358,0,0,0,0
phase2_nominal_combined_r01_s0024,30.464,1.153099,0.385448,0.107727,1,1.328633,1.218733,0,0,0,0
phase2_nominal_combined_r01_s0024,30.496,1.151036,0.387547,0.107694,1,1.328353,1.216102,0,0,0,0
phase2_nominal_combined_r01_s0024,30.528,1.148963,0.389637,0.107663,1,1.328064,1.213465,0,0,0,0
phase2_nominal_combined_r01_s0024,30.560,1.146878,0.391716,0.107632,1,1.327767,1.210824,0,0,0,0
phase2_nominal_combined_r01_s0024,30.592,1.144785,0.393785,0.107604,1,1.327463,1.208178,0,0,0,0
phase2_nominal_combined_r01_s0024,30.624,1.142684,0.395847,0.107580,1,1.327155,1.205529,0,0,0,0
phase2_nominal_combined_r01_s0024,30.656,1.140574,0.397899,0.107558,1,1.326840,1.202876,0,0,0,0
phase2_nominal_combined_r01_s0024,30.688,1.138460,0.399948,0.107548,1,1.326526,1.200221,0,0,0,0
phase2_nominal_combined_r01_s0024,30.720,1.136340,0.401990,0.107544,1,1.326211,1.197565,0,0,0,0
phase2_nominal_combined_r01_s0024,30.752,1.134215,0.404026,0.107547,1,1.325893,1.194906,0,0,0,0
phase2_nominal_combined_r01_s0024,30.784,1.132083,0.406056,0.107557,1,1.325574,1.192244,0,0,0,0
phase2_nominal_combined_r01_s0024,30.816,1.129947,0.408082,0.107576,1,1.325254,1.189581,0,0,0,0
phase2_nominal_combined_r01_s0024,30.848,1.127808,0.410105,0.107607,1,1.324937,1.186918,0,0,0,0
phase2_nominal_combined_r01_s0024,30.880,1.125664,0.412122,0.107645,1,1.324618,1.184252,0,0,0,0
phase2_nominal_combined_r01_s0024,30.912,1.123510,0.414129,0.107685,1,1.324292,1.181582,0,0,0,0
phase2_nominal_combined_r01_s0024,30.944,1.121344,0.416123,0.107723,1,1.323956,1.178906,0,0,0,0
phase2_nominal_combined_r01_s0024,30.976,1.119167,0.418105,0.107760,1,1.323609,1.176224,0,0,0,0
phase2_nominal_combined_r01_s0024,31.008,1.116978,0.420074,0.107795,1,1.323251,1.173536,0,0,0,0
phase2_nominal_combined_r01_s0024,31.040,1.114777,0.422030,0.107828,1,1.322882,1.170841,0,0,0,0
phase2_nominal_combined_r01_s0024,31.072,1.112563,0.423971,0.107856,1,1.322500,1.168140,0,0,0,0
phase2_nominal_combined_r01_s0024,31.104,1.110336,0.425897,0.107880,1,1.322105,1.165433,0,0,0,0
phase2_nominal_combined_r01_s0024,31.136,1.108095,0.427807,0.107899,1,1.321695,1.162718,0,0,0,0
phase2_nominal_combined_r01_s0024,31.168,1.105840,0.429702,0.107912,1,1.321270,1.159996,0,0,0,0
phase2_nominal_combined_r01_s0024,31.200,1.103572,0.431579,0.107919,1,1.320831,1.157267,0,0,0,0
phase2_nominal_combined_r01_s0024,31.232,1.101289,0.433439,0.107918,1,1.320375,1.154531,0,0,0,0
phase2_nominal_combined_r01_s0024,31.264,1.098992,0.435281,0.107911,1,1.319904,1.151788,0,0,0,0
phase2_nominal_combined_r01_s0024,31.296,1.096683,0.437107,0.107900,1,1.319420,1.149038,0,0,0,0
phase2_nominal_combined_r01_s0024,31.328,1.094361,0.438918,0.107883,1,1.318922,1.146283,0,0,0,0
phase2_nominal_combined_r01_s0024,31.360,1.092027,0.440712,0.107862,1,1.318410,1.143521,0,0,0,0
phase2_nominal_combined_r01_s0024,31.392,1.089681,0.442490,0.107836,1,1.317885,1.140753,0,0,0,0
phase2_nominal_combined_r01_s0024,31.424,1.087324,0.444254,0.107807,1,1.317348,1.137980,0,0,0,0
phase2_nominal_combined_r01_s0024,31.456,1.084956,0.446002,0.107776,1,1.316799,1.135202,0,0,0,0
phase2_nominal_combined_r01_s0024,31.488,1.082577,0.447736,0.107741,1,1.316239,1.132419,0,0,0,0
phase2_nominal_combined_r01_s0024,31.520,1.080188,0.449456,0.107705,1,1.315668,1.129631,0,0,0,0
phase2_nominal_combined_r01_s0024,31.552,1.077790,0.451163,0.107669,1,1.315088,1.126838,0,0,0,0
phase2_nominal_combined_r01_s0024,31.584,1.075383,0.452858,0.107633,1,1.314500,1.124042,0,0,0,0
phase2_nominal_combined_r01_s0024,31.616,1.072968,0.454540,0.107597,1,1.313903,1.121242,0,0,0,0
phase2_nominal_combined_r01_s0024,31.648,1.070545,0.456212,0.107565,1,1.313300,1.118439,0,0,0,0
phase2_nominal_combined_r01_s0024,31.680,1.068118,0.457876,0.107539,1,1.312694,1.115634,0,0,0,0
phase2_nominal_combined_r01_s0024,31.712,1.065683,0.459530,0.107516,1,1.312083,1.112826,0,0,0,0
phase2_nominal_combined_r01_s0024,31.744,1.063246,0.461181,0.107504,1,1.311474,1.110017,0,0,0,0
phase2_nominal_combined_r01_s0024,31.776,1.060805,0.462826,0.107501,1,1.310864,1.107207,0,0,0,0
phase2_nominal_combined_r01_s0024,31.808,1.058360,0.464465,0.107507,1,1.310254,1.104395,0,0,0,0
phase2_nominal_combined_r01_s0024,31.840,1.055911,0.466099,0.107521,1,1.309644,1.101582,0,0,0,0
phase2_nominal_combined_r01_s0024,31.872,1.053460,0.467728,0.107546,1,1.309035,1.098768,0,0,0,0
phase2_nominal_combined_r01_s0024,31.904,1.051006,0.469354,0.107582,1,1.308428,1.095954,0,0,0,0
phase2_nominal_combined_r01_s0024,31.936,1.048547,0.470973,0.107626,1,1.307820,1.093137,0,0,0,0
phase2_nominal_combined_r01_s0024,31.968,1.046081,0.472581,0.107670,1,1.307203,1.090317,0,0,0,0
phase2_nominal_combined_r01_s0024,32.000,1.043606,0.474175,0.107716,1,1.306579,1.087494,0,0,0,0
phase2_nominal_combined_r01_s0024,32.032,1.041123,0.475757,0.107761,1,1.305946,1.084666,0,0,0,0
phase2_nominal_combined_r01_s0024,32.064,1.038631,0.477325,0.107806,1,1.305303,1.081834,0,0,0,0
phase2_nominal_combined_r01_s0024,32.096,1.036129,0.478878,0.107847,1,1.304648,1.078998,0,0,0,0
phase2_nominal_combined_r01_s0024,32.128,1.033618,0.480415,0.107887,1,1.303982,1.076158,0,0,0,0
phase2_nominal_combined_r01_s0024,32.160,1.031096,0.481936,0.107922,1,1.303303,1.073313,0,0,0,0
phase2_nominal_combined_r01_s0024,32.192,1.028565,0.483439,0.107953,1,1.302612,1.070464,0,0,0,0
phase2_nominal_combined_r01_s0024,32.224,1.026022,0.484925,0.107979,1,1.301906,1.067610,0,0,0,0
phase2_nominal_combined_r01_s0024,32.256,1.023468,0.486390,0.107996,1,1.301184,1.064750,0,0,0,0
phase2_nominal_combined_r01_s0024,32.288,1.020903,0.487835,0.108007,1,1.300447,1.061886,0,0,0,0
phase2_nominal_combined_r01_s0024,32.320,1.018328,0.489263,0.108013,1,1.299696,1.059018,0,0,0,0
phase2_nominal_combined_r01_s0024,32.352,1.015743,0.490673,0.108014,1,1.298931,1.056146,0,0,0,0
phase2_nominal_combined_r01_s0024,32.384,1.013149,0.492065,0.108010,1,1.298153,1.053270,0,0,0,0
phase2_nominal_combined_r01_s0024,32.416,1.010545,0.493439,0.108002,1,1.297362,1.050390,0,0,0,0
phase2_nominal_combined_r01_s0024,32.448,1.007932,0.494794,0.107988,1,1.296557,1.047506,0,0,0,0
phase2_nominal_combined_r01_s0024,32.480,1.005310,0.496132,0.107969,1,1.295738,1.044619,0,0,0,0
phase2_nominal_combined_r01_s0024,32.512,1.002679,0.497453,0.107948,1,1.294909,1.041729,0,0,0,0
phase2_nominal_combined_r01_s0024,32.544,1.000040,0.498757,0.107924,1,1.294068,1.038835,0,0,0,0
phase2_nominal_combined_r01_s0024,32.576,0.997393,0.500045,0.107896,1,1.293215,1.035938,0,0,0,0
phase2_nominal_combined_r01_s0024,32.608,0.994739,0.501318,0.107868,1,1.292352,1.033039,0,0,0,0
phase2_nominal_combined_r01_s0024,32.640,0.992078,0.502575,0.107838,1,1.291480,1.030138,0,0,0,0
phase2_nominal_combined_r01_s0024,32.672,0.989410,0.503817,0.107807,1,1.290597,1.027233,0,0,0,0
phase2_nominal_combined_r01_s0024,32.704,0.986735,0.505046,0.107777,1,1.289706,1.024327,0,0,0,0
phase2_nominal_combined_r01_s0024,32.736,0.984055,0.506263,0.107749,1,1.288810,1.021419,0,0,0,0
phase2_nominal_combined_r01_s0024,32.768,0.981370,0.507468,0.107723,1,1.287906,1.018509,0,0,0,0
phase2_nominal_combined_r01_s0024,32.800,0.978682,0.508666,0.107707,1,1.287003,1.015599,0,0,0,0
phase2_nominal_combined_r01_s0024,32.832,0.975992,0.509860,0.107700,1,1.286099,1.012687,0,0,0,0
phase2_nominal_combined_r01_s0024,32.864,0.973297,0.511045,0.107699,1,1.285194,1.009775,0,0,0,0
phase2_nominal_combined_r01_s0024,32.896,0.970600,0.512222,0.107706,1,1.284286,1.006861,0,0,0,0
phase2_nominal_combined_r01_s0024,32.928,0.967900,0.513393,0.107721,1,1.283379,1.003947,0,0,0,0
phase2_nominal_combined_r01_s0024,32.960,0.965197,0.514561,0.107748,1,1.282473,1.001032,0,0,0,0
phase2_nominal_combined_r01_s0024,32.992,0.962492,0.515721,0.107782,1,1.281566,0.998115,0,0,0,0
phase2_nominal_combined_r01_s0024,33.024,0.959782,0.516871,0.107821,1,1.280653,0.995198,0,0,0,0
phase2_nominal_combined_r01_s0024,33.056,0.957066,0.518006,0.107859,1,1.279732,0.992278,0,0,0,0
phase2_nominal_combined_r01_s0024,33.088,0.954344,0.519128,0.107898,1,1.278804,0.989356,0,0,0,0
phase2_nominal_combined_r01_s0024,33.120,0.951614,0.520232,0.107934,1,1.277863,0.986433,0,0,0,0
phase2_nominal_combined_r01_s0024,33.152,0.948878,0.521320,0.107967,1,1.276911,0.983507,0,0,0,0
phase2_nominal_combined_r01_s0024,33.184,0.946135,0.522390,0.107996,1,1.275947,0.980579,0,0,0,0
phase2_nominal_combined_r01_s0024,33.216,0.943384,0.523439,0.108019,1,1.274968,0.977648,0,0,0,0
phase2_nominal_combined_r01_s0024,33.248,0.940625,0.524468,0.108036,1,1.273975,0.974716,0,0,0,0
phase2_nominal_combined_r01_s0024,33.280,0.937858,0.525475,0.108046,1,1.272966,0.971782,0,0,0,0
phase2_nominal_combined_r01_s0024,33.312,0.935083,0.526462,0.108048,1,1.271943,0.968846,0,0,0,0
phase2_nominal_combined_r01_s0024,33.344,0.932300,0.527424,0.108041,1,1.270901,0.965908,0,0,0,0
phase2_nominal_combined_r01_s0024,33.376,0.929510,0.528364,0.108025,1,1.269843,0.962969,0,0,0,0
phase2_nominal_combined_r01_s0024,33.408,0.926712,0.529280,0.108001,1,1.268769,0.960029,0,0,0,0
phase2_nominal_combined_r01_s0024,33.440,0.923908,0.530177,0.107971,1,1.267681,0.957088,0,0,0,0
phase2_nominal_combined_r01_s0024,33.472,0.921098,0.531054,0.107936,1,1.266580,0.954147,0,0,0,0
phase2_nominal_combined_r01_s0024,33.504,0.918282,0.531909,0.107894,1,1.265464,0.951205,0,0,0,0
phase2_nominal_combined_r01_s0024,33.536,0.915460,0.532745,0.107848,1,1.264336,0.948262,0,0,0,0
phase2_nominal_combined_r01_s0024,33.568,0.912632,0.533562,0.107797,1,1.263194,0.945320,0,0,0,0
phase2_nominal_combined_r01_s0024,33.600,0.909800,0.534361,0.107744,1,1.262042,0.942377,0,0,0,0
phase2_nominal_combined_r01_s0024,33.632,0.906963,0.535143,0.107687,1,1.260879,0.939434,0,0,0,0
phase2_nominal_combined_r01_s0024,33.664,0.904121,0.535908,0.107630,1,1.259707,0.936491,0,0,0,0
phase2_nominal_combined_r01_s0024,33.696,0.901275,0.536657,0.107571,1,1.258524,0.933549,0,0,0,0
phase2_nominal_combined_r01_s0024,33.728,0.898425,0.537390,0.107511,1,1.257332,0.930606,0,0,0,0
phase2_nominal_combined_r01_s0024,33.760,0.895573,0.538110,0.107453,1,1.256135,0.927664,0,0,0,0
phase2_nominal_combined_r01_s0024,33.792,0.892717,0.538820,0.107401,1,1.254933,0.924722,0,0,0,0
phase2_nominal_combined_r01_s0024,33.824,0.889858,0.539518,0.107351,1,1.253726,0.921781,0,0,0,0
phase2_nominal_combined_r01_s0024,33.856,0.886999,0.540210,0.107311,1,1.252518,0.918839,0,0,0,0
phase2_nominal_combined_r01_s0024,33.888,0.884138,0.540900,0.107284,1,1.251315,0.915898,0,0,0,0
phase2_nominal_combined_r01_s0024,33.920,0.881275,0.541580,0.107262,1,1.250108,0.912956,0,0,0,0
phase2_nominal_combined_r01_s0024,33.952,0.878410,0.542253,0.107250,1,1.248900,0.910015,0,0,0,0
phase2_nominal_combined_r01_s0024,33.984,0.875544,0.542923,0.107249,1,1.247695,0.907074,0,0,0,0
phase2_nominal_combined_r01_s0024,34.016,0.872677,0.543587,0.107258,1,1.246490,0.904132,0,0,0,0
phase2_nominal_combined_r01_s0024,34.048,0.869808,0.544246,0.107276,1,1.245285,0.901191,0,0,0,0
phase2_nominal_combined_r01_s0024,34.080,0.866936,0.544892,0.107298,1,1.244075,0.898250,0,0,0,0
phase2_nominal_combined_r01_s0024,34.112,0.864061,0.545526,0.107322,1,1.242859,0.895310,0,0,0,0
phase2_nominal_combined_r01_s0024,34.144,0.861183,0.546147,0.107349,1,1.241636,0.892370,0,0,0,0
phase2_nominal_combined_r01_s0024,34.176,0.858302,0.546754,0.107377,1,1.240406,0.889430,0,0,0,0
phase2_nominal_combined_r01_s0024,34.208,0.855418,0.547346,0.107405,1,1.239169,0.886492,0,0,0,0
phase2_nominal_combined_r01_s0024,34.240,0.852531,0.547925,0.107435,1,1.237924,0.883554,0,0,0,0
phase2_nominal_combined_r01_s0024,34.272,0.849641,0.548487,0.107464,1,1.236670,0.880618,0,0,0,0
phase2_nominal_combined_r01_s0024,34.304,0.846747,0.549031,0.107490,1,1.235405,0.877683,0,0,0,0
phase2_nominal_combined_r01_s0024,34.336,0.843850,0.549558,0.107514,1,1.234130,0.874750,0,0,0,0
phase2_nominal_combined_r01_s0024,34.368,0.840951,0.550068,0.107536,1,1.232845,0.871818,0,0,0,0
phase2_nominal_combined_r01_s0024,34.400,0.838047,0.550558,0.107554,1,1.231547,0.868888,0,0,0,0
phase2_nominal_combined_r01_s0024,34.432,0.835141,0.551029,0.107568,1,1.230238,0.865961,0,0,0,0
phase2_nominal_combined_r01_s0024,34.464,0.832231,0.551482,0.107579,1,1.228918,0.863035,0,0,0,0
phase2_nominal_combined_r01_s0024,34.496,0.829319,0.551915,0.107586,1,1.227586,0.860112,0,0,0,0
phase2_nominal_combined_r01_s0024,34.528,0.826404,0.552330,0.107589,1,1.226243,0.857192,0,0,0,0
phase2_nominal_combined_r01_s0024,34.560,0.823487,0.552726,0.107589,1,1.224889,0.854274,0,0,0,0
phase2_nominal_combined_r01_s0024,34.592,0.820567,0.553103,0.107586,1,1.223524,0.851360,0,0,0,0
phase2_nominal_combined_r01_s0024,34.624,0.817646,0.553461,0.107580,1,1.222147,0.848448,0,0,0,0
phase2_nominal_combined_r01_s0024,34.656,0.814721,0.553800,0.107570,1,1.220759,0.845540,0,0,0,0
phase2_nominal_combined_r01_s0024,34.688,0.811795,0.554121,0.107556,1,1.219361,0.842635,0,0,0,0
phase2_nominal_combined_r01_s0024,34.720,0.808868,0.554425,0.107542,1,1.217953,0.839733,0,0,0,0
phase2_nominal_combined_r01_s0024,34.752,0.805939,0.554712,0.107526,1,1.216536,0.836834,0,0,0,0
phase2_nominal_combined_r01_s0024,34.784,0.803008,0.554985,0.107511,1,1.215111,0.833938,0,0,0,0
phase2_nominal_combined_r01_s0024,34.816,0.800075,0.555242,0.107495,1,1.213678,0.831045,0,0,0,0
phase2_nominal_combined_r01_s0024,34.848,0.797141,0.555484,0.107480,1,1.212237,0.828155,0,0,0,0
phase2_nominal_combined_r01_s0024,34.880,0.794206,0.555713,0.107468,1,1.210790,0.825268,0,0,0,0
phase2_nominal_combined_r01_s0024,34.912,0.791270,0.555930,0.107460,1,1.209338,0.822384,0,0,0,0
phase2_nominal_combined_r01_s0024,34.944,0.788333,0.556136,0.107456,1,1.207882,0.819503,0,0,0,0
phase2_nominal_combined_r01_s0024,34.976,0.785396,0.556332,0.107457,1,1.206423,0.816624,0,0,0,0
phase2_nominal_combined_r01_s0024,35.008,0.782458,0.556517,0.107463,1,1.204959,0.813747,0,0,0,0
phase2_nominal_combined_r01_s0024,35.040,0.779519,0.556689,0.107472,1,1.203490,0.810875,0,0,0,0
phase2_nominal_combined_r01_s0024,35.072,0.776580,0.556862,0.107496,1,1.202027,0.808002,0,0,0,0
phase2_nominal_combined_r01_s0024,35.104,0.773641,0.557028,0.107529,1,1.200563,0.805132,0,0,0,0
phase2_nominal_combined_r01_s0024,35.136,0.770701,0.557177,0.107562,1,1.199090,0.802265,0,0,0,0
phase2_nominal_combined_r01_s0024,35.168,0.767759,0.557303,0.107586,1,1.197602,0.799404,0,0,0,0
phase2_nominal_combined_r01_s0024,35.200,0.764816,0.557407,0.107604,1,1.196101,0.796550,0,0,0,0
phase2_nominal_combined_r01_s0024,35.232,0.761873,0.557490,0.107617,1,1.194587,0.793701,0,0,0,0
phase2_nominal_combined_r01_s0024,35.264,0.758929,0.557554,0.107626,1,1.193062,0.790857,0,0,0,0
phase2_nominal_combined_r01_s0024,35.296,0.755985,0.557599,0.107631,1,1.191526,0.788020,0,0,0,0
phase2_nominal_combined_r01_s0024,35.328,0.753041,0.557625,0.107633,1,1.189978,0.785188,0,0,0,0
phase2_nominal_combined_r01_s0024,35.360,0.750096,0.557634,0.107634,1,1.188422,0.782363,0,0,0,0
phase2_nominal_combined_r01_s0024,35.392,0.747152,0.557626,0.107626,1,1.186857,0.779543,0,0,0,0
phase2_nominal_combined_r01_s0024,35.424,0.744208,0.557603,0.107603,1,1.185284,0.776728,0,0,0,0
phase2_nominal_combined_r01_s0024,35.456,0.741265,0.557564,0.107564,1,1.183704,0.773919,0,0,0,0
phase2_nominal_combined_r01_s0024,35.488,0.738321,0.557512,0.107512,1,1.182118,0.771115,0,0,0,0
phase2_nominal_combined_r01_s0024,35.520,0.735378,0.557447,0.107447,1,1.180525,0.768316,0,0,0,0
phase2_nominal_combined_r01_s0024,35.552,0.732435,0.557368,0.107368,1,1.178926,0.765523,0,0,0,0
phase2_nominal_combined_r01_s0024,35.584,0.729492,0.557278,0.107278,1,1.177323,0.762735,0,0,0,0
phase2_nominal_combined_r01_s0024,35.616,0.726550,0.557176,0.107176,1,1.175715,0.759951,0,0,0,0
phase2_nominal_combined_r01_s0024,35.648,0.723608,0.557062,0.107062,1,1.174103,0.757173,0,0,0,0
phase2_nominal_combined_r01_s0024,35.680,0.720667,0.556938,0.106938,1,1.172487,0.754399,0,0,0,0
phase2_nominal_combined_r01_s0024,35.712,0.717726,0.556804,0.106804,1,1.170868,0.751630,0,0,0,0
phase2_nominal_combined_r01_s0024,35.744,0.714786,0.556662,0.106662,1,1.169247,0.748865,0,0,0,0
phase2_nominal_combined_r01_s0024,35.776,0.711846,0.556511,0.106511,1,1.167624,0.746105,0,0,0,0
phase2_nominal_combined_r01_s0024,35.808,0.708906,0.556348,0.106348,1,1.165997,0.743349,0,0,0,0
phase2_nominal_combined_r01_s0024,35.840,0.705967,0.556181,0.106181,1,1.164370,0.740598,0,0,0,0
phase2_nominal_combined_r01_s0024,35.872,0.703028,0.556006,0.106006,1,1.162742,0.737850,0,0,0,0
phase2_nominal_combined_r01_s0024,35.904,0.700090,0.555823,0.105823,1,1.161114,0.735106,0,0,0,0
phase2_nominal_combined_r01_s0024,35.936,0.697152,0.555634,0.105634,1,1.159485,0.732367,0,0,0,0
phase2_nominal_combined_r01_s0024,35.968,0.694215,0.555438,0.105438,1,1.157855,0.729632,0,0,0,0
phase2_nominal_combined_r01_s0024,36.000,0.691278,0.555234,0.105234,1,1.156224,0.726901,0,0,0,0
phase2_nominal_combined_r01_s0024,36.032,0.688341,0.555023,0.105023,1,1.154592,0.724174,0,0,0,0
phase2_nominal_combined_r01_s0024,36.064,0.685405,0.554807,0.104807,1,1.152962,0.721452,0,0,0,0
phase2_nominal_combined_r01_s0024,36.096,0.682470,0.554586,0.104586,1,1.151332,0.718733,0,0,0,0
phase2_nominal_combined_r01_s0024,36.128,0.679534,0.554359,0.104359,1,1.149702,0.716017,0,0,0,0
phase2_nominal_combined_r01_s0024,36.160,0.676600,0.554126,0.104126,1,1.148074,0.713306,0,0,0,0
phase2_nominal_combined_r01_s0024,36.192,0.673665,0.553888,0.103888,1,1.146445,0.710599,0,0,0,0
phase2_nominal_combined_r01_s0024,36.224,0.670731,0.553645,0.103645,1,1.144818,0.707896,0,0,0,0
phase2_nominal_combined_r01_s0024,36.256,0.667798,0.553395,0.103395,1,1.143191,0.705198,0,0,0,0
phase2_nominal_combined_r01_s0024,36.288,0.664865,0.553140,0.103140,1,1.141564,0.702503,0,0,0,0
phase2_nominal_combined_r01_s0024,36.320,0.661933,0.552880,0.102880,1,1.139938,0.699813,0,0,0,0
phase2_nominal_combined_r01_s0024,36.352,0.659000,0.552616,0.102616,1,1.138315,0.697126,0,0,0,0
phase2_nominal_combined_r01_s0024,36.384,0.656069,0.552348,0.102348,1,1.136693,0.694443,0,0,0,0
phase2_nominal_combined_r01_s0024,36.416,0.653137,0.552076,0.102076,1,1.135074,0.691764,0,0,0,0
phase2_nominal_combined_r01_s0024,36.448,0.650206,0.551805,0.101805,1,1.133460,0.689087,0,0,0,0
phase2_nominal_combined_r01_s0024,36.480,0.647274,0.551534,0.101534,1,1.131852,0.686411,0,0,0,0
phase2_nominal_combined_r01_s0024,36.512,0.644343,0.551262,0.101262,1,1.130249,0.683739,0,0,0,0
phase2_nominal_combined_r01_s0024,36.544,0.641411,0.550990,0.100990,1,1.128650,0.681068,0,0,0,0
phase2_nominal_combined_r01_s0024,36.576,0.638480,0.550717,0.100717,1,1.127057,0.678401,0,0,0,0
phase2_nominal_combined_r01_s0024,36.608,0.635549,0.550444,0.100444,1,1.125468,0.675735,0,0,0,0
phase2_nominal_combined_r01_s0024,36.640,0.632618,0.550170,0.100170,1,1.123885,0.673073,0,0,0,0
phase2_nominal_combined_r01_s0024,36.672,0.629687,0.549895,0.099895,1,1.122306,0.670413,0,0,0,0
phase2_nominal_combined_r01_s0024,36.704,0.626755,0.549620,0.099620,1,1.120733,0.667755,0,0,0,0
phase2_nominal_combined_r01_s0024,36.736,0.623824,0.549344,0.099344,1,1.119164,0.665101,0,0,0,0
phase2_nominal_combined_r01_s0024,36.768,0.620893,0.549067,0.099067,1,1.117600,0.662449,0,0,0,0
phase2_nominal_combined_r01_s0024,36.800,0.617963,0.548790,0.098790,1,1.116041,0.659800,0,0,0,0
phase2_nominal_combined_r01_s0024,36.832,0.615032,0.548512,0.098512,1,1.114487,0.657154,0,0,0,0
phase2_nominal_combined_r01_s0024,36.864,0.612101,0.548233,0.098233,1,1.112938,0.654510,0,0,0,0
phase2_nominal_combined_r01_s0024,36.896,0.609170,0.547953,0.097953,1,1.111394,0.651870,0,0,0,0
phase2_nominal_combined_r01_s0024,36.928,0.606240,0.547673,0.097673,1,1.109856,0.649232,0,0,0,0
phase2_nominal_combined_r01_s0024,36.960,0.603309,0.547391,0.097391,1,1.108322,0.646598,0,0,0,0
phase2_nominal_combined_r01_s0024,36.992,0.600378,0.547114,0.097114,1,1.106797,0.643964,0,0,0,0
phase2_nominal_combined_r01_s0024,37.024,0.597447,0.546840,0.096840,1,1.105281,0.641332,0,0,0,0
phase2_nominal_combined_r01_s0024,37.056,0.594516,0.546568,0.096568,1,1.103772,0.638701,0,0,0,0
phase2_nominal_combined_r01_s0024,37.088,0.591584,0.546302,0.096302,1,1.102274,0.636071,0,0,0,0
phase2_nominal_combined_r01_s0024,37.120,0.588651,0.546040,0.096040,1,1.100786,0.633441,0,0,0,0
phase2_nominal_combined_r01_s0024,37.152,0.585718,0.545783,0.095783,1,1.099307,0.630812,0,0,0,0
phase2_nominal_combined_r01_s0024,37.184,0.582785,0.545532,0.095532,1,1.097841,0.628183,0,0,0,0
phase2_nominal_combined_r01_s0024,37.216,0.579851,0.545288,0.095288,1,1.096385,0.625554,0,0,0,0
phase2_nominal_combined_r01_s0024,37.248,0.576917,0.545049,0.095049,1,1.094941,0.622924,0,0,0,0
phase2_nominal_combined_r01_s0024,37.280,0.573982,0.544820,0.094820,1,1.093510,0.620294,0,0,0,0
phase2_nominal_combined_r01_s0024,37.312,0.571046,0.544597,0.094597,1,1.092093,0.617663,0,0,0,0
phase2_nominal_combined_r01_s0024,37.344,0.568110,0.544383,0.094383,1,1.090688,0.615032,0,0,0,0
phase2_nominal_combined_r01_s0024,37.376,0.565173,0.544179,0.094179,1,1.089298,0.612398,0,0,0,0
phase2_nominal_combined_r01_s0024,37.408,0.562235,0.543984,0.093984,1,1.087923,0.609764,0,0,0,0
phase2_nominal_combined_r01_s0024,37.440,0.559297,0.543801,0.093801,1,1.086564,0.607126,0,0,0,0
phase2_nominal_combined_r01_s0024,37.472,0.556357,0.543629,0.093629,1,1.085222,0.604487,0,0,0,0
phase2_nominal_combined_r01_s0024,37.504,0.553417,0.543471,0.093471,1,1.083898,0.601845,0,0,0,0
phase2_nominal_combined_r01_s0024,37.536,0.550477,0.543325,0.093325,1,1.082592,0.599199,0,0,0,0
phase2_nominal_combined_r01_s0024,37.568,0.547536,0.543192,0.093192,1,1.081304,0.596551,0,0,0,0
phase2_nominal_combined_r01_s0024,37.600,0.544594,0.543072,0.093072,1,1.080034,0.593900,0,0,0,0
phase2_nominal_combined_r01_s0024,37.632,0.541652,0.542965,0.092965,1,1.078781,0.591246,0,0,0,0
phase2_nominal_combined_r01_s0024,37.664,0.538709,0.542870,0.092870,1,1.077547,0.588590,0,0,0,0
phase2_nominal_combined_r01_s0024,37.696,0.535766,0.542788,0.092788,1,1.076331,0.585931,0,0,0,0
phase2_nominal_combined_r01_s0024,37.728,0.532823,0.542718,0.092718,1,1.075133,0.583269,0,0,0,0
phase2_nominal_combined_r01_s0024,37.760,0.529879,0.542661,0.092661,1,1.073954,0.580605,0,0,0,0
phase2_nominal_combined_r01_s0024,37.792,0.526936,0.542616,0.092616,1,1.072792,0.577938,0,0,0,0
phase2_nominal_combined_r01_s0024,37.824,0.523992,0.542584,0.092584,1,1.071649,0.575268,0,0,0,0
phase2_nominal_combined_r01_s0024,37.856,0.521048,0.542562,0.092562,1,1.070523,0.572597,0,0,0,0
phase2_nominal_combined_r01_s0024,37.888,0.518104,0.542551,0.092551,1,1.069413,0.569924,0,0,0,0
phase2_nominal_combined_r01_s0024,37.920,0.515160,0.542550,0.092550,1,1.068320,0.567250,0,0,0,0
phase2_nominal_combined_r01_s0024,37.952,0.512216,0.542560,0.092560,1,1.067244,0.564573,0,0,0,0
phase2_nominal_combined_r01_s0024,37.984,0.509272,0.542581,0.092581,1,1.066185,0.561894,0,0,0,0
phase2_nominal_combined_r01_s0024,38.016,0.506328,0.542611,0.092611,1,1.065141,0.559215,0,0,0,0
phase2_nominal_combined_r01_s0024,38.048,0.503384,0.542649,0.092649,1,1.064113,0.556535,0,0,0,0
phase2_nominal_combined_r01_s0024,38.080,0.500441,0.542697,0.092697,1,1.063100,0.553853,0,0,0,0
phase2_nominal_combined_r01_s0024,38.112,0.497497,0.542753,0.092753,1,1.062103,0.551171,0,0,0,0
phase2_nominal_combined_r01_s0024,38.144,0.494554,0.542817,0.092817,1,1.061120,0.548488,0,0,0,0
phase2_nominal_combined_r01_s0024,38.176,0.491611,0.542887,0.092887,1,1.060151,0.545805,0,0,0,0
phase2_nominal_combined_r01_s0024,38.208,0.488668,0.542966,0.092966,1,1.059196,0.543122,0,0,0,0
phase2_nominal_combined_r01_s0024,38.240,0.485725,0.543051,0.093051,1,1.058256,0.540438,0,0,0,0
phase2_nominal_combined_r01_s0024,38.272,0.482783,0.543142,0.093142,1,1.057328,0.537755,0,0,0,0
phase2_nominal_combined_r01_s0024,38.304,0.479840,0.543238,0.093238,1,1.056413,0.535073,0,0,0,0
phase2_nominal_combined_r01_s0024,38.336,0.476898,0.543341,0.093341,1,1.055510,0.532390,0,0,0,0
phase2_nominal_combined_r01_s0024,38.368,0.473956,0.543449,0.093449,1,1.054621,0.529708,0,0,0,0
phase2_nominal_combined_r01_s0024,38.400,0.471014,0.543562,0.093562,1,1.053744,0.527027,0,0,0,0
phase2_nominal_combined_r01_s0024,38.432,0.468072,0.543677,0.093677,1,1.052876,0.524348,0,0,0,0
phase2_nominal_combined_r01_s0024,38.464,0.465131,0.543794,0.093794,1,1.052018,0.521670,0,0,0,0
phase2_nominal_combined_r01_s0024,38.496,0.462189,0.543914,0.093914,1,1.051170,0.518995,0,0,0,0
phase2_nominal_combined_r01_s0024,38.528,0.459248,0.544036,0.094036,1,1.050331,0.516321,0,0,0,0
phase2_nominal_combined_r01_s0024,38.560,0.456307,0.544160,0.094160,1,1.049503,0.513650,0,0,0,0
phase2_nominal_combined_r01_s0024,38.592,0.453365,0.544282,0.094282,1,1.048680,0.510982,0,0,0,0
phase2_nominal_combined_r01_s0024,38.624,0.450424,0.544403,0.094403,1,1.047863,0.508318,0,0,0,0
phase2_nominal_combined_r01_s0024,38.656,0.447482,0.544523,0.094523,1,1.047053,0.505657,0,0,0,0
phase2_nominal_combined_r01_s0024,38.688,0.444540,0.544642,0.094642,1,1.046250,0.503000,0,0,0,0
phase2_nominal_combined_r01_s0024,38.720,0.441599,0.544760,0.094760,1,1.045454,0.500347,0,0,0,0
phase2_nominal_combined_r01_s0024,38.752,0.438657,0.544878,0.094878,1,1.044665,0.497697,0,0,0,0
phase2_nominal_combined_r01_s0024,38.784,0.435715,0.544994,0.094994,1,1.043882,0.495051,0,0,0,0
phase2_nominal_combined_r01_s0024,38.816,0.432774,0.545110,0.095110,1,1.043107,0.492409,0,0,0,0
phase2_nominal_combined_r01_s0024,38.848,0.429832,0.545225,0.095225,1,1.042338,0.489770,0,0,0,0
phase2_nominal_combined_r01_s0024,38.880,0.426890,0.545340,0.095340,1,1.041577,0.487135,0,0,0,0
phase2_nominal_combined_r01_s0024,38.912,0.423948,0.545453,0.095453,1,1.040823,0.484504,0,0,0,0
phase2_nominal_combined_r01_s0024,38.944,0.421007,0.545566,0.095566,1,1.040075,0.481877,0,0,0,0
phase2_nominal_combined_r01_s0024,38.976,0.418065,0.545678,0.095678,1,1.039335,0.479254,0,0,0,0
phase2_nominal_combined_r01_s0024,39.008,0.415123,0.545790,0.095790,1,1.038602,0.476635,0,0,0,0
phase2_nominal_combined_r01_s0024,39.040,0.412181,0.545896,0.095896,1,1.037872,0.474023,0,0,0,0
phase2_nominal_combined_r01_s0024,39.072,0.409238,0.545998,0.095998,1,1.037145,0.471416,0,0,0,0
phase2_nominal_combined_r01_s0024,39.104,0.406296,0.546095,0.096095,1,1.036422,0.468815,0,0,0,0
phase2_nominal_combined_r01_s0024,39.136,0.403353,0.546189,0.096189,1,1.035703,0.466221,0,0,0,0
phase2_nominal_combined_r01_s0024,39.168,0.400411,0.546278,0.096278,1,1.034988,0.463632,0,0,0,0
phase2_nominal_combined_r01_s0024,39.200,0.397468,0.546363,0.096363,1,1.034277,0.461050,0,0,0,0
phase2_nominal_combined_r01_s0024,39.232,0.394525,0.546444,0.096444,1,1.033569,0.458474,0,0,0,0
phase2_nominal_combined_r01_s0024,39.264,0.391582,0.546521,0.096521,1,1.032865,0.455905,0,0,0,0
phase2_nominal_combined_r01_s0024,39.296,0.388639,0.546591,0.096591,1,1.032163,0.453343,0,0,0,0
phase2_nominal_combined_r01_s0024,39.328,0.385696,0.546656,0.096656,1,1.031464,0.448323,0,1,0,0
phase2_nominal_combined_r01_s0024,39.360,0.382752,0.546715,0.096715,1,1.030766,0.443322,0,1,0,0
phase2_nominal_combined_r01_s0024,39.392,0.379809,0.546768,0.096768,1,1.030071,0.438340,0,1,0,0
phase2_nominal_combined_r01_s0024,39.424,0.376865,0.546815,0.096815,1,1.029379,0.433378,0,1,0,0
phase2_nominal_combined_r01_s0024,39.456,0.373921,0.546857,0.096857,1,1.028688,0.428437,0,1,0,0
phase2_nominal_combined_r01_s0024,39.488,0.370977,0.546893,0.096893,1,1.028001,0.423516,0,1,0,0
phase2_nominal_combined_r01_s0024,39.520,0.368033,0.546923,0.096923,1,1.027315,0.418616,0,1,0,0
phase2_nominal_combined_r01_s0024,39.552,0.365090,0.546948,0.096948,1,1.026632,0.413739,0,1,0,0
phase2_nominal_combined_r01_s0024,39.584,0.362146,0.546969,0.096969,1,1.025954,0.408883,0,1,0,0
phase2_nominal_combined_r01_s0024,39.616,0.359202,0.546986,0.096986,1,1.025280,0.404049,0,1,0,0
phase2_nominal_combined_r01_s0024,39.648,0.356258,0.547000,0.097000,1,1.024610,0.399239,0,1,0,0
phase2_nominal_combined_r01_s0024,39.680,0.353314,0.547009,0.097009,1,1.023945,0.394452,0,1,0,0
phase2_nominal_combined_r01_s0024,39.712,0.350370,0.547015,0.097015,1,1.023284,0.389690,0,1,0,0
phase2_nominal_combined_r01_s0024,39.744,0.347426,0.547017,0.097017,1,1.022627,0.384953,0,1,0,0
phase2_nominal_combined_r01_s0024,39.776,0.344482,0.547015,0.097015,1,1.021974,0.380242,0,1,0,0
phase2_nominal_combined_r01_s0024,39.808,0.341538,0.547013,0.097013,1,1.021330,0.375556,0,1,0,0
phase2_nominal_combined_r01_s0024,39.840,0.338594,0.547011,0.097011,1,1.020693,0.370897,0,1,0,0
phase2_nominal_combined_r01_s0024,39.872,0.335650,0.547009,0.097009,1,1.020065,0.366265,0,1,0,0
phase2_nominal_combined_r01_s0024,39.904,0.332706,0.547006,0.097006,1,1.019443,0.361661,0,1,0,0
phase2_nominal_combined_r01_s0024,39.936,0.329762,0.547003,0.097003,1,1.018830,0.357087,0,1,0,0
phase2_nominal_combined_r01_s0024,39.968,0.326818,0.546999,0.096999,1,1.018224,0.352544,0,1,0,0
phase2_nominal_combined_r01_s0024,40.000,0.323874,0.546994,0.096994,1,1.017626,0.348032,0,1,0,0
phase2_nominal_combined_r01_s0024,40.032,0.320930,0.546989,0.096989,1,1.017035,0.343554,0,1,0,0
phase2_nominal_combined_r01_s0024,40.064,0.317986,0.546983,0.096983,1,1.016452,0.339110,0,1,0,0
phase2_nominal_combined_r01_s0024,40.096,0.315042,0.546977,0.096977,1,1.015876,0.334702,0,1,0,0
phase2_nominal_combined_r01_s0024,40.128,0.312098,0.546969,0.096969,1,1.015308,0.330332,0,1,0,0
phase2_nominal_combined_r01_s0024,40.160,0.309154,0.546962,0.096962,1,1.014747,0.326000,0,1,0,0
phase2_nominal_combined_r01_s0024,40.192,0.306210,0.546953,0.096953,1,1.014194,0.321708,0,1,0,0
phase2_nominal_combined_r01_s0024,40.224,0.303266,0.546944,0.096944,1,1.013648,0.317458,0,1,0,0
phase2_nominal_combined_r01_s0024,40.256,0.300322,0.546938,0.096938,1,1.013115,0.313250,0,1,0,0
phase2_nominal_combined_r01_s0024,40.288,0.297378,0.546936,0.096936,1,1.012593,0.309086,0,1,0,0
phase2_nominal_combined_r01_s0024,40.320,0.294434,0.546936,0.096936,1,1.012082,0.304969,0,1,0,0
phase2_nominal_combined_r01_s0024,40.352,0.291490,0.546940,0.096940,1,1.011582,0.300900,0,1,0,0
phase2_nominal_combined_r01_s0024,40.384,0.288546,0.546946,0.096946,1,1.011093,0.296881,0,1,0,0
phase2_nominal_combined_r01_s0024,40.416,0.285602,0.546957,0.096957,1,1.010617,0.292915,0,1,0,0
phase2_nominal_combined_r01_s0024,40.448,0.282658,0.546972,0.096972,1,1.010154,0.289003,0,1,0,0
phase2_nominal_combined_r01_s0024,40.480,0.279714,0.546992,0.096992,1,1.009704,0.285149,0,1,0,0
phase2_nominal_combined_r01_s0024,40.512,0.276770,0.547019,0.097019,1,1.009269,0.281354,0,1,0,0
phase2_nominal_combined_r01_s0024,40.544,0.273826,0.547052,0.097052,1,1.008849,0.277621,0,1,0,0
phase2_nominal_combined_r01_s0024,40.576,0.270882,0.547091,0.097091,1,1.008443,0.273954,0,1,0,0
phase2_nominal_combined_r01_s0024,40.608,0.267939,0.547134,0.097134,1,1.008049,0.270355,0,1,0,0
phase2_nominal_combined_r01_s0024,40.640,0.264995,0.547182,0.097182,1,1.007668,0.266828,0,1,0,0
phase2_nominal_combined_r01_s0024,40.672,0.262052,0.547233,0.097233,2,1.007299,0.263375,0,1,0,0
phase2_nominal_combined_r01_s0024,40.704,0.259108,0.547286,0.097286,2,1.006941,0.260000,0,1,0,0
phase2_nominal_combined_r01_s0024,40.736,0.256165,0.547342,0.097342,2,1.006594,0.256706,0,1,0,0
phase2_nominal_combined_r01_s0024,40.768,0.253221,0.547400,0.097400,2,1.006258,0.253496,0,1,0,0
phase2_nominal_combined_r01_s0024,40.800,0.250278,0.547456,0.097456,2,1.005928,0.250374,0,1,0,0
phase2_nominal_combined_r01_s0024,40.832,0.247334,0.547510,0.097510,2,1.005605,0.247343,0,1,0,0
phase2_nominal_combined_r01_s0024,40.864,0.244391,0.547564,0.097564,2,1.005290,0.244406,0,1,0,0
phase2_nominal_combined_r01_s0024,40.896,0.241447,0.547617,0.097617,2,1.004982,0.241567,0,1,0,0
phase2_nominal_combined_r01_s0024,40.928,0.238504,0.547669,0.097669,2,1.004682,0.238829,0,1,0,0
phase2_nominal_combined_r01_s0024,40.960,0.235560,0.547720,0.097720,2,1.004390,0.236196,0,1,0,0
phase2_nominal_combined_r01_s0024,40.992,0.232617,0.547770,0.097770,2,1.004105,0.233671,0,1,0,0
phase2_nominal_combined_r01_s0024,41.024,0.229673,0.547814,0.097814,2,1.003823,0.231256,0,1,0,0
phase2_nominal_combined_r01_s0024,41.056,0.226729,0.547852,0.097852,2,1.003544,0.228956,0,1,0,0
phase2_nominal_combined_r01_s0024,41.088,0.223785,0.547884,0.097884,2,1.003266,0.226772,0,1,0,0
phase2_nominal_combined_r01_s0024,41.120,0.220841,0.547910,0.097910,2,1.002992,0.224709,0,1,0,0
phase2_nominal_combined_r01_s0024,41.152,0.217897,0.547927,0.097927,2,1.002717,0.222768,0,1,0,0
phase2_nominal_combined_r01_s0024,41.184,0.214953,0.547937,0.097937,2,1.002444,0.220952,0,1,0,0
phase2_nominal_combined_r01_s0024,41.216,0.212009,0.547939,0.097939,2,1.002172,0.219265,0,1,0,0
phase2_nominal_combined_r01_s0024,41.248,0.209065,0.547936,0.097936,2,1.001903,0.217709,0,1,0,0
phase2_nominal_combined_r01_s0024,41.280,0.206121,0.547930,0.097930,2,1.001639,0.216287,0,1,0,0
phase2_nominal_combined_r01_s0024,41.312,0.203177,0.547925,0.097925,2,1.001385,0.215004,0,1,0,0
phase2_nominal_combined_r01_s0024,41.344,0.200233,0.547919,0.097919,2,1.001139,0.213860,0,1,0,0
phase2_nominal_combined_r01_s0024,41.376,0.197289,0.547913,0.097913,2,1.000902,0.212860,0,1,0,0
phase2_nominal_combined_r01_s0024,41.408,0.194345,0.547907,0.097907,2,1.000672,0.212003,0,1,0,0
phase2_nominal_combined_r01_s0024,41.440,0.191401,0.547900,0.097900,2,1.000451,0.211293,0,1,0,0
phase2_nominal_combined_r01_s0024,41.472,0.188457,0.547898,0.097898,2,1.000243,0.210733,0,1,0,0
phase2_nominal_combined_r01_s0024,41.504,0.185513,0.547898,0.097898,2,1.000047,0.210323,0,1,0,0
phase2_nominal_combined_r01_s0024,41.536,0.182569,0.547902,0.097902,2,0.999862,0.210065,0,1,0,0
phase2_nominal_combined_r01_s0024,41.568,0.179625,0.547909,0.097909,2,0.999688,0.209959,0,1,0,0
phase2_nominal_combined_r01_s0024,41.600,0.176681,0.547918,0.097918,2,0.999526,0.210006,0,1,0,0
phase2_nominal_combined_r01_s0024,41.632,0.173737,0.547933,0.097933,2,0.999378,0.210208,0,1,0,0
phase2_nominal_combined_r01_s0024,41.664,0.170793,0.547952,0.097952,2,0.999243,0.210563,0,1,0,0
phase2_nominal_combined_r01_s0024,41.696,0.167849,0.547975,0.097975,2,0.999122,0.211071,0,1,0,0
phase2_nominal_combined_r01_s0024,41.728,0.164906,0.548006,0.098006,2,0.999015,0.211734,0,1,0,0
phase2_nominal_combined_r01_s0024,41.760,0.161962,0.548040,0.098040,2,0.998921,0.212547,0,1,0,0
phase2_nominal_combined_r01_s0024,41.792,0.159018,0.548078,0.098078,2,0.998840,0.213511,0,1,0,0
phase2_nominal_combined_r01_s0024,41.824,0.156074,0.548118,0.098118,2,0.998770,0.214620,0,1,0,0
phase2_nominal_combined_r01_s0024,41.856,0.153131,0.548161,0.098161,2,0.998711,0.215875,0,1,0,0
phase2_nominal_combined_r01_s0024,41.888,0.150187,0.548202,0.098202,2,0.998658,0.217269,0,1,0,0
phase2_nominal_combined_r01_s0024,41.920,0.147243,0.548241,0.098241,2,0.998613,0.218799,0,1,0,0
phase2_nominal_combined_r01_s0024,41.952,0.144300,0.548280,0.098280,2,0.998575,0.220464,0,1,0,0
phase2_nominal_combined_r01_s0024,41.984,0.141356,0.548317,0.098317,2,0.998545,0.222260,0,1,0,0
phase2_nominal_combined_r01_s0024,42.016,0.138412,0.548354,0.098354,2,0.998523,0.224184,0,1,0,0
phase2_nominal_combined_r01_s0024,42.048,0.135468,0.548389,0.098389,2,0.998509,0.226232,0,1,0,0
phase2_nominal_combined_r01_s0024,42.080,0.132524,0.548424,0.098424,2,0.998502,0.228402,0,1,0,0
phase2_nominal_combined_r01_s0024,42.112,0.129581,0.548458,0.098458,2,0.998504,0.230690,0,1,0,0
phase2_nominal_combined_r01_s0024,42.144,0.126637,0.548491,0.098491,2,0.998513,0.233092,0,1,0,0
phase2_nominal_combined_r01_s0024,42.176,0.123693,0.548524,0.098524,2,0.998530,0.235605,0,1,0,0
phase2_nominal_combined_r01_s0024,42.208,0.120749,0.548555,0.098555,2,0.998556,0.238225,0,1,0,0
phase2_nominal_combined_r01_s0024,42.240,0.117805,0.548586,0.098586,2,0.998589,0.240949,0,1,0,0
phase2_nominal_combined_r01_s0024,42.272,0.114862,0.548617,0.098617,2,0.998630,0.243773,0,1,0,0
phase2_nominal_combined_r01_s0024,42.304,0.111918,0.548646,0.098646,2,0.998679,0.246694,0,1,0,0
phase2_nominal_combined_r01_s0024,42.336,0.108974,0.548675,0.098675,2,0.998736,0.249708,0,1,0,0
phase2_nominal_combined_r01_s0024,42.368,0.106030,0.548703,0.098703,2,0.998801,0.252812,0,1,0,0
phase2_nominal_combined_r01_s0024,42.400,0.103086,0.548731,0.098731,2,0.998874,0.256003,0,1,0,0
phase2_nominal_combined_r01_s0024,42.432,0.100142,0.548758,0.098758,2,0.998955,0.259278,0,1,0,0
phase2_nominal_combined_r01_s0024,42.464,0.097198,0.548784,0.098784,2,0.999044,0.262632,0,1,0,0
phase2_nominal_combined_r01_s0024,42.496,0.094254,0.548809,0.098809,2,0.999141,0.266064,0,1,0,0
phase2_nominal_combined_r01_s0024,42.528,0.091311,0.548834,0.098834,2,0.999246,0.269570,0,1,0,0
phase2_nominal_combined_r01_s0024,42.560,0.088367,0.548858,0.098858,2,0.999359,0.273147,0,1,0,0
phase2_nominal_combined_r01_s0024,42.592,0.085423,0.548882,0.098882,2,0.999480,0.276793,0,1,0,0
phase2_nominal_combined_r01_s0024,42.624,0.082479,0.548904,0.098904,2,0.999609,0.280504,0,1,0,0
phase2_nominal_combined_r01_s0024,42.656,0.079535,0.548926,0.098926,2,0.999746,0.284279,0,1,0,0
phase2_nominal_combined_r01_s0024,42.688,0.076591,0.548948,0.098948,2,0.999890,0.288114,0,1,0,0
phase2_nominal_combined_r01_s0024,42.720,0.073647,0.548968,0.098968,2,1.000043,0.292008,0,1,0,0
phase2_nominal_combined_r01_s0024,42.752,0.070703,0.548988,0.098988,2,1.000204,0.295957,0,1,0,0
phase2_nominal_combined_r01_s0024,42.784,0.067759,0.549007,0.099007,2,1.000372,0.299960,0,1,0,0
phase2_nominal_combined_r01_s0024,42.816,0.064815,0.549026,0.099026,2,1.000549,0.304015,0,1,0,0
phase2_nominal_combined_r01_s0024,42.848,0.061871,0.549043,0.099043,2,1.000733,0.308119,0,1,0,0
phase2_nominal_combined_r01_s0024,42.880,0.058927,0.549060,0.099060,2,1.000925,0.312271,0,1,0,0
phase2_nominal_combined_r01_s0024,42.912,0.055983,0.549077,0.099077,2,1.001126,0.316468,0,1,0,0
phase2_nominal_combined_r01_s0024,42.944,0.053039,0.549092,0.099092,2,1.001334,0.320709,0,1,0,0
phase2_nominal_combined_r01_s0024,42.976,0.050095,0.549107,0.099107,2,1.001550,0.324992,0,1,0,0
phase2_nominal_combined_r01_s0024,43.008,0.047151,0.549122,0.099122,2,1.001774,0.329315,0,1,0,0
phase2_nominal_combined_r01_s0024,43.040,0.044207,0.549135,0.099135,2,1.002006,0.333677,0,1,0,0
phase2_nominal_combined_r01_s0024,43.072,0.041264,0.549148,0.099148,2,1.002246,0.338076,0,1,0,0
phase2_nominal_combined_r01_s0024,43.104,0.038320,0.549160,0.099160,2,1.002493,0.342510,0,1,0,0
phase2_nominal_combined_r01_s0024,43.136,0.035376,0.549172,0.099172,2,1.002749,0.346980,0,1,0,0
phase2_nominal_combined_r01_s0024,43.168,0.032432,0.549182,0.099182,2,1.003012,0.351482,0,1,0,0
phase2_nominal_combined_r01_s0024,43.200,0.029488,0.549192,0.099192,2,1.003283,0.356016,0,1,0,0
phase2_nominal_combined_r01_s0024,43.232,0.026544,0.549202,0.099202,2,1.003563,0.360580,0,1,0,0
phase2_nominal_combined_r01_s0024,43.264,0.023600,0.549210,0.099210,2,1.003850,0.365174,0,1,0,0
phase2_nominal_combined_r01_s0024,43.296,0.020656,0.549218,0.099218,2,1.004144,0.369795,0,1,0,0
phase2_nominal_combined_r01_s0024,43.328,0.017712,0.549225,0.099225,2,1.004447,0.374444,0,1,0,0
phase2_nominal_combined_r01_s0024,43.360,0.014768,0.549232,0.099232,2,1.004758,0.379120,0,1,0,0
phase2_nominal_combined_r01_s0024,43.392,0.011824,0.549238,0.099238,2,1.005076,0.383820,0,1,0,0
phase2_nominal_combined_r01_s0024,43.424,0.008880,0.549243,0.099243,2,1.005402,0.388544,0,1,0,0
phase2_nominal_combined_r01_s0024,43.456,0.005936,0.549247,0.099247,2,1.005736,0.393292,0,1,0,0
phase2_nominal_combined_r01_s0024,43.488,0.002992,0.549251,0.099251,2,1.006078,0.398062,0,1,0,0
phase2_nominal_combined_r01_s0024,43.520,0.000048,0.549254,0.099254,2,1.006428,0.402854,0,1,0,0
phase2_nominal_combined_r01_s0024,43.552,-0.002896,0.549256,0.099256,2,1.006785,0.407666,0,1,0,0
phase2_nominal_combined_r01_s0024,43.584,-0.005840,0.549258,0.099258,2,1.007150,0.412499,0,1,0,0
phase2_nominal_combined_r01_s0024,43.616,-0.008784,0.549259,0.099259,2,1.007523,0.417351,0,1,0,0
phase2_nominal_combined_r01_s0024,43.648,-0.011728,0.549259,0.099259,2,1.007904,0.422222,0,1,0,0
phase2_nominal_combined_r01_s0024,43.680,-0.014672,0.549258,0.099258,2,1.008292,0.427110,0,1,0,0
phase2_nominal_combined_r01_s0024,43.712,-0.017616,0.549257,0.099257,2,1.008689,13.772043,0,1,1,0
phase2_nominal_combined_r01_s0024,43.744,-0.020560,0.549255,0.099255,2,1.009093,13.774186,0,1,1,0
phase2_nominal_combined_r01_s0024,43.776,-0.023504,0.549252,0.099252,2,1.009504,13.776330,0,1,1,0
phase2_nominal_combined_r01_s0024,43.808,-0.026448,0.549249,0.099249,2,1.009924,13.778474,0,1,1,0
phase2_nominal_combined_r01_s0024,43.840,-0.029392,0.549245,0.099245,2,1.010351,13.780620,0,1,1,0
phase2_nominal_combined_r01_s0024,43.872,-0.032336,0.549240,0.099240,2,1.010786,13.782766,0,1,1,0
phase2_nominal_combined_r01_s0024,43.904,-0.035280,0.549235,0.099235,2,1.011228,13.784912,0,1,1,0
phase2_nominal_combined_r01_s0024,43.936,-0.038224,0.549229,0.099229,2,1.011678,13.787060,0,1,1,0
phase2_nominal_combined_r01_s0024,43.968,-0.041168,0.549222,0.099222,2,1.012136,13.789208,0,1,1,0
phase2_nominal_combined_r01_s0024,44.000,-0.044112,0.549214,0.099214,2,1.012602,13.791357,0,1,1,0
phase2_nominal_combined_r01_s0024,44.032,-0.047056,0.549206,0.099206,2,1.013075,13.793507,0,1,1,0
phase2_nominal_combined_r01_s0024,44.064,-0.050000,0.549197,0.099197,2,1.013556,13.795658,0,1,1,0
phase2_nominal_combined_r01_s0024,44.096,-0.052944,0.549188,0.099188,2,1.014044,13.797809,0,1,1,0
phase2_nominal_combined_r01_s0024,44.128,-0.055888,0.549177,0.099177,2,1.014540,13.799962,0,1,1,0
phase2_nominal_combined_r01_s0024,44.160,-0.058832,0.549166,0.099166,2,1.015044,13.802115,0,1,1,0
phase2_nominal_combined_r01_s0024,44.192,-0.061776,0.549154,0.099154,2,1.015555,13.804268,0,1,1,0
phase2_nominal_combined_r01_s0024,44.224,-0.064720,0.549142,0.099142,2,1.016074,13.806423,0,1,1,0
phase2_nominal_combined_r01_s0024,44.256,-0.067664,0.549129,0.099129,2,1.016600,13.808578,0,1,1,0
phase2_nominal_combined_r01_s0024,44.288,-0.070608,0.549115,0.099115,2,1.017134,13.810734,0,1,1,0
phase2_nominal_combined_r01_s0024,44.320,-0.073552,0.549100,0.099100,2,1.017676,13.812891,0,1,1,0
phase2_nominal_combined_r01_s0024,44.352,-0.076496,0.549085,0.099085,2,1.018225,13.815049,0,1,1,0
phase2_nominal_combined_r01_s0024,44.384,-0.079440,0.549069,0.099069,2,1.018781,13.817207,0,1,1,0
phase2_nominal_combined_r01_s0024,44.416,-0.082384,0.549052,0.099052,2,1.019345,13.819366,0,1,1,0
phase2_nominal_combined_r01_s0024,44.448,-0.085328,0.549035,0.099035,2,1.019917,13.821526,0,1,1,0
phase2_nominal_combined_r01_s0024,44.480,-0.088272,0.549017,0.099017,2,1.020496,13.823687,0,1,1,0
phase2_nominal_combined_r01_s0024,44.512,-0.091216,0.548998,0.098998,2,1.021082,13.825848,0,1,1,0
phase2_nominal_combined_r01_s0024,44.544,-0.094160,0.548978,0.098978,2,1.021676,13.828010,0,1,1,0
phase2_nominal_combined_r01_s0024,44.576,-0.097104,0.548958,0.098958,2,1.022278,13.830173,0,1,1,0
phase2_nominal_combined_r01_s0024,44.608,-0.100048,0.548937,0.098937,2,1.022887,13.832337,0,1,1,0
phase2_nominal_combined_r01_s0024,44.640,-0.102991,0.548916,0.098916,2,1.023503,13.834501,0,1,1,0
phase2_nominal_combined_r01_s0024,44.672,-0.105935,0.548893,0.098893,2,1.024126,13.836667,0,1,1,0
phase2_nominal_combined_r01_s0024,44.704,-0.108879,0.548870,0.098870,2,1.024757,13.838833,0,1,1,0
phase2_nominal_combined_r01_s0024,44.736,-0.111823,0.548847,0.098847,2,1.025396,13.840999,0,1,1,0
phase2_nominal_combined_r01_s0024,44.768,-0.114767,0.548822,0.098822,2,1.026042,13.843167,0,1,1,0
phase2_nominal_combined_r01_s0024,44.800,-0.117711,0.548797,0.098797,2,1.026695,13.845335,0,1,1,0
phase2_nominal_combined_r01_s0024,44.832,-0.120655,0.548771,0.098771,2,1.027355,13.847504,0,1,1,0
phase2_nominal_combined_r01_s0024,44.864,-0.123599,0.548745,0.098745,2,1.028023,13.849674,0,1,1,0
phase2_nominal_combined_r01_s0024,44.896,-0.126543,0.548718,0.098718,2,1.028698,13.851845,0,1,1,0
phase2_nominal_combined_r01_s0024,44.928,-0.129487,0.548690,0.098690,2,1.029381,13.854016,0,1,1,0
phase2_nominal_combined_r01_s0024,44.960,-0.132430,0.548661,0.098661,2,1.030070,13.856188,0,1,1,0
phase2_nominal_combined_r01_s0024,44.992,-0.135374,0.548632,0.098632,2,1.030767,13.858361,0,1,1,0
phase2_nominal_combined_r01_s0024,45.024,-0.138318,0.548602,0.098602,2,1.031472,13.860535,0,1,1,0
phase2_nominal_combined_r01_s0024,45.056,-0.141262,0.548571,0.098571,2,1.032183,13.862709,0,1,1,0
phase2_nominal_combined_r01_s0024,45.088,-0.144206,0.548539,0.098539,2,1.032902,13.864884,0,1,1,0
phase2_nominal_combined_r01_s0024,45.120,-0.147150,0.548507,0.098507,2,1.033627,13.867060,0,1,1,0
phase2_nominal_combined_r01_s0024,45.152,-0.150093,0.548474,0.098474,2,1.034361,13.869237,0,1,1,0
phase2_nominal_combined_r01_s0024,45.184,-0.153037,0.548441,0.098441,2,1.035101,13.871414,0,1,1,0
phase2_nominal_combined_r01_s0024,45.216,-0.155981,0.548407,0.098407,2,1.035848,13.873592,0,1,1,0
phase2_nominal_combined_r01_s0024,45.248,-0.158925,0.548372,0.098372,2,1.036603,13.875771,0,1,1,0
phase2_nominal_combined_r01_s0024,45.280,-0.161869,0.548336,0.098336,2,1.037364,13.877951,0,1,1,0
phase2_nominal_combined_r01_s0024,45.312,-0.164812,0.548300,0.098300,2,1.038133,13.880131,0,1,1,0
phase2_nominal_combined_r01_s0024,45.344,-0.167756,0.548263,0.098263,2,1.038909,13.882313,0,1,1,0
phase2_nominal_combined_r01_s0024,45.376,-0.170700,0.548225,0.098225,2,1.039692,13.884495,0,1,1,0
phase2_nominal_combined_r01_s0024,45.408,-0.173644,0.548186,0.098186,2,1.040482,13.886677,0,1,1,0
phase2_nominal_combined_r01_s0024,45.440,-0.176587,0.548147,0.098147,2,1.041279,13.888861,0,1,1,0
phase2_nominal_combined_r01_s0024,45.472,-0.179531,0.548107,0.098107,2,1.042083,13.891045,0,1,1,0
phase2_nominal_combined_r01_s0024,45.504,-0.182475,0.548067,0.098067,2,1.042894,13.893230,0,1,1,0
phase2_nominal_combined_r01_s0024,45.536,-0.185419,0.548025,0.098025,2,1.043712,13.895416,0,1,1,0
phase2_nominal_combined_r01_s0024,45.568,-0.188362,0.547983,0.097983,2,1.044537,13.897602,0,1,1,0
phase2_nominal_combined_r01_s0024,45.600,-0.191306,0.547941,0.097941,2,1.045369,13.899789,0,1,1,0
phase2_nominal_combined_r01_s0024,45.632,-0.194250,0.547897,0.097897,2,1.046208,13.901977,0,1,1,0
phase2_nominal_combined_r01_s0024,45.664,-0.197193,0.547853,0.097853,2,1.047054,13.904166,0,1,1,0
phase2_nominal_combined_r01_s0024,45.696,-0.200137,0.547808,0.097808,2,1.047907,13.906355,0,1,1,0
phase2_nominal_combined_r01_s0024,45.728,-0.203081,0.547763,0.097763,2,1.048767,13.908546,0,1,1,0
phase2_nominal_combined_r01_s0024,45.760,-0.206024,0.547717,0.097717,2,1.049633,13.910736,0,1,1,0
phase2_nominal_combined_r01_s0024,45.792,-0.208968,0.547670,0.097670,2,1.050507,13.912928,0,1,1,0
phase2_nominal_combined_r01_s0024,45.824,-0.211911,0.547622,0.097622,2,1.051387,13.915121,0,1,1,0
phase2_nominal_combined_r01_s0024,45.856,-0.214855,0.547574,0.097574,2,1.052274,13.917314,0,1,1,0
phase2_nominal_combined_r01_s0024,45.888,-0.217799,0.547525,0.097525,2,1.053168,13.919508,0,1,1,0
phase2_nominal_combined_r01_s0024,45.920,-0.220742,0.547475,0.097475,2,1.054069,13.921702,0,1,1,0
phase2_nominal_combined_r01_s0024,45.952,-0.223686,0.547425,0.097425,2,1.054977,13.923898,0,1,1,0
phase2_nominal_combined_r01_s0024,45.984,-0.226629,0.547374,0.097374,2,1.055891,13.926094,0,1,1,0
phase2_nominal_combined_r01_s0024,46.016,-0.229573,0.547322,0.097322,2,1.056812,13.928291,0,1,1,0
phase2_nominal_combined_r01_s0024,46.048,-0.232516,0.547269,0.097269,2,1.057740,13.930489,0,1,1,0
phase2_nominal_combined_r01_s0024,46.080,-0.235460,0.547216,0.097216,2,1.058674,13.932687,0,1,1,0
phase2_nominal_combined_r01_s0024,46.112,-0.238403,0.547162,0.097162,2,1.059616,13.934886,0,1,1,0
phase2_nominal_combined_r01_s0024,46.144,-0.241347,0.547107,0.097107,2,1.060563,13.937086,0,1,1,0
phase2_nominal_combined_r01_s0024,46.176,-0.244290,0.547052,0.097052,2,1.061518,13.939287,0,1,1,0
phase2_nominal_combined_r01_s0024,46.208,-0.247234,0.546996,0.096996,2,1.062479,13.941488,0,1,1,0
phase2_nominal_combined_r01_s0024,46.240,-0.250177,0.546939,0.096939,2,1.063447,13.943690,0,1,1,0
phase2_nominal_combined_r01_s0024,46.272,-0.253121,0.546882,0.096882,2,1.064421,13.945893,0,1,1,0
phase2_nominal_combined_r01_s0024,46.304,-0.256064,0.546824,0.096824,2,1.065402,13.948096,0,1,1,0
phase2_nominal_combined_r01_s0024,46.336,-0.259008,0.546765,0.096765,2,1.066390,13.950301,0,1,1,0
phase2_nominal_combined_r01_s0024,46.368,-0.261951,0.546705,0.096705,2,1.067384,13.952506,0,1,1,0
phase2_nominal_combined_r01_s0024,46.400,-0.264894,0.546645,0.096645,2,1.068384,13.954712,0,1,1,0
phase2_nominal_combined_r01_s0024,46.432,-0.267838,0.546584,0.096584,2,1.069391,13.956918,0,1,1,0
phase2_nominal_combined_r01_s0024,46.464,-0.270781,0.546527,0.096527,2,1.070409,13.959122,0,1,1,0
phase2_nominal_combined_r01_s0024,46.496,-0.273725,0.546473,0.096473,2,1.071437,13.961325,0,1,1,0
phase2_nominal_combined_r01_s0024,46.528,-0.276668,0.546422,0.096422,2,1.072475,13.963526,0,1,1,0
phase2_nominal_combined_r01_s0024,46.560,-0.279612,0.546374,0.096374,2,1.073522,13.965725,0,1,1,0
phase2_nominal_combined_r01_s0024,46.592,-0.282556,0.546328,0.096328,2,1.074580,13.967922,0,1,1,0
phase2_nominal_combined_r01_s0024,46.624,-0.285499,0.546286,0.096286,2,1.075646,13.970119,0,1,1,0
phase2_nominal_combined_r01_s0024,46.656,-0.288443,0.546246,0.096246,2,1.076722,13.972313,0,1,1,0
phase2_nominal_combined_r01_s0024,46.688,-0.291387,0.546208,0.096208,2,1.077808,13.974506,0,1,1,0
phase2_nominal_combined_r01_s0024,46.720,-0.294331,0.546174,0.096174,2,1.078903,13.976698,0,1,1,0
phase2_nominal_combined_r01_s0024,46.752,-0.297274,0.546142,0.096142,2,1.080007,13.978888,0,1,1,0
phase2_nominal_combined_r01_s0024,46.784,-0.300218,0.546112,0.096112,2,1.081121,13.981076,0,1,1,0
phase2_nominal_combined_r01_s0024,46.816,-0.303162,0.546086,0.096086,2,1.082244,13.983263,0,1,1,0
phase2_nominal_combined_r01_s0024,46.848,-0.306106,0.546061,0.096061,2,1.083377,13.985449,0,1,1,0
phase2_nominal_combined_r01_s0024,46.880,-0.309050,0.546040,0.096040,2,1.084518,13.987633,0,1,1,0
phase2_nominal_combined_r01_s0024,46.912,-0.311994,0.546021,0.096021,2,1.085669,13.989815,0,1,1,0
phase2_nominal_combined_r01_s0024,46.944,-0.314938,0.546005,0.096005,2,1.086829,13.991997,0,1,1,0
phase2_nominal_combined_r01_s0024,46.976,-0.317882,0.545991,0.095991,2,1.087998,13.994176,0,1,1,0
phase2_nominal_combined_r01_s0024,47.008,-0.320826,0.545980,0.095980,2,1.089176,13.996354,0,1,1,0
phase2_nominal_combined_r01_s0024,47.040,-0.323770,0.545972,0.095972,2,1.090363,13.998531,0,1,1,0
phase2_nominal_combined_r01_s0024,47.072,-0.326714,0.545966,0.095966,2,1.091559,14.000706,0,1,1,0
phase2_nominal_combined_r01_s0024,47.104,-0.329658,0.545963,0.095963,2,1.092764,14.002880,0,1,1,0
phase2_nominal_combined_r01_s0024,47.136,-0.332602,0.545962,0.095962,2,1.093979,14.005052,0,1,1,0
phase2_nominal_combined_r01_s0024,47.168,-0.335546,0.545964,0.095964,2,1.095202,14.007223,0,1,1,0
phase2_nominal_combined_r01_s0024,47.200,-0.338490,0.545969,0.095969,2,1.096434,14.009392,0,1,1,0
phase2_nominal_combined_r01_s0024,47.232,-0.341434,0.545972,0.095972,2,1.097671,14.011563,0,1,1,0
phase2_nominal_combined_r01_s0024,47.264,-0.344378,0.545978,0.095978,2,1.098917,14.013732,0,1,1,0
phase2_nominal_combined_r01_s0024,47.296,-0.347322,0.545987,0.095987,2,1.100173,14.015899,0,1,1,0
phase2_nominal_combined_r01_s0024,47.328,-0.350266,0.545999,0.095999,2,1.101437,14.018065,0,1,1,0
phase2_nominal_combined_r01_s0024,47.360,-0.353210,0.546009,0.096009,2,1.102706,14.020232,0,1,1,0
phase2_nominal_combined_r01_s0024,47.392,-0.356154,0.546022,0.096022,2,1.103985,14.022397,0,1,1,0
phase2_nominal_combined_r01_s0024,47.424,-0.359098,0.546034,0.096034,2,1.105268,14.024564,0,1,1,0
phase2_nominal_combined_r01_s0024,47.456,-0.362042,0.546044,0.096044,2,1.106557,14.026731,0,1,1,0
phase2_nominal_combined_r01_s0024,47.488,-0.364986,0.546054,0.096054,2,1.107851,14.028900,0,1,1,0
phase2_nominal_combined_r01_s0024,47.520,-0.367930,0.546062,0.096062,2,1.109151,14.031069,0,1,1,0
phase2_nominal_combined_r01_s0024,47.552,-0.370874,0.546075,0.096075,2,1.110461,14.033236,0,1,1,0
phase2_nominal_combined_r01_s0024,47.584,-0.373818,0.546086,0.096086,2,1.111775,14.035405,0,1,1,0
phase2_nominal_combined_r01_s0024,47.616,-0.376762,0.546096,0.096096,2,1.113094,14.037574,0,1,1,0
phase2_nominal_combined_r01_s0024,47.648,-0.379706,0.546105,0.096105,2,1.114420,14.039744,0,1,1,0
phase2_nominal_combined_r01_s0024,47.680,-0.382650,0.546118,0.096118,2,1.115755,14.041912,0,1,1,0
phase2_nominal_combined_r01_s0024,47.712,-0.385594,0.546130,0.096130,2,1.117094,14.044081,0,1,1,0
phase2_nominal_combined_r01_s0024,47.744,-0.388538,0.546140,0.096140,2,1.118439,14.046251,0,1,1,0
phase2_nominal_combined_r01_s0024,47.776,-0.391482,0.546150,0.096150,2,1.119789,14.048422,0,1,1,0
phase2_nominal_combined_r01_s0024,47.808,-0.394425,0.546159,0.096159,2,1.121145,14.050594,0,1,1,0
phase2_nominal_combined_r01_s0024,47.840,-0.397369,0.546167,0.096167,2,1.122506,14.052766,0,1,1,0
phase2_nominal_combined_r01_s0024,47.872,-0.400313,0.546175,0.096175,2,1.123873,14.054940,0,1,1,0
phase2_nominal_combined_r01_s0024,47.904,-0.403257,0.546182,0.096182,2,1.125245,14.057114,0,1,1,0
phase2_nominal_combined_r01_s0024,47.936,-0.406201,0.546188,0.096188,2,1.126622,14.059289,0,1,1,0
phase2_nominal_combined_r01_s0024,47.968,-0.409145,0.546193,0.096193,2,1.128005,14.061464,0,1,1,0
phase2_nominal_combined_r01_s0024,48.000,-0.412089,0.546198,0.096198,2,1.129393,14.063641,0,1,1,0
phase2_nominal_combined_r01_s0024,48.032,-0.415033,0.546202,0.096202,2,1.130787,14.065818,0,1,1,0
phase2_nominal_combined_r01_s0024,48.064,-0.417977,0.546205,0.096205,2,1.132185,14.067995,0,1,1,0
phase2_nominal_combined_r01_s0024,48.096,-0.420921,0.546207,0.096207,2,1.133590,14.070174,0,1,1,0
phase2_nominal_combined_r01_s0024,48.128,-0.423865,0.546209,0.096209,2,1.134999,14.072353,0,1,1,0
phase2_nominal_combined_r01_s0024,48.160,-0.426809,0.546211,0.096211,2,1.136414,14.074533,0,1,1,0
phase2_nominal_combined_r01_s0024,48.192,-0.429753,0.546211,0.096211,2,1.137834,14.076714,0,1,1,0
phase2_nominal_combined_r01_s0024,48.224,-0.432697,0.546211,0.096211,2,1.139259,14.078896,0,1,1,0
phase2_nominal_combined_r01_s0024,48.256,-0.435641,0.546215,0.096215,2,1.140693,14.081075,0,1,1,0
phase2_nominal_combined_r01_s0024,48.288,-0.438585,0.546222,0.096222,2,1.142136,14.083252,0,1,1,0
phase2_nominal_combined_r01_s0024,48.320,-0.441529,0.546231,0.096231,2,1.143587,14.085428,0,1,1,0
phase2_nominal_combined_r01_s0024,48.352,-0.444473,0.546239,0.096239,2,1.145042,14.087605,0,1,1,0
phase2_nominal_combined_r01_s0024,48.384,-0.447417,0.546246,0.096246,2,1.146503,14.089783,0,1,1,0
phase2_nominal_combined_r01_s0024,48.416,-0.450361,0.546257,0.096257,2,1.147972,14.091959,0,1,1,0
phase2_nominal_combined_r01_s0024,48.448,-0.453305,0.546266,0.096266,2,1.149445,14.094137,0,1,1,0
phase2_nominal_combined_r01_s0024,48.480,-0.456249,0.546279,0.096279,2,1.150928,14.096312,0,1,1,0
phase2_nominal_combined_r01_s0024,48.512,-0.459193,0.546289,0.096289,2,1.152414,14.098488,0,1,1,0
phase2_nominal_combined_r01_s0024,48.544,-0.462137,0.546300,0.096300,2,1.153905,14.100666,0,1,1,0
phase2_nominal_combined_r01_s0024,48.576,-0.465081,0.546309,0.096309,2,1.155401,14.102844,0,1,1,0
phase2_nominal_combined_r01_s0024,48.608,-0.468025,0.546317,0.096317,2,1.156902,14.105023,0,1,1,0
phase2_nominal_combined_r01_s0024,48.640,-0.470969,0.546325,0.096325,2,1.158407,14.107203,0,1,1,0
phase2_nominal_combined_r01_s0024,48.672,-0.473913,0.546332,0.096332,2,1.159918,14.109384,0,1,1,0
phase2_nominal_combined_r01_s0024,48.704,-0.476857,0.546338,0.096338,2,1.161433,14.111565,0,1,1,0
phase2_nominal_combined_r01_s0024,48.736,-0.479801,0.546343,0.096343,2,1.162954,14.113747,0,1,1,0
phase2_nominal_combined_r01_s0024,48.768,-0.482745,0.546348,0.096348,2,1.164479,14.115930,0,1,1,0
phase2_nominal_combined_r01_s0024,48.800,-0.485689,0.546352,0.096352,2,1.166009,14.118114,0,1,1,0
phase2_nominal_combined_r01_s0024,48.832,-0.488633,0.546355,0.096355,2,1.167543,14.120299,0,1,1,0
phase2_nominal_combined_r01_s0024,48.864,-0.491577,0.546358,0.096358,2,1.169083,14.122484,0,1,1,0
phase2_nominal_combined_r01_s0024,48.896,-0.494521,0.546359,0.096359,2,1.170627,14.124670,0,1,1,0
phase2_nominal_combined_r01_s0024,48.928,-0.497465,0.546361,0.096361,2,1.172176,14.126857,0,1,1,0
phase2_nominal_combined_r01_s0024,48.960,-0.500409,0.546361,0.096361,2,1.173730,14.129044,0,1,1,0
phase2_nominal_combined_r01_s0024,48.992,-0.503353,0.546361,0.096361,2,1.175289,14.131232,0,1,1,0
phase2_nominal_combined_r01_s0024,49.024,-0.506297,0.546360,0.096360,2,1.176852,14.133421,0,1,1,0
phase2_nominal_combined_r01_s0024,49.056,-0.509241,0.546358,0.096358,2,1.178420,14.135611,0,1,1,0
phase2_nominal_combined_r01_s0024,49.088,-0.512185,0.546356,0.096356,2,1.179993,14.137801,0,1,1,0
phase2_nominal_combined_r01_s0024,49.120,-0.515129,0.546353,0.096353,2,1.181570,14.139992,0,1,1,0
phase2_nominal_combined_r01_s0024,49.152,-0.518073,0.546349,0.096349,2,1.183152,14.142184,0,1,1,0
phase2_nominal_combined_r01_s0024,49.184,-0.521017,0.546345,0.096345,2,1.184739,14.144377,0,1,1,0
phase2_nominal_combined_r01_s0024,49.216,-0.523961,0.546340,0.096340,2,1.186330,14.146570,0,1,1,0
phase2_nominal_combined_r01_s0024,49.248,-0.526905,0.546334,0.096334,2,1.187926,14.148764,0,1,1,0
phase2_nominal_combined_r01_s0024,49.280,-0.529849,0.546328,0.096328,2,1.189526,14.150959,0,1,1,0
phase2_nominal_combined_r01_s0024,49.312,-0.532793,0.546320,0.096320,2,1.191131,14.153155,0,1,1,0
phase2_nominal_combined_r01_s0024,49.344,-0.535737,0.546313,0.096313,2,1.192741,14.155351,0,1,1,0
phase2_nominal_combined_r01_s0024,49.376,-0.538681,0.546304,0.096304,2,1.194355,14.157548,0,1,1,0
phase2_nominal_combined_r01_s0024,49.408,-0.541625,0.546295,0.096295,2,1.195973,14.159746,0,1,1,0
phase2_nominal_combined_r01_s0024,49.440,-0.544569,0.546285,0.096285,2,1.197596,14.161944,0,1,1,0
phase2_nominal_combined_r01_s0024,49.472,-0.547513,0.546274,0.096274,2,1.199223,14.164144,0,1,1,0
phase2_nominal_combined_r01_s0024,49.504,-0.550457,0.546263,0.096263,2,1.200855,14.166343,0,1,1,0
phase2_nominal_combined_r01_s0024,49.536,-0.553401,0.546256,0.096256,2,1.202495,14.168541,0,1,1,0
phase2_nominal_combined_r01_s0024,49.568,-0.556345,0.546251,0.096251,2,1.204143,14.170737,0,1,1,0
phase2_nominal_combined_r01_s0024,49.600,-0.559289,0.546250,0.096250,2,1.205798,14.172931,0,1,1,0
phase2_nominal_combined_r01_s0024,49.632,-0.562233,0.546251,0.096251,2,1.207460,14.175124,0,1,1,0
phase2_nominal_combined_r01_s0024,49.664,-0.565177,0.546256,0.096256,2,1.209129,14.177315,0,1,1,0
phase2_nominal_combined_r01_s0024,49.696,-0.568121,0.546263,0.096263,2,1.210805,14.179504,0,1,1,0
phase2_nominal_combined_r01_s0024,49.728,-0.571065,0.546272,0.096272,2,1.212489,14.181692,0,1,1,0
phase2_nominal_combined_r01_s0024,49.760,-0.574009,0.546280,0.096280,2,1.214176,14.183881,0,1,1,0
phase2_nominal_combined_r01_s0024,49.792,-0.576953,0.546287,0.096287,2,1.215866,14.186072,0,1,1,0
phase2_nominal_combined_r01_s0024,49.824,-0.579897,0.546297,0.096297,2,1.217565,14.188260,0,1,1,0
phase2_nominal_combined_r01_s0024,49.856,-0.582841,0.546310,0.096310,2,1.219270,14.190446,0,1,1,0
phase2_nominal_combined_r01_s0024,49.888,-0.585785,0.546327,0.096327,2,1.220983,14.192631,0,1,1,0
phase2_nominal_combined_r01_s0024,49.920,-0.588729,0.546345,0.096345,2,1.222702,14.194815,0,1,1,0
phase2_nominal_combined_r01_s0024,49.952,-0.591673,0.546367,0.096367,2,1.224428,14.196997,0,1,1,0
phase2_nominal_combined_r01_s0024,49.984,-0.594617,0.546391,0.096391,2,1.226161,14.199177,0,1,1,0
phase2_nominal_combined_r01_s0024,50.016,-0.597561,0.546418,0.096418,2,1.227901,14.201356,0,1,1,0
phase2_nominal_combined_r01_s0024,50.048,-0.600505,0.546447,0.096447,2,1.229648,14.203533,0,1,1,0
phase2_nominal_combined_r01_s0024,50.080,-0.603448,0.546479,0.096479,2,1.231401,14.205709,0,1,1,0
phase2_nominal_combined_r01_s0024,50.112,-0.606392,0.546514,0.096514,2,1.233161,14.207883,0,1,1,0
phase2_nominal_combined_r01_s0024,50.144,-0.609336,0.546551,0.096551,2,1.234927,14.210056,0,1,1,0
phase2_nominal_combined_r01_s0024,50.176,-0.612280,0.546592,0.096592,2,1.236701,14.212228,0,1,1,0
phase2_nominal_combined_r01_s0024,50.208,-0.615223,0.546634,0.096634,2,1.238480,14.214397,0,1,1,0
phase2_nominal_combined_r01_s0024,50.240,-0.618167,0.546680,0.096680,2,1.240266,14.216566,0,1,1,0
phase2_nominal_combined_r01_s0024,50.272,-0.621111,0.546728,0.096728,2,1.242059,14.218732,0,1,1,0
phase2_nominal_combined_r01_s0024,50.304,-0.624054,0.546778,0.096778,2,1.243858,14.220898,0,1,1,0
phase2_nominal_combined_r01_s0024,50.336,-0.626998,0.546831,0.096831,2,1.245664,14.223061,0,1,1,0
phase2_nominal_combined_r01_s0024,50.368,-0.629941,0.546887,0.096887,2,1.247476,14.225224,0,1,1,0
phase2_nominal_combined_r01_s0024,50.400,-0.632885,0.546946,0.096946,2,1.249294,14.227384,0,1,1,0
phase2_nominal_combined_r01_s0024,50.432,-0.635828,0.547007,0.097007,2,1.251119,14.229544,0,1,1,0
phase2_nominal_combined_r01_s0024,50.464,-0.638771,0.547071,0.097071,2,1.252950,14.231701,0,1,1,0
phase2_nominal_combined_r01_s0024,50.496,-0.641715,0.547137,0.097137,2,1.254788,14.233858,0,1,1,0
phase2_nominal_combined_r01_s0024,50.528,-0.644658,0.547206,0.097206,2,1.256631,14.236012,0,1,1,0
phase2_nominal_combined_r01_s0024,50.560,-0.647601,0.547273,0.097273,2,1.258477,14.238169,0,1,1,0
phase2_nominal_combined_r01_s0024,50.592,-0.650544,0.547339,0.097339,2,1.260327,14.240326,0,1,1,0
phase2_nominal_combined_r01_s0024,50.624,-0.653487,0.547404,0.097404,2,1.262180,14.242484,0,1,1,0
phase2_nominal_combined_r01_s0024,50.656,-0.656431,0.547469,0.097469,2,1.264036,14.244643,0,1,1,0
phase2_nominal_combined_r01_s0024,50.688,-0.659374,0.547532,0.097532,2,1.265896,14.246804,0,1,1,0
phase2_nominal_combined_r01_s0024,50.720,-0.662317,0.547594,0.097594,2,1.267760,14.248964,0,1,1,0
phase2_nominal_combined_r01_s0024,50.752,-0.665261,0.547656,0.097656,2,1.269627,14.251126,0,1,1,0
phase2_nominal_combined_r01_s0024,50.784,-0.668204,0.547717,0.097717,2,1.271497,14.253288,0,1,1,0
phase2_nominal_combined_r01_s0024,50.816,-0.671148,0.547777,0.097777,2,1.273371,14.255452,0,1,1,0
phase2_nominal_combined_r01_s0024,50.848,-0.674091,0.547837,0.097837,2,1.275249,14.257616,0,1,1,0
phase2_nominal_combined_r01_s0024,50.880,-0.677034,0.547896,0.097896,2,1.277129,14.259780,0,1,1,0
phase2_nominal_combined_r01_s0024,50.912,-0.679978,0.547954,0.097954,2,1.279014,14.261946,0,1,1,0
phase2_nominal_combined_r01_s0024,50.944,-0.682921,0.548011,0.098011,2,1.280902,14.264112,0,1,1,0
phase2_nominal_combined_r01_s0024,50.976,-0.685865,0.548068,0.098068,2,1.282793,14.266279,0,1,1,0
phase2_nominal_combined_r01_s0024,51.008,-0.688808,0.548124,0.098124,2,1.284688,14.268447,0,1,1,0
phase2_nominal_combined_r01_s0024,51.040,-0.691752,0.548180,0.098180,2,1.286586,14.270615,0,1,1,0
phase2_nominal_combined_r01_s0024,51.072,-0.694695,0.548234,0.098234,2,1.288487,14.272784,0,1,1,0
phase2_nominal_combined_r01_s0024,51.104,-0.697639,0.548288,0.098288,2,1.290392,14.274954,0,1,1,0
phase2_nominal_combined_r01_s0024,51.136,-0.700582,0.548342,0.098342,2,1.292301,14.277125,0,1,1,0
phase2_nominal_combined_r01_s0024,51.168,-0.703526,0.548395,0.098395,2,1.294213,14.279296,0,1,1,0
phase2_nominal_combined_r01_s0024,51.200,-0.706469,0.548442,0.098442,2,1.296124,14.281472,0,1,1,0
phase2_nominal_combined_r01_s0024,51.232,-0.709413,0.548490,0.098490,2,1.298040,14.283647,0,1,1,0
phase2_nominal_combined_r01_s0024,51.264,-0.712356,0.548544,0.098544,2,1.299964,14.285818,0,1,1,0
phase2_nominal_combined_r01_s0024,51.296,-0.715300,0.548601,0.098601,2,1.301894,14.287988,0,1,1,0
phase2_nominal_combined_r01_s0024,51.328,-0.718243,0.548660,0.098660,2,1.303830,14.290156,0,1,1,0
phase2_nominal_combined_r01_s0024,51.360,-0.721187,0.548723,0.098723,2,1.305772,14.292323,0,1,1,0
phase2_nominal_combined_r01_s0024,51.392,-0.724130,0.548788,0.098788,2,1.307720,14.294488,0,1,1,0
phase2_nominal_combined_r01_s0024,51.424,-0.727073,0.548851,0.098851,2,1.309670,14.296654,0,1,1,0
phase2_nominal_combined_r01_s0024,51.456,-0.730017,0.548913,0.098913,2,1.311623,14.298821,0,1,1,0
phase2_nominal_combined_r01_s0024,51.488,-0.732960,0.548975,0.098975,2,1.313580,14.300990,0,1,1,0
phase2_nominal_combined_r01_s0024,51.520,-0.735903,0.549036,0.099036,2,1.315539,14.303159,0,1,1,0
phase2_nominal_combined_r01_s0024,51.552,-0.738847,0.549095,0.099095,2,1.317501,14.305328,0,1,1,0
phase2_nominal_combined_r01_s0024,51.584,-0.741790,0.549155,0.099155,2,1.319467,14.307499,0,1,1,0
phase2_nominal_combined_r01_s0024,51.616,-0.744733,0.549213,0.099213,2,1.321435,14.309671,0,1,1,0
phase2_nominal_combined_r01_s0024,51.648,-0.747677,0.549270,0.099270,2,1.323406,14.311843,0,1,1,0
phase2_nominal_combined_r01_s0024,51.680,-0.750620,0.549327,0.099328,2,1.325381,14.314016,0,1,1,0
phase2_nominal_combined_r01_s0024,51.712,-0.753564,0.549383,0.099395,2,1.327359,14.316190,0,1,1,0
phase2_nominal_combined_r01_s0024,51.744,-0.756507,0.549439,0.099477,2,1.329339,14.318364,0,1,1,0
phase2_nominal_combined_r01_s0024,51.776,-0.759451,0.549493,0.099575,2,1.331323,14.320540,0,1,1,0
phase2_nominal_combined_r01_s0024,51.808,-0.762394,0.549547,0.099687,2,1.333310,14.322716,0,1,1,0
phase2_nominal_combined_r01_s0024,51.840,-0.765338,0.549596,0.099810,2,1.335296,14.324896,0,1,1,0
phase2_nominal_combined_r01_s0024,51.872,-0.768282,0.549640,0.099944,2,1.337283,14.327079,0,1,1,0
phase2_nominal_combined_r01_s0024,51.904,-0.771225,0.549678,0.100088,2,1.339268,14.329267,0,1,1,0
phase2_nominal_combined_r01_s0024,51.936,-0.774169,0.549710,0.100241,2,1.341252,14.331459,0,1,1,0
phase2_nominal_combined_r01_s0024,51.968,-0.777113,0.549735,0.100404,2,1.343236,14.333655,0,1,1,0
phase2_nominal_combined_r01_s0024,52.000,-0.780057,0.549755,0.100576,2,1.345219,14.335856,0,1,1,0
phase2_nominal_combined_r01_s0024,52.032,-0.783001,0.549769,0.100759,2,1.347201,14.338060,0,1,1,0
phase2_nominal_combined_r01_s0024,52.064,-0.785945,0.549778,0.100951,2,1.349182,14.340269,0,1,1,0
phase2_nominal_combined_r01_s0024,52.096,-0.788889,0.549778,0.101152,2,1.351161,14.342483,0,1,1,0
phase2_nominal_combined_r01_s0024,52.128,-0.791833,0.549771,0.101360,2,1.353138,14.344703,0,1,1,0
phase2_nominal_combined_r01_s0024,52.160,-0.794777,0.549756,0.101576,2,1.355112,14.346928,0,1,1,0
phase2_nominal_combined_r01_s0024,52.192,-0.797721,0.549734,0.101801,2,1.357085,14.349158,0,1,1,0
phase2_nominal_combined_r01_s0024,52.224,-0.800665,0.549702,0.102032,2,1.359054,14.351394,0,1,1,0
phase2_nominal_combined_r01_s0024,52.256,-0.803609,0.549658,0.102266,2,1.361018,14.353638,0,1,1,0
phase2_nominal_combined_r01_s0024,52.288,-0.806553,0.549618,0.102520,2,1.362988,14.355880,0,1,1,0
phase2_nominal_combined_r01_s0024,52.320,-0.809496,0.549568,0.102779,2,1.364954,14.358129,0,1,1,0
phase2_nominal_combined_r01_s0024,52.352,-0.812440,0.549511,0.103047,2,1.366919,14.360383,0,1,1,0
phase2_nominal_combined_r01_s0024,52.384,-0.815383,0.549447,0.103323,2,1.368881,14.362642,0,1,1,0
phase2_nominal_combined_r01_s0024,52.416,-0.818326,0.549377,0.103610,2,1.370843,14.364904,0,1,1,0
phase2_nominal_combined_r01_s0024,52.448,-0.821269,0.549300,0.103904,2,1.372803,14.367171,0,1,1,0
phase2_nominal_combined_r01_s0024,52.480,-0.824212,0.549213,0.104204,2,1.374759,14.369445,0,1,1,0
phase2_nominal_combined_r01_s0024,52.512,-0.827155,0.549110,0.104504,2,1.376707,14.371729,0,1,1,0
phase2_nominal_combined_r01_s0024,52.544,-0.830097,0.548990,0.104802,2,1.378646,14.374025,0,1,1,0
phase2_nominal_combined_r01_s0024,52.576,-0.833038,0.548853,0.105099,2,1.380575,14.376331,0,1,1,0
phase2_nominal_combined_r01_s0024,52.608,-0.835978,0.548698,0.105394,2,1.382495,14.378648,0,1,1,0
phase2_nominal_combined_r01_s0024,52.640,-0.838918,0.548521,0.105681,2,1.384401,14.380980,0,1,1,0
phase2_nominal_combined_r01_s0024,52.672,-0.841855,0.548320,0.105961,2,1.386293,14.383326,0,1,1,0
phase2_nominal_combined_r01_s0024,52.704,-0.844792,0.548094,0.106231,2,1.388170,14.385688,0,1,1,0
phase2_nominal_combined_r01_s0024,52.736,-0.847726,0.547839,0.106487,2,1.390027,14.388068,0,1,1,0
phase2_nominal_combined_r01_s0024,52.768,-0.850657,0.547553,0.106728,2,1.391865,14.390466,0,1,1,0
phase2_nominal_combined_r01_s0024,52.800,-0.853585,0.547233,0.106951,2,1.393679,14.392884,0,1,1,0
phase2_nominal_combined_r01_s0024,52.832,-0.856509,0.546878,0.107153,2,1.395470,14.395322,0,1,1,0
phase2_nominal_combined_r01_s0024,52.864,-0.859428,0.546486,0.107334,2,1.397235,14.397781,0,1,1,0
phase2_nominal_combined_r01_s0024,52.896,-0.862343,0.546061,0.107497,2,1.398976,14.400259,0,1,1,0
phase2_nominal_combined_r01_s0024,52.928,-0.865252,0.545601,0.107641,2,1.400694,14.402755,0,1,1,0
phase2_nominal_combined_r01_s0024,52.960,-0.868156,0.545108,0.107767,2,1.402388,14.405269,0,1,1,0
phase2_nominal_combined_r01_s0024,52.992,-0.871053,0.544582,0.107874,2,1.404058,14.407801,0,1,1,0
phase2_nominal_combined_r01_s0024,53.024,-0.873944,0.544023,0.107963,2,1.405705,14.410349,0,1,1,0
phase2_nominal_combined_r01_s0024,53.056,-0.876829,0.543432,0.108036,2,1.407329,14.412913,0,1,1,0
phase2_nominal_combined_r01_s0024,53.088,-0.879707,0.542813,0.108095,2,1.408933,14.415492,0,1,1,0
phase2_nominal_combined_r01_s0024,53.120,-0.882579,0.542167,0.108142,2,1.410518,14.418083,0,1,1,0
phase2_nominal_combined_r01_s0024,53.152,-0.885445,0.541496,0.108178,2,1.412085,14.420687,0,1,1,0
phase2_nominal_combined_r01_s0024,53.184,-0.888306,0.540800,0.108206,2,1.413636,14.423302,0,1,1,0
phase2_nominal_combined_r01_s0024,53.216,-0.891160,0.540083,0.108226,2,1.415172,14.425928,0,1,1,0
phase2_nominal_combined_r01_s0024,53.248,-0.894010,0.539346,0.108241,2,1.416694,14.428563,0,1,1,0
phase2_nominal_combined_r01_s0024,53.280,-0.896855,0.538593,0.108255,2,1.418207,14.431205,0,1,1,0
phase2_nominal_combined_r01_s0024,53.312,-0.899695,0.537820,0.108264,2,1.419706,14.433856,0,1,1,0
phase2_nominal_combined_r01_s0024,53.344,-0.902533,0.537041,0.108282,2,1.421205,14.436510,0,1,1,0
phase2_nominal_combined_r01_s0024,53.376,-0.905369,0.536253,0.108307,2,1.422700,14.439169,0,1,1,0
phase2_nominal_combined_r01_s0024,53.408,-0.908202,0.535453,0.108334,2,1.424189,14.441832,0,1,1,0
phase2_nominal_combined_r01_s0024,53.440,-0.911031,0.534642,0.108366,2,1.425673,14.444501,0,1,1,0
phase2_nominal_combined_r01_s0024,53.472,-0.913858,0.533821,0.108404,2,1.427153,14.447174,0,1,1,0
phase2_nominal_combined_r01_s0024,53.504,-0.916683,0.532993,0.108449,2,1.428631,14.449851,0,1,1,0
phase2_nominal_combined_r01_s0024,53.536,-0.919506,0.532157,0.108501,2,1.430106,14.452531,0,1,1,0
phase2_nominal_combined_r01_s0024,53.568,-0.922323,0.531303,0.108550,2,1.431570,14.455219,0,1,1,0
phase2_nominal_combined_r01_s0024,53.600,-0.925135,0.530429,0.108594,2,1.433021,14.457916,0,1,1,0
phase2_nominal_combined_r01_s0024,53.632,-0.927940,0.529535,0.108632,2,1.434457,14.460622,0,1,1,0
phase2_nominal_combined_r01_s0024,53.664,-0.930738,0.528617,0.108661,2,1.435877,14.463337,0,1,1,0
phase2_nominal_combined_r01_s0024,53.696,-0.933529,0.527678,0.108683,2,1.437282,14.466062,0,1,1,0
phase2_nominal_combined_r01_s0024,53.728,-0.936313,0.526717,0.108698,2,1.438671,14.468795,0,1,1,0
phase2_nominal_combined_r01_s0024,53.760,-0.939088,0.525733,0.108703,2,1.440042,14.471537,0,1,1,0
phase2_nominal_combined_r01_s0024,53.792,-0.941855,0.524725,0.108699,2,1.441397,14.474288,0,1,1,0
phase2_nominal_combined_r01_s0024,53.824,-0.944613,0.523695,0.108686,2,1.442735,14.477048,0,1,1,0
phase2_nominal_combined_r01_s0024,53.856,-0.947363,0.522642,0.108665,2,1.444055,14.479816,0,1,1,0
phase2_nominal_combined_r01_s0024,53.888,-0.950104,0.521566,0.108635,2,1.445360,14.482593,0,1,1,0
phase2_nominal_combined_r01_s0024,53.920,-0.952836,0.520468,0.108596,2,1.446647,14.485377,0,1,1,0
phase2_nominal_combined_r01_s0024,53.952,-0.955559,0.519348,0.108549,2,1.447917,14.488169,0,1,1,0
phase2_nominal_combined_r01_s0024,53.984,-0.958274,0.518209,0.108497,2,1.449173,14.490967,0,1,1,0
phase2_nominal_combined_r01_s0024,54.016,-0.960980,0.517049,0.108437,2,1.450414,14.493773,0,1,1,0
phase2_nominal_combined_r01_s0024,54.048,-0.963678,0.515870,0.108373,2,1.451642,14.496584,0,1,1,0
phase2_nominal_combined_r01_s0024,54.080,-0.966368,0.514674,0.108304,2,1.452856,14.499401,0,1,1,0
phase2_nominal_combined_r01_s0024,54.112,-0.969049,0.513458,0.108231,2,1.454056,14.502224,0,1,1,0
phase2_nominal_combined_r01_s0024,54.144,-0.971724,0.512229,0.108157,2,1.455247,14.505052,0,1,1,0
phase2_nominal_combined_r01_s0024,54.176,-0.974391,0.510984,0.108082,2,1.456428,14.507884,0,1,1,0
phase2_nominal_combined_r01_s0024,54.208,-0.977052,0.509726,0.108008,2,1.457600,14.510720,0,1,1,0
phase2_nominal_combined_r01_s0024,54.240,-0.979707,0.508454,0.107934,2,1.458763,14.513560,0,1,1,0
phase2_nominal_combined_r01_s0024,54.272,-0.982356,0.507170,0.107863,2,1.459919,14.516403,0,1,1,0
phase2_nominal_combined_r01_s0024,54.304,-0.985000,0.505877,0.107796,2,1.461070,14.519250,0,1,1,0
phase2_nominal_combined_r01_s0024,54.336,-0.987641,0.504577,0.107737,2,1.462220,14.522098,0,1,1,0
phase2_nominal_combined_r01_s0024,54.368,-0.990276,0.503265,0.107681,2,1.463362,14.524949,0,1,1,0
phase2_nominal_combined_r01_s0024,54.400,-0.992910,0.501951,0.107638,2,1.464507,14.527802,0,1,1,0
phase2_nominal_combined_r01_s0024,54.432,-0.995541,0.500630,0.107602,2,1.465650,14.530656,0,1,1,0
phase2_nominal_combined_r01_s0024,54.464,-0.998169,0.499302,0.107576,2,1.466791,14.533512,0,1,1,0
phase2_nominal_combined_r01_s0024,54.496,-1.000793,0.497969,0.107557,2,1.467931,14.536370,0,1,1,0
phase2_nominal_combined_r01_s0024,54.528,-1.003415,0.496631,0.107550,2,1.469072,14.539229,0,1,1,0
phase2_nominal_combined_r01_s0024,54.560,-1.006036,0.495290,0.107554,2,1.470215,14.542089,0,1,1,0
phase2_nominal_combined_r01_s0024,54.592,-1.008653,0.493942,0.107566,2,1.471355,14.544951,0,1,1,0
phase2_nominal_combined_r01_s0024,54.624,-1.011265,0.492583,0.107581,2,1.472489,14.547816,0,1,1,0
phase2_nominal_combined_r01_s0024,54.656,-1.013870,0.491211,0.107599,2,1.473615,14.550684,0,1,1,0
phase2_nominal_combined_r01_s0024,54.688,-1.016470,0.489829,0.107619,2,1.474735,14.553555,0,1,1,0
phase2_nominal_combined_r01_s0024,54.720,-1.019061,0.488431,0.107637,2,1.475843,14.556430,0,1,1,0
phase2_nominal_combined_r01_s0024,54.752,-1.021645,0.487018,0.107654,2,1.476942,14.559309,0,1,1,0
phase2_nominal_combined_r01_s0024,54.784,-1.024219,0.485590,0.107668,2,1.478028,14.562191,0,1,1,0
phase2_nominal_combined_r01_s0024,54.816,-1.026785,0.484146,0.107680,2,1.479102,14.565077,0,1,1,0
phase2_nominal_combined_r01_s0024,54.848,-1.029342,0.482686,0.107690,2,1.480166,14.567967,0,1,1,0
phase2_nominal_combined_r01_s0024,54.880,-1.031891,0.481211,0.107697,2,1.481218,14.570860,0,1,1,0
phase2_nominal_combined_r01_s0024,54.912,-1.034430,0.479721,0.107703,2,1.482258,14.573756,0,1,1,0
phase2_nominal_combined_r01_s0024,54.944,-1.036960,0.478215,0.107706,2,1.483287,14.576655,0,1,1,0
phase2_nominal_combined_r01_s0024,54.976,-1.039481,0.476693,0.107705,2,1.484303,14.579558,0,1,1,0
phase2_nominal_combined_r01_s0024,55.008,-1.041991,0.475154,0.107701,2,1.485306,14.582464,0,1,1,0
phase2_nominal_combined_r01_s0024,55.040,-1.044491,0.473600,0.107693,2,1.486296,14.585372,0,1,1,0
phase2_nominal_combined_r01_s0024,55.072,-1.046981,0.472029,0.107682,2,1.487273,14.588284,0,1,1,0
phase2_nominal_combined_r01_s0024,55.104,-1.049461,0.470441,0.107667,2,1.488238,14.591199,0,1,1,0
phase2_nominal_combined_r01_s0024,55.136,-1.051931,0.468838,0.107648,2,1.489189,14.594116,0,1,1,0
phase2_nominal_combined_r01_s0024,55.168,-1.054389,0.467219,0.107626,2,1.490128,14.597035,0,1,1,0
phase2_nominal_combined_r01_s0024,55.200,-1.056839,0.465587,0.107603,2,1.491056,14.599957,0,1,1,0
phase2_nominal_combined_r01_s0024,55.232,-1.059279,0.463939,0.107578,2,1.491974,14.602880,0,1,1,0
phase2_nominal_combined_r01_s0024,55.264,-1.061710,0.462278,0.107552,2,1.492880,14.605806,0,1,1,0
phase2_nominal_combined_r01_s0024,55.296,-1.064132,0.460605,0.107526,2,1.493777,14.608733,0,1,1,0
phase2_nominal_combined_r01_s0024,55.328,-1.066545,0.458918,0.107500,2,1.494664,14.611661,0,1,1,0
phase2_nominal_combined_r01_s0024,55.360,-1.068950,0.457221,0.107477,2,1.495544,14.614591,0,1,1,0
phase2_nominal_combined_r01_s0024,55.392,-1.071350,0.455517,0.107460,2,1.496421,14.617522,0,1,1,0
phase2_nominal_combined_r01_s0024,55.424,-1.073743,0.453803,0.107446,2,1.497292,14.620454,0,1,1,0
phase2_nominal_combined_r01_s0024,55.456,-1.076132,0.452082,0.107441,2,1.498160,14.623386,0,1,1,0
phase2_nominal_combined_r01_s0024,55.488,-1.078517,0.450357,0.107444,2,1.499028,14.626319,0,1,1,0
phase2_nominal_combined_r01_s0024,55.520,-1.080897,0.448625,0.107457,2,1.499894,14.629253,0,1,1,0
phase2_nominal_combined_r01_s0024,55.552,-1.083274,0.446889,0.107477,2,1.500759,14.632187,0,1,1,0
phase2_nominal_combined_r01_s0024,55.584,-1.085647,0.445146,0.107507,2,1.501623,14.635122,0,1,1,0
phase2_nominal_combined_r01_s0024,55.616,-1.088016,0.443399,0.107546,2,1.502487,14.638057,0,1,1,0
phase2_nominal_combined_r01_s0024,55.648,-1.090382,0.441646,0.107594,2,1.503349,14.640994,0,1,1,0
phase2_nominal_combined_r01_s0024,55.680,-1.092738,0.439881,0.107643,2,1.504202,14.643931,0,1,1,0
phase2_nominal_combined_r01_s0024,55.712,-1.095086,0.438105,0.107691,2,1.505046,14.646869,0,1,1,0
phase2_nominal_combined_r01_s0024,55.744,-1.097423,0.436314,0.107739,2,1.505879,14.649808,0,1,1,0
phase2_nominal_combined_r01_s0024,55.776,-1.099751,0.434511,0.107786,2,1.506702,14.652749,0,1,1,0
phase2_nominal_combined_r01_s0024,55.808,-1.102067,0.432693,0.107830,2,1.507512,14.655690,0,1,1,0
phase2_nominal_combined_r01_s0024,55.840,-1.104370,0.430858,0.107869,2,1.508308,14.658633,0,1,1,0
phase2_nominal_combined_r01_s0024,55.872,-1.106662,0.429009,0.107903,2,1.509091,14.661576,0,1,1,0
phase2_nominal_combined_r01_s0024,55.904,-1.108939,0.427143,0.107932,2,1.509858,14.664519,0,1,1,0
phase2_nominal_combined_r01_s0024,55.936,-1.111203,0.425260,0.107955,2,1.510610,14.667463,0,1,1,0
phase2_nominal_combined_r01_s0024,55.968,-1.113454,0.423361,0.107973,2,1.511346,14.670408,0,1,1,0
phase2_nominal_combined_r01_s0024,56.000,-1.115690,0.421447,0.107985,2,1.512068,14.673352,0,1,1,0
phase2_nominal_combined_r01_s0024,56.032,-1.117914,0.419516,0.107991,2,1.512775,14.676296,0,1,1,0
phase2_nominal_combined_r01_s0024,56.064,-1.120123,0.417570,0.107993,2,1.513467,14.679240,0,1,1,0
phase2_nominal_combined_r01_s0024,56.096,-1.122319,0.415609,0.107989,2,1.514145,14.682184,0,1,1,0
phase2_nominal_combined_r01_s0024,56.128,-1.124500,0.413632,0.107980,2,1.514807,14.685127,0,1,1,0
phase2_nominal_combined_r01_s0024,56.160,-1.126668,0.411640,0.107966,2,1.515455,14.688070,0,1,1,0
phase2_nominal_combined_r01_s0024,56.192,-1.128822,0.409632,0.107947,2,1.516088,14.691012,0,1,1,0
phase2_nominal_combined_r01_s0024,56.224,-1.130963,0.407612,0.107925,2,1.516709,14.693953,0,1,1,0
phase2_nominal_combined_r01_s0024,56.256,-1.133091,0.405577,0.107899,2,1.517316,14.696893,0,1,1,0
phase2_nominal_combined_r01_s0024,56.288,-1.135206,0.403530,0.107871,2,1.517911,14.699832,0,1,1,0
phase2_nominal_combined_r01_s0024,56.320,-1.137309,0.401470,0.107841,2,1.518495,14.702769,0,1,1,0
phase2_nominal_combined_r01_s0024,56.352,-1.139400,0.399398,0.107809,2,1.519067,14.705706,0,1,1,0
phase2_nominal_combined_r01_s0024,56.384,-1.141479,0.397314,0.107776,2,1.519628,14.708641,0,1,1,0
phase2_nominal_combined_r01_s0024,56.416,-1.143549,0.395221,0.107746,2,1.520183,14.711576,0,1,1,0
phase2_nominal_combined_r01_s0024,56.448,-1.145611,0.393121,0.107720,2,1.520731,14.714509,0,1,1,0
phase2_nominal_combined_r01_s0024,56.480,-1.147663,0.391010,0.107696,2,1.521271,14.717441,0,1,1,0
phase2_nominal_combined_r01_s0024,56.512,-1.149708,0.388893,0.107677,2,1.521808,14.720372,0,1,1,0
phase2_nominal_combined_r01_s0024,56.544,-1.151752,0.386775,0.107674,2,1.522349,14.723304,0,1,1,0
phase2_nominal_combined_r01_s0024,56.576,-1.153791,0.384652,0.107678,2,1.522888,14.726234,0,1,1,0
phase2_nominal_combined_r01_s0024,56.608,-1.155825,0.382524,0.107690,2,1.523425,14.729164,0,1,1,0
phase2_nominal_combined_r01_s0024,56.640,-1.157855,0.380392,0.107713,2,1.523963,14.732093,0,1,1,0
phase2_nominal_combined_r01_s0024,56.672,-1.159882,0.378258,0.107748,2,1.524503,14.735023,0,1,1,0
phase2_nominal_combined_r01_s0024,56.704,-1.161903,0.376118,0.107789,2,1.525040,14.737951,0,1,1,0
phase2_nominal_combined_r01_s0024,56.736,-1.163914,0.373967,0.107832,2,1.525568,14.740878,0,1,1,0
phase2_nominal_combined_r01_s0024,56.768,-1.165914,0.371806,0.107875,2,1.526087,14.743804,0,1,1,0
phase2_nominal_combined_r01_s0024,56.800,-1.167901,0.369634,0.107916,2,1.526594,14.746727,0,1,1,0
phase2_nominal_combined_r01_s0024,56.832,-1.169876,0.367450,0.107957,2,1.527091,14.749649,0,1,1,0
phase2_nominal_combined_r01_s0024,56.864,-1.171838,0.365254,0.107994,2,1.527574,14.752569,0,1,1,0
phase2_nominal_combined_r01_s0024,56.896,-1.173784,0.363044,0.108027,2,1.528044,14.755486,0,1,1,0
phase2_nominal_combined_r01_s0024,56.928,-1.175715,0.360822,0.108055,2,1.528499,14.758400,0,1,1,0
phase2_nominal_combined_r01_s0024,56.960,-1.177630,0.358585,0.108078,2,1.528939,14.761311,0,1,1,0
phase2_nominal_combined_r01_s0024,56.992,-1.179529,0.356334,0.108094,2,1.529362,14.764219,0,1,1,0
phase2_nominal_combined_r01_s0024,57.024,-1.181411,0.354070,0.108105,2,1.529771,14.767123,0,1,1,0
phase2_nominal_combined_r01_s0024,57.056,-1.183275,0.351791,0.108108,2,1.530162,14.770023,0,1,1,0
phase2_nominal_combined_r01_s0024,57.088,-1.185124,0.349499,0.108106,2,1.530538,14.772920,0,1,1,0
phase2_nominal_combined_r01_s0024,57.120,-1.186956,0.347195,0.108099,2,1.530900,14.775813,0,1,1,0
phase2_nominal_combined_r01_s0024,57.152,-1.188772,0.344877,0.108087,2,1.531246,14.778701,0,1,1,0
phase2_nominal_combined_r01_s0024,57.184,-1.190571,0.342547,0.108070,2,1.531577,14.781586,0,1,1,0
phase2_nominal_combined_r01_s0024,57.216,-1.192354,0.340204,0.108047,2,1.531893,14.784467,0,1,1,0
phase2_nominal_combined_r01_s0024,57.248,-1.194121,0.337849,0.108019,2,1.532194,14.787342,0,1,1,0
phase2_nominal_combined_r01_s0024,57.280,-1.195872,0.335483,0.107988,2,1.532483,14.790214,0,1,1,0
phase2_nominal_combined_r01_s0024,57.312,-1.197609,0.333106,0.107954,2,1.532758,14.793082,0,1,1,0
phase2_nominal_combined_r01_s0024,57.344,-1.199331,0.330719,0.107919,2,1.533022,14.795946,0,1,1,0
phase2_nominal_combined_r01_s0024,57.376,-1.201040,0.328322,0.107882,2,1.533275,14.798806,0,1,1,0
phase2_nominal_combined_r01_s0024,57.408,-1.202735,0.325916,0.107844,2,1.533516,14.801661,0,1,1,0
phase2_nominal_combined_r01_s0024,57.440,-1.204417,0.323500,0.107806,2,1.533748,14.804513,0,1,1,0
phase2_nominal_combined_r01_s0024,57.472,-1.206089,0.321078,0.107771,2,1.533973,14.807362,0,1,1,0
phase2_nominal_combined_r01_s0024,57.504,-1.207751,0.318648,0.107739,2,1.534192,14.810208,0,1,1,0
phase2_nominal_combined_r01_s0024,57.536,-1.209403,0.316213,0.107711,2,1.534404,14.813051,0,1,1,0
phase2_nominal_combined_r01_s0024,57.568,-1.211048,0.313771,0.107689,2,1.534612,14.815891,0,1,1,0
phase2_nominal_combined_r01_s0024,57.600,-1.212695,0.311331,0.107686,2,1.534829,14.818733,0,1,1,0
phase2_nominal_combined_r01_s0024,57.632,-1.214335,0.308886,0.107690,2,1.535043,14.821572,0,1,1,0
phase2_nominal_combined_r01_s0024,57.664,-1.215969,0.306438,0.107701,2,1.535256,14.824409,0,1,1,0
phase2_nominal_combined_r01_s0024,57.696,-1.217598,0.303986,0.107724,2,1.535469,14.827245,0,1,1,0
phase2_nominal_combined_r01_s0024,57.728,-1.219224,0.301532,0.107756,2,1.535682,14.830080,0,1,1,0
phase2_nominal_combined_r01_s0024,57.760,-1.220842,0.299073,0.107796,2,1.535893,14.832912,0,1,1,0
phase2_nominal_combined_r01_s0024,57.792,-1.222450,0.296607,0.107840,2,1.536097,14.835742,0,1,1,0
phase2_nominal_combined_r01_s0024,57.824,-1.224045,0.294132,0.107882,2,1.536291,14.838567,0,1,1,0
phase2_nominal_combined_r01_s0024,57.856,-1.225628,0.291650,0.107926,2,1.536476,14.841388,0,1,1,0
phase2_nominal_combined_r01_s0024,57.888,-1.227196,0.289158,0.107968,2,1.536649,14.844204,0,1,1,0
phase2_nominal_combined_r01_s0024,57.920,-1.228749,0.286656,0.108007,2,1.536810,14.847015,0,1,1,0
phase2_nominal_combined_r01_s0024,57.952,-1.230286,0.284144,0.108043,2,1.536958,14.849820,0,1,1,0
phase2_nominal_combined_r01_s0024,57.984,-1.231805,0.281622,0.108075,2,1.537091,14.852620,0,1,1,0
phase2_nominal_combined_r01_s0024,58.016,-1.233306,0.279089,0.108100,2,1.537208,14.855413,0,1,1,0
phase2_nominal_combined_r01_s0024,58.048,-1.234789,0.276545,0.108119,2,1.537309,14.858198,0,1,1,0
phase2_nominal_combined_r01_s0024,58.080,-1.236251,0.273989,0.108131,3,1.537393,14.860977,0,1,1,0
phase2_nominal_combined_r01_s0024,58.112,-1.237695,0.271423,0.108137,3,1.537461,14.863748,0,1,1,0
phase2_nominal_combined_r01_s0024,58.144,-1.239121,0.268847,0.108138,3,1.537515,14.866512,0,1,1,0
phase2_nominal_combined_r01_s0024,58.176,-1.240528,0.266261,0.108134,3,1.537552,14.869269,0,1,1,0
phase2_nominal_combined_r01_s0024,58.208,-1.241918,0.263665,0.108124,3,1.537575,14.872018,0,1,1,0
phase2_nominal_combined_r01_s0024,58.240,-1.243288,0.261060,0.108109,3,1.537583,14.874760,0,1,1,0
phase2_nominal_combined_r01_s0024,58.272,-1.244640,0.258445,0.108089,3,1.537575,14.877494,0,1,1,0
phase2_nominal_combined_r01_s0024,58.304,-1.245974,0.255821,0.108063,3,1.537553,14.880220,0,1,1,0
phase2_nominal_combined_r01_s0024,58.336,-1.247291,0.253188,0.108035,3,1.537517,14.882940,0,1,1,0
phase2_nominal_combined_r01_s0024,58.368,-1.248591,0.250547,0.108003,3,1.537469,14.885652,0,1,1,0
phase2_nominal_combined_r01_s0024,58.400,-1.249875,0.247898,0.107968,3,1.537406,14.888357,0,1,1,0
phase2_nominal_combined_r01_s0024,58.432,-1.251143,0.245242,0.107931,3,1.537333,14.891055,0,1,1,0
phase2_nominal_combined_r01_s0024,58.464,-1.252395,0.242578,0.107893,3,1.537248,14.893746,0,1,1,0
phase2_nominal_combined_r01_s0024,58.496,-1.253632,0.239907,0.107853,3,1.537152,14.896430,0,1,1,0
phase2_nominal_combined_r01_s0024,58.528,-1.254854,0.237230,0.107814,3,1.537046,14.899108,0,1,1,0
phase2_nominal_combined_r01_s0024,58.560,-1.256068,0.234549,0.107779,3,1.536935,14.901782,0,1,1,0
phase2_nominal_combined_r01_s0024,58.592,-1.257270,0.231862,0.107748,3,1.536817,14.904450,0,1,1,0
phase2_nominal_combined_r01_s0024,58.624,-1.258463,0.229171,0.107722,3,1.536696,14.907115,0,1,1,0
phase2_nominal_combined_r01_s0024,58.656,-1.259664,0.226483,0.107720,3,1.536588,14.909784,0,1,1,0
phase2_nominal_combined_r01_s0024,58.688,-1.260855,0.223792,0.107724,3,1.536476,14.912448,0,1,1,0
phase2_nominal_combined_r01_s0024,58.720,-1.262040,0.221097,0.107736,3,1.536362,14.915109,0,1,1,0
phase2_nominal_combined_r01_s0024,58.752,-1.263221,0.218401,0.107759,3,1.536249,14.917769,0,1,1,0
phase2_nominal_combined_r01_s0024,58.784,-1.264398,0.215703,0.107793,3,1.536138,14.920426,0,1,1,0
phase2_nominal_combined_r01_s0024,58.816,-1.265570,0.213003,0.107837,3,1.536026,14.923082,0,1,1,0
phase2_nominal_combined_r01_s0024,58.848,-1.266730,0.210297,0.107884,3,1.535907,14.925732,0,1,1,0
phase2_nominal_combined_r01_s0024,58.880,-1.267875,0.207585,0.107930,3,1.535778,14.928376,0,1,1,0
phase2_nominal_combined_r01_s0024,58.912,-1.269004,0.204866,0.107974,3,1.535637,14.931012,0,1,1,0
phase2_nominal_combined_r01_s0024,58.944,-1.270118,0.202140,0.108018,3,1.535485,14.933640,0,1,1,0
phase2_nominal_combined_r01_s0024,58.976,-1.271215,0.199408,0.108058,3,1.535321,14.936261,0,1,1,0
phase2_nominal_combined_r01_s0024,59.008,-1.272292,0.196668,0.108093,3,1.535141,14.938872,0,1,1,0
phase2_nominal_combined_r01_s0024,59.040,-1.273352,0.193920,0.108124,3,1.534947,14.941474,0,1,1,0
phase2_nominal_combined_r01_s0024,59.072,-1.274390,0.191165,0.108148,3,1.534737,14.944066,0,1,1,0
phase2_nominal_combined_r01_s0024,59.104,-1.275411,0.188403,0.108169,3,1.534513,14.946649,0,1,1,0
phase2_nominal_combined_r01_s0024,59.136,-1.276411,0.185634,0.108184,3,1.534274,14.949222,0,1,1,0
phase2_nominal_combined_r01_s0024,59.168,-1.277392,0.182858,0.108193,3,1.534019,14.951784,0,1,1,0
phase2_nominal_combined_r01_s0024,59.200,-1.278353,0.180075,0.108196,3,1.533748,14.954336,0,1,1,0
phase2_nominal_combined_r01_s0024,59.232,-1.279293,0.177285,0.108195,3,1.533463,14.956878,0,1,1,0
phase2_nominal_combined_r01_s0024,59.264,-1.280212,0.174488,0.108185,3,1.533160,14.959407,0,1,1,0
phase2_nominal_combined_r01_s0024,59.296,-1.281111,0.171685,0.108171,3,1.532842,14.961927,0,1,1,0
phase2_nominal_combined_r01_s0024,59.328,-1.281990,0.168876,0.108151,3,1.532509,14.964435,0,1,1,0
phase2_nominal_combined_r01_s0024,59.360,-1.282852,0.166061,0.108129,3,1.532164,14.966934,0,1,1,0
phase2_nominal_combined_r01_s0024,59.392,-1.283695,0.163241,0.108103,3,1.531805,14.969422,0,1,1,0
phase2_nominal_combined_r01_s0024,59.424,-1.284523,0.160417,0.108075,3,1.531435,14.971902,0,1,1,0
phase2_nominal_combined_r01_s0024,59.456,-1.285333,0.157588,0.108046,3,1.531053,14.974372,0,1,1,0
phase2_nominal_combined_r01_s0024,59.488,-1.286127,0.154754,0.108015,3,1.530660,14.976833,0,1,1,0
phase2_nominal_combined_r01_s0024,59.520,-1.286907,0.151916,0.107985,3,1.530258,14.979286,0,1,1,0
phase2_nominal_combined_r01_s0024,59.552,-1.287671,0.149074,0.107954,3,1.529845,14.981731,0,1,1,0
phase2_nominal_combined_r01_s0024,59.584,-1.288420,0.146228,0.107924,3,1.529423,14.984166,0,1,1,0
phase2_nominal_combined_r01_s0024,59.616,-1.289158,0.143379,0.107897,3,1.528995,14.986596,0,1,1,0
phase2_nominal_combined_r01_s0024,59.648,-1.289885,0.140528,0.107874,3,1.528561,14.989019,0,1,1,0
phase2_nominal_combined_r01_s0024,59.680,-1.290602,0.137673,0.107857,3,1.528122,14.991437,0,1,1,0
phase2_nominal_combined_r01_s0024,59.712,-1.291323,0.134818,0.107859,3,1.527692,14.993858,0,1,1,0
phase2_nominal_combined_r01_s0024,59.744,-1.292034,0.131963,0.107867,3,1.527259,14.996273,0,1,1,0
phase2_nominal_combined_r01_s0024,59.776,-1.292739,0.129105,0.107883,3,1.526825,14.998684,0,1,1,0
phase2_nominal_combined_r01_s0024,59.808,-1.293436,0.126246,0.107907,3,1.526388,15.001091,0,1,1,0
phase2_nominal_combined_r01_s0024,59.840,-1.294128,0.123385,0.107942,3,1.525952,15.003495,0,1,1,0
phase2_nominal_combined_r01_s0024,59.872,-1.294817,0.120523,0.107989,3,1.525518,15.005898,0,1,1,0
phase2_nominal_combined_r01_s0024,59.904,-1.295496,0.117659,0.108041,3,1.525079,15.008294,0,1,1,0
phase2_nominal_combined_r01_s0024,59.936,-1.296158,0.114790,0.108091,3,1.524628,15.010682,0,1,1,0
phase2_nominal_combined_r01_s0024,59.968,-1.296806,0.111918,0.108142,3,1.524169,15.013061,0,1,1,0
phase2_nominal_combined_r01_s0024,60.000,-1.297437,0.109042,0.108191,3,1.523698,15.015430,0,1,1,0
phase2_nominal_combined_r01_s0024,60.032,-1.298050,0.106162,0.108237,3,1.523214,15.017788,0,1,1,0
phase2_nominal_combined_r01_s0024,60.064,-1.298642,0.103278,0.108278,3,1.522715,15.020134,0,1,1,0
phase2_nominal_combined_r01_s0024,60.096,-1.299215,0.100389,0.108315,3,1.522203,15.022468,0,1,1,0
phase2_nominal_combined_r01_s0024,60.128,-1.299767,0.097497,0.108345,3,1.521674,15.024789,0,1,1,0
phase2_nominal_combined_r01_s0024,60.160,-1.300297,0.094600,0.108369,3,1.521129,15.027097,0,1,1,0
phase2_nominal_combined_r01_s0024,60.192,-1.300807,0.091700,0.108388,3,1.520569,15.029392,0,1,1,0
phase2_nominal_combined_r01_s0024,60.224,-1.301293,0.088796,0.108398,3,1.519992,15.031673,0,1,1,0
phase2_nominal_combined_r01_s0024,60.256,-1.301757,0.085888,0.108402,3,1.519397,15.033939,0,1,1,0
phase2_nominal_combined_r01_s0024,60.288,-1.302198,0.082977,0.108398,3,1.518786,15.036190,0,1,1,0
phase2_nominal_combined_r01_s0024,60.320,-1.302617,0.080063,0.108386,3,1.518159,15.038427,0,1,1,0
phase2_nominal_combined_r01_s0024,60.352,-1.303013,0.077147,0.108368,3,1.517514,15.040649,0,1,1,0
phase2_nominal_combined_r01_s0024,60.384,-1.303389,0.074228,0.108345,3,1.516856,15.042858,0,1,1,0
phase2_nominal_combined_r01_s0024,60.416,-1.303747,0.071306,0.108319,3,1.516185,15.045054,0,1,1,0
phase2_nominal_combined_r01_s0024,60.448,-1.304086,0.068383,0.108290,3,1.515501,15.047238,0,1,1,0
phase2_nominal_combined_r01_s0024,60.480,-1.304408,0.065459,0.108259,3,1.514806,15.049411,0,1,1,0
phase2_nominal_combined_r01_s0024,60.512,-1.304713,0.062532,0.108227,3,1.514099,15.051572,0,1,1,0
phase2_nominal_combined_r01_s0024,60.544,-1.305003,0.059604,0.108195,3,1.513384,15.053723,0,1,1,0
phase2_nominal_combined_r01_s0024,60.576,-1.305278,0.056674,0.108162,3,1.512658,15.055863,0,1,1,0
phase2_nominal_combined_r01_s0024,60.608,-1.305536,0.053743,0.108130,3,1.511923,15.057994,0,1,1,0
phase2_nominal_combined_r01_s0024,60.640,-1.305782,0.050810,0.108099,3,1.511180,15.060116,0,1,1,0
phase2_nominal_combined_r01_s0024,60.672,-1.306018,0.047875,0.108075,3,1.510433,15.062232,0,1,1,0
phase2_nominal_combined_r01_s0024,60.704,-1.306242,0.044940,0.108054,3,1.509679,15.064339,0,1,1,0
phase2_nominal_combined_r01_s0024,60.736,-1.306453,0.042004,0.108036,3,1.508919,15.066438,0,1,1,0
phase2_nominal_combined_r01_s0024,60.768,-1.306673,0.039069,0.108042,3,1.508172,15.068544,0,1,1,0
phase2_nominal_combined_r01_s0024,60.800,-1.306883,0.036132,0.108054,3,1.507421,15.070642,0,1,1,0
phase2_nominal_combined_r01_s0024,60.832,-1.307085,0.033195,0.108073,3,1.506668,15.072736,0,1,1,0
phase2_nominal_combined_r01_s0024,60.864,-1.307283,0.030258,0.108104,3,1.505916,15.074827,0,1,1,0
phase2_nominal_combined_r01_s0024,60.896,-1.307477,0.027320,0.108146,3,1.505166,15.076915,0,1,1,0
phase2_nominal_combined_r01_s0024,60.928,-1.307672,0.024383,0.108205,3,1.504422,15.079005,0,1,1,0
phase2_nominal_combined_r01_s0024,60.960,-1.307858,0.021445,0.108270,3,1.503675,15.081088,0,1,1,0
phase2_nominal_combined_r01_s0024,60.992,-1.308027,0.018506,0.108334,3,1.502916,15.083160,0,1,1,0
phase2_nominal_combined_r01_s0024,61.024,-1.308178,0.015565,0.108395,3,1.502146,15.085219,0,1,1,0
phase2_nominal_combined_r01_s0024,61.056,-1.308310,0.012624,0.108453,3,1.501363,15.087265,0,1,1,0
phase2_nominal_combined_r01_s0024,61.088,-1.308422,0.009681,0.108506,3,1.500565,15.089297,0,1,1,0
phase2_nominal_combined_r01_s0024,61.120,-1.308511,0.006738,0.108552,3,1.499751,15.091312,0,1,1,0
phase2_nominal_combined_r01_s0024,61.152,-1.308578,0.003794,0.108591,3,1.498921,15.093312,0,1,1,0
phase2_nominal_combined_r01_s0024,61.184,-1.308622,0.000849,0.108622,3,1.498074,15.095295,0,1,1,0
phase2_nominal_combined_r01_s0024,61.216,-1.308640,-0.002095,0.108644,3,1.497207,15.097260,0,1,1,0
phase2_nominal_combined_r01_s0024,61.248,-1.308633,-0.005040,0.108656,3,1.496323,15.099205,0,1,1,0
phase2_nominal_combined_r01_s0024,61.280,-1.308601,-0.007985,0.108659,3,1.495420,15.101133,0,1,1,0
phase2_nominal_combined_r01_s0024,61.312,-1.308546,-0.010929,0.108652,3,1.494499,15.103043,0,1,1,0
phase2_nominal_combined_r01_s0024,61.344,-1.308465,-0.013872,0.108638,3,1.493560,15.104934,0,1,1,0
phase2_nominal_combined_r01_s0024,61.376,-1.308361,-0.016815,0.108614,3,1.492603,15.106806,0,1,1,0
phase2_nominal_combined_r01_s0024,61.408,-1.308232,-0.019756,0.108581,3,1.491629,15.108661,0,1,1,0
phase2_nominal_combined_r01_s0024,61.440,-1.308081,-0.022697,0.108542,3,1.490639,15.110498,0,1,1,0
phase2_nominal_combined_r01_s0024,61.472,-1.307908,-0.025636,0.108497,3,1.489633,15.112318,0,1,1,0
phase2_nominal_combined_r01_s0024,61.504,-1.307715,-0.028573,0.108447,3,1.488614,15.114123,0,1,1,0
phase2_nominal_combined_r01_s0024,61.536,-1.307502,-0.031510,0.108391,3,1.487580,15.115911,0,1,1,0
phase2_nominal_combined_r01_s0024,61.568,-1.307270,-0.034444,0.108333,3,1.486535,15.117686,0,1,1,0
phase2_nominal_combined_r01_s0024,61.600,-1.307019,-0.037378,0.108272,3,1.485477,15.119446,0,1,1,0
phase2_nominal_combined_r01_s0024,61.632,-1.306752,-0.040309,0.108209,3,1.484408,15.121192,0,1,1,0
phase2_nominal_combined_r01_s0024,61.664,-1.306468,-0.043240,0.108145,3,1.483329,15.122925,0,1,1,0
phase2_nominal_combined_r01_s0024,61.696,-1.306169,-0.046168,0.108082,3,1.482241,15.124647,0,1,1,0
phase2_nominal_combined_r01_s0024,61.728,-1.305859,-0.049095,0.108023,3,1.481148,15.126360,0,1,1,0
phase2_nominal_combined_r01_s0024,61.760,-1.305539,-0.052022,0.107970,3,1.480050,15.128065,0,1,1,0
phase2_nominal_combined_r01_s0024,61.792,-1.305207,-0.054947,0.107919,3,1.478946,15.129761,0,1,1,0
phase2_nominal_combined_r01_s0024,61.824,-1.304879,-0.057873,0.107889,3,1.477851,15.131460,0,1,1,0
phase2_nominal_combined_r01_s0024,61.856,-1.304542,-0.060797,0.107865,3,1.476753,15.133153,0,1,1,0
phase2_nominal_combined_r01_s0024,61.888,-1.304195,-0.063721,0.107847,3,1.475650,15.134838,0,1,1,0
phase2_nominal_combined_r01_s0024,61.920,-1.303842,-0.066643,0.107837,3,1.474547,15.136517,0,1,1,0
phase2_nominal_combined_r01_s0024,61.952,-1.303484,-0.069565,0.107838,3,1.473444,15.138193,0,1,1,0
phase2_nominal_combined_r01_s0024,61.984,-1.303120,-0.072487,0.107849,3,1.472340,15.139865,0,1,1,0
phase2_nominal_combined_r01_s0024,62.016,-1.302745,-0.075407,0.107865,3,1.471232,15.141528,0,1,1,0
phase2_nominal_combined_r01_s0024,62.048,-1.302356,-0.078325,0.107882,3,1.470115,15.143180,0,1,1,0
phase2_nominal_combined_r01_s0024,62.080,-1.301952,-0.081242,0.107899,3,1.468990,15.144819,0,1,1,0
phase2_nominal_combined_r01_s0024,62.112,-1.301533,-0.084156,0.107917,3,1.467855,15.146447,0,1,1,0
phase2_nominal_combined_r01_s0024,62.144,-1.301098,-0.087068,0.107933,3,1.466710,15.148061,0,1,1,0
phase2_nominal_combined_r01_s0024,62.176,-1.300646,-0.089977,0.107949,3,1.465555,15.149661,0,1,1,0
phase2_nominal_combined_r01_s0024,62.208,-1.300175,-0.092884,0.107961,3,1.464387,15.151246,0,1,1,0
phase2_nominal_combined_r01_s0024,62.240,-1.299684,-0.095787,0.107968,3,1.463205,15.152814,0,1,1,0
phase2_nominal_combined_r01_s0024,62.272,-1.299174,-0.098687,0.107971,3,1.462011,15.154366,0,1,1,0
phase2_nominal_combined_r01_s0024,62.304,-1.298642,-0.101583,0.107967,3,1.460801,15.155900,0,1,1,0
phase2_nominal_combined_r01_s0024,62.336,-1.298089,-0.104475,0.107958,3,1.459577,15.157415,0,1,1,0
phase2_nominal_combined_r01_s0024,62.368,-1.297515,-0.107364,0.107943,3,1.458338,15.158913,0,1,1,0
phase2_nominal_combined_r01_s0024,62.400,-1.296918,-0.110247,0.107919,3,1.457083,15.160391,0,1,1,0
phase2_nominal_combined_r01_s0024,62.432,-1.296302,-0.113126,0.107891,3,1.455814,15.161852,0,1,1,0
phase2_nominal_combined_r01_s0024,62.464,-1.295664,-0.116000,0.107858,3,1.454531,15.163294,0,1,1,0
phase2_nominal_combined_r01_s0024,62.496,-1.295006,-0.118870,0.107819,3,1.453234,15.164719,0,1,1,0
phase2_nominal_combined_r01_s0024,62.528,-1.294328,-0.121735,0.107775,3,1.451923,15.166126,0,1,1,0
phase2_nominal_combined_r01_s0024,62.560,-1.293630,-0.124596,0.107725,3,1.450599,15.167515,0,1,1,0
phase2_nominal_combined_r01_s0024,62.592,-1.292913,-0.127451,0.107672,3,1.449262,15.168888,0,1,1,0
phase2_nominal_combined_r01_s0024,62.624,-1.292178,-0.130302,0.107616,3,1.447914,15.170244,0,1,1,0
phase2_nominal_combined_r01_s0024,62.656,-1.291425,-0.133148,0.107556,3,1.446553,15.171584,0,1,1,0
phase2_nominal_combined_r01_s0024,62.688,-1.290655,-0.135990,0.107495,3,1.445182,15.172909,0,1,1,0
phase2_nominal_combined_r01_s0024,62.720,-1.289869,-0.138827,0.107433,3,1.443800,15.174220,0,1,1,0
phase2_nominal_combined_r01_s0024,62.752,-1.289068,-0.141659,0.107370,3,1.442410,15.175517,0,1,1,0
phase2_nominal_combined_r01_s0024,62.784,-1.288254,-0.144488,0.107310,3,1.441013,15.176802,0,1,1,0
phase2_nominal_combined_r01_s0024,62.816,-1.287430,-0.147314,0.107254,3,1.439610,15.178078,0,1,1,0
phase2_nominal_combined_r01_s0024,62.848,-1.286593,-0.150138,0.107202,3,1.438201,15.179344,0,1,1,0
phase2_nominal_combined_r01_s0024,62.880,-1.285761,-0.152961,0.107169,3,1.436800,15.180613,0,1,1,0
phase2_nominal_combined_r01_s0024,62.912,-1.284915,-0.155781,0.107137,3,1.435392,15.181871,0,1,1,0
phase2_nominal_combined_r01_s0024,62.944,-1.284061,-0.158598,0.107113,3,1.433982,15.183121,0,1,1,0
phase2_nominal_combined_r01_s0024,62.976,-1.283201,-0.161414,0.107098,3,1.432570,15.184366,0,1,1,0
phase2_nominal_combined_r01_s0024,63.008,-1.282334,-0.164227,0.107091,3,1.431156,15.185604,0,1,1,0
phase2_nominal_combined_r01_s0024,63.040,-1.281459,-0.167038,0.107091,3,1.429740,15.186836,0,1,1,0
phase2_nominal_combined_r01_s0024,63.072,-1.280573,-0.169846,0.107095,3,1.428318,15.188057,0,1,1,0
phase2_nominal_combined_r01_s0024,63.104,-1.279672,-0.172648,0.107099,3,1.426886,15.189265,0,1,1,0
phase2_nominal_combined_r01_s0024,63.136,-1.278756,-0.175447,0.107103,3,1.425446,15.190459,0,1,1,0
phase2_nominal_combined_r01_s0024,63.168,-1.277826,-0.178240,0.107109,3,1.423998,15.191640,0,1,1,0
phase2_nominal_combined_r01_s0024,63.200,-1.276880,-0.181029,0.107112,3,1.422540,15.192807,0,1,1,0
phase2_nominal_combined_r01_s0024,63.232,-1.275919,-0.183811,0.107115,3,1.421072,15.193958,0,1,1,0
phase2_nominal_combined_r01_s0024,63.264,-1.274942,-0.186589,0.107117,3,1.419595,15.195095,0,1,1,0
phase2_nominal_combined_r01_s0024,63.296,-1.273948,-0.189360,0.107116,3,1.418105,15.196215,0,1,1,0
phase2_nominal_combined_r01_s0024,63.328,-1.272936,-0.192126,0.107113,3,1.416605,15.197319,0,1,1,0
phase2_nominal_combined_r01_s0024,63.360,-1.271908,-0.194885,0.107107,3,1.415094,15.198407,0,1,1,0
phase2_nominal_combined_r01_s0024,63.392,-1.270863,-0.197637,0.107099,3,1.413573,15.199479,0,1,1,0
phase2_nominal_combined_r01_s0024,63.424,-1.269799,-0.200383,0.107086,3,1.412038,15.200533,0,1,1,0
phase2_nominal_combined_r01_s0024,63.456,-1.268718,-0.203121,0.107069,3,1.410491,15.201568,0,1,1,0
phase2_nominal_combined_r01_s0024,63.488,-1.267618,-0.205852,0.107049,3,1.408932,15.202586,0,1,1,0
phase2_nominal_combined_r01_s0024,63.520,-1.266502,-0.208577,0.107026,3,1.407364,15.203589,0,1,1,0
phase2_nominal_combined_r01_s0024,63.552,-1.265370,-0.211295,0.107002,3,1.405785,15.204575,0,1,1,0
phase2_nominal_combined_r01_s0024,63.584,-1.264224,-0.214006,0.106979,3,1.404197,15.205547,0,1,1,0
phase2_nominal_combined_r01_s0024,63.616,-1.263064,-0.216712,0.106955,3,1.402601,15.206505,0,1,1,0
phase2_nominal_combined_r01_s0024,63.648,-1.261889,-0.219412,0.106930,3,1.400995,15.207449,0,1,1,0
phase2_nominal_combined_r01_s0024,63.680,-1.260699,-0.222105,0.106906,3,1.399381,15.208378,0,1,1,0
phase2_nominal_combined_r01_s0024,63.712,-1.259495,-0.224791,0.106881,3,1.397758,15.209293,0,1,1,0
phase2_nominal_combined_r01_s0024,63.744,-1.258279,-0.227472,0.106858,3,1.396127,15.210195,0,1,1,0
phase2_nominal_combined_r01_s0024,63.776,-1.257050,-0.230147,0.106837,3,1.394490,15.211084,0,1,1,0
phase2_nominal_combined_r01_s0024,63.808,-1.255808,-0.232816,0.106817,3,1.392845,15.211960,0,1,1,0
phase2_nominal_combined_r01_s0024,63.840,-1.254557,-0.235481,0.106803,3,1.391196,15.212828,0,1,1,0
phase2_nominal_combined_r01_s0024,63.872,-1.253297,-0.238142,0.106794,3,1.389542,15.213686,0,1,1,0
phase2_nominal_combined_r01_s0024,63.904,-1.252025,-0.240797,0.106787,3,1.387883,15.214532,0,1,1,0
phase2_nominal_combined_r01_s0024,63.936,-1.250756,-0.243453,0.106800,3,1.386230,15.215382,0,1,1,0
phase2_nominal_combined_r01_s0024,63.968,-1.249479,-0.246106,0.106819,3,1.384574,15.216224,0,1,1,0
phase2_nominal_combined_r01_s0024,64.000,-1.248193,-0.248754,0.106844,3,1.382915,15.217056,0,1,1,0
phase2_nominal_combined_r01_s0024,64.032,-1.246901,-0.251399,0.106877,3,1.381253,15.217883,0,1,1,0
phase2_nominal_combined_r01_s0024,64.064,-1.245604,-0.254042,0.106921,3,1.379592,15.218705,0,1,1,0
phase2_nominal_combined_r01_s0024,64.096,-1.244302,-0.256682,0.106974,3,1.377930,15.219522,0,1,1,0
phase2_nominal_combined_r01_s0024,64.128,-1.242990,-0.259318,0.107033,3,1.376264,15.220330,0,1,1,0
phase2_nominal_combined_r01_s0024,64.160,-1.241666,-0.261947,0.107092,3,1.374590,15.221124,0,1,1,0
phase2_nominal_combined_r01_s0024,64.192,-1.240330,-0.264571,0.107154,3,1.372909,15.221906,0,1,1,0
phase2_nominal_combined_r01_s0024,64.224,-1.238979,-0.267187,0.107216,3,1.371220,15.222674,0,1,1,0
phase2_nominal_combined_r01_s0024,64.256,-1.237616,-0.269797,0.107279,3,1.369524,15.223428,0,1,1,0
phase2_nominal_combined_r01_s0024,64.288,-1.236238,-0.272399,0.107340,3,1.367817,15.224165,0,1,1,0
phase2_nominal_combined_r01_s0024,64.320,-1.234845,-0.274993,0.107401,3,1.366101,15.224888,0,1,1,0
phase2_nominal_combined_r01_s0024,64.352,-1.233435,-0.277578,0.107458,3,1.364374,15.225593,0,1,1,0
phase2_nominal_combined_r01_s0024,64.384,-1.232008,-0.280153,0.107510,3,1.362634,15.226278,0,1,1,0
phase2_nominal_combined_r01_s0024,64.416,-1.230565,-0.282720,0.107560,3,1.360885,15.226947,0,1,1,0
phase2_nominal_combined_r01_s0024,64.448,-1.229105,-0.285277,0.107606,3,1.359124,15.227597,0,1,1,0
phase2_nominal_combined_r01_s0024,64.480,-1.227627,-0.287824,0.107647,3,1.357351,15.228228,0,1,1,0
phase2_nominal_combined_r01_s0024,64.512,-1.226131,-0.290360,0.107682,3,1.355564,15.228838,0,1,1,0
phase2_nominal_combined_r01_s0024,64.544,-1.224616,-0.292885,0.107711,3,1.353765,15.229428,0,1,1,0
phase2_nominal_combined_r01_s0024,64.576,-1.223084,-0.295399,0.107735,3,1.351952,15.229998,0,1,1,0
phase2_nominal_combined_r01_s0024,64.608,-1.221533,-0.297902,0.107753,3,1.350128,15.230548,0,1,1,0
phase2_nominal_combined_r01_s0024,64.640,-1.219964,-0.300393,0.107766,3,1.348290,15.231077,0,1,1,0
phase2_nominal_combined_r01_s0024,64.672,-1.218380,-0.302875,0.107775,3,1.346443,15.231588,0,1,1,0
phase2_nominal_combined_r01_s0024,64.704,-1.216782,-0.305347,0.107783,3,1.344585,15.232084,0,1,1,0
phase2_nominal_combined_r01_s0024,64.736,-1.215167,-0.307808,0.107787,3,1.342717,15.232560,0,1,1,0
phase2_nominal_combined_r01_s0024,64.768,-1.213538,-0.310260,0.107789,3,1.340839,15.233020,0,1,1,0
phase2_nominal_combined_r01_s0024,64.800,-1.211896,-0.312704,0.107792,3,1.338954,15.233466,0,1,1,0
phase2_nominal_combined_r01_s0024,64.832,-1.210242,-0.315139,0.107795,3,1.337060,15.233897,0,1,1,0
phase2_nominal_combined_r01_s0024,64.864,-1.208572,-0.317564,0.107795,3,1.335156,15.234310,0,1,1,0
phase2_nominal_combined_r01_s0024,64.896,-1.206890,-0.319979,0.107795,3,1.333245,15.234709,0,1,1,0
phase2_nominal_combined_r01_s0024,64.928,-1.205200,-0.322390,0.107802,3,1.331330,15.235099,0,1,1,0
phase2_nominal_combined_r01_s0024,64.960,-1.203499,-0.324792,0.107809,3,1.329408,15.235476,0,1,1,0
phase2_nominal_combined_r01_s0024,64.992,-1.201797,-0.327194,0.107832,3,1.327490,15.235852,0,1,1,0
phase2_nominal_combined_r01_s0024,65.024,-1.200089,-0.329591,0.107862,3,1.325569,15.236221,0,1,1,0
phase2_nominal_combined_r01_s0024,65.056,-1.198374,-0.331984,0.107900,3,1.323646,15.236584,0,1,1,0
phase2_nominal_combined_r01_s0024,65.088,-1.196654,-0.334373,0.107947,3,1.321721,15.236939,0,1,1,0
phase2_nominal_combined_r01_s0024,65.120,-1.194929,-0.336758,0.108004,3,1.319796,15.237290,0,1,1,0
phase2_nominal_combined_r01_s0024,65.152,-1.193205,-0.339145,0.108077,3,1.317876,15.237643,0,1,1,0
phase2_nominal_combined_r01_s0024,65.184,-1.191476,-0.341527,0.108159,3,1.315954,15.237989,0,1,1,0
phase2_nominal_combined_r01_s0024,65.216,-1.189733,-0.343900,0.108240,3,1.314024,15.238320,0,1,1,0
phase2_nominal_combined_r01_s0024,65.248,-1.187976,-0.346263,0.108320,3,1.312083,15.238634,0,1,1,0
phase2_nominal_combined_r01_s0024,65.280,-1.186205,-0.348615,0.108397,3,1.310134,15.238931,0,1,1,0
phase2_nominal_combined_r01_s0024,65.312,-1.184420,-0.350956,0.108472,3,1.308174,15.239210,0,1,1,0
phase2_nominal_combined_r01_s0024,65.344,-1.182617,-0.353285,0.108541,3,1.306203,15.239469,0,1,1,0
phase2_nominal_combined_r01_s0024,65.376,-1.180797,-0.355599,0.108603,3,1.304218,15.239707,0,1,1,0
phase2_nominal_combined_r01_s0024,65.408,-1.178960,-0.357901,0.108658,3,1.302221,15.239923,0,1,1,0
phase2_nominal_combined_r01_s0024,65.440,-1.177104,-0.360187,0.108706,3,1.300209,15.240115,0,1,1,0
phase2_nominal_combined_r01_s0024,65.472,-1.175228,-0.362457,0.108743,3,1.298183,15.240283,0,1,1,0
phase2_nominal_combined_r01_s0024,65.504,-1.173333,-0.364711,0.108771,3,1.296142,15.240427,0,1,1,0
phase2_nominal_combined_r01_s0024,65.536,-1.171417,-0.366947,0.108787,3,1.294085,15.240543,0,1,1,0
phase2_nominal_combined_r01_s0024,65.568,-1.169482,-0.369167,0.108792,3,1.292013,15.240634,0,1,1,0
phase2_nominal_combined_r01_s0024,65.600,-1.167526,-0.371368,0.108787,3,1.289925,15.240700,0,1,1,0
phase2_nominal_combined_r01_s0024,65.632,-1.165552,-0.373553,0.108771,3,1.287823,15.240739,0,1,1,0
phase2_nominal_combined_r01_s0024,65.664,-1.163558,-0.375719,0.108744,3,1.285705,15.240753,0,1,1,0
phase2_nominal_combined_r01_s0024,65.696,-1.161547,-0.377869,0.108709,3,1.283575,15.240744,0,1,1,0
phase2_nominal_combined_r01_s0024,65.728,-1.159520,-0.380004,0.108668,3,1.281433,15.240714,0,1,1,0
phase2_nominal_combined_r01_s0024,65.760,-1.157477,-0.382123,0.108619,3,1.279279,15.240662,0,1,1,0
phase2_nominal_combined_r01_s0024,65.792,-1.155421,-0.384230,0.108569,3,1.277116,15.240592,0,1,1,0
phase2_nominal_combined_r01_s0024,65.824,-1.153352,-0.386324,0.108515,3,1.274943,15.240505,0,1,1,0
phase2_nominal_combined_r01_s0024,65.856,-1.151271,-0.388406,0.108460,3,1.272763,15.240401,0,1,1,0
phase2_nominal_combined_r01_s0024,65.888,-1.149178,-0.390475,0.108403,3,1.270573,15.240280,0,1,1,0
phase2_nominal_combined_r01_s0024,65.920,-1.147075,-0.392534,0.108347,3,1.268377,15.240145,0,1,1,0
phase2_nominal_combined_r01_s0024,65.952,-1.144960,-0.394581,0.108290,3,1.266174,15.239995,0,1,1,0
phase2_nominal_combined_r01_s0024,65.984,-1.142838,-0.396621,0.108238,3,1.263966,15.239835,0,1,1,0
phase2_nominal_combined_r01_s0024,66.016,-1.140706,-0.398650,0.108187,3,1.261751,15.239660,0,1,1,0
phase2_nominal_combined_r01_s0024,66.048,-1.138572,-0.400677,0.108149,3,1.259538,15.239484,0,1,1,0
phase2_nominal_combined_r01_s0024,66.080,-1.136433,-0.402699,0.108119,3,1.257323,15.239301,0,1,1,0
phase2_nominal_combined_r01_s0024,66.112,-1.134289,-0.404716,0.108097,3,1.255106,15.239111,0,1,1,0
phase2_nominal_combined_r01_s0024,66.144,-1.132139,-0.406727,0.108084,3,1.252887,15.238914,0,1,1,0
phase2_nominal_combined_r01_s0024,66.176,-1.129988,-0.408736,0.108083,3,1.250669,15.238715,0,1,1,0
phase2_nominal_combined_r01_s0024,66.208,-1.127834,-0.410742,0.108093,3,1.248451,15.238512,0,1,1,0
phase2_nominal_combined_r01_s0024,66.240,-1.125675,-0.412744,0.108112,3,1.246232,15.238303,0,1,1,0
phase2_nominal_combined_r01_s0024,66.272,-1.123508,-0.414736,0.108134,3,1.244008,15.238082,0,1,1,0
phase2_nominal_combined_r01_s0024,66.304,-1.121329,-0.416716,0.108155,3,1.241775,15.237845,0,1,1,0
phase2_nominal_combined_r01_s0024,66.336,-1.119138,-0.418683,0.108174,3,1.239534,15.237591,0,1,1,0
phase2_nominal_combined_r01_s0024,66.368,-1.116934,-0.420636,0.108190,3,1.237283,15.237319,0,1,1,0
phase2_nominal_combined_r01_s0024,66.400,-1.114719,-0.422575,0.108202,3,1.235023,15.237029,0,1,1,0
phase2_nominal_combined_r01_s0024,66.432,-1.112489,-0.424499,0.108209,3,1.232753,15.236719,0,1,1,0
phase2_nominal_combined_r01_s0024,66.464,-1.110245,-0.426405,0.108210,3,1.230471,15.236387,0,1,1,0
phase2_nominal_combined_r01_s0024,66.496,-1.107989,-0.428297,0.108206,3,1.228180,15.236036,0,1,1,0
phase2_nominal_combined_r01_s0024,66.528,-1.105718,-0.430172,0.108196,3,1.225878,15.235664,0,1,1,0
phase2_nominal_combined_r01_s0024,66.560,-1.103434,-0.432030,0.108180,3,1.223566,15.235271,0,1,1,0
phase2_nominal_combined_r01_s0024,66.592,-1.101136,-0.433871,0.108158,3,1.221243,15.234858,0,1,1,0
phase2_nominal_combined_r01_s0024,66.624,-1.098824,-0.435694,0.108129,3,1.218908,15.234422,0,1,1,0
phase2_nominal_combined_r01_s0024,66.656,-1.096498,-0.437499,0.108091,3,1.216562,15.233964,0,1,1,0
phase2_nominal_combined_r01_s0024,66.688,-1.094157,-0.439286,0.108047,3,1.214205,15.233483,0,1,1,0
phase2_nominal_combined_r01_s0024,66.720,-1.091805,-0.441056,0.107997,3,1.211838,15.232983,0,1,1,0
phase2_nominal_combined_r01_s0024,66.752,-1.089442,-0.442811,0.107945,3,1.209463,15.232466,0,1,1,0
phase2_nominal_combined_r01_s0024,66.784,-1.087067,-0.444551,0.107888,3,1.207079,15.231930,0,1,1,0
phase2_nominal_combined_r01_s0024,66.816,-1.084681,-0.446274,0.107828,3,1.204687,15.231375,0,1,1,0
phase2_nominal_combined_r01_s0024,66.848,-1.082285,-0.447985,0.107767,3,1.202287,15.230805,0,1,1,0
phase2_nominal_combined_r01_s0024,66.880,-1.079879,-0.449681,0.107703,3,1.199879,15.230218,0,1,1,0
phase2_nominal_combined_r01_s0024,66.912,-1.077463,-0.451362,0.107638,3,1.197464,15.229614,0,1,1,0
phase2_nominal_combined_r01_s0024,66.944,-1.075038,-0.453031,0.107572,3,1.195042,15.228996,0,1,1,0
phase2_nominal_combined_r01_s0024,66.976,-1.072605,-0.454687,0.107507,3,1.192614,15.228363,0,1,1,0
phase2_nominal_combined_r01_s0024,67.008,-1.070165,-0.456333,0.107446,3,1.190182,15.227720,0,1,1,0
phase2_nominal_combined_r01_s0024,67.040,-1.067719,-0.457971,0.107390,3,1.187746,15.227067,0,1,1,0
phase2_nominal_combined_r01_s0024,67.072,-1.065266,-0.459597,0.107334,3,1.185304,15.226400,0,1,1,0
phase2_nominal_combined_r01_s0024,67.104,-1.062810,-0.461220,0.107292,3,1.182863,15.225731,0,1,1,0
phase2_nominal_combined_r01_s0024,67.136,-1.060350,-0.462836,0.107257,3,1.180420,15.225055,0,1,1,0
phase2_nominal_combined_r01_s0024,67.168,-1.057885,-0.464445,0.107227,3,1.177974,15.224370,0,1,1,0
phase2_nominal_combined_r01_s0024,67.200,-1.055416,-0.466048,0.107207,3,1.175526,15.223678,0,1,1,0
phase2_nominal_combined_r01_s0024,67.232,-1.052943,-0.467644,0.107194,3,1.173076,15.222980,0,1,1,0
phase2_nominal_combined_r01_s0024,67.264,-1.050466,-0.469234,0.107190,3,1.170624,15.222275,0,1,1,0
phase2_nominal_combined_r01_s0024,67.296,-1.047983,-0.470816,0.107190,3,1.168168,15.221560,0,1,1,0
phase2_nominal_combined_r01_s0024,67.328,-1.045492,-0.472385,0.107192,3,1.165707,15.220832,0,1,1,0
phase2_nominal_combined_r01_s0024,67.360,-1.042993,-0.473941,0.107194,3,1.163239,15.220090,0,1,1,0
phase2_nominal_combined_r01_s0024,67.392,-1.040486,-0.475485,0.107196,3,1.160765,15.219333,0,1,1,0
phase2_nominal_combined_r01_s0024,67.424,-1.037970,-0.477015,0.107198,3,1.158285,15.218562,0,1,1,0
phase2_nominal_combined_r01_s0024,67.456,-1.035446,-0.478530,0.107199,3,1.155798,15.217774,0,1,1,0
phase2_nominal_combined_r01_s0024,67.488,-1.032913,-0.480031,0.107198,3,1.153304,15.216972,0,1,1,0
phase2_nominal_combined_r01_s0024,67.520,-1.030370,-0.481517,0.107194,3,1.150802,15.216151,0,1,1,0
phase2_nominal_combined_r01_s0024,67.552,-1.027819,-0.482986,0.107188,3,1.148293,15.215314,0,1,1,0
phase2_nominal_combined_r01_s0024,67.584,-1.025258,-0.484439,0.107179,3,1.145776,15.214460,0,1,1,0
phase2_nominal_combined_r01_s0024,67.616,-1.022688,-0.485875,0.107165,3,1.143251,15.213587,0,1,1,0
phase2_nominal_combined_r01_s0024,67.648,-1.020108,-0.487294,0.107148,3,1.140718,15.212695,0,1,1,0
phase2_nominal_combined_r01_s0024,67.680,-1.017518,-0.488695,0.107125,3,1.138176,15.211786,0,1,1,0
phase2_nominal_combined_r01_s0024,67.712,-1.014920,-0.490079,0.107099,3,1.135627,15.210858,0,1,1,0
phase2_nominal_combined_r01_s0024,67.744,-1.012313,-0.491447,0.107072,3,1.133072,15.209915,0,1,1,0
phase2_nominal_combined_r01_s0024,67.776,-1.009699,-0.492800,0.107042,3,1.130509,15.208955,0,1,1,0
phase2_nominal_combined_r01_s0024,67.808,-1.007076,-0.494137,0.107009,3,1.127940,15.207979,0,1,1,0
phase2_nominal_combined_r01_s0024,67.840,-1.004445,-0.495458,0.106975,3,1.125364,15.206987,0,1,1,0
phase2_nominal_combined_r01_s0024,67.872,-1.001808,-0.496766,0.106941,3,1.122782,15.205981,0,1,1,0
phase2_nominal_combined_r01_s0024,67.904,-0.999164,-0.498058,0.106906,3,1.120195,15.204961,0,1,1,0
phase2_nominal_combined_r01_s0024,67.936,-0.996513,-0.499339,0.106874,3,1.117603,15.203928,0,1,1,0
phase2_nominal_combined_r01_s0024,67.968,-0.993857,-0.500607,0.106842,3,1.115006,15.202882,0,1,1,0
phase2_nominal_combined_r01_s0024,68.000,-0.991194,-0.501862,0.106812,3,1.112404,15.201824,0,1,1,0
phase2_nominal_combined_r01_s0024,68.032,-0.988527,-0.503106,0.106786,3,1.109798,15.200755,0,1,1,0
phase2_nominal_combined_r01_s0024,68.064,-0.985854,-0.504338,0.106762,3,1.107188,15.199674,0,1,1,0
phase2_nominal_combined_r01_s0024,68.096,-0.983177,-0.505563,0.106746,3,1.104576,15.198587,0,1,1,0
phase2_nominal_combined_r01_s0024,68.128,-0.980495,-0.506776,0.106732,3,1.101959,15.197487,0,1,1,0
phase2_nominal_combined_r01_s0024,68.160,-0.977812,-0.507985,0.106729,3,1.099342,15.196385,0,1,1,0
phase2_nominal_combined_r01_s0024,68.192,-0.975125,-0.509188,0.106735,3,1.096724,15.195276,0,1,1,0
phase2_nominal_combined_r01_s0024,68.224,-0.972435,-0.510383,0.106748,3,1.094103,15.194160,0,1,1,0
phase2_nominal_combined_r01_s0024,68.256,-0.969742,-0.511571,0.106769,3,1.091480,15.193037,0,1,1,0
phase2_nominal_combined_r01_s0024,68.288,-0.967047,-0.512755,0.106801,3,1.088857,15.191910,0,1,1,0
phase2_nominal_combined_r01_s0024,68.320,-0.964349,-0.513933,0.106842,3,1.086233,15.190778,0,1,1,0
phase2_nominal_combined_r01_s0024,68.352,-0.961648,-0.515103,0.106890,3,1.083606,15.189639,0,1,1,0
phase2_nominal_combined_r01_s0024,68.384,-0.958941,-0.516260,0.106938,3,1.080973,15.188486,0,1,1,0
phase2_nominal_combined_r01_s0024,68.416,-0.956227,-0.517402,0.106987,3,1.078336,15.187319,0,1,1,0
phase2_nominal_combined_r01_s0024,68.448,-0.953508,-0.518530,0.107036,3,1.075693,15.186138,0,1,1,0
phase2_nominal_combined_r01_s0024,68.480,-0.950781,-0.519642,0.107083,3,1.073044,15.184943,0,1,1,0
phase2_nominal_combined_r01_s0024,68.512,-0.948049,-0.520739,0.107129,3,1.070389,15.183732,0,1,1,0
phase2_nominal_combined_r01_s0024,68.544,-0.945310,-0.521820,0.107173,3,1.067729,15.182507,0,1,1,0
phase2_nominal_combined_r01_s0024,68.576,-0.942565,-0.522884,0.107215,3,1.065061,15.181265,0,1,1,0
phase2_nominal_combined_r01_s0024,68.608,-0.939812,-0.523928,0.107252,3,1.062387,15.180005,0,1,1,0
phase2_nominal_combined_r01_s0024,68.640,-0.937052,-0.524954,0.107284,3,1.059706,15.178727,0,1,1,0
phase2_nominal_combined_r01_s0024,68.672,-0.934285,-0.525961,0.107312,3,1.057018,15.177432,0,1,1,0
phase2_nominal_combined_r01_s0024,68.704,-0.931512,-0.526950,0.107335,3,1.054324,15.176120,0,1,1,0
phase2_nominal_combined_r01_s0024,68.736,-0.928732,-0.527920,0.107355,3,1.051623,15.174791,0,1,1,0
phase2_nominal_combined_r01_s0024,68.768,-0.925946,-0.528871,0.107370,3,1.048916,15.173445,0,1,1,0
phase2_nominal_combined_r01_s0024,68.800,-0.923154,-0.529804,0.107382,3,1.046202,15.172082,0,1,1,0
phase2_nominal_combined_r01_s0024,68.832,-0.920356,-0.530718,0.107389,3,1.043483,15.170702,0,1,1,0
phase2_nominal_combined_r01_s0024,68.864,-0.917552,-0.531614,0.107393,3,1.040757,15.169305,0,1,1,0
phase2_nominal_combined_r01_s0024,68.896,-0.914742,-0.532491,0.107392,3,1.038025,15.167892,0,1,1,0
phase2_nominal_combined_r01_s0024,68.928,-0.911926,-0.533349,0.107388,3,1.035287,15.166462,0,1,1,0
phase2_nominal_combined_r01_s0024,68.960,-0.909106,-0.534190,0.107381,3,1.032544,15.165017,0,1,1,0
phase2_nominal_combined_r01_s0024,68.992,-0.906280,-0.535015,0.107373,3,1.029795,15.163558,0,1,1,0
phase2_nominal_combined_r01_s0024,69.024,-0.903450,-0.535823,0.107362,3,1.027042,15.162084,0,1,1,0
phase2_nominal_combined_r01_s0024,69.056,-0.900615,-0.536615,0.107352,3,1.024284,15.160596,0,1,1,0
phase2_nominal_combined_r01_s0024,69.088,-0.897777,-0.537393,0.107341,3,1.021522,15.159096,0,1,1,0
phase2_nominal_combined_r01_s0024,69.120,-0.894935,-0.538156,0.107332,3,1.018756,15.157584,0,1,1,0
phase2_nominal_combined_r01_s0024,69.152,-0.892090,-0.538911,0.107328,3,1.015988,15.156064,0,1,1,0
phase2_nominal_combined_r01_s0024,69.184,-0.889243,-0.539653,0.107328,3,1.013217,15.154534,0,1,1,0
phase2_nominal_combined_r01_s0024,69.216,-0.886394,-0.540392,0.107339,3,1.010446,15.153001,0,1,1,0
phase2_nominal_combined_r01_s0024,69.248,-0.883544,-0.541123,0.107358,3,1.007672,15.151462,0,1,1,0
phase2_nominal_combined_r01_s0024,69.280,-0.880691,-0.541847,0.107385,3,1.004897,15.149917,0,1,1,0
phase2_nominal_combined_r01_s0024,69.312,-0.877837,-0.542565,0.107422,3,1.002122,15.148367,0,1,1,0
phase2_nominal_combined_r01_s0024,69.344,-0.874982,-0.543281,0.107471,3,0.999345,15.146815,0,1,1,0
phase2_nominal_combined_r01_s0024,69.376,-0.872126,-0.543992,0.107532,3,0.996569,15.145260,0,1,1,0
phase2_nominal_combined_r01_s0024,69.408,-0.869269,-0.544699,0.107604,3,0.993791,15.143701,0,1,1,0
phase2_nominal_combined_r01_s0024,69.440,-0.866408,-0.545392,0.107677,3,0.991010,15.142131,0,1,1,0
phase2_nominal_combined_r01_s0024,69.472,-0.863543,-0.546072,0.107752,3,0.988224,15.140549,0,1,1,0
phase2_nominal_combined_r01_s0024,69.504,-0.860676,-0.546739,0.107829,3,0.985436,15.138956,0,1,1,0
phase2_nominal_combined_r01_s0024,69.536,-0.857804,-0.547391,0.107905,3,0.982643,15.137350,0,1,1,0
phase2_nominal_combined_r01_s0024,69.568,-0.854929,-0.548025,0.107980,3,0.979845,15.135730,0,1,1,0
phase2_nominal_combined_r01_s0024,69.600,-0.852050,-0.548643,0.108054,3,0.977043,15.134096,0,1,1,0
phase2_nominal_combined_r01_s0024,69.632,-0.849168,-0.549243,0.108123,3,0.974236,15.132447,0,1,1,0
phase2_nominal_combined_r01_s0024,69.664,-0.846281,-0.549822,0.108188,3,0.971423,15.130781,0,1,1,0
phase2_nominal_combined_r01_s0024,69.696,-0.843389,-0.550379,0.108246,3,0.968604,15.129097,0,1,1,0
phase2_nominal_combined_r01_s0024,69.728,-0.840494,-0.550915,0.108298,3,0.965780,15.127396,0,1,1,0
phase2_nominal_combined_r01_s0024,69.760,-0.837594,-0.551427,0.108341,3,0.962950,15.125675,0,1,1,0
phase2_nominal_combined_r01_s0024,69.792,-0.834690,-0.551914,0.108374,3,0.960114,15.123934,0,1,1,0
phase2_nominal_combined_r01_s0024,69.824,-0.831781,-0.552376,0.108397,3,0.957272,15.122173,0,1,1,0
phase2_nominal_combined_r01_s0024,69.856,-0.828870,-0.552814,0.108412,3,0.954423,15.120393,0,1,1,0
phase2_nominal_combined_r01_s0024,69.888,-0.825954,-0.553227,0.108417,3,0.951570,15.118594,0,1,1,0
phase2_nominal_combined_r01_s0024,69.920,-0.823036,-0.553616,0.108413,3,0.948711,15.116776,0,1,1,0
phase2_nominal_combined_r01_s0024,69.952,-0.820115,-0.553980,0.108399,3,0.945848,15.114939,0,1,1,0
phase2_nominal_combined_r01_s0024,69.984,-0.817192,-0.554322,0.108379,3,0.942981,15.113086,0,1,1,0
phase2_nominal_combined_r01_s0024,70.016,-0.814267,-0.554644,0.108355,3,0.940109,15.111217,0,1,1,0
phase2_nominal_combined_r01_s0024,70.048,-0.811340,-0.554944,0.108324,3,0.937234,15.109332,0,1,1,0
phase2_nominal_combined_r01_s0024,70.080,-0.808411,-0.555224,0.108288,3,0.934355,15.107432,0,1,1,0
phase2_nominal_combined_r01_s0024,70.112,-0.805481,-0.555485,0.108249,3,0.931473,15.105518,0,1,1,0
phase2_nominal_combined_r01_s0024,70.144,-0.802547,-0.555727,0.108206,3,0.928585,15.103589,0,1,1,0
phase2_nominal_combined_r01_s0024,70.176,-0.799612,-0.555952,0.108161,3,0.925695,15.101646,0,1,1,0
phase2_nominal_combined_r01_s0024,70.208,-0.796675,-0.556159,0.108114,3,0.922802,15.099692,0,1,1,0
phase2_nominal_combined_r01_s0024,70.240,-0.793737,-0.556352,0.108068,3,0.919906,15.097726,0,1,1,0
phase2_nominal_combined_r01_s0024,70.272,-0.790799,-0.556528,0.108022,3,0.917007,15.095749,0,1,1,0
phase2_nominal_combined_r01_s0024,70.304,-0.787859,-0.556691,0.107977,3,0.914107,15.093762,0,1,1,0
phase2_nominal_combined_r01_s0024,70.336,-0.784919,-0.556843,0.107936,3,0.911205,15.091766,0,1,1,0
phase2_nominal_combined_r01_s0024,70.368,-0.781979,-0.556979,0.107896,3,0.908301,15.089760,0,1,1,0
phase2_nominal_combined_r01_s0024,70.400,-0.779038,-0.557106,0.107862,3,0.905395,15.087748,0,1,1,0
phase2_nominal_combined_r01_s0024,70.432,-0.776096,-0.557227,0.107837,3,0.902489,15.085731,0,1,1,0
phase2_nominal_combined_r01_s0024,70.464,-0.773154,-0.557333,0.107814,3,0.899580,15.083704,0,1,1,0
phase2_nominal_combined_r01_s0024,70.496,-0.770210,-0.557412,0.107778,3,0.896667,15.081657,0,1,1,0
phase2_nominal_combined_r01_s0024,70.528,-0.767266,-0.557463,0.107730,3,0.893750,15.079590,0,1,1,0
phase2_nominal_combined_r01_s0024,70.560,-0.764321,-0.557488,0.107672,3,0.890830,15.077506,0,1,1,0
phase2_nominal_combined_r01_s0024,70.592,-0.761377,-0.557489,0.107605,3,0.887907,15.075404,0,1,1,0
phase2_nominal_combined_r01_s0024,70.624,-0.758432,-0.557467,0.107531,3,0.884981,15.073287,0,1,1,0
phase2_nominal_combined_r01_s0024,70.656,-0.755488,-0.557424,0.107451,3,0.882054,15.071156,0,1,1,0
phase2_nominal_combined_r01_s0024,70.688,-0.752544,-0.557363,0.107368,3,0.879125,15.069012,0,1,1,0
phase2_nominal_combined_r01_s0024,70.720,-0.749601,-0.557282,0.107282,3,0.876194,15.066855,0,1,1,0
phase2_nominal_combined_r01_s0024,70.752,-0.746659,-0.557184,0.107184,3,0.873262,15.064688,0,1,1,0
phase2_nominal_combined_r01_s0024,70.784,-0.743717,-0.557073,0.107073,3,0.870329,15.062511,0,1,1,1
