run_id,time_s,robot_x,robot_y,lane_error_m,checkpoint_count,static_clearance_m,moving_clearance_m,collision_count,moving_started,moving_cleared,finished
phase2_static_scurve_r01_s0015,0.032,-0.460000,-0.450000,0.000000,0,0.580000,14.785604,0,0,0,0
phase2_static_scurve_r01_s0015,0.064,-0.457057,-0.450000,0.000000,0,0.577057,14.783523,0,0,0,0
phase2_static_scurve_r01_s0015,0.096,-0.454116,-0.450002,0.000002,0,0.574116,14.781444,0,0,0,0
phase2_static_scurve_r01_s0015,0.128,-0.451172,-0.450007,0.000007,0,0.571172,14.779365,0,0,0,0
phase2_static_scurve_r01_s0015,0.160,-0.448228,-0.450011,0.000011,0,0.568228,14.777286,0,0,0,0
phase2_static_scurve_r01_s0015,0.192,-0.445284,-0.450015,0.000015,0,0.565284,14.775208,0,0,0,0
phase2_static_scurve_r01_s0015,0.224,-0.442340,-0.450019,0.000019,0,0.562340,14.773130,0,0,0,0
phase2_static_scurve_r01_s0015,0.256,-0.439396,-0.450022,0.000022,0,0.559396,14.771051,0,0,0,0
phase2_static_scurve_r01_s0015,0.288,-0.436452,-0.450026,0.000026,0,0.556452,14.768974,0,0,0,0
phase2_static_scurve_r01_s0015,0.320,-0.433508,-0.450030,0.000030,0,0.553508,14.766896,0,0,0,0
phase2_static_scurve_r01_s0015,0.352,-0.430564,-0.450034,0.000034,0,0.550564,14.764819,0,0,0,0
phase2_static_scurve_r01_s0015,0.384,-0.427620,-0.450038,0.000038,0,0.547620,14.762742,0,0,0,0
phase2_static_scurve_r01_s0015,0.416,-0.424676,-0.450036,0.000036,0,0.544676,14.760662,0,0,0,0
phase2_static_scurve_r01_s0015,0.448,-0.421732,-0.450037,0.000037,0,0.541732,14.758583,0,0,0,0
phase2_static_scurve_r01_s0015,0.480,-0.418788,-0.450037,0.000037,0,0.538788,14.756504,0,0,0,0
phase2_static_scurve_r01_s0015,0.512,-0.415844,-0.450037,0.000037,0,0.535844,14.754426,0,0,0,0
phase2_static_scurve_r01_s0015,0.544,-0.412900,-0.450037,0.000037,0,0.532900,14.752348,0,0,0,0
phase2_static_scurve_r01_s0015,0.576,-0.409956,-0.450037,0.000037,0,0.529956,14.750270,0,0,0,0
phase2_static_scurve_r01_s0015,0.608,-0.407012,-0.450038,0.000038,0,0.527012,14.748193,0,0,0,0
phase2_static_scurve_r01_s0015,0.640,-0.404068,-0.450038,0.000038,0,0.524068,14.746116,0,0,0,0
phase2_static_scurve_r01_s0015,0.672,-0.401124,-0.450038,0.000038,0,0.521124,14.744039,0,0,0,0
phase2_static_scurve_r01_s0015,0.704,-0.398180,-0.450039,0.000039,0,0.518180,14.741963,0,0,0,0
phase2_static_scurve_r01_s0015,0.736,-0.395236,-0.450039,0.000039,0,0.515236,14.739887,0,0,0,0
phase2_static_scurve_r01_s0015,0.768,-0.392292,-0.450040,0.000040,0,0.512292,14.737811,0,0,0,0
phase2_static_scurve_r01_s0015,0.800,-0.389348,-0.450040,0.000040,0,0.509348,14.735735,0,0,0,0
phase2_static_scurve_r01_s0015,0.832,-0.386404,-0.450036,0.000036,0,0.506404,14.733657,0,0,0,0
phase2_static_scurve_r01_s0015,0.864,-0.383460,-0.450032,0.000032,0,0.503460,14.731579,0,0,0,0
phase2_static_scurve_r01_s0015,0.896,-0.380516,-0.450029,0.000029,0,0.500516,14.729502,0,0,0,0
phase2_static_scurve_r01_s0015,0.928,-0.377572,-0.450026,0.000026,0,0.497572,14.727425,0,0,0,0
phase2_static_scurve_r01_s0015,0.960,-0.374628,-0.450023,0.000023,0,0.494628,14.725349,0,0,0,0
phase2_static_scurve_r01_s0015,0.992,-0.371684,-0.450020,0.000020,0,0.491684,14.723273,0,0,0,0
phase2_static_scurve_r01_s0015,1.024,-0.368740,-0.450017,0.000017,0,0.488740,14.721197,0,0,0,0
phase2_static_scurve_r01_s0015,1.056,-0.365796,-0.450014,0.000014,0,0.485796,14.719121,0,0,0,0
phase2_static_scurve_r01_s0015,1.088,-0.362852,-0.450011,0.000011,0,0.482852,14.717046,0,0,0,0
phase2_static_scurve_r01_s0015,1.120,-0.359908,-0.450008,0.000008,0,0.479908,14.714971,0,0,0,0
phase2_static_scurve_r01_s0015,1.152,-0.356964,-0.450005,0.000005,0,0.476964,14.712896,0,0,0,0
phase2_static_scurve_r01_s0015,1.184,-0.354020,-0.450002,0.000002,0,0.474020,14.710822,0,0,0,0
phase2_static_scurve_r01_s0015,1.216,-0.351076,-0.449999,0.000001,0,0.471076,14.708748,0,0,0,0
phase2_static_scurve_r01_s0015,1.248,-0.348132,-0.449997,0.000003,0,0.468132,14.706674,0,0,0,0
phase2_static_scurve_r01_s0015,1.280,-0.345188,-0.449994,0.000006,0,0.465188,14.704601,0,0,0,0
phase2_static_scurve_r01_s0015,1.312,-0.342244,-0.449991,0.000009,0,0.462244,14.702528,0,0,0,0
phase2_static_scurve_r01_s0015,1.344,-0.339300,-0.449988,0.000012,0,0.459300,14.700455,0,0,0,0
phase2_static_scurve_r01_s0015,1.376,-0.336356,-0.449985,0.000015,0,0.456356,14.698382,0,0,0,0
phase2_static_scurve_r01_s0015,1.408,-0.333412,-0.449982,0.000018,0,0.453412,14.696310,0,0,0,0
phase2_static_scurve_r01_s0015,1.440,-0.330468,-0.449979,0.000021,0,0.450468,14.694238,0,0,0,0
phase2_static_scurve_r01_s0015,1.472,-0.327524,-0.449976,0.000024,0,0.447524,14.692167,0,0,0,0
phase2_static_scurve_r01_s0015,1.504,-0.324580,-0.449973,0.000027,0,0.444580,14.690095,0,0,0,0
phase2_static_scurve_r01_s0015,1.536,-0.321636,-0.449970,0.000030,0,0.441636,14.688024,0,0,0,0
phase2_static_scurve_r01_s0015,1.568,-0.318692,-0.449967,0.000033,0,0.438692,14.685954,0,0,0,0
phase2_static_scurve_r01_s0015,1.600,-0.315748,-0.449965,0.000035,0,0.435748,14.683883,0,0,0,0
phase2_static_scurve_r01_s0015,1.632,-0.312804,-0.449962,0.000038,0,0.432804,14.681813,0,0,0,0
phase2_static_scurve_r01_s0015,1.664,-0.309860,-0.449959,0.000041,0,0.429860,14.679743,0,0,0,0
phase2_static_scurve_r01_s0015,1.696,-0.306916,-0.449956,0.000044,0,0.426916,14.677674,0,0,0,0
phase2_static_scurve_r01_s0015,1.728,-0.303972,-0.449953,0.000047,0,0.423972,14.675604,0,0,0,0
phase2_static_scurve_r01_s0015,1.760,-0.301028,-0.449950,0.000050,0,0.421028,14.673535,0,0,0,0
phase2_static_scurve_r01_s0015,1.792,-0.298084,-0.449947,0.000053,0,0.418084,14.671467,0,0,0,0
phase2_static_scurve_r01_s0015,1.824,-0.295140,-0.449944,0.000056,0,0.415140,14.669398,0,0,0,0
phase2_static_scurve_r01_s0015,1.856,-0.292196,-0.449941,0.000059,0,0.412196,14.667330,0,0,0,0
phase2_static_scurve_r01_s0015,1.888,-0.289252,-0.449938,0.000062,0,0.409252,14.665263,0,0,0,0
phase2_static_scurve_r01_s0015,1.920,-0.286308,-0.449935,0.000065,0,0.406308,14.663195,0,0,0,0
phase2_static_scurve_r01_s0015,1.952,-0.283364,-0.449932,0.000068,0,0.403364,14.661128,0,0,0,0
phase2_static_scurve_r01_s0015,1.984,-0.280420,-0.449930,0.000070,0,0.400420,14.659061,0,0,0,0
phase2_static_scurve_r01_s0015,2.016,-0.277476,-0.449927,0.000073,0,0.397476,14.656995,0,0,0,0
phase2_static_scurve_r01_s0015,2.048,-0.274532,-0.449924,0.000076,0,0.394532,14.654928,0,0,0,0
phase2_static_scurve_r01_s0015,2.080,-0.271588,-0.449921,0.000079,0,0.391588,14.652862,0,0,0,0
phase2_static_scurve_r01_s0015,2.112,-0.268644,-0.449918,0.000082,0,0.388644,14.650797,0,0,0,0
phase2_static_scurve_r01_s0015,2.144,-0.265700,-0.449915,0.000085,0,0.385700,14.648731,0,0,0,0
phase2_static_scurve_r01_s0015,2.176,-0.262756,-0.449912,0.000088,0,0.382756,14.646666,0,0,0,0
phase2_static_scurve_r01_s0015,2.208,-0.259812,-0.449909,0.000091,0,0.379812,14.644601,0,0,0,0
phase2_static_scurve_r01_s0015,2.240,-0.256868,-0.449906,0.000094,0,0.376868,14.642537,0,0,0,0
phase2_static_scurve_r01_s0015,2.272,-0.253924,-0.449903,0.000097,0,0.373924,14.640473,0,0,0,0
phase2_static_scurve_r01_s0015,2.304,-0.250980,-0.449900,0.000100,0,0.370980,14.638409,0,0,0,0
phase2_static_scurve_r01_s0015,2.336,-0.248036,-0.449897,0.000103,0,0.368036,14.636345,0,0,0,0
phase2_static_scurve_r01_s0015,2.368,-0.245092,-0.449895,0.000105,0,0.365092,14.634282,0,0,0,0
phase2_static_scurve_r01_s0015,2.400,-0.242148,-0.449892,0.000108,0,0.362148,14.632219,0,0,0,0
phase2_static_scurve_r01_s0015,2.432,-0.239204,-0.449889,0.000111,0,0.359204,14.630157,0,0,0,0
phase2_static_scurve_r01_s0015,2.464,-0.236260,-0.449886,0.000114,0,0.356260,14.628094,0,0,0,0
phase2_static_scurve_r01_s0015,2.496,-0.233316,-0.449883,0.000117,0,0.353316,14.626032,0,0,0,0
phase2_static_scurve_r01_s0015,2.528,-0.230372,-0.449880,0.000120,0,0.350372,14.623970,0,0,0,0
phase2_static_scurve_r01_s0015,2.560,-0.227428,-0.449877,0.000123,0,0.347428,14.621909,0,0,0,0
phase2_static_scurve_r01_s0015,2.592,-0.224484,-0.449874,0.000126,0,0.344484,14.619848,0,0,0,0
phase2_static_scurve_r01_s0015,2.624,-0.221540,-0.449871,0.000129,0,0.341540,14.617787,0,0,0,0
phase2_static_scurve_r01_s0015,2.656,-0.218596,-0.449868,0.000132,0,0.338596,14.615726,0,0,0,0
phase2_static_scurve_r01_s0015,2.688,-0.215652,-0.449865,0.000135,0,0.335652,14.613666,0,0,0,0
phase2_static_scurve_r01_s0015,2.720,-0.212708,-0.449862,0.000138,0,0.332708,14.611606,0,0,0,0
phase2_static_scurve_r01_s0015,2.752,-0.209764,-0.449860,0.000140,0,0.329764,14.609547,0,0,0,0
phase2_static_scurve_r01_s0015,2.784,-0.206820,-0.449857,0.000143,0,0.326820,14.607487,0,0,0,0
phase2_static_scurve_r01_s0015,2.816,-0.203876,-0.449854,0.000146,0,0.323876,14.605428,0,0,0,0
phase2_static_scurve_r01_s0015,2.848,-0.200932,-0.449851,0.000149,0,0.320932,14.603370,0,0,0,0
phase2_static_scurve_r01_s0015,2.880,-0.197988,-0.449848,0.000152,0,0.317988,14.601311,0,0,0,0
phase2_static_scurve_r01_s0015,2.912,-0.195044,-0.449845,0.000155,0,0.315044,14.599253,0,0,0,0
phase2_static_scurve_r01_s0015,2.944,-0.192100,-0.449842,0.000158,0,0.312100,14.597195,0,0,0,0
phase2_static_scurve_r01_s0015,2.976,-0.189156,-0.449839,0.000161,0,0.309156,14.595138,0,0,0,0
phase2_static_scurve_r01_s0015,3.008,-0.186212,-0.449836,0.000164,0,0.306212,14.593081,0,0,0,0
phase2_static_scurve_r01_s0015,3.040,-0.183268,-0.449833,0.000167,0,0.303268,14.591024,0,0,0,0
phase2_static_scurve_r01_s0015,3.072,-0.180324,-0.449830,0.000170,0,0.300324,14.588967,0,0,0,0
phase2_static_scurve_r01_s0015,3.104,-0.177380,-0.449827,0.000173,0,0.297380,14.586911,0,0,0,0
phase2_static_scurve_r01_s0015,3.136,-0.174436,-0.449824,0.000176,0,0.294436,14.584855,0,0,0,0
phase2_static_scurve_r01_s0015,3.168,-0.171492,-0.449821,0.000179,0,0.291493,14.582799,0,0,0,0
phase2_static_scurve_r01_s0015,3.200,-0.168548,-0.449819,0.000181,0,0.288549,14.580744,0,0,0,0
phase2_static_scurve_r01_s0015,3.232,-0.165604,-0.449816,0.000184,0,0.285605,14.578689,0,0,0,0
phase2_static_scurve_r01_s0015,3.264,-0.162660,-0.449813,0.000187,0,0.282661,14.576634,0,0,0,0
phase2_static_scurve_r01_s0015,3.296,-0.159716,-0.449810,0.000190,0,0.279717,14.574579,0,0,0,0
phase2_static_scurve_r01_s0015,3.328,-0.156772,-0.449807,0.000193,0,0.276773,14.572525,0,0,0,0
phase2_static_scurve_r01_s0015,3.360,-0.153828,-0.449804,0.000196,0,0.273829,14.570471,0,0,0,0
phase2_static_scurve_r01_s0015,3.392,-0.150884,-0.449801,0.000199,0,0.270885,14.568418,0,0,0,0
phase2_static_scurve_r01_s0015,3.424,-0.147940,-0.449798,0.000202,0,0.267941,14.566365,0,0,0,0
phase2_static_scurve_r01_s0015,3.456,-0.144996,-0.449795,0.000205,0,0.264997,14.564312,0,0,0,0
phase2_static_scurve_r01_s0015,3.488,-0.142052,-0.449792,0.000208,0,0.262053,14.562259,0,0,0,0
phase2_static_scurve_r01_s0015,3.520,-0.139108,-0.449789,0.000211,0,0.259109,14.560207,0,0,0,0
phase2_static_scurve_r01_s0015,3.552,-0.136164,-0.449786,0.000214,0,0.256165,14.558155,0,0,0,0
phase2_static_scurve_r01_s0015,3.584,-0.133220,-0.449783,0.000217,0,0.253221,14.556103,0,0,0,0
phase2_static_scurve_r01_s0015,3.616,-0.130276,-0.449780,0.000220,0,0.250277,14.554051,0,0,0,0
phase2_static_scurve_r01_s0015,3.648,-0.127332,-0.449778,0.000222,0,0.247333,14.552000,0,0,0,0
phase2_static_scurve_r01_s0015,3.680,-0.124388,-0.449775,0.000225,0,0.244389,14.549950,0,0,0,0
phase2_static_scurve_r01_s0015,3.712,-0.121444,-0.449772,0.000228,0,0.241445,14.547899,0,0,0,0
phase2_static_scurve_r01_s0015,3.744,-0.118500,-0.449769,0.000231,0,0.238501,14.545849,0,0,0,0
phase2_static_scurve_r01_s0015,3.776,-0.115556,-0.449771,0.000229,0,0.235557,14.543802,0,0,0,0
phase2_static_scurve_r01_s0015,3.808,-0.112612,-0.449771,0.000229,0,0.232613,14.541755,0,0,0,0
phase2_static_scurve_r01_s0015,3.840,-0.109668,-0.449772,0.000228,0,0.229669,14.539709,0,0,0,0
phase2_static_scurve_r01_s0015,3.872,-0.106724,-0.449772,0.000228,0,0.226725,14.537662,0,0,0,0
phase2_static_scurve_r01_s0015,3.904,-0.103780,-0.449773,0.000227,0,0.223781,14.535616,0,0,0,0
phase2_static_scurve_r01_s0015,3.936,-0.100836,-0.449774,0.000226,0,0.220837,14.533570,0,0,0,0
phase2_static_scurve_r01_s0015,3.968,-0.097892,-0.449774,0.000226,0,0.217893,14.531525,0,0,0,0
phase2_static_scurve_r01_s0015,4.000,-0.094948,-0.449774,0.000226,0,0.214949,14.529479,0,0,0,0
phase2_static_scurve_r01_s0015,4.032,-0.092004,-0.449775,0.000225,0,0.212005,14.527434,0,0,0,0
phase2_static_scurve_r01_s0015,4.064,-0.089060,-0.449780,0.000220,0,0.209061,14.525393,0,0,0,0
phase2_static_scurve_r01_s0015,4.096,-0.086116,-0.449784,0.000216,0,0.206117,14.523351,0,0,0,0
phase2_static_scurve_r01_s0015,4.128,-0.083172,-0.449793,0.000207,0,0.203173,14.521313,0,0,0,0
phase2_static_scurve_r01_s0015,4.160,-0.080228,-0.449800,0.000200,0,0.200229,14.519274,0,0,0,0
phase2_static_scurve_r01_s0015,4.192,-0.077284,-0.449812,0.000188,0,0.197285,14.517239,0,0,0,0
phase2_static_scurve_r01_s0015,4.224,-0.074341,-0.449823,0.000177,0,0.194341,14.515204,0,0,0,0
phase2_static_scurve_r01_s0015,4.256,-0.071397,-0.449834,0.000166,0,0.191397,14.513168,0,0,0,0
phase2_static_scurve_r01_s0015,4.288,-0.068453,-0.449845,0.000155,0,0.188453,14.511133,0,0,0,0
phase2_static_scurve_r01_s0015,4.320,-0.065509,-0.449855,0.000145,0,0.185509,14.509098,0,0,0,0
phase2_static_scurve_r01_s0015,4.352,-0.062565,-0.449866,0.000134,0,0.182565,14.507064,0,0,0,0
phase2_static_scurve_r01_s0015,4.384,-0.059621,-0.449876,0.000124,0,0.179621,14.505029,0,0,0,0
phase2_static_scurve_r01_s0015,4.416,-0.056677,-0.449887,0.000113,0,0.176677,14.502995,0,0,0,0
phase2_static_scurve_r01_s0015,4.448,-0.053733,-0.449897,0.000103,0,0.173733,14.500962,0,0,0,0
phase2_static_scurve_r01_s0015,4.480,-0.050789,-0.449907,0.000093,0,0.170789,14.498928,0,0,0,0
phase2_static_scurve_r01_s0015,4.512,-0.047845,-0.449918,0.000082,0,0.167845,14.496895,0,0,0,0
phase2_static_scurve_r01_s0015,4.544,-0.044901,-0.449928,0.000072,0,0.164901,14.494862,0,0,0,0
phase2_static_scurve_r01_s0015,4.576,-0.041957,-0.449938,0.000062,0,0.161957,14.492829,0,0,0,0
phase2_static_scurve_r01_s0015,4.608,-0.039013,-0.449948,0.000052,0,0.159013,14.490797,0,0,0,0
phase2_static_scurve_r01_s0015,4.640,-0.036069,-0.449959,0.000041,0,0.156069,14.488765,0,0,0,0
phase2_static_scurve_r01_s0015,4.672,-0.033125,-0.449969,0.000031,0,0.153125,14.486733,0,0,0,0
phase2_static_scurve_r01_s0015,4.704,-0.030181,-0.449979,0.000021,0,0.150181,14.484702,0,0,0,0
phase2_static_scurve_r01_s0015,4.736,-0.027237,-0.449990,0.000010,0,0.147237,14.482671,0,0,0,0
phase2_static_scurve_r01_s0015,4.768,-0.024293,-0.450000,0.000000,0,0.144293,14.480640,0,0,0,0
phase2_static_scurve_r01_s0015,4.800,-0.021349,-0.450010,0.000010,0,0.141349,14.478610,0,0,0,0
phase2_static_scurve_r01_s0015,4.832,-0.018405,-0.450020,0.000020,0,0.138405,14.476580,0,0,0,0
phase2_static_scurve_r01_s0015,4.864,-0.015461,-0.450031,0.000031,0,0.135461,14.474550,0,0,0,0
phase2_static_scurve_r01_s0015,4.896,-0.012517,-0.450041,0.000041,0,0.132517,14.472521,0,0,0,0
phase2_static_scurve_r01_s0015,4.928,-0.009573,-0.450051,0.000051,0,0.129573,14.470492,0,0,0,0
phase2_static_scurve_r01_s0015,4.960,-0.006629,-0.450062,0.000062,0,0.126629,14.468463,0,0,0,0
phase2_static_scurve_r01_s0015,4.992,-0.003685,-0.450067,0.000067,0,0.123685,14.466431,0,0,0,0
phase2_static_scurve_r01_s0015,5.024,-0.001893,-0.450072,0.000072,0,0.121893,14.465195,0,0,0,0
phase2_static_scurve_r01_s0015,5.056,-0.000101,-0.450073,0.000073,0,0.120101,14.463956,0,0,0,0
phase2_static_scurve_r01_s0015,5.088,0.001691,-0.450075,0.000075,0,0.118309,14.462719,0,0,0,0
phase2_static_scurve_r01_s0015,5.120,0.003483,-0.450074,0.000074,0,0.116517,14.461480,0,0,0,0
phase2_static_scurve_r01_s0015,5.152,0.005275,-0.450074,0.000074,0,0.114725,14.460241,0,0,0,0
phase2_static_scurve_r01_s0015,5.184,0.007067,-0.450074,0.000074,0,0.112933,14.459002,0,0,0,0
phase2_static_scurve_r01_s0015,5.216,0.007067,-0.450074,0.000074,0,0.112933,14.459002,0,0,0,0
phase2_static_scurve_r01_s0015,5.248,0.007067,-0.450073,0.000073,0,0.112933,14.459002,0,0,0,0
phase2_static_scurve_r01_s0015,5.280,0.007067,-0.450073,0.000073,0,0.112933,14.459002,0,0,0,0
phase2_static_scurve_r01_s0015,5.312,0.007067,-0.450073,0.000073,0,0.112933,14.459002,0,0,0,0
phase2_static_scurve_r01_s0015,5.344,0.007067,-0.450073,0.000073,0,0.112933,14.459002,0,0,0,0
phase2_static_scurve_r01_s0015,5.376,0.007067,-0.450073,0.000073,0,0.112933,14.459002,0,0,0,0
phase2_static_scurve_r01_s0015,5.408,0.007067,-0.450073,0.000073,0,0.112933,14.459002,0,0,0,0
phase2_static_scurve_r01_s0015,5.440,0.007067,-0.450073,0.000073,0,0.112933,14.459002,0,0,0,0
phase2_static_scurve_r01_s0015,5.472,0.007067,-0.450072,0.000072,0,0.112933,14.459001,0,0,0,0
phase2_static_scurve_r01_s0015,5.504,0.007067,-0.450072,0.000072,0,0.112933,14.459001,0,0,0,0
phase2_static_scurve_r01_s0015,5.536,0.008188,-0.450166,0.000166,0,0.111812,14.458294,0,0,0,0
phase2_static_scurve_r01_s0015,5.568,0.008189,-0.450176,0.000176,0,0.111811,14.458301,0,0,0,0
phase2_static_scurve_r01_s0015,5.600,0.008189,-0.450188,0.000188,0,0.111811,14.458310,0,0,0,0
phase2_static_scurve_r01_s0015,5.632,0.008186,-0.450194,0.000194,0,0.111815,14.458316,0,0,0,0
phase2_static_scurve_r01_s0015,5.664,0.008184,-0.450199,0.000199,0,0.111816,14.458321,0,0,0,0
phase2_static_scurve_r01_s0015,5.696,0.008183,-0.450205,0.000205,0,0.111817,14.458326,0,0,0,0
phase2_static_scurve_r01_s0015,5.728,0.008182,-0.450209,0.000209,0,0.111819,14.458330,0,0,0,0
phase2_static_scurve_r01_s0015,5.760,0.008181,-0.450213,0.000213,0,0.111819,14.458333,0,0,0,0
phase2_static_scurve_r01_s0015,5.792,0.008180,-0.450216,0.000216,0,0.111820,14.458336,0,0,0,0
phase2_static_scurve_r01_s0015,5.824,0.008180,-0.450218,0.000218,0,0.111821,14.458338,0,0,0,0
phase2_static_scurve_r01_s0015,5.856,0.008179,-0.450220,0.000220,0,0.111821,14.458339,0,0,0,0
phase2_static_scurve_r01_s0015,5.888,0.008179,-0.450221,0.000221,0,0.111822,14.458340,0,0,0,0
phase2_static_scurve_r01_s0015,5.920,0.008178,-0.450222,0.000222,0,0.111822,14.458341,0,0,0,0
phase2_static_scurve_r01_s0015,5.952,0.008178,-0.450223,0.000223,0,0.111822,14.458342,0,0,0,0
phase2_static_scurve_r01_s0015,5.984,0.008178,-0.450223,0.000223,0,0.111822,14.458343,0,0,0,0
phase2_static_scurve_r01_s0015,6.016,0.008178,-0.450224,0.000224,0,0.111822,14.458343,0,0,0,0
phase2_static_scurve_r01_s0015,6.048,0.009941,-0.450531,0.000531,0,0.110060,14.457347,0,0,0,0
phase2_static_scurve_r01_s0015,6.080,0.011646,-0.450895,0.000895,0,0.108358,14.456432,0,0,0,0
phase2_static_scurve_r01_s0015,6.112,0.013398,-0.451284,0.001284,0,0.106610,14.455502,0,0,0,0
phase2_static_scurve_r01_s0015,6.144,0.015146,-0.451703,0.001703,0,0.104867,14.454597,0,0,0,0
phase2_static_scurve_r01_s0015,6.176,0.016883,-0.452155,0.002155,0,0.103140,14.453725,0,0,0,0
phase2_static_scurve_r01_s0015,6.208,0.018611,-0.452648,0.002648,0,0.101424,14.452888,0,0,0,0
phase2_static_scurve_r01_s0015,6.240,0.020326,-0.453181,0.003181,0,0.099724,14.452089,0,0,0,0
phase2_static_scurve_r01_s0015,6.272,0.022028,-0.453751,0.003751,0,0.098044,14.451326,0,0,0,0
phase2_static_scurve_r01_s0015,6.304,0.023719,-0.454356,0.004356,0,0.096379,14.450596,0,0,0,0
phase2_static_scurve_r01_s0015,6.336,0.025397,-0.454994,0.004994,0,0.094735,14.449900,0,0,0,0
phase2_static_scurve_r01_s0015,6.368,0.027062,-0.455665,0.005665,0,0.093111,14.449236,0,0,0,0
phase2_static_scurve_r01_s0015,6.400,0.028712,-0.456368,0.006368,0,0.091510,14.448606,0,0,0,0
phase2_static_scurve_r01_s0015,6.432,0.030348,-0.457105,0.007105,0,0.089933,14.448011,0,0,0,0
phase2_static_scurve_r01_s0015,6.464,0.031968,-0.457875,0.007875,0,0.088383,14.447450,0,0,0,0
phase2_static_scurve_r01_s0015,6.496,0.033572,-0.458678,0.008678,0,0.086862,14.446924,0,0,0,0
phase2_static_scurve_r01_s0015,6.528,0.035160,-0.459512,0.009512,0,0.085372,14.446433,0,0,0,0
phase2_static_scurve_r01_s0015,6.560,0.036730,-0.460378,0.010378,0,0.083914,14.445977,0,0,0,0
phase2_static_scurve_r01_s0015,6.592,0.038282,-0.461276,0.011276,0,0.082492,14.445557,0,0,0,0
phase2_static_scurve_r01_s0015,6.624,0.039816,-0.462205,0.012205,0,0.081107,14.445172,0,0,0,0
phase2_static_scurve_r01_s0015,6.656,0.041331,-0.463165,0.013165,0,0.079763,14.444823,0,0,0,0
phase2_static_scurve_r01_s0015,6.688,0.042826,-0.464155,0.014155,0,0.078462,14.444510,0,0,0,0
phase2_static_scurve_r01_s0015,6.720,0.044300,-0.465175,0.015175,0,0.077206,14.444232,1,0,0,0
phase2_static_scurve_r01_s0015,6.752,0.043620,-0.466226,0.016226,0,0.078085,14.445463,1,0,0,0
phase2_static_scurve_r01_s0015,6.784,0.043538,-0.467306,0.017306,0,0.078396,14.446302,1,0,0,0
phase2_static_scurve_r01_s0015,6.816,0.043470,-0.468415,0.018415,0,0.078715,14.447152,1,0,0,0
phase2_static_scurve_r01_s0015,6.848,0.043415,-0.469552,0.019552,0,0.079042,14.448014,1,0,0,0
phase2_static_scurve_r01_s0015,6.880,0.043371,-0.470718,0.020718,0,0.079380,14.448889,1,0,0,0
phase2_static_scurve_r01_s0015,6.912,0.043335,-0.471910,0.021910,0,0.079734,14.449778,1,0,0,0
phase2_static_scurve_r01_s0015,6.944,0.043307,-0.473130,0.023130,0,0.080105,14.450681,1,0,0,0
phase2_static_scurve_r01_s0015,6.976,0.043283,-0.474375,0.024375,0,0.080496,14.451600,1,0,0,0
phase2_static_scurve_r01_s0015,7.008,0.043264,-0.475647,0.025647,0,0.080908,14.452535,1,0,0,0
phase2_static_scurve_r01_s0015,7.040,0.043249,-0.476944,0.026944,0,0.081343,14.453485,1,0,0,0
phase2_static_scurve_r01_s0015,7.072,0.043237,-0.478265,0.028265,0,0.081802,14.454452,1,0,0,0
phase2_static_scurve_r01_s0015,7.104,0.043226,-0.479611,0.029611,0,0.082286,14.455435,1,0,0,0
phase2_static_scurve_r01_s0015,7.136,0.043218,-0.480981,0.030981,0,0.082797,14.456433,1,0,0,0
phase2_static_scurve_r01_s0015,7.168,0.043211,-0.482373,0.032373,0,0.083334,14.457448,1,0,0,0
phase2_static_scurve_r01_s0015,7.200,0.043205,-0.483788,0.033788,0,0.083900,14.458478,1,0,0,0
phase2_static_scurve_r01_s0015,7.232,0.043199,-0.485225,0.035225,0,0.084493,14.459524,1,0,0,0
phase2_static_scurve_r01_s0015,7.264,0.043195,-0.486684,0.036684,0,0.085116,14.460584,1,0,0,0
phase2_static_scurve_r01_s0015,7.296,0.043191,-0.488163,0.038163,0,0.085767,14.461660,1,0,0,0
phase2_static_scurve_r01_s0015,7.328,0.043188,-0.489662,0.039662,0,0.086447,14.462749,1,0,0,0
phase2_static_scurve_r01_s0015,7.360,0.043184,-0.491135,0.041135,0,0.087136,14.463820,1,0,0,0
phase2_static_scurve_r01_s0015,7.392,0.043232,-0.492675,0.042675,0,0.087832,14.464904,1,0,0,0
phase2_static_scurve_r01_s0015,7.424,0.043350,-0.494233,0.044233,0,0.088497,14.465953,1,0,0,0
phase2_static_scurve_r01_s0015,7.456,0.043542,-0.495809,0.045809,0,0.089130,14.466964,1,0,0,0
phase2_static_scurve_r01_s0015,7.488,0.043809,-0.497401,0.047401,0,0.089733,14.467936,1,0,0,0
phase2_static_scurve_r01_s0015,7.520,0.044164,-0.499060,0.049060,0,0.090321,14.468895,1,0,0,0
phase2_static_scurve_r01_s0015,7.552,0.044607,-0.500736,0.050736,0,0.090875,14.469807,1,0,0,0
phase2_static_scurve_r01_s0015,7.584,0.045144,-0.502429,0.052429,0,0.091390,14.470666,1,0,0,0
phase2_static_scurve_r01_s0015,7.616,0.045828,-0.504090,0.054090,0,0.091800,14.471401,1,0,0,0
phase2_static_scurve_r01_s0015,7.648,0.046479,-0.505758,0.055758,0,0.092273,14.472164,1,0,0,0
phase2_static_scurve_r01_s0015,7.680,0.047096,-0.507439,0.057439,0,0.092813,14.472960,1,0,0,0
phase2_static_scurve_r01_s0015,7.712,0.047679,-0.509132,0.059132,0,0.093418,14.473788,1,0,0,0
phase2_static_scurve_r01_s0015,7.744,0.048228,-0.510836,0.060836,0,0.094086,14.474648,1,0,0,0
phase2_static_scurve_r01_s0015,7.776,0.048743,-0.512550,0.062550,0,0.094816,14.475539,1,0,0,0
phase2_static_scurve_r01_s0015,7.808,0.049222,-0.514274,0.064274,0,0.095607,14.476461,1,0,0,0
phase2_static_scurve_r01_s0015,7.840,0.049666,-0.516007,0.066007,0,0.096456,14.477415,1,0,0,0
phase2_static_scurve_r01_s0015,7.872,0.050076,-0.517744,0.067744,0,0.097358,14.478395,1,0,0,0
phase2_static_scurve_r01_s0015,7.904,0.050523,-0.519475,0.069475,0,0.098254,14.479345,1,0,0,0
phase2_static_scurve_r01_s0015,7.936,0.051012,-0.521197,0.071197,0,0.099138,14.480261,1,0,0,0
phase2_static_scurve_r01_s0015,7.968,0.051542,-0.522909,0.072909,0,0.100011,14.481141,1,0,0,0
phase2_static_scurve_r01_s0015,8.000,0.052110,-0.524610,0.074610,0,0.100874,14.481986,1,0,0,0
phase2_static_scurve_r01_s0015,8.032,0.052717,-0.526298,0.076298,0,0.101727,14.482797,1,0,0,0
phase2_static_scurve_r01_s0015,8.064,0.053360,-0.527973,0.077973,0,0.102571,14.483572,1,0,0,0
phase2_static_scurve_r01_s0015,8.096,0.054039,-0.529634,0.079634,0,0.103404,14.484314,1,0,0,0
phase2_static_scurve_r01_s0015,8.128,0.054753,-0.531281,0.081281,0,0.104229,14.485020,1,0,0,0
phase2_static_scurve_r01_s0015,8.160,0.055501,-0.532912,0.082912,0,0.105045,14.485692,1,0,0,0
phase2_static_scurve_r01_s0015,8.192,0.056283,-0.534527,0.084527,0,0.105852,14.486330,1,0,0,0
phase2_static_scurve_r01_s0015,8.224,0.057098,-0.536125,0.086125,0,0.106650,14.486933,1,0,0,0
phase2_static_scurve_r01_s0015,8.256,0.057945,-0.537706,0.087706,0,0.107439,14.487501,1,0,0,0
phase2_static_scurve_r01_s0015,8.288,0.058825,-0.539269,0.089269,0,0.108219,14.488035,1,0,0,0
phase2_static_scurve_r01_s0015,8.320,0.059736,-0.540814,0.090814,0,0.108991,14.488534,1,0,0,0
phase2_static_scurve_r01_s0015,8.352,0.060677,-0.542340,0.092340,0,0.109754,14.488998,1,0,0,0
phase2_static_scurve_r01_s0015,8.384,0.061650,-0.543847,0.093847,0,0.110508,14.489427,1,0,0,0
phase2_static_scurve_r01_s0015,8.416,0.062653,-0.545333,0.095333,0,0.111252,14.489821,1,0,0,0
phase2_static_scurve_r01_s0015,8.448,0.063685,-0.546799,0.096799,0,0.111988,14.490180,1,0,0,0
phase2_static_scurve_r01_s0015,8.480,0.064747,-0.548243,0.098243,0,0.112715,14.490503,1,0,0,0
phase2_static_scurve_r01_s0015,8.512,0.065838,-0.549666,0.099666,0,0.113432,14.490791,1,0,0,0
phase2_static_scurve_r01_s0015,8.544,0.066957,-0.551066,0.101066,0,0.114140,14.491043,1,0,0,0
phase2_static_scurve_r01_s0015,8.576,0.068105,-0.552444,0.102444,0,0.114838,14.491260,1,0,0,0
phase2_static_scurve_r01_s0015,8.608,0.069280,-0.553797,0.103797,0,0.115527,14.491440,1,0,0,0
phase2_static_scurve_r01_s0015,8.640,0.070482,-0.555127,0.105127,0,0.116206,14.491585,1,0,0,0
phase2_static_scurve_r01_s0015,8.672,0.071711,-0.556432,0.106432,0,0.116875,14.491694,1,0,0,0
phase2_static_scurve_r01_s0015,8.704,0.072965,-0.557712,0.107712,0,0.117534,14.491767,1,0,0,0
phase2_static_scurve_r01_s0015,8.736,0.074246,-0.558966,0.108966,0,0.118183,14.491803,1,0,0,0
phase2_static_scurve_r01_s0015,8.768,0.075551,-0.560195,0.110195,0,0.118821,14.491804,1,0,0,0
phase2_static_scurve_r01_s0015,8.800,0.076881,-0.561396,0.111396,0,0.119450,14.491769,1,0,0,0
phase2_static_scurve_r01_s0015,8.832,0.078236,-0.562570,0.112570,0,0.120068,14.491698,1,0,0,0
phase2_static_scurve_r01_s0015,8.864,0.079613,-0.563717,0.113717,0,0.120676,14.491590,1,0,0,0
phase2_static_scurve_r01_s0015,8.896,0.081014,-0.564835,0.114835,0,0.121273,14.491447,1,0,0,0
phase2_static_scurve_r01_s0015,8.928,0.082436,-0.565925,0.115925,0,0.121859,14.491268,1,0,0,0
phase2_static_scurve_r01_s0015,8.960,0.083881,-0.566985,0.116985,0,0.122434,14.491052,1,0,0,0
phase2_static_scurve_r01_s0015,8.992,0.085347,-0.568017,0.118017,0,0.122999,14.490801,1,0,0,0
phase2_static_scurve_r01_s0015,9.024,0.086833,-0.569018,0.119018,0,0.123553,14.490515,1,0,0,0
phase2_static_scurve_r01_s0015,9.056,0.088339,-0.569989,0.119989,0,0.124096,14.490193,1,0,0,0
phase2_static_scurve_r01_s0015,9.088,0.089864,-0.570929,0.120929,0,0.124627,14.489835,1,0,0,0
phase2_static_scurve_r01_s0015,9.120,0.091409,-0.571838,0.121838,0,0.125148,14.489442,1,0,0,0
phase2_static_scurve_r01_s0015,9.152,0.092971,-0.572715,0.122715,0,0.125657,14.489014,1,0,0,0
phase2_static_scurve_r01_s0015,9.184,0.094550,-0.573561,0.123561,0,0.126155,14.488551,1,0,0,0
phase2_static_scurve_r01_s0015,9.216,0.096147,-0.574374,0.124374,0,0.126641,14.488054,1,0,0,0
phase2_static_scurve_r01_s0015,9.248,0.097759,-0.575155,0.125155,0,0.127116,14.487521,1,0,0,0
phase2_static_scurve_r01_s0015,9.280,0.099387,-0.575903,0.125903,0,0.127579,14.486955,1,0,0,0
phase2_static_scurve_r01_s0015,9.312,0.101029,-0.576617,0.126617,0,0.128031,14.486354,1,0,0,0
phase2_static_scurve_r01_s0015,9.344,0.102686,-0.577298,0.127298,0,0.128470,14.485720,1,0,0,0
phase2_static_scurve_r01_s0015,9.376,0.104356,-0.577946,0.127946,0,0.128898,14.485051,1,0,0,0
phase2_static_scurve_r01_s0015,9.408,0.106038,-0.578559,0.128559,0,0.129315,14.484350,1,0,0,0
phase2_static_scurve_r01_s0015,9.440,0.107732,-0.579137,0.129137,0,0.129719,14.483615,1,0,0,0
phase2_static_scurve_r01_s0015,9.472,0.109438,-0.579682,0.129682,0,0.130111,14.482848,1,0,0,0
phase2_static_scurve_r01_s0015,9.504,0.111154,-0.580191,0.130191,0,0.130491,14.482048,1,0,0,0
phase2_static_scurve_r01_s0015,9.536,0.112880,-0.580665,0.130665,0,0.130859,14.481216,1,0,0,0
phase2_static_scurve_r01_s0015,9.568,0.114615,-0.581104,0.131104,0,0.131215,14.480352,1,0,0,0
phase2_static_scurve_r01_s0015,9.600,0.116358,-0.581508,0.131508,0,0.131558,14.479457,1,0,0,0
phase2_static_scurve_r01_s0015,9.632,0.118109,-0.581876,0.131876,0,0.131889,14.478531,1,0,0,0
phase2_static_scurve_r01_s0015,9.664,0.119866,-0.582208,0.132208,0,0.132208,14.477574,1,0,0,0
phase2_static_scurve_r01_s0015,9.696,0.121629,-0.582504,0.132504,0,0.132514,14.476588,1,0,0,0
phase2_static_scurve_r01_s0015,9.728,0.123397,-0.582763,0.132763,0,0.132807,14.475571,1,0,0,0
phase2_static_scurve_r01_s0015,9.760,0.125170,-0.582987,0.132987,0,0.133087,14.474525,1,0,0,0
phase2_static_scurve_r01_s0015,9.792,0.126943,-0.583174,0.133174,0,0.133355,14.473452,1,0,0,0
phase2_static_scurve_r01_s0015,9.824,0.128716,-0.583329,0.133329,0,0.133614,14.472357,1,0,0,0
phase2_static_scurve_r01_s0015,9.856,0.130490,-0.583458,0.133458,0,0.133870,14.471241,1,0,0,0
phase2_static_scurve_r01_s0015,9.888,0.132280,-0.583560,0.133560,0,0.134123,14.470095,1,0,0,0
phase2_static_scurve_r01_s0015,9.920,0.134070,-0.583635,0.133635,0,0.134373,14.468929,1,0,0,0
phase2_static_scurve_r01_s0015,9.952,0.136976,-0.583718,0.133718,0,0.134791,14.467008,1,0,0,0
phase2_static_scurve_r01_s0015,9.984,0.139876,-0.583751,0.133751,0,0.135220,14.465055,1,0,0,0
phase2_static_scurve_r01_s0015,10.016,0.142821,-0.583736,0.133736,0,0.135669,14.463037,1,0,0,0
phase2_static_scurve_r01_s0015,10.048,0.145765,-0.583679,0.133679,0,0.136140,14.460990,1,0,0,0
phase2_static_scurve_r01_s0015,10.080,0.148708,-0.583582,0.133582,0,0.136632,14.458913,1,0,0,0
phase2_static_scurve_r01_s0015,10.112,0.151648,-0.583441,0.133441,0,0.137143,14.456807,1,0,0,0
phase2_static_scurve_r01_s0015,10.144,0.154587,-0.583259,0.133259,0,0.137675,14.454671,1,0,0,0
phase2_static_scurve_r01_s0015,10.176,0.157524,-0.583031,0.133031,0,0.138222,14.452505,1,0,0,0
phase2_static_scurve_r01_s0015,10.208,0.160456,-0.582751,0.132751,0,0.138779,14.450303,1,0,0,0
phase2_static_scurve_r01_s0015,10.240,0.163383,-0.582417,0.132417,0,0.139342,14.448065,1,0,0,0
phase2_static_scurve_r01_s0015,10.272,0.166304,-0.582029,0.132029,0,0.139913,14.445792,1,0,0,0
phase2_static_scurve_r01_s0015,10.304,0.169217,-0.581583,0.131583,0,0.140486,14.443483,1,0,0,0
phase2_static_scurve_r01_s0015,10.336,0.172122,-0.581076,0.131076,0,0.141059,14.441135,1,0,0,0
phase2_static_scurve_r01_s0015,10.368,0.175015,-0.580498,0.130498,0,0.141621,14.438742,1,0,0,0
phase2_static_scurve_r01_s0015,10.400,0.177699,-0.579878,0.129878,0,0.142118,14.436461,1,0,0,0
phase2_static_scurve_r01_s0015,10.432,0.179651,-0.579352,0.129352,0,0.142444,14.434748,1,0,0,0
phase2_static_scurve_r01_s0015,10.464,0.181049,-0.578959,0.128959,0,0.142680,14.433509,1,0,0,0
phase2_static_scurve_r01_s0015,10.496,0.182484,-0.578569,0.128569,0,0.142948,14.432246,1,0,0,0
phase2_static_scurve_r01_s0015,10.528,0.184627,-0.578040,0.128040,0,0.143426,14.430401,1,0,0,0
phase2_static_scurve_r01_s0015,10.560,0.187467,-0.577331,0.127331,0,0.144101,14.427950,1,0,0,0
phase2_static_scurve_r01_s0015,10.592,0.190295,-0.576502,0.126502,0,0.144721,14.425419,1,0,0,0
phase2_static_scurve_r01_s0015,10.624,0.193095,-0.575570,0.125570,0,0.145295,14.422831,1,0,0,0
phase2_static_scurve_r01_s0015,10.656,0.195795,-0.574562,0.124562,0,0.145810,14.420257,1,0,0,0
phase2_static_scurve_r01_s0015,10.688,0.198494,-0.573453,0.123453,0,0.146294,14.417609,1,0,0,0
phase2_static_scurve_r01_s0015,10.720,0.201189,-0.572298,0.122298,0,0.146794,14.414929,1,0,0,0
phase2_static_scurve_r01_s0015,10.752,0.203882,-0.571118,0.121118,0,0.147329,14.412233,1,0,0,0
phase2_static_scurve_r01_s0015,10.784,0.206571,-0.569931,0.119931,0,0.147912,14.409535,1,0,0,0
phase2_static_scurve_r01_s0015,10.816,0.209257,-0.568737,0.118737,0,0.148544,14.406834,1,0,0,0
phase2_static_scurve_r01_s0015,10.848,0.211941,-0.567539,0.117539,0,0.149227,14.404131,1,0,0,0
phase2_static_scurve_r01_s0015,10.880,0.214625,-0.566341,0.116341,0,0.149964,14.401428,1,0,0,0
phase2_static_scurve_r01_s0015,10.912,0.217311,-0.565144,0.115144,0,0.150757,14.398725,1,0,0,0
phase2_static_scurve_r01_s0015,10.944,0.219998,-0.563951,0.113951,0,0.151606,14.396024,1,0,0,0
phase2_static_scurve_r01_s0015,10.976,0.222686,-0.562758,0.112758,0,0.152509,14.393323,1,0,0,0
phase2_static_scurve_r01_s0015,11.008,0.225375,-0.561567,0.111567,0,0.153464,14.390621,1,0,0,0
phase2_static_scurve_r01_s0015,11.040,0.228065,-0.560376,0.110376,0,0.154470,14.387920,1,0,0,0
phase2_static_scurve_r01_s0015,11.072,0.230756,-0.559185,0.109185,0,0.155526,14.385218,1,0,0,0
phase2_static_scurve_r01_s0015,11.104,0.233448,-0.557993,0.107993,0,0.156630,14.382515,1,0,0,0
phase2_static_scurve_r01_s0015,11.136,0.236140,-0.556807,0.106807,0,0.157786,14.379817,1,0,0,0
phase2_static_scurve_r01_s0015,11.168,0.238835,-0.555628,0.105628,0,0.158993,14.377121,1,0,0,0
phase2_static_scurve_r01_s0015,11.200,0.241534,-0.554457,0.104457,0,0.160255,14.374429,1,0,0,0
phase2_static_scurve_r01_s0015,11.232,0.244239,-0.553296,0.103296,0,0.161572,14.371741,1,0,0,0
phase2_static_scurve_r01_s0015,11.264,0.246950,-0.552150,0.102150,0,0.162944,14.369059,1,0,0,0
phase2_static_scurve_r01_s0015,11.296,0.249669,-0.551020,0.101020,0,0.164375,14.366384,1,0,0,0
phase2_static_scurve_r01_s0015,11.328,0.252401,-0.549920,0.099920,0,0.165873,14.363721,1,0,0,0
phase2_static_scurve_r01_s0015,11.360,0.255149,-0.548858,0.098858,0,0.167446,14.361077,1,0,0,0
phase2_static_scurve_r01_s0015,11.392,0.257911,-0.547835,0.097835,0,0.169089,14.358451,1,0,0,0
phase2_static_scurve_r01_s0015,11.424,0.260678,-0.546829,0.096829,0,0.170781,14.355835,1,0,0,0
phase2_static_scurve_r01_s0015,11.456,0.263449,-0.545837,0.095837,0,0.172518,14.353226,1,0,0,0
phase2_static_scurve_r01_s0015,11.488,0.266227,-0.544861,0.094861,0,0.174301,14.350625,1,0,0,0
phase2_static_scurve_r01_s0015,11.520,0.269010,-0.543904,0.093904,0,0.176131,14.348034,1,0,0,0
phase2_static_scurve_r01_s0015,11.552,0.271801,-0.542968,0.092968,0,0.178008,14.345454,1,0,0,0
phase2_static_scurve_r01_s0015,11.584,0.274598,-0.542053,0.092053,0,0.179929,14.342884,1,0,0,0
phase2_static_scurve_r01_s0015,11.616,0.277403,-0.541160,0.091160,0,0.181895,14.340326,1,0,0,0
phase2_static_scurve_r01_s0015,11.648,0.280215,-0.540288,0.090288,0,0.183904,14.337779,1,0,0,0
phase2_static_scurve_r01_s0015,11.680,0.283037,-0.539448,0.089448,0,0.185962,14.335248,1,0,0,0
phase2_static_scurve_r01_s0015,11.712,0.285870,-0.538644,0.088644,0,0.188071,14.332736,1,0,0,0
phase2_static_scurve_r01_s0015,11.744,0.288714,-0.537880,0.087880,0,0.190230,14.330247,1,0,0,0
phase2_static_scurve_r01_s0015,11.776,0.291568,-0.537153,0.087153,0,0.192435,14.327779,1,0,0,0
phase2_static_scurve_r01_s0015,11.808,0.294431,-0.536464,0.086464,0,0.194685,14.325332,1,0,0,0
phase2_static_scurve_r01_s0015,11.840,0.297302,-0.535813,0.085813,0,0.196977,14.322908,1,0,0,0
phase2_static_scurve_r01_s0015,11.872,0.300179,-0.535192,0.085192,0,0.199305,14.320503,1,0,0,0
phase2_static_scurve_r01_s0015,11.904,0.303063,-0.534606,0.084606,0,0.201669,14.318119,1,0,0,0
phase2_static_scurve_r01_s0015,11.936,0.305953,-0.534053,0.084053,0,0.204067,14.315754,1,0,0,0
phase2_static_scurve_r01_s0015,11.968,0.308849,-0.533534,0.083534,0,0.206499,14.313412,1,0,0,0
phase2_static_scurve_r01_s0015,12.000,0.311750,-0.533050,0.083050,0,0.208962,14.311091,1,0,0,0
phase2_static_scurve_r01_s0015,12.032,0.314656,-0.532600,0.082600,0,0.211456,14.308793,1,0,0,0
phase2_static_scurve_r01_s0015,12.064,0.317567,-0.532185,0.082185,0,0.213979,14.306517,1,0,0,0
phase2_static_scurve_r01_s0015,12.096,0.320480,-0.531802,0.081802,0,0.216527,14.304263,1,0,0,0
phase2_static_scurve_r01_s0015,12.128,0.323397,-0.531447,0.081447,0,0.219098,14.302029,1,0,0,0
phase2_static_scurve_r01_s0015,12.160,0.326317,-0.531123,0.081123,0,0.221692,14.299814,1,0,0,0
phase2_static_scurve_r01_s0015,12.192,0.329239,-0.530825,0.080825,0,0.224307,14.297618,1,0,0,0
phase2_static_scurve_r01_s0015,12.224,0.332164,-0.530556,0.080556,0,0.226942,14.295442,1,0,0,0
phase2_static_scurve_r01_s0015,12.256,0.335089,-0.530313,0.080313,0,0.229594,14.293285,1,0,0,0
phase2_static_scurve_r01_s0015,12.288,0.338025,-0.530091,0.080091,0,0.232270,14.291136,1,0,0,0
phase2_static_scurve_r01_s0015,12.320,0.340962,-0.529894,0.079894,0,0.234962,14.289005,1,0,0,0
phase2_static_scurve_r01_s0015,12.352,0.343901,-0.529718,0.079718,0,0.237669,14.286890,1,0,0,0
phase2_static_scurve_r01_s0015,12.384,0.346841,-0.529566,0.079566,0,0.240390,14.284790,1,0,0,0
phase2_static_scurve_r01_s0015,12.416,0.349782,-0.529433,0.079433,0,0.243124,14.282706,1,0,0,0
phase2_static_scurve_r01_s0015,12.448,0.352723,-0.529319,0.079319,0,0.245869,14.280634,1,0,0,0
phase2_static_scurve_r01_s0015,12.480,0.355665,-0.529222,0.079222,0,0.248625,14.278575,1,0,0,0
phase2_static_scurve_r01_s0015,12.512,0.358608,-0.529143,0.079143,0,0.251391,14.276529,1,0,0,0
phase2_static_scurve_r01_s0015,12.544,0.361551,-0.529079,0.079079,0,0.254167,14.274495,1,0,0,0
phase2_static_scurve_r01_s0015,12.576,0.364495,-0.529032,0.079032,0,0.256951,14.272472,1,0,0,0
phase2_static_scurve_r01_s0015,12.608,0.367438,-0.528998,0.078998,0,0.259743,14.270460,1,0,0,0
phase2_static_scurve_r01_s0015,12.640,0.370382,-0.528976,0.078976,0,0.262542,14.268457,1,0,0,0
phase2_static_scurve_r01_s0015,12.672,0.373326,-0.528967,0.078967,0,0.265349,14.266464,1,0,0,0
phase2_static_scurve_r01_s0015,12.704,0.376270,-0.528968,0.078968,0,0.268161,14.264478,1,0,0,0
phase2_static_scurve_r01_s0015,12.736,0.379214,-0.528980,0.078980,0,0.270979,14.262502,1,0,0,0
phase2_static_scurve_r01_s0015,12.768,0.382158,-0.529002,0.079002,0,0.273803,14.260532,1,0,0,0
phase2_static_scurve_r01_s0015,12.800,0.385101,-0.529033,0.079033,0,0.276631,14.258570,1,0,0,0
phase2_static_scurve_r01_s0015,12.832,0.388045,-0.529071,0.079071,0,0.279465,14.256613,1,0,0,0
phase2_static_scurve_r01_s0015,12.864,0.390989,-0.529117,0.079117,0,0.282302,14.254663,1,0,0,0
phase2_static_scurve_r01_s0015,12.896,0.393932,-0.529169,0.079169,0,0.285143,14.252717,1,0,0,0
phase2_static_scurve_r01_s0015,12.928,0.396876,-0.529227,0.079227,0,0.287988,14.250776,1,0,0,0
phase2_static_scurve_r01_s0015,12.960,0.399819,-0.529291,0.079291,0,0.290836,14.248840,1,0,0,0
phase2_static_scurve_r01_s0015,12.992,0.402762,-0.529361,0.079361,0,0.293688,14.246909,1,0,0,0
phase2_static_scurve_r01_s0015,13.024,0.405705,-0.529436,0.079436,0,0.296542,14.244982,1,0,0,0
phase2_static_scurve_r01_s0015,13.056,0.408648,-0.529513,0.079513,0,0.299399,14.243057,1,0,0,0
phase2_static_scurve_r01_s0015,13.088,0.411591,-0.529593,0.079593,0,0.302258,14.241135,1,0,0,0
phase2_static_scurve_r01_s0015,13.120,0.414534,-0.529671,0.079671,0,0.305119,14.239211,1,0,0,0
phase2_static_scurve_r01_s0015,13.152,0.417477,-0.529748,0.079748,0,0.307981,14.237287,1,0,0,0
phase2_static_scurve_r01_s0015,13.184,0.420420,-0.529825,0.079825,0,0.310844,14.235364,1,0,0,0
phase2_static_scurve_r01_s0015,13.216,0.423363,-0.529902,0.079902,0,0.313709,14.233440,1,0,0,0
phase2_static_scurve_r01_s0015,13.248,0.426306,-0.529978,0.079978,0,0.316575,14.231517,1,0,0,0
phase2_static_scurve_r01_s0015,13.280,0.429249,-0.530054,0.080054,0,0.319442,14.229593,1,0,0,0
phase2_static_scurve_r01_s0015,13.312,0.432192,-0.530130,0.080130,0,0.322311,14.227670,1,0,0,0
phase2_static_scurve_r01_s0015,13.344,0.435135,-0.530206,0.080206,0,0.325181,14.225748,1,0,0,0
phase2_static_scurve_r01_s0015,13.376,0.438078,-0.530277,0.080277,0,0.328052,14.223821,1,0,0,0
phase2_static_scurve_r01_s0015,13.408,0.441021,-0.530345,0.080345,0,0.330923,14.221893,1,0,0,0
phase2_static_scurve_r01_s0015,13.440,0.443964,-0.530408,0.080408,0,0.333794,14.219962,1,0,0,0
phase2_static_scurve_r01_s0015,13.472,0.446908,-0.530468,0.080468,0,0.336666,14.218028,1,0,0,0
phase2_static_scurve_r01_s0015,13.504,0.449851,-0.530525,0.080525,0,0.339538,14.216093,1,0,0,0
phase2_static_scurve_r01_s0015,13.536,0.452795,-0.530578,0.080578,0,0.342411,14.214155,1,0,0,0
phase2_static_scurve_r01_s0015,13.568,0.455738,-0.530628,0.080628,0,0.345284,14.212215,1,0,0,0
phase2_static_scurve_r01_s0015,13.600,0.458682,-0.530674,0.080674,0,0.348158,14.210272,1,0,0,0
phase2_static_scurve_r01_s0015,13.632,0.461626,-0.530717,0.080717,0,0.351032,14.208328,1,0,0,0
phase2_static_scurve_r01_s0015,13.664,0.464570,-0.530756,0.080756,0,0.353906,14.206381,1,0,0,0
phase2_static_scurve_r01_s0015,13.696,0.467513,-0.530792,0.080792,0,0.356781,14.204432,1,0,0,0
phase2_static_scurve_r01_s0015,13.728,0.470457,-0.530825,0.080825,0,0.359657,14.202481,1,0,0,0
phase2_static_scurve_r01_s0015,13.760,0.473401,-0.530859,0.080859,0,0.362533,14.200531,1,0,0,0
phase2_static_scurve_r01_s0015,13.792,0.476345,-0.530893,0.080893,0,0.365411,14.198582,1,0,0,0
phase2_static_scurve_r01_s0015,13.824,0.479288,-0.530927,0.080927,0,0.368290,14.196633,1,0,0,0
phase2_static_scurve_r01_s0015,13.856,0.482232,-0.530962,0.080962,0,0.371170,14.194684,1,0,0,0
phase2_static_scurve_r01_s0015,13.888,0.485176,-0.530997,0.080997,0,0.374051,14.192736,1,0,0,0
phase2_static_scurve_r01_s0015,13.920,0.488120,-0.531032,0.081032,0,0.376933,14.190789,1,0,0,0
phase2_static_scurve_r01_s0015,13.952,0.491064,-0.531066,0.081066,0,0.379816,14.188842,1,0,0,0
phase2_static_scurve_r01_s0015,13.984,0.494007,-0.531101,0.081101,0,0.382700,14.186895,1,0,0,0
phase2_static_scurve_r01_s0015,14.016,0.496951,-0.531136,0.081136,0,0.385584,14.184948,1,0,0,0
phase2_static_scurve_r01_s0015,14.048,0.499895,-0.531171,0.081171,0,0.388470,14.183002,1,0,0,0
phase2_static_scurve_r01_s0015,14.080,0.502839,-0.531206,0.081206,0,0.391356,14.181056,1,0,0,0
phase2_static_scurve_r01_s0015,14.112,0.505783,-0.531240,0.081240,0,0.394244,14.179111,1,0,0,0
phase2_static_scurve_r01_s0015,14.144,0.508726,-0.531275,0.081275,0,0.397132,14.177166,1,0,0,0
phase2_static_scurve_r01_s0015,14.176,0.511670,-0.531314,0.081314,0,0.400022,14.175224,1,0,0,0
phase2_static_scurve_r01_s0015,14.208,0.514614,-0.531357,0.081357,0,0.402913,14.173286,1,0,0,0
phase2_static_scurve_r01_s0015,14.240,0.517558,-0.531403,0.081403,0,0.405806,14.171350,1,0,0,0
phase2_static_scurve_r01_s0015,14.272,0.520501,-0.531453,0.081453,0,0.408700,14.169418,1,0,0,0
phase2_static_scurve_r01_s0015,14.304,0.523445,-0.531506,0.081506,0,0.411596,14.167488,1,0,0,0
phase2_static_scurve_r01_s0015,14.336,0.526388,-0.531563,0.081563,0,0.414492,14.165562,1,0,0,0
phase2_static_scurve_r01_s0015,14.368,0.529332,-0.531623,0.081623,0,0.417390,14.163638,1,0,0,0
phase2_static_scurve_r01_s0015,14.400,0.532275,-0.531688,0.081688,0,0.420290,14.161719,1,0,0,0
phase2_static_scurve_r01_s0015,14.432,0.535218,-0.531761,0.081761,0,0.423191,14.159806,1,0,0,0
phase2_static_scurve_r01_s0015,14.464,0.538161,-0.531844,0.081844,0,0.426095,14.157900,1,0,0,0
phase2_static_scurve_r01_s0015,14.496,0.541104,-0.531939,0.081939,0,0.429002,14.156005,1,0,0,0
phase2_static_scurve_r01_s0015,14.528,0.544046,-0.532052,0.082052,0,0.431911,14.154122,1,0,0,0
phase2_static_scurve_r01_s0015,14.560,0.546988,-0.532187,0.082187,0,0.434826,14.152258,1,0,0,0
phase2_static_scurve_r01_s0015,14.592,0.549929,-0.532358,0.082358,0,0.437746,14.150421,1,0,0,0
phase2_static_scurve_r01_s0015,14.624,0.552869,-0.532583,0.082583,0,0.440676,14.148625,1,0,0,0
phase2_static_scurve_r01_s0015,14.656,0.555768,-0.532888,0.082888,0,0.443581,14.146916,1,0,0,0
phase2_static_scurve_r01_s0015,14.688,0.558684,-0.533320,0.083320,0,0.446527,14.145292,1,0,0,0
phase2_static_scurve_r01_s0015,14.720,0.561592,-0.533836,0.083836,0,0.449480,14.143735,1,0,0,0
phase2_static_scurve_r01_s0015,14.752,0.564486,-0.534392,0.084392,0,0.452427,14.142218,1,0,0,0
phase2_static_scurve_r01_s0015,14.784,0.567371,-0.534977,0.084977,0,0.455370,14.140729,1,0,0,0
phase2_static_scurve_r01_s0015,14.816,0.570250,-0.535583,0.085583,0,0.458311,14.139261,1,0,0,0
phase2_static_scurve_r01_s0015,14.848,0.573124,-0.536204,0.086204,0,0.461251,14.137807,1,0,0,0
phase2_static_scurve_r01_s0015,14.880,0.575995,-0.536837,0.086837,0,0.464189,14.136365,1,0,0,0
phase2_static_scurve_r01_s0015,14.912,0.578864,-0.537478,0.087478,0,0.467128,14.134930,1,0,0,0
phase2_static_scurve_r01_s0015,14.944,0.581731,-0.538130,0.088130,0,0.470067,14.133505,1,0,0,0
phase2_static_scurve_r01_s0015,14.976,0.584598,-0.538786,0.088786,0,0.473006,14.132084,1,0,0,0
phase2_static_scurve_r01_s0015,15.008,0.587465,-0.539445,0.089445,0,0.475945,14.130666,1,0,0,0
phase2_static_scurve_r01_s0015,15.040,0.590331,-0.540107,0.090107,0,0.478885,14.129251,1,0,0,0
phase2_static_scurve_r01_s0015,15.072,0.593197,-0.540773,0.090773,0,0.481825,14.127839,1,0,0,0
phase2_static_scurve_r01_s0015,15.104,0.596063,-0.541440,0.091440,0,0.484766,14.126429,1,0,0,0
phase2_static_scurve_r01_s0015,15.136,0.598930,-0.542110,0.092110,0,0.487707,14.125020,1,0,0,0
phase2_static_scurve_r01_s0015,15.168,0.601796,-0.542776,0.092776,0,0.490648,14.123610,1,0,0,0
phase2_static_scurve_r01_s0015,15.200,0.604663,-0.543443,0.093443,0,0.493589,14.122200,1,0,0,0
phase2_static_scurve_r01_s0015,15.232,0.607531,-0.544109,0.094109,0,0.496531,14.120790,1,0,0,0
phase2_static_scurve_r01_s0015,15.264,0.610398,-0.544775,0.094775,0,0.499472,14.119380,1,0,0,0
phase2_static_scurve_r01_s0015,15.296,0.613266,-0.545440,0.095440,0,0.502414,14.117970,1,0,0,0
phase2_static_scurve_r01_s0015,15.328,0.616134,-0.546106,0.096106,0,0.505356,14.116561,1,0,0,0
phase2_static_scurve_r01_s0015,15.360,0.619002,-0.546772,0.096772,0,0.508298,14.115152,1,0,0,0
phase2_static_scurve_r01_s0015,15.392,0.621869,-0.547438,0.097438,0,0.511241,14.113744,1,0,0,0
phase2_static_scurve_r01_s0015,15.424,0.624738,-0.548096,0.098096,0,0.514182,14.112330,1,0,0,0
phase2_static_scurve_r01_s0015,15.456,0.627608,-0.548750,0.098750,0,0.517124,14.110912,1,0,0,0
phase2_static_scurve_r01_s0015,15.488,0.630480,-0.549398,0.099398,0,0.520067,14.109490,1,0,0,0
phase2_static_scurve_r01_s0015,15.520,0.633353,-0.550039,0.100039,0,0.523010,14.108061,1,0,0,0
phase2_static_scurve_r01_s0015,15.552,0.636229,-0.550670,0.100670,0,0.525953,14.106624,1,0,0,0
phase2_static_scurve_r01_s0015,15.584,0.639107,-0.551291,0.101291,0,0.528897,14.105179,1,0,0,0
phase2_static_scurve_r01_s0015,15.616,0.641988,-0.551899,0.101899,0,0.531841,14.103722,1,0,0,0
phase2_static_scurve_r01_s0015,15.648,0.644871,-0.552493,0.102493,0,0.534785,14.102253,1,0,0,0
phase2_static_scurve_r01_s0015,15.680,0.647758,-0.553072,0.103072,0,0.537729,14.100771,1,0,0,0
phase2_static_scurve_r01_s0015,15.712,0.650650,-0.553630,0.103630,0,0.540674,14.099272,1,0,0,0
phase2_static_scurve_r01_s0015,15.744,0.653545,-0.554167,0.104167,0,0.543618,14.097754,1,0,0,0
phase2_static_scurve_r01_s0015,15.776,0.656445,-0.554680,0.104680,0,0.546563,14.096216,1,0,0,0
phase2_static_scurve_r01_s0015,15.808,0.659350,-0.555162,0.105162,0,0.549507,14.094651,1,0,0,0
phase2_static_scurve_r01_s0015,15.840,0.662261,-0.555614,0.105614,0,0.552450,14.093061,1,0,0,0
phase2_static_scurve_r01_s0015,15.872,0.665176,-0.556033,0.106033,0,0.555392,14.091443,1,0,0,0
phase2_static_scurve_r01_s0015,15.904,0.668097,-0.556416,0.106416,0,0.558332,14.089795,1,0,0,0
phase2_static_scurve_r01_s0015,15.936,0.671023,-0.556761,0.106761,0,0.561270,14.088116,1,0,0,0
phase2_static_scurve_r01_s0015,15.968,0.673953,-0.557066,0.107066,0,0.564205,14.086405,1,0,0,0
phase2_static_scurve_r01_s0015,16.000,0.676886,-0.557333,0.107333,0,0.567135,14.084663,1,0,0,0
phase2_static_scurve_r01_s0015,16.032,0.679823,-0.557563,0.107563,0,0.570062,14.082892,1,0,0,0
phase2_static_scurve_r01_s0015,16.064,0.682761,-0.557757,0.107757,0,0.572985,14.081093,1,0,0,0
phase2_static_scurve_r01_s0015,16.096,0.685702,-0.557917,0.107917,0,0.575903,14.079267,1,0,0,0
phase2_static_scurve_r01_s0015,16.128,0.688643,-0.558044,0.108044,0,0.578817,14.077417,1,0,0,0
phase2_static_scurve_r01_s0015,16.160,0.691586,-0.558141,0.108141,0,0.581726,14.075543,1,0,0,0
phase2_static_scurve_r01_s0015,16.192,0.694529,-0.558207,0.108207,0,0.584630,14.073646,1,0,0,0
phase2_static_scurve_r01_s0015,16.224,0.697473,-0.558248,0.108248,0,0.587531,14.071731,1,0,0,0
phase2_static_scurve_r01_s0015,16.256,0.700416,-0.558267,0.108267,0,0.590427,14.069800,1,0,0,0
phase2_static_scurve_r01_s0015,16.288,0.703359,-0.558271,0.108271,0,0.593321,14.067858,1,0,0,0
phase2_static_scurve_r01_s0015,16.320,0.706302,-0.558263,0.108263,0,0.596214,14.065908,1,0,0,0
phase2_static_scurve_r01_s0015,16.352,0.709245,-0.558254,0.108254,0,0.599106,14.063956,1,0,0,0
phase2_static_scurve_r01_s0015,16.384,0.712188,-0.558234,0.108234,0,0.601997,14.061997,1,0,0,0
phase2_static_scurve_r01_s0015,16.416,0.715131,-0.558208,0.108208,0,0.604888,14.060034,1,0,0,0
phase2_static_scurve_r01_s0015,16.448,0.718074,-0.558172,0.108172,0,0.607778,14.058063,1,0,0,0
phase2_static_scurve_r01_s0015,16.480,0.721017,-0.558126,0.108126,0,0.610666,14.056086,1,0,0,0
phase2_static_scurve_r01_s0015,16.512,0.723961,-0.558071,0.108071,0,0.613553,14.054101,1,0,0,0
phase2_static_scurve_r01_s0015,16.544,0.726904,-0.558006,0.108006,0,0.616439,14.052110,1,0,0,0
phase2_static_scurve_r01_s0015,16.576,0.729847,-0.557931,0.107931,0,0.619324,14.050112,1,0,0,0
phase2_static_scurve_r01_s0015,16.608,0.732790,-0.557846,0.107846,0,0.622207,14.048107,1,0,0,0
phase2_static_scurve_r01_s0015,16.640,0.735732,-0.557749,0.107749,0,0.625089,14.046093,1,0,0,0
phase2_static_scurve_r01_s0015,16.672,0.738674,-0.557641,0.107641,0,0.627968,14.044071,1,0,0,0
phase2_static_scurve_r01_s0015,16.704,0.741616,-0.557520,0.107520,0,0.630846,14.042041,1,0,0,0
phase2_static_scurve_r01_s0015,16.736,0.744557,-0.557387,0.107387,0,0.633722,14.040002,1,0,0,0
phase2_static_scurve_r01_s0015,16.768,0.747498,-0.557243,0.107243,0,0.636596,14.037955,1,0,0,0
phase2_static_scurve_r01_s0015,16.800,0.750438,-0.557087,0.107087,0,0.639468,14.035900,1,0,0,0
phase2_static_scurve_r01_s0015,16.832,0.753377,-0.556919,0.106930,0,0.642338,14.033837,1,0,0,0
phase2_static_scurve_r01_s0015,16.864,0.756316,-0.556740,0.106776,0,0.645206,14.031766,1,0,0,0
phase2_static_scurve_r01_s0015,16.896,0.759254,-0.556548,0.106625,0,0.648072,14.029687,1,0,0,0
phase2_static_scurve_r01_s0015,16.928,0.762191,-0.556345,0.106479,0,0.650936,14.027600,1,0,0,0
phase2_static_scurve_r01_s0015,16.960,0.765127,-0.556131,0.106337,0,0.653799,14.025505,1,0,0,0
phase2_static_scurve_r01_s0015,16.992,0.768062,-0.555905,0.106198,0,0.656659,14.023402,1,0,0,0
phase2_static_scurve_r01_s0015,17.024,0.770997,-0.555667,0.106063,0,0.659517,14.021291,1,0,0,0
phase2_static_scurve_r01_s0015,17.056,0.773930,-0.555420,0.105935,0,0.662373,14.019174,1,0,0,0
phase2_static_scurve_r01_s0015,17.088,0.776863,-0.555163,0.105812,0,0.665228,14.017051,1,0,0,0
phase2_static_scurve_r01_s0015,17.120,0.779795,-0.554896,0.105695,0,0.668081,14.014921,1,0,0,0
phase2_static_scurve_r01_s0015,17.152,0.782726,-0.554619,0.105584,0,0.670933,14.012784,1,0,0,0
phase2_static_scurve_r01_s0015,17.184,0.785656,-0.554332,0.105478,0,0.673783,14.010641,1,0,0,0
phase2_static_scurve_r01_s0015,17.216,0.788585,-0.554036,0.105378,0,0.676631,14.008492,1,0,0,0
phase2_static_scurve_r01_s0015,17.248,0.791514,-0.553734,0.105288,0,0.679479,14.006339,1,0,0,0
phase2_static_scurve_r01_s0015,17.280,0.794441,-0.553426,0.105208,0,0.682326,14.004182,1,0,0,0
phase2_static_scurve_r01_s0015,17.312,0.797369,-0.553112,0.105137,0,0.685172,14.002021,1,0,0,0
phase2_static_scurve_r01_s0015,17.344,0.800295,-0.552794,0.105077,0,0.688018,13.999858,1,0,0,0
phase2_static_scurve_r01_s0015,17.376,0.803221,-0.552463,0.105021,0,0.690861,13.997687,1,0,0,0
phase2_static_scurve_r01_s0015,17.408,0.806146,-0.552132,0.104980,0,0.693705,13.995515,1,0,0,0
phase2_static_scurve_r01_s0015,17.440,0.809071,-0.551796,0.104949,0,0.696549,13.993341,1,0,0,0
phase2_static_scurve_r01_s0015,17.472,0.811995,-0.551457,0.104931,0,0.699393,13.991165,1,0,0,0
phase2_static_scurve_r01_s0015,17.504,0.814919,-0.551115,0.104926,0,0.702237,13.988987,1,0,0,0
phase2_static_scurve_r01_s0015,17.536,0.817843,-0.550770,0.104933,0,0.705081,13.986807,1,0,0,0
phase2_static_scurve_r01_s0015,17.568,0.820766,-0.550420,0.104950,0,0.707924,13.984624,1,0,0,0
phase2_static_scurve_r01_s0015,17.600,0.823688,-0.550059,0.104973,0,0.710766,13.982434,1,0,0,0
phase2_static_scurve_r01_s0015,17.632,0.826609,-0.549690,0.105003,0,0.713606,13.980239,1,0,0,0
phase2_static_scurve_r01_s0015,17.664,0.829528,-0.549310,0.105038,0,0.716444,13.978037,1,0,0,0
phase2_static_scurve_r01_s0015,17.696,0.832446,-0.548920,0.105077,0,0.719281,13.975828,1,0,0,0
phase2_static_scurve_r01_s0015,17.728,0.835363,-0.548520,0.105122,0,0.722115,13.973612,1,0,0,0
phase2_static_scurve_r01_s0015,17.760,0.838278,-0.548109,0.105172,0,0.724948,13.971390,1,0,0,0
phase2_static_scurve_r01_s0015,17.792,0.841192,-0.547685,0.105225,0,0.727778,13.969160,1,0,0,0
phase2_static_scurve_r01_s0015,17.824,0.844104,-0.547250,0.105282,0,0.730605,13.966923,1,0,0,0
phase2_static_scurve_r01_s0015,17.856,0.847014,-0.546803,0.105343,0,0.733430,13.964677,1,0,0,0
phase2_static_scurve_r01_s0015,17.888,0.849922,-0.546342,0.105405,0,0.736252,13.962424,1,0,0,0
phase2_static_scurve_r01_s0015,17.920,0.852828,-0.545868,0.105469,0,0.739072,13.960161,1,0,0,0
phase2_static_scurve_r01_s0015,17.952,0.855731,-0.545380,0.105535,0,0.741888,13.957890,1,0,0,0
phase2_static_scurve_r01_s0015,17.984,0.858632,-0.544877,0.105600,0,0.744700,13.955610,1,0,0,0
phase2_static_scurve_r01_s0015,18.016,0.861530,-0.544359,0.105666,0,0.747510,13.953320,1,0,0,0
phase2_static_scurve_r01_s0015,18.048,0.864426,-0.543825,0.105733,0,0.750315,13.951020,1,0,0,0
phase2_static_scurve_r01_s0015,18.080,0.867318,-0.543277,0.105800,0,0.753117,13.948712,1,0,0,0
phase2_static_scurve_r01_s0015,18.112,0.870208,-0.542714,0.105867,0,0.755916,13.946394,1,0,0,0
phase2_static_scurve_r01_s0015,18.144,0.873095,-0.542136,0.105935,0,0.758710,13.944068,1,0,0,0
phase2_static_scurve_r01_s0015,18.176,0.875979,-0.541541,0.106001,0,0.761501,13.941731,1,0,0,0
phase2_static_scurve_r01_s0015,18.208,0.878859,-0.540932,0.106069,0,0.764288,13.939385,1,0,0,0
phase2_static_scurve_r01_s0015,18.240,0.881736,-0.540306,0.106134,0,0.767070,13.937030,1,0,0,0
phase2_static_scurve_r01_s0015,18.272,0.884609,-0.539664,0.106198,0,0.769849,13.934664,1,0,0,0
phase2_static_scurve_r01_s0015,18.304,0.887479,-0.539007,0.106264,0,0.772623,13.932290,1,0,0,0
phase2_static_scurve_r01_s0015,18.336,0.890346,-0.538336,0.106330,0,0.775394,13.929908,1,0,0,0
phase2_static_scurve_r01_s0015,18.368,0.893209,-0.537651,0.106397,0,0.778161,13.927517,1,0,0,0
phase2_static_scurve_r01_s0015,18.400,0.896069,-0.536953,0.106467,0,0.780925,13.925119,1,0,0,0
phase2_static_scurve_r01_s0015,18.432,0.898927,-0.536245,0.106541,0,0.783687,13.922715,1,0,0,0
phase2_static_scurve_r01_s0015,18.464,0.901782,-0.535528,0.106622,0,0.786446,13.920306,1,0,0,0
phase2_static_scurve_r01_s0015,18.496,0.904635,-0.534802,0.106709,0,0.789204,13.917892,1,0,0,0
phase2_static_scurve_r01_s0015,18.528,0.907485,-0.534066,0.106802,0,0.791960,13.915473,1,0,0,0
phase2_static_scurve_r01_s0015,18.560,0.910333,-0.533321,0.106901,0,0.794713,13.913048,1,0,0,0
phase2_static_scurve_r01_s0015,18.592,0.913179,-0.532569,0.107007,0,0.797466,13.910619,1,0,0,0
phase2_static_scurve_r01_s0015,18.624,0.916024,-0.531811,0.107124,0,0.800217,13.908187,1,0,0,0
phase2_static_scurve_r01_s0015,18.656,0.918867,-0.531045,0.107247,0,0.802967,13.905750,1,0,0,0
phase2_static_scurve_r01_s0015,18.688,0.921705,-0.530263,0.107370,0,0.805713,13.903305,1,0,0,0
phase2_static_scurve_r01_s0015,18.720,0.924539,-0.529464,0.107491,0,0.808454,13.900849,1,0,0,0
phase2_static_scurve_r01_s0015,18.752,0.927368,-0.528646,0.107607,0,0.811189,13.898383,1,0,0,0
phase2_static_scurve_r01_s0015,18.784,0.930190,-0.527807,0.107718,0,0.813918,13.895905,1,0,0,0
phase2_static_scurve_r01_s0015,18.816,0.933006,-0.526947,0.107821,0,0.816640,13.893415,1,0,0,0
phase2_static_scurve_r01_s0015,18.848,0.935815,-0.526062,0.107915,0,0.819353,13.890912,1,0,0,0
phase2_static_scurve_r01_s0015,18.880,0.938617,-0.525155,0.108000,0,0.822060,13.888396,1,0,0,0
phase2_static_scurve_r01_s0015,18.912,0.941410,-0.524223,0.108075,0,0.824757,13.885868,1,0,0,0
phase2_static_scurve_r01_s0015,18.944,0.944195,-0.523265,0.108137,0,0.827445,13.883325,1,0,0,0
phase2_static_scurve_r01_s0015,18.976,0.946970,-0.522280,0.108188,0,0.830123,13.880768,1,0,0,0
phase2_static_scurve_r01_s0015,19.008,0.949737,-0.521271,0.108228,0,0.832792,13.878199,1,0,0,0
phase2_static_scurve_r01_s0015,19.040,0.952493,-0.520236,0.108255,0,0.835451,13.875617,1,0,0,0
phase2_static_scurve_r01_s0015,19.072,0.955241,-0.519178,0.108274,0,0.838101,13.873023,1,0,0,0
phase2_static_scurve_r01_s0015,19.104,0.957980,-0.518098,0.108284,0,0.840743,13.870418,1,0,0,0
phase2_static_scurve_r01_s0015,19.136,0.960710,-0.516994,0.108284,0,0.843375,13.867802,1,0,0,0
phase2_static_scurve_r01_s0015,19.168,0.963431,-0.515869,0.108277,0,0.845999,13.865176,1,0,0,0
phase2_static_scurve_r01_s0015,19.200,0.966142,-0.514723,0.108263,0,0.848614,13.862539,1,0,0,0
phase2_static_scurve_r01_s0015,19.232,0.968846,-0.513558,0.108243,0,0.851222,13.859894,1,0,0,0
phase2_static_scurve_r01_s0015,19.264,0.971541,-0.512374,0.108218,0,0.853822,13.857239,1,0,0,0
phase2_static_scurve_r01_s0015,19.296,0.974228,-0.511172,0.108189,0,0.856416,13.854577,1,0,0,0
phase2_static_scurve_r01_s0015,19.328,0.976907,-0.509952,0.108156,0,0.859002,13.851906,1,0,0,0
phase2_static_scurve_r01_s0015,19.360,0.979579,-0.508717,0.108121,0,0.861582,13.849228,1,0,0,0
phase2_static_scurve_r01_s0015,19.392,0.982244,-0.507465,0.108084,0,0.864156,13.846543,1,0,0,0
phase2_static_scurve_r01_s0015,19.424,0.984901,-0.506199,0.108047,0,0.866725,13.843852,1,0,0,0
phase2_static_scurve_r01_s0015,19.456,0.987553,-0.504923,0.108013,0,0.869290,13.841156,1,0,0,0
phase2_static_scurve_r01_s0015,19.488,0.990202,-0.503639,0.107987,0,0.871854,13.838457,1,0,0,0
phase2_static_scurve_r01_s0015,19.520,0.992849,-0.502352,0.107972,0,0.874418,13.835756,1,0,0,0
phase2_static_scurve_r01_s0015,19.552,0.995493,-0.501058,0.107966,0,0.876981,13.833053,1,0,0,0
phase2_static_scurve_r01_s0015,19.584,0.998134,-0.499757,0.107968,0,0.879543,13.830347,1,0,0,0
phase2_static_scurve_r01_s0015,19.616,1.000771,-0.498449,0.107977,0,0.882103,13.827637,1,0,0,0
phase2_static_scurve_r01_s0015,19.648,1.003406,-0.497136,0.107995,0,0.884662,13.824926,1,0,0,0
phase2_static_scurve_r01_s0015,19.680,1.006038,-0.495819,0.108025,0,0.887222,13.822212,1,0,0,0
phase2_static_scurve_r01_s0015,19.712,1.008669,-0.494497,0.108066,0,0.889783,13.819497,1,0,0,0
phase2_static_scurve_r01_s0015,19.744,1.011295,-0.493165,0.108110,0,0.892339,13.816778,1,0,0,0
phase2_static_scurve_r01_s0015,19.776,1.013912,-0.491817,0.108152,0,0.894890,13.814051,1,0,0,0
phase2_static_scurve_r01_s0015,19.808,1.016522,-0.490453,0.108192,0,0.897434,13.811318,1,0,0,0
phase2_static_scurve_r01_s0015,19.840,1.019123,-0.489074,0.108230,0,0.899971,13.808578,1,0,0,0
phase2_static_scurve_r01_s0015,19.872,1.021716,-0.487679,0.108265,0,0.902503,13.805832,1,0,0,0
phase2_static_scurve_r01_s0015,19.904,1.024300,-0.486267,0.108297,0,0.905027,13.803079,1,0,0,0
phase2_static_scurve_r01_s0015,19.936,1.026874,-0.484838,0.108326,0,0.907543,13.800319,1,0,0,0
phase2_static_scurve_r01_s0015,19.968,1.029439,-0.483391,0.108348,0,0.910052,13.797553,1,0,0,0
phase2_static_scurve_r01_s0015,20.000,1.031993,-0.481926,0.108366,0,0.912552,13.794779,1,0,0,0
phase2_static_scurve_r01_s0015,20.032,1.034536,-0.480441,0.108377,0,0.915042,13.791998,1,0,0,0
phase2_static_scurve_r01_s0015,20.064,1.037067,-0.478937,0.108380,0,0.917524,13.789209,1,0,0,0
phase2_static_scurve_r01_s0015,20.096,1.039588,-0.477415,0.108378,0,0.919996,13.786414,1,0,0,0
phase2_static_scurve_r01_s0015,20.128,1.042096,-0.475874,0.108369,0,0.922459,13.783612,1,0,0,0
phase2_static_scurve_r01_s0015,20.160,1.044594,-0.474314,0.108354,0,0.924913,13.780804,1,0,0,0
phase2_static_scurve_r01_s0015,20.192,1.047079,-0.472736,0.108333,0,0.927358,13.777989,1,0,0,0
phase2_static_scurve_r01_s0015,20.224,1.049553,-0.471139,0.108305,0,0.929794,13.775168,1,0,0,0
phase2_static_scurve_r01_s0015,20.256,1.052015,-0.469525,0.108271,0,0.932220,13.772341,1,0,0,0
phase2_static_scurve_r01_s0015,20.288,1.054466,-0.467894,0.108234,0,0.934638,13.769509,1,0,0,0
phase2_static_scurve_r01_s0015,20.320,1.056907,-0.466247,0.108192,0,0.937047,13.766672,1,0,0,0
phase2_static_scurve_r01_s0015,20.352,1.059337,-0.464586,0.108148,0,0.939450,13.763830,1,0,0,0
phase2_static_scurve_r01_s0015,20.384,1.061758,-0.462911,0.108104,0,0.941846,13.760984,1,0,0,0
phase2_static_scurve_r01_s0015,20.416,1.064171,-0.461225,0.108061,0,0.944238,13.758135,1,0,0,0
phase2_static_scurve_r01_s0015,20.448,1.066575,-0.459528,0.108019,0,0.946623,13.755282,1,0,0,0
phase2_static_scurve_r01_s0015,20.480,1.068972,-0.457819,0.107980,0,0.949004,13.752426,1,0,0,0
phase2_static_scurve_r01_s0015,20.512,1.071363,-0.456101,0.107945,0,0.951383,13.749568,1,0,0,0
phase2_static_scurve_r01_s0015,20.544,1.073747,-0.454375,0.107915,0,0.953757,13.746707,1,0,0,0
phase2_static_scurve_r01_s0015,20.576,1.076128,-0.452643,0.107893,0,0.956131,13.743844,1,0,0,0
phase2_static_scurve_r01_s0015,20.608,1.078510,-0.450914,0.107891,0,0.958511,13.740982,1,0,0,0
phase2_static_scurve_r01_s0015,20.640,1.080886,-0.449176,0.107893,0,0.960887,13.738117,1,0,0,0
phase2_static_scurve_r01_s0015,20.672,1.083258,-0.447432,0.107903,0,0.963261,13.735251,1,0,0,0
phase2_static_scurve_r01_s0015,20.704,1.085626,-0.445683,0.107922,0,0.965635,13.732383,1,0,0,0
phase2_static_scurve_r01_s0015,20.736,1.087992,-0.443932,0.107956,0,0.968011,13.729516,1,0,0,0
phase2_static_scurve_r01_s0015,20.768,1.090356,-0.442177,0.107999,0,0.970387,13.726646,1,0,0,0
phase2_static_scurve_r01_s0015,20.800,1.092714,-0.440414,0.108047,0,0.972761,13.723775,1,0,0,0
phase2_static_scurve_r01_s0015,20.832,1.095062,-0.438638,0.108096,0,0.975128,13.720900,1,0,0,0
phase2_static_scurve_r01_s0015,20.864,1.097400,-0.436849,0.108143,0,0.977489,13.718021,1,0,0,0
phase2_static_scurve_r01_s0015,20.896,1.099728,-0.435046,0.108188,0,0.979842,13.715138,1,0,0,0
phase2_static_scurve_r01_s0015,20.928,1.102043,-0.433226,0.108229,0,0.982187,13.712252,1,0,0,0
phase2_static_scurve_r01_s0015,20.960,1.104348,-0.431394,0.108268,0,0.984524,13.709362,1,0,0,0
phase2_static_scurve_r01_s0015,20.992,1.106641,-0.429547,0.108304,0,0.986853,13.706468,1,0,0,0
phase2_static_scurve_r01_s0015,21.024,1.108920,-0.427683,0.108333,0,0.989172,13.703571,1,0,0,0
phase2_static_scurve_r01_s0015,21.056,1.111187,-0.425802,0.108358,0,0.991482,13.700670,1,0,0,0
phase2_static_scurve_r01_s0015,21.088,1.113438,-0.423905,0.108375,0,0.993781,13.697765,1,0,0,0
phase2_static_scurve_r01_s0015,21.120,1.115675,-0.421991,0.108386,0,0.996069,13.694857,1,0,0,0
phase2_static_scurve_r01_s0015,21.152,1.117898,-0.420059,0.108390,0,0.998347,13.691945,1,0,0,0
phase2_static_scurve_r01_s0015,21.184,1.120105,-0.418110,0.108385,0,1.000613,13.689030,1,0,0,0
phase2_static_scurve_r01_s0015,21.216,1.122298,-0.416145,0.108375,0,1.002869,13.686112,1,0,0,0
phase2_static_scurve_r01_s0015,21.248,1.124476,-0.414164,0.108358,0,1.005115,13.683192,1,0,0,0
phase2_static_scurve_r01_s0015,21.280,1.126639,-0.412166,0.108335,0,1.007349,13.680269,1,0,0,0
phase2_static_scurve_r01_s0015,21.312,1.128787,-0.410153,0.108306,0,1.009574,13.677343,1,0,0,0
phase2_static_scurve_r01_s0015,21.344,1.130922,-0.408126,0.108273,0,1.011789,13.674416,1,0,0,0
phase2_static_scurve_r01_s0015,21.376,1.133043,-0.406085,0.108235,0,1.013994,13.671486,1,0,0,0
phase2_static_scurve_r01_s0015,21.408,1.135152,-0.404031,0.108196,0,1.016192,13.668555,1,0,0,0
phase2_static_scurve_r01_s0015,21.440,1.137248,-0.401964,0.108154,0,1.018381,13.665622,1,0,0,0
phase2_static_scurve_r01_s0015,21.472,1.139332,-0.399886,0.108111,0,1.020564,13.662688,1,0,0,0
phase2_static_scurve_r01_s0015,21.504,1.141405,-0.397796,0.108068,0,1.022739,13.659753,1,0,0,0
phase2_static_scurve_r01_s0015,21.536,1.143468,-0.395696,0.108026,0,1.024908,13.656817,1,0,0,0
phase2_static_scurve_r01_s0015,21.568,1.145522,-0.393588,0.107987,0,1.027073,13.653880,1,0,0,0
phase2_static_scurve_r01_s0015,21.600,1.147570,-0.391474,0.107955,0,1.029236,13.650943,1,0,0,0
phase2_static_scurve_r01_s0015,21.632,1.149614,-0.389355,0.107932,0,1.031398,13.648005,1,0,0,0
phase2_static_scurve_r01_s0015,21.664,1.151660,-0.387238,0.107928,0,1.033567,13.645066,1,0,0,0
phase2_static_scurve_r01_s0015,21.696,1.153698,-0.385114,0.107928,0,1.035732,13.642128,1,0,0,0
phase2_static_scurve_r01_s0015,21.728,1.155730,-0.382984,0.107936,0,1.037895,13.639189,1,0,0,0
phase2_static_scurve_r01_s0015,21.760,1.157757,-0.380850,0.107954,0,1.040059,13.636250,1,0,0,0
phase2_static_scurve_r01_s0015,21.792,1.159784,-0.378715,0.107985,0,1.042224,13.633310,1,0,0,0
phase2_static_scurve_r01_s0015,21.824,1.161806,-0.376575,0.108026,0,1.044390,13.630370,1,0,0,0
phase2_static_scurve_r01_s0015,21.856,1.163820,-0.374428,0.108071,0,1.046552,13.627429,1,0,0,0
phase2_static_scurve_r01_s0015,21.888,1.165821,-0.372268,0.108113,0,1.048705,13.624488,1,0,0,0
phase2_static_scurve_r01_s0015,21.920,1.167810,-0.370097,0.108155,0,1.050852,13.621545,1,0,0,0
phase2_static_scurve_r01_s0015,21.952,1.169786,-0.367914,0.108194,0,1.052990,13.618602,1,0,0,0
phase2_static_scurve_r01_s0015,21.984,1.171747,-0.365718,0.108229,0,1.055118,13.615659,1,0,0,0
phase2_static_scurve_r01_s0015,22.016,1.173694,-0.363509,0.108261,0,1.057237,13.612715,1,0,0,0
phase2_static_scurve_r01_s0015,22.048,1.175624,-0.361285,0.108286,0,1.059346,13.609770,1,0,0,0
phase2_static_scurve_r01_s0015,22.080,1.177540,-0.359049,0.108306,0,1.061443,13.606825,1,0,0,0
phase2_static_scurve_r01_s0015,22.112,1.179437,-0.356797,0.108319,0,1.063529,13.603881,1,0,0,0
phase2_static_scurve_r01_s0015,22.144,1.181319,-0.354533,0.108328,0,1.065605,13.600937,1,0,0,0
phase2_static_scurve_r01_s0015,22.176,1.183184,-0.352254,0.108329,0,1.067668,13.597993,1,0,0,0
phase2_static_scurve_r01_s0015,22.208,1.185032,-0.349962,0.108324,0,1.069720,13.595050,1,0,0,0
phase2_static_scurve_r01_s0015,22.240,1.186862,-0.347656,0.108313,0,1.071760,13.592107,1,0,0,0
phase2_static_scurve_r01_s0015,22.272,1.188676,-0.345336,0.108295,0,1.073789,13.589165,1,0,0,0
phase2_static_scurve_r01_s0015,22.304,1.190472,-0.343003,0.108271,0,1.075806,13.586225,1,0,0,0
phase2_static_scurve_r01_s0015,22.336,1.192250,-0.340657,0.108240,0,1.077811,13.583286,1,0,0,0
phase2_static_scurve_r01_s0015,22.368,1.194013,-0.338299,0.108206,0,1.079806,13.580348,1,0,0,0
phase2_static_scurve_r01_s0015,22.400,1.195760,-0.335930,0.108167,0,1.081791,13.577411,1,0,0,0
phase2_static_scurve_r01_s0015,22.432,1.197492,-0.333550,0.108126,0,1.083767,13.574476,1,0,0,0
phase2_static_scurve_r01_s0015,22.464,1.199210,-0.331160,0.108083,0,1.085733,13.571542,1,0,0,0
phase2_static_scurve_r01_s0015,22.496,1.200913,-0.328759,0.108036,0,1.087691,13.568611,1,0,0,0
phase2_static_scurve_r01_s0015,22.528,1.202604,-0.326350,0.107992,0,1.089643,13.565680,1,0,0,0
phase2_static_scurve_r01_s0015,22.560,1.204284,-0.323932,0.107948,0,1.091588,13.562751,1,0,0,0
phase2_static_scurve_r01_s0015,22.592,1.205953,-0.321508,0.107907,0,1.093528,13.559823,1,0,0,0
phase2_static_scurve_r01_s0015,22.624,1.207613,-0.319078,0.107871,0,1.095465,13.556896,1,0,0,0
phase2_static_scurve_r01_s0015,22.656,1.209264,-0.316641,0.107839,0,1.097397,13.553971,1,0,0,0
phase2_static_scurve_r01_s0015,22.688,1.210907,-0.314199,0.107814,0,1.099328,13.551046,1,0,0,0
phase2_static_scurve_r01_s0015,22.720,1.212555,-0.311758,0.107808,0,1.101266,13.548120,1,0,0,0
phase2_static_scurve_r01_s0015,22.752,1.214192,-0.309313,0.107807,0,1.103200,13.545196,1,0,0,0
phase2_static_scurve_r01_s0015,22.784,1.215823,-0.306862,0.107813,0,1.105132,13.542273,1,0,0,0
phase2_static_scurve_r01_s0015,22.816,1.217449,-0.304408,0.107829,0,1.107065,13.539351,1,0,0,0
phase2_static_scurve_r01_s0015,22.848,1.219074,-0.301953,0.107858,0,1.109000,13.536429,1,0,0,0
phase2_static_scurve_r01_s0015,22.880,1.220693,-0.299495,0.107898,0,1.110936,13.533508,1,0,0,0
phase2_static_scurve_r01_s0015,22.912,1.222305,-0.297032,0.107942,0,1.112868,13.530587,1,0,0,0
phase2_static_scurve_r01_s0015,22.944,1.223905,-0.294560,0.107989,0,1.114795,13.527668,1,0,0,0
phase2_static_scurve_r01_s0015,22.976,1.225493,-0.292081,0.108037,0,1.116716,13.524752,1,0,0,0
phase2_static_scurve_r01_s0015,23.008,1.227067,-0.289593,0.108084,0,1.118628,13.521837,1,0,0,0
phase2_static_scurve_r01_s0015,23.040,1.228628,-0.287096,0.108130,0,1.120533,13.518924,1,0,0,0
phase2_static_scurve_r01_s0015,23.072,1.230174,-0.284590,0.108174,0,1.122429,13.516015,1,0,0,0
phase2_static_scurve_r01_s0015,23.104,1.231702,-0.282074,0.108214,0,1.124314,13.513108,1,0,0,0
phase2_static_scurve_r01_s0015,23.136,1.233213,-0.279546,0.108248,0,1.126187,13.510204,1,0,0,0
phase2_static_scurve_r01_s0015,23.168,1.234705,-0.277008,0.108276,0,1.128049,13.507305,1,0,0,0
phase2_static_scurve_r01_s0015,23.200,1.236180,-0.274459,0.108300,0,1.129899,13.504409,1,0,0,0
phase2_static_scurve_r01_s0015,23.232,1.237634,-0.271899,0.108316,1,1.131736,13.501517,1,0,0,0
phase2_static_scurve_r01_s0015,23.264,1.239070,-0.269328,0.108325,1,1.133561,13.498629,1,0,0,0
phase2_static_scurve_r01_s0015,23.296,1.240486,-0.266746,0.108328,1,1.135372,13.495746,1,0,0,0
phase2_static_scurve_r01_s0015,23.328,1.241880,-0.264153,0.108322,1,1.137170,13.492869,1,0,0,0
phase2_static_scurve_r01_s0015,23.360,1.243256,-0.261550,0.108310,1,1.138955,13.489996,1,0,0,0
phase2_static_scurve_r01_s0015,23.392,1.244612,-0.258937,0.108292,1,1.140727,13.487127,1,0,0,0
phase2_static_scurve_r01_s0015,23.424,1.245949,-0.256314,0.108267,1,1.142486,13.484265,1,0,0,0
phase2_static_scurve_r01_s0015,23.456,1.247268,-0.253683,0.108239,1,1.144235,13.481407,1,0,0,0
phase2_static_scurve_r01_s0015,23.488,1.248570,-0.251042,0.108206,1,1.145973,13.478554,1,0,0,0
phase2_static_scurve_r01_s0015,23.520,1.249853,-0.248393,0.108168,1,1.147699,13.475706,1,0,0,0
phase2_static_scurve_r01_s0015,23.552,1.251120,-0.245737,0.108129,1,1.149415,13.472863,1,0,0,0
phase2_static_scurve_r01_s0015,23.584,1.252370,-0.243072,0.108086,1,1.151122,13.470024,1,0,0,0
phase2_static_scurve_r01_s0015,23.616,1.253607,-0.240401,0.108043,1,1.152821,13.467190,1,0,0,0
phase2_static_scurve_r01_s0015,23.648,1.254828,-0.237723,0.107999,1,1.154511,13.464361,1,0,0,0
phase2_static_scurve_r01_s0015,23.680,1.256038,-0.235040,0.107959,1,1.156196,13.461535,1,0,0,0
phase2_static_scurve_r01_s0015,23.712,1.257236,-0.232352,0.107921,1,1.157875,13.458713,1,0,0,0
phase2_static_scurve_r01_s0015,23.744,1.258426,-0.229660,0.107890,1,1.159553,13.455893,1,0,0,0
phase2_static_scurve_r01_s0015,23.776,1.259621,-0.226969,0.107878,1,1.161240,13.453071,1,0,0,0
phase2_static_scurve_r01_s0015,23.808,1.260805,-0.224275,0.107872,1,1.162922,13.450253,1,0,0,0
phase2_static_scurve_r01_s0015,23.840,1.261982,-0.221577,0.107873,1,1.164603,13.447438,1,0,0,0
phase2_static_scurve_r01_s0015,23.872,1.263154,-0.218877,0.107883,1,1.166284,13.444624,1,0,0,0
phase2_static_scurve_r01_s0015,23.904,1.264321,-0.216175,0.107905,1,1.167966,13.441812,1,0,0,0
phase2_static_scurve_r01_s0015,23.936,1.265484,-0.213471,0.107937,1,1.169650,13.439001,1,0,0,0
phase2_static_scurve_r01_s0015,23.968,1.266638,-0.210763,0.107975,1,1.171330,13.436193,1,0,0,0
phase2_static_scurve_r01_s0015,24.000,1.267780,-0.208049,0.108015,1,1.173004,13.433389,1,0,0,0
phase2_static_scurve_r01_s0015,24.032,1.268908,-0.205330,0.108055,1,1.174671,13.430589,1,0,0,0
phase2_static_scurve_r01_s0015,24.064,1.270021,-0.202604,0.108095,1,1.176330,13.427795,1,0,0,0
phase2_static_scurve_r01_s0015,24.096,1.271119,-0.199872,0.108134,1,1.177981,13.425005,1,0,0,0
phase2_static_scurve_r01_s0015,24.128,1.272200,-0.197133,0.108171,1,1.179622,13.422221,1,0,0,0
phase2_static_scurve_r01_s0015,24.160,1.273263,-0.194388,0.108203,1,1.181251,13.419444,1,0,0,0
phase2_static_scurve_r01_s0015,24.192,1.274308,-0.191635,0.108232,1,1.182870,13.416673,1,0,0,0
phase2_static_scurve_r01_s0015,24.224,1.275333,-0.188874,0.108255,1,1.184475,13.413910,1,0,0,0
phase2_static_scurve_r01_s0015,24.256,1.276339,-0.186107,0.108273,1,1.186069,13.411153,1,0,0,0
phase2_static_scurve_r01_s0015,24.288,1.277325,-0.183333,0.108286,1,1.187650,13.408405,1,0,0,0
phase2_static_scurve_r01_s0015,24.320,1.278290,-0.180551,0.108291,1,1.189218,13.405664,1,0,0,0
phase2_static_scurve_r01_s0015,24.352,1.279234,-0.177762,0.108290,1,1.190771,13.402933,1,0,0,0
phase2_static_scurve_r01_s0015,24.384,1.280157,-0.174966,0.108282,1,1.192312,13.400209,1,0,0,0
phase2_static_scurve_r01_s0015,24.416,1.281058,-0.172164,0.108268,1,1.193838,13.397494,1,0,0,0
phase2_static_scurve_r01_s0015,24.448,1.281939,-0.169355,0.108248,1,1.195351,13.394788,1,0,0,0
phase2_static_scurve_r01_s0015,24.480,1.282799,-0.166539,0.108220,1,1.196851,13.392092,1,0,0,0
phase2_static_scurve_r01_s0015,24.512,1.283640,-0.163719,0.108189,1,1.198338,13.389403,1,0,0,0
phase2_static_scurve_r01_s0015,24.544,1.284461,-0.160892,0.108153,1,1.199814,13.386723,1,0,0,0
phase2_static_scurve_r01_s0015,24.576,1.285266,-0.158061,0.108115,1,1.201280,13.384050,1,0,0,0
phase2_static_scurve_r01_s0015,24.608,1.286052,-0.155225,0.108075,1,1.202735,13.381386,1,0,0,0
phase2_static_scurve_r01_s0015,24.640,1.286824,-0.152385,0.108033,1,1.204181,13.378728,1,0,0,0
phase2_static_scurve_r01_s0015,24.672,1.287579,-0.149541,0.107990,1,1.205618,13.376078,1,0,0,0
phase2_static_scurve_r01_s0015,24.704,1.288320,-0.146693,0.107949,1,1.207048,13.373435,1,0,0,0
phase2_static_scurve_r01_s0015,24.736,1.289049,-0.143842,0.107910,1,1.208473,13.370797,1,0,0,0
phase2_static_scurve_r01_s0015,24.768,1.289767,-0.140989,0.107876,1,1.209894,13.368164,1,0,0,0
phase2_static_scurve_r01_s0015,24.800,1.290474,-0.138131,0.107846,1,1.211310,13.365536,1,0,0,0
phase2_static_scurve_r01_s0015,24.832,1.291186,-0.135275,0.107837,1,1.212736,13.362905,1,0,0,0
phase2_static_scurve_r01_s0015,24.864,1.291890,-0.132417,0.107834,1,1.214160,13.360279,1,0,0,0
phase2_static_scurve_r01_s0015,24.896,1.292585,-0.129557,0.107838,1,1.215581,13.357657,1,0,0,0
phase2_static_scurve_r01_s0015,24.928,1.293274,-0.126696,0.107851,1,1.217003,13.355039,1,0,0,0
phase2_static_scurve_r01_s0015,24.960,1.293956,-0.123833,0.107873,1,1.218424,13.352423,1,0,0,0
phase2_static_scurve_r01_s0015,24.992,1.294634,-0.120968,0.107906,1,1.219847,13.349809,1,0,0,0
phase2_static_scurve_r01_s0015,25.024,1.295302,-0.118102,0.107945,1,1.221267,13.347200,1,0,0,0
phase2_static_scurve_r01_s0015,25.056,1.295955,-0.115231,0.107983,1,1.222678,13.344598,1,0,0,0
phase2_static_scurve_r01_s0015,25.088,1.296592,-0.112356,0.108020,1,1.224080,13.342004,1,0,0,0
phase2_static_scurve_r01_s0015,25.120,1.297213,-0.109478,0.108057,1,1.225474,13.339417,1,0,0,0
phase2_static_scurve_r01_s0015,25.152,1.297817,-0.106596,0.108091,1,1.226857,13.336839,1,0,0,0
phase2_static_scurve_r01_s0015,25.184,1.298401,-0.103710,0.108121,1,1.228228,13.334271,1,0,0,0
phase2_static_scurve_r01_s0015,25.216,1.298966,-0.100821,0.108147,1,1.229588,13.331713,1,0,0,0
phase2_static_scurve_r01_s0015,25.248,1.299510,-0.097927,0.108168,1,1.230935,13.329165,1,0,0,0
phase2_static_scurve_r01_s0015,25.280,1.300034,-0.095029,0.108183,1,1.232268,13.326628,1,0,0,0
phase2_static_scurve_r01_s0015,25.312,1.300537,-0.092128,0.108193,1,1.233589,13.324102,1,0,0,0
phase2_static_scurve_r01_s0015,25.344,1.301018,-0.089223,0.108195,1,1.234894,13.321588,1,0,0,0
phase2_static_scurve_r01_s0015,25.376,1.301477,-0.086315,0.108191,1,1.236186,13.319086,1,0,0,0
phase2_static_scurve_r01_s0015,25.408,1.301914,-0.083403,0.108180,1,1.237463,13.316596,1,0,0,0
phase2_static_scurve_r01_s0015,25.440,1.302332,-0.080489,0.108166,1,1.238728,13.314116,1,0,0,0
phase2_static_scurve_r01_s0015,25.472,1.302729,-0.077572,0.108146,1,1.239980,13.311648,1,0,0,0
phase2_static_scurve_r01_s0015,25.504,1.303106,-0.074653,0.108122,1,1.241220,13.309192,1,0,0,0
phase2_static_scurve_r01_s0015,25.536,1.303464,-0.071732,0.108093,1,1.242446,13.306747,1,0,0,0
phase2_static_scurve_r01_s0015,25.568,1.303803,-0.068808,0.108061,1,1.243662,13.304313,1,0,0,0
phase2_static_scurve_r01_s0015,25.600,1.304124,-0.065883,0.108027,1,1.244868,13.301889,1,0,0,0
phase2_static_scurve_r01_s0015,25.632,1.304426,-0.062956,0.107989,1,1.246061,13.299477,1,0,0,0
phase2_static_scurve_r01_s0015,25.664,1.304713,-0.060027,0.107951,1,1.247246,13.297074,1,0,0,0
phase2_static_scurve_r01_s0015,25.696,1.304982,-0.057096,0.107912,1,1.248422,13.294680,1,0,0,0
phase2_static_scurve_r01_s0015,25.728,1.305235,-0.054163,0.107871,1,1.249588,13.292296,1,0,0,0
phase2_static_scurve_r01_s0015,25.760,1.305474,-0.051229,0.107831,1,1.250746,13.289921,1,0,0,0
phase2_static_scurve_r01_s0015,25.792,1.305702,-0.048294,0.107797,1,1.251902,13.287552,1,0,0,0
phase2_static_scurve_r01_s0015,25.824,1.305917,-0.045358,0.107764,1,1.253050,13.285191,1,0,0,0
phase2_static_scurve_r01_s0015,25.856,1.306120,-0.042422,0.107736,1,1.254194,13.282837,1,0,0,0
phase2_static_scurve_r01_s0015,25.888,1.306329,-0.039485,0.107729,1,1.255348,13.280481,1,0,0,0
phase2_static_scurve_r01_s0015,25.920,1.306527,-0.036548,0.107726,1,1.256498,13.278131,1,0,0,0
phase2_static_scurve_r01_s0015,25.952,1.306716,-0.033610,0.107730,1,1.257647,13.275787,1,0,0,0
phase2_static_scurve_r01_s0015,25.984,1.306897,-0.030672,0.107741,1,1.258793,13.273448,1,0,0,0
phase2_static_scurve_r01_s0015,26.016,1.307074,-0.027733,0.107764,1,1.259942,13.271111,1,0,0,0
phase2_static_scurve_r01_s0015,26.048,1.307246,-0.024794,0.107797,1,1.261092,13.268778,1,0,0,0
phase2_static_scurve_r01_s0015,26.080,1.307408,-0.021855,0.107837,1,1.262239,13.266451,1,0,0,0
phase2_static_scurve_r01_s0015,26.112,1.307557,-0.018914,0.107878,1,1.263379,13.264132,1,0,0,0
phase2_static_scurve_r01_s0015,26.144,1.307691,-0.015973,0.107920,1,1.264511,13.261823,1,0,0,0
phase2_static_scurve_r01_s0015,26.176,1.307809,-0.013031,0.107961,1,1.265635,13.259524,1,0,0,0
phase2_static_scurve_r01_s0015,26.208,1.307910,-0.010089,0.108001,1,1.266749,13.257236,1,0,0,0
phase2_static_scurve_r01_s0015,26.240,1.307994,-0.007145,0.108039,1,1.267852,13.254959,1,0,0,0
phase2_static_scurve_r01_s0015,26.272,1.308057,-0.004202,0.108073,1,1.268943,13.252695,1,0,0,0
phase2_static_scurve_r01_s0015,26.304,1.308102,-0.001257,0.108103,1,1.270022,13.250443,1,0,0,0
phase2_static_scurve_r01_s0015,26.336,1.308125,0.001687,0.108127,1,1.271087,13.248206,1,0,0,0
phase2_static_scurve_r01_s0015,26.368,1.308127,0.004632,0.108146,1,1.272138,13.245982,1,0,0,0
phase2_static_scurve_r01_s0015,26.400,1.308106,0.007576,0.108158,1,1.273174,13.243774,1,0,0,0
phase2_static_scurve_r01_s0015,26.432,1.308063,0.010520,0.108162,1,1.274195,13.241581,1,0,0,0
phase2_static_scurve_r01_s0015,26.464,1.307998,0.013464,0.108160,1,1.275201,13.239403,1,0,0,0
phase2_static_scurve_r01_s0015,26.496,1.307911,0.016407,0.108152,1,1.276192,13.237241,1,0,0,0
phase2_static_scurve_r01_s0015,26.528,1.307801,0.019350,0.108137,1,1.277169,13.235094,1,0,0,0
phase2_static_scurve_r01_s0015,26.560,1.307672,0.022291,0.108117,1,1.278133,13.232960,1,0,0,0
phase2_static_scurve_r01_s0015,26.592,1.307523,0.025231,0.108093,1,1.279084,13.230842,1,0,0,0
phase2_static_scurve_r01_s0015,26.624,1.307353,0.028171,0.108065,1,1.280022,13.228737,1,0,0,0
phase2_static_scurve_r01_s0015,26.656,1.307166,0.031109,0.108034,1,1.280949,13.226645,1,0,0,0
phase2_static_scurve_r01_s0015,26.688,1.306961,0.034046,0.108000,1,1.281864,13.224567,1,0,0,0
phase2_static_scurve_r01_s0015,26.720,1.306739,0.036981,0.107966,1,1.282771,13.222501,1,0,0,0
phase2_static_scurve_r01_s0015,26.752,1.306501,0.039916,0.107931,1,1.283667,13.220447,1,0,0,0
phase2_static_scurve_r01_s0015,26.784,1.306246,0.042848,0.107894,1,1.284554,13.218405,1,0,0,0
phase2_static_scurve_r01_s0015,26.816,1.305977,0.045780,0.107859,1,1.285433,13.216374,1,0,0,0
phase2_static_scurve_r01_s0015,26.848,1.305695,0.048710,0.107826,1,1.286307,13.214352,1,0,0,0
phase2_static_scurve_r01_s0015,26.880,1.305403,0.051639,0.107798,1,1.287176,13.212339,1,0,0,0
phase2_static_scurve_r01_s0015,26.912,1.305098,0.054567,0.107774,1,1.288040,13.210335,1,0,0,0
phase2_static_scurve_r01_s0015,26.944,1.304794,0.057495,0.107766,1,1.288910,13.208331,1,0,0,0
phase2_static_scurve_r01_s0015,26.976,1.304483,0.060423,0.107765,1,1.289779,13.206332,1,0,0,0
phase2_static_scurve_r01_s0015,27.008,1.304165,0.063349,0.107774,1,1.290649,13.204339,1,0,0,0
phase2_static_scurve_r01_s0015,27.040,1.303840,0.066275,0.107792,1,1.291518,13.202351,1,0,0,0
phase2_static_scurve_r01_s0015,27.072,1.303511,0.069201,0.107820,1,1.292388,13.200367,1,0,0,0
phase2_static_scurve_r01_s0015,27.104,1.303177,0.072125,0.107859,1,1.293261,13.198387,1,0,0,0
phase2_static_scurve_r01_s0015,27.136,1.302835,0.075050,0.107906,1,1.294132,13.196413,1,0,0,0
phase2_static_scurve_r01_s0015,27.168,1.302480,0.077972,0.107955,1,1.294995,13.194449,1,0,0,0
phase2_static_scurve_r01_s0015,27.200,1.302109,0.080893,0.108004,1,1.295851,13.192497,1,0,0,0
phase2_static_scurve_r01_s0015,27.232,1.301722,0.083812,0.108052,1,1.296697,13.190558,1,0,0,0
phase2_static_scurve_r01_s0015,27.264,1.301317,0.086728,0.108097,1,1.297531,13.188633,1,0,0,0
phase2_static_scurve_r01_s0015,27.296,1.300894,0.089642,0.108140,1,1.298355,13.186722,1,0,0,0
phase2_static_scurve_r01_s0015,27.328,1.300452,0.092553,0.108179,1,1.299165,13.184826,1,0,0,0
phase2_static_scurve_r01_s0015,27.360,1.299988,0.095461,0.108211,1,1.299962,13.182947,1,0,0,0
phase2_static_scurve_r01_s0015,27.392,1.299504,0.098366,0.108239,1,1.300744,13.181085,1,0,0,0
phase2_static_scurve_r01_s0015,27.424,1.298997,0.101266,0.108258,1,1.301510,13.179241,1,0,0,0
phase2_static_scurve_r01_s0015,27.456,1.298465,0.104163,0.108268,1,1.302258,13.177417,1,0,0,0
phase2_static_scurve_r01_s0015,27.488,1.297912,0.107055,0.108272,1,1.302991,13.175610,1,0,0,0
phase2_static_scurve_r01_s0015,27.520,1.297337,0.109943,0.108270,1,1.303709,13.173822,1,0,0,0
phase2_static_scurve_r01_s0015,27.552,1.296741,0.112826,0.108261,1,1.304412,13.172051,1,0,0,0
phase2_static_scurve_r01_s0015,27.584,1.296123,0.115705,0.108245,1,1.305100,13.170299,1,0,0,0
phase2_static_scurve_r01_s0015,27.616,1.295483,0.118579,0.108223,1,1.305773,13.168565,1,0,0,0
phase2_static_scurve_r01_s0015,27.648,1.294822,0.121448,0.108194,1,1.306430,13.166849,1,0,0,0
phase2_static_scurve_r01_s0015,27.680,1.294140,0.124312,0.108159,1,1.307073,13.165152,1,0,0,0
phase2_static_scurve_r01_s0015,27.712,1.293439,0.127171,0.108120,1,1.307702,13.163471,1,0,0,0
phase2_static_scurve_r01_s0015,27.744,1.292720,0.130026,0.108079,1,1.308321,13.161805,1,0,0,0
phase2_static_scurve_r01_s0015,27.776,1.291984,0.132876,0.108035,1,1.308927,13.160155,1,0,0,0
phase2_static_scurve_r01_s0015,27.808,1.291232,0.135723,0.107990,1,1.309525,13.158518,1,0,0,0
phase2_static_scurve_r01_s0015,27.840,1.290464,0.138565,0.107944,1,1.310112,13.156896,1,0,0,0
phase2_static_scurve_r01_s0015,27.872,1.289682,0.141403,0.107899,1,1.310692,13.155287,1,0,0,0
phase2_static_scurve_r01_s0015,27.904,1.288889,0.144237,0.107858,1,1.311266,13.153688,1,0,0,0
phase2_static_scurve_r01_s0015,27.936,1.288084,0.147069,0.107821,1,1.311835,13.152100,1,0,0,0
phase2_static_scurve_r01_s0015,27.968,1.287266,0.149897,0.107785,1,1.312397,13.150523,1,0,0,0
phase2_static_scurve_r01_s0015,28.000,1.286447,0.152724,0.107763,1,1.312964,13.148948,1,0,0,0
phase2_static_scurve_r01_s0015,28.032,1.285619,0.155549,0.107748,1,1.313528,13.147382,1,0,0,0
phase2_static_scurve_r01_s0015,28.064,1.284782,0.158372,0.107740,1,1.314090,13.145823,1,0,0,0
phase2_static_scurve_r01_s0015,28.096,1.283938,0.161192,0.107739,1,1.314651,13.144272,1,0,0,0
phase2_static_scurve_r01_s0015,28.128,1.283087,0.164010,0.107747,1,1.315211,13.142727,1,0,0,0
phase2_static_scurve_r01_s0015,28.160,1.282233,0.166827,0.107766,1,1.315774,13.141185,1,0,0,0
phase2_static_scurve_r01_s0015,28.192,1.281368,0.169642,0.107791,1,1.316333,13.139653,1,0,0,0
phase2_static_scurve_r01_s0015,28.224,1.280489,0.172451,0.107815,1,1.316883,13.138135,1,0,0,0
phase2_static_scurve_r01_s0015,28.256,1.279596,0.175257,0.107841,1,1.317425,13.136629,1,0,0,0
phase2_static_scurve_r01_s0015,28.288,1.278687,0.178057,0.107866,1,1.317957,13.135138,1,0,0,0
phase2_static_scurve_r01_s0015,28.320,1.277763,0.180853,0.107890,1,1.318481,13.133661,1,0,0,0
phase2_static_scurve_r01_s0015,28.352,1.276822,0.183643,0.107912,1,1.318992,13.132201,1,0,0,0
phase2_static_scurve_r01_s0015,28.384,1.275864,0.186427,0.107932,1,1.319493,13.130756,1,0,0,0
phase2_static_scurve_r01_s0015,28.416,1.274888,0.189205,0.107948,1,1.319980,13.129329,1,0,0,0
phase2_static_scurve_r01_s0015,28.448,1.273893,0.191976,0.107959,1,1.320455,13.127920,1,0,0,0
phase2_static_scurve_r01_s0015,28.480,1.272878,0.194740,0.107965,1,1.320916,13.126529,1,0,0,0
phase2_static_scurve_r01_s0015,28.512,1.271844,0.197497,0.107966,1,1.321362,13.125158,1,0,0,0
phase2_static_scurve_r01_s0015,28.544,1.270788,0.200246,0.107960,1,1.321792,13.123807,1,0,0,0
phase2_static_scurve_r01_s0015,28.576,1.269712,0.202987,0.107946,1,1.322206,13.122477,1,0,0,0
phase2_static_scurve_r01_s0015,28.608,1.268615,0.205720,0.107927,1,1.322606,13.121166,1,0,0,0
phase2_static_scurve_r01_s0015,28.640,1.267498,0.208444,0.107901,1,1.322989,13.119876,1,0,0,0
phase2_static_scurve_r01_s0015,28.672,1.266365,0.211161,0.107873,1,1.323362,13.118603,1,0,0,0
phase2_static_scurve_r01_s0015,28.704,1.265215,0.213871,0.107842,1,1.323723,13.117346,1,0,0,0
phase2_static_scurve_r01_s0015,28.736,1.264048,0.216574,0.107808,1,1.324073,13.116107,1,0,0,0
phase2_static_scurve_r01_s0015,28.768,1.262864,0.219270,0.107772,1,1.324410,13.114886,1,0,0,0
phase2_static_scurve_r01_s0015,28.800,1.261666,0.221958,0.107734,1,1.324737,13.113679,1,0,0,0
phase2_static_scurve_r01_s0015,28.832,1.260451,0.224640,0.107695,1,1.325054,13.112489,1,0,0,0
phase2_static_scurve_r01_s0015,28.864,1.259220,0.227314,0.107653,1,1.325359,13.111317,1,0,0,0
phase2_static_scurve_r01_s0015,28.896,1.257973,0.229981,0.107610,1,1.325654,13.110160,1,0,0,0
phase2_static_scurve_r01_s0015,28.928,1.256712,0.232641,0.107565,1,1.325938,13.109019,1,0,0,0
phase2_static_scurve_r01_s0015,28.960,1.255439,0.235296,0.107524,1,1.326217,13.107891,1,0,0,0
phase2_static_scurve_r01_s0015,28.992,1.254156,0.237945,0.107487,1,1.326492,13.106773,1,0,0,0
phase2_static_scurve_r01_s0015,29.024,1.252861,0.240589,0.107452,1,1.326758,13.105668,1,0,0,0
phase2_static_scurve_r01_s0015,29.056,1.251563,0.243230,0.107428,1,1.327028,13.104568,1,0,0,0
phase2_static_scurve_r01_s0015,29.088,1.250256,0.245868,0.107411,1,1.327295,13.103477,1,0,0,0
phase2_static_scurve_r01_s0015,29.120,1.248942,0.248502,0.107401,1,1.327560,13.102394,1,0,0,0
phase2_static_scurve_r01_s0015,29.152,1.247622,0.251134,0.107401,1,1.327825,13.101317,1,0,0,0
phase2_static_scurve_r01_s0015,29.184,1.246298,0.253763,0.107412,1,1.328093,13.100245,1,0,0,0
phase2_static_scurve_r01_s0015,29.216,1.244968,0.256389,0.107431,1,1.328360,13.099181,1,0,0,0
phase2_static_scurve_r01_s0015,29.248,1.243627,0.259010,0.107453,1,1.328621,13.098127,1,0,0,0
phase2_static_scurve_r01_s0015,29.280,1.242273,0.261624,0.107476,1,1.328874,13.097089,1,0,0,0
phase2_static_scurve_r01_s0015,29.312,1.240903,0.264231,0.107498,1,1.329116,13.096067,1,0,0,0
phase2_static_scurve_r01_s0015,29.344,1.239520,0.266830,0.107519,1,1.329349,13.095061,1,0,0,0
phase2_static_scurve_r01_s0015,29.376,1.238122,0.269421,0.107540,1,1.329573,13.094070,1,0,0,0
phase2_static_scurve_r01_s0015,29.408,1.236708,0.272004,0.107559,1,1.329785,13.093097,1,0,0,0
phase2_static_scurve_r01_s0015,29.440,1.235280,0.274579,0.107575,1,1.329986,13.092140,1,0,0,0
phase2_static_scurve_r01_s0015,29.472,1.233833,0.277144,0.107587,1,1.330174,13.091204,1,0,0,0
phase2_static_scurve_r01_s0015,29.504,1.232370,0.279699,0.107595,1,1.330349,13.090286,1,0,0,0
phase2_static_scurve_r01_s0015,29.536,1.230889,0.282244,0.107598,1,1.330509,13.089389,1,0,0,0
phase2_static_scurve_r01_s0015,29.568,1.229389,0.284778,0.107595,1,1.330655,13.088512,1,0,0,0
phase2_static_scurve_r01_s0015,29.600,1.227874,0.287302,0.107590,1,1.330789,13.087654,1,0,0,0
phase2_static_scurve_r01_s0015,29.632,1.226343,0.289817,0.107581,1,1.330911,13.086814,1,0,0,0
phase2_static_scurve_r01_s0015,29.664,1.224794,0.292321,0.107567,1,1.331018,13.085995,1,0,0,0
phase2_static_scurve_r01_s0015,29.696,1.223228,0.294814,0.107548,1,1.331112,13.085197,1,0,0,0
phase2_static_scurve_r01_s0015,29.728,1.221646,0.297297,0.107526,1,1.331193,13.084416,1,0,0,0
phase2_static_scurve_r01_s0015,29.760,1.220048,0.299770,0.107501,1,1.331263,13.083655,1,0,0,0
phase2_static_scurve_r01_s0015,29.792,1.218435,0.302233,0.107473,1,1.331320,13.082911,1,0,0,0
phase2_static_scurve_r01_s0015,29.824,1.216806,0.304685,0.107442,1,1.331365,13.082187,1,0,0,0
phase2_static_scurve_r01_s0015,29.856,1.215162,0.307127,0.107407,1,1.331398,13.081481,1,0,0,0
phase2_static_scurve_r01_s0015,29.888,1.213505,0.309560,0.107372,1,1.331422,13.080792,1,0,0,0
phase2_static_scurve_r01_s0015,29.920,1.211833,0.311983,0.107336,1,1.331434,13.080120,1,0,0,0
phase2_static_scurve_r01_s0015,29.952,1.210147,0.314397,0.107298,1,1.331437,13.079466,1,0,0,0
phase2_static_scurve_r01_s0015,29.984,1.208450,0.316802,0.107261,1,1.331431,13.078826,1,0,0,0
phase2_static_scurve_r01_s0015,30.016,1.206742,0.319200,0.107227,1,1.331419,13.078199,1,0,0,0
phase2_static_scurve_r01_s0015,30.048,1.205027,0.321592,0.107199,1,1.331404,13.077581,1,0,0,0
phase2_static_scurve_r01_s0015,30.080,1.203300,0.323976,0.107173,1,1.331382,13.076979,1,0,0,0
phase2_static_scurve_r01_s0015,30.112,1.201570,0.326357,0.107158,1,1.331362,13.076381,1,0,0,0
phase2_static_scurve_r01_s0015,30.144,1.199832,0.328734,0.107149,1,1.331339,13.075792,1,0,0,0
phase2_static_scurve_r01_s0015,30.176,1.198088,0.331105,0.107148,1,1.331315,13.075213,1,0,0,0
phase2_static_scurve_r01_s0015,30.208,1.196337,0.333471,0.107153,1,1.331288,13.074642,1,0,0,0
phase2_static_scurve_r01_s0015,30.240,1.194581,0.335834,0.107168,1,1.331262,13.074078,1,0,0,0
phase2_static_scurve_r01_s0015,30.272,1.192819,0.338192,0.107192,1,1.331235,13.073522,1,0,0,0
phase2_static_scurve_r01_s0015,30.304,1.191047,0.340544,0.107219,1,1.331203,13.072977,1,0,0,0
phase2_static_scurve_r01_s0015,30.336,1.189264,0.342886,0.107246,1,1.331162,13.072449,1,0,0,0
phase2_static_scurve_r01_s0015,30.368,1.187469,0.345220,0.107275,1,1.331114,13.071935,1,0,0,0
phase2_static_scurve_r01_s0015,30.400,1.185660,0.347543,0.107303,1,1.331055,13.071438,1,0,0,0
phase2_static_scurve_r01_s0015,30.432,1.183840,0.349857,0.107330,1,1.330987,13.070958,1,0,0,0
phase2_static_scurve_r01_s0015,30.464,1.182005,0.352160,0.107355,1,1.330907,13.070496,1,0,0,0
phase2_static_scurve_r01_s0015,30.496,1.180156,0.354451,0.107378,1,1.330816,13.070052,1,0,0,0
phase2_static_scurve_r01_s0015,30.528,1.178291,0.356731,0.107396,1,1.330712,13.069628,1,0,0,0
phase2_static_scurve_r01_s0015,30.560,1.176412,0.358997,0.107411,1,1.330595,13.069225,1,0,0,0
phase2_static_scurve_r01_s0015,30.592,1.174517,0.361251,0.107419,1,1.330463,13.068843,1,0,0,0
phase2_static_scurve_r01_s0015,30.624,1.172605,0.363490,0.107423,1,1.330317,13.068482,1,0,0,0
phase2_static_scurve_r01_s0015,30.656,1.170678,0.365716,0.107421,1,1.330157,13.068142,1,0,0,0
phase2_static_scurve_r01_s0015,30.688,1.168735,0.367929,0.107415,1,1.329982,13.067824,1,0,0,0
phase2_static_scurve_r01_s0015,30.720,1.166779,0.370129,0.107405,1,1.329796,13.067525,1,0,0,0
phase2_static_scurve_r01_s0015,30.752,1.164809,0.372317,0.107393,1,1.329598,13.067245,1,0,0,0
phase2_static_scurve_r01_s0015,30.784,1.162825,0.374492,0.107377,1,1.329388,13.066984,1,0,0,0
phase2_static_scurve_r01_s0015,30.816,1.160827,0.376655,0.107358,1,1.329165,13.066742,1,0,0,0
phase2_static_scurve_r01_s0015,30.848,1.158816,0.378804,0.107336,1,1.328930,13.066520,1,0,0,0
phase2_static_scurve_r01_s0015,30.880,1.156793,0.380943,0.107313,1,1.328685,13.066315,1,0,0,0
phase2_static_scurve_r01_s0015,30.912,1.154757,0.383069,0.107289,1,1.328430,13.066127,1,0,0,0
phase2_static_scurve_r01_s0015,30.944,1.152709,0.385184,0.107263,1,1.328165,13.065957,1,0,0,0
phase2_static_scurve_r01_s0015,30.976,1.150649,0.387287,0.107236,1,1.327889,13.065805,1,0,0,0
phase2_static_scurve_r01_s0015,31.008,1.148579,0.389380,0.107209,1,1.327605,13.065668,1,0,0,0
phase2_static_scurve_r01_s0015,31.040,1.146498,0.391462,0.107183,1,1.327312,13.065546,1,0,0,0
phase2_static_scurve_r01_s0015,31.072,1.144408,0.393535,0.107160,1,1.327012,13.065439,1,0,0,0
phase2_static_scurve_r01_s0015,31.104,1.142311,0.395601,0.107143,1,1.326711,13.065341,1,0,0,0
phase2_static_scurve_r01_s0015,31.136,1.140206,0.397658,0.107129,1,1.326403,13.065256,1,0,0,0
phase2_static_scurve_r01_s0015,31.168,1.138098,0.399712,0.107126,1,1.326097,13.065176,1,0,0,0
phase2_static_scurve_r01_s0015,31.200,1.135983,0.401760,0.107130,1,1.325789,13.065107,1,0,0,0
phase2_static_scurve_r01_s0015,31.232,1.133862,0.403802,0.107141,1,1.325478,13.065046,1,0,0,0
phase2_static_scurve_r01_s0015,31.264,1.131737,0.405838,0.107161,1,1.325168,13.064992,1,0,0,0
phase2_static_scurve_r01_s0015,31.296,1.129609,0.407872,0.107192,1,1.324860,13.064944,1,0,0,0
phase2_static_scurve_r01_s0015,31.328,1.127475,0.409901,0.107231,1,1.324551,13.064904,1,0,0,0
phase2_static_scurve_r01_s0015,31.360,1.125335,0.411922,0.107276,1,1.324239,13.064874,1,0,0,0
phase2_static_scurve_r01_s0015,31.392,1.123185,0.413934,0.107322,1,1.323919,13.064858,1,0,0,0
phase2_static_scurve_r01_s0015,31.424,1.121025,0.415934,0.107370,1,1.323591,13.064858,1,0,0,0
phase2_static_scurve_r01_s0015,31.456,1.118854,0.417923,0.107416,1,1.323253,13.064875,1,0,0,0
phase2_static_scurve_r01_s0015,31.488,1.116672,0.419900,0.107462,1,1.322906,13.064909,1,0,0,0
phase2_static_scurve_r01_s0015,31.520,1.114477,0.421863,0.107505,1,1.322547,13.064962,1,0,0,0
phase2_static_scurve_r01_s0015,31.552,1.112271,0.423813,0.107546,1,1.322176,13.065033,1,0,0,0
phase2_static_scurve_r01_s0015,31.584,1.110053,0.425749,0.107585,1,1.321795,13.065123,1,0,0,0
phase2_static_scurve_r01_s0015,31.616,1.107824,0.427673,0.107622,1,1.321403,13.065230,1,0,0,0
phase2_static_scurve_r01_s0015,31.648,1.105582,0.429581,0.107654,1,1.320998,13.065358,1,0,0,0
phase2_static_scurve_r01_s0015,31.680,1.103327,0.431475,0.107684,1,1.320580,13.065506,1,0,0,0
phase2_static_scurve_r01_s0015,31.712,1.101059,0.433353,0.107707,1,1.320147,13.065676,1,0,0,0
phase2_static_scurve_r01_s0015,31.744,1.098778,0.435214,0.107725,1,1.319701,13.065867,1,0,0,0
phase2_static_scurve_r01_s0015,31.776,1.096483,0.437059,0.107738,1,1.319240,13.066080,1,0,0,0
phase2_static_scurve_r01_s0015,31.808,1.094176,0.438888,0.107746,1,1.318765,13.066314,1,0,0,0
phase2_static_scurve_r01_s0015,31.840,1.091856,0.440701,0.107748,1,1.318277,13.066569,1,0,0,0
phase2_static_scurve_r01_s0015,31.872,1.089524,0.442497,0.107746,1,1.317774,13.066845,1,0,0,0
phase2_static_scurve_r01_s0015,31.904,1.087179,0.444278,0.107739,1,1.317258,13.067142,1,0,0,0
phase2_static_scurve_r01_s0015,31.936,1.084825,0.446045,0.107731,1,1.316732,13.067456,1,0,0,0
phase2_static_scurve_r01_s0015,31.968,1.082461,0.447799,0.107722,1,1.316197,13.067787,1,0,0,0
phase2_static_scurve_r01_s0015,32.000,1.080087,0.449539,0.107712,1,1.315651,13.068135,1,0,0,0
phase2_static_scurve_r01_s0015,32.032,1.077702,0.451266,0.107700,1,1.315094,13.068501,1,0,0,0
phase2_static_scurve_r01_s0015,32.064,1.075310,0.452980,0.107689,1,1.314530,13.068882,1,0,0,0
phase2_static_scurve_r01_s0015,32.096,1.072908,0.454682,0.107679,1,1.313957,13.069279,1,0,0,0
phase2_static_scurve_r01_s0015,32.128,1.070499,0.456373,0.107671,1,1.313378,13.069690,1,0,0,0
phase2_static_scurve_r01_s0015,32.160,1.068085,0.458058,0.107669,1,1.312796,13.070110,1,0,0,0
phase2_static_scurve_r01_s0015,32.192,1.065663,0.459730,0.107668,1,1.312206,13.070545,1,0,0,0
phase2_static_scurve_r01_s0015,32.224,1.063238,0.461398,0.107679,1,1.311619,13.070985,1,0,0,0
phase2_static_scurve_r01_s0015,32.256,1.060809,0.463061,0.107699,1,1.311031,13.071432,1,0,0,0
phase2_static_scurve_r01_s0015,32.288,1.058375,0.464716,0.107724,1,1.310440,13.071889,1,0,0,0
phase2_static_scurve_r01_s0015,32.320,1.055936,0.466365,0.107757,1,1.309848,13.072356,1,0,0,0
phase2_static_scurve_r01_s0015,32.352,1.053494,0.468008,0.107799,1,1.309255,13.072829,1,0,0,0
phase2_static_scurve_r01_s0015,32.384,1.051049,0.469647,0.107852,1,1.308664,13.073307,1,0,0,0
phase2_static_scurve_r01_s0015,32.416,1.048600,0.471282,0.107915,1,1.308075,13.073791,1,0,0,0
phase2_static_scurve_r01_s0015,32.448,1.046145,0.472906,0.107981,1,1.307479,13.074289,1,0,0,0
phase2_static_scurve_r01_s0015,32.480,1.043681,0.474518,0.108046,1,1.306874,13.074802,1,0,0,0
phase2_static_scurve_r01_s0015,32.512,1.041208,0.476115,0.108111,1,1.306260,13.075333,1,0,0,0
phase2_static_scurve_r01_s0015,32.544,1.038726,0.477699,0.108175,1,1.305635,13.075880,1,0,0,0
phase2_static_scurve_r01_s0015,32.576,1.036234,0.479268,0.108236,1,1.304999,13.076446,1,0,0,0
phase2_static_scurve_r01_s0015,32.608,1.033731,0.480819,0.108293,1,1.304350,13.077032,1,0,0,0
phase2_static_scurve_r01_s0015,32.640,1.031217,0.482352,0.108343,1,1.303686,13.077641,1,0,0,0
phase2_static_scurve_r01_s0015,32.672,1.028691,0.483865,0.108385,1,1.303005,13.078273,1,0,0,0
phase2_static_scurve_r01_s0015,32.704,1.026152,0.485356,0.108417,1,1.302306,13.078930,1,0,0,0
phase2_static_scurve_r01_s0015,32.736,1.023600,0.486826,0.108441,1,1.301590,13.079612,1,0,0,0
phase2_static_scurve_r01_s0015,32.768,1.021036,0.488275,0.108456,1,1.300856,13.080317,1,0,0,0
phase2_static_scurve_r01_s0015,32.800,1.018461,0.489702,0.108462,1,1.300105,13.081047,1,0,0,0
phase2_static_scurve_r01_s0015,32.832,1.015875,0.491109,0.108460,1,1.299337,13.081801,1,0,0,0
phase2_static_scurve_r01_s0015,32.864,1.013277,0.492494,0.108449,1,1.298553,13.082578,1,0,0,0
phase2_static_scurve_r01_s0015,32.896,1.010668,0.493859,0.108430,1,1.297751,13.083379,1,0,0,0
phase2_static_scurve_r01_s0015,32.928,1.008049,0.495203,0.108405,1,1.296935,13.084202,1,0,0,0
phase2_static_scurve_r01_s0015,32.960,1.005421,0.496529,0.108373,1,1.296104,13.085046,1,0,0,0
phase2_static_scurve_r01_s0015,32.992,1.002785,0.497838,0.108339,1,1.295263,13.085907,1,0,0,0
phase2_static_scurve_r01_s0015,33.024,1.000140,0.499129,0.108301,1,1.294408,13.086789,1,0,0,0
phase2_static_scurve_r01_s0015,33.056,0.997487,0.500403,0.108259,1,1.293541,13.087688,1,0,0,0
phase2_static_scurve_r01_s0015,33.088,0.994826,0.501661,0.108215,1,1.292663,13.088606,1,0,0,0
phase2_static_scurve_r01_s0015,33.120,0.992157,0.502902,0.108167,1,1.291774,13.089542,1,0,0,0
phase2_static_scurve_r01_s0015,33.152,0.989481,0.504128,0.108118,1,1.290875,13.090494,1,0,0,0
phase2_static_scurve_r01_s0015,33.184,0.986800,0.505340,0.108071,1,1.289968,13.091461,1,0,0,0
phase2_static_scurve_r01_s0015,33.216,0.984114,0.506543,0.108028,1,1.289057,13.092438,1,0,0,0
phase2_static_scurve_r01_s0015,33.248,0.981422,0.507733,0.107987,1,1.288138,13.093429,1,0,0,0
phase2_static_scurve_r01_s0015,33.280,0.978728,0.508917,0.107954,1,1.287220,13.094426,1,0,0,0
phase2_static_scurve_r01_s0015,33.312,0.976031,0.510096,0.107932,1,1.286302,13.095430,1,0,0,0
phase2_static_scurve_r01_s0015,33.344,0.973332,0.511268,0.107918,1,1.285384,13.096441,1,0,0,0
phase2_static_scurve_r01_s0015,33.376,0.970629,0.512434,0.107912,1,1.284465,13.097459,1,0,0,0
phase2_static_scurve_r01_s0015,33.408,0.967925,0.513596,0.107918,1,1.283548,13.098482,1,0,0,0
phase2_static_scurve_r01_s0015,33.440,0.965220,0.514755,0.107936,1,1.282634,13.099509,1,0,0,0
phase2_static_scurve_r01_s0015,33.472,0.962511,0.515909,0.107964,1,1.281720,13.100541,1,0,0,0
phase2_static_scurve_r01_s0015,33.504,0.959797,0.517049,0.107992,1,1.280798,13.101588,1,0,0,0
phase2_static_scurve_r01_s0015,33.536,0.957077,0.518176,0.108020,1,1.279868,13.102650,1,0,0,0
phase2_static_scurve_r01_s0015,33.568,0.954351,0.519288,0.108050,1,1.278930,13.103727,1,0,0,0
phase2_static_scurve_r01_s0015,33.600,0.951619,0.520386,0.108078,1,1.277982,13.104819,1,0,0,0
phase2_static_scurve_r01_s0015,33.632,0.948880,0.521466,0.108104,1,1.277023,13.105929,1,0,0,0
phase2_static_scurve_r01_s0015,33.664,0.946134,0.522529,0.108127,1,1.276053,13.107057,1,0,0,0
phase2_static_scurve_r01_s0015,33.696,0.943381,0.523574,0.108145,1,1.275070,13.108203,1,0,0,0
phase2_static_scurve_r01_s0015,33.728,0.940621,0.524598,0.108157,1,1.274072,13.109370,1,0,0,0
phase2_static_scurve_r01_s0015,33.760,0.937853,0.525603,0.108164,1,1.273061,13.110557,1,0,0,0
phase2_static_scurve_r01_s0015,33.792,0.935077,0.526585,0.108163,1,1.272033,13.111766,1,0,0,0
phase2_static_scurve_r01_s0015,33.824,0.932294,0.527546,0.108154,1,1.270991,13.112996,1,0,0,0
phase2_static_scurve_r01_s0015,33.856,0.929504,0.528486,0.108139,1,1.269933,13.114247,1,0,0,0
phase2_static_scurve_r01_s0015,33.888,0.926706,0.529404,0.108117,1,1.268861,13.115519,1,0,0,0
phase2_static_scurve_r01_s0015,33.920,0.923902,0.530301,0.108087,1,1.267773,13.116811,1,0,0,0
phase2_static_scurve_r01_s0015,33.952,0.921092,0.531177,0.108051,1,1.266671,13.118124,1,0,0,0
phase2_static_scurve_r01_s0015,33.984,0.918275,0.532031,0.108009,1,1.265554,13.119458,1,0,0,0
phase2_static_scurve_r01_s0015,34.016,0.915451,0.532864,0.107959,1,1.264423,13.120811,1,0,0,0
phase2_static_scurve_r01_s0015,34.048,0.912623,0.533678,0.107905,1,1.263279,13.122183,1,0,0,0
phase2_static_scurve_r01_s0015,34.080,0.909789,0.534472,0.107847,1,1.262122,13.123573,1,0,0,0
phase2_static_scurve_r01_s0015,34.112,0.906950,0.535248,0.107785,1,1.260954,13.124979,1,0,0,0
phase2_static_scurve_r01_s0015,34.144,0.904106,0.536007,0.107720,1,1.259775,13.126403,1,0,0,0
phase2_static_scurve_r01_s0015,34.176,0.901258,0.536747,0.107653,1,1.258584,13.127843,1,0,0,0
phase2_static_scurve_r01_s0015,34.208,0.898407,0.537473,0.107586,1,1.257387,13.129296,1,0,0,0
phase2_static_scurve_r01_s0015,34.240,0.895552,0.538187,0.107522,1,1.256183,13.130760,1,0,0,0
phase2_static_scurve_r01_s0015,34.272,0.892695,0.538890,0.107463,1,1.254975,13.132235,1,0,0,0
phase2_static_scurve_r01_s0015,34.304,0.889835,0.539582,0.107407,1,1.253762,13.133721,1,0,0,0
phase2_static_scurve_r01_s0015,34.336,0.886974,0.540266,0.107359,1,1.252547,13.135213,1,0,0,0
phase2_static_scurve_r01_s0015,34.368,0.884110,0.540944,0.107321,1,1.251333,13.136711,1,0,0,0
phase2_static_scurve_r01_s0015,34.400,0.881244,0.541614,0.107289,1,1.250116,13.138218,1,0,0,0
phase2_static_scurve_r01_s0015,34.432,0.878377,0.542275,0.107263,1,1.248897,13.139733,1,0,0,0
phase2_static_scurve_r01_s0015,34.464,0.875507,0.542929,0.107247,1,1.247678,13.141254,1,0,0,0
phase2_static_scurve_r01_s0015,34.496,0.872636,0.543577,0.107239,1,1.246458,13.142781,1,0,0,0
phase2_static_scurve_r01_s0015,34.528,0.869763,0.544215,0.107237,1,1.245234,13.144318,1,0,0,0
phase2_static_scurve_r01_s0015,34.560,0.866886,0.544840,0.107237,1,1.244004,13.145867,1,0,0,0
phase2_static_scurve_r01_s0015,34.592,0.864007,0.545453,0.107240,1,1.242768,13.147427,1,0,0,0
phase2_static_scurve_r01_s0015,34.624,0.861124,0.546051,0.107243,1,1.241524,13.149000,1,0,0,0
phase2_static_scurve_r01_s0015,34.656,0.858238,0.546635,0.107248,1,1.240273,13.150586,1,0,0,0
phase2_static_scurve_r01_s0015,34.688,0.855349,0.547202,0.107251,1,1.239012,13.152187,1,0,0,0
phase2_static_scurve_r01_s0015,34.720,0.852457,0.547754,0.107254,1,1.237742,13.153802,1,0,0,0
phase2_static_scurve_r01_s0015,34.752,0.849562,0.548290,0.107256,1,1.236464,13.155430,1,0,0,0
phase2_static_scurve_r01_s0015,34.784,0.846663,0.548808,0.107256,1,1.235175,13.157074,1,0,0,0
phase2_static_scurve_r01_s0015,34.816,0.843762,0.549309,0.107254,1,1.233876,13.158733,1,0,0,0
phase2_static_scurve_r01_s0015,34.848,0.840858,0.549792,0.107249,1,1.232567,13.160407,1,0,0,0
phase2_static_scurve_r01_s0015,34.880,0.837950,0.550256,0.107241,1,1.231245,13.162098,1,0,0,0
phase2_static_scurve_r01_s0015,34.912,0.835039,0.550701,0.107228,1,1.229912,13.163805,1,0,0,0
phase2_static_scurve_r01_s0015,34.944,0.832126,0.551127,0.107212,1,1.228568,13.165528,1,0,0,0
phase2_static_scurve_r01_s0015,34.976,0.829210,0.551534,0.107193,1,1.227212,13.167266,1,0,0,0
phase2_static_scurve_r01_s0015,35.008,0.826292,0.551922,0.107170,1,1.225845,13.169020,1,0,0,0
phase2_static_scurve_r01_s0015,35.040,0.823371,0.552291,0.107143,1,1.224467,13.170790,1,0,0,0
phase2_static_scurve_r01_s0015,35.072,0.820448,0.552641,0.107114,1,1.223077,13.172576,1,0,0,0
phase2_static_scurve_r01_s0015,35.104,0.817524,0.552975,0.107083,1,1.221679,13.174375,1,0,0,0
phase2_static_scurve_r01_s0015,35.136,0.814597,0.553292,0.107050,1,1.220270,13.176188,1,0,0,0
phase2_static_scurve_r01_s0015,35.168,0.811669,0.553591,0.107016,1,1.218852,13.178014,1,0,0,0
phase2_static_scurve_r01_s0015,35.200,0.808739,0.553874,0.106980,1,1.217425,13.179855,1,0,0,0
phase2_static_scurve_r01_s0015,35.232,0.805808,0.554141,0.106944,1,1.215990,13.181708,1,0,0,0
phase2_static_scurve_r01_s0015,35.264,0.802874,0.554393,0.106909,1,1.214546,13.183573,1,0,0,0
phase2_static_scurve_r01_s0015,35.296,0.799940,0.554630,0.106874,1,1.213095,13.185451,1,0,0,0
phase2_static_scurve_r01_s0015,35.328,0.797005,0.554853,0.106841,1,1.211638,13.187339,1,0,0,0
phase2_static_scurve_r01_s0015,35.360,0.794068,0.555063,0.106810,1,1.210174,13.189238,1,0,0,0
phase2_static_scurve_r01_s0015,35.392,0.791131,0.555262,0.106783,1,1.208705,13.191147,1,0,0,0
phase2_static_scurve_r01_s0015,35.424,0.788193,0.555451,0.106762,1,1.207234,13.193062,1,0,0,0
phase2_static_scurve_r01_s0015,35.456,0.785255,0.555632,0.106749,1,1.205761,13.194985,1,0,0,0
phase2_static_scurve_r01_s0015,35.488,0.782316,0.555802,0.106740,1,1.204284,13.196916,1,0,0,0
phase2_static_scurve_r01_s0015,35.520,0.779376,0.555964,0.106739,1,1.202805,13.198853,1,0,0,0
phase2_static_scurve_r01_s0015,35.552,0.776437,0.556122,0.106750,1,1.201328,13.200794,1,0,0,0
phase2_static_scurve_r01_s0015,35.584,0.773496,0.556269,0.106765,1,1.199848,13.202743,1,0,0,0
phase2_static_scurve_r01_s0015,35.616,0.770555,0.556397,0.106776,1,1.198355,13.204708,1,0,0,0
phase2_static_scurve_r01_s0015,35.648,0.767612,0.556503,0.106782,1,1.196850,13.206688,1,0,0,0
phase2_static_scurve_r01_s0015,35.680,0.764669,0.556591,0.106784,1,1.195334,13.208683,1,0,0,0
phase2_static_scurve_r01_s0015,35.712,0.761726,0.556661,0.106784,1,1.193808,13.210692,1,0,0,0
phase2_static_scurve_r01_s0015,35.744,0.758782,0.556713,0.106782,1,1.192272,13.212713,1,0,0,0
phase2_static_scurve_r01_s0015,35.776,0.755838,0.556748,0.106778,1,1.190727,13.214748,1,0,0,0
phase2_static_scurve_r01_s0015,35.808,0.752893,0.556765,0.106772,1,1.189172,13.216795,1,0,0,0
phase2_static_scurve_r01_s0015,35.840,0.749949,0.556767,0.106767,1,1.187609,13.218854,1,0,0,0
phase2_static_scurve_r01_s0015,35.872,0.747005,0.556753,0.106753,1,1.186039,13.220924,1,0,0,0
phase2_static_scurve_r01_s0015,35.904,0.744061,0.556724,0.106724,1,1.184460,13.223005,1,0,0,0
phase2_static_scurve_r01_s0015,35.936,0.741117,0.556682,0.106682,1,1.182876,13.225096,1,0,0,0
phase2_static_scurve_r01_s0015,35.968,0.738174,0.556626,0.106626,1,1.181285,13.227197,1,0,0,0
phase2_static_scurve_r01_s0015,36.000,0.735231,0.556556,0.106556,1,1.179688,13.229308,1,0,0,0
phase2_static_scurve_r01_s0015,36.032,0.732288,0.556472,0.106472,1,1.178084,13.231429,1,0,0,0
phase2_static_scurve_r01_s0015,36.064,0.729345,0.556379,0.106379,1,1.176478,13.233556,1,0,0,0
phase2_static_scurve_r01_s0015,36.096,0.726403,0.556276,0.106276,1,1.174869,13.235691,1,0,0,0
phase2_static_scurve_r01_s0015,36.128,0.723462,0.556162,0.106162,1,1.173256,13.237833,1,0,0,0
phase2_static_scurve_r01_s0015,36.160,0.720520,0.556038,0.106038,1,1.171639,13.239983,1,0,0,0
phase2_static_scurve_r01_s0015,36.192,0.717579,0.555906,0.105906,1,1.170021,13.242139,1,0,0,0
phase2_static_scurve_r01_s0015,36.224,0.714639,0.555765,0.105765,1,1.168400,13.244301,1,0,0,0
phase2_static_scurve_r01_s0015,36.256,0.711699,0.555615,0.105615,1,1.166777,13.246469,1,0,0,0
phase2_static_scurve_r01_s0015,36.288,0.708759,0.555456,0.105456,1,1.165152,13.248644,1,0,0,0
phase2_static_scurve_r01_s0015,36.320,0.705820,0.555289,0.105289,1,1.163525,13.250825,1,0,0,0
phase2_static_scurve_r01_s0015,36.352,0.702881,0.555114,0.105114,1,1.161897,13.253010,1,0,0,0
phase2_static_scurve_r01_s0015,36.384,0.699943,0.554933,0.104933,1,1.160269,13.255201,1,0,0,0
phase2_static_scurve_r01_s0015,36.416,0.697005,0.554744,0.104744,1,1.158639,13.257397,1,0,0,0
phase2_static_scurve_r01_s0015,36.448,0.694067,0.554548,0.104548,1,1.157009,13.259598,1,0,0,0
phase2_static_scurve_r01_s0015,36.480,0.691130,0.554345,0.104345,1,1.155378,13.261804,1,0,0,0
phase2_static_scurve_r01_s0015,36.512,0.688194,0.554136,0.104136,1,1.153748,13.264014,1,0,0,0
phase2_static_scurve_r01_s0015,36.544,0.685257,0.553923,0.103923,1,1.152118,13.266228,1,0,0,0
phase2_static_scurve_r01_s0015,36.576,0.682322,0.553703,0.103703,1,1.150489,13.268446,1,0,0,0
phase2_static_scurve_r01_s0015,36.608,0.679386,0.553478,0.103478,1,1.148861,13.270668,1,0,0,0
phase2_static_scurve_r01_s0015,36.640,0.676451,0.553247,0.103247,1,1.147233,13.272893,1,0,0,0
phase2_static_scurve_r01_s0015,36.672,0.673517,0.553011,0.103011,1,1.145605,13.275123,1,0,0,0
phase2_static_scurve_r01_s0015,36.704,0.670583,0.552771,0.102771,1,1.143980,13.277355,1,0,0,0
phase2_static_scurve_r01_s0015,36.736,0.667649,0.552527,0.102527,1,1.142357,13.279591,1,0,0,0
phase2_static_scurve_r01_s0015,36.768,0.664715,0.552284,0.102284,1,1.140740,13.281825,1,0,0,0
phase2_static_scurve_r01_s0015,36.800,0.661781,0.552041,0.102041,1,1.139128,13.284061,1,0,0,0
phase2_static_scurve_r01_s0015,36.832,0.658847,0.551797,0.101797,1,1.137521,13.286297,1,0,0,0
phase2_static_scurve_r01_s0015,36.864,0.655913,0.551552,0.101552,1,1.135918,13.288533,1,0,0,0
phase2_static_scurve_r01_s0015,36.896,0.652980,0.551307,0.101307,1,1.134321,13.290771,1,0,0,0
phase2_static_scurve_r01_s0015,36.928,0.650046,0.551062,0.101062,1,1.132728,13.293009,1,0,0,0
phase2_static_scurve_r01_s0015,36.960,0.647112,0.550815,0.100815,1,1.131140,13.295247,1,0,0,0
phase2_static_scurve_r01_s0015,36.992,0.644179,0.550568,0.100568,1,1.129557,13.297487,1,0,0,0
phase2_static_scurve_r01_s0015,37.024,0.641245,0.550320,0.100320,1,1.127979,13.299727,1,0,0,0
phase2_static_scurve_r01_s0015,37.056,0.638312,0.550072,0.100072,1,1.126406,13.301968,1,0,0,0
phase2_static_scurve_r01_s0015,37.088,0.635378,0.549822,0.099822,1,1.124837,13.304210,1,0,0,0
phase2_static_scurve_r01_s0015,37.120,0.632445,0.549572,0.099572,1,1.123274,13.306452,1,0,0,0
phase2_static_scurve_r01_s0015,37.152,0.629511,0.549321,0.099321,1,1.121715,13.308696,1,0,0,0
phase2_static_scurve_r01_s0015,37.184,0.626578,0.549069,0.099069,1,1.120161,13.310940,1,0,0,0
phase2_static_scurve_r01_s0015,37.216,0.623645,0.548817,0.098817,1,1.118612,13.313185,1,0,0,0
phase2_static_scurve_r01_s0015,37.248,0.620712,0.548563,0.098563,1,1.117068,13.315431,1,0,0,0
phase2_static_scurve_r01_s0015,37.280,0.617779,0.548314,0.098314,1,1.115533,13.317675,1,0,0,0
phase2_static_scurve_r01_s0015,37.312,0.614845,0.548067,0.098067,1,1.114006,13.319917,1,0,0,0
phase2_static_scurve_r01_s0015,37.344,0.611911,0.547823,0.097823,1,1.112487,13.322157,1,0,0,0
phase2_static_scurve_r01_s0015,37.376,0.608977,0.547581,0.097581,1,1.110976,13.324396,1,0,0,0
phase2_static_scurve_r01_s0015,37.408,0.606043,0.547343,0.097343,1,1.109473,13.326634,1,0,0,0
phase2_static_scurve_r01_s0015,37.440,0.603108,0.547109,0.097109,1,1.107980,13.328868,1,0,0,0
phase2_static_scurve_r01_s0015,37.472,0.600173,0.546880,0.096880,1,1.106497,13.331100,1,0,0,0
phase2_static_scurve_r01_s0015,37.504,0.597237,0.546655,0.096655,1,1.105023,13.333329,1,0,0,0
phase2_static_scurve_r01_s0015,37.536,0.594302,0.546434,0.096434,1,1.103560,13.335556,1,0,0,0
phase2_static_scurve_r01_s0015,37.568,0.591366,0.546218,0.096218,1,1.102105,13.337781,1,0,0,0
phase2_static_scurve_r01_s0015,37.600,0.588429,0.546008,0.096008,1,1.100663,13.340001,1,0,0,0
phase2_static_scurve_r01_s0015,37.632,0.585492,0.545805,0.095805,1,1.099231,13.342218,1,0,0,0
phase2_static_scurve_r01_s0015,37.664,0.582555,0.545607,0.095607,1,1.097811,13.344431,1,0,0,0
phase2_static_scurve_r01_s0015,37.696,0.579617,0.545417,0.095417,1,1.096405,13.346638,1,0,0,0
phase2_static_scurve_r01_s0015,37.728,0.576678,0.545236,0.095236,1,1.095011,13.348841,1,0,0,0
phase2_static_scurve_r01_s0015,37.760,0.573739,0.545064,0.095064,1,1.093632,13.351038,1,0,0,0
phase2_static_scurve_r01_s0015,37.792,0.570800,0.544902,0.094902,1,1.092268,13.353228,1,0,0,0
phase2_static_scurve_r01_s0015,37.824,0.567860,0.544746,0.094746,1,1.090916,13.355415,1,0,0,0
phase2_static_scurve_r01_s0015,37.856,0.564919,0.544601,0.094601,1,1.089580,13.357594,1,0,0,0
phase2_static_scurve_r01_s0015,37.888,0.561978,0.544462,0.094462,1,1.088256,13.359770,1,0,0,0
phase2_static_scurve_r01_s0015,37.920,0.559037,0.544334,0.094334,1,1.086947,13.361939,1,0,0,0
phase2_static_scurve_r01_s0015,37.952,0.556095,0.544214,0.094214,1,1.085652,13.364102,1,0,0,0
phase2_static_scurve_r01_s0015,37.984,0.553153,0.544104,0.094104,1,1.084373,13.366259,1,0,0,0
phase2_static_scurve_r01_s0015,38.016,0.550211,0.544003,0.094003,1,1.083108,13.368410,1,0,0,0
phase2_static_scurve_r01_s0015,38.048,0.547268,0.543911,0.093911,1,1.081858,13.370555,1,0,0,0
phase2_static_scurve_r01_s0015,38.080,0.544326,0.543826,0.093826,1,1.080621,13.372696,1,0,0,0
phase2_static_scurve_r01_s0015,38.112,0.541382,0.543751,0.093751,1,1.079400,13.374831,1,0,0,0
phase2_static_scurve_r01_s0015,38.144,0.538439,0.543685,0.093685,1,1.078193,13.376959,1,0,0,0
phase2_static_scurve_r01_s0015,38.176,0.535496,0.543625,0.093625,1,1.077000,13.379083,1,0,0,0
phase2_static_scurve_r01_s0015,38.208,0.532552,0.543576,0.093576,1,1.075822,13.381201,1,0,0,0
phase2_static_scurve_r01_s0015,38.240,0.529608,0.543535,0.093535,1,1.074659,13.383312,1,0,0,0
phase2_static_scurve_r01_s0015,38.272,0.526665,0.543502,0.093502,1,1.073509,13.385419,1,0,0,0
phase2_static_scurve_r01_s0015,38.304,0.523721,0.543475,0.093475,1,1.072373,13.387521,1,0,0,0
phase2_static_scurve_r01_s0015,38.336,0.520777,0.543459,0.093459,1,1.071253,13.389617,1,0,0,0
phase2_static_scurve_r01_s0015,38.368,0.517833,0.543449,0.093449,1,1.070146,13.391708,1,0,0,0
phase2_static_scurve_r01_s0015,38.400,0.514889,0.543447,0.093447,1,1.069053,13.393794,1,0,0,0
phase2_static_scurve_r01_s0015,38.432,0.511945,0.543452,0.093452,1,1.067974,13.395876,1,0,0,0
phase2_static_scurve_r01_s0015,38.464,0.509001,0.543465,0.093465,1,1.066909,13.397952,1,0,0,0
phase2_static_scurve_r01_s0015,38.496,0.506057,0.543485,0.093485,1,1.065858,13.400024,1,0,0,0
phase2_static_scurve_r01_s0015,38.528,0.503113,0.543513,0.093513,1,1.064820,13.402090,1,0,0,0
phase2_static_scurve_r01_s0015,38.560,0.500169,0.543546,0.093546,1,1.063796,13.404152,1,0,0,0
phase2_static_scurve_r01_s0015,38.592,0.497225,0.543586,0.093586,1,1.062785,13.406211,1,0,0,0
phase2_static_scurve_r01_s0015,38.624,0.494282,0.543631,0.093631,1,1.061785,13.408266,1,0,0,0
phase2_static_scurve_r01_s0015,38.656,0.491338,0.543681,0.093681,1,1.060799,13.410318,1,0,0,0
phase2_static_scurve_r01_s0015,38.688,0.488395,0.543738,0.093738,1,1.059825,13.412365,1,0,0,0
phase2_static_scurve_r01_s0015,38.720,0.485451,0.543800,0.093800,1,1.058864,13.414409,1,0,0,0
phase2_static_scurve_r01_s0015,38.752,0.482508,0.543868,0.093868,1,1.057916,13.416448,1,0,0,0
phase2_static_scurve_r01_s0015,38.784,0.479565,0.543939,0.093939,1,1.056978,13.418486,1,0,0,0
phase2_static_scurve_r01_s0015,38.816,0.476622,0.544015,0.094015,1,1.056051,13.420521,1,0,0,0
phase2_static_scurve_r01_s0015,38.848,0.473679,0.544094,0.094094,1,1.055136,13.422554,1,0,0,0
phase2_static_scurve_r01_s0015,38.880,0.470736,0.544178,0.094178,1,1.054232,13.424583,1,0,0,0
phase2_static_scurve_r01_s0015,38.912,0.467794,0.544266,0.094266,1,1.053340,13.426611,1,0,0,0
phase2_static_scurve_r01_s0015,38.944,0.464851,0.544358,0.094358,1,1.052459,13.428635,1,0,0,0
phase2_static_scurve_r01_s0015,38.976,0.461909,0.544454,0.094454,1,1.051589,13.430657,1,0,0,0
phase2_static_scurve_r01_s0015,39.008,0.458966,0.544554,0.094554,1,1.050731,13.432676,1,0,0,0
phase2_static_scurve_r01_s0015,39.040,0.456024,0.544656,0.094656,1,1.049882,13.434694,1,0,0,0
phase2_static_scurve_r01_s0015,39.072,0.453082,0.544760,0.094760,1,1.049043,13.436711,1,0,0,0
phase2_static_scurve_r01_s0015,39.104,0.450140,0.544867,0.094867,1,1.048214,13.438726,1,0,0,0
phase2_static_scurve_r01_s0015,39.136,0.447198,0.544976,0.094976,1,1.047395,13.440740,1,0,0,0
phase2_static_scurve_r01_s0015,39.168,0.444256,0.545088,0.095088,1,1.046586,13.442753,1,0,0,0
phase2_static_scurve_r01_s0015,39.200,0.441314,0.545202,0.095202,1,1.045787,13.444764,1,0,0,0
phase2_static_scurve_r01_s0015,39.232,0.438373,0.545319,0.095319,1,1.044998,13.446773,1,0,0,0
phase2_static_scurve_r01_s0015,39.264,0.435431,0.545438,0.095438,1,1.044219,13.448781,1,0,0,0
phase2_static_scurve_r01_s0015,39.296,0.432489,0.545555,0.095555,1,1.043446,13.450791,1,0,0,0
phase2_static_scurve_r01_s0015,39.328,0.429548,0.545671,0.095671,1,1.042680,13.452802,1,0,0,0
phase2_static_scurve_r01_s0015,39.360,0.426606,0.545786,0.095786,1,1.041920,13.454815,1,0,0,0
phase2_static_scurve_r01_s0015,39.392,0.423664,0.545900,0.095900,1,1.041167,13.456828,1,0,0,0
phase2_static_scurve_r01_s0015,39.424,0.420722,0.546013,0.096013,1,1.040421,13.458842,1,0,0,0
phase2_static_scurve_r01_s0015,39.456,0.417780,0.546125,0.096125,1,1.039682,13.460857,1,0,0,0
phase2_static_scurve_r01_s0015,39.488,0.414838,0.546236,0.096236,1,1.038950,13.462874,1,0,0,0
phase2_static_scurve_r01_s0015,39.520,0.411897,0.546347,0.096347,1,1.038225,13.464891,1,0,0,0
phase2_static_scurve_r01_s0015,39.552,0.408955,0.546456,0.096456,1,1.037507,13.466909,1,0,0,0
phase2_static_scurve_r01_s0015,39.584,0.406013,0.546565,0.096565,1,1.036796,13.468928,1,0,0,0
phase2_static_scurve_r01_s0015,39.616,0.403071,0.546673,0.096673,1,1.036092,13.470948,1,0,0,0
phase2_static_scurve_r01_s0015,39.648,0.400129,0.546780,0.096780,1,1.035395,13.472969,1,0,0,0
phase2_static_scurve_r01_s0015,39.680,0.397186,0.546887,0.096887,1,1.034706,13.474991,1,0,0,0
phase2_static_scurve_r01_s0015,39.712,0.394244,0.546993,0.096993,1,1.034023,13.477013,1,0,0,0
phase2_static_scurve_r01_s0015,39.744,0.391302,0.547097,0.097097,1,1.033348,13.479037,1,0,0,0
phase2_static_scurve_r01_s0015,39.776,0.388360,0.547202,0.097202,1,1.032680,13.481062,1,0,0,0
phase2_static_scurve_r01_s0015,39.808,0.385418,0.547305,0.097305,1,1.032019,13.483087,1,0,0,0
phase2_static_scurve_r01_s0015,39.840,0.382476,0.547408,0.097408,1,1.031366,13.485113,1,0,0,0
phase2_static_scurve_r01_s0015,39.872,0.379533,0.547509,0.097509,1,1.030719,13.487140,1,0,0,0
phase2_static_scurve_r01_s0015,39.904,0.376591,0.547610,0.097610,1,1.030080,13.489168,1,0,0,0
phase2_static_scurve_r01_s0015,39.936,0.373649,0.547711,0.097711,1,1.029449,13.491197,1,0,0,0
phase2_static_scurve_r01_s0015,39.968,0.370707,0.547810,0.097810,1,1.028824,13.493227,1,0,0,0
phase2_static_scurve_r01_s0015,40.000,0.367764,0.547909,0.097909,1,1.028207,13.495258,1,0,0,0
phase2_static_scurve_r01_s0015,40.032,0.364822,0.548007,0.098007,1,1.027597,13.497290,1,0,0,0
phase2_static_scurve_r01_s0015,40.064,0.361879,0.548104,0.098104,1,1.026995,13.499322,1,0,0,0
phase2_static_scurve_r01_s0015,40.096,0.358937,0.548201,0.098201,1,1.026399,13.501356,1,0,0,0
phase2_static_scurve_r01_s0015,40.128,0.355995,0.548296,0.098296,1,1.025811,13.503390,1,0,0,0
phase2_static_scurve_r01_s0015,40.160,0.353052,0.548391,0.098391,1,1.025231,13.505425,1,0,0,0
phase2_static_scurve_r01_s0015,40.192,0.350110,0.548485,0.098485,1,1.024658,13.507461,1,0,0,0
phase2_static_scurve_r01_s0015,40.224,0.347167,0.548579,0.098579,1,1.024092,13.509498,1,0,0,0
phase2_static_scurve_r01_s0015,40.256,0.344225,0.548671,0.098671,1,1.023534,13.511536,1,0,0,0
phase2_static_scurve_r01_s0015,40.288,0.341282,0.548763,0.098763,1,1.022983,13.513575,1,0,0,0
phase2_static_scurve_r01_s0015,40.320,0.338339,0.548854,0.098854,1,1.022439,13.515615,1,0,0,0
phase2_static_scurve_r01_s0015,40.352,0.335397,0.548944,0.098944,1,1.021903,13.517656,1,0,0,0
phase2_static_scurve_r01_s0015,40.384,0.332454,0.549029,0.099029,1,1.021369,13.519700,1,0,0,0
phase2_static_scurve_r01_s0015,40.416,0.329511,0.549114,0.099114,1,1.020845,13.521745,1,0,0,0
phase2_static_scurve_r01_s0015,40.448,0.326568,0.549198,0.099198,1,1.020327,13.523791,1,0,0,0
phase2_static_scurve_r01_s0015,40.480,0.323626,0.549282,0.099282,1,1.019818,13.525838,1,0,0,0
phase2_static_scurve_r01_s0015,40.512,0.320683,0.549365,0.099365,1,1.019315,13.527886,1,0,0,0
phase2_static_scurve_r01_s0015,40.544,0.317740,0.549442,0.099442,1,1.018816,13.529937,1,0,0,0
phase2_static_scurve_r01_s0015,40.576,0.314797,0.549520,0.099520,1,1.018325,13.531989,1,0,0,0
phase2_static_scurve_r01_s0015,40.608,0.311854,0.549592,0.099592,1,1.017837,13.534045,1,0,0,0
phase2_static_scurve_r01_s0015,40.640,0.308910,0.549661,0.099661,1,1.017354,13.536105,1,0,0,0
phase2_static_scurve_r01_s0015,40.672,0.305967,0.549722,0.099722,1,1.016872,13.538169,1,0,0,0
phase2_static_scurve_r01_s0015,40.704,0.303024,0.549780,0.099780,1,1.016394,13.540237,1,0,0,0
phase2_static_scurve_r01_s0015,40.736,0.300080,0.549831,0.099831,1,1.015919,13.542309,1,0,0,0
phase2_static_scurve_r01_s0015,40.768,0.297136,0.549879,0.099879,1,1.015448,13.544385,1,0,0,0
phase2_static_scurve_r01_s0015,40.800,0.294193,0.549922,0.099922,1,1.014981,13.546463,1,0,0,0
phase2_static_scurve_r01_s0015,40.832,0.291249,0.549961,0.099961,1,1.014519,13.548545,1,0,0,0
phase2_static_scurve_r01_s0015,40.864,0.288305,0.549994,0.099994,1,1.014059,13.550632,1,0,0,0
phase2_static_scurve_r01_s0015,40.896,0.285361,0.550022,0.100022,1,1.013601,13.552723,1,0,0,0
phase2_static_scurve_r01_s0015,40.928,0.282417,0.550043,0.100043,1,1.013146,13.554819,1,0,0,0
phase2_static_scurve_r01_s0015,40.960,0.279473,0.550058,0.100058,1,1.012694,13.556919,1,0,0,0
phase2_static_scurve_r01_s0015,40.992,0.276529,0.550070,0.100070,1,1.012246,13.559021,1,0,0,0
phase2_static_scurve_r01_s0015,41.024,0.273585,0.550078,0.100078,1,1.011803,13.561127,1,0,0,0
phase2_static_scurve_r01_s0015,41.056,0.270641,0.550082,0.100082,1,1.011364,13.563236,1,0,0,0
phase2_static_scurve_r01_s0015,41.088,0.267697,0.550082,0.100082,1,1.010930,13.565348,1,0,0,0
phase2_static_scurve_r01_s0015,41.120,0.264753,0.550078,0.100078,1,1.010500,13.567463,1,0,0,0
phase2_static_scurve_r01_s0015,41.152,0.261809,0.550075,0.100075,1,1.010079,13.569578,1,0,0,0
phase2_static_scurve_r01_s0015,41.184,0.258865,0.550072,0.100072,2,1.009667,13.571693,1,0,0,0
phase2_static_scurve_r01_s0015,41.216,0.255921,0.550063,0.100063,2,1.009257,13.573813,1,0,0,0
phase2_static_scurve_r01_s0015,41.248,0.252977,0.550049,0.100049,2,1.008852,13.575935,1,0,0,0
phase2_static_scurve_r01_s0015,41.280,0.250033,0.550032,0.100032,2,1.008451,13.578061,1,0,0,0
phase2_static_scurve_r01_s0015,41.312,0.247089,0.550011,0.100011,2,1.008054,13.580190,1,0,0,0
phase2_static_scurve_r01_s0015,41.344,0.244146,0.549985,0.099985,2,1.007662,13.582322,1,0,0,0
phase2_static_scurve_r01_s0015,41.376,0.241202,0.549956,0.099956,2,1.007274,13.584458,1,0,0,0
phase2_static_scurve_r01_s0015,41.408,0.238258,0.549922,0.099922,2,1.006890,13.586596,1,0,0,0
phase2_static_scurve_r01_s0015,41.440,0.235314,0.549884,0.099884,2,1.006511,13.588738,1,0,0,0
phase2_static_scurve_r01_s0015,41.472,0.232370,0.549846,0.099846,2,1.006141,13.590879,1,0,0,0
phase2_static_scurve_r01_s0015,41.504,0.229427,0.549809,0.099809,2,1.005779,13.593021,1,0,0,0
phase2_static_scurve_r01_s0015,41.536,0.226483,0.549770,0.099770,2,1.005425,13.595164,1,0,0,0
phase2_static_scurve_r01_s0015,41.568,0.223539,0.549731,0.099731,2,1.005079,13.597307,1,0,0,0
phase2_static_scurve_r01_s0015,41.600,0.220595,0.549692,0.099692,2,1.004740,13.599452,1,0,0,0
phase2_static_scurve_r01_s0015,41.632,0.217652,0.549651,0.099651,2,1.004410,13.601597,1,0,0,0
phase2_static_scurve_r01_s0015,41.664,0.214708,0.549610,0.099610,2,1.004087,13.603742,1,0,0,0
phase2_static_scurve_r01_s0015,41.696,0.211764,0.549569,0.099569,2,1.003772,13.605889,1,0,0,0
phase2_static_scurve_r01_s0015,41.728,0.208821,0.549526,0.099526,2,1.003465,13.608036,1,0,0,0
phase2_static_scurve_r01_s0015,41.760,0.205877,0.549483,0.099483,2,1.003166,13.610184,1,0,0,0
phase2_static_scurve_r01_s0015,41.792,0.202933,0.549439,0.099439,2,1.002874,13.612333,1,0,0,0
phase2_static_scurve_r01_s0015,41.824,0.199990,0.549394,0.099394,2,1.002590,13.614483,1,0,0,0
phase2_static_scurve_r01_s0015,41.856,0.197046,0.549349,0.099349,2,1.002315,13.616634,1,0,0,0
phase2_static_scurve_r01_s0015,41.888,0.194102,0.549303,0.099303,2,1.002046,13.618785,1,0,0,0
phase2_static_scurve_r01_s0015,41.920,0.191159,0.549256,0.099256,2,1.001786,13.620937,1,0,0,0
phase2_static_scurve_r01_s0015,41.952,0.188215,0.549208,0.099208,2,1.001534,13.623091,1,0,0,0
phase2_static_scurve_r01_s0015,41.984,0.185271,0.549159,0.099159,2,1.001289,13.625245,1,0,0,0
phase2_static_scurve_r01_s0015,42.016,0.182328,0.549110,0.099110,2,1.001052,13.627399,1,0,0,0
phase2_static_scurve_r01_s0015,42.048,0.179384,0.549059,0.099059,2,1.000823,13.629555,1,0,0,0
phase2_static_scurve_r01_s0015,42.080,0.176441,0.549008,0.099008,2,1.000601,13.631712,1,0,0,0
phase2_static_scurve_r01_s0015,42.112,0.173497,0.548957,0.098957,2,1.000388,13.633869,1,0,0,0
phase2_static_scurve_r01_s0015,42.144,0.170554,0.548904,0.098904,2,1.000182,13.636027,1,0,0,0
phase2_static_scurve_r01_s0015,42.176,0.167610,0.548851,0.098851,2,0.999985,13.638186,1,0,0,0
phase2_static_scurve_r01_s0015,42.208,0.164667,0.548796,0.098796,2,0.999795,13.640346,1,0,0,0
phase2_static_scurve_r01_s0015,42.240,0.161723,0.548741,0.098741,2,0.999613,13.642506,1,0,0,0
phase2_static_scurve_r01_s0015,42.272,0.158780,0.548686,0.098686,2,0.999438,13.644668,1,0,0,0
phase2_static_scurve_r01_s0015,42.304,0.155836,0.548629,0.098629,2,0.999272,13.646830,1,0,0,0
phase2_static_scurve_r01_s0015,42.336,0.152893,0.548572,0.098572,2,0.999113,13.648993,1,0,0,0
phase2_static_scurve_r01_s0015,42.368,0.149949,0.548514,0.098514,2,0.998963,13.651157,1,0,0,0
phase2_static_scurve_r01_s0015,42.400,0.147006,0.548455,0.098455,2,0.998820,13.653322,1,0,0,0
phase2_static_scurve_r01_s0015,42.432,0.144063,0.548395,0.098395,2,0.998685,13.655487,1,0,0,0
phase2_static_scurve_r01_s0015,42.464,0.141119,0.548335,0.098335,2,0.998558,13.657654,1,0,0,0
phase2_static_scurve_r01_s0015,42.496,0.138176,0.548274,0.098274,2,0.998439,13.659821,1,0,0,0
phase2_static_scurve_r01_s0015,42.528,0.135232,0.548212,0.098212,2,0.998328,13.661989,1,0,0,0
phase2_static_scurve_r01_s0015,42.560,0.132289,0.548149,0.098149,2,0.998224,13.664158,1,0,0,0
phase2_static_scurve_r01_s0015,42.592,0.129346,0.548085,0.098085,2,0.998129,13.666328,1,0,0,0
phase2_static_scurve_r01_s0015,42.624,0.126403,0.548021,0.098021,2,0.998041,13.668498,1,0,0,0
phase2_static_scurve_r01_s0015,42.656,0.123459,0.547956,0.097956,2,0.997962,13.670669,1,0,0,0
phase2_static_scurve_r01_s0015,42.688,0.120516,0.547890,0.097890,2,0.997890,13.672841,1,0,0,0
phase2_static_scurve_r01_s0015,42.720,0.117573,0.547823,0.097823,2,0.997826,13.675014,1,0,0,0
phase2_static_scurve_r01_s0015,42.752,0.114630,0.547756,0.097756,2,0.997770,13.677188,1,0,0,0
phase2_static_scurve_r01_s0015,42.784,0.111686,0.547687,0.097687,2,0.997722,13.679363,1,0,0,0
phase2_static_scurve_r01_s0015,42.816,0.108743,0.547618,0.097618,2,0.997682,13.681538,1,0,0,0
phase2_static_scurve_r01_s0015,42.848,0.105800,0.547548,0.097548,2,0.997649,13.683714,1,0,0,0
phase2_static_scurve_r01_s0015,42.880,0.102857,0.547478,0.097478,2,0.997625,13.685891,1,0,0,0
phase2_static_scurve_r01_s0015,42.912,0.099914,0.547406,0.097406,2,0.997609,13.688069,1,0,0,0
phase2_static_scurve_r01_s0015,42.944,0.096971,0.547334,0.097334,2,0.997600,13.690248,1,0,0,0
phase2_static_scurve_r01_s0015,42.976,0.094027,0.547261,0.097261,2,0.997599,13.692427,1,0,0,0
phase2_static_scurve_r01_s0015,43.008,0.091084,0.547187,0.097187,2,0.997607,13.694608,1,0,0,0
phase2_static_scurve_r01_s0015,43.040,0.088141,0.547113,0.097113,2,0.997622,13.696789,1,0,0,0
phase2_static_scurve_r01_s0015,43.072,0.085198,0.547037,0.097037,2,0.997645,13.698971,1,0,0,0
phase2_static_scurve_r01_s0015,43.104,0.082255,0.546961,0.096961,2,0.997676,13.701153,1,0,0,0
phase2_static_scurve_r01_s0015,43.136,0.079312,0.546884,0.096884,2,0.997714,13.703337,1,0,0,0
phase2_static_scurve_r01_s0015,43.168,0.076369,0.546807,0.096807,2,0.997761,13.705521,1,0,0,0
phase2_static_scurve_r01_s0015,43.200,0.073426,0.546728,0.096728,2,0.997816,13.707706,1,0,0,0
phase2_static_scurve_r01_s0015,43.232,0.070483,0.546649,0.096649,2,0.997878,13.709892,1,0,0,0
phase2_static_scurve_r01_s0015,43.264,0.067540,0.546569,0.096569,2,0.997949,13.712079,1,0,0,0
phase2_static_scurve_r01_s0015,43.296,0.064597,0.546493,0.096493,2,0.998032,13.714263,1,0,0,0
phase2_static_scurve_r01_s0015,43.328,0.061654,0.546420,0.096420,2,0.998127,13.716446,1,0,0,0
phase2_static_scurve_r01_s0015,43.360,0.058711,0.546349,0.096349,2,0.998233,13.718627,1,0,0,0
phase2_static_scurve_r01_s0015,43.392,0.055768,0.546282,0.096282,2,0.998350,13.720807,1,0,0,0
phase2_static_scurve_r01_s0015,43.424,0.052825,0.546217,0.096217,2,0.998479,13.722985,1,0,0,0
phase2_static_scurve_r01_s0015,43.456,0.049881,0.546154,0.096154,2,0.998619,13.725162,1,0,0,0
phase2_static_scurve_r01_s0015,43.488,0.046938,0.546095,0.096095,2,0.998771,13.727337,1,0,0,0
phase2_static_scurve_r01_s0015,43.520,0.043994,0.546038,0.096038,2,0.998933,13.729510,1,0,0,0
phase2_static_scurve_r01_s0015,43.552,0.041051,0.545983,0.095983,2,0.999107,13.731682,1,0,0,0
phase2_static_scurve_r01_s0015,43.584,0.038107,0.545931,0.095931,2,0.999292,13.733853,1,0,0,0
phase2_static_scurve_r01_s0015,43.616,0.035164,0.545882,0.095882,2,0.999489,13.736022,1,0,0,0
phase2_static_scurve_r01_s0015,43.648,0.032220,0.545835,0.095835,2,0.999696,13.738190,1,0,0,0
phase2_static_scurve_r01_s0015,43.680,0.029277,0.545791,0.095791,2,0.999915,13.740357,1,0,0,0
phase2_static_scurve_r01_s0015,43.712,0.026333,0.545749,0.095749,2,1.000145,13.742521,1,0,0,0
phase2_static_scurve_r01_s0015,43.744,0.023389,0.545710,0.095710,2,1.000386,13.744685,1,0,0,0
phase2_static_scurve_r01_s0015,43.776,0.020445,0.545673,0.095673,2,1.000638,13.746847,1,0,0,0
phase2_static_scurve_r01_s0015,43.808,0.017501,0.545639,0.095639,2,1.000901,13.749008,1,0,0,0
phase2_static_scurve_r01_s0015,43.840,0.014558,0.545608,0.095608,2,1.001176,13.751167,1,0,0,0
phase2_static_scurve_r01_s0015,43.872,0.011614,0.545579,0.095579,2,1.001461,13.753325,1,0,0,0
phase2_static_scurve_r01_s0015,43.904,0.008670,0.545552,0.095552,2,1.001758,13.755481,1,0,0,0
phase2_static_scurve_r01_s0015,43.936,0.005726,0.545529,0.095529,2,1.002066,13.757636,1,0,0,0
phase2_static_scurve_r01_s0015,43.968,0.002782,0.545507,0.095507,2,1.002384,13.759789,1,0,0,0
phase2_static_scurve_r01_s0015,44.000,-0.000162,0.545488,0.095488,2,1.002714,13.761941,1,0,0,0
phase2_static_scurve_r01_s0015,44.032,-0.003106,0.545472,0.095472,2,1.003055,13.764092,1,0,0,0
phase2_static_scurve_r01_s0015,44.064,-0.006050,0.545458,0.095458,2,1.003407,13.766241,1,0,0,0
phase2_static_scurve_r01_s0015,44.096,-0.008994,0.545447,0.095447,2,1.003770,13.768389,1,0,0,0
phase2_static_scurve_r01_s0015,44.128,-0.011938,0.545439,0.095439,2,1.004144,13.770535,1,0,0,0
phase2_static_scurve_r01_s0015,44.160,-0.014882,0.545433,0.095433,2,1.004529,13.772680,1,0,0,0
phase2_static_scurve_r01_s0015,44.192,-0.017826,0.545429,0.095429,2,1.004925,13.774823,1,0,0,0
phase2_static_scurve_r01_s0015,44.224,-0.020770,0.545428,0.095428,2,1.005332,13.776965,1,0,0,0
phase2_static_scurve_r01_s0015,44.256,-0.023714,0.545430,0.095430,2,1.005750,13.779105,1,0,0,0
phase2_static_scurve_r01_s0015,44.288,-0.026658,0.545434,0.095434,2,1.006179,13.781244,1,0,0,0
phase2_static_scurve_r01_s0015,44.320,-0.029602,0.545440,0.095440,2,1.006619,13.783382,1,0,0,0
phase2_static_scurve_r01_s0015,44.352,-0.032546,0.545450,0.095450,2,1.007070,13.785518,1,0,0,0
phase2_static_scurve_r01_s0015,44.384,-0.035490,0.545461,0.095461,2,1.007532,13.787652,1,0,0,0
phase2_static_scurve_r01_s0015,44.416,-0.038434,0.545476,0.095476,2,1.008005,13.789785,1,0,0,0
phase2_static_scurve_r01_s0015,44.448,-0.041378,0.545493,0.095493,2,1.008488,13.791917,1,0,0,0
phase2_static_scurve_r01_s0015,44.480,-0.044322,0.545512,0.095512,2,1.008983,13.794047,1,0,0,0
phase2_static_scurve_r01_s0015,44.512,-0.047266,0.545534,0.095534,2,1.009488,13.796176,1,0,0,0
phase2_static_scurve_r01_s0015,44.544,-0.050209,0.545559,0.095559,2,1.010004,13.798303,1,0,0,0
phase2_static_scurve_r01_s0015,44.576,-0.053153,0.545586,0.095586,2,1.010531,13.800429,1,0,0,0
phase2_static_scurve_r01_s0015,44.608,-0.056097,0.545616,0.095616,2,1.011069,13.802553,1,0,0,0
phase2_static_scurve_r01_s0015,44.640,-0.059041,0.545648,0.095648,2,1.011618,13.804676,1,0,0,0
phase2_static_scurve_r01_s0015,44.672,-0.061985,0.545683,0.095683,2,1.012177,13.806797,1,0,0,0
phase2_static_scurve_r01_s0015,44.704,-0.064929,0.545720,0.095720,2,1.012747,13.808917,1,0,0,0
phase2_static_scurve_r01_s0015,44.736,-0.067872,0.545760,0.095760,2,1.013328,13.811036,1,0,0,0
phase2_static_scurve_r01_s0015,44.768,-0.070816,0.545802,0.095802,2,1.013920,13.813153,1,0,0,0
phase2_static_scurve_r01_s0015,44.800,-0.073760,0.545842,0.095842,2,1.014517,13.815272,1,0,0,0
phase2_static_scurve_r01_s0015,44.832,-0.076703,0.545882,0.095882,2,1.015122,13.817391,1,0,0,0
phase2_static_scurve_r01_s0015,44.864,-0.079647,0.545920,0.095920,2,1.015734,13.819512,1,0,0,0
phase2_static_scurve_r01_s0015,44.896,-0.082591,0.545957,0.095957,2,1.016353,13.821634,1,0,0,0
phase2_static_scurve_r01_s0015,44.928,-0.085535,0.545993,0.095993,2,1.016979,13.823757,1,0,0,0
phase2_static_scurve_r01_s0015,44.960,-0.088478,0.546029,0.096029,2,1.017613,13.825881,1,0,0,0
phase2_static_scurve_r01_s0015,44.992,-0.091422,0.546063,0.096063,2,1.018254,13.828005,1,0,0,0
phase2_static_scurve_r01_s0015,45.024,-0.094366,0.546097,0.096097,2,1.018902,13.830131,1,0,0,0
phase2_static_scurve_r01_s0015,45.056,-0.097310,0.546129,0.096129,2,1.019558,13.832257,1,0,0,0
phase2_static_scurve_r01_s0015,45.088,-0.100254,0.546162,0.096162,2,1.020220,13.834384,1,0,0,0
phase2_static_scurve_r01_s0015,45.120,-0.103198,0.546193,0.096193,2,1.020890,13.836512,1,0,0,0
phase2_static_scurve_r01_s0015,45.152,-0.106141,0.546223,0.096223,2,1.021568,13.838641,1,0,0,0
phase2_static_scurve_r01_s0015,45.184,-0.109085,0.546253,0.096253,2,1.022252,13.840771,1,0,0,0
phase2_static_scurve_r01_s0015,45.216,-0.112029,0.546282,0.096282,2,1.022944,13.842901,1,0,0,0
phase2_static_scurve_r01_s0015,45.248,-0.114973,0.546310,0.096310,2,1.023643,13.845033,1,0,0,0
phase2_static_scurve_r01_s0015,45.280,-0.117917,0.546337,0.096337,2,1.024350,13.847165,1,0,0,0
phase2_static_scurve_r01_s0015,45.312,-0.120861,0.546364,0.096364,2,1.025064,13.849298,1,0,0,0
phase2_static_scurve_r01_s0015,45.344,-0.123805,0.546390,0.096390,2,1.025784,13.851432,1,0,0,0
phase2_static_scurve_r01_s0015,45.376,-0.126749,0.546415,0.096415,2,1.026512,13.853566,1,0,0,0
phase2_static_scurve_r01_s0015,45.408,-0.129692,0.546439,0.096439,2,1.027248,13.855702,1,0,0,0
phase2_static_scurve_r01_s0015,45.440,-0.132636,0.546463,0.096463,2,1.027990,13.857838,1,0,0,0
phase2_static_scurve_r01_s0015,45.472,-0.135580,0.546486,0.096486,2,1.028740,13.859975,1,0,0,0
phase2_static_scurve_r01_s0015,45.504,-0.138524,0.546508,0.096508,2,1.029496,13.862113,1,0,0,0
phase2_static_scurve_r01_s0015,45.536,-0.141468,0.546529,0.096529,2,1.030260,13.864252,1,0,0,0
phase2_static_scurve_r01_s0015,45.568,-0.144412,0.546550,0.096550,2,1.031031,13.866392,1,0,0,0
phase2_static_scurve_r01_s0015,45.600,-0.147356,0.546569,0.096569,2,1.031809,13.868532,1,0,0,0
phase2_static_scurve_r01_s0015,45.632,-0.150300,0.546588,0.096588,2,1.032594,13.870673,1,0,0,0
phase2_static_scurve_r01_s0015,45.664,-0.153244,0.546606,0.096606,2,1.033386,13.872816,1,0,0,0
phase2_static_scurve_r01_s0015,45.696,-0.156188,0.546624,0.096624,2,1.034185,13.874958,1,0,0,0
phase2_static_scurve_r01_s0015,45.728,-0.159132,0.546640,0.096640,2,1.034991,13.877102,1,0,0,0
phase2_static_scurve_r01_s0015,45.760,-0.162076,0.546656,0.096656,2,1.035804,13.879247,1,0,0,0
phase2_static_scurve_r01_s0015,45.792,-0.165020,0.546671,0.096671,2,1.036624,13.881392,1,0,0,0
phase2_static_scurve_r01_s0015,45.824,-0.167964,0.546686,0.096686,2,1.037451,13.883538,1,0,0,0
phase2_static_scurve_r01_s0015,45.856,-0.170908,0.546699,0.096699,2,1.038285,13.885685,1,0,0,0
phase2_static_scurve_r01_s0015,45.888,-0.173852,0.546712,0.096712,2,1.039126,13.887833,1,0,0,0
phase2_static_scurve_r01_s0015,45.920,-0.176796,0.546724,0.096724,2,1.039974,13.889982,1,0,0,0
phase2_static_scurve_r01_s0015,45.952,-0.179740,0.546735,0.096735,2,1.040829,13.892131,1,0,0,0
phase2_static_scurve_r01_s0015,45.984,-0.182683,0.546746,0.096746,2,1.041691,13.894282,1,0,0,0
phase2_static_scurve_r01_s0015,46.016,-0.185627,0.546755,0.096755,2,1.042559,13.896433,1,0,0,0
phase2_static_scurve_r01_s0015,46.048,-0.188571,0.546764,0.096764,2,1.043435,13.898585,1,0,0,0
phase2_static_scurve_r01_s0015,46.080,-0.191515,0.546773,0.096773,2,1.044317,13.900737,1,0,0,0
phase2_static_scurve_r01_s0015,46.112,-0.194459,0.546780,0.096780,2,1.045206,13.902891,1,0,0,0
phase2_static_scurve_r01_s0015,46.144,-0.197403,0.546787,0.096787,2,1.046101,13.905045,1,0,0,0
phase2_static_scurve_r01_s0015,46.176,-0.200347,0.546792,0.096792,2,1.047004,13.907200,1,0,0,0
phase2_static_scurve_r01_s0015,46.208,-0.203291,0.546797,0.096797,2,1.047913,13.909356,1,0,0,0
phase2_static_scurve_r01_s0015,46.240,-0.206235,0.546802,0.096802,2,1.048829,13.911513,1,0,0,0
phase2_static_scurve_r01_s0015,46.272,-0.209179,0.546805,0.096805,2,1.049752,13.913671,1,0,0,0
phase2_static_scurve_r01_s0015,46.304,-0.212123,0.546808,0.096808,2,1.050682,13.915829,1,0,0,0
phase2_static_scurve_r01_s0015,46.336,-0.215067,0.546810,0.096810,2,1.051618,13.917989,1,0,0,0
phase2_static_scurve_r01_s0015,46.368,-0.218011,0.546811,0.096811,2,1.052561,13.920149,1,0,0,0
phase2_static_scurve_r01_s0015,46.400,-0.220955,0.546812,0.096812,2,1.053510,13.922309,1,0,0,0
phase2_static_scurve_r01_s0015,46.432,-0.223899,0.546811,0.096811,2,1.054466,13.924471,1,0,0,0
phase2_static_scurve_r01_s0015,46.464,-0.226843,0.546810,0.096810,2,1.055429,13.926634,1,0,0,0
phase2_static_scurve_r01_s0015,46.496,-0.229787,0.546808,0.096808,2,1.056399,13.928797,1,0,0,0
phase2_static_scurve_r01_s0015,46.528,-0.232731,0.546806,0.096806,2,1.057375,13.930961,1,0,0,0
phase2_static_scurve_r01_s0015,46.560,-0.235675,0.546802,0.096802,2,1.058357,13.933126,1,0,0,0
phase2_static_scurve_r01_s0015,46.592,-0.238619,0.546798,0.096798,2,1.059346,13.935292,1,0,0,0
phase2_static_scurve_r01_s0015,46.624,-0.241563,0.546793,0.096793,2,1.060342,13.937458,1,0,0,0
phase2_static_scurve_r01_s0015,46.656,-0.244507,0.546787,0.096787,2,1.061344,13.939626,1,0,0,0
phase2_static_scurve_r01_s0015,46.688,-0.247451,0.546781,0.096781,2,1.062352,13.941794,1,0,0,0
phase2_static_scurve_r01_s0015,46.720,-0.250395,0.546774,0.096774,2,1.063367,13.943963,1,0,0,0
phase2_static_scurve_r01_s0015,46.752,-0.253339,0.546765,0.096765,2,1.064389,13.946132,1,0,0,0
phase2_static_scurve_r01_s0015,46.784,-0.256283,0.546757,0.096757,2,1.065417,13.948303,1,0,0,0
phase2_static_scurve_r01_s0015,46.816,-0.259227,0.546747,0.096747,2,1.066451,13.950474,1,0,0,0
phase2_static_scurve_r01_s0015,46.848,-0.262171,0.546737,0.096737,2,1.067492,13.952647,1,0,0,0
phase2_static_scurve_r01_s0015,46.880,-0.265115,0.546726,0.096726,2,1.068539,13.954820,1,0,0,0
phase2_static_scurve_r01_s0015,46.912,-0.268059,0.546714,0.096714,2,1.069592,13.956993,1,0,0,0
phase2_static_scurve_r01_s0015,46.944,-0.271003,0.546701,0.096701,2,1.070652,13.959168,1,0,0,0
phase2_static_scurve_r01_s0015,46.976,-0.273947,0.546688,0.096688,2,1.071718,13.961343,1,0,0,0
phase2_static_scurve_r01_s0015,47.008,-0.276891,0.546673,0.096673,2,1.072791,13.963520,1,0,0,0
phase2_static_scurve_r01_s0015,47.040,-0.279835,0.546658,0.096658,2,1.073870,13.965697,1,0,0,0
phase2_static_scurve_r01_s0015,47.072,-0.282779,0.546643,0.096643,2,1.074955,13.967874,1,0,0,0
phase2_static_scurve_r01_s0015,47.104,-0.285723,0.546626,0.096626,2,1.076046,13.970053,1,0,0,0
phase2_static_scurve_r01_s0015,47.136,-0.288667,0.546609,0.096609,2,1.077143,13.972232,1,0,0,0
phase2_static_scurve_r01_s0015,47.168,-0.291611,0.546591,0.096591,2,1.078247,13.974413,1,0,0,0
phase2_static_scurve_r01_s0015,47.200,-0.294555,0.546572,0.096572,2,1.079357,13.976594,1,0,0,0
phase2_static_scurve_r01_s0015,47.232,-0.297499,0.546552,0.096552,2,1.080473,13.978775,1,0,0,0
phase2_static_scurve_r01_s0015,47.264,-0.300443,0.546532,0.096532,2,1.081595,13.980958,1,0,0,0
phase2_static_scurve_r01_s0015,47.296,-0.303387,0.546511,0.096511,2,1.082723,13.983141,1,0,0,0
phase2_static_scurve_r01_s0015,47.328,-0.306331,0.546489,0.096489,2,1.083858,13.985325,1,0,0,0
phase2_static_scurve_r01_s0015,47.360,-0.309275,0.546466,0.096466,2,1.084998,13.987510,1,0,0,0
phase2_static_scurve_r01_s0015,47.392,-0.312218,0.546442,0.096442,2,1.086145,13.989696,1,0,0,0
phase2_static_scurve_r01_s0015,47.424,-0.315162,0.546418,0.096418,2,1.087297,13.991883,1,0,0,0
phase2_static_scurve_r01_s0015,47.456,-0.318106,0.546398,0.096398,2,1.088460,13.994067,1,0,0,0
phase2_static_scurve_r01_s0015,47.488,-0.321050,0.546381,0.096381,2,1.089633,13.996249,1,0,0,0
phase2_static_scurve_r01_s0015,47.520,-0.323994,0.546366,0.096366,2,1.090814,13.998430,1,0,0,0
phase2_static_scurve_r01_s0015,47.552,-0.326938,0.546354,0.096354,2,1.092005,14.000610,1,0,0,0
phase2_static_scurve_r01_s0015,47.584,-0.329882,0.546345,0.096345,2,1.093205,14.002788,1,0,0,0
phase2_static_scurve_r01_s0015,47.616,-0.332826,0.546338,0.096338,2,1.094414,14.004964,1,0,0,0
phase2_static_scurve_r01_s0015,47.648,-0.335770,0.546330,0.096330,2,1.095628,14.007142,1,0,0,0
phase2_static_scurve_r01_s0015,47.680,-0.338714,0.546325,0.096325,2,1.096851,14.009318,1,0,0,0
phase2_static_scurve_r01_s0015,47.712,-0.341658,0.546323,0.096323,2,1.098084,14.011492,1,0,0,0
phase2_static_scurve_r01_s0015,47.744,-0.344602,0.546323,0.096323,2,1.099325,14.013665,1,0,0,0
phase2_static_scurve_r01_s0015,47.776,-0.347546,0.546322,0.096322,2,1.100571,14.015839,1,0,0,0
phase2_static_scurve_r01_s0015,47.808,-0.350490,0.546319,0.096319,2,1.101822,14.018014,1,0,0,0
phase2_static_scurve_r01_s0015,47.840,-0.353434,0.546315,0.096315,2,1.103079,14.020191,1,0,0,0
phase2_static_scurve_r01_s0015,47.872,-0.356378,0.546311,0.096311,2,1.104342,14.022368,1,0,0,0
phase2_static_scurve_r01_s0015,47.904,-0.359322,0.546305,0.096305,2,1.105610,14.024546,1,0,0,0
phase2_static_scurve_r01_s0015,47.936,-0.362266,0.546299,0.096299,2,1.106884,14.026725,1,0,0,0
phase2_static_scurve_r01_s0015,47.968,-0.365210,0.546292,0.096292,2,1.108163,14.028905,1,0,0,0
phase2_static_scurve_r01_s0015,48.000,-0.368154,0.546283,0.096283,2,1.109448,14.031086,1,0,0,0
phase2_static_scurve_r01_s0015,48.032,-0.371098,0.546275,0.096275,2,1.110739,14.033268,1,0,0,0
phase2_static_scurve_r01_s0015,48.064,-0.374042,0.546265,0.096265,2,1.112035,14.035450,1,0,0,0
phase2_static_scurve_r01_s0015,48.096,-0.376986,0.546254,0.096254,2,1.113336,14.037633,1,0,0,0
phase2_static_scurve_r01_s0015,48.128,-0.379930,0.546243,0.096243,2,1.114644,14.039817,1,0,0,0
phase2_static_scurve_r01_s0015,48.160,-0.382874,0.546231,0.096231,2,1.115956,14.042002,1,0,0,0
phase2_static_scurve_r01_s0015,48.192,-0.385818,0.546223,0.096223,2,1.117279,14.044184,1,0,0,0
phase2_static_scurve_r01_s0015,48.224,-0.388762,0.546213,0.096213,2,1.118606,14.046368,1,0,0,0
phase2_static_scurve_r01_s0015,48.256,-0.391706,0.546202,0.096202,2,1.119938,14.048553,1,0,0,0
phase2_static_scurve_r01_s0015,48.288,-0.394650,0.546191,0.096191,2,1.121276,14.050739,1,0,0,0
phase2_static_scurve_r01_s0015,48.320,-0.397594,0.546183,0.096183,2,1.122624,14.052922,1,0,0,0
phase2_static_scurve_r01_s0015,48.352,-0.400538,0.546173,0.096173,2,1.123976,14.055107,1,0,0,0
phase2_static_scurve_r01_s0015,48.384,-0.403482,0.546163,0.096163,2,1.125333,14.057292,1,0,0,0
phase2_static_scurve_r01_s0015,48.416,-0.406426,0.546156,0.096156,2,1.126700,14.059476,1,0,0,0
phase2_static_scurve_r01_s0015,48.448,-0.409370,0.546148,0.096148,2,1.128071,14.061661,1,0,0,0
phase2_static_scurve_r01_s0015,48.480,-0.412314,0.546139,0.096139,2,1.129447,14.063846,1,0,0,0
phase2_static_scurve_r01_s0015,48.512,-0.415258,0.546129,0.096129,2,1.130828,14.066033,1,0,0,0
phase2_static_scurve_r01_s0015,48.544,-0.418202,0.546118,0.096118,2,1.132215,14.068220,1,0,0,0
phase2_static_scurve_r01_s0015,48.576,-0.421146,0.546106,0.096106,2,1.133607,14.070409,1,0,0,0
phase2_static_scurve_r01_s0015,48.608,-0.424090,0.546098,0.096098,2,1.135009,14.072594,1,0,0,0
phase2_static_scurve_r01_s0015,48.640,-0.427034,0.546093,0.096093,2,1.136418,14.074779,1,0,0,0
phase2_static_scurve_r01_s0015,48.672,-0.429978,0.546090,0.096090,2,1.137836,14.076961,1,0,0,0
phase2_static_scurve_r01_s0015,48.704,-0.432922,0.546091,0.096091,2,1.139263,14.079143,1,0,0,0
phase2_static_scurve_r01_s0015,48.736,-0.435866,0.546094,0.096094,2,1.140697,14.081322,1,0,0,0
phase2_static_scurve_r01_s0015,48.768,-0.438810,0.546100,0.096100,2,1.142140,14.083500,1,0,0,0
phase2_static_scurve_r01_s0015,48.800,-0.441754,0.546108,0.096108,2,1.143590,14.085677,1,0,0,0
phase2_static_scurve_r01_s0015,48.832,-0.444698,0.546119,0.096119,2,1.145049,14.087852,1,0,0,0
phase2_static_scurve_r01_s0015,48.864,-0.447642,0.546128,0.096128,2,1.146511,14.090029,1,0,0,0
phase2_static_scurve_r01_s0015,48.896,-0.450586,0.546141,0.096141,2,1.147983,14.092203,1,0,0,0
phase2_static_scurve_r01_s0015,48.928,-0.453530,0.546151,0.096151,2,1.149458,14.094380,1,0,0,0
phase2_static_scurve_r01_s0015,48.960,-0.456474,0.546161,0.096161,2,1.150938,14.096557,1,0,0,0
phase2_static_scurve_r01_s0015,48.992,-0.459418,0.546174,0.096174,2,1.152427,14.098732,1,0,0,0
phase2_static_scurve_r01_s0015,49.024,-0.462362,0.546185,0.096185,2,1.153920,14.100909,1,0,0,0
phase2_static_scurve_r01_s0015,49.056,-0.465306,0.546196,0.096196,2,1.155417,14.103086,1,0,0,0
phase2_static_scurve_r01_s0015,49.088,-0.468250,0.546205,0.096205,2,1.156919,14.105265,1,0,0,0
phase2_static_scurve_r01_s0015,49.120,-0.471194,0.546213,0.096213,2,1.158426,14.107444,1,0,0,0
phase2_static_scurve_r01_s0015,49.152,-0.474138,0.546221,0.096221,2,1.159938,14.109624,1,0,0,0
phase2_static_scurve_r01_s0015,49.184,-0.477082,0.546228,0.096228,2,1.161454,14.111805,1,0,0,0
phase2_static_scurve_r01_s0015,49.216,-0.480026,0.546234,0.096234,2,1.162976,14.113987,1,0,0,0
phase2_static_scurve_r01_s0015,49.248,-0.482970,0.546239,0.096239,2,1.164502,14.116170,1,0,0,0
phase2_static_scurve_r01_s0015,49.280,-0.485914,0.546243,0.096243,2,1.166033,14.118353,1,0,0,0
phase2_static_scurve_r01_s0015,49.312,-0.488858,0.546247,0.096247,2,1.167568,14.120538,1,0,0,0
phase2_static_scurve_r01_s0015,49.344,-0.491802,0.546250,0.096250,2,1.169109,14.122723,1,0,0,0
phase2_static_scurve_r01_s0015,49.376,-0.494746,0.546252,0.096252,2,1.170654,14.124908,1,0,0,0
phase2_static_scurve_r01_s0015,49.408,-0.497690,0.546253,0.096253,2,1.172203,14.127095,1,0,0,0
phase2_static_scurve_r01_s0015,49.440,-0.500634,0.546254,0.096254,2,1.173758,14.129283,1,0,0,0
phase2_static_scurve_r01_s0015,49.472,-0.503578,0.546253,0.096253,2,1.175317,14.131471,1,0,0,0
phase2_static_scurve_r01_s0015,49.504,-0.506522,0.546252,0.096252,2,1.176881,14.133660,1,0,0,0
phase2_static_scurve_r01_s0015,49.536,-0.509466,0.546251,0.096251,2,1.178449,14.135850,1,0,0,0
phase2_static_scurve_r01_s0015,49.568,-0.512410,0.546248,0.096248,2,1.180022,14.138040,1,0,0,0
phase2_static_scurve_r01_s0015,49.600,-0.515354,0.546245,0.096245,2,1.181600,14.140231,1,0,0,0
phase2_static_scurve_r01_s0015,49.632,-0.518298,0.546241,0.096241,2,1.183182,14.142424,1,0,0,0
phase2_static_scurve_r01_s0015,49.664,-0.521242,0.546236,0.096236,2,1.184769,14.144617,1,0,0,0
phase2_static_scurve_r01_s0015,49.696,-0.524186,0.546230,0.096230,2,1.186360,14.146810,1,0,0,0
phase2_static_scurve_r01_s0015,49.728,-0.527130,0.546224,0.096224,2,1.187956,14.149005,1,0,0,0
phase2_static_scurve_r01_s0015,49.760,-0.530074,0.546217,0.096217,2,1.189556,14.151200,1,0,0,0
phase2_static_scurve_r01_s0015,49.792,-0.533018,0.546209,0.096209,2,1.191161,14.153396,1,0,0,0
phase2_static_scurve_r01_s0015,49.824,-0.535961,0.546201,0.096201,2,1.192770,14.155593,1,0,0,0
phase2_static_scurve_r01_s0015,49.856,-0.538905,0.546191,0.096191,2,1.194384,14.157790,1,0,0,0
phase2_static_scurve_r01_s0015,49.888,-0.541849,0.546181,0.096181,2,1.196002,14.159989,1,0,0,0
phase2_static_scurve_r01_s0015,49.920,-0.544793,0.546175,0.096175,2,1.197629,14.162185,1,0,0,0
phase2_static_scurve_r01_s0015,49.952,-0.547737,0.546172,0.096172,2,1.199263,14.164379,1,0,0,0
phase2_static_scurve_r01_s0015,49.984,-0.550681,0.546171,0.096171,2,1.200904,14.166572,1,0,0,0
phase2_static_scurve_r01_s0015,50.016,-0.553625,0.546173,0.096173,2,1.202553,14.168763,1,0,0,0
phase2_static_scurve_r01_s0015,50.048,-0.556569,0.546178,0.096178,2,1.204208,14.170953,1,0,0,0
phase2_static_scurve_r01_s0015,50.080,-0.559513,0.546186,0.096186,2,1.205871,14.173141,1,0,0,0
phase2_static_scurve_r01_s0015,50.112,-0.562457,0.546196,0.096196,2,1.207541,14.175328,1,0,0,0
phase2_static_scurve_r01_s0015,50.144,-0.565401,0.546209,0.096209,2,1.209218,14.177513,1,0,0,0
phase2_static_scurve_r01_s0015,50.176,-0.568345,0.546225,0.096225,2,1.210902,14.179696,1,0,0,0
phase2_static_scurve_r01_s0015,50.208,-0.571289,0.546243,0.096243,2,1.212593,14.181879,1,0,0,0
phase2_static_scurve_r01_s0015,50.240,-0.574233,0.546264,0.096264,2,1.214291,14.184059,1,0,0,0
phase2_static_scurve_r01_s0015,50.272,-0.577177,0.546282,0.096282,2,1.215991,14.186242,1,0,0,0
phase2_static_scurve_r01_s0015,50.304,-0.580121,0.546300,0.096300,2,1.217696,14.188425,1,0,0,0
phase2_static_scurve_r01_s0015,50.336,-0.583065,0.546321,0.096321,2,1.219408,14.190606,1,0,0,0
phase2_static_scurve_r01_s0015,50.368,-0.586009,0.546345,0.096345,2,1.221127,14.192786,1,0,0,0
phase2_static_scurve_r01_s0015,50.400,-0.588953,0.546372,0.096372,2,1.222854,14.194964,1,0,0,0
phase2_static_scurve_r01_s0015,50.432,-0.591897,0.546401,0.096401,2,1.224586,14.197141,1,0,0,0
phase2_static_scurve_r01_s0015,50.464,-0.594841,0.546433,0.096433,2,1.226326,14.199316,1,0,0,0
phase2_static_scurve_r01_s0015,50.496,-0.597784,0.546467,0.096467,2,1.228072,14.201490,1,0,0,0
phase2_static_scurve_r01_s0015,50.528,-0.600728,0.546504,0.096504,2,1.229825,14.203662,1,0,0,0
phase2_static_scurve_r01_s0015,50.560,-0.603672,0.546544,0.096544,2,1.231585,14.205833,1,0,0,0
phase2_static_scurve_r01_s0015,50.592,-0.606616,0.546586,0.096586,2,1.233351,14.208002,1,0,0,0
phase2_static_scurve_r01_s0015,50.624,-0.609559,0.546631,0.096631,2,1.235123,14.210170,1,0,0,0
phase2_static_scurve_r01_s0015,50.656,-0.612503,0.546678,0.096678,2,1.236903,14.212337,1,0,0,0
phase2_static_scurve_r01_s0015,50.688,-0.615446,0.546728,0.096728,2,1.238688,14.214501,1,0,0,0
phase2_static_scurve_r01_s0015,50.720,-0.618390,0.546781,0.096781,2,1.240480,14.216665,1,0,0,0
phase2_static_scurve_r01_s0015,50.752,-0.621333,0.546836,0.096836,2,1.242279,14.218827,1,0,0,0
phase2_static_scurve_r01_s0015,50.784,-0.624277,0.546894,0.096894,2,1.244084,14.220987,1,0,0,0
phase2_static_scurve_r01_s0015,50.816,-0.627220,0.546954,0.096954,2,1.245895,14.223146,1,0,0,0
phase2_static_scurve_r01_s0015,50.848,-0.630164,0.547017,0.097017,2,1.247713,14.225304,1,0,0,0
phase2_static_scurve_r01_s0015,50.880,-0.633107,0.547082,0.097082,2,1.249537,14.227460,1,0,0,0
phase2_static_scurve_r01_s0015,50.912,-0.636050,0.547150,0.097150,2,1.251367,14.229615,1,0,0,0
phase2_static_scurve_r01_s0015,50.944,-0.638993,0.547216,0.097216,2,1.253200,14.231771,1,0,0,0
phase2_static_scurve_r01_s0015,50.976,-0.641937,0.547280,0.097280,2,1.255036,14.233929,1,0,0,0
phase2_static_scurve_r01_s0015,51.008,-0.644880,0.547344,0.097344,2,1.256876,14.236087,1,0,0,0
phase2_static_scurve_r01_s0015,51.040,-0.647823,0.547407,0.097407,2,1.258719,14.238246,1,0,0,0
phase2_static_scurve_r01_s0015,51.072,-0.650767,0.547469,0.097469,2,1.260565,14.240407,1,0,0,0
phase2_static_scurve_r01_s0015,51.104,-0.653710,0.547530,0.097530,2,1.262415,14.242568,1,0,0,0
phase2_static_scurve_r01_s0015,51.136,-0.656653,0.547590,0.097590,2,1.264269,14.244730,1,0,0,0
phase2_static_scurve_r01_s0015,51.168,-0.659597,0.547649,0.097649,2,1.266126,14.246893,1,0,0,0
phase2_static_scurve_r01_s0015,51.200,-0.662540,0.547707,0.097707,2,1.267986,14.249056,1,0,0,0
phase2_static_scurve_r01_s0015,51.232,-0.665484,0.547765,0.097765,2,1.269850,14.251221,1,0,0,0
phase2_static_scurve_r01_s0015,51.264,-0.668427,0.547822,0.097822,2,1.271718,14.253386,1,0,0,0
phase2_static_scurve_r01_s0015,51.296,-0.671371,0.547878,0.097878,2,1.273589,14.255552,1,0,0,0
phase2_static_scurve_r01_s0015,51.328,-0.674314,0.547933,0.097933,2,1.275463,14.257719,1,0,0,0
phase2_static_scurve_r01_s0015,51.360,-0.677258,0.547988,0.097988,2,1.277341,14.259886,1,0,0,0
phase2_static_scurve_r01_s0015,51.392,-0.680201,0.548042,0.098042,2,1.279222,14.262055,1,0,0,0
phase2_static_scurve_r01_s0015,51.424,-0.683145,0.548095,0.098095,2,1.281107,14.264224,1,0,0,0
phase2_static_scurve_r01_s0015,51.456,-0.686088,0.548147,0.098147,2,1.282995,14.266394,1,0,0,0
phase2_static_scurve_r01_s0015,51.488,-0.689032,0.548199,0.098199,2,1.284887,14.268565,1,0,0,0
phase2_static_scurve_r01_s0015,51.520,-0.691975,0.548250,0.098250,2,1.286781,14.270736,1,0,0,0
phase2_static_scurve_r01_s0015,51.552,-0.694919,0.548300,0.098300,2,1.288680,14.272909,1,0,0,0
phase2_static_scurve_r01_s0015,51.584,-0.697862,0.548349,0.098349,2,1.290581,14.275082,1,0,0,0
phase2_static_scurve_r01_s0015,51.616,-0.700806,0.548398,0.098398,2,1.292486,14.277256,1,0,0,0
phase2_static_scurve_r01_s0015,51.648,-0.703750,0.548446,0.098446,2,1.294395,14.279430,1,0,0,0
phase2_static_scurve_r01_s0015,51.680,-0.706693,0.548493,0.098493,2,1.296306,14.281606,1,0,0,0
phase2_static_scurve_r01_s0015,51.712,-0.709637,0.548544,0.098544,2,1.298225,14.283779,1,0,0,0
phase2_static_scurve_r01_s0015,51.744,-0.712580,0.548600,0.098600,2,1.300151,14.285949,1,0,0,0
phase2_static_scurve_r01_s0015,51.776,-0.715524,0.548659,0.098659,2,1.302083,14.288117,1,0,0,0
phase2_static_scurve_r01_s0015,51.808,-0.718467,0.548720,0.098720,2,1.304020,14.290284,1,0,0,0
phase2_static_scurve_r01_s0015,51.840,-0.721410,0.548784,0.098784,2,1.305964,14.292450,1,0,0,0
phase2_static_scurve_r01_s0015,51.872,-0.724354,0.548851,0.098851,2,1.307913,14.294614,1,0,0,0
phase2_static_scurve_r01_s0015,51.904,-0.727297,0.548916,0.098916,2,1.309864,14.296779,1,0,0,0
phase2_static_scurve_r01_s0015,51.936,-0.730240,0.548979,0.098979,2,1.311818,14.298946,1,0,0,0
phase2_static_scurve_r01_s0015,51.968,-0.733184,0.549042,0.099042,2,1.313776,14.301113,1,0,0,0
phase2_static_scurve_r01_s0015,52.000,-0.736127,0.549103,0.099103,2,1.315736,14.303282,1,0,0,0
phase2_static_scurve_r01_s0015,52.032,-0.739070,0.549164,0.099164,2,1.317699,14.305451,1,0,0,0
phase2_static_scurve_r01_s0015,52.064,-0.742014,0.549224,0.099224,2,1.319665,14.307621,1,0,0,0
phase2_static_scurve_r01_s0015,52.096,-0.744957,0.549283,0.099283,2,1.321634,14.309792,1,0,0,0
phase2_static_scurve_r01_s0015,52.128,-0.747900,0.549341,0.099341,2,1.323607,14.311964,1,0,0,0
phase2_static_scurve_r01_s0015,52.160,-0.750844,0.549399,0.099399,2,1.325582,14.314137,1,0,0,0
phase2_static_scurve_r01_s0015,52.192,-0.753787,0.549455,0.099468,2,1.327560,14.316310,1,0,0,0
phase2_static_scurve_r01_s0015,52.224,-0.756731,0.549511,0.099552,2,1.329541,14.318484,1,0,0,0
phase2_static_scurve_r01_s0015,52.256,-0.759674,0.549566,0.099651,2,1.331525,14.320659,1,0,0,0
phase2_static_scurve_r01_s0015,52.288,-0.762618,0.549621,0.099765,2,1.333512,14.322835,1,0,0,0
phase2_static_scurve_r01_s0015,52.320,-0.765561,0.549667,0.099887,2,1.335497,14.325017,1,0,0,0
phase2_static_scurve_r01_s0015,52.352,-0.768505,0.549707,0.100019,2,1.337481,14.327203,1,0,0,0
phase2_static_scurve_r01_s0015,52.384,-0.771449,0.549741,0.100160,2,1.339464,14.329393,1,0,0,0
phase2_static_scurve_r01_s0015,52.416,-0.774393,0.549770,0.100311,2,1.341446,14.331587,1,0,0,0
phase2_static_scurve_r01_s0015,52.448,-0.777337,0.549792,0.100471,2,1.343428,14.333786,1,0,0,0
phase2_static_scurve_r01_s0015,52.480,-0.780281,0.549808,0.100641,2,1.345408,14.335989,1,0,0,0
phase2_static_scurve_r01_s0015,52.512,-0.783225,0.549819,0.100822,2,1.347387,14.338196,1,0,0,0
phase2_static_scurve_r01_s0015,52.544,-0.786169,0.549821,0.101009,2,1.349364,14.340409,1,0,0,0
phase2_static_scurve_r01_s0015,52.576,-0.789113,0.549816,0.101205,2,1.351339,14.342627,1,0,0,0
phase2_static_scurve_r01_s0015,52.608,-0.792057,0.549803,0.101409,2,1.353312,14.344850,1,0,0,0
phase2_static_scurve_r01_s0015,52.640,-0.795001,0.549784,0.101622,2,1.355284,14.347078,1,0,0,0
phase2_static_scurve_r01_s0015,52.672,-0.797945,0.549757,0.101844,2,1.357253,14.349311,1,0,0,0
phase2_static_scurve_r01_s0015,52.704,-0.800889,0.549720,0.102070,2,1.359219,14.351550,1,0,0,0
phase2_static_scurve_r01_s0015,52.736,-0.803832,0.549672,0.102301,2,1.361180,14.353797,1,0,0,0
phase2_static_scurve_r01_s0015,52.768,-0.806776,0.549631,0.102556,2,1.363150,14.356040,1,0,0,0
phase2_static_scurve_r01_s0015,52.800,-0.809720,0.549580,0.102816,2,1.365115,14.358289,1,0,0,0
phase2_static_scurve_r01_s0015,52.832,-0.812663,0.549522,0.103083,2,1.367079,14.360544,1,0,0,0
phase2_static_scurve_r01_s0015,52.864,-0.815607,0.549456,0.103359,2,1.369040,14.362804,1,0,0,0
phase2_static_scurve_r01_s0015,52.896,-0.818550,0.549385,0.103645,2,1.371002,14.365067,1,0,0,0
phase2_static_scurve_r01_s0015,52.928,-0.821493,0.549306,0.103939,2,1.372961,14.367335,1,0,0,0
phase2_static_scurve_r01_s0015,52.960,-0.824436,0.549217,0.104238,2,1.374916,14.369611,1,0,0,0
phase2_static_scurve_r01_s0015,52.992,-0.827378,0.549111,0.104537,2,1.376862,14.371896,1,0,0,0
phase2_static_scurve_r01_s0015,53.024,-0.830320,0.548989,0.104834,2,1.378799,14.374193,1,0,0,0
phase2_static_scurve_r01_s0015,53.056,-0.833261,0.548851,0.105130,2,1.380728,14.376500,1,0,0,0
phase2_static_scurve_r01_s0015,53.088,-0.836201,0.548694,0.105423,2,1.382646,14.378820,1,0,0,0
phase2_static_scurve_r01_s0015,53.120,-0.839140,0.548514,0.105710,2,1.384551,14.381153,1,0,0,0
phase2_static_scurve_r01_s0015,53.152,-0.842078,0.548310,0.105988,2,1.386441,14.383501,1,0,0,0
phase2_static_scurve_r01_s0015,53.184,-0.845014,0.548082,0.106256,2,1.388315,14.385864,1,0,0,0
phase2_static_scurve_r01_s0015,53.216,-0.847948,0.547824,0.106511,2,1.390171,14.388246,1,0,0,0
phase2_static_scurve_r01_s0015,53.248,-0.850879,0.547535,0.106751,2,1.392007,14.390645,1,0,0,0
phase2_static_scurve_r01_s0015,53.280,-0.853807,0.547213,0.106972,2,1.393820,14.393065,1,0,0,0
phase2_static_scurve_r01_s0015,53.312,-0.856731,0.546855,0.107173,2,1.395608,14.395505,1,0,0,0
phase2_static_scurve_r01_s0015,53.344,-0.859649,0.546460,0.107352,2,1.397371,14.397965,1,0,0,0
phase2_static_scurve_r01_s0015,53.376,-0.862563,0.546032,0.107513,2,1.399111,14.400444,1,0,0,0
phase2_static_scurve_r01_s0015,53.408,-0.865472,0.545569,0.107656,2,1.400826,14.402942,1,0,0,0
phase2_static_scurve_r01_s0015,53.440,-0.868375,0.545071,0.107777,2,1.402516,14.405459,1,0,0,0
phase2_static_scurve_r01_s0015,53.472,-0.871271,0.544540,0.107880,2,1.404183,14.407993,1,0,0,0
phase2_static_scurve_r01_s0015,53.504,-0.874162,0.543978,0.107968,2,1.405827,14.410543,1,0,0,0
phase2_static_scurve_r01_s0015,53.536,-0.877046,0.543384,0.108039,2,1.407449,14.413109,1,0,0,0
phase2_static_scurve_r01_s0015,53.568,-0.879923,0.542762,0.108096,2,1.409050,14.415689,1,0,0,0
phase2_static_scurve_r01_s0015,53.600,-0.882795,0.542115,0.108143,2,1.410635,14.418281,1,0,0,0
phase2_static_scurve_r01_s0015,53.632,-0.885661,0.541442,0.108178,2,1.412201,14.420885,1,0,0,0
phase2_static_scurve_r01_s0015,53.664,-0.888521,0.540745,0.108205,2,1.413750,14.423501,1,0,0,0
phase2_static_scurve_r01_s0015,53.696,-0.891375,0.540026,0.108225,2,1.415285,14.426128,1,0,0,0
phase2_static_scurve_r01_s0015,53.728,-0.894224,0.539287,0.108239,2,1.416806,14.428763,1,0,0,0
phase2_static_scurve_r01_s0015,53.760,-0.897068,0.538529,0.108250,2,1.418315,14.431408,1,0,0,0
phase2_static_scurve_r01_s0015,53.792,-0.899908,0.537755,0.108258,2,1.419814,14.434060,1,0,0,0
phase2_static_scurve_r01_s0015,53.824,-0.902745,0.536973,0.108276,2,1.421311,14.436715,1,0,0,0
phase2_static_scurve_r01_s0015,53.856,-0.905581,0.536183,0.108299,2,1.422804,14.439374,1,0,0,0
phase2_static_scurve_r01_s0015,53.888,-0.908413,0.535381,0.108325,2,1.424292,14.442039,1,0,0,0
phase2_static_scurve_r01_s0015,53.920,-0.911241,0.534567,0.108356,2,1.425774,14.444708,1,0,0,0
phase2_static_scurve_r01_s0015,53.952,-0.914068,0.533747,0.108394,2,1.427254,14.447382,1,0,0,0
phase2_static_scurve_r01_s0015,53.984,-0.916893,0.532918,0.108440,2,1.428732,14.450058,1,0,0,0
phase2_static_scurve_r01_s0015,54.016,-0.919715,0.532081,0.108492,2,1.430207,14.452739,1,0,0,0
phase2_static_scurve_r01_s0015,54.048,-0.922533,0.531226,0.108542,2,1.431670,14.455428,1,0,0,0
phase2_static_scurve_r01_s0015,54.080,-0.925344,0.530351,0.108586,2,1.433120,14.458125,1,0,0,0
phase2_static_scurve_r01_s0015,54.112,-0.928149,0.529455,0.108623,2,1.434555,14.460832,1,0,0,0
phase2_static_scurve_r01_s0015,54.144,-0.930947,0.528537,0.108653,2,1.435974,14.463548,1,0,0,0
phase2_static_scurve_r01_s0015,54.176,-0.933737,0.527596,0.108674,2,1.437378,14.466272,1,0,0,0
phase2_static_scurve_r01_s0015,54.208,-0.936520,0.526634,0.108689,2,1.438766,14.469006,1,0,0,0
phase2_static_scurve_r01_s0015,54.240,-0.939295,0.525648,0.108693,2,1.440137,14.471749,1,0,0,0
phase2_static_scurve_r01_s0015,54.272,-0.942061,0.524639,0.108689,2,1.441490,14.474501,1,0,0,0
phase2_static_scurve_r01_s0015,54.304,-0.944819,0.523607,0.108676,2,1.442827,14.477261,1,0,0,0
phase2_static_scurve_r01_s0015,54.336,-0.947568,0.522552,0.108654,2,1.444147,14.480030,1,0,0,0
phase2_static_scurve_r01_s0015,54.368,-0.950309,0.521475,0.108623,2,1.445449,14.482807,1,0,0,0
phase2_static_scurve_r01_s0015,54.400,-0.953040,0.520375,0.108584,2,1.446735,14.485592,1,0,0,0
phase2_static_scurve_r01_s0015,54.432,-0.955762,0.519253,0.108536,2,1.448004,14.488384,1,0,0,0
phase2_static_scurve_r01_s0015,54.464,-0.958476,0.518112,0.108482,2,1.449259,14.491184,1,0,0,0
phase2_static_scurve_r01_s0015,54.496,-0.961181,0.516950,0.108421,2,1.450498,14.493990,1,0,0,0
phase2_static_scurve_r01_s0015,54.528,-0.963878,0.515769,0.108357,2,1.451724,14.496802,1,0,0,0
phase2_static_scurve_r01_s0015,54.560,-0.966567,0.514571,0.108287,2,1.452936,14.499619,1,0,0,0
phase2_static_scurve_r01_s0015,54.592,-0.969248,0.513355,0.108214,2,1.454137,14.502442,1,0,0,0
phase2_static_scurve_r01_s0015,54.624,-0.971923,0.512125,0.108141,2,1.455328,14.505270,1,0,0,0
phase2_static_scurve_r01_s0015,54.656,-0.974590,0.510880,0.108067,2,1.456508,14.508102,1,0,0,0
phase2_static_scurve_r01_s0015,54.688,-0.977251,0.509621,0.107993,2,1.457680,14.510938,1,0,0,0
phase2_static_scurve_r01_s0015,54.720,-0.979905,0.508348,0.107919,2,1.458843,14.513779,1,0,0,0
phase2_static_scurve_r01_s0015,54.752,-0.982554,0.507064,0.107848,2,1.459998,14.516622,1,0,0,0
phase2_static_scurve_r01_s0015,54.784,-0.985197,0.505769,0.107781,2,1.461149,14.519469,1,0,0,0
phase2_static_scurve_r01_s0015,54.816,-0.987838,0.504468,0.107723,2,1.462297,14.522318,1,0,0,0
phase2_static_scurve_r01_s0015,54.848,-0.990472,0.503155,0.107666,2,1.463439,14.525170,1,0,0,0
phase2_static_scurve_r01_s0015,54.880,-0.993107,0.501842,0.107625,2,1.464585,14.528022,1,0,0,0
phase2_static_scurve_r01_s0015,54.912,-0.995738,0.500521,0.107592,2,1.465729,14.530876,1,0,0,0
phase2_static_scurve_r01_s0015,54.944,-0.998366,0.499194,0.107566,2,1.466871,14.533732,1,0,0,0
phase2_static_scurve_r01_s0015,54.976,-1.000990,0.497861,0.107549,2,1.468012,14.536590,1,0,0,0
phase2_static_scurve_r01_s0015,55.008,-1.003612,0.496523,0.107543,2,1.469153,14.539449,1,0,0,0
phase2_static_scurve_r01_s0015,55.040,-1.006232,0.495180,0.107546,2,1.470294,14.542309,1,0,0,0
phase2_static_scurve_r01_s0015,55.072,-1.008848,0.493830,0.107558,2,1.471433,14.545172,1,0,0,0
phase2_static_scurve_r01_s0015,55.104,-1.011459,0.492469,0.107572,2,1.472565,14.548037,1,0,0,0
phase2_static_scurve_r01_s0015,55.136,-1.014064,0.491096,0.107588,2,1.473690,14.550906,1,0,0,0
phase2_static_scurve_r01_s0015,55.168,-1.016662,0.489712,0.107608,2,1.474808,14.553777,1,0,0,0
phase2_static_scurve_r01_s0015,55.200,-1.019252,0.488312,0.107625,2,1.475915,14.556653,1,0,0,0
phase2_static_scurve_r01_s0015,55.232,-1.021836,0.486900,0.107643,2,1.477014,14.559531,1,0,0,0
phase2_static_scurve_r01_s0015,55.264,-1.024410,0.485471,0.107658,2,1.478100,14.562414,1,0,0,0
phase2_static_scurve_r01_s0015,55.296,-1.026976,0.484026,0.107671,2,1.479175,14.565300,1,0,0,0
phase2_static_scurve_r01_s0015,55.328,-1.029533,0.482566,0.107681,2,1.480238,14.568190,1,0,0,0
phase2_static_scurve_r01_s0015,55.360,-1.032081,0.481090,0.107689,2,1.481290,14.571083,1,0,0,0
phase2_static_scurve_r01_s0015,55.392,-1.034620,0.479599,0.107695,2,1.482330,14.573979,1,0,0,0
phase2_static_scurve_r01_s0015,55.424,-1.037149,0.478091,0.107697,2,1.483356,14.576879,1,0,0,0
phase2_static_scurve_r01_s0015,55.456,-1.039667,0.476566,0.107694,2,1.484370,14.579782,1,0,0,0
phase2_static_scurve_r01_s0015,55.488,-1.042176,0.475025,0.107688,2,1.485371,14.582688,1,0,0,0
phase2_static_scurve_r01_s0015,55.520,-1.044675,0.473468,0.107679,2,1.486358,14.585598,1,0,0,0
phase2_static_scurve_r01_s0015,55.552,-1.047164,0.471895,0.107665,2,1.487333,14.588510,1,0,0,0
phase2_static_scurve_r01_s0015,55.584,-1.049642,0.470305,0.107649,2,1.488295,14.591424,1,0,0,0
phase2_static_scurve_r01_s0015,55.616,-1.052109,0.468699,0.107628,2,1.489245,14.594342,1,0,0,0
phase2_static_scurve_r01_s0015,55.648,-1.054568,0.467080,0.107607,2,1.490183,14.597261,1,0,0,0
phase2_static_scurve_r01_s0015,55.680,-1.057017,0.465446,0.107584,2,1.491110,14.600183,1,0,0,0
phase2_static_scurve_r01_s0015,55.712,-1.059456,0.463798,0.107559,2,1.492027,14.603107,1,0,0,0
phase2_static_scurve_r01_s0015,55.744,-1.061886,0.462135,0.107532,2,1.492932,14.606032,1,0,0,0
phase2_static_scurve_r01_s0015,55.776,-1.064307,0.460460,0.107506,2,1.493827,14.608960,1,0,0,0
phase2_static_scurve_r01_s0015,55.808,-1.066719,0.458773,0.107479,2,1.494714,14.611889,1,0,0,0
phase2_static_scurve_r01_s0015,55.840,-1.069123,0.457074,0.107455,2,1.495593,14.614819,1,0,0,0
phase2_static_scurve_r01_s0015,55.872,-1.071522,0.455368,0.107438,2,1.496468,14.617750,1,0,0,0
phase2_static_scurve_r01_s0015,55.904,-1.073914,0.453652,0.107423,2,1.497337,14.620681,1,0,0,0
phase2_static_scurve_r01_s0015,55.936,-1.076303,0.451932,0.107419,2,1.498206,14.623614,1,0,0,0
phase2_static_scurve_r01_s0015,55.968,-1.078688,0.450206,0.107424,2,1.499074,14.626547,1,0,0,0
phase2_static_scurve_r01_s0015,56.000,-1.081068,0.448475,0.107437,2,1.499941,14.629481,1,0,0,0
phase2_static_scurve_r01_s0015,56.032,-1.083445,0.446738,0.107458,2,1.500806,14.632415,1,0,0,0
phase2_static_scurve_r01_s0015,56.064,-1.085818,0.444996,0.107490,2,1.501671,14.635350,1,0,0,0
phase2_static_scurve_r01_s0015,56.096,-1.088189,0.443251,0.107533,2,1.502537,14.638285,1,0,0,0
phase2_static_scurve_r01_s0015,56.128,-1.090554,0.441498,0.107582,2,1.503400,14.641221,1,0,0,0
phase2_static_scurve_r01_s0015,56.160,-1.092912,0.439734,0.107633,2,1.504255,14.644158,1,0,0,0
phase2_static_scurve_r01_s0015,56.192,-1.095260,0.437958,0.107684,2,1.505100,14.647096,1,0,0,0
phase2_static_scurve_r01_s0015,56.224,-1.097597,0.436168,0.107733,2,1.505934,14.650036,1,0,0,0
phase2_static_scurve_r01_s0015,56.256,-1.099925,0.434365,0.107782,2,1.506758,14.652976,1,0,0,0
phase2_static_scurve_r01_s0015,56.288,-1.102242,0.432547,0.107827,2,1.507569,14.655917,1,0,0,0
phase2_static_scurve_r01_s0015,56.320,-1.104545,0.430714,0.107868,2,1.508366,14.658860,1,0,0,0
phase2_static_scurve_r01_s0015,56.352,-1.106837,0.428865,0.107905,2,1.509149,14.661803,1,0,0,0
phase2_static_scurve_r01_s0015,56.384,-1.109115,0.426998,0.107935,2,1.509917,14.664746,1,0,0,0
phase2_static_scurve_r01_s0015,56.416,-1.111379,0.425116,0.107959,2,1.510669,14.667690,1,0,0,0
phase2_static_scurve_r01_s0015,56.448,-1.113629,0.423217,0.107978,2,1.511407,14.670635,1,0,0,0
phase2_static_scurve_r01_s0015,56.480,-1.115866,0.421303,0.107991,2,1.512129,14.673579,1,0,0,0
phase2_static_scurve_r01_s0015,56.512,-1.118090,0.419372,0.107999,2,1.512836,14.676524,1,0,0,0
phase2_static_scurve_r01_s0015,56.544,-1.120299,0.417426,0.108002,2,1.513529,14.679468,1,0,0,0
phase2_static_scurve_r01_s0015,56.576,-1.122494,0.415464,0.107999,2,1.514206,14.682411,1,0,0,0
phase2_static_scurve_r01_s0015,56.608,-1.124676,0.413487,0.107991,2,1.514869,14.685355,1,0,0,0
phase2_static_scurve_r01_s0015,56.640,-1.126844,0.411495,0.107978,2,1.515517,14.688297,1,0,0,0
phase2_static_scurve_r01_s0015,56.672,-1.128997,0.409487,0.107959,2,1.516150,14.691239,1,0,0,0
phase2_static_scurve_r01_s0015,56.704,-1.131138,0.407467,0.107938,2,1.516771,14.694180,1,0,0,0
phase2_static_scurve_r01_s0015,56.736,-1.133265,0.405432,0.107913,2,1.517379,14.697120,1,0,0,0
phase2_static_scurve_r01_s0015,56.768,-1.135380,0.403384,0.107885,2,1.517973,14.700059,1,0,0,0
phase2_static_scurve_r01_s0015,56.800,-1.137482,0.401324,0.107856,2,1.518557,14.702996,1,0,0,0
phase2_static_scurve_r01_s0015,56.832,-1.139573,0.399251,0.107825,2,1.519129,14.705933,1,0,0,0
phase2_static_scurve_r01_s0015,56.864,-1.141652,0.397167,0.107792,2,1.519689,14.708868,1,0,0,0
phase2_static_scurve_r01_s0015,56.896,-1.143721,0.395073,0.107763,2,1.520243,14.711803,1,0,0,0
phase2_static_scurve_r01_s0015,56.928,-1.145782,0.392972,0.107737,2,1.520791,14.714736,1,0,0,0
phase2_static_scurve_r01_s0015,56.960,-1.147833,0.390860,0.107712,2,1.521331,14.717668,1,0,0,0
phase2_static_scurve_r01_s0015,56.992,-1.149879,0.388744,0.107697,2,1.521869,14.720599,1,0,0,0
phase2_static_scurve_r01_s0015,57.024,-1.151921,0.386624,0.107690,2,1.522407,14.723530,1,0,0,0
phase2_static_scurve_r01_s0015,57.056,-1.153957,0.384498,0.107692,2,1.522943,14.726460,1,0,0,0
phase2_static_scurve_r01_s0015,57.088,-1.155989,0.382368,0.107703,2,1.523478,14.729390,1,0,0,0
phase2_static_scurve_r01_s0015,57.120,-1.158017,0.380235,0.107724,2,1.524013,14.732319,1,0,0,0
phase2_static_scurve_r01_s0015,57.152,-1.160042,0.378099,0.107758,2,1.524551,14.735248,1,0,0,0
phase2_static_scurve_r01_s0015,57.184,-1.162062,0.375957,0.107798,2,1.525086,14.738176,1,0,0,0
phase2_static_scurve_r01_s0015,57.216,-1.164071,0.373805,0.107840,2,1.525612,14.741103,1,0,0,0
phase2_static_scurve_r01_s0015,57.248,-1.166069,0.371642,0.107881,2,1.526129,14.744028,1,0,0,0
phase2_static_scurve_r01_s0015,57.280,-1.168054,0.369468,0.107921,2,1.526634,14.746952,1,0,0,0
phase2_static_scurve_r01_s0015,57.312,-1.170028,0.367283,0.107960,2,1.527129,14.749873,1,0,0,0
phase2_static_scurve_r01_s0015,57.344,-1.171987,0.365085,0.107996,2,1.527610,14.752792,1,0,0,0
phase2_static_scurve_r01_s0015,57.376,-1.173931,0.362873,0.108027,2,1.528077,14.755709,1,0,0,0
phase2_static_scurve_r01_s0015,57.408,-1.175860,0.360649,0.108054,2,1.528531,14.758623,1,0,0,0
phase2_static_scurve_r01_s0015,57.440,-1.177773,0.358410,0.108075,2,1.528967,14.761533,1,0,0,0
phase2_static_scurve_r01_s0015,57.472,-1.179669,0.356157,0.108089,2,1.529389,14.764441,1,0,0,0
phase2_static_scurve_r01_s0015,57.504,-1.181549,0.353891,0.108099,2,1.529795,14.767344,1,0,0,0
phase2_static_scurve_r01_s0015,57.536,-1.183411,0.351610,0.108100,2,1.530183,14.770244,1,0,0,0
phase2_static_scurve_r01_s0015,57.568,-1.185257,0.349317,0.108096,2,1.530557,14.773140,1,0,0,0
phase2_static_scurve_r01_s0015,57.600,-1.187087,0.347010,0.108087,2,1.530915,14.776032,1,0,0,0
phase2_static_scurve_r01_s0015,57.632,-1.188900,0.344690,0.108073,2,1.531259,14.778921,1,0,0,0
phase2_static_scurve_r01_s0015,57.664,-1.190697,0.342358,0.108053,2,1.531587,14.781805,1,0,0,0
phase2_static_scurve_r01_s0015,57.696,-1.192477,0.340013,0.108028,2,1.531900,14.784684,1,0,0,0
phase2_static_scurve_r01_s0015,57.728,-1.194243,0.337658,0.108000,2,1.532200,14.787560,1,0,0,0
phase2_static_scurve_r01_s0015,57.760,-1.195993,0.335291,0.107969,2,1.532488,14.790431,1,0,0,0
phase2_static_scurve_r01_s0015,57.792,-1.197727,0.332912,0.107934,2,1.532761,14.793299,1,0,0,0
phase2_static_scurve_r01_s0015,57.824,-1.199449,0.330524,0.107898,2,1.533024,14.796162,1,0,0,0
phase2_static_scurve_r01_s0015,57.856,-1.201156,0.328126,0.107861,2,1.533275,14.799021,1,0,0,0
phase2_static_scurve_r01_s0015,57.888,-1.202849,0.325718,0.107821,2,1.533515,14.801876,1,0,0,0
phase2_static_scurve_r01_s0015,57.920,-1.204529,0.323302,0.107782,2,1.533745,14.804728,1,0,0,0
phase2_static_scurve_r01_s0015,57.952,-1.206199,0.320878,0.107746,2,1.533968,14.807576,1,0,0,0
phase2_static_scurve_r01_s0015,57.984,-1.207859,0.318447,0.107713,2,1.534184,14.810421,1,0,0,0
phase2_static_scurve_r01_s0015,58.016,-1.209509,0.316010,0.107684,2,1.534395,14.813263,1,0,0,0
phase2_static_scurve_r01_s0015,58.048,-1.211153,0.313569,0.107663,2,1.534603,14.816103,1,0,0,0
phase2_static_scurve_r01_s0015,58.080,-1.212796,0.311126,0.107655,2,1.534815,14.818943,1,0,0,0
phase2_static_scurve_r01_s0015,58.112,-1.214432,0.308679,0.107655,2,1.535025,14.821781,1,0,0,0
phase2_static_scurve_r01_s0015,58.144,-1.216062,0.306228,0.107664,2,1.535233,14.824617,1,0,0,0
phase2_static_scurve_r01_s0015,58.176,-1.217687,0.303774,0.107683,2,1.535442,14.827451,1,0,0,0
phase2_static_scurve_r01_s0015,58.208,-1.219310,0.301318,0.107714,2,1.535653,14.830285,1,0,0,0
phase2_static_scurve_r01_s0015,58.240,-1.220926,0.298857,0.107752,2,1.535862,14.833117,1,0,0,0
phase2_static_scurve_r01_s0015,58.272,-1.222532,0.296390,0.107793,2,1.536063,14.835945,1,0,0,0
phase2_static_scurve_r01_s0015,58.304,-1.224124,0.293913,0.107834,2,1.536254,14.838769,1,0,0,0
phase2_static_scurve_r01_s0015,58.336,-1.225704,0.291429,0.107876,2,1.536436,14.841590,1,0,0,0
phase2_static_scurve_r01_s0015,58.368,-1.227269,0.288935,0.107915,2,1.536607,14.844405,1,0,0,0
phase2_static_scurve_r01_s0015,58.400,-1.228819,0.286432,0.107952,2,1.536764,14.847215,1,0,0,0
phase2_static_scurve_r01_s0015,58.432,-1.230353,0.283918,0.107986,2,1.536909,14.850019,1,0,0,0
phase2_static_scurve_r01_s0015,58.464,-1.231870,0.281394,0.108015,2,1.537039,14.852818,1,0,0,0
phase2_static_scurve_r01_s0015,58.496,-1.233369,0.278860,0.108040,2,1.537155,14.855610,1,0,0,0
phase2_static_scurve_r01_s0015,58.528,-1.234850,0.276315,0.108059,2,1.537255,14.858395,1,0,0,0
phase2_static_scurve_r01_s0015,58.560,-1.236315,0.273761,0.108074,3,1.537342,14.861174,1,0,0,0
phase2_static_scurve_r01_s0015,58.592,-1.237760,0.271196,0.108083,3,1.537412,14.863946,1,0,0,0
phase2_static_scurve_r01_s0015,58.624,-1.239187,0.268620,0.108087,3,1.537467,14.866710,1,0,0,0
phase2_static_scurve_r01_s0015,58.656,-1.240595,0.266035,0.108085,3,1.537507,14.869467,1,0,0,0
phase2_static_scurve_r01_s0015,58.688,-1.241986,0.263440,0.108077,3,1.537531,14.872217,1,0,0,0
phase2_static_scurve_r01_s0015,58.720,-1.243357,0.260835,0.108064,3,1.537540,14.874959,1,0,0,0
phase2_static_scurve_r01_s0015,58.752,-1.244710,0.258220,0.108046,3,1.537534,14.877694,1,0,0,0
phase2_static_scurve_r01_s0015,58.784,-1.246044,0.255596,0.108023,3,1.537512,14.880421,1,0,0,0
phase2_static_scurve_r01_s0015,58.816,-1.247362,0.252964,0.107996,3,1.537478,14.883140,1,0,0,0
phase2_static_scurve_r01_s0015,58.848,-1.248663,0.250323,0.107966,3,1.537430,14.885853,1,0,0,0
phase2_static_scurve_r01_s0015,58.880,-1.249946,0.247674,0.107933,3,1.537369,14.888558,1,0,0,0
phase2_static_scurve_r01_s0015,58.912,-1.251215,0.245018,0.107898,3,1.537296,14.891256,1,0,0,0
phase2_static_scurve_r01_s0015,58.944,-1.252467,0.242354,0.107861,3,1.537212,14.893947,1,0,0,0
phase2_static_scurve_r01_s0015,58.976,-1.253704,0.239684,0.107823,3,1.537116,14.896632,1,0,0,0
phase2_static_scurve_r01_s0015,59.008,-1.254929,0.237008,0.107787,3,1.537013,14.899311,1,0,0,0
phase2_static_scurve_r01_s0015,59.040,-1.256144,0.234327,0.107755,3,1.536905,14.901985,1,0,0,0
phase2_static_scurve_r01_s0015,59.072,-1.257348,0.231641,0.107727,3,1.536789,14.904654,1,0,0,0
phase2_static_scurve_r01_s0015,59.104,-1.258543,0.228951,0.107704,3,1.536670,14.907320,1,0,0,0
phase2_static_scurve_r01_s0015,59.136,-1.259741,0.226261,0.107701,3,1.536559,14.909988,1,0,0,0
phase2_static_scurve_r01_s0015,59.168,-1.260930,0.223569,0.107703,3,1.536445,14.912651,1,0,0,0
phase2_static_scurve_r01_s0015,59.200,-1.262113,0.220874,0.107714,3,1.536330,14.915311,1,0,0,0
phase2_static_scurve_r01_s0015,59.232,-1.263292,0.218177,0.107736,3,1.536215,14.917969,1,0,0,0
phase2_static_scurve_r01_s0015,59.264,-1.264467,0.215478,0.107770,3,1.536102,14.920626,1,0,0,0
phase2_static_scurve_r01_s0015,59.296,-1.265635,0.212776,0.107810,3,1.535987,14.923280,1,0,0,0
phase2_static_scurve_r01_s0015,59.328,-1.266791,0.210068,0.107854,3,1.535864,14.925928,1,0,0,0
phase2_static_scurve_r01_s0015,59.360,-1.267932,0.207354,0.107897,3,1.535731,14.928570,1,0,0,0
phase2_static_scurve_r01_s0015,59.392,-1.269057,0.204634,0.107939,3,1.535587,14.931204,1,0,0,0
phase2_static_scurve_r01_s0015,59.424,-1.270168,0.201907,0.107979,3,1.535431,14.933831,1,0,0,0
phase2_static_scurve_r01_s0015,59.456,-1.271260,0.199173,0.108016,3,1.535262,14.936450,1,0,0,0
phase2_static_scurve_r01_s0015,59.488,-1.272336,0.196432,0.108051,3,1.535081,14.939060,1,0,0,0
phase2_static_scurve_r01_s0015,59.520,-1.273393,0.193684,0.108080,3,1.534885,14.941661,1,0,0,0
phase2_static_scurve_r01_s0015,59.552,-1.274431,0.190928,0.108106,3,1.534675,14.944253,1,0,0,0
phase2_static_scurve_r01_s0015,59.584,-1.275451,0.188166,0.108127,3,1.534451,14.946835,1,0,0,0
phase2_static_scurve_r01_s0015,59.616,-1.276453,0.185398,0.108144,3,1.534214,14.949409,1,0,0,0
phase2_static_scurve_r01_s0015,59.648,-1.277434,0.182622,0.108155,3,1.533960,14.951971,1,0,0,0
phase2_static_scurve_r01_s0015,59.680,-1.278395,0.179839,0.108161,3,1.533690,14.954523,1,0,0,0
phase2_static_scurve_r01_s0015,59.712,-1.279337,0.177049,0.108161,3,1.533406,14.957065,1,0,0,0
phase2_static_scurve_r01_s0015,59.744,-1.280258,0.174253,0.108155,3,1.533106,14.959596,1,0,0,0
phase2_static_scurve_r01_s0015,59.776,-1.281159,0.171450,0.108144,3,1.532791,14.962117,1,0,0,0
phase2_static_scurve_r01_s0015,59.808,-1.282040,0.168642,0.108128,3,1.532460,14.964626,1,0,0,0
phase2_static_scurve_r01_s0015,59.840,-1.282903,0.165828,0.108108,3,1.532117,14.967126,1,0,0,0
phase2_static_scurve_r01_s0015,59.872,-1.283748,0.163008,0.108085,3,1.531760,14.969615,1,0,0,0
phase2_static_scurve_r01_s0015,59.904,-1.284577,0.160184,0.108061,3,1.531392,14.972096,1,0,0,0
phase2_static_scurve_r01_s0015,59.936,-1.285389,0.157355,0.108034,3,1.531013,14.974567,1,0,0,0
phase2_static_scurve_r01_s0015,59.968,-1.286185,0.154522,0.108006,3,1.530621,14.977029,1,0,0,0
phase2_static_scurve_r01_s0015,60.000,-1.286963,0.151683,0.107976,3,1.530218,14.979482,1,0,0,0
phase2_static_scurve_r01_s0015,60.032,-1.287727,0.148841,0.107946,3,1.529806,14.981926,1,0,0,0
phase2_static_scurve_r01_s0015,60.064,-1.288478,0.145996,0.107918,3,1.529386,14.984363,1,0,0,0
phase2_static_scurve_r01_s0015,60.096,-1.289217,0.143148,0.107895,3,1.528959,14.986793,1,0,0,0
phase2_static_scurve_r01_s0015,60.128,-1.289945,0.140296,0.107874,3,1.528527,14.989217,1,0,0,0
phase2_static_scurve_r01_s0015,60.160,-1.290663,0.137441,0.107859,3,1.528089,14.991635,1,0,0,0
phase2_static_scurve_r01_s0015,60.192,-1.291389,0.134588,0.107867,3,1.527666,14.994060,1,0,0,0
phase2_static_scurve_r01_s0015,60.224,-1.292105,0.131733,0.107881,3,1.527237,14.996477,1,0,0,0
phase2_static_scurve_r01_s0015,60.256,-1.292814,0.128877,0.107903,3,1.526807,14.998890,1,0,0,0
phase2_static_scurve_r01_s0015,60.288,-1.293515,0.126018,0.107933,3,1.526375,15.001300,1,0,0,0
phase2_static_scurve_r01_s0015,60.320,-1.294211,0.123159,0.107973,3,1.525944,15.003707,1,0,0,0
phase2_static_scurve_r01_s0015,60.352,-1.294905,0.120298,0.108026,3,1.525514,15.006112,1,0,0,0
phase2_static_scurve_r01_s0015,60.384,-1.295587,0.117434,0.108082,3,1.525079,15.008511,1,0,0,0
phase2_static_scurve_r01_s0015,60.416,-1.296253,0.114566,0.108137,3,1.524633,15.010900,1,0,0,0
phase2_static_scurve_r01_s0015,60.448,-1.296902,0.111694,0.108191,3,1.524176,15.013280,1,0,0,0
phase2_static_scurve_r01_s0015,60.480,-1.297535,0.108819,0.108243,3,1.523707,15.015650,1,0,0,0
phase2_static_scurve_r01_s0015,60.512,-1.298149,0.105939,0.108292,3,1.523225,15.018010,1,0,0,0
phase2_static_scurve_r01_s0015,60.544,-1.298743,0.103055,0.108336,3,1.522729,15.020357,1,0,0,0
phase2_static_scurve_r01_s0015,60.576,-1.299316,0.100167,0.108374,3,1.522216,15.022691,1,0,0,0
phase2_static_scurve_r01_s0015,60.608,-1.299868,0.097274,0.108406,3,1.521688,15.025012,1,0,0,0
phase2_static_scurve_r01_s0015,60.640,-1.300399,0.094378,0.108432,3,1.521145,15.027321,1,0,0,0
phase2_static_scurve_r01_s0015,60.672,-1.300907,0.091478,0.108450,3,1.520584,15.029615,1,0,0,0
phase2_static_scurve_r01_s0015,60.704,-1.301392,0.088573,0.108461,3,1.520006,15.031894,1,0,0,0
phase2_static_scurve_r01_s0015,60.736,-1.301855,0.085665,0.108464,3,1.519410,15.034159,1,0,0,0
phase2_static_scurve_r01_s0015,60.768,-1.302295,0.082754,0.108460,3,1.518799,15.036410,1,0,0,0
phase2_static_scurve_r01_s0015,60.800,-1.302712,0.079840,0.108449,3,1.518170,15.038646,1,0,0,0
phase2_static_scurve_r01_s0015,60.832,-1.303107,0.076923,0.108431,3,1.517525,15.040867,1,0,0,0
phase2_static_scurve_r01_s0015,60.864,-1.303480,0.074004,0.108405,3,1.516863,15.043073,1,0,0,0
phase2_static_scurve_r01_s0015,60.896,-1.303834,0.071082,0.108377,3,1.516189,15.045268,1,0,0,0
phase2_static_scurve_r01_s0015,60.928,-1.304170,0.068159,0.108346,3,1.515503,15.047449,1,0,0,0
phase2_static_scurve_r01_s0015,60.960,-1.304489,0.065234,0.108313,3,1.514805,15.049619,1,0,0,0
phase2_static_scurve_r01_s0015,60.992,-1.304790,0.062307,0.108278,3,1.514096,15.051778,1,0,0,0
phase2_static_scurve_r01_s0015,61.024,-1.305074,0.059379,0.108241,3,1.513375,15.053925,1,0,0,0
phase2_static_scurve_r01_s0015,61.056,-1.305343,0.056449,0.108205,3,1.512644,15.056062,1,0,0,0
phase2_static_scurve_r01_s0015,61.088,-1.305597,0.053516,0.108168,3,1.511904,15.058189,1,0,0,0
phase2_static_scurve_r01_s0015,61.120,-1.305837,0.050582,0.108134,3,1.511156,15.060308,1,0,0,0
phase2_static_scurve_r01_s0015,61.152,-1.306068,0.047647,0.108105,3,1.510405,15.062420,1,0,0,0
phase2_static_scurve_r01_s0015,61.184,-1.306286,0.044711,0.108080,3,1.509646,15.064524,1,0,0,0
phase2_static_scurve_r01_s0015,61.216,-1.306494,0.041775,0.108060,3,1.508883,15.066621,1,0,0,0
phase2_static_scurve_r01_s0015,61.248,-1.306706,0.038839,0.108059,3,1.508129,15.068721,1,0,0,0
phase2_static_scurve_r01_s0015,61.280,-1.306909,0.035902,0.108065,3,1.507371,15.070814,1,0,0,0
phase2_static_scurve_r01_s0015,61.312,-1.307104,0.032964,0.108078,3,1.506612,15.072903,1,0,0,0
phase2_static_scurve_r01_s0015,61.344,-1.307294,0.030027,0.108102,3,1.505853,15.074988,1,0,0,0
phase2_static_scurve_r01_s0015,61.376,-1.307481,0.027089,0.108138,3,1.505096,15.077071,1,0,0,0
phase2_static_scurve_r01_s0015,61.408,-1.307668,0.024151,0.108191,3,1.504345,15.079155,1,0,0,0
phase2_static_scurve_r01_s0015,61.440,-1.307848,0.021212,0.108251,3,1.503593,15.081234,1,0,0,0
phase2_static_scurve_r01_s0015,61.472,-1.308010,0.018272,0.108309,3,1.502828,15.083301,1,0,0,0
phase2_static_scurve_r01_s0015,61.504,-1.308154,0.015332,0.108365,3,1.502051,15.085356,1,0,0,0
phase2_static_scurve_r01_s0015,61.536,-1.308280,0.012390,0.108417,3,1.501262,15.087397,1,0,0,0
phase2_static_scurve_r01_s0015,61.568,-1.308387,0.009447,0.108467,3,1.500460,15.089425,1,0,0,0
phase2_static_scurve_r01_s0015,61.600,-1.308473,0.006504,0.108511,3,1.499644,15.091439,1,0,0,0
phase2_static_scurve_r01_s0015,61.632,-1.308537,0.003560,0.108548,3,1.498811,15.093436,1,0,0,0
phase2_static_scurve_r01_s0015,61.664,-1.308577,0.000615,0.108577,3,1.497960,15.095416,1,0,0,0
phase2_static_scurve_r01_s0015,61.696,-1.308593,-0.002329,0.108598,3,1.497093,15.097380,1,0,0,0
phase2_static_scurve_r01_s0015,61.728,-1.308584,-0.005274,0.108609,3,1.496207,15.099324,1,0,0,0
phase2_static_scurve_r01_s0015,61.760,-1.308551,-0.008219,0.108611,3,1.495302,15.101250,1,0,0,0
phase2_static_scurve_r01_s0015,61.792,-1.308492,-0.011163,0.108604,3,1.494379,15.103158,1,0,0,0
phase2_static_scurve_r01_s0015,61.824,-1.308410,-0.014106,0.108588,3,1.493438,15.105047,1,0,0,0
phase2_static_scurve_r01_s0015,61.856,-1.308302,-0.017049,0.108563,3,1.492479,15.106918,1,0,0,0
phase2_static_scurve_r01_s0015,61.888,-1.308171,-0.019990,0.108529,3,1.491503,15.108770,1,0,0,0
phase2_static_scurve_r01_s0015,61.920,-1.308017,-0.022930,0.108488,3,1.490511,15.110605,1,0,0,0
phase2_static_scurve_r01_s0015,61.952,-1.307844,-0.025869,0.108443,3,1.489505,15.112425,1,0,0,0
phase2_static_scurve_r01_s0015,61.984,-1.307650,-0.028807,0.108393,3,1.488485,15.114229,1,0,0,0
phase2_static_scurve_r01_s0015,62.016,-1.307437,-0.031743,0.108340,3,1.487453,15.116018,1,0,0,0
phase2_static_scurve_r01_s0015,62.048,-1.307206,-0.034678,0.108284,3,1.486408,15.117793,1,0,0,0
phase2_static_scurve_r01_s0015,62.080,-1.306956,-0.037611,0.108224,3,1.485351,15.119553,1,0,0,0
phase2_static_scurve_r01_s0015,62.112,-1.306689,-0.040543,0.108163,3,1.484283,15.121300,1,0,0,0
phase2_static_scurve_r01_s0015,62.144,-1.306405,-0.043473,0.108101,3,1.483204,15.123033,1,0,0,0
phase2_static_scurve_r01_s0015,62.176,-1.306106,-0.046402,0.108038,3,1.482117,15.124755,1,0,0,0
phase2_static_scurve_r01_s0015,62.208,-1.305796,-0.049329,0.107981,3,1.481024,15.126468,1,0,0,0
phase2_static_scurve_r01_s0015,62.240,-1.305474,-0.052255,0.107926,3,1.479925,15.128171,1,0,0,0
phase2_static_scurve_r01_s0015,62.272,-1.305142,-0.055181,0.107878,3,1.478821,15.129868,1,0,0,0
phase2_static_scurve_r01_s0015,62.304,-1.304813,-0.058106,0.107848,3,1.477726,15.131567,1,0,0,0
phase2_static_scurve_r01_s0015,62.336,-1.304476,-0.061031,0.107825,3,1.476628,15.133259,1,0,0,0
phase2_static_scurve_r01_s0015,62.368,-1.304129,-0.063954,0.107807,3,1.475525,15.134943,1,0,0,0
phase2_static_scurve_r01_s0015,62.400,-1.303775,-0.066876,0.107799,3,1.474422,15.136622,1,0,0,0
phase2_static_scurve_r01_s0015,62.432,-1.303416,-0.069798,0.107800,3,1.473318,15.138298,1,0,0,0
phase2_static_scurve_r01_s0015,62.464,-1.303051,-0.072720,0.107812,3,1.472215,15.139969,1,0,0,0
phase2_static_scurve_r01_s0015,62.496,-1.302676,-0.075640,0.107828,3,1.471106,15.141631,1,0,0,0
phase2_static_scurve_r01_s0015,62.528,-1.302287,-0.078558,0.107846,3,1.469989,15.143283,1,0,0,0
phase2_static_scurve_r01_s0015,62.560,-1.301882,-0.081474,0.107863,3,1.468863,15.144922,1,0,0,0
phase2_static_scurve_r01_s0015,62.592,-1.301462,-0.084388,0.107881,3,1.467728,15.146548,1,0,0,0
phase2_static_scurve_r01_s0015,62.624,-1.301025,-0.087300,0.107898,3,1.466582,15.148161,1,0,0,0
phase2_static_scurve_r01_s0015,62.656,-1.300572,-0.090210,0.107913,3,1.465426,15.149761,1,0,0,0
phase2_static_scurve_r01_s0015,62.688,-1.300100,-0.093116,0.107925,3,1.464258,15.151345,1,0,0,0
phase2_static_scurve_r01_s0015,62.720,-1.299611,-0.096019,0.107935,3,1.463078,15.152914,1,0,0,0
phase2_static_scurve_r01_s0015,62.752,-1.299101,-0.098919,0.107940,3,1.461884,15.154466,1,0,0,0
phase2_static_scurve_r01_s0015,62.784,-1.298572,-0.101816,0.107940,3,1.460677,15.156002,1,0,0,0
phase2_static_scurve_r01_s0015,62.816,-1.298021,-0.104709,0.107934,3,1.459455,15.157520,1,0,0,0
phase2_static_scurve_r01_s0015,62.848,-1.297449,-0.107597,0.107922,3,1.458218,15.159019,1,0,0,0
phase2_static_scurve_r01_s0015,62.880,-1.296856,-0.110481,0.107905,3,1.456968,15.160501,1,0,0,0
phase2_static_scurve_r01_s0015,62.912,-1.296243,-0.113361,0.107882,3,1.455702,15.161965,1,0,0,0
phase2_static_scurve_r01_s0015,62.944,-1.295609,-0.116236,0.107853,3,1.454423,15.163410,1,0,0,0
phase2_static_scurve_r01_s0015,62.976,-1.294954,-0.119107,0.107818,3,1.453130,15.164838,1,0,0,0
phase2_static_scurve_r01_s0015,63.008,-1.294279,-0.121973,0.107779,3,1.451822,15.166248,1,0,0,0
phase2_static_scurve_r01_s0015,63.040,-1.293584,-0.124834,0.107733,3,1.450500,15.167639,1,0,0,0
phase2_static_scurve_r01_s0015,63.072,-1.292868,-0.127689,0.107683,3,1.449165,15.169013,1,0,0,0
phase2_static_scurve_r01_s0015,63.104,-1.292134,-0.130541,0.107629,3,1.447818,15.170370,1,0,0,0
phase2_static_scurve_r01_s0015,63.136,-1.291381,-0.133387,0.107571,3,1.446458,15.171711,1,0,0,0
phase2_static_scurve_r01_s0015,63.168,-1.290610,-0.136228,0.107510,3,1.445086,15.173035,1,0,0,0
phase2_static_scurve_r01_s0015,63.200,-1.289823,-0.139065,0.107448,3,1.443704,15.174345,1,0,0,0
phase2_static_scurve_r01_s0015,63.232,-1.289022,-0.141897,0.107386,3,1.442314,15.175641,1,0,0,0
phase2_static_scurve_r01_s0015,63.264,-1.288207,-0.144726,0.107326,3,1.440916,15.176926,1,0,0,0
phase2_static_scurve_r01_s0015,63.296,-1.287381,-0.147552,0.107271,3,1.439513,15.178201,1,0,0,0
phase2_static_scurve_r01_s0015,63.328,-1.286544,-0.150375,0.107218,3,1.438103,15.179466,1,0,0,0
phase2_static_scurve_r01_s0015,63.360,-1.285711,-0.153198,0.107185,3,1.436702,15.180735,1,0,0,0
phase2_static_scurve_r01_s0015,63.392,-1.284864,-0.156018,0.107154,3,1.435294,15.181991,1,0,0,0
phase2_static_scurve_r01_s0015,63.424,-1.284009,-0.158835,0.107130,3,1.433882,15.183240,1,0,0,0
phase2_static_scurve_r01_s0015,63.456,-1.283148,-0.161650,0.107115,3,1.432470,15.184484,1,0,0,0
phase2_static_scurve_r01_s0015,63.488,-1.282279,-0.164463,0.107108,3,1.431055,15.185721,1,0,0,0
phase2_static_scurve_r01_s0015,63.520,-1.281404,-0.167273,0.107109,3,1.429639,15.186952,1,0,0,0
phase2_static_scurve_r01_s0015,63.552,-1.280514,-0.170080,0.107110,3,1.428213,15.188170,1,0,0,0
phase2_static_scurve_r01_s0015,63.584,-1.279609,-0.172881,0.107112,3,1.426780,15.189374,1,0,0,0
phase2_static_scurve_r01_s0015,63.616,-1.278690,-0.175679,0.107114,3,1.425337,15.190566,1,0,0,0
phase2_static_scurve_r01_s0015,63.648,-1.277757,-0.178471,0.107117,3,1.423887,15.191744,1,0,0,0
phase2_static_scurve_r01_s0015,63.680,-1.276808,-0.181258,0.107119,3,1.422426,15.192907,1,0,0,0
phase2_static_scurve_r01_s0015,63.712,-1.275844,-0.184040,0.107120,3,1.420955,15.194056,1,0,0,0
phase2_static_scurve_r01_s0015,63.744,-1.274863,-0.186817,0.107119,3,1.419475,15.195189,1,0,0,0
phase2_static_scurve_r01_s0015,63.776,-1.273866,-0.189587,0.107116,3,1.417983,15.196306,1,0,0,0
phase2_static_scurve_r01_s0015,63.808,-1.272851,-0.192351,0.107110,3,1.416480,15.197407,1,0,0,0
phase2_static_scurve_r01_s0015,63.840,-1.271819,-0.195108,0.107102,3,1.414967,15.198491,1,0,0,0
phase2_static_scurve_r01_s0015,63.872,-1.270771,-0.197860,0.107091,3,1.413442,15.199560,1,0,0,0
phase2_static_scurve_r01_s0015,63.904,-1.269703,-0.200604,0.107076,3,1.411904,15.200610,1,0,0,0
phase2_static_scurve_r01_s0015,63.936,-1.268618,-0.203341,0.107057,3,1.410355,15.201642,1,0,0,0
phase2_static_scurve_r01_s0015,63.968,-1.267518,-0.206072,0.107037,3,1.408796,15.202659,1,0,0,0
phase2_static_scurve_r01_s0015,64.000,-1.266401,-0.208796,0.107015,3,1.407227,15.203661,1,0,0,0
phase2_static_scurve_r01_s0015,64.032,-1.265268,-0.211513,0.106990,3,1.405647,15.204646,1,0,0,0
phase2_static_scurve_r01_s0015,64.064,-1.264120,-0.214224,0.106966,3,1.404058,15.205617,1,0,0,0
phase2_static_scurve_r01_s0015,64.096,-1.262958,-0.216929,0.106942,3,1.402461,15.206573,1,0,0,0
phase2_static_scurve_r01_s0015,64.128,-1.261782,-0.219628,0.106917,3,1.400854,15.207515,1,0,0,0
phase2_static_scurve_r01_s0015,64.160,-1.260591,-0.222320,0.106892,3,1.399239,15.208443,1,0,0,0
phase2_static_scurve_r01_s0015,64.192,-1.259385,-0.225006,0.106867,3,1.397614,15.209356,1,0,0,0
phase2_static_scurve_r01_s0015,64.224,-1.258167,-0.227686,0.106843,3,1.395982,15.210256,1,0,0,0
phase2_static_scurve_r01_s0015,64.256,-1.256936,-0.230360,0.106821,3,1.394343,15.211143,1,0,0,0
phase2_static_scurve_r01_s0015,64.288,-1.255694,-0.233029,0.106803,3,1.392699,15.212019,1,0,0,0
phase2_static_scurve_r01_s0015,64.320,-1.254443,-0.235694,0.106789,3,1.391050,15.212887,1,0,0,0
phase2_static_scurve_r01_s0015,64.352,-1.253180,-0.238354,0.106779,3,1.389395,15.213742,1,0,0,0
phase2_static_scurve_r01_s0015,64.384,-1.251906,-0.241008,0.106771,3,1.387733,15.214586,1,0,0,0
phase2_static_scurve_r01_s0015,64.416,-1.250635,-0.243663,0.106783,3,1.386079,15.215434,1,0,0,0
phase2_static_scurve_r01_s0015,64.448,-1.249355,-0.246315,0.106800,3,1.384421,15.216273,1,0,0,0
phase2_static_scurve_r01_s0015,64.480,-1.248067,-0.248962,0.106824,3,1.382760,15.217103,1,0,0,0
phase2_static_scurve_r01_s0015,64.512,-1.246773,-0.251606,0.106856,3,1.381097,15.217927,1,0,0,0
phase2_static_scurve_r01_s0015,64.544,-1.245473,-0.254247,0.106898,3,1.379433,15.218747,1,0,0,0
phase2_static_scurve_r01_s0015,64.576,-1.244169,-0.256886,0.106950,3,1.377770,15.219561,1,0,0,0
phase2_static_scurve_r01_s0015,64.608,-1.242854,-0.259521,0.107007,3,1.376101,15.220366,1,0,0,0
phase2_static_scurve_r01_s0015,64.640,-1.241527,-0.262149,0.107065,3,1.374425,15.221157,1,0,0,0
phase2_static_scurve_r01_s0015,64.672,-1.240188,-0.264771,0.107125,3,1.372742,15.221937,1,0,0,0
phase2_static_scurve_r01_s0015,64.704,-1.238835,-0.267386,0.107185,3,1.371051,15.222701,1,0,0,0
phase2_static_scurve_r01_s0015,64.736,-1.237469,-0.269994,0.107246,3,1.369352,15.223452,1,0,0,0
phase2_static_scurve_r01_s0015,64.768,-1.236088,-0.272594,0.107305,3,1.367643,15.224187,1,0,0,0
phase2_static_scurve_r01_s0015,64.800,-1.234692,-0.275187,0.107364,3,1.365925,15.224906,1,0,0,0
phase2_static_scurve_r01_s0015,64.832,-1.233280,-0.277770,0.107419,3,1.364195,15.225608,1,0,0,0
phase2_static_scurve_r01_s0015,64.864,-1.231851,-0.280345,0.107471,3,1.362455,15.226292,1,0,0,0
phase2_static_scurve_r01_s0015,64.896,-1.230405,-0.282910,0.107519,3,1.360703,15.226957,1,0,0,0
phase2_static_scurve_r01_s0015,64.928,-1.228942,-0.285465,0.107562,3,1.358939,15.227604,1,0,0,0
phase2_static_scurve_r01_s0015,64.960,-1.227461,-0.288010,0.107601,3,1.357163,15.228231,1,0,0,0
phase2_static_scurve_r01_s0015,64.992,-1.225964,-0.290545,0.107636,3,1.355376,15.228840,1,0,0,0
phase2_static_scurve_r01_s0015,65.024,-1.224449,-0.293070,0.107667,3,1.353577,15.229431,1,0,0,0
phase2_static_scurve_r01_s0015,65.056,-1.222916,-0.295584,0.107692,3,1.351765,15.230000,1,0,0,0
phase2_static_scurve_r01_s0015,65.088,-1.221367,-0.298088,0.107713,3,1.349942,15.230552,1,0,0,0
phase2_static_scurve_r01_s0015,65.120,-1.219800,-0.300580,0.107728,3,1.348106,15.231082,1,0,0,0
phase2_static_scurve_r01_s0015,65.152,-1.218217,-0.303062,0.107740,3,1.346260,15.231595,1,0,0,0
phase2_static_scurve_r01_s0015,65.184,-1.216617,-0.305534,0.107748,3,1.344402,15.232089,1,0,0,0
phase2_static_scurve_r01_s0015,65.216,-1.215003,-0.307996,0.107753,3,1.342534,15.232566,1,0,0,0
phase2_static_scurve_r01_s0015,65.248,-1.213375,-0.310449,0.107759,3,1.340658,15.233028,1,0,0,0
phase2_static_scurve_r01_s0015,65.280,-1.211735,-0.312894,0.107765,3,1.338774,15.233476,1,0,0,0
phase2_static_scurve_r01_s0015,65.312,-1.210082,-0.315329,0.107770,3,1.336882,15.233908,1,0,0,0
phase2_static_scurve_r01_s0015,65.344,-1.208413,-0.317755,0.107773,3,1.334980,15.234323,1,0,0,0
phase2_static_scurve_r01_s0015,65.376,-1.206734,-0.320173,0.107778,3,1.333071,15.234725,1,0,0,0
phase2_static_scurve_r01_s0015,65.408,-1.205045,-0.322584,0.107787,3,1.331157,15.235117,1,0,0,0
phase2_static_scurve_r01_s0015,65.440,-1.203344,-0.324987,0.107797,3,1.329236,15.235494,1,0,0,0
phase2_static_scurve_r01_s0015,65.472,-1.201647,-0.327392,0.107827,3,1.327322,15.235876,1,0,0,0
phase2_static_scurve_r01_s0015,65.504,-1.199942,-0.329792,0.107863,3,1.325405,15.236250,1,0,0,0
phase2_static_scurve_r01_s0015,65.536,-1.198232,-0.332188,0.107907,3,1.323486,15.236617,1,0,0,0
phase2_static_scurve_r01_s0015,65.568,-1.196515,-0.334579,0.107959,3,1.321565,15.236977,1,0,0,0
phase2_static_scurve_r01_s0015,65.600,-1.194795,-0.336969,0.108024,3,1.319645,15.237335,1,0,0,0
phase2_static_scurve_r01_s0015,65.632,-1.193077,-0.339359,0.108105,3,1.317730,15.237693,1,0,0,0
phase2_static_scurve_r01_s0015,65.664,-1.191352,-0.341744,0.108194,3,1.315813,15.238045,1,0,0,0
phase2_static_scurve_r01_s0015,65.696,-1.189614,-0.344121,0.108283,3,1.313887,15.238382,1,0,0,0
phase2_static_scurve_r01_s0015,65.728,-1.187861,-0.346487,0.108369,3,1.311951,15.238702,1,0,0,0
phase2_static_scurve_r01_s0015,65.760,-1.186093,-0.348841,0.108451,3,1.310005,15.239002,1,0,0,0
phase2_static_scurve_r01_s0015,65.792,-1.184308,-0.351183,0.108528,3,1.308046,15.239283,1,0,0,0
phase2_static_scurve_r01_s0015,65.824,-1.182505,-0.353511,0.108597,3,1.306074,15.239541,1,0,0,0
phase2_static_scurve_r01_s0015,65.856,-1.180683,-0.355824,0.108658,3,1.304088,15.239776,1,0,0,0
phase2_static_scurve_r01_s0015,65.888,-1.178842,-0.358123,0.108711,3,1.302088,15.239988,1,0,0,0
phase2_static_scurve_r01_s0015,65.920,-1.176984,-0.360407,0.108756,3,1.300074,15.240177,1,0,0,0
phase2_static_scurve_r01_s0015,65.952,-1.175105,-0.362675,0.108791,3,1.298046,15.240341,1,0,0,0
phase2_static_scurve_r01_s0015,65.984,-1.173205,-0.364925,0.108814,3,1.296001,15.240479,1,0,0,0
phase2_static_scurve_r01_s0015,66.016,-1.171286,-0.367158,0.108826,3,1.293940,15.240590,1,0,0,0
phase2_static_scurve_r01_s0015,66.048,-1.169346,-0.369374,0.108827,3,1.291864,15.240676,1,0,0,0
phase2_static_scurve_r01_s0015,66.080,-1.167387,-0.371572,0.108818,3,1.289773,15.240736,1,0,0,0
phase2_static_scurve_r01_s0015,66.112,-1.165408,-0.373752,0.108797,3,1.287667,15.240770,1,0,0,0
phase2_static_scurve_r01_s0015,66.144,-1.163410,-0.375915,0.108766,3,1.285547,15.240779,1,0,0,0
phase2_static_scurve_r01_s0015,66.176,-1.161395,-0.378061,0.108727,3,1.283413,15.240764,1,0,0,0
phase2_static_scurve_r01_s0015,66.208,-1.159364,-0.380192,0.108682,3,1.281267,15.240728,1,0,0,0
phase2_static_scurve_r01_s0015,66.240,-1.157317,-0.382308,0.108629,3,1.279110,15.240671,1,0,0,0
phase2_static_scurve_r01_s0015,66.272,-1.155258,-0.384411,0.108574,3,1.276943,15.240596,1,0,0,0
phase2_static_scurve_r01_s0015,66.304,-1.153185,-0.386500,0.108516,3,1.274767,15.240502,1,0,0,0
phase2_static_scurve_r01_s0015,66.336,-1.151100,-0.388578,0.108457,3,1.272583,15.240393,1,0,0,0
phase2_static_scurve_r01_s0015,66.368,-1.149001,-0.390642,0.108393,3,1.270389,15.240264,1,0,0,0
phase2_static_scurve_r01_s0015,66.400,-1.146892,-0.392695,0.108330,3,1.268188,15.240122,1,0,0,0
phase2_static_scurve_r01_s0015,66.432,-1.144776,-0.394740,0.108272,3,1.265983,15.239969,1,0,0,0
phase2_static_scurve_r01_s0015,66.464,-1.142653,-0.396778,0.108220,3,1.263774,15.239807,1,0,0,0
phase2_static_scurve_r01_s0015,66.496,-1.140520,-0.398807,0.108170,3,1.261560,15.239632,1,0,0,0
phase2_static_scurve_r01_s0015,66.528,-1.138386,-0.400834,0.108132,3,1.259346,15.239455,1,0,0,0
phase2_static_scurve_r01_s0015,66.560,-1.136246,-0.402855,0.108103,3,1.257131,15.239271,1,0,0,0
phase2_static_scurve_r01_s0015,66.592,-1.134101,-0.404871,0.108081,3,1.254913,15.239080,1,0,0,0
phase2_static_scurve_r01_s0015,66.624,-1.131951,-0.406881,0.108067,3,1.252693,15.238882,1,0,0,0
phase2_static_scurve_r01_s0015,66.656,-1.129799,-0.408889,0.108066,3,1.250475,15.238681,1,0,0,0
phase2_static_scurve_r01_s0015,66.688,-1.127644,-0.410895,0.108076,3,1.248256,15.238477,1,0,0,0
phase2_static_scurve_r01_s0015,66.720,-1.125484,-0.412895,0.108096,3,1.246036,15.238267,1,0,0,0
phase2_static_scurve_r01_s0015,66.752,-1.123313,-0.414884,0.108115,3,1.243809,15.238042,1,0,0,0
phase2_static_scurve_r01_s0015,66.784,-1.121132,-0.416862,0.108133,3,1.241574,15.237801,1,0,0,0
phase2_static_scurve_r01_s0015,66.816,-1.118939,-0.418826,0.108150,3,1.239331,15.237544,1,0,0,0
phase2_static_scurve_r01_s0015,66.848,-1.116733,-0.420777,0.108163,3,1.237078,15.237268,1,0,0,0
phase2_static_scurve_r01_s0015,66.880,-1.114515,-0.422713,0.108173,3,1.234816,15.236974,1,0,0,0
phase2_static_scurve_r01_s0015,66.912,-1.112283,-0.424634,0.108178,3,1.232544,15.236660,1,0,0,0
phase2_static_scurve_r01_s0015,66.944,-1.110038,-0.426539,0.108178,3,1.230262,15.236327,1,0,0,0
phase2_static_scurve_r01_s0015,66.976,-1.107780,-0.428429,0.108174,3,1.227969,15.235974,1,0,0,0
phase2_static_scurve_r01_s0015,67.008,-1.105508,-0.430302,0.108163,3,1.225666,15.235600,1,0,0,0
phase2_static_scurve_r01_s0015,67.040,-1.103222,-0.432158,0.108146,3,1.223352,15.235205,1,0,0,0
phase2_static_scurve_r01_s0015,67.072,-1.100923,-0.433998,0.108123,3,1.221028,15.234790,1,0,0,0
phase2_static_scurve_r01_s0015,67.104,-1.098610,-0.435819,0.108092,3,1.218692,15.234351,1,0,0,0
phase2_static_scurve_r01_s0015,67.136,-1.096283,-0.437624,0.108056,3,1.216346,15.233893,1,0,0,0
phase2_static_scurve_r01_s0015,67.168,-1.093944,-0.439412,0.108014,3,1.213990,15.233414,1,0,0,0
phase2_static_scurve_r01_s0015,67.200,-1.091592,-0.441182,0.107967,3,1.211624,15.232915,1,0,0,0
phase2_static_scurve_r01_s0015,67.232,-1.089229,-0.442938,0.107917,3,1.209250,15.232399,1,0,0,0
phase2_static_scurve_r01_s0015,67.264,-1.086855,-0.444678,0.107862,3,1.206867,15.231863,1,0,0,0
phase2_static_scurve_r01_s0015,67.296,-1.084471,-0.446405,0.107806,3,1.204476,15.231312,1,0,0,0
phase2_static_scurve_r01_s0015,67.328,-1.082076,-0.448117,0.107748,3,1.202078,15.230744,1,0,0,0
phase2_static_scurve_r01_s0015,67.360,-1.079671,-0.449814,0.107688,3,1.199671,15.230159,1,0,0,0
phase2_static_scurve_r01_s0015,67.392,-1.077256,-0.451498,0.107626,3,1.197257,15.229557,1,0,0,0
phase2_static_scurve_r01_s0015,67.424,-1.074833,-0.453168,0.107564,3,1.194837,15.228941,1,0,0,0
phase2_static_scurve_r01_s0015,67.456,-1.072402,-0.454827,0.107504,3,1.192411,15.228312,1,0,0,0
phase2_static_scurve_r01_s0015,67.488,-1.069964,-0.456477,0.107448,3,1.189982,15.227672,1,0,0,0
phase2_static_scurve_r01_s0015,67.520,-1.067522,-0.458120,0.107399,3,1.187549,15.227025,1,0,0,0
phase2_static_scurve_r01_s0015,67.552,-1.065071,-0.459749,0.107350,3,1.185111,15.226363,1,0,0,0
phase2_static_scurve_r01_s0015,67.584,-1.062618,-0.461377,0.107313,3,1.182673,15.225699,1,0,0,0
phase2_static_scurve_r01_s0015,67.616,-1.060159,-0.462995,0.107282,3,1.180231,15.225025,1,0,0,0
phase2_static_scurve_r01_s0015,67.648,-1.057696,-0.464606,0.107257,3,1.177786,15.224343,1,0,0,0
phase2_static_scurve_r01_s0015,67.680,-1.055228,-0.466212,0.107241,3,1.175340,15.223655,1,0,0,0
phase2_static_scurve_r01_s0015,67.712,-1.052757,-0.467810,0.107233,3,1.172892,15.222959,1,0,0,0
phase2_static_scurve_r01_s0015,67.744,-1.050281,-0.469403,0.107232,3,1.170442,15.222257,1,0,0,0
phase2_static_scurve_r01_s0015,67.776,-1.047798,-0.470984,0.107234,3,1.167986,15.221542,1,0,0,0
phase2_static_scurve_r01_s0015,67.808,-1.045307,-0.472555,0.107238,3,1.165526,15.220815,1,0,0,0
phase2_static_scurve_r01_s0015,67.840,-1.042809,-0.474112,0.107242,3,1.163059,15.220073,1,0,0,0
phase2_static_scurve_r01_s0015,67.872,-1.040302,-0.475656,0.107247,3,1.160586,15.219318,1,0,0,0
phase2_static_scurve_r01_s0015,67.904,-1.037786,-0.477185,0.107249,3,1.158105,15.218546,1,0,0,0
phase2_static_scurve_r01_s0015,67.936,-1.035262,-0.478701,0.107251,3,1.155618,15.217758,1,0,0,0
phase2_static_scurve_r01_s0015,67.968,-1.032727,-0.480200,0.107249,3,1.153123,15.216953,1,0,0,0
phase2_static_scurve_r01_s0015,68.000,-1.030184,-0.481683,0.107244,3,1.150620,15.216131,1,0,0,0
phase2_static_scurve_r01_s0015,68.032,-1.027631,-0.483150,0.107237,3,1.148110,15.215291,1,0,0,0
phase2_static_scurve_r01_s0015,68.064,-1.025069,-0.484600,0.107225,3,1.145591,15.214433,1,0,0,0
phase2_static_scurve_r01_s0015,68.096,-1.022496,-0.486032,0.107209,3,1.143064,15.213556,1,0,0,0
phase2_static_scurve_r01_s0015,68.128,-1.019914,-0.487447,0.107188,3,1.140529,15.212661,1,0,0,0
phase2_static_scurve_r01_s0015,68.160,-1.017323,-0.488845,0.107163,3,1.137986,15.211748,1,0,0,0
phase2_static_scurve_r01_s0015,68.192,-1.014723,-0.490225,0.107134,3,1.135435,15.210816,1,0,0,0
phase2_static_scurve_r01_s0015,68.224,-1.012113,-0.491588,0.107102,3,1.132877,15.209867,1,0,0,0
phase2_static_scurve_r01_s0015,68.256,-1.009496,-0.492936,0.107067,3,1.130312,15.208902,1,0,0,0
phase2_static_scurve_r01_s0015,68.288,-1.006870,-0.494267,0.107030,3,1.127740,15.207921,1,0,0,0
phase2_static_scurve_r01_s0015,68.320,-1.004237,-0.495583,0.106991,3,1.125161,15.206923,1,0,0,0
phase2_static_scurve_r01_s0015,68.352,-1.001597,-0.496885,0.106953,3,1.122577,15.205911,1,0,0,0
phase2_static_scurve_r01_s0015,68.384,-0.998952,-0.498175,0.106916,3,1.119988,15.204888,1,0,0,0
phase2_static_scurve_r01_s0015,68.416,-0.996299,-0.499452,0.106880,3,1.117394,15.203851,1,0,0,0
phase2_static_scurve_r01_s0015,68.448,-0.993641,-0.500716,0.106846,3,1.114795,15.202801,1,0,0,0
phase2_static_scurve_r01_s0015,68.480,-0.990977,-0.501966,0.106812,3,1.112191,15.201739,1,0,0,0
phase2_static_scurve_r01_s0015,68.512,-0.988307,-0.503206,0.106783,3,1.109584,15.200666,1,0,0,0
phase2_static_scurve_r01_s0015,68.544,-0.985632,-0.504435,0.106756,3,1.106972,15.199581,1,0,0,0
phase2_static_scurve_r01_s0015,68.576,-0.982953,-0.505654,0.106734,3,1.104356,15.198487,1,0,0,0
phase2_static_scurve_r01_s0015,68.608,-0.980269,-0.506861,0.106715,3,1.101737,15.197382,1,0,0,0
phase2_static_scurve_r01_s0015,68.640,-0.977583,-0.508064,0.106707,3,1.099117,15.196274,1,0,0,0
phase2_static_scurve_r01_s0015,68.672,-0.974893,-0.509261,0.106708,3,1.096496,15.195159,1,0,0,0
phase2_static_scurve_r01_s0015,68.704,-0.972201,-0.510450,0.106716,3,1.093872,15.194037,1,0,0,0
phase2_static_scurve_r01_s0015,68.736,-0.969506,-0.511635,0.106734,3,1.091248,15.192910,1,0,0,0
phase2_static_scurve_r01_s0015,68.768,-0.966809,-0.512814,0.106762,3,1.088623,15.191779,1,0,0,0
phase2_static_scurve_r01_s0015,68.800,-0.964109,-0.513987,0.106800,3,1.085996,15.190643,1,0,0,0
phase2_static_scurve_r01_s0015,68.832,-0.961406,-0.515153,0.106844,3,1.083367,15.189499,1,0,0,0
phase2_static_scurve_r01_s0015,68.864,-0.958697,-0.516305,0.106889,3,1.080733,15.188341,1,0,0,0
phase2_static_scurve_r01_s0015,68.896,-0.955982,-0.517445,0.106936,3,1.078094,15.187172,1,0,0,0
phase2_static_scurve_r01_s0015,68.928,-0.953262,-0.518570,0.106983,3,1.075450,15.185989,1,0,0,0
phase2_static_scurve_r01_s0015,68.960,-0.950535,-0.519681,0.107031,3,1.072800,15.184792,1,0,0,0
phase2_static_scurve_r01_s0015,68.992,-0.947802,-0.520777,0.107076,3,1.070145,15.183580,1,0,0,0
phase2_static_scurve_r01_s0015,69.024,-0.945063,-0.521856,0.107121,3,1.067484,15.182354,1,0,0,0
phase2_static_scurve_r01_s0015,69.056,-0.942317,-0.522919,0.107162,3,1.064816,15.181110,1,0,0,0
phase2_static_scurve_r01_s0015,69.088,-0.939564,-0.523964,0.107200,3,1.062142,15.179851,1,0,0,0
phase2_static_scurve_r01_s0015,69.120,-0.936804,-0.524989,0.107234,3,1.059461,15.178573,1,0,0,0
phase2_static_scurve_r01_s0015,69.152,-0.934037,-0.525996,0.107263,3,1.056773,15.177278,1,0,0,0
phase2_static_scurve_r01_s0015,69.184,-0.931264,-0.526985,0.107288,3,1.054079,15.175966,1,0,0,0
phase2_static_scurve_r01_s0015,69.216,-0.928484,-0.527954,0.107308,3,1.051378,15.174636,1,0,0,0
phase2_static_scurve_r01_s0015,69.248,-0.925698,-0.528906,0.107325,3,1.048671,15.173290,1,0,0,0
phase2_static_scurve_r01_s0015,69.280,-0.922906,-0.529838,0.107337,3,1.045957,15.171926,1,0,0,0
phase2_static_scurve_r01_s0015,69.312,-0.920107,-0.530752,0.107345,3,1.043237,15.170546,1,0,0,0
phase2_static_scurve_r01_s0015,69.344,-0.917303,-0.531647,0.107350,3,1.040511,15.169149,1,0,0,0
phase2_static_scurve_r01_s0015,69.376,-0.914493,-0.532523,0.107350,3,1.037779,15.167735,1,0,0,0
phase2_static_scurve_r01_s0015,69.408,-0.911678,-0.533383,0.107349,3,1.035042,15.166307,1,0,0,0
phase2_static_scurve_r01_s0015,69.440,-0.908858,-0.534226,0.107345,3,1.032299,15.164864,1,0,0,0
phase2_static_scurve_r01_s0015,69.472,-0.906032,-0.535052,0.107339,3,1.029552,15.163406,1,0,0,0
phase2_static_scurve_r01_s0015,69.504,-0.903202,-0.535861,0.107331,3,1.026799,15.161932,1,0,0,0
phase2_static_scurve_r01_s0015,69.536,-0.900368,-0.536655,0.107323,3,1.024041,15.160446,1,0,0,0
phase2_static_scurve_r01_s0015,69.568,-0.897530,-0.537433,0.107314,3,1.021280,15.158946,1,0,0,0
phase2_static_scurve_r01_s0015,69.600,-0.894688,-0.538198,0.107308,3,1.018514,15.157436,1,0,0,0
phase2_static_scurve_r01_s0015,69.632,-0.891844,-0.538954,0.107307,3,1.015747,15.155917,1,0,0,0
phase2_static_scurve_r01_s0015,69.664,-0.888997,-0.539697,0.107308,3,1.012976,15.154387,1,0,0,0
phase2_static_scurve_r01_s0015,69.696,-0.886148,-0.540437,0.107322,3,1.010205,15.152856,1,0,0,0
phase2_static_scurve_r01_s0015,69.728,-0.883298,-0.541169,0.107344,3,1.007432,15.151317,1,0,0,0
phase2_static_scurve_r01_s0015,69.760,-0.880446,-0.541893,0.107373,3,1.004657,15.149773,1,0,0,0
phase2_static_scurve_r01_s0015,69.792,-0.877592,-0.542613,0.107413,3,1.001882,15.148224,1,0,0,0
phase2_static_scurve_r01_s0015,69.824,-0.874737,-0.543327,0.107462,3,0.999105,15.146671,1,0,0,0
phase2_static_scurve_r01_s0015,69.856,-0.871880,-0.544038,0.107523,3,0.996328,15.145115,1,0,0,0
phase2_static_scurve_r01_s0015,69.888,-0.869022,-0.544742,0.107593,3,0.993550,15.143554,1,0,0,0
phase2_static_scurve_r01_s0015,69.920,-0.866161,-0.545433,0.107665,3,0.990767,15.141981,1,0,0,0
phase2_static_scurve_r01_s0015,69.952,-0.863296,-0.546110,0.107738,3,0.987981,15.140397,1,0,0,0
phase2_static_scurve_r01_s0015,69.984,-0.860427,-0.546772,0.107812,3,0.985191,15.138800,1,0,0,0
phase2_static_scurve_r01_s0015,70.016,-0.857555,-0.547420,0.107886,3,0.982397,15.137191,1,0,0,0
phase2_static_scurve_r01_s0015,70.048,-0.854679,-0.548050,0.107957,3,0.979598,15.135568,1,0,0,0
phase2_static_scurve_r01_s0015,70.080,-0.851799,-0.548664,0.108028,3,0.976795,15.133931,1,0,0,0
phase2_static_scurve_r01_s0015,70.112,-0.848915,-0.549260,0.108095,3,0.973986,15.132278,1,0,0,0
phase2_static_scurve_r01_s0015,70.144,-0.846027,-0.549835,0.108157,3,0.971172,15.130609,1,0,0,0
phase2_static_scurve_r01_s0015,70.176,-0.843135,-0.550388,0.108213,3,0.968353,15.128922,1,0,0,0
phase2_static_scurve_r01_s0015,70.208,-0.840239,-0.550920,0.108262,3,0.965528,15.127217,1,0,0,0
phase2_static_scurve_r01_s0015,70.240,-0.837339,-0.551428,0.108302,3,0.962697,15.125493,1,0,0,0
phase2_static_scurve_r01_s0015,70.272,-0.834434,-0.551914,0.108335,3,0.959860,15.123751,1,0,0,0
phase2_static_scurve_r01_s0015,70.304,-0.831526,-0.552374,0.108358,3,0.957017,15.121989,1,0,0,0
phase2_static_scurve_r01_s0015,70.336,-0.828614,-0.552812,0.108373,3,0.954169,15.120209,1,0,0,0
phase2_static_scurve_r01_s0015,70.368,-0.825699,-0.553224,0.108379,3,0.951316,15.118409,1,0,0,0
phase2_static_scurve_r01_s0015,70.400,-0.822781,-0.553613,0.108376,3,0.948457,15.116591,1,0,0,0
phase2_static_scurve_r01_s0015,70.432,-0.819860,-0.553979,0.108366,3,0.945594,15.114756,1,0,0,0
phase2_static_scurve_r01_s0015,70.464,-0.816937,-0.554322,0.108349,3,0.942727,15.112903,1,0,0,0
phase2_static_scurve_r01_s0015,70.496,-0.814012,-0.554645,0.108327,3,0.939856,15.111035,1,0,0,0
phase2_static_scurve_r01_s0015,70.528,-0.811085,-0.554947,0.108299,3,0.936981,15.109152,1,0,0,0
phase2_static_scurve_r01_s0015,70.560,-0.808156,-0.555228,0.108265,3,0.934102,15.107252,1,0,0,0
phase2_static_scurve_r01_s0015,70.592,-0.805225,-0.555488,0.108226,3,0.931219,15.105337,1,0,0,0
phase2_static_scurve_r01_s0015,70.624,-0.802291,-0.555729,0.108183,3,0.928331,15.103407,1,0,0,0
phase2_static_scurve_r01_s0015,70.656,-0.799356,-0.555953,0.108140,3,0.925441,15.101464,1,0,0,0
phase2_static_scurve_r01_s0015,70.688,-0.796419,-0.556160,0.108094,3,0.922547,15.099509,1,0,0,0
phase2_static_scurve_r01_s0015,70.720,-0.793481,-0.556352,0.108048,3,0.919651,15.097543,1,0,0,0
phase2_static_scurve_r01_s0015,70.752,-0.790543,-0.556530,0.108005,3,0.916753,15.095567,1,0,0,0
phase2_static_scurve_r01_s0015,70.784,-0.787604,-0.556694,0.107963,3,0.913853,15.093581,1,0,0,0
phase2_static_scurve_r01_s0015,70.816,-0.784664,-0.556847,0.107925,3,0.910951,15.091586,1,0,0,0
phase2_static_scurve_r01_s0015,70.848,-0.781723,-0.556980,0.107882,3,0.908046,15.089578,1,0,0,0
phase2_static_scurve_r01_s0015,70.880,-0.778782,-0.557106,0.107849,3,0.905141,15.087565,1,0,0,0
phase2_static_scurve_r01_s0015,70.912,-0.775840,-0.557226,0.107825,3,0.902234,15.085548,1,0,0,0
phase2_static_scurve_r01_s0015,70.944,-0.772898,-0.557332,0.107802,3,0.899326,15.083520,1,0,0,0
phase2_static_scurve_r01_s0015,70.976,-0.769954,-0.557408,0.107765,3,0.896412,15.081471,1,0,0,0
phase2_static_scurve_r01_s0015,71.008,-0.767010,-0.557456,0.107716,3,0.893495,15.079403,1,0,0,0
phase2_static_scurve_r01_s0015,71.040,-0.764065,-0.557480,0.107657,3,0.890575,15.077317,1,0,0,0
phase2_static_scurve_r01_s0015,71.072,-0.761120,-0.557478,0.107589,3,0.887651,15.075213,1,0,0,0
phase2_static_scurve_r01_s0015,71.104,-0.758176,-0.557454,0.107514,3,0.884726,15.073095,1,0,0,0
phase2_static_scurve_r01_s0015,71.136,-0.755232,-0.557409,0.107433,3,0.881798,15.070962,1,0,0,0
phase2_static_scurve_r01_s0015,71.168,-0.752288,-0.557345,0.107349,3,0.878869,15.068817,1,0,0,0
phase2_static_scurve_r01_s0015,71.200,-0.749345,-0.557264,0.107264,3,0.875938,15.066660,1,0,0,0
phase2_static_scurve_r01_s0015,71.232,-0.746403,-0.557166,0.107166,3,0.873006,15.064492,1,0,0,0
phase2_static_scurve_r01_s0015,71.264,-0.743461,-0.557055,0.107055,3,0.870072,15.062316,1,0,0,1
