run_id,time_s,robot_x,robot_y,lane_error_m,checkpoint_count,static_clearance_m,moving_clearance_m,collision_count,moving_started,moving_cleared,finished,obstacle_layout,static_obstacle_count,moving_obstacle_count
multi_mixed_obstacles_r01_s10001,0.032,-0.460000,-0.450000,0.000000,0,0.581378,1.313202,0,0,0,0,mixed,1,1
multi_mixed_obstacles_r01_s10001,0.064,-0.457069,-0.449998,0.000002,0,0.578453,1.312176,0,0,0,0,mixed,1,1
multi_mixed_obstacles_r01_s10001,0.096,-0.454137,-0.449977,0.000023,0,0.575527,1.311138,0,0,0,0,mixed,1,1
multi_mixed_obstacles_r01_s10001,0.128,-0.451193,-0.449942,0.000058,0,0.572588,1.310089,0,0,0,0,mixed,1,1
multi_mixed_obstacles_r01_s10001,0.160,-0.448250,-0.449895,0.000105,0,0.569648,1.309034,0,0,0,0,mixed,1,1
multi_mixed_obstacles_r01_s10001,0.192,-0.445310,-0.449846,0.000154,0,0.566713,1.307984,0,0,0,0,mixed,1,1
multi_mixed_obstacles_r01_s10001,0.224,-0.442367,-0.449792,0.000208,0,0.563773,1.306934,0,0,0,0,mixed,1,1
multi_mixed_obstacles_r01_s10001,0.256,-0.439423,-0.449740,0.000260,0,0.560833,1.305891,0,0,0,0,mixed,1,1
multi_mixed_obstacles_r01_s10001,0.288,-0.436480,-0.449681,0.000319,0,0.557893,1.304849,0,0,0,0,mixed,1,1
multi_mixed_obstacles_r01_s10001,0.320,-0.433537,-0.449617,0.000383,0,0.554953,1.303807,0,0,0,0,mixed,1,1
multi_mixed_obstacles_r01_s10001,0.352,-0.430594,-0.449549,0.000451,0,0.552012,1.302767,0,0,0,0,mixed,1,1
multi_mixed_obstacles_r01_s10001,0.384,-0.427651,-0.449475,0.000525,0,0.549071,1.301728,0,0,0,0,mixed,1,1
multi_mixed_obstacles_r01_s10001,0.416,-0.424708,-0.449395,0.000605,0,0.546130,1.300688,0,0,0,0,mixed,1,1
multi_mixed_obstacles_r01_s10001,0.448,-0.421765,-0.449307,0.000693,0,0.543189,1.299647,0,0,0,0,mixed,1,1
multi_mixed_obstacles_r01_s10001,0.480,-0.418822,-0.449215,0.000785,0,0.540248,1.298608,0,0,0,0,mixed,1,1
multi_mixed_obstacles_r01_s10001,0.512,-0.415880,-0.449121,0.000879,0,0.537306,1.297573,0,0,0,0,mixed,1,1
multi_mixed_obstacles_r01_s10001,0.544,-0.412938,-0.449021,0.000979,0,0.534364,1.296538,0,0,0,0,mixed,1,1
multi_mixed_obstacles_r01_s10001,0.576,-0.409996,-0.448916,0.001084,0,0.531422,1.295504,0,0,0,0,mixed,1,1
multi_mixed_obstacles_r01_s10001,0.608,-0.407054,-0.448808,0.001192,0,0.528480,1.294473,0,0,0,0,mixed,1,1
multi_mixed_obstacles_r01_s10001,0.640,-0.404112,-0.448694,0.001306,0,0.525538,1.293443,0,0,0,0,mixed,1,1
multi_mixed_obstacles_r01_s10001,0.672,-0.401170,-0.448575,0.001425,0,0.522596,1.292414,0,0,0,0,mixed,1,1
multi_mixed_obstacles_r01_s10001,0.704,-0.398229,-0.448454,0.001546,0,0.519653,1.291388,0,0,0,0,mixed,1,1
multi_mixed_obstacles_r01_s10001,0.736,-0.395287,-0.448334,0.001666,0,0.516711,1.290370,0,0,0,0,mixed,1,1
multi_mixed_obstacles_r01_s10001,0.768,-0.392346,-0.448210,0.001790,0,0.513769,1.289354,0,0,0,0,mixed,1,1
multi_mixed_obstacles_r01_s10001,0.800,-0.389405,-0.448082,0.001918,0,0.510826,1.288341,0,0,0,0,mixed,1,1
multi_mixed_obstacles_r01_s10001,0.832,-0.386463,-0.447951,0.002049,0,0.507883,1.287330,0,0,0,0,mixed,1,1
multi_mixed_obstacles_r01_s10001,0.864,-0.383523,-0.447817,0.002183,0,0.504941,1.286322,0,0,0,0,mixed,1,1
multi_mixed_obstacles_r01_s10001,0.896,-0.380582,-0.447680,0.002320,0,0.501998,1.285317,0,0,0,0,mixed,1,1
multi_mixed_obstacles_r01_s10001,0.928,-0.377641,-0.447544,0.002456,0,0.499055,1.284320,0,0,0,0,mixed,1,1
multi_mixed_obstacles_r01_s10001,0.960,-0.374700,-0.447404,0.002596,0,0.496112,1.283324,0,0,0,0,mixed,1,1
multi_mixed_obstacles_r01_s10001,0.992,-0.371760,-0.447260,0.002740,0,0.493169,1.282331,0,0,0,0,mixed,1,1
multi_mixed_obstacles_r01_s10001,1.024,-0.368819,-0.447113,0.002887,0,0.490226,1.281340,0,0,0,0,mixed,1,1
multi_mixed_obstacles_r01_s10001,1.056,-0.365879,-0.446962,0.003038,0,0.487283,1.280353,0,0,0,0,mixed,1,1
multi_mixed_obstacles_r01_s10001,1.088,-0.362939,-0.446813,0.003187,0,0.484340,1.279373,0,0,0,0,mixed,1,1
multi_mixed_obstacles_r01_s10001,1.120,-0.359999,-0.446659,0.003341,0,0.481397,1.278394,0,0,0,0,mixed,1,1
multi_mixed_obstacles_r01_s10001,1.152,-0.357059,-0.446507,0.003493,0,0.478454,1.277423,0,0,0,0,mixed,1,1
multi_mixed_obstacles_r01_s10001,1.184,-0.354119,-0.446355,0.003645,0,0.475511,1.276458,0,0,0,0,mixed,1,1
multi_mixed_obstacles_r01_s10001,1.216,-0.351179,-0.446198,0.003802,0,0.472567,1.275495,0,0,0,0,mixed,1,1
multi_mixed_obstacles_r01_s10001,1.248,-0.348239,-0.446038,0.003962,0,0.469624,1.274535,0,0,0,0,mixed,1,1
multi_mixed_obstacles_r01_s10001,1.280,-0.345300,-0.445874,0.004126,0,0.466681,1.273577,0,0,0,0,mixed,1,1
multi_mixed_obstacles_r01_s10001,1.312,-0.342361,-0.445707,0.004293,0,0.463737,1.272623,0,0,0,0,mixed,1,1
multi_mixed_obstacles_r01_s10001,1.344,-0.339422,-0.445536,0.004464,0,0.460794,1.271671,0,0,0,0,mixed,1,1
multi_mixed_obstacles_r01_s10001,1.376,-0.336483,-0.445362,0.004638,0,0.457850,1.270722,0,0,0,0,mixed,1,1
multi_mixed_obstacles_r01_s10001,1.408,-0.333544,-0.445190,0.004810,0,0.454907,1.269780,0,0,0,0,mixed,1,1
multi_mixed_obstacles_r01_s10001,1.440,-0.330605,-0.445018,0.004982,0,0.451964,1.268845,0,0,0,0,mixed,1,1
multi_mixed_obstacles_r01_s10001,1.472,-0.327666,-0.444846,0.005154,0,0.449020,1.267916,0,0,0,0,mixed,1,1
multi_mixed_obstacles_r01_s10001,1.504,-0.324727,-0.444674,0.005326,0,0.446077,1.266994,0,0,0,0,mixed,1,1
multi_mixed_obstacles_r01_s10001,1.536,-0.321788,-0.444502,0.005498,0,0.443133,1.266078,0,0,0,0,mixed,1,1
multi_mixed_obstacles_r01_s10001,1.568,-0.318849,-0.444330,0.005670,0,0.440190,1.265168,0,0,0,0,mixed,1,1
multi_mixed_obstacles_r01_s10001,1.600,-0.315910,-0.444158,0.005842,0,0.437246,1.264264,0,0,0,0,mixed,1,1
multi_mixed_obstacles_r01_s10001,1.632,-0.312971,-0.443987,0.006013,0,0.434303,1.263366,0,0,0,0,mixed,1,1
multi_mixed_obstacles_r01_s10001,1.664,-0.310032,-0.443815,0.006185,0,0.431360,1.262475,0,0,0,0,mixed,1,1
multi_mixed_obstacles_r01_s10001,1.696,-0.307093,-0.443644,0.006356,0,0.428416,1.261590,0,0,0,0,mixed,1,1
multi_mixed_obstacles_r01_s10001,1.728,-0.304154,-0.443472,0.006528,0,0.425473,1.260712,0,0,0,0,mixed,1,1
multi_mixed_obstacles_r01_s10001,1.760,-0.301215,-0.443301,0.006699,0,0.422529,1.259839,0,0,0,0,mixed,1,1
multi_mixed_obstacles_r01_s10001,1.792,-0.298276,-0.443129,0.006871,0,0.419586,1.258973,0,0,0,0,mixed,1,1
multi_mixed_obstacles_r01_s10001,1.824,-0.295337,-0.442953,0.007047,0,0.416643,1.258109,0,0,0,0,mixed,1,1
multi_mixed_obstacles_r01_s10001,1.856,-0.292399,-0.442778,0.007222,0,0.413699,1.257252,0,0,0,0,mixed,1,1
multi_mixed_obstacles_r01_s10001,1.888,-0.289460,-0.442598,0.007402,0,0.410756,1.256397,0,0,0,0,mixed,1,1
multi_mixed_obstacles_r01_s10001,1.920,-0.286521,-0.442419,0.007581,0,0.407812,1.255549,0,0,0,0,mixed,1,1
multi_mixed_obstacles_r01_s10001,1.952,-0.283583,-0.442241,0.007759,0,0.404869,1.254708,0,0,0,0,mixed,1,1
multi_mixed_obstacles_r01_s10001,1.984,-0.280644,-0.442062,0.007938,0,0.401925,1.253873,0,0,0,0,mixed,1,1
multi_mixed_obstacles_r01_s10001,2.016,-0.277706,-0.441884,0.008116,0,0.398982,1.253044,0,0,0,0,mixed,1,1
multi_mixed_obstacles_r01_s10001,2.048,-0.274767,-0.441705,0.008295,0,0.396038,1.252222,0,0,0,0,mixed,1,1
multi_mixed_obstacles_r01_s10001,2.080,-0.271829,-0.441527,0.008473,0,0.393095,1.251406,0,0,0,0,mixed,1,1
multi_mixed_obstacles_r01_s10001,2.112,-0.268890,-0.441348,0.008652,0,0.390151,1.250597,0,0,0,0,mixed,1,1
multi_mixed_obstacles_r01_s10001,2.144,-0.265951,-0.441170,0.008830,0,0.387208,1.249794,0,0,0,0,mixed,1,1
multi_mixed_obstacles_r01_s10001,2.176,-0.263013,-0.440996,0.009004,0,0.384265,1.249003,0,0,0,0,mixed,1,1
multi_mixed_obstacles_r01_s10001,2.208,-0.260073,-0.440829,0.009171,0,0.381321,1.248223,0,0,0,0,mixed,1,1
multi_mixed_obstacles_r01_s10001,2.240,-0.257134,-0.440669,0.009331,0,0.378378,1.247457,0,0,0,0,mixed,1,1
multi_mixed_obstacles_r01_s10001,2.272,-0.254193,-0.440518,0.009482,0,0.375436,1.246707,0,0,0,0,mixed,1,1
multi_mixed_obstacles_r01_s10001,2.304,-0.251253,-0.440377,0.009623,0,0.372493,1.245972,0,0,0,0,mixed,1,1
multi_mixed_obstacles_r01_s10001,2.336,-0.248311,-0.440246,0.009754,0,0.369551,1.245254,0,0,0,0,mixed,1,1
multi_mixed_obstacles_r01_s10001,2.368,-0.245370,-0.440126,0.009874,0,0.366609,1.244553,0,0,0,0,mixed,1,1
multi_mixed_obstacles_r01_s10001,2.400,-0.242428,-0.440013,0.009987,0,0.363668,1.243866,0,0,0,0,mixed,1,1
multi_mixed_obstacles_r01_s10001,2.432,-0.239485,-0.439912,0.010088,0,0.360728,1.243197,0,0,0,0,mixed,1,1
multi_mixed_obstacles_r01_s10001,2.464,-0.236543,-0.439818,0.010182,0,0.357787,1.242541,0,0,0,0,mixed,1,1
multi_mixed_obstacles_r01_s10001,2.496,-0.233600,-0.439732,0.010268,0,0.354848,1.241900,0,0,0,0,mixed,1,1
multi_mixed_obstacles_r01_s10001,2.528,-0.230657,-0.439655,0.010345,0,0.351909,1.241274,0,0,0,0,mixed,1,1
multi_mixed_obstacles_r01_s10001,2.560,-0.227714,-0.439586,0.010414,0,0.348970,1.240663,0,0,0,0,mixed,1,1
multi_mixed_obstacles_r01_s10001,2.592,-0.224770,-0.439523,0.010477,0,0.346032,1.240064,0,0,0,0,mixed,1,1
multi_mixed_obstacles_r01_s10001,2.624,-0.221827,-0.439468,0.010532,0,0.343095,1.239480,0,0,0,0,mixed,1,1
multi_mixed_obstacles_r01_s10001,2.656,-0.218883,-0.439420,0.010580,0,0.340158,1.238909,0,0,0,0,mixed,1,1
multi_mixed_obstacles_r01_s10001,2.688,-0.215940,-0.439376,0.010624,0,0.337222,1.238348,0,0,0,0,mixed,1,1
multi_mixed_obstacles_r01_s10001,2.720,-0.212996,-0.439334,0.010666,0,0.334286,1.237797,0,0,0,0,mixed,1,1
multi_mixed_obstacles_r01_s10001,2.752,-0.210052,-0.439297,0.010703,0,0.331350,1.237258,0,0,0,0,mixed,1,1
multi_mixed_obstacles_r01_s10001,2.784,-0.207109,-0.439263,0.010737,0,0.328415,1.236728,0,0,0,0,mixed,1,1
multi_mixed_obstacles_r01_s10001,2.816,-0.204165,-0.439231,0.010769,0,0.325480,1.236207,0,0,0,0,mixed,1,1
multi_mixed_obstacles_r01_s10001,2.848,-0.201221,-0.439203,0.010797,0,0.322546,1.235697,0,0,0,0,mixed,1,1
multi_mixed_obstacles_r01_s10001,2.880,-0.198277,-0.439173,0.010827,0,0.319611,1.235191,0,0,0,0,mixed,1,1
multi_mixed_obstacles_r01_s10001,2.912,-0.195333,-0.439143,0.010857,0,0.316677,1.234692,0,0,0,0,mixed,1,1
multi_mixed_obstacles_r01_s10001,2.944,-0.192390,-0.439112,0.010888,0,0.313743,1.234200,0,0,0,0,mixed,1,1
multi_mixed_obstacles_r01_s10001,2.976,-0.189446,-0.439082,0.010918,0,0.310809,1.233714,0,0,0,0,mixed,1,1
multi_mixed_obstacles_r01_s10001,3.008,-0.186502,-0.439055,0.010945,0,0.307876,1.233239,0,0,0,0,mixed,1,1
multi_mixed_obstacles_r01_s10001,3.040,-0.183558,-0.439033,0.010967,0,0.304943,1.232775,0,0,0,0,mixed,1,1
multi_mixed_obstacles_r01_s10001,3.072,-0.180614,-0.439013,0.010987,0,0.302011,1.232321,0,0,0,0,mixed,1,1
multi_mixed_obstacles_r01_s10001,3.104,-0.177670,-0.438997,0.011003,0,0.299079,1.231877,0,0,0,0,mixed,1,1
multi_mixed_obstacles_r01_s10001,3.136,-0.174726,-0.438985,0.011015,0,0.296148,1.231444,0,0,0,0,mixed,1,1
multi_mixed_obstacles_r01_s10001,3.168,-0.171782,-0.438971,0.011029,0,0.293217,1.231016,0,0,0,0,mixed,1,1
multi_mixed_obstacles_r01_s10001,3.200,-0.168838,-0.438964,0.011036,0,0.290287,1.230602,0,0,0,0,mixed,1,1
multi_mixed_obstacles_r01_s10001,3.232,-0.165894,-0.438955,0.011045,0,0.287357,1.230192,0,0,0,0,mixed,1,1
multi_mixed_obstacles_r01_s10001,3.264,-0.162950,-0.438946,0.011054,0,0.284427,1.229790,0,0,0,0,mixed,1,1
multi_mixed_obstacles_r01_s10001,3.296,-0.160006,-0.438937,0.011063,0,0.281497,1.229394,0,0,0,0,mixed,1,1
multi_mixed_obstacles_r01_s10001,3.328,-0.157062,-0.438928,0.011072,0,0.278568,1.229005,0,0,0,0,mixed,1,1
multi_mixed_obstacles_r01_s10001,3.360,-0.154118,-0.438918,0.011082,0,0.275639,1.228623,0,0,0,0,mixed,1,1
multi_mixed_obstacles_r01_s10001,3.392,-0.151174,-0.438909,0.011091,0,0.272711,1.228248,0,0,0,0,mixed,1,1
multi_mixed_obstacles_r01_s10001,3.424,-0.148230,-0.438899,0.011101,0,0.269782,1.227879,0,0,0,0,mixed,1,1
multi_mixed_obstacles_r01_s10001,3.456,-0.145286,-0.438890,0.011110,0,0.266855,1.227518,0,0,0,0,mixed,1,1
multi_mixed_obstacles_r01_s10001,3.488,-0.142342,-0.438880,0.011120,0,0.263927,1.227163,0,0,0,0,mixed,1,1
multi_mixed_obstacles_r01_s10001,3.520,-0.139398,-0.438870,0.011130,0,0.261000,1.226815,0,0,0,0,mixed,1,1
multi_mixed_obstacles_r01_s10001,3.552,-0.136454,-0.438860,0.011140,0,0.258073,1.226475,0,0,0,0,mixed,1,1
multi_mixed_obstacles_r01_s10001,3.584,-0.133510,-0.438850,0.011150,0,0.255147,1.226141,0,0,0,0,mixed,1,1
multi_mixed_obstacles_r01_s10001,3.616,-0.130566,-0.438841,0.011159,0,0.252221,1.225814,0,0,0,0,mixed,1,1
multi_mixed_obstacles_r01_s10001,3.648,-0.127622,-0.438831,0.011169,0,0.249295,1.225494,0,0,0,0,mixed,1,1
multi_mixed_obstacles_r01_s10001,3.680,-0.124678,-0.438821,0.011179,0,0.246370,1.225181,0,0,0,0,mixed,1,1
multi_mixed_obstacles_r01_s10001,3.712,-0.121734,-0.438811,0.011189,0,0.243445,1.224875,0,0,0,0,mixed,1,1
multi_mixed_obstacles_r01_s10001,3.744,-0.118790,-0.438801,0.011199,0,0.240521,1.224577,0,0,0,0,mixed,1,1
multi_mixed_obstacles_r01_s10001,3.776,-0.115846,-0.438792,0.011208,0,0.237597,1.224285,0,0,0,0,mixed,1,1
multi_mixed_obstacles_r01_s10001,3.808,-0.112902,-0.438782,0.011218,0,0.234674,1.224000,0,0,0,0,mixed,1,1
multi_mixed_obstacles_r01_s10001,3.840,-0.109958,-0.438772,0.011228,0,0.231751,1.223722,0,0,0,0,mixed,1,1
multi_mixed_obstacles_r01_s10001,3.872,-0.107014,-0.438762,0.011238,0,0.228829,1.223451,0,0,0,0,mixed,1,1
multi_mixed_obstacles_r01_s10001,3.904,-0.104070,-0.438752,0.011248,0,0.225908,1.223188,0,0,0,0,mixed,1,1
multi_mixed_obstacles_r01_s10001,3.936,-0.101126,-0.438743,0.011257,0,0.222987,1.222931,0,0,0,0,mixed,1,1
multi_mixed_obstacles_r01_s10001,3.968,-0.098182,-0.438733,0.011267,0,0.220066,1.222681,0,0,0,0,mixed,1,1
multi_mixed_obstacles_r01_s10001,4.000,-0.095238,-0.438723,0.011277,0,0.217146,1.222439,0,0,0,0,mixed,1,1
multi_mixed_obstacles_r01_s10001,4.032,-0.092294,-0.438713,0.011287,0,0.214227,1.222203,0,0,0,0,mixed,1,1
multi_mixed_obstacles_r01_s10001,4.064,-0.089350,-0.438703,0.011297,0,0.211309,1.221974,0,0,0,0,mixed,1,1
multi_mixed_obstacles_r01_s10001,4.096,-0.086406,-0.438694,0.011306,0,0.208391,1.221753,0,0,0,0,mixed,1,1
multi_mixed_obstacles_r01_s10001,4.128,-0.083463,-0.438684,0.011316,0,0.205474,1.221538,0,0,0,0,mixed,1,1
multi_mixed_obstacles_r01_s10001,4.160,-0.080519,-0.438674,0.011326,0,0.202558,1.221331,0,0,0,0,mixed,1,1
multi_mixed_obstacles_r01_s10001,4.192,-0.077575,-0.438664,0.011336,0,0.199643,1.221131,0,0,0,0,mixed,1,1
multi_mixed_obstacles_r01_s10001,4.224,-0.074631,-0.438654,0.011346,0,0.196729,1.220938,0,0,0,0,mixed,1,1
multi_mixed_obstacles_r01_s10001,4.256,-0.071687,-0.438645,0.011355,0,0.193815,1.220751,0,0,0,0,mixed,1,1
multi_mixed_obstacles_r01_s10001,4.288,-0.068743,-0.438635,0.011365,0,0.190902,1.220572,0,0,0,0,mixed,1,1
multi_mixed_obstacles_r01_s10001,4.320,-0.065799,-0.438625,0.011375,0,0.187991,1.220400,0,0,0,0,mixed,1,1
multi_mixed_obstacles_r01_s10001,4.352,-0.062855,-0.438615,0.011385,0,0.185080,1.220235,0,0,0,0,mixed,1,1
multi_mixed_obstacles_r01_s10001,4.384,-0.059911,-0.438601,0.011399,0,0.182170,1.220073,0,0,0,0,mixed,1,1
multi_mixed_obstacles_r01_s10001,4.416,-0.056967,-0.438583,0.011417,0,0.179260,1.219913,0,0,0,0,mixed,1,1
multi_mixed_obstacles_r01_s10001,4.448,-0.054023,-0.438566,0.011434,0,0.176352,1.219762,0,0,0,0,mixed,1,1
multi_mixed_obstacles_r01_s10001,4.480,-0.051079,-0.438544,0.011456,0,0.173444,1.219614,0,0,0,0,mixed,1,1
multi_mixed_obstacles_r01_s10001,4.512,-0.048135,-0.438519,0.011481,0,0.170536,1.219469,0,0,0,0,mixed,1,1
multi_mixed_obstacles_r01_s10001,4.544,-0.045191,-0.438495,0.011505,0,0.167631,1.219333,0,0,0,0,mixed,1,1
multi_mixed_obstacles_r01_s10001,4.576,-0.042247,-0.438471,0.011529,0,0.164726,1.219203,0,0,0,0,mixed,1,1
multi_mixed_obstacles_r01_s10001,4.608,-0.039303,-0.438448,0.011552,0,0.161823,1.219081,0,0,0,0,mixed,1,1
multi_mixed_obstacles_r01_s10001,4.640,-0.036359,-0.438424,0.011576,0,0.158922,1.218967,0,0,0,0,mixed,1,1
multi_mixed_obstacles_r01_s10001,4.672,-0.033415,-0.438401,0.011599,0,0.156022,1.218859,0,0,0,0,mixed,1,1
multi_mixed_obstacles_r01_s10001,4.704,-0.030471,-0.438378,0.011622,0,0.153124,1.218759,0,0,0,0,mixed,1,1
multi_mixed_obstacles_r01_s10001,4.736,-0.027528,-0.438359,0.011641,0,0.150229,1.218670,0,0,0,0,mixed,1,1
multi_mixed_obstacles_r01_s10001,4.768,-0.024584,-0.438340,0.011660,0,0.147335,1.218588,0,0,0,0,mixed,1,1
multi_mixed_obstacles_r01_s10001,4.800,-0.021640,-0.438325,0.011675,0,0.144444,1.218517,0,0,0,0,mixed,1,1
multi_mixed_obstacles_r01_s10001,4.832,-0.018696,-0.438309,0.011691,0,0.141555,1.218452,0,0,0,0,mixed,1,1
multi_mixed_obstacles_r01_s10001,4.864,-0.015752,-0.438298,0.011702,0,0.138670,1.218399,0,0,0,0,mixed,1,1
multi_mixed_obstacles_r01_s10001,4.896,-0.012808,-0.438285,0.011715,0,0.135786,1.218352,0,0,0,0,mixed,1,1
multi_mixed_obstacles_r01_s10001,4.928,-0.012807,-0.438285,0.011715,0,0.135786,1.218353,0,0,0,0,mixed,1,1
multi_mixed_obstacles_r01_s10001,4.960,-0.012808,-0.438286,0.011714,0,0.135786,1.218353,0,0,0,0,mixed,1,1
multi_mixed_obstacles_r01_s10001,4.992,-0.012808,-0.438286,0.011714,0,0.135787,1.218353,0,0,0,0,mixed,1,1
multi_mixed_obstacles_r01_s10001,5.024,-0.012808,-0.438286,0.011714,0,0.135787,1.218353,0,0,0,0,mixed,1,1
multi_mixed_obstacles_r01_s10001,5.056,-0.012808,-0.438286,0.011714,0,0.135787,1.218354,0,0,0,0,mixed,1,1
multi_mixed_obstacles_r01_s10001,5.088,-0.012808,-0.438286,0.011714,0,0.135787,1.218354,0,0,0,0,mixed,1,1
multi_mixed_obstacles_r01_s10001,5.120,-0.012808,-0.438286,0.011714,0,0.135786,1.218354,0,0,0,0,mixed,1,1
multi_mixed_obstacles_r01_s10001,5.152,-0.012808,-0.438287,0.011713,0,0.135787,1.218354,0,0,0,0,mixed,1,1
multi_mixed_obstacles_r01_s10001,5.184,-0.012808,-0.438287,0.011713,0,0.135787,1.218354,0,0,0,0,mixed,1,1
multi_mixed_obstacles_r01_s10001,5.216,-0.012808,-0.438287,0.011713,0,0.135787,1.218354,0,0,0,0,mixed,1,1
multi_mixed_obstacles_r01_s10001,5.248,-0.012808,-0.438287,0.011713,0,0.135787,1.218354,0,0,0,0,mixed,1,1
multi_mixed_obstacles_r01_s10001,5.280,-0.011083,-0.438283,0.011717,0,0.134100,1.218333,0,0,0,0,mixed,1,1
multi_mixed_obstacles_r01_s10001,5.312,-0.009289,-0.438331,0.011669,0,0.132357,1.218366,0,0,0,0,mixed,1,1
multi_mixed_obstacles_r01_s10001,5.344,-0.007495,-0.438427,0.011573,0,0.130625,1.218450,0,0,0,0,mixed,1,1
multi_mixed_obstacles_r01_s10001,5.376,-0.005703,-0.438570,0.011430,0,0.128909,1.218583,0,0,0,0,mixed,1,1
multi_mixed_obstacles_r01_s10001,5.408,-0.003916,-0.438758,0.011242,0,0.127210,1.218765,0,0,0,0,mixed,1,1
multi_mixed_obstacles_r01_s10001,5.440,-0.002133,-0.438992,0.011008,0,0.125527,1.218994,0,0,0,0,mixed,1,1
multi_mixed_obstacles_r01_s10001,5.472,-0.000360,-0.439272,0.010728,0,0.123869,1.219272,0,0,0,0,mixed,1,1
multi_mixed_obstacles_r01_s10001,5.504,0.001406,-0.439596,0.010404,0,0.122231,1.219597,0,0,0,0,mixed,1,1
multi_mixed_obstacles_r01_s10001,5.536,0.003166,-0.439965,0.010035,0,0.120615,1.219969,0,0,0,0,mixed,1,1
multi_mixed_obstacles_r01_s10001,5.568,0.004915,-0.440379,0.009621,0,0.119027,1.220389,0,0,0,0,mixed,1,1
multi_mixed_obstacles_r01_s10001,5.600,0.006652,-0.440836,0.009164,0,0.117467,1.220854,0,0,0,0,mixed,1,1
multi_mixed_obstacles_r01_s10001,5.632,0.008377,-0.441336,0.008664,0,0.115938,1.221365,0,0,0,0,mixed,1,1
multi_mixed_obstacles_r01_s10001,5.664,0.010089,-0.441878,0.008122,0,0.114441,1.221920,0,0,0,0,mixed,1,1
multi_mixed_obstacles_r01_s10001,5.696,0.011786,-0.442463,0.007537,0,0.112979,1.222520,0,0,0,0,mixed,1,1
multi_mixed_obstacles_r01_s10001,5.728,0.013468,-0.443089,0.006911,0,0.111553,1.223163,0,0,0,0,mixed,1,1
multi_mixed_obstacles_r01_s10001,5.760,0.015133,-0.443757,0.006243,0,0.110166,1.223850,0,0,0,0,mixed,1,1
multi_mixed_obstacles_r01_s10001,5.792,0.016782,-0.444465,0.005535,0,0.108820,1.224580,0,0,0,0,mixed,1,1
multi_mixed_obstacles_r01_s10001,5.824,0.018412,-0.445213,0.004787,0,0.107518,1.225351,0,0,0,0,mixed,1,1
multi_mixed_obstacles_r01_s10001,5.856,0.020023,-0.446002,0.003998,0,0.106261,1.226165,0,0,0,0,mixed,1,1
multi_mixed_obstacles_r01_s10001,5.888,0.021614,-0.446829,0.003171,0,0.105053,1.227020,0,0,0,0,mixed,1,1
multi_mixed_obstacles_r01_s10001,5.920,0.023185,-0.447696,0.002304,0,0.103895,1.227915,0,0,0,0,mixed,1,1
multi_mixed_obstacles_r01_s10001,5.952,0.024733,-0.448601,0.001399,0,0.102791,1.228850,0,0,0,0,mixed,1,1
multi_mixed_obstacles_r01_s10001,5.984,0.026258,-0.449544,0.000456,0,0.101741,1.229825,0,0,0,0,mixed,1,1
multi_mixed_obstacles_r01_s10001,6.016,0.027760,-0.450525,0.000525,0,0.100750,1.230838,0,0,0,0,mixed,1,1
multi_mixed_obstacles_r01_s10001,6.048,0.029236,-0.451542,0.001542,0,0.099819,1.231889,0,0,0,0,mixed,1,1
multi_mixed_obstacles_r01_s10001,6.080,0.030688,-0.452595,0.002595,0,0.098950,1.232977,0,0,0,0,mixed,1,1
multi_mixed_obstacles_r01_s10001,6.112,0.032112,-0.453684,0.003684,0,0.098145,1.234102,0,0,0,0,mixed,1,1
multi_mixed_obstacles_r01_s10001,6.144,0.033510,-0.454808,0.004808,0,0.097408,1.235262,0,0,0,0,mixed,1,1
multi_mixed_obstacles_r01_s10001,6.176,0.034879,-0.455965,0.005965,0,0.096739,1.236457,0,0,0,0,mixed,1,1
multi_mixed_obstacles_r01_s10001,6.208,0.036219,-0.457157,0.007157,0,0.096141,1.237687,0,0,0,0,mixed,1,1
multi_mixed_obstacles_r01_s10001,6.240,0.037529,-0.458381,0.008381,0,0.095615,1.238949,0,0,0,0,mixed,1,1
multi_mixed_obstacles_r01_s10001,6.272,0.038808,-0.459637,0.009637,0,0.095163,1.240244,0,0,0,0,mixed,1,1
multi_mixed_obstacles_r01_s10001,6.304,0.040056,-0.460924,0.010924,0,0.094786,1.241570,0,0,0,0,mixed,1,1
multi_mixed_obstacles_r01_s10001,6.336,0.041271,-0.462241,0.012241,0,0.094485,1.242927,0,0,0,0,mixed,1,1
multi_mixed_obstacles_r01_s10001,6.368,0.042453,-0.463589,0.013589,0,0.094261,1.244313,0,0,0,0,mixed,1,1
multi_mixed_obstacles_r01_s10001,6.400,0.043602,-0.464965,0.014965,0,0.094116,1.245728,0,0,0,0,mixed,1,1
multi_mixed_obstacles_r01_s10001,6.432,0.044716,-0.466369,0.016369,0,0.094048,1.247171,0,0,0,0,mixed,1,1
multi_mixed_obstacles_r01_s10001,6.464,0.045795,-0.467800,0.017800,0,0.094059,1.248640,0,0,0,0,mixed,1,1
multi_mixed_obstacles_r01_s10001,6.496,0.046839,-0.469257,0.019257,0,0.094149,1.250135,0,0,0,0,mixed,1,1
multi_mixed_obstacles_r01_s10001,6.528,0.047845,-0.470739,0.020739,0,0.094316,1.251654,0,0,0,0,mixed,1,1
multi_mixed_obstacles_r01_s10001,6.560,0.048815,-0.472246,0.022246,0,0.094562,1.253197,0,0,0,0,mixed,1,1
multi_mixed_obstacles_r01_s10001,6.592,0.049747,-0.473777,0.023777,0,0.094884,1.254763,0,0,0,0,mixed,1,1
multi_mixed_obstacles_r01_s10001,6.624,0.050641,-0.475330,0.025330,0,0.095282,1.256351,0,0,0,0,mixed,1,1
multi_mixed_obstacles_r01_s10001,6.656,0.051496,-0.476904,0.026904,0,0.095755,1.257958,0,0,0,0,mixed,1,1
multi_mixed_obstacles_r01_s10001,6.688,0.052311,-0.478499,0.028499,0,0.096301,1.259586,0,0,0,0,mixed,1,1
multi_mixed_obstacles_r01_s10001,6.720,0.053087,-0.480114,0.030114,0,0.096919,1.261231,0,0,0,0,mixed,1,1
multi_mixed_obstacles_r01_s10001,6.752,0.053822,-0.481747,0.031747,0,0.097607,1.262894,0,0,0,0,mixed,1,1
multi_mixed_obstacles_r01_s10001,6.784,0.054516,-0.483397,0.033397,0,0.098363,1.264573,0,0,0,0,mixed,1,1
multi_mixed_obstacles_r01_s10001,6.816,0.055169,-0.485064,0.035064,0,0.099185,1.266267,0,0,0,0,mixed,1,1
multi_mixed_obstacles_r01_s10001,6.848,0.055781,-0.486747,0.036747,0,0.100071,1.267974,0,0,0,0,mixed,1,1
multi_mixed_obstacles_r01_s10001,6.880,0.056350,-0.488444,0.038444,0,0.101018,1.269695,0,0,0,0,mixed,1,1
multi_mixed_obstacles_r01_s10001,6.912,0.056877,-0.490154,0.040154,0,0.102025,1.271427,0,0,0,0,mixed,1,1
multi_mixed_obstacles_r01_s10001,6.944,0.057361,-0.491876,0.041876,0,0.103089,1.273169,0,0,0,0,mixed,1,1
multi_mixed_obstacles_r01_s10001,6.976,0.057802,-0.493610,0.043610,0,0.104207,1.274921,0,0,0,0,mixed,1,1
multi_mixed_obstacles_r01_s10001,7.008,0.058200,-0.495353,0.045353,0,0.105378,1.276680,0,0,0,0,mixed,1,1
multi_mixed_obstacles_r01_s10001,7.040,0.058554,-0.497105,0.047105,0,0.106597,1.278447,0,0,0,0,mixed,1,1
multi_mixed_obstacles_r01_s10001,7.072,0.058864,-0.498865,0.048865,0,0.107864,1.280219,0,0,0,0,mixed,1,1
multi_mixed_obstacles_r01_s10001,7.104,0.059134,-0.500626,0.050626,0,0.109169,1.281991,0,0,0,0,mixed,1,1
multi_mixed_obstacles_r01_s10001,7.136,0.059448,-0.502384,0.052384,0,0.110460,1.283761,0,0,0,0,mixed,1,1
multi_mixed_obstacles_r01_s10001,7.168,0.059814,-0.504136,0.054136,0,0.111731,1.285528,0,0,0,0,mixed,1,1
multi_mixed_obstacles_r01_s10001,7.200,0.060230,-0.505879,0.055879,0,0.112983,1.287289,0,0,0,0,mixed,1,1
multi_mixed_obstacles_r01_s10001,7.232,0.060696,-0.507611,0.057611,0,0.114215,1.289041,0,0,0,0,mixed,1,1
multi_mixed_obstacles_r01_s10001,7.264,0.061208,-0.509332,0.059332,0,0.115426,1.290784,0,0,0,0,mixed,1,1
multi_mixed_obstacles_r01_s10001,7.296,0.061766,-0.511038,0.061038,0,0.116618,1.292515,0,0,0,0,mixed,1,1
multi_mixed_obstacles_r01_s10001,7.328,0.062369,-0.512730,0.062730,0,0.117791,1.294233,0,0,0,0,mixed,1,1
multi_mixed_obstacles_r01_s10001,7.360,0.063016,-0.514405,0.064405,0,0.118944,1.295938,0,0,0,0,mixed,1,1
multi_mixed_obstacles_r01_s10001,7.392,0.063705,-0.516063,0.066063,0,0.120077,1.297628,0,0,0,0,mixed,1,1
multi_mixed_obstacles_r01_s10001,7.424,0.064435,-0.517703,0.067703,0,0.121192,1.299302,0,0,0,0,mixed,1,1
multi_mixed_obstacles_r01_s10001,7.456,0.065207,-0.519324,0.069324,0,0.122287,1.300959,0,0,0,0,mixed,1,1
multi_mixed_obstacles_r01_s10001,7.488,0.066018,-0.520925,0.070925,0,0.123363,1.302599,0,0,0,0,mixed,1,1
multi_mixed_obstacles_r01_s10001,7.520,0.066870,-0.522504,0.072504,0,0.124419,1.304220,0,0,0,0,mixed,1,1
multi_mixed_obstacles_r01_s10001,7.552,0.067760,-0.524062,0.074062,0,0.125456,1.305821,0,0,0,0,mixed,1,1
multi_mixed_obstacles_r01_s10001,7.584,0.068688,-0.525597,0.075597,0,0.126474,1.307403,0,0,0,0,mixed,1,1
multi_mixed_obstacles_r01_s10001,7.616,0.069654,-0.527109,0.077109,0,0.127472,1.308963,0,0,0,0,mixed,1,1
multi_mixed_obstacles_r01_s10001,7.648,0.070657,-0.528596,0.078596,0,0.128451,1.310502,0,0,0,0,mixed,1,1
multi_mixed_obstacles_r01_s10001,7.680,0.071696,-0.530057,0.080057,0,0.129410,1.312017,0,0,0,0,mixed,1,1
multi_mixed_obstacles_r01_s10001,7.712,0.072770,-0.531492,0.081492,0,0.130350,1.313510,0,0,0,0,mixed,1,1
multi_mixed_obstacles_r01_s10001,7.744,0.073880,-0.532901,0.082901,0,0.131269,1.314978,0,0,0,0,mixed,1,1
multi_mixed_obstacles_r01_s10001,7.776,0.075024,-0.534281,0.084281,0,0.132169,1.316421,0,0,0,0,mixed,1,1
multi_mixed_obstacles_r01_s10001,7.808,0.076202,-0.535633,0.085633,0,0.133048,1.317838,0,0,0,0,mixed,1,1
multi_mixed_obstacles_r01_s10001,7.840,0.077413,-0.536955,0.086955,0,0.133907,1.319228,0,0,0,0,mixed,1,1
multi_mixed_obstacles_r01_s10001,7.872,0.078656,-0.538246,0.088246,0,0.134746,1.320591,0,0,0,0,mixed,1,1
multi_mixed_obstacles_r01_s10001,7.904,0.079930,-0.539507,0.089507,0,0.135564,1.321926,0,0,0,0,mixed,1,1
multi_mixed_obstacles_r01_s10001,7.936,0.081236,-0.540736,0.090736,0,0.136362,1.323232,0,0,0,0,mixed,1,1
multi_mixed_obstacles_r01_s10001,7.968,0.082571,-0.541931,0.091931,0,0.137138,1.324508,0,0,0,0,mixed,1,1
multi_mixed_obstacles_r01_s10001,8.000,0.083935,-0.543094,0.093094,0,0.137894,1.325754,0,0,0,0,mixed,1,1
multi_mixed_obstacles_r01_s10001,8.032,0.085328,-0.544222,0.094222,0,0.138628,1.326968,0,0,0,0,mixed,1,1
multi_mixed_obstacles_r01_s10001,8.064,0.086748,-0.545316,0.095316,0,0.139341,1.328152,0,0,0,0,mixed,1,1
multi_mixed_obstacles_r01_s10001,8.096,0.088194,-0.546373,0.096373,0,0.140033,1.329302,0,0,0,0,mixed,1,1
multi_mixed_obstacles_r01_s10001,8.128,0.089667,-0.547395,0.097395,0,0.140704,1.330420,0,0,0,0,mixed,1,1
multi_mixed_obstacles_r01_s10001,8.160,0.091164,-0.548380,0.098380,0,0.141352,1.331504,0,0,0,0,mixed,1,1
multi_mixed_obstacles_r01_s10001,8.192,0.092685,-0.549327,0.099327,0,0.141980,1.332554,0,0,0,0,mixed,1,1
multi_mixed_obstacles_r01_s10001,8.224,0.094228,-0.550237,0.100237,0,0.142585,1.333570,0,0,0,0,mixed,1,1
multi_mixed_obstacles_r01_s10001,8.256,0.095794,-0.551107,0.101107,0,0.143168,1.334550,0,0,0,0,mixed,1,1
multi_mixed_obstacles_r01_s10001,8.288,0.097381,-0.551939,0.101939,0,0.143730,1.335494,0,0,0,0,mixed,1,1
multi_mixed_obstacles_r01_s10001,8.320,0.098988,-0.552731,0.102731,0,0.144269,1.336402,0,0,0,0,mixed,1,1
multi_mixed_obstacles_r01_s10001,8.352,0.100613,-0.553482,0.103482,0,0.144786,1.337273,0,0,0,0,mixed,1,1
multi_mixed_obstacles_r01_s10001,8.384,0.102257,-0.554193,0.104193,0,0.145281,1.338106,0,0,0,0,mixed,1,1
multi_mixed_obstacles_r01_s10001,8.416,0.103917,-0.554863,0.104863,0,0.145753,1.338902,0,0,0,0,mixed,1,1
multi_mixed_obstacles_r01_s10001,8.448,0.105594,-0.555492,0.105492,0,0.146203,1.339660,0,0,0,0,mixed,1,1
multi_mixed_obstacles_r01_s10001,8.480,0.107285,-0.556078,0.106078,0,0.146631,1.340379,0,0,0,0,mixed,1,1
multi_mixed_obstacles_r01_s10001,8.512,0.108990,-0.556623,0.106623,0,0.147035,1.341059,0,0,0,0,mixed,1,1
multi_mixed_obstacles_r01_s10001,8.544,0.110707,-0.557124,0.107124,0,0.147417,1.341699,0,0,0,0,mixed,1,1
multi_mixed_obstacles_r01_s10001,8.576,0.112436,-0.557583,0.107583,0,0.147776,1.342300,0,0,0,0,mixed,1,1
multi_mixed_obstacles_r01_s10001,8.608,0.114176,-0.557998,0.107998,0,0.148113,1.342861,0,0,0,0,mixed,1,1
multi_mixed_obstacles_r01_s10001,8.640,0.115925,-0.558370,0.108370,0,0.148426,1.343381,0,0,0,0,mixed,1,1
multi_mixed_obstacles_r01_s10001,8.672,0.117681,-0.558697,0.108697,0,0.148715,1.343860,0,0,0,0,mixed,1,1
multi_mixed_obstacles_r01_s10001,8.704,0.119445,-0.558981,0.108981,0,0.148982,1.344298,0,0,0,0,mixed,1,1
multi_mixed_obstacles_r01_s10001,8.736,0.121213,-0.559220,0.109220,0,0.149225,1.344695,0,0,0,0,mixed,1,1
multi_mixed_obstacles_r01_s10001,8.768,0.122986,-0.559415,0.109415,0,0.149445,1.345049,0,0,0,0,mixed,1,1
multi_mixed_obstacles_r01_s10001,8.800,0.124774,-0.559564,0.109564,0,0.149640,1.345362,0,0,0,0,mixed,1,1
multi_mixed_obstacles_r01_s10001,8.832,0.126565,-0.559668,0.109668,0,0.149812,1.345633,0,0,0,0,mixed,1,1
multi_mixed_obstacles_r01_s10001,8.864,0.128358,-0.559728,0.109728,0,0.149961,1.345863,0,0,0,0,mixed,1,1
multi_mixed_obstacles_r01_s10001,8.896,0.130152,-0.559744,0.109744,0,0.150088,1.346051,0,0,0,0,mixed,1,1
multi_mixed_obstacles_r01_s10001,8.928,0.131946,-0.559716,0.109716,0,0.150192,1.346198,0,0,0,0,mixed,1,1
multi_mixed_obstacles_r01_s10001,8.960,0.133739,-0.559646,0.109646,0,0.150276,1.346305,0,0,0,0,mixed,1,1
multi_mixed_obstacles_r01_s10001,8.992,0.135529,-0.559532,0.109532,0,0.150337,1.346371,0,0,0,0,mixed,1,1
multi_mixed_obstacles_r01_s10001,9.024,0.137314,-0.559375,0.109375,0,0.150375,1.346396,0,0,0,0,mixed,1,1
multi_mixed_obstacles_r01_s10001,9.056,0.139094,-0.559194,0.109194,0,0.150411,1.346399,0,0,0,0,mixed,1,1
multi_mixed_obstacles_r01_s10001,9.088,0.140873,-0.558996,0.108996,0,0.150451,1.346386,0,0,0,0,mixed,1,1
multi_mixed_obstacles_r01_s10001,9.120,0.142649,-0.558778,0.108778,0,0.150492,1.346357,0,0,0,0,mixed,1,1
multi_mixed_obstacles_r01_s10001,9.152,0.144423,-0.558541,0.108541,0,0.150536,1.346310,0,0,0,0,mixed,1,1
multi_mixed_obstacles_r01_s10001,9.184,0.147305,-0.558128,0.108128,0,0.150624,1.346212,0,0,0,0,mixed,1,1
multi_mixed_obstacles_r01_s10001,9.216,0.150212,-0.557679,0.107679,0,0.150737,1.346086,0,0,0,0,mixed,1,1
multi_mixed_obstacles_r01_s10001,9.248,0.153115,-0.557196,0.107196,0,0.150875,1.345933,0,0,0,0,mixed,1,1
multi_mixed_obstacles_r01_s10001,9.280,0.156012,-0.556680,0.106680,0,0.151036,1.345754,0,0,0,0,mixed,1,1
multi_mixed_obstacles_r01_s10001,9.312,0.158903,-0.556129,0.106129,0,0.151219,1.345545,0,0,0,0,mixed,1,1
multi_mixed_obstacles_r01_s10001,9.344,0.161787,-0.555541,0.105541,0,0.151421,1.345305,0,0,0,0,mixed,1,1
multi_mixed_obstacles_r01_s10001,9.376,0.164664,-0.554915,0.104915,0,0.151642,1.345033,0,0,0,0,mixed,1,1
multi_mixed_obstacles_r01_s10001,9.408,0.167531,-0.554249,0.104249,0,0.151878,1.344726,0,0,0,0,mixed,1,1
multi_mixed_obstacles_r01_s10001,9.440,0.170390,-0.553541,0.103541,0,0.152129,1.344382,0,0,0,0,mixed,1,1
multi_mixed_obstacles_r01_s10001,9.472,0.173238,-0.552787,0.102787,0,0.152389,1.343999,0,0,0,0,mixed,1,1
multi_mixed_obstacles_r01_s10001,9.504,0.176072,-0.551983,0.101983,0,0.152654,1.343570,0,0,0,0,mixed,1,1
multi_mixed_obstacles_r01_s10001,9.536,0.178891,-0.551122,0.101122,0,0.152917,1.343089,0,0,0,0,mixed,1,1
multi_mixed_obstacles_r01_s10001,9.568,0.181692,-0.550201,0.100201,0,0.153174,1.342552,0,0,0,0,mixed,1,1
multi_mixed_obstacles_r01_s10001,9.600,0.184470,-0.549207,0.099207,0,0.153411,1.341947,0,0,0,0,mixed,1,1
multi_mixed_obstacles_r01_s10001,9.632,0.187149,-0.548164,0.098164,0,0.153617,1.341284,0,0,0,0,mixed,1,1
multi_mixed_obstacles_r01_s10001,9.664,0.189791,-0.547036,0.097036,0,0.153785,1.340539,0,0,0,0,mixed,1,1
multi_mixed_obstacles_r01_s10001,9.696,0.192000,-0.545997,0.095997,0,0.153880,1.339825,0,0,0,0,mixed,1,1
multi_mixed_obstacles_r01_s10001,9.728,0.193317,-0.545341,0.095341,0,0.153924,1.339366,0,0,0,0,mixed,1,1
multi_mixed_obstacles_r01_s10001,9.760,0.194641,-0.544684,0.094684,0,0.153984,1.338908,0,0,0,0,mixed,1,1
multi_mixed_obstacles_r01_s10001,9.792,0.196716,-0.543781,0.093781,0,0.154216,1.338317,0,0,0,0,mixed,1,1
multi_mixed_obstacles_r01_s10001,9.824,0.199349,-0.542648,0.092648,0,0.154570,1.337587,0,0,0,0,mixed,1,1
multi_mixed_obstacles_r01_s10001,9.856,0.202008,-0.541388,0.091388,0,0.154881,1.336740,0,0,0,0,mixed,1,1
multi_mixed_obstacles_r01_s10001,9.888,0.204624,-0.540029,0.090029,0,0.155141,1.335795,0,0,0,0,mixed,1,1
multi_mixed_obstacles_r01_s10001,9.920,0.207167,-0.538585,0.088585,0,0.155346,1.334760,0,0,0,0,mixed,1,1
multi_mixed_obstacles_r01_s10001,9.952,0.209607,-0.537072,0.087072,0,0.155489,1.333647,0,0,0,0,mixed,1,1
multi_mixed_obstacles_r01_s10001,9.984,0.211327,-0.535895,0.085895,0,0.155532,1.332756,0,0,0,0,mixed,1,1
multi_mixed_obstacles_r01_s10001,10.016,0.212480,-0.535092,0.085092,0,0.155565,1.332147,0,0,0,0,mixed,1,1
multi_mixed_obstacles_r01_s10001,10.048,0.213629,-0.534278,0.084278,0,0.155600,1.331527,0,0,0,0,mixed,1,1
multi_mixed_obstacles_r01_s10001,10.080,0.215639,-0.533068,0.083068,0,0.155861,1.330657,0,0,0,0,mixed,1,1
multi_mixed_obstacles_r01_s10001,10.112,0.218108,-0.531572,0.081572,0,0.156221,1.329583,0,0,0,0,mixed,1,1
multi_mixed_obstacles_r01_s10001,10.144,0.220574,-0.529982,0.079982,0,0.156559,1.328422,0,0,0,0,mixed,1,1
multi_mixed_obstacles_r01_s10001,10.176,0.223016,-0.528349,0.078349,0,0.156904,1.327220,0,0,0,0,mixed,1,1
multi_mixed_obstacles_r01_s10001,10.208,0.225458,-0.526713,0.076713,0,0.157300,1.326020,0,0,0,0,mixed,1,1
multi_mixed_obstacles_r01_s10001,10.240,0.227905,-0.525080,0.075080,0,0.157756,1.324830,0,0,0,0,mixed,1,1
multi_mixed_obstacles_r01_s10001,10.272,0.230356,-0.523455,0.073455,0,0.158273,1.323653,0,0,0,0,mixed,1,1
multi_mixed_obstacles_r01_s10001,10.304,0.232811,-0.521837,0.071837,0,0.158852,1.322491,0,0,0,0,mixed,1,1
multi_mixed_obstacles_r01_s10001,10.336,0.235269,-0.520228,0.070228,0,0.159490,1.321341,0,0,0,0,mixed,1,1
multi_mixed_obstacles_r01_s10001,10.368,0.237735,-0.518626,0.068626,0,0.160191,1.320208,0,0,0,0,mixed,1,1
multi_mixed_obstacles_r01_s10001,10.400,0.240207,-0.517033,0.067033,0,0.160953,1.319088,0,0,0,0,mixed,1,1
multi_mixed_obstacles_r01_s10001,10.432,0.242686,-0.515450,0.065450,0,0.161776,1.317986,0,0,0,0,mixed,1,1
multi_mixed_obstacles_r01_s10001,10.464,0.245171,-0.513875,0.063875,0,0.162659,1.316899,0,0,0,0,mixed,1,1
multi_mixed_obstacles_r01_s10001,10.496,0.247664,-0.512312,0.062312,0,0.163603,1.315829,0,0,0,0,mixed,1,1
multi_mixed_obstacles_r01_s10001,10.528,0.250165,-0.510760,0.060760,0,0.164607,1.314779,0,0,0,0,mixed,1,1
multi_mixed_obstacles_r01_s10001,10.560,0.252675,-0.509222,0.059222,0,0.165674,1.313750,0,0,0,0,mixed,1,1
multi_mixed_obstacles_r01_s10001,10.592,0.255194,-0.507700,0.057700,0,0.166802,1.312743,0,0,0,0,mixed,1,1
multi_mixed_obstacles_r01_s10001,10.624,0.257724,-0.506193,0.056193,0,0.167992,1.311760,0,0,0,0,mixed,1,1
multi_mixed_obstacles_r01_s10001,10.656,0.260270,-0.504711,0.054711,0,0.169251,1.310810,0,0,0,0,mixed,1,1
multi_mixed_obstacles_r01_s10001,10.688,0.262843,-0.503273,0.053273,0,0.170599,1.309914,0,0,0,0,mixed,1,1
multi_mixed_obstacles_r01_s10001,10.720,0.265452,-0.501896,0.051896,0,0.172050,1.309092,0,0,0,0,mixed,1,1
multi_mixed_obstacles_r01_s10001,10.752,0.268096,-0.500587,0.050587,0,0.173605,1.308350,0,0,0,0,mixed,1,1
multi_mixed_obstacles_r01_s10001,10.784,0.270765,-0.499332,0.049332,0,0.175243,1.307672,0,0,0,0,mixed,1,1
multi_mixed_obstacles_r01_s10001,10.816,0.273449,-0.498119,0.048119,0,0.176951,1.307043,0,0,0,0,mixed,1,1
multi_mixed_obstacles_r01_s10001,10.848,0.276148,-0.496941,0.046941,0,0.178720,1.306460,0,0,0,0,mixed,1,1
multi_mixed_obstacles_r01_s10001,10.880,0.278859,-0.495798,0.045798,0,0.180547,1.305918,0,0,0,0,mixed,1,1
multi_mixed_obstacles_r01_s10001,10.912,0.281580,-0.494684,0.044684,0,0.182427,1.305415,0,0,0,0,mixed,1,1
multi_mixed_obstacles_r01_s10001,10.944,0.284311,-0.493596,0.043596,0,0.184354,1.304944,0,0,0,0,mixed,1,1
multi_mixed_obstacles_r01_s10001,10.976,0.287050,-0.492531,0.042531,0,0.186325,1.304505,0,0,0,0,mixed,1,1
multi_mixed_obstacles_r01_s10001,11.008,0.289801,-0.491491,0.041491,0,0.188343,1.304099,0,0,0,0,mixed,1,1
multi_mixed_obstacles_r01_s10001,11.040,0.292566,-0.490488,0.040488,0,0.190414,1.303739,0,0,0,0,mixed,1,1
multi_mixed_obstacles_r01_s10001,11.072,0.295348,-0.489532,0.039532,0,0.192542,1.303435,0,0,0,0,mixed,1,1
multi_mixed_obstacles_r01_s10001,11.104,0.298146,-0.488619,0.038619,0,0.194722,1.303182,0,0,0,0,mixed,1,1
multi_mixed_obstacles_r01_s10001,11.136,0.300958,-0.487753,0.037753,0,0.196955,1.302987,0,0,0,0,mixed,1,1
multi_mixed_obstacles_r01_s10001,11.168,0.303783,-0.486932,0.036932,0,0.199236,1.302844,0,0,0,0,mixed,1,1
multi_mixed_obstacles_r01_s10001,11.200,0.306621,-0.486154,0.036154,0,0.201561,1.302752,0,0,0,0,mixed,1,1
multi_mixed_obstacles_r01_s10001,11.232,0.309470,-0.485420,0.035420,0,0.203929,1.302712,0,0,0,0,mixed,1,1
multi_mixed_obstacles_r01_s10001,11.264,0.312329,-0.484732,0.034732,0,0.206338,1.302727,0,0,0,0,mixed,1,1
multi_mixed_obstacles_r01_s10001,11.296,0.315198,-0.484085,0.034085,0,0.208784,1.302790,0,0,0,0,mixed,1,1
multi_mixed_obstacles_r01_s10001,11.328,0.318075,-0.483480,0.033480,0,0.211265,1.302902,0,0,0,0,mixed,1,1
multi_mixed_obstacles_r01_s10001,11.360,0.320959,-0.482916,0.032916,0,0.213779,1.303062,0,0,0,0,mixed,1,1
multi_mixed_obstacles_r01_s10001,11.392,0.323850,-0.482393,0.032393,0,0.216323,1.303271,0,0,0,0,mixed,1,1
multi_mixed_obstacles_r01_s10001,11.424,0.326747,-0.481908,0.031908,0,0.218895,1.303524,0,0,0,0,mixed,1,1
multi_mixed_obstacles_r01_s10001,11.456,0.329650,-0.481460,0.031460,0,0.221494,1.303822,0,0,0,0,mixed,1,1
multi_mixed_obstacles_r01_s10001,11.488,0.332567,-0.481051,0.031051,0,0.224127,1.304167,0,0,0,0,mixed,1,1
multi_mixed_obstacles_r01_s10001,11.520,0.335493,-0.480705,0.030705,0,0.226796,1.304582,0,0,0,0,mixed,1,1
multi_mixed_obstacles_r01_s10001,11.552,0.338428,-0.480418,0.030418,0,0.229498,1.305062,0,0,0,0,mixed,1,1
multi_mixed_obstacles_r01_s10001,11.584,0.341370,-0.480207,0.030207,0,0.232236,1.305624,0,0,0,0,mixed,1,1
multi_mixed_obstacles_r01_s10001,11.616,0.344315,-0.480066,0.030066,0,0.235003,1.306261,0,0,0,0,mixed,1,1
multi_mixed_obstacles_r01_s10001,11.648,0.347265,-0.479991,0.029991,0,0.237799,1.306970,0,0,0,0,mixed,1,1
multi_mixed_obstacles_r01_s10001,11.680,0.349477,-0.480010,0.030010,0,0.239919,1.307577,0,0,0,0,mixed,1,1
multi_mixed_obstacles_r01_s10001,11.712,0.351518,-0.480033,0.030033,0,0.241879,1.308147,0,0,0,0,mixed,1,1
multi_mixed_obstacles_r01_s10001,11.744,0.353574,-0.480053,0.030053,0,0.243853,1.308720,0,0,0,0,mixed,1,1
multi_mixed_obstacles_r01_s10001,11.776,0.355635,-0.480074,0.030074,0,0.245833,1.309298,0,0,0,0,mixed,1,1
multi_mixed_obstacles_r01_s10001,11.808,0.358574,-0.480095,0.030095,0,0.248658,1.310120,0,0,0,0,mixed,1,1
multi_mixed_obstacles_r01_s10001,11.840,0.361519,-0.480220,0.030220,0,0.251520,1.311050,0,0,0,0,mixed,1,1
multi_mixed_obstacles_r01_s10001,11.872,0.364330,-0.480449,0.030449,0,0.254283,1.312047,0,0,0,0,mixed,1,1
multi_mixed_obstacles_r01_s10001,11.904,0.366808,-0.480767,0.030767,0,0.256754,1.313043,0,0,0,0,mixed,1,1
multi_mixed_obstacles_r01_s10001,11.936,0.368538,-0.481053,0.031053,0,0.258495,1.313801,0,0,0,0,mixed,1,1
multi_mixed_obstacles_r01_s10001,11.968,0.370012,-0.481301,0.031301,0,0.259980,1.314454,0,0,0,0,mixed,1,1
multi_mixed_obstacles_r01_s10001,12.000,0.371486,-0.481528,0.031528,0,0.261461,1.315088,0,0,0,0,mixed,1,1
multi_mixed_obstacles_r01_s10001,12.032,0.373177,-0.481760,0.031760,0,0.263150,1.315789,0,0,0,0,mixed,1,1
multi_mixed_obstacles_r01_s10001,12.064,0.375877,-0.482119,0.032119,0,0.265846,1.316900,0,0,0,0,mixed,1,1
multi_mixed_obstacles_r01_s10001,12.096,0.378779,-0.482603,0.032603,0,0.268771,1.318196,0,0,0,0,mixed,1,1
multi_mixed_obstacles_r01_s10001,12.128,0.381666,-0.483178,0.033178,0,0.271706,1.319579,0,0,0,0,mixed,1,1
multi_mixed_obstacles_r01_s10001,12.160,0.384543,-0.483794,0.033794,0,0.274642,1.321003,0,0,0,0,mixed,1,1
multi_mixed_obstacles_r01_s10001,12.192,0.387412,-0.484442,0.034442,0,0.277580,1.322461,0,0,0,0,mixed,1,1
multi_mixed_obstacles_r01_s10001,12.224,0.390275,-0.485112,0.035112,0,0.280519,1.323943,0,0,0,0,mixed,1,1
multi_mixed_obstacles_r01_s10001,12.256,0.393135,-0.485798,0.035798,0,0.283458,1.325443,0,0,0,0,mixed,1,1
multi_mixed_obstacles_r01_s10001,12.288,0.395992,-0.486499,0.036499,0,0.286398,1.326962,0,0,0,0,mixed,1,1
multi_mixed_obstacles_r01_s10001,12.320,0.398847,-0.487208,0.037208,0,0.289338,1.328493,0,0,0,0,mixed,1,1
multi_mixed_obstacles_r01_s10001,12.352,0.401701,-0.487922,0.037922,0,0.292279,1.330033,0,0,0,0,mixed,1,1
multi_mixed_obstacles_r01_s10001,12.384,0.404554,-0.488639,0.038639,0,0.295220,1.331582,0,0,0,0,mixed,1,1
multi_mixed_obstacles_r01_s10001,12.416,0.407406,-0.489363,0.039363,0,0.298162,1.333140,0,0,0,0,mixed,1,1
multi_mixed_obstacles_r01_s10001,12.448,0.410258,-0.490089,0.040089,0,0.301105,1.334705,0,0,0,0,mixed,1,1
multi_mixed_obstacles_r01_s10001,12.480,0.413110,-0.490817,0.040817,0,0.304047,1.336277,0,0,0,0,mixed,1,1
multi_mixed_obstacles_r01_s10001,12.512,0.415961,-0.491547,0.041547,0,0.306990,1.337855,0,0,0,0,mixed,1,1
multi_mixed_obstacles_r01_s10001,12.544,0.418813,-0.492275,0.042275,0,0.309933,1.339436,0,0,0,0,mixed,1,1
multi_mixed_obstacles_r01_s10001,12.576,0.421666,-0.493002,0.043002,0,0.312876,1.341021,0,0,0,0,mixed,1,1
multi_mixed_obstacles_r01_s10001,12.608,0.424518,-0.493729,0.043729,0,0.315819,1.342610,0,0,0,0,mixed,1,1
multi_mixed_obstacles_r01_s10001,12.640,0.427371,-0.494456,0.044456,0,0.318763,1.344204,0,0,0,0,mixed,1,1
multi_mixed_obstacles_r01_s10001,12.672,0.430224,-0.495183,0.045183,0,0.321706,1.345802,0,0,0,0,mixed,1,1
multi_mixed_obstacles_r01_s10001,12.704,0.433078,-0.495910,0.045910,0,0.324651,1.347406,0,0,0,0,mixed,1,1
multi_mixed_obstacles_r01_s10001,12.736,0.435931,-0.496630,0.046630,0,0.327593,1.349007,0,0,0,0,mixed,1,1
multi_mixed_obstacles_r01_s10001,12.768,0.438786,-0.497344,0.047344,0,0.330536,1.350608,0,0,0,0,mixed,1,1
multi_mixed_obstacles_r01_s10001,12.800,0.441643,-0.498054,0.048054,0,0.333478,1.352209,0,0,0,0,mixed,1,1
multi_mixed_obstacles_r01_s10001,12.832,0.444502,-0.498756,0.048756,0,0.336421,1.353809,0,0,0,0,mixed,1,1
multi_mixed_obstacles_r01_s10001,12.864,0.447364,-0.499447,0.049447,0,0.339364,1.355403,0,0,0,0,mixed,1,1
multi_mixed_obstacles_r01_s10001,12.896,0.450228,-0.500127,0.050127,0,0.342306,1.356993,0,0,0,0,mixed,1,1
multi_mixed_obstacles_r01_s10001,12.928,0.453095,-0.500795,0.050795,0,0.345248,1.358577,0,0,0,0,mixed,1,1
multi_mixed_obstacles_r01_s10001,12.960,0.455966,-0.501449,0.051449,0,0.348190,1.360154,0,0,0,0,mixed,1,1
multi_mixed_obstacles_r01_s10001,12.992,0.458841,-0.502088,0.052088,0,0.351131,1.361721,0,0,0,0,mixed,1,1
multi_mixed_obstacles_r01_s10001,13.024,0.461719,-0.502707,0.052707,0,0.354072,1.363276,0,0,0,0,mixed,1,1
multi_mixed_obstacles_r01_s10001,13.056,0.464603,-0.503305,0.053305,0,0.357011,1.364818,0,0,0,0,mixed,1,1
multi_mixed_obstacles_r01_s10001,13.088,0.467491,-0.503879,0.053879,0,0.359949,1.366343,0,0,0,0,mixed,1,1
multi_mixed_obstacles_r01_s10001,13.120,0.470385,-0.504424,0.054424,0,0.362885,1.367848,0,0,0,0,mixed,1,1
multi_mixed_obstacles_r01_s10001,13.152,0.473286,-0.504938,0.054938,0,0.365820,1.369330,0,0,0,0,mixed,1,1
multi_mixed_obstacles_r01_s10001,13.184,0.476192,-0.505417,0.055417,0,0.368751,1.370786,0,0,0,0,mixed,1,1
multi_mixed_obstacles_r01_s10001,13.216,0.479105,-0.505857,0.055857,0,0.371679,1.372214,0,0,0,0,mixed,1,1
multi_mixed_obstacles_r01_s10001,13.248,0.482023,-0.506259,0.056259,0,0.374602,1.373611,0,0,0,0,mixed,1,1
multi_mixed_obstacles_r01_s10001,13.280,0.484946,-0.506623,0.056623,0,0.377521,1.374981,0,0,0,0,mixed,1,1
multi_mixed_obstacles_r01_s10001,13.312,0.487874,-0.506949,0.056949,0,0.380435,1.376321,0,0,0,0,mixed,1,1
multi_mixed_obstacles_r01_s10001,13.344,0.490806,-0.507236,0.057236,0,0.383343,1.377631,0,0,0,0,mixed,1,1
multi_mixed_obstacles_r01_s10001,13.376,0.493739,-0.507485,0.057485,0,0.386244,1.378911,0,0,0,0,mixed,1,1
multi_mixed_obstacles_r01_s10001,13.408,0.496673,-0.507698,0.057698,0,0.389137,1.380163,0,0,0,0,mixed,1,1
multi_mixed_obstacles_r01_s10001,13.440,0.499612,-0.507879,0.057879,0,0.392027,1.381393,0,0,0,0,mixed,1,1
multi_mixed_obstacles_r01_s10001,13.472,0.502552,-0.508028,0.058028,0,0.394912,1.382597,0,0,0,0,mixed,1,1
multi_mixed_obstacles_r01_s10001,13.504,0.505494,-0.508149,0.058149,0,0.397792,1.383782,0,0,0,0,mixed,1,1
multi_mixed_obstacles_r01_s10001,13.536,0.508436,-0.508242,0.058242,0,0.400667,1.384946,0,0,0,0,mixed,1,1
multi_mixed_obstacles_r01_s10001,13.568,0.511379,-0.508308,0.058308,0,0.403537,1.386090,0,0,0,0,mixed,1,1
multi_mixed_obstacles_r01_s10001,13.600,0.514322,-0.508348,0.058348,0,0.406402,1.387216,0,0,0,0,mixed,1,1
multi_mixed_obstacles_r01_s10001,13.632,0.517266,-0.508364,0.058364,0,0.409262,1.388325,0,0,0,0,mixed,1,1
multi_mixed_obstacles_r01_s10001,13.664,0.520210,-0.508356,0.058356,0,0.412119,1.389417,0,0,0,0,mixed,1,1
multi_mixed_obstacles_r01_s10001,13.696,0.523153,-0.508326,0.058326,0,0.414971,1.390494,0,0,0,0,mixed,1,1
multi_mixed_obstacles_r01_s10001,13.728,0.526096,-0.508276,0.058276,0,0.417819,1.391558,0,0,0,0,mixed,1,1
multi_mixed_obstacles_r01_s10001,13.760,0.529039,-0.508207,0.058207,0,0.420663,1.392609,0,0,0,0,mixed,1,1
multi_mixed_obstacles_r01_s10001,13.792,0.531982,-0.508121,0.058121,0,0.423505,1.393650,0,0,0,0,mixed,1,1
multi_mixed_obstacles_r01_s10001,13.824,0.534924,-0.508018,0.058018,0,0.426344,1.394681,0,0,0,0,mixed,1,1
multi_mixed_obstacles_r01_s10001,13.856,0.537865,-0.507900,0.057900,0,0.429180,1.395702,0,0,0,0,mixed,1,1
multi_mixed_obstacles_r01_s10001,13.888,0.540806,-0.507765,0.057765,0,0.432013,1.396714,0,0,0,0,mixed,1,1
multi_mixed_obstacles_r01_s10001,13.920,0.543746,-0.507617,0.057617,0,0.434844,1.397718,0,0,0,0,mixed,1,1
multi_mixed_obstacles_r01_s10001,13.952,0.546685,-0.507455,0.057455,0,0.437673,1.398715,0,0,0,0,mixed,1,1
multi_mixed_obstacles_r01_s10001,13.984,0.549624,-0.507280,0.057280,0,0.440500,1.399706,0,0,0,0,mixed,1,1
multi_mixed_obstacles_r01_s10001,14.016,0.552562,-0.507092,0.057092,0,0.443324,1.400689,0,0,0,0,mixed,1,1
multi_mixed_obstacles_r01_s10001,14.048,0.555499,-0.506894,0.056894,0,0.446148,1.401669,0,0,0,0,mixed,1,1
multi_mixed_obstacles_r01_s10001,14.080,0.558435,-0.506687,0.056687,0,0.448970,1.402645,0,0,0,0,mixed,1,1
multi_mixed_obstacles_r01_s10001,14.112,0.561371,-0.506469,0.056469,0,0.451791,1.403617,0,0,0,0,mixed,1,1
multi_mixed_obstacles_r01_s10001,14.144,0.564307,-0.506245,0.056245,0,0.454611,1.404588,0,0,0,0,mixed,1,1
multi_mixed_obstacles_r01_s10001,14.176,0.567241,-0.506012,0.056012,0,0.457431,1.405557,0,0,0,0,mixed,1,1
multi_mixed_obstacles_r01_s10001,14.208,0.570175,-0.505772,0.055772,0,0.460250,1.406524,0,0,0,0,mixed,1,1
multi_mixed_obstacles_r01_s10001,14.240,0.573109,-0.505525,0.055525,0,0.463069,1.407490,0,0,0,0,mixed,1,1
multi_mixed_obstacles_r01_s10001,14.272,0.576042,-0.505273,0.055273,0,0.465888,1.408457,0,0,0,0,mixed,1,1
multi_mixed_obstacles_r01_s10001,14.304,0.578975,-0.505014,0.055014,0,0.468706,1.409423,0,0,0,0,mixed,1,1
multi_mixed_obstacles_r01_s10001,14.336,0.581907,-0.504748,0.054748,0,0.471524,1.410388,0,0,0,0,mixed,1,1
multi_mixed_obstacles_r01_s10001,14.368,0.584838,-0.504479,0.054479,0,0.474343,1.411355,0,0,0,0,mixed,1,1
multi_mixed_obstacles_r01_s10001,14.400,0.587770,-0.504205,0.054205,0,0.477161,1.412323,0,0,0,0,mixed,1,1
multi_mixed_obstacles_r01_s10001,14.432,0.590700,-0.503926,0.053926,0,0.479980,1.413291,0,0,0,0,mixed,1,1
multi_mixed_obstacles_r01_s10001,14.464,0.593631,-0.503642,0.053642,0,0.482799,1.414261,0,0,0,0,mixed,1,1
multi_mixed_obstacles_r01_s10001,14.496,0.596560,-0.503353,0.053353,0,0.485618,1.415232,0,0,0,0,mixed,1,1
multi_mixed_obstacles_r01_s10001,14.528,0.599490,-0.503060,0.053060,0,0.488437,1.416203,0,0,0,0,mixed,1,1
multi_mixed_obstacles_r01_s10001,14.560,0.602419,-0.502764,0.052764,0,0.491257,1.417177,0,0,0,0,mixed,1,1
multi_mixed_obstacles_r01_s10001,14.592,0.605348,-0.502465,0.052465,0,0.494077,1.418154,0,0,0,0,mixed,1,1
multi_mixed_obstacles_r01_s10001,14.624,0.608276,-0.502162,0.052162,0,0.496898,1.419134,0,0,0,0,mixed,1,1
multi_mixed_obstacles_r01_s10001,14.656,0.611204,-0.501857,0.051857,0,0.499719,1.420115,0,0,0,0,mixed,1,1
multi_mixed_obstacles_r01_s10001,14.688,0.614132,-0.501548,0.051548,0,0.502541,1.421099,0,0,0,0,mixed,1,1
multi_mixed_obstacles_r01_s10001,14.720,0.617060,-0.501241,0.051241,0,0.505365,1.422090,0,0,0,0,mixed,1,1
multi_mixed_obstacles_r01_s10001,14.752,0.619988,-0.500934,0.050934,0,0.508190,1.423087,0,0,0,0,mixed,1,1
multi_mixed_obstacles_r01_s10001,14.784,0.622916,-0.500627,0.050627,0,0.511016,1.424089,0,0,0,0,mixed,1,1
multi_mixed_obstacles_r01_s10001,14.816,0.625844,-0.500321,0.050321,0,0.513844,1.425097,0,0,0,0,mixed,1,1
multi_mixed_obstacles_r01_s10001,14.848,0.628772,-0.500015,0.050015,0,0.516673,1.426111,0,0,0,0,mixed,1,1
multi_mixed_obstacles_r01_s10001,14.880,0.631700,-0.499709,0.049709,0,0.519504,1.427130,0,0,0,0,mixed,1,1
multi_mixed_obstacles_r01_s10001,14.912,0.634628,-0.499403,0.049403,0,0.522336,1.428154,0,0,0,0,mixed,1,1
multi_mixed_obstacles_r01_s10001,14.944,0.637556,-0.499097,0.049097,0,0.525169,1.429184,0,0,0,0,mixed,1,1
multi_mixed_obstacles_r01_s10001,14.976,0.640484,-0.498791,0.048791,0,0.528003,1.430219,0,0,0,0,mixed,1,1
multi_mixed_obstacles_r01_s10001,15.008,0.643413,-0.498490,0.048490,0,0.530840,1.431264,0,0,0,0,mixed,1,1
multi_mixed_obstacles_r01_s10001,15.040,0.646341,-0.498192,0.048192,0,0.533679,1.432317,0,0,0,0,mixed,1,1
multi_mixed_obstacles_r01_s10001,15.072,0.649271,-0.497898,0.047898,0,0.536520,1.433380,0,0,0,0,mixed,1,1
multi_mixed_obstacles_r01_s10001,15.104,0.652201,-0.497610,0.047610,0,0.539364,1.434453,0,0,0,0,mixed,1,1
multi_mixed_obstacles_r01_s10001,15.136,0.655131,-0.497328,0.047328,0,0.542210,1.435536,0,0,0,0,mixed,1,1
multi_mixed_obstacles_r01_s10001,15.168,0.658062,-0.497050,0.047050,0,0.545058,1.436629,0,0,0,0,mixed,1,1
multi_mixed_obstacles_r01_s10001,15.200,0.660994,-0.496782,0.046782,0,0.547910,1.437736,0,0,0,0,mixed,1,1
multi_mixed_obstacles_r01_s10001,15.232,0.663927,-0.496523,0.046523,0,0.550765,1.438857,0,0,0,0,mixed,1,1
multi_mixed_obstacles_r01_s10001,15.264,0.666860,-0.496273,0.046273,0,0.553623,1.439991,0,0,0,0,mixed,1,1
multi_mixed_obstacles_r01_s10001,15.296,0.669794,-0.496033,0.046033,0,0.556485,1.441140,0,0,0,0,mixed,1,1
multi_mixed_obstacles_r01_s10001,15.328,0.672730,-0.495804,0.045804,0,0.559350,1.442304,0,0,0,0,mixed,1,1
multi_mixed_obstacles_r01_s10001,15.360,0.675666,-0.495585,0.045585,0,0.562218,1.443482,0,0,0,0,mixed,1,1
multi_mixed_obstacles_r01_s10001,15.392,0.678603,-0.495378,0.045378,0,0.565090,1.444677,0,0,0,0,mixed,1,1
multi_mixed_obstacles_r01_s10001,15.424,0.681540,-0.495183,0.045183,0,0.567965,1.445887,0,0,0,0,mixed,1,1
multi_mixed_obstacles_r01_s10001,15.456,0.684479,-0.495001,0.045001,0,0.570843,1.447114,0,0,0,0,mixed,1,1
multi_mixed_obstacles_r01_s10001,15.488,0.687419,-0.494836,0.044836,0,0.573725,1.448361,0,0,0,0,mixed,1,1
multi_mixed_obstacles_r01_s10001,15.520,0.690359,-0.494686,0.044686,0,0.576612,1.449627,0,0,0,0,mixed,1,1
multi_mixed_obstacles_r01_s10001,15.552,0.693300,-0.494550,0.044550,0,0.579501,1.450911,0,0,0,0,mixed,1,1
multi_mixed_obstacles_r01_s10001,15.584,0.696242,-0.494430,0.044430,0,0.582394,1.452214,0,0,0,0,mixed,1,1
multi_mixed_obstacles_r01_s10001,15.616,0.699184,-0.494323,0.044323,0,0.585290,1.453533,0,0,0,0,mixed,1,1
multi_mixed_obstacles_r01_s10001,15.648,0.702127,-0.494229,0.044229,0,0.588189,1.454868,0,0,0,0,mixed,1,1
multi_mixed_obstacles_r01_s10001,15.680,0.705070,-0.494148,0.044148,0,0.591090,1.456220,0,0,0,0,mixed,1,1
multi_mixed_obstacles_r01_s10001,15.712,0.708014,-0.494090,0.044090,0,0.593996,1.457597,0,0,0,0,mixed,1,1
multi_mixed_obstacles_r01_s10001,15.744,0.710958,-0.494052,0.044052,0,0.596905,1.458996,0,0,0,0,mixed,1,1
multi_mixed_obstacles_r01_s10001,15.776,0.713902,-0.494027,0.044027,0,0.599817,1.460411,0,0,0,0,mixed,1,1
multi_mixed_obstacles_r01_s10001,15.808,0.716846,-0.494022,0.044022,0,0.602732,1.461849,0,0,0,0,mixed,1,1
multi_mixed_obstacles_r01_s10001,15.840,0.719791,-0.494043,0.044043,0,0.605650,1.463313,0,0,0,0,mixed,1,1
multi_mixed_obstacles_r01_s10001,15.872,0.722735,-0.494082,0.044082,0,0.608571,1.464797,0,0,0,0,mixed,1,1
multi_mixed_obstacles_r01_s10001,15.904,0.725678,-0.494140,0.044140,0,0.611495,1.466302,0,0,0,0,mixed,1,1
multi_mixed_obstacles_r01_s10001,15.936,0.728622,-0.494210,0.044210,0,0.614420,1.467822,0,0,0,0,mixed,1,1
multi_mixed_obstacles_r01_s10001,15.968,0.731564,-0.494293,0.044293,0,0.617346,1.469357,0,0,0,0,mixed,1,1
multi_mixed_obstacles_r01_s10001,16.000,0.734507,-0.494389,0.044389,0,0.620274,1.470907,0,0,0,0,mixed,1,1
multi_mixed_obstacles_r01_s10001,16.032,0.737449,-0.494495,0.044495,0,0.623203,1.472470,0,0,0,0,mixed,1,1
multi_mixed_obstacles_r01_s10001,16.064,0.740390,-0.494610,0.044610,0,0.626133,1.474045,0,0,0,0,mixed,1,1
multi_mixed_obstacles_r01_s10001,16.096,0.743331,-0.494734,0.044734,0,0.629064,1.475632,0,0,0,0,mixed,1,1
multi_mixed_obstacles_r01_s10001,16.128,0.746272,-0.494866,0.044866,0,0.631996,1.477229,0,0,0,0,mixed,1,1
multi_mixed_obstacles_r01_s10001,16.160,0.749213,-0.495003,0.045003,0,0.634928,1.478835,0,0,0,0,mixed,1,1
multi_mixed_obstacles_r01_s10001,16.192,0.752153,-0.495146,0.045151,0,0.637862,1.480450,0,0,0,0,mixed,1,1
multi_mixed_obstacles_r01_s10001,16.224,0.755093,-0.495294,0.045320,0,0.640795,1.482073,0,0,0,0,mixed,1,1
multi_mixed_obstacles_r01_s10001,16.256,0.758033,-0.495443,0.045508,0,0.643729,1.483701,0,0,0,0,mixed,1,1
multi_mixed_obstacles_r01_s10001,16.288,0.760973,-0.495595,0.045717,0,0.646663,1.485336,0,0,0,0,mixed,1,1
multi_mixed_obstacles_r01_s10001,16.320,0.763913,-0.495746,0.045941,0,0.649597,1.486974,0,0,0,0,mixed,1,1
multi_mixed_obstacles_r01_s10001,16.352,0.766853,-0.495895,0.046182,0,0.652531,1.488615,0,0,0,0,mixed,1,1
multi_mixed_obstacles_r01_s10001,16.384,0.769794,-0.496045,0.046440,0,0.655466,1.490259,0,0,0,0,mixed,1,1
multi_mixed_obstacles_r01_s10001,16.416,0.772734,-0.496194,0.046715,0,0.658400,1.491908,0,0,0,0,mixed,1,1
multi_mixed_obstacles_r01_s10001,16.448,0.775674,-0.496343,0.047007,0,0.661335,1.493560,0,0,0,0,mixed,1,1
multi_mixed_obstacles_r01_s10001,16.480,0.778614,-0.496492,0.047316,0,0.664269,1.495216,0,0,0,0,mixed,1,1
multi_mixed_obstacles_r01_s10001,16.512,0.781555,-0.496636,0.047637,0,0.667203,1.496872,0,0,0,0,mixed,1,1
multi_mixed_obstacles_r01_s10001,16.544,0.784495,-0.496776,0.047973,0,0.670137,1.498530,0,0,0,0,mixed,1,1
multi_mixed_obstacles_r01_s10001,16.576,0.787436,-0.496913,0.048321,0,0.673071,1.500188,0,0,0,0,mixed,1,1
multi_mixed_obstacles_r01_s10001,16.608,0.790377,-0.497047,0.048684,0,0.676005,1.501847,0,0,0,0,mixed,1,1
multi_mixed_obstacles_r01_s10001,16.640,0.793318,-0.497174,0.049058,0,0.678938,1.503505,0,0,0,0,mixed,1,1
multi_mixed_obstacles_r01_s10001,16.672,0.796260,-0.497297,0.049444,0,0.681871,1.505163,0,0,0,0,mixed,1,1
multi_mixed_obstacles_r01_s10001,16.704,0.799202,-0.497411,0.049839,0,0.684804,1.506819,0,0,0,0,mixed,1,1
multi_mixed_obstacles_r01_s10001,16.736,0.802144,-0.497519,0.050244,0,0.687735,1.508473,0,0,0,0,mixed,1,1
multi_mixed_obstacles_r01_s10001,16.768,0.805086,-0.497621,0.050660,0,0.690667,1.510125,0,0,0,0,mixed,1,1
multi_mixed_obstacles_r01_s10001,16.800,0.808029,-0.497717,0.051089,0,0.693598,1.511778,0,0,0,0,mixed,1,1
multi_mixed_obstacles_r01_s10001,16.832,0.810971,-0.497807,0.051527,0,0.696528,1.513428,0,0,0,0,mixed,1,1
multi_mixed_obstacles_r01_s10001,16.864,0.813914,-0.497890,0.051975,0,0.699458,1.515077,0,0,0,0,mixed,1,1
multi_mixed_obstacles_r01_s10001,16.896,0.816858,-0.497961,0.052429,0,0.702387,1.516721,0,0,0,0,mixed,1,1
multi_mixed_obstacles_r01_s10001,16.928,0.819801,-0.498015,0.052883,0,0.705315,1.518354,0,0,0,0,mixed,1,1
multi_mixed_obstacles_r01_s10001,16.960,0.822746,-0.498051,0.053336,0,0.708240,1.519976,0,0,0,0,mixed,1,1
multi_mixed_obstacles_r01_s10001,16.992,0.825690,-0.498068,0.053786,0,0.711164,1.521585,0,0,0,0,mixed,1,1
multi_mixed_obstacles_r01_s10001,17.024,0.828635,-0.498063,0.054232,0,0.714086,1.523181,0,0,0,0,mixed,1,1
multi_mixed_obstacles_r01_s10001,17.056,0.831580,-0.498031,0.054668,0,0.717004,1.524758,0,0,0,0,mixed,1,1
multi_mixed_obstacles_r01_s10001,17.088,0.834525,-0.497965,0.055088,0,0.719919,1.526311,0,0,0,0,mixed,1,1
multi_mixed_obstacles_r01_s10001,17.120,0.837469,-0.497861,0.055487,0,0.722829,1.527836,0,0,0,0,mixed,1,1
multi_mixed_obstacles_r01_s10001,17.152,0.840411,-0.497717,0.055862,0,0.725732,1.529330,0,0,0,0,mixed,1,1
multi_mixed_obstacles_r01_s10001,17.184,0.843352,-0.497530,0.056213,0,0.728629,1.530793,0,0,0,0,mixed,1,1
multi_mixed_obstacles_r01_s10001,17.216,0.846290,-0.497299,0.056535,0,0.731517,1.532220,0,0,0,0,mixed,1,1
multi_mixed_obstacles_r01_s10001,17.248,0.849223,-0.497020,0.056828,0,0.734397,1.533610,0,0,0,0,mixed,1,1
multi_mixed_obstacles_r01_s10001,17.280,0.852152,-0.496696,0.057092,0,0.737267,1.534965,0,0,0,0,mixed,1,1
multi_mixed_obstacles_r01_s10001,17.312,0.855075,-0.496325,0.057325,0,0.740126,1.536280,0,0,0,0,mixed,1,1
multi_mixed_obstacles_r01_s10001,17.344,0.857991,-0.495909,0.057531,0,0.742975,1.537561,0,0,0,0,mixed,1,1
multi_mixed_obstacles_r01_s10001,17.376,0.860901,-0.495449,0.057709,0,0.745812,1.538805,0,0,0,0,mixed,1,1
multi_mixed_obstacles_r01_s10001,17.408,0.863803,-0.494945,0.057860,0,0.748637,1.540013,0,0,0,0,mixed,1,1
multi_mixed_obstacles_r01_s10001,17.440,0.866696,-0.494399,0.057985,0,0.751451,1.541187,0,0,0,0,mixed,1,1
multi_mixed_obstacles_r01_s10001,17.472,0.869582,-0.493817,0.058089,0,0.754254,1.542330,0,0,0,0,mixed,1,1
multi_mixed_obstacles_r01_s10001,17.504,0.872460,-0.493198,0.058174,0,0.757046,1.543444,0,0,0,0,mixed,1,1
multi_mixed_obstacles_r01_s10001,17.536,0.875331,-0.492548,0.058243,0,0.759828,1.544533,0,0,0,0,mixed,1,1
multi_mixed_obstacles_r01_s10001,17.568,0.878195,-0.491869,0.058300,0,0.762602,1.545599,0,0,0,0,mixed,1,1
multi_mixed_obstacles_r01_s10001,17.600,0.881051,-0.491163,0.058346,0,0.765367,1.546644,0,0,0,0,mixed,1,1
multi_mixed_obstacles_r01_s10001,17.632,0.883903,-0.490439,0.058390,0,0.768126,1.547675,0,0,0,0,mixed,1,1
multi_mixed_obstacles_r01_s10001,17.664,0.886752,-0.489705,0.058441,0,0.770883,1.548702,0,0,0,0,mixed,1,1
multi_mixed_obstacles_r01_s10001,17.696,0.889598,-0.488960,0.058497,0,0.773638,1.549724,0,0,0,0,mixed,1,1
multi_mixed_obstacles_r01_s10001,17.728,0.892441,-0.488199,0.058554,0,0.776389,1.550735,0,0,0,0,mixed,1,1
multi_mixed_obstacles_r01_s10001,17.760,0.895280,-0.487423,0.058613,0,0.779136,1.551736,0,0,0,0,mixed,1,1
multi_mixed_obstacles_r01_s10001,17.792,0.898115,-0.486636,0.058677,0,0.781880,1.552732,0,0,0,0,mixed,1,1
multi_mixed_obstacles_r01_s10001,17.824,0.900950,-0.485843,0.058753,0,0.784624,1.553728,0,0,0,0,mixed,1,1
multi_mixed_obstacles_r01_s10001,17.856,0.903782,-0.485039,0.058834,0,0.787366,1.554717,0,0,0,0,mixed,1,1
multi_mixed_obstacles_r01_s10001,17.888,0.906605,-0.484203,0.058899,0,0.790097,1.555681,0,0,0,0,mixed,1,1
multi_mixed_obstacles_r01_s10001,17.920,0.909421,-0.483341,0.058953,0,0.792820,1.556623,0,0,0,0,mixed,1,1
multi_mixed_obstacles_r01_s10001,17.952,0.912227,-0.482448,0.058992,0,0.795533,1.557540,0,0,0,0,mixed,1,1
multi_mixed_obstacles_r01_s10001,17.984,0.915023,-0.481522,0.059015,0,0.798234,1.558431,0,0,0,0,mixed,1,1
multi_mixed_obstacles_r01_s10001,18.016,0.917809,-0.480567,0.059023,0,0.800924,1.559295,0,0,0,0,mixed,1,1
multi_mixed_obstacles_r01_s10001,18.048,0.920585,-0.479581,0.059016,0,0.803603,1.560135,0,0,0,0,mixed,1,1
multi_mixed_obstacles_r01_s10001,18.080,0.923349,-0.478565,0.058994,0,0.806270,1.560949,0,0,0,0,mixed,1,1
multi_mixed_obstacles_r01_s10001,18.112,0.926103,-0.477522,0.058959,0,0.808926,1.561739,0,0,0,0,mixed,1,1
multi_mixed_obstacles_r01_s10001,18.144,0.928846,-0.476450,0.058911,0,0.811571,1.562505,0,0,0,0,mixed,1,1
multi_mixed_obstacles_r01_s10001,18.176,0.931577,-0.475351,0.058851,0,0.814204,1.563248,0,0,0,0,mixed,1,1
multi_mixed_obstacles_r01_s10001,18.208,0.934299,-0.474226,0.058779,0,0.816827,1.563968,0,0,0,0,mixed,1,1
multi_mixed_obstacles_r01_s10001,18.240,0.937009,-0.473078,0.058700,0,0.819441,1.564670,0,0,0,0,mixed,1,1
multi_mixed_obstacles_r01_s10001,18.272,0.939711,-0.471908,0.058613,0,0.822045,1.565353,0,0,0,0,mixed,1,1
multi_mixed_obstacles_r01_s10001,18.304,0.942403,-0.470718,0.058521,0,0.824641,1.566020,0,0,0,0,mixed,1,1
multi_mixed_obstacles_r01_s10001,18.336,0.945086,-0.469507,0.058424,0,0.827229,1.566670,0,0,0,0,mixed,1,1
multi_mixed_obstacles_r01_s10001,18.368,0.947760,-0.468277,0.058323,0,0.829809,1.567305,0,0,0,0,mixed,1,1
multi_mixed_obstacles_r01_s10001,18.400,0.950427,-0.467031,0.058221,0,0.832383,1.567927,0,0,0,0,mixed,1,1
multi_mixed_obstacles_r01_s10001,18.432,0.953085,-0.465766,0.058116,0,0.834950,1.568536,0,0,0,0,mixed,1,1
multi_mixed_obstacles_r01_s10001,18.464,0.955736,-0.464487,0.058011,0,0.837510,1.569133,0,0,0,0,mixed,1,1
multi_mixed_obstacles_r01_s10001,18.496,0.958380,-0.463193,0.057908,0,0.840066,1.569720,0,0,0,0,mixed,1,1
multi_mixed_obstacles_r01_s10001,18.528,0.961018,-0.461888,0.057808,0,0.842617,1.570299,0,0,0,0,mixed,1,1
multi_mixed_obstacles_r01_s10001,18.560,0.963651,-0.460573,0.057715,0,0.845166,1.570874,0,0,0,0,mixed,1,1
multi_mixed_obstacles_r01_s10001,18.592,0.966282,-0.459253,0.057633,0,0.847714,1.571448,0,0,0,0,mixed,1,1
multi_mixed_obstacles_r01_s10001,18.624,0.968911,-0.457928,0.057563,0,0.850263,1.572023,0,0,0,0,mixed,1,1
multi_mixed_obstacles_r01_s10001,18.656,0.971536,-0.456596,0.057502,0,0.852810,1.572594,0,0,0,0,mixed,1,1
multi_mixed_obstacles_r01_s10001,18.688,0.974157,-0.455257,0.057450,0,0.855355,1.573163,0,0,0,0,mixed,1,1
multi_mixed_obstacles_r01_s10001,18.720,0.976776,-0.453912,0.057409,0,0.857900,1.573732,0,0,0,0,mixed,1,1
multi_mixed_obstacles_r01_s10001,18.752,0.979393,-0.452565,0.057381,0,0.860446,1.574302,0,0,0,0,mixed,1,1
multi_mixed_obstacles_r01_s10001,18.784,0.982007,-0.451210,0.057364,0,0.862991,1.574870,0,0,0,0,mixed,1,1
multi_mixed_obstacles_r01_s10001,18.816,0.984613,-0.449842,0.057347,0,0.865531,1.575428,0,0,0,0,mixed,1,1
multi_mixed_obstacles_r01_s10001,18.848,0.987214,-0.448461,0.057333,0,0.868066,1.575978,0,0,0,0,mixed,1,1
multi_mixed_obstacles_r01_s10001,18.880,0.989807,-0.447067,0.057323,0,0.870597,1.576519,0,0,0,0,mixed,1,1
multi_mixed_obstacles_r01_s10001,18.912,0.992394,-0.445660,0.057314,0,0.873122,1.577050,0,0,0,0,mixed,1,1
multi_mixed_obstacles_r01_s10001,18.944,0.994972,-0.444239,0.057307,0,0.875642,1.577572,0,0,0,0,mixed,1,1
multi_mixed_obstacles_r01_s10001,18.976,0.997544,-0.442805,0.057301,0,0.878157,1.578083,0,0,0,0,mixed,1,1
multi_mixed_obstacles_r01_s10001,19.008,1.000107,-0.441356,0.057296,0,0.880665,1.578583,0,0,0,0,mixed,1,1
multi_mixed_obstacles_r01_s10001,19.040,1.002662,-0.439892,0.057290,0,0.883168,1.579072,0,0,0,0,mixed,1,1
multi_mixed_obstacles_r01_s10001,19.072,1.005208,-0.438414,0.057285,0,0.885664,1.579549,0,0,0,0,mixed,1,1
multi_mixed_obstacles_r01_s10001,19.104,1.007746,-0.436921,0.057280,0,0.888154,1.580015,0,0,0,0,mixed,1,1
multi_mixed_obstacles_r01_s10001,19.136,1.010275,-0.435413,0.057275,0,0.890637,1.580470,0,0,0,0,mixed,1,1
multi_mixed_obstacles_r01_s10001,19.168,1.012795,-0.433892,0.057270,0,0.893115,1.580913,0,0,0,0,mixed,1,1
multi_mixed_obstacles_r01_s10001,19.200,1.015307,-0.432355,0.057266,0,0.895586,1.581346,0,0,0,0,mixed,1,1
multi_mixed_obstacles_r01_s10001,19.232,1.017809,-0.430803,0.057260,0,0.898050,1.581764,0,0,0,0,mixed,1,1
multi_mixed_obstacles_r01_s10001,19.264,1.020301,-0.429235,0.057253,0,0.900506,1.582170,0,0,0,0,mixed,1,1
multi_mixed_obstacles_r01_s10001,19.296,1.022784,-0.427654,0.057246,0,0.902957,1.582566,0,0,0,0,mixed,1,1
multi_mixed_obstacles_r01_s10001,19.328,1.025258,-0.426058,0.057240,0,0.905401,1.582950,0,0,0,0,mixed,1,1
multi_mixed_obstacles_r01_s10001,19.360,1.027724,-0.424449,0.057235,0,0.907839,1.583324,0,0,0,0,mixed,1,1
multi_mixed_obstacles_r01_s10001,19.392,1.030180,-0.422826,0.057230,0,0.910270,1.583686,0,0,0,0,mixed,1,1
multi_mixed_obstacles_r01_s10001,19.424,1.032627,-0.421189,0.057226,0,0.912695,1.584037,0,0,0,0,mixed,1,1
multi_mixed_obstacles_r01_s10001,19.456,1.035064,-0.419538,0.057222,0,0.915114,1.584377,0,0,0,0,mixed,1,1
multi_mixed_obstacles_r01_s10001,19.488,1.037494,-0.417876,0.057221,0,0.917528,1.584708,0,0,0,0,mixed,1,1
multi_mixed_obstacles_r01_s10001,19.520,1.039916,-0.416203,0.057225,0,0.919937,1.585033,0,0,0,0,mixed,1,1
multi_mixed_obstacles_r01_s10001,19.552,1.042334,-0.414524,0.057237,0,0.922345,1.585354,0,0,0,0,mixed,1,1
multi_mixed_obstacles_r01_s10001,19.584,1.044748,-0.412839,0.057259,0,0.924752,1.585674,0,0,0,0,mixed,1,1
multi_mixed_obstacles_r01_s10001,19.616,1.047158,-0.411149,0.057293,0,0.927159,1.585994,0,0,0,0,mixed,1,1
multi_mixed_obstacles_r01_s10001,19.648,1.049562,-0.409450,0.057333,0,0.929562,1.586308,0,0,0,0,mixed,1,1
multi_mixed_obstacles_r01_s10001,19.680,1.051962,-0.407746,0.057383,0,0.931965,1.586620,0,0,0,0,mixed,1,1
multi_mixed_obstacles_r01_s10001,19.712,1.054360,-0.406038,0.057446,0,0.934368,1.586935,0,0,0,0,mixed,1,1
multi_mixed_obstacles_r01_s10001,19.744,1.056755,-0.404327,0.057522,0,0.936773,1.587250,0,0,0,0,mixed,1,1
multi_mixed_obstacles_r01_s10001,19.776,1.059145,-0.402607,0.057606,0,0.939174,1.587561,0,0,0,0,mixed,1,1
multi_mixed_obstacles_r01_s10001,19.808,1.061525,-0.400873,0.057688,0,0.941569,1.587859,0,0,0,0,mixed,1,1
multi_mixed_obstacles_r01_s10001,19.840,1.063894,-0.399125,0.057770,0,0.943956,1.588145,0,0,0,0,mixed,1,1
multi_mixed_obstacles_r01_s10001,19.872,1.066251,-0.397361,0.057849,0,0.946335,1.588417,0,0,0,0,mixed,1,1
multi_mixed_obstacles_r01_s10001,19.904,1.068596,-0.395579,0.057923,0,0.948705,1.588673,0,0,0,0,mixed,1,1
multi_mixed_obstacles_r01_s10001,19.936,1.070926,-0.393779,0.057992,0,0.951064,1.588911,0,0,0,0,mixed,1,1
multi_mixed_obstacles_r01_s10001,19.968,1.073242,-0.391959,0.058052,0,0.953412,1.589131,0,0,0,0,mixed,1,1
multi_mixed_obstacles_r01_s10001,20.000,1.075541,-0.390119,0.058104,0,0.955747,1.589329,0,0,0,0,mixed,1,1
multi_mixed_obstacles_r01_s10001,20.032,1.077822,-0.388257,0.058144,0,0.958069,1.589505,0,0,0,0,mixed,1,1
multi_mixed_obstacles_r01_s10001,20.064,1.080085,-0.386372,0.058172,0,0.960376,1.589656,0,0,0,0,mixed,1,1
multi_mixed_obstacles_r01_s10001,20.096,1.082329,-0.384465,0.058188,0,0.962668,1.589784,0,0,0,0,mixed,1,1
multi_mixed_obstacles_r01_s10001,20.128,1.084555,-0.382538,0.058195,0,0.964946,1.589891,0,0,0,0,mixed,1,1
multi_mixed_obstacles_r01_s10001,20.160,1.086764,-0.380591,0.058192,0,0.967212,1.589977,0,0,0,0,mixed,1,1
multi_mixed_obstacles_r01_s10001,20.192,1.088955,-0.378624,0.058180,0,0.969463,1.590042,0,0,0,0,mixed,1,1
multi_mixed_obstacles_r01_s10001,20.224,1.091130,-0.376639,0.058160,0,0.971703,1.590087,0,0,0,0,mixed,1,1
multi_mixed_obstacles_r01_s10001,20.256,1.093288,-0.374636,0.058132,0,0.973930,1.590114,0,0,0,0,mixed,1,1
multi_mixed_obstacles_r01_s10001,20.288,1.095430,-0.372617,0.058099,0,0.976146,1.590123,0,0,0,0,mixed,1,1
multi_mixed_obstacles_r01_s10001,20.320,1.097558,-0.370583,0.058063,0,0.978352,1.590117,0,0,0,0,mixed,1,1
multi_mixed_obstacles_r01_s10001,20.352,1.099671,-0.368534,0.058022,0,0.980548,1.590096,0,0,0,0,mixed,1,1
multi_mixed_obstacles_r01_s10001,20.384,1.101770,-0.366471,0.057979,0,0.982735,1.590061,0,0,0,0,mixed,1,1
multi_mixed_obstacles_r01_s10001,20.416,1.103856,-0.364394,0.057934,0,0.984913,1.590011,0,0,0,0,mixed,1,1
multi_mixed_obstacles_r01_s10001,20.448,1.105930,-0.362305,0.057889,0,0.987083,1.589950,0,0,0,0,mixed,1,1
multi_mixed_obstacles_r01_s10001,20.480,1.107994,-0.360207,0.057847,0,0.989248,1.589881,0,0,0,0,mixed,1,1
multi_mixed_obstacles_r01_s10001,20.512,1.110051,-0.358102,0.057813,0,0.991410,1.589808,0,0,0,0,mixed,1,1
multi_mixed_obstacles_r01_s10001,20.544,1.112102,-0.355991,0.057787,0,0.993571,1.589731,0,0,0,0,mixed,1,1
multi_mixed_obstacles_r01_s10001,20.576,1.114146,-0.353874,0.057768,0,0.995729,1.589651,0,0,0,0,mixed,1,1
multi_mixed_obstacles_r01_s10001,20.608,1.116183,-0.351749,0.057758,0,0.997885,1.589567,0,0,0,0,mixed,1,1
multi_mixed_obstacles_r01_s10001,20.640,1.118214,-0.349618,0.057754,0,1.000038,1.589478,0,0,0,0,mixed,1,1
multi_mixed_obstacles_r01_s10001,20.672,1.120239,-0.347482,0.057760,0,1.002191,1.589387,0,0,0,0,mixed,1,1
multi_mixed_obstacles_r01_s10001,20.704,1.122258,-0.345340,0.057776,0,1.004342,1.589294,0,0,0,0,mixed,1,1
multi_mixed_obstacles_r01_s10001,20.736,1.124268,-0.343189,0.057795,0,1.006488,1.589193,0,0,0,0,mixed,1,1
multi_mixed_obstacles_r01_s10001,20.768,1.126265,-0.341025,0.057812,0,1.008626,1.589078,0,0,0,0,mixed,1,1
multi_mixed_obstacles_r01_s10001,20.800,1.128246,-0.338848,0.057827,0,1.010754,1.588949,0,0,0,0,mixed,1,1
multi_mixed_obstacles_r01_s10001,20.832,1.130214,-0.336657,0.057839,0,1.012873,1.588807,0,0,0,0,mixed,1,1
multi_mixed_obstacles_r01_s10001,20.864,1.132166,-0.334453,0.057848,0,1.014982,1.588649,0,0,0,0,mixed,1,1
multi_mixed_obstacles_r01_s10001,20.896,1.134101,-0.332233,0.057850,0,1.017078,1.588473,0,0,0,0,mixed,1,1
multi_mixed_obstacles_r01_s10001,20.928,1.136019,-0.329998,0.057848,0,1.019163,1.588280,0,0,0,0,mixed,1,1
multi_mixed_obstacles_r01_s10001,20.960,1.137918,-0.327748,0.057837,0,1.021235,1.588069,0,0,0,0,mixed,1,1
multi_mixed_obstacles_r01_s10001,20.992,1.139798,-0.325482,0.057820,0,1.023295,1.587839,0,0,0,0,mixed,1,1
multi_mixed_obstacles_r01_s10001,21.024,1.141661,-0.323202,0.057797,0,1.025341,1.587590,0,0,0,0,mixed,1,1
multi_mixed_obstacles_r01_s10001,21.056,1.143505,-0.320906,0.057767,0,1.027375,1.587324,0,0,0,0,mixed,1,1
multi_mixed_obstacles_r01_s10001,21.088,1.145330,-0.318596,0.057730,0,1.029397,1.587040,0,0,0,0,mixed,1,1
multi_mixed_obstacles_r01_s10001,21.120,1.147139,-0.316273,0.057689,0,1.031407,1.586740,0,0,0,0,mixed,1,1
multi_mixed_obstacles_r01_s10001,21.152,1.148931,-0.313937,0.057644,0,1.033406,1.586424,0,0,0,0,mixed,1,1
multi_mixed_obstacles_r01_s10001,21.184,1.150706,-0.311588,0.057594,0,1.035393,1.586092,0,0,0,0,mixed,1,1
multi_mixed_obstacles_r01_s10001,21.216,1.152463,-0.309226,0.057540,0,1.037369,1.585744,0,0,0,0,mixed,1,1
multi_mixed_obstacles_r01_s10001,21.248,1.154204,-0.306853,0.057484,0,1.039335,1.585382,0,0,0,0,mixed,1,1
multi_mixed_obstacles_r01_s10001,21.280,1.155930,-0.304468,0.057425,0,1.041291,1.585006,0,0,0,0,mixed,1,1
multi_mixed_obstacles_r01_s10001,21.312,1.157641,-0.302073,0.057365,0,1.043239,1.584618,0,0,0,0,mixed,1,1
multi_mixed_obstacles_r01_s10001,21.344,1.159337,-0.299668,0.057304,0,1.045177,1.584217,0,0,0,0,mixed,1,1
multi_mixed_obstacles_r01_s10001,21.376,1.161021,-0.297253,0.057245,0,1.047108,1.583807,0,0,0,0,mixed,1,1
multi_mixed_obstacles_r01_s10001,21.408,1.162691,-0.294829,0.057186,0,1.049032,1.583385,0,0,0,0,mixed,1,1
multi_mixed_obstacles_r01_s10001,21.440,1.164351,-0.292399,0.057133,0,1.050951,1.582957,0,0,0,0,mixed,1,1
multi_mixed_obstacles_r01_s10001,21.472,1.166004,-0.289964,0.057088,0,1.052869,1.582526,0,0,0,0,mixed,1,1
multi_mixed_obstacles_r01_s10001,21.504,1.167649,-0.287524,0.057051,0,1.054784,1.582091,0,0,0,0,mixed,1,1
multi_mixed_obstacles_r01_s10001,21.536,1.169289,-0.285079,0.057024,0,1.056699,1.581654,0,0,0,0,mixed,1,1
multi_mixed_obstacles_r01_s10001,21.568,1.170922,-0.282630,0.057006,0,1.058612,1.581215,0,0,0,0,mixed,1,1
multi_mixed_obstacles_r01_s10001,21.600,1.172548,-0.280177,0.056997,0,1.060524,1.580773,0,0,0,0,mixed,1,1
multi_mixed_obstacles_r01_s10001,21.632,1.174167,-0.277719,0.056997,1,1.062435,1.580328,0,0,0,0,mixed,1,1
multi_mixed_obstacles_r01_s10001,21.664,1.175780,-0.275256,0.057005,1,1.064344,1.579881,0,0,0,0,mixed,1,1
multi_mixed_obstacles_r01_s10001,21.696,1.177380,-0.272784,0.057015,1,1.066246,1.579423,0,0,0,0,mixed,1,1
multi_mixed_obstacles_r01_s10001,21.728,1.178966,-0.270304,0.057026,1,1.068140,1.578955,0,0,0,0,mixed,1,1
multi_mixed_obstacles_r01_s10001,21.760,1.180537,-0.267814,0.057037,1,1.070026,1.578474,0,0,0,0,mixed,1,1
multi_mixed_obstacles_r01_s10001,21.792,1.182093,-0.265315,0.057047,1,1.071903,1.577982,0,0,0,0,mixed,1,1
multi_mixed_obstacles_r01_s10001,21.824,1.183635,-0.262806,0.057057,1,1.073771,1.577478,0,0,0,0,mixed,1,1
multi_mixed_obstacles_r01_s10001,21.856,1.185160,-0.260288,0.057064,1,1.075630,1.576960,0,0,0,0,mixed,1,1
multi_mixed_obstacles_r01_s10001,21.888,1.186669,-0.257759,0.057070,1,1.077478,1.576429,0,0,0,0,mixed,1,1
multi_mixed_obstacles_r01_s10001,21.920,1.188160,-0.255220,0.057071,1,1.079315,1.575882,0,0,0,0,mixed,1,1
multi_mixed_obstacles_r01_s10001,21.952,1.189633,-0.252671,0.057069,1,1.081141,1.575321,0,0,0,0,mixed,1,1
multi_mixed_obstacles_r01_s10001,21.984,1.191088,-0.250111,0.057064,1,1.082956,1.574744,0,0,0,0,mixed,1,1
multi_mixed_obstacles_r01_s10001,22.016,1.192524,-0.247541,0.057054,1,1.084758,1.574151,0,0,0,0,mixed,1,1
multi_mixed_obstacles_r01_s10001,22.048,1.193942,-0.244961,0.057041,1,1.086549,1.573544,0,0,0,0,mixed,1,1
multi_mixed_obstacles_r01_s10001,22.080,1.195343,-0.242371,0.057025,1,1.088330,1.572923,0,0,0,0,mixed,1,1
multi_mixed_obstacles_r01_s10001,22.112,1.196728,-0.239773,0.057008,1,1.090101,1.572290,0,0,0,0,mixed,1,1
multi_mixed_obstacles_r01_s10001,22.144,1.198096,-0.237167,0.056990,1,1.091862,1.571644,0,0,0,0,mixed,1,1
multi_mixed_obstacles_r01_s10001,22.176,1.199449,-0.234552,0.056970,1,1.093614,1.570985,0,0,0,0,mixed,1,1
multi_mixed_obstacles_r01_s10001,22.208,1.200785,-0.231930,0.056950,1,1.095356,1.570314,0,0,0,0,mixed,1,1
multi_mixed_obstacles_r01_s10001,22.240,1.202107,-0.229299,0.056931,1,1.097090,1.569632,0,0,0,0,mixed,1,1
multi_mixed_obstacles_r01_s10001,22.272,1.203414,-0.226662,0.056912,1,1.098817,1.568940,0,0,0,0,mixed,1,1
multi_mixed_obstacles_r01_s10001,22.304,1.204706,-0.224017,0.056893,1,1.100534,1.568237,0,0,0,0,mixed,1,1
multi_mixed_obstacles_r01_s10001,22.336,1.205983,-0.221365,0.056875,1,1.102244,1.567522,0,0,0,0,mixed,1,1
multi_mixed_obstacles_r01_s10001,22.368,1.207244,-0.218706,0.056858,1,1.103945,1.566797,0,0,0,0,mixed,1,1
multi_mixed_obstacles_r01_s10001,22.400,1.208493,-0.216041,0.056843,1,1.105639,1.566063,0,0,0,0,mixed,1,1
multi_mixed_obstacles_r01_s10001,22.432,1.209733,-0.213371,0.056835,1,1.107330,1.565324,0,0,0,0,mixed,1,1
multi_mixed_obstacles_r01_s10001,22.464,1.210966,-0.210699,0.056837,1,1.109022,1.564584,0,0,0,0,mixed,1,1
multi_mixed_obstacles_r01_s10001,22.496,1.212191,-0.208022,0.056846,1,1.110709,1.563839,0,0,0,0,mixed,1,1
multi_mixed_obstacles_r01_s10001,22.528,1.213406,-0.205341,0.056863,1,1.112395,1.563090,0,0,0,0,mixed,1,1
multi_mixed_obstacles_r01_s10001,22.560,1.214614,-0.202657,0.056889,1,1.114079,1.562339,0,0,0,0,mixed,1,1
multi_mixed_obstacles_r01_s10001,22.592,1.215817,-0.199971,0.056926,1,1.115763,1.561587,0,0,0,0,mixed,1,1
multi_mixed_obstacles_r01_s10001,22.624,1.217015,-0.197282,0.056974,1,1.117448,1.560835,0,0,0,0,mixed,1,1
multi_mixed_obstacles_r01_s10001,22.656,1.218199,-0.194587,0.057025,1,1.119127,1.560074,0,0,0,0,mixed,1,1
multi_mixed_obstacles_r01_s10001,22.688,1.219369,-0.191885,0.057077,1,1.120797,1.559301,0,0,0,0,mixed,1,1
multi_mixed_obstacles_r01_s10001,22.720,1.220522,-0.189176,0.057127,1,1.122458,1.558517,0,0,0,0,mixed,1,1
multi_mixed_obstacles_r01_s10001,22.752,1.221661,-0.186461,0.057180,1,1.124111,1.557723,0,0,0,0,mixed,1,1
multi_mixed_obstacles_r01_s10001,22.784,1.222783,-0.183739,0.057232,1,1.125755,1.556918,0,0,0,0,mixed,1,1
multi_mixed_obstacles_r01_s10001,22.816,1.223888,-0.181010,0.057281,1,1.127388,1.556098,0,0,0,0,mixed,1,1
multi_mixed_obstacles_r01_s10001,22.848,1.224975,-0.178274,0.057329,1,1.129011,1.555266,0,0,0,0,mixed,1,1
multi_mixed_obstacles_r01_s10001,22.880,1.226042,-0.175529,0.057372,1,1.130622,1.554418,0,0,0,0,mixed,1,1
multi_mixed_obstacles_r01_s10001,22.912,1.227088,-0.172777,0.057410,1,1.132218,1.553553,0,0,0,0,mixed,1,1
multi_mixed_obstacles_r01_s10001,22.944,1.228113,-0.170017,0.057442,1,1.133801,1.552673,0,0,0,0,mixed,1,1
multi_mixed_obstacles_r01_s10001,22.976,1.229117,-0.167249,0.057469,1,1.135371,1.551776,0,0,0,0,mixed,1,1
multi_mixed_obstacles_r01_s10001,23.008,1.230098,-0.164473,0.057489,1,1.136926,1.550861,0,0,0,0,mixed,1,1
multi_mixed_obstacles_r01_s10001,23.040,1.231057,-0.161689,0.057503,1,1.138466,1.549928,0,0,0,0,mixed,1,1
multi_mixed_obstacles_r01_s10001,23.072,1.231993,-0.158898,0.057509,1,1.139992,1.548979,0,0,0,0,mixed,1,1
multi_mixed_obstacles_r01_s10001,23.104,1.232909,-0.156100,0.057512,1,1.141504,1.548014,0,0,0,0,mixed,1,1
multi_mixed_obstacles_r01_s10001,23.136,1.233802,-0.153295,0.057507,1,1.143001,1.547031,0,0,0,0,mixed,1,1
multi_mixed_obstacles_r01_s10001,23.168,1.234675,-0.150484,0.057499,1,1.144486,1.546034,0,0,0,0,mixed,1,1
multi_mixed_obstacles_r01_s10001,23.200,1.235526,-0.147666,0.057485,1,1.145957,1.545021,0,0,0,0,mixed,1,1
multi_mixed_obstacles_r01_s10001,23.232,1.236360,-0.144843,0.057470,1,1.147418,1.543995,0,0,0,0,mixed,1,1
multi_mixed_obstacles_r01_s10001,23.264,1.237174,-0.142015,0.057451,1,1.148866,1.542955,0,0,0,0,mixed,1,1
multi_mixed_obstacles_r01_s10001,23.296,1.237971,-0.139182,0.057432,1,1.150305,1.541904,0,0,0,0,mixed,1,1
multi_mixed_obstacles_r01_s10001,23.328,1.238750,-0.136345,0.057412,1,1.151733,1.540840,0,0,0,0,mixed,1,1
multi_mixed_obstacles_r01_s10001,23.360,1.239514,-0.133503,0.057392,1,1.153153,1.539767,0,0,0,0,mixed,1,1
multi_mixed_obstacles_r01_s10001,23.392,1.240266,-0.130659,0.057378,1,1.154568,1.538688,0,0,0,0,mixed,1,1
multi_mixed_obstacles_r01_s10001,23.424,1.241013,-0.127813,0.057376,1,1.155984,1.537608,0,0,0,0,mixed,1,1
multi_mixed_obstacles_r01_s10001,23.456,1.241752,-0.124965,0.057382,1,1.157399,1.536525,0,0,0,0,mixed,1,1
multi_mixed_obstacles_r01_s10001,23.488,1.242481,-0.122114,0.057395,1,1.158811,1.535438,0,0,0,0,mixed,1,1
multi_mixed_obstacles_r01_s10001,23.520,1.243203,-0.119261,0.057418,1,1.160222,1.534348,0,0,0,0,mixed,1,1
multi_mixed_obstacles_r01_s10001,23.552,1.243919,-0.116407,0.057451,1,1.161633,1.533258,0,0,0,0,mixed,1,1
multi_mixed_obstacles_r01_s10001,23.584,1.244632,-0.113552,0.057498,1,1.163047,1.532169,0,0,0,0,mixed,1,1
multi_mixed_obstacles_r01_s10001,23.616,1.245335,-0.110693,0.057552,1,1.164458,1.531076,0,0,0,0,mixed,1,1
multi_mixed_obstacles_r01_s10001,23.648,1.246020,-0.107830,0.057605,1,1.165859,1.529970,0,0,0,0,mixed,1,1
multi_mixed_obstacles_r01_s10001,23.680,1.246688,-0.104963,0.057657,1,1.167250,1.528853,0,0,0,0,mixed,1,1
multi_mixed_obstacles_r01_s10001,23.712,1.247336,-0.102091,0.057707,1,1.168630,1.527721,0,0,0,0,mixed,1,1
multi_mixed_obstacles_r01_s10001,23.744,1.247964,-0.099214,0.057751,1,1.169996,1.526575,0,0,0,0,mixed,1,1
multi_mixed_obstacles_r01_s10001,23.776,1.248569,-0.096332,0.057790,1,1.171347,1.525412,0,0,0,0,mixed,1,1
multi_mixed_obstacles_r01_s10001,23.808,1.249151,-0.093446,0.057823,1,1.172685,1.524233,0,0,0,0,mixed,1,1
multi_mixed_obstacles_r01_s10001,23.840,1.249710,-0.090554,0.057848,1,1.174006,1.523036,0,0,0,0,mixed,1,1
multi_mixed_obstacles_r01_s10001,23.872,1.250247,-0.087659,0.057869,1,1.175313,1.521824,0,0,0,0,mixed,1,1
multi_mixed_obstacles_r01_s10001,23.904,1.250760,-0.084760,0.057882,1,1.176605,1.520595,0,0,0,0,mixed,1,1
multi_mixed_obstacles_r01_s10001,23.936,1.251249,-0.081856,0.057889,1,1.177881,1.519349,0,0,0,0,mixed,1,1
multi_mixed_obstacles_r01_s10001,23.968,1.251715,-0.078949,0.057889,1,1.179141,1.518086,0,0,0,0,mixed,1,1
multi_mixed_obstacles_r01_s10001,24.000,1.252156,-0.076038,0.057880,1,1.180384,1.516804,0,0,0,0,mixed,1,1
multi_mixed_obstacles_r01_s10001,24.032,1.252573,-0.073124,0.057865,1,1.181612,1.515507,0,0,0,0,mixed,1,1
multi_mixed_obstacles_r01_s10001,24.064,1.252968,-0.070207,0.057844,1,1.182825,1.514193,0,0,0,0,mixed,1,1
multi_mixed_obstacles_r01_s10001,24.096,1.253338,-0.067288,0.057816,1,1.184022,1.512863,0,0,0,0,mixed,1,1
multi_mixed_obstacles_r01_s10001,24.128,1.253686,-0.064365,0.057782,1,1.185203,1.511516,0,0,0,0,mixed,1,1
multi_mixed_obstacles_r01_s10001,24.160,1.254012,-0.061441,0.057743,1,1.186371,1.510156,0,0,0,0,mixed,1,1
multi_mixed_obstacles_r01_s10001,24.192,1.254319,-0.058515,0.057702,1,1.187527,1.508782,0,0,0,0,mixed,1,1
multi_mixed_obstacles_r01_s10001,24.224,1.254606,-0.055587,0.057658,1,1.188671,1.507396,0,0,0,0,mixed,1,1
multi_mixed_obstacles_r01_s10001,24.256,1.254875,-0.052658,0.057614,1,1.189805,1.505998,0,0,0,0,mixed,1,1
multi_mixed_obstacles_r01_s10001,24.288,1.255126,-0.049727,0.057568,1,1.190927,1.504589,0,0,0,0,mixed,1,1
multi_mixed_obstacles_r01_s10001,24.320,1.255364,-0.046793,0.057525,1,1.192044,1.503172,0,0,0,0,mixed,1,1
multi_mixed_obstacles_r01_s10001,24.352,1.255589,-0.043858,0.057488,1,1.193156,1.501748,0,0,0,0,mixed,1,1
multi_mixed_obstacles_r01_s10001,24.384,1.255808,-0.040923,0.057461,1,1.194269,1.500323,0,0,0,0,mixed,1,1
multi_mixed_obstacles_r01_s10001,24.416,1.256020,-0.037987,0.057444,1,1.195381,1.498896,0,0,0,0,mixed,1,1
multi_mixed_obstacles_r01_s10001,24.448,1.256222,-0.035050,0.057434,1,1.196490,1.497464,0,0,0,0,mixed,1,1
multi_mixed_obstacles_r01_s10001,24.480,1.256416,-0.032112,0.057433,1,1.197598,1.496031,0,0,0,0,mixed,1,1
multi_mixed_obstacles_r01_s10001,24.512,1.256604,-0.029175,0.057444,1,1.198706,1.494596,0,0,0,0,mixed,1,1
multi_mixed_obstacles_r01_s10001,24.544,1.256788,-0.026237,0.057467,1,1.199818,1.493163,0,0,0,0,mixed,1,1
multi_mixed_obstacles_r01_s10001,24.576,1.256963,-0.023298,0.057498,1,1.200926,1.491725,0,0,0,0,mixed,1,1
multi_mixed_obstacles_r01_s10001,24.608,1.257120,-0.020358,0.057528,1,1.202024,1.490276,0,0,0,0,mixed,1,1
multi_mixed_obstacles_r01_s10001,24.640,1.257258,-0.017417,0.057557,1,1.203112,1.488815,0,0,0,0,mixed,1,1
multi_mixed_obstacles_r01_s10001,24.672,1.257379,-0.014475,0.057585,1,1.204189,1.487344,0,0,0,0,mixed,1,1
multi_mixed_obstacles_r01_s10001,24.704,1.257480,-0.011532,0.057611,1,1.205254,1.485860,0,0,0,0,mixed,1,1
multi_mixed_obstacles_r01_s10001,24.736,1.257560,-0.008589,0.057633,1,1.206306,1.484361,0,0,0,0,mixed,1,1
multi_mixed_obstacles_r01_s10001,24.768,1.257621,-0.005645,0.057653,1,1.207346,1.482852,0,0,0,0,mixed,1,1
multi_mixed_obstacles_r01_s10001,24.800,1.257661,-0.002700,0.057668,1,1.208373,1.481328,0,0,0,0,mixed,1,1
multi_mixed_obstacles_r01_s10001,24.832,1.257681,0.000244,0.057681,1,1.209387,1.479791,0,0,0,0,mixed,1,1
multi_mixed_obstacles_r01_s10001,24.864,1.257677,0.003189,0.057687,1,1.210386,1.478238,0,0,0,0,mixed,1,1
multi_mixed_obstacles_r01_s10001,24.896,1.257652,0.006133,0.057689,1,1.211370,1.476671,0,0,0,0,mixed,1,1
multi_mixed_obstacles_r01_s10001,24.928,1.257603,0.009077,0.057684,1,1.212339,1.475089,0,0,0,0,mixed,1,1
multi_mixed_obstacles_r01_s10001,24.960,1.257530,0.012021,0.057672,1,1.213291,1.473490,0,0,0,0,mixed,1,1
multi_mixed_obstacles_r01_s10001,24.992,1.257435,0.014964,0.057656,1,1.214230,1.471878,0,0,0,0,mixed,1,1
multi_mixed_obstacles_r01_s10001,25.024,1.257319,0.017906,0.057635,1,1.215154,1.470251,0,0,0,0,mixed,1,1
multi_mixed_obstacles_r01_s10001,25.056,1.257181,0.020847,0.057609,1,1.216063,1.468611,0,0,0,0,mixed,1,1
multi_mixed_obstacles_r01_s10001,25.088,1.257021,0.023787,0.057579,1,1.216959,1.466956,0,0,0,0,mixed,1,1
multi_mixed_obstacles_r01_s10001,25.120,1.256842,0.026725,0.057546,1,1.217842,1.465290,0,0,0,0,mixed,1,1
multi_mixed_obstacles_r01_s10001,25.152,1.256643,0.029663,0.057510,1,1.218712,1.463611,0,0,0,0,mixed,1,1
multi_mixed_obstacles_r01_s10001,25.184,1.256424,0.032599,0.057472,1,1.219570,1.461920,0,0,0,0,mixed,1,1
multi_mixed_obstacles_r01_s10001,25.216,1.256187,0.035533,0.057432,1,1.220418,1.460218,0,0,0,0,mixed,1,1
multi_mixed_obstacles_r01_s10001,25.248,1.255932,0.038466,0.057392,1,1.221254,1.458505,0,0,0,0,mixed,1,1
multi_mixed_obstacles_r01_s10001,25.280,1.255663,0.041397,0.057355,1,1.222084,1.456785,0,0,0,0,mixed,1,1
multi_mixed_obstacles_r01_s10001,25.312,1.255382,0.044328,0.057323,1,1.222909,1.455060,0,0,0,0,mixed,1,1
multi_mixed_obstacles_r01_s10001,25.344,1.255095,0.047257,0.057301,1,1.223734,1.453333,0,0,0,0,mixed,1,1
multi_mixed_obstacles_r01_s10001,25.376,1.254801,0.050186,0.057289,1,1.224559,1.451604,0,0,0,0,mixed,1,1
multi_mixed_obstacles_r01_s10001,25.408,1.254496,0.053114,0.057284,1,1.225380,1.449870,0,0,0,0,mixed,1,1
multi_mixed_obstacles_r01_s10001,25.440,1.254184,0.056041,0.057289,1,1.226200,1.448134,0,0,0,0,mixed,1,1
multi_mixed_obstacles_r01_s10001,25.472,1.253866,0.058968,0.057304,1,1.227022,1.446398,0,0,0,0,mixed,1,1
multi_mixed_obstacles_r01_s10001,25.504,1.253541,0.061894,0.057330,1,1.227843,1.444660,0,0,0,0,mixed,1,1
multi_mixed_obstacles_r01_s10001,25.536,1.253207,0.064819,0.057365,1,1.228662,1.442918,0,0,0,0,mixed,1,1
multi_mixed_obstacles_r01_s10001,25.568,1.252858,0.067742,0.057400,1,1.229473,1.441168,0,0,0,0,mixed,1,1
multi_mixed_obstacles_r01_s10001,25.600,1.252490,0.070663,0.057434,1,1.230273,1.439406,0,0,0,0,mixed,1,1
multi_mixed_obstacles_r01_s10001,25.632,1.252102,0.073582,0.057465,1,1.231059,1.437632,0,0,0,0,mixed,1,1
multi_mixed_obstacles_r01_s10001,25.664,1.251695,0.076498,0.057494,1,1.231834,1.435847,0,0,0,0,mixed,1,1
multi_mixed_obstacles_r01_s10001,25.696,1.251267,0.079412,0.057518,1,1.232594,1.434048,0,0,0,0,mixed,1,1
multi_mixed_obstacles_r01_s10001,25.728,1.250821,0.082322,0.057541,1,1.233344,1.432238,0,0,0,0,mixed,1,1
multi_mixed_obstacles_r01_s10001,25.760,1.250353,0.085229,0.057560,1,1.234079,1.430416,0,0,0,0,mixed,1,1
multi_mixed_obstacles_r01_s10001,25.792,1.249865,0.088133,0.057576,1,1.234801,1.428581,0,0,0,0,mixed,1,1
multi_mixed_obstacles_r01_s10001,25.824,1.249355,0.091033,0.057585,1,1.235507,1.426732,0,0,0,0,mixed,1,1
multi_mixed_obstacles_r01_s10001,25.856,1.248823,0.093929,0.057589,1,1.236198,1.424869,0,0,0,0,mixed,1,1
multi_mixed_obstacles_r01_s10001,25.888,1.248266,0.096821,0.057586,1,1.236872,1.422991,0,0,0,0,mixed,1,1
multi_mixed_obstacles_r01_s10001,25.920,1.247686,0.099708,0.057576,1,1.237529,1.421098,0,0,0,0,mixed,1,1
multi_mixed_obstacles_r01_s10001,25.952,1.247083,0.102590,0.057559,1,1.238170,1.419190,0,0,0,0,mixed,1,1
multi_mixed_obstacles_r01_s10001,25.984,1.246459,0.105467,0.057538,1,1.238797,1.417271,0,0,0,0,mixed,1,1
multi_mixed_obstacles_r01_s10001,26.016,1.245814,0.108340,0.057513,1,1.239409,1.415338,0,0,0,0,mixed,1,1
multi_mixed_obstacles_r01_s10001,26.048,1.245148,0.111208,0.057482,1,1.240006,1.413392,0,0,0,0,mixed,1,1
multi_mixed_obstacles_r01_s10001,26.080,1.244460,0.114070,0.057447,1,1.240589,1.411433,0,0,0,0,mixed,1,1
multi_mixed_obstacles_r01_s10001,26.112,1.243754,0.116928,0.057410,1,1.241159,1.409463,0,0,0,0,mixed,1,1
multi_mixed_obstacles_r01_s10001,26.144,1.243028,0.119782,0.057369,1,1.241716,1.407482,0,0,0,0,mixed,1,1
multi_mixed_obstacles_r01_s10001,26.176,1.242284,0.122630,0.057328,1,1.242263,1.405491,0,0,0,0,mixed,1,1
multi_mixed_obstacles_r01_s10001,26.208,1.241524,0.125474,0.057286,1,1.242798,1.403490,0,0,0,0,mixed,1,1
multi_mixed_obstacles_r01_s10001,26.240,1.240750,0.128314,0.057247,1,1.243327,1.401483,0,0,0,0,mixed,1,1
multi_mixed_obstacles_r01_s10001,26.272,1.239964,0.131151,0.057213,1,1.243851,1.399470,0,0,0,0,mixed,1,1
multi_mixed_obstacles_r01_s10001,26.304,1.239173,0.133986,0.057190,1,1.244375,1.397456,0,0,0,0,mixed,1,1
multi_mixed_obstacles_r01_s10001,26.336,1.238374,0.136819,0.057177,1,1.244898,1.395439,0,0,0,0,mixed,1,1
multi_mixed_obstacles_r01_s10001,26.368,1.237565,0.139650,0.057170,1,1.245418,1.393418,0,0,0,0,mixed,1,1
multi_mixed_obstacles_r01_s10001,26.400,1.236748,0.142478,0.057172,1,1.245937,1.391395,0,0,0,0,mixed,1,1
multi_mixed_obstacles_r01_s10001,26.432,1.235926,0.145304,0.057186,1,1.246457,1.389371,0,0,0,0,mixed,1,1
multi_mixed_obstacles_r01_s10001,26.464,1.235098,0.148129,0.057210,1,1.246977,1.387345,0,0,0,0,mixed,1,1
multi_mixed_obstacles_r01_s10001,26.496,1.234261,0.150952,0.057242,1,1.247495,1.385316,0,0,0,0,mixed,1,1
multi_mixed_obstacles_r01_s10001,26.528,1.233408,0.153770,0.057276,1,1.248004,1.383279,0,0,0,0,mixed,1,1
multi_mixed_obstacles_r01_s10001,26.560,1.232538,0.156583,0.057308,1,1.248502,1.381231,0,0,0,0,mixed,1,1
multi_mixed_obstacles_r01_s10001,26.592,1.231652,0.159390,0.057340,1,1.248990,1.379175,0,0,0,0,mixed,1,1
multi_mixed_obstacles_r01_s10001,26.624,1.230749,0.162193,0.057372,1,1.249467,1.377109,0,0,0,0,mixed,1,1
multi_mixed_obstacles_r01_s10001,26.656,1.229830,0.164990,0.057403,1,1.249934,1.375034,0,0,0,0,mixed,1,1
multi_mixed_obstacles_r01_s10001,26.688,1.228891,0.167781,0.057432,1,1.250388,1.372948,0,0,0,0,mixed,1,1
multi_mixed_obstacles_r01_s10001,26.720,1.227933,0.170565,0.057457,1,1.250828,1.370850,0,0,0,0,mixed,1,1
multi_mixed_obstacles_r01_s10001,26.752,1.226955,0.173343,0.057477,1,1.251254,1.368741,0,0,0,0,mixed,1,1
multi_mixed_obstacles_r01_s10001,26.784,1.225955,0.176112,0.057492,1,1.251664,1.366618,0,0,0,0,mixed,1,1
multi_mixed_obstacles_r01_s10001,26.816,1.224934,0.178874,0.057502,1,1.252059,1.364483,0,0,0,0,mixed,1,1
multi_mixed_obstacles_r01_s10001,26.848,1.223890,0.181628,0.057504,1,1.252436,1.362335,0,0,0,0,mixed,1,1
multi_mixed_obstacles_r01_s10001,26.880,1.222823,0.184372,0.057499,1,1.252796,1.360173,0,0,0,0,mixed,1,1
multi_mixed_obstacles_r01_s10001,26.912,1.221737,0.187109,0.057490,1,1.253142,1.357999,0,0,0,0,mixed,1,1
multi_mixed_obstacles_r01_s10001,26.944,1.220631,0.189837,0.057476,1,1.253472,1.355814,0,0,0,0,mixed,1,1
multi_mixed_obstacles_r01_s10001,26.976,1.219504,0.192558,0.057457,1,1.253788,1.353617,0,0,0,0,mixed,1,1
multi_mixed_obstacles_r01_s10001,27.008,1.218357,0.195269,0.057433,1,1.254089,1.351408,0,0,0,0,mixed,1,1
multi_mixed_obstacles_r01_s10001,27.040,1.217192,0.197973,0.057407,1,1.254377,1.349189,0,0,0,0,mixed,1,1
multi_mixed_obstacles_r01_s10001,27.072,1.216008,0.200669,0.057377,1,1.254652,1.346960,0,0,0,0,mixed,1,1
multi_mixed_obstacles_r01_s10001,27.104,1.214807,0.203356,0.057345,1,1.254913,1.344721,0,0,0,0,mixed,1,1
multi_mixed_obstacles_r01_s10001,27.136,1.213589,0.206036,0.057312,1,1.255164,1.342472,0,0,0,0,mixed,1,1
multi_mixed_obstacles_r01_s10001,27.168,1.212354,0.208709,0.057278,1,1.255404,1.340215,0,0,0,0,mixed,1,1
multi_mixed_obstacles_r01_s10001,27.200,1.211105,0.211374,0.057245,1,1.255634,1.337950,0,0,0,0,mixed,1,1
multi_mixed_obstacles_r01_s10001,27.232,1.209845,0.214035,0.057217,1,1.255859,1.335681,0,0,0,0,mixed,1,1
multi_mixed_obstacles_r01_s10001,27.264,1.208578,0.216692,0.057197,1,1.256083,1.333408,0,0,0,0,mixed,1,1
multi_mixed_obstacles_r01_s10001,27.296,1.207304,0.219345,0.057188,1,1.256306,1.331134,0,0,0,0,mixed,1,1
multi_mixed_obstacles_r01_s10001,27.328,1.206021,0.221994,0.057185,1,1.256526,1.328855,0,0,0,0,mixed,1,1
multi_mixed_obstacles_r01_s10001,27.360,1.204729,0.224639,0.057189,1,1.256743,1.326573,0,0,0,0,mixed,1,1
multi_mixed_obstacles_r01_s10001,27.392,1.203432,0.227282,0.057205,1,1.256961,1.324290,0,0,0,0,mixed,1,1
multi_mixed_obstacles_r01_s10001,27.424,1.202129,0.229922,0.057232,1,1.257180,1.322006,0,0,0,0,mixed,1,1
multi_mixed_obstacles_r01_s10001,27.456,1.200817,0.232557,0.057266,1,1.257397,1.319718,0,0,0,0,mixed,1,1
multi_mixed_obstacles_r01_s10001,27.488,1.199492,0.235186,0.057302,1,1.257604,1.317423,0,0,0,0,mixed,1,1
multi_mixed_obstacles_r01_s10001,27.520,1.198150,0.237807,0.057337,1,1.257800,1.315118,0,0,0,0,mixed,1,1
multi_mixed_obstacles_r01_s10001,27.552,1.196792,0.240419,0.057370,1,1.257985,1.312805,0,0,0,0,mixed,1,1
multi_mixed_obstacles_r01_s10001,27.584,1.195416,0.243023,0.057401,1,1.258157,1.310483,0,0,0,0,mixed,1,1
multi_mixed_obstacles_r01_s10001,27.616,1.194026,0.245618,0.057432,1,1.258319,1.308152,0,0,0,0,mixed,1,1
multi_mixed_obstacles_r01_s10001,27.648,1.192618,0.248204,0.057460,1,1.258468,1.305812,0,0,0,0,mixed,1,1
multi_mixed_obstacles_r01_s10001,27.680,1.191191,0.250780,0.057485,1,1.258603,1.303461,0,0,0,0,mixed,1,1
multi_mixed_obstacles_r01_s10001,27.712,1.189747,0.253346,0.057505,1,1.258724,1.301100,0,0,0,0,mixed,1,1
multi_mixed_obstacles_r01_s10001,27.744,1.188282,0.255900,0.057519,1,1.258828,1.298728,0,0,0,0,mixed,1,1
multi_mixed_obstacles_r01_s10001,27.776,1.186797,0.258443,0.057528,1,1.258918,1.296345,0,0,0,0,mixed,1,1
multi_mixed_obstacles_r01_s10001,27.808,1.185292,0.260974,0.057530,1,1.258989,1.293949,0,0,0,0,mixed,1,1
multi_mixed_obstacles_r01_s10001,27.840,1.183766,0.263492,0.057524,1,1.259043,1.291543,0,0,0,0,mixed,1,1
multi_mixed_obstacles_r01_s10001,27.872,1.182220,0.265998,0.057512,1,1.259081,1.289124,0,0,0,0,mixed,1,1
multi_mixed_obstacles_r01_s10001,27.904,1.180655,0.268492,0.057496,1,1.259103,1.286696,0,0,0,0,mixed,1,1
multi_mixed_obstacles_r01_s10001,27.936,1.179072,0.270975,0.057475,1,1.259111,1.284258,0,0,0,0,mixed,1,1
multi_mixed_obstacles_r01_s10001,27.968,1.177471,0.273445,0.057448,1,1.259104,1.281810,0,0,0,0,mixed,1,1
multi_mixed_obstacles_r01_s10001,28.000,1.175851,0.275904,0.057417,1,1.259082,1.279351,0,0,0,0,mixed,1,1
multi_mixed_obstacles_r01_s10001,28.032,1.174216,0.278352,0.057384,1,1.259047,1.276884,0,0,0,0,mixed,1,1
multi_mixed_obstacles_r01_s10001,28.064,1.172563,0.280788,0.057348,1,1.258998,1.274409,0,0,0,0,mixed,1,1
multi_mixed_obstacles_r01_s10001,28.096,1.170896,0.283214,0.057310,1,1.258939,1.271925,0,0,0,0,mixed,1,1
multi_mixed_obstacles_r01_s10001,28.128,1.169214,0.285630,0.057272,1,1.258869,1.269434,0,0,0,0,mixed,1,1
multi_mixed_obstacles_r01_s10001,28.160,1.167519,0.288036,0.057234,1,1.258789,1.266936,0,0,0,0,mixed,1,1
multi_mixed_obstacles_r01_s10001,28.192,1.165814,0.290436,0.057202,1,1.258704,1.264434,0,0,0,0,mixed,1,1
multi_mixed_obstacles_r01_s10001,28.224,1.164102,0.292830,0.057178,1,1.258618,1.261930,0,0,0,0,mixed,1,1
multi_mixed_obstacles_r01_s10001,28.256,1.162384,0.295221,0.057165,1,1.258531,1.259424,0,0,0,0,mixed,1,1
multi_mixed_obstacles_r01_s10001,28.288,1.160658,0.297605,0.057157,1,1.258441,1.256914,0,0,0,0,mixed,1,1
multi_mixed_obstacles_r01_s10001,28.320,1.158925,0.299985,0.057159,1,1.258350,1.254401,0,0,0,0,mixed,1,1
multi_mixed_obstacles_r01_s10001,28.352,1.157188,0.302361,0.057173,1,1.258260,1.251888,0,0,0,0,mixed,1,1
multi_mixed_obstacles_r01_s10001,28.384,1.155445,0.304733,0.057197,1,1.258170,1.249373,0,0,0,0,mixed,1,1
multi_mixed_obstacles_r01_s10001,28.416,1.153697,0.307102,0.057231,1,1.258080,1.246856,0,0,0,0,mixed,1,1
multi_mixed_obstacles_r01_s10001,28.448,1.151937,0.309461,0.057267,1,1.257982,1.244333,0,0,0,0,mixed,1,1
multi_mixed_obstacles_r01_s10001,28.480,1.150163,0.311811,0.057303,1,1.257874,1.241803,0,0,0,0,mixed,1,1
multi_mixed_obstacles_r01_s10001,28.512,1.148374,0.314150,0.057338,1,1.257754,1.239265,0,0,0,0,mixed,1,1
multi_mixed_obstacles_r01_s10001,28.544,1.146569,0.316476,0.057370,1,1.257622,1.236719,0,0,0,0,mixed,1,1
multi_mixed_obstacles_r01_s10001,28.576,1.144750,0.318792,0.057401,1,1.257478,1.234166,0,0,0,0,mixed,1,1
multi_mixed_obstacles_r01_s10001,28.608,1.142916,0.321095,0.057430,1,1.257321,1.231605,0,0,0,0,mixed,1,1
multi_mixed_obstacles_r01_s10001,28.640,1.141065,0.323385,0.057454,1,1.257150,1.229034,0,0,0,0,mixed,1,1
multi_mixed_obstacles_r01_s10001,28.672,1.139197,0.325662,0.057474,1,1.256965,1.226456,0,0,0,0,mixed,1,1
multi_mixed_obstacles_r01_s10001,28.704,1.137312,0.327924,0.057488,1,1.256764,1.223867,0,0,0,0,mixed,1,1
multi_mixed_obstacles_r01_s10001,28.736,1.135410,0.330171,0.057498,1,1.256547,1.221270,0,0,0,0,mixed,1,1
multi_mixed_obstacles_r01_s10001,28.768,1.133490,0.332404,0.057501,1,1.256315,1.218664,0,0,0,0,mixed,1,1
multi_mixed_obstacles_r01_s10001,28.800,1.131553,0.334621,0.057498,1,1.256065,1.216048,0,0,0,0,mixed,1,1
multi_mixed_obstacles_r01_s10001,28.832,1.129597,0.336822,0.057487,1,1.255798,1.213423,0,0,0,0,mixed,1,1
multi_mixed_obstacles_r01_s10001,28.864,1.127625,0.339009,0.057472,1,1.255517,1.210790,0,0,0,0,mixed,1,1
multi_mixed_obstacles_r01_s10001,28.896,1.125637,0.341181,0.057452,1,1.255221,1.208148,0,0,0,0,mixed,1,1
multi_mixed_obstacles_r01_s10001,28.928,1.123633,0.343338,0.057427,1,1.254909,1.205498,0,0,0,0,mixed,1,1
multi_mixed_obstacles_r01_s10001,28.960,1.121615,0.345481,0.057400,1,1.254585,1.202841,0,0,0,0,mixed,1,1
multi_mixed_obstacles_r01_s10001,28.992,1.119582,0.347610,0.057370,1,1.254248,1.200177,0,0,0,0,mixed,1,1
multi_mixed_obstacles_r01_s10001,29.024,1.117535,0.349725,0.057336,1,1.253898,1.197506,0,0,0,0,mixed,1,1
multi_mixed_obstacles_r01_s10001,29.056,1.115475,0.351828,0.057302,1,1.253536,1.194829,0,0,0,0,mixed,1,1
multi_mixed_obstacles_r01_s10001,29.088,1.113402,0.353918,0.057266,1,1.253163,1.192145,0,0,0,0,mixed,1,1
multi_mixed_obstacles_r01_s10001,29.120,1.111317,0.355996,0.057231,1,1.252781,1.189456,0,0,0,0,mixed,1,1
multi_mixed_obstacles_r01_s10001,29.152,1.109225,0.358066,0.057202,1,1.252394,1.186764,0,0,0,0,mixed,1,1
multi_mixed_obstacles_r01_s10001,29.184,1.107126,0.360130,0.057181,1,1.252005,1.184069,0,0,0,0,mixed,1,1
multi_mixed_obstacles_r01_s10001,29.216,1.105022,0.362188,0.057169,1,1.251616,1.181372,0,0,0,0,mixed,1,1
multi_mixed_obstacles_r01_s10001,29.248,1.102911,0.364239,0.057165,1,1.251223,1.178673,0,0,0,0,mixed,1,1
multi_mixed_obstacles_r01_s10001,29.280,1.100792,0.366283,0.057167,1,1.250827,1.175970,0,0,0,0,mixed,1,1
multi_mixed_obstacles_r01_s10001,29.312,1.098668,0.368321,0.057178,1,1.250430,1.173266,0,0,0,0,mixed,1,1
multi_mixed_obstacles_r01_s10001,29.344,1.096540,0.370355,0.057201,1,1.250034,1.170560,0,0,0,0,mixed,1,1
multi_mixed_obstacles_r01_s10001,29.376,1.094408,0.372384,0.057234,1,1.249638,1.167852,0,0,0,0,mixed,1,1
multi_mixed_obstacles_r01_s10001,29.408,1.092265,0.374403,0.057270,1,1.249234,1.165140,0,0,0,0,mixed,1,1
multi_mixed_obstacles_r01_s10001,29.440,1.090110,0.376409,0.057306,1,1.248821,1.162423,0,0,0,0,mixed,1,1
multi_mixed_obstacles_r01_s10001,29.472,1.087943,0.378402,0.057340,1,1.248396,1.159699,0,0,0,0,mixed,1,1
multi_mixed_obstacles_r01_s10001,29.504,1.085763,0.380381,0.057372,1,1.247958,1.156969,0,0,0,0,mixed,1,1
multi_mixed_obstacles_r01_s10001,29.536,1.083569,0.382345,0.057401,1,1.247508,1.154232,0,0,0,0,mixed,1,1
multi_mixed_obstacles_r01_s10001,29.568,1.081361,0.384293,0.057426,1,1.247043,1.151488,0,0,0,0,mixed,1,1
multi_mixed_obstacles_r01_s10001,29.600,1.079139,0.386225,0.057447,1,1.246564,1.148738,0,0,0,0,mixed,1,1
multi_mixed_obstacles_r01_s10001,29.632,1.076904,0.388142,0.057464,1,1.246072,1.145982,0,0,0,0,mixed,1,1
multi_mixed_obstacles_r01_s10001,29.664,1.074655,0.390042,0.057478,1,1.245565,1.143219,0,0,0,0,mixed,1,1
multi_mixed_obstacles_r01_s10001,29.696,1.072391,0.391925,0.057485,1,1.245043,1.140449,0,0,0,0,mixed,1,1
multi_mixed_obstacles_r01_s10001,29.728,1.070113,0.393791,0.057488,1,1.244506,1.137673,0,0,0,0,mixed,1,1
multi_mixed_obstacles_r01_s10001,29.760,1.067821,0.395639,0.057485,1,1.243953,1.134890,0,0,0,0,mixed,1,1
multi_mixed_obstacles_r01_s10001,29.792,1.065514,0.397469,0.057475,1,1.243383,1.132100,0,0,0,0,mixed,1,1
multi_mixed_obstacles_r01_s10001,29.824,1.063194,0.399281,0.057460,1,1.242799,1.129304,0,0,0,0,mixed,1,1
multi_mixed_obstacles_r01_s10001,29.856,1.060860,0.401076,0.057440,1,1.242200,1.126502,0,0,0,0,mixed,1,1
multi_mixed_obstacles_r01_s10001,29.888,1.058513,0.402853,0.057415,1,1.241586,1.123694,0,0,0,0,mixed,1,1
multi_mixed_obstacles_r01_s10001,29.920,1.056152,0.404612,0.057386,1,1.240957,1.120881,0,0,0,0,mixed,1,1
multi_mixed_obstacles_r01_s10001,29.952,1.053780,0.406355,0.057353,1,1.240315,1.118062,0,0,0,0,mixed,1,1
multi_mixed_obstacles_r01_s10001,29.984,1.051397,0.408083,0.057318,1,1.239661,1.115239,0,0,0,0,mixed,1,1
multi_mixed_obstacles_r01_s10001,30.016,1.049002,0.409795,0.057281,1,1.238995,1.112411,0,0,0,0,mixed,1,1
multi_mixed_obstacles_r01_s10001,30.048,1.046598,0.411492,0.057244,1,1.238318,1.109578,0,0,0,0,mixed,1,1
multi_mixed_obstacles_r01_s10001,30.080,1.044184,0.413176,0.057207,1,1.237633,1.106742,0,0,0,0,mixed,1,1
multi_mixed_obstacles_r01_s10001,30.112,1.041763,0.414851,0.057175,1,1.236942,1.103904,0,0,0,0,mixed,1,1
multi_mixed_obstacles_r01_s10001,30.144,1.039333,0.416512,0.057145,1,1.236242,1.101062,0,0,0,0,mixed,1,1
multi_mixed_obstacles_r01_s10001,30.176,1.036900,0.418168,0.057126,1,1.235544,1.098219,0,0,0,0,mixed,1,1
multi_mixed_obstacles_r01_s10001,30.208,1.034462,0.419816,0.057113,1,1.234842,1.095374,0,0,0,0,mixed,1,1
multi_mixed_obstacles_r01_s10001,30.240,1.032018,0.421457,0.057110,1,1.234139,1.092527,0,0,0,0,mixed,1,1
multi_mixed_obstacles_r01_s10001,30.272,1.029572,0.423094,0.057118,1,1.233437,1.089679,0,0,0,0,mixed,1,1
multi_mixed_obstacles_r01_s10001,30.304,1.027122,0.424725,0.057137,1,1.232735,1.086830,0,0,0,0,mixed,1,1
multi_mixed_obstacles_r01_s10001,30.336,1.024668,0.426350,0.057166,1,1.232033,1.083980,0,0,0,0,mixed,1,1
multi_mixed_obstacles_r01_s10001,30.368,1.022205,0.427964,0.057197,1,1.231324,1.081126,0,0,0,0,mixed,1,1
multi_mixed_obstacles_r01_s10001,30.400,1.019735,0.429566,0.057232,1,1.230607,1.078269,0,0,0,0,mixed,1,1
multi_mixed_obstacles_r01_s10001,30.432,1.017254,0.431151,0.057264,1,1.229879,1.075408,0,0,0,0,mixed,1,1
multi_mixed_obstacles_r01_s10001,30.464,1.014764,0.432722,0.057295,1,1.229139,1.072543,0,0,0,0,mixed,1,1
multi_mixed_obstacles_r01_s10001,30.496,1.012264,0.434278,0.057326,1,1.228390,1.069674,0,0,0,0,mixed,1,1
multi_mixed_obstacles_r01_s10001,30.528,1.009754,0.435817,0.057354,1,1.227627,1.066802,0,0,0,0,mixed,1,1
multi_mixed_obstacles_r01_s10001,30.560,1.007234,0.437339,0.057380,1,1.226853,1.063925,0,0,0,0,mixed,1,1
multi_mixed_obstacles_r01_s10001,30.592,1.004702,0.438843,0.057402,1,1.226064,1.061044,0,0,0,0,mixed,1,1
multi_mixed_obstacles_r01_s10001,30.624,1.002160,0.440329,0.057419,1,1.225262,1.058160,0,0,0,0,mixed,1,1
multi_mixed_obstacles_r01_s10001,30.656,0.999607,0.441795,0.057431,1,1.224444,1.055271,0,0,0,0,mixed,1,1
multi_mixed_obstacles_r01_s10001,30.688,0.997042,0.443241,0.057437,1,1.223611,1.052378,0,0,0,0,mixed,1,1
multi_mixed_obstacles_r01_s10001,30.720,0.994466,0.444668,0.057438,1,1.222763,1.049481,0,0,0,0,mixed,1,1
multi_mixed_obstacles_r01_s10001,30.752,0.991880,0.446075,0.057434,1,1.221900,1.046581,0,0,0,0,mixed,1,1
multi_mixed_obstacles_r01_s10001,30.784,0.989283,0.447463,0.057424,1,1.221023,1.043678,0,0,0,0,mixed,1,1
multi_mixed_obstacles_r01_s10001,30.816,0.986677,0.448831,0.057410,1,1.220130,1.040771,0,0,0,0,mixed,1,1
multi_mixed_obstacles_r01_s10001,30.848,0.984059,0.450179,0.057390,1,1.219224,1.037861,0,0,0,0,mixed,1,1
multi_mixed_obstacles_r01_s10001,30.880,0.981432,0.451507,0.057366,1,1.218302,1.034948,0,0,0,0,mixed,1,1
multi_mixed_obstacles_r01_s10001,30.912,0.978795,0.452816,0.057336,1,1.217366,1.032032,0,0,0,0,mixed,1,1
multi_mixed_obstacles_r01_s10001,30.944,0.976150,0.454107,0.057303,1,1.216418,1.029114,0,0,0,0,mixed,1,1
multi_mixed_obstacles_r01_s10001,30.976,0.973497,0.455381,0.057270,1,1.215460,1.026194,0,0,0,0,mixed,1,1
multi_mixed_obstacles_r01_s10001,31.008,0.970836,0.456639,0.057235,1,1.214490,1.023272,0,0,0,0,mixed,1,1
multi_mixed_obstacles_r01_s10001,31.040,0.968168,0.457882,0.057202,1,1.213511,1.020348,0,0,0,0,mixed,1,1
multi_mixed_obstacles_r01_s10001,31.072,0.965495,0.459114,0.057173,1,1.212527,1.017423,0,0,0,0,mixed,1,1
multi_mixed_obstacles_r01_s10001,31.104,0.962816,0.460332,0.057145,1,1.211535,1.014497,0,0,0,0,mixed,1,1
multi_mixed_obstacles_r01_s10001,31.136,0.960135,0.461544,0.057129,1,1.210544,1.011569,0,0,0,0,mixed,1,1
multi_mixed_obstacles_r01_s10001,31.168,0.957449,0.462747,0.057119,1,1.209549,1.008641,0,0,0,0,mixed,1,1
multi_mixed_obstacles_r01_s10001,31.200,0.954759,0.463941,0.057117,1,1.208551,1.005712,0,0,0,0,mixed,1,1
multi_mixed_obstacles_r01_s10001,31.232,0.952065,0.465127,0.057123,1,1.207552,1.002783,0,0,0,0,mixed,1,1
multi_mixed_obstacles_r01_s10001,31.264,0.949369,0.466308,0.057141,1,1.206553,0.999852,0,0,0,0,mixed,1,1
multi_mixed_obstacles_r01_s10001,31.296,0.946671,0.467483,0.057168,1,1.205554,0.996921,0,0,0,0,mixed,1,1
multi_mixed_obstacles_r01_s10001,31.328,0.943966,0.468645,0.057199,1,1.204549,0.993989,0,0,0,0,mixed,1,1
multi_mixed_obstacles_r01_s10001,31.360,0.941255,0.469794,0.057232,1,1.203535,0.991055,0,0,0,0,mixed,1,1
multi_mixed_obstacles_r01_s10001,31.392,0.938538,0.470927,0.057266,1,1.202513,0.988119,0,0,0,0,mixed,1,1
multi_mixed_obstacles_r01_s10001,31.424,0.935814,0.472043,0.057298,1,1.201479,0.985183,0,0,0,0,mixed,1,1
multi_mixed_obstacles_r01_s10001,31.456,0.933083,0.473143,0.057330,1,1.200435,0.982245,0,0,0,0,mixed,1,1
multi_mixed_obstacles_r01_s10001,31.488,0.930344,0.474224,0.057359,1,1.199379,0.979305,0,0,0,0,mixed,1,1
multi_mixed_obstacles_r01_s10001,31.520,0.927598,0.475288,0.057385,1,1.198311,0.976365,0,0,0,0,mixed,1,1
multi_mixed_obstacles_r01_s10001,31.552,0.924845,0.476331,0.057407,1,1.197229,0.973423,0,0,0,0,mixed,1,1
multi_mixed_obstacles_r01_s10001,31.584,0.922084,0.477355,0.057425,1,1.196134,0.970481,0,0,0,0,mixed,1,1
multi_mixed_obstacles_r01_s10001,31.616,0.919315,0.478356,0.057437,1,1.195024,0.967538,0,0,0,0,mixed,1,1
multi_mixed_obstacles_r01_s10001,31.648,0.916539,0.479337,0.057444,1,1.193899,0.964594,0,0,0,0,mixed,1,1
multi_mixed_obstacles_r01_s10001,31.680,0.913756,0.480296,0.057445,1,1.192760,0.961650,0,0,0,0,mixed,1,1
multi_mixed_obstacles_r01_s10001,31.712,0.910965,0.481234,0.057441,1,1.191606,0.958706,0,0,0,0,mixed,1,1
multi_mixed_obstacles_r01_s10001,31.744,0.908167,0.482151,0.057432,1,1.190438,0.955762,0,0,0,0,mixed,1,1
multi_mixed_obstacles_r01_s10001,31.776,0.905363,0.483047,0.057417,1,1.189255,0.952819,0,0,0,0,mixed,1,1
multi_mixed_obstacles_r01_s10001,31.808,0.902552,0.483922,0.057398,1,1.188059,0.949875,0,0,0,0,mixed,1,1
multi_mixed_obstacles_r01_s10001,31.840,0.899735,0.484775,0.057373,1,1.186848,0.946932,0,0,0,0,mixed,1,1
multi_mixed_obstacles_r01_s10001,31.872,0.896912,0.485607,0.057343,1,1.185624,0.943990,0,0,0,0,mixed,1,1
multi_mixed_obstacles_r01_s10001,31.904,0.894083,0.486420,0.057311,1,1.184387,0.941049,0,0,0,0,mixed,1,1
multi_mixed_obstacles_r01_s10001,31.936,0.891250,0.487215,0.057277,1,1.183140,0.938109,0,0,0,0,mixed,1,1
multi_mixed_obstacles_r01_s10001,31.968,0.888411,0.487993,0.057242,1,1.181883,0.935170,0,0,0,0,mixed,1,1
multi_mixed_obstacles_r01_s10001,32.000,0.885569,0.488754,0.057208,1,1.180617,0.932232,0,0,0,0,mixed,1,1
multi_mixed_obstacles_r01_s10001,32.032,0.882723,0.489504,0.057179,1,1.179345,0.929295,0,0,0,0,mixed,1,1
multi_mixed_obstacles_r01_s10001,32.064,0.879874,0.490239,0.057150,1,1.178066,0.926359,0,0,0,0,mixed,1,1
multi_mixed_obstacles_r01_s10001,32.096,0.877023,0.490963,0.057129,1,1.176783,0.923424,0,0,0,0,mixed,1,1
multi_mixed_obstacles_r01_s10001,32.128,0.874169,0.491683,0.057119,1,1.175501,0.920488,0,0,0,0,mixed,1,1
multi_mixed_obstacles_r01_s10001,32.160,0.871314,0.492392,0.057116,1,1.174216,0.917554,0,0,0,0,mixed,1,1
multi_mixed_obstacles_r01_s10001,32.192,0.868456,0.493093,0.057122,1,1.172929,0.914621,0,0,0,0,mixed,1,1
multi_mixed_obstacles_r01_s10001,32.224,0.865596,0.493788,0.057138,1,1.171642,0.911687,0,0,0,0,mixed,1,1
multi_mixed_obstacles_r01_s10001,32.256,0.862735,0.494476,0.057165,1,1.170356,0.908754,0,0,0,0,mixed,1,1
multi_mixed_obstacles_r01_s10001,32.288,0.859870,0.495153,0.057197,1,1.169064,0.905822,0,0,0,0,mixed,1,1
multi_mixed_obstacles_r01_s10001,32.320,0.857002,0.495816,0.057230,1,1.167764,0.902891,0,0,0,0,mixed,1,1
multi_mixed_obstacles_r01_s10001,32.352,0.854129,0.496459,0.057262,1,1.166453,0.899962,0,0,0,0,mixed,1,1
multi_mixed_obstacles_r01_s10001,32.384,0.851252,0.497084,0.057291,1,1.165131,0.897035,0,0,0,0,mixed,1,1
multi_mixed_obstacles_r01_s10001,32.416,0.848371,0.497692,0.057321,1,1.163799,0.894109,0,0,0,0,mixed,1,1
multi_mixed_obstacles_r01_s10001,32.448,0.845486,0.498280,0.057347,1,1.162456,0.891186,0,0,0,0,mixed,1,1
multi_mixed_obstacles_r01_s10001,32.480,0.842597,0.498850,0.057371,1,1.161101,0.888265,0,0,0,0,mixed,1,1
multi_mixed_obstacles_r01_s10001,32.512,0.839704,0.499398,0.057391,1,1.159732,0.885348,0,0,0,0,mixed,1,1
multi_mixed_obstacles_r01_s10001,32.544,0.836807,0.499926,0.057406,1,1.158351,0.882433,0,0,0,0,mixed,1,1
multi_mixed_obstacles_r01_s10001,32.576,0.833907,0.500433,0.057418,1,1.156957,0.879522,0,0,0,0,mixed,1,1
multi_mixed_obstacles_r01_s10001,32.608,0.831002,0.500917,0.057424,1,1.155549,0.876614,0,0,0,0,mixed,1,1
multi_mixed_obstacles_r01_s10001,32.640,0.828095,0.501379,0.057425,1,1.154127,0.873711,0,0,0,0,mixed,1,1
multi_mixed_obstacles_r01_s10001,32.672,0.825184,0.501819,0.057420,1,1.152691,0.870812,0,0,0,0,mixed,1,1
multi_mixed_obstacles_r01_s10001,32.704,0.822269,0.502237,0.057410,1,1.151242,0.867917,0,0,0,0,mixed,1,1
multi_mixed_obstacles_r01_s10001,32.736,0.819352,0.502632,0.057394,1,1.149779,0.865027,0,0,0,0,mixed,1,1
multi_mixed_obstacles_r01_s10001,32.768,0.816433,0.503006,0.057374,1,1.148302,0.862142,0,0,0,0,mixed,1,1
multi_mixed_obstacles_r01_s10001,32.800,0.813511,0.503359,0.057350,1,1.146814,0.859261,0,0,0,0,mixed,1,1
multi_mixed_obstacles_r01_s10001,32.832,0.810587,0.503693,0.057324,1,1.145314,0.856386,0,0,0,0,mixed,1,1
multi_mixed_obstacles_r01_s10001,32.864,0.807661,0.504008,0.057296,1,1.143804,0.853515,0,0,0,0,mixed,1,1
multi_mixed_obstacles_r01_s10001,32.896,0.804734,0.504305,0.057266,1,1.142284,0.850650,0,0,0,0,mixed,1,1
multi_mixed_obstacles_r01_s10001,32.928,0.801805,0.504585,0.057237,1,1.140755,0.847788,0,0,0,0,mixed,1,1
multi_mixed_obstacles_r01_s10001,32.960,0.798874,0.504848,0.057208,1,1.139218,0.844931,0,0,0,0,mixed,1,1
multi_mixed_obstacles_r01_s10001,32.992,0.795941,0.505097,0.057182,1,1.137672,0.842077,0,0,0,0,mixed,1,1
multi_mixed_obstacles_r01_s10001,33.024,0.793006,0.505330,0.057157,1,1.136119,0.839227,0,0,0,0,mixed,1,1
multi_mixed_obstacles_r01_s10001,33.056,0.790071,0.505551,0.057136,1,1.134561,0.836381,0,0,0,0,mixed,1,1
multi_mixed_obstacles_r01_s10001,33.088,0.787134,0.505760,0.057122,1,1.132998,0.833539,0,0,0,0,mixed,1,1
multi_mixed_obstacles_r01_s10001,33.120,0.784197,0.505961,0.057115,1,1.131433,0.830700,0,0,0,0,mixed,1,1
multi_mixed_obstacles_r01_s10001,33.152,0.781259,0.506141,0.057105,1,1.129857,0.827867,0,0,0,0,mixed,1,1
multi_mixed_obstacles_r01_s10001,33.184,0.778321,0.506321,0.057112,1,1.128286,0.825035,0,0,0,0,mixed,1,1
multi_mixed_obstacles_r01_s10001,33.216,0.775382,0.506493,0.057129,1,1.126714,0.822206,0,0,0,0,mixed,1,1
multi_mixed_obstacles_r01_s10001,33.248,0.772442,0.506650,0.057146,1,1.125134,0.819382,0,0,0,0,mixed,1,1
multi_mixed_obstacles_r01_s10001,33.280,0.769500,0.506780,0.057155,1,1.123537,0.816566,0,0,0,0,mixed,1,1
multi_mixed_obstacles_r01_s10001,33.312,0.766557,0.506887,0.057157,1,1.121926,0.813757,0,0,0,0,mixed,1,1
multi_mixed_obstacles_r01_s10001,33.344,0.763614,0.506971,0.057154,1,1.120301,0.810957,0,0,0,0,mixed,1,1
multi_mixed_obstacles_r01_s10001,33.376,0.760670,0.507035,0.057147,1,1.118665,0.808164,0,0,0,0,mixed,1,1
multi_mixed_obstacles_r01_s10001,33.408,0.757726,0.507078,0.057137,1,1.117017,0.805379,0,0,0,0,mixed,1,1
multi_mixed_obstacles_r01_s10001,33.440,0.754782,0.507102,0.057125,1,1.115358,0.802601,0,0,0,0,mixed,1,1
multi_mixed_obstacles_r01_s10001,33.472,0.751837,0.507108,0.057111,1,1.113690,0.799831,0,0,0,0,mixed,1,1
multi_mixed_obstacles_r01_s10001,33.504,0.748893,0.507094,0.057094,1,1.112011,0.797069,0,0,0,0,mixed,1,1
multi_mixed_obstacles_r01_s10001,33.536,0.745949,0.507064,0.057064,1,1.110324,0.794314,0,0,0,0,mixed,1,1
multi_mixed_obstacles_r01_s10001,33.568,0.743005,0.507017,0.057017,1,1.108628,0.791566,0,0,0,0,mixed,1,1
multi_mixed_obstacles_r01_s10001,33.600,0.740062,0.506953,0.056953,1,1.106924,0.788826,0,0,0,0,mixed,1,1
multi_mixed_obstacles_r01_s10001,33.632,0.737119,0.506874,0.056874,1,1.105213,0.786093,0,0,0,0,mixed,1,1
multi_mixed_obstacles_r01_s10001,33.664,0.734177,0.506780,0.056780,1,1.103494,0.783367,0,0,0,0,mixed,1,1
multi_mixed_obstacles_r01_s10001,33.696,0.731235,0.506674,0.056674,1,1.101771,0.780648,0,0,0,0,mixed,1,1
multi_mixed_obstacles_r01_s10001,33.728,0.728293,0.506553,0.056553,1,1.100041,0.777936,0,0,0,0,mixed,1,1
multi_mixed_obstacles_r01_s10001,33.760,0.725352,0.506419,0.056419,1,1.098306,0.775231,0,0,0,0,mixed,1,1
multi_mixed_obstacles_r01_s10001,33.792,0.722412,0.506273,0.056273,1,1.096566,0.772532,0,0,0,0,mixed,1,1
multi_mixed_obstacles_r01_s10001,33.824,0.719472,0.506116,0.056116,1,1.094822,0.769840,0,0,0,0,mixed,1,1
multi_mixed_obstacles_r01_s10001,33.856,0.716533,0.505946,0.055946,1,1.093073,0.767154,0,0,0,0,mixed,1,1
multi_mixed_obstacles_r01_s10001,33.888,0.713595,0.505765,0.055765,1,1.091321,0.764475,0,0,0,0,mixed,1,1
multi_mixed_obstacles_r01_s10001,33.920,0.710657,0.505575,0.055575,1,1.089566,0.761802,0,0,0,0,mixed,1,1
multi_mixed_obstacles_r01_s10001,33.952,0.707720,0.505374,0.055374,1,1.087807,0.759136,0,0,0,0,mixed,1,1
multi_mixed_obstacles_r01_s10001,33.984,0.704784,0.505162,0.055162,1,1.086045,0.756476,0,0,0,0,mixed,1,1
multi_mixed_obstacles_r01_s10001,34.016,0.701848,0.504943,0.054943,1,1.084282,0.753822,0,0,0,0,mixed,1,1
multi_mixed_obstacles_r01_s10001,34.048,0.698913,0.504714,0.054714,1,1.082517,0.751173,0,0,0,0,mixed,1,1
multi_mixed_obstacles_r01_s10001,34.080,0.695978,0.504479,0.054479,1,1.080752,0.748530,0,0,0,0,mixed,1,1
multi_mixed_obstacles_r01_s10001,34.112,0.693044,0.504238,0.054238,1,1.078986,0.745892,0,0,0,0,mixed,1,1
multi_mixed_obstacles_r01_s10001,34.144,0.690111,0.503991,0.053991,1,1.077222,0.743259,0,0,0,0,mixed,1,1
multi_mixed_obstacles_r01_s10001,34.176,0.687178,0.503739,0.053739,1,1.075458,0.740630,0,0,0,0,mixed,1,1
multi_mixed_obstacles_r01_s10001,34.208,0.684245,0.503482,0.053482,1,1.073695,0.738006,0,0,0,0,mixed,1,1
multi_mixed_obstacles_r01_s10001,34.240,0.681313,0.503219,0.053219,1,1.071933,0.735387,0,0,0,0,mixed,1,1
multi_mixed_obstacles_r01_s10001,34.272,0.678381,0.502951,0.052951,1,1.070172,0.732773,0,0,0,0,mixed,1,1
multi_mixed_obstacles_r01_s10001,34.304,0.675450,0.502677,0.052677,1,1.068412,0.730165,0,0,0,0,mixed,1,1
multi_mixed_obstacles_r01_s10001,34.336,0.672519,0.502400,0.052400,1,1.066654,0.727560,0,0,0,0,mixed,1,1
multi_mixed_obstacles_r01_s10001,34.368,0.669588,0.502119,0.052119,1,1.064898,0.724959,0,0,0,0,mixed,1,1
multi_mixed_obstacles_r01_s10001,34.400,0.666658,0.501834,0.051834,1,1.063145,0.722364,0,0,0,0,mixed,1,1
multi_mixed_obstacles_r01_s10001,34.432,0.663728,0.501550,0.051550,1,1.061397,0.719770,0,0,0,0,mixed,1,1
multi_mixed_obstacles_r01_s10001,34.464,0.660798,0.501266,0.051266,1,1.059655,0.717179,0,0,0,0,mixed,1,1
multi_mixed_obstacles_r01_s10001,34.496,0.657867,0.500982,0.050982,1,1.057917,0.714591,0,0,0,0,mixed,1,1
multi_mixed_obstacles_r01_s10001,34.528,0.654937,0.500696,0.050696,1,1.056185,0.712007,0,0,0,0,mixed,1,1
multi_mixed_obstacles_r01_s10001,34.560,0.652007,0.500411,0.050411,1,1.054457,0.709425,0,0,0,0,mixed,1,1
multi_mixed_obstacles_r01_s10001,34.592,0.649077,0.500124,0.050124,1,1.052734,0.706846,0,0,0,0,mixed,1,1
multi_mixed_obstacles_r01_s10001,34.624,0.646147,0.499837,0.049837,1,1.051016,0.704271,0,0,0,0,mixed,1,1
multi_mixed_obstacles_r01_s10001,34.656,0.643217,0.499550,0.049550,1,1.049303,0.701699,0,0,0,0,mixed,1,1
multi_mixed_obstacles_r01_s10001,34.688,0.640287,0.499262,0.049262,1,1.047595,0.699130,0,0,0,0,mixed,1,1
multi_mixed_obstacles_r01_s10001,34.720,0.637358,0.498973,0.048973,1,1.045892,0.696564,0,0,0,0,mixed,1,1
multi_mixed_obstacles_r01_s10001,34.752,0.634428,0.498683,0.048683,1,1.044194,0.694002,0,0,0,0,mixed,1,1
multi_mixed_obstacles_r01_s10001,34.784,0.631498,0.498392,0.048392,1,1.042501,0.691443,0,0,0,0,mixed,1,1
multi_mixed_obstacles_r01_s10001,34.816,0.628568,0.498106,0.048106,1,1.040816,0.688885,0,0,0,0,mixed,1,1
multi_mixed_obstacles_r01_s10001,34.848,0.625638,0.497823,0.047823,1,1.039140,0.686329,0,0,0,0,mixed,1,1
multi_mixed_obstacles_r01_s10001,34.880,0.622707,0.497542,0.047542,1,1.037471,0.683774,0,0,0,0,mixed,1,1
multi_mixed_obstacles_r01_s10001,34.912,0.619776,0.497266,0.047266,1,1.035813,0.681220,0,0,0,0,mixed,1,1
multi_mixed_obstacles_r01_s10001,34.944,0.616845,0.496995,0.046995,1,1.034164,0.678667,0,0,0,0,mixed,1,1
multi_mixed_obstacles_r01_s10001,34.976,0.613913,0.496729,0.046729,1,1.032525,0.676115,0,0,0,0,mixed,1,1
multi_mixed_obstacles_r01_s10001,35.008,0.610980,0.496469,0.046469,1,1.030897,0.673563,0,0,0,0,mixed,1,1
multi_mixed_obstacles_r01_s10001,35.040,0.608047,0.496218,0.046218,1,1.029282,0.671009,0,0,0,0,mixed,1,1
multi_mixed_obstacles_r01_s10001,35.072,0.605113,0.495975,0.045975,1,1.027679,0.668455,0,0,0,0,mixed,1,1
multi_mixed_obstacles_r01_s10001,35.104,0.602178,0.495739,0.045739,1,1.026089,0.665900,0,0,0,0,mixed,1,1
multi_mixed_obstacles_r01_s10001,35.136,0.599243,0.495514,0.045514,1,1.024514,0.663343,0,0,0,0,mixed,1,1
multi_mixed_obstacles_r01_s10001,35.168,0.596306,0.495298,0.045298,1,1.022953,0.660785,0,0,0,0,mixed,1,1
multi_mixed_obstacles_r01_s10001,35.200,0.593370,0.495092,0.045092,1,1.021406,0.658225,0,0,0,0,mixed,1,1
multi_mixed_obstacles_r01_s10001,35.232,0.590432,0.494897,0.044897,1,1.019875,0.655663,0,0,0,0,mixed,1,1
multi_mixed_obstacles_r01_s10001,35.264,0.587493,0.494713,0.044713,1,1.018360,0.653098,0,0,0,0,mixed,1,1
multi_mixed_obstacles_r01_s10001,35.296,0.584554,0.494541,0.044541,1,1.016860,0.650531,0,0,0,0,mixed,1,1
multi_mixed_obstacles_r01_s10001,35.328,0.581615,0.494379,0.044379,1,1.015377,0.647962,0,0,0,0,mixed,1,1
multi_mixed_obstacles_r01_s10001,35.360,0.578674,0.494231,0.044231,1,1.013911,0.645389,0,0,0,0,mixed,1,1
multi_mixed_obstacles_r01_s10001,35.392,0.575733,0.494096,0.044096,1,1.012464,0.642814,0,0,0,0,mixed,1,1
multi_mixed_obstacles_r01_s10001,35.424,0.572792,0.493973,0.043973,1,1.011033,0.640235,0,0,0,0,mixed,1,1
multi_mixed_obstacles_r01_s10001,35.456,0.569849,0.493863,0.043863,1,1.009621,0.637654,0,0,0,0,mixed,1,1
multi_mixed_obstacles_r01_s10001,35.488,0.566907,0.493766,0.043766,1,1.008226,0.635070,0,0,0,0,mixed,1,1
multi_mixed_obstacles_r01_s10001,35.520,0.563964,0.493681,0.043681,1,1.006849,0.632482,0,0,0,0,mixed,1,1
multi_mixed_obstacles_r01_s10001,35.552,0.561021,0.493609,0.043609,1,1.005489,0.629892,0,0,0,0,mixed,1,1
multi_mixed_obstacles_r01_s10001,35.584,0.558077,0.493549,0.043549,1,1.004148,0.627299,0,0,0,0,mixed,1,1
multi_mixed_obstacles_r01_s10001,35.616,0.555134,0.493500,0.043500,1,1.002823,0.624704,0,0,0,0,mixed,1,1
multi_mixed_obstacles_r01_s10001,35.648,0.552190,0.493462,0.043462,1,1.001515,0.622107,0,0,0,0,mixed,1,1
multi_mixed_obstacles_r01_s10001,35.680,0.549246,0.493438,0.043438,1,1.000226,0.619507,0,0,0,0,mixed,1,1
multi_mixed_obstacles_r01_s10001,35.712,0.546302,0.493423,0.043423,1,0.998953,0.616905,0,0,0,0,mixed,1,1
multi_mixed_obstacles_r01_s10001,35.744,0.543358,0.493420,0.043420,1,0.997697,0.614301,0,0,0,0,mixed,1,1
multi_mixed_obstacles_r01_s10001,35.776,0.540414,0.493427,0.043427,1,0.996458,0.611696,0,0,0,0,mixed,1,1
multi_mixed_obstacles_r01_s10001,35.808,0.537470,0.493445,0.043445,1,0.995235,0.609088,0,0,0,0,mixed,1,1
multi_mixed_obstacles_r01_s10001,35.840,0.534526,0.493473,0.043473,1,0.994030,0.606478,0,0,0,0,mixed,1,1
multi_mixed_obstacles_r01_s10001,35.872,0.531582,0.493510,0.043510,1,0.992840,0.603868,0,0,0,0,mixed,1,1
multi_mixed_obstacles_r01_s10001,35.904,0.528639,0.493557,0.043557,1,0.991665,0.601256,0,0,0,0,mixed,1,1
multi_mixed_obstacles_r01_s10001,35.936,0.525695,0.493612,0.043612,1,0.990507,0.598643,0,0,0,0,mixed,1,1
multi_mixed_obstacles_r01_s10001,35.968,0.522752,0.493676,0.043676,1,0.989363,0.596029,0,0,0,0,mixed,1,1
multi_mixed_obstacles_r01_s10001,36.000,0.519809,0.493750,0.043750,1,0.988236,0.593414,0,0,0,0,mixed,1,1
multi_mixed_obstacles_r01_s10001,36.032,0.516866,0.493833,0.043833,1,0.987125,0.590798,0,0,0,0,mixed,1,1
multi_mixed_obstacles_r01_s10001,36.064,0.513923,0.493920,0.043920,1,0.986026,0.588183,0,0,0,0,mixed,1,1
multi_mixed_obstacles_r01_s10001,36.096,0.510981,0.494013,0.044013,1,0.984939,0.585568,0,0,0,0,mixed,1,1
multi_mixed_obstacles_r01_s10001,36.128,0.508038,0.494111,0.044111,1,0.983865,0.582954,0,0,0,0,mixed,1,1
multi_mixed_obstacles_r01_s10001,36.160,0.505096,0.494215,0.044215,1,0.982804,0.580341,0,0,0,0,mixed,1,1
multi_mixed_obstacles_r01_s10001,36.192,0.502154,0.494325,0.044325,1,0.981757,0.577728,0,0,0,0,mixed,1,1
multi_mixed_obstacles_r01_s10001,36.224,0.499213,0.494439,0.044439,1,0.980720,0.575116,0,0,0,0,mixed,1,1
multi_mixed_obstacles_r01_s10001,36.256,0.496271,0.494556,0.044556,1,0.979695,0.572506,0,0,0,0,mixed,1,1
multi_mixed_obstacles_r01_s10001,36.288,0.493330,0.494678,0.044678,1,0.978681,0.569897,0,0,0,0,mixed,1,1
multi_mixed_obstacles_r01_s10001,36.320,0.490388,0.494803,0.044803,1,0.977679,0.567290,0,0,0,0,mixed,1,1
multi_mixed_obstacles_r01_s10001,36.352,0.487447,0.494933,0.044933,1,0.976689,0.564684,0,0,0,0,mixed,1,1
multi_mixed_obstacles_r01_s10001,36.384,0.484506,0.495067,0.045067,1,0.975711,0.562079,0,0,0,0,mixed,1,1
multi_mixed_obstacles_r01_s10001,36.416,0.481565,0.495203,0.045203,1,0.974742,0.559477,0,0,0,0,mixed,1,1
multi_mixed_obstacles_r01_s10001,36.448,0.478625,0.495342,0.045342,1,0.973784,0.556877,0,0,0,0,mixed,1,1
multi_mixed_obstacles_r01_s10001,36.480,0.475684,0.495482,0.045482,1,0.972836,0.554279,0,0,0,0,mixed,1,1
multi_mixed_obstacles_r01_s10001,36.512,0.472744,0.495626,0.045626,1,0.971898,0.551684,0,0,0,0,mixed,1,1
multi_mixed_obstacles_r01_s10001,36.544,0.469803,0.495772,0.045772,1,0.970971,0.549091,0,0,0,0,mixed,1,1
multi_mixed_obstacles_r01_s10001,36.576,0.466863,0.495921,0.045921,1,0.970055,0.546500,0,0,0,0,mixed,1,1
multi_mixed_obstacles_r01_s10001,36.608,0.463923,0.496072,0.046072,1,0.969148,0.543911,0,0,0,0,mixed,1,1
multi_mixed_obstacles_r01_s10001,36.640,0.460983,0.496221,0.046221,1,0.968248,0.541328,0,0,0,0,mixed,1,1
multi_mixed_obstacles_r01_s10001,36.672,0.458042,0.496369,0.046369,1,0.967356,0.538748,0,0,0,0,mixed,1,1
multi_mixed_obstacles_r01_s10001,36.704,0.455102,0.496516,0.046516,1,0.966470,0.536173,0,0,0,0,mixed,1,1
multi_mixed_obstacles_r01_s10001,36.736,0.452162,0.496662,0.046662,1,0.965592,0.533601,0,0,0,0,mixed,1,1
multi_mixed_obstacles_r01_s10001,36.768,0.449221,0.496807,0.046807,1,0.964721,0.531035,0,0,0,0,mixed,1,1
multi_mixed_obstacles_r01_s10001,36.800,0.446281,0.496952,0.046952,1,0.963857,0.528472,0,0,0,0,mixed,1,1
multi_mixed_obstacles_r01_s10001,36.832,0.443340,0.497096,0.047096,1,0.963001,0.525914,0,0,0,0,mixed,1,1
multi_mixed_obstacles_r01_s10001,36.864,0.440400,0.497239,0.047239,1,0.962153,0.523360,0,0,0,0,mixed,1,1
multi_mixed_obstacles_r01_s10001,36.896,0.437459,0.497381,0.047381,1,0.961312,0.520811,0,0,0,0,mixed,1,1
multi_mixed_obstacles_r01_s10001,36.928,0.434519,0.497523,0.047523,1,0.960479,0.518266,0,0,0,0,mixed,1,1
multi_mixed_obstacles_r01_s10001,36.960,0.431578,0.497664,0.047664,1,0.959653,0.515726,0,0,0,0,mixed,1,1
multi_mixed_obstacles_r01_s10001,36.992,0.428637,0.497804,0.047804,1,0.958835,0.513191,0,0,0,0,mixed,1,1
multi_mixed_obstacles_r01_s10001,37.024,0.425697,0.497943,0.047943,1,0.958025,0.510660,0,0,0,0,mixed,1,1
multi_mixed_obstacles_r01_s10001,37.056,0.422756,0.498082,0.048082,1,0.957222,0.508134,0,0,0,0,mixed,1,1
multi_mixed_obstacles_r01_s10001,37.088,0.419815,0.498220,0.048220,1,0.956427,0.505613,0,0,0,0,mixed,1,1
multi_mixed_obstacles_r01_s10001,37.120,0.416874,0.498358,0.048358,1,0.955640,0.503097,0,0,0,0,mixed,1,1
multi_mixed_obstacles_r01_s10001,37.152,0.413934,0.498495,0.048495,1,0.954861,0.500586,0,0,0,0,mixed,1,1
multi_mixed_obstacles_r01_s10001,37.184,0.410993,0.498631,0.048631,1,0.954089,0.498080,0,0,0,0,mixed,1,1
multi_mixed_obstacles_r01_s10001,37.216,0.408052,0.498766,0.048766,1,0.953326,0.495579,0,0,0,0,mixed,1,1
multi_mixed_obstacles_r01_s10001,37.248,0.405111,0.498901,0.048901,1,0.952570,0.493084,0,0,0,0,mixed,1,1
multi_mixed_obstacles_r01_s10001,37.280,0.402170,0.499035,0.049035,1,0.951822,0.490594,0,0,0,0,mixed,1,1
multi_mixed_obstacles_r01_s10001,37.312,0.399229,0.499168,0.049168,1,0.951081,0.488109,0,0,0,0,mixed,1,1
multi_mixed_obstacles_r01_s10001,37.344,0.396288,0.499301,0.049301,1,0.950349,0.485629,0,0,0,0,mixed,1,1
multi_mixed_obstacles_r01_s10001,37.376,0.393347,0.499433,0.049433,1,0.949625,0.483156,0,0,0,0,mixed,1,1
multi_mixed_obstacles_r01_s10001,37.408,0.390406,0.499564,0.049564,1,0.948908,0.480688,0,0,0,0,mixed,1,1
multi_mixed_obstacles_r01_s10001,37.440,0.387465,0.499695,0.049695,1,0.948200,0.478226,0,0,0,0,mixed,1,1
multi_mixed_obstacles_r01_s10001,37.472,0.384524,0.499825,0.049825,1,0.947499,0.475769,0,0,0,0,mixed,1,1
multi_mixed_obstacles_r01_s10001,37.504,0.381582,0.499954,0.049954,1,0.946806,0.473319,0,0,0,0,mixed,1,1
multi_mixed_obstacles_r01_s10001,37.536,0.378641,0.500083,0.050083,1,0.946122,0.468037,0,1,0,0,mixed,1,1
multi_mixed_obstacles_r01_s10001,37.568,0.375700,0.500206,0.050206,1,0.945440,0.462769,0,1,0,0,mixed,1,1
multi_mixed_obstacles_r01_s10001,37.600,0.372758,0.500323,0.050323,1,0.944761,0.457516,0,1,0,0,mixed,1,1
multi_mixed_obstacles_r01_s10001,37.632,0.369816,0.500433,0.050433,1,0.944085,0.452277,0,1,0,0,mixed,1,1
multi_mixed_obstacles_r01_s10001,37.664,0.366874,0.500538,0.050538,1,0.943412,0.447054,0,1,0,0,mixed,1,1
multi_mixed_obstacles_r01_s10001,37.696,0.363932,0.500636,0.050636,1,0.942741,0.441847,0,1,0,0,mixed,1,1
multi_mixed_obstacles_r01_s10001,37.728,0.360989,0.500731,0.050731,1,0.942076,0.436653,0,1,0,0,mixed,1,1
multi_mixed_obstacles_r01_s10001,37.760,0.358046,0.500822,0.050822,1,0.941416,0.431475,0,1,0,0,mixed,1,1
multi_mixed_obstacles_r01_s10001,37.792,0.355104,0.500907,0.050907,1,0.940758,0.426314,0,1,0,0,mixed,1,1
multi_mixed_obstacles_r01_s10001,37.824,0.352161,0.500986,0.050986,1,0.940103,0.421170,0,1,0,0,mixed,1,1
multi_mixed_obstacles_r01_s10001,37.856,0.349217,0.501059,0.051059,1,0.939452,0.416044,0,1,0,0,mixed,1,1
multi_mixed_obstacles_r01_s10001,37.888,0.346274,0.501127,0.051127,1,0.938804,0.410935,0,1,0,0,mixed,1,1
multi_mixed_obstacles_r01_s10001,37.920,0.343331,0.501189,0.051189,1,0.938159,0.405845,0,1,0,0,mixed,1,1
multi_mixed_obstacles_r01_s10001,37.952,0.340387,0.501245,0.051245,1,0.937517,0.400773,0,1,0,0,mixed,1,1
multi_mixed_obstacles_r01_s10001,37.984,0.337444,0.501295,0.051295,1,0.936878,0.395721,0,1,0,0,mixed,1,1
multi_mixed_obstacles_r01_s10001,38.016,0.334500,0.501340,0.051340,1,0.936243,0.390689,0,1,0,0,mixed,1,1
multi_mixed_obstacles_r01_s10001,38.048,0.331556,0.501379,0.051379,1,0.935611,0.385677,0,1,0,0,mixed,1,1
multi_mixed_obstacles_r01_s10001,38.080,0.328613,0.501413,0.051413,1,0.934982,0.380686,0,1,0,0,mixed,1,1
multi_mixed_obstacles_r01_s10001,38.112,0.325669,0.501440,0.051440,1,0.934357,0.375718,0,1,0,0,mixed,1,1
multi_mixed_obstacles_r01_s10001,38.144,0.322725,0.501463,0.051463,1,0.933735,0.370771,0,1,0,0,mixed,1,1
multi_mixed_obstacles_r01_s10001,38.176,0.319781,0.501479,0.051479,1,0.933117,0.365848,0,1,0,0,mixed,1,1
multi_mixed_obstacles_r01_s10001,38.208,0.316837,0.501490,0.051490,1,0.932501,0.360948,0,1,0,0,mixed,1,1
multi_mixed_obstacles_r01_s10001,38.240,0.313893,0.501495,0.051495,1,0.931890,0.356073,0,1,0,0,mixed,1,1
multi_mixed_obstacles_r01_s10001,38.272,0.310949,0.501495,0.051495,1,0.931281,0.351223,0,1,0,0,mixed,1,1
multi_mixed_obstacles_r01_s10001,38.304,0.308005,0.501489,0.051489,1,0.930676,0.346400,0,1,0,0,mixed,1,1
multi_mixed_obstacles_r01_s10001,38.336,0.305061,0.501477,0.051477,1,0.930074,0.341603,0,1,0,0,mixed,1,1
multi_mixed_obstacles_r01_s10001,38.368,0.302117,0.501460,0.051460,1,0.929476,0.336835,0,1,0,0,mixed,1,1
multi_mixed_obstacles_r01_s10001,38.400,0.299173,0.501437,0.051437,1,0.928881,0.332096,0,1,0,0,mixed,1,1
multi_mixed_obstacles_r01_s10001,38.432,0.296229,0.501408,0.051408,1,0.928289,0.327386,0,1,0,0,mixed,1,1
multi_mixed_obstacles_r01_s10001,38.464,0.293285,0.501374,0.051374,1,0.927701,0.322708,0,1,0,0,mixed,1,1
multi_mixed_obstacles_r01_s10001,38.496,0.290341,0.501334,0.051334,1,0.927117,0.318062,0,1,0,0,mixed,1,1
multi_mixed_obstacles_r01_s10001,38.528,0.287398,0.501288,0.051288,1,0.926535,0.313449,0,1,0,0,mixed,1,1
multi_mixed_obstacles_r01_s10001,38.560,0.284454,0.501239,0.051239,1,0.925960,0.308870,0,1,0,0,mixed,1,1
multi_mixed_obstacles_r01_s10001,38.592,0.281511,0.501186,0.051186,1,0.925390,0.304327,0,1,0,0,mixed,1,1
multi_mixed_obstacles_r01_s10001,38.624,0.278567,0.501130,0.051130,1,0.924825,0.299820,0,1,0,0,mixed,1,1
multi_mixed_obstacles_r01_s10001,38.656,0.275624,0.501069,0.051069,1,0.924265,0.295351,0,1,0,0,mixed,1,1
multi_mixed_obstacles_r01_s10001,38.688,0.272680,0.501005,0.051005,2,0.923710,0.290922,0,1,0,0,mixed,1,1
multi_mixed_obstacles_r01_s10001,38.720,0.269737,0.500936,0.050936,2,0.923161,0.286535,0,1,0,0,mixed,1,1
multi_mixed_obstacles_r01_s10001,38.752,0.266794,0.500864,0.050864,2,0.922617,0.282190,0,1,0,0,mixed,1,1
multi_mixed_obstacles_r01_s10001,38.784,0.263851,0.500787,0.050787,2,0.922078,0.277891,0,1,0,0,mixed,1,1
multi_mixed_obstacles_r01_s10001,38.816,0.260908,0.500712,0.050712,2,0.921548,0.273637,0,1,0,0,mixed,1,1
multi_mixed_obstacles_r01_s10001,38.848,0.257965,0.500636,0.050636,2,0.921028,0.269431,0,1,0,0,mixed,1,1
multi_mixed_obstacles_r01_s10001,38.880,0.255022,0.500560,0.050560,2,0.920516,0.265276,0,1,0,0,mixed,1,1
multi_mixed_obstacles_r01_s10001,38.912,0.252079,0.500483,0.050483,2,0.920013,0.261173,0,1,0,0,mixed,1,1
multi_mixed_obstacles_r01_s10001,38.944,0.249136,0.500405,0.050405,2,0.919518,0.257125,0,1,0,0,mixed,1,1
multi_mixed_obstacles_r01_s10001,38.976,0.246193,0.500327,0.050327,2,0.919032,0.253135,0,1,0,0,mixed,1,1
multi_mixed_obstacles_r01_s10001,39.008,0.243250,0.500248,0.050248,2,0.918555,0.249205,0,1,0,0,mixed,1,1
multi_mixed_obstacles_r01_s10001,39.040,0.240307,0.500169,0.050169,2,0.918086,0.245339,0,1,0,0,mixed,1,1
multi_mixed_obstacles_r01_s10001,39.072,0.237364,0.500089,0.050089,2,0.917626,0.241539,0,1,0,0,mixed,1,1
multi_mixed_obstacles_r01_s10001,39.104,0.234422,0.500009,0.050009,2,0.917174,0.237808,0,1,0,0,mixed,1,1
multi_mixed_obstacles_r01_s10001,39.136,0.231479,0.499927,0.049927,2,0.916731,0.234151,0,1,0,0,mixed,1,1
multi_mixed_obstacles_r01_s10001,39.168,0.228536,0.499845,0.049845,2,0.916296,0.230569,0,1,0,0,mixed,1,1
multi_mixed_obstacles_r01_s10001,39.200,0.225593,0.499763,0.049763,2,0.915870,0.227068,0,1,0,0,mixed,1,1
multi_mixed_obstacles_r01_s10001,39.232,0.222650,0.499679,0.049679,2,0.915452,0.223650,0,1,0,0,mixed,1,1
multi_mixed_obstacles_r01_s10001,39.264,0.219707,0.499595,0.049595,2,0.915043,0.220319,0,1,0,0,mixed,1,1
multi_mixed_obstacles_r01_s10001,39.296,0.216765,0.499510,0.049510,2,0.914643,0.217080,0,1,0,0,mixed,1,1
multi_mixed_obstacles_r01_s10001,39.328,0.213822,0.499425,0.049425,2,0.914251,0.213936,0,1,0,0,mixed,1,1
multi_mixed_obstacles_r01_s10001,39.360,0.210879,0.499338,0.049338,2,0.913868,0.210891,0,1,0,0,mixed,1,1
multi_mixed_obstacles_r01_s10001,39.392,0.207936,0.499251,0.049251,2,0.913494,0.207951,0,1,0,0,mixed,1,1
multi_mixed_obstacles_r01_s10001,39.424,0.204994,0.499164,0.049164,2,0.913128,0.205119,0,1,0,0,mixed,1,1
multi_mixed_obstacles_r01_s10001,39.456,0.202051,0.499075,0.049075,2,0.912771,0.202400,0,1,0,0,mixed,1,1
multi_mixed_obstacles_r01_s10001,39.488,0.199108,0.498986,0.048986,2,0.912422,0.199798,0,1,0,0,mixed,1,1
multi_mixed_obstacles_r01_s10001,39.520,0.196166,0.498896,0.048896,2,0.912082,0.197318,0,1,0,0,mixed,1,1
multi_mixed_obstacles_r01_s10001,39.552,0.193223,0.498806,0.048806,2,0.911751,0.194965,0,1,0,0,mixed,1,1
multi_mixed_obstacles_r01_s10001,39.584,0.190281,0.498715,0.048715,2,0.911428,0.192744,0,1,0,0,mixed,1,1
multi_mixed_obstacles_r01_s10001,39.616,0.187338,0.498623,0.048623,2,0.911115,0.190658,0,1,0,0,mixed,1,1
multi_mixed_obstacles_r01_s10001,39.648,0.184395,0.498530,0.048530,2,0.910809,0.188712,0,1,0,0,mixed,1,1
multi_mixed_obstacles_r01_s10001,39.680,0.181453,0.498437,0.048437,2,0.910513,0.186910,0,1,0,0,mixed,1,1
multi_mixed_obstacles_r01_s10001,39.712,0.178510,0.498343,0.048343,2,0.910225,0.185258,0,1,0,0,mixed,1,1
multi_mixed_obstacles_r01_s10001,39.744,0.175568,0.498248,0.048248,2,0.909946,0.183758,0,1,0,0,mixed,1,1
multi_mixed_obstacles_r01_s10001,39.776,0.172626,0.498153,0.048153,2,0.909676,0.182414,0,1,0,0,mixed,1,1
multi_mixed_obstacles_r01_s10001,39.808,0.169683,0.498057,0.048057,2,0.909415,0.181231,0,1,0,0,mixed,1,1
multi_mixed_obstacles_r01_s10001,39.840,0.166741,0.497960,0.047960,2,0.909162,0.180210,0,1,0,0,mixed,1,1
multi_mixed_obstacles_r01_s10001,39.872,0.163798,0.497862,0.047862,2,0.908918,0.179354,0,1,0,0,mixed,1,1
multi_mixed_obstacles_r01_s10001,39.904,0.160856,0.497764,0.047764,2,0.908683,0.178667,0,1,0,0,mixed,1,1
multi_mixed_obstacles_r01_s10001,39.936,0.157914,0.497665,0.047665,2,0.908457,0.178149,0,1,0,0,mixed,1,1
multi_mixed_obstacles_r01_s10001,39.968,0.154971,0.497566,0.047566,2,0.908239,0.177803,0,1,0,0,mixed,1,1
multi_mixed_obstacles_r01_s10001,40.000,0.152029,0.497470,0.047470,2,0.908035,0.177631,0,1,0,0,mixed,1,1
multi_mixed_obstacles_r01_s10001,40.032,0.149086,0.497377,0.047377,2,0.907844,0.177634,0,1,0,0,mixed,1,1
multi_mixed_obstacles_r01_s10001,40.064,0.146144,0.497288,0.047288,2,0.907664,0.177812,0,1,0,0,mixed,1,1
multi_mixed_obstacles_r01_s10001,40.096,0.143201,0.497201,0.047201,2,0.907497,0.178165,0,1,0,0,mixed,1,1
multi_mixed_obstacles_r01_s10001,40.128,0.140258,0.497117,0.047117,2,0.907343,0.178691,0,1,0,0,mixed,1,1
multi_mixed_obstacles_r01_s10001,40.160,0.137315,0.497035,0.047035,2,0.907200,0.179390,0,1,0,0,mixed,1,1
multi_mixed_obstacles_r01_s10001,40.192,0.134372,0.496957,0.046957,2,0.907070,0.180260,0,1,0,0,mixed,1,1
multi_mixed_obstacles_r01_s10001,40.224,0.131429,0.496881,0.046881,2,0.906953,0.181298,0,1,0,0,mixed,1,1
multi_mixed_obstacles_r01_s10001,40.256,0.128486,0.496807,0.046807,2,0.906847,0.182501,0,1,0,0,mixed,1,1
multi_mixed_obstacles_r01_s10001,40.288,0.125543,0.496737,0.046737,2,0.906754,0.183868,0,1,0,0,mixed,1,1
multi_mixed_obstacles_r01_s10001,40.320,0.122600,0.496669,0.046669,2,0.906672,0.185394,0,1,0,0,mixed,1,1
multi_mixed_obstacles_r01_s10001,40.352,0.119656,0.496603,0.046603,2,0.906603,0.187075,0,1,0,0,mixed,1,1
multi_mixed_obstacles_r01_s10001,40.384,0.116713,0.496540,0.046540,2,0.906546,0.188908,0,1,0,0,mixed,1,1
multi_mixed_obstacles_r01_s10001,40.416,0.113770,0.496480,0.046480,2,0.906502,0.190888,0,1,0,0,mixed,1,1
multi_mixed_obstacles_r01_s10001,40.448,0.110826,0.496423,0.046423,2,0.906469,0.193012,0,1,0,0,mixed,1,1
multi_mixed_obstacles_r01_s10001,40.480,0.107883,0.496368,0.046368,2,0.906449,0.195274,0,1,0,0,mixed,1,1
multi_mixed_obstacles_r01_s10001,40.512,0.104939,0.496316,0.046316,2,0.906441,0.197671,0,1,0,0,mixed,1,1
multi_mixed_obstacles_r01_s10001,40.544,0.101996,0.496266,0.046266,2,0.906445,0.200197,0,1,0,0,mixed,1,1
multi_mixed_obstacles_r01_s10001,40.576,0.099052,0.496219,0.046219,2,0.906461,0.202847,0,1,0,0,mixed,1,1
multi_mixed_obstacles_r01_s10001,40.608,0.096108,0.496175,0.046175,2,0.906490,0.205618,0,1,0,0,mixed,1,1
multi_mixed_obstacles_r01_s10001,40.640,0.093165,0.496133,0.046133,2,0.906530,0.208505,0,1,0,0,mixed,1,1
multi_mixed_obstacles_r01_s10001,40.672,0.090221,0.496094,0.046094,2,0.906583,0.211502,0,1,0,0,mixed,1,1
multi_mixed_obstacles_r01_s10001,40.704,0.087277,0.496057,0.046057,2,0.906648,0.214606,0,1,0,0,mixed,1,1
multi_mixed_obstacles_r01_s10001,40.736,0.084333,0.496026,0.046026,2,0.906728,0.217814,0,1,0,0,mixed,1,1
multi_mixed_obstacles_r01_s10001,40.768,0.081389,0.495999,0.045999,2,0.906821,0.221122,0,1,0,0,mixed,1,1
multi_mixed_obstacles_r01_s10001,40.800,0.078445,0.495976,0.045976,2,0.906929,0.224526,0,1,0,0,mixed,1,1
multi_mixed_obstacles_r01_s10001,40.832,0.075502,0.495958,0.045958,2,0.907050,0.228021,0,1,0,0,mixed,1,1
multi_mixed_obstacles_r01_s10001,40.864,0.072558,0.495943,0.045943,2,0.907184,0.231602,0,1,0,0,mixed,1,1
multi_mixed_obstacles_r01_s10001,40.896,0.069614,0.495930,0.045930,2,0.907330,0.235265,0,1,0,0,mixed,1,1
multi_mixed_obstacles_r01_s10001,40.928,0.066670,0.495920,0.045920,2,0.907488,0.239006,0,1,0,0,mixed,1,1
multi_mixed_obstacles_r01_s10001,40.960,0.063726,0.495912,0.045912,2,0.907658,0.242823,0,1,0,0,mixed,1,1
multi_mixed_obstacles_r01_s10001,40.992,0.060782,0.495907,0.045907,2,0.907840,0.246711,0,1,0,0,mixed,1,1
multi_mixed_obstacles_r01_s10001,41.024,0.057838,0.495906,0.045906,2,0.908037,0.250670,0,1,0,0,mixed,1,1
multi_mixed_obstacles_r01_s10001,41.056,0.054894,0.495911,0.045911,2,0.908247,0.254696,0,1,0,0,mixed,1,1
multi_mixed_obstacles_r01_s10001,41.088,0.051950,0.495919,0.045919,2,0.908471,0.258787,0,1,0,0,mixed,1,1
multi_mixed_obstacles_r01_s10001,41.120,0.049006,0.495932,0.045932,2,0.908710,0.262939,0,1,0,0,mixed,1,1
multi_mixed_obstacles_r01_s10001,41.152,0.046062,0.495947,0.045947,2,0.908959,0.267148,0,1,0,0,mixed,1,1
multi_mixed_obstacles_r01_s10001,41.184,0.043118,0.495964,0.045964,2,0.909221,0.271411,0,1,0,0,mixed,1,1
multi_mixed_obstacles_r01_s10001,41.216,0.040174,0.495984,0.045984,2,0.909494,0.275727,0,1,0,0,mixed,1,1
multi_mixed_obstacles_r01_s10001,41.248,0.037230,0.496007,0.046007,2,0.909780,0.280092,0,1,0,0,mixed,1,1
multi_mixed_obstacles_r01_s10001,41.280,0.034286,0.496032,0.046032,2,0.910077,0.284505,0,1,0,0,mixed,1,1
multi_mixed_obstacles_r01_s10001,41.312,0.031342,0.496060,0.046060,2,0.910387,0.288964,0,1,0,0,mixed,1,1
multi_mixed_obstacles_r01_s10001,41.344,0.028398,0.496090,0.046090,2,0.910708,0.293467,0,1,0,0,mixed,1,1
multi_mixed_obstacles_r01_s10001,41.376,0.025454,0.496123,0.046123,2,0.911042,0.298012,0,1,0,0,mixed,1,1
multi_mixed_obstacles_r01_s10001,41.408,0.022511,0.496158,0.046158,2,0.911388,0.302597,0,1,0,0,mixed,1,1
multi_mixed_obstacles_r01_s10001,41.440,0.019567,0.496197,0.046197,2,0.911745,0.307220,0,1,0,0,mixed,1,1
multi_mixed_obstacles_r01_s10001,41.472,0.016623,0.496237,0.046237,2,0.912115,0.311881,0,1,0,0,mixed,1,1
multi_mixed_obstacles_r01_s10001,41.504,0.013679,0.496281,0.046281,2,0.912496,0.316576,0,1,0,0,mixed,1,1
multi_mixed_obstacles_r01_s10001,41.536,0.010736,0.496327,0.046327,2,0.912889,0.321306,0,1,0,0,mixed,1,1
multi_mixed_obstacles_r01_s10001,41.568,0.007792,0.496376,0.046376,2,0.913295,0.326069,0,1,0,0,mixed,1,1
multi_mixed_obstacles_r01_s10001,41.600,0.004849,0.496427,0.046427,2,0.913712,0.330862,0,1,0,0,mixed,1,1
multi_mixed_obstacles_r01_s10001,41.632,0.001905,0.496481,0.046481,2,0.914141,0.335686,0,1,0,0,mixed,1,1
multi_mixed_obstacles_r01_s10001,41.664,-0.001038,0.496537,0.046537,2,0.914582,0.340539,0,1,0,0,mixed,1,1
multi_mixed_obstacles_r01_s10001,41.696,-0.003982,0.496597,0.046597,2,0.915035,0.345420,0,1,0,0,mixed,1,1
multi_mixed_obstacles_r01_s10001,41.728,-0.006925,0.496659,0.046659,2,0.915500,0.350327,0,1,0,0,mixed,1,1
multi_mixed_obstacles_r01_s10001,41.760,-0.009868,0.496718,0.046718,2,0.915972,0.355255,0,1,0,0,mixed,1,1
multi_mixed_obstacles_r01_s10001,41.792,-0.012812,0.496777,0.046777,2,0.916452,0.360205,0,1,0,0,mixed,1,1
multi_mixed_obstacles_r01_s10001,41.824,-0.015755,0.496835,0.046835,2,0.916940,0.365175,0,1,0,0,mixed,1,1
multi_mixed_obstacles_r01_s10001,41.856,-0.018699,0.496892,0.046892,2,0.917437,0.370165,0,1,0,0,mixed,1,1
multi_mixed_obstacles_r01_s10001,41.888,-0.021642,0.496948,0.046948,2,0.917942,0.375173,0,1,0,0,mixed,1,1
multi_mixed_obstacles_r01_s10001,41.920,-0.024586,0.497003,0.047003,2,0.918455,13.813011,0,1,1,0,mixed,1,1
multi_mixed_obstacles_r01_s10001,41.952,-0.027529,0.497058,0.047058,2,0.918977,13.815109,0,1,1,0,mixed,1,1
multi_mixed_obstacles_r01_s10001,41.984,-0.030473,0.497112,0.047112,2,0.919507,13.817209,0,1,1,0,mixed,1,1
multi_mixed_obstacles_r01_s10001,42.016,-0.033416,0.497165,0.047165,2,0.920046,13.819309,0,1,1,0,mixed,1,1
multi_mixed_obstacles_r01_s10001,42.048,-0.036360,0.497217,0.047217,2,0.920593,13.821411,0,1,1,0,mixed,1,1
multi_mixed_obstacles_r01_s10001,42.080,-0.039303,0.497269,0.047269,2,0.921148,13.823513,0,1,1,0,mixed,1,1
multi_mixed_obstacles_r01_s10001,42.112,-0.042247,0.497320,0.047320,2,0.921712,13.825616,0,1,1,0,mixed,1,1
multi_mixed_obstacles_r01_s10001,42.144,-0.045190,0.497370,0.047370,2,0.922284,13.827719,0,1,1,0,mixed,1,1
multi_mixed_obstacles_r01_s10001,42.176,-0.048134,0.497420,0.047420,2,0.922865,13.829824,0,1,1,0,mixed,1,1
multi_mixed_obstacles_r01_s10001,42.208,-0.051078,0.497469,0.047469,2,0.923454,13.831929,0,1,1,0,mixed,1,1
multi_mixed_obstacles_r01_s10001,42.240,-0.054021,0.497517,0.047517,2,0.924051,13.834035,0,1,1,0,mixed,1,1
multi_mixed_obstacles_r01_s10001,42.272,-0.056965,0.497564,0.047564,2,0.924656,13.836142,0,1,1,0,mixed,1,1
multi_mixed_obstacles_r01_s10001,42.304,-0.059908,0.497611,0.047611,2,0.925270,13.838249,0,1,1,0,mixed,1,1
multi_mixed_obstacles_r01_s10001,42.336,-0.062852,0.497657,0.047657,2,0.925892,13.840358,0,1,1,0,mixed,1,1
multi_mixed_obstacles_r01_s10001,42.368,-0.065796,0.497703,0.047703,2,0.926523,13.842467,0,1,1,0,mixed,1,1
multi_mixed_obstacles_r01_s10001,42.400,-0.068739,0.497748,0.047748,2,0.927162,13.844577,0,1,1,0,mixed,1,1
multi_mixed_obstacles_r01_s10001,42.432,-0.071683,0.497792,0.047792,2,0.927808,13.846688,0,1,1,0,mixed,1,1
multi_mixed_obstacles_r01_s10001,42.464,-0.074627,0.497835,0.047835,2,0.928464,13.848799,0,1,1,0,mixed,1,1
multi_mixed_obstacles_r01_s10001,42.496,-0.077570,0.497878,0.047878,2,0.929127,13.850911,0,1,1,0,mixed,1,1
multi_mixed_obstacles_r01_s10001,42.528,-0.080514,0.497920,0.047920,2,0.929798,13.853024,0,1,1,0,mixed,1,1
multi_mixed_obstacles_r01_s10001,42.560,-0.083458,0.497962,0.047962,2,0.930478,13.855138,0,1,1,0,mixed,1,1
multi_mixed_obstacles_r01_s10001,42.592,-0.086401,0.498002,0.048002,2,0.931166,13.857253,0,1,1,0,mixed,1,1
multi_mixed_obstacles_r01_s10001,42.624,-0.089345,0.498042,0.048042,2,0.931862,13.859368,0,1,1,0,mixed,1,1
multi_mixed_obstacles_r01_s10001,42.656,-0.092289,0.498082,0.048082,2,0.932566,13.861484,0,1,1,0,mixed,1,1
multi_mixed_obstacles_r01_s10001,42.688,-0.095233,0.498120,0.048120,2,0.933278,13.863601,0,1,1,0,mixed,1,1
multi_mixed_obstacles_r01_s10001,42.720,-0.098176,0.498158,0.048158,2,0.933998,13.865719,0,1,1,0,mixed,1,1
multi_mixed_obstacles_r01_s10001,42.752,-0.101120,0.498196,0.048196,2,0.934727,13.867837,0,1,1,0,mixed,1,1
multi_mixed_obstacles_r01_s10001,42.784,-0.104064,0.498232,0.048232,2,0.935463,13.869957,0,1,1,0,mixed,1,1
multi_mixed_obstacles_r01_s10001,42.816,-0.107008,0.498268,0.048268,2,0.936207,13.872077,0,1,1,0,mixed,1,1
multi_mixed_obstacles_r01_s10001,42.848,-0.109952,0.498304,0.048304,2,0.936959,13.874198,0,1,1,0,mixed,1,1
multi_mixed_obstacles_r01_s10001,42.880,-0.112895,0.498338,0.048338,2,0.937720,13.876319,0,1,1,0,mixed,1,1
multi_mixed_obstacles_r01_s10001,42.912,-0.115839,0.498372,0.048372,2,0.938488,13.878441,0,1,1,0,mixed,1,1
multi_mixed_obstacles_r01_s10001,42.944,-0.118783,0.498405,0.048405,2,0.939264,13.880565,0,1,1,0,mixed,1,1
multi_mixed_obstacles_r01_s10001,42.976,-0.121727,0.498438,0.048438,2,0.940048,13.882689,0,1,1,0,mixed,1,1
multi_mixed_obstacles_r01_s10001,43.008,-0.124671,0.498469,0.048469,2,0.940840,13.884813,0,1,1,0,mixed,1,1
multi_mixed_obstacles_r01_s10001,43.040,-0.127614,0.498501,0.048501,2,0.941640,13.886939,0,1,1,0,mixed,1,1
multi_mixed_obstacles_r01_s10001,43.072,-0.130558,0.498531,0.048531,2,0.942448,13.889065,0,1,1,0,mixed,1,1
multi_mixed_obstacles_r01_s10001,43.104,-0.133502,0.498561,0.048561,2,0.943263,13.891192,0,1,1,0,mixed,1,1
multi_mixed_obstacles_r01_s10001,43.136,-0.136446,0.498590,0.048590,2,0.944087,13.893320,0,1,1,0,mixed,1,1
multi_mixed_obstacles_r01_s10001,43.168,-0.139390,0.498618,0.048618,2,0.944918,13.895448,0,1,1,0,mixed,1,1
multi_mixed_obstacles_r01_s10001,43.200,-0.142334,0.498646,0.048646,2,0.945757,13.897578,0,1,1,0,mixed,1,1
multi_mixed_obstacles_r01_s10001,43.232,-0.145278,0.498673,0.048673,2,0.946604,13.899708,0,1,1,0,mixed,1,1
multi_mixed_obstacles_r01_s10001,43.264,-0.148222,0.498699,0.048699,2,0.947458,13.901839,0,1,1,0,mixed,1,1
multi_mixed_obstacles_r01_s10001,43.296,-0.151165,0.498725,0.048725,2,0.948320,13.903970,0,1,1,0,mixed,1,1
multi_mixed_obstacles_r01_s10001,43.328,-0.154109,0.498750,0.048750,2,0.949190,13.906103,0,1,1,0,mixed,1,1
multi_mixed_obstacles_r01_s10001,43.360,-0.157053,0.498774,0.048774,2,0.950068,13.908236,0,1,1,0,mixed,1,1
multi_mixed_obstacles_r01_s10001,43.392,-0.159997,0.498798,0.048798,2,0.950953,13.910370,0,1,1,0,mixed,1,1
multi_mixed_obstacles_r01_s10001,43.424,-0.162941,0.498820,0.048820,2,0.951846,13.912505,0,1,1,0,mixed,1,1
multi_mixed_obstacles_r01_s10001,43.456,-0.165885,0.498843,0.048843,2,0.952746,13.914640,0,1,1,0,mixed,1,1
multi_mixed_obstacles_r01_s10001,43.488,-0.168829,0.498864,0.048864,2,0.953654,13.916776,0,1,1,0,mixed,1,1
multi_mixed_obstacles_r01_s10001,43.520,-0.171773,0.498885,0.048885,2,0.954570,13.918913,0,1,1,0,mixed,1,1
multi_mixed_obstacles_r01_s10001,43.552,-0.174717,0.498905,0.048905,2,0.955493,13.921051,0,1,1,0,mixed,1,1
multi_mixed_obstacles_r01_s10001,43.584,-0.177661,0.498925,0.048925,2,0.956423,13.923190,0,1,1,0,mixed,1,1
multi_mixed_obstacles_r01_s10001,43.616,-0.180605,0.498943,0.048943,2,0.957362,13.925329,0,1,1,0,mixed,1,1
multi_mixed_obstacles_r01_s10001,43.648,-0.183549,0.498961,0.048961,2,0.958307,13.927469,0,1,1,0,mixed,1,1
multi_mixed_obstacles_r01_s10001,43.680,-0.186492,0.498979,0.048979,2,0.959260,13.929610,0,1,1,0,mixed,1,1
multi_mixed_obstacles_r01_s10001,43.712,-0.189436,0.498996,0.048996,2,0.960221,13.931752,0,1,1,0,mixed,1,1
multi_mixed_obstacles_r01_s10001,43.744,-0.192380,0.499012,0.049012,2,0.961189,13.933894,0,1,1,0,mixed,1,1
multi_mixed_obstacles_r01_s10001,43.776,-0.195324,0.499027,0.049027,2,0.962164,13.936037,0,1,1,0,mixed,1,1
multi_mixed_obstacles_r01_s10001,43.808,-0.198268,0.499042,0.049042,2,0.963147,13.938181,0,1,1,0,mixed,1,1
multi_mixed_obstacles_r01_s10001,43.840,-0.201212,0.499056,0.049056,2,0.964137,13.940326,0,1,1,0,mixed,1,1
multi_mixed_obstacles_r01_s10001,43.872,-0.204156,0.499069,0.049069,2,0.965134,13.942471,0,1,1,0,mixed,1,1
multi_mixed_obstacles_r01_s10001,43.904,-0.207100,0.499081,0.049081,2,0.966138,13.944617,0,1,1,0,mixed,1,1
multi_mixed_obstacles_r01_s10001,43.936,-0.210044,0.499093,0.049093,2,0.967150,13.946764,0,1,1,0,mixed,1,1
multi_mixed_obstacles_r01_s10001,43.968,-0.212988,0.499105,0.049105,2,0.968169,13.948912,0,1,1,0,mixed,1,1
multi_mixed_obstacles_r01_s10001,44.000,-0.215932,0.499115,0.049115,2,0.969196,13.951060,0,1,1,0,mixed,1,1
multi_mixed_obstacles_r01_s10001,44.032,-0.218876,0.499125,0.049125,2,0.970229,13.953210,0,1,1,0,mixed,1,1
multi_mixed_obstacles_r01_s10001,44.064,-0.221820,0.499134,0.049134,2,0.971270,13.955360,0,1,1,0,mixed,1,1
multi_mixed_obstacles_r01_s10001,44.096,-0.224764,0.499143,0.049143,2,0.972318,13.957510,0,1,1,0,mixed,1,1
multi_mixed_obstacles_r01_s10001,44.128,-0.227708,0.499150,0.049150,2,0.973373,13.959662,0,1,1,0,mixed,1,1
multi_mixed_obstacles_r01_s10001,44.160,-0.230652,0.499157,0.049157,2,0.974435,13.961814,0,1,1,0,mixed,1,1
multi_mixed_obstacles_r01_s10001,44.192,-0.233596,0.499164,0.049164,2,0.975505,13.963967,0,1,1,0,mixed,1,1
multi_mixed_obstacles_r01_s10001,44.224,-0.236540,0.499170,0.049170,2,0.976581,13.966121,0,1,1,0,mixed,1,1
multi_mixed_obstacles_r01_s10001,44.256,-0.239484,0.499175,0.049175,2,0.977664,13.968275,0,1,1,0,mixed,1,1
multi_mixed_obstacles_r01_s10001,44.288,-0.242428,0.499179,0.049179,2,0.978755,13.970431,0,1,1,0,mixed,1,1
multi_mixed_obstacles_r01_s10001,44.320,-0.245372,0.499183,0.049183,2,0.979852,13.972587,0,1,1,0,mixed,1,1
multi_mixed_obstacles_r01_s10001,44.352,-0.248316,0.499186,0.049186,2,0.980956,13.974743,0,1,1,0,mixed,1,1
multi_mixed_obstacles_r01_s10001,44.384,-0.251260,0.499188,0.049188,2,0.982068,13.976901,0,1,1,0,mixed,1,1
multi_mixed_obstacles_r01_s10001,44.416,-0.254204,0.499190,0.049190,2,0.983186,13.979059,0,1,1,0,mixed,1,1
multi_mixed_obstacles_r01_s10001,44.448,-0.257148,0.499191,0.049191,2,0.984311,13.981218,0,1,1,0,mixed,1,1
multi_mixed_obstacles_r01_s10001,44.480,-0.260092,0.499191,0.049191,2,0.985443,13.983378,0,1,1,0,mixed,1,1
multi_mixed_obstacles_r01_s10001,44.512,-0.263036,0.499190,0.049190,2,0.986582,13.985539,0,1,1,0,mixed,1,1
multi_mixed_obstacles_r01_s10001,44.544,-0.265980,0.499189,0.049189,2,0.987728,13.987700,0,1,1,0,mixed,1,1
multi_mixed_obstacles_r01_s10001,44.576,-0.268924,0.499187,0.049187,2,0.988880,13.989862,0,1,1,0,mixed,1,1
multi_mixed_obstacles_r01_s10001,44.608,-0.271868,0.499185,0.049185,2,0.990039,13.992025,0,1,1,0,mixed,1,1
multi_mixed_obstacles_r01_s10001,44.640,-0.274812,0.499182,0.049182,2,0.991205,13.994188,0,1,1,0,mixed,1,1
multi_mixed_obstacles_r01_s10001,44.672,-0.277756,0.499178,0.049178,2,0.992378,13.996353,0,1,1,0,mixed,1,1
multi_mixed_obstacles_r01_s10001,44.704,-0.280700,0.499173,0.049173,2,0.993558,13.998518,0,1,1,0,mixed,1,1
multi_mixed_obstacles_r01_s10001,44.736,-0.283644,0.499168,0.049168,2,0.994744,14.000684,0,1,1,0,mixed,1,1
multi_mixed_obstacles_r01_s10001,44.768,-0.286588,0.499162,0.049162,2,0.995937,14.002850,0,1,1,0,mixed,1,1
multi_mixed_obstacles_r01_s10001,44.800,-0.289532,0.499156,0.049156,2,0.997136,14.005018,0,1,1,0,mixed,1,1
multi_mixed_obstacles_r01_s10001,44.832,-0.292476,0.499148,0.049148,2,0.998342,14.007186,0,1,1,0,mixed,1,1
multi_mixed_obstacles_r01_s10001,44.864,-0.295420,0.499140,0.049140,2,0.999555,14.009354,0,1,1,0,mixed,1,1
multi_mixed_obstacles_r01_s10001,44.896,-0.298364,0.499132,0.049132,2,1.000774,14.011524,0,1,1,0,mixed,1,1
multi_mixed_obstacles_r01_s10001,44.928,-0.301308,0.499122,0.049122,2,1.002000,14.013694,0,1,1,0,mixed,1,1
multi_mixed_obstacles_r01_s10001,44.960,-0.304252,0.499112,0.049112,2,1.003232,14.015865,0,1,1,0,mixed,1,1
multi_mixed_obstacles_r01_s10001,44.992,-0.307196,0.499101,0.049101,2,1.004471,14.018037,0,1,1,0,mixed,1,1
multi_mixed_obstacles_r01_s10001,45.024,-0.310140,0.499090,0.049090,2,1.005716,14.020210,0,1,1,0,mixed,1,1
multi_mixed_obstacles_r01_s10001,45.056,-0.313084,0.499078,0.049078,2,1.006968,14.022383,0,1,1,0,mixed,1,1
multi_mixed_obstacles_r01_s10001,45.088,-0.316028,0.499065,0.049065,2,1.008226,14.024557,0,1,1,0,mixed,1,1
multi_mixed_obstacles_r01_s10001,45.120,-0.318972,0.499052,0.049052,2,1.009491,14.026732,0,1,1,0,mixed,1,1
multi_mixed_obstacles_r01_s10001,45.152,-0.321916,0.499037,0.049037,2,1.010761,14.028907,0,1,1,0,mixed,1,1
multi_mixed_obstacles_r01_s10001,45.184,-0.324860,0.499023,0.049023,2,1.012039,14.031083,0,1,1,0,mixed,1,1
multi_mixed_obstacles_r01_s10001,45.216,-0.327804,0.499007,0.049007,2,1.013322,14.033260,0,1,1,0,mixed,1,1
multi_mixed_obstacles_r01_s10001,45.248,-0.330748,0.498991,0.048991,2,1.014612,14.035438,0,1,1,0,mixed,1,1
multi_mixed_obstacles_r01_s10001,45.280,-0.333692,0.498974,0.048974,2,1.015908,14.037617,0,1,1,0,mixed,1,1
multi_mixed_obstacles_r01_s10001,45.312,-0.336636,0.498956,0.048956,2,1.017211,14.039796,0,1,1,0,mixed,1,1
multi_mixed_obstacles_r01_s10001,45.344,-0.339580,0.498938,0.048938,2,1.018519,14.041976,0,1,1,0,mixed,1,1
multi_mixed_obstacles_r01_s10001,45.376,-0.342523,0.498919,0.048919,2,1.019834,14.044156,0,1,1,0,mixed,1,1
multi_mixed_obstacles_r01_s10001,45.408,-0.345467,0.498899,0.048899,2,1.021155,14.046338,0,1,1,0,mixed,1,1
multi_mixed_obstacles_r01_s10001,45.440,-0.348411,0.498879,0.048879,2,1.022482,14.048520,0,1,1,0,mixed,1,1
multi_mixed_obstacles_r01_s10001,45.472,-0.351355,0.498858,0.048858,2,1.023816,14.050703,0,1,1,0,mixed,1,1
multi_mixed_obstacles_r01_s10001,45.504,-0.354299,0.498836,0.048836,2,1.025155,14.052887,0,1,1,0,mixed,1,1
multi_mixed_obstacles_r01_s10001,45.536,-0.357243,0.498814,0.048814,2,1.026501,14.055071,0,1,1,0,mixed,1,1
multi_mixed_obstacles_r01_s10001,45.568,-0.360187,0.498791,0.048791,2,1.027852,14.057256,0,1,1,0,mixed,1,1
multi_mixed_obstacles_r01_s10001,45.600,-0.363131,0.498767,0.048767,2,1.029210,14.059442,0,1,1,0,mixed,1,1
multi_mixed_obstacles_r01_s10001,45.632,-0.366075,0.498743,0.048743,2,1.030574,14.061629,0,1,1,0,mixed,1,1
multi_mixed_obstacles_r01_s10001,45.664,-0.369019,0.498718,0.048718,2,1.031943,14.063816,0,1,1,0,mixed,1,1
multi_mixed_obstacles_r01_s10001,45.696,-0.371963,0.498692,0.048692,2,1.033319,14.066004,0,1,1,0,mixed,1,1
multi_mixed_obstacles_r01_s10001,45.728,-0.374906,0.498665,0.048665,2,1.034700,14.068193,0,1,1,0,mixed,1,1
multi_mixed_obstacles_r01_s10001,45.760,-0.377850,0.498638,0.048638,2,1.036088,14.070382,0,1,1,0,mixed,1,1
multi_mixed_obstacles_r01_s10001,45.792,-0.380794,0.498610,0.048610,2,1.037481,14.072573,0,1,1,0,mixed,1,1
multi_mixed_obstacles_r01_s10001,45.824,-0.383738,0.498582,0.048582,2,1.038880,14.074764,0,1,1,0,mixed,1,1
multi_mixed_obstacles_r01_s10001,45.856,-0.386682,0.498552,0.048552,2,1.040285,14.076955,0,1,1,0,mixed,1,1
multi_mixed_obstacles_r01_s10001,45.888,-0.389626,0.498522,0.048522,2,1.041696,14.079148,0,1,1,0,mixed,1,1
multi_mixed_obstacles_r01_s10001,45.920,-0.392570,0.498492,0.048492,2,1.043113,14.081341,0,1,1,0,mixed,1,1
multi_mixed_obstacles_r01_s10001,45.952,-0.395513,0.498460,0.048460,2,1.044536,14.083535,0,1,1,0,mixed,1,1
multi_mixed_obstacles_r01_s10001,45.984,-0.398457,0.498428,0.048428,2,1.045964,14.085730,0,1,1,0,mixed,1,1
multi_mixed_obstacles_r01_s10001,46.016,-0.401401,0.498396,0.048396,2,1.047398,14.087925,0,1,1,0,mixed,1,1
multi_mixed_obstacles_r01_s10001,46.048,-0.404345,0.498362,0.048362,2,1.048837,14.090121,0,1,1,0,mixed,1,1
multi_mixed_obstacles_r01_s10001,46.080,-0.407289,0.498328,0.048328,2,1.050283,14.092318,0,1,1,0,mixed,1,1
multi_mixed_obstacles_r01_s10001,46.112,-0.410233,0.498294,0.048294,2,1.051734,14.094515,0,1,1,0,mixed,1,1
multi_mixed_obstacles_r01_s10001,46.144,-0.413176,0.498258,0.048258,2,1.053190,14.096714,0,1,1,0,mixed,1,1
multi_mixed_obstacles_r01_s10001,46.176,-0.416120,0.498222,0.048222,2,1.054653,14.098913,0,1,1,0,mixed,1,1
multi_mixed_obstacles_r01_s10001,46.208,-0.419064,0.498185,0.048185,2,1.056120,14.101113,0,1,1,0,mixed,1,1
multi_mixed_obstacles_r01_s10001,46.240,-0.422008,0.498148,0.048148,2,1.057594,14.103313,0,1,1,0,mixed,1,1
multi_mixed_obstacles_r01_s10001,46.272,-0.424951,0.498110,0.048110,2,1.059073,14.105514,0,1,1,0,mixed,1,1
multi_mixed_obstacles_r01_s10001,46.304,-0.427895,0.498071,0.048071,2,1.060557,14.107716,0,1,1,0,mixed,1,1
multi_mixed_obstacles_r01_s10001,46.336,-0.430839,0.498031,0.048031,2,1.062047,14.109919,0,1,1,0,mixed,1,1
multi_mixed_obstacles_r01_s10001,46.368,-0.433783,0.497991,0.047991,2,1.063542,14.112122,0,1,1,0,mixed,1,1
multi_mixed_obstacles_r01_s10001,46.400,-0.436726,0.497950,0.047950,2,1.065043,14.114326,0,1,1,0,mixed,1,1
multi_mixed_obstacles_r01_s10001,46.432,-0.439670,0.497908,0.047908,2,1.066550,14.116531,0,1,1,0,mixed,1,1
multi_mixed_obstacles_r01_s10001,46.464,-0.442614,0.497866,0.047866,2,1.068061,14.118737,0,1,1,0,mixed,1,1
multi_mixed_obstacles_r01_s10001,46.496,-0.445557,0.497823,0.047823,2,1.069578,14.120943,0,1,1,0,mixed,1,1
multi_mixed_obstacles_r01_s10001,46.528,-0.448501,0.497779,0.047779,2,1.071101,14.123150,0,1,1,0,mixed,1,1
multi_mixed_obstacles_r01_s10001,46.560,-0.451445,0.497735,0.047735,2,1.072629,14.125358,0,1,1,0,mixed,1,1
multi_mixed_obstacles_r01_s10001,46.592,-0.454388,0.497690,0.047690,2,1.074162,14.127566,0,1,1,0,mixed,1,1
multi_mixed_obstacles_r01_s10001,46.624,-0.457332,0.497644,0.047644,2,1.075700,14.129776,0,1,1,0,mixed,1,1
multi_mixed_obstacles_r01_s10001,46.656,-0.460276,0.497598,0.047598,2,1.077244,14.131985,0,1,1,0,mixed,1,1
multi_mixed_obstacles_r01_s10001,46.688,-0.463219,0.497551,0.047551,2,1.078792,14.134196,0,1,1,0,mixed,1,1
multi_mixed_obstacles_r01_s10001,46.720,-0.466163,0.497503,0.047503,2,1.080347,14.136407,0,1,1,0,mixed,1,1
multi_mixed_obstacles_r01_s10001,46.752,-0.469106,0.497455,0.047455,2,1.081906,14.138619,0,1,1,0,mixed,1,1
multi_mixed_obstacles_r01_s10001,46.784,-0.472050,0.497410,0.047410,2,1.083474,14.140829,0,1,1,0,mixed,1,1
multi_mixed_obstacles_r01_s10001,46.816,-0.474994,0.497369,0.047369,2,1.085051,14.143037,0,1,1,0,mixed,1,1
multi_mixed_obstacles_r01_s10001,46.848,-0.477938,0.497330,0.047330,2,1.086636,14.145243,0,1,1,0,mixed,1,1
multi_mixed_obstacles_r01_s10001,46.880,-0.480881,0.497294,0.047294,2,1.088229,14.147448,0,1,1,0,mixed,1,1
multi_mixed_obstacles_r01_s10001,46.912,-0.483825,0.497262,0.047262,2,1.089830,14.149651,0,1,1,0,mixed,1,1
multi_mixed_obstacles_r01_s10001,46.944,-0.486769,0.497231,0.047231,2,1.091438,14.151853,0,1,1,0,mixed,1,1
multi_mixed_obstacles_r01_s10001,46.976,-0.489713,0.497204,0.047204,2,1.093055,14.154053,0,1,1,0,mixed,1,1
multi_mixed_obstacles_r01_s10001,47.008,-0.492657,0.497179,0.047179,2,1.094679,14.156251,0,1,1,0,mixed,1,1
multi_mixed_obstacles_r01_s10001,47.040,-0.495601,0.497157,0.047157,2,1.096311,14.158448,0,1,1,0,mixed,1,1
multi_mixed_obstacles_r01_s10001,47.072,-0.498545,0.497138,0.047138,2,1.097951,14.160644,0,1,1,0,mixed,1,1
multi_mixed_obstacles_r01_s10001,47.104,-0.501489,0.497121,0.047121,2,1.099599,14.162838,0,1,1,0,mixed,1,1
multi_mixed_obstacles_r01_s10001,47.136,-0.504433,0.497107,0.047107,2,1.101254,14.165030,0,1,1,0,mixed,1,1
multi_mixed_obstacles_r01_s10001,47.168,-0.507377,0.497096,0.047096,2,1.102916,14.167221,0,1,1,0,mixed,1,1
multi_mixed_obstacles_r01_s10001,47.200,-0.510321,0.497087,0.047087,2,1.104586,14.169411,0,1,1,0,mixed,1,1
multi_mixed_obstacles_r01_s10001,47.232,-0.513265,0.497081,0.047081,2,1.106264,14.171598,0,1,1,0,mixed,1,1
multi_mixed_obstacles_r01_s10001,47.264,-0.516209,0.497078,0.047078,2,1.107949,14.173785,0,1,1,0,mixed,1,1
multi_mixed_obstacles_r01_s10001,47.296,-0.519153,0.497077,0.047077,2,1.109642,14.175970,0,1,1,0,mixed,1,1
multi_mixed_obstacles_r01_s10001,47.328,-0.522097,0.497079,0.047079,2,1.111341,14.178153,0,1,1,0,mixed,1,1
multi_mixed_obstacles_r01_s10001,47.360,-0.525041,0.497083,0.047083,2,1.113049,14.180335,0,1,1,0,mixed,1,1
multi_mixed_obstacles_r01_s10001,47.392,-0.527985,0.497090,0.047090,2,1.114763,14.182516,0,1,1,0,mixed,1,1
multi_mixed_obstacles_r01_s10001,47.424,-0.530929,0.497095,0.047095,2,1.116481,14.184698,0,1,1,0,mixed,1,1
multi_mixed_obstacles_r01_s10001,47.456,-0.533873,0.497104,0.047104,2,1.118207,14.186878,0,1,1,0,mixed,1,1
multi_mixed_obstacles_r01_s10001,47.488,-0.536817,0.497110,0.047110,2,1.119936,14.189060,0,1,1,0,mixed,1,1
multi_mixed_obstacles_r01_s10001,47.520,-0.539761,0.497121,0.047121,2,1.121674,14.191239,0,1,1,0,mixed,1,1
multi_mixed_obstacles_r01_s10001,47.552,-0.542705,0.497129,0.047129,2,1.123415,14.193420,0,1,1,0,mixed,1,1
multi_mixed_obstacles_r01_s10001,47.584,-0.545649,0.497137,0.047137,2,1.125160,14.195602,0,1,1,0,mixed,1,1
multi_mixed_obstacles_r01_s10001,47.616,-0.548593,0.497148,0.047148,2,1.126914,14.197781,0,1,1,0,mixed,1,1
multi_mixed_obstacles_r01_s10001,47.648,-0.551537,0.497163,0.047163,2,1.128674,14.199959,0,1,1,0,mixed,1,1
multi_mixed_obstacles_r01_s10001,47.680,-0.554480,0.497180,0.047180,2,1.130442,14.202135,0,1,1,0,mixed,1,1
multi_mixed_obstacles_r01_s10001,47.712,-0.557424,0.497200,0.047200,2,1.132217,14.204310,0,1,1,0,mixed,1,1
multi_mixed_obstacles_r01_s10001,47.744,-0.560368,0.497218,0.047218,2,1.133995,14.206486,0,1,1,0,mixed,1,1
multi_mixed_obstacles_r01_s10001,47.776,-0.563312,0.497239,0.047239,2,1.135781,14.208660,0,1,1,0,mixed,1,1
multi_mixed_obstacles_r01_s10001,47.808,-0.566256,0.497259,0.047259,2,1.137570,14.210836,0,1,1,0,mixed,1,1
multi_mixed_obstacles_r01_s10001,47.840,-0.569200,0.497278,0.047278,2,1.139364,14.213012,0,1,1,0,mixed,1,1
multi_mixed_obstacles_r01_s10001,47.872,-0.572144,0.497296,0.047296,2,1.141161,14.215190,0,1,1,0,mixed,1,1
multi_mixed_obstacles_r01_s10001,47.904,-0.575088,0.497313,0.047313,2,1.142963,14.217368,0,1,1,0,mixed,1,1
multi_mixed_obstacles_r01_s10001,47.936,-0.578032,0.497329,0.047329,2,1.144769,14.219547,0,1,1,0,mixed,1,1
multi_mixed_obstacles_r01_s10001,47.968,-0.580976,0.497345,0.047345,2,1.146578,14.221727,0,1,1,0,mixed,1,1
multi_mixed_obstacles_r01_s10001,48.000,-0.583920,0.497360,0.047360,2,1.148392,14.223907,0,1,1,0,mixed,1,1
multi_mixed_obstacles_r01_s10001,48.032,-0.586864,0.497374,0.047374,2,1.150210,14.226088,0,1,1,0,mixed,1,1
multi_mixed_obstacles_r01_s10001,48.064,-0.589808,0.497387,0.047387,2,1.152033,14.228270,0,1,1,0,mixed,1,1
multi_mixed_obstacles_r01_s10001,48.096,-0.592752,0.497400,0.047400,2,1.153859,14.230453,0,1,1,0,mixed,1,1
multi_mixed_obstacles_r01_s10001,48.128,-0.595696,0.497412,0.047412,2,1.155689,14.232637,0,1,1,0,mixed,1,1
multi_mixed_obstacles_r01_s10001,48.160,-0.598640,0.497423,0.047423,2,1.157523,14.234821,0,1,1,0,mixed,1,1
multi_mixed_obstacles_r01_s10001,48.192,-0.601584,0.497434,0.047434,2,1.159362,14.237006,0,1,1,0,mixed,1,1
multi_mixed_obstacles_r01_s10001,48.224,-0.604528,0.497444,0.047444,2,1.161204,14.239192,0,1,1,0,mixed,1,1
multi_mixed_obstacles_r01_s10001,48.256,-0.607472,0.497453,0.047453,2,1.163051,14.241378,0,1,1,0,mixed,1,1
multi_mixed_obstacles_r01_s10001,48.288,-0.610416,0.497462,0.047462,2,1.164901,14.243565,0,1,1,0,mixed,1,1
multi_mixed_obstacles_r01_s10001,48.320,-0.613360,0.497470,0.047470,2,1.166756,14.245753,0,1,1,0,mixed,1,1
multi_mixed_obstacles_r01_s10001,48.352,-0.616304,0.497477,0.047477,2,1.168614,14.247942,0,1,1,0,mixed,1,1
multi_mixed_obstacles_r01_s10001,48.384,-0.619248,0.497484,0.047484,2,1.170476,14.250131,0,1,1,0,mixed,1,1
multi_mixed_obstacles_r01_s10001,48.416,-0.622192,0.497490,0.047490,2,1.172342,14.252321,0,1,1,0,mixed,1,1
multi_mixed_obstacles_r01_s10001,48.448,-0.625136,0.497495,0.047495,2,1.174212,14.254512,0,1,1,0,mixed,1,1
multi_mixed_obstacles_r01_s10001,48.480,-0.628080,0.497500,0.047500,2,1.176086,14.256703,0,1,1,0,mixed,1,1
multi_mixed_obstacles_r01_s10001,48.512,-0.631024,0.497504,0.047504,2,1.177964,14.258895,0,1,1,0,mixed,1,1
multi_mixed_obstacles_r01_s10001,48.544,-0.633968,0.497507,0.047507,2,1.179846,14.261088,0,1,1,0,mixed,1,1
multi_mixed_obstacles_r01_s10001,48.576,-0.636912,0.497510,0.047510,2,1.181731,14.263282,0,1,1,0,mixed,1,1
multi_mixed_obstacles_r01_s10001,48.608,-0.639856,0.497511,0.047511,2,1.183621,14.265476,0,1,1,0,mixed,1,1
multi_mixed_obstacles_r01_s10001,48.640,-0.642800,0.497513,0.047513,2,1.185514,14.267671,0,1,1,0,mixed,1,1
multi_mixed_obstacles_r01_s10001,48.672,-0.645744,0.497513,0.047513,2,1.187410,14.269867,0,1,1,0,mixed,1,1
multi_mixed_obstacles_r01_s10001,48.704,-0.648688,0.497513,0.047513,2,1.189311,14.272064,0,1,1,0,mixed,1,1
multi_mixed_obstacles_r01_s10001,48.736,-0.651632,0.497512,0.047512,2,1.191215,14.274261,0,1,1,0,mixed,1,1
multi_mixed_obstacles_r01_s10001,48.768,-0.654576,0.497511,0.047511,2,1.193123,14.276459,0,1,1,0,mixed,1,1
multi_mixed_obstacles_r01_s10001,48.800,-0.657520,0.497509,0.047509,2,1.195035,14.278658,0,1,1,0,mixed,1,1
multi_mixed_obstacles_r01_s10001,48.832,-0.660464,0.497506,0.047506,2,1.196950,14.280857,0,1,1,0,mixed,1,1
multi_mixed_obstacles_r01_s10001,48.864,-0.663408,0.497502,0.047502,2,1.198869,14.283057,0,1,1,0,mixed,1,1
multi_mixed_obstacles_r01_s10001,48.896,-0.666352,0.497498,0.047498,2,1.200792,14.285258,0,1,1,0,mixed,1,1
multi_mixed_obstacles_r01_s10001,48.928,-0.669296,0.497493,0.047493,2,1.202718,14.287460,0,1,1,0,mixed,1,1
multi_mixed_obstacles_r01_s10001,48.960,-0.672240,0.497487,0.047487,2,1.204648,14.289662,0,1,1,0,mixed,1,1
multi_mixed_obstacles_r01_s10001,48.992,-0.675184,0.497486,0.047486,2,1.206585,14.291862,0,1,1,0,mixed,1,1
multi_mixed_obstacles_r01_s10001,49.024,-0.678128,0.497483,0.047483,2,1.208525,14.294063,0,1,1,0,mixed,1,1
multi_mixed_obstacles_r01_s10001,49.056,-0.681072,0.497483,0.047483,2,1.210472,14.296262,0,1,1,0,mixed,1,1
multi_mixed_obstacles_r01_s10001,49.088,-0.684016,0.497482,0.047482,2,1.212421,14.298463,0,1,1,0,mixed,1,1
multi_mixed_obstacles_r01_s10001,49.120,-0.686960,0.497480,0.047480,2,1.214374,14.300664,0,1,1,0,mixed,1,1
multi_mixed_obstacles_r01_s10001,49.152,-0.689904,0.497485,0.047485,2,1.216336,14.302861,0,1,1,0,mixed,1,1
multi_mixed_obstacles_r01_s10001,49.184,-0.692848,0.497492,0.047492,2,1.218303,14.305057,0,1,1,0,mixed,1,1
multi_mixed_obstacles_r01_s10001,49.216,-0.695792,0.497501,0.047501,2,1.220276,14.307251,0,1,1,0,mixed,1,1
multi_mixed_obstacles_r01_s10001,49.248,-0.698736,0.497513,0.047513,2,1.222256,14.309444,0,1,1,0,mixed,1,1
multi_mixed_obstacles_r01_s10001,49.280,-0.701680,0.497529,0.047529,2,1.224241,14.311635,0,1,1,0,mixed,1,1
multi_mixed_obstacles_r01_s10001,49.312,-0.704624,0.497549,0.047549,2,1.226234,14.313824,0,1,1,0,mixed,1,1
multi_mixed_obstacles_r01_s10001,49.344,-0.707568,0.497566,0.047566,2,1.228228,14.316014,0,1,1,0,mixed,1,1
multi_mixed_obstacles_r01_s10001,49.376,-0.710511,0.497590,0.047590,2,1.230231,14.318200,0,1,1,0,mixed,1,1
multi_mixed_obstacles_r01_s10001,49.408,-0.713455,0.497623,0.047623,2,1.232245,14.320380,0,1,1,0,mixed,1,1
multi_mixed_obstacles_r01_s10001,49.440,-0.716399,0.497664,0.047664,2,1.234268,14.322556,0,1,1,0,mixed,1,1
multi_mixed_obstacles_r01_s10001,49.472,-0.719343,0.497711,0.047711,2,1.236299,14.324727,0,1,1,0,mixed,1,1
multi_mixed_obstacles_r01_s10001,49.504,-0.722286,0.497764,0.047764,2,1.238338,14.326895,0,1,1,0,mixed,1,1
multi_mixed_obstacles_r01_s10001,49.536,-0.725230,0.497820,0.047820,2,1.240383,14.329061,0,1,1,0,mixed,1,1
multi_mixed_obstacles_r01_s10001,49.568,-0.728173,0.497881,0.047881,2,1.242435,14.331224,0,1,1,0,mixed,1,1
multi_mixed_obstacles_r01_s10001,49.600,-0.731117,0.497943,0.047943,2,1.244492,14.333386,0,1,1,0,mixed,1,1
multi_mixed_obstacles_r01_s10001,49.632,-0.734060,0.498008,0.048008,2,1.246554,14.335546,0,1,1,0,mixed,1,1
multi_mixed_obstacles_r01_s10001,49.664,-0.737003,0.498071,0.048071,2,1.248618,14.337709,0,1,1,0,mixed,1,1
multi_mixed_obstacles_r01_s10001,49.696,-0.739946,0.498133,0.048133,2,1.250685,14.339872,0,1,1,0,mixed,1,1
multi_mixed_obstacles_r01_s10001,49.728,-0.742890,0.498193,0.048193,2,1.252754,14.342037,0,1,1,0,mixed,1,1
multi_mixed_obstacles_r01_s10001,49.760,-0.745833,0.498253,0.048253,2,1.254827,14.344202,0,1,1,0,mixed,1,1
multi_mixed_obstacles_r01_s10001,49.792,-0.748777,0.498311,0.048311,2,1.256902,14.346368,0,1,1,0,mixed,1,1
multi_mixed_obstacles_r01_s10001,49.824,-0.751720,0.498369,0.048372,2,1.258980,14.348536,0,1,1,0,mixed,1,1
multi_mixed_obstacles_r01_s10001,49.856,-0.754663,0.498426,0.048448,2,1.261061,14.350704,0,1,1,0,mixed,1,1
multi_mixed_obstacles_r01_s10001,49.888,-0.757607,0.498482,0.048540,2,1.263144,14.352872,0,1,1,0,mixed,1,1
multi_mixed_obstacles_r01_s10001,49.920,-0.760550,0.498538,0.048649,2,1.265231,14.355042,0,1,1,0,mixed,1,1
multi_mixed_obstacles_r01_s10001,49.952,-0.763494,0.498592,0.048775,2,1.267321,14.357212,0,1,1,0,mixed,1,1
multi_mixed_obstacles_r01_s10001,49.984,-0.766437,0.498647,0.048917,2,1.269413,14.359383,0,1,1,0,mixed,1,1
multi_mixed_obstacles_r01_s10001,50.016,-0.769381,0.498700,0.049076,2,1.271508,14.361555,0,1,1,0,mixed,1,1
multi_mixed_obstacles_r01_s10001,50.048,-0.772324,0.498753,0.049252,2,1.273607,14.363728,0,1,1,0,mixed,1,1
multi_mixed_obstacles_r01_s10001,50.080,-0.775268,0.498805,0.049444,2,1.275708,14.365901,0,1,1,0,mixed,1,1
multi_mixed_obstacles_r01_s10001,50.112,-0.778211,0.498856,0.049653,2,1.277812,14.368075,0,1,1,0,mixed,1,1
multi_mixed_obstacles_r01_s10001,50.144,-0.781155,0.498900,0.049872,2,1.279914,14.370254,0,1,1,0,mixed,1,1
multi_mixed_obstacles_r01_s10001,50.176,-0.784099,0.498937,0.050101,2,1.282015,14.372438,0,1,1,0,mixed,1,1
multi_mixed_obstacles_r01_s10001,50.208,-0.787043,0.498971,0.050344,2,1.284117,14.374625,0,1,1,0,mixed,1,1
multi_mixed_obstacles_r01_s10001,50.240,-0.789987,0.498999,0.050598,2,1.286217,14.376816,0,1,1,0,mixed,1,1
multi_mixed_obstacles_r01_s10001,50.272,-0.792931,0.499015,0.050859,2,1.288314,14.379015,0,1,1,0,mixed,1,1
multi_mixed_obstacles_r01_s10001,50.304,-0.795875,0.499023,0.051127,2,1.290407,14.381220,0,1,1,0,mixed,1,1
multi_mixed_obstacles_r01_s10001,50.336,-0.798819,0.499033,0.051415,2,1.292505,14.383423,0,1,1,0,mixed,1,1
multi_mixed_obstacles_r01_s10001,50.368,-0.801763,0.499035,0.051713,2,1.294601,14.385632,0,1,1,0,mixed,1,1
multi_mixed_obstacles_r01_s10001,50.400,-0.804707,0.499032,0.052022,2,1.296697,14.387845,0,1,1,0,mixed,1,1
multi_mixed_obstacles_r01_s10001,50.432,-0.807651,0.499023,0.052342,2,1.298792,14.390062,0,1,1,0,mixed,1,1
multi_mixed_obstacles_r01_s10001,50.464,-0.810595,0.499009,0.052674,2,1.300886,14.392283,0,1,1,0,mixed,1,1
multi_mixed_obstacles_r01_s10001,50.496,-0.813539,0.498986,0.053015,2,1.302978,14.394509,0,1,1,0,mixed,1,1
multi_mixed_obstacles_r01_s10001,50.528,-0.816483,0.498952,0.053361,2,1.305064,14.396744,0,1,1,0,mixed,1,1
multi_mixed_obstacles_r01_s10001,50.560,-0.819427,0.498903,0.053711,2,1.307145,14.398987,0,1,1,0,mixed,1,1
multi_mixed_obstacles_r01_s10001,50.592,-0.822370,0.498838,0.054060,2,1.309217,14.401242,0,1,1,0,mixed,1,1
multi_mixed_obstacles_r01_s10001,50.624,-0.825314,0.498753,0.054408,2,1.311278,14.403510,0,1,1,0,mixed,1,1
multi_mixed_obstacles_r01_s10001,50.656,-0.828256,0.498649,0.054752,2,1.313329,14.405791,0,1,1,0,mixed,1,1
multi_mixed_obstacles_r01_s10001,50.688,-0.831198,0.498520,0.055089,2,1.315366,14.408087,0,1,1,0,mixed,1,1
multi_mixed_obstacles_r01_s10001,50.720,-0.834139,0.498363,0.055416,2,1.317386,14.410402,0,1,1,0,mixed,1,1
multi_mixed_obstacles_r01_s10001,50.752,-0.837079,0.498175,0.055729,2,1.319387,14.412736,0,1,1,0,mixed,1,1
multi_mixed_obstacles_r01_s10001,50.784,-0.840016,0.497953,0.056024,2,1.321366,14.415091,0,1,1,0,mixed,1,1
multi_mixed_obstacles_r01_s10001,50.816,-0.842950,0.497693,0.056298,2,1.323321,14.417469,0,1,1,0,mixed,1,1
multi_mixed_obstacles_r01_s10001,50.848,-0.845881,0.497396,0.056553,2,1.325252,14.419869,0,1,1,0,mixed,1,1
multi_mixed_obstacles_r01_s10001,50.880,-0.848808,0.497058,0.056784,2,1.327156,14.422293,0,1,1,0,mixed,1,1
multi_mixed_obstacles_r01_s10001,50.912,-0.851730,0.496681,0.056992,2,1.329033,14.424739,0,1,1,0,mixed,1,1
multi_mixed_obstacles_r01_s10001,50.944,-0.854646,0.496263,0.057176,2,1.330882,14.427209,0,1,1,0,mixed,1,1
multi_mixed_obstacles_r01_s10001,50.976,-0.857555,0.495804,0.057336,2,1.332702,14.429700,0,1,1,0,mixed,1,1
multi_mixed_obstacles_r01_s10001,51.008,-0.860458,0.495307,0.057474,2,1.334496,14.432212,0,1,1,0,mixed,1,1
multi_mixed_obstacles_r01_s10001,51.040,-0.863354,0.494774,0.057593,2,1.336264,14.434743,0,1,1,0,mixed,1,1
multi_mixed_obstacles_r01_s10001,51.072,-0.866244,0.494205,0.057692,2,1.338007,14.437292,0,1,1,0,mixed,1,1
multi_mixed_obstacles_r01_s10001,51.104,-0.869125,0.493602,0.057774,2,1.339726,14.439858,0,1,1,0,mixed,1,1
multi_mixed_obstacles_r01_s10001,51.136,-0.872000,0.492967,0.057840,2,1.341423,14.442439,0,1,1,0,mixed,1,1
multi_mixed_obstacles_r01_s10001,51.168,-0.874868,0.492303,0.057892,2,1.343098,14.445036,0,1,1,0,mixed,1,1
multi_mixed_obstacles_r01_s10001,51.200,-0.877729,0.491610,0.057932,2,1.344754,14.447646,0,1,1,0,mixed,1,1
multi_mixed_obstacles_r01_s10001,51.232,-0.880584,0.490894,0.057966,2,1.346395,14.450266,0,1,1,0,mixed,1,1
multi_mixed_obstacles_r01_s10001,51.264,-0.883432,0.490156,0.057993,2,1.348019,14.452897,0,1,1,0,mixed,1,1
multi_mixed_obstacles_r01_s10001,51.296,-0.886278,0.489409,0.058029,2,1.349642,14.455532,0,1,1,0,mixed,1,1
multi_mixed_obstacles_r01_s10001,51.328,-0.889122,0.488650,0.058069,2,1.351258,14.458172,0,1,1,0,mixed,1,1
multi_mixed_obstacles_r01_s10001,51.360,-0.891961,0.487877,0.058111,2,1.352867,14.460820,0,1,1,0,mixed,1,1
multi_mixed_obstacles_r01_s10001,51.392,-0.894797,0.487089,0.058156,2,1.354467,14.463474,0,1,1,0,mixed,1,1
multi_mixed_obstacles_r01_s10001,51.424,-0.897630,0.486292,0.058207,2,1.356064,14.466132,0,1,1,0,mixed,1,1
multi_mixed_obstacles_r01_s10001,51.456,-0.900461,0.485487,0.058268,2,1.357659,14.468794,0,1,1,0,mixed,1,1
multi_mixed_obstacles_r01_s10001,51.488,-0.903289,0.484668,0.058331,2,1.359247,14.471463,0,1,1,0,mixed,1,1
multi_mixed_obstacles_r01_s10001,51.520,-0.906110,0.483824,0.058386,2,1.360817,14.474143,0,1,1,0,mixed,1,1
multi_mixed_obstacles_r01_s10001,51.552,-0.908923,0.482956,0.058432,2,1.362370,14.476834,0,1,1,0,mixed,1,1
multi_mixed_obstacles_r01_s10001,51.584,-0.911729,0.482062,0.058468,2,1.363905,14.479537,0,1,1,0,mixed,1,1
multi_mixed_obstacles_r01_s10001,51.616,-0.914526,0.481140,0.058492,2,1.365421,14.482250,0,1,1,0,mixed,1,1
multi_mixed_obstacles_r01_s10001,51.648,-0.917314,0.480192,0.058506,2,1.366917,14.484975,0,1,1,0,mixed,1,1
multi_mixed_obstacles_r01_s10001,51.680,-0.920092,0.479215,0.058506,2,1.368391,14.487711,0,1,1,0,mixed,1,1
multi_mixed_obstacles_r01_s10001,51.712,-0.922861,0.478210,0.058494,2,1.369845,14.490458,0,1,1,0,mixed,1,1
multi_mixed_obstacles_r01_s10001,51.744,-0.925619,0.477178,0.058469,2,1.371278,14.493215,0,1,1,0,mixed,1,1
multi_mixed_obstacles_r01_s10001,51.776,-0.928367,0.476121,0.058434,2,1.372692,14.495982,0,1,1,0,mixed,1,1
multi_mixed_obstacles_r01_s10001,51.808,-0.931105,0.475038,0.058390,2,1.374087,14.498757,0,1,1,0,mixed,1,1
multi_mixed_obstacles_r01_s10001,51.840,-0.933833,0.473930,0.058335,2,1.375462,14.501542,0,1,1,0,mixed,1,1
multi_mixed_obstacles_r01_s10001,51.872,-0.936552,0.472799,0.058272,2,1.376821,14.504335,0,1,1,0,mixed,1,1
multi_mixed_obstacles_r01_s10001,51.904,-0.939260,0.471645,0.058201,2,1.378162,14.507135,0,1,1,0,mixed,1,1
multi_mixed_obstacles_r01_s10001,51.936,-0.941959,0.470469,0.058124,2,1.379487,14.509942,0,1,1,0,mixed,1,1
multi_mixed_obstacles_r01_s10001,51.968,-0.944649,0.469272,0.058040,2,1.380796,14.512757,0,1,1,0,mixed,1,1
multi_mixed_obstacles_r01_s10001,52.000,-0.947330,0.468056,0.057952,2,1.382091,14.515577,0,1,1,0,mixed,1,1
multi_mixed_obstacles_r01_s10001,52.032,-0.950002,0.466822,0.057862,2,1.383373,14.518403,0,1,1,0,mixed,1,1
multi_mixed_obstacles_r01_s10001,52.064,-0.952667,0.465572,0.057771,2,1.384645,14.521234,0,1,1,0,mixed,1,1
multi_mixed_obstacles_r01_s10001,52.096,-0.955325,0.464307,0.057681,2,1.385907,14.524069,0,1,1,0,mixed,1,1
multi_mixed_obstacles_r01_s10001,52.128,-0.957976,0.463028,0.057591,2,1.387159,14.526909,0,1,1,0,mixed,1,1
multi_mixed_obstacles_r01_s10001,52.160,-0.960620,0.461735,0.057503,2,1.388402,14.529752,0,1,1,0,mixed,1,1
multi_mixed_obstacles_r01_s10001,52.192,-0.963260,0.460432,0.057423,2,1.389642,14.532598,0,1,1,0,mixed,1,1
multi_mixed_obstacles_r01_s10001,52.224,-0.965893,0.459118,0.057345,2,1.390874,14.535448,0,1,1,0,mixed,1,1
multi_mixed_obstacles_r01_s10001,52.256,-0.968525,0.457799,0.057280,2,1.392107,14.538299,0,1,1,0,mixed,1,1
multi_mixed_obstacles_r01_s10001,52.288,-0.971153,0.456472,0.057223,2,1.393337,14.541152,0,1,1,0,mixed,1,1
multi_mixed_obstacles_r01_s10001,52.320,-0.973777,0.455138,0.057175,2,1.394565,14.544008,0,1,1,0,mixed,1,1
multi_mixed_obstacles_r01_s10001,52.352,-0.976398,0.453798,0.057138,2,1.395792,14.546865,0,1,1,0,mixed,1,1
multi_mixed_obstacles_r01_s10001,52.384,-0.979016,0.452452,0.057110,2,1.397018,14.549724,0,1,1,0,mixed,1,1
multi_mixed_obstacles_r01_s10001,52.416,-0.981630,0.451099,0.057093,2,1.398242,14.552584,0,1,1,0,mixed,1,1
multi_mixed_obstacles_r01_s10001,52.448,-0.984239,0.449734,0.057078,2,1.399459,14.555448,0,1,1,0,mixed,1,1
multi_mixed_obstacles_r01_s10001,52.480,-0.986841,0.448357,0.057068,2,1.400669,14.558316,0,1,1,0,mixed,1,1
multi_mixed_obstacles_r01_s10001,52.512,-0.989437,0.446967,0.057060,2,1.401871,14.561186,0,1,1,0,mixed,1,1
multi_mixed_obstacles_r01_s10001,52.544,-0.992025,0.445565,0.057054,2,1.403065,14.564060,0,1,1,0,mixed,1,1
multi_mixed_obstacles_r01_s10001,52.576,-0.994606,0.444147,0.057049,2,1.404249,14.566938,0,1,1,0,mixed,1,1
multi_mixed_obstacles_r01_s10001,52.608,-0.997179,0.442716,0.057045,2,1.405423,14.569819,0,1,1,0,mixed,1,1
multi_mixed_obstacles_r01_s10001,52.640,-0.999743,0.441268,0.057039,2,1.406585,14.572704,0,1,1,0,mixed,1,1
multi_mixed_obstacles_r01_s10001,52.672,-1.002298,0.439805,0.057033,2,1.407736,14.575592,0,1,1,0,mixed,1,1
multi_mixed_obstacles_r01_s10001,52.704,-1.004844,0.438327,0.057027,2,1.408876,14.578484,0,1,1,0,mixed,1,1
multi_mixed_obstacles_r01_s10001,52.736,-1.007381,0.436831,0.057017,2,1.410003,14.581380,0,1,1,0,mixed,1,1
multi_mixed_obstacles_r01_s10001,52.768,-1.009907,0.435319,0.057005,2,1.411118,14.584278,0,1,1,0,mixed,1,1
multi_mixed_obstacles_r01_s10001,52.800,-1.012423,0.433790,0.056991,2,1.412220,14.587181,0,1,1,0,mixed,1,1
multi_mixed_obstacles_r01_s10001,52.832,-1.014930,0.432245,0.056975,2,1.413309,14.590086,0,1,1,0,mixed,1,1
multi_mixed_obstacles_r01_s10001,52.864,-1.017426,0.430684,0.056957,2,1.414386,14.592994,0,1,1,0,mixed,1,1
multi_mixed_obstacles_r01_s10001,52.896,-1.019912,0.429107,0.056937,2,1.415450,14.595906,0,1,1,0,mixed,1,1
multi_mixed_obstacles_r01_s10001,52.928,-1.022388,0.427513,0.056915,2,1.416503,14.598820,0,1,1,0,mixed,1,1
multi_mixed_obstacles_r01_s10001,52.960,-1.024854,0.425904,0.056891,2,1.417542,14.601736,0,1,1,0,mixed,1,1
multi_mixed_obstacles_r01_s10001,52.992,-1.027309,0.424279,0.056866,2,1.418569,14.604656,0,1,1,0,mixed,1,1
multi_mixed_obstacles_r01_s10001,53.024,-1.029753,0.422638,0.056838,2,1.419584,14.607577,0,1,1,0,mixed,1,1
multi_mixed_obstacles_r01_s10001,53.056,-1.032188,0.420984,0.056811,2,1.420589,14.610500,0,1,1,0,mixed,1,1
multi_mixed_obstacles_r01_s10001,53.088,-1.034613,0.419315,0.056784,2,1.421582,14.613426,0,1,1,0,mixed,1,1
multi_mixed_obstacles_r01_s10001,53.120,-1.037030,0.417635,0.056759,2,1.422567,14.616353,0,1,1,0,mixed,1,1
multi_mixed_obstacles_r01_s10001,53.152,-1.039441,0.415945,0.056741,2,1.423548,14.619281,0,1,1,0,mixed,1,1
multi_mixed_obstacles_r01_s10001,53.184,-1.041843,0.414244,0.056725,2,1.424520,14.622210,0,1,1,0,mixed,1,1
multi_mixed_obstacles_r01_s10001,53.216,-1.044242,0.412537,0.056720,2,1.425492,14.625140,0,1,1,0,mixed,1,1
multi_mixed_obstacles_r01_s10001,53.248,-1.046637,0.410826,0.056726,2,1.426463,14.628070,0,1,1,0,mixed,1,1
multi_mixed_obstacles_r01_s10001,53.280,-1.049026,0.409107,0.056740,2,1.427431,14.631002,0,1,1,0,mixed,1,1
multi_mixed_obstacles_r01_s10001,53.312,-1.051412,0.407383,0.056764,2,1.428398,14.633934,0,1,1,0,mixed,1,1
multi_mixed_obstacles_r01_s10001,53.344,-1.053795,0.405655,0.056801,2,1.429366,14.636866,0,1,1,0,mixed,1,1
multi_mixed_obstacles_r01_s10001,53.376,-1.056174,0.403920,0.056847,2,1.430333,14.639799,0,1,1,0,mixed,1,1
multi_mixed_obstacles_r01_s10001,53.408,-1.058545,0.402174,0.056896,2,1.431291,14.642734,0,1,1,0,mixed,1,1
multi_mixed_obstacles_r01_s10001,53.440,-1.060905,0.400414,0.056945,2,1.432239,14.645670,0,1,1,0,mixed,1,1
multi_mixed_obstacles_r01_s10001,53.472,-1.063255,0.398641,0.056995,2,1.433176,14.648608,0,1,1,0,mixed,1,1
multi_mixed_obstacles_r01_s10001,53.504,-1.065594,0.396853,0.057043,2,1.434101,14.651546,0,1,1,0,mixed,1,1
multi_mixed_obstacles_r01_s10001,53.536,-1.067921,0.395049,0.057087,2,1.435012,14.654486,0,1,1,0,mixed,1,1
multi_mixed_obstacles_r01_s10001,53.568,-1.070238,0.393231,0.057132,2,1.435913,14.657427,0,1,1,0,mixed,1,1
multi_mixed_obstacles_r01_s10001,53.600,-1.072542,0.391397,0.057174,2,1.436800,14.660369,0,1,1,0,mixed,1,1
multi_mixed_obstacles_r01_s10001,53.632,-1.074832,0.389547,0.057210,2,1.437671,14.663312,0,1,1,0,mixed,1,1
multi_mixed_obstacles_r01_s10001,53.664,-1.077109,0.387680,0.057243,2,1.438528,14.666255,0,1,1,0,mixed,1,1
multi_mixed_obstacles_r01_s10001,53.696,-1.079371,0.385795,0.057270,2,1.439368,14.669199,0,1,1,0,mixed,1,1
multi_mixed_obstacles_r01_s10001,53.728,-1.081619,0.383892,0.057291,2,1.440192,14.672144,0,1,1,0,mixed,1,1
multi_mixed_obstacles_r01_s10001,53.760,-1.083851,0.381973,0.057306,2,1.440999,14.675088,0,1,1,0,mixed,1,1
multi_mixed_obstacles_r01_s10001,53.792,-1.086069,0.380036,0.057316,2,1.441791,14.678032,0,1,1,0,mixed,1,1
multi_mixed_obstacles_r01_s10001,53.824,-1.088272,0.378083,0.057321,2,1.442566,14.680977,0,1,1,0,mixed,1,1
multi_mixed_obstacles_r01_s10001,53.856,-1.090460,0.376113,0.057320,2,1.443325,14.683920,0,1,1,0,mixed,1,1
multi_mixed_obstacles_r01_s10001,53.888,-1.092633,0.374126,0.057314,2,1.444068,14.686863,0,1,1,0,mixed,1,1
multi_mixed_obstacles_r01_s10001,53.920,-1.094791,0.372123,0.057303,2,1.444795,14.689806,0,1,1,0,mixed,1,1
multi_mixed_obstacles_r01_s10001,53.952,-1.096933,0.370104,0.057287,2,1.445506,14.692747,0,1,1,0,mixed,1,1
multi_mixed_obstacles_r01_s10001,53.984,-1.099063,0.368072,0.057269,2,1.446206,14.695688,0,1,1,0,mixed,1,1
multi_mixed_obstacles_r01_s10001,54.016,-1.101181,0.366027,0.057251,2,1.446893,14.698628,0,1,1,0,mixed,1,1
multi_mixed_obstacles_r01_s10001,54.048,-1.103285,0.363968,0.057230,2,1.447567,14.701566,0,1,1,0,mixed,1,1
multi_mixed_obstacles_r01_s10001,54.080,-1.105377,0.361898,0.057211,2,1.448231,14.704503,0,1,1,0,mixed,1,1
multi_mixed_obstacles_r01_s10001,54.112,-1.107459,0.359817,0.057193,2,1.448887,14.707440,0,1,1,0,mixed,1,1
multi_mixed_obstacles_r01_s10001,54.144,-1.109532,0.357727,0.057180,2,1.449535,14.710375,0,1,1,0,mixed,1,1
multi_mixed_obstacles_r01_s10001,54.176,-1.111597,0.355629,0.057173,2,1.450179,14.713310,0,1,1,0,mixed,1,1
multi_mixed_obstacles_r01_s10001,54.208,-1.113665,0.353534,0.057186,2,1.450832,14.716245,0,1,1,0,mixed,1,1
multi_mixed_obstacles_r01_s10001,54.240,-1.115723,0.351429,0.057204,2,1.451477,14.719179,0,1,1,0,mixed,1,1
multi_mixed_obstacles_r01_s10001,54.272,-1.117776,0.349320,0.057231,2,1.452121,14.722112,0,1,1,0,mixed,1,1
multi_mixed_obstacles_r01_s10001,54.304,-1.119824,0.347205,0.057268,2,1.452764,14.725044,0,1,1,0,mixed,1,1
multi_mixed_obstacles_r01_s10001,54.336,-1.121867,0.345086,0.057316,2,1.453406,14.727976,0,1,1,0,mixed,1,1
multi_mixed_obstacles_r01_s10001,54.368,-1.123901,0.342958,0.057368,2,1.454041,14.730908,0,1,1,0,mixed,1,1
multi_mixed_obstacles_r01_s10001,54.400,-1.125923,0.340817,0.057419,2,1.454665,14.733837,0,1,1,0,mixed,1,1
multi_mixed_obstacles_r01_s10001,54.432,-1.127929,0.338662,0.057467,2,1.455274,14.736765,0,1,1,0,mixed,1,1
multi_mixed_obstacles_r01_s10001,54.464,-1.129921,0.336494,0.057511,2,1.455869,14.739691,0,1,1,0,mixed,1,1
multi_mixed_obstacles_r01_s10001,54.496,-1.131896,0.334310,0.057551,2,1.456448,14.742614,0,1,1,0,mixed,1,1
multi_mixed_obstacles_r01_s10001,54.528,-1.133854,0.332110,0.057584,2,1.457010,14.745535,0,1,1,0,mixed,1,1
multi_mixed_obstacles_r01_s10001,54.560,-1.135794,0.329895,0.057610,2,1.457554,14.748452,0,1,1,0,mixed,1,1
multi_mixed_obstacles_r01_s10001,54.592,-1.137717,0.327666,0.057631,2,1.458082,14.751366,0,1,1,0,mixed,1,1
multi_mixed_obstacles_r01_s10001,54.624,-1.139623,0.325421,0.057647,2,1.458593,14.754277,0,1,1,0,mixed,1,1
multi_mixed_obstacles_r01_s10001,54.656,-1.141510,0.323160,0.057654,2,1.459086,14.757184,0,1,1,0,mixed,1,1
multi_mixed_obstacles_r01_s10001,54.688,-1.143378,0.320884,0.057654,2,1.459560,14.760087,0,1,1,0,mixed,1,1
multi_mixed_obstacles_r01_s10001,54.720,-1.145227,0.318592,0.057647,2,1.460016,14.762985,0,1,1,0,mixed,1,1
multi_mixed_obstacles_r01_s10001,54.752,-1.147057,0.316286,0.057633,2,1.460453,14.765879,0,1,1,0,mixed,1,1
multi_mixed_obstacles_r01_s10001,54.784,-1.148868,0.313965,0.057611,2,1.460873,14.768769,0,1,1,0,mixed,1,1
multi_mixed_obstacles_r01_s10001,54.816,-1.150660,0.311629,0.057583,2,1.461275,14.771654,0,1,1,0,mixed,1,1
multi_mixed_obstacles_r01_s10001,54.848,-1.152434,0.309280,0.057550,2,1.461661,14.774534,0,1,1,0,mixed,1,1
multi_mixed_obstacles_r01_s10001,54.880,-1.154191,0.306917,0.057512,2,1.462030,14.777409,0,1,1,0,mixed,1,1
multi_mixed_obstacles_r01_s10001,54.912,-1.155931,0.304543,0.057471,2,1.462386,14.780280,0,1,1,0,mixed,1,1
multi_mixed_obstacles_r01_s10001,54.944,-1.157655,0.302157,0.057427,2,1.462727,14.783146,0,1,1,0,mixed,1,1
multi_mixed_obstacles_r01_s10001,54.976,-1.159362,0.299760,0.057379,2,1.463054,14.786008,0,1,1,0,mixed,1,1
multi_mixed_obstacles_r01_s10001,55.008,-1.161054,0.297351,0.057330,2,1.463368,14.788865,0,1,1,0,mixed,1,1
multi_mixed_obstacles_r01_s10001,55.040,-1.162733,0.294934,0.057282,2,1.463672,14.791718,0,1,1,0,mixed,1,1
multi_mixed_obstacles_r01_s10001,55.072,-1.164402,0.292509,0.057238,2,1.463970,14.794568,0,1,1,0,mixed,1,1
multi_mixed_obstacles_r01_s10001,55.104,-1.166059,0.290077,0.057198,2,1.464259,14.797415,0,1,1,0,mixed,1,1
multi_mixed_obstacles_r01_s10001,55.136,-1.167707,0.287638,0.057164,2,1.464544,14.800259,0,1,1,0,mixed,1,1
multi_mixed_obstacles_r01_s10001,55.168,-1.169359,0.285201,0.057151,2,1.464838,14.803105,0,1,1,0,mixed,1,1
multi_mixed_obstacles_r01_s10001,55.200,-1.171000,0.282757,0.057141,2,1.465125,14.805946,0,1,1,0,mixed,1,1
multi_mixed_obstacles_r01_s10001,55.232,-1.172633,0.280309,0.057141,2,1.465410,14.808786,0,1,1,0,mixed,1,1
multi_mixed_obstacles_r01_s10001,55.264,-1.174262,0.277857,0.057151,3,1.465694,14.811624,0,1,1,0,mixed,1,1
multi_mixed_obstacles_r01_s10001,55.296,-1.175884,0.275401,0.057171,3,1.465977,14.814460,0,1,1,0,mixed,1,1
multi_mixed_obstacles_r01_s10001,55.328,-1.177497,0.272938,0.057196,3,1.466254,14.817293,0,1,1,0,mixed,1,1
multi_mixed_obstacles_r01_s10001,55.360,-1.179096,0.270466,0.057223,3,1.466521,14.820122,0,1,1,0,mixed,1,1
multi_mixed_obstacles_r01_s10001,55.392,-1.180681,0.267985,0.057249,3,1.466777,14.822947,0,1,1,0,mixed,1,1
multi_mixed_obstacles_r01_s10001,55.424,-1.182250,0.265494,0.057274,3,1.467020,14.825766,0,1,1,0,mixed,1,1
multi_mixed_obstacles_r01_s10001,55.456,-1.183803,0.262992,0.057296,3,1.467249,14.828580,0,1,1,0,mixed,1,1
multi_mixed_obstacles_r01_s10001,55.488,-1.185338,0.260479,0.057315,3,1.467464,14.831387,0,1,1,0,mixed,1,1
multi_mixed_obstacles_r01_s10001,55.520,-1.186854,0.257955,0.057329,3,1.467662,14.834189,0,1,1,0,mixed,1,1
multi_mixed_obstacles_r01_s10001,55.552,-1.188355,0.255422,0.057341,3,1.467848,14.836984,0,1,1,0,mixed,1,1
multi_mixed_obstacles_r01_s10001,55.584,-1.189836,0.252877,0.057349,3,1.468018,14.839772,0,1,1,0,mixed,1,1
multi_mixed_obstacles_r01_s10001,55.616,-1.191299,0.250322,0.057352,3,1.468173,14.842554,0,1,1,0,mixed,1,1
multi_mixed_obstacles_r01_s10001,55.648,-1.192744,0.247756,0.057352,3,1.468312,14.845328,0,1,1,0,mixed,1,1
multi_mixed_obstacles_r01_s10001,55.680,-1.194169,0.245180,0.057345,3,1.468434,14.848095,0,1,1,0,mixed,1,1
multi_mixed_obstacles_r01_s10001,55.712,-1.195573,0.242592,0.057333,3,1.468540,14.850854,0,1,1,0,mixed,1,1
multi_mixed_obstacles_r01_s10001,55.744,-1.196958,0.239994,0.057315,3,1.468629,14.853605,0,1,1,0,mixed,1,1
multi_mixed_obstacles_r01_s10001,55.776,-1.198323,0.237385,0.057292,3,1.468701,14.856348,0,1,1,0,mixed,1,1
multi_mixed_obstacles_r01_s10001,55.808,-1.199669,0.234767,0.057265,3,1.468759,14.859083,0,1,1,0,mixed,1,1
multi_mixed_obstacles_r01_s10001,55.840,-1.200997,0.232140,0.057236,3,1.468802,14.861811,0,1,1,0,mixed,1,1
multi_mixed_obstacles_r01_s10001,55.872,-1.202307,0.229504,0.057202,3,1.468830,14.864531,0,1,1,0,mixed,1,1
multi_mixed_obstacles_r01_s10001,55.904,-1.203600,0.226860,0.057167,3,1.468846,14.867243,0,1,1,0,mixed,1,1
multi_mixed_obstacles_r01_s10001,55.936,-1.204876,0.224207,0.057131,3,1.468849,14.869949,0,1,1,0,mixed,1,1
multi_mixed_obstacles_r01_s10001,55.968,-1.206135,0.221547,0.057092,3,1.468838,14.872647,0,1,1,0,mixed,1,1
multi_mixed_obstacles_r01_s10001,56.000,-1.207379,0.218880,0.057054,3,1.468817,14.875337,0,1,1,0,mixed,1,1
multi_mixed_obstacles_r01_s10001,56.032,-1.208612,0.216207,0.057021,3,1.468790,14.878023,0,1,1,0,mixed,1,1
multi_mixed_obstacles_r01_s10001,56.064,-1.209832,0.213528,0.056991,3,1.468754,14.880704,0,1,1,0,mixed,1,1
multi_mixed_obstacles_r01_s10001,56.096,-1.211039,0.210844,0.056964,3,1.468711,14.883379,0,1,1,0,mixed,1,1
multi_mixed_obstacles_r01_s10001,56.128,-1.212251,0.208161,0.056959,3,1.468678,14.886057,0,1,1,0,mixed,1,1
multi_mixed_obstacles_r01_s10001,56.160,-1.213451,0.205473,0.056957,3,1.468638,14.888729,0,1,1,0,mixed,1,1
multi_mixed_obstacles_r01_s10001,56.192,-1.214641,0.202781,0.056963,3,1.468593,14.891396,0,1,1,0,mixed,1,1
multi_mixed_obstacles_r01_s10001,56.224,-1.215823,0.200085,0.056977,3,1.468546,14.894060,0,1,1,0,mixed,1,1
multi_mixed_obstacles_r01_s10001,56.256,-1.216997,0.197386,0.056998,3,1.468495,14.896720,0,1,1,0,mixed,1,1
multi_mixed_obstacles_r01_s10001,56.288,-1.218158,0.194681,0.057024,3,1.468437,14.899374,0,1,1,0,mixed,1,1
multi_mixed_obstacles_r01_s10001,56.320,-1.219304,0.191969,0.057048,3,1.468367,14.902022,0,1,1,0,mixed,1,1
multi_mixed_obstacles_r01_s10001,56.352,-1.220432,0.189250,0.057072,3,1.468284,14.904661,0,1,1,0,mixed,1,1
multi_mixed_obstacles_r01_s10001,56.384,-1.221543,0.186523,0.057094,3,1.468189,14.907292,0,1,1,0,mixed,1,1
multi_mixed_obstacles_r01_s10001,56.416,-1.222636,0.183789,0.057113,3,1.468080,14.909915,0,1,1,0,mixed,1,1
multi_mixed_obstacles_r01_s10001,56.448,-1.223711,0.181048,0.057129,3,1.467956,14.912528,0,1,1,0,mixed,1,1
multi_mixed_obstacles_r01_s10001,56.480,-1.224764,0.178299,0.057141,3,1.467817,14.915132,0,1,1,0,mixed,1,1
multi_mixed_obstacles_r01_s10001,56.512,-1.225799,0.175542,0.057148,3,1.467662,14.917726,0,1,1,0,mixed,1,1
multi_mixed_obstacles_r01_s10001,56.544,-1.226810,0.172777,0.057149,3,1.467490,14.920308,0,1,1,0,mixed,1,1
multi_mixed_obstacles_r01_s10001,56.576,-1.227801,0.170004,0.057144,3,1.467301,14.922880,0,1,1,0,mixed,1,1
multi_mixed_obstacles_r01_s10001,56.608,-1.228770,0.167224,0.057133,3,1.467095,14.925440,0,1,1,0,mixed,1,1
multi_mixed_obstacles_r01_s10001,56.640,-1.229719,0.164437,0.057120,3,1.466874,14.927990,0,1,1,0,mixed,1,1
multi_mixed_obstacles_r01_s10001,56.672,-1.230649,0.161644,0.057102,3,1.466639,14.930530,0,1,1,0,mixed,1,1
multi_mixed_obstacles_r01_s10001,56.704,-1.231559,0.158844,0.057081,3,1.466389,14.933060,0,1,1,0,mixed,1,1
multi_mixed_obstacles_r01_s10001,56.736,-1.232450,0.156039,0.057056,3,1.466124,14.935578,0,1,1,0,mixed,1,1
multi_mixed_obstacles_r01_s10001,56.768,-1.233320,0.153227,0.057027,3,1.465844,14.938086,0,1,1,0,mixed,1,1
multi_mixed_obstacles_r01_s10001,56.800,-1.234172,0.150410,0.056997,3,1.465552,14.940584,0,1,1,0,mixed,1,1
multi_mixed_obstacles_r01_s10001,56.832,-1.235007,0.147587,0.056965,3,1.465247,14.943072,0,1,1,0,mixed,1,1
multi_mixed_obstacles_r01_s10001,56.864,-1.235823,0.144760,0.056931,3,1.464928,14.945550,0,1,1,0,mixed,1,1
multi_mixed_obstacles_r01_s10001,56.896,-1.236623,0.141928,0.056898,3,1.464599,14.948019,0,1,1,0,mixed,1,1
multi_mixed_obstacles_r01_s10001,56.928,-1.237408,0.139092,0.056866,3,1.464261,14.950480,0,1,1,0,mixed,1,1
multi_mixed_obstacles_r01_s10001,56.960,-1.238181,0.136252,0.056839,3,1.463915,14.952934,0,1,1,0,mixed,1,1
multi_mixed_obstacles_r01_s10001,56.992,-1.238943,0.133410,0.056817,3,1.463564,14.955382,0,1,1,0,mixed,1,1
multi_mixed_obstacles_r01_s10001,57.024,-1.239690,0.130563,0.056797,3,1.463204,14.957821,0,1,1,0,mixed,1,1
multi_mixed_obstacles_r01_s10001,57.056,-1.240427,0.127713,0.056783,3,1.462839,14.960255,0,1,1,0,mixed,1,1
multi_mixed_obstacles_r01_s10001,57.088,-1.241168,0.124864,0.056790,3,1.462483,14.962692,0,1,1,0,mixed,1,1
multi_mixed_obstacles_r01_s10001,57.120,-1.241895,0.122012,0.056801,3,1.462120,14.965120,0,1,1,0,mixed,1,1
multi_mixed_obstacles_r01_s10001,57.152,-1.242613,0.119159,0.056820,3,1.461754,14.967544,0,1,1,0,mixed,1,1
multi_mixed_obstacles_r01_s10001,57.184,-1.243326,0.116303,0.056850,3,1.461387,14.969965,0,1,1,0,mixed,1,1
multi_mixed_obstacles_r01_s10001,57.216,-1.244031,0.113445,0.056889,3,1.461019,14.972381,0,1,1,0,mixed,1,1
multi_mixed_obstacles_r01_s10001,57.248,-1.244724,0.110584,0.056933,3,1.460644,14.974791,0,1,1,0,mixed,1,1
multi_mixed_obstacles_r01_s10001,57.280,-1.245402,0.107720,0.056978,3,1.460259,14.977192,0,1,1,0,mixed,1,1
multi_mixed_obstacles_r01_s10001,57.312,-1.246064,0.104851,0.057024,3,1.459864,14.979584,0,1,1,0,mixed,1,1
multi_mixed_obstacles_r01_s10001,57.344,-1.246709,0.101978,0.057070,3,1.459458,14.981966,0,1,1,0,mixed,1,1
multi_mixed_obstacles_r01_s10001,57.376,-1.247337,0.099101,0.057114,3,1.459039,14.984338,0,1,1,0,mixed,1,1
multi_mixed_obstacles_r01_s10001,57.408,-1.247944,0.096220,0.057155,3,1.458605,14.986697,0,1,1,0,mixed,1,1
multi_mixed_obstacles_r01_s10001,57.440,-1.248532,0.093335,0.057194,3,1.458158,14.989045,0,1,1,0,mixed,1,1
multi_mixed_obstacles_r01_s10001,57.472,-1.249098,0.090445,0.057227,3,1.457695,14.991380,0,1,1,0,mixed,1,1
multi_mixed_obstacles_r01_s10001,57.504,-1.249644,0.087552,0.057257,3,1.457217,14.993703,0,1,1,0,mixed,1,1
multi_mixed_obstacles_r01_s10001,57.536,-1.250166,0.084654,0.057280,3,1.456722,14.996010,0,1,1,0,mixed,1,1
multi_mixed_obstacles_r01_s10001,57.568,-1.250668,0.081753,0.057299,3,1.456212,14.998305,0,1,1,0,mixed,1,1
multi_mixed_obstacles_r01_s10001,57.600,-1.251147,0.078848,0.057312,3,1.455684,15.000586,0,1,1,0,mixed,1,1
multi_mixed_obstacles_r01_s10001,57.632,-1.251604,0.075939,0.057320,3,1.455141,15.002852,0,1,1,0,mixed,1,1
multi_mixed_obstacles_r01_s10001,57.664,-1.252038,0.073027,0.057322,3,1.454580,15.005104,0,1,1,0,mixed,1,1
multi_mixed_obstacles_r01_s10001,57.696,-1.252450,0.070113,0.057318,3,1.454004,15.007341,0,1,1,0,mixed,1,1
multi_mixed_obstacles_r01_s10001,57.728,-1.252839,0.067195,0.057309,3,1.453410,15.009563,0,1,1,0,mixed,1,1
multi_mixed_obstacles_r01_s10001,57.760,-1.253208,0.064276,0.057296,3,1.452803,15.011772,0,1,1,0,mixed,1,1
multi_mixed_obstacles_r01_s10001,57.792,-1.253559,0.061354,0.057283,3,1.452184,15.013969,0,1,1,0,mixed,1,1
multi_mixed_obstacles_r01_s10001,57.824,-1.253891,0.058430,0.057267,3,1.451552,15.016153,0,1,1,0,mixed,1,1
multi_mixed_obstacles_r01_s10001,57.856,-1.254206,0.055505,0.057251,3,1.450909,15.018327,0,1,1,0,mixed,1,1
multi_mixed_obstacles_r01_s10001,57.888,-1.254503,0.052578,0.057236,3,1.450254,15.020488,0,1,1,0,mixed,1,1
multi_mixed_obstacles_r01_s10001,57.920,-1.254786,0.049649,0.057222,3,1.449591,15.022640,0,1,1,0,mixed,1,1
multi_mixed_obstacles_r01_s10001,57.952,-1.255054,0.046719,0.057210,3,1.448918,15.024781,0,1,1,0,mixed,1,1
multi_mixed_obstacles_r01_s10001,57.984,-1.255305,0.043786,0.057199,3,1.448235,15.026913,0,1,1,0,mixed,1,1
multi_mixed_obstacles_r01_s10001,58.016,-1.255546,0.040852,0.057194,3,1.447548,15.029037,0,1,1,0,mixed,1,1
multi_mixed_obstacles_r01_s10001,58.048,-1.255791,0.037918,0.057211,3,1.446870,15.031165,0,1,1,0,mixed,1,1
multi_mixed_obstacles_r01_s10001,58.080,-1.256025,0.034984,0.057233,3,1.446187,15.033285,0,1,1,0,mixed,1,1
multi_mixed_obstacles_r01_s10001,58.112,-1.256250,0.032049,0.057264,3,1.445500,15.035399,0,1,1,0,mixed,1,1
multi_mixed_obstacles_r01_s10001,58.144,-1.256469,0.029113,0.057305,3,1.444814,15.037509,0,1,1,0,mixed,1,1
multi_mixed_obstacles_r01_s10001,58.176,-1.256682,0.026177,0.057358,3,1.444128,15.039616,0,1,1,0,mixed,1,1
multi_mixed_obstacles_r01_s10001,58.208,-1.256888,0.023240,0.057420,3,1.443439,15.041718,0,1,1,0,mixed,1,1
multi_mixed_obstacles_r01_s10001,58.240,-1.257074,0.020302,0.057481,3,1.442738,15.043806,0,1,1,0,mixed,1,1
multi_mixed_obstacles_r01_s10001,58.272,-1.257242,0.017362,0.057539,3,1.442024,15.045882,0,1,1,0,mixed,1,1
multi_mixed_obstacles_r01_s10001,58.304,-1.257389,0.014421,0.057593,3,1.441295,15.047943,0,1,1,0,mixed,1,1
multi_mixed_obstacles_r01_s10001,58.336,-1.257513,0.011479,0.057643,3,1.440551,15.049988,0,1,1,0,mixed,1,1
multi_mixed_obstacles_r01_s10001,58.368,-1.257616,0.008536,0.057688,3,1.439791,15.052019,0,1,1,0,mixed,1,1
multi_mixed_obstacles_r01_s10001,58.400,-1.257698,0.005593,0.057728,3,1.439016,15.054034,0,1,1,0,mixed,1,1
multi_mixed_obstacles_r01_s10001,58.432,-1.257755,0.002649,0.057762,3,1.438224,15.056032,0,1,1,0,mixed,1,1
multi_mixed_obstacles_r01_s10001,58.464,-1.257790,-0.000296,0.057790,3,1.437415,15.058013,0,1,1,0,mixed,1,1
multi_mixed_obstacles_r01_s10001,58.496,-1.257799,-0.003241,0.057810,3,1.436588,15.059976,0,1,1,0,mixed,1,1
multi_mixed_obstacles_r01_s10001,58.528,-1.257782,-0.006185,0.057819,3,1.435740,15.061919,0,1,1,0,mixed,1,1
multi_mixed_obstacles_r01_s10001,58.560,-1.257740,-0.009129,0.057822,3,1.434875,15.063844,0,1,1,0,mixed,1,1
multi_mixed_obstacles_r01_s10001,58.592,-1.257675,-0.012073,0.057818,3,1.433992,15.065751,0,1,1,0,mixed,1,1
multi_mixed_obstacles_r01_s10001,58.624,-1.257585,-0.015016,0.057807,3,1.433092,15.067640,0,1,1,0,mixed,1,1
multi_mixed_obstacles_r01_s10001,58.656,-1.257471,-0.017959,0.057788,3,1.432174,15.069510,0,1,1,0,mixed,1,1
multi_mixed_obstacles_r01_s10001,58.688,-1.257332,-0.020900,0.057762,3,1.431238,15.071362,0,1,1,0,mixed,1,1
multi_mixed_obstacles_r01_s10001,58.720,-1.257172,-0.023839,0.057732,3,1.430288,15.073197,0,1,1,0,mixed,1,1
multi_mixed_obstacles_r01_s10001,58.752,-1.256990,-0.026778,0.057696,3,1.429321,15.075015,0,1,1,0,mixed,1,1
multi_mixed_obstacles_r01_s10001,58.784,-1.256787,-0.029715,0.057658,3,1.428342,15.076818,0,1,1,0,mixed,1,1
multi_mixed_obstacles_r01_s10001,58.816,-1.256564,-0.032651,0.057615,3,1.427348,15.078604,0,1,1,0,mixed,1,1
multi_mixed_obstacles_r01_s10001,58.848,-1.256323,-0.035585,0.057572,3,1.426342,15.080377,0,1,1,0,mixed,1,1
multi_mixed_obstacles_r01_s10001,58.880,-1.256063,-0.038517,0.057527,3,1.425324,15.082134,0,1,1,0,mixed,1,1
multi_mixed_obstacles_r01_s10001,58.912,-1.255789,-0.041448,0.057484,3,1.424298,15.083881,0,1,1,0,mixed,1,1
multi_mixed_obstacles_r01_s10001,58.944,-1.255500,-0.044377,0.057444,3,1.423263,15.085615,0,1,1,0,mixed,1,1
multi_mixed_obstacles_r01_s10001,58.976,-1.255197,-0.047305,0.057407,3,1.422222,15.087339,0,1,1,0,mixed,1,1
multi_mixed_obstacles_r01_s10001,59.008,-1.254899,-0.050234,0.057392,3,1.421189,15.089067,0,1,1,0,mixed,1,1
multi_mixed_obstacles_r01_s10001,59.040,-1.254588,-0.053161,0.057381,3,1.420150,15.090785,0,1,1,0,mixed,1,1
multi_mixed_obstacles_r01_s10001,59.072,-1.254266,-0.056087,0.057376,3,1.419106,15.092495,0,1,1,0,mixed,1,1
multi_mixed_obstacles_r01_s10001,59.104,-1.253937,-0.059013,0.057380,3,1.418060,15.094198,0,1,1,0,mixed,1,1
multi_mixed_obstacles_r01_s10001,59.136,-1.253600,-0.061937,0.057395,3,1.417013,15.095897,0,1,1,0,mixed,1,1
multi_mixed_obstacles_r01_s10001,59.168,-1.253254,-0.064861,0.057416,3,1.415962,15.097587,0,1,1,0,mixed,1,1
multi_mixed_obstacles_r01_s10001,59.200,-1.252887,-0.067782,0.057434,3,1.414896,15.099261,0,1,1,0,mixed,1,1
multi_mixed_obstacles_r01_s10001,59.232,-1.252501,-0.070701,0.057451,3,1.413819,15.100921,0,1,1,0,mixed,1,1
multi_mixed_obstacles_r01_s10001,59.264,-1.252098,-0.073618,0.057466,3,1.412730,15.102565,0,1,1,0,mixed,1,1
multi_mixed_obstacles_r01_s10001,59.296,-1.251672,-0.076531,0.057476,3,1.411625,15.104191,0,1,1,0,mixed,1,1
multi_mixed_obstacles_r01_s10001,59.328,-1.251224,-0.079442,0.057481,3,1.410505,15.105800,0,1,1,0,mixed,1,1
multi_mixed_obstacles_r01_s10001,59.360,-1.250756,-0.082349,0.057482,3,1.409371,15.107391,0,1,1,0,mixed,1,1
multi_mixed_obstacles_r01_s10001,59.392,-1.250264,-0.085252,0.057476,3,1.408220,15.108962,0,1,1,0,mixed,1,1
multi_mixed_obstacles_r01_s10001,59.424,-1.249749,-0.088151,0.057464,3,1.407053,15.110514,0,1,1,0,mixed,1,1
multi_mixed_obstacles_r01_s10001,59.456,-1.249211,-0.091046,0.057446,3,1.405870,15.112047,0,1,1,0,mixed,1,1
multi_mixed_obstacles_r01_s10001,59.488,-1.248649,-0.093937,0.057420,3,1.404669,15.113559,0,1,1,0,mixed,1,1
multi_mixed_obstacles_r01_s10001,59.520,-1.248063,-0.096823,0.057387,3,1.403451,15.115050,0,1,1,0,mixed,1,1
multi_mixed_obstacles_r01_s10001,59.552,-1.247453,-0.099703,0.057346,3,1.402216,15.116521,0,1,1,0,mixed,1,1
multi_mixed_obstacles_r01_s10001,59.584,-1.246821,-0.102579,0.057300,3,1.400967,15.117972,0,1,1,0,mixed,1,1
multi_mixed_obstacles_r01_s10001,59.616,-1.246168,-0.105450,0.057249,3,1.399702,15.119405,0,1,1,0,mixed,1,1
multi_mixed_obstacles_r01_s10001,59.648,-1.245494,-0.108316,0.057195,3,1.398424,15.120820,0,1,1,0,mixed,1,1
multi_mixed_obstacles_r01_s10001,59.680,-1.244801,-0.111177,0.057138,3,1.397132,15.122217,0,1,1,0,mixed,1,1
multi_mixed_obstacles_r01_s10001,59.712,-1.244088,-0.114033,0.057076,3,1.395827,15.123597,0,1,1,0,mixed,1,1
multi_mixed_obstacles_r01_s10001,59.744,-1.243357,-0.116885,0.057014,3,1.394510,15.124961,0,1,1,0,mixed,1,1
multi_mixed_obstacles_r01_s10001,59.776,-1.242607,-0.119732,0.056949,3,1.393181,15.126308,0,1,1,0,mixed,1,1
multi_mixed_obstacles_r01_s10001,59.808,-1.241839,-0.122574,0.056883,3,1.391841,15.127639,0,1,1,0,mixed,1,1
multi_mixed_obstacles_r01_s10001,59.840,-1.241056,-0.125412,0.056817,3,1.390490,15.128955,0,1,1,0,mixed,1,1
multi_mixed_obstacles_r01_s10001,59.872,-1.240259,-0.128246,0.056756,3,1.389133,15.130261,0,1,1,0,mixed,1,1
multi_mixed_obstacles_r01_s10001,59.904,-1.239448,-0.131075,0.056695,3,1.387767,15.131552,0,1,1,0,mixed,1,1
multi_mixed_obstacles_r01_s10001,59.936,-1.238621,-0.133902,0.056636,3,1.386391,15.132831,0,1,1,0,mixed,1,1
multi_mixed_obstacles_r01_s10001,59.968,-1.237799,-0.136729,0.056599,3,1.385026,15.134114,0,1,1,0,mixed,1,1
multi_mixed_obstacles_r01_s10001,60.000,-1.236965,-0.139552,0.056566,3,1.383653,15.135385,0,1,1,0,mixed,1,1
multi_mixed_obstacles_r01_s10001,60.032,-1.236122,-0.142372,0.056542,3,1.382278,15.136650,0,1,1,0,mixed,1,1
multi_mixed_obstacles_r01_s10001,60.064,-1.235271,-0.145191,0.056526,3,1.380900,15.137907,0,1,1,0,mixed,1,1
multi_mixed_obstacles_r01_s10001,60.096,-1.234409,-0.148005,0.056515,3,1.379516,15.139153,0,1,1,0,mixed,1,1
multi_mixed_obstacles_r01_s10001,60.128,-1.233532,-0.150816,0.056506,3,1.378124,15.140386,0,1,1,0,mixed,1,1
multi_mixed_obstacles_r01_s10001,60.160,-1.232638,-0.153621,0.056497,3,1.376721,15.141605,0,1,1,0,mixed,1,1
multi_mixed_obstacles_r01_s10001,60.192,-1.231727,-0.156421,0.056486,3,1.375307,15.142806,0,1,1,0,mixed,1,1
multi_mixed_obstacles_r01_s10001,60.224,-1.230798,-0.159215,0.056474,3,1.373881,15.143991,0,1,1,0,mixed,1,1
multi_mixed_obstacles_r01_s10001,60.256,-1.229855,-0.162004,0.056464,3,1.372447,15.145163,0,1,1,0,mixed,1,1
multi_mixed_obstacles_r01_s10001,60.288,-1.228896,-0.164788,0.056454,3,1.371003,15.146320,0,1,1,0,mixed,1,1
multi_mixed_obstacles_r01_s10001,60.320,-1.227919,-0.167565,0.056443,3,1.369548,15.147460,0,1,1,0,mixed,1,1
multi_mixed_obstacles_r01_s10001,60.352,-1.226926,-0.170337,0.056432,3,1.368082,15.148585,0,1,1,0,mixed,1,1
multi_mixed_obstacles_r01_s10001,60.384,-1.225916,-0.173103,0.056419,3,1.366605,15.149693,0,1,1,0,mixed,1,1
multi_mixed_obstacles_r01_s10001,60.416,-1.224889,-0.175862,0.056406,3,1.365118,15.150786,0,1,1,0,mixed,1,1
multi_mixed_obstacles_r01_s10001,60.448,-1.223846,-0.178615,0.056392,3,1.363620,15.151862,0,1,1,0,mixed,1,1
multi_mixed_obstacles_r01_s10001,60.480,-1.222784,-0.181361,0.056376,3,1.362110,15.152920,0,1,1,0,mixed,1,1
multi_mixed_obstacles_r01_s10001,60.512,-1.221703,-0.184100,0.056357,3,1.360588,15.153961,0,1,1,0,mixed,1,1
multi_mixed_obstacles_r01_s10001,60.544,-1.220605,-0.186832,0.056335,3,1.359053,15.154984,0,1,1,0,mixed,1,1
multi_mixed_obstacles_r01_s10001,60.576,-1.219491,-0.189557,0.056314,3,1.357509,15.155991,0,1,1,0,mixed,1,1
multi_mixed_obstacles_r01_s10001,60.608,-1.218363,-0.192277,0.056295,3,1.355957,15.156985,0,1,1,0,mixed,1,1
multi_mixed_obstacles_r01_s10001,60.640,-1.217221,-0.194990,0.056277,3,1.354396,15.157964,0,1,1,0,mixed,1,1
multi_mixed_obstacles_r01_s10001,60.672,-1.216064,-0.197697,0.056260,3,1.352826,15.158929,0,1,1,0,mixed,1,1
multi_mixed_obstacles_r01_s10001,60.704,-1.214892,-0.200398,0.056245,3,1.351248,15.159879,0,1,1,0,mixed,1,1
multi_mixed_obstacles_r01_s10001,60.736,-1.213706,-0.203092,0.056231,3,1.349660,15.160815,0,1,1,0,mixed,1,1
multi_mixed_obstacles_r01_s10001,60.768,-1.212505,-0.205780,0.056218,3,1.348064,15.161736,0,1,1,0,mixed,1,1
multi_mixed_obstacles_r01_s10001,60.800,-1.211292,-0.208463,0.056209,3,1.346461,15.162645,0,1,1,0,mixed,1,1
multi_mixed_obstacles_r01_s10001,60.832,-1.210069,-0.211140,0.056205,3,1.344852,15.163543,0,1,1,0,mixed,1,1
multi_mixed_obstacles_r01_s10001,60.864,-1.208834,-0.213813,0.056206,3,1.343238,15.164429,0,1,1,0,mixed,1,1
multi_mixed_obstacles_r01_s10001,60.896,-1.207585,-0.216479,0.056209,3,1.341616,15.165303,0,1,1,0,mixed,1,1
multi_mixed_obstacles_r01_s10001,60.928,-1.206341,-0.219147,0.056234,3,1.340002,15.166181,0,1,1,0,mixed,1,1
multi_mixed_obstacles_r01_s10001,60.960,-1.205086,-0.221810,0.056264,3,1.338383,15.167048,0,1,1,0,mixed,1,1
multi_mixed_obstacles_r01_s10001,60.992,-1.203823,-0.224469,0.056302,3,1.336761,15.167908,0,1,1,0,mixed,1,1
multi_mixed_obstacles_r01_s10001,61.024,-1.202554,-0.227126,0.056351,3,1.335137,15.168761,0,1,1,0,mixed,1,1
multi_mixed_obstacles_r01_s10001,61.056,-1.201278,-0.229779,0.056409,3,1.333512,15.169608,0,1,1,0,mixed,1,1
multi_mixed_obstacles_r01_s10001,61.088,-1.199993,-0.232427,0.056474,3,1.331883,15.170445,0,1,1,0,mixed,1,1
multi_mixed_obstacles_r01_s10001,61.120,-1.198690,-0.235068,0.056537,3,1.330243,15.171265,0,1,1,0,mixed,1,1
multi_mixed_obstacles_r01_s10001,61.152,-1.197373,-0.237701,0.056601,3,1.328593,15.172070,0,1,1,0,mixed,1,1
multi_mixed_obstacles_r01_s10001,61.184,-1.196042,-0.240327,0.056666,3,1.326934,15.172859,0,1,1,0,mixed,1,1
multi_mixed_obstacles_r01_s10001,61.216,-1.194695,-0.242946,0.056731,3,1.325266,15.173633,0,1,1,0,mixed,1,1
multi_mixed_obstacles_r01_s10001,61.248,-1.193332,-0.245555,0.056794,3,1.323587,15.174389,0,1,1,0,mixed,1,1
multi_mixed_obstacles_r01_s10001,61.280,-1.191950,-0.248156,0.056854,3,1.321895,15.175126,0,1,1,0,mixed,1,1
multi_mixed_obstacles_r01_s10001,61.312,-1.190552,-0.250747,0.056912,3,1.320192,15.175844,0,1,1,0,mixed,1,1
multi_mixed_obstacles_r01_s10001,61.344,-1.189133,-0.253327,0.056964,3,1.318475,15.176542,0,1,1,0,mixed,1,1
multi_mixed_obstacles_r01_s10001,61.376,-1.187696,-0.255897,0.057012,3,1.316745,15.177219,0,1,1,0,mixed,1,1
multi_mixed_obstacles_r01_s10001,61.408,-1.186239,-0.258456,0.057054,3,1.315000,15.177874,0,1,1,0,mixed,1,1
multi_mixed_obstacles_r01_s10001,61.440,-1.184761,-0.261003,0.057089,3,1.313241,15.178507,0,1,1,0,mixed,1,1
multi_mixed_obstacles_r01_s10001,61.472,-1.183264,-0.263538,0.057119,3,1.311468,15.179117,0,1,1,0,mixed,1,1
multi_mixed_obstacles_r01_s10001,61.504,-1.181747,-0.266062,0.057143,3,1.309681,15.179707,0,1,1,0,mixed,1,1
multi_mixed_obstacles_r01_s10001,61.536,-1.180211,-0.268574,0.057162,3,1.307880,15.180274,0,1,1,0,mixed,1,1
multi_mixed_obstacles_r01_s10001,61.568,-1.178655,-0.271073,0.057174,3,1.306065,15.180819,0,1,1,0,mixed,1,1
multi_mixed_obstacles_r01_s10001,61.600,-1.177080,-0.273561,0.057182,3,1.304237,15.181343,0,1,1,0,mixed,1,1
multi_mixed_obstacles_r01_s10001,61.632,-1.175490,-0.276039,0.057188,3,1.302398,15.181850,0,1,1,0,mixed,1,1
multi_mixed_obstacles_r01_s10001,61.664,-1.173885,-0.278506,0.057192,3,1.300549,15.182338,0,1,1,0,mixed,1,1
multi_mixed_obstacles_r01_s10001,61.696,-1.172263,-0.280963,0.057195,3,1.298689,15.182808,0,1,1,0,mixed,1,1
multi_mixed_obstacles_r01_s10001,61.728,-1.170627,-0.283411,0.057197,3,1.296821,15.183262,0,1,1,0,mixed,1,1
multi_mixed_obstacles_r01_s10001,61.760,-1.168977,-0.285848,0.057200,3,1.294943,15.183700,0,1,1,0,mixed,1,1
multi_mixed_obstacles_r01_s10001,61.792,-1.167315,-0.288278,0.057204,3,1.293057,15.184123,0,1,1,0,mixed,1,1
multi_mixed_obstacles_r01_s10001,61.824,-1.165642,-0.290700,0.057212,3,1.291165,15.184533,0,1,1,0,mixed,1,1
multi_mixed_obstacles_r01_s10001,61.856,-1.163957,-0.293113,0.057224,3,1.289267,15.184930,0,1,1,0,mixed,1,1
multi_mixed_obstacles_r01_s10001,61.888,-1.162272,-0.295527,0.057252,3,1.287372,15.185328,0,1,1,0,mixed,1,1
multi_mixed_obstacles_r01_s10001,61.920,-1.160577,-0.297933,0.057285,3,1.285471,15.185714,0,1,1,0,mixed,1,1
multi_mixed_obstacles_r01_s10001,61.952,-1.158873,-0.300334,0.057324,3,1.283566,15.186090,0,1,1,0,mixed,1,1
multi_mixed_obstacles_r01_s10001,61.984,-1.157162,-0.302729,0.057371,3,1.281659,15.186457,0,1,1,0,mixed,1,1
multi_mixed_obstacles_r01_s10001,62.016,-1.155447,-0.305122,0.057432,3,1.279752,15.186821,0,1,1,0,mixed,1,1
multi_mixed_obstacles_r01_s10001,62.048,-1.153726,-0.307510,0.057501,3,1.277843,15.187178,0,1,1,0,mixed,1,1
multi_mixed_obstacles_r01_s10001,62.080,-1.151993,-0.309890,0.057573,3,1.275926,15.187521,0,1,1,0,mixed,1,1
multi_mixed_obstacles_r01_s10001,62.112,-1.150245,-0.312259,0.057644,3,1.274000,15.187846,0,1,1,0,mixed,1,1
multi_mixed_obstacles_r01_s10001,62.144,-1.148482,-0.314618,0.057713,3,1.272063,15.188153,0,1,1,0,mixed,1,1
multi_mixed_obstacles_r01_s10001,62.176,-1.146703,-0.316963,0.057778,3,1.270115,15.188440,0,1,1,0,mixed,1,1
multi_mixed_obstacles_r01_s10001,62.208,-1.144907,-0.319297,0.057841,3,1.268155,15.188708,0,1,1,0,mixed,1,1
multi_mixed_obstacles_r01_s10001,62.240,-1.143094,-0.321617,0.057898,3,1.266182,15.188954,0,1,1,0,mixed,1,1
multi_mixed_obstacles_r01_s10001,62.272,-1.141262,-0.323923,0.057948,3,1.264195,15.189177,0,1,1,0,mixed,1,1
multi_mixed_obstacles_r01_s10001,62.304,-1.139411,-0.326213,0.057992,3,1.262195,15.189377,0,1,1,0,mixed,1,1
multi_mixed_obstacles_r01_s10001,62.336,-1.137541,-0.328488,0.058028,3,1.260180,15.189552,0,1,1,0,mixed,1,1
multi_mixed_obstacles_r01_s10001,62.368,-1.135652,-0.330747,0.058056,3,1.258150,15.189703,0,1,1,0,mixed,1,1
multi_mixed_obstacles_r01_s10001,62.400,-1.133742,-0.332988,0.058074,3,1.256105,15.189827,0,1,1,0,mixed,1,1
multi_mixed_obstacles_r01_s10001,62.432,-1.131812,-0.335212,0.058082,3,1.254044,15.189926,0,1,1,0,mixed,1,1
multi_mixed_obstacles_r01_s10001,62.464,-1.129862,-0.337419,0.058082,3,1.251968,15.189999,0,1,1,0,mixed,1,1
multi_mixed_obstacles_r01_s10001,62.496,-1.127895,-0.339610,0.058074,3,1.249879,15.190049,0,1,1,0,mixed,1,1
multi_mixed_obstacles_r01_s10001,62.528,-1.125910,-0.341784,0.058060,3,1.247776,15.190075,0,1,1,0,mixed,1,1
multi_mixed_obstacles_r01_s10001,62.560,-1.123909,-0.343943,0.058040,3,1.245662,15.190079,0,1,1,0,mixed,1,1
multi_mixed_obstacles_r01_s10001,62.592,-1.121892,-0.346087,0.058015,3,1.243535,15.190062,0,1,1,0,mixed,1,1
multi_mixed_obstacles_r01_s10001,62.624,-1.119860,-0.348217,0.057987,3,1.241398,15.190025,0,1,1,0,mixed,1,1
multi_mixed_obstacles_r01_s10001,62.656,-1.117813,-0.350332,0.057956,3,1.239250,15.189968,0,1,1,0,mixed,1,1
multi_mixed_obstacles_r01_s10001,62.688,-1.115751,-0.352433,0.057920,3,1.237091,15.189891,0,1,1,0,mixed,1,1
multi_mixed_obstacles_r01_s10001,62.720,-1.113676,-0.354521,0.057884,3,1.234923,15.189796,0,1,1,0,mixed,1,1
multi_mixed_obstacles_r01_s10001,62.752,-1.111590,-0.356597,0.057847,3,1.232747,15.189685,0,1,1,0,mixed,1,1
multi_mixed_obstacles_r01_s10001,62.784,-1.109494,-0.358664,0.057815,3,1.230565,15.189562,0,1,1,0,mixed,1,1
multi_mixed_obstacles_r01_s10001,62.816,-1.107386,-0.360718,0.057782,3,1.228375,15.189421,0,1,1,0,mixed,1,1
multi_mixed_obstacles_r01_s10001,62.848,-1.105277,-0.362771,0.057764,3,1.226187,15.189279,0,1,1,0,mixed,1,1
multi_mixed_obstacles_r01_s10001,62.880,-1.103161,-0.364817,0.057754,3,1.223995,15.189128,0,1,1,0,mixed,1,1
multi_mixed_obstacles_r01_s10001,62.912,-1.101037,-0.366855,0.057749,3,1.221799,15.188967,0,1,1,0,mixed,1,1
multi_mixed_obstacles_r01_s10001,62.944,-1.098907,-0.368887,0.057754,3,1.219601,15.188797,0,1,1,0,mixed,1,1
multi_mixed_obstacles_r01_s10001,62.976,-1.096775,-0.370916,0.057771,3,1.217402,15.188624,0,1,1,0,mixed,1,1
multi_mixed_obstacles_r01_s10001,63.008,-1.094636,-0.372939,0.057797,3,1.215201,15.188443,0,1,1,0,mixed,1,1
multi_mixed_obstacles_r01_s10001,63.040,-1.092488,-0.374951,0.057825,3,1.212994,15.188248,0,1,1,0,mixed,1,1
multi_mixed_obstacles_r01_s10001,63.072,-1.090327,-0.376951,0.057852,3,1.210778,15.188036,0,1,1,0,mixed,1,1
multi_mixed_obstacles_r01_s10001,63.104,-1.088153,-0.378936,0.057878,3,1.208552,15.187806,0,1,1,0,mixed,1,1
multi_mixed_obstacles_r01_s10001,63.136,-1.085965,-0.380907,0.057900,3,1.206315,15.187555,0,1,1,0,mixed,1,1
multi_mixed_obstacles_r01_s10001,63.168,-1.083762,-0.382860,0.057916,3,1.204068,15.187283,0,1,1,0,mixed,1,1
multi_mixed_obstacles_r01_s10001,63.200,-1.081546,-0.384800,0.057930,3,1.201810,15.186992,0,1,1,0,mixed,1,1
multi_mixed_obstacles_r01_s10001,63.232,-1.079315,-0.386722,0.057939,3,1.199541,15.186679,0,1,1,0,mixed,1,1
multi_mixed_obstacles_r01_s10001,63.264,-1.077071,-0.388628,0.057944,3,1.197262,15.186345,0,1,1,0,mixed,1,1
multi_mixed_obstacles_r01_s10001,63.296,-1.074811,-0.390516,0.057942,3,1.194970,15.185989,0,1,1,0,mixed,1,1
multi_mixed_obstacles_r01_s10001,63.328,-1.072535,-0.392384,0.057931,3,1.192665,15.185607,0,1,1,0,mixed,1,1
multi_mixed_obstacles_r01_s10001,63.360,-1.070243,-0.394233,0.057913,3,1.190348,15.185202,0,1,1,0,mixed,1,1
multi_mixed_obstacles_r01_s10001,63.392,-1.067936,-0.396063,0.057887,3,1.188018,15.184773,0,1,1,0,mixed,1,1
multi_mixed_obstacles_r01_s10001,63.424,-1.065614,-0.397873,0.057853,3,1.185676,15.184320,0,1,1,0,mixed,1,1
multi_mixed_obstacles_r01_s10001,63.456,-1.063278,-0.399665,0.057815,3,1.183324,15.183846,0,1,1,0,mixed,1,1
multi_mixed_obstacles_r01_s10001,63.488,-1.060929,-0.401440,0.057770,3,1.180960,15.183350,0,1,1,0,mixed,1,1
multi_mixed_obstacles_r01_s10001,63.520,-1.058568,-0.403198,0.057723,3,1.178588,15.182834,0,1,1,0,mixed,1,1
multi_mixed_obstacles_r01_s10001,63.552,-1.056195,-0.404939,0.057672,3,1.176205,15.182299,0,1,1,0,mixed,1,1
multi_mixed_obstacles_r01_s10001,63.584,-1.053809,-0.406663,0.057617,3,1.173814,15.181743,0,1,1,0,mixed,1,1
multi_mixed_obstacles_r01_s10001,63.616,-1.051412,-0.408372,0.057560,3,1.171413,15.181170,0,1,1,0,mixed,1,1
multi_mixed_obstacles_r01_s10001,63.648,-1.049005,-0.410066,0.057502,3,1.169005,15.180579,0,1,1,0,mixed,1,1
multi_mixed_obstacles_r01_s10001,63.680,-1.046588,-0.411745,0.057443,3,1.166589,15.179972,0,1,1,0,mixed,1,1
multi_mixed_obstacles_r01_s10001,63.712,-1.044162,-0.413413,0.057387,3,1.164167,15.179350,0,1,1,0,mixed,1,1
multi_mixed_obstacles_r01_s10001,63.744,-1.041730,-0.415071,0.057336,3,1.161741,15.178719,0,1,1,0,mixed,1,1
multi_mixed_obstacles_r01_s10001,63.776,-1.039289,-0.416714,0.057286,3,1.159309,15.178071,0,1,1,0,mixed,1,1
multi_mixed_obstacles_r01_s10001,63.808,-1.036847,-0.418357,0.057251,3,1.156877,15.177422,0,1,1,0,mixed,1,1
multi_mixed_obstacles_r01_s10001,63.840,-1.034397,-0.419989,0.057221,3,1.154441,15.176762,0,1,1,0,mixed,1,1
multi_mixed_obstacles_r01_s10001,63.872,-1.031942,-0.421613,0.057197,3,1.152001,15.176092,0,1,1,0,mixed,1,1
multi_mixed_obstacles_r01_s10001,63.904,-1.029482,-0.423229,0.057181,3,1.149558,15.175413,0,1,1,0,mixed,1,1
multi_mixed_obstacles_r01_s10001,63.936,-1.027017,-0.424837,0.057174,3,1.147113,15.174727,0,1,1,0,mixed,1,1
multi_mixed_obstacles_r01_s10001,63.968,-1.024545,-0.426436,0.057171,3,1.144663,15.174029,0,1,1,0,mixed,1,1
multi_mixed_obstacles_r01_s10001,64.000,-1.022064,-0.428021,0.057170,3,1.142207,15.173317,0,1,1,0,mixed,1,1
multi_mixed_obstacles_r01_s10001,64.032,-1.019575,-0.429592,0.057169,3,1.139743,15.172588,0,1,1,0,mixed,1,1
multi_mixed_obstacles_r01_s10001,64.064,-1.017074,-0.431147,0.057166,3,1.137271,15.171841,0,1,1,0,mixed,1,1
multi_mixed_obstacles_r01_s10001,64.096,-1.014565,-0.432687,0.057161,3,1.134791,15.171077,0,1,1,0,mixed,1,1
multi_mixed_obstacles_r01_s10001,64.128,-1.012044,-0.434209,0.057153,3,1.132303,15.170294,0,1,1,0,mixed,1,1
multi_mixed_obstacles_r01_s10001,64.160,-1.009513,-0.435714,0.057142,3,1.129806,15.169492,0,1,1,0,mixed,1,1
multi_mixed_obstacles_r01_s10001,64.192,-1.006972,-0.437201,0.057129,3,1.127301,15.168672,0,1,1,0,mixed,1,1
multi_mixed_obstacles_r01_s10001,64.224,-1.004420,-0.438670,0.057110,3,1.124786,15.167831,0,1,1,0,mixed,1,1
multi_mixed_obstacles_r01_s10001,64.256,-1.001858,-0.440120,0.057087,3,1.122262,15.166970,0,1,1,0,mixed,1,1
multi_mixed_obstacles_r01_s10001,64.288,-0.999285,-0.441551,0.057060,3,1.119729,15.166089,0,1,1,0,mixed,1,1
multi_mixed_obstacles_r01_s10001,64.320,-0.996701,-0.442963,0.057029,3,1.117188,15.165188,0,1,1,0,mixed,1,1
multi_mixed_obstacles_r01_s10001,64.352,-0.994108,-0.444357,0.056993,3,1.114638,15.164267,0,1,1,0,mixed,1,1
multi_mixed_obstacles_r01_s10001,64.384,-0.991505,-0.445732,0.056953,3,1.112079,15.163327,0,1,1,0,mixed,1,1
multi_mixed_obstacles_r01_s10001,64.416,-0.988892,-0.447088,0.056910,3,1.109512,15.162368,0,1,1,0,mixed,1,1
multi_mixed_obstacles_r01_s10001,64.448,-0.986271,-0.448428,0.056864,3,1.106938,15.161391,0,1,1,0,mixed,1,1
multi_mixed_obstacles_r01_s10001,64.480,-0.983641,-0.449750,0.056816,3,1.104356,15.160397,0,1,1,0,mixed,1,1
multi_mixed_obstacles_r01_s10001,64.512,-0.981003,-0.451057,0.056769,3,1.101769,15.159387,0,1,1,0,mixed,1,1
multi_mixed_obstacles_r01_s10001,64.544,-0.978359,-0.452350,0.056723,3,1.099175,15.158364,0,1,1,0,mixed,1,1
multi_mixed_obstacles_r01_s10001,64.576,-0.975708,-0.453629,0.056679,3,1.096576,15.157326,0,1,1,0,mixed,1,1
multi_mixed_obstacles_r01_s10001,64.608,-0.973050,-0.454893,0.056636,3,1.093972,15.156274,0,1,1,0,mixed,1,1
multi_mixed_obstacles_r01_s10001,64.640,-0.970387,-0.456146,0.056596,3,1.091363,15.155209,0,1,1,0,mixed,1,1
multi_mixed_obstacles_r01_s10001,64.672,-0.967717,-0.457385,0.056559,3,1.088749,15.154132,0,1,1,0,mixed,1,1
multi_mixed_obstacles_r01_s10001,64.704,-0.965042,-0.458614,0.056527,3,1.086131,15.153044,0,1,1,0,mixed,1,1
multi_mixed_obstacles_r01_s10001,64.736,-0.962362,-0.459828,0.056498,3,1.083508,15.151943,0,1,1,0,mixed,1,1
multi_mixed_obstacles_r01_s10001,64.768,-0.959679,-0.461039,0.056480,3,1.080885,15.150838,0,1,1,0,mixed,1,1
multi_mixed_obstacles_r01_s10001,64.800,-0.956992,-0.462241,0.056470,3,1.078258,15.149724,0,1,1,0,mixed,1,1
multi_mixed_obstacles_r01_s10001,64.832,-0.954301,-0.463434,0.056468,3,1.075629,15.148603,0,1,1,0,mixed,1,1
multi_mixed_obstacles_r01_s10001,64.864,-0.951608,-0.464621,0.056476,3,1.072999,15.147475,0,1,1,0,mixed,1,1
multi_mixed_obstacles_r01_s10001,64.896,-0.948911,-0.465801,0.056494,3,1.070367,15.146341,0,1,1,0,mixed,1,1
multi_mixed_obstacles_r01_s10001,64.928,-0.946210,-0.466971,0.056518,3,1.067731,15.145197,0,1,1,0,mixed,1,1
multi_mixed_obstacles_r01_s10001,64.960,-0.943503,-0.468129,0.056546,3,1.065091,15.144042,0,1,1,0,mixed,1,1
multi_mixed_obstacles_r01_s10001,64.992,-0.940791,-0.469273,0.056575,3,1.062445,15.142872,0,1,1,0,mixed,1,1
multi_mixed_obstacles_r01_s10001,65.024,-0.938071,-0.470400,0.056603,3,1.059793,15.141687,0,1,1,0,mixed,1,1
multi_mixed_obstacles_r01_s10001,65.056,-0.935345,-0.471512,0.056633,3,1.057136,15.140487,0,1,1,0,mixed,1,1
multi_mixed_obstacles_r01_s10001,65.088,-0.932612,-0.472607,0.056660,3,1.054472,15.139270,0,1,1,0,mixed,1,1
multi_mixed_obstacles_r01_s10001,65.120,-0.929872,-0.473684,0.056686,3,1.051801,15.138037,0,1,1,0,mixed,1,1
multi_mixed_obstacles_r01_s10001,65.152,-0.927125,-0.474745,0.056711,3,1.049125,15.136788,0,1,1,0,mixed,1,1
multi_mixed_obstacles_r01_s10001,65.184,-0.924371,-0.475787,0.056733,3,1.046441,15.135521,0,1,1,0,mixed,1,1
multi_mixed_obstacles_r01_s10001,65.216,-0.921610,-0.476809,0.056752,3,1.043750,15.134236,0,1,1,0,mixed,1,1
multi_mixed_obstacles_r01_s10001,65.248,-0.918843,-0.477816,0.056770,3,1.041054,15.132936,0,1,1,0,mixed,1,1
multi_mixed_obstacles_r01_s10001,65.280,-0.916070,-0.478803,0.056786,3,1.038352,15.131619,0,1,1,0,mixed,1,1
multi_mixed_obstacles_r01_s10001,65.312,-0.913290,-0.479772,0.056799,3,1.035643,15.130285,0,1,1,0,mixed,1,1
multi_mixed_obstacles_r01_s10001,65.344,-0.910503,-0.480722,0.056809,3,1.032927,15.128933,0,1,1,0,mixed,1,1
multi_mixed_obstacles_r01_s10001,65.376,-0.907711,-0.481654,0.056817,3,1.030206,15.127565,0,1,1,0,mixed,1,1
multi_mixed_obstacles_r01_s10001,65.408,-0.904912,-0.482567,0.056822,3,1.027478,15.126180,0,1,1,0,mixed,1,1
multi_mixed_obstacles_r01_s10001,65.440,-0.902108,-0.483462,0.056825,3,1.024744,15.124778,0,1,1,0,mixed,1,1
multi_mixed_obstacles_r01_s10001,65.472,-0.899297,-0.484337,0.056826,3,1.022004,15.123360,0,1,1,0,mixed,1,1
multi_mixed_obstacles_r01_s10001,65.504,-0.896482,-0.485197,0.056826,3,1.019260,15.121927,0,1,1,0,mixed,1,1
multi_mixed_obstacles_r01_s10001,65.536,-0.893662,-0.486039,0.056826,3,1.016510,15.120479,0,1,1,0,mixed,1,1
multi_mixed_obstacles_r01_s10001,65.568,-0.890836,-0.486864,0.056825,3,1.013755,15.119016,0,1,1,0,mixed,1,1
multi_mixed_obstacles_r01_s10001,65.600,-0.888006,-0.487672,0.056823,3,1.010994,15.117538,0,1,1,0,mixed,1,1
multi_mixed_obstacles_r01_s10001,65.632,-0.885172,-0.488465,0.056823,3,1.008230,15.116047,0,1,1,0,mixed,1,1
multi_mixed_obstacles_r01_s10001,65.664,-0.882335,-0.489248,0.056829,3,1.005463,15.114547,0,1,1,0,mixed,1,1
multi_mixed_obstacles_r01_s10001,65.696,-0.879494,-0.490013,0.056835,3,1.002691,15.113033,0,1,1,0,mixed,1,1
multi_mixed_obstacles_r01_s10001,65.728,-0.876651,-0.490775,0.056853,3,0.999919,15.111515,0,1,1,0,mixed,1,1
multi_mixed_obstacles_r01_s10001,65.760,-0.873805,-0.491524,0.056877,3,0.997143,15.109988,0,1,1,0,mixed,1,1
multi_mixed_obstacles_r01_s10001,65.792,-0.870956,-0.492264,0.056906,3,0.994365,15.108451,0,1,1,0,mixed,1,1
multi_mixed_obstacles_r01_s10001,65.824,-0.868106,-0.492995,0.056944,3,0.991585,15.106908,0,1,1,0,mixed,1,1
multi_mixed_obstacles_r01_s10001,65.856,-0.865253,-0.493719,0.056992,3,0.988804,15.105358,0,1,1,0,mixed,1,1
multi_mixed_obstacles_r01_s10001,65.888,-0.862398,-0.494435,0.057050,3,0.986020,15.103803,0,1,1,0,mixed,1,1
multi_mixed_obstacles_r01_s10001,65.920,-0.859540,-0.495140,0.057112,3,0.983233,15.102238,0,1,1,0,mixed,1,1
multi_mixed_obstacles_r01_s10001,65.952,-0.856678,-0.495829,0.057175,3,0.980442,15.100659,0,1,1,0,mixed,1,1
multi_mixed_obstacles_r01_s10001,65.984,-0.853812,-0.496502,0.057238,3,0.977646,15.099065,0,1,1,0,mixed,1,1
multi_mixed_obstacles_r01_s10001,66.016,-0.850942,-0.497156,0.057300,3,0.974845,15.097458,0,1,1,0,mixed,1,1
multi_mixed_obstacles_r01_s10001,66.048,-0.848067,-0.497793,0.057361,3,0.972040,15.095834,0,1,1,0,mixed,1,1
multi_mixed_obstacles_r01_s10001,66.080,-0.845188,-0.498410,0.057418,3,0.969228,15.094194,0,1,1,0,mixed,1,1
multi_mixed_obstacles_r01_s10001,66.112,-0.842304,-0.499004,0.057469,3,0.966411,15.092536,0,1,1,0,mixed,1,1
multi_mixed_obstacles_r01_s10001,66.144,-0.839415,-0.499577,0.057516,3,0.963588,15.090860,0,1,1,0,mixed,1,1
multi_mixed_obstacles_r01_s10001,66.176,-0.836522,-0.500127,0.057556,3,0.960759,15.089164,0,1,1,0,mixed,1,1
multi_mixed_obstacles_r01_s10001,66.208,-0.833625,-0.500654,0.057590,3,0.957924,15.087451,0,1,1,0,mixed,1,1
multi_mixed_obstacles_r01_s10001,66.240,-0.830724,-0.501155,0.057615,3,0.955084,15.085716,0,1,1,0,mixed,1,1
multi_mixed_obstacles_r01_s10001,66.272,-0.827818,-0.501632,0.057632,3,0.952237,15.083963,0,1,1,0,mixed,1,1
multi_mixed_obstacles_r01_s10001,66.304,-0.824909,-0.502085,0.057642,3,0.949385,15.082189,0,1,1,0,mixed,1,1
multi_mixed_obstacles_r01_s10001,66.336,-0.821996,-0.502513,0.057644,3,0.946528,15.080397,0,1,1,0,mixed,1,1
multi_mixed_obstacles_r01_s10001,66.368,-0.819080,-0.502916,0.057639,3,0.943666,15.078586,0,1,1,0,mixed,1,1
multi_mixed_obstacles_r01_s10001,66.400,-0.816162,-0.503295,0.057625,3,0.940799,15.076756,0,1,1,0,mixed,1,1
multi_mixed_obstacles_r01_s10001,66.432,-0.813240,-0.503652,0.057607,3,0.937928,15.074909,0,1,1,0,mixed,1,1
multi_mixed_obstacles_r01_s10001,66.464,-0.810317,-0.503986,0.057583,3,0.935052,15.073045,0,1,1,0,mixed,1,1
multi_mixed_obstacles_r01_s10001,66.496,-0.807391,-0.504300,0.057555,3,0.932173,15.071166,0,1,1,0,mixed,1,1
multi_mixed_obstacles_r01_s10001,66.528,-0.804464,-0.504593,0.057524,3,0.929291,15.069271,0,1,1,0,mixed,1,1
multi_mixed_obstacles_r01_s10001,66.560,-0.801535,-0.504867,0.057491,3,0.926405,15.067362,0,1,1,0,mixed,1,1
multi_mixed_obstacles_r01_s10001,66.592,-0.798605,-0.505124,0.057457,3,0.923517,15.065441,0,1,1,0,mixed,1,1
multi_mixed_obstacles_r01_s10001,66.624,-0.795671,-0.505364,0.057423,3,0.920623,15.063505,0,1,1,0,mixed,1,1
multi_mixed_obstacles_r01_s10001,66.656,-0.792735,-0.505588,0.057391,3,0.917727,15.061558,0,1,1,0,mixed,1,1
multi_mixed_obstacles_r01_s10001,66.688,-0.789799,-0.505800,0.057363,3,0.914829,15.059601,0,1,1,0,mixed,1,1
multi_mixed_obstacles_r01_s10001,66.720,-0.786862,-0.505999,0.057340,3,0.911929,15.057637,0,1,1,0,mixed,1,1
multi_mixed_obstacles_r01_s10001,66.752,-0.783924,-0.506189,0.057324,3,0.909028,15.055664,0,1,1,0,mixed,1,1
multi_mixed_obstacles_r01_s10001,66.784,-0.780985,-0.506358,0.057305,3,0.906123,15.053678,0,1,1,0,mixed,1,1
multi_mixed_obstacles_r01_s10001,66.816,-0.778046,-0.506524,0.057300,3,0.903219,15.051689,0,1,1,0,mixed,1,1
multi_mixed_obstacles_r01_s10001,66.848,-0.775106,-0.506680,0.057302,3,0.900312,15.049692,0,1,1,0,mixed,1,1
multi_mixed_obstacles_r01_s10001,66.880,-0.772165,-0.506817,0.057302,3,0.897403,15.047683,0,1,1,0,mixed,1,1
multi_mixed_obstacles_r01_s10001,66.912,-0.769223,-0.506929,0.057293,3,0.894490,15.045654,0,1,1,1,mixed,1,1
