time_s,ps0,ps1,ps2,ps3,ps4,ps5,ps6,ps7,peak_front,proximity_active,hazard_region,turn_direction,camera_state,left_speed,right_speed,reason
0.032,63.662,69.729,63.765,68.318,61.334,66.769,71.486,69.984,71.486,0,clear,1,FOLLOW_LANE,4.665629,4.534371,camera command; proximity clear
0.064,67.792,68.715,71.729,70.273,65.123,70.236,69.968,67.068,69.968,0,clear,1,FOLLOW_LANE,4.846895,4.353105,camera command; proximity clear
0.096,69.651,66.597,62.721,66.817,67.915,69.746,65.802,65.048,69.651,0,clear,1,FOLLOW_LANE,4.635963,4.564036,camera command; proximity clear
0.128,62.823,67.042,64.972,67.429,64.479,63.387,68.080,70.805,70.805,0,clear,1,FOLLOW_LANE,4.576588,4.623411,camera command; proximity clear
0.160,72.760,68.853,63.731,66.481,66.533,64.206,74.828,64.941,74.828,0,clear,1,FOLLOW_LANE,4.665655,4.534345,camera command; proximity clear
0.192,66.838,60.778,57.399,68.630,58.895,69.270,71.098,59.887,71.098,0,clear,1,FOLLOW_LANE,4.682848,4.517151,camera command; proximity clear
0.224,67.056,72.758,71.894,65.890,61.553,67.641,67.553,64.992,72.758,0,clear,1,FOLLOW_LANE,4.576598,4.623401,camera command; proximity clear
0.256,71.162,66.827,67.127,66.326,65.574,54.668,64.851,72.535,72.535,0,clear,1,FOLLOW_LANE,4.600036,4.599964,camera command; proximity clear
0.288,70.143,69.067,61.354,69.833,65.334,64.642,71.601,68.788,71.601,0,clear,1,FOLLOW_LANE,4.600036,4.599964,camera command; proximity clear
0.320,63.284,63.423,74.120,68.457,66.615,70.782,68.146,63.746,68.146,0,clear,1,FOLLOW_LANE,4.600036,4.599964,camera command; proximity clear
0.352,68.098,69.419,69.680,65.876,73.487,65.622,66.452,66.564,69.419,0,clear,1,FOLLOW_LANE,4.600036,4.599964,camera command; proximity clear
0.384,68.155,66.610,60.339,64.816,67.735,66.996,67.113,73.454,73.454,0,clear,1,FOLLOW_LANE,4.600036,4.599964,camera command; proximity clear
0.416,66.619,68.679,62.182,61.460,67.879,72.358,67.578,68.489,68.679,0,clear,1,FOLLOW_LANE,4.665665,4.534335,camera command; proximity clear
0.448,69.809,65.166,66.024,71.237,65.371,70.967,70.734,69.763,70.734,0,clear,1,FOLLOW_LANE,4.682859,4.517141,camera command; proximity clear
0.480,67.510,67.673,69.295,62.069,66.307,68.284,71.320,65.362,71.320,0,clear,1,FOLLOW_LANE,4.576608,4.623391,camera command; proximity clear
0.512,72.056,73.657,67.125,63.063,63.235,62.728,67.629,63.584,73.657,0,clear,1,FOLLOW_LANE,4.600046,4.599954,camera command; proximity clear
0.544,61.210,66.108,69.334,67.376,65.987,69.812,70.838,67.347,70.838,0,clear,1,FOLLOW_LANE,4.600046,4.599954,camera command; proximity clear
0.576,62.100,67.029,63.979,62.777,67.213,69.308,67.904,67.006,67.904,0,clear,1,FOLLOW_LANE,4.665675,4.534325,camera command; proximity clear
0.608,67.686,68.846,67.936,68.933,60.304,66.030,66.109,64.656,68.846,0,clear,1,FOLLOW_LANE,4.584425,4.615575,camera command; proximity clear
0.640,63.675,66.653,65.771,69.244,65.756,69.959,66.860,70.418,70.418,0,clear,1,FOLLOW_LANE,4.600050,4.599950,camera command; proximity clear
0.672,67.986,72.493,62.879,62.224,69.927,57.993,64.403,65.157,72.493,0,clear,1,FOLLOW_LANE,4.665679,4.534321,camera command; proximity clear
0.704,67.522,63.622,68.002,67.167,66.719,66.481,65.900,68.806,68.806,0,clear,1,FOLLOW_LANE,4.584429,4.615571,camera command; proximity clear
0.736,63.595,70.764,62.485,67.762,65.906,70.073,66.857,71.372,71.372,0,clear,1,FOLLOW_LANE,4.600054,4.599946,camera command; proximity clear
0.768,70.303,68.110,72.245,68.835,67.592,63.788,63.190,59.780,70.303,0,clear,1,FOLLOW_LANE,4.600054,4.599946,camera command; proximity clear
0.800,61.140,71.627,66.468,73.180,66.329,64.542,71.641,67.007,71.641,0,clear,1,FOLLOW_LANE,4.600054,4.599946,camera command; proximity clear
0.832,61.605,66.830,70.115,64.931,64.935,69.849,67.280,71.001,71.001,0,clear,1,FOLLOW_LANE,4.600054,4.599946,camera command; proximity clear
0.864,71.002,66.975,69.049,66.133,65.181,68.786,64.518,64.194,71.002,0,clear,1,FOLLOW_LANE,4.600054,4.599946,camera command; proximity clear
0.896,66.049,69.520,64.085,67.379,66.587,64.002,68.435,61.029,69.520,0,clear,1,FOLLOW_LANE,4.600054,4.599946,camera command; proximity clear
0.928,68.194,62.739,64.706,64.826,66.596,69.330,72.365,77.661,77.661,0,clear,1,FOLLOW_LANE,4.600054,4.599946,camera command; proximity clear
0.960,67.390,69.146,68.031,73.282,66.297,75.060,72.142,71.830,72.142,0,clear,1,FOLLOW_LANE,4.600054,4.599946,camera command; proximity clear
0.992,70.059,68.459,68.106,69.474,64.817,65.849,67.634,67.687,70.059,0,clear,1,FOLLOW_LANE,4.600054,4.599946,camera command; proximity clear
1.024,68.266,63.977,64.980,69.804,68.533,60.444,65.410,71.620,71.620,0,clear,1,FOLLOW_LANE,4.600054,4.599946,camera command; proximity clear
1.056,61.083,64.816,68.835,67.671,70.514,70.533,71.233,62.704,71.233,0,clear,1,FOLLOW_LANE,4.600054,4.599946,camera command; proximity clear
1.088,67.843,64.962,66.535,65.634,66.259,65.147,67.488,70.896,70.896,0,clear,1,FOLLOW_LANE,4.600054,4.599946,camera command; proximity clear
1.120,66.705,69.579,68.457,69.182,72.072,63.887,70.212,68.107,70.212,0,clear,1,FOLLOW_LANE,4.600054,4.599946,camera command; proximity clear
1.152,63.930,67.546,65.589,70.751,65.115,57.557,71.669,72.795,72.795,0,clear,1,FOLLOW_LANE,4.600054,4.599946,camera command; proximity clear
1.184,68.884,67.968,59.918,70.444,67.742,61.936,71.867,62.977,71.867,0,clear,1,FOLLOW_LANE,4.600054,4.599946,camera command; proximity clear
1.216,64.865,64.379,73.338,66.577,71.629,62.838,69.731,68.418,69.731,0,clear,1,FOLLOW_LANE,4.600054,4.599946,camera command; proximity clear
1.248,69.434,64.220,62.059,65.252,67.809,75.589,68.682,67.714,69.434,0,clear,1,FOLLOW_LANE,4.600054,4.599946,camera command; proximity clear
1.280,67.131,69.090,64.698,62.681,69.468,62.995,75.482,67.768,75.482,0,clear,1,FOLLOW_LANE,4.600054,4.599946,camera command; proximity clear
1.312,60.622,66.947,59.569,69.195,62.027,76.039,69.949,61.118,69.949,0,clear,1,FOLLOW_LANE,4.600054,4.599946,camera command; proximity clear
1.344,64.772,65.540,69.661,72.694,66.171,64.483,69.992,66.512,69.992,0,clear,1,FOLLOW_LANE,4.600054,4.599946,camera command; proximity clear
1.376,70.291,68.809,69.933,67.348,67.287,69.736,67.058,68.580,70.291,0,clear,1,FOLLOW_LANE,4.600054,4.599946,camera command; proximity clear
1.408,65.151,66.653,66.789,67.944,62.092,69.940,70.270,70.821,70.821,0,clear,1,FOLLOW_LANE,4.600054,4.599946,camera command; proximity clear
1.440,68.345,68.663,58.754,63.263,65.327,56.090,70.216,67.052,70.216,0,clear,1,FOLLOW_LANE,4.600054,4.599946,camera command; proximity clear
1.472,68.634,66.802,67.799,67.247,67.176,66.708,71.657,66.734,71.657,0,clear,1,FOLLOW_LANE,4.600054,4.599946,camera command; proximity clear
1.504,65.137,68.090,67.189,62.233,69.189,66.591,63.703,64.694,68.090,0,clear,1,FOLLOW_LANE,4.600054,4.599946,camera command; proximity clear
1.536,62.490,67.820,69.412,69.816,67.184,63.900,70.817,66.947,70.817,0,clear,1,FOLLOW_LANE,4.600054,4.599946,camera command; proximity clear
1.568,65.994,60.024,64.689,70.960,69.348,68.810,72.848,70.223,72.848,0,clear,1,FOLLOW_LANE,4.600054,4.599946,camera command; proximity clear
1.600,67.610,68.886,76.029,65.343,64.835,64.033,67.938,66.006,68.886,0,clear,1,FOLLOW_LANE,4.600054,4.599946,camera command; proximity clear
1.632,71.374,70.461,64.842,68.310,72.375,69.040,73.196,65.079,73.196,0,clear,1,FOLLOW_LANE,4.600054,4.599946,camera command; proximity clear
1.664,61.154,70.029,67.078,70.571,68.867,71.641,71.138,63.082,71.138,0,clear,1,FOLLOW_LANE,4.600054,4.599946,camera command; proximity clear
1.696,70.206,69.222,61.745,56.296,67.022,70.656,75.246,67.109,75.246,0,clear,1,FOLLOW_LANE,4.600054,4.599946,camera command; proximity clear
1.728,69.137,67.939,67.889,63.568,65.904,68.118,64.427,71.515,71.515,0,clear,1,FOLLOW_LANE,4.600054,4.599946,camera command; proximity clear
1.760,60.905,62.425,64.310,66.079,69.541,63.224,67.878,67.036,67.878,0,clear,1,FOLLOW_LANE,4.534425,4.665575,camera command; proximity clear
1.792,72.453,63.654,69.885,70.082,70.581,67.113,71.313,62.885,72.453,0,clear,1,FOLLOW_LANE,4.615675,4.584325,camera command; proximity clear
1.824,68.736,70.759,63.955,80.231,66.264,66.324,67.711,65.573,70.759,0,clear,1,FOLLOW_LANE,4.600050,4.599950,camera command; proximity clear
1.856,60.291,65.243,66.925,69.602,66.797,66.318,65.732,66.631,66.631,0,clear,1,FOLLOW_LANE,4.600050,4.599950,camera command; proximity clear
1.888,75.428,70.948,62.294,69.029,71.593,72.419,70.564,71.961,75.428,0,clear,1,FOLLOW_LANE,4.600050,4.599950,camera command; proximity clear
1.920,60.269,64.941,68.205,65.529,64.645,65.988,66.016,71.337,71.337,0,clear,1,FOLLOW_LANE,4.600050,4.599950,camera command; proximity clear
1.952,61.886,66.830,66.738,65.000,68.358,67.773,66.424,74.617,74.617,0,clear,1,FOLLOW_LANE,4.600050,4.599950,camera command; proximity clear
1.984,70.766,61.351,66.753,72.984,70.876,72.271,73.213,72.236,73.213,0,clear,1,FOLLOW_LANE,4.600050,4.599950,camera command; proximity clear
2.016,60.781,61.834,73.228,64.867,65.078,62.366,65.118,69.710,69.710,0,clear,1,FOLLOW_LANE,4.600050,4.599950,camera command; proximity clear
2.048,67.380,65.396,67.359,66.489,66.949,65.393,60.769,60.854,67.380,0,clear,1,FOLLOW_LANE,4.600050,4.599950,camera command; proximity clear
2.080,66.703,69.028,70.145,72.254,68.891,68.216,69.367,69.964,69.964,0,clear,1,FOLLOW_LANE,4.600050,4.599950,camera command; proximity clear
2.112,67.838,71.772,66.079,61.674,69.812,69.198,70.932,68.180,71.772,0,clear,1,FOLLOW_LANE,4.600050,4.599950,camera command; proximity clear
2.144,70.508,68.971,71.641,66.697,68.181,63.602,66.528,75.631,75.631,0,clear,1,FOLLOW_LANE,4.600050,4.599950,camera command; proximity clear
2.176,66.086,65.962,69.948,69.443,64.829,64.244,68.074,66.799,68.074,0,clear,1,FOLLOW_LANE,4.600050,4.599950,camera command; proximity clear
2.208,66.724,70.440,71.959,68.497,65.135,67.956,70.631,70.027,70.631,0,clear,1,FOLLOW_LANE,4.600050,4.599950,camera command; proximity clear
2.240,63.346,67.994,62.424,69.601,61.296,65.789,63.584,74.718,74.718,0,clear,1,FOLLOW_LANE,4.600050,4.599950,camera command; proximity clear
2.272,60.363,68.278,65.434,66.089,68.733,70.677,66.469,69.104,69.104,0,clear,1,FOLLOW_LANE,4.600050,4.599950,camera command; proximity clear
2.304,68.361,66.308,72.621,67.476,65.692,70.656,58.092,71.530,71.530,0,clear,1,FOLLOW_LANE,4.600050,4.599950,camera command; proximity clear
2.336,68.726,73.347,71.497,67.106,62.846,68.474,61.837,62.581,73.347,0,clear,1,FOLLOW_LANE,4.534421,4.665579,camera command; proximity clear
2.368,68.561,58.560,65.859,64.541,73.115,67.155,64.595,71.312,71.312,0,clear,1,FOLLOW_LANE,4.550042,4.649958,camera command; proximity clear
2.400,65.261,65.910,63.227,67.351,71.247,68.138,72.639,68.439,72.639,0,clear,1,FOLLOW_LANE,4.550038,4.649962,camera command; proximity clear
2.432,64.810,70.978,64.493,68.199,68.094,69.906,61.216,64.711,70.978,0,clear,1,FOLLOW_LANE,4.615663,4.584337,camera command; proximity clear
2.464,69.039,64.438,63.052,66.694,68.327,67.516,66.780,65.309,69.039,0,clear,1,FOLLOW_LANE,4.600038,4.599962,camera command; proximity clear
2.496,67.772,64.191,69.209,67.157,65.762,64.129,67.623,66.163,67.772,0,clear,1,FOLLOW_LANE,4.600038,4.599962,camera command; proximity clear
2.528,65.482,67.129,64.425,64.742,66.087,70.921,66.417,70.791,70.791,0,clear,1,FOLLOW_LANE,4.600038,4.599962,camera command; proximity clear
2.560,70.599,71.693,66.889,69.150,67.102,72.152,62.531,65.601,71.693,0,clear,1,FOLLOW_LANE,4.534409,4.665591,camera command; proximity clear
2.592,64.230,60.945,67.529,64.873,64.017,63.302,68.951,71.118,71.118,0,clear,1,FOLLOW_LANE,4.615659,4.584341,camera command; proximity clear
2.624,59.833,65.216,68.660,65.673,66.473,67.251,66.074,69.137,69.137,0,clear,1,FOLLOW_LANE,4.600034,4.599966,camera command; proximity clear
2.656,65.776,67.626,71.745,66.503,68.813,70.096,68.682,71.926,71.926,0,clear,1,FOLLOW_LANE,4.600034,4.599966,camera command; proximity clear
2.688,69.291,67.826,61.106,70.528,61.788,74.525,66.115,70.304,70.304,0,clear,1,FOLLOW_LANE,4.600034,4.599966,camera command; proximity clear
2.720,67.935,63.875,63.895,60.214,67.629,67.272,66.376,69.748,69.748,0,clear,1,FOLLOW_LANE,4.600034,4.599966,camera command; proximity clear
2.752,62.879,63.762,64.450,68.480,72.432,69.209,63.286,70.983,70.983,0,clear,1,FOLLOW_LANE,4.600034,4.599966,camera command; proximity clear
2.784,63.310,62.740,66.382,64.807,66.053,70.180,66.369,66.830,66.830,0,clear,1,FOLLOW_LANE,4.600034,4.599966,camera command; proximity clear
2.816,70.492,66.675,68.673,70.689,68.333,67.229,70.098,69.849,70.492,0,clear,1,FOLLOW_LANE,4.600034,4.599966,camera command; proximity clear
2.848,65.581,65.833,67.229,66.854,67.554,62.422,69.960,68.940,69.960,0,clear,1,FOLLOW_LANE,4.600034,4.599966,camera command; proximity clear
2.880,61.350,72.743,64.660,67.939,66.888,72.052,59.602,70.254,72.743,0,clear,1,FOLLOW_LANE,4.600034,4.599966,camera command; proximity clear
2.912,68.006,68.511,71.446,66.485,61.055,67.214,66.103,75.589,75.589,0,clear,1,FOLLOW_LANE,4.600034,4.599966,camera command; proximity clear
2.944,69.596,65.323,62.039,69.960,69.918,64.870,67.469,68.456,69.596,0,clear,1,FOLLOW_LANE,4.534405,4.665595,camera command; proximity clear
2.976,64.792,74.413,78.150,67.963,67.950,70.837,61.605,68.135,74.413,0,clear,1,FOLLOW_LANE,4.615655,4.584345,camera command; proximity clear
3.008,63.608,65.780,69.436,63.947,71.893,68.118,58.249,64.986,65.780,0,clear,1,FOLLOW_LANE,4.600030,4.599970,camera command; proximity clear
3.040,68.328,62.002,65.224,73.331,65.658,60.774,70.203,66.869,70.203,0,clear,1,FOLLOW_LANE,4.534401,4.665599,camera command; proximity clear
3.072,69.042,66.002,70.232,67.738,63.111,74.419,63.105,68.135,69.042,0,clear,1,FOLLOW_LANE,4.615651,4.584349,camera command; proximity clear
3.104,67.246,64.548,62.555,66.863,70.303,74.147,71.567,65.314,71.567,0,clear,1,FOLLOW_LANE,4.600026,4.599974,camera command; proximity clear
3.136,68.618,62.295,68.136,63.068,64.626,64.587,64.980,65.435,68.618,0,clear,1,FOLLOW_LANE,4.600026,4.599974,camera command; proximity clear
3.168,70.937,68.478,67.523,67.147,64.195,70.562,69.548,69.459,70.937,0,clear,1,FOLLOW_LANE,4.600026,4.599974,camera command; proximity clear
3.200,66.778,64.428,71.896,67.023,67.947,69.371,72.656,67.788,72.656,0,clear,1,FOLLOW_LANE,4.600026,4.599974,camera command; proximity clear
3.232,68.282,63.823,71.598,58.750,70.313,63.781,66.978,65.083,68.282,0,clear,1,FOLLOW_LANE,4.600026,4.599974,camera command; proximity clear
3.264,73.942,72.710,71.586,72.094,70.496,63.154,66.712,64.597,73.942,0,clear,1,FOLLOW_LANE,4.534397,4.665603,camera command; proximity clear
3.296,72.183,65.428,67.245,69.332,67.656,74.909,62.980,61.255,72.183,0,clear,1,FOLLOW_LANE,4.550018,4.649982,camera command; proximity clear
3.328,63.409,66.349,67.809,65.437,72.377,63.911,62.587,71.704,71.704,0,clear,1,FOLLOW_LANE,4.615643,4.584357,camera command; proximity clear
3.360,66.277,72.790,70.021,65.414,64.671,69.645,59.813,61.190,72.790,0,clear,1,FOLLOW_LANE,4.600018,4.599982,camera command; proximity clear
3.392,72.574,68.397,69.257,69.453,65.421,66.095,60.537,68.911,72.574,0,clear,1,FOLLOW_LANE,4.600018,4.599982,camera command; proximity clear
3.424,63.687,67.143,71.326,64.501,64.689,64.512,67.450,68.480,68.480,0,clear,1,FOLLOW_LANE,4.600018,4.599982,camera command; proximity clear
3.456,71.262,70.861,67.223,65.475,66.772,65.421,67.194,66.566,71.262,0,clear,1,FOLLOW_LANE,4.534389,4.665611,camera command; proximity clear
3.488,65.736,63.566,67.485,69.806,66.346,67.654,63.724,63.592,65.736,0,clear,1,FOLLOW_LANE,4.615639,4.584361,camera command; proximity clear
3.520,59.125,67.323,68.759,73.768,70.600,63.276,61.233,68.602,68.602,0,clear,1,FOLLOW_LANE,4.534385,4.665615,camera command; proximity clear
3.552,64.189,70.592,63.666,66.229,68.611,63.252,64.881,64.438,70.592,0,clear,1,FOLLOW_LANE,4.550006,4.649994,camera command; proximity clear
3.584,74.035,65.725,66.556,67.444,67.886,60.830,65.692,63.236,74.035,0,clear,1,FOLLOW_LANE,4.615631,4.584369,camera command; proximity clear
3.616,68.046,70.280,64.105,69.702,64.625,67.817,63.888,62.146,70.280,0,clear,1,FOLLOW_LANE,4.600006,4.599994,camera command; proximity clear
3.648,67.192,65.645,66.782,66.777,73.461,65.202,61.761,66.524,67.192,0,clear,1,FOLLOW_LANE,4.600006,4.599994,camera command; proximity clear
3.680,68.304,68.669,67.242,66.916,69.201,66.260,64.262,64.780,68.669,0,clear,1,FOLLOW_LANE,4.534377,4.665623,camera command; proximity clear
3.712,63.339,64.778,68.756,67.900,65.949,70.854,65.014,65.180,65.180,0,clear,1,FOLLOW_LANE,4.549998,4.650002,camera command; proximity clear
3.744,67.061,66.256,68.528,69.038,60.970,65.107,70.618,72.901,72.901,0,clear,1,FOLLOW_LANE,4.615623,4.584377,camera command; proximity clear
3.776,66.957,73.138,65.217,66.870,69.271,64.088,64.765,65.871,73.138,0,clear,1,FOLLOW_LANE,4.599998,4.600002,camera command; proximity clear
3.808,68.892,69.036,69.366,65.048,64.652,64.833,73.070,70.616,73.070,0,clear,1,FOLLOW_LANE,4.534369,4.665631,camera command; proximity clear
3.840,70.017,71.706,67.197,67.944,62.456,69.832,72.800,68.024,72.800,0,clear,1,FOLLOW_LANE,4.549990,4.650010,camera command; proximity clear
3.872,65.128,68.735,64.952,70.393,72.131,63.090,64.276,67.114,68.735,0,clear,1,FOLLOW_LANE,4.549986,4.650014,camera command; proximity clear
3.904,62.221,67.919,67.191,70.004,66.338,67.483,70.043,67.794,70.043,0,clear,1,FOLLOW_LANE,4.615611,4.584389,camera command; proximity clear
3.936,68.572,65.306,69.723,57.348,61.811,68.792,67.666,66.518,68.572,0,clear,1,FOLLOW_LANE,4.599986,4.600014,camera command; proximity clear
3.968,62.741,67.957,66.294,64.423,64.397,66.855,69.237,62.789,69.237,0,clear,1,FOLLOW_LANE,4.534357,4.665643,camera command; proximity clear
4.000,68.654,65.647,69.813,63.784,74.860,68.146,72.521,70.402,72.521,0,clear,1,FOLLOW_LANE,4.615607,4.584393,camera command; proximity clear
4.032,63.613,73.871,61.440,66.006,67.455,62.069,58.379,60.416,73.871,0,clear,1,FOLLOW_LANE,4.534353,4.665647,camera command; proximity clear
4.064,67.294,61.848,66.081,62.430,69.613,68.754,65.136,70.218,70.218,0,clear,1,FOLLOW_LANE,4.549974,4.650026,camera command; proximity clear
4.096,69.155,69.409,72.765,66.105,62.509,70.156,67.831,63.507,69.409,0,clear,1,FOLLOW_LANE,4.549970,4.650030,camera command; proximity clear
4.128,70.161,67.713,67.791,67.813,63.364,67.784,63.858,63.143,70.161,0,clear,1,FOLLOW_LANE,4.615595,4.584405,camera command; proximity clear
4.160,64.339,74.679,69.186,68.455,64.297,64.932,67.426,67.243,74.679,0,clear,1,FOLLOW_LANE,4.534341,4.665659,camera command; proximity clear
4.192,69.942,71.053,64.146,65.863,66.651,72.712,66.162,64.645,71.053,0,clear,1,FOLLOW_LANE,4.615591,4.584409,camera command; proximity clear
4.224,64.350,68.850,66.816,68.047,72.396,69.029,71.642,67.384,71.642,0,clear,1,FOLLOW_LANE,4.534337,4.665663,camera command; proximity clear
4.256,68.558,67.485,69.749,66.581,69.074,67.737,68.880,65.291,68.880,0,clear,1,FOLLOW_LANE,4.549958,4.650042,camera command; proximity clear
4.288,60.984,67.395,72.829,66.562,64.166,56.238,70.722,63.827,70.722,0,clear,1,FOLLOW_LANE,4.615583,4.584417,camera command; proximity clear
4.320,67.239,68.138,63.763,61.330,65.263,62.341,60.385,69.657,69.657,0,clear,1,FOLLOW_LANE,4.534329,4.665671,camera command; proximity clear
4.352,71.487,71.204,66.116,71.109,64.070,62.179,63.757,65.512,71.487,0,clear,1,FOLLOW_LANE,4.615579,4.584421,camera command; proximity clear
4.384,66.845,67.246,69.073,64.033,70.259,70.906,67.182,64.387,67.246,0,clear,1,FOLLOW_LANE,4.534325,4.665675,camera command; proximity clear
4.416,67.857,66.323,63.285,63.290,63.720,61.907,66.330,59.246,67.857,0,clear,1,FOLLOW_LANE,4.615575,4.584425,camera command; proximity clear
4.448,65.253,64.693,64.773,66.058,65.382,71.986,65.828,74.647,74.647,0,clear,1,FOLLOW_LANE,4.599950,4.600050,camera command; proximity clear
4.480,68.589,63.191,69.146,68.761,69.643,66.249,62.654,68.626,68.626,0,clear,1,FOLLOW_LANE,4.534321,4.665679,camera command; proximity clear
4.512,69.458,72.350,65.385,68.364,69.382,68.170,68.342,69.063,72.350,0,clear,1,FOLLOW_LANE,4.549942,4.650058,camera command; proximity clear
4.544,72.872,67.583,60.987,65.990,66.821,65.466,69.964,67.733,72.872,0,clear,1,FOLLOW_LANE,4.549938,4.650062,camera command; proximity clear
4.576,74.484,64.105,69.481,66.913,67.405,61.329,67.788,65.407,74.484,0,clear,1,FOLLOW_LANE,4.517119,4.682880,camera command; proximity clear
4.608,61.999,66.044,65.601,72.747,69.511,65.948,69.937,64.142,69.937,0,clear,1,FOLLOW_LANE,4.524926,4.675074,camera command; proximity clear
4.640,66.525,67.343,66.799,64.894,64.075,70.987,68.102,69.656,69.656,0,clear,1,FOLLOW_LANE,4.524920,4.675080,camera command; proximity clear
4.672,65.908,67.340,68.870,66.354,68.481,70.248,65.069,65.704,67.340,0,clear,1,FOLLOW_LANE,4.524914,4.675086,camera command; proximity clear
4.704,70.648,63.591,68.862,68.887,72.007,68.331,76.347,64.476,76.347,0,clear,1,FOLLOW_LANE,4.623352,4.576648,camera command; proximity clear
4.736,72.824,72.269,70.651,62.163,73.227,66.370,73.587,64.795,73.587,0,clear,1,FOLLOW_LANE,4.599914,4.600086,camera command; proximity clear
4.768,63.250,61.110,73.816,68.371,67.139,64.871,66.905,70.344,70.344,0,clear,1,FOLLOW_LANE,4.599914,4.600086,camera command; proximity clear
4.800,65.861,70.588,71.068,67.086,63.740,68.326,60.599,66.895,70.588,0,clear,1,FOLLOW_LANE,4.599914,4.600086,camera command; proximity clear
4.832,65.996,65.755,70.681,64.692,60.500,67.472,66.080,67.381,67.381,0,clear,1,FOLLOW_LANE,4.599914,4.600086,camera command; proximity clear
4.864,73.903,69.895,63.741,62.214,65.656,65.588,65.445,63.975,73.903,0,clear,1,FOLLOW_LANE,4.599914,4.600086,camera command; proximity clear
4.896,68.995,73.195,67.090,64.813,71.174,66.111,69.982,61.820,73.195,0,clear,1,STOP_WAIT,0.000000,0.000000,camera safety stop retained
4.928,70.000,62.060,60.988,68.990,69.576,66.423,63.121,63.886,70.000,0,clear,1,STOP_WAIT,0.000000,0.000000,camera safety stop retained
4.960,60.677,68.100,68.455,60.236,69.697,67.189,68.847,72.585,72.585,0,clear,1,STOP_WAIT,0.000000,0.000000,camera safety stop retained
4.992,66.804,68.808,64.828,64.544,65.696,61.162,68.101,61.425,68.808,0,clear,1,STOP_WAIT,0.000000,0.000000,camera safety stop retained
5.024,66.276,69.733,62.272,67.519,67.527,66.782,70.145,66.069,70.145,0,clear,1,STOP_WAIT,0.000000,0.000000,camera safety stop retained
5.056,74.291,71.766,67.504,72.520,69.380,68.265,66.284,64.139,74.291,0,clear,1,STOP_WAIT,0.000000,0.000000,camera safety stop retained
5.088,66.060,65.688,67.192,59.749,66.518,68.780,64.122,61.956,66.060,0,clear,1,STOP_WAIT,0.000000,0.000000,camera safety stop retained
5.120,67.148,66.941,66.326,64.836,74.910,58.661,63.460,68.417,68.417,0,clear,1,STOP_WAIT,0.000000,0.000000,camera safety stop retained
5.152,65.029,71.969,69.294,71.494,64.983,61.727,74.294,63.479,74.294,0,clear,1,STOP_WAIT,0.000000,0.000000,camera safety stop retained
5.184,72.951,71.262,65.850,60.046,67.516,69.805,66.833,71.230,72.951,0,clear,1,STOP_WAIT,0.000000,0.000000,camera safety stop retained
5.216,59.607,67.825,73.112,72.082,69.511,67.903,68.009,76.480,76.480,0,clear,1,STOP_WAIT,0.000000,0.000000,camera safety stop retained
5.248,61.268,63.545,66.303,67.295,69.683,67.878,70.800,68.652,70.800,0,clear,1,STOP_WAIT,0.000000,0.000000,camera safety stop retained
5.280,66.622,68.000,74.500,66.215,66.845,73.144,62.137,69.008,69.008,0,clear,1,STOP_WAIT,0.000000,0.000000,camera safety stop retained
5.312,67.343,62.635,71.388,70.094,67.060,71.623,64.177,68.225,68.225,0,clear,1,STOP_WAIT,0.000000,0.000000,camera safety stop retained
5.344,66.789,64.284,66.210,74.910,78.570,64.789,63.952,75.086,75.086,0,clear,1,STOP_WAIT,0.000000,0.000000,camera safety stop retained
5.376,65.106,67.303,60.467,67.715,69.355,64.417,67.833,69.304,69.304,0,clear,1,STOP_WAIT,0.000000,0.000000,camera safety stop retained
5.408,65.249,69.536,68.202,72.603,64.386,65.346,68.696,66.373,69.536,0,clear,1,STOP_WAIT,0.000000,0.000000,camera safety stop retained
5.440,67.115,73.662,66.448,65.669,63.917,71.231,69.599,67.280,73.662,0,clear,1,AVOID,1.300000,4.300000,camera command; proximity clear
5.472,70.620,62.211,60.942,64.477,67.594,72.004,66.308,65.796,70.620,0,clear,1,AVOID,1.300000,4.300000,camera command; proximity clear
5.504,67.886,62.062,64.035,63.189,61.501,72.061,65.440,61.623,67.886,0,clear,1,AVOID,1.300000,4.300000,camera command; proximity clear
5.536,63.565,71.761,69.948,64.454,66.629,61.687,62.308,72.284,72.284,0,clear,1,AVOID,1.300000,4.300000,camera command; proximity clear
5.568,66.696,66.029,69.402,62.985,61.396,67.108,74.220,69.096,74.220,0,clear,1,AVOID,1.300000,4.300000,camera command; proximity clear
5.600,65.411,63.776,69.283,66.784,68.153,64.972,64.874,70.100,70.100,0,clear,1,AVOID,1.300000,4.300000,camera command; proximity clear
5.632,66.530,63.932,66.952,69.137,67.584,62.981,73.337,67.146,73.337,0,clear,1,AVOID,1.300000,4.300000,camera command; proximity clear
5.664,70.413,62.892,69.728,69.120,67.152,68.824,70.929,63.672,70.929,0,clear,1,AVOID,1.300000,4.300000,camera command; proximity clear
5.696,72.710,64.701,74.347,66.490,67.511,68.931,61.316,67.627,72.710,0,clear,1,AVOID,1.300000,4.300000,camera command; proximity clear
5.728,66.843,67.551,70.105,66.218,63.988,71.645,65.373,71.116,71.116,0,clear,1,AVOID,1.300000,4.300000,camera command; proximity clear
5.760,70.689,63.643,66.789,61.029,69.813,70.418,60.575,66.861,70.689,0,clear,1,AVOID,1.300000,4.300000,camera command; proximity clear
5.792,74.164,68.425,66.898,70.257,66.570,65.281,63.447,60.746,74.164,0,clear,1,AVOID,1.300000,4.300000,camera command; proximity clear
5.824,90.575,62.168,64.253,67.087,65.518,72.578,61.462,70.784,90.575,0,clear,1,AVOID,1.300000,4.300000,camera command; proximity clear
5.856,90.893,78.040,70.470,63.226,66.411,65.752,63.993,70.460,90.893,0,clear,1,AVOID,1.300000,4.300000,camera command; proximity clear
5.888,94.772,93.505,69.181,63.102,64.889,67.359,74.191,64.297,94.772,0,clear,1,AVOID,1.300000,4.300000,camera command; proximity clear
5.920,99.782,105.540,67.244,65.685,67.052,66.242,71.802,66.732,105.540,1,front,-1,AVOID,0.000000,3.200000,proximity-guided collision avoidance
5.952,107.135,112.096,70.593,71.385,65.657,70.834,74.212,70.485,112.096,1,front,-1,AVOID,0.000000,3.200000,proximity-guided collision avoidance
5.984,104.739,116.650,66.290,63.127,68.143,69.982,65.810,62.610,116.650,1,front,-1,AVOID,0.000000,3.200000,proximity-guided collision avoidance
6.016,106.161,127.245,62.811,71.765,64.780,64.829,73.285,69.138,127.245,1,front,-1,AVOID,0.000000,3.200000,proximity-guided collision avoidance
6.048,100.819,107.146,71.430,65.462,67.418,73.018,68.242,63.275,107.146,1,front,-1,AVOID,0.000000,3.200000,proximity-guided collision avoidance
6.080,105.837,123.808,72.805,64.384,66.213,66.971,68.466,66.273,123.808,1,front,-1,AVOID,0.000000,3.200000,proximity-guided collision avoidance
6.112,96.187,130.097,70.153,67.250,66.404,64.837,61.056,64.758,130.097,1,front,-1,AVOID,0.000000,3.200000,proximity-guided collision avoidance
6.144,65.922,136.987,65.276,66.425,62.700,64.528,64.712,66.925,136.987,1,front,-1,AVOID,0.000000,3.200000,proximity-guided collision avoidance
6.176,66.178,136.636,67.720,70.061,66.827,59.816,67.176,68.066,136.636,1,front,-1,AVOID,0.000000,3.200000,proximity-guided collision avoidance
6.208,62.265,147.155,67.199,66.042,67.141,69.480,65.584,67.223,147.155,1,front,-1,AVOID,0.000000,3.200000,proximity-guided collision avoidance
6.240,63.773,147.737,64.799,65.946,65.614,65.424,66.359,64.131,147.737,1,front,-1,AVOID,0.000000,3.200000,proximity-guided collision avoidance
6.272,65.197,151.200,79.669,63.763,68.336,67.222,64.170,64.418,151.200,1,front,-1,AVOID,0.000000,3.200000,proximity-guided collision avoidance
6.304,70.196,151.843,95.125,71.980,66.663,69.690,71.758,69.953,151.843,1,front,-1,AVOID,0.000000,3.200000,proximity-guided collision avoidance
6.336,67.658,154.354,105.316,69.220,65.096,65.304,63.838,63.468,154.354,1,front,-1,AVOID,0.000000,3.200000,proximity-guided collision avoidance
6.368,65.300,155.986,113.586,67.555,63.838,75.325,65.158,60.998,155.986,1,front,-1,AVOID,0.000000,3.200000,proximity-guided collision avoidance
6.400,64.867,156.290,113.405,63.113,66.378,61.243,66.073,66.402,156.290,1,front,-1,AVOID,0.000000,3.200000,proximity-guided collision avoidance
6.432,69.357,160.082,120.009,65.759,64.538,64.801,66.401,68.410,160.082,1,front,-1,AVOID,0.000000,3.200000,proximity-guided collision avoidance
6.464,65.736,149.274,131.168,67.151,64.027,70.536,66.466,65.247,149.274,1,front,-1,AVOID,0.000000,3.200000,proximity-guided collision avoidance
6.496,71.101,148.535,134.314,64.481,69.900,69.185,64.008,68.589,148.535,1,front,-1,AVOID,0.000000,3.200000,proximity-guided collision avoidance
6.528,63.352,68.296,139.168,66.229,65.098,74.826,66.112,68.785,68.785,1,front,-1,AVOID,0.000000,3.200000,proximity-guided collision avoidance
6.560,69.600,65.497,146.406,64.666,63.376,66.351,61.971,70.448,70.448,1,front,-1,AVOID,0.000000,3.200000,proximity-guided collision avoidance
6.592,70.072,65.657,160.531,69.358,66.778,67.668,68.867,65.588,70.072,1,side_monitor,-1,AVOID,1.300000,4.300000,camera avoidance retained; side obstacle monitored
6.624,68.167,61.747,158.177,60.068,68.213,68.053,64.471,72.707,72.707,1,side_monitor,-1,AVOID,1.300000,4.300000,camera avoidance retained; side obstacle monitored
6.656,68.300,69.757,176.354,61.899,68.531,64.113,64.633,73.639,73.639,1,side_monitor,-1,AVOID,1.300000,4.300000,camera avoidance retained; side obstacle monitored
6.688,71.228,65.347,182.449,65.860,59.977,69.075,65.406,70.129,71.228,1,side_monitor,-1,AVOID,1.300000,4.300000,camera avoidance retained; side obstacle monitored
6.720,69.419,65.480,185.859,69.026,64.214,73.276,67.000,64.347,69.419,1,side_monitor,-1,AVOID,1.300000,4.300000,camera avoidance retained; side obstacle monitored
6.752,72.690,70.770,195.046,65.939,71.092,64.207,67.851,62.549,72.690,1,side_monitor,-1,AVOID,1.300000,4.300000,camera avoidance retained; side obstacle monitored
6.784,68.046,68.359,195.749,67.740,66.396,71.706,67.923,65.955,68.359,1,side_monitor,-1,AVOID,1.300000,4.300000,camera avoidance retained; side obstacle monitored
6.816,66.639,67.750,197.453,66.660,73.715,71.831,65.452,68.611,68.611,1,side_monitor,-1,AVOID,1.300000,4.300000,camera avoidance retained; side obstacle monitored
6.848,71.483,61.274,206.953,69.795,69.486,67.399,68.927,69.267,71.483,1,side_monitor,-1,AVOID,1.300000,4.300000,camera avoidance retained; side obstacle monitored
6.880,66.792,71.727,204.977,68.377,65.975,70.858,65.360,68.277,71.727,1,side_monitor,-1,AVOID,1.300000,4.300000,camera avoidance retained; side obstacle monitored
6.912,63.489,62.945,59.918,58.372,63.261,69.015,71.395,73.792,73.792,1,side_monitor,-1,AVOID,1.300000,4.300000,camera avoidance retained; side obstacle monitored
6.944,64.555,68.867,67.200,72.757,64.318,59.213,69.532,64.503,69.532,1,side_monitor,-1,AVOID,1.300000,4.300000,camera avoidance retained; side obstacle monitored
6.976,68.307,64.163,67.577,69.701,64.950,66.895,67.344,69.636,69.636,0,clear,-1,AVOID,1.300000,4.300000,camera command; proximity clear
7.008,71.915,66.786,66.886,73.988,63.484,66.680,74.485,72.480,74.485,0,clear,-1,AVOID,1.300000,4.300000,camera command; proximity clear
7.040,66.266,63.616,65.427,67.688,62.404,63.743,64.265,70.755,70.755,0,clear,-1,AVOID,1.300000,4.300000,camera command; proximity clear
7.072,69.088,64.449,62.538,67.236,72.023,67.589,69.496,69.591,69.591,0,clear,-1,AVOID,1.300000,4.300000,camera command; proximity clear
7.104,64.904,68.601,59.890,68.735,64.595,64.071,73.704,64.133,73.704,0,clear,-1,AVOID,1.300000,4.300000,camera command; proximity clear
7.136,72.110,74.529,68.614,62.561,70.500,68.113,69.867,67.547,74.529,0,clear,-1,AVOID,1.300000,4.300000,camera command; proximity clear
7.168,58.666,69.732,64.652,73.200,69.476,68.405,69.127,67.866,69.732,0,clear,-1,AVOID,1.300000,4.300000,camera command; proximity clear
7.200,69.125,68.450,74.078,83.084,65.215,67.127,68.841,69.958,69.958,0,clear,-1,AVOID,1.300000,4.300000,camera command; proximity clear
7.232,68.104,70.075,62.574,88.749,67.215,69.099,72.494,63.442,72.494,0,clear,-1,AVOID,1.300000,4.300000,camera command; proximity clear
7.264,59.541,65.945,65.486,94.359,65.183,67.140,70.073,69.985,70.073,0,clear,-1,AVOID,4.300000,1.300000,camera command; proximity clear
7.296,66.177,69.469,57.412,81.706,69.130,67.445,69.008,67.237,69.469,0,clear,-1,AVOID,4.300000,1.300000,camera command; proximity clear
7.328,67.725,68.193,63.089,67.767,65.700,69.507,67.568,70.288,70.288,0,clear,-1,AVOID,4.300000,1.300000,camera command; proximity clear
7.360,66.456,69.091,71.750,63.503,70.841,64.536,68.500,66.609,69.091,0,clear,-1,AVOID,4.300000,1.300000,camera command; proximity clear
7.392,70.112,67.441,68.356,68.747,65.537,69.792,70.249,66.383,70.249,0,clear,-1,AVOID,4.300000,1.300000,camera command; proximity clear
7.424,56.670,66.807,62.762,74.410,64.680,63.694,63.230,64.077,66.807,0,clear,-1,AVOID,4.300000,1.300000,camera command; proximity clear
7.456,62.224,68.700,70.210,69.527,70.417,67.205,62.089,67.051,68.700,0,clear,-1,AVOID,4.300000,1.300000,camera command; proximity clear
7.488,66.976,67.416,67.020,68.771,63.132,63.439,68.501,68.835,68.835,0,clear,-1,AVOID,4.300000,1.300000,camera command; proximity clear
7.520,63.357,68.982,71.929,68.350,66.819,69.440,64.414,67.181,68.982,0,clear,-1,AVOID,4.300000,1.300000,camera command; proximity clear
7.552,65.110,67.069,69.628,62.238,68.862,69.179,68.511,62.157,68.511,0,clear,-1,AVOID,4.300000,1.300000,camera command; proximity clear
7.584,63.163,69.237,69.590,65.095,65.274,62.974,73.440,71.902,73.440,0,clear,-1,AVOID,4.300000,1.300000,camera command; proximity clear
7.616,68.590,67.719,69.275,66.667,65.161,67.253,68.090,72.150,72.150,0,clear,-1,AVOID,4.300000,1.300000,camera command; proximity clear
7.648,68.074,69.401,71.135,62.357,71.966,68.175,64.569,70.262,70.262,0,clear,-1,AVOID,4.300000,1.300000,camera command; proximity clear
7.680,63.715,73.013,70.360,64.511,65.498,64.375,62.742,71.563,73.013,0,clear,-1,AVOID,4.300000,1.300000,camera command; proximity clear
7.712,68.588,64.844,67.844,67.125,65.560,64.394,65.786,62.200,68.588,0,clear,-1,AVOID,4.300000,1.300000,camera command; proximity clear
7.744,67.595,66.206,70.240,71.887,62.889,65.701,64.696,65.911,67.595,0,clear,-1,AVOID,4.300000,1.300000,camera command; proximity clear
7.776,66.486,60.167,65.162,72.148,69.944,64.021,68.225,70.505,70.505,0,clear,-1,AVOID,4.300000,1.300000,camera command; proximity clear
7.808,69.221,69.776,67.755,65.647,71.599,65.172,69.481,68.753,69.776,0,clear,-1,AVOID,4.300000,1.300000,camera command; proximity clear
7.840,71.949,65.243,64.735,71.227,69.519,59.869,63.308,69.508,71.949,0,clear,-1,AVOID,4.300000,1.300000,camera command; proximity clear
7.872,66.282,69.771,67.581,69.135,66.418,67.160,65.413,66.183,69.771,0,clear,-1,AVOID,4.300000,1.300000,camera command; proximity clear
7.904,70.040,58.773,66.284,69.332,72.968,71.193,68.121,66.835,70.040,0,clear,-1,AVOID,4.300000,1.300000,camera command; proximity clear
7.936,64.572,68.045,66.432,68.564,71.631,69.084,65.280,66.645,68.045,0,clear,-1,AVOID,4.300000,1.300000,camera command; proximity clear
7.968,66.144,67.039,62.424,65.295,64.193,65.188,71.195,69.822,71.195,0,clear,-1,AVOID,4.300000,1.300000,camera command; proximity clear
8.000,64.715,69.804,64.482,66.991,66.948,64.456,65.349,62.017,69.804,0,clear,-1,AVOID,4.300000,1.300000,camera command; proximity clear
8.032,69.223,67.626,64.809,68.107,74.968,62.538,68.504,71.515,71.515,0,clear,-1,AVOID,4.300000,1.300000,camera command; proximity clear
8.064,66.558,68.178,61.713,75.032,71.396,69.676,64.771,68.290,68.290,0,clear,-1,AVOID,4.300000,1.300000,camera command; proximity clear
8.096,63.938,64.555,65.647,64.210,65.788,70.702,58.613,69.333,69.333,0,clear,-1,AVOID,4.300000,1.300000,camera command; proximity clear
8.128,70.860,69.386,66.202,66.781,58.439,66.495,67.881,66.628,70.860,0,clear,-1,AVOID,4.300000,1.300000,camera command; proximity clear
8.160,64.815,73.567,67.904,68.042,68.542,67.137,68.733,69.118,73.567,0,clear,-1,AVOID,4.300000,1.300000,camera command; proximity clear
8.192,70.231,70.435,69.021,61.297,65.957,73.081,74.060,60.560,74.060,0,clear,-1,AVOID,4.300000,1.300000,camera command; proximity clear
8.224,63.354,69.799,66.203,64.733,65.557,68.667,67.829,65.685,69.799,0,clear,-1,AVOID,4.300000,1.300000,camera command; proximity clear
8.256,68.873,61.682,63.724,70.964,65.162,63.279,70.197,68.270,70.197,0,clear,-1,AVOID,4.300000,1.300000,camera command; proximity clear
8.288,66.136,70.211,66.529,69.509,69.258,67.882,64.702,68.640,70.211,0,clear,-1,AVOID,4.300000,1.300000,camera command; proximity clear
8.320,66.088,63.522,65.318,63.044,63.876,65.843,67.315,66.872,67.315,0,clear,-1,AVOID,4.300000,1.300000,camera command; proximity clear
8.352,74.453,61.999,65.309,73.811,65.018,65.069,69.646,70.639,74.453,0,clear,-1,AVOID,4.300000,1.300000,camera command; proximity clear
8.384,66.997,68.260,68.352,66.550,66.392,64.750,66.340,64.406,68.260,0,clear,-1,AVOID,4.300000,1.300000,camera command; proximity clear
8.416,70.754,68.024,64.920,67.789,67.709,68.808,63.476,71.903,71.903,0,clear,-1,AVOID,4.300000,1.300000,camera command; proximity clear
8.448,67.888,66.421,68.015,70.901,68.809,65.168,70.837,67.183,70.837,0,clear,-1,AVOID,4.300000,1.300000,camera command; proximity clear
8.480,66.855,72.912,69.362,68.504,66.566,70.029,65.532,65.718,72.912,0,clear,-1,AVOID,4.300000,1.300000,camera command; proximity clear
8.512,65.963,68.700,72.615,67.880,65.664,67.663,69.738,67.677,69.738,0,clear,-1,AVOID,4.300000,1.300000,camera command; proximity clear
8.544,63.123,63.427,72.613,69.159,65.720,63.801,72.888,64.151,72.888,0,clear,-1,AVOID,4.300000,1.300000,camera command; proximity clear
8.576,64.565,66.184,70.012,72.448,65.808,69.984,73.295,68.165,73.295,0,clear,-1,AVOID,4.300000,1.300000,camera command; proximity clear
8.608,70.285,65.229,70.669,70.180,64.686,68.474,70.218,61.503,70.285,0,clear,-1,AVOID,4.300000,1.300000,camera command; proximity clear
8.640,69.724,62.233,65.694,62.270,64.912,63.609,67.446,67.403,69.724,0,clear,-1,AVOID,4.300000,1.300000,camera command; proximity clear
8.672,69.063,68.616,65.055,68.476,65.605,71.176,67.408,68.944,69.063,0,clear,-1,AVOID,4.300000,1.300000,camera command; proximity clear
8.704,71.219,68.315,72.207,67.509,71.493,64.848,67.932,65.964,71.219,0,clear,-1,AVOID,4.300000,1.300000,camera command; proximity clear
8.736,62.442,69.853,63.722,67.857,68.520,63.908,67.110,71.538,71.538,0,clear,-1,AVOID,4.300000,1.300000,camera command; proximity clear
8.768,67.923,62.822,67.983,61.353,69.392,63.479,68.426,69.662,69.662,0,clear,-1,AVOID,4.300000,1.300000,camera command; proximity clear
8.800,61.261,63.208,69.918,70.148,69.119,62.437,69.508,66.103,69.508,0,clear,-1,AVOID,4.300000,1.300000,camera command; proximity clear
8.832,65.217,69.999,67.310,63.047,66.452,60.099,60.425,66.899,69.999,0,clear,-1,AVOID,4.300000,1.300000,camera command; proximity clear
8.864,66.647,69.301,66.093,67.210,67.032,70.845,70.451,70.955,70.955,0,clear,-1,AVOID,4.300000,1.300000,camera command; proximity clear
8.896,65.690,70.434,64.219,72.508,65.133,67.896,70.388,63.675,70.434,0,clear,-1,AVOID,4.300000,1.300000,camera command; proximity clear
8.928,65.859,66.631,69.478,67.866,64.017,67.452,64.106,65.431,66.631,0,clear,-1,AVOID,4.300000,1.300000,camera command; proximity clear
8.960,60.602,75.999,62.981,69.211,66.170,65.953,67.092,63.040,75.999,0,clear,-1,AVOID,4.300000,1.300000,camera command; proximity clear
8.992,69.096,69.690,71.458,60.513,69.943,65.476,74.256,70.335,74.256,0,clear,-1,AVOID,4.300000,1.300000,camera command; proximity clear
9.024,64.304,65.348,68.938,70.655,73.328,70.874,66.579,69.698,69.698,0,clear,-1,AVOID,4.300000,1.300000,camera command; proximity clear
9.056,66.398,70.517,64.279,68.110,67.471,63.202,74.262,70.599,74.262,0,clear,-1,AVOID,4.300000,1.300000,camera command; proximity clear
9.088,68.190,66.191,63.830,71.391,66.488,67.576,67.303,62.554,68.190,0,clear,-1,AVOID,4.300000,1.300000,camera command; proximity clear
9.120,66.351,62.015,66.000,66.815,72.302,62.145,61.815,70.613,70.613,0,clear,-1,AVOID,4.300000,1.300000,camera command; proximity clear
9.152,70.285,68.911,68.472,64.882,62.557,66.089,73.081,65.545,73.081,0,clear,-1,AVOID,4.300000,1.300000,camera command; proximity clear
9.184,64.751,66.220,64.573,66.307,64.189,65.860,66.567,63.984,66.567,0,clear,-1,AVOID,4.300000,1.300000,camera command; proximity clear
9.216,56.040,60.286,68.486,68.845,72.585,65.759,67.202,68.983,68.983,0,clear,-1,AVOID,4.300000,1.300000,camera command; proximity clear
9.248,65.923,68.014,64.566,65.208,60.269,66.608,66.299,69.865,69.865,0,clear,-1,AVOID,4.300000,1.300000,camera command; proximity clear
9.280,66.814,67.166,66.473,70.606,67.267,70.492,71.536,65.972,71.536,0,clear,-1,AVOID,4.300000,1.300000,camera command; proximity clear
9.312,62.889,68.913,62.437,66.976,73.533,65.277,65.247,66.709,68.913,0,clear,-1,AVOID,4.300000,1.300000,camera command; proximity clear
9.344,65.652,69.158,69.223,70.006,63.043,66.447,60.594,68.862,69.158,0,clear,-1,AVOID,4.300000,1.300000,camera command; proximity clear
9.376,71.889,69.952,66.585,68.616,68.449,71.355,63.266,68.314,71.889,0,clear,-1,AVOID,4.300000,1.300000,camera command; proximity clear
9.408,68.428,70.844,64.487,66.056,73.201,73.430,73.136,66.616,73.136,0,clear,-1,AVOID,4.300000,1.300000,camera command; proximity clear
9.440,70.781,62.134,72.818,66.657,63.863,67.857,64.040,67.620,70.781,0,clear,-1,AVOID,4.300000,1.300000,camera command; proximity clear
9.472,70.007,67.730,68.158,65.964,70.369,61.929,67.625,67.667,70.007,0,clear,-1,AVOID,4.300000,1.300000,camera command; proximity clear
9.504,66.555,62.973,63.588,63.078,65.655,71.175,69.012,62.987,69.012,0,clear,-1,AVOID,4.300000,1.300000,camera command; proximity clear
9.536,72.350,64.568,62.212,64.229,72.574,62.208,65.338,66.139,72.350,0,clear,-1,AVOID,4.300000,1.300000,camera command; proximity clear
9.568,67.798,66.619,66.910,61.743,67.595,65.183,67.530,66.301,67.798,0,clear,-1,AVOID,4.300000,1.300000,camera command; proximity clear
9.600,64.878,72.096,71.018,72.885,69.887,63.512,69.698,67.388,72.096,0,clear,-1,AVOID,4.300000,1.300000,camera command; proximity clear
9.632,65.917,66.749,61.701,68.653,65.471,70.147,68.767,67.525,68.767,0,clear,-1,AVOID,4.300000,1.300000,camera command; proximity clear
9.664,68.037,67.687,70.113,67.723,72.413,62.615,62.960,62.426,68.037,0,clear,-1,AVOID,4.300000,1.300000,camera command; proximity clear
9.696,66.837,67.959,69.542,69.586,68.279,71.836,72.739,63.231,72.739,0,clear,-1,AVOID,4.300000,1.300000,camera command; proximity clear
9.728,63.584,65.616,63.484,67.310,66.276,70.856,64.424,69.359,69.359,0,clear,-1,AVOID,4.300000,1.300000,camera command; proximity clear
9.760,63.571,65.737,69.988,67.528,64.779,71.454,64.008,65.016,65.737,0,clear,-1,AVOID,4.300000,1.300000,camera command; proximity clear
9.792,69.174,71.025,67.252,67.797,69.638,65.790,65.944,69.838,71.025,0,clear,-1,REJOIN,3.718806,1.881194,camera command; proximity clear
9.824,66.901,83.689,66.122,68.961,63.789,68.220,72.863,64.136,83.689,0,clear,-1,REJOIN,3.500112,2.099888,camera command; proximity clear
9.856,77.321,81.020,66.401,64.337,67.470,65.107,68.149,66.758,81.020,0,clear,-1,REJOIN,3.500168,2.099832,camera command; proximity clear
9.888,65.520,93.326,68.780,63.654,67.299,71.603,71.545,73.509,93.326,0,clear,-1,REJOIN,3.467409,2.132591,camera command; proximity clear
9.920,66.312,96.083,66.828,67.891,60.264,69.281,65.977,65.361,96.083,0,clear,-1,FOLLOW_LANE,3.508090,2.091909,camera command; proximity clear
9.952,65.327,103.297,64.140,65.714,69.945,69.937,65.541,61.463,103.297,0,clear,-1,FOLLOW_LANE,5.333149,3.866851,camera command; proximity clear
9.984,74.224,107.569,65.545,71.959,66.222,62.046,68.368,64.571,107.569,1,front,-1,FOLLOW_LANE,0.000000,3.200000,proximity-guided collision avoidance
10.016,73.223,111.085,69.918,61.783,66.837,70.390,68.450,63.061,111.085,1,front,-1,FOLLOW_LANE,0.000000,3.200000,proximity-guided collision avoidance
10.048,69.127,109.965,62.612,68.334,66.746,66.700,69.060,62.037,109.965,1,front,-1,FOLLOW_LANE,0.000000,3.200000,proximity-guided collision avoidance
10.080,68.459,108.473,72.452,70.784,68.462,65.680,68.215,63.092,108.473,1,front,-1,FOLLOW_LANE,0.000000,3.200000,proximity-guided collision avoidance
10.112,60.347,122.173,63.407,71.428,64.621,68.311,67.919,65.542,122.173,1,front,-1,FOLLOW_LANE,0.000000,3.200000,proximity-guided collision avoidance
10.144,72.180,118.029,72.144,65.782,67.865,66.892,70.424,70.275,118.029,1,front,-1,FOLLOW_LANE,0.000000,3.200000,proximity-guided collision avoidance
10.176,69.088,134.574,66.997,69.400,64.453,69.147,66.786,64.783,134.574,1,front,-1,FOLLOW_LANE,0.000000,3.200000,proximity-guided collision avoidance
10.208,68.693,125.120,67.950,61.634,64.590,60.020,60.934,68.560,125.120,1,front,-1,FOLLOW_LANE,0.000000,3.200000,proximity-guided collision avoidance
10.240,66.463,120.902,66.376,69.000,68.365,64.359,67.262,68.249,120.902,1,front,-1,FOLLOW_LANE,0.000000,3.200000,proximity-guided collision avoidance
10.272,69.417,117.198,68.340,69.022,67.261,68.592,66.061,64.865,117.198,1,front,-1,FOLLOW_LANE,0.000000,3.200000,proximity-guided collision avoidance
10.304,67.547,117.765,99.537,69.285,63.032,67.902,67.868,69.327,117.765,1,front,-1,FOLLOW_LANE,0.000000,3.200000,proximity-guided collision avoidance
10.336,65.353,125.122,99.822,63.608,65.129,69.162,67.134,60.261,125.122,1,front,-1,FOLLOW_LANE,0.000000,3.200000,proximity-guided collision avoidance
10.368,67.816,124.932,110.565,66.300,65.177,70.123,66.602,65.551,124.932,1,side,-1,FOLLOW_LANE,3.400000,5.400000,side proximity clearance manoeuvre
10.400,69.847,121.756,105.403,67.988,70.039,62.144,67.403,68.594,121.756,1,side,-1,FOLLOW_LANE,3.400000,5.400000,side proximity clearance manoeuvre
10.432,68.433,124.819,123.621,68.939,62.889,67.819,69.271,67.307,124.819,1,side,-1,FOLLOW_LANE,3.400000,5.400000,side proximity clearance manoeuvre
10.464,69.956,121.319,120.411,63.326,68.630,64.989,66.471,63.416,121.319,1,side,-1,FOLLOW_LANE,3.400000,5.400000,side proximity clearance manoeuvre
10.496,63.279,131.724,140.963,67.100,70.905,62.754,71.245,64.883,131.724,1,side,-1,FOLLOW_LANE,3.400000,5.400000,side proximity clearance manoeuvre
10.528,66.200,131.827,140.454,68.344,71.105,66.392,64.950,63.562,131.827,1,side,-1,FOLLOW_LANE,3.400000,5.400000,side proximity clearance manoeuvre
10.560,62.853,65.644,147.311,65.862,64.326,63.111,70.542,69.329,70.542,1,side,-1,FOLLOW_LANE,3.400000,5.400000,side proximity clearance manoeuvre
10.592,63.318,68.409,157.046,64.595,67.411,66.799,64.361,62.122,68.409,1,side,-1,FOLLOW_LANE,3.400000,5.400000,side proximity clearance manoeuvre
10.624,72.529,67.979,166.262,65.240,65.580,65.910,64.239,67.188,72.529,1,side,-1,FOLLOW_LANE,3.400000,5.400000,side proximity clearance manoeuvre
10.656,66.980,62.202,171.179,75.479,65.255,68.635,67.075,63.615,67.075,1,side,-1,FOLLOW_LANE,3.400000,5.400000,side proximity clearance manoeuvre
10.688,66.777,58.415,189.231,64.354,66.213,72.057,66.438,66.474,66.777,1,side,-1,FOLLOW_LANE,3.400000,5.400000,side proximity clearance manoeuvre
10.720,69.778,69.401,196.594,63.816,66.955,65.772,69.943,66.408,69.943,1,side,-1,FOLLOW_LANE,3.400000,5.400000,side proximity clearance manoeuvre
10.752,67.490,72.910,204.731,69.449,62.740,63.806,63.371,70.797,72.910,1,side,-1,FOLLOW_LANE,3.400000,5.400000,side proximity clearance manoeuvre
10.784,65.019,66.676,213.839,60.985,63.038,66.935,69.231,70.253,70.253,1,side,-1,FOLLOW_LANE,3.400000,5.400000,side proximity clearance manoeuvre
10.816,66.645,69.029,208.180,68.816,66.996,64.626,68.664,67.885,69.029,1,side,-1,FOLLOW_LANE,3.400000,5.400000,side proximity clearance manoeuvre
10.848,66.201,65.783,224.121,63.060,67.323,67.917,68.405,71.662,71.662,1,side,-1,FOLLOW_LANE,3.400000,5.400000,side proximity clearance manoeuvre
10.880,65.658,66.486,234.179,66.720,63.460,67.630,67.009,63.598,67.009,1,side,-1,FOLLOW_LANE,3.400000,5.400000,side proximity clearance manoeuvre
10.912,63.041,67.195,228.572,67.770,68.764,69.097,66.120,70.682,70.682,1,side,-1,FOLLOW_LANE,3.400000,5.400000,side proximity clearance manoeuvre
10.944,69.954,66.999,68.098,62.864,65.309,61.654,64.826,67.985,69.954,1,side,-1,FOLLOW_LANE,3.400000,5.400000,side proximity clearance manoeuvre
10.976,68.642,70.940,72.466,68.938,69.860,72.915,64.182,67.713,70.940,1,side,-1,FOLLOW_LANE,3.400000,5.400000,side proximity clearance manoeuvre
11.008,62.457,61.880,68.285,70.677,64.203,68.212,68.721,68.138,68.721,0,clear,-1,FOLLOW_LANE,5.635848,3.564151,camera command; proximity clear
11.040,67.591,61.718,71.419,64.716,65.513,65.181,67.155,69.983,69.983,0,clear,-1,FOLLOW_LANE,5.628118,3.571882,camera command; proximity clear
11.072,59.906,68.624,67.686,66.554,64.938,72.388,66.998,68.937,68.937,0,clear,-1,FOLLOW_LANE,5.726643,3.473356,camera command; proximity clear
11.104,67.895,62.357,68.172,68.435,66.896,62.644,67.987,64.472,67.987,0,clear,-1,FOLLOW_LANE,5.703294,3.496706,camera command; proximity clear
11.136,66.394,63.462,70.232,61.266,72.110,68.398,69.151,68.265,69.151,0,clear,-1,FOLLOW_LANE,5.769011,3.430989,camera command; proximity clear
11.168,65.389,67.307,67.764,73.997,67.376,66.136,66.945,62.733,67.307,0,clear,-1,FOLLOW_LANE,5.720663,3.479336,camera command; proximity clear
11.200,62.642,66.369,68.594,65.111,73.541,62.500,65.879,73.438,73.438,0,clear,-1,FOLLOW_LANE,5.695752,3.504248,camera command; proximity clear
11.232,70.289,65.202,62.454,64.292,69.570,63.704,65.843,68.119,70.289,0,clear,-1,FOLLOW_LANE,5.736466,3.463533,camera command; proximity clear
11.264,69.827,73.629,71.885,68.579,69.698,64.280,67.879,63.201,73.629,0,clear,-1,FOLLOW_LANE,5.860002,3.339998,camera command; proximity clear
11.296,65.396,66.963,67.165,66.457,67.904,68.715,62.824,69.494,69.494,0,clear,-1,FOLLOW_LANE,5.992922,3.207077,camera command; proximity clear
11.328,66.928,67.457,69.258,67.887,73.366,72.381,66.572,69.004,69.004,0,clear,-1,FOLLOW_LANE,6.249299,2.950701,camera command; proximity clear
11.360,69.626,68.220,71.584,65.362,72.006,70.319,68.242,68.225,69.626,0,clear,-1,FOLLOW_LANE,6.146297,3.053702,camera command; proximity clear
11.392,64.765,62.868,67.180,70.035,70.093,64.995,68.080,70.033,70.033,0,clear,-1,FOLLOW_LANE,6.121420,3.078580,camera command; proximity clear
11.424,71.643,68.401,68.881,67.150,63.837,71.097,69.083,67.742,71.643,0,clear,-1,FOLLOW_LANE,6.096539,3.103460,camera command; proximity clear
11.456,63.897,72.070,61.975,70.362,69.611,70.260,63.941,65.785,72.070,0,clear,-1,FOLLOW_LANE,6.235730,2.964270,camera command; proximity clear
11.488,68.820,73.630,70.195,65.395,64.967,67.008,63.435,63.441,73.630,0,clear,-1,FOLLOW_LANE,6.280000,2.864134,camera command; proximity clear
11.520,69.271,68.145,68.967,62.885,71.807,69.283,64.360,68.101,69.271,0,clear,-1,FOLLOW_LANE,6.280000,2.895248,camera command; proximity clear
11.552,72.581,66.365,68.237,68.880,66.855,68.532,65.320,70.646,72.581,0,clear,-1,FOLLOW_LANE,6.140815,3.059184,camera command; proximity clear
11.584,71.739,67.787,61.968,66.167,64.530,65.928,70.563,73.257,73.257,0,clear,-1,FOLLOW_LANE,5.819044,3.380955,camera command; proximity clear
11.616,69.562,68.080,65.018,67.491,70.516,70.224,65.417,71.535,71.535,0,clear,-1,FOLLOW_LANE,5.839457,3.360543,camera command; proximity clear
11.648,75.035,64.221,66.733,70.506,63.956,63.846,67.567,69.559,75.035,0,clear,-1,FOLLOW_LANE,5.789553,3.410447,camera command; proximity clear
11.680,65.237,65.630,73.858,70.721,69.008,69.164,69.703,64.886,69.703,0,clear,-1,FOLLOW_LANE,5.870903,3.329097,camera command; proximity clear
11.712,67.615,59.238,65.030,68.852,67.906,68.827,71.514,72.718,72.718,0,clear,-1,FOLLOW_LANE,5.986636,3.213364,camera command; proximity clear
11.744,63.938,60.541,66.870,62.548,65.164,68.241,73.716,64.564,73.716,0,clear,-1,FOLLOW_LANE,5.889865,3.310135,camera command; proximity clear
11.776,64.512,68.901,69.678,64.022,67.689,63.993,61.154,67.104,68.901,0,clear,-1,FOLLOW_LANE,5.150860,4.049139,camera command; proximity clear
11.808,70.947,67.357,64.164,66.197,69.543,66.916,66.090,67.080,70.947,0,clear,-1,FOLLOW_LANE,4.871203,4.328797,camera command; proximity clear
11.840,71.054,65.817,69.691,64.625,65.282,68.858,68.087,66.787,71.054,0,clear,-1,FOLLOW_LANE,4.685277,4.514722,camera command; proximity clear
11.872,63.837,63.845,67.885,65.776,67.273,66.522,64.545,68.072,68.072,0,clear,-1,FOLLOW_LANE,4.624344,4.575656,camera command; proximity clear
11.904,65.229,64.224,67.056,71.839,69.700,67.729,64.365,63.558,65.229,0,clear,-1,FOLLOW_LANE,4.589969,4.610031,camera command; proximity clear
11.936,66.132,67.487,75.382,70.228,64.549,64.162,69.342,65.496,69.342,0,clear,-1,FOLLOW_LANE,4.605594,4.594406,camera command; proximity clear
11.968,67.765,71.460,67.266,70.109,70.693,66.287,65.538,69.917,71.460,0,clear,-1,FOLLOW_LANE,4.539965,4.660035,camera command; proximity clear
12.000,66.155,65.267,71.190,70.228,58.641,57.449,67.176,60.779,67.176,0,clear,-1,FOLLOW_LANE,4.522771,4.677229,camera command; proximity clear
12.032,64.000,70.280,71.264,71.114,67.955,62.757,64.424,61.758,70.280,0,clear,-1,FOLLOW_LANE,4.530578,4.669422,camera command; proximity clear
12.064,64.590,70.121,66.388,67.126,64.976,69.017,62.290,67.241,70.121,0,clear,-1,FOLLOW_LANE,4.497757,4.702242,camera command; proximity clear
12.096,71.647,66.892,71.361,68.579,68.087,66.039,71.364,63.178,71.647,0,clear,-1,FOLLOW_LANE,4.472747,4.727252,camera command; proximity clear
12.128,65.442,67.549,68.207,69.097,68.213,59.320,73.643,64.410,73.643,0,clear,-1,FOLLOW_LANE,4.447735,4.752264,camera command; proximity clear
12.160,63.479,71.708,63.531,63.180,68.775,75.051,62.910,63.522,71.708,0,clear,-1,FOLLOW_LANE,4.455536,4.744464,camera command; proximity clear
12.192,66.695,62.428,71.410,61.853,66.319,65.566,62.914,67.430,67.430,0,clear,-1,FOLLOW_LANE,4.455524,4.744476,camera command; proximity clear
12.224,67.503,64.512,62.891,72.266,67.858,68.582,63.113,68.261,68.261,0,clear,-1,FOLLOW_LANE,4.389883,4.810117,camera command; proximity clear
12.256,65.041,66.378,66.557,65.566,75.036,66.308,64.257,59.044,66.378,0,clear,-1,FOLLOW_LANE,4.372677,4.827322,camera command; proximity clear
12.288,71.114,67.710,71.301,60.411,66.586,71.601,66.264,66.555,71.114,0,clear,-1,FOLLOW_LANE,4.380472,4.819528,camera command; proximity clear
12.320,67.612,67.498,64.654,62.306,70.139,63.096,69.498,71.293,71.293,0,clear,-1,FOLLOW_LANE,4.314825,4.885175,camera command; proximity clear
12.352,67.735,61.554,57.257,64.268,66.188,67.698,69.267,77.201,77.201,0,clear,-1,FOLLOW_LANE,4.264799,4.935201,camera command; proximity clear
12.384,70.097,72.943,66.661,69.464,65.551,69.915,69.061,62.864,72.943,0,clear,-1,FOLLOW_LANE,4.214769,4.985231,camera command; proximity clear
12.416,76.009,65.042,66.243,68.420,69.293,72.625,71.073,63.674,76.009,0,clear,-1,FOLLOW_LANE,4.099106,5.100894,camera command; proximity clear
12.448,65.024,68.438,64.021,71.223,65.219,66.847,70.078,68.553,70.078,0,clear,-1,FOLLOW_LANE,3.933431,5.266569,camera command; proximity clear
12.480,61.987,62.514,71.215,72.225,59.059,65.130,70.518,68.167,70.518,0,clear,-1,FOLLOW_LANE,3.848998,5.351002,camera command; proximity clear
12.512,72.127,65.443,66.158,69.197,63.956,67.473,73.178,65.862,73.178,0,clear,-1,FOLLOW_LANE,3.781746,5.418253,camera command; proximity clear
12.544,69.021,68.195,71.746,63.082,68.784,67.447,66.284,68.698,69.021,0,clear,-1,FOLLOW_LANE,3.739491,5.460509,camera command; proximity clear
12.576,65.068,66.764,68.639,66.495,62.033,68.519,70.436,60.666,70.436,0,clear,-1,FOLLOW_LANE,3.755048,5.444952,camera command; proximity clear
12.608,65.205,67.216,62.658,65.642,67.635,65.454,69.607,62.912,69.607,0,clear,-1,FOLLOW_LANE,3.754980,5.445020,camera command; proximity clear
12.640,70.322,65.279,63.731,67.326,77.105,73.784,68.244,69.631,70.322,0,clear,-1,FOLLOW_LANE,3.820541,5.379459,camera command; proximity clear
12.672,65.314,63.683,71.173,63.579,62.324,66.911,67.451,65.772,67.451,0,clear,-1,FOLLOW_LANE,3.886888,5.313112,camera command; proximity clear
12.704,70.183,59.591,64.420,67.917,65.616,62.536,74.901,66.347,74.901,0,clear,-1,FOLLOW_LANE,4.228257,4.971742,camera command; proximity clear
12.736,66.524,69.589,68.653,70.579,64.464,63.811,69.607,69.556,69.607,0,clear,-1,FOLLOW_LANE,4.519650,4.680350,camera command; proximity clear
12.768,71.316,71.784,57.134,68.046,65.044,70.255,66.478,67.907,71.784,0,clear,-1,FOLLOW_LANE,4.396977,4.803022,camera command; proximity clear
12.800,66.572,73.491,63.518,64.391,62.874,71.390,69.168,64.459,73.491,0,clear,-1,FOLLOW_LANE,4.371959,4.828040,camera command; proximity clear
12.832,63.060,68.621,64.625,66.610,62.261,70.863,64.740,66.839,68.621,0,clear,-1,FOLLOW_LANE,4.379754,4.820246,camera command; proximity clear
12.864,66.789,66.464,66.307,71.550,68.046,63.580,64.197,68.194,68.194,0,clear,-1,FOLLOW_LANE,4.281292,4.918708,camera command; proximity clear
12.896,62.834,66.931,72.268,71.346,70.196,68.777,64.676,59.817,66.931,0,clear,-1,FOLLOW_LANE,4.370335,4.829665,camera command; proximity clear
12.928,69.069,69.495,72.433,64.397,69.387,65.429,70.445,66.449,70.445,0,clear,-1,FOLLOW_LANE,4.223432,4.976568,camera command; proximity clear
12.960,69.716,67.826,69.037,62.384,67.347,63.417,66.281,67.052,69.716,0,clear,-1,FOLLOW_LANE,4.320283,4.879717,camera command; proximity clear
12.992,63.669,66.428,62.313,68.966,67.561,71.340,66.822,67.397,67.397,0,clear,-1,FOLLOW_LANE,4.255412,4.944588,camera command; proximity clear
13.024,64.452,62.468,70.101,65.461,67.950,64.230,67.316,68.863,68.863,0,clear,-1,FOLLOW_LANE,4.217882,4.982118,camera command; proximity clear
13.056,68.149,64.594,65.408,68.922,69.696,67.589,71.343,67.621,71.343,0,clear,-1,FOLLOW_LANE,4.016277,5.183723,camera command; proximity clear
13.088,61.545,66.503,67.645,67.942,66.738,71.616,68.239,65.279,68.239,0,clear,-1,FOLLOW_LANE,3.886535,5.313465,camera command; proximity clear
13.120,64.015,61.126,68.403,67.703,71.217,62.605,67.976,73.903,73.903,0,clear,-1,FOLLOW_LANE,4.027893,5.172106,camera command; proximity clear
13.152,58.472,67.501,68.771,69.311,64.749,61.387,66.880,73.330,73.330,0,clear,-1,FOLLOW_LANE,4.037222,5.162777,camera command; proximity clear
13.184,70.711,65.221,64.255,70.696,71.921,67.780,69.074,69.094,70.711,0,clear,-1,FOLLOW_LANE,3.963735,5.236265,camera command; proximity clear
13.216,65.988,71.018,65.550,67.996,69.658,64.297,63.924,69.221,71.018,0,clear,-1,FOLLOW_LANE,4.077754,5.122246,camera command; proximity clear
13.248,62.518,69.446,69.753,61.200,62.787,72.981,69.381,59.370,69.446,0,clear,-1,FOLLOW_LANE,4.152715,5.047284,camera command; proximity clear
13.280,69.824,65.517,73.336,65.398,66.791,70.684,66.719,69.596,69.824,0,clear,-1,FOLLOW_LANE,4.129240,5.070760,camera command; proximity clear
13.312,66.503,66.187,71.651,65.761,71.316,66.678,64.791,70.749,70.749,0,clear,-1,FOLLOW_LANE,4.063573,5.136427,camera command; proximity clear
13.344,71.776,72.625,68.628,66.871,68.080,67.343,67.243,66.017,72.625,0,clear,-1,FOLLOW_LANE,4.177599,5.022400,camera command; proximity clear
13.376,72.451,66.234,62.387,70.803,64.611,69.773,64.047,61.046,72.451,0,clear,-1,FOLLOW_LANE,4.219755,4.980245,camera command; proximity clear
13.408,67.125,64.894,64.722,70.480,61.515,74.166,65.228,66.479,67.125,0,clear,-1,FOLLOW_LANE,3.974396,5.225604,camera command; proximity clear
13.440,68.147,64.359,67.295,65.352,62.865,71.131,69.314,66.355,69.314,0,clear,-1,FOLLOW_LANE,3.175861,6.024139,camera command; proximity clear
13.472,66.491,70.784,68.050,66.045,64.455,60.877,67.521,67.227,70.784,0,clear,-1,FOLLOW_LANE,2.525711,6.280000,camera command; proximity clear
13.504,65.909,67.691,68.553,65.844,63.773,69.051,67.981,62.104,67.981,0,clear,-1,FOLLOW_LANE,3.942822,5.257177,camera command; proximity clear
13.536,60.095,72.576,64.769,67.611,62.371,66.557,64.031,65.443,72.576,0,clear,-1,FOLLOW_LANE,3.850571,5.349429,camera command; proximity clear
13.568,66.116,67.744,69.036,73.140,60.958,67.632,67.159,68.460,68.460,0,clear,-1,FOLLOW_LANE,4.033333,5.166666,camera command; proximity clear
13.600,71.269,71.683,72.397,72.026,64.959,70.524,65.135,63.496,71.683,0,clear,-1,FOLLOW_LANE,4.175483,5.024517,camera command; proximity clear
13.632,72.089,59.852,70.692,65.712,63.842,69.714,67.213,70.832,72.089,0,clear,-1,FOLLOW_LANE,4.227013,4.972986,camera command; proximity clear
13.664,65.212,64.893,66.167,68.932,67.078,67.140,64.593,65.009,65.212,0,clear,-1,FOLLOW_LANE,4.269173,4.930827,camera command; proximity clear
13.696,66.808,69.899,68.437,67.721,63.890,69.048,67.553,64.218,69.899,0,clear,-1,FOLLOW_LANE,4.319149,4.880851,camera command; proximity clear
13.728,67.010,69.533,67.706,68.016,68.866,66.678,67.560,69.727,69.727,0,clear,-1,FOLLOW_LANE,4.369129,4.830871,camera command; proximity clear
13.760,64.347,64.885,62.621,67.695,68.547,68.319,65.917,70.096,70.096,0,clear,-1,FOLLOW_LANE,4.386298,4.813701,camera command; proximity clear
13.792,73.366,66.682,66.141,62.987,70.193,66.075,68.204,68.732,73.366,0,clear,-1,FOLLOW_LANE,4.378468,4.821532,camera command; proximity clear
13.824,68.095,62.077,63.753,63.462,67.302,67.260,66.686,69.933,69.933,0,clear,-1,FOLLOW_LANE,4.411264,4.788735,camera command; proximity clear
13.856,66.909,66.513,72.331,68.487,66.457,66.070,70.322,68.536,70.322,0,clear,-1,FOLLOW_LANE,4.436250,4.763749,camera command; proximity clear
13.888,60.498,63.700,65.716,62.906,64.574,67.540,67.058,62.776,67.058,0,clear,-1,FOLLOW_LANE,4.461238,4.738761,camera command; proximity clear
13.920,56.390,70.813,69.734,66.958,69.296,63.026,64.532,63.371,70.813,0,clear,-1,FOLLOW_LANE,4.453414,4.746586,camera command; proximity clear
13.952,68.810,65.948,63.700,64.020,66.617,68.775,64.501,70.399,70.399,0,clear,-1,FOLLOW_LANE,4.486216,4.713783,camera command; proximity clear
13.984,69.531,59.632,64.211,66.942,67.874,61.440,63.169,62.822,69.531,0,clear,-1,FOLLOW_LANE,4.511208,4.688791,camera command; proximity clear
14.016,72.375,66.754,71.214,69.653,67.428,64.741,63.941,62.756,72.375,0,clear,-1,FOLLOW_LANE,4.503388,4.696612,camera command; proximity clear
14.048,71.319,67.216,72.467,68.230,67.442,67.293,63.477,67.662,71.319,0,clear,-1,FOLLOW_LANE,4.536194,4.663805,camera command; proximity clear
14.080,69.752,66.541,64.434,67.222,66.039,69.844,63.702,73.917,73.917,0,clear,-1,FOLLOW_LANE,4.528376,4.671624,camera command; proximity clear
14.112,68.463,65.747,66.440,70.247,77.529,66.846,66.541,72.063,72.063,0,clear,-1,FOLLOW_LANE,4.528370,4.671630,camera command; proximity clear
14.144,67.018,66.245,68.650,73.354,70.102,61.769,63.619,63.745,67.018,0,clear,-1,FOLLOW_LANE,4.561178,4.638821,camera command; proximity clear
14.176,65.065,66.757,68.078,65.808,67.358,66.808,69.313,65.004,69.313,0,clear,-1,FOLLOW_LANE,4.618991,4.581009,camera command; proximity clear
14.208,66.121,64.241,74.974,60.515,65.287,67.219,66.717,71.624,71.624,0,clear,-1,FOLLOW_LANE,4.603366,4.596634,camera command; proximity clear
14.240,63.723,63.350,63.471,69.353,65.524,67.136,63.690,66.386,66.386,0,clear,-1,FOLLOW_LANE,4.603366,4.596634,camera command; proximity clear
14.272,69.911,71.781,69.475,66.370,66.531,62.532,64.994,63.633,71.781,0,clear,-1,FOLLOW_LANE,4.603366,4.596634,camera command; proximity clear
14.304,71.447,68.946,69.661,66.114,66.498,66.507,65.553,67.059,71.447,0,clear,-1,FOLLOW_LANE,4.603366,4.596634,camera command; proximity clear
14.336,75.892,65.016,59.758,66.069,62.599,66.575,69.518,61.146,75.892,0,clear,-1,FOLLOW_LANE,4.603366,4.596634,camera command; proximity clear
14.368,69.660,66.644,67.152,69.901,65.328,62.552,69.360,67.144,69.660,0,clear,-1,FOLLOW_LANE,4.668995,4.531005,camera command; proximity clear
14.400,63.047,69.324,66.595,65.263,63.260,64.158,65.997,69.879,69.879,0,clear,-1,FOLLOW_LANE,4.653374,4.546626,camera command; proximity clear
14.432,68.656,68.567,64.521,69.588,69.694,60.174,66.962,67.690,68.656,0,clear,-1,FOLLOW_LANE,4.653378,4.546622,camera command; proximity clear
14.464,69.351,65.929,69.350,70.846,71.566,66.864,65.376,66.789,69.351,0,clear,-1,FOLLOW_LANE,4.686196,4.513803,camera command; proximity clear
14.496,70.228,68.238,60.644,63.068,65.545,67.110,71.809,65.557,71.809,0,clear,-1,FOLLOW_LANE,4.744019,4.455981,camera command; proximity clear
14.528,67.449,65.598,68.815,66.877,68.258,70.353,71.080,70.017,71.080,0,clear,-1,FOLLOW_LANE,4.761219,4.438781,camera command; proximity clear
14.560,68.718,67.117,66.797,66.644,71.324,62.223,66.674,64.581,68.718,0,clear,-1,FOLLOW_LANE,4.786232,4.413767,camera command; proximity clear
14.592,61.172,61.955,62.033,64.382,71.144,65.396,66.107,70.240,70.240,0,clear,-1,FOLLOW_LANE,4.811248,4.388751,camera command; proximity clear
14.624,68.932,72.759,62.763,69.384,64.876,68.777,68.063,64.582,72.759,0,clear,-1,FOLLOW_LANE,4.869081,4.330919,camera command; proximity clear
14.656,64.071,75.165,67.546,69.012,69.810,65.876,64.714,61.858,75.165,0,clear,-1,FOLLOW_LANE,4.886290,4.313709,camera command; proximity clear
14.688,66.461,68.765,65.712,66.726,69.520,66.753,66.009,60.508,68.765,0,clear,-1,FOLLOW_LANE,4.944129,4.255871,camera command; proximity clear
14.720,68.901,68.200,64.937,63.130,64.532,67.404,67.555,66.286,68.901,0,clear,-1,FOLLOW_LANE,4.977752,4.222248,camera command; proximity clear
14.752,63.759,65.548,60.846,67.633,66.927,71.820,67.400,64.498,67.400,0,clear,-1,FOLLOW_LANE,5.015284,4.184716,camera command; proximity clear
14.784,75.734,68.838,66.747,62.686,65.839,64.094,71.735,67.860,75.734,0,clear,-1,FOLLOW_LANE,5.036411,4.163588,camera command; proximity clear
14.816,62.642,60.956,67.914,61.404,65.434,69.986,64.224,67.666,67.666,0,clear,-1,FOLLOW_LANE,5.061447,4.138552,camera command; proximity clear
14.848,70.447,64.051,67.826,64.481,72.359,68.967,63.899,61.882,70.447,0,clear,-1,FOLLOW_LANE,5.086485,4.113514,camera command; proximity clear
14.880,66.580,69.407,73.268,69.544,72.317,72.826,65.670,73.269,73.269,0,clear,-1,FOLLOW_LANE,5.078711,4.121289,camera command; proximity clear
14.912,67.466,70.719,64.329,65.581,64.227,71.832,67.418,63.548,70.719,0,clear,-1,FOLLOW_LANE,5.078749,4.121251,camera command; proximity clear
14.944,67.299,71.998,71.209,62.544,71.441,69.779,70.972,70.476,71.998,0,clear,-1,FOLLOW_LANE,5.078787,4.121213,camera command; proximity clear
14.976,64.392,63.138,69.914,63.774,72.060,70.536,67.613,66.162,67.613,0,clear,-1,FOLLOW_LANE,5.046010,4.153989,camera command; proximity clear
15.008,67.113,60.458,63.117,66.151,67.261,61.971,64.988,64.259,67.113,0,clear,-1,FOLLOW_LANE,5.021044,4.178955,camera command; proximity clear
15.040,63.478,67.681,66.430,72.225,71.172,71.046,63.691,66.141,67.681,0,clear,-1,FOLLOW_LANE,5.028891,4.171109,camera command; proximity clear
15.072,72.166,69.392,67.062,67.298,64.971,63.973,64.669,64.318,72.166,0,clear,-1,FOLLOW_LANE,4.996110,4.203889,camera command; proximity clear
15.104,64.790,63.681,68.798,63.590,68.465,70.131,67.605,64.457,67.605,0,clear,-1,FOLLOW_LANE,4.971140,4.228859,camera command; proximity clear
15.136,68.348,70.333,66.209,67.425,67.775,66.895,69.780,62.678,70.333,0,clear,-1,FOLLOW_LANE,4.946168,4.253831,camera command; proximity clear
15.168,66.897,65.011,72.848,65.369,72.500,69.051,64.084,70.371,70.371,0,clear,-1,FOLLOW_LANE,4.954009,4.245991,camera command; proximity clear
15.200,68.561,66.326,71.966,66.178,66.544,65.932,66.433,74.967,74.967,0,clear,-1,FOLLOW_LANE,4.921222,4.278777,camera command; proximity clear
15.232,71.016,63.446,69.817,69.530,68.028,72.594,65.430,64.028,71.016,0,clear,-1,FOLLOW_LANE,4.896246,4.303754,camera command; proximity clear
15.264,63.337,65.478,65.813,62.873,67.740,69.754,72.439,73.904,73.904,0,clear,-1,FOLLOW_LANE,4.871268,4.328731,camera command; proximity clear
15.296,69.587,68.710,64.056,75.020,71.245,66.793,63.716,65.162,69.587,0,clear,-1,FOLLOW_LANE,4.846288,4.353711,camera command; proximity clear
15.328,63.876,64.621,69.396,68.167,59.625,65.528,63.595,71.296,71.296,0,clear,-1,FOLLOW_LANE,4.821306,4.378693,camera command; proximity clear
15.360,70.074,68.222,67.256,65.210,67.572,70.018,74.249,68.485,74.249,0,clear,-1,FOLLOW_LANE,4.829137,4.370863,camera command; proximity clear
15.392,68.830,64.963,65.720,66.201,68.260,65.332,67.320,62.865,68.830,0,clear,-1,FOLLOW_LANE,4.796340,4.403659,camera command; proximity clear
15.424,73.809,69.716,62.549,70.855,66.071,70.046,66.124,66.897,73.809,0,clear,-1,FOLLOW_LANE,4.804169,4.395831,camera command; proximity clear
15.456,67.746,60.600,67.782,71.458,72.067,66.932,72.490,69.249,72.490,0,clear,-1,FOLLOW_LANE,4.771370,4.428629,camera command; proximity clear
15.488,64.966,63.317,65.884,67.330,66.561,63.280,66.060,67.990,67.990,0,clear,-1,FOLLOW_LANE,4.779197,4.420803,camera command; proximity clear
15.520,72.529,68.439,68.321,71.354,63.951,67.213,63.585,64.820,72.529,0,clear,-1,FOLLOW_LANE,4.746396,4.453603,camera command; proximity clear
15.552,67.844,63.879,73.174,65.808,64.314,65.631,66.712,63.391,67.844,0,clear,-1,FOLLOW_LANE,4.754221,4.445779,camera command; proximity clear
15.584,63.763,64.639,68.447,69.540,65.179,62.740,72.224,66.769,72.224,0,clear,-1,FOLLOW_LANE,4.754233,4.445767,camera command; proximity clear
15.616,68.521,65.895,71.956,64.872,70.575,67.531,67.898,63.723,68.521,0,clear,-1,FOLLOW_LANE,4.721430,4.478569,camera command; proximity clear
15.648,67.808,70.343,67.063,63.990,66.794,68.004,73.500,68.085,73.500,0,clear,-1,FOLLOW_LANE,4.729253,4.470747,camera command; proximity clear
15.680,66.295,68.440,67.036,65.597,65.594,73.895,72.445,62.913,72.445,0,clear,-1,FOLLOW_LANE,4.729263,4.470737,camera command; proximity clear
15.712,66.320,64.139,65.201,68.768,68.287,70.384,68.676,63.611,68.676,0,clear,-1,FOLLOW_LANE,4.696458,4.503541,camera command; proximity clear
15.744,62.040,66.885,64.186,69.052,66.383,67.406,67.773,63.170,67.773,0,clear,-1,FOLLOW_LANE,4.704279,4.495721,camera command; proximity clear
15.776,66.945,70.344,75.240,65.774,62.828,63.481,69.411,64.390,70.344,0,clear,-1,FOLLOW_LANE,4.704287,4.495713,camera command; proximity clear
15.808,69.887,68.294,68.425,61.221,63.725,66.122,63.657,66.166,69.887,0,clear,-1,FOLLOW_LANE,4.704295,4.495705,camera command; proximity clear
15.840,65.105,66.325,67.926,77.599,69.630,66.146,65.079,63.695,66.325,0,clear,-1,FOLLOW_LANE,4.671488,4.528511,camera command; proximity clear
15.872,66.106,66.277,67.340,66.267,66.559,63.309,64.736,67.334,67.334,0,clear,-1,FOLLOW_LANE,4.646492,4.553507,camera command; proximity clear
15.904,65.924,70.505,67.325,73.262,69.024,62.576,67.627,69.456,70.505,0,clear,-1,FOLLOW_LANE,4.654309,4.545691,camera command; proximity clear
15.936,69.827,65.797,66.061,67.798,66.270,69.195,73.227,69.306,73.227,0,clear,-1,FOLLOW_LANE,4.654313,4.545687,camera command; proximity clear
15.968,69.994,66.409,68.734,67.615,71.516,64.676,62.568,67.187,69.994,0,clear,-1,FOLLOW_LANE,4.588688,4.611312,camera command; proximity clear
16.000,69.253,65.143,73.513,71.590,65.057,74.298,65.581,67.440,69.253,0,clear,-1,FOLLOW_LANE,4.604313,4.595687,camera command; proximity clear
16.032,67.078,68.604,70.601,71.991,66.098,67.567,73.706,68.386,73.706,0,clear,-1,FOLLOW_LANE,4.604313,4.595687,camera command; proximity clear
16.064,64.523,64.969,72.013,69.270,72.877,66.696,67.440,64.385,67.440,0,clear,-1,FOLLOW_LANE,4.604313,4.595687,camera command; proximity clear
16.096,62.073,68.528,72.197,67.026,66.878,65.708,67.965,69.361,69.361,0,clear,-1,FOLLOW_LANE,4.604313,4.595687,camera command; proximity clear
16.128,67.859,59.629,70.341,71.250,67.995,65.933,65.504,69.903,69.903,0,clear,-1,FOLLOW_LANE,4.604313,4.595687,camera command; proximity clear
16.160,67.314,70.209,66.583,65.627,66.313,62.061,62.943,69.614,70.209,0,clear,-1,FOLLOW_LANE,4.604313,4.595687,camera command; proximity clear
16.192,62.795,61.372,63.148,65.479,63.027,68.777,68.359,67.316,68.359,0,clear,-1,FOLLOW_LANE,4.604313,4.595687,camera command; proximity clear
16.224,66.692,67.472,60.245,66.445,69.462,65.809,67.148,61.496,67.472,0,clear,-1,FOLLOW_LANE,4.604313,4.595687,camera command; proximity clear
16.256,64.234,63.917,68.276,62.954,68.880,66.107,73.067,70.079,73.067,0,clear,-1,FOLLOW_LANE,4.604313,4.595687,camera command; proximity clear
16.288,71.155,74.305,67.535,74.888,67.117,72.355,71.453,69.838,74.305,0,clear,-1,FOLLOW_LANE,4.604313,4.595687,camera command; proximity clear
16.320,69.751,66.392,66.747,67.767,66.797,69.061,64.805,60.426,69.751,0,clear,-1,FOLLOW_LANE,4.604313,4.595687,camera command; proximity clear
16.352,62.777,64.506,71.747,65.192,68.177,68.428,68.535,64.058,68.535,0,clear,-1,FOLLOW_LANE,4.604313,4.595687,camera command; proximity clear
16.384,64.292,65.710,66.608,65.139,71.478,70.415,66.090,63.027,66.090,0,clear,-1,FOLLOW_LANE,4.604313,4.595687,camera command; proximity clear
16.416,66.956,73.461,66.947,73.517,67.668,69.894,68.744,62.430,73.461,0,clear,-1,FOLLOW_LANE,4.604313,4.595687,camera command; proximity clear
16.448,72.233,67.423,68.189,63.008,62.597,68.990,66.927,67.037,72.233,0,clear,-1,FOLLOW_LANE,4.604313,4.595687,camera command; proximity clear
16.480,66.683,73.045,72.802,70.636,69.851,65.582,67.915,66.298,73.045,0,clear,-1,FOLLOW_LANE,4.505869,4.694130,camera command; proximity clear
16.512,66.487,65.619,67.800,66.613,64.373,67.715,66.346,62.378,66.487,0,clear,-1,FOLLOW_LANE,4.529301,4.670699,camera command; proximity clear
16.544,66.427,63.874,67.423,68.315,64.824,63.836,68.901,67.946,68.901,0,clear,-1,FOLLOW_LANE,4.529295,4.670705,camera command; proximity clear
16.576,63.864,68.384,67.493,66.971,69.991,70.482,69.826,69.089,69.826,0,clear,-1,FOLLOW_LANE,4.529289,4.670711,camera command; proximity clear
16.608,66.610,69.671,66.583,61.202,67.910,68.388,66.089,64.547,69.671,0,clear,-1,FOLLOW_LANE,4.529283,4.670717,camera command; proximity clear
16.640,62.137,74.254,65.962,65.692,66.197,70.312,69.577,61.628,74.254,0,clear,-1,FOLLOW_LANE,4.529277,4.670723,camera command; proximity clear
16.672,64.444,68.245,66.697,70.179,63.378,70.905,65.173,67.985,68.245,0,clear,-1,FOLLOW_LANE,4.529271,4.670729,camera command; proximity clear
16.704,67.138,65.992,71.755,67.676,67.094,72.488,63.786,63.015,67.138,0,clear,-1,FOLLOW_LANE,4.529265,4.670735,camera command; proximity clear
16.736,66.297,66.776,68.075,62.210,67.204,63.631,71.472,61.821,71.472,0,clear,-1,FOLLOW_LANE,4.529259,4.670741,camera command; proximity clear
16.768,71.824,63.521,65.301,72.946,70.328,66.259,68.418,64.808,71.824,0,clear,-1,FOLLOW_LANE,4.529253,4.670747,camera command; proximity clear
16.800,60.071,64.984,65.763,66.522,66.094,69.386,66.507,69.897,69.897,0,clear,-1,FOLLOW_LANE,4.496433,4.703567,camera command; proximity clear
16.832,75.092,69.885,63.614,65.459,62.539,68.502,67.506,68.957,75.092,0,clear,-1,FOLLOW_LANE,4.504237,4.695763,camera command; proximity clear
16.864,71.429,65.133,67.328,65.708,60.582,62.756,71.248,68.188,71.429,0,clear,-1,FOLLOW_LANE,4.504229,4.695771,camera command; proximity clear
16.896,70.994,67.422,60.400,76.710,67.695,68.677,67.864,67.808,70.994,0,clear,-1,FOLLOW_LANE,4.537035,4.662964,camera command; proximity clear
16.928,68.136,71.226,68.160,64.414,68.365,65.247,70.316,64.915,71.226,0,clear,-1,FOLLOW_LANE,4.529217,4.670783,camera command; proximity clear
16.960,76.525,69.632,65.842,68.094,60.003,67.739,68.805,66.855,76.525,0,clear,-1,FOLLOW_LANE,4.562025,4.637974,camera command; proximity clear
16.992,69.785,64.085,66.760,61.726,62.843,60.514,65.865,69.708,69.785,0,clear,-1,FOLLOW_LANE,4.554209,4.645791,camera command; proximity clear
17.024,65.585,71.001,64.168,68.528,64.487,70.883,67.728,68.762,71.001,0,clear,-1,FOLLOW_LANE,4.422947,4.777053,camera command; proximity clear
17.056,70.084,65.030,70.600,69.270,73.265,61.631,69.587,67.786,70.084,0,clear,-1,FOLLOW_LANE,4.585443,4.614557,camera command; proximity clear
17.088,70.681,61.065,69.555,66.692,70.574,68.807,68.798,68.144,70.681,0,clear,-1,FOLLOW_LANE,4.554189,4.645811,camera command; proximity clear
17.120,68.613,59.096,69.294,66.910,64.649,66.331,71.076,68.796,71.076,0,clear,-1,FOLLOW_LANE,4.554185,4.645815,camera command; proximity clear
17.152,71.811,63.796,64.029,66.122,65.016,64.846,68.911,66.708,71.811,0,clear,-1,FOLLOW_LANE,4.521367,4.678633,camera command; proximity clear
17.184,65.181,70.791,68.475,64.096,63.520,67.917,73.541,71.961,73.541,0,clear,-1,FOLLOW_LANE,4.496358,4.703641,camera command; proximity clear
17.216,62.470,67.346,65.152,67.869,69.944,67.814,64.430,64.297,67.346,0,clear,-1,FOLLOW_LANE,4.504163,4.695837,camera command; proximity clear
17.248,65.241,64.633,71.619,68.533,64.241,74.157,61.781,64.879,65.241,0,clear,-1,FOLLOW_LANE,4.504155,4.695845,camera command; proximity clear
17.280,69.279,62.968,67.974,66.793,65.362,69.021,70.269,58.649,70.269,0,clear,-1,FOLLOW_LANE,4.504147,4.695853,camera command; proximity clear
17.312,68.703,69.628,67.075,72.247,58.272,68.781,65.840,65.674,69.628,0,clear,-1,FOLLOW_LANE,4.471324,4.728675,camera command; proximity clear
17.344,72.205,66.825,63.894,65.891,61.090,68.498,60.136,65.462,72.205,0,clear,-1,FOLLOW_LANE,4.479127,4.720873,camera command; proximity clear
17.376,70.815,64.917,63.753,70.310,68.597,65.493,65.144,66.857,70.815,0,clear,-1,FOLLOW_LANE,4.479117,4.720883,camera command; proximity clear
17.408,62.163,72.025,68.220,65.271,64.949,66.051,67.381,68.228,72.025,0,clear,-1,FOLLOW_LANE,4.479107,4.720893,camera command; proximity clear
17.440,62.570,63.288,71.437,72.699,70.994,72.272,68.834,66.531,68.834,0,clear,-1,FOLLOW_LANE,4.446282,4.753717,camera command; proximity clear
17.472,72.959,65.296,67.142,66.701,67.885,69.605,66.892,70.860,72.959,0,clear,-1,FOLLOW_LANE,4.454083,4.745917,camera command; proximity clear
17.504,66.139,64.977,68.055,69.748,70.579,64.277,64.017,67.597,67.597,0,clear,-1,FOLLOW_LANE,4.421256,4.778744,camera command; proximity clear
17.536,68.248,73.467,71.631,70.184,65.335,68.229,72.566,64.555,73.467,0,clear,-1,FOLLOW_LANE,4.429055,4.770945,camera command; proximity clear
17.568,72.728,72.468,66.236,65.880,72.721,67.365,67.891,70.349,72.728,0,clear,-1,FOLLOW_LANE,4.429041,4.770959,camera command; proximity clear
17.600,60.185,70.219,63.645,69.673,73.784,64.478,69.425,70.858,70.858,0,clear,-1,FOLLOW_LANE,4.429027,4.770973,camera command; proximity clear
17.632,68.996,62.250,71.457,66.155,66.263,67.996,61.415,70.000,70.000,0,clear,-1,FOLLOW_LANE,4.396198,4.803801,camera command; proximity clear
17.664,67.251,69.144,69.895,71.236,66.064,70.435,67.644,66.667,69.144,0,clear,-1,FOLLOW_LANE,4.371180,4.828819,camera command; proximity clear
17.696,65.013,65.616,61.289,65.686,62.541,69.277,64.229,70.794,70.794,0,clear,-1,FOLLOW_LANE,4.378975,4.821025,camera command; proximity clear
17.728,65.380,71.601,67.892,68.677,66.478,66.439,67.336,63.023,71.601,0,clear,-1,FOLLOW_LANE,4.411771,4.788228,camera command; proximity clear
17.760,66.177,70.115,67.206,68.859,69.173,64.537,65.969,66.502,70.115,0,clear,-1,FOLLOW_LANE,4.371128,4.828871,camera command; proximity clear
17.792,60.014,69.475,73.411,69.259,72.386,64.702,66.369,66.739,69.475,0,clear,-1,FOLLOW_LANE,4.313294,4.886706,camera command; proximity clear
17.824,67.372,67.133,65.213,69.142,71.299,57.479,66.599,66.044,67.372,0,clear,-1,FOLLOW_LANE,4.361711,4.838288,camera command; proximity clear
17.856,66.187,69.710,64.183,66.568,67.294,66.068,64.703,71.398,71.398,0,clear,-1,FOLLOW_LANE,4.517951,4.682048,camera command; proximity clear
17.888,65.189,66.917,71.160,69.700,68.433,62.942,69.053,67.462,69.053,0,clear,-1,FOLLOW_LANE,4.413250,4.786750,camera command; proximity clear
17.920,70.990,66.231,63.823,69.497,72.174,64.975,66.192,62.712,70.990,0,clear,-1,FOLLOW_LANE,4.461675,4.738325,camera command; proximity clear
17.952,61.936,74.720,65.469,70.005,67.481,63.595,66.336,64.757,74.720,0,clear,-1,FOLLOW_LANE,4.453851,4.746149,camera command; proximity clear
17.984,61.628,69.263,62.456,69.791,75.385,70.986,67.866,65.757,69.263,0,clear,-1,FOLLOW_LANE,4.322581,4.877419,camera command; proximity clear
18.016,67.429,66.113,67.597,64.973,69.603,67.209,65.693,67.814,67.814,0,clear,-1,FOLLOW_LANE,4.320996,4.879003,camera command; proximity clear
18.048,67.206,68.964,68.418,57.880,71.926,68.179,63.708,70.711,70.711,0,clear,-1,FOLLOW_LANE,4.295972,4.904027,camera command; proximity clear
18.080,67.228,65.400,70.924,63.594,65.821,71.450,70.812,70.100,70.812,0,clear,-1,FOLLOW_LANE,4.238132,4.961868,camera command; proximity clear
18.112,65.721,67.272,64.901,65.692,68.395,70.572,73.214,66.359,73.214,0,clear,-1,FOLLOW_LANE,4.220914,4.979086,camera command; proximity clear
18.144,60.895,62.398,65.750,70.220,66.854,67.845,63.931,69.690,69.690,0,clear,-1,FOLLOW_LANE,4.195882,5.004117,camera command; proximity clear
18.176,68.656,68.335,62.336,63.759,63.495,68.334,68.913,67.771,68.913,0,clear,-1,FOLLOW_LANE,4.170848,5.029151,camera command; proximity clear
18.208,66.192,64.507,64.588,65.555,67.929,67.650,69.394,63.832,69.394,0,clear,-1,FOLLOW_LANE,4.145812,5.054187,camera command; proximity clear
18.240,64.956,67.539,64.853,69.572,65.476,66.820,69.593,65.962,69.593,0,clear,-1,FOLLOW_LANE,4.087960,5.112040,camera command; proximity clear
18.272,66.818,71.927,65.172,66.152,68.889,66.894,64.558,72.978,72.978,0,clear,-1,FOLLOW_LANE,4.103545,5.096455,camera command; proximity clear
18.304,70.238,64.942,71.439,67.152,64.093,63.515,71.018,71.934,71.934,0,clear,-1,FOLLOW_LANE,4.070690,5.129309,camera command; proximity clear
18.336,69.799,67.599,66.140,67.900,74.574,72.089,65.598,67.200,69.799,0,clear,-1,FOLLOW_LANE,4.078461,5.121539,camera command; proximity clear
18.368,66.194,67.701,70.524,69.568,67.534,70.275,70.046,69.297,70.046,0,clear,-1,FOLLOW_LANE,4.078419,5.121581,camera command; proximity clear
18.400,69.566,64.321,65.824,65.821,69.037,68.242,61.719,67.270,69.566,0,clear,-1,FOLLOW_LANE,4.078377,5.121623,camera command; proximity clear
18.432,71.042,68.078,64.712,66.123,63.826,69.190,64.375,68.060,71.042,0,clear,-1,FOLLOW_LANE,4.143964,5.056036,camera command; proximity clear
18.464,66.705,65.718,64.737,71.954,63.081,70.458,68.308,62.857,68.308,0,clear,-1,FOLLOW_LANE,4.161115,5.038884,camera command; proximity clear
18.496,66.045,67.820,67.140,64.385,67.286,63.414,63.706,59.559,67.820,0,clear,-1,FOLLOW_LANE,4.153267,5.046733,camera command; proximity clear
18.528,64.783,68.943,62.355,62.891,69.179,66.146,66.830,65.458,68.943,0,clear,-1,FOLLOW_LANE,4.186045,5.013954,camera command; proximity clear
18.560,70.164,70.422,66.233,67.713,63.390,70.619,71.852,70.154,71.852,0,clear,-1,FOLLOW_LANE,4.243828,4.956172,camera command; proximity clear
18.592,64.840,75.248,69.517,68.974,65.222,65.153,66.277,68.063,75.248,0,clear,-1,FOLLOW_LANE,4.293802,4.906198,camera command; proximity clear
18.624,64.467,63.467,68.005,66.700,64.246,67.236,70.189,69.128,70.189,0,clear,-1,FOLLOW_LANE,4.376594,4.823405,camera command; proximity clear
18.656,63.849,64.870,69.459,64.786,68.269,66.216,67.150,66.103,67.150,0,clear,-1,FOLLOW_LANE,4.320322,4.879677,camera command; proximity clear
18.688,65.844,67.527,68.886,67.609,67.037,71.262,71.114,71.293,71.293,0,clear,-1,FOLLOW_LANE,4.360927,4.839072,camera command; proximity clear
18.720,71.395,68.402,66.955,61.641,69.012,64.300,66.931,71.089,71.395,0,clear,-1,FOLLOW_LANE,4.418724,4.781276,camera command; proximity clear
18.752,66.099,69.427,61.283,70.258,59.621,65.794,64.314,69.414,69.427,0,clear,-1,FOLLOW_LANE,4.337454,4.862546,camera command; proximity clear
18.784,67.287,67.424,65.064,65.621,63.776,67.749,65.473,70.495,70.495,0,clear,-1,FOLLOW_LANE,4.188986,5.011013,camera command; proximity clear
18.816,73.817,74.365,72.079,63.321,63.408,67.807,71.278,71.405,74.365,0,clear,-1,FOLLOW_LANE,4.195205,5.004795,camera command; proximity clear
18.848,69.223,62.719,66.625,70.171,66.429,68.445,67.632,62.889,69.223,0,clear,-1,FOLLOW_LANE,4.170170,5.029829,camera command; proximity clear
18.880,60.917,61.228,74.177,66.448,64.880,62.552,66.252,68.832,68.832,0,clear,-1,FOLLOW_LANE,4.145134,5.054866,camera command; proximity clear
18.912,70.889,66.151,65.837,66.839,64.634,65.910,65.270,63.178,70.889,0,clear,-1,FOLLOW_LANE,4.120096,5.079903,camera command; proximity clear
18.944,66.676,64.022,64.019,66.105,62.199,65.179,71.352,64.440,71.352,0,clear,-1,FOLLOW_LANE,4.160685,5.039314,camera command; proximity clear
18.976,71.270,69.739,70.204,63.947,65.965,68.782,69.305,66.457,71.270,0,clear,-1,FOLLOW_LANE,4.120022,5.079978,camera command; proximity clear
19.008,63.700,64.234,63.646,64.084,67.516,65.530,64.430,62.797,64.430,0,clear,-1,FOLLOW_LANE,4.127797,5.072203,camera command; proximity clear
19.040,59.729,68.030,69.805,67.009,66.903,65.211,73.321,65.658,73.321,0,clear,-1,FOLLOW_LANE,4.127759,5.072241,camera command; proximity clear
19.072,61.878,62.631,69.013,75.630,65.606,68.615,71.579,69.048,71.579,0,clear,-1,FOLLOW_LANE,4.160535,5.039464,camera command; proximity clear
19.104,63.452,65.823,62.248,66.376,64.266,67.067,67.754,68.886,68.886,0,clear,-1,FOLLOW_LANE,4.152687,5.047313,camera command; proximity clear
19.136,68.169,65.063,69.693,65.784,68.756,69.427,71.435,67.002,71.435,0,clear,-1,FOLLOW_LANE,4.185465,5.014534,camera command; proximity clear
19.168,66.959,74.031,67.259,68.085,66.288,67.553,69.167,66.846,74.031,0,clear,-1,FOLLOW_LANE,4.210433,4.989566,camera command; proximity clear
19.200,66.335,68.885,69.415,66.765,66.449,70.032,68.951,68.462,68.951,0,clear,-1,FOLLOW_LANE,4.202589,4.997411,camera command; proximity clear
19.232,64.252,70.178,64.446,64.603,62.385,64.550,66.697,68.963,70.178,0,clear,-1,FOLLOW_LANE,4.235371,4.964628,camera command; proximity clear
19.264,70.971,68.554,74.074,67.738,68.325,64.154,68.470,71.299,71.299,0,clear,-1,FOLLOW_LANE,4.293158,4.906842,camera command; proximity clear
19.296,65.831,64.714,68.880,68.621,60.860,65.598,68.380,72.183,72.183,0,clear,-1,FOLLOW_LANE,4.277507,4.922493,camera command; proximity clear
19.328,62.243,69.906,66.873,68.699,71.349,63.424,61.836,62.585,69.906,0,clear,-1,FOLLOW_LANE,4.343110,4.856890,camera command; proximity clear
19.360,65.516,71.602,60.424,61.501,64.951,64.852,65.395,71.348,71.602,0,clear,-1,FOLLOW_LANE,4.425906,4.774093,camera command; proximity clear
19.392,68.840,67.888,69.872,68.486,67.598,66.943,65.428,65.232,68.840,0,clear,-1,FOLLOW_LANE,4.435267,4.764733,camera command; proximity clear
19.424,62.498,63.353,68.611,61.111,63.721,66.746,67.300,65.551,67.300,0,clear,-1,FOLLOW_LANE,4.361812,4.838188,camera command; proximity clear
19.456,68.223,71.590,65.334,70.239,65.139,67.935,67.053,64.952,71.590,0,clear,-1,FOLLOW_LANE,4.443048,4.756952,camera command; proximity clear
19.488,63.614,67.404,66.955,58.721,66.026,64.281,63.429,69.549,69.549,0,clear,-1,FOLLOW_LANE,4.427409,4.772591,camera command; proximity clear
19.520,63.542,69.402,62.466,70.966,65.489,65.589,69.700,68.787,69.700,0,clear,-1,FOLLOW_LANE,4.394581,4.805419,camera command; proximity clear
19.552,68.980,61.368,68.396,69.983,68.171,63.058,66.594,73.610,73.610,0,clear,-1,FOLLOW_LANE,4.287526,4.912474,camera command; proximity clear
19.584,67.721,67.234,67.331,63.017,66.852,59.158,66.472,60.227,67.721,0,clear,-1,FOLLOW_LANE,4.298440,4.901560,camera command; proximity clear
19.616,65.579,63.898,67.032,63.488,68.845,71.475,66.462,67.254,67.254,0,clear,-1,FOLLOW_LANE,4.269507,4.930492,camera command; proximity clear
19.648,68.333,71.062,63.379,70.747,60.541,66.276,66.847,71.632,71.632,0,clear,-1,FOLLOW_LANE,4.244479,4.955520,camera command; proximity clear
19.680,65.930,69.812,63.808,67.846,68.060,65.832,68.946,66.404,69.812,0,clear,-1,FOLLOW_LANE,4.252264,4.947736,camera command; proximity clear
19.712,64.145,68.283,70.738,67.601,66.289,72.585,61.584,70.023,70.023,0,clear,-1,FOLLOW_LANE,4.252236,4.947764,camera command; proximity clear
19.744,63.913,68.371,64.679,68.924,68.662,64.381,68.786,65.239,68.786,0,clear,-1,FOLLOW_LANE,4.219393,4.980606,camera command; proximity clear
19.776,63.671,62.570,68.291,68.450,69.619,66.468,63.762,61.226,63.762,0,clear,-1,FOLLOW_LANE,4.227176,4.972824,camera command; proximity clear
19.808,67.488,66.782,65.424,64.702,61.340,57.728,63.005,67.510,67.510,0,clear,-1,FOLLOW_LANE,4.227146,4.972854,camera command; proximity clear
19.840,65.483,70.372,71.060,70.534,66.004,66.608,67.754,71.200,71.200,0,clear,-1,FOLLOW_LANE,4.227116,4.972884,camera command; proximity clear
19.872,67.095,68.622,63.650,66.118,67.601,61.720,67.039,65.991,68.622,0,clear,-1,FOLLOW_LANE,4.227086,4.972914,camera command; proximity clear
19.904,62.172,66.204,66.356,73.285,64.436,71.923,72.014,71.569,72.014,0,clear,-1,FOLLOW_LANE,4.227056,4.972944,camera command; proximity clear
19.936,60.492,73.899,61.993,68.934,68.214,71.535,65.281,74.421,74.421,0,clear,-1,FOLLOW_LANE,4.227026,4.972974,camera command; proximity clear
19.968,68.108,66.360,72.566,70.370,72.705,68.147,69.692,72.029,72.029,0,clear,-1,FOLLOW_LANE,4.259810,4.940189,camera command; proximity clear
20.000,60.183,68.203,65.637,72.824,67.271,70.116,67.151,67.683,68.203,0,clear,-1,FOLLOW_LANE,4.251970,4.948030,camera command; proximity clear
20.032,67.336,64.639,60.111,70.740,71.946,70.685,69.334,68.312,69.334,0,clear,-1,FOLLOW_LANE,4.284756,4.915243,camera command; proximity clear
20.064,67.963,73.681,73.898,66.342,72.240,67.884,63.390,70.471,73.681,0,clear,-1,FOLLOW_LANE,4.276918,4.923082,camera command; proximity clear
20.096,68.155,67.699,62.762,60.782,65.024,68.270,65.727,68.365,68.365,0,clear,-1,FOLLOW_LANE,4.342521,4.857479,camera command; proximity clear
20.128,65.809,71.866,64.595,70.195,66.989,64.480,65.842,59.289,71.866,0,clear,-1,FOLLOW_LANE,4.392503,4.807497,camera command; proximity clear
20.160,67.783,69.240,71.880,70.235,63.450,70.618,71.159,71.464,71.464,0,clear,-1,FOLLOW_LANE,4.442489,4.757511,camera command; proximity clear
20.192,63.122,67.355,64.777,66.312,64.007,67.133,71.282,73.574,73.574,0,clear,-1,FOLLOW_LANE,4.426850,4.773150,camera command; proximity clear
20.224,68.151,65.545,66.865,61.279,64.875,70.853,65.689,67.258,68.151,0,clear,-1,FOLLOW_LANE,4.459650,4.740349,camera command; proximity clear
20.256,76.389,67.974,69.483,68.902,66.917,69.627,68.701,62.340,76.389,0,clear,-1,FOLLOW_LANE,4.484640,4.715359,camera command; proximity clear
20.288,70.541,69.165,63.683,67.642,69.040,64.739,66.483,67.815,70.541,0,clear,-1,FOLLOW_LANE,4.476818,4.723182,camera command; proximity clear
20.320,69.502,65.065,64.767,69.397,64.156,73.769,69.421,69.320,69.502,0,clear,-1,FOLLOW_LANE,4.312735,4.887264,camera command; proximity clear
20.352,66.317,69.794,67.621,69.184,67.374,68.942,71.255,67.035,71.255,0,clear,-1,FOLLOW_LANE,4.286149,4.913851,camera command; proximity clear
20.384,63.550,71.622,71.822,70.820,68.569,67.712,65.202,63.543,71.622,0,clear,-1,FOLLOW_LANE,4.268935,4.931064,camera command; proximity clear
20.416,70.301,68.184,65.753,67.743,62.616,65.835,63.256,71.051,71.051,0,clear,-1,FOLLOW_LANE,4.211093,4.988907,camera command; proximity clear
20.448,64.233,60.758,66.534,64.728,77.028,68.058,65.117,69.891,69.891,0,clear,-1,FOLLOW_LANE,4.193873,5.006126,camera command; proximity clear
20.480,63.275,65.352,68.268,61.579,68.384,63.940,66.177,68.490,68.490,0,clear,-1,FOLLOW_LANE,4.168839,5.031160,camera command; proximity clear
20.512,65.097,69.148,67.306,65.252,67.183,72.904,71.003,73.456,73.456,0,clear,-1,FOLLOW_LANE,4.110989,5.089011,camera command; proximity clear
20.544,61.227,68.173,64.088,70.757,69.528,69.166,71.347,68.754,71.347,0,clear,-1,FOLLOW_LANE,4.159390,5.040609,camera command; proximity clear
20.576,63.520,66.461,69.689,62.659,66.553,68.508,70.573,69.364,70.573,0,clear,-1,FOLLOW_LANE,4.118727,5.081272,camera command; proximity clear
20.608,71.657,71.487,69.012,67.319,61.510,59.537,67.287,69.839,71.657,0,clear,-1,FOLLOW_LANE,4.159316,5.040684,camera command; proximity clear
20.640,69.009,64.941,61.517,66.260,70.218,63.829,59.816,69.323,69.323,0,clear,-1,FOLLOW_LANE,4.151468,5.048532,camera command; proximity clear
20.672,68.737,71.904,71.469,69.865,61.676,69.159,68.624,65.081,71.904,0,clear,-1,FOLLOW_LANE,4.151432,5.048568,camera command; proximity clear
20.704,67.044,66.365,65.143,67.164,70.765,64.460,73.997,68.143,73.997,0,clear,-1,FOLLOW_LANE,4.184210,5.015789,camera command; proximity clear
20.736,69.476,70.175,67.834,64.906,73.873,72.238,67.485,65.374,70.175,0,clear,-1,FOLLOW_LANE,4.209178,4.990822,camera command; proximity clear
20.768,61.470,70.361,66.678,69.877,69.251,65.620,63.525,63.149,70.361,0,clear,-1,FOLLOW_LANE,4.201334,4.998666,camera command; proximity clear
20.800,67.167,63.732,69.857,67.365,65.908,65.093,63.021,69.079,69.079,0,clear,-1,FOLLOW_LANE,4.234116,4.965883,camera command; proximity clear
20.832,67.839,71.648,68.273,72.259,72.729,59.747,70.445,70.725,71.648,0,clear,-1,FOLLOW_LANE,4.259088,4.940911,camera command; proximity clear
20.864,71.806,67.798,65.503,69.399,68.560,65.904,63.748,59.613,71.806,0,clear,-1,FOLLOW_LANE,4.284062,4.915938,camera command; proximity clear
20.896,63.590,67.190,66.843,64.120,68.244,63.882,67.450,61.086,67.450,0,clear,-1,FOLLOW_LANE,4.374667,4.825333,camera command; proximity clear
20.928,65.240,71.662,73.580,64.812,71.454,69.141,68.163,68.937,71.662,0,clear,-1,FOLLOW_LANE,4.449653,4.750347,camera command; proximity clear
20.960,71.280,77.724,65.334,69.260,64.143,70.657,66.550,62.623,77.724,0,clear,-1,FOLLOW_LANE,4.360573,4.839427,camera command; proximity clear
20.992,64.018,69.417,67.923,69.310,66.248,70.144,63.884,66.345,69.417,0,clear,-1,FOLLOW_LANE,4.376180,4.823820,camera command; proximity clear
21.024,76.452,67.173,68.490,67.869,59.865,60.390,69.565,67.232,76.452,0,clear,-1,FOLLOW_LANE,4.441791,4.758209,camera command; proximity clear
21.056,61.396,67.813,66.282,70.497,69.410,63.717,68.820,68.804,68.820,0,clear,-1,FOLLOW_LANE,4.393337,4.806662,camera command; proximity clear
21.088,65.644,68.787,64.475,65.219,66.890,73.358,61.389,61.225,68.787,0,clear,-1,FOLLOW_LANE,4.269876,4.930124,camera command; proximity clear
21.120,68.690,64.742,65.144,70.172,61.804,71.564,68.264,69.016,69.016,0,clear,-1,FOLLOW_LANE,4.268287,4.931712,camera command; proximity clear
21.152,64.149,65.602,69.033,66.477,63.601,68.586,60.345,57.991,65.602,0,clear,-1,FOLLOW_LANE,4.243259,4.956740,camera command; proximity clear
21.184,71.076,65.370,68.640,68.409,68.441,67.905,62.787,66.392,71.076,0,clear,-1,FOLLOW_LANE,4.218229,4.981770,camera command; proximity clear
21.216,68.762,68.206,62.484,68.873,68.130,64.257,66.628,71.683,71.683,0,clear,-1,FOLLOW_LANE,4.193197,5.006803,camera command; proximity clear
21.248,64.044,71.863,63.337,67.538,71.690,69.054,66.987,65.195,71.863,0,clear,-1,FOLLOW_LANE,4.168163,5.031836,camera command; proximity clear
21.280,71.375,61.982,61.891,64.685,63.905,65.169,71.760,70.968,71.760,0,clear,-1,FOLLOW_LANE,4.143127,5.056872,camera command; proximity clear
21.312,69.824,69.316,61.311,64.741,68.179,65.969,67.362,67.276,69.824,0,clear,-1,FOLLOW_LANE,4.150904,5.049096,camera command; proximity clear
21.344,70.186,68.442,68.067,67.584,71.310,72.916,69.546,70.294,70.294,0,clear,-1,FOLLOW_LANE,4.150868,5.049132,camera command; proximity clear
21.376,67.198,61.031,67.870,65.622,72.854,64.118,62.082,68.536,68.536,0,clear,-1,FOLLOW_LANE,4.183647,5.016353,camera command; proximity clear
21.408,68.820,65.783,60.625,67.516,65.994,63.235,68.240,65.315,68.820,0,clear,-1,FOLLOW_LANE,4.208614,4.991385,camera command; proximity clear
21.440,65.667,72.463,67.091,70.793,68.259,69.187,73.332,67.168,73.332,0,clear,-1,FOLLOW_LANE,4.200770,4.999230,camera command; proximity clear
21.472,69.048,65.757,74.145,68.861,68.461,68.474,67.320,61.530,69.048,0,clear,-1,FOLLOW_LANE,4.233553,4.966447,camera command; proximity clear
21.504,70.945,65.812,64.362,67.614,69.807,69.331,64.967,72.062,72.062,0,clear,-1,FOLLOW_LANE,4.225710,4.974290,camera command; proximity clear
21.536,70.357,68.419,65.001,70.948,65.465,63.435,69.219,65.447,70.357,0,clear,-1,FOLLOW_LANE,4.258494,4.941505,camera command; proximity clear
21.568,69.057,73.526,66.759,65.839,71.015,66.086,76.064,66.090,76.064,0,clear,-1,FOLLOW_LANE,4.250654,4.949346,camera command; proximity clear
21.600,66.415,65.260,65.703,69.672,67.217,67.997,68.608,66.331,68.608,0,clear,-1,FOLLOW_LANE,4.283440,4.916559,camera command; proximity clear
21.632,64.373,68.001,63.677,66.336,69.726,66.761,62.049,60.070,68.001,0,clear,-1,FOLLOW_LANE,4.341231,4.858769,camera command; proximity clear
21.664,68.826,66.889,66.912,62.896,70.782,67.851,68.724,66.443,68.826,0,clear,-1,FOLLOW_LANE,4.391213,4.808787,camera command; proximity clear
21.696,64.703,63.014,67.391,66.983,57.778,65.608,67.426,64.562,67.426,0,clear,-1,FOLLOW_LANE,4.441199,4.758801,camera command; proximity clear
21.728,64.394,61.886,70.767,70.476,59.685,68.657,68.261,66.794,68.261,0,clear,-1,FOLLOW_LANE,4.359931,4.840069,camera command; proximity clear
21.760,66.571,65.315,65.667,63.557,69.720,71.857,62.174,66.196,66.571,0,clear,-1,FOLLOW_LANE,4.408352,4.791647,camera command; proximity clear
21.792,73.330,65.781,69.603,59.560,68.092,72.892,62.508,64.881,73.330,0,clear,-1,FOLLOW_LANE,4.400524,4.799476,camera command; proximity clear
21.824,68.788,62.157,64.570,69.034,67.045,62.107,71.086,67.535,71.086,0,clear,-1,FOLLOW_LANE,4.367693,4.832306,camera command; proximity clear
21.856,65.219,65.809,65.628,66.854,68.997,71.022,64.213,67.820,67.820,0,clear,-1,FOLLOW_LANE,4.309859,4.890141,camera command; proximity clear
21.888,65.095,64.043,62.928,61.242,67.767,68.314,63.805,65.553,65.553,0,clear,-1,FOLLOW_LANE,4.292647,4.907353,camera command; proximity clear
21.920,65.077,69.879,70.519,70.198,70.768,70.902,67.656,66.547,69.879,0,clear,-1,FOLLOW_LANE,4.267621,4.932378,camera command; proximity clear
21.952,66.293,65.898,62.522,67.084,62.027,67.270,67.244,66.644,67.244,0,clear,-1,FOLLOW_LANE,4.275408,4.924592,camera command; proximity clear
21.984,71.282,68.030,66.499,64.570,63.649,67.167,64.705,67.255,71.282,0,clear,-1,FOLLOW_LANE,4.242567,4.957432,camera command; proximity clear
22.016,69.336,67.104,64.386,66.504,70.228,66.100,66.746,72.197,72.197,0,clear,-1,FOLLOW_LANE,4.250352,4.949648,camera command; proximity clear
22.048,66.451,66.847,64.893,68.960,69.908,68.906,60.597,65.860,66.847,0,clear,-1,FOLLOW_LANE,4.250324,4.949676,camera command; proximity clear
22.080,62.954,70.857,67.141,70.546,66.508,71.039,66.733,69.207,70.857,0,clear,-1,FOLLOW_LANE,4.250296,4.949704,camera command; proximity clear
22.112,66.838,72.066,63.566,67.448,70.436,64.363,61.841,71.673,72.066,0,clear,-1,FOLLOW_LANE,4.250268,4.949732,camera command; proximity clear
22.144,67.160,66.437,65.588,70.706,67.514,69.502,71.644,67.043,71.644,0,clear,-1,FOLLOW_LANE,4.250240,4.949760,camera command; proximity clear
22.176,69.394,69.265,68.589,60.313,68.078,67.810,68.275,65.472,69.394,0,clear,-1,FOLLOW_LANE,4.250212,4.949788,camera command; proximity clear
22.208,62.853,63.505,63.483,69.555,65.908,74.113,68.805,67.034,68.805,0,clear,-1,FOLLOW_LANE,4.250184,4.949816,camera command; proximity clear
22.240,67.090,62.739,59.255,67.284,65.357,64.617,63.148,65.451,67.090,0,clear,-1,FOLLOW_LANE,4.282970,4.917029,camera command; proximity clear
22.272,66.748,68.870,62.796,73.148,70.339,67.412,67.999,67.505,68.870,0,clear,-1,FOLLOW_LANE,4.275132,4.924868,camera command; proximity clear
22.304,71.079,67.877,67.457,69.922,67.605,61.873,73.149,70.922,73.149,0,clear,-1,FOLLOW_LANE,4.275106,4.924894,camera command; proximity clear
22.336,69.754,63.789,67.282,65.109,69.806,64.860,67.274,63.906,69.754,0,clear,-1,FOLLOW_LANE,4.307894,4.892105,camera command; proximity clear
22.368,72.306,67.843,68.877,62.068,66.021,69.845,67.476,71.323,72.306,0,clear,-1,FOLLOW_LANE,4.300058,4.899942,camera command; proximity clear
22.400,64.192,65.333,70.213,67.492,69.718,64.098,66.369,65.063,66.369,0,clear,-1,FOLLOW_LANE,4.365663,4.834337,camera command; proximity clear
22.432,70.665,68.467,67.339,68.165,67.089,71.805,65.315,67.522,70.665,0,clear,-1,FOLLOW_LANE,4.415647,4.784353,camera command; proximity clear
22.464,71.079,64.755,68.516,72.352,70.124,69.981,69.952,68.365,71.079,0,clear,-1,FOLLOW_LANE,4.432821,4.767179,camera command; proximity clear
22.496,67.229,68.767,66.959,62.661,66.831,67.122,66.811,68.086,68.767,0,clear,-1,FOLLOW_LANE,4.424994,4.775006,camera command; proximity clear
22.528,64.726,67.309,63.355,68.269,67.510,67.734,65.501,72.984,72.984,0,clear,-1,FOLLOW_LANE,4.392165,4.807834,camera command; proximity clear
22.560,69.211,60.534,70.846,67.568,70.581,67.165,69.308,68.065,69.308,0,clear,-1,FOLLOW_LANE,4.432776,4.767224,camera command; proximity clear
22.592,68.876,72.309,69.538,71.916,66.734,71.538,64.460,69.454,72.309,0,clear,-1,FOLLOW_LANE,4.424950,4.775050,camera command; proximity clear
22.624,67.044,68.854,70.086,70.977,68.039,69.866,69.733,64.709,69.733,0,clear,-1,FOLLOW_LANE,4.326492,4.873507,camera command; proximity clear
22.656,74.335,67.313,69.023,65.267,68.347,67.242,69.801,62.063,74.335,0,clear,-1,FOLLOW_LANE,4.317095,4.882904,camera command; proximity clear
22.688,66.552,64.749,72.375,59.867,69.489,72.408,73.477,65.096,73.477,0,clear,-1,FOLLOW_LANE,4.292071,4.907928,camera command; proximity clear
22.720,68.466,63.370,69.082,63.376,75.039,64.229,66.989,66.054,68.466,0,clear,-1,FOLLOW_LANE,4.267046,4.932954,camera command; proximity clear
22.752,68.546,67.729,64.224,74.178,65.086,64.844,69.293,66.039,69.293,0,clear,-1,FOLLOW_LANE,4.274832,4.925168,camera command; proximity clear
22.784,65.912,62.092,64.023,68.415,69.345,59.081,63.927,61.592,65.912,0,clear,-1,FOLLOW_LANE,4.241991,4.958009,camera command; proximity clear
22.816,67.443,71.589,62.829,66.001,67.994,65.142,69.273,70.538,71.589,0,clear,-1,FOLLOW_LANE,4.216962,4.983038,camera command; proximity clear
22.848,61.485,59.357,74.561,69.898,67.069,68.412,63.693,62.800,63.693,0,clear,-1,FOLLOW_LANE,4.224744,4.975256,camera command; proximity clear
22.880,68.453,72.439,64.265,66.451,66.672,66.250,64.007,77.231,77.231,0,clear,-1,FOLLOW_LANE,4.224714,4.975286,camera command; proximity clear
22.912,67.203,64.556,63.516,68.171,70.864,61.870,62.390,65.738,67.203,0,clear,-1,FOLLOW_LANE,4.191869,5.008131,camera command; proximity clear
22.944,69.510,69.226,72.971,63.620,66.541,70.921,67.181,69.617,69.617,0,clear,-1,FOLLOW_LANE,4.199650,5.000350,camera command; proximity clear
22.976,66.766,64.638,72.430,66.471,64.743,68.646,73.129,71.760,73.129,0,clear,-1,FOLLOW_LANE,4.199618,5.000382,camera command; proximity clear
23.008,72.406,71.564,63.824,63.558,68.038,70.043,66.549,64.876,72.406,0,clear,-1,FOLLOW_LANE,4.232400,4.967599,camera command; proximity clear
23.040,70.378,66.678,68.294,66.972,63.523,64.571,61.078,60.070,70.378,0,clear,-1,FOLLOW_LANE,4.257372,4.942627,camera command; proximity clear
23.072,61.886,62.508,74.523,63.325,67.416,66.315,66.989,66.650,66.989,0,clear,-1,FOLLOW_LANE,4.249532,4.950468,camera command; proximity clear
23.104,69.119,66.804,72.552,67.267,69.665,72.154,70.551,70.064,70.551,0,clear,-1,FOLLOW_LANE,4.282318,4.917681,camera command; proximity clear
23.136,69.010,67.338,67.608,68.732,67.784,67.071,71.071,65.530,71.071,0,clear,-1,FOLLOW_LANE,4.274480,4.925520,camera command; proximity clear
23.168,62.956,58.481,71.380,72.613,66.505,68.124,66.428,59.730,66.428,0,clear,-1,FOLLOW_LANE,4.307268,4.892732,camera command; proximity clear
23.200,66.053,68.508,64.561,65.694,69.381,69.760,72.337,63.906,72.337,0,clear,-1,FOLLOW_LANE,4.299432,4.900568,camera command; proximity clear
23.232,70.434,65.554,63.062,67.326,68.547,71.490,69.517,67.824,70.434,0,clear,-1,FOLLOW_LANE,4.397851,4.802148,camera command; proximity clear
23.264,68.712,72.183,66.713,65.737,66.867,73.836,72.008,66.648,72.183,0,clear,-1,FOLLOW_LANE,4.407210,4.792789,camera command; proximity clear
23.296,68.578,62.097,75.857,64.669,59.895,70.632,70.226,70.137,70.226,0,clear,-1,FOLLOW_LANE,4.399382,4.800618,camera command; proximity clear
23.328,67.461,69.660,68.375,67.485,64.935,70.572,66.584,67.456,69.660,0,clear,-1,FOLLOW_LANE,4.432180,4.767819,camera command; proximity clear
23.360,67.615,66.246,66.706,68.479,68.874,67.557,63.621,70.467,70.467,0,clear,-1,FOLLOW_LANE,4.489983,4.710017,camera command; proximity clear
23.392,62.590,68.314,68.332,71.672,66.312,73.018,65.357,64.561,68.314,0,clear,-1,FOLLOW_LANE,4.408719,4.791281,camera command; proximity clear
23.424,74.972,64.089,64.868,68.508,66.806,73.255,68.682,62.245,74.972,0,clear,-1,FOLLOW_LANE,4.260257,4.939742,camera command; proximity clear
23.456,67.940,70.786,64.419,73.024,66.421,63.101,68.846,66.114,70.786,0,clear,-1,FOLLOW_LANE,4.266481,4.933518,camera command; proximity clear
23.488,61.062,71.012,68.917,67.259,62.681,60.964,67.359,67.306,71.012,0,clear,-1,FOLLOW_LANE,4.241453,4.958546,camera command; proximity clear
23.520,65.761,63.077,65.669,67.081,67.764,64.474,61.588,66.210,66.210,0,clear,-1,FOLLOW_LANE,4.216423,4.983576,camera command; proximity clear
23.552,69.235,66.389,68.917,71.079,69.585,71.063,63.577,66.082,69.235,0,clear,-1,FOLLOW_LANE,4.158577,5.041423,camera command; proximity clear
23.584,69.094,66.973,64.872,67.812,62.101,65.641,67.912,66.646,69.094,0,clear,-1,FOLLOW_LANE,4.141353,5.058647,camera command; proximity clear
23.616,69.405,65.533,65.076,63.656,66.645,64.840,70.789,71.382,71.382,0,clear,-1,FOLLOW_LANE,4.149130,5.050870,camera command; proximity clear
23.648,65.522,68.169,61.947,64.620,65.269,65.643,59.923,67.663,68.169,0,clear,-1,FOLLOW_LANE,4.116279,5.083721,camera command; proximity clear
23.680,63.446,61.458,69.481,66.487,66.545,66.034,67.145,66.707,67.145,0,clear,-1,FOLLOW_LANE,4.124054,5.075946,camera command; proximity clear
23.712,67.890,61.788,68.715,70.889,68.150,66.523,70.001,63.892,70.001,0,clear,-1,FOLLOW_LANE,4.124016,5.075984,camera command; proximity clear
23.744,66.074,66.533,65.887,68.986,70.771,64.739,70.192,71.951,71.951,0,clear,-1,FOLLOW_LANE,4.156792,5.043207,camera command; proximity clear
23.776,65.155,70.752,60.979,67.199,67.375,64.253,62.872,69.023,70.752,0,clear,-1,FOLLOW_LANE,4.148944,5.051056,camera command; proximity clear
23.808,60.912,64.924,62.491,66.285,72.252,72.020,66.282,69.951,69.951,0,clear,-1,FOLLOW_LANE,4.181722,5.018277,camera command; proximity clear
23.840,64.978,70.448,66.611,69.924,67.403,68.425,71.914,67.587,71.914,0,clear,-1,FOLLOW_LANE,4.206690,4.993309,camera command; proximity clear
23.872,71.462,68.664,66.269,66.312,66.168,69.361,65.221,62.462,71.462,0,clear,-1,FOLLOW_LANE,4.198846,5.001154,camera command; proximity clear
23.904,69.377,65.314,61.304,68.460,66.774,68.049,64.620,66.718,69.377,0,clear,-1,FOLLOW_LANE,4.231628,4.968371,camera command; proximity clear
23.936,71.387,66.636,67.679,71.477,65.134,63.491,64.197,66.701,71.387,0,clear,-1,FOLLOW_LANE,4.256600,4.943399,camera command; proximity clear
23.968,66.298,67.548,71.133,67.529,66.500,67.605,70.255,69.165,70.255,0,clear,-1,FOLLOW_LANE,4.314389,4.885611,camera command; proximity clear
24.000,64.720,66.095,60.739,65.872,73.193,66.667,69.346,68.452,69.346,0,clear,-1,FOLLOW_LANE,4.397183,4.802816,camera command; proximity clear
24.032,64.744,74.652,65.640,64.758,66.707,66.201,66.367,58.256,74.652,0,clear,-1,FOLLOW_LANE,4.406542,4.793457,camera command; proximity clear
24.064,62.802,64.942,67.876,67.658,63.411,68.275,67.809,63.061,67.809,0,clear,-1,FOLLOW_LANE,4.398714,4.801286,camera command; proximity clear
24.096,68.709,65.071,68.140,66.195,66.083,65.306,67.190,68.112,68.709,0,clear,-1,FOLLOW_LANE,4.431512,4.768487,camera command; proximity clear
24.128,68.349,67.250,65.502,64.967,69.206,63.263,67.698,68.744,68.744,0,clear,-1,FOLLOW_LANE,4.456500,4.743499,camera command; proximity clear
24.160,63.961,68.483,70.358,72.585,65.796,66.819,68.641,70.294,70.294,0,clear,-1,FOLLOW_LANE,4.415862,4.784138,camera command; proximity clear
24.192,73.202,65.977,63.089,66.185,67.487,67.601,71.464,67.346,73.202,0,clear,-1,FOLLOW_LANE,4.292402,4.907598,camera command; proximity clear
24.224,66.795,68.427,62.330,68.206,65.383,73.450,63.581,68.525,68.525,0,clear,-1,FOLLOW_LANE,4.290815,4.909184,camera command; proximity clear
24.256,67.551,66.679,68.954,63.643,66.750,67.208,69.628,68.486,69.628,0,clear,-1,FOLLOW_LANE,4.265789,4.934210,camera command; proximity clear
24.288,63.101,64.950,67.231,67.965,70.962,69.401,72.229,72.433,72.433,0,clear,-1,FOLLOW_LANE,4.240761,4.959238,camera command; proximity clear
24.320,70.999,64.239,61.244,67.207,63.824,75.423,68.851,73.725,73.725,0,clear,-1,FOLLOW_LANE,4.215731,4.984268,camera command; proximity clear
24.352,62.765,63.655,67.281,66.330,66.509,66.504,68.090,67.880,68.090,0,clear,-1,FOLLOW_LANE,4.190700,5.009300,camera command; proximity clear
24.384,67.754,69.273,66.567,67.039,69.904,62.200,65.671,64.559,69.273,0,clear,-1,FOLLOW_LANE,4.198480,5.001520,camera command; proximity clear
24.416,64.886,65.916,68.319,66.238,66.973,69.157,67.173,64.188,67.173,0,clear,-1,FOLLOW_LANE,4.165633,5.034366,camera command; proximity clear
24.448,70.100,68.705,68.771,62.923,66.794,68.496,65.455,67.114,70.100,0,clear,-1,FOLLOW_LANE,4.173412,5.026588,camera command; proximity clear
24.480,62.223,65.562,68.093,73.591,64.858,65.795,69.453,69.793,69.793,0,clear,-1,FOLLOW_LANE,4.173378,5.026622,camera command; proximity clear
24.512,66.062,65.440,70.681,60.478,68.767,67.669,71.451,66.197,71.451,0,clear,-1,FOLLOW_LANE,4.206158,4.993841,camera command; proximity clear
24.544,71.213,70.827,67.578,67.173,69.722,66.906,70.777,72.261,72.261,0,clear,-1,FOLLOW_LANE,4.198314,5.001686,camera command; proximity clear
24.576,65.253,67.802,66.822,72.794,68.896,67.520,68.723,69.197,69.197,0,clear,-1,FOLLOW_LANE,4.198282,5.001718,camera command; proximity clear
24.608,70.415,68.551,68.652,66.744,62.311,67.305,60.613,66.173,70.415,0,clear,-1,FOLLOW_LANE,4.231064,4.968935,camera command; proximity clear
24.640,70.026,65.198,62.144,68.379,63.380,63.799,66.168,68.753,70.026,0,clear,-1,FOLLOW_LANE,4.256036,4.943963,camera command; proximity clear
24.672,65.646,67.723,70.505,72.427,64.256,72.586,63.050,64.360,67.723,0,clear,-1,FOLLOW_LANE,4.248196,4.951804,camera command; proximity clear
24.704,74.441,64.821,63.486,63.622,71.093,61.912,66.135,67.815,74.441,0,clear,-1,FOLLOW_LANE,4.280982,4.919017,camera command; proximity clear
24.736,68.988,71.530,66.332,65.617,66.949,66.684,72.171,69.186,72.171,0,clear,-1,FOLLOW_LANE,4.338773,4.861227,camera command; proximity clear
24.768,69.210,63.007,68.046,67.261,69.549,65.504,68.974,64.468,69.210,0,clear,-1,FOLLOW_LANE,4.388755,4.811245,camera command; proximity clear
24.800,59.947,64.403,66.148,64.602,62.888,69.781,62.776,69.473,69.473,0,clear,-1,FOLLOW_LANE,4.438741,4.761259,camera command; proximity clear
24.832,63.097,65.931,67.561,71.893,61.916,71.262,67.782,71.360,71.360,0,clear,-1,FOLLOW_LANE,4.390287,4.809712,camera command; proximity clear
24.864,60.834,71.958,62.222,68.397,71.201,74.450,65.156,65.371,71.958,0,clear,-1,FOLLOW_LANE,4.430898,4.769101,camera command; proximity clear
24.896,67.017,63.894,65.335,69.364,64.381,69.307,72.262,70.941,72.262,0,clear,-1,FOLLOW_LANE,4.455887,4.744113,camera command; proximity clear
24.928,71.096,70.431,68.271,66.398,68.890,64.237,69.431,73.130,73.130,0,clear,-1,FOLLOW_LANE,4.415247,4.784752,camera command; proximity clear
24.960,66.964,70.485,66.899,71.129,64.748,61.590,62.234,68.354,70.485,0,clear,-1,FOLLOW_LANE,4.291788,4.908212,camera command; proximity clear
24.992,66.389,70.400,67.869,61.896,65.970,71.766,72.621,63.832,72.621,0,clear,-1,FOLLOW_LANE,4.290201,4.909798,camera command; proximity clear
25.024,66.675,65.955,66.442,65.549,69.013,69.097,65.057,68.149,68.149,0,clear,-1,FOLLOW_LANE,4.297990,4.902010,camera command; proximity clear
25.056,68.108,68.599,70.052,70.036,72.726,66.162,65.788,64.983,68.599,0,clear,-1,FOLLOW_LANE,4.265151,4.934848,camera command; proximity clear
25.088,69.531,71.252,69.232,64.717,73.028,66.226,69.205,61.484,71.252,0,clear,-1,FOLLOW_LANE,4.240123,4.959877,camera command; proximity clear
25.120,68.931,65.953,66.938,64.532,63.787,68.395,65.355,69.595,69.595,0,clear,-1,FOLLOW_LANE,4.215094,4.984906,camera command; proximity clear
25.152,68.928,67.920,67.170,64.856,71.465,63.659,64.429,68.660,68.928,0,clear,-1,FOLLOW_LANE,4.190061,5.009938,camera command; proximity clear
25.184,70.284,62.567,68.171,71.021,67.356,66.580,69.553,67.243,70.284,0,clear,-1,FOLLOW_LANE,4.197842,5.002158,camera command; proximity clear
25.216,68.764,66.437,65.510,62.647,67.854,70.573,68.794,60.424,68.794,0,clear,-1,FOLLOW_LANE,4.197810,5.002190,camera command; proximity clear
25.248,70.018,66.402,63.799,71.594,64.430,67.516,65.317,64.796,70.018,0,clear,-1,FOLLOW_LANE,4.197778,5.002222,camera command; proximity clear
25.280,70.159,68.547,65.664,60.750,66.301,63.409,72.231,69.778,72.231,0,clear,-1,FOLLOW_LANE,4.197746,5.002254,camera command; proximity clear
25.312,62.052,65.277,63.655,66.579,69.012,67.873,71.242,65.202,71.242,0,clear,-1,FOLLOW_LANE,4.197714,5.002286,camera command; proximity clear
25.344,68.607,68.324,68.027,71.240,70.388,68.556,67.347,68.800,68.800,0,clear,-1,FOLLOW_LANE,4.197682,5.002318,camera command; proximity clear
25.376,61.084,70.938,67.607,63.173,67.218,65.552,63.395,65.351,70.938,0,clear,-1,FOLLOW_LANE,4.230465,4.969535,camera command; proximity clear
25.408,71.602,69.645,69.088,70.097,69.461,71.818,61.439,66.376,71.602,0,clear,-1,FOLLOW_LANE,4.222622,4.977378,camera command; proximity clear
25.440,67.815,67.939,71.527,72.418,66.290,63.687,70.437,67.519,70.437,0,clear,-1,FOLLOW_LANE,4.255406,4.944593,camera command; proximity clear
25.472,67.500,60.829,63.302,72.155,76.888,65.721,61.987,61.208,67.500,0,clear,-1,FOLLOW_LANE,4.280380,4.919619,camera command; proximity clear
25.504,67.951,63.824,65.361,66.482,68.619,69.359,66.021,67.283,67.951,0,clear,-1,FOLLOW_LANE,4.305356,4.894643,camera command; proximity clear
25.536,67.010,70.354,63.583,68.830,64.976,66.611,72.797,69.082,72.797,0,clear,-1,FOLLOW_LANE,4.395963,4.804036,camera command; proximity clear
25.568,56.823,67.189,68.091,66.896,66.328,62.815,64.213,70.069,70.069,0,clear,-1,FOLLOW_LANE,4.438137,4.761863,camera command; proximity clear
25.600,65.141,64.040,67.767,64.815,71.168,66.652,70.199,65.676,70.199,0,clear,-1,FOLLOW_LANE,4.389683,4.810316,camera command; proximity clear
25.632,70.958,63.761,64.340,69.137,66.967,68.204,67.766,63.459,70.958,0,clear,-1,FOLLOW_LANE,4.430294,4.769705,camera command; proximity clear
25.664,72.090,68.476,65.702,62.290,68.193,64.757,70.723,68.873,72.090,0,clear,-1,FOLLOW_LANE,4.455283,4.744717,camera command; proximity clear
25.696,68.376,67.024,66.046,62.632,65.639,67.118,65.510,76.974,76.974,0,clear,-1,FOLLOW_LANE,4.414643,4.785356,camera command; proximity clear
25.728,68.818,74.684,69.287,64.131,66.212,61.877,69.373,67.339,74.684,0,clear,-1,FOLLOW_LANE,4.291184,4.908816,camera command; proximity clear
25.760,72.289,69.912,66.961,69.730,66.676,66.737,66.685,74.647,74.647,0,clear,-1,FOLLOW_LANE,4.289597,4.910403,camera command; proximity clear
25.792,72.687,70.319,66.562,65.270,62.330,64.852,71.492,62.387,72.687,0,clear,-1,FOLLOW_LANE,4.297386,4.902614,camera command; proximity clear
25.824,62.155,61.750,69.149,60.143,67.327,62.257,67.002,71.877,71.877,0,clear,-1,FOLLOW_LANE,4.264547,4.935452,camera command; proximity clear
25.856,61.959,61.775,65.450,67.842,71.765,62.798,64.222,67.058,67.058,0,clear,-1,FOLLOW_LANE,4.239520,4.960480,camera command; proximity clear
25.888,72.353,61.850,67.069,64.287,67.669,75.020,68.307,71.028,72.353,0,clear,-1,FOLLOW_LANE,4.214489,4.985510,camera command; proximity clear
25.920,68.981,68.448,70.434,72.369,74.494,69.292,69.249,70.597,70.597,0,clear,-1,FOLLOW_LANE,4.189457,5.010542,camera command; proximity clear
25.952,68.001,67.042,66.714,62.151,65.662,68.924,73.717,71.426,73.717,0,clear,-1,FOLLOW_LANE,4.197238,5.002762,camera command; proximity clear
25.984,70.053,66.637,68.426,72.063,66.551,67.601,66.865,66.828,70.053,0,clear,-1,FOLLOW_LANE,4.197206,5.002794,camera command; proximity clear
26.016,66.368,63.895,71.229,66.697,64.628,65.291,64.485,61.911,66.368,0,clear,-1,FOLLOW_LANE,4.164359,5.035640,camera command; proximity clear
26.048,63.944,70.279,64.320,65.843,69.434,71.624,70.027,59.056,70.279,0,clear,-1,FOLLOW_LANE,4.204952,4.995048,camera command; proximity clear
26.080,62.968,70.925,69.885,65.990,73.583,66.898,73.560,66.042,73.560,0,clear,-1,FOLLOW_LANE,4.197108,5.002892,camera command; proximity clear
26.112,65.180,66.043,67.015,62.624,61.482,68.155,68.835,66.953,68.835,0,clear,-1,FOLLOW_LANE,4.197076,5.002924,camera command; proximity clear
26.144,69.992,73.042,65.681,62.952,67.974,67.932,64.388,68.934,73.042,0,clear,-1,FOLLOW_LANE,4.229858,4.970141,camera command; proximity clear
26.176,65.382,70.102,64.216,60.121,66.910,69.880,68.196,66.579,70.102,0,clear,-1,FOLLOW_LANE,4.222016,4.977984,camera command; proximity clear
26.208,61.916,72.946,71.590,68.947,63.777,68.565,65.358,70.126,72.946,0,clear,-1,FOLLOW_LANE,4.254800,4.945199,camera command; proximity clear
26.240,68.720,67.960,69.257,70.671,67.560,68.047,59.787,63.128,68.720,0,clear,-1,FOLLOW_LANE,4.246960,4.953040,camera command; proximity clear
26.272,67.546,59.860,68.120,64.665,65.609,64.715,69.083,65.486,69.083,0,clear,-1,FOLLOW_LANE,4.312561,4.887439,camera command; proximity clear
26.304,66.405,66.131,66.433,64.285,66.699,72.058,69.646,62.770,69.646,0,clear,-1,FOLLOW_LANE,4.362541,4.837459,camera command; proximity clear
26.336,63.854,65.693,67.887,67.477,70.201,68.125,72.903,66.448,72.903,0,clear,-1,FOLLOW_LANE,4.445339,4.754660,camera command; proximity clear
26.368,72.135,68.070,72.754,67.230,67.629,70.869,68.071,65.009,72.135,0,clear,-1,FOLLOW_LANE,4.389073,4.810926,camera command; proximity clear
26.400,61.260,69.243,70.608,64.751,71.319,69.581,66.551,63.970,69.243,0,clear,-1,FOLLOW_LANE,4.396870,4.803130,camera command; proximity clear
26.432,74.963,64.508,64.327,72.323,70.147,70.237,66.955,66.212,74.963,0,clear,-1,FOLLOW_LANE,4.462483,4.737517,camera command; proximity clear
26.464,70.119,69.068,64.718,69.429,62.532,64.652,66.527,63.005,70.119,0,clear,-1,FOLLOW_LANE,4.430439,4.769561,camera command; proximity clear
26.496,70.469,67.262,67.485,68.037,69.094,65.501,64.528,66.759,70.469,0,clear,-1,FOLLOW_LANE,4.319481,4.880519,camera command; proximity clear
26.528,72.445,65.964,67.799,67.785,65.755,66.276,62.111,71.589,72.445,0,clear,-1,FOLLOW_LANE,4.313990,4.886010,camera command; proximity clear
26.560,69.002,67.796,65.189,68.806,70.319,68.100,64.745,69.710,69.710,0,clear,-1,FOLLOW_LANE,4.288966,4.911033,camera command; proximity clear
26.592,64.014,67.052,65.765,69.084,62.549,69.402,70.260,68.514,70.260,0,clear,-1,FOLLOW_LANE,4.263940,4.936059,camera command; proximity clear
26.624,63.745,72.061,66.171,72.815,71.043,70.616,67.546,68.633,72.061,0,clear,-1,FOLLOW_LANE,4.238912,4.961087,camera command; proximity clear
26.656,72.186,64.930,62.370,62.865,60.544,63.325,68.264,65.229,72.186,0,clear,-1,FOLLOW_LANE,4.213882,4.986117,camera command; proximity clear
26.688,71.296,69.153,66.774,65.950,61.221,69.207,67.648,62.405,71.296,0,clear,-1,FOLLOW_LANE,4.188851,5.011149,camera command; proximity clear
26.720,66.734,70.974,68.473,67.672,64.001,69.332,68.385,67.193,70.974,0,clear,-1,FOLLOW_LANE,4.196631,5.003369,camera command; proximity clear
26.752,67.050,71.292,66.877,68.637,60.464,70.578,67.763,69.684,71.292,0,clear,-1,FOLLOW_LANE,4.163784,5.036215,camera command; proximity clear
26.784,68.051,69.589,72.550,66.496,62.828,66.451,62.380,67.956,69.589,0,clear,-1,FOLLOW_LANE,4.171563,5.028437,camera command; proximity clear
26.816,62.221,71.113,63.341,69.263,66.437,65.415,69.109,73.556,73.556,0,clear,-1,FOLLOW_LANE,4.171529,5.028471,camera command; proximity clear
26.848,65.111,71.571,65.448,64.174,68.733,71.117,66.495,73.069,73.069,0,clear,-1,FOLLOW_LANE,4.204309,4.995690,camera command; proximity clear
26.880,64.903,67.540,68.420,65.186,67.545,71.190,70.640,67.577,70.640,0,clear,-1,FOLLOW_LANE,4.196465,5.003535,camera command; proximity clear
26.912,71.520,67.897,69.526,66.394,65.555,66.879,65.823,67.911,71.520,0,clear,-1,FOLLOW_LANE,4.229247,4.970752,camera command; proximity clear
26.944,66.124,65.982,68.368,72.054,62.850,69.654,65.380,71.190,71.190,0,clear,-1,FOLLOW_LANE,4.221405,4.978595,camera command; proximity clear
26.976,69.118,66.855,72.245,66.546,69.978,69.971,65.871,67.280,69.118,0,clear,-1,FOLLOW_LANE,4.254189,4.945810,camera command; proximity clear
27.008,63.845,69.717,69.652,71.509,70.771,70.086,69.093,64.576,69.717,0,clear,-1,FOLLOW_LANE,4.246349,4.953651,camera command; proximity clear
27.040,67.320,66.071,71.611,70.218,63.550,68.526,68.902,60.570,68.902,0,clear,-1,FOLLOW_LANE,4.311950,4.888050,camera command; proximity clear
27.072,62.341,70.186,67.261,64.933,70.496,60.418,67.458,62.528,70.186,0,clear,-1,FOLLOW_LANE,4.361930,4.838070,camera command; proximity clear
27.104,67.896,70.391,68.186,64.533,71.752,68.904,64.921,69.350,70.391,0,clear,-1,FOLLOW_LANE,4.411914,4.788086,camera command; proximity clear
27.136,65.642,65.227,69.838,63.918,65.011,68.198,72.375,68.105,72.375,0,clear,-1,FOLLOW_LANE,4.396273,4.803727,camera command; proximity clear
27.168,67.275,68.862,71.224,71.533,68.990,66.952,72.555,64.016,72.555,0,clear,-1,FOLLOW_LANE,4.396257,4.803743,camera command; proximity clear
27.200,68.976,66.937,71.069,68.324,70.941,71.289,66.814,61.276,68.976,0,clear,-1,FOLLOW_LANE,4.461870,4.738130,camera command; proximity clear
27.232,63.615,71.822,65.323,69.539,66.343,62.569,68.982,69.619,71.822,0,clear,-1,FOLLOW_LANE,4.446233,4.753767,camera command; proximity clear
27.264,73.462,66.976,73.186,65.209,64.238,67.395,66.377,65.370,73.462,0,clear,-1,FOLLOW_LANE,4.347777,4.852222,camera command; proximity clear
27.296,65.618,63.052,71.269,63.489,63.537,63.335,72.145,71.768,72.145,0,clear,-1,FOLLOW_LANE,4.305568,4.894432,camera command; proximity clear
27.328,68.033,61.256,58.929,66.077,69.040,67.347,67.892,63.580,68.033,0,clear,-1,FOLLOW_LANE,4.288356,4.911643,camera command; proximity clear
27.360,69.223,68.217,64.990,70.899,67.729,72.671,66.817,70.070,70.070,0,clear,-1,FOLLOW_LANE,4.263330,4.936669,camera command; proximity clear
27.392,71.781,70.762,67.407,68.807,71.083,68.697,63.462,69.753,71.781,0,clear,-1,FOLLOW_LANE,4.238302,4.961697,camera command; proximity clear
27.424,66.191,74.009,70.624,67.940,65.061,62.204,70.545,71.755,74.009,0,clear,-1,FOLLOW_LANE,4.213272,4.986727,camera command; proximity clear
27.456,69.887,75.725,68.012,69.846,65.999,61.411,65.599,60.521,75.725,0,clear,-1,FOLLOW_LANE,4.188241,5.011759,camera command; proximity clear
27.488,65.282,73.529,68.555,74.057,60.605,63.721,61.744,68.281,73.529,0,clear,-1,FOLLOW_LANE,4.196021,5.003979,camera command; proximity clear
27.520,70.304,65.788,64.266,67.374,62.806,65.594,65.711,62.683,70.304,0,clear,-1,FOLLOW_LANE,4.195989,5.004011,camera command; proximity clear
27.552,68.014,62.126,68.326,58.492,71.179,64.288,66.575,62.201,68.014,0,clear,-1,FOLLOW_LANE,4.163142,5.036857,camera command; proximity clear
27.584,62.715,70.883,63.360,69.525,64.107,68.386,68.030,62.758,70.883,0,clear,-1,FOLLOW_LANE,4.170921,5.029079,camera command; proximity clear
27.616,69.070,68.536,69.919,70.629,67.462,65.493,64.689,65.750,69.070,0,clear,-1,FOLLOW_LANE,4.203701,4.996298,camera command; proximity clear
27.648,62.749,69.989,71.483,67.381,67.804,68.961,66.840,74.237,74.237,0,clear,-1,FOLLOW_LANE,4.195857,5.004143,camera command; proximity clear
27.680,66.988,66.090,66.044,63.787,63.684,67.845,68.196,68.994,68.994,0,clear,-1,FOLLOW_LANE,4.228639,4.971360,camera command; proximity clear
27.712,74.239,65.329,64.500,67.477,64.302,66.182,69.552,68.318,74.239,0,clear,-1,FOLLOW_LANE,4.220797,4.979203,camera command; proximity clear
27.744,69.223,64.556,74.754,73.548,69.533,67.907,65.100,64.573,69.223,0,clear,-1,FOLLOW_LANE,4.253581,4.946419,camera command; proximity clear
27.776,66.794,68.542,66.986,63.608,67.056,70.700,69.899,63.702,69.899,0,clear,-1,FOLLOW_LANE,4.245741,4.954259,camera command; proximity clear
27.808,65.180,67.453,67.115,72.199,70.385,66.123,68.831,65.808,68.831,0,clear,-1,FOLLOW_LANE,4.278528,4.921472,camera command; proximity clear
27.840,59.553,70.877,71.921,68.628,67.177,66.856,68.024,67.821,70.877,0,clear,-1,FOLLOW_LANE,4.336318,4.863682,camera command; proximity clear
27.872,68.175,65.060,68.527,67.410,68.441,67.317,71.106,64.224,71.106,0,clear,-1,FOLLOW_LANE,4.419115,4.780885,camera command; proximity clear
27.904,66.506,69.358,64.878,62.435,64.619,60.180,72.094,68.248,72.094,0,clear,-1,FOLLOW_LANE,4.395661,4.804339,camera command; proximity clear
27.936,59.662,70.880,68.512,73.307,67.745,69.214,64.767,70.830,70.880,0,clear,-1,FOLLOW_LANE,4.395645,4.804355,camera command; proximity clear
27.968,66.905,69.886,66.410,64.332,74.093,63.091,69.792,69.932,69.932,0,clear,-1,FOLLOW_LANE,4.461258,4.738742,camera command; proximity clear
28.000,63.756,71.238,67.990,63.437,68.129,72.156,67.439,66.918,71.238,0,clear,-1,FOLLOW_LANE,4.445621,4.754379,camera command; proximity clear
28.032,65.607,74.603,63.500,66.148,62.605,60.906,62.038,66.677,74.603,0,clear,-1,FOLLOW_LANE,4.379980,4.820020,camera command; proximity clear
28.064,68.514,68.977,70.849,78.241,69.175,65.585,67.440,68.597,68.977,0,clear,-1,FOLLOW_LANE,4.297145,4.902855,camera command; proximity clear
28.096,69.507,65.986,66.927,71.316,72.313,66.952,65.136,71.081,71.081,0,clear,-1,FOLLOW_LANE,4.287746,4.912253,camera command; proximity clear
28.128,71.233,65.653,66.578,66.228,68.068,63.115,65.611,63.429,71.233,0,clear,-1,FOLLOW_LANE,4.262720,4.937279,camera command; proximity clear
28.160,62.196,62.592,64.783,69.503,71.769,69.583,70.538,59.519,70.538,0,clear,-1,FOLLOW_LANE,4.237692,4.962307,camera command; proximity clear
28.192,69.361,65.968,70.388,69.879,63.662,64.989,67.181,70.114,70.114,0,clear,-1,FOLLOW_LANE,4.212662,4.987337,camera command; proximity clear
28.224,64.106,62.528,69.649,70.406,66.631,67.497,65.569,62.379,65.569,0,clear,-1,FOLLOW_LANE,4.220445,4.979555,camera command; proximity clear
28.256,65.452,69.197,67.801,63.737,63.648,70.283,65.810,69.243,69.243,0,clear,-1,FOLLOW_LANE,4.187600,5.012399,camera command; proximity clear
28.288,61.457,63.543,70.044,70.652,66.865,72.322,63.089,73.271,73.271,0,clear,-1,FOLLOW_LANE,4.195381,5.004619,camera command; proximity clear
28.320,68.211,65.739,62.229,71.006,69.018,61.241,63.693,71.597,71.597,0,clear,-1,FOLLOW_LANE,4.162534,5.037465,camera command; proximity clear
28.352,62.839,66.776,66.383,61.943,67.031,66.823,68.362,73.192,73.192,0,clear,-1,FOLLOW_LANE,4.170313,5.029687,camera command; proximity clear
28.384,63.389,67.982,69.943,68.228,62.946,68.920,65.071,68.869,68.869,0,clear,-1,FOLLOW_LANE,4.203093,4.996906,camera command; proximity clear
28.416,65.777,64.416,69.739,67.363,66.620,67.151,66.690,63.432,66.690,0,clear,-1,FOLLOW_LANE,4.195249,5.004751,camera command; proximity clear
28.448,63.896,71.156,67.175,61.663,71.474,72.737,67.542,64.945,71.156,0,clear,-1,FOLLOW_LANE,4.195217,5.004783,camera command; proximity clear
28.480,72.750,69.124,63.360,66.556,73.162,69.740,70.942,67.063,72.750,0,clear,-1,FOLLOW_LANE,4.227999,4.972001,camera command; proximity clear
28.512,67.474,58.845,65.364,72.121,68.194,68.489,65.762,66.849,67.474,0,clear,-1,FOLLOW_LANE,4.252971,4.947029,camera command; proximity clear
28.544,71.015,69.169,66.624,66.742,64.001,67.016,66.848,64.745,71.015,0,clear,-1,FOLLOW_LANE,4.245131,4.954869,camera command; proximity clear
28.576,68.575,67.103,68.239,68.048,69.090,67.879,68.702,76.239,76.239,0,clear,-1,FOLLOW_LANE,4.277918,4.922082,camera command; proximity clear
28.608,71.159,64.636,70.820,73.805,59.523,65.563,64.599,68.328,71.159,0,clear,-1,FOLLOW_LANE,4.302893,4.897106,camera command; proximity clear
28.640,68.144,64.739,66.182,67.254,68.006,71.038,65.433,68.946,68.946,0,clear,-1,FOLLOW_LANE,4.327871,4.872128,camera command; proximity clear
28.672,65.679,70.906,67.034,68.721,65.868,67.637,66.350,68.098,70.906,0,clear,-1,FOLLOW_LANE,4.615367,4.584632,camera command; proximity clear
28.704,69.900,76.041,70.429,69.087,68.981,62.591,69.672,64.245,76.041,0,clear,-1,FOLLOW_LANE,4.348164,4.851836,camera command; proximity clear
28.736,65.135,62.000,72.083,68.154,66.216,63.391,66.805,63.221,66.805,0,clear,-1,FOLLOW_LANE,4.427837,4.772162,camera command; proximity clear
28.768,66.387,69.257,61.302,72.890,72.249,68.443,65.113,60.788,69.257,0,clear,-1,FOLLOW_LANE,4.452825,4.747174,camera command; proximity clear
28.800,64.544,70.225,70.770,68.803,65.942,67.621,64.369,64.279,70.225,0,clear,-1,FOLLOW_LANE,4.379372,4.820628,camera command; proximity clear
28.832,63.267,65.183,67.747,69.589,68.617,70.970,65.978,64.576,65.978,0,clear,-1,FOLLOW_LANE,4.296537,4.903462,camera command; proximity clear
28.864,64.772,68.584,74.133,69.132,61.949,67.093,71.188,61.701,71.188,0,clear,-1,FOLLOW_LANE,4.287138,4.912861,camera command; proximity clear
28.896,65.509,63.776,66.914,71.555,62.573,68.614,59.185,72.088,72.088,0,clear,-1,FOLLOW_LANE,4.262112,4.937887,camera command; proximity clear
28.928,71.353,65.577,66.827,63.898,69.686,67.529,70.511,64.296,71.353,0,clear,-1,FOLLOW_LANE,4.237084,4.962915,camera command; proximity clear
28.960,69.021,67.256,68.622,64.047,67.926,60.431,66.122,69.219,69.219,0,clear,-1,FOLLOW_LANE,4.244869,4.955131,camera command; proximity clear
28.992,61.636,66.964,67.648,68.442,69.772,66.474,71.029,61.861,71.029,0,clear,-1,FOLLOW_LANE,4.212026,4.987973,camera command; proximity clear
29.024,70.089,67.000,69.490,71.194,63.727,67.743,68.674,67.569,70.089,0,clear,-1,FOLLOW_LANE,4.186994,5.013005,camera command; proximity clear
29.056,65.267,67.779,66.781,71.981,67.118,64.686,70.086,66.161,70.086,0,clear,-1,FOLLOW_LANE,4.194775,5.005225,camera command; proximity clear
29.088,64.467,67.915,66.100,63.640,61.679,65.209,71.551,66.676,71.551,0,clear,-1,FOLLOW_LANE,4.194743,5.005257,camera command; proximity clear
29.120,66.545,64.804,66.227,68.684,68.595,64.354,66.718,64.096,66.718,0,clear,-1,FOLLOW_LANE,4.194711,5.005289,camera command; proximity clear
29.152,67.572,74.006,66.848,60.249,69.295,57.583,66.030,67.062,74.006,0,clear,-1,FOLLOW_LANE,4.194679,5.005321,camera command; proximity clear
29.184,67.352,65.220,62.408,68.503,67.384,64.928,66.421,66.312,67.352,0,clear,-1,FOLLOW_LANE,4.194647,5.005353,camera command; proximity clear
29.216,64.614,63.348,68.406,69.578,67.398,69.727,66.703,70.403,70.403,0,clear,-1,FOLLOW_LANE,4.194615,5.005385,camera command; proximity clear
29.248,70.501,65.484,64.267,65.241,64.335,68.160,70.593,67.180,70.593,0,clear,-1,FOLLOW_LANE,4.227397,4.972602,camera command; proximity clear
29.280,65.707,65.501,66.135,69.727,67.064,71.787,62.682,69.536,69.536,0,clear,-1,FOLLOW_LANE,4.219555,4.980445,camera command; proximity clear
29.312,62.141,62.547,67.676,71.049,65.508,69.340,65.326,69.230,69.230,0,clear,-1,STOP_WAIT,0.000000,0.000000,camera safety stop retained
29.344,62.604,72.203,64.948,63.310,65.434,62.662,69.079,63.556,72.203,0,clear,-1,STOP_WAIT,0.000000,0.000000,camera safety stop retained
29.376,64.114,64.275,58.905,66.937,70.128,69.585,66.890,67.480,67.480,0,clear,-1,STOP_WAIT,0.000000,0.000000,camera safety stop retained
29.408,67.112,73.546,72.371,61.903,66.626,60.613,66.612,65.588,73.546,0,clear,-1,STOP_WAIT,0.000000,0.000000,camera safety stop retained
29.440,67.539,65.789,65.087,72.013,65.981,65.919,68.305,72.949,72.949,0,clear,-1,STOP_WAIT,0.000000,0.000000,camera safety stop retained
29.472,64.606,70.296,61.763,73.459,68.740,71.720,62.214,65.327,70.296,0,clear,-1,STOP_WAIT,0.000000,0.000000,camera safety stop retained
29.504,74.254,61.868,70.791,68.598,66.089,70.139,72.124,70.805,74.254,0,clear,-1,STOP_WAIT,0.000000,0.000000,camera safety stop retained
29.536,69.894,65.002,71.835,70.253,69.239,66.577,68.290,66.295,69.894,0,clear,-1,AVOID,1.300000,4.300000,camera command; proximity clear
29.568,67.571,62.749,67.192,67.980,67.309,62.779,67.263,68.239,68.239,0,clear,-1,AVOID,1.300000,4.300000,camera command; proximity clear
29.600,64.353,69.761,67.668,62.814,69.635,66.875,69.166,67.561,69.761,0,clear,-1,AVOID,1.300000,4.300000,camera command; proximity clear
29.632,68.252,67.002,61.849,67.076,62.086,66.276,67.232,57.559,68.252,0,clear,-1,AVOID,1.300000,4.300000,camera command; proximity clear
29.664,61.561,66.515,68.334,66.148,66.533,69.498,60.789,70.338,70.338,0,clear,-1,AVOID,1.300000,4.300000,camera command; proximity clear
29.696,65.809,62.163,65.971,64.042,61.584,73.103,60.151,71.164,71.164,0,clear,-1,AVOID,1.300000,4.300000,camera command; proximity clear
29.728,65.313,64.598,70.844,70.870,62.638,63.490,66.711,69.267,69.267,0,clear,-1,AVOID,1.300000,4.300000,camera command; proximity clear
29.760,60.975,68.340,68.378,65.204,65.158,66.261,68.382,66.970,68.382,0,clear,-1,AVOID,1.300000,4.300000,camera command; proximity clear
29.792,68.085,69.620,69.062,69.353,65.444,72.690,61.243,65.464,69.620,0,clear,-1,AVOID,1.300000,4.300000,camera command; proximity clear
29.824,71.487,67.919,64.588,64.332,64.273,72.409,72.448,70.916,72.448,0,clear,-1,AVOID,1.300000,4.300000,camera command; proximity clear
29.856,69.414,64.115,67.846,62.814,62.946,63.699,66.311,68.805,69.414,0,clear,-1,AVOID,1.300000,4.300000,camera command; proximity clear
29.888,62.833,68.703,70.924,61.678,68.349,67.992,73.500,69.574,73.500,0,clear,-1,AVOID,1.300000,4.300000,camera command; proximity clear
29.920,66.846,76.798,64.246,69.402,65.052,69.923,64.885,68.749,76.798,0,clear,-1,AVOID,1.300000,4.300000,camera command; proximity clear
29.952,62.471,107.635,70.007,66.551,63.860,71.101,65.428,64.336,107.635,1,front,-1,AVOID,0.000000,3.200000,proximity-guided collision avoidance
29.984,64.755,118.878,66.053,67.736,65.067,66.259,66.916,68.954,118.878,1,front,-1,AVOID,0.000000,3.200000,proximity-guided collision avoidance
30.016,67.591,135.814,64.761,67.981,66.622,65.852,64.880,67.880,135.814,1,front,-1,AVOID,0.000000,3.200000,proximity-guided collision avoidance
30.048,67.401,117.418,65.647,64.346,70.302,68.315,61.967,67.920,117.418,1,front,-1,AVOID,0.000000,3.200000,proximity-guided collision avoidance
30.080,73.174,111.142,66.350,62.661,68.633,71.534,64.341,68.893,111.142,1,front,-1,AVOID,0.000000,3.200000,proximity-guided collision avoidance
30.112,71.471,105.754,64.557,64.671,70.184,68.898,69.806,66.689,105.754,1,front,-1,AVOID,0.000000,3.200000,proximity-guided collision avoidance
30.144,69.645,88.011,64.113,67.894,69.516,71.631,64.746,68.128,88.011,1,front,-1,AVOID,0.000000,3.200000,proximity-guided collision avoidance
30.176,65.940,67.221,68.927,60.898,70.207,67.985,66.600,67.710,67.710,1,front,-1,AVOID,0.000000,3.200000,proximity-guided collision avoidance
30.208,64.368,65.917,66.948,66.175,63.616,62.341,70.295,69.909,70.295,1,front,-1,AVOID,0.000000,3.200000,proximity-guided collision avoidance
30.240,65.116,63.834,68.093,70.259,71.319,74.443,70.730,68.989,70.730,0,clear,-1,AVOID,1.300000,4.300000,camera command; proximity clear
30.272,68.351,67.998,72.412,62.774,66.557,71.447,69.301,70.668,70.668,0,clear,-1,AVOID,1.300000,4.300000,camera command; proximity clear
30.304,74.379,68.741,67.853,61.142,68.874,59.049,69.137,67.253,74.379,0,clear,-1,AVOID,1.300000,4.300000,camera command; proximity clear
30.336,65.890,72.097,67.957,66.849,67.739,65.025,68.178,66.060,72.097,0,clear,-1,AVOID,1.300000,4.300000,camera command; proximity clear
30.368,64.930,73.591,87.777,64.233,67.651,74.520,68.301,72.043,73.591,0,clear,-1,AVOID,1.300000,4.300000,camera command; proximity clear
30.400,72.376,71.427,121.981,66.467,70.341,67.952,68.475,62.997,72.376,1,side_monitor,-1,AVOID,1.300000,4.300000,camera avoidance retained; side obstacle monitored
30.432,71.092,68.716,150.485,73.989,69.176,67.546,63.214,64.936,71.092,1,side_monitor,-1,AVOID,1.300000,4.300000,camera avoidance retained; side obstacle monitored
30.464,62.440,73.592,148.417,67.176,66.352,67.511,70.431,63.191,73.592,1,side_monitor,-1,AVOID,1.300000,4.300000,camera avoidance retained; side obstacle monitored
30.496,68.592,67.743,137.510,69.575,67.719,68.959,72.345,64.433,72.345,1,side_monitor,-1,AVOID,1.300000,4.300000,camera avoidance retained; side obstacle monitored
30.528,69.051,67.131,114.212,63.846,61.431,66.182,64.692,76.890,76.890,1,side_monitor,-1,AVOID,1.300000,4.300000,camera avoidance retained; side obstacle monitored
30.560,71.107,66.274,108.379,60.356,63.716,61.715,65.362,61.592,71.107,1,side_monitor,-1,AVOID,1.300000,4.300000,camera avoidance retained; side obstacle monitored
30.592,68.406,68.306,99.096,65.696,62.898,66.783,67.526,68.425,68.425,1,side_monitor,-1,AVOID,1.300000,4.300000,camera avoidance retained; side obstacle monitored
30.624,65.207,61.684,74.535,68.027,68.385,66.374,64.525,60.569,65.207,1,side_monitor,-1,AVOID,1.300000,4.300000,camera avoidance retained; side obstacle monitored
30.656,67.657,68.917,68.642,68.879,67.122,63.213,63.539,65.242,68.917,1,side_monitor,-1,AVOID,1.300000,4.300000,camera avoidance retained; side obstacle monitored
30.688,67.502,65.060,70.552,63.590,69.681,65.695,63.515,72.693,72.693,0,clear,-1,AVOID,1.300000,4.300000,camera command; proximity clear
30.720,68.210,63.403,62.999,67.631,66.658,69.756,74.013,66.559,74.013,0,clear,-1,AVOID,1.300000,4.300000,camera command; proximity clear
30.752,70.613,62.182,65.095,69.538,66.805,67.526,68.244,65.057,70.613,0,clear,-1,AVOID,1.300000,4.300000,camera command; proximity clear
30.784,65.753,66.980,66.206,68.389,67.303,62.607,69.121,62.892,69.121,0,clear,-1,AVOID,1.300000,4.300000,camera command; proximity clear
30.816,66.773,69.279,66.805,63.465,65.454,70.128,67.434,65.604,69.279,0,clear,-1,AVOID,1.300000,4.300000,camera command; proximity clear
30.848,73.023,70.114,65.495,66.750,71.027,67.333,62.748,60.650,73.023,0,clear,-1,AVOID,1.300000,4.300000,camera command; proximity clear
30.880,70.171,70.432,75.124,73.463,66.734,66.992,66.468,66.769,70.432,0,clear,-1,AVOID,1.300000,4.300000,camera command; proximity clear
30.912,63.066,66.923,64.595,71.491,68.319,67.769,71.126,69.569,71.126,0,clear,-1,AVOID,1.300000,4.300000,camera command; proximity clear
30.944,66.181,67.835,65.631,68.160,65.348,63.630,68.005,70.389,70.389,0,clear,-1,AVOID,1.300000,4.300000,camera command; proximity clear
30.976,65.295,66.733,65.850,68.000,63.494,72.272,67.873,66.548,67.873,0,clear,-1,AVOID,1.300000,4.300000,camera command; proximity clear
31.008,74.089,60.544,71.457,66.160,66.819,66.574,66.725,68.040,74.089,0,clear,-1,AVOID,1.300000,4.300000,camera command; proximity clear
31.040,64.640,66.608,69.670,87.078,61.783,69.082,65.009,71.034,71.034,0,clear,-1,AVOID,1.300000,4.300000,camera command; proximity clear
31.072,65.639,65.276,66.470,79.467,68.307,63.225,69.791,66.409,69.791,0,clear,-1,AVOID,1.300000,4.300000,camera command; proximity clear
31.104,69.741,67.854,69.428,69.507,66.290,63.508,64.920,71.368,71.368,0,clear,-1,AVOID,1.300000,4.300000,camera command; proximity clear
31.136,68.290,69.573,66.083,63.057,71.962,68.308,72.891,70.058,72.891,0,clear,-1,AVOID,1.300000,4.300000,camera command; proximity clear
31.168,64.623,72.614,63.597,69.741,64.309,62.429,66.393,66.953,72.614,0,clear,-1,AVOID,1.300000,4.300000,camera command; proximity clear
31.200,66.221,69.198,70.277,67.525,67.253,63.619,64.097,68.950,69.198,0,clear,-1,AVOID,1.300000,4.300000,camera command; proximity clear
31.232,65.433,66.029,67.636,68.328,67.225,70.550,65.914,64.712,66.029,0,clear,-1,AVOID,1.300000,4.300000,camera command; proximity clear
31.264,60.996,63.622,66.384,70.838,65.694,67.163,65.821,70.430,70.430,0,clear,-1,AVOID,1.300000,4.300000,camera command; proximity clear
31.296,67.950,64.334,67.085,70.182,65.453,64.391,64.859,68.056,68.056,0,clear,-1,AVOID,1.300000,4.300000,camera command; proximity clear
31.328,69.128,70.494,64.687,64.549,67.096,75.509,73.496,70.240,73.496,0,clear,-1,AVOID,1.300000,4.300000,camera command; proximity clear
31.360,62.234,66.593,66.414,64.652,68.363,69.649,63.724,68.373,68.373,0,clear,-1,AVOID,4.300000,1.300000,camera command; proximity clear
31.392,71.858,71.969,65.892,68.512,75.800,64.704,70.776,66.359,71.969,0,clear,-1,AVOID,4.300000,1.300000,camera command; proximity clear
31.424,67.375,67.277,66.732,68.292,67.527,66.268,66.616,60.918,67.375,0,clear,-1,AVOID,4.300000,1.300000,camera command; proximity clear
31.456,67.730,67.758,69.341,70.708,67.353,68.752,65.380,65.831,67.758,0,clear,-1,AVOID,4.300000,1.300000,camera command; proximity clear
31.488,65.063,69.188,67.525,70.440,68.639,64.735,66.050,69.507,69.507,0,clear,-1,AVOID,4.300000,1.300000,camera command; proximity clear
31.520,69.379,67.742,66.870,67.073,67.540,63.815,70.435,65.588,70.435,0,clear,-1,AVOID,4.300000,1.300000,camera command; proximity clear
31.552,71.777,67.564,66.113,68.994,70.186,65.693,69.507,64.743,71.777,0,clear,-1,AVOID,4.300000,1.300000,camera command; proximity clear
31.584,71.673,62.330,68.377,69.245,66.355,66.104,68.325,73.192,73.192,0,clear,-1,AVOID,4.300000,1.300000,camera command; proximity clear
31.616,71.487,63.920,67.749,65.175,70.985,63.010,65.676,72.861,72.861,0,clear,-1,AVOID,4.300000,1.300000,camera command; proximity clear
31.648,64.469,63.739,61.140,71.274,60.589,65.167,68.225,69.851,69.851,0,clear,-1,AVOID,4.300000,1.300000,camera command; proximity clear
31.680,70.772,68.608,70.643,71.937,68.872,61.763,61.926,68.421,70.772,0,clear,-1,AVOID,4.300000,1.300000,camera command; proximity clear
31.712,70.163,70.154,67.648,70.828,58.847,70.940,63.964,70.722,70.722,0,clear,-1,AVOID,4.300000,1.300000,camera command; proximity clear
31.744,68.670,64.837,64.494,70.224,71.049,64.898,70.130,66.023,70.130,0,clear,-1,AVOID,4.300000,1.300000,camera command; proximity clear
31.776,67.001,60.813,66.354,61.650,69.645,70.187,68.398,66.953,68.398,0,clear,-1,AVOID,4.300000,1.300000,camera command; proximity clear
31.808,65.078,68.537,73.884,62.937,60.352,65.783,64.950,73.562,73.562,0,clear,-1,AVOID,4.300000,1.300000,camera command; proximity clear
31.840,67.608,69.602,67.887,66.166,62.703,70.675,70.584,66.974,70.584,0,clear,-1,AVOID,4.300000,1.300000,camera command; proximity clear
31.872,70.202,75.735,61.187,69.742,64.505,64.595,69.261,67.665,75.735,0,clear,-1,AVOID,4.300000,1.300000,camera command; proximity clear
31.904,63.107,69.602,65.421,69.024,66.241,69.750,66.702,67.338,69.602,0,clear,-1,AVOID,4.300000,1.300000,camera command; proximity clear
31.936,67.185,67.785,67.725,63.229,65.354,69.648,65.057,66.976,67.785,0,clear,-1,AVOID,4.300000,1.300000,camera command; proximity clear
31.968,67.619,66.027,68.357,65.981,67.857,62.473,61.176,66.147,67.619,0,clear,-1,AVOID,4.300000,1.300000,camera command; proximity clear
32.000,70.325,70.983,71.579,65.755,69.623,65.557,66.432,66.366,70.983,0,clear,-1,AVOID,4.300000,1.300000,camera command; proximity clear
32.032,61.689,76.384,63.877,66.284,70.490,64.409,72.506,64.009,76.384,0,clear,-1,AVOID,4.300000,1.300000,camera command; proximity clear
32.064,65.749,65.120,69.448,64.084,65.333,71.863,67.932,67.114,67.932,0,clear,-1,AVOID,4.300000,1.300000,camera command; proximity clear
32.096,71.714,73.156,68.941,68.204,71.039,70.541,69.412,65.099,73.156,0,clear,-1,AVOID,4.300000,1.300000,camera command; proximity clear
32.128,63.321,61.645,71.131,68.501,63.846,66.152,70.168,66.874,70.168,0,clear,-1,AVOID,4.300000,1.300000,camera command; proximity clear
32.160,70.557,67.924,64.553,63.524,72.993,70.246,65.163,67.720,70.557,0,clear,-1,AVOID,4.300000,1.300000,camera command; proximity clear
32.192,65.621,64.598,72.843,67.080,65.917,65.232,64.578,61.458,65.621,0,clear,-1,AVOID,4.300000,1.300000,camera command; proximity clear
32.224,69.289,69.795,64.155,74.762,70.416,67.448,68.769,64.882,69.795,0,clear,-1,AVOID,4.300000,1.300000,camera command; proximity clear
32.256,68.980,62.991,65.872,68.120,63.686,68.867,63.035,71.310,71.310,0,clear,-1,AVOID,4.300000,1.300000,camera command; proximity clear
32.288,66.839,70.885,67.184,61.023,68.022,64.835,59.813,66.271,70.885,0,clear,-1,AVOID,4.300000,1.300000,camera command; proximity clear
32.320,61.222,69.265,67.113,65.255,70.573,68.019,74.944,63.774,74.944,0,clear,-1,AVOID,4.300000,1.300000,camera command; proximity clear
32.352,71.709,68.567,63.420,67.710,71.356,66.664,60.935,68.862,71.709,0,clear,-1,AVOID,4.300000,1.300000,camera command; proximity clear
32.384,69.139,65.013,66.921,66.620,66.012,66.317,65.799,67.602,69.139,0,clear,-1,AVOID,4.300000,1.300000,camera command; proximity clear
32.416,63.809,68.296,65.989,65.835,66.696,73.820,66.853,62.682,68.296,0,clear,-1,AVOID,4.300000,1.300000,camera command; proximity clear
32.448,64.291,68.904,59.653,68.135,64.944,67.079,71.482,69.401,71.482,0,clear,-1,AVOID,4.300000,1.300000,camera command; proximity clear
32.480,65.951,69.189,72.914,66.380,67.602,69.709,70.980,69.809,70.980,0,clear,-1,AVOID,4.300000,1.300000,camera command; proximity clear
32.512,64.113,63.917,67.133,69.488,68.738,66.375,67.718,62.831,67.718,0,clear,-1,AVOID,4.300000,1.300000,camera command; proximity clear
32.544,73.491,63.577,65.135,72.133,67.282,71.481,64.517,64.249,73.491,0,clear,-1,AVOID,4.300000,1.300000,camera command; proximity clear
32.576,64.492,63.650,68.011,72.303,67.122,68.456,71.699,65.432,71.699,0,clear,-1,AVOID,4.300000,1.300000,camera command; proximity clear
32.608,66.607,65.458,73.849,69.907,63.827,65.974,69.261,60.795,69.261,0,clear,-1,AVOID,4.300000,1.300000,camera command; proximity clear
32.640,68.656,68.887,65.754,63.173,73.567,71.896,65.341,69.257,69.257,0,clear,-1,AVOID,4.300000,1.300000,camera command; proximity clear
32.672,65.274,63.349,66.195,69.134,67.303,66.950,63.714,66.335,66.335,0,clear,-1,AVOID,4.300000,1.300000,camera command; proximity clear
32.704,69.647,69.614,67.649,70.078,66.379,66.692,68.637,63.624,69.647,0,clear,-1,AVOID,4.300000,1.300000,camera command; proximity clear
32.736,66.836,66.182,66.314,64.317,61.137,68.846,68.421,64.853,68.421,0,clear,-1,AVOID,4.300000,1.300000,camera command; proximity clear
32.768,68.653,67.303,65.878,72.215,70.020,68.381,68.029,71.259,71.259,0,clear,-1,AVOID,4.300000,1.300000,camera command; proximity clear
32.800,67.056,71.192,71.620,61.961,69.131,69.761,68.183,68.003,71.192,0,clear,-1,AVOID,4.300000,1.300000,camera command; proximity clear
32.832,65.264,70.973,68.139,67.204,72.019,71.251,64.429,60.713,70.973,0,clear,-1,AVOID,4.300000,1.300000,camera command; proximity clear
32.864,66.828,66.795,60.857,63.745,68.931,64.505,60.487,64.066,66.828,0,clear,-1,AVOID,4.300000,1.300000,camera command; proximity clear
32.896,64.116,66.779,62.874,64.707,64.193,70.796,68.171,66.307,68.171,0,clear,-1,AVOID,4.300000,1.300000,camera command; proximity clear
32.928,68.666,65.236,68.420,65.575,69.344,66.621,71.113,67.933,71.113,0,clear,-1,AVOID,4.300000,1.300000,camera command; proximity clear
32.960,61.827,70.169,65.299,65.156,63.649,65.153,64.876,60.767,70.169,0,clear,-1,AVOID,4.300000,1.300000,camera command; proximity clear
32.992,67.420,65.048,65.522,68.860,62.693,62.020,66.505,70.825,70.825,0,clear,-1,AVOID,4.300000,1.300000,camera command; proximity clear
33.024,65.990,65.536,70.910,66.194,66.287,71.516,73.578,66.469,73.578,0,clear,-1,AVOID,4.300000,1.300000,camera command; proximity clear
33.056,69.442,64.080,67.140,63.262,68.024,71.524,66.128,67.428,69.442,0,clear,-1,AVOID,4.300000,1.300000,camera command; proximity clear
33.088,62.836,71.352,71.224,65.274,63.423,66.944,66.818,68.108,71.352,0,clear,-1,AVOID,4.300000,1.300000,camera command; proximity clear
33.120,65.443,70.893,62.931,71.346,70.091,70.548,66.435,64.393,70.893,0,clear,-1,AVOID,4.300000,1.300000,camera command; proximity clear
33.152,70.510,71.575,67.408,62.373,65.761,67.571,67.247,59.984,71.575,0,clear,-1,AVOID,4.300000,1.300000,camera command; proximity clear
33.184,60.767,69.928,69.507,62.763,66.492,71.208,68.995,69.460,69.928,0,clear,-1,AVOID,4.300000,1.300000,camera command; proximity clear
33.216,70.887,64.892,65.669,62.907,67.109,66.184,66.883,69.192,70.887,0,clear,-1,AVOID,4.300000,1.300000,camera command; proximity clear
33.248,66.046,64.568,73.735,67.224,71.824,67.667,63.235,70.356,70.356,0,clear,-1,AVOID,4.300000,1.300000,camera command; proximity clear
33.280,69.073,65.707,67.430,63.400,64.841,64.038,66.706,68.153,69.073,0,clear,-1,AVOID,4.300000,1.300000,camera command; proximity clear
33.312,61.407,70.832,71.532,60.200,63.879,63.336,64.974,69.638,70.832,0,clear,-1,AVOID,4.300000,1.300000,camera command; proximity clear
33.344,69.543,65.556,68.747,71.504,72.374,65.647,64.767,62.131,69.543,0,clear,-1,AVOID,4.300000,1.300000,camera command; proximity clear
33.376,70.431,64.788,61.786,69.546,67.042,67.688,60.817,66.713,70.431,0,clear,-1,AVOID,4.300000,1.300000,camera command; proximity clear
33.408,63.687,65.406,68.259,62.928,67.777,66.831,64.966,71.799,71.799,0,clear,-1,AVOID,4.300000,1.300000,camera command; proximity clear
33.440,63.335,66.846,67.844,66.261,62.843,70.787,68.332,72.686,72.686,0,clear,-1,AVOID,4.300000,1.300000,camera command; proximity clear
33.472,64.696,66.784,69.306,68.387,69.820,61.939,72.757,68.313,72.757,0,clear,-1,AVOID,4.300000,1.300000,camera command; proximity clear
33.504,70.866,69.075,71.047,62.655,64.880,67.565,67.015,65.627,70.866,0,clear,-1,AVOID,4.300000,1.300000,camera command; proximity clear
33.536,66.616,65.056,71.012,71.000,60.611,62.126,63.310,71.299,71.299,0,clear,-1,AVOID,4.300000,1.300000,camera command; proximity clear
33.568,64.180,70.940,68.436,70.298,60.828,67.153,69.477,62.561,70.940,0,clear,-1,AVOID,4.300000,1.300000,camera command; proximity clear
33.600,68.505,66.406,70.481,62.511,59.961,70.202,64.633,75.215,75.215,0,clear,-1,AVOID,4.300000,1.300000,camera command; proximity clear
33.632,69.203,66.827,66.687,63.587,72.455,67.685,64.122,67.683,69.203,0,clear,-1,AVOID,4.300000,1.300000,camera command; proximity clear
33.664,65.165,69.729,69.158,66.322,66.360,68.608,67.930,67.665,69.729,0,clear,-1,AVOID,4.300000,1.300000,camera command; proximity clear
33.696,68.122,63.721,69.716,70.097,72.967,68.564,69.936,66.424,69.936,0,clear,-1,AVOID,4.300000,1.300000,camera command; proximity clear
33.728,66.107,65.191,71.865,69.313,69.346,68.869,63.383,64.846,66.107,0,clear,-1,AVOID,4.300000,1.300000,camera command; proximity clear
33.760,76.866,58.673,64.923,66.396,63.886,70.895,64.125,67.521,76.866,0,clear,-1,AVOID,4.300000,1.300000,camera command; proximity clear
33.792,66.533,71.663,65.256,73.263,61.066,65.246,65.760,64.219,71.663,0,clear,-1,AVOID,4.300000,1.300000,camera command; proximity clear
33.824,70.386,63.595,65.219,69.333,64.700,63.564,69.853,70.001,70.386,0,clear,-1,AVOID,4.300000,1.300000,camera command; proximity clear
33.856,65.662,68.268,70.223,68.234,68.279,70.966,66.233,66.809,68.268,0,clear,-1,AVOID,4.300000,1.300000,camera command; proximity clear
33.888,64.262,63.075,68.679,56.068,66.355,63.342,69.807,61.708,69.807,0,clear,-1,REJOIN,3.095330,2.504669,camera command; proximity clear
33.920,66.339,69.981,68.779,67.651,65.886,71.205,64.996,69.575,69.981,0,clear,-1,REJOIN,3.057850,2.542149,camera command; proximity clear
33.952,68.045,64.925,66.577,63.677,63.448,60.116,67.706,70.077,70.077,0,clear,-1,REJOIN,3.050058,2.549942,camera command; proximity clear
33.984,66.133,66.105,63.968,67.151,67.302,67.383,61.844,71.941,71.941,0,clear,-1,REJOIN,3.017263,2.582736,camera command; proximity clear
34.016,67.833,70.976,71.593,67.642,63.091,61.103,62.115,61.929,70.976,0,clear,-1,FOLLOW_LANE,3.025094,2.574906,camera command; proximity clear
34.048,68.540,67.282,61.479,63.033,63.231,65.834,65.027,65.146,68.540,0,clear,-1,FOLLOW_LANE,4.792298,4.407702,camera command; proximity clear
34.080,67.505,69.838,69.111,71.329,62.541,74.585,63.808,65.068,69.838,0,clear,-1,FOLLOW_LANE,4.800126,4.399874,camera command; proximity clear
34.112,66.388,68.787,63.263,69.854,70.190,66.333,66.697,68.102,68.787,0,clear,-1,FOLLOW_LANE,4.800142,4.399858,camera command; proximity clear
34.144,63.483,65.666,67.499,65.831,72.393,69.642,67.113,67.129,67.129,0,clear,-1,FOLLOW_LANE,4.800158,4.399842,camera command; proximity clear
34.176,70.239,67.916,67.061,68.629,69.775,65.049,65.375,65.053,70.239,0,clear,-1,FOLLOW_LANE,4.800174,4.399826,camera command; proximity clear
34.208,69.840,65.899,62.827,71.768,69.536,69.734,64.494,71.254,71.254,0,clear,-1,FOLLOW_LANE,4.767375,4.432624,camera command; proximity clear
34.240,71.258,68.944,75.231,63.578,67.749,72.477,69.672,70.511,71.258,0,clear,-1,FOLLOW_LANE,4.808016,4.391983,camera command; proximity clear
34.272,63.018,69.175,67.783,68.432,69.832,59.385,62.596,67.751,69.175,0,clear,-1,FOLLOW_LANE,4.800220,4.399780,camera command; proximity clear
34.304,67.776,71.324,66.216,72.818,67.011,65.487,65.699,68.776,71.324,0,clear,-1,FOLLOW_LANE,4.767421,4.432578,camera command; proximity clear
34.336,72.023,68.672,66.766,64.180,64.916,61.929,69.032,70.891,72.023,0,clear,-1,FOLLOW_LANE,4.857284,4.342716,camera command; proximity clear
34.368,69.101,70.304,66.820,65.761,63.877,62.240,67.016,69.979,70.304,0,clear,-1,FOLLOW_LANE,4.854179,4.345821,camera command; proximity clear
34.400,68.136,66.978,68.157,68.159,68.181,64.890,67.217,62.931,68.136,0,clear,-1,FOLLOW_LANE,4.850293,4.349707,camera command; proximity clear
34.432,66.943,68.195,68.079,67.798,64.117,76.555,69.077,65.785,69.077,0,clear,-1,FOLLOW_LANE,4.719055,4.480945,camera command; proximity clear
34.464,61.178,88.878,63.643,71.768,68.838,62.918,66.555,68.868,88.878,0,clear,-1,FOLLOW_LANE,4.487801,4.712199,camera command; proximity clear
34.496,62.535,113.467,63.669,68.822,76.098,66.166,65.128,63.645,113.467,1,front,-1,FOLLOW_LANE,0.000000,3.200000,proximity-guided collision avoidance
34.528,66.306,117.883,69.984,69.469,67.056,71.374,66.055,73.318,117.883,1,front,-1,FOLLOW_LANE,0.000000,3.200000,proximity-guided collision avoidance
34.560,68.593,119.337,68.295,69.285,71.662,68.007,75.760,68.367,119.337,1,front,-1,FOLLOW_LANE,0.000000,3.200000,proximity-guided collision avoidance
34.592,63.121,135.840,63.070,63.980,65.221,65.265,76.990,64.910,135.840,1,front,-1,FOLLOW_LANE,0.000000,3.200000,proximity-guided collision avoidance
34.624,65.833,148.642,63.843,69.963,74.294,65.953,69.174,67.778,148.642,1,front,-1,FOLLOW_LANE,0.000000,3.200000,proximity-guided collision avoidance
34.656,67.027,108.601,66.526,65.097,71.097,70.912,64.045,70.400,108.601,1,front,-1,FOLLOW_LANE,0.000000,3.200000,proximity-guided collision avoidance
34.688,67.302,83.251,66.949,67.811,66.075,73.930,69.233,65.228,83.251,1,front,-1,FOLLOW_LANE,0.000000,3.200000,proximity-guided collision avoidance
34.720,74.665,67.267,66.281,73.344,69.314,64.568,64.457,63.889,74.665,1,front,-1,FOLLOW_LANE,0.000000,3.200000,proximity-guided collision avoidance
34.752,68.480,65.506,71.083,68.224,63.156,65.137,68.039,65.292,68.480,0,clear,-1,FOLLOW_LANE,4.525217,4.674783,camera command; proximity clear
34.784,68.279,71.589,71.051,62.692,65.414,66.784,68.166,62.545,71.589,0,clear,-1,FOLLOW_LANE,4.525211,4.674789,camera command; proximity clear
34.816,68.495,65.995,66.334,65.640,68.848,61.247,66.761,65.704,68.495,0,clear,-1,FOLLOW_LANE,4.525205,4.674795,camera command; proximity clear
34.848,67.133,70.368,69.022,72.447,71.577,70.020,69.711,66.241,70.368,0,clear,-1,FOLLOW_LANE,4.525199,4.674801,camera command; proximity clear
34.880,69.433,61.406,69.102,69.621,71.413,66.129,70.694,68.250,70.694,0,clear,-1,FOLLOW_LANE,4.525193,4.674807,camera command; proximity clear
34.912,60.454,69.412,77.390,71.059,64.443,62.139,68.115,64.286,69.412,0,clear,-1,FOLLOW_LANE,4.623630,4.576369,camera command; proximity clear
34.944,68.573,66.655,92.920,60.021,68.986,70.589,65.932,69.712,69.712,0,clear,-1,FOLLOW_LANE,4.600193,4.599807,camera command; proximity clear
34.976,61.307,65.204,104.993,72.604,66.370,67.849,67.237,71.782,71.782,0,clear,-1,FOLLOW_LANE,4.436120,4.763879,camera command; proximity clear
35.008,57.826,65.242,141.127,67.652,69.051,65.667,68.093,67.938,68.093,1,side,-1,FOLLOW_LANE,3.400000,5.400000,side proximity clearance manoeuvre
35.040,66.710,60.049,220.120,68.472,65.184,64.714,69.087,67.726,69.087,1,side,-1,FOLLOW_LANE,3.400000,5.400000,side proximity clearance manoeuvre
35.072,70.538,70.596,215.634,62.774,66.902,61.422,74.635,63.434,74.635,1,side,-1,FOLLOW_LANE,3.400000,5.400000,side proximity clearance manoeuvre
35.104,67.181,63.500,181.750,60.812,64.441,68.845,63.844,61.882,67.181,1,side,-1,FOLLOW_LANE,3.400000,5.400000,side proximity clearance manoeuvre
35.136,62.098,68.016,153.115,61.383,65.305,65.115,68.568,70.790,70.790,1,side,-1,FOLLOW_LANE,3.400000,5.400000,side proximity clearance manoeuvre
35.168,66.743,65.065,136.940,64.716,64.474,65.877,65.790,70.160,70.160,1,side,-1,FOLLOW_LANE,3.400000,5.400000,side proximity clearance manoeuvre
35.200,68.193,67.878,115.943,66.033,64.823,64.537,65.272,66.181,68.193,1,side,-1,FOLLOW_LANE,3.400000,5.400000,side proximity clearance manoeuvre
35.232,66.513,64.981,106.801,69.106,65.131,70.719,67.219,66.452,67.219,1,side,-1,FOLLOW_LANE,3.400000,5.400000,side proximity clearance manoeuvre
35.264,63.885,65.631,95.313,68.329,67.361,69.074,65.324,66.419,66.419,1,side,-1,FOLLOW_LANE,3.400000,5.400000,side proximity clearance manoeuvre
35.296,66.130,61.175,68.270,68.898,64.159,62.861,68.259,65.351,68.259,1,side,-1,FOLLOW_LANE,3.400000,5.400000,side proximity clearance manoeuvre
35.328,65.020,67.984,62.943,66.138,66.202,63.769,65.694,67.585,67.984,1,side,-1,FOLLOW_LANE,3.400000,5.400000,side proximity clearance manoeuvre
35.360,63.227,61.964,72.570,68.543,68.315,66.537,65.178,69.550,69.550,0,clear,-1,FOLLOW_LANE,4.449155,4.750845,camera command; proximity clear
35.392,58.798,67.414,64.084,71.459,70.872,68.884,63.029,69.147,69.147,0,clear,-1,FOLLOW_LANE,4.449143,4.750857,camera command; proximity clear
35.424,70.912,71.581,64.186,72.162,68.953,71.790,61.543,65.934,71.581,0,clear,-1,FOLLOW_LANE,4.416316,4.783684,camera command; proximity clear
35.456,69.437,66.508,67.023,70.733,68.888,68.289,63.926,71.417,71.417,0,clear,-1,FOLLOW_LANE,4.292857,4.907143,camera command; proximity clear
35.488,65.223,64.132,69.113,67.456,67.174,68.043,62.045,75.031,75.031,0,clear,-1,FOLLOW_LANE,4.356899,4.843101,camera command; proximity clear
35.520,66.414,72.415,67.965,74.438,62.896,71.201,67.175,63.369,72.415,0,clear,-1,FOLLOW_LANE,5.415538,3.784462,camera command; proximity clear
35.552,62.831,65.258,71.028,67.716,68.889,69.322,61.216,67.530,67.530,0,clear,-1,FOLLOW_LANE,6.162519,3.037481,camera command; proximity clear
35.584,70.864,67.828,63.247,66.853,65.538,70.107,72.763,62.713,72.763,0,clear,-1,FOLLOW_LANE,5.038352,4.161648,camera command; proximity clear
35.616,69.339,63.767,70.010,65.092,70.332,68.413,67.709,67.375,69.339,0,clear,-1,FOLLOW_LANE,5.249342,3.950658,camera command; proximity clear
35.648,75.355,64.600,68.652,71.187,68.415,64.381,68.240,64.308,75.355,0,clear,-1,FOLLOW_LANE,5.249394,3.950606,camera command; proximity clear
35.680,70.108,71.199,67.279,64.160,69.202,62.568,67.458,72.287,72.287,0,clear,-1,FOLLOW_LANE,5.249446,3.950554,camera command; proximity clear
35.712,61.273,74.090,69.521,61.764,61.884,68.780,72.764,68.672,74.090,0,clear,-1,FOLLOW_LANE,5.249498,3.950502,camera command; proximity clear
35.744,60.842,67.113,67.942,63.921,68.335,69.672,68.827,64.373,68.827,0,clear,-1,FOLLOW_LANE,5.249550,3.950450,camera command; proximity clear
35.776,71.344,70.646,71.745,69.312,69.805,65.220,70.111,64.228,71.344,0,clear,-1,FOLLOW_LANE,5.249602,3.950398,camera command; proximity clear
35.808,65.802,63.658,64.765,64.303,68.622,67.663,60.621,64.958,65.802,0,clear,-1,FOLLOW_LANE,5.249654,3.950346,camera command; proximity clear
35.840,68.425,69.228,67.320,72.312,70.848,63.965,64.068,61.541,69.228,0,clear,-1,FOLLOW_LANE,5.249706,3.950294,camera command; proximity clear
35.872,64.425,65.433,68.691,65.465,69.608,68.970,65.682,68.452,68.452,0,clear,-1,FOLLOW_LANE,5.282572,3.917428,camera command; proximity clear
35.904,66.779,67.739,62.361,64.600,67.821,63.030,65.635,64.633,67.739,0,clear,-1,FOLLOW_LANE,5.143556,4.056444,camera command; proximity clear
35.936,71.072,64.766,65.461,61.258,69.944,64.168,67.112,65.048,71.072,0,clear,-1,FOLLOW_LANE,5.174852,4.025148,camera command; proximity clear
35.968,75.240,65.019,65.508,64.841,69.875,68.294,69.109,62.129,75.240,0,clear,-1,FOLLOW_LANE,5.142083,4.057917,camera command; proximity clear
36.000,74.441,63.247,61.126,67.865,67.873,66.561,70.434,67.952,74.441,0,clear,-1,FOLLOW_LANE,5.182754,4.017246,camera command; proximity clear
36.032,66.014,71.443,68.149,69.681,69.471,67.564,67.853,70.264,71.443,0,clear,-1,FOLLOW_LANE,5.207802,3.992198,camera command; proximity clear
36.064,65.121,65.946,67.936,70.193,63.928,69.165,67.466,64.869,67.466,0,clear,-1,FOLLOW_LANE,5.003151,4.196849,camera command; proximity clear
36.096,65.788,64.903,69.387,66.929,70.519,67.406,69.662,71.332,71.332,0,clear,-1,FOLLOW_LANE,4.689102,4.510898,camera command; proximity clear
36.128,68.392,69.279,68.123,60.410,69.617,66.967,63.589,65.499,69.279,0,clear,-1,FOLLOW_LANE,4.446909,4.753091,camera command; proximity clear
36.160,66.682,64.563,73.859,70.965,67.352,69.531,64.654,72.568,72.568,0,clear,-1,FOLLOW_LANE,4.525028,4.674972,camera command; proximity clear
36.192,64.094,66.274,57.053,69.183,66.163,69.601,68.117,75.744,75.744,0,clear,-1,FOLLOW_LANE,4.492207,4.707793,camera command; proximity clear
36.224,66.470,65.781,61.780,64.798,72.008,66.017,64.944,74.524,74.524,0,clear,-1,FOLLOW_LANE,4.532826,4.667174,camera command; proximity clear
36.256,66.248,64.242,65.959,65.887,64.809,71.775,67.481,70.825,70.825,0,clear,-1,FOLLOW_LANE,4.492193,4.707807,camera command; proximity clear
36.288,71.838,68.831,63.697,60.760,69.740,70.388,66.098,69.796,71.838,0,clear,-1,FOLLOW_LANE,4.467183,4.732817,camera command; proximity clear
36.320,64.360,61.995,67.865,72.263,71.582,65.972,57.001,66.674,66.674,0,clear,-1,FOLLOW_LANE,4.474986,4.725014,camera command; proximity clear
36.352,64.773,64.690,67.243,64.729,71.824,66.885,64.396,66.877,66.877,0,clear,-1,FOLLOW_LANE,4.442161,4.757839,camera command; proximity clear
36.384,70.698,64.790,70.760,62.297,61.757,69.926,68.165,64.217,70.698,0,clear,-1,FOLLOW_LANE,4.417147,4.782853,camera command; proximity clear
36.416,66.039,70.032,66.824,67.730,72.193,68.570,64.551,68.079,70.032,0,clear,-1,FOLLOW_LANE,4.228059,4.971941,camera command; proximity clear
36.448,65.835,66.058,62.877,67.579,67.277,71.584,64.057,71.555,71.555,0,clear,-1,FOLLOW_LANE,3.552989,5.647011,camera command; proximity clear
36.480,62.896,67.574,69.181,71.229,67.070,72.151,69.586,66.309,69.586,0,clear,-1,FOLLOW_LANE,-2.295151,6.280000,camera command; proximity clear
36.512,69.482,67.868,72.235,69.371,65.351,66.566,66.179,66.253,69.482,0,clear,-1,FOLLOW_LANE,-1.356420,6.280000,camera command; proximity clear
36.544,69.283,68.786,67.521,67.964,66.235,71.243,66.885,62.353,69.283,0,clear,-1,FOLLOW_LANE,3.956900,5.243100,camera command; proximity clear
36.576,71.075,69.373,66.983,66.102,64.960,67.199,62.263,70.601,71.075,0,clear,-1,FOLLOW_LANE,-1.977169,6.280000,camera command; proximity clear
36.608,69.000,68.850,66.693,67.893,60.582,60.195,63.512,64.655,69.000,0,clear,-1,FOLLOW_LANE,4.008031,5.191969,camera command; proximity clear
36.640,62.692,68.525,66.684,65.340,68.436,64.103,69.169,70.888,70.888,0,clear,-1,FOLLOW_LANE,-2.197925,6.280000,camera command; proximity clear
36.672,62.742,65.538,67.133,65.462,71.335,67.806,67.734,65.104,67.734,0,clear,-1,FOLLOW_LANE,3.988834,5.211166,camera command; proximity clear
36.704,68.117,72.892,68.602,70.888,72.818,67.343,63.900,68.919,72.892,0,clear,-1,FOLLOW_LANE,-1.854602,6.280000,camera command; proximity clear
36.736,67.867,70.782,66.284,69.306,72.896,68.084,60.827,71.173,71.173,0,clear,-1,FOLLOW_LANE,4.599386,4.600614,camera command; proximity clear
36.768,62.499,66.399,61.642,67.146,68.304,68.467,67.680,69.025,69.025,0,clear,-1,FOLLOW_LANE,-1.756534,6.280000,camera command; proximity clear
36.800,65.038,62.952,66.291,66.576,69.737,64.606,66.027,68.419,68.419,0,clear,-1,FOLLOW_LANE,4.175557,5.024443,camera command; proximity clear
36.832,62.837,66.630,67.317,63.932,68.449,67.454,68.079,60.826,68.079,0,clear,-1,FOLLOW_LANE,-1.802246,6.280000,camera command; proximity clear
36.864,67.117,67.179,70.192,69.643,64.097,65.061,62.019,65.769,67.179,0,clear,-1,FOLLOW_LANE,-0.861916,6.280000,camera command; proximity clear
36.896,62.227,64.065,70.895,63.123,67.046,66.047,70.251,67.643,70.251,0,clear,-1,FOLLOW_LANE,3.977976,5.222024,camera command; proximity clear
36.928,65.398,64.533,69.341,68.126,72.818,61.329,68.645,66.975,68.645,0,clear,-1,FOLLOW_LANE,-1.821706,6.280000,camera command; proximity clear
36.960,72.828,68.282,68.795,62.250,71.256,67.295,67.161,66.690,72.828,0,clear,-1,FOLLOW_LANE,-0.912630,6.280000,camera command; proximity clear
36.992,66.199,65.376,69.711,64.882,67.356,66.785,68.450,66.053,68.450,0,clear,-1,FOLLOW_LANE,-0.812922,6.280000,camera command; proximity clear
37.024,67.643,62.787,68.497,60.614,63.120,67.450,69.910,71.330,71.330,0,clear,-1,FOLLOW_LANE,4.552006,4.647994,camera command; proximity clear
37.056,67.907,68.233,71.713,65.495,73.939,62.664,64.499,67.081,68.233,0,clear,-1,FOLLOW_LANE,3.301910,5.898090,camera command; proximity clear
37.088,64.041,67.347,62.538,67.199,64.849,70.084,66.746,69.429,69.429,0,clear,-1,FOLLOW_LANE,3.362750,5.837250,camera command; proximity clear
37.120,61.153,68.942,74.238,71.157,63.177,65.671,62.160,68.895,68.942,0,clear,-1,FOLLOW_LANE,3.370464,5.829536,camera command; proximity clear
37.152,68.203,69.258,72.102,68.988,64.254,65.471,63.704,69.545,69.545,0,clear,-1,FOLLOW_LANE,3.468810,5.731190,camera command; proximity clear
37.184,68.039,61.163,68.007,68.202,63.721,65.093,66.725,64.863,68.039,0,clear,-1,FOLLOW_LANE,3.510909,5.689091,camera command; proximity clear
37.216,65.249,62.808,61.532,63.975,69.417,68.386,61.886,72.511,72.511,0,clear,-1,FOLLOW_LANE,-1.048096,6.280000,camera command; proximity clear
37.248,68.824,60.049,69.119,67.070,66.186,69.878,67.451,63.762,68.824,0,clear,-1,FOLLOW_LANE,4.213695,4.986305,camera command; proximity clear
37.280,61.895,68.835,69.445,59.897,66.091,68.499,63.401,66.272,68.835,0,clear,-1,FOLLOW_LANE,-1.129689,6.280000,camera command; proximity clear
37.312,67.957,64.095,62.279,62.532,69.282,68.934,71.279,65.201,71.279,0,clear,-1,FOLLOW_LANE,-0.379944,5.979944,camera command; proximity clear
37.344,66.564,66.955,61.786,66.945,67.439,66.870,64.934,72.142,72.142,0,clear,-1,FOLLOW_LANE,4.147468,5.052532,camera command; proximity clear
37.376,70.292,63.478,69.028,72.654,71.839,70.041,67.499,68.963,70.292,0,clear,-1,FOLLOW_LANE,-0.983408,6.280000,camera command; proximity clear
37.408,63.941,67.035,68.548,69.268,69.210,69.603,63.112,65.662,67.035,0,clear,-1,FOLLOW_LANE,4.623721,4.576279,camera command; proximity clear
37.440,60.218,66.498,66.832,68.259,67.385,68.711,70.733,66.644,70.733,0,clear,-1,FOLLOW_LANE,3.770532,5.429468,camera command; proximity clear
37.472,68.646,64.802,68.392,66.408,67.286,69.623,76.988,69.093,76.988,0,clear,-1,FOLLOW_LANE,3.826720,5.373280,camera command; proximity clear
37.504,68.700,61.609,66.471,65.053,64.434,64.912,69.773,62.738,69.773,0,clear,-1,FOLLOW_LANE,3.851660,5.348340,camera command; proximity clear
37.536,69.608,66.737,62.958,65.539,73.317,72.369,64.048,64.295,69.608,0,clear,-1,FOLLOW_LANE,3.909417,5.290583,camera command; proximity clear
37.568,67.175,68.915,68.024,62.393,73.324,65.372,66.248,68.978,68.978,0,clear,-1,FOLLOW_LANE,3.926550,5.273450,camera command; proximity clear
37.600,68.199,59.965,66.650,69.564,64.105,73.170,68.445,73.797,73.797,0,clear,-1,FOLLOW_LANE,3.951498,5.248502,camera command; proximity clear
37.632,64.532,67.116,66.845,66.207,68.646,66.505,71.044,66.142,71.044,0,clear,-1,FOLLOW_LANE,4.042077,5.157923,camera command; proximity clear
37.664,65.476,65.980,71.197,63.975,66.032,64.352,70.055,66.521,70.055,0,clear,-1,FOLLOW_LANE,4.084223,5.115777,camera command; proximity clear
37.696,71.122,67.911,73.450,60.477,68.530,68.028,64.045,67.524,71.122,0,clear,-1,FOLLOW_LANE,4.134185,5.065815,camera command; proximity clear
37.728,70.427,67.510,68.231,67.565,71.596,67.544,68.454,69.928,70.427,0,clear,-1,FOLLOW_LANE,4.184151,5.015849,camera command; proximity clear
37.760,63.860,70.753,68.013,68.262,64.886,64.410,64.373,67.294,70.753,0,clear,-1,FOLLOW_LANE,4.201306,4.998694,camera command; proximity clear
37.792,60.903,68.739,65.681,63.366,70.113,63.973,69.342,66.245,69.342,0,clear,-1,FOLLOW_LANE,4.226276,4.973724,camera command; proximity clear
37.824,65.500,67.840,66.055,71.657,67.086,73.499,62.758,71.721,71.721,0,clear,-1,FOLLOW_LANE,4.251248,4.948752,camera command; proximity clear
37.856,65.478,62.609,66.746,63.566,77.165,71.258,65.196,70.054,70.054,0,clear,-1,FOLLOW_LANE,4.276222,4.923778,camera command; proximity clear
37.888,71.948,68.381,66.989,66.832,71.170,62.317,70.482,72.040,72.040,0,clear,-1,FOLLOW_LANE,4.301198,4.898802,camera command; proximity clear
37.920,59.528,65.445,70.364,69.286,76.215,68.222,67.979,59.095,67.979,0,clear,-1,FOLLOW_LANE,4.326176,4.873824,camera command; proximity clear
37.952,64.585,63.291,69.382,64.797,63.917,62.162,62.566,64.567,64.585,0,clear,-1,FOLLOW_LANE,4.318342,4.881658,camera command; proximity clear
37.984,64.888,71.256,72.470,63.865,71.677,64.279,65.891,64.932,71.256,0,clear,-1,FOLLOW_LANE,4.351134,4.848866,camera command; proximity clear
38.016,69.183,69.882,64.482,66.223,70.721,68.516,72.486,66.117,72.486,0,clear,-1,FOLLOW_LANE,4.376116,4.823884,camera command; proximity clear
38.048,68.648,69.284,65.073,67.248,69.346,69.408,64.638,69.802,69.802,0,clear,-1,FOLLOW_LANE,4.368286,4.831714,camera command; proximity clear
38.080,62.314,69.680,65.430,70.514,62.607,65.254,56.600,65.679,69.680,0,clear,-1,FOLLOW_LANE,4.401082,4.798918,camera command; proximity clear
38.112,66.153,63.117,71.007,66.951,66.122,66.715,65.632,61.780,66.153,0,clear,-1,FOLLOW_LANE,4.393254,4.806746,camera command; proximity clear
38.144,67.619,71.303,66.570,73.920,63.534,60.758,65.787,66.867,71.303,0,clear,-1,FOLLOW_LANE,4.426052,4.773948,camera command; proximity clear
38.176,66.166,68.280,68.178,69.532,68.826,70.626,72.815,69.827,72.815,0,clear,-1,FOLLOW_LANE,4.418226,4.781774,camera command; proximity clear
38.208,62.062,69.540,68.412,67.386,66.352,66.178,69.419,66.832,69.540,0,clear,-1,FOLLOW_LANE,4.418212,4.781788,camera command; proximity clear
38.240,63.769,69.246,66.770,71.051,70.881,64.444,70.939,68.687,70.939,0,clear,-1,FOLLOW_LANE,4.451012,4.748988,camera command; proximity clear
38.272,69.762,69.401,69.155,65.197,67.466,70.410,67.511,71.481,71.481,0,clear,-1,FOLLOW_LANE,4.443188,4.756812,camera command; proximity clear
38.304,62.922,64.345,66.234,66.804,71.116,68.288,72.117,68.529,72.117,0,clear,-1,FOLLOW_LANE,4.443176,4.756824,camera command; proximity clear
38.336,70.543,70.461,70.177,66.838,68.680,71.554,71.389,66.220,71.389,0,clear,-1,FOLLOW_LANE,4.475978,4.724022,camera command; proximity clear
38.368,68.370,63.945,66.831,66.788,68.292,65.361,69.556,65.912,69.556,0,clear,-1,FOLLOW_LANE,4.468156,4.731844,camera command; proximity clear
38.400,70.394,68.298,70.523,67.903,65.755,73.026,62.073,75.162,75.162,0,clear,-1,FOLLOW_LANE,4.468146,4.731854,camera command; proximity clear
38.432,66.140,68.501,64.098,67.587,63.512,68.140,61.150,65.682,68.501,0,clear,-1,FOLLOW_LANE,4.500950,4.699050,camera command; proximity clear
38.464,72.866,70.735,69.030,66.094,65.088,69.284,70.510,70.591,72.866,0,clear,-1,FOLLOW_LANE,4.525944,4.674056,camera command; proximity clear
38.496,64.919,66.188,66.610,61.459,65.542,65.989,66.121,68.519,68.519,0,clear,-1,FOLLOW_LANE,4.518126,4.681874,camera command; proximity clear
38.528,66.452,67.037,70.574,70.566,67.117,62.275,72.026,63.776,72.026,0,clear,-1,FOLLOW_LANE,4.518120,4.681880,camera command; proximity clear
38.560,68.700,67.071,68.909,66.526,69.802,66.370,66.066,68.691,68.700,0,clear,-1,FOLLOW_LANE,4.518114,4.681886,camera command; proximity clear
38.592,69.567,70.775,71.193,64.528,67.107,68.924,67.565,69.540,70.775,0,clear,-1,FOLLOW_LANE,4.550922,4.649078,camera command; proximity clear
38.624,66.511,72.937,71.001,67.729,67.118,64.595,66.996,65.617,72.937,0,clear,-1,FOLLOW_LANE,4.543106,4.656894,camera command; proximity clear
38.656,68.061,65.676,66.169,67.495,68.526,71.560,62.403,66.826,68.061,0,clear,-1,FOLLOW_LANE,4.543102,4.656898,camera command; proximity clear
38.688,65.071,74.925,70.361,70.042,64.259,66.943,67.294,63.710,74.925,0,clear,-1,FOLLOW_LANE,4.543098,4.656902,camera command; proximity clear
38.720,66.627,67.018,64.545,74.900,71.019,65.582,77.505,62.399,77.505,0,clear,-1,FOLLOW_LANE,4.608723,4.591277,camera command; proximity clear
38.752,66.794,67.125,64.740,70.026,64.462,63.339,66.668,63.514,67.125,0,clear,-1,FOLLOW_LANE,4.593098,4.606902,camera command; proximity clear
38.784,67.023,66.892,67.380,66.313,67.088,61.658,64.621,68.613,68.613,0,clear,-1,FOLLOW_LANE,4.593098,4.606902,camera command; proximity clear
38.816,67.730,68.599,64.305,69.695,61.994,70.493,62.358,66.516,68.599,0,clear,-1,FOLLOW_LANE,4.593098,4.606902,camera command; proximity clear
38.848,61.318,63.421,71.081,68.685,69.220,68.726,61.873,72.362,72.362,0,clear,-1,FOLLOW_LANE,4.593098,4.606902,camera command; proximity clear
38.880,68.078,69.232,68.817,68.826,69.062,62.010,69.465,68.368,69.465,0,clear,-1,FOLLOW_LANE,4.593098,4.606902,camera command; proximity clear
38.912,62.157,65.203,66.306,65.756,68.789,60.489,67.324,70.051,70.051,0,clear,-1,FOLLOW_LANE,4.593098,4.606902,camera command; proximity clear
38.944,74.910,66.293,63.601,64.735,69.497,67.257,65.728,62.645,74.910,0,clear,-1,FOLLOW_LANE,4.593098,4.606902,camera command; proximity clear
38.976,68.396,68.717,70.896,67.060,61.221,66.161,68.822,71.807,71.807,0,clear,-1,FOLLOW_LANE,4.593098,4.606902,camera command; proximity clear
39.008,65.840,66.958,68.429,66.697,69.581,70.490,63.964,58.115,66.958,0,clear,-1,FOLLOW_LANE,4.658727,4.541273,camera command; proximity clear
39.040,61.204,70.030,68.464,65.495,67.375,69.536,65.068,61.890,70.030,0,clear,-1,FOLLOW_LANE,4.643106,4.556894,camera command; proximity clear
39.072,72.715,67.668,71.284,61.119,67.262,66.854,71.315,72.850,72.850,0,clear,-1,FOLLOW_LANE,4.643110,4.556890,camera command; proximity clear
39.104,67.520,67.447,66.605,66.815,67.476,60.193,67.927,70.365,70.365,0,clear,-1,FOLLOW_LANE,4.659521,4.540479,camera command; proximity clear
39.136,68.128,62.777,65.497,62.948,68.866,67.296,63.881,62.396,68.128,0,clear,-1,FOLLOW_LANE,4.672027,4.527973,camera command; proximity clear
39.168,66.605,72.385,67.147,66.195,64.937,73.228,69.047,73.146,73.146,0,clear,-1,FOLLOW_LANE,4.668127,4.531873,camera command; proximity clear
39.200,61.084,63.044,63.668,65.483,65.633,70.977,67.678,67.018,67.678,0,clear,-1,FOLLOW_LANE,4.700947,4.499053,camera command; proximity clear
39.232,68.184,70.588,62.979,75.907,70.923,74.440,69.605,68.237,70.588,0,clear,-1,FOLLOW_LANE,4.725957,4.474043,camera command; proximity clear
39.264,66.842,66.235,67.626,70.074,66.478,64.973,68.280,68.771,68.771,0,clear,-1,FOLLOW_LANE,4.718155,4.481845,camera command; proximity clear
39.296,64.073,61.320,68.629,66.474,69.862,64.459,70.297,66.268,70.297,0,clear,-1,FOLLOW_LANE,4.750979,4.449021,camera command; proximity clear
39.328,68.382,68.209,67.478,65.550,68.248,64.635,65.729,66.103,68.382,0,clear,-1,FOLLOW_LANE,4.743179,4.456821,camera command; proximity clear
39.360,69.460,71.992,62.839,64.275,62.951,65.525,69.897,67.252,71.992,0,clear,-1,FOLLOW_LANE,4.743191,4.456809,camera command; proximity clear
39.392,74.708,72.588,69.114,64.485,71.056,65.301,69.895,65.607,74.708,0,clear,-1,FOLLOW_LANE,4.776017,4.423983,camera command; proximity clear
39.424,72.004,62.834,67.168,66.717,69.912,70.965,67.177,64.090,72.004,0,clear,-1,FOLLOW_LANE,4.768219,4.431781,camera command; proximity clear
39.456,64.020,68.256,68.692,69.163,66.706,71.052,64.070,66.692,68.256,0,clear,-1,FOLLOW_LANE,4.768233,4.431767,camera command; proximity clear
39.488,60.929,64.579,68.395,65.423,65.012,63.109,68.025,67.238,68.025,0,clear,-1,FOLLOW_LANE,4.801061,4.398939,camera command; proximity clear
39.520,68.666,65.488,71.165,65.717,67.213,60.360,71.803,73.159,73.159,0,clear,-1,FOLLOW_LANE,4.793265,4.406735,camera command; proximity clear
39.552,67.294,68.942,69.764,61.172,65.139,61.900,67.214,62.527,68.942,0,clear,-1,FOLLOW_LANE,4.793281,4.406719,camera command; proximity clear
39.584,66.894,67.798,60.734,64.417,69.468,68.215,65.813,64.602,67.798,0,clear,-1,FOLLOW_LANE,4.826111,4.373889,camera command; proximity clear
39.616,68.848,68.633,70.341,65.220,68.570,67.416,70.009,64.765,70.009,0,clear,-1,FOLLOW_LANE,4.818317,4.381683,camera command; proximity clear
39.648,66.044,67.623,62.415,66.510,64.801,68.302,63.597,70.582,70.582,0,clear,-1,FOLLOW_LANE,4.818335,4.381665,camera command; proximity clear
39.680,63.773,66.115,65.311,61.906,68.380,65.222,69.799,66.806,69.799,0,clear,-1,FOLLOW_LANE,4.818353,4.381647,camera command; proximity clear
39.712,68.913,70.398,73.450,74.753,59.178,64.052,68.128,66.459,70.398,0,clear,-1,FOLLOW_LANE,4.818371,4.381629,camera command; proximity clear
39.744,64.111,60.577,65.184,64.759,68.915,66.651,61.002,64.307,64.307,0,clear,-1,FOLLOW_LANE,4.818389,4.381611,camera command; proximity clear
39.776,62.813,66.359,68.791,67.392,70.661,68.007,67.259,62.840,67.259,0,clear,-1,FOLLOW_LANE,4.818407,4.381593,camera command; proximity clear
39.808,64.334,64.463,76.456,63.065,68.042,64.555,69.966,68.360,69.966,0,clear,-1,FOLLOW_LANE,4.818425,4.381575,camera command; proximity clear
39.840,63.609,69.764,68.746,67.544,65.101,69.934,71.598,69.800,71.598,0,clear,-1,FOLLOW_LANE,4.785628,4.414372,camera command; proximity clear
39.872,64.780,70.539,65.311,64.983,69.105,60.667,72.125,73.244,73.244,0,clear,-1,FOLLOW_LANE,4.793457,4.406543,camera command; proximity clear
39.904,59.962,62.963,64.162,63.630,69.291,58.961,69.186,64.135,69.186,0,clear,-1,FOLLOW_LANE,4.793473,4.406527,camera command; proximity clear
39.936,67.500,63.906,65.386,64.895,70.787,71.606,71.738,67.419,71.738,0,clear,-1,FOLLOW_LANE,4.793489,4.406511,camera command; proximity clear
39.968,66.369,69.446,66.652,72.737,66.325,62.846,67.150,64.224,69.446,0,clear,-1,FOLLOW_LANE,4.793505,4.406495,camera command; proximity clear
40.000,66.212,64.496,66.294,64.659,66.537,76.727,68.540,69.825,69.825,0,clear,-1,FOLLOW_LANE,4.793521,4.406479,camera command; proximity clear
40.032,66.112,70.098,64.496,71.767,68.562,67.530,67.849,64.402,70.098,0,clear,-1,FOLLOW_LANE,4.793537,4.406463,camera command; proximity clear
40.064,70.712,69.562,70.456,68.979,70.404,66.718,64.433,67.765,70.712,0,clear,-1,FOLLOW_LANE,4.760738,4.439262,camera command; proximity clear
40.096,63.350,73.407,66.239,73.782,68.214,62.883,70.772,68.533,73.407,0,clear,-1,FOLLOW_LANE,4.768565,4.431435,camera command; proximity clear
40.128,67.996,63.769,62.297,64.704,64.932,69.685,64.135,66.363,67.996,0,clear,-1,FOLLOW_LANE,4.768579,4.431421,camera command; proximity clear
40.160,73.255,67.473,65.757,70.576,62.673,65.366,65.023,65.384,73.255,0,clear,-1,STOP_WAIT,0.000000,0.000000,camera safety stop retained
40.192,69.340,64.058,63.588,68.132,69.798,66.595,68.712,64.729,69.340,0,clear,-1,STOP_WAIT,0.000000,0.000000,camera safety stop retained
40.224,66.270,59.597,63.731,70.729,64.037,70.836,66.438,61.931,66.438,0,clear,-1,STOP_WAIT,0.000000,0.000000,camera safety stop retained
40.256,68.713,64.066,63.898,66.549,68.602,61.657,71.474,70.365,71.474,0,clear,-1,STOP_WAIT,0.000000,0.000000,camera safety stop retained
40.288,64.161,70.591,65.735,61.589,63.448,68.529,66.692,62.071,70.591,0,clear,-1,STOP_WAIT,0.000000,0.000000,camera safety stop retained
40.320,71.763,69.943,64.997,69.856,62.716,65.411,74.908,65.387,74.908,0,clear,-1,STOP_WAIT,0.000000,0.000000,camera safety stop retained
40.352,68.432,68.799,65.513,63.412,70.840,67.225,69.182,66.486,69.182,0,clear,-1,STOP_WAIT,0.000000,0.000000,camera safety stop retained
40.384,64.431,67.030,70.297,69.631,66.958,70.928,67.424,68.361,68.361,0,clear,-1,STOP_WAIT,0.000000,0.000000,camera safety stop retained
40.416,66.572,67.994,65.519,64.609,75.309,67.471,65.231,68.180,68.180,0,clear,-1,STOP_WAIT,0.000000,0.000000,camera safety stop retained
40.448,62.623,74.866,70.635,66.374,63.635,62.385,67.539,70.876,74.866,0,clear,-1,STOP_WAIT,0.000000,0.000000,camera safety stop retained
40.480,68.023,70.185,66.578,68.964,64.394,64.238,62.811,68.627,70.185,0,clear,-1,STOP_WAIT,0.000000,0.000000,camera safety stop retained
40.512,67.772,70.169,72.927,66.990,65.115,70.676,60.297,69.564,70.169,0,clear,-1,STOP_WAIT,0.000000,0.000000,camera safety stop retained
40.544,68.679,72.004,64.111,64.885,68.909,72.087,66.380,64.705,72.004,0,clear,-1,STOP_WAIT,0.000000,0.000000,camera safety stop retained
40.576,66.158,73.832,70.840,68.229,61.477,73.340,66.554,65.942,73.832,0,clear,-1,STOP_WAIT,0.000000,0.000000,camera safety stop retained
40.608,66.638,66.758,70.487,65.943,70.764,63.879,63.519,64.806,66.758,0,clear,-1,STOP_WAIT,0.000000,0.000000,camera safety stop retained
40.640,59.147,73.420,59.897,63.594,65.264,64.291,66.882,66.935,73.420,0,clear,-1,STOP_WAIT,0.000000,0.000000,camera safety stop retained
40.672,68.216,74.738,61.824,65.971,69.277,61.695,71.180,67.678,74.738,0,clear,-1,STOP_WAIT,0.000000,0.000000,camera safety stop retained
40.704,62.684,61.557,67.634,64.260,69.545,71.837,67.106,70.958,70.958,0,clear,-1,STOP_WAIT,0.000000,0.000000,camera safety stop retained
40.736,64.515,65.901,70.148,61.035,68.380,68.071,68.328,65.670,68.328,0,clear,-1,STOP_WAIT,0.000000,0.000000,camera safety stop retained
40.768,69.232,63.932,67.924,66.846,71.507,58.522,65.954,70.603,70.603,0,clear,-1,STOP_WAIT,0.000000,0.000000,camera safety stop retained
40.800,68.567,66.271,72.168,73.789,67.106,66.203,69.530,66.845,69.530,0,clear,-1,STOP_WAIT,0.000000,0.000000,camera safety stop retained
40.832,65.138,61.661,67.772,66.023,68.841,65.417,69.598,65.532,69.598,0,clear,-1,STOP_WAIT,0.000000,0.000000,camera safety stop retained
40.864,62.158,64.732,64.525,71.059,62.989,71.480,64.227,67.612,67.612,0,clear,-1,STOP_WAIT,0.000000,0.000000,camera safety stop retained
40.896,67.213,67.651,71.012,72.518,71.543,64.889,63.634,75.259,75.259,0,clear,-1,STOP_WAIT,0.000000,0.000000,camera safety stop retained
40.928,68.562,69.913,66.481,66.812,74.778,66.949,68.377,59.324,69.913,0,clear,-1,REJOIN,2.996887,2.603113,camera command; proximity clear
40.960,66.298,69.766,72.239,65.272,66.313,75.663,70.656,73.088,73.088,0,clear,-1,REJOIN,2.950024,2.649976,camera command; proximity clear
40.992,66.584,72.439,71.220,69.161,70.988,70.835,68.882,70.097,72.439,0,clear,-1,REJOIN,2.917221,2.682778,camera command; proximity clear
41.024,64.444,73.262,69.196,70.731,71.341,61.941,68.348,58.547,73.262,0,clear,-1,REJOIN,2.925044,2.674956,camera command; proximity clear
41.056,71.522,66.387,70.852,61.226,69.201,67.612,72.027,66.240,72.027,0,clear,-1,FOLLOW_LANE,2.925054,2.674946,camera command; proximity clear
41.088,67.793,68.643,70.898,67.717,64.164,73.427,64.643,63.804,68.643,0,clear,-1,FOLLOW_LANE,4.725064,4.474936,camera command; proximity clear
41.120,64.858,62.527,66.474,69.455,69.958,68.046,71.783,65.408,71.783,0,clear,-1,FOLLOW_LANE,4.725074,4.474926,camera command; proximity clear
41.152,67.742,66.721,66.670,65.732,65.804,66.578,70.152,66.098,70.152,0,clear,-1,FOLLOW_LANE,4.692270,4.507730,camera command; proximity clear
41.184,65.403,66.567,72.472,65.139,66.027,68.678,65.725,70.422,70.422,0,clear,-1,FOLLOW_LANE,4.700090,4.499910,camera command; proximity clear
41.216,65.799,65.062,68.426,71.668,67.773,71.159,70.787,73.028,73.028,0,clear,-1,FOLLOW_LANE,4.700098,4.499902,camera command; proximity clear
41.248,62.759,67.924,68.173,65.487,65.697,70.814,65.269,68.749,68.749,0,clear,-1,FOLLOW_LANE,4.667291,4.532709,camera command; proximity clear
41.280,66.844,67.751,64.037,69.642,69.318,64.914,61.100,58.795,67.751,0,clear,-1,FOLLOW_LANE,4.675110,4.524890,camera command; proximity clear
41.312,65.189,68.540,64.362,64.890,60.861,70.067,69.385,67.202,69.385,0,clear,-1,FOLLOW_LANE,4.675116,4.524884,camera command; proximity clear
41.344,70.688,66.685,68.597,68.807,70.118,65.087,71.902,68.398,71.902,0,clear,-1,FOLLOW_LANE,4.675122,4.524878,camera command; proximity clear
41.376,62.170,67.219,68.830,61.197,64.040,62.030,65.805,66.210,67.219,0,clear,-1,FOLLOW_LANE,4.642313,4.557686,camera command; proximity clear
41.408,65.275,70.792,67.256,65.371,69.823,67.017,67.919,63.724,70.792,0,clear,-1,FOLLOW_LANE,4.650130,4.549870,camera command; proximity clear
41.440,63.728,63.562,68.389,68.647,69.913,66.283,71.414,68.483,71.414,0,clear,-1,FOLLOW_LANE,4.650134,4.549866,camera command; proximity clear
41.472,65.362,66.841,63.489,65.247,73.492,72.583,76.199,66.342,76.199,0,clear,-1,FOLLOW_LANE,4.650138,4.549862,camera command; proximity clear
41.504,62.363,66.768,63.511,71.298,69.704,63.998,65.844,65.144,66.768,0,clear,-1,FOLLOW_LANE,4.650142,4.549858,camera command; proximity clear
41.536,68.464,69.134,69.986,68.802,67.497,68.654,62.632,64.565,69.134,0,clear,-1,FOLLOW_LANE,4.650146,4.549854,camera command; proximity clear
41.568,69.523,63.289,64.602,67.673,69.089,69.010,74.267,72.756,74.267,0,clear,-1,FOLLOW_LANE,4.650150,4.549850,camera command; proximity clear
41.600,69.273,72.666,68.598,64.316,69.206,66.504,68.582,65.428,72.666,0,clear,-1,FOLLOW_LANE,4.584525,4.615475,camera command; proximity clear
41.632,65.353,68.110,68.372,59.612,69.389,63.697,63.166,75.314,75.314,0,clear,-1,FOLLOW_LANE,4.600150,4.599850,camera command; proximity clear
41.664,65.553,70.459,66.162,68.271,67.461,66.391,68.554,65.256,70.459,0,clear,-1,FOLLOW_LANE,4.600150,4.599850,camera command; proximity clear
41.696,58.365,70.844,65.978,69.818,64.500,69.602,72.574,65.538,72.574,0,clear,-1,FOLLOW_LANE,4.600150,4.599850,camera command; proximity clear
41.728,66.599,66.039,69.236,67.649,71.990,76.297,70.582,70.012,70.582,0,clear,-1,FOLLOW_LANE,4.600150,4.599850,camera command; proximity clear
41.760,65.542,64.593,73.005,68.227,69.523,68.653,72.255,66.936,72.255,0,clear,-1,FOLLOW_LANE,4.600150,4.599850,camera command; proximity clear
41.792,73.639,73.644,65.095,70.232,67.236,63.818,67.275,70.310,73.644,0,clear,-1,FOLLOW_LANE,4.600150,4.599850,camera command; proximity clear
41.824,66.134,67.417,70.803,65.640,67.368,69.126,68.340,68.932,68.932,0,clear,-1,FOLLOW_LANE,4.600150,4.599850,camera command; proximity clear
41.856,64.285,71.700,72.450,71.656,65.686,65.664,67.284,65.188,71.700,0,clear,-1,FOLLOW_LANE,4.600150,4.599850,camera command; proximity clear
41.888,68.808,72.922,70.169,66.540,69.773,64.513,69.625,62.445,72.922,0,clear,-1,FOLLOW_LANE,4.600150,4.599850,camera command; proximity clear
41.920,65.451,63.986,64.679,64.856,72.639,68.259,67.802,71.096,71.096,0,clear,-1,FOLLOW_LANE,4.600150,4.599850,camera command; proximity clear
41.952,65.392,65.806,69.139,63.169,70.529,61.076,66.881,70.636,70.636,0,clear,-1,FOLLOW_LANE,4.600150,4.599850,camera command; proximity clear
41.984,63.175,72.676,63.384,65.243,61.006,67.095,63.543,66.635,72.676,0,clear,-1,FOLLOW_LANE,4.600150,4.599850,camera command; proximity clear
42.016,70.662,67.075,65.026,67.244,61.776,68.363,65.423,65.095,70.662,0,clear,-1,FOLLOW_LANE,4.600150,4.599850,camera command; proximity clear
42.048,72.369,65.693,65.025,65.737,69.975,67.202,67.165,65.900,72.369,0,clear,-1,FOLLOW_LANE,4.600150,4.599850,camera command; proximity clear
42.080,63.874,66.830,62.348,68.645,65.669,64.115,70.638,64.528,70.638,0,clear,-1,FOLLOW_LANE,4.600150,4.599850,camera command; proximity clear
42.112,67.546,67.571,67.801,64.224,60.880,68.048,68.758,68.409,68.758,0,clear,-1,FOLLOW_LANE,4.600150,4.599850,camera command; proximity clear
42.144,62.614,70.719,70.167,72.512,66.918,67.224,68.432,62.956,70.719,0,clear,-1,FOLLOW_LANE,4.600150,4.599850,camera command; proximity clear
42.176,63.774,66.562,69.979,68.754,63.880,72.016,70.543,69.688,70.543,0,clear,-1,FOLLOW_LANE,4.600150,4.599850,camera command; proximity clear
42.208,69.202,63.995,65.000,62.618,67.630,57.173,71.791,63.646,71.791,0,clear,-1,FOLLOW_LANE,4.534521,4.665479,camera command; proximity clear
42.240,72.054,70.367,68.596,65.010,71.591,66.535,70.849,65.355,72.054,0,clear,-1,FOLLOW_LANE,4.615771,4.584229,camera command; proximity clear
42.272,65.024,66.068,67.710,62.048,72.050,63.798,69.107,65.830,69.107,0,clear,-1,FOLLOW_LANE,4.534517,4.665483,camera command; proximity clear
42.304,69.373,64.818,63.523,66.574,65.389,66.955,64.614,66.961,69.373,0,clear,-1,FOLLOW_LANE,4.550138,4.649862,camera command; proximity clear
42.336,65.709,69.756,66.204,66.693,66.123,68.019,72.364,70.788,72.364,0,clear,-1,FOLLOW_LANE,4.517319,4.682681,camera command; proximity clear
42.368,70.669,61.031,73.436,72.162,65.132,67.073,67.893,67.261,70.669,0,clear,-1,FOLLOW_LANE,4.525126,4.674874,camera command; proximity clear
42.400,66.701,70.183,69.904,71.349,63.291,69.161,64.980,68.195,70.183,0,clear,-1,FOLLOW_LANE,4.525120,4.674880,camera command; proximity clear
42.432,68.172,64.559,63.621,66.539,64.585,60.089,68.398,63.020,68.398,0,clear,-1,FOLLOW_LANE,4.525114,4.674886,camera command; proximity clear
42.464,66.287,69.562,67.391,60.189,69.764,67.287,67.203,72.174,72.174,0,clear,-1,FOLLOW_LANE,4.525108,4.674892,camera command; proximity clear
42.496,68.458,67.281,71.257,65.993,61.243,66.001,64.381,69.876,69.876,0,clear,-1,FOLLOW_LANE,4.525102,4.674898,camera command; proximity clear
42.528,68.581,64.707,65.480,70.213,72.792,61.829,66.219,65.368,68.581,0,clear,-1,FOLLOW_LANE,4.525096,4.674904,camera command; proximity clear
42.560,67.906,64.969,71.968,64.538,67.952,69.364,66.174,70.835,70.835,0,clear,-1,FOLLOW_LANE,4.525090,4.674910,camera command; proximity clear
42.592,73.481,68.269,66.516,72.768,68.811,68.405,74.865,66.748,74.865,0,clear,-1,FOLLOW_LANE,4.525084,4.674916,camera command; proximity clear
42.624,65.488,65.932,72.185,66.594,68.396,65.846,63.053,67.835,67.835,0,clear,-1,FOLLOW_LANE,4.525078,4.674922,camera command; proximity clear
42.656,65.422,69.749,70.718,66.948,62.236,68.846,68.214,67.353,69.749,0,clear,-1,FOLLOW_LANE,4.525072,4.674928,camera command; proximity clear
42.688,69.155,73.638,67.468,65.436,66.725,76.020,65.355,68.649,73.638,0,clear,-1,FOLLOW_LANE,4.525066,4.674934,camera command; proximity clear
42.720,67.294,69.487,66.499,68.267,69.171,73.010,74.429,66.898,74.429,0,clear,-1,FOLLOW_LANE,4.525060,4.674940,camera command; proximity clear
42.752,66.895,65.386,70.088,67.820,63.107,69.432,71.950,74.445,74.445,0,clear,-1,FOLLOW_LANE,4.492239,4.707761,camera command; proximity clear
42.784,69.089,65.751,60.746,70.796,67.869,70.669,67.440,62.356,69.089,0,clear,-1,FOLLOW_LANE,4.500044,4.699956,camera command; proximity clear
42.816,63.472,67.214,65.941,69.625,68.356,71.775,69.226,67.531,69.226,0,clear,-1,FOLLOW_LANE,4.500036,4.699964,camera command; proximity clear
42.848,68.280,64.408,64.495,65.734,68.969,64.125,62.199,59.892,68.280,0,clear,-1,FOLLOW_LANE,4.500028,4.699972,camera command; proximity clear
42.880,67.671,67.863,69.551,72.996,67.971,68.878,62.493,66.139,67.863,0,clear,-1,FOLLOW_LANE,4.500020,4.699980,camera command; proximity clear
42.912,71.207,68.221,70.486,64.132,68.482,66.941,65.675,59.901,71.207,0,clear,-1,FOLLOW_LANE,4.500012,4.699988,camera command; proximity clear
42.944,67.516,68.261,64.124,67.314,62.650,73.819,66.565,63.278,68.261,0,clear,-1,FOLLOW_LANE,4.500004,4.699996,camera command; proximity clear
42.976,65.877,68.108,67.667,69.961,65.724,70.958,62.434,65.305,68.108,0,clear,-1,FOLLOW_LANE,4.499996,4.700004,camera command; proximity clear
43.008,66.769,71.393,62.651,68.916,70.817,63.537,62.842,70.800,71.393,0,clear,-1,FOLLOW_LANE,4.499988,4.700012,camera command; proximity clear
43.040,70.555,66.076,66.624,68.402,63.599,60.935,70.518,69.270,70.555,0,clear,-1,FOLLOW_LANE,4.499980,4.700020,camera command; proximity clear
43.072,66.480,66.478,71.082,70.233,68.876,71.191,71.155,67.710,71.155,0,clear,-1,FOLLOW_LANE,4.499972,4.700028,camera command; proximity clear
43.104,71.433,63.416,69.659,63.180,73.109,69.168,65.308,68.486,71.433,0,clear,-1,FOLLOW_LANE,4.499964,4.700036,camera command; proximity clear
43.136,72.596,66.885,62.661,71.196,65.520,60.130,63.724,61.873,72.596,0,clear,-1,FOLLOW_LANE,4.499956,4.700044,camera command; proximity clear
43.168,67.509,64.685,65.362,65.099,61.600,70.706,66.919,64.122,67.509,0,clear,-1,FOLLOW_LANE,4.499948,4.700052,camera command; proximity clear
43.200,61.770,67.478,61.627,66.833,74.274,64.997,69.514,67.598,69.514,0,clear,-1,FOLLOW_LANE,4.499940,4.700060,camera command; proximity clear
43.232,69.377,65.218,66.245,68.163,61.752,68.422,63.805,72.657,72.657,0,clear,-1,FOLLOW_LANE,4.532747,4.667253,camera command; proximity clear
43.264,70.929,68.073,69.166,65.082,70.350,68.600,65.669,71.514,71.514,0,clear,-1,FOLLOW_LANE,4.524928,4.675072,camera command; proximity clear
43.296,63.324,71.379,65.134,68.438,65.016,70.109,66.986,66.633,71.379,0,clear,-1,FOLLOW_LANE,4.524922,4.675078,camera command; proximity clear
43.328,67.946,65.167,72.031,66.622,67.589,69.406,61.038,72.371,72.371,0,clear,-1,FOLLOW_LANE,4.524916,4.675084,camera command; proximity clear
43.360,65.506,67.092,68.388,66.915,58.874,72.926,68.936,61.164,68.936,0,clear,-1,FOLLOW_LANE,4.524910,4.675090,camera command; proximity clear
43.392,74.088,63.493,68.329,72.460,64.717,67.710,70.643,72.096,74.088,0,clear,-1,FOLLOW_LANE,4.524904,4.675096,camera command; proximity clear
43.424,67.401,67.439,65.410,65.289,62.671,69.684,64.979,65.958,67.439,0,clear,-1,FOLLOW_LANE,4.524898,4.675102,camera command; proximity clear
43.456,68.218,69.195,69.965,65.694,68.745,69.778,65.247,66.484,69.195,0,clear,-1,FOLLOW_LANE,4.524892,4.675108,camera command; proximity clear
43.488,67.731,73.597,68.016,66.016,67.892,67.766,68.279,70.364,73.597,0,clear,-1,FOLLOW_LANE,4.524886,4.675114,camera command; proximity clear
43.520,73.901,66.525,65.957,65.206,66.635,69.578,68.204,66.983,73.901,0,clear,-1,FOLLOW_LANE,4.524880,4.675120,camera command; proximity clear
43.552,62.346,66.684,70.225,73.663,64.299,66.380,62.697,70.465,70.465,0,clear,-1,FOLLOW_LANE,4.524874,4.675126,camera command; proximity clear
43.584,69.395,67.700,67.344,72.178,71.410,73.241,66.616,69.255,69.395,0,clear,-1,FOLLOW_LANE,4.524868,4.675132,camera command; proximity clear
43.616,65.718,65.356,68.552,69.236,64.570,65.013,70.007,68.614,70.007,0,clear,-1,FOLLOW_LANE,4.524862,4.675138,camera command; proximity clear
43.648,70.729,65.951,74.071,71.304,68.775,68.577,67.941,65.086,70.729,0,clear,-1,FOLLOW_LANE,4.524856,4.675144,camera command; proximity clear
43.680,66.226,67.940,68.747,64.960,63.116,71.045,61.573,68.770,68.770,0,clear,-1,FOLLOW_LANE,4.524850,4.675150,camera command; proximity clear
43.712,68.739,65.304,65.792,68.125,66.117,65.435,62.187,66.429,68.739,0,clear,-1,FOLLOW_LANE,4.524844,4.675156,camera command; proximity clear
43.744,69.046,70.439,66.470,61.325,62.971,63.182,70.210,64.364,70.439,0,clear,-1,FOLLOW_LANE,4.524838,4.675162,camera command; proximity clear
43.776,63.623,68.858,63.154,68.772,67.183,68.354,70.534,62.348,70.534,0,clear,-1,FOLLOW_LANE,4.557646,4.642353,camera command; proximity clear
43.808,69.488,61.687,72.449,71.747,69.444,66.326,63.898,67.160,69.488,0,clear,-1,FOLLOW_LANE,4.549830,4.650170,camera command; proximity clear
43.840,61.040,69.894,70.404,67.591,63.345,66.913,63.733,62.350,69.894,0,clear,-1,FOLLOW_LANE,4.517011,4.682988,camera command; proximity clear
43.872,68.823,70.234,67.589,69.093,70.993,62.776,64.442,69.625,70.234,0,clear,-1,FOLLOW_LANE,4.557632,4.642367,camera command; proximity clear
43.904,66.697,66.195,63.947,64.581,68.176,68.708,67.044,70.834,70.834,0,clear,-1,FOLLOW_LANE,4.549816,4.650184,camera command; proximity clear
43.936,61.234,68.623,71.487,66.064,67.333,66.657,74.218,64.923,74.218,0,clear,-1,FOLLOW_LANE,4.615441,4.584559,camera command; proximity clear
43.968,65.723,73.649,70.087,67.828,64.434,64.473,61.337,64.442,73.649,0,clear,-1,FOLLOW_LANE,4.599816,4.600184,camera command; proximity clear
44.000,67.489,72.904,67.011,67.394,69.124,69.509,65.531,66.169,72.904,0,clear,-1,FOLLOW_LANE,4.599816,4.600184,camera command; proximity clear
44.032,63.818,64.577,68.465,64.572,68.347,63.923,70.790,68.315,70.790,0,clear,-1,FOLLOW_LANE,4.599816,4.600184,camera command; proximity clear
44.064,64.487,62.507,63.848,64.554,67.146,68.846,63.831,66.616,66.616,0,clear,-1,FOLLOW_LANE,4.599816,4.600184,camera command; proximity clear
44.096,68.939,68.479,62.551,68.407,62.386,65.542,69.247,66.654,69.247,0,clear,-1,FOLLOW_LANE,4.599816,4.600184,camera command; proximity clear
44.128,65.849,71.202,63.215,65.469,65.541,63.700,69.352,70.121,71.202,0,clear,-1,FOLLOW_LANE,4.599816,4.600184,camera command; proximity clear
44.160,69.981,60.256,70.497,67.055,66.310,69.474,63.136,66.097,69.981,0,clear,-1,FOLLOW_LANE,4.599816,4.600184,camera command; proximity clear
44.192,70.806,67.440,66.757,61.241,68.051,70.266,64.814,65.204,70.806,0,clear,-1,FOLLOW_LANE,4.599816,4.600184,camera command; proximity clear
44.224,62.155,62.371,67.982,66.048,67.552,65.169,64.946,65.609,65.609,0,clear,-1,FOLLOW_LANE,4.599816,4.600184,camera command; proximity clear
44.256,70.733,65.754,63.413,70.780,65.486,69.097,65.197,64.853,70.733,0,clear,-1,FOLLOW_LANE,4.599816,4.600184,camera command; proximity clear
44.288,66.073,67.898,73.740,63.366,64.912,67.321,63.512,65.663,67.898,0,clear,-1,FOLLOW_LANE,4.599816,4.600184,camera command; proximity clear
44.320,72.848,67.528,61.681,66.381,67.631,66.917,61.462,68.025,72.848,0,clear,-1,FOLLOW_LANE,4.599816,4.600184,camera command; proximity clear
44.352,61.927,63.749,67.706,65.696,62.684,68.394,63.774,58.862,63.774,0,clear,-1,FOLLOW_LANE,4.599816,4.600184,camera command; proximity clear
44.384,65.304,65.386,67.309,66.209,74.199,65.898,68.823,65.791,68.823,0,clear,-1,FOLLOW_LANE,4.599816,4.600184,camera command; proximity clear
44.416,69.866,64.318,66.202,61.880,68.465,61.120,65.669,68.037,69.866,0,clear,-1,FOLLOW_LANE,4.599816,4.600184,camera command; proximity clear
44.448,70.287,64.927,70.133,69.087,63.205,65.826,69.345,70.396,70.396,0,clear,-1,FOLLOW_LANE,4.599816,4.600184,camera command; proximity clear
44.480,70.477,66.387,66.995,65.560,68.448,66.935,62.482,66.704,70.477,0,clear,-1,FOLLOW_LANE,4.599816,4.600184,camera command; proximity clear
44.512,67.274,65.048,68.182,69.093,60.657,69.357,66.496,72.816,72.816,0,clear,-1,FOLLOW_LANE,4.599816,4.600184,camera command; proximity clear
44.544,68.889,61.930,65.310,63.464,68.111,71.930,66.072,68.090,68.889,0,clear,-1,FOLLOW_LANE,4.599816,4.600184,camera command; proximity clear
44.576,64.707,69.568,72.249,74.510,66.592,61.714,72.161,69.339,72.161,0,clear,-1,FOLLOW_LANE,4.599816,4.600184,camera command; proximity clear
44.608,67.155,63.682,73.193,66.766,68.437,66.084,64.265,66.541,67.155,0,clear,-1,FOLLOW_LANE,4.599816,4.600184,camera command; proximity clear
44.640,67.597,60.910,69.275,62.386,64.675,68.356,66.993,71.690,71.690,0,clear,-1,FOLLOW_LANE,4.599816,4.600184,camera command; proximity clear
44.672,63.466,63.027,62.691,66.947,64.567,64.750,68.530,68.369,68.530,0,clear,-1,FOLLOW_LANE,4.599816,4.600184,camera command; proximity clear
44.704,64.223,64.524,65.630,72.842,64.073,70.760,66.809,69.465,69.465,0,clear,-1,FOLLOW_LANE,4.599816,4.600184,camera command; proximity clear
44.736,61.553,67.735,63.896,61.741,70.635,65.044,70.728,68.822,70.728,0,clear,-1,FOLLOW_LANE,4.599816,4.600184,camera command; proximity clear
44.768,69.715,66.678,72.058,66.909,66.597,69.035,62.163,69.048,69.715,0,clear,-1,FOLLOW_LANE,4.599816,4.600184,camera command; proximity clear
44.800,65.765,59.638,72.454,63.468,65.595,65.203,67.194,65.360,67.194,0,clear,-1,FOLLOW_LANE,4.599816,4.600184,camera command; proximity clear
44.832,67.294,64.836,68.214,61.647,60.852,67.180,72.472,70.674,72.472,0,clear,-1,FOLLOW_LANE,4.599816,4.600184,camera command; proximity clear
44.864,67.528,65.948,67.193,61.763,70.784,70.661,66.614,68.870,68.870,0,clear,-1,FOLLOW_LANE,4.599816,4.600184,camera command; proximity clear
44.896,65.492,68.228,69.293,65.901,64.868,66.132,65.039,69.288,69.288,0,clear,-1,FOLLOW_LANE,4.599816,4.600184,camera command; proximity clear
44.928,67.385,62.328,62.842,69.038,64.901,63.147,59.575,72.701,72.701,0,clear,-1,FOLLOW_LANE,4.599816,4.600184,camera command; proximity clear
44.960,64.036,68.356,59.388,69.358,63.701,64.514,69.066,60.498,69.066,0,clear,-1,FOLLOW_LANE,4.599816,4.600184,camera command; proximity clear
44.992,67.627,63.874,67.914,74.866,68.040,59.224,75.312,67.599,75.312,0,clear,-1,FOLLOW_LANE,4.599816,4.600184,camera command; proximity clear
45.024,68.921,67.022,67.682,73.014,67.570,66.107,72.217,65.243,72.217,0,clear,-1,FOLLOW_LANE,4.599816,4.600184,camera command; proximity clear
45.056,65.261,67.952,64.328,66.823,64.610,66.102,71.978,68.182,71.978,0,clear,-1,FOLLOW_LANE,4.599816,4.600184,camera command; proximity clear
45.088,62.771,65.747,67.825,70.127,67.117,68.965,67.462,65.921,67.462,0,clear,-1,FOLLOW_LANE,4.599816,4.600184,camera command; proximity clear
45.120,68.881,71.326,64.551,62.714,71.159,68.291,61.587,66.170,71.326,0,clear,-1,FOLLOW_LANE,4.665445,4.534555,camera command; proximity clear
45.152,69.767,65.918,72.877,66.920,69.684,67.848,63.842,58.150,69.767,0,clear,-1,FOLLOW_LANE,4.649824,4.550176,camera command; proximity clear
45.184,71.436,67.992,68.930,64.572,68.825,63.992,59.043,65.636,71.436,0,clear,-1,FOLLOW_LANE,4.649828,4.550172,camera command; proximity clear
45.216,68.149,65.934,68.628,59.065,66.492,69.140,69.863,66.251,69.863,0,clear,-1,FOLLOW_LANE,4.649832,4.550168,camera command; proximity clear
45.248,69.274,67.624,70.457,70.843,62.748,62.229,69.196,62.394,69.274,0,clear,-1,FOLLOW_LANE,4.649836,4.550164,camera command; proximity clear
45.280,67.060,67.012,68.446,66.679,64.807,66.507,68.165,69.471,69.471,0,clear,-1,FOLLOW_LANE,4.649840,4.550160,camera command; proximity clear
45.312,68.138,67.366,69.291,68.348,70.075,66.306,61.689,68.065,68.138,0,clear,-1,FOLLOW_LANE,4.649844,4.550156,camera command; proximity clear
45.344,68.372,68.838,72.345,67.533,66.786,58.136,67.620,72.942,72.942,0,clear,-1,FOLLOW_LANE,4.649848,4.550152,camera command; proximity clear
45.376,67.755,69.630,70.567,63.804,64.442,67.470,68.582,67.403,69.630,0,clear,-1,FOLLOW_LANE,4.649852,4.550148,camera command; proximity clear
45.408,68.819,71.669,71.939,63.583,74.755,70.796,64.985,70.044,71.669,0,clear,-1,FOLLOW_LANE,4.649856,4.550144,camera command; proximity clear
45.440,68.055,72.147,60.959,61.688,64.155,65.970,66.940,64.097,72.147,0,clear,-1,FOLLOW_LANE,4.649860,4.550140,camera command; proximity clear
45.472,67.789,70.501,69.694,67.381,63.442,57.975,68.205,67.136,70.501,0,clear,-1,FOLLOW_LANE,4.649864,4.550136,camera command; proximity clear
45.504,63.207,61.394,63.800,72.308,67.721,65.063,67.680,70.965,70.965,0,clear,-1,FOLLOW_LANE,4.649868,4.550132,camera command; proximity clear
45.536,66.978,70.801,65.182,67.140,71.309,63.081,68.141,66.377,70.801,0,clear,-1,FOLLOW_LANE,4.649872,4.550128,camera command; proximity clear
45.568,66.068,68.261,61.859,63.372,72.040,68.260,63.107,69.037,69.037,0,clear,-1,FOLLOW_LANE,4.649876,4.550124,camera command; proximity clear
45.600,66.147,69.345,67.962,61.155,68.937,60.137,64.640,68.999,69.345,0,clear,-1,FOLLOW_LANE,4.649880,4.550120,camera command; proximity clear
45.632,64.905,66.841,69.208,69.641,68.089,70.771,70.871,60.080,70.871,0,clear,-1,FOLLOW_LANE,4.649884,4.550116,camera command; proximity clear
45.664,66.594,66.667,65.481,67.464,71.876,68.149,67.576,64.916,67.576,0,clear,-1,FOLLOW_LANE,4.649888,4.550112,camera command; proximity clear
45.696,75.925,68.900,71.128,69.934,66.903,69.703,75.018,65.486,75.925,0,clear,-1,FOLLOW_LANE,4.649892,4.550108,camera command; proximity clear
45.728,65.626,67.536,65.321,63.021,73.319,69.694,72.265,64.190,72.265,0,clear,-1,FOLLOW_LANE,4.649896,4.550104,camera command; proximity clear
45.760,70.078,64.897,66.214,66.373,68.381,66.685,67.664,70.782,70.782,0,clear,-1,FOLLOW_LANE,4.649900,4.550100,camera command; proximity clear
45.792,66.828,71.529,68.267,71.361,64.161,66.458,65.187,67.832,71.529,0,clear,-1,FOLLOW_LANE,4.649904,4.550096,camera command; proximity clear
45.824,64.421,70.608,74.910,71.211,65.708,66.195,62.031,65.044,70.608,0,clear,-1,FOLLOW_LANE,4.649908,4.550092,camera command; proximity clear
45.856,67.587,69.656,67.749,68.572,65.580,69.140,67.493,65.435,69.656,0,clear,-1,FOLLOW_LANE,4.649912,4.550088,camera command; proximity clear
45.888,66.073,67.147,60.631,69.216,68.166,64.089,68.995,72.458,72.458,0,clear,-1,FOLLOW_LANE,4.649916,4.550084,camera command; proximity clear
45.920,64.118,69.047,68.388,64.954,66.986,72.031,68.475,67.228,69.047,0,clear,-1,FOLLOW_LANE,4.649920,4.550080,camera command; proximity clear
45.952,65.026,63.315,68.100,67.503,67.044,66.588,68.122,68.062,68.122,0,clear,-1,FOLLOW_LANE,4.649924,4.550076,camera command; proximity clear
45.984,67.273,72.675,72.983,68.722,63.222,59.021,66.422,65.184,72.675,0,clear,-1,FOLLOW_LANE,4.649928,4.550072,camera command; proximity clear
46.016,67.137,61.201,65.038,65.447,67.506,61.073,71.365,71.055,71.365,0,clear,-1,FOLLOW_LANE,4.649932,4.550068,camera command; proximity clear
46.048,64.551,64.848,66.942,62.096,67.287,62.498,72.722,67.999,72.722,0,clear,-1,FOLLOW_LANE,4.649936,4.550064,camera command; proximity clear
46.080,69.286,70.105,70.569,66.239,67.473,71.035,67.716,67.385,70.105,0,clear,-1,FOLLOW_LANE,4.649940,4.550060,camera command; proximity clear
46.112,68.671,66.988,73.212,67.303,64.747,64.155,67.104,63.679,68.671,0,clear,-1,FOLLOW_LANE,4.649944,4.550056,camera command; proximity clear
46.144,64.805,70.509,63.292,69.264,69.209,68.628,65.901,72.902,72.902,0,clear,-1,FOLLOW_LANE,4.649948,4.550052,camera command; proximity clear
46.176,70.895,60.643,72.333,65.412,66.972,67.644,73.746,72.036,73.746,0,clear,-1,FOLLOW_LANE,4.649952,4.550048,camera command; proximity clear
46.208,68.441,56.985,69.253,66.094,67.565,65.455,64.273,66.433,68.441,0,clear,-1,FOLLOW_LANE,4.649956,4.550044,camera command; proximity clear
46.240,64.491,60.948,65.289,69.098,66.779,67.277,70.615,66.303,70.615,0,clear,-1,FOLLOW_LANE,4.649960,4.550040,camera command; proximity clear
46.272,67.145,72.336,65.575,63.707,64.164,67.349,72.609,66.979,72.609,0,clear,-1,FOLLOW_LANE,4.649964,4.550036,camera command; proximity clear
46.304,65.855,68.896,61.775,65.534,61.993,74.188,69.129,65.854,69.129,0,clear,-1,FOLLOW_LANE,4.649968,4.550032,camera command; proximity clear
46.336,68.461,72.675,69.022,69.531,61.402,61.346,71.044,66.116,72.675,0,clear,-1,FOLLOW_LANE,4.649972,4.550028,camera command; proximity clear
46.368,67.766,69.627,66.892,63.958,68.903,69.058,74.230,66.763,74.230,0,clear,-1,FOLLOW_LANE,4.649976,4.550024,camera command; proximity clear
46.400,64.969,64.740,70.135,70.387,71.182,66.333,61.720,63.428,64.969,0,clear,-1,FOLLOW_LANE,4.649980,4.550020,camera command; proximity clear
46.432,66.576,72.215,65.920,68.437,64.309,67.411,64.529,67.397,72.215,0,clear,-1,FOLLOW_LANE,4.649984,4.550016,camera command; proximity clear
46.464,67.083,69.990,64.785,67.194,67.397,70.065,60.924,66.595,69.990,0,clear,-1,FOLLOW_LANE,4.649988,4.550012,camera command; proximity clear
46.496,68.543,65.004,62.955,72.239,67.067,67.733,62.895,72.352,72.352,0,clear,-1,FOLLOW_LANE,4.584363,4.615637,camera command; proximity clear
46.528,62.449,67.519,71.579,63.134,69.635,62.322,74.292,65.560,74.292,0,clear,-1,FOLLOW_LANE,4.599988,4.600012,camera command; proximity clear
46.560,71.735,68.927,69.884,70.881,69.506,67.951,71.722,61.230,71.735,0,clear,-1,FOLLOW_LANE,4.599988,4.600012,camera command; proximity clear
46.592,63.943,62.613,64.242,70.346,69.413,73.866,72.215,69.537,72.215,0,clear,-1,FOLLOW_LANE,4.599988,4.600012,camera command; proximity clear
46.624,70.125,71.292,66.789,67.899,67.764,62.988,66.827,64.553,71.292,0,clear,-1,FOLLOW_LANE,4.599988,4.600012,camera command; proximity clear
46.656,68.833,68.396,68.901,68.223,66.814,71.977,71.088,67.415,71.088,0,clear,-1,FOLLOW_LANE,4.599988,4.600012,camera command; proximity clear
46.688,66.100,76.765,69.445,67.416,68.757,70.670,68.110,65.427,76.765,0,clear,-1,FOLLOW_LANE,4.599988,4.600012,camera command; proximity clear
46.720,67.337,66.611,59.250,64.188,62.283,73.132,68.035,66.098,68.035,0,clear,-1,FOLLOW_LANE,4.599988,4.600012,camera command; proximity clear
46.752,61.185,66.965,67.230,63.948,68.358,65.628,61.191,65.216,66.965,0,clear,-1,FOLLOW_LANE,4.599988,4.600012,camera command; proximity clear
46.784,64.270,65.538,68.193,69.757,67.945,72.603,65.673,65.840,65.840,0,clear,-1,FOLLOW_LANE,4.599988,4.600012,camera command; proximity clear
46.816,67.072,66.204,67.523,67.672,68.612,72.311,68.658,64.379,68.658,0,clear,-1,FOLLOW_LANE,4.599988,4.600012,camera command; proximity clear
46.848,71.027,63.113,71.303,67.440,69.735,68.967,61.342,66.314,71.027,0,clear,-1,FOLLOW_LANE,4.599988,4.600012,camera command; proximity clear
46.880,65.105,67.417,64.073,66.890,64.378,67.595,65.860,77.073,77.073,0,clear,-1,FOLLOW_LANE,4.599988,4.600012,camera command; proximity clear
46.912,69.783,67.787,68.386,68.325,67.756,60.984,64.368,65.631,69.783,0,clear,-1,FOLLOW_LANE,4.599988,4.600012,camera command; proximity clear
46.944,64.616,67.692,62.951,66.462,68.749,66.510,69.934,64.834,69.934,0,clear,-1,FOLLOW_LANE,4.599988,4.600012,camera command; proximity clear
46.976,72.869,63.383,69.344,70.996,65.056,70.988,63.549,70.152,72.869,0,clear,-1,FOLLOW_LANE,4.599988,4.600012,camera command; proximity clear
47.008,68.418,68.284,65.502,65.406,59.848,70.255,67.057,70.377,70.377,0,clear,-1,FOLLOW_LANE,4.599988,4.600012,camera command; proximity clear
47.040,70.250,63.999,68.157,67.239,68.160,66.547,73.498,62.983,73.498,0,clear,-1,FOLLOW_LANE,4.599988,4.600012,camera command; proximity clear
47.072,68.248,72.036,64.017,62.734,63.316,61.115,62.471,62.538,72.036,0,clear,-1,FOLLOW_LANE,4.599988,4.600012,camera command; proximity clear
47.104,63.434,66.889,68.601,66.941,67.402,66.639,62.770,72.229,72.229,0,clear,-1,FOLLOW_LANE,4.599988,4.600012,camera command; proximity clear
47.136,69.630,63.918,68.382,72.777,64.844,69.985,68.634,70.502,70.502,0,clear,-1,FOLLOW_LANE,4.599988,4.600012,camera command; proximity clear
47.168,68.988,72.978,66.235,68.208,65.163,68.134,66.297,68.576,72.978,0,clear,-1,FOLLOW_LANE,4.599988,4.600012,camera command; proximity clear
47.200,69.263,63.155,66.598,66.260,70.303,66.102,63.430,71.143,71.143,0,clear,-1,FOLLOW_LANE,4.599988,4.600012,camera command; proximity clear
47.232,65.618,58.868,61.190,68.733,70.522,62.156,64.594,70.242,70.242,0,clear,-1,FOLLOW_LANE,4.599988,4.600012,camera command; proximity clear
47.264,64.915,65.663,68.525,65.074,61.758,65.224,72.634,64.299,72.634,0,clear,-1,FOLLOW_LANE,4.599988,4.600012,camera command; proximity clear
47.296,68.481,61.272,61.264,71.158,69.604,65.905,63.695,69.918,69.918,0,clear,-1,FOLLOW_LANE,4.599988,4.600012,camera command; proximity clear
47.328,72.364,62.629,63.567,67.862,73.511,64.652,65.569,68.049,72.364,0,clear,-1,FOLLOW_LANE,4.599988,4.600012,camera command; proximity clear
47.360,68.551,64.567,68.873,64.745,66.399,63.909,69.003,68.664,69.003,0,clear,-1,FOLLOW_LANE,4.599988,4.600012,camera command; proximity clear
47.392,68.406,64.616,66.923,65.658,63.860,68.509,65.333,63.543,68.406,0,clear,-1,FOLLOW_LANE,4.599988,4.600012,camera command; proximity clear
47.424,67.204,66.276,64.983,67.544,65.289,61.368,65.919,71.148,71.148,0,clear,-1,FOLLOW_LANE,4.599988,4.600012,camera command; proximity clear
47.456,68.576,64.549,64.560,72.768,68.055,73.473,70.544,64.799,70.544,0,clear,-1,FOLLOW_LANE,4.599988,4.600012,camera command; proximity clear
47.488,70.368,67.829,62.796,67.982,60.597,67.060,64.831,65.599,70.368,0,clear,-1,FOLLOW_LANE,4.599988,4.600012,camera command; proximity clear
47.520,67.879,66.005,68.789,72.131,65.527,63.432,65.707,68.578,68.578,0,clear,-1,FOLLOW_LANE,4.599988,4.600012,camera command; proximity clear
47.552,67.232,69.796,68.520,67.099,68.897,67.055,74.156,69.196,74.156,0,clear,-1,FOLLOW_LANE,4.599988,4.600012,camera command; proximity clear
47.584,68.643,65.629,64.571,64.883,64.945,70.676,67.654,65.568,68.643,0,clear,-1,FOLLOW_LANE,4.599988,4.600012,camera command; proximity clear
47.616,66.831,71.230,62.553,68.212,67.722,67.413,65.706,66.124,71.230,0,clear,-1,FOLLOW_LANE,4.599988,4.600012,camera command; proximity clear
47.648,70.273,66.103,64.002,64.770,66.823,65.970,68.907,70.649,70.649,0,clear,-1,FOLLOW_LANE,4.599988,4.600012,camera command; proximity clear
47.680,63.101,65.546,68.950,65.805,69.577,67.652,63.736,60.376,65.546,0,clear,-1,FOLLOW_LANE,4.599988,4.600012,camera command; proximity clear
47.712,69.297,62.706,68.006,70.736,71.021,63.558,65.863,70.825,70.825,0,clear,-1,FOLLOW_LANE,4.599988,4.600012,camera command; proximity clear
47.744,66.447,69.956,69.149,66.887,67.377,66.039,67.058,70.252,70.252,0,clear,-1,FOLLOW_LANE,4.599988,4.600012,camera command; proximity clear
47.776,70.838,67.388,65.627,67.429,64.122,70.430,63.756,66.996,70.838,0,clear,-1,FOLLOW_LANE,4.599988,4.600012,camera command; proximity clear
47.808,67.104,68.411,61.048,65.488,66.681,72.478,64.502,65.322,68.411,0,clear,-1,FOLLOW_LANE,4.599988,4.600012,camera command; proximity clear
47.840,62.193,70.452,65.071,68.050,65.483,65.435,66.011,67.310,70.452,0,clear,-1,FOLLOW_LANE,4.599988,4.600012,camera command; proximity clear
47.872,65.739,60.764,68.912,63.311,66.454,63.673,63.689,62.747,65.739,0,clear,-1,FOLLOW_LANE,4.599988,4.600012,camera command; proximity clear
47.904,65.816,65.786,65.992,64.715,69.636,64.322,68.032,66.655,68.032,0,clear,-1,FOLLOW_LANE,4.599988,4.600012,camera command; proximity clear
47.936,66.716,65.595,68.394,73.467,63.945,63.952,67.994,65.030,67.994,0,clear,-1,FOLLOW_LANE,4.599988,4.600012,camera command; proximity clear
47.968,65.552,60.966,69.295,69.681,63.501,68.227,70.932,60.673,70.932,0,clear,-1,FOLLOW_LANE,4.599988,4.600012,camera command; proximity clear
48.000,66.421,66.842,65.193,70.830,69.146,68.357,63.699,68.464,68.464,0,clear,-1,FOLLOW_LANE,4.599988,4.600012,camera command; proximity clear
48.032,64.152,67.067,67.138,62.541,66.716,64.642,70.104,69.362,70.104,0,clear,-1,FOLLOW_LANE,4.599988,4.600012,camera command; proximity clear
48.064,72.567,61.792,69.044,60.790,67.586,62.314,65.895,70.186,72.567,0,clear,-1,FOLLOW_LANE,4.599988,4.600012,camera command; proximity clear
48.096,62.489,72.931,74.507,65.226,64.277,67.827,67.205,61.390,72.931,0,clear,-1,FOLLOW_LANE,4.599988,4.600012,camera command; proximity clear
48.128,69.465,73.917,68.285,69.484,69.797,67.274,70.669,66.292,73.917,0,clear,-1,FOLLOW_LANE,4.599988,4.600012,camera command; proximity clear
48.160,64.628,71.277,74.162,64.650,66.098,62.942,73.434,66.812,73.434,0,clear,-1,FOLLOW_LANE,4.599988,4.600012,camera command; proximity clear
48.192,68.313,70.598,63.318,62.837,75.385,71.903,66.857,69.139,70.598,0,clear,-1,FOLLOW_LANE,4.599988,4.600012,camera command; proximity clear
48.224,65.405,62.167,70.798,71.919,67.511,68.439,63.027,69.125,69.125,0,clear,-1,FOLLOW_LANE,4.599988,4.600012,camera command; proximity clear
48.256,66.383,71.472,67.986,67.131,65.681,73.538,60.219,63.476,71.472,0,clear,-1,FOLLOW_LANE,4.599988,4.600012,camera command; proximity clear
48.288,63.805,67.982,66.341,65.074,61.798,66.469,65.318,63.982,67.982,0,clear,-1,FOLLOW_LANE,4.599988,4.600012,camera command; proximity clear
48.320,68.348,69.131,66.378,64.961,69.525,69.648,73.140,70.568,73.140,0,clear,-1,FOLLOW_LANE,4.599988,4.600012,camera command; proximity clear
48.352,64.306,67.763,70.977,66.079,65.306,59.451,65.566,69.003,69.003,0,clear,-1,FOLLOW_LANE,4.599988,4.600012,camera command; proximity clear
48.384,70.368,66.529,67.639,69.559,65.793,69.936,69.282,64.856,70.368,0,clear,-1,FOLLOW_LANE,4.599988,4.600012,camera command; proximity clear
48.416,68.655,60.270,62.330,60.661,67.250,68.422,63.513,68.589,68.655,0,clear,-1,FOLLOW_LANE,4.599988,4.600012,camera command; proximity clear
48.448,63.518,68.946,69.647,67.109,65.437,64.524,69.180,69.586,69.586,0,clear,-1,FOLLOW_LANE,4.599988,4.600012,camera command; proximity clear
48.480,66.896,67.994,73.311,66.459,65.552,67.051,61.350,59.649,67.994,0,clear,-1,FOLLOW_LANE,4.599988,4.600012,camera command; proximity clear
48.512,66.845,66.887,61.889,67.975,65.210,61.541,76.082,66.226,76.082,0,clear,-1,FOLLOW_LANE,4.599988,4.600012,camera command; proximity clear
48.544,70.100,63.292,69.802,63.468,62.042,63.628,65.017,67.202,70.100,0,clear,-1,FOLLOW_LANE,4.599988,4.600012,camera command; proximity clear
48.576,72.214,67.381,66.759,72.252,68.678,69.803,65.744,70.943,72.214,0,clear,-1,FOLLOW_LANE,4.599988,4.600012,camera command; proximity clear
48.608,71.537,67.840,63.291,65.846,70.335,65.268,66.831,62.914,71.537,0,clear,-1,FOLLOW_LANE,4.599988,4.600012,camera command; proximity clear
48.640,71.511,65.179,64.116,65.987,70.578,67.277,74.962,66.545,74.962,0,clear,-1,FOLLOW_LANE,4.599988,4.600012,camera command; proximity clear
48.672,64.439,63.139,68.030,66.097,65.944,71.833,65.945,60.993,65.945,0,clear,-1,FOLLOW_LANE,4.599988,4.600012,camera command; proximity clear
48.704,61.671,71.046,64.215,71.478,67.132,71.778,70.848,71.980,71.980,0,clear,-1,FOLLOW_LANE,4.599988,4.600012,camera command; proximity clear
48.736,68.101,68.931,64.998,68.283,70.285,67.220,67.748,63.519,68.931,0,clear,-1,FOLLOW_LANE,4.599988,4.600012,camera command; proximity clear
48.768,68.844,62.934,65.797,70.728,65.436,69.405,72.415,65.569,72.415,0,clear,-1,FOLLOW_LANE,4.599988,4.600012,camera command; proximity clear
48.800,70.370,70.615,68.275,61.198,72.672,65.766,68.974,63.145,70.615,0,clear,-1,FOLLOW_LANE,4.599988,4.600012,camera command; proximity clear
48.832,66.441,60.732,66.159,65.758,66.896,68.903,70.417,65.248,70.417,0,clear,-1,FOLLOW_LANE,4.599988,4.600012,camera command; proximity clear
48.864,65.068,62.548,69.800,70.376,64.448,66.414,70.667,67.534,70.667,0,clear,-1,FOLLOW_LANE,4.599988,4.600012,camera command; proximity clear
48.896,64.578,72.320,70.619,63.454,68.734,67.213,67.954,65.478,72.320,0,clear,-1,FOLLOW_LANE,4.599988,4.600012,camera command; proximity clear
48.928,66.260,67.139,62.916,65.158,70.429,64.567,62.176,68.147,68.147,0,clear,-1,FOLLOW_LANE,4.599988,4.600012,camera command; proximity clear
48.960,69.789,68.931,70.072,75.135,64.885,63.693,64.691,67.126,69.789,0,clear,-1,FOLLOW_LANE,4.599988,4.600012,camera command; proximity clear
48.992,74.025,69.802,66.150,69.949,65.129,67.891,66.031,64.991,74.025,0,clear,-1,FOLLOW_LANE,4.599988,4.600012,camera command; proximity clear
49.024,68.827,69.657,71.082,66.578,74.292,66.637,72.232,64.173,72.232,0,clear,-1,FOLLOW_LANE,4.599988,4.600012,camera command; proximity clear
49.056,66.263,66.042,66.873,72.349,63.617,63.856,68.577,64.003,68.577,0,clear,-1,FOLLOW_LANE,4.599988,4.600012,camera command; proximity clear
49.088,67.518,71.550,65.579,65.239,69.631,69.062,70.845,65.190,71.550,0,clear,-1,FOLLOW_LANE,4.599988,4.600012,camera command; proximity clear
49.120,67.419,66.859,69.985,62.757,69.117,70.654,64.894,59.828,67.419,0,clear,-1,FOLLOW_LANE,4.599988,4.600012,camera command; proximity clear
49.152,65.924,70.257,67.968,71.363,68.014,67.434,62.432,65.591,70.257,0,clear,-1,FOLLOW_LANE,4.599988,4.600012,camera command; proximity clear
49.184,67.849,68.999,66.404,64.679,66.287,69.618,69.610,72.677,72.677,0,clear,-1,FOLLOW_LANE,4.534359,4.665641,camera command; proximity clear
49.216,66.506,71.937,71.496,72.464,67.333,68.375,73.235,67.224,73.235,0,clear,-1,FOLLOW_LANE,4.615609,4.584391,camera command; proximity clear
49.248,66.874,65.625,62.522,65.945,65.980,64.189,72.575,69.354,72.575,0,clear,-1,FOLLOW_LANE,4.599984,4.600016,camera command; proximity clear
49.280,64.979,70.083,64.270,69.353,64.886,65.911,62.177,69.412,70.083,0,clear,-1,FOLLOW_LANE,4.599984,4.600016,camera command; proximity clear
49.312,66.143,68.597,65.211,66.999,63.801,63.979,66.316,64.675,68.597,0,clear,-1,FOLLOW_LANE,4.534355,4.665645,camera command; proximity clear
49.344,74.983,62.951,63.430,69.009,65.727,67.756,66.789,69.771,74.983,0,clear,-1,FOLLOW_LANE,4.549976,4.650024,camera command; proximity clear
49.376,69.104,69.196,66.794,67.645,69.480,64.339,66.291,61.692,69.196,0,clear,-1,FOLLOW_LANE,4.549972,4.650028,camera command; proximity clear
49.408,63.833,68.346,70.373,70.922,74.289,60.667,64.964,64.457,68.346,0,clear,-1,FOLLOW_LANE,4.549968,4.650032,camera command; proximity clear
49.440,69.249,65.385,66.125,67.935,67.450,66.853,68.262,68.542,69.249,0,clear,-1,FOLLOW_LANE,4.549964,4.650036,camera command; proximity clear
49.472,69.094,68.545,64.601,67.065,65.809,62.999,69.486,71.122,71.122,0,clear,-1,FOLLOW_LANE,4.549960,4.650040,camera command; proximity clear
49.504,70.475,67.775,67.303,73.895,71.428,63.906,64.775,60.571,70.475,0,clear,-1,FOLLOW_LANE,4.549956,4.650044,camera command; proximity clear
49.536,66.582,73.314,68.961,63.822,66.397,66.211,66.351,73.258,73.314,0,clear,-1,FOLLOW_LANE,4.549952,4.650048,camera command; proximity clear
49.568,67.418,64.590,66.460,65.769,67.190,68.141,67.887,63.748,67.887,0,clear,-1,FOLLOW_LANE,4.549948,4.650052,camera command; proximity clear
49.600,59.911,63.540,71.656,63.797,67.807,63.042,67.935,67.074,67.935,0,clear,-1,FOLLOW_LANE,4.549944,4.650056,camera command; proximity clear
49.632,61.985,73.477,70.713,74.483,66.184,65.425,65.321,66.032,73.477,0,clear,-1,FOLLOW_LANE,4.549940,4.650060,camera command; proximity clear
49.664,65.885,68.228,76.465,63.226,65.967,66.423,66.228,70.069,70.069,0,clear,-1,FOLLOW_LANE,4.549936,4.650064,camera command; proximity clear
49.696,68.928,64.251,70.470,63.812,68.627,70.095,68.119,67.653,68.928,0,clear,-1,FOLLOW_LANE,4.615561,4.584439,camera command; proximity clear
49.728,68.903,64.912,65.692,67.111,64.558,69.442,65.772,65.647,68.903,0,clear,-1,FOLLOW_LANE,4.599936,4.600064,camera command; proximity clear
49.760,71.313,67.787,65.960,67.719,69.200,67.549,67.561,64.378,71.313,0,clear,-1,FOLLOW_LANE,4.599936,4.600064,camera command; proximity clear
49.792,66.387,66.289,64.284,62.193,73.773,69.517,70.251,66.865,70.251,0,clear,-1,FOLLOW_LANE,4.534307,4.665693,camera command; proximity clear
49.824,69.726,72.392,64.611,71.599,62.313,70.333,61.226,59.426,72.392,0,clear,-1,FOLLOW_LANE,4.549928,4.650072,camera command; proximity clear
49.856,69.356,64.481,65.124,67.243,67.674,61.080,67.696,67.048,69.356,0,clear,-1,FOLLOW_LANE,4.549924,4.650076,camera command; proximity clear
49.888,63.107,63.874,73.788,68.744,59.264,66.387,69.627,66.291,69.627,0,clear,-1,FOLLOW_LANE,4.549920,4.650080,camera command; proximity clear
49.920,63.161,63.875,67.585,61.803,73.511,68.099,69.550,65.807,69.550,0,clear,-1,FOLLOW_LANE,4.549916,4.650084,camera command; proximity clear
49.952,65.307,71.739,65.496,66.634,69.781,68.153,73.000,70.602,73.000,0,clear,-1,FOLLOW_LANE,4.549912,4.650088,camera command; proximity clear
49.984,71.226,69.034,68.992,72.840,67.060,67.324,69.537,64.987,71.226,0,clear,-1,FOLLOW_LANE,4.549908,4.650092,camera command; proximity clear
50.016,67.011,65.775,69.373,67.919,66.701,72.850,68.823,66.271,68.823,0,clear,-1,FOLLOW_LANE,4.615533,4.584467,camera command; proximity clear
50.048,67.590,64.831,70.038,71.000,67.083,70.905,63.087,68.298,68.298,0,clear,-1,FOLLOW_LANE,4.599908,4.600092,camera command; proximity clear
50.080,68.744,70.409,64.499,70.084,69.874,66.848,67.020,65.597,70.409,0,clear,-1,FOLLOW_LANE,4.599908,4.600092,camera command; proximity clear
50.112,66.513,67.467,65.061,67.795,68.038,71.753,68.135,69.194,69.194,0,clear,-1,FOLLOW_LANE,4.599908,4.600092,camera command; proximity clear
50.144,67.814,65.831,65.248,69.641,68.822,63.922,61.701,66.790,67.814,0,clear,-1,FOLLOW_LANE,4.599908,4.600092,camera command; proximity clear
50.176,69.226,67.782,67.706,69.850,70.616,69.929,65.063,71.990,71.990,0,clear,-1,FOLLOW_LANE,4.599908,4.600092,camera command; proximity clear
50.208,69.984,68.360,66.353,60.943,69.512,72.809,66.251,66.628,69.984,0,clear,-1,FOLLOW_LANE,4.599908,4.600092,camera command; proximity clear
50.240,67.078,64.073,66.104,67.854,60.599,67.252,61.691,66.891,67.078,0,clear,-1,FOLLOW_LANE,4.599908,4.600092,camera command; proximity clear
50.272,75.345,68.994,73.670,67.163,65.326,70.705,65.436,66.484,75.345,0,clear,-1,FOLLOW_LANE,4.599908,4.600092,camera command; proximity clear
50.304,65.049,69.298,66.738,66.932,71.375,74.722,65.242,67.118,69.298,0,clear,-1,FOLLOW_LANE,4.599908,4.600092,camera command; proximity clear
50.336,57.865,59.095,71.040,71.325,69.226,63.953,60.535,69.255,69.255,0,clear,-1,FOLLOW_LANE,4.599908,4.600092,camera command; proximity clear
50.368,64.532,72.403,65.150,69.463,66.179,65.828,65.488,74.242,74.242,0,clear,-1,FOLLOW_LANE,4.599908,4.600092,camera command; proximity clear
50.400,71.557,64.828,63.681,71.061,67.919,68.347,69.272,68.307,71.557,0,clear,-1,FOLLOW_LANE,4.599908,4.600092,camera command; proximity clear
50.432,63.458,67.758,65.836,74.193,70.331,65.694,66.584,68.974,68.974,0,clear,-1,FOLLOW_LANE,4.599908,4.600092,camera command; proximity clear
50.464,70.305,69.765,66.864,69.219,67.269,65.837,69.900,67.133,70.305,0,clear,-1,FOLLOW_LANE,4.599908,4.600092,camera command; proximity clear
50.496,61.066,74.544,72.732,63.778,63.749,66.074,69.558,68.924,74.544,0,clear,-1,FOLLOW_LANE,4.599908,4.600092,camera command; proximity clear
50.528,64.079,63.266,66.635,66.191,70.524,65.733,71.304,70.507,71.304,0,clear,-1,FOLLOW_LANE,4.599908,4.600092,camera command; proximity clear
50.560,65.997,68.793,68.520,68.105,73.359,66.344,64.338,64.266,68.793,0,clear,-1,FOLLOW_LANE,4.599908,4.600092,camera command; proximity clear
50.592,63.673,66.057,67.531,67.694,71.117,64.438,75.375,68.608,75.375,0,clear,-1,FOLLOW_LANE,4.599908,4.600092,camera command; proximity clear
50.624,66.989,66.174,67.033,65.692,65.135,70.689,67.276,69.277,69.277,0,clear,-1,FOLLOW_LANE,4.599908,4.600092,camera command; proximity clear
50.656,65.489,69.441,70.288,60.791,66.793,66.821,63.075,69.548,69.548,0,clear,-1,FOLLOW_LANE,4.599908,4.600092,camera command; proximity clear
50.688,71.200,67.342,63.644,66.125,67.272,74.703,65.634,63.883,71.200,0,clear,-1,FOLLOW_LANE,4.534279,4.665721,camera command; proximity clear
50.720,69.600,68.722,71.049,68.933,65.058,71.433,69.511,66.815,69.600,0,clear,-1,FOLLOW_LANE,4.549900,4.650100,camera command; proximity clear
50.752,66.201,63.820,61.425,65.406,66.352,59.838,70.233,68.754,70.233,0,clear,-1,STOP_WAIT,0.000000,0.000000,camera safety stop retained
50.784,68.766,62.933,65.836,67.122,70.913,65.549,64.010,69.482,69.482,0,clear,-1,STOP_WAIT,0.000000,0.000000,camera safety stop retained
50.816,68.670,61.160,69.678,71.251,68.183,63.290,66.302,70.166,70.166,0,clear,-1,STOP_WAIT,0.000000,0.000000,camera safety stop retained
50.848,59.174,73.108,68.618,68.336,69.050,71.260,61.565,73.149,73.149,0,clear,-1,STOP_WAIT,0.000000,0.000000,camera safety stop retained
50.880,68.668,72.464,63.383,67.471,68.377,68.713,72.567,68.472,72.567,0,clear,-1,STOP_WAIT,0.000000,0.000000,camera safety stop retained
50.912,59.672,62.696,64.872,67.202,65.399,63.697,67.323,72.190,72.190,0,clear,-1,STOP_WAIT,0.000000,0.000000,camera safety stop retained
50.944,68.050,67.883,68.336,58.031,68.530,68.172,69.570,62.437,69.570,0,clear,-1,STOP_WAIT,0.000000,0.000000,camera safety stop retained
50.976,63.238,65.049,68.162,62.014,66.480,66.813,63.541,72.053,72.053,0,clear,-1,STOP_WAIT,0.000000,0.000000,camera safety stop retained
51.008,65.564,64.050,69.574,66.679,69.361,70.157,71.331,67.619,71.331,0,clear,-1,STOP_WAIT,0.000000,0.000000,camera safety stop retained
51.040,62.556,72.766,67.656,66.398,67.429,69.597,69.858,64.443,72.766,0,clear,-1,STOP_WAIT,0.000000,0.000000,camera safety stop retained
51.072,65.199,68.792,68.647,62.983,64.907,66.162,63.286,65.219,68.792,0,clear,-1,STOP_WAIT,0.000000,0.000000,camera safety stop retained
51.104,69.382,66.584,69.177,72.297,68.100,65.507,66.805,68.313,69.382,0,clear,-1,AVOID,4.300000,1.300000,camera command; proximity clear
51.136,68.597,67.699,64.586,72.161,68.193,64.572,73.307,63.742,73.307,0,clear,-1,AVOID,4.300000,1.300000,camera command; proximity clear
51.168,69.379,71.402,63.680,64.219,67.368,71.197,69.145,66.313,71.402,0,clear,-1,AVOID,4.300000,1.300000,camera command; proximity clear
51.200,63.177,73.223,62.849,62.251,68.096,66.963,74.046,67.834,74.046,0,clear,-1,AVOID,4.300000,1.300000,camera command; proximity clear
51.232,69.900,63.182,72.674,67.984,67.939,69.839,63.252,66.903,69.900,0,clear,-1,AVOID,4.300000,1.300000,camera command; proximity clear
51.264,68.246,63.992,67.618,65.307,62.292,64.509,70.017,72.731,72.731,0,clear,-1,AVOID,4.300000,1.300000,camera command; proximity clear
51.296,72.346,65.307,60.129,66.080,65.380,69.256,68.846,65.629,72.346,0,clear,-1,AVOID,4.300000,1.300000,camera command; proximity clear
51.328,68.012,63.102,65.759,71.949,69.463,68.165,63.658,68.487,68.487,0,clear,-1,AVOID,4.300000,1.300000,camera command; proximity clear
51.360,61.953,64.914,67.020,67.114,67.614,70.156,72.429,65.619,72.429,0,clear,-1,AVOID,4.300000,1.300000,camera command; proximity clear
51.392,66.472,69.539,72.766,67.217,66.099,68.745,65.432,62.834,69.539,0,clear,-1,AVOID,4.300000,1.300000,camera command; proximity clear
51.424,69.406,70.781,62.894,68.702,69.309,59.507,72.338,65.160,72.338,0,clear,-1,AVOID,4.300000,1.300000,camera command; proximity clear
51.456,61.966,69.218,64.380,63.178,67.807,70.304,71.544,60.492,71.544,0,clear,-1,AVOID,4.300000,1.300000,camera command; proximity clear
51.488,69.628,68.338,70.072,65.920,64.726,63.501,60.830,76.451,76.451,0,clear,-1,AVOID,4.300000,1.300000,camera command; proximity clear
51.520,64.816,63.181,60.831,74.276,68.432,72.440,71.165,70.278,71.165,0,clear,-1,AVOID,4.300000,1.300000,camera command; proximity clear
51.552,67.464,69.580,68.812,68.538,61.131,63.338,88.343,62.759,88.343,0,clear,-1,AVOID,4.300000,1.300000,camera command; proximity clear
51.584,61.779,67.120,67.466,71.539,72.507,60.513,98.801,69.554,98.801,0,clear,-1,AVOID,4.300000,1.300000,camera command; proximity clear
51.616,67.511,69.580,73.730,65.718,72.219,67.372,114.937,67.740,114.937,1,front,1,AVOID,3.200000,0.000000,proximity-guided collision avoidance
51.648,63.714,67.887,60.265,64.161,64.105,64.397,71.495,67.402,71.495,1,front,1,AVOID,3.200000,0.000000,proximity-guided collision avoidance
51.680,66.964,67.525,63.265,66.254,67.919,65.534,67.725,70.041,70.041,1,front,1,AVOID,3.200000,0.000000,proximity-guided collision avoidance
51.712,69.161,63.003,67.614,61.425,63.358,63.553,70.043,71.328,71.328,0,clear,1,AVOID,4.300000,1.300000,camera command; proximity clear
51.744,76.860,69.508,71.037,64.454,66.103,68.427,64.460,64.452,76.860,0,clear,1,AVOID,4.300000,1.300000,camera command; proximity clear
51.776,74.626,73.225,66.122,66.812,70.219,66.971,62.581,71.853,74.626,0,clear,1,AVOID,4.300000,1.300000,camera command; proximity clear
51.808,66.292,66.759,67.359,65.142,67.172,70.423,71.217,71.369,71.369,0,clear,1,AVOID,4.300000,1.300000,camera command; proximity clear
51.840,66.886,70.696,67.468,64.923,69.745,66.657,64.122,66.977,70.696,0,clear,1,AVOID,4.300000,1.300000,camera command; proximity clear
51.872,71.303,61.809,72.865,70.010,60.850,70.797,67.209,66.884,71.303,0,clear,1,AVOID,4.300000,1.300000,camera command; proximity clear
51.904,65.579,64.975,66.568,72.552,65.225,78.077,70.028,69.647,70.028,0,clear,1,AVOID,4.300000,1.300000,camera command; proximity clear
51.936,67.255,63.220,68.867,65.243,69.789,95.354,65.235,67.274,67.274,0,clear,1,AVOID,4.300000,1.300000,camera command; proximity clear
51.968,60.840,59.120,66.828,69.989,70.920,106.492,64.780,68.523,68.523,1,side_monitor,1,AVOID,4.300000,1.300000,camera avoidance retained; side obstacle monitored
52.000,64.066,71.769,68.675,67.544,66.446,123.747,65.211,64.664,71.769,1,side_monitor,1,AVOID,4.300000,1.300000,camera avoidance retained; side obstacle monitored
52.032,63.690,65.083,75.073,61.529,65.807,129.661,64.501,63.585,65.083,1,side_monitor,1,AVOID,4.300000,1.300000,camera avoidance retained; side obstacle monitored
52.064,67.754,71.675,67.140,68.063,68.970,105.851,72.114,69.504,72.114,1,side_monitor,1,AVOID,4.300000,1.300000,camera avoidance retained; side obstacle monitored
52.096,67.248,62.620,65.134,64.704,69.408,62.403,68.777,66.767,68.777,1,side_monitor,1,AVOID,4.300000,1.300000,camera avoidance retained; side obstacle monitored
52.128,69.129,63.580,68.447,69.075,70.326,63.711,70.215,67.387,70.215,1,side_monitor,1,AVOID,4.300000,1.300000,camera avoidance retained; side obstacle monitored
52.160,73.557,64.985,63.199,70.029,69.349,69.362,61.449,65.552,73.557,0,clear,1,AVOID,4.300000,1.300000,camera command; proximity clear
52.192,71.338,63.791,71.298,69.024,66.084,63.768,65.018,65.284,71.338,0,clear,1,AVOID,4.300000,1.300000,camera command; proximity clear
52.224,62.975,69.197,70.608,67.919,70.161,67.648,71.809,64.609,71.809,0,clear,1,AVOID,4.300000,1.300000,camera command; proximity clear
52.256,67.753,66.376,67.268,67.765,73.722,65.976,63.384,68.962,68.962,0,clear,1,AVOID,4.300000,1.300000,camera command; proximity clear
52.288,71.057,64.630,63.499,66.737,70.166,62.753,67.034,66.385,71.057,0,clear,1,AVOID,4.300000,1.300000,camera command; proximity clear
52.320,61.801,68.034,72.262,78.027,72.368,71.538,69.926,70.626,70.626,0,clear,1,AVOID,4.300000,1.300000,camera command; proximity clear
52.352,66.625,63.960,72.403,67.400,63.531,63.168,67.185,70.846,70.846,0,clear,1,AVOID,4.300000,1.300000,camera command; proximity clear
52.384,65.617,64.247,65.622,65.428,69.093,67.691,62.898,66.257,66.257,0,clear,1,AVOID,4.300000,1.300000,camera command; proximity clear
52.416,66.009,70.022,70.673,70.278,67.554,68.564,70.157,59.546,70.157,0,clear,1,AVOID,4.300000,1.300000,camera command; proximity clear
52.448,63.641,69.368,68.011,64.695,65.950,70.615,65.141,66.404,69.368,0,clear,1,AVOID,4.300000,1.300000,camera command; proximity clear
52.480,72.708,65.971,66.194,62.222,73.485,62.592,68.072,60.731,72.708,0,clear,1,AVOID,4.300000,1.300000,camera command; proximity clear
52.512,60.649,67.252,64.064,63.815,66.217,65.718,65.409,66.856,67.252,0,clear,1,AVOID,4.300000,1.300000,camera command; proximity clear
52.544,68.438,72.042,70.039,70.277,64.448,69.318,64.394,67.725,72.042,0,clear,1,AVOID,4.300000,1.300000,camera command; proximity clear
52.576,65.775,63.081,71.264,65.297,67.233,70.065,66.075,66.624,66.624,0,clear,1,AVOID,4.300000,1.300000,camera command; proximity clear
52.608,63.362,60.589,71.734,65.879,71.052,65.897,66.522,66.744,66.744,0,clear,1,AVOID,4.300000,1.300000,camera command; proximity clear
52.640,68.555,66.009,60.952,65.899,70.139,69.021,64.645,68.711,68.711,0,clear,1,AVOID,4.300000,1.300000,camera command; proximity clear
52.672,66.906,65.187,66.790,64.986,68.548,66.658,71.582,66.513,71.582,0,clear,1,AVOID,4.300000,1.300000,camera command; proximity clear
52.704,66.899,69.600,67.101,64.380,63.811,67.826,69.867,68.509,69.867,0,clear,1,AVOID,4.300000,1.300000,camera command; proximity clear
52.736,65.542,70.662,66.187,68.259,70.211,68.462,69.263,72.001,72.001,0,clear,1,AVOID,4.300000,1.300000,camera command; proximity clear
52.768,62.167,63.444,64.633,69.402,66.511,66.615,73.955,64.880,73.955,0,clear,1,AVOID,4.300000,1.300000,camera command; proximity clear
52.800,65.626,63.235,67.756,64.883,68.932,67.690,70.592,69.517,70.592,0,clear,1,AVOID,4.300000,1.300000,camera command; proximity clear
52.832,67.206,63.643,68.647,67.488,70.391,64.599,71.287,67.911,71.287,0,clear,1,AVOID,4.300000,1.300000,camera command; proximity clear
52.864,67.763,60.712,67.427,64.804,66.140,64.746,67.391,63.891,67.763,0,clear,1,AVOID,4.300000,1.300000,camera command; proximity clear
52.896,67.931,65.088,66.125,60.386,67.161,62.563,64.291,68.663,68.663,0,clear,1,AVOID,4.300000,1.300000,camera command; proximity clear
52.928,64.163,67.076,66.493,67.164,71.139,67.922,67.577,66.101,67.577,0,clear,1,AVOID,1.300000,4.300000,camera command; proximity clear
52.960,69.616,74.188,70.055,66.780,72.912,67.960,68.731,72.377,74.188,0,clear,1,AVOID,1.300000,4.300000,camera command; proximity clear
52.992,72.502,66.470,67.576,64.231,66.345,67.104,69.591,71.462,72.502,0,clear,1,AVOID,1.300000,4.300000,camera command; proximity clear
53.024,67.757,74.085,68.361,66.250,68.819,70.659,62.174,67.010,74.085,0,clear,1,AVOID,1.300000,4.300000,camera command; proximity clear
53.056,69.262,62.596,68.792,64.492,64.758,66.190,64.239,66.163,69.262,0,clear,1,AVOID,1.300000,4.300000,camera command; proximity clear
53.088,63.987,69.946,66.429,61.841,65.788,60.792,65.549,62.987,69.946,0,clear,1,AVOID,1.300000,4.300000,camera command; proximity clear
53.120,69.055,72.310,70.503,70.783,67.525,62.480,70.476,69.717,72.310,0,clear,1,AVOID,1.300000,4.300000,camera command; proximity clear
53.152,62.998,64.559,66.519,65.130,69.133,69.900,71.908,70.780,71.908,0,clear,1,AVOID,1.300000,4.300000,camera command; proximity clear
53.184,69.348,58.893,68.317,63.347,68.826,65.224,69.602,64.092,69.602,0,clear,1,AVOID,1.300000,4.300000,camera command; proximity clear
53.216,68.659,67.535,70.974,69.043,64.885,74.135,64.811,72.765,72.765,0,clear,1,AVOID,1.300000,4.300000,camera command; proximity clear
53.248,58.237,71.633,64.280,73.251,65.972,63.557,66.177,67.933,71.633,0,clear,1,AVOID,1.300000,4.300000,camera command; proximity clear
53.280,68.508,69.928,66.289,62.872,71.444,66.224,68.797,62.549,69.928,0,clear,1,AVOID,1.300000,4.300000,camera command; proximity clear
53.312,69.033,66.314,65.557,64.742,64.818,71.299,63.075,67.966,69.033,0,clear,1,AVOID,1.300000,4.300000,camera command; proximity clear
53.344,76.561,71.505,67.570,63.952,67.653,64.546,64.796,69.334,76.561,0,clear,1,AVOID,1.300000,4.300000,camera command; proximity clear
53.376,66.249,71.534,65.354,63.517,70.902,67.431,68.062,70.019,71.534,0,clear,1,AVOID,1.300000,4.300000,camera command; proximity clear
53.408,64.264,65.337,73.609,68.097,72.126,68.890,63.263,68.889,68.889,0,clear,1,AVOID,1.300000,4.300000,camera command; proximity clear
53.440,67.382,73.034,65.956,68.266,67.521,64.972,68.620,61.684,73.034,0,clear,1,AVOID,1.300000,4.300000,camera command; proximity clear
53.472,59.978,73.269,69.343,67.146,63.214,65.785,67.030,66.349,73.269,0,clear,1,AVOID,1.300000,4.300000,camera command; proximity clear
53.504,76.515,74.166,67.195,65.993,70.479,63.882,64.310,70.849,76.515,0,clear,1,AVOID,1.300000,4.300000,camera command; proximity clear
53.536,64.463,69.794,62.253,69.593,67.328,69.109,73.376,65.372,73.376,0,clear,1,AVOID,1.300000,4.300000,camera command; proximity clear
53.568,73.001,69.535,66.742,68.899,66.229,66.563,71.735,72.598,73.001,0,clear,1,AVOID,1.300000,4.300000,camera command; proximity clear
53.600,74.927,62.626,66.061,69.381,65.942,69.975,70.139,71.952,74.927,0,clear,1,AVOID,1.300000,4.300000,camera command; proximity clear
53.632,66.676,70.786,66.836,70.997,70.807,60.657,68.630,66.373,70.786,0,clear,1,AVOID,1.300000,4.300000,camera command; proximity clear
53.664,73.347,67.570,68.654,66.997,67.140,65.385,64.605,69.235,73.347,0,clear,1,AVOID,1.300000,4.300000,camera command; proximity clear
53.696,64.278,70.356,66.609,62.644,65.600,74.918,67.581,65.483,70.356,0,clear,1,AVOID,1.300000,4.300000,camera command; proximity clear
53.728,70.736,64.148,63.693,64.472,68.704,62.006,70.002,67.249,70.736,0,clear,1,AVOID,1.300000,4.300000,camera command; proximity clear
53.760,67.575,68.435,69.271,74.158,69.091,70.818,67.659,67.376,68.435,0,clear,1,AVOID,1.300000,4.300000,camera command; proximity clear
53.792,73.002,67.978,67.099,63.122,66.675,70.006,69.232,65.543,73.002,0,clear,1,AVOID,1.300000,4.300000,camera command; proximity clear
53.824,62.506,67.707,71.167,69.132,69.595,68.709,65.418,68.268,68.268,0,clear,1,AVOID,1.300000,4.300000,camera command; proximity clear
53.856,65.199,71.023,72.672,60.341,62.087,65.864,67.466,65.625,71.023,0,clear,1,AVOID,1.300000,4.300000,camera command; proximity clear
53.888,68.391,66.236,67.584,62.792,66.232,68.963,73.740,68.481,73.740,0,clear,1,AVOID,1.300000,4.300000,camera command; proximity clear
53.920,58.778,61.850,65.189,60.359,66.743,72.020,62.811,71.727,71.727,0,clear,1,AVOID,1.300000,4.300000,camera command; proximity clear
53.952,72.301,68.134,68.702,75.127,67.311,64.116,68.300,65.706,72.301,0,clear,1,AVOID,1.300000,4.300000,camera command; proximity clear
53.984,67.231,64.911,67.063,68.746,64.987,65.909,65.429,64.914,67.231,0,clear,1,AVOID,1.300000,4.300000,camera command; proximity clear
54.016,61.624,64.568,69.117,65.150,72.021,64.217,73.238,69.951,73.238,0,clear,1,AVOID,1.300000,4.300000,camera command; proximity clear
54.048,68.040,65.872,66.636,70.499,70.092,71.414,67.610,67.292,68.040,0,clear,1,AVOID,1.300000,4.300000,camera command; proximity clear
54.080,67.008,68.007,71.619,64.713,66.140,67.445,65.913,68.575,68.575,0,clear,1,AVOID,1.300000,4.300000,camera command; proximity clear
54.112,60.909,66.703,64.532,62.598,66.214,61.461,65.924,67.390,67.390,0,clear,1,AVOID,1.300000,4.300000,camera command; proximity clear
54.144,65.147,65.320,65.907,62.232,59.489,65.376,62.363,63.940,65.320,0,clear,1,AVOID,1.300000,4.300000,camera command; proximity clear
54.176,65.804,70.395,66.450,64.898,66.929,70.463,65.749,69.818,70.395,0,clear,1,AVOID,1.300000,4.300000,camera command; proximity clear
54.208,69.199,72.211,64.767,69.853,66.891,70.094,62.127,64.227,72.211,0,clear,1,AVOID,1.300000,4.300000,camera command; proximity clear
54.240,73.662,67.899,67.851,67.365,68.155,64.057,68.817,59.703,73.662,0,clear,1,AVOID,1.300000,4.300000,camera command; proximity clear
54.272,60.955,69.493,62.060,68.577,67.466,73.205,64.325,68.683,69.493,0,clear,1,AVOID,1.300000,4.300000,camera command; proximity clear
54.304,69.822,68.148,60.504,68.001,66.096,63.264,66.048,69.846,69.846,0,clear,1,AVOID,1.300000,4.300000,camera command; proximity clear
54.336,67.453,73.772,66.755,71.501,61.954,67.414,67.320,65.090,73.772,0,clear,1,AVOID,1.300000,4.300000,camera command; proximity clear
54.368,70.059,69.067,68.399,64.622,69.831,64.451,65.271,72.273,72.273,0,clear,1,AVOID,1.300000,4.300000,camera command; proximity clear
54.400,68.497,65.042,65.844,70.195,66.226,64.730,65.528,62.530,68.497,0,clear,1,AVOID,1.300000,4.300000,camera command; proximity clear
54.432,63.784,68.259,66.730,66.880,64.059,67.871,67.521,65.617,68.259,0,clear,1,AVOID,1.300000,4.300000,camera command; proximity clear
54.464,67.903,61.455,68.433,71.543,65.647,64.590,66.597,64.202,67.903,0,clear,1,AVOID,1.300000,4.300000,camera command; proximity clear
54.496,69.127,64.078,65.580,69.140,71.189,62.059,58.202,63.057,69.127,0,clear,1,AVOID,1.300000,4.300000,camera command; proximity clear
54.528,66.886,65.576,69.808,61.792,58.442,69.287,63.473,70.017,70.017,0,clear,1,AVOID,1.300000,4.300000,camera command; proximity clear
54.560,63.532,62.542,72.926,69.302,64.696,67.024,70.520,71.478,71.478,0,clear,1,AVOID,1.300000,4.300000,camera command; proximity clear
54.592,63.510,61.928,70.601,59.146,69.523,73.139,71.376,69.448,71.376,0,clear,1,AVOID,1.300000,4.300000,camera command; proximity clear
54.624,61.492,63.438,68.653,71.150,69.386,69.094,65.190,66.107,66.107,0,clear,1,AVOID,1.300000,4.300000,camera command; proximity clear
54.656,66.552,77.222,67.446,67.478,64.938,70.834,64.306,73.157,77.222,0,clear,1,AVOID,1.300000,4.300000,camera command; proximity clear
54.688,71.074,72.251,69.441,64.393,66.553,71.531,62.332,62.038,72.251,0,clear,1,AVOID,1.300000,4.300000,camera command; proximity clear
54.720,69.467,70.320,73.513,70.300,65.674,63.129,65.344,65.349,70.320,0,clear,1,AVOID,1.300000,4.300000,camera command; proximity clear
54.752,64.867,65.181,65.294,72.470,67.865,67.764,69.193,66.943,69.193,0,clear,1,AVOID,1.300000,4.300000,camera command; proximity clear
54.784,66.244,68.914,72.220,68.311,70.380,70.320,64.566,64.573,68.914,0,clear,1,AVOID,1.300000,4.300000,camera command; proximity clear
54.816,65.658,70.448,68.892,65.081,67.490,61.125,69.330,62.149,70.448,0,clear,1,AVOID,1.300000,4.300000,camera command; proximity clear
54.848,65.277,67.809,67.599,66.736,66.107,67.254,67.545,64.604,67.809,0,clear,1,AVOID,1.300000,4.300000,camera command; proximity clear
54.880,64.539,67.718,62.594,66.341,68.402,67.424,68.972,61.658,68.972,0,clear,1,AVOID,1.300000,4.300000,camera command; proximity clear
54.912,66.500,73.384,66.812,72.003,69.958,63.453,62.963,67.372,73.384,0,clear,1,AVOID,1.300000,4.300000,camera command; proximity clear
54.944,66.145,68.325,58.840,62.689,64.225,67.698,66.746,62.921,68.325,0,clear,1,AVOID,1.300000,4.300000,camera command; proximity clear
54.976,72.527,65.045,69.084,69.920,65.673,65.852,66.443,69.055,72.527,0,clear,1,AVOID,1.300000,4.300000,camera command; proximity clear
55.008,65.155,69.702,66.098,67.300,64.934,70.369,65.842,66.639,69.702,0,clear,1,AVOID,1.300000,4.300000,camera command; proximity clear
55.040,62.987,65.854,72.195,64.653,73.423,61.919,62.351,66.043,66.043,0,clear,1,AVOID,1.300000,4.300000,camera command; proximity clear
55.072,63.379,69.963,69.666,69.963,70.767,69.865,69.554,71.081,71.081,0,clear,1,AVOID,1.300000,4.300000,camera command; proximity clear
55.104,69.653,68.101,69.470,65.857,72.861,71.758,66.618,70.616,70.616,0,clear,1,AVOID,1.300000,4.300000,camera command; proximity clear
55.136,73.429,71.154,60.587,66.354,60.936,65.131,68.312,63.536,73.429,0,clear,1,AVOID,1.300000,4.300000,camera command; proximity clear
55.168,67.143,64.602,65.937,66.462,69.454,61.658,62.990,66.663,67.143,0,clear,1,AVOID,1.300000,4.300000,camera command; proximity clear
55.200,68.195,64.401,65.504,70.642,66.399,66.281,70.840,64.981,70.840,0,clear,1,AVOID,1.300000,4.300000,camera command; proximity clear
55.232,61.130,69.512,64.233,61.458,67.083,70.344,70.018,62.702,70.018,0,clear,1,AVOID,1.300000,4.300000,camera command; proximity clear
55.264,60.912,67.762,63.367,69.081,71.316,66.746,67.815,64.903,67.815,0,clear,1,AVOID,1.300000,4.300000,camera command; proximity clear
55.296,62.423,70.410,64.135,67.206,69.634,68.091,69.875,64.931,70.410,0,clear,1,AVOID,1.300000,4.300000,camera command; proximity clear
55.328,66.461,64.536,70.281,69.339,69.078,63.148,71.311,67.371,71.311,0,clear,1,AVOID,1.300000,4.300000,camera command; proximity clear
55.360,72.864,66.416,72.868,71.303,64.766,66.563,66.178,69.585,72.864,0,clear,1,AVOID,1.300000,4.300000,camera command; proximity clear
55.392,66.976,71.723,68.967,68.513,66.812,65.929,71.605,62.723,71.723,0,clear,1,AVOID,1.300000,4.300000,camera command; proximity clear
55.424,69.078,65.038,72.301,68.610,63.457,67.077,65.158,66.378,69.078,0,clear,1,AVOID,1.300000,4.300000,camera command; proximity clear
55.456,71.071,60.130,68.198,66.434,67.405,74.659,68.518,75.235,75.235,0,clear,1,REJOIN,1.717121,3.882878,camera command; proximity clear
55.488,65.625,67.493,68.637,63.563,70.994,64.617,70.336,69.843,70.336,0,clear,1,REJOIN,2.138940,3.461059,camera command; proximity clear
55.520,62.860,61.377,68.141,67.290,62.095,66.318,67.164,69.792,69.792,0,clear,1,REJOIN,2.099822,3.500178,camera command; proximity clear
55.552,63.381,70.094,63.052,67.521,70.616,67.186,71.835,66.049,71.835,0,clear,1,REJOIN,2.198209,3.401790,camera command; proximity clear
55.584,70.617,62.949,63.644,60.048,66.055,69.005,62.976,65.658,70.617,0,clear,1,FOLLOW_LANE,2.207536,3.392463,camera command; proximity clear
55.616,62.965,65.134,71.194,69.382,68.619,67.728,65.193,68.856,68.856,0,clear,1,FOLLOW_LANE,4.032490,5.167509,camera command; proximity clear
55.648,64.719,65.454,64.539,63.011,70.543,58.934,68.378,63.711,68.378,0,clear,1,FOLLOW_LANE,4.024632,5.175368,camera command; proximity clear
55.680,62.303,72.405,59.764,61.157,66.397,60.888,69.490,71.322,72.405,0,clear,1,FOLLOW_LANE,4.090215,5.109785,camera command; proximity clear
55.712,69.186,67.935,69.327,64.988,67.484,60.180,68.314,70.145,70.145,0,clear,1,FOLLOW_LANE,4.140177,5.059823,camera command; proximity clear
55.744,69.635,64.481,67.206,69.285,65.161,60.735,70.072,67.574,70.072,0,clear,1,FOLLOW_LANE,4.124514,5.075486,camera command; proximity clear
55.776,64.891,65.024,67.304,67.733,69.881,66.319,63.809,68.927,68.927,0,clear,1,FOLLOW_LANE,4.157290,5.042709,camera command; proximity clear
55.808,65.092,69.885,70.237,65.692,63.680,63.129,65.738,64.556,69.885,0,clear,1,FOLLOW_LANE,4.215071,4.984929,camera command; proximity clear
55.840,66.043,73.158,67.593,64.973,68.053,68.948,70.863,63.590,73.158,0,clear,1,FOLLOW_LANE,4.232228,4.967771,camera command; proximity clear
55.872,66.689,62.021,65.351,67.004,68.716,62.634,67.395,67.680,67.680,0,clear,1,FOLLOW_LANE,4.224386,4.975614,camera command; proximity clear
55.904,68.746,69.677,74.260,64.006,67.770,69.888,66.445,58.657,69.677,0,clear,1,FOLLOW_LANE,4.257170,4.942829,camera command; proximity clear
55.936,67.059,67.349,66.583,66.525,65.525,63.039,68.951,61.174,68.951,0,clear,1,FOLLOW_LANE,4.282144,4.917855,camera command; proximity clear
55.968,68.673,68.916,63.573,65.357,70.485,65.786,67.514,66.901,68.916,0,clear,1,FOLLOW_LANE,4.339935,4.860065,camera command; proximity clear
56.000,69.181,69.165,65.678,67.355,68.243,66.376,71.507,65.241,71.507,0,clear,1,FOLLOW_LANE,4.291473,4.908526,camera command; proximity clear
56.032,63.090,63.791,65.257,66.870,63.072,70.187,71.829,67.513,71.829,0,clear,1,FOLLOW_LANE,4.332076,4.867923,camera command; proximity clear
56.064,69.026,64.629,63.741,67.124,65.062,67.129,65.412,60.829,69.026,0,clear,1,FOLLOW_LANE,4.291427,4.908573,camera command; proximity clear
56.096,63.603,67.530,68.407,69.437,65.289,62.852,63.674,65.486,67.530,0,clear,1,FOLLOW_LANE,4.332030,4.867970,camera command; proximity clear
56.128,69.252,62.185,64.724,62.856,69.324,66.237,70.312,66.126,70.312,0,clear,1,FOLLOW_LANE,4.291381,4.908618,camera command; proximity clear
56.160,70.377,72.250,62.513,67.943,66.968,72.854,63.774,63.657,72.250,0,clear,1,FOLLOW_LANE,4.331984,4.868015,camera command; proximity clear
56.192,61.716,68.054,67.589,70.218,65.260,70.951,69.206,66.852,69.206,0,clear,1,FOLLOW_LANE,4.291335,4.908664,camera command; proximity clear
56.224,65.690,65.621,69.588,67.972,70.065,63.344,64.039,67.594,67.594,0,clear,1,FOLLOW_LANE,4.266309,4.933690,camera command; proximity clear
56.256,72.902,69.631,68.830,67.853,65.824,67.961,68.688,67.856,72.902,0,clear,1,FOLLOW_LANE,4.274096,4.925904,camera command; proximity clear
56.288,67.707,74.543,67.792,68.489,64.906,66.199,65.844,68.301,74.543,0,clear,1,FOLLOW_LANE,4.241255,4.958744,camera command; proximity clear
56.320,70.609,73.464,60.463,63.710,66.401,61.605,69.868,63.671,73.464,0,clear,1,FOLLOW_LANE,4.183411,5.016589,camera command; proximity clear
56.352,62.760,65.135,69.801,75.181,72.497,68.735,72.808,67.278,72.808,0,clear,1,FOLLOW_LANE,4.133375,5.066625,camera command; proximity clear
56.384,71.192,70.060,69.209,65.172,66.216,64.967,84.598,70.592,84.598,0,clear,1,FOLLOW_LANE,4.181779,5.018221,camera command; proximity clear
56.416,66.352,65.287,64.774,70.866,65.977,68.000,98.291,72.013,98.291,0,clear,1,FOLLOW_LANE,4.173932,5.026068,camera command; proximity clear
56.448,63.538,67.312,69.720,65.713,63.688,67.203,112.030,68.510,112.030,1,front,1,FOLLOW_LANE,3.200000,0.000000,proximity-guided collision avoidance
56.480,68.763,71.181,70.786,69.351,64.377,67.934,111.477,64.878,111.477,1,front,1,FOLLOW_LANE,3.200000,0.000000,proximity-guided collision avoidance
56.512,65.523,60.105,59.786,62.565,65.424,68.290,120.413,63.357,120.413,1,front,1,FOLLOW_LANE,3.200000,0.000000,proximity-guided collision avoidance
56.544,66.026,70.182,67.046,67.680,68.480,65.091,129.801,67.209,129.801,1,front,1,FOLLOW_LANE,3.200000,0.000000,proximity-guided collision avoidance
56.576,67.726,69.038,65.040,64.654,61.729,62.943,137.179,63.177,137.179,1,front,1,FOLLOW_LANE,3.200000,0.000000,proximity-guided collision avoidance
56.608,61.281,72.798,70.143,69.463,66.841,72.313,145.375,71.239,145.375,1,front,1,FOLLOW_LANE,3.200000,0.000000,proximity-guided collision avoidance
56.640,69.190,69.587,64.161,61.081,63.962,63.589,152.298,68.026,152.298,1,front,1,FOLLOW_LANE,3.200000,0.000000,proximity-guided collision avoidance
56.672,67.318,71.875,62.810,74.255,66.778,64.506,149.344,59.624,149.344,1,front,1,FOLLOW_LANE,3.200000,0.000000,proximity-guided collision avoidance
56.704,69.188,72.028,65.020,62.451,67.405,66.335,161.692,66.106,161.692,1,front,1,FOLLOW_LANE,3.200000,0.000000,proximity-guided collision avoidance
56.736,66.013,62.373,65.630,67.284,71.381,67.156,67.016,61.802,67.016,1,front,1,FOLLOW_LANE,3.200000,0.000000,proximity-guided collision avoidance
56.768,65.533,69.173,69.184,68.120,68.890,67.854,68.971,65.529,69.173,1,front,1,FOLLOW_LANE,3.200000,0.000000,proximity-guided collision avoidance
56.800,73.753,68.768,64.466,68.262,64.853,85.671,65.581,64.980,73.753,0,clear,1,FOLLOW_LANE,3.309187,5.890812,camera command; proximity clear
56.832,65.859,68.435,65.911,66.291,65.225,82.987,72.300,64.945,72.300,0,clear,1,FOLLOW_LANE,3.741924,5.458076,camera command; proximity clear
56.864,64.400,68.300,64.426,66.270,69.407,89.527,61.489,71.788,71.788,0,clear,1,FOLLOW_LANE,4.009057,5.190942,camera command; proximity clear
56.896,67.869,69.858,64.071,65.719,71.448,103.205,60.600,72.162,72.162,0,clear,1,FOLLOW_LANE,4.316840,4.883160,camera command; proximity clear
56.928,69.364,69.293,67.468,65.044,67.584,117.550,68.351,66.827,69.364,1,side,1,FOLLOW_LANE,5.400000,3.400000,side proximity clearance manoeuvre
56.960,69.712,66.212,61.550,66.895,69.046,121.594,62.917,66.881,69.712,1,side,1,FOLLOW_LANE,5.400000,3.400000,side proximity clearance manoeuvre
56.992,68.525,63.146,67.837,65.234,65.848,143.465,70.580,67.014,70.580,1,side,1,FOLLOW_LANE,5.400000,3.400000,side proximity clearance manoeuvre
57.024,64.764,70.668,68.779,59.577,64.113,168.758,60.273,70.337,70.668,1,side,1,FOLLOW_LANE,5.400000,3.400000,side proximity clearance manoeuvre
57.056,65.346,72.259,60.726,71.201,63.299,202.770,70.517,71.967,72.259,1,side,1,FOLLOW_LANE,5.400000,3.400000,side proximity clearance manoeuvre
57.088,66.339,68.718,70.006,64.595,68.763,265.844,63.403,69.791,69.791,1,side,1,FOLLOW_LANE,5.400000,3.400000,side proximity clearance manoeuvre
57.120,61.978,63.542,70.278,67.304,65.867,321.911,66.871,73.051,73.051,1,side,1,FOLLOW_LANE,5.750000,3.050000,side proximity clearance manoeuvre
57.152,60.292,68.711,62.095,67.801,57.448,224.211,67.521,65.314,68.711,1,side,1,FOLLOW_LANE,5.400000,3.400000,side proximity clearance manoeuvre
57.184,69.470,63.870,65.462,59.484,62.219,154.978,67.095,74.903,74.903,1,side,1,FOLLOW_LANE,5.400000,3.400000,side proximity clearance manoeuvre
57.216,74.973,63.708,63.349,68.769,69.245,113.092,71.439,65.338,74.973,1,side,1,FOLLOW_LANE,5.400000,3.400000,side proximity clearance manoeuvre
57.248,64.146,66.968,75.345,61.936,77.459,88.706,69.073,63.573,69.073,1,side,1,FOLLOW_LANE,5.400000,3.400000,side proximity clearance manoeuvre
57.280,64.274,69.911,63.621,73.281,70.686,64.486,67.115,66.607,69.911,1,side,1,FOLLOW_LANE,5.400000,3.400000,side proximity clearance manoeuvre
57.312,64.827,66.001,68.958,70.720,69.379,66.891,69.103,65.791,69.103,1,side,1,FOLLOW_LANE,5.400000,3.400000,side proximity clearance manoeuvre
57.344,70.132,64.305,70.736,68.701,63.740,68.306,71.330,66.131,71.330,0,clear,1,FOLLOW_LANE,4.613703,4.586297,camera command; proximity clear
57.376,66.940,72.801,62.916,66.966,62.408,66.807,64.251,69.980,72.801,0,clear,1,FOLLOW_LANE,4.598078,4.601922,camera command; proximity clear
57.408,70.223,67.637,70.603,63.379,69.545,67.632,69.911,64.255,70.223,0,clear,1,FOLLOW_LANE,4.598078,4.601922,camera command; proximity clear
57.440,67.911,70.079,67.785,70.905,65.877,65.206,67.161,68.679,70.079,0,clear,1,FOLLOW_LANE,4.598078,4.601922,camera command; proximity clear
57.472,71.015,70.910,68.849,65.547,67.853,68.834,71.129,67.067,71.129,0,clear,1,FOLLOW_LANE,4.598078,4.601922,camera command; proximity clear
57.504,65.137,70.071,65.496,70.054,67.178,68.384,69.532,65.937,70.071,0,clear,1,FOLLOW_LANE,4.598078,4.601922,camera command; proximity clear
57.536,68.479,66.659,70.007,70.427,67.965,60.525,62.835,67.604,68.479,0,clear,1,FOLLOW_LANE,4.663707,4.536293,camera command; proximity clear
57.568,67.051,71.463,65.110,67.372,62.593,69.223,70.518,71.957,71.957,0,clear,1,FOLLOW_LANE,4.713715,4.486285,camera command; proximity clear
57.600,66.114,73.657,66.304,64.672,69.675,63.837,71.754,68.018,73.657,0,clear,1,FOLLOW_LANE,4.730912,4.469087,camera command; proximity clear
57.632,69.592,65.992,63.737,70.400,64.680,68.439,64.925,68.589,69.592,0,clear,1,FOLLOW_LANE,4.788739,4.411261,camera command; proximity clear
57.664,67.528,68.997,66.173,75.762,76.027,62.005,72.556,70.456,72.556,0,clear,1,FOLLOW_LANE,4.855164,4.344836,camera command; proximity clear
57.696,72.531,60.166,70.676,68.311,64.928,65.774,63.331,67.806,72.531,0,clear,1,FOLLOW_LANE,5.048946,4.151054,camera command; proximity clear
57.728,69.465,66.413,71.873,66.676,65.530,67.582,65.329,66.812,69.465,0,clear,1,FOLLOW_LANE,5.195084,4.004916,camera command; proximity clear
57.760,67.981,69.662,62.064,69.135,67.056,66.328,68.980,66.991,69.662,0,clear,1,FOLLOW_LANE,5.312326,3.887674,camera command; proximity clear
57.792,67.373,67.716,61.168,71.898,66.446,74.610,67.762,61.741,67.762,0,clear,1,FOLLOW_LANE,5.404575,3.795425,camera command; proximity clear
57.824,68.389,67.588,67.790,69.236,71.152,66.434,71.306,67.243,71.306,0,clear,1,FOLLOW_LANE,5.504645,3.695355,camera command; proximity clear
57.856,67.282,68.062,64.323,68.551,62.146,65.561,65.582,69.826,69.826,0,clear,1,FOLLOW_LANE,5.506279,3.693720,camera command; proximity clear
57.888,64.332,64.071,58.640,63.169,65.360,68.383,66.272,71.108,71.108,0,clear,1,FOLLOW_LANE,5.547761,3.652239,camera command; proximity clear
57.920,68.978,66.046,64.661,62.765,67.311,70.019,66.878,67.727,68.978,0,clear,1,FOLLOW_LANE,5.519710,3.680290,camera command; proximity clear
57.952,67.301,66.840,67.560,70.742,61.380,64.696,70.514,70.449,70.514,0,clear,1,FOLLOW_LANE,5.523690,3.676310,camera command; proximity clear
57.984,62.885,70.684,65.751,66.512,66.240,68.589,62.614,67.049,70.684,0,clear,1,FOLLOW_LANE,5.556578,3.643421,camera command; proximity clear
58.016,67.676,60.136,68.057,62.284,64.209,65.757,65.948,63.064,67.676,0,clear,1,FOLLOW_LANE,5.548842,3.651158,camera command; proximity clear
58.048,71.193,66.799,66.079,71.196,65.483,65.659,70.370,70.226,71.193,0,clear,1,FOLLOW_LANE,5.581732,3.618267,camera command; proximity clear
58.080,74.542,64.957,63.214,68.714,68.508,64.527,64.952,65.887,74.542,0,clear,1,FOLLOW_LANE,5.573998,3.626002,camera command; proximity clear
58.112,70.314,68.272,65.177,70.812,67.015,68.821,68.573,74.398,74.398,0,clear,1,FOLLOW_LANE,5.574076,3.625924,camera command; proximity clear
58.144,64.311,69.856,64.881,64.918,63.529,64.753,66.143,73.456,73.456,0,clear,1,FOLLOW_LANE,5.410081,3.789918,camera command; proximity clear
58.176,69.544,65.905,67.029,68.303,66.946,66.753,66.761,68.955,69.544,0,clear,1,FOLLOW_LANE,5.186696,4.013304,camera command; proximity clear
58.208,63.069,69.878,66.083,68.778,66.652,61.183,64.793,74.683,74.683,0,clear,1,FOLLOW_LANE,5.019546,4.180453,camera command; proximity clear
58.240,70.925,68.646,64.836,67.941,67.095,65.501,68.963,70.711,70.925,0,clear,1,FOLLOW_LANE,4.943014,4.256986,camera command; proximity clear
58.272,68.886,62.946,67.004,69.187,66.607,61.054,68.962,62.963,68.962,0,clear,1,FOLLOW_LANE,4.875850,4.324149,camera command; proximity clear
58.304,69.703,63.435,66.846,66.051,62.298,68.455,73.165,66.829,73.165,0,clear,1,FOLLOW_LANE,4.833683,4.366317,camera command; proximity clear
58.336,71.562,64.504,64.233,70.562,62.084,63.928,58.638,63.786,71.562,0,clear,1,FOLLOW_LANE,4.816513,4.383487,camera command; proximity clear
58.368,65.301,64.464,65.298,60.240,70.520,67.308,70.051,65.091,70.051,0,clear,1,FOLLOW_LANE,4.758715,4.441285,camera command; proximity clear
58.400,65.377,68.908,67.822,66.669,66.221,67.238,64.529,70.493,70.493,0,clear,1,FOLLOW_LANE,4.708725,4.491275,camera command; proximity clear
58.432,64.830,68.347,65.903,69.263,70.116,67.829,63.163,68.627,68.627,0,clear,1,FOLLOW_LANE,4.724360,4.475640,camera command; proximity clear
58.464,64.900,69.838,66.031,71.480,65.219,69.173,68.305,64.269,69.838,0,clear,1,FOLLOW_LANE,4.691555,4.508444,camera command; proximity clear
58.496,68.067,62.628,65.367,69.081,67.320,64.450,66.882,61.253,68.067,0,clear,1,FOLLOW_LANE,4.666561,4.533438,camera command; proximity clear
58.528,66.104,66.326,70.769,64.834,62.190,69.955,69.857,65.683,69.857,0,clear,1,FOLLOW_LANE,4.674380,4.525620,camera command; proximity clear
58.560,67.384,65.754,63.579,74.479,69.276,69.581,66.336,69.551,69.551,0,clear,1,FOLLOW_LANE,4.641571,4.558428,camera command; proximity clear
58.592,68.939,70.008,63.014,68.111,67.566,73.316,66.406,69.066,70.008,0,clear,1,FOLLOW_LANE,4.649388,4.550612,camera command; proximity clear
58.624,68.179,66.517,67.633,65.337,64.524,70.230,65.362,68.370,68.370,0,clear,1,FOLLOW_LANE,4.649392,4.550608,camera command; proximity clear
58.656,66.697,67.941,66.322,63.944,70.630,65.995,70.464,66.130,70.464,0,clear,1,FOLLOW_LANE,4.583767,4.616233,camera command; proximity clear
58.688,73.831,74.001,67.538,66.412,69.687,71.065,69.564,67.747,74.001,0,clear,1,FOLLOW_LANE,4.599392,4.600608,camera command; proximity clear
58.720,68.872,65.691,67.363,72.236,66.084,68.493,64.755,67.752,68.872,0,clear,1,FOLLOW_LANE,4.599392,4.600608,camera command; proximity clear
58.752,65.096,77.089,67.460,68.489,64.150,64.340,70.341,65.259,77.089,0,clear,1,FOLLOW_LANE,4.599392,4.600608,camera command; proximity clear
58.784,71.370,66.636,62.112,64.472,62.043,67.607,61.335,72.991,72.991,0,clear,1,FOLLOW_LANE,4.533763,4.666237,camera command; proximity clear
58.816,66.612,67.256,63.688,65.061,69.112,69.433,76.371,68.378,76.371,0,clear,1,FOLLOW_LANE,4.549384,4.650616,camera command; proximity clear
58.848,63.003,63.415,68.604,68.432,69.762,65.633,68.687,66.749,68.687,0,clear,1,FOLLOW_LANE,4.483751,4.716249,camera command; proximity clear
58.880,69.251,71.236,65.804,67.082,72.996,70.922,71.867,68.363,71.867,0,clear,1,FOLLOW_LANE,4.499368,4.700632,camera command; proximity clear
58.912,61.080,63.951,67.729,65.964,70.199,64.765,59.397,65.154,65.154,0,clear,1,FOLLOW_LANE,4.499360,4.700640,camera command; proximity clear
58.944,65.882,67.566,73.796,57.945,68.841,68.877,63.690,61.901,67.566,0,clear,1,FOLLOW_LANE,4.368094,4.831906,camera command; proximity clear
58.976,67.843,66.694,64.633,68.143,59.556,65.529,72.079,71.075,72.079,0,clear,1,FOLLOW_LANE,4.464957,4.735043,camera command; proximity clear
59.008,69.091,64.330,65.819,67.570,67.907,67.897,67.893,72.463,72.463,0,clear,1,FOLLOW_LANE,4.547763,4.652236,camera command; proximity clear
59.040,66.612,68.607,67.139,67.337,68.364,70.424,61.991,63.973,68.607,0,clear,1,FOLLOW_LANE,4.458691,4.741309,camera command; proximity clear
59.072,64.843,65.274,65.517,69.458,67.222,59.806,63.904,66.866,66.866,0,clear,1,FOLLOW_LANE,4.474306,4.725694,camera command; proximity clear
59.104,61.860,63.769,70.614,66.871,64.259,59.983,72.224,68.034,72.224,0,clear,1,FOLLOW_LANE,4.441482,4.758518,camera command; proximity clear
59.136,62.258,62.896,65.860,57.745,62.934,64.916,66.997,66.569,66.997,0,clear,1,FOLLOW_LANE,4.482096,4.717903,camera command; proximity clear
59.168,66.479,64.789,72.009,65.360,67.354,65.910,64.833,65.503,66.479,0,clear,1,FOLLOW_LANE,4.474274,4.725726,camera command; proximity clear
59.200,63.499,66.888,71.280,70.251,65.001,67.803,66.442,69.649,69.649,0,clear,1,FOLLOW_LANE,4.408635,4.791365,camera command; proximity clear
59.232,66.586,64.345,68.076,69.099,69.060,72.488,63.888,71.585,71.585,0,clear,1,FOLLOW_LANE,4.292988,4.907012,camera command; proximity clear
59.264,66.621,68.595,66.091,65.956,59.690,68.597,66.812,63.213,68.595,0,clear,1,FOLLOW_LANE,4.225772,4.974227,camera command; proximity clear
59.296,65.304,65.995,66.914,67.879,67.854,70.304,68.223,68.703,68.703,0,clear,1,FOLLOW_LANE,4.150738,5.049262,camera command; proximity clear
59.328,62.394,65.912,66.600,64.388,67.864,65.065,63.342,63.583,65.912,0,clear,1,FOLLOW_LANE,4.042884,5.157116,camera command; proximity clear
59.360,64.962,63.298,65.281,66.741,69.897,67.800,66.522,73.954,73.954,0,clear,1,FOLLOW_LANE,3.942834,5.257166,camera command; proximity clear
59.392,61.226,64.283,67.353,65.312,61.226,69.781,67.357,68.235,68.235,0,clear,1,FOLLOW_LANE,3.875590,5.324409,camera command; proximity clear
59.424,69.780,69.548,67.301,70.272,60.113,67.777,62.962,72.995,72.995,0,clear,1,FOLLOW_LANE,3.866157,5.333842,camera command; proximity clear
59.456,63.253,63.931,66.432,63.042,67.064,66.683,67.269,68.431,68.431,0,clear,1,FOLLOW_LANE,3.808283,5.391717,camera command; proximity clear
59.488,70.239,67.026,65.504,71.427,67.187,62.907,70.041,64.688,70.239,0,clear,1,FOLLOW_LANE,3.823846,5.376154,camera command; proximity clear
59.520,62.505,72.952,67.151,65.421,65.969,64.500,69.603,65.707,72.952,0,clear,1,FOLLOW_LANE,3.790969,5.409031,camera command; proximity clear
59.552,67.365,64.591,63.965,72.273,64.408,71.265,58.497,66.547,67.365,0,clear,1,FOLLOW_LANE,3.831532,5.368467,camera command; proximity clear
59.584,64.026,64.431,66.890,73.339,68.245,64.168,64.930,67.696,67.696,0,clear,1,FOLLOW_LANE,3.823658,5.376342,camera command; proximity clear
59.616,65.104,67.574,70.018,68.903,64.903,66.788,64.793,67.612,67.612,0,clear,1,FOLLOW_LANE,3.823596,5.376404,camera command; proximity clear
59.648,66.567,65.585,69.320,68.838,65.169,63.359,72.065,64.877,72.065,0,clear,1,FOLLOW_LANE,3.856348,5.343651,camera command; proximity clear
59.680,66.851,69.124,65.521,68.504,65.375,66.862,65.807,60.446,69.124,0,clear,1,FOLLOW_LANE,3.881290,5.318709,camera command; proximity clear
59.712,64.979,63.184,62.724,71.012,66.752,72.801,67.904,63.050,67.904,0,clear,1,FOLLOW_LANE,3.906234,5.293765,camera command; proximity clear
59.744,68.006,67.725,64.183,68.515,69.630,62.605,67.186,74.279,74.279,0,clear,1,FOLLOW_LANE,3.963995,5.236005,camera command; proximity clear
59.776,68.475,67.918,68.978,63.383,68.364,66.643,64.176,65.759,68.475,0,clear,1,FOLLOW_LANE,4.046761,5.153238,camera command; proximity clear
59.808,65.299,65.207,69.198,66.919,67.389,70.268,67.532,63.929,67.532,0,clear,1,FOLLOW_LANE,4.056092,5.143908,camera command; proximity clear
59.840,68.843,70.638,69.487,68.095,67.912,67.724,66.150,61.243,70.638,0,clear,1,FOLLOW_LANE,4.113865,5.086135,camera command; proximity clear
59.872,73.968,69.346,65.254,65.990,65.020,65.435,67.210,60.207,73.968,0,clear,1,FOLLOW_LANE,4.163829,5.036171,camera command; proximity clear
59.904,63.204,68.599,66.556,69.840,69.359,64.035,70.967,63.387,70.967,0,clear,1,FOLLOW_LANE,4.246611,4.953388,camera command; proximity clear
59.936,68.609,70.565,67.884,65.422,66.421,69.122,68.418,72.362,72.362,0,clear,1,FOLLOW_LANE,4.223144,4.976856,camera command; proximity clear
59.968,64.773,61.266,62.493,68.266,70.867,65.549,74.710,62.814,74.710,0,clear,1,FOLLOW_LANE,4.518444,4.681555,camera command; proximity clear
60.000,66.580,67.208,66.500,73.554,66.384,67.770,70.931,71.681,71.681,0,clear,1,FOLLOW_LANE,4.349676,4.850324,camera command; proximity clear
60.032,66.861,61.642,67.674,65.110,70.975,64.578,62.751,63.620,66.861,0,clear,1,FOLLOW_LANE,4.373096,4.826904,camera command; proximity clear
60.064,65.232,69.184,70.992,64.867,67.404,68.718,70.150,65.449,70.150,0,clear,1,FOLLOW_LANE,4.373078,4.826922,camera command; proximity clear
60.096,65.711,60.532,66.603,63.322,64.360,66.467,67.310,59.772,67.310,0,clear,1,FOLLOW_LANE,4.471503,4.728496,camera command; proximity clear
60.128,66.499,72.689,63.161,66.045,68.300,64.446,64.538,63.175,72.689,0,clear,1,FOLLOW_LANE,4.448054,4.751946,camera command; proximity clear
60.160,68.182,69.978,61.329,66.222,64.542,63.748,70.379,72.526,72.526,0,clear,1,FOLLOW_LANE,4.349598,4.850401,camera command; proximity clear
60.192,64.705,64.060,67.953,66.225,68.315,67.711,70.503,69.317,70.503,0,clear,1,FOLLOW_LANE,4.241760,4.958240,camera command; proximity clear
60.224,70.086,61.759,63.677,67.663,65.797,63.652,62.765,68.180,70.086,0,clear,1,FOLLOW_LANE,4.240169,4.959830,camera command; proximity clear
60.256,60.908,66.493,71.983,68.375,63.799,65.486,66.444,68.508,68.508,0,clear,1,FOLLOW_LANE,4.215139,4.984860,camera command; proximity clear
60.288,68.997,69.453,64.197,70.468,66.688,64.647,69.044,62.845,69.453,0,clear,1,FOLLOW_LANE,4.190107,5.009892,camera command; proximity clear
60.320,63.508,72.591,62.385,65.372,74.825,67.884,59.206,65.320,72.591,0,clear,1,FOLLOW_LANE,4.197888,5.002112,camera command; proximity clear
60.352,69.165,72.214,67.721,66.019,65.168,70.413,68.756,65.228,72.214,0,clear,1,FOLLOW_LANE,4.181449,5.018551,camera command; proximity clear
60.384,65.043,65.186,68.957,68.092,65.075,66.310,67.317,71.119,71.119,0,clear,1,FOLLOW_LANE,4.201729,4.998271,camera command; proximity clear
60.416,66.472,67.204,67.289,69.258,73.589,61.610,74.747,65.097,74.747,0,clear,1,FOLLOW_LANE,4.197791,5.002209,camera command; proximity clear
60.448,64.300,63.245,70.900,69.256,66.896,68.413,65.557,65.938,65.938,0,clear,1,FOLLOW_LANE,4.197759,5.002241,camera command; proximity clear
60.480,68.708,72.258,61.469,70.337,66.297,68.394,67.311,67.002,72.258,0,clear,1,FOLLOW_LANE,4.230541,4.969459,camera command; proximity clear
60.512,73.101,62.705,66.981,65.668,64.195,66.943,71.874,65.794,73.101,0,clear,1,FOLLOW_LANE,4.222699,4.977301,camera command; proximity clear
60.544,64.620,67.102,66.591,67.116,67.792,68.033,67.308,68.017,68.017,0,clear,1,FOLLOW_LANE,4.222669,4.977331,camera command; proximity clear
60.576,60.244,69.566,65.239,67.989,68.971,69.580,69.821,68.358,69.821,0,clear,1,FOLLOW_LANE,4.255453,4.944546,camera command; proximity clear
60.608,71.076,64.565,63.430,69.435,67.446,68.864,73.144,57.370,73.144,0,clear,1,FOLLOW_LANE,4.247613,4.952387,camera command; proximity clear
60.640,70.268,71.685,68.604,67.922,65.668,60.370,65.949,68.900,71.685,0,clear,1,FOLLOW_LANE,4.280399,4.919600,camera command; proximity clear
60.672,64.378,69.724,66.549,69.195,64.600,66.208,66.587,65.363,69.724,0,clear,1,FOLLOW_LANE,4.338190,4.861810,camera command; proximity clear
60.704,69.931,68.376,73.367,68.517,71.750,65.763,68.809,65.914,69.931,0,clear,1,FOLLOW_LANE,4.322543,4.877457,camera command; proximity clear
60.736,63.202,71.881,61.650,61.643,70.699,66.824,67.589,61.624,71.881,0,clear,1,FOLLOW_LANE,4.355335,4.844664,camera command; proximity clear
60.768,67.257,64.302,65.862,65.844,62.836,64.742,67.963,65.241,67.963,0,clear,1,FOLLOW_LANE,4.347503,4.852497,camera command; proximity clear
60.800,66.298,65.496,68.826,63.824,69.376,66.055,69.432,64.258,69.432,0,clear,1,FOLLOW_LANE,4.380297,4.819703,camera command; proximity clear
60.832,67.232,67.243,64.293,68.772,73.393,72.224,66.152,69.820,69.820,0,clear,1,FOLLOW_LANE,4.405281,4.794719,camera command; proximity clear
60.864,66.701,58.435,71.527,65.453,68.785,65.485,66.261,66.976,66.976,0,clear,1,FOLLOW_LANE,4.430267,4.769732,camera command; proximity clear
60.896,67.516,65.828,73.873,65.296,70.466,68.042,66.403,67.781,67.781,0,clear,1,FOLLOW_LANE,4.389626,4.810373,camera command; proximity clear
60.928,65.671,63.215,72.762,72.328,71.845,62.972,64.637,66.384,66.384,0,clear,1,FOLLOW_LANE,4.561495,4.638504,camera command; proximity clear
60.960,68.054,66.234,64.086,67.363,64.778,75.520,66.705,69.952,69.952,0,clear,1,FOLLOW_LANE,4.456798,4.743202,camera command; proximity clear
60.992,68.902,65.771,67.970,72.277,68.083,68.019,62.236,63.715,68.902,0,clear,1,FOLLOW_LANE,4.472413,4.727587,camera command; proximity clear
61.024,66.804,63.372,66.695,71.080,71.723,64.810,64.990,69.091,69.091,0,clear,1,FOLLOW_LANE,4.505217,4.694782,camera command; proximity clear
61.056,67.555,66.735,67.190,63.319,65.731,66.978,68.107,70.412,70.412,0,clear,1,FOLLOW_LANE,4.497397,4.702603,camera command; proximity clear
61.088,63.285,65.015,69.328,69.454,70.045,62.427,75.139,70.393,75.139,0,clear,1,FOLLOW_LANE,4.464574,4.735425,camera command; proximity clear
61.120,67.467,66.858,64.869,68.354,65.295,68.151,64.242,70.758,70.758,0,clear,1,FOLLOW_LANE,4.406748,4.793252,camera command; proximity clear
61.152,69.480,64.405,63.400,73.287,73.746,67.019,67.430,71.751,71.751,0,clear,1,FOLLOW_LANE,4.389544,4.810455,camera command; proximity clear
61.184,74.958,70.025,71.089,69.954,64.444,64.050,70.038,68.212,74.958,0,clear,1,FOLLOW_LANE,4.397341,4.802659,camera command; proximity clear
61.216,69.198,64.144,69.210,66.648,71.822,63.735,61.278,71.151,71.151,0,clear,1,FOLLOW_LANE,4.364510,4.835489,camera command; proximity clear
61.248,62.000,66.453,65.474,67.220,71.850,70.416,62.473,70.129,70.129,0,clear,1,FOLLOW_LANE,4.372305,4.827695,camera command; proximity clear
61.280,64.452,67.422,69.606,65.178,68.414,68.228,66.300,68.149,68.149,0,clear,1,FOLLOW_LANE,4.339472,4.860527,camera command; proximity clear
61.312,64.638,63.174,68.041,64.770,61.480,66.297,68.366,70.013,70.013,0,clear,1,FOLLOW_LANE,4.347265,4.852735,camera command; proximity clear
61.344,67.493,64.840,65.490,63.511,69.280,67.842,63.597,62.363,67.493,0,clear,1,FOLLOW_LANE,4.314430,4.885569,camera command; proximity clear
61.376,65.110,73.642,67.388,68.789,68.344,59.507,70.352,68.214,73.642,0,clear,1,FOLLOW_LANE,4.322221,4.877779,camera command; proximity clear
61.408,65.802,67.292,72.407,62.017,68.915,63.923,63.916,72.100,72.100,0,clear,1,FOLLOW_LANE,4.322199,4.877801,camera command; proximity clear
61.440,64.356,65.790,65.071,64.635,62.897,70.857,66.835,69.929,69.929,0,clear,1,FOLLOW_LANE,4.289362,4.910637,camera command; proximity clear
61.472,58.189,71.198,67.052,66.603,61.700,64.024,69.647,71.581,71.581,0,clear,1,FOLLOW_LANE,4.297151,4.902849,camera command; proximity clear
61.504,66.455,62.393,63.130,69.666,62.498,69.318,68.110,62.928,68.110,0,clear,1,FOLLOW_LANE,4.297127,4.902873,camera command; proximity clear
61.536,70.909,66.812,64.228,68.222,69.234,63.647,74.593,67.307,74.593,0,clear,1,FOLLOW_LANE,4.329917,4.870082,camera command; proximity clear
61.568,64.303,64.813,65.710,64.635,67.087,60.776,67.874,71.832,71.832,0,clear,1,FOLLOW_LANE,4.322083,4.877917,camera command; proximity clear
61.600,68.703,62.171,67.357,68.242,67.615,71.959,61.673,69.920,69.920,0,clear,1,FOLLOW_LANE,4.322061,4.877939,camera command; proximity clear
61.632,71.450,66.784,68.018,67.080,66.991,68.851,58.891,70.624,71.450,0,clear,1,FOLLOW_LANE,4.322039,4.877961,camera command; proximity clear
61.664,64.532,64.385,71.941,68.000,69.846,63.429,60.574,68.500,68.500,0,clear,1,FOLLOW_LANE,4.354831,4.845168,camera command; proximity clear
61.696,66.544,64.996,68.057,73.165,62.713,72.108,66.760,75.359,75.359,0,clear,1,FOLLOW_LANE,4.346999,4.853001,camera command; proximity clear
61.728,60.799,65.136,69.459,66.559,64.340,66.795,64.520,69.890,69.890,0,clear,1,FOLLOW_LANE,4.346979,4.853021,camera command; proximity clear
61.760,62.289,68.621,66.316,68.273,72.756,67.555,71.568,71.825,71.825,0,clear,1,FOLLOW_LANE,4.346959,4.853041,camera command; proximity clear
61.792,63.055,67.242,69.320,66.703,70.080,62.307,65.391,64.911,67.242,0,clear,1,FOLLOW_LANE,4.396161,4.803839,camera command; proximity clear
61.824,72.012,63.584,67.205,72.008,74.219,66.538,67.362,66.577,72.012,0,clear,1,FOLLOW_LANE,4.400832,4.799168,camera command; proximity clear
61.856,70.750,65.485,70.955,68.096,67.821,69.687,68.887,66.540,70.750,0,clear,1,FOLLOW_LANE,4.364095,4.835904,camera command; proximity clear
61.888,72.666,61.656,71.626,65.471,65.407,72.101,66.520,68.636,72.666,0,clear,1,FOLLOW_LANE,4.568777,4.631223,camera command; proximity clear
61.920,68.327,65.903,67.920,70.620,68.223,64.203,64.504,72.702,72.702,0,clear,1,FOLLOW_LANE,4.423452,4.776547,camera command; proximity clear
61.952,59.577,68.344,67.530,69.091,65.114,66.669,72.967,66.936,72.967,0,clear,1,FOLLOW_LANE,4.446878,4.753122,camera command; proximity clear
61.984,70.253,66.448,72.253,74.443,72.702,71.550,66.888,68.730,70.253,0,clear,1,FOLLOW_LANE,4.479680,4.720319,camera command; proximity clear
62.016,64.549,63.328,64.128,65.729,69.072,61.361,67.335,69.338,69.338,0,clear,1,FOLLOW_LANE,4.504672,4.695327,camera command; proximity clear
62.048,70.121,70.798,67.763,67.669,64.973,69.015,71.878,75.215,75.215,0,clear,1,FOLLOW_LANE,4.496852,4.703148,camera command; proximity clear
62.080,69.220,64.858,69.097,67.681,61.516,70.919,61.849,65.725,69.220,0,clear,1,FOLLOW_LANE,4.365586,4.834414,camera command; proximity clear
62.112,69.085,63.794,67.158,69.767,59.997,67.010,63.561,69.902,69.902,0,clear,1,FOLLOW_LANE,4.331191,4.868809,camera command; proximity clear
62.144,67.496,70.149,67.734,69.400,67.947,70.913,71.732,70.913,71.732,0,clear,1,FOLLOW_LANE,4.346796,4.853204,camera command; proximity clear
62.176,64.875,65.137,66.441,58.514,69.165,66.552,64.212,69.194,69.194,0,clear,1,FOLLOW_LANE,4.313961,4.886038,camera command; proximity clear
62.208,65.599,72.037,66.209,73.206,66.556,64.594,68.861,66.444,72.037,0,clear,1,FOLLOW_LANE,4.288937,4.911062,camera command; proximity clear
62.240,63.681,63.448,66.192,65.243,69.695,66.711,70.464,68.411,70.464,0,clear,1,FOLLOW_LANE,4.296726,4.903274,camera command; proximity clear
62.272,64.298,76.152,62.022,69.012,69.152,63.767,66.185,67.620,76.152,0,clear,1,FOLLOW_LANE,4.263887,4.936113,camera command; proximity clear
62.304,70.080,67.795,71.143,67.056,69.742,66.647,62.590,66.172,70.080,0,clear,1,FOLLOW_LANE,4.238859,4.961140,camera command; proximity clear
62.336,75.328,65.753,66.948,73.085,66.452,62.223,62.692,66.520,75.328,0,clear,1,FOLLOW_LANE,4.279458,4.920541,camera command; proximity clear
62.368,72.522,72.229,66.115,66.935,65.373,72.063,65.385,66.409,72.522,0,clear,1,FOLLOW_LANE,4.238805,4.961194,camera command; proximity clear
62.400,67.403,65.310,63.120,69.672,63.195,69.603,66.862,68.400,68.400,0,clear,1,FOLLOW_LANE,4.246590,4.953410,camera command; proximity clear
62.432,69.262,63.019,65.032,66.183,62.008,64.968,67.574,66.953,69.262,0,clear,1,FOLLOW_LANE,4.246562,4.953438,camera command; proximity clear
62.464,65.763,67.471,65.936,68.704,67.110,67.553,65.910,59.961,67.471,0,clear,1,FOLLOW_LANE,4.246534,4.953466,camera command; proximity clear
62.496,66.010,64.636,69.812,61.008,66.653,65.432,67.571,71.123,71.123,0,clear,1,FOLLOW_LANE,4.246506,4.953494,camera command; proximity clear
62.528,60.170,70.426,68.750,68.787,66.076,71.923,70.974,70.699,70.974,0,clear,1,FOLLOW_LANE,4.246478,4.953522,camera command; proximity clear
62.560,70.419,72.557,68.008,64.782,66.146,63.498,67.393,64.550,72.557,0,clear,1,FOLLOW_LANE,4.246450,4.953550,camera command; proximity clear
62.592,68.232,67.188,71.181,74.556,70.858,61.928,65.582,65.173,68.232,0,clear,1,FOLLOW_LANE,4.279236,4.920763,camera command; proximity clear
62.624,72.322,70.006,64.824,68.054,64.766,61.243,69.559,66.327,72.322,0,clear,1,FOLLOW_LANE,4.271398,4.928602,camera command; proximity clear
62.656,70.519,68.415,63.524,66.115,65.577,66.474,68.493,68.516,70.519,0,clear,1,FOLLOW_LANE,4.304186,4.895814,camera command; proximity clear
62.688,66.250,63.226,68.929,72.390,67.104,64.419,70.925,69.639,70.925,0,clear,1,FOLLOW_LANE,4.296350,4.903650,camera command; proximity clear
62.720,71.733,60.372,59.827,70.683,63.258,68.061,67.196,64.604,71.733,0,clear,1,FOLLOW_LANE,4.296326,4.903674,camera command; proximity clear
62.752,70.534,69.840,63.798,75.659,73.311,62.619,69.201,71.696,71.696,0,clear,1,FOLLOW_LANE,4.361931,4.838069,camera command; proximity clear
62.784,67.279,71.124,64.027,69.281,68.922,69.685,69.311,67.679,71.124,0,clear,1,FOLLOW_LANE,4.411915,4.788085,camera command; proximity clear
62.816,64.639,61.605,69.001,70.265,69.492,65.598,64.949,67.923,67.923,0,clear,1,FOLLOW_LANE,4.363459,4.836540,camera command; proximity clear
62.848,69.896,64.997,71.364,62.875,67.750,64.004,69.935,58.416,69.935,0,clear,1,FOLLOW_LANE,4.535327,4.664673,camera command; proximity clear
62.880,65.952,62.782,65.680,62.976,69.854,64.007,69.246,69.577,69.577,0,clear,1,FOLLOW_LANE,4.430627,4.769373,camera command; proximity clear
62.912,64.577,65.805,71.428,65.521,72.772,65.797,60.899,68.765,68.765,0,clear,1,FOLLOW_LANE,4.446240,4.753760,camera command; proximity clear
62.944,65.165,64.660,67.658,65.571,74.229,67.986,68.235,66.760,68.235,0,clear,1,FOLLOW_LANE,4.479042,4.720957,camera command; proximity clear
62.976,65.466,72.174,67.685,70.326,70.623,70.173,67.033,61.189,72.174,0,clear,1,FOLLOW_LANE,4.504034,4.695965,camera command; proximity clear
63.008,63.787,67.468,71.772,69.097,73.236,63.428,67.578,65.849,67.578,0,clear,1,FOLLOW_LANE,4.496214,4.703786,camera command; proximity clear
63.040,71.424,68.374,65.105,66.756,64.629,67.013,68.102,64.813,71.424,0,clear,1,FOLLOW_LANE,4.364948,4.835052,camera command; proximity clear
63.072,67.111,59.037,67.988,66.038,67.365,64.106,69.435,65.733,69.435,0,clear,1,FOLLOW_LANE,4.330553,4.869447,camera command; proximity clear
63.104,64.771,72.047,66.962,64.342,68.501,67.253,70.391,68.037,72.047,0,clear,1,FOLLOW_LANE,4.346158,4.853842,camera command; proximity clear
63.136,67.615,66.049,71.864,66.697,67.963,66.727,69.570,64.179,69.570,0,clear,1,FOLLOW_LANE,4.313323,4.886677,camera command; proximity clear
63.168,66.261,67.358,64.139,71.225,70.750,64.089,69.828,70.925,70.925,0,clear,1,FOLLOW_LANE,4.288299,4.911700,camera command; proximity clear
63.200,65.217,59.748,66.899,64.918,70.410,69.980,72.401,70.442,72.401,0,clear,1,FOLLOW_LANE,4.296088,4.903912,camera command; proximity clear
63.232,68.227,63.276,71.698,69.619,70.626,70.823,67.456,67.509,68.227,0,clear,1,FOLLOW_LANE,4.263249,4.936750,camera command; proximity clear
63.264,66.634,67.264,60.766,65.715,68.980,61.967,64.059,65.769,67.264,0,clear,1,FOLLOW_LANE,4.271036,4.928964,camera command; proximity clear
63.296,63.562,68.924,68.088,64.017,67.838,65.866,69.765,71.677,71.677,0,clear,1,FOLLOW_LANE,4.238195,4.961804,camera command; proximity clear
63.328,67.600,72.648,65.119,70.197,67.363,67.294,67.328,69.836,72.648,0,clear,1,FOLLOW_LANE,4.245980,4.954020,camera command; proximity clear
63.360,64.080,67.173,60.565,66.964,62.346,68.198,62.789,74.786,74.786,0,clear,1,FOLLOW_LANE,4.278766,4.921233,camera command; proximity clear
63.392,70.881,65.687,67.430,64.753,63.216,66.344,67.107,66.461,70.881,0,clear,1,FOLLOW_LANE,4.270928,4.929072,camera command; proximity clear
63.424,71.728,67.834,74.851,66.821,65.199,66.788,71.876,64.880,71.876,0,clear,1,FOLLOW_LANE,4.270902,4.929098,camera command; proximity clear
63.456,67.999,63.257,66.142,70.746,70.185,67.082,65.557,67.033,67.999,0,clear,1,FOLLOW_LANE,4.270876,4.929124,camera command; proximity clear
63.488,70.228,61.896,61.978,67.703,67.613,70.211,67.598,64.755,70.228,0,clear,1,FOLLOW_LANE,4.270850,4.929150,camera command; proximity clear
63.520,63.337,68.257,63.675,67.556,71.245,71.199,68.977,63.705,68.977,0,clear,1,FOLLOW_LANE,4.270824,4.929176,camera command; proximity clear
63.552,61.893,69.899,66.162,68.612,67.442,72.370,64.074,65.833,69.899,0,clear,1,FOLLOW_LANE,4.270798,4.929202,camera command; proximity clear
63.584,65.239,63.197,62.671,65.593,69.653,72.397,65.747,60.950,65.747,0,clear,1,FOLLOW_LANE,4.303586,4.896413,camera command; proximity clear
63.616,68.482,69.470,64.410,68.431,67.225,66.645,62.641,66.263,69.470,0,clear,1,FOLLOW_LANE,4.295750,4.904250,camera command; proximity clear
63.648,66.846,67.097,63.540,66.378,65.969,60.848,67.529,65.298,67.529,0,clear,1,FOLLOW_LANE,4.328540,4.871459,camera command; proximity clear
63.680,67.468,66.632,69.824,63.929,72.431,67.136,68.915,70.719,70.719,0,clear,1,FOLLOW_LANE,4.320706,4.879294,camera command; proximity clear
63.712,58.166,61.306,65.231,68.911,62.644,72.403,66.494,68.825,68.825,0,clear,1,FOLLOW_LANE,4.353498,4.846501,camera command; proximity clear
63.744,76.662,66.018,64.808,67.611,59.204,71.698,70.445,70.828,76.662,0,clear,1,FOLLOW_LANE,4.411295,4.788705,camera command; proximity clear
63.776,67.631,67.073,69.711,71.066,68.553,68.237,65.887,69.923,69.923,0,clear,1,FOLLOW_LANE,4.362839,4.837160,camera command; proximity clear
63.808,65.555,65.269,66.163,68.429,71.367,65.889,69.885,63.799,69.885,0,clear,1,FOLLOW_LANE,4.485485,4.714515,camera command; proximity clear
63.840,69.818,61.696,68.311,66.566,62.147,66.217,74.419,63.337,74.419,0,clear,1,FOLLOW_LANE,4.441723,4.758277,camera command; proximity clear
63.872,69.196,69.241,69.919,66.398,66.718,72.903,65.067,72.941,72.941,0,clear,1,FOLLOW_LANE,4.445617,4.754383,camera command; proximity clear
63.904,60.542,62.791,67.861,72.436,63.846,65.299,65.197,65.342,65.342,0,clear,1,FOLLOW_LANE,4.445605,4.754395,camera command; proximity clear
63.936,69.873,69.566,63.974,62.979,69.425,71.921,69.564,64.063,69.873,0,clear,1,FOLLOW_LANE,4.478407,4.721592,camera command; proximity clear
63.968,71.234,61.227,61.159,67.035,66.644,66.831,70.292,71.300,71.300,0,clear,1,FOLLOW_LANE,4.470585,4.729415,camera command; proximity clear
64.000,67.381,72.350,68.064,63.276,63.286,72.495,69.533,63.127,72.350,0,clear,1,FOLLOW_LANE,4.372132,4.827868,camera command; proximity clear
64.032,64.554,70.695,65.404,62.579,66.271,65.823,68.456,69.625,70.695,0,clear,1,FOLLOW_LANE,4.362738,4.837261,camera command; proximity clear
64.064,62.583,71.267,66.219,70.354,69.860,68.327,67.625,70.969,71.267,0,clear,1,FOLLOW_LANE,4.337718,4.862281,camera command; proximity clear
64.096,71.436,65.961,66.587,66.611,61.256,70.556,64.071,68.659,71.436,0,clear,1,FOLLOW_LANE,4.345511,4.854489,camera command; proximity clear
64.128,68.495,58.514,62.309,67.340,64.869,66.469,73.689,69.358,73.689,0,clear,1,FOLLOW_LANE,4.312676,4.887323,camera command; proximity clear
64.160,65.891,70.878,66.530,71.534,72.123,69.492,69.520,66.979,70.878,0,clear,1,FOLLOW_LANE,4.320467,4.879533,camera command; proximity clear
64.192,73.043,61.100,64.233,72.725,65.898,67.770,68.403,63.100,73.043,0,clear,1,FOLLOW_LANE,4.287630,4.912369,camera command; proximity clear
64.224,69.790,58.649,59.671,63.231,65.981,65.958,65.201,59.914,69.790,0,clear,1,FOLLOW_LANE,4.295419,4.904581,camera command; proximity clear
64.256,70.182,63.401,62.346,69.159,68.757,65.669,69.862,66.625,70.182,0,clear,1,FOLLOW_LANE,4.295395,4.904605,camera command; proximity clear
64.288,65.285,69.921,66.305,67.358,61.627,67.449,67.261,70.177,70.177,0,clear,1,FOLLOW_LANE,4.262556,4.937443,camera command; proximity clear
64.320,63.774,67.698,68.912,65.446,66.621,74.245,70.105,70.356,70.356,0,clear,1,FOLLOW_LANE,4.270343,4.929657,camera command; proximity clear
64.352,65.237,65.050,65.295,62.775,63.768,70.279,64.417,65.354,65.354,0,clear,1,FOLLOW_LANE,4.270317,4.929683,camera command; proximity clear
64.384,66.243,68.961,65.160,70.426,73.598,67.915,64.330,62.934,68.961,0,clear,1,FOLLOW_LANE,4.303106,4.896894,camera command; proximity clear
64.416,66.942,66.731,63.017,69.660,63.991,68.437,66.662,64.747,66.942,0,clear,1,FOLLOW_LANE,4.295269,4.904731,camera command; proximity clear
64.448,68.331,64.044,64.703,69.170,73.065,66.084,63.502,63.605,68.331,0,clear,1,FOLLOW_LANE,4.295245,4.904755,camera command; proximity clear
64.480,66.110,69.415,61.903,64.100,64.687,68.771,63.619,64.660,69.415,0,clear,1,FOLLOW_LANE,4.295221,4.904779,camera command; proximity clear
64.512,66.487,72.896,73.169,67.508,65.109,70.507,64.376,68.911,72.896,0,clear,1,FOLLOW_LANE,4.328011,4.871988,camera command; proximity clear
64.544,65.569,72.755,68.279,70.461,67.847,61.842,64.188,72.970,72.970,0,clear,1,FOLLOW_LANE,4.320177,4.879823,camera command; proximity clear
64.576,66.774,62.980,66.732,68.010,67.250,69.122,61.359,73.253,73.253,0,clear,1,FOLLOW_LANE,4.320155,4.879845,camera command; proximity clear
64.608,75.112,66.954,60.804,69.409,68.079,66.941,64.968,74.076,75.112,0,clear,1,FOLLOW_LANE,4.320133,4.879867,camera command; proximity clear
64.640,72.012,61.660,65.691,67.351,66.036,69.002,68.104,69.714,72.012,0,clear,1,FOLLOW_LANE,4.369333,4.830667,camera command; proximity clear
64.672,66.536,68.600,66.189,62.673,63.797,68.610,65.396,62.184,68.600,0,clear,1,FOLLOW_LANE,4.374002,4.825998,camera command; proximity clear
64.704,65.807,64.462,70.495,61.416,70.070,66.495,67.457,72.506,72.506,0,clear,1,FOLLOW_LANE,4.402892,4.797108,camera command; proximity clear
64.736,66.159,65.069,65.844,60.688,68.621,69.936,69.029,66.502,69.029,0,clear,1,FOLLOW_LANE,4.362249,4.837750,camera command; proximity clear
64.768,68.301,64.061,70.039,64.418,67.652,66.684,65.756,70.209,70.209,0,clear,1,FOLLOW_LANE,4.501302,4.698698,camera command; proximity clear
64.800,70.234,70.122,62.801,66.230,68.673,68.926,64.410,63.298,70.234,0,clear,1,FOLLOW_LANE,4.502857,4.697143,camera command; proximity clear
64.832,68.132,70.420,72.022,70.302,70.049,70.633,73.741,66.579,73.741,0,clear,1,FOLLOW_LANE,4.462222,4.737778,camera command; proximity clear
64.864,67.021,64.193,68.631,73.038,73.205,65.199,62.365,60.147,67.021,0,clear,1,FOLLOW_LANE,4.470024,4.729976,camera command; proximity clear
64.896,63.341,72.466,69.845,59.015,68.802,65.009,69.936,66.194,72.466,0,clear,1,FOLLOW_LANE,4.502828,4.697171,camera command; proximity clear
64.928,65.578,73.089,64.004,61.247,76.458,60.066,67.896,68.355,73.089,0,clear,1,FOLLOW_LANE,4.495008,4.704992,camera command; proximity clear
64.960,60.940,65.098,67.671,66.483,69.758,69.358,66.662,63.189,66.662,0,clear,1,FOLLOW_LANE,4.396556,4.803443,camera command; proximity clear
64.992,63.346,69.438,66.394,62.526,63.763,68.577,67.692,67.855,69.438,0,clear,1,FOLLOW_LANE,4.387166,4.812834,camera command; proximity clear
65.024,67.879,64.697,74.193,64.185,74.328,67.506,73.578,67.639,73.578,0,clear,1,FOLLOW_LANE,4.362147,4.837852,camera command; proximity clear
65.056,66.893,66.547,61.161,69.682,67.448,65.391,70.140,67.352,70.140,0,clear,1,FOLLOW_LANE,4.369942,4.830058,camera command; proximity clear
65.088,65.514,59.155,69.003,68.586,65.859,67.537,65.388,71.074,71.074,0,clear,1,FOLLOW_LANE,4.337109,4.862890,camera command; proximity clear
65.120,66.671,66.158,65.371,67.555,65.575,66.511,71.694,66.092,71.694,0,clear,1,FOLLOW_LANE,4.312087,4.887912,camera command; proximity clear
65.152,68.255,63.524,70.469,67.617,63.623,64.908,65.688,67.571,68.255,0,clear,1,FOLLOW_LANE,4.319878,4.880122,camera command; proximity clear
65.184,71.941,73.094,71.236,69.360,64.272,63.020,63.961,70.286,73.094,0,clear,1,FOLLOW_LANE,4.287041,4.912958,camera command; proximity clear
65.216,69.361,68.432,64.057,66.224,76.251,72.912,68.324,62.212,69.361,0,clear,1,FOLLOW_LANE,4.262015,4.937984,camera command; proximity clear
65.248,71.720,67.891,70.829,64.305,69.504,64.553,67.022,68.543,71.720,0,clear,1,FOLLOW_LANE,4.269802,4.930198,camera command; proximity clear
65.280,67.946,70.800,59.624,64.723,69.643,67.736,69.848,64.267,70.800,0,clear,1,FOLLOW_LANE,4.302590,4.897409,camera command; proximity clear
65.312,58.011,64.361,71.310,65.737,62.141,70.400,65.103,68.309,68.309,0,clear,1,FOLLOW_LANE,4.261939,4.938060,camera command; proximity clear
65.344,69.778,68.442,70.350,63.944,62.388,70.722,70.757,60.435,70.757,0,clear,1,FOLLOW_LANE,4.269726,4.930274,camera command; proximity clear
65.376,66.870,74.195,64.449,64.493,69.540,71.534,65.093,68.564,74.195,0,clear,1,FOLLOW_LANE,4.269700,4.930300,camera command; proximity clear
65.408,72.242,71.517,66.157,67.192,66.002,63.264,67.622,70.908,72.242,0,clear,1,FOLLOW_LANE,4.269674,4.930326,camera command; proximity clear
65.440,68.475,67.564,68.232,66.719,69.698,65.400,66.793,70.869,70.869,0,clear,1,FOLLOW_LANE,4.269648,4.930352,camera command; proximity clear
65.472,72.416,68.443,67.338,64.858,70.046,68.637,68.847,67.123,72.416,0,clear,1,FOLLOW_LANE,4.269622,4.930378,camera command; proximity clear
65.504,66.557,63.956,67.067,70.399,66.776,68.825,66.111,65.226,66.557,0,clear,1,FOLLOW_LANE,4.302410,4.897589,camera command; proximity clear
65.536,67.416,55.672,68.964,66.746,67.686,65.719,72.878,66.562,72.878,0,clear,1,FOLLOW_LANE,4.294574,4.905426,camera command; proximity clear
65.568,70.931,65.344,62.941,66.892,65.025,69.838,66.035,66.515,70.931,0,clear,1,FOLLOW_LANE,4.294550,4.905450,camera command; proximity clear
65.600,65.866,69.005,69.926,66.217,70.421,62.240,67.419,65.035,69.005,0,clear,1,FOLLOW_LANE,4.360155,4.839845,camera command; proximity clear
65.632,72.755,61.780,66.392,67.485,60.949,70.256,69.118,63.956,72.755,0,clear,1,FOLLOW_LANE,4.344510,4.855490,camera command; proximity clear
65.664,70.533,75.106,65.219,67.205,71.127,70.634,65.926,67.098,75.106,0,clear,1,FOLLOW_LANE,4.377304,4.822696,camera command; proximity clear
65.696,68.403,65.184,68.643,67.153,65.890,68.119,60.317,62.557,68.403,0,clear,1,FOLLOW_LANE,4.402289,4.797711,camera command; proximity clear
65.728,64.178,66.214,62.329,67.892,69.877,66.365,61.159,69.638,69.638,0,clear,1,FOLLOW_LANE,4.460089,4.739911,camera command; proximity clear
65.760,66.168,65.319,66.853,67.288,72.952,71.927,70.035,60.562,70.035,0,clear,1,FOLLOW_LANE,4.706968,4.493032,camera command; proximity clear
65.792,67.495,58.864,69.649,71.173,69.156,62.445,66.697,69.792,69.792,0,clear,1,FOLLOW_LANE,4.381956,4.818044,camera command; proximity clear
65.824,64.720,64.737,67.976,68.559,67.991,67.363,66.947,68.430,68.430,0,clear,1,FOLLOW_LANE,4.477258,4.722741,camera command; proximity clear
65.856,64.632,69.320,75.201,64.180,62.032,68.492,65.802,64.218,69.320,0,clear,1,FOLLOW_LANE,4.502250,4.697749,camera command; proximity clear
65.888,70.313,65.868,67.995,66.367,64.930,64.079,66.316,64.728,70.313,0,clear,1,FOLLOW_LANE,4.527244,4.672756,camera command; proximity clear
65.920,67.833,63.753,68.993,68.273,69.670,71.004,66.768,74.189,74.189,0,clear,1,FOLLOW_LANE,4.420983,4.779017,camera command; proximity clear
65.952,62.621,69.737,68.100,63.710,72.220,67.762,66.855,70.419,70.419,0,clear,1,FOLLOW_LANE,4.313150,4.886850,camera command; proximity clear
65.984,62.776,72.323,66.750,61.174,69.904,71.805,64.194,63.189,72.323,0,clear,1,FOLLOW_LANE,4.311565,4.888434,camera command; proximity clear
66.016,63.954,66.895,61.146,69.154,67.019,70.547,63.374,73.473,73.473,0,clear,1,FOLLOW_LANE,4.286541,4.913458,camera command; proximity clear
66.048,63.188,72.638,70.062,75.360,71.423,63.118,73.088,68.077,73.088,0,clear,1,FOLLOW_LANE,4.294330,4.905670,camera command; proximity clear
66.080,69.177,69.130,64.766,65.854,69.136,57.450,66.026,64.081,69.177,0,clear,1,FOLLOW_LANE,4.261491,4.938508,camera command; proximity clear
66.112,66.700,68.532,67.165,65.930,68.746,59.616,67.500,70.013,70.013,0,clear,1,FOLLOW_LANE,4.236463,4.963537,camera command; proximity clear
66.144,64.112,64.553,62.504,71.378,65.946,71.577,67.618,64.728,67.618,0,clear,1,FOLLOW_LANE,4.244248,4.955752,camera command; proximity clear
66.176,67.826,69.812,64.812,69.376,68.759,68.957,67.786,68.550,69.812,0,clear,1,FOLLOW_LANE,4.244220,4.955780,camera command; proximity clear
66.208,68.074,61.766,70.732,65.676,69.329,62.148,69.482,65.542,69.482,0,clear,1,FOLLOW_LANE,4.194970,5.005030,camera command; proximity clear
66.240,71.098,68.656,72.861,74.030,62.842,64.065,63.367,63.820,71.098,0,clear,1,FOLLOW_LANE,4.223065,4.976935,camera command; proximity clear
66.272,66.700,71.136,61.057,63.216,70.465,73.181,67.603,73.274,73.274,0,clear,1,FOLLOW_LANE,4.219129,4.980871,camera command; proximity clear
66.304,70.678,63.418,67.527,72.713,70.862,72.541,67.459,71.933,71.933,0,clear,1,FOLLOW_LANE,4.219099,4.980901,camera command; proximity clear
66.336,66.990,64.241,62.730,66.549,70.580,71.688,68.153,68.968,68.968,0,clear,1,FOLLOW_LANE,4.219069,4.980931,camera command; proximity clear
66.368,69.479,66.738,71.705,65.749,59.652,67.043,63.631,60.202,69.479,0,clear,1,FOLLOW_LANE,4.219039,4.980961,camera command; proximity clear
66.400,71.667,63.042,65.133,66.956,68.010,74.795,67.345,68.999,71.667,0,clear,1,FOLLOW_LANE,4.251823,4.948176,camera command; proximity clear
66.432,64.308,67.417,71.309,64.928,63.424,61.993,70.869,65.704,70.869,0,clear,1,FOLLOW_LANE,4.243983,4.956017,camera command; proximity clear
66.464,63.891,67.864,68.283,68.023,65.315,67.380,65.470,63.274,67.864,0,clear,1,FOLLOW_LANE,4.276769,4.923230,camera command; proximity clear
66.496,63.629,65.994,71.049,70.485,63.914,66.465,67.153,67.744,67.744,0,clear,1,FOLLOW_LANE,4.268931,4.931069,camera command; proximity clear
66.528,62.364,59.879,67.330,68.664,74.280,65.506,67.000,69.420,69.420,0,clear,1,FOLLOW_LANE,4.301719,4.898280,camera command; proximity clear
66.560,67.834,68.575,66.593,71.147,68.483,70.013,69.406,69.657,69.657,0,clear,1,FOLLOW_LANE,4.293883,4.906117,camera command; proximity clear
66.592,70.332,64.684,62.165,62.241,64.405,68.562,68.352,67.701,70.332,0,clear,1,FOLLOW_LANE,4.359488,4.840512,camera command; proximity clear
66.624,68.500,62.722,62.427,65.618,66.430,72.825,70.386,73.103,73.103,0,clear,1,FOLLOW_LANE,4.409472,4.790528,camera command; proximity clear
66.656,68.043,63.740,72.075,71.729,67.047,70.804,71.163,66.736,71.163,0,clear,1,FOLLOW_LANE,4.361016,4.838983,camera command; proximity clear
66.688,63.638,73.084,65.085,75.160,64.931,69.132,61.735,66.238,73.084,0,clear,1,FOLLOW_LANE,4.401625,4.798374,camera command; proximity clear
66.720,64.739,69.166,64.998,69.026,70.274,63.849,70.535,66.316,70.535,0,clear,1,FOLLOW_LANE,4.656313,4.543687,camera command; proximity clear
66.752,66.795,70.106,65.397,66.030,71.229,67.778,67.618,67.505,70.106,0,clear,1,FOLLOW_LANE,4.396926,4.803074,camera command; proximity clear
66.784,70.399,75.818,74.331,72.281,65.979,64.229,75.624,60.578,75.818,0,clear,1,FOLLOW_LANE,4.443789,4.756211,camera command; proximity clear
66.816,72.114,65.271,62.412,71.825,68.758,57.734,65.289,74.521,74.521,0,clear,1,FOLLOW_LANE,4.476591,4.723408,camera command; proximity clear
66.848,64.595,68.932,68.254,71.925,65.886,64.686,65.595,64.656,68.932,0,clear,1,FOLLOW_LANE,4.501583,4.698416,camera command; proximity clear
66.880,70.062,71.917,74.341,70.858,60.780,64.971,64.616,64.126,71.917,0,clear,1,FOLLOW_LANE,4.428134,4.771866,camera command; proximity clear
66.912,66.618,65.549,64.561,64.242,68.557,64.552,64.885,63.775,66.618,0,clear,1,FOLLOW_LANE,4.312489,4.887511,camera command; proximity clear
66.944,66.719,71.363,65.334,68.181,67.853,67.702,58.552,70.949,71.363,0,clear,1,FOLLOW_LANE,4.310904,4.889095,camera command; proximity clear
66.976,64.070,69.954,65.328,69.021,67.165,66.487,64.738,70.531,70.531,0,clear,1,FOLLOW_LANE,4.318695,4.881305,camera command; proximity clear
67.008,63.958,65.931,66.810,64.625,65.789,61.850,67.175,61.491,67.175,0,clear,1,FOLLOW_LANE,4.285858,4.914141,camera command; proximity clear
67.040,61.926,64.434,70.642,66.146,68.988,71.712,63.561,64.074,64.434,0,clear,1,FOLLOW_LANE,4.293647,4.906353,camera command; proximity clear
67.072,66.949,61.857,73.350,66.674,70.437,64.866,66.581,68.976,68.976,0,clear,1,FOLLOW_LANE,4.260808,4.939191,camera command; proximity clear
67.104,68.613,70.293,65.482,65.814,68.154,71.084,65.124,66.110,70.293,0,clear,1,FOLLOW_LANE,4.268595,4.931405,camera command; proximity clear
67.136,61.358,65.337,67.826,71.153,65.260,66.450,66.716,68.487,68.487,0,clear,1,FOLLOW_LANE,4.235754,4.964245,camera command; proximity clear
67.168,69.974,70.228,67.750,70.737,68.818,69.599,72.834,63.807,72.834,0,clear,1,FOLLOW_LANE,4.243539,4.956461,camera command; proximity clear
67.200,69.465,71.893,62.919,68.460,66.096,65.762,67.621,71.673,71.893,0,clear,1,FOLLOW_LANE,4.243511,4.956489,camera command; proximity clear
67.232,71.851,64.732,66.897,65.944,73.586,76.928,66.001,66.039,71.851,0,clear,1,FOLLOW_LANE,4.210668,4.989331,camera command; proximity clear
67.264,64.203,70.352,69.874,64.145,65.322,71.765,63.585,67.924,70.352,0,clear,1,FOLLOW_LANE,4.251265,4.948734,camera command; proximity clear
67.296,67.197,64.483,68.135,69.290,65.621,72.266,67.341,67.232,67.341,0,clear,1,FOLLOW_LANE,4.243425,4.956575,camera command; proximity clear
67.328,69.078,63.606,66.638,67.864,70.226,69.623,69.009,64.275,69.078,0,clear,1,FOLLOW_LANE,4.243397,4.956603,camera command; proximity clear
67.360,71.665,72.490,69.726,70.507,66.341,71.092,64.323,65.485,72.490,0,clear,1,FOLLOW_LANE,4.276183,4.923817,camera command; proximity clear
67.392,67.649,64.743,68.236,65.810,72.430,66.960,66.794,71.682,71.682,0,clear,1,FOLLOW_LANE,4.301159,4.898840,camera command; proximity clear
67.424,67.995,65.017,65.954,67.399,56.997,65.332,69.145,64.892,69.145,0,clear,1,FOLLOW_LANE,4.293323,4.906677,camera command; proximity clear
67.456,66.266,66.206,62.972,69.469,65.402,70.355,67.119,71.062,71.062,0,clear,1,FOLLOW_LANE,4.293299,4.906701,camera command; proximity clear
67.488,65.682,65.883,66.975,67.469,73.595,64.261,63.405,67.778,67.778,0,clear,1,FOLLOW_LANE,4.326089,4.873911,camera command; proximity clear
67.520,61.436,63.295,64.123,70.461,68.887,65.863,68.621,61.704,68.621,0,clear,1,FOLLOW_LANE,4.318255,4.881745,camera command; proximity clear
67.552,66.169,68.780,70.882,64.992,66.564,69.151,68.364,68.115,68.780,0,clear,1,FOLLOW_LANE,4.351047,4.848952,camera command; proximity clear
67.584,68.005,68.142,63.037,71.634,69.788,72.015,68.279,66.159,68.279,0,clear,1,FOLLOW_LANE,4.408844,4.791156,camera command; proximity clear
67.616,69.795,61.174,64.158,61.068,68.910,65.140,64.680,65.567,69.795,0,clear,1,FOLLOW_LANE,4.360389,4.839611,camera command; proximity clear
67.648,65.843,68.003,71.262,62.710,65.128,68.263,62.460,68.820,68.820,0,clear,1,FOLLOW_LANE,4.400997,4.799002,camera command; proximity clear
67.680,60.525,68.663,68.336,71.456,70.447,66.969,68.867,71.809,71.809,0,clear,1,FOLLOW_LANE,4.655685,4.544315,camera command; proximity clear
67.712,69.098,68.952,68.713,67.658,67.579,70.478,69.187,66.201,69.187,0,clear,1,FOLLOW_LANE,4.363484,4.836516,camera command; proximity clear
67.744,71.126,66.948,73.593,64.174,66.205,65.055,68.664,68.398,71.126,0,clear,1,FOLLOW_LANE,4.450971,4.749028,camera command; proximity clear
67.776,68.092,71.118,70.076,71.757,62.001,66.587,72.615,65.394,72.615,0,clear,1,FOLLOW_LANE,4.443147,4.756853,camera command; proximity clear
67.808,72.329,67.322,69.576,67.069,73.361,66.589,76.878,70.499,76.878,0,clear,1,FOLLOW_LANE,4.443135,4.756865,camera command; proximity clear
67.840,64.697,66.832,68.224,65.379,66.317,63.282,69.380,66.728,69.380,0,clear,1,FOLLOW_LANE,4.377494,4.822506,camera command; proximity clear
67.872,70.319,67.227,68.459,64.813,64.880,65.162,65.947,66.240,70.319,0,clear,1,FOLLOW_LANE,4.360288,4.839711,camera command; proximity clear
67.904,67.932,70.441,65.783,66.501,65.654,70.740,67.420,64.742,70.441,0,clear,1,FOLLOW_LANE,4.335268,4.864731,camera command; proximity clear
67.936,68.947,67.080,66.064,65.937,71.477,67.496,72.418,66.599,72.418,0,clear,1,FOLLOW_LANE,4.343061,4.856939,camera command; proximity clear
67.968,64.572,63.834,67.528,60.633,70.083,67.766,71.573,64.621,71.573,0,clear,1,FOLLOW_LANE,4.310226,4.889773,camera command; proximity clear
68.000,70.987,60.299,64.382,65.041,63.896,66.006,70.786,61.222,70.987,0,clear,1,FOLLOW_LANE,4.350831,4.849168,camera command; proximity clear
68.032,65.066,70.431,70.243,68.049,72.288,63.088,65.881,68.453,70.431,0,clear,1,FOLLOW_LANE,4.342999,4.857001,camera command; proximity clear
68.064,69.331,67.015,66.812,62.647,72.261,64.695,64.569,77.438,77.438,0,clear,1,FOLLOW_LANE,4.342979,4.857021,camera command; proximity clear
68.096,65.048,67.985,72.011,63.813,67.237,69.756,67.141,73.081,73.081,0,clear,1,FOLLOW_LANE,4.342959,4.857041,camera command; proximity clear
68.128,62.463,66.186,65.083,66.515,66.834,68.035,73.616,72.376,73.616,0,clear,1,FOLLOW_LANE,4.342939,4.857061,camera command; proximity clear
68.160,61.026,63.927,69.942,64.782,65.686,63.813,61.046,70.529,70.529,0,clear,1,FOLLOW_LANE,4.310104,4.889895,camera command; proximity clear
68.192,67.422,70.559,72.142,67.903,69.363,67.491,62.993,68.687,70.559,0,clear,1,FOLLOW_LANE,4.317895,4.882105,camera command; proximity clear
68.224,65.987,73.672,67.527,66.607,65.940,67.053,65.138,66.469,73.672,0,clear,1,FOLLOW_LANE,4.317873,4.882127,camera command; proximity clear
68.256,70.735,63.251,66.628,65.695,70.396,73.772,67.533,67.957,70.735,0,clear,1,FOLLOW_LANE,4.317851,4.882149,camera command; proximity clear
68.288,68.860,68.058,65.074,72.107,63.922,66.558,64.935,68.026,68.860,0,clear,1,FOLLOW_LANE,4.317829,4.882171,camera command; proximity clear
68.320,70.383,66.326,62.949,66.355,67.631,68.207,73.542,66.719,73.542,0,clear,1,FOLLOW_LANE,4.350621,4.849378,camera command; proximity clear
68.352,62.378,68.017,66.164,73.918,68.101,63.241,60.845,67.750,68.017,0,clear,1,FOLLOW_LANE,4.342789,4.857211,camera command; proximity clear
68.384,68.407,67.635,64.155,68.856,64.580,62.417,59.314,63.427,68.407,0,clear,1,FOLLOW_LANE,4.342769,4.857231,camera command; proximity clear
68.416,71.813,67.854,64.940,68.534,64.994,66.920,65.383,59.458,71.813,0,clear,1,FOLLOW_LANE,4.375563,4.824437,camera command; proximity clear
68.448,70.837,64.642,61.576,70.751,69.329,64.703,72.606,68.176,72.606,0,clear,1,FOLLOW_LANE,4.367733,4.832267,camera command; proximity clear
68.480,71.916,69.918,69.060,62.050,71.987,65.289,70.599,66.524,71.916,0,clear,1,FOLLOW_LANE,4.367715,4.832285,camera command; proximity clear
68.512,62.312,69.359,65.966,66.246,66.887,69.702,65.594,73.411,73.411,0,clear,1,FOLLOW_LANE,4.400511,4.799488,camera command; proximity clear
68.544,65.867,72.676,69.213,74.419,64.357,71.362,68.898,64.711,72.676,0,clear,1,FOLLOW_LANE,4.392683,4.807317,camera command; proximity clear
68.576,69.495,69.275,67.189,68.708,75.525,67.604,67.631,61.993,69.495,0,clear,1,FOLLOW_LANE,4.392667,4.807333,camera command; proximity clear
68.608,67.608,67.615,73.168,76.325,68.191,65.400,65.552,63.299,67.615,0,clear,1,FOLLOW_LANE,4.425465,4.774534,camera command; proximity clear
68.640,69.924,66.168,66.082,67.332,64.039,69.339,63.922,63.196,69.924,0,clear,1,FOLLOW_LANE,4.647340,4.552659,camera command; proximity clear
68.672,64.122,69.187,63.177,67.930,69.586,62.160,75.330,58.188,75.330,0,clear,1,FOLLOW_LANE,4.395766,4.804234,camera command; proximity clear
68.704,71.181,71.123,62.529,70.742,68.466,66.991,63.413,67.739,71.181,0,clear,1,FOLLOW_LANE,4.475443,4.724556,camera command; proximity clear
68.736,70.860,63.742,71.532,66.902,69.202,67.723,69.190,72.020,72.020,0,clear,1,FOLLOW_LANE,4.500436,4.699564,camera command; proximity clear
68.768,63.290,65.701,75.718,78.298,69.905,72.762,75.135,63.241,75.135,0,clear,1,FOLLOW_LANE,4.492615,4.707385,camera command; proximity clear
68.800,62.963,69.825,69.713,65.405,66.492,65.116,69.020,61.335,69.825,0,clear,1,FOLLOW_LANE,4.426978,4.773022,camera command; proximity clear
68.832,74.549,72.541,65.357,69.446,67.968,64.857,67.574,68.805,74.549,0,clear,1,FOLLOW_LANE,4.376962,4.823038,camera command; proximity clear
68.864,67.353,64.287,65.886,67.896,65.655,66.877,68.703,68.360,68.703,0,clear,1,FOLLOW_LANE,4.359756,4.840243,camera command; proximity clear
68.896,70.975,66.374,71.657,73.021,65.666,70.979,68.688,64.609,70.975,0,clear,1,FOLLOW_LANE,4.367551,4.832449,camera command; proximity clear
68.928,60.095,71.326,64.739,63.167,62.861,67.898,65.266,70.908,71.326,0,clear,1,FOLLOW_LANE,4.334718,4.865282,camera command; proximity clear
68.960,69.447,68.902,69.119,70.534,69.362,65.534,65.934,65.026,69.447,0,clear,1,FOLLOW_LANE,4.309696,4.890303,camera command; proximity clear
68.992,65.872,71.355,61.066,64.346,66.940,61.712,63.413,64.176,71.355,0,clear,1,FOLLOW_LANE,4.317487,4.882513,camera command; proximity clear
69.024,67.966,65.518,64.269,71.655,67.395,65.097,65.872,68.867,68.867,0,clear,1,FOLLOW_LANE,4.284650,4.915349,camera command; proximity clear
69.056,69.151,69.291,70.039,68.494,70.346,69.527,63.240,69.844,69.844,0,clear,1,FOLLOW_LANE,4.259624,4.940376,camera command; proximity clear
69.088,67.044,61.829,68.607,65.490,63.377,69.911,66.883,72.089,72.089,0,clear,1,FOLLOW_LANE,4.267411,4.932589,camera command; proximity clear
69.120,68.543,67.802,60.628,68.998,62.270,65.407,65.859,70.790,70.790,0,clear,1,FOLLOW_LANE,4.267385,4.932615,camera command; proximity clear
69.152,69.768,64.479,73.086,68.283,72.950,64.507,67.122,67.804,69.768,0,clear,1,FOLLOW_LANE,4.234544,4.965456,camera command; proximity clear
69.184,60.433,66.310,65.750,69.407,62.437,67.418,65.603,70.304,70.304,0,clear,1,FOLLOW_LANE,4.242329,4.957671,camera command; proximity clear
69.216,61.789,67.080,65.254,61.275,65.550,76.042,65.541,62.738,67.080,0,clear,1,FOLLOW_LANE,4.242301,4.957699,camera command; proximity clear
69.248,72.588,67.013,67.574,60.858,72.214,68.100,68.950,68.788,72.588,0,clear,1,FOLLOW_LANE,4.242273,4.957727,camera command; proximity clear
69.280,68.325,71.226,66.367,70.297,67.435,66.292,66.301,66.671,71.226,0,clear,1,FOLLOW_LANE,4.242245,4.957755,camera command; proximity clear
69.312,64.215,63.026,58.907,71.014,68.081,67.716,70.189,69.440,70.189,0,clear,1,FOLLOW_LANE,4.307846,4.892154,camera command; proximity clear
69.344,69.090,67.125,66.459,67.968,70.712,67.205,67.933,67.242,69.090,0,clear,1,FOLLOW_LANE,4.292197,4.907803,camera command; proximity clear
69.376,59.341,65.367,71.266,66.397,70.866,60.389,64.959,73.183,73.183,0,clear,1,FOLLOW_LANE,4.324987,4.875012,camera command; proximity clear
69.408,67.583,66.647,71.870,68.818,63.782,66.193,64.699,68.048,68.048,0,clear,1,FOLLOW_LANE,4.317153,4.882847,camera command; proximity clear
69.440,66.639,63.540,65.397,64.267,68.040,64.994,67.779,60.593,67.779,0,clear,1,FOLLOW_LANE,4.317131,4.882869,camera command; proximity clear
69.472,66.996,65.695,64.813,69.478,63.137,60.873,69.223,68.595,69.223,0,clear,1,FOLLOW_LANE,4.349923,4.850077,camera command; proximity clear
69.504,66.902,66.108,62.318,68.587,68.616,71.689,69.736,67.455,69.736,0,clear,1,FOLLOW_LANE,4.342091,4.857909,camera command; proximity clear
69.536,67.012,64.094,63.278,67.086,71.503,67.336,67.357,65.124,67.357,0,clear,1,FOLLOW_LANE,4.374885,4.825114,camera command; proximity clear
69.568,66.481,63.293,70.035,65.487,67.358,67.491,71.217,67.128,71.217,0,clear,1,FOLLOW_LANE,4.399869,4.800130,camera command; proximity clear
69.600,61.700,68.945,67.691,64.967,65.912,65.405,71.493,65.988,71.493,0,clear,1,FOLLOW_LANE,4.654557,4.545443,camera command; proximity clear
69.632,65.478,72.624,61.834,62.010,65.468,64.150,63.242,77.706,77.706,0,clear,1,FOLLOW_LANE,4.395170,4.804830,camera command; proximity clear
69.664,67.089,67.208,62.480,68.909,69.139,65.099,64.614,66.796,67.208,0,clear,1,FOLLOW_LANE,4.442033,4.757967,camera command; proximity clear
69.696,65.311,68.442,70.201,67.047,64.351,66.961,64.602,74.632,74.632,0,clear,1,FOLLOW_LANE,4.474835,4.725164,camera command; proximity clear
69.728,68.255,68.624,71.418,71.400,66.362,69.921,67.170,64.062,68.624,0,clear,1,FOLLOW_LANE,4.532642,4.667358,camera command; proximity clear
69.760,57.607,68.715,66.870,69.021,64.870,64.803,68.683,63.100,68.715,0,clear,1,FOLLOW_LANE,4.484196,4.715803,camera command; proximity clear
69.792,69.891,70.489,69.128,69.631,75.574,66.725,68.252,67.656,70.489,0,clear,1,FOLLOW_LANE,4.360743,4.839257,camera command; proximity clear
69.824,69.952,64.441,63.904,64.935,66.165,70.129,69.781,67.806,69.952,0,clear,1,FOLLOW_LANE,4.326348,4.873652,camera command; proximity clear
69.856,65.330,67.097,72.246,62.142,69.461,61.818,64.425,63.778,67.097,0,clear,1,FOLLOW_LANE,4.309138,4.890861,camera command; proximity clear
69.888,64.214,65.306,60.980,63.295,64.658,67.969,74.726,62.035,74.726,0,clear,1,FOLLOW_LANE,4.284114,4.915885,camera command; proximity clear
69.920,66.272,68.968,65.135,60.795,68.623,66.716,67.921,64.820,68.968,0,clear,1,FOLLOW_LANE,4.291903,4.908097,camera command; proximity clear
69.952,62.388,70.632,63.066,71.384,72.039,66.865,70.148,66.703,70.632,0,clear,1,FOLLOW_LANE,4.291879,4.908121,camera command; proximity clear
69.984,69.689,68.655,65.765,62.440,64.206,61.210,62.575,65.405,69.689,0,clear,1,FOLLOW_LANE,4.259040,4.940959,camera command; proximity clear
70.016,63.648,69.032,65.004,66.425,65.394,71.761,69.353,62.071,69.353,0,clear,1,FOLLOW_LANE,4.234012,4.965987,camera command; proximity clear
70.048,68.639,71.102,69.504,69.664,64.002,59.615,65.744,63.278,71.102,0,clear,1,FOLLOW_LANE,4.208982,4.991017,camera command; proximity clear
70.080,66.920,65.474,63.066,66.288,67.353,68.000,61.285,74.672,74.672,0,clear,1,FOLLOW_LANE,4.216765,4.983235,camera command; proximity clear
70.112,60.970,67.647,64.229,61.924,60.535,65.664,66.136,66.487,67.647,0,clear,1,FOLLOW_LANE,4.183920,5.016080,camera command; proximity clear
70.144,65.952,69.848,67.456,63.305,65.960,67.741,63.126,66.788,69.848,0,clear,1,FOLLOW_LANE,4.191701,5.008299,camera command; proximity clear
70.176,64.649,71.400,63.990,68.508,67.187,64.116,65.797,63.404,71.400,0,clear,1,FOLLOW_LANE,4.208076,4.991924,camera command; proximity clear
70.208,70.546,68.510,61.655,69.277,68.181,69.583,67.376,66.508,70.546,0,clear,1,FOLLOW_LANE,4.253361,4.946639,camera command; proximity clear
70.240,69.879,65.473,66.003,65.282,70.168,69.495,68.073,69.557,69.879,0,clear,1,FOLLOW_LANE,4.241614,4.958386,camera command; proximity clear
70.272,69.135,65.820,70.787,68.905,67.832,69.117,67.182,67.325,69.135,0,clear,1,FOLLOW_LANE,4.241586,4.958414,camera command; proximity clear
70.304,67.803,69.040,73.144,69.876,64.125,69.615,66.419,70.903,70.903,0,clear,1,FOLLOW_LANE,4.274372,4.925628,camera command; proximity clear
70.336,68.570,65.492,67.756,65.771,65.635,65.531,70.418,63.656,70.418,0,clear,1,FOLLOW_LANE,4.266534,4.933466,camera command; proximity clear
70.368,66.192,66.339,67.473,67.143,71.988,70.123,67.965,66.410,67.965,0,clear,1,FOLLOW_LANE,4.299322,4.900677,camera command; proximity clear
70.400,62.868,70.500,60.280,63.485,70.078,73.896,71.564,68.087,71.564,0,clear,1,FOLLOW_LANE,4.324300,4.875699,camera command; proximity clear
70.432,69.149,61.992,69.444,72.517,69.846,65.149,65.180,70.731,70.731,0,clear,1,FOLLOW_LANE,4.316466,4.883534,camera command; proximity clear
70.464,71.470,64.266,64.815,65.449,71.404,67.118,65.862,69.997,71.470,0,clear,1,FOLLOW_LANE,4.382073,4.817927,camera command; proximity clear
70.496,67.952,70.047,66.286,72.982,66.684,72.376,61.558,69.583,70.047,0,clear,1,FOLLOW_LANE,4.399245,4.800755,camera command; proximity clear
70.528,66.561,56.918,69.379,67.909,59.669,70.240,66.619,60.862,66.619,0,clear,1,FOLLOW_LANE,4.391416,4.808584,camera command; proximity clear
70.560,67.690,66.890,68.483,64.889,61.244,66.961,64.406,71.404,71.404,0,clear,1,FOLLOW_LANE,4.653916,4.546084,camera command; proximity clear
70.592,59.697,64.659,62.985,62.574,70.470,65.122,67.115,72.840,72.840,0,clear,1,FOLLOW_LANE,4.427343,4.772657,camera command; proximity clear
70.624,65.030,67.967,68.267,70.176,65.560,67.417,65.148,67.870,67.967,0,clear,1,FOLLOW_LANE,4.466396,4.733604,camera command; proximity clear
70.656,69.354,69.427,66.732,65.449,66.511,61.732,69.729,66.025,69.729,0,clear,1,FOLLOW_LANE,4.499200,4.700799,camera command; proximity clear
70.688,67.985,64.109,66.709,69.257,72.713,72.254,65.402,69.611,69.611,0,clear,1,FOLLOW_LANE,4.524194,4.675806,camera command; proximity clear
70.720,71.190,69.785,65.747,62.266,66.631,63.097,70.726,69.185,71.190,0,clear,1,FOLLOW_LANE,4.483561,4.716438,camera command; proximity clear
70.752,64.495,67.668,65.497,67.645,67.175,73.258,65.531,65.984,67.668,0,clear,1,FOLLOW_LANE,4.360108,4.839892,camera command; proximity clear
70.784,72.178,64.308,69.588,69.902,67.953,64.976,67.515,65.453,72.178,0,clear,1,FOLLOW_LANE,4.325713,4.874287,camera command; proximity clear
70.816,63.978,66.748,73.942,70.849,65.383,61.648,64.457,67.847,67.847,0,clear,1,FOLLOW_LANE,4.308503,4.891496,camera command; proximity clear
70.848,69.318,72.997,67.052,68.811,65.765,67.157,64.357,73.018,73.018,0,clear,1,FOLLOW_LANE,4.283479,4.916520,camera command; proximity clear
70.880,69.795,67.213,69.515,69.391,67.257,64.546,67.100,60.642,69.795,0,clear,1,FOLLOW_LANE,4.258453,4.941546,camera command; proximity clear
70.912,68.420,70.100,67.792,72.487,64.104,69.152,71.138,70.012,71.138,0,clear,1,FOLLOW_LANE,4.233426,4.966574,camera command; proximity clear
70.944,68.291,63.627,64.231,68.306,64.800,66.984,67.634,63.459,68.291,0,clear,1,FOLLOW_LANE,4.241210,4.958790,camera command; proximity clear
70.976,62.880,68.283,69.914,63.937,68.519,66.418,70.647,69.811,70.647,0,clear,1,FOLLOW_LANE,4.241182,4.958818,camera command; proximity clear
71.008,67.050,66.423,70.694,72.195,67.886,67.856,66.972,64.533,67.050,0,clear,1,FOLLOW_LANE,4.241154,4.958846,camera command; proximity clear
71.040,65.965,71.825,65.248,72.206,71.159,66.128,64.731,64.921,71.825,0,clear,1,FOLLOW_LANE,4.208311,4.991688,camera command; proximity clear
71.072,63.483,66.961,67.845,67.645,66.788,68.382,66.166,71.320,71.320,0,clear,1,FOLLOW_LANE,4.216094,4.983906,camera command; proximity clear
71.104,70.394,64.212,71.986,66.958,68.767,70.297,68.521,66.385,70.394,0,clear,1,FOLLOW_LANE,4.216064,4.983936,camera command; proximity clear
71.136,62.557,61.921,67.497,68.990,64.841,62.865,66.736,68.246,68.246,0,clear,1,FOLLOW_LANE,4.216034,4.983966,camera command; proximity clear
71.168,67.135,70.384,66.473,69.209,74.811,66.116,64.760,68.127,70.384,0,clear,1,FOLLOW_LANE,4.216004,4.983996,camera command; proximity clear
71.200,67.187,68.737,66.472,65.000,72.147,68.372,66.445,67.609,68.737,0,clear,1,FOLLOW_LANE,4.215974,4.984026,camera command; proximity clear
71.232,66.007,57.565,63.952,69.828,66.623,66.868,73.961,68.426,73.961,0,clear,1,FOLLOW_LANE,4.281573,4.918427,camera command; proximity clear
71.264,65.119,62.854,63.418,63.852,70.271,65.720,65.463,67.032,67.032,0,clear,1,FOLLOW_LANE,4.265922,4.934078,camera command; proximity clear
71.296,70.032,73.092,67.766,69.713,74.223,66.418,64.843,72.667,73.092,0,clear,1,FOLLOW_LANE,4.298710,4.901289,camera command; proximity clear
71.328,66.471,67.616,72.994,68.580,68.347,69.980,70.656,68.606,70.656,0,clear,1,FOLLOW_LANE,4.290874,4.909126,camera command; proximity clear
71.360,69.753,71.265,66.095,66.323,66.960,66.710,65.460,64.960,71.265,0,clear,1,FOLLOW_LANE,4.323664,4.876335,camera command; proximity clear
71.392,70.358,71.899,68.355,65.539,72.288,66.474,70.206,64.327,71.899,0,clear,1,FOLLOW_LANE,4.348644,4.851355,camera command; proximity clear
71.424,66.401,67.672,66.621,60.376,65.234,63.976,69.759,63.053,69.759,0,clear,1,FOLLOW_LANE,4.373626,4.826373,camera command; proximity clear
71.456,67.955,64.018,65.325,69.620,64.042,67.847,65.412,63.424,67.955,0,clear,1,FOLLOW_LANE,4.398610,4.801389,camera command; proximity clear
71.488,70.042,67.202,66.701,67.729,63.257,70.424,68.569,66.411,70.042,0,clear,1,FOLLOW_LANE,4.390782,4.809218,camera command; proximity clear
71.520,60.331,69.097,65.632,65.460,72.894,62.261,71.297,69.384,71.297,0,clear,1,FOLLOW_LANE,4.554838,4.645161,camera command; proximity clear
71.552,68.489,70.763,63.047,68.123,69.343,67.209,63.919,63.948,70.763,0,clear,1,FOLLOW_LANE,4.417326,4.782673,camera command; proximity clear
71.584,68.920,69.093,73.491,71.678,63.255,69.871,66.571,69.796,69.796,0,clear,1,FOLLOW_LANE,4.440752,4.759248,camera command; proximity clear
71.616,66.029,70.165,59.205,68.262,62.945,65.791,67.662,66.047,70.165,0,clear,1,FOLLOW_LANE,4.473554,4.726445,camera command; proximity clear
71.648,71.614,68.328,68.204,68.309,67.222,66.624,64.863,67.029,71.614,0,clear,1,FOLLOW_LANE,4.465732,4.734268,camera command; proximity clear
71.680,61.137,68.569,66.222,65.187,68.453,67.585,66.666,66.446,68.569,0,clear,1,FOLLOW_LANE,4.432907,4.767092,camera command; proximity clear
71.712,62.336,68.277,68.480,65.107,67.268,66.787,64.427,66.016,68.277,0,clear,1,FOLLOW_LANE,4.342264,4.857735,camera command; proximity clear
71.744,68.089,63.781,67.125,68.002,63.945,67.358,72.952,66.883,72.952,0,clear,1,FOLLOW_LANE,4.365684,4.834316,camera command; proximity clear
71.776,68.167,71.585,62.942,67.713,65.214,67.173,69.764,65.031,71.585,0,clear,1,FOLLOW_LANE,4.332851,4.867148,camera command; proximity clear
71.808,73.658,66.853,62.439,70.142,64.078,70.210,67.130,65.884,73.658,0,clear,1,FOLLOW_LANE,4.307829,4.892170,camera command; proximity clear
71.840,74.535,63.886,64.034,74.449,68.717,64.293,63.412,70.582,74.535,0,clear,1,FOLLOW_LANE,4.315620,4.884380,camera command; proximity clear
71.872,62.802,67.890,67.309,66.625,67.896,70.677,68.573,64.653,68.573,0,clear,1,FOLLOW_LANE,4.315598,4.884402,camera command; proximity clear
71.904,61.161,63.038,68.206,63.434,67.678,69.631,66.454,68.875,68.875,0,clear,1,FOLLOW_LANE,4.282761,4.917238,camera command; proximity clear
71.936,63.226,73.431,69.235,66.484,62.555,68.067,69.044,70.246,73.431,0,clear,1,FOLLOW_LANE,4.290550,4.909450,camera command; proximity clear
71.968,71.637,68.586,68.476,66.816,66.293,63.352,66.800,63.336,71.637,0,clear,1,FOLLOW_LANE,4.290526,4.909474,camera command; proximity clear
72.000,57.897,66.360,69.297,68.201,71.488,68.790,70.772,70.963,70.963,0,clear,1,FOLLOW_LANE,4.290502,4.909498,camera command; proximity clear
72.032,69.645,70.280,67.363,64.059,70.000,63.927,65.148,70.675,70.675,0,clear,1,FOLLOW_LANE,4.290478,4.909522,camera command; proximity clear
72.064,67.721,66.953,67.032,66.149,66.242,64.064,69.395,69.161,69.395,0,clear,1,FOLLOW_LANE,4.290454,4.909546,camera command; proximity clear
72.096,70.263,69.247,69.244,63.550,65.915,63.036,64.175,68.815,70.263,0,clear,1,FOLLOW_LANE,4.290430,4.909570,camera command; proximity clear
72.128,69.673,68.387,67.882,69.766,63.629,68.567,73.345,67.825,73.345,0,clear,1,FOLLOW_LANE,4.290406,4.909594,camera command; proximity clear
72.160,71.512,66.066,65.529,65.748,65.846,65.286,67.241,70.201,71.512,0,clear,1,FOLLOW_LANE,4.290382,4.909618,camera command; proximity clear
72.192,66.859,71.552,60.801,66.339,66.215,67.227,66.441,65.487,71.552,0,clear,1,FOLLOW_LANE,4.355987,4.844013,camera command; proximity clear
72.224,61.310,69.177,66.065,68.651,67.840,70.007,69.054,60.517,69.177,0,clear,1,FOLLOW_LANE,4.340342,4.859658,camera command; proximity clear
72.256,68.044,65.336,68.271,71.719,62.501,72.026,62.019,72.918,72.918,0,clear,1,FOLLOW_LANE,4.340322,4.859678,camera command; proximity clear
72.288,71.479,67.683,64.682,62.279,62.498,69.881,67.178,68.317,71.479,0,clear,1,FOLLOW_LANE,4.373117,4.826883,camera command; proximity clear
72.320,67.549,64.518,68.987,66.689,60.747,72.241,70.278,69.379,70.278,0,clear,1,FOLLOW_LANE,4.365286,4.834714,camera command; proximity clear
72.352,60.196,66.659,71.337,62.079,74.584,68.960,68.411,68.293,68.411,0,clear,1,FOLLOW_LANE,4.398082,4.801918,camera command; proximity clear
72.384,62.935,64.480,61.791,66.528,64.644,65.983,67.472,69.733,69.733,0,clear,1,FOLLOW_LANE,4.423068,4.776931,camera command; proximity clear
72.416,66.474,67.983,65.616,65.491,65.524,68.718,70.494,60.652,70.494,0,clear,1,FOLLOW_LANE,4.415242,4.784758,camera command; proximity clear
72.448,71.638,71.502,66.936,62.533,61.767,70.684,70.364,71.185,71.638,0,clear,1,FOLLOW_LANE,4.349599,4.850401,camera command; proximity clear
72.480,64.741,69.612,61.661,70.580,69.231,62.385,72.657,63.743,72.657,0,clear,1,FOLLOW_LANE,4.562093,4.637907,camera command; proximity clear
72.512,65.263,65.942,74.028,67.346,70.204,63.992,70.375,63.700,70.375,0,clear,1,FOLLOW_LANE,4.416768,4.783231,camera command; proximity clear
72.544,69.549,73.014,62.797,65.448,60.522,68.140,66.404,64.843,73.014,0,clear,1,FOLLOW_LANE,4.473008,4.726991,camera command; proximity clear
72.576,66.239,65.061,69.964,70.295,62.174,65.715,69.978,71.453,71.453,0,clear,1,FOLLOW_LANE,4.498000,4.701999,camera command; proximity clear
