run_id,time_s,robot_x,robot_y,lane_error_m,checkpoint_count,static_clearance_m,moving_clearance_m,collision_count,moving_started,moving_cleared,finished,obstacle_layout,static_obstacle_count,moving_obstacle_count
moving_015_r03_s10003,0.032,-0.460000,-0.450000,0.000000,0,99.000000,1.313202,0,0,0,0,single,0,1
moving_015_r03_s10003,0.064,-0.457057,-0.450000,0.000000,0,99.000000,1.312174,0,0,0,0,single,0,1
moving_015_r03_s10003,0.096,-0.454124,-0.450005,0.000005,0,99.000000,1.311160,0,0,0,0,single,0,1
moving_015_r03_s10003,0.128,-0.451180,-0.450020,0.000020,0,99.000000,1.310158,0,0,0,0,single,0,1
moving_015_r03_s10003,0.160,-0.448236,-0.450032,0.000032,0,99.000000,1.309158,0,0,0,0,single,0,1
moving_015_r03_s10003,0.192,-0.445292,-0.450044,0.000044,0,99.000000,1.308164,0,0,0,0,single,0,1
moving_015_r03_s10003,0.224,-0.442348,-0.450056,0.000056,0,99.000000,1.307176,0,0,0,0,single,0,1
moving_015_r03_s10003,0.256,-0.439404,-0.450067,0.000067,0,99.000000,1.306194,0,0,0,0,single,0,1
moving_015_r03_s10003,0.288,-0.436460,-0.450079,0.000079,0,99.000000,1.305217,0,0,0,0,single,0,1
moving_015_r03_s10003,0.320,-0.433516,-0.450090,0.000090,0,99.000000,1.304246,0,0,0,0,single,0,1
moving_015_r03_s10003,0.352,-0.430573,-0.450102,0.000102,0,99.000000,1.303282,0,0,0,0,single,0,1
moving_015_r03_s10003,0.384,-0.427629,-0.450113,0.000113,0,99.000000,1.302323,0,0,0,0,single,0,1
moving_015_r03_s10003,0.416,-0.424685,-0.450124,0.000124,0,99.000000,1.301370,0,0,0,0,single,0,1
moving_015_r03_s10003,0.448,-0.421741,-0.450131,0.000131,0,99.000000,1.300418,0,0,0,0,single,0,1
moving_015_r03_s10003,0.480,-0.418797,-0.450138,0.000138,0,99.000000,1.299473,0,0,0,0,single,0,1
moving_015_r03_s10003,0.512,-0.415853,-0.450146,0.000146,0,99.000000,1.298535,0,0,0,0,single,0,1
moving_015_r03_s10003,0.544,-0.412909,-0.450153,0.000153,0,99.000000,1.297602,0,0,0,0,single,0,1
moving_015_r03_s10003,0.576,-0.409965,-0.450161,0.000161,0,99.000000,1.296675,0,0,0,0,single,0,1
moving_015_r03_s10003,0.608,-0.407021,-0.450169,0.000169,0,99.000000,1.295755,0,0,0,0,single,0,1
moving_015_r03_s10003,0.640,-0.404077,-0.450177,0.000177,0,99.000000,1.294841,0,0,0,0,single,0,1
moving_015_r03_s10003,0.672,-0.401133,-0.450184,0.000184,0,99.000000,1.293932,0,0,0,0,single,0,1
moving_015_r03_s10003,0.704,-0.398189,-0.450192,0.000192,0,99.000000,1.293030,0,0,0,0,single,0,1
moving_015_r03_s10003,0.736,-0.395245,-0.450200,0.000200,0,99.000000,1.292134,0,0,0,0,single,0,1
moving_015_r03_s10003,0.768,-0.392301,-0.450208,0.000208,0,99.000000,1.291244,0,0,0,0,single,0,1
moving_015_r03_s10003,0.800,-0.389357,-0.450211,0.000211,0,99.000000,1.290355,0,0,0,0,single,0,1
moving_015_r03_s10003,0.832,-0.386413,-0.450215,0.000215,0,99.000000,1.289474,0,0,0,0,single,0,1
moving_015_r03_s10003,0.864,-0.383469,-0.450219,0.000219,0,99.000000,1.288599,0,0,0,0,single,0,1
moving_015_r03_s10003,0.896,-0.380525,-0.450224,0.000224,0,99.000000,1.287730,0,0,0,0,single,0,1
moving_015_r03_s10003,0.928,-0.377581,-0.450228,0.000228,0,99.000000,1.286868,0,0,0,0,single,0,1
moving_015_r03_s10003,0.960,-0.374637,-0.450233,0.000233,0,99.000000,1.286011,0,0,0,0,single,0,1
moving_015_r03_s10003,0.992,-0.371693,-0.450237,0.000237,0,99.000000,1.285161,0,0,0,0,single,0,1
moving_015_r03_s10003,1.024,-0.368749,-0.450241,0.000241,0,99.000000,1.284317,0,0,0,0,single,0,1
moving_015_r03_s10003,1.056,-0.365805,-0.450246,0.000246,0,99.000000,1.283479,0,0,0,0,single,0,1
moving_015_r03_s10003,1.088,-0.362861,-0.450251,0.000251,0,99.000000,1.282647,0,0,0,0,single,0,1
moving_015_r03_s10003,1.120,-0.359917,-0.450255,0.000255,0,99.000000,1.281822,0,0,0,0,single,0,1
moving_015_r03_s10003,1.152,-0.356973,-0.450260,0.000260,0,99.000000,1.281003,0,0,0,0,single,0,1
moving_015_r03_s10003,1.184,-0.354029,-0.450264,0.000264,0,99.000000,1.280190,0,0,0,0,single,0,1
moving_015_r03_s10003,1.216,-0.351085,-0.450269,0.000269,0,99.000000,1.279383,0,0,0,0,single,0,1
moving_015_r03_s10003,1.248,-0.348141,-0.450273,0.000273,0,99.000000,1.278583,0,0,0,0,single,0,1
moving_015_r03_s10003,1.280,-0.345197,-0.450278,0.000278,0,99.000000,1.277789,0,0,0,0,single,0,1
moving_015_r03_s10003,1.312,-0.342253,-0.450282,0.000282,0,99.000000,1.277001,0,0,0,0,single,0,1
moving_015_r03_s10003,1.344,-0.339309,-0.450287,0.000287,0,99.000000,1.276220,0,0,0,0,single,0,1
moving_015_r03_s10003,1.376,-0.336365,-0.450292,0.000292,0,99.000000,1.275444,0,0,0,0,single,0,1
moving_015_r03_s10003,1.408,-0.333421,-0.450296,0.000296,0,99.000000,1.274676,0,0,0,0,single,0,1
moving_015_r03_s10003,1.440,-0.330477,-0.450301,0.000301,0,99.000000,1.273913,0,0,0,0,single,0,1
moving_015_r03_s10003,1.472,-0.327533,-0.450305,0.000305,0,99.000000,1.273157,0,0,0,0,single,0,1
moving_015_r03_s10003,1.504,-0.324589,-0.450310,0.000310,0,99.000000,1.272407,0,0,0,0,single,0,1
moving_015_r03_s10003,1.536,-0.321645,-0.450314,0.000314,0,99.000000,1.271664,0,0,0,0,single,0,1
moving_015_r03_s10003,1.568,-0.318701,-0.450319,0.000319,0,99.000000,1.270927,0,0,0,0,single,0,1
moving_015_r03_s10003,1.600,-0.315757,-0.450323,0.000323,0,99.000000,1.270196,0,0,0,0,single,0,1
moving_015_r03_s10003,1.632,-0.312813,-0.450328,0.000328,0,99.000000,1.269472,0,0,0,0,single,0,1
moving_015_r03_s10003,1.664,-0.309869,-0.450333,0.000333,0,99.000000,1.268754,0,0,0,0,single,0,1
moving_015_r03_s10003,1.696,-0.306925,-0.450337,0.000337,0,99.000000,1.268043,0,0,0,0,single,0,1
moving_015_r03_s10003,1.728,-0.303981,-0.450342,0.000342,0,99.000000,1.267338,0,0,0,0,single,0,1
moving_015_r03_s10003,1.760,-0.301037,-0.450346,0.000346,0,99.000000,1.266639,0,0,0,0,single,0,1
moving_015_r03_s10003,1.792,-0.298093,-0.450351,0.000351,0,99.000000,1.265947,0,0,0,0,single,0,1
moving_015_r03_s10003,1.824,-0.295149,-0.450355,0.000355,0,99.000000,1.265262,0,0,0,0,single,0,1
moving_015_r03_s10003,1.856,-0.292205,-0.450360,0.000360,0,99.000000,1.264583,0,0,0,0,single,0,1
moving_015_r03_s10003,1.888,-0.289261,-0.450365,0.000365,0,99.000000,1.263910,0,0,0,0,single,0,1
moving_015_r03_s10003,1.920,-0.286317,-0.450369,0.000369,0,99.000000,1.263244,0,0,0,0,single,0,1
moving_015_r03_s10003,1.952,-0.283373,-0.450374,0.000374,0,99.000000,1.262584,0,0,0,0,single,0,1
moving_015_r03_s10003,1.984,-0.280429,-0.450378,0.000378,0,99.000000,1.261931,0,0,0,0,single,0,1
moving_015_r03_s10003,2.016,-0.277485,-0.450383,0.000383,0,99.000000,1.261285,0,0,0,0,single,0,1
moving_015_r03_s10003,2.048,-0.274541,-0.450387,0.000387,0,99.000000,1.260645,0,0,0,0,single,0,1
moving_015_r03_s10003,2.080,-0.271597,-0.450392,0.000392,0,99.000000,1.260012,0,0,0,0,single,0,1
moving_015_r03_s10003,2.112,-0.268653,-0.450396,0.000396,0,99.000000,1.259385,0,0,0,0,single,0,1
moving_015_r03_s10003,2.144,-0.265709,-0.450401,0.000401,0,99.000000,1.258764,0,0,0,0,single,0,1
moving_015_r03_s10003,2.176,-0.262765,-0.450406,0.000406,0,99.000000,1.258151,0,0,0,0,single,0,1
moving_015_r03_s10003,2.208,-0.259821,-0.450410,0.000410,0,99.000000,1.257544,0,0,0,0,single,0,1
moving_015_r03_s10003,2.240,-0.256877,-0.450415,0.000415,0,99.000000,1.256943,0,0,0,0,single,0,1
moving_015_r03_s10003,2.272,-0.253933,-0.450419,0.000419,0,99.000000,1.256349,0,0,0,0,single,0,1
moving_015_r03_s10003,2.304,-0.250989,-0.450424,0.000424,0,99.000000,1.255762,0,0,0,0,single,0,1
moving_015_r03_s10003,2.336,-0.248045,-0.450428,0.000428,0,99.000000,1.255181,0,0,0,0,single,0,1
moving_015_r03_s10003,2.368,-0.245101,-0.450433,0.000433,0,99.000000,1.254607,0,0,0,0,single,0,1
moving_015_r03_s10003,2.400,-0.242157,-0.450438,0.000438,0,99.000000,1.254040,0,0,0,0,single,0,1
moving_015_r03_s10003,2.432,-0.239213,-0.450442,0.000442,0,99.000000,1.253479,0,0,0,0,single,0,1
moving_015_r03_s10003,2.464,-0.236269,-0.450447,0.000447,0,99.000000,1.252925,0,0,0,0,single,0,1
moving_015_r03_s10003,2.496,-0.233325,-0.450451,0.000451,0,99.000000,1.252378,0,0,0,0,single,0,1
moving_015_r03_s10003,2.528,-0.230381,-0.450456,0.000456,0,99.000000,1.251837,0,0,0,0,single,0,1
moving_015_r03_s10003,2.560,-0.227437,-0.450460,0.000460,0,99.000000,1.251303,0,0,0,0,single,0,1
moving_015_r03_s10003,2.592,-0.224493,-0.450465,0.000465,0,99.000000,1.250776,0,0,0,0,single,0,1
moving_015_r03_s10003,2.624,-0.221549,-0.450470,0.000470,0,99.000000,1.250256,0,0,0,0,single,0,1
moving_015_r03_s10003,2.656,-0.218605,-0.450474,0.000474,0,99.000000,1.249742,0,0,0,0,single,0,1
moving_015_r03_s10003,2.688,-0.215661,-0.450479,0.000479,0,99.000000,1.249235,0,0,0,0,single,0,1
moving_015_r03_s10003,2.720,-0.212717,-0.450483,0.000483,0,99.000000,1.248734,0,0,0,0,single,0,1
moving_015_r03_s10003,2.752,-0.209773,-0.450488,0.000488,0,99.000000,1.248241,0,0,0,0,single,0,1
moving_015_r03_s10003,2.784,-0.206829,-0.450492,0.000492,0,99.000000,1.247754,0,0,0,0,single,0,1
moving_015_r03_s10003,2.816,-0.203885,-0.450497,0.000497,0,99.000000,1.247274,0,0,0,0,single,0,1
moving_015_r03_s10003,2.848,-0.200941,-0.450501,0.000501,0,99.000000,1.246800,0,0,0,0,single,0,1
moving_015_r03_s10003,2.880,-0.197997,-0.450506,0.000506,0,99.000000,1.246334,0,0,0,0,single,0,1
moving_015_r03_s10003,2.912,-0.195053,-0.450511,0.000511,0,99.000000,1.245874,0,0,0,0,single,0,1
moving_015_r03_s10003,2.944,-0.192109,-0.450515,0.000515,0,99.000000,1.245421,0,0,0,0,single,0,1
moving_015_r03_s10003,2.976,-0.189165,-0.450520,0.000520,0,99.000000,1.244975,0,0,0,0,single,0,1
moving_015_r03_s10003,3.008,-0.186221,-0.450524,0.000524,0,99.000000,1.244535,0,0,0,0,single,0,1
moving_015_r03_s10003,3.040,-0.183277,-0.450529,0.000529,0,99.000000,1.244103,0,0,0,0,single,0,1
moving_015_r03_s10003,3.072,-0.180333,-0.450533,0.000533,0,99.000000,1.243677,0,0,0,0,single,0,1
moving_015_r03_s10003,3.104,-0.177389,-0.450538,0.000538,0,99.000000,1.243258,0,0,0,0,single,0,1
moving_015_r03_s10003,3.136,-0.174445,-0.450543,0.000543,0,99.000000,1.242846,0,0,0,0,single,0,1
moving_015_r03_s10003,3.168,-0.171501,-0.450547,0.000547,0,99.000000,1.242441,0,0,0,0,single,0,1
moving_015_r03_s10003,3.200,-0.168557,-0.450552,0.000552,0,99.000000,1.242042,0,0,0,0,single,0,1
moving_015_r03_s10003,3.232,-0.165613,-0.450556,0.000556,0,99.000000,1.241651,0,0,0,0,single,0,1
moving_015_r03_s10003,3.264,-0.162669,-0.450561,0.000561,0,99.000000,1.241266,0,0,0,0,single,0,1
moving_015_r03_s10003,3.296,-0.159725,-0.450565,0.000565,0,99.000000,1.240888,0,0,0,0,single,0,1
moving_015_r03_s10003,3.328,-0.156781,-0.450570,0.000570,0,99.000000,1.240517,0,0,0,0,single,0,1
moving_015_r03_s10003,3.360,-0.153837,-0.450575,0.000575,0,99.000000,1.240153,0,0,0,0,single,0,1
moving_015_r03_s10003,3.392,-0.150893,-0.450579,0.000579,0,99.000000,1.239796,0,0,0,0,single,0,1
moving_015_r03_s10003,3.424,-0.147949,-0.450584,0.000584,0,99.000000,1.239446,0,0,0,0,single,0,1
moving_015_r03_s10003,3.456,-0.145005,-0.450588,0.000588,0,99.000000,1.239102,0,0,0,0,single,0,1
moving_015_r03_s10003,3.488,-0.142061,-0.450593,0.000593,0,99.000000,1.238766,0,0,0,0,single,0,1
moving_015_r03_s10003,3.520,-0.139117,-0.450598,0.000598,0,99.000000,1.238436,0,0,0,0,single,0,1
moving_015_r03_s10003,3.552,-0.136173,-0.450602,0.000602,0,99.000000,1.238113,0,0,0,0,single,0,1
moving_015_r03_s10003,3.584,-0.133229,-0.450607,0.000607,0,99.000000,1.237798,0,0,0,0,single,0,1
moving_015_r03_s10003,3.616,-0.130285,-0.450611,0.000611,0,99.000000,1.237489,0,0,0,0,single,0,1
moving_015_r03_s10003,3.648,-0.127341,-0.450616,0.000616,0,99.000000,1.237187,0,0,0,0,single,0,1
moving_015_r03_s10003,3.680,-0.124397,-0.450620,0.000620,0,99.000000,1.236892,0,0,0,0,single,0,1
moving_015_r03_s10003,3.712,-0.121453,-0.450625,0.000625,0,99.000000,1.236604,0,0,0,0,single,0,1
moving_015_r03_s10003,3.744,-0.118509,-0.450630,0.000630,0,99.000000,1.236323,0,0,0,0,single,0,1
moving_015_r03_s10003,3.776,-0.115565,-0.450634,0.000634,0,99.000000,1.236048,0,0,0,0,single,0,1
moving_015_r03_s10003,3.808,-0.112621,-0.450639,0.000639,0,99.000000,1.235781,0,0,0,0,single,0,1
moving_015_r03_s10003,3.840,-0.109677,-0.450643,0.000643,0,99.000000,1.235521,0,0,0,0,single,0,1
moving_015_r03_s10003,3.872,-0.106733,-0.450648,0.000648,0,99.000000,1.235268,0,0,0,0,single,0,1
moving_015_r03_s10003,3.904,-0.103789,-0.450652,0.000652,0,99.000000,1.235021,0,0,0,0,single,0,1
moving_015_r03_s10003,3.936,-0.100845,-0.450657,0.000657,0,99.000000,1.234782,0,0,0,0,single,0,1
moving_015_r03_s10003,3.968,-0.097901,-0.450662,0.000662,0,99.000000,1.234550,0,0,0,0,single,0,1
moving_015_r03_s10003,4.000,-0.094957,-0.450666,0.000666,0,99.000000,1.234324,0,0,0,0,single,0,1
moving_015_r03_s10003,4.032,-0.092013,-0.450671,0.000671,0,99.000000,1.234106,0,0,0,0,single,0,1
moving_015_r03_s10003,4.064,-0.089069,-0.450675,0.000675,0,99.000000,1.233894,0,0,0,0,single,0,1
moving_015_r03_s10003,4.096,-0.086125,-0.450680,0.000680,0,99.000000,1.233690,0,0,0,0,single,0,1
moving_015_r03_s10003,4.128,-0.083181,-0.450689,0.000689,0,99.000000,1.233497,0,0,0,0,single,0,1
moving_015_r03_s10003,4.160,-0.080237,-0.450702,0.000702,0,99.000000,1.233315,0,0,0,0,single,0,1
moving_015_r03_s10003,4.192,-0.077293,-0.450719,0.000719,0,99.000000,1.233143,0,0,0,0,single,0,1
moving_015_r03_s10003,4.224,-0.074349,-0.450734,0.000734,0,99.000000,1.232978,0,0,0,0,single,0,1
moving_015_r03_s10003,4.256,-0.071405,-0.450754,0.000754,0,99.000000,1.232823,0,0,0,0,single,0,1
moving_015_r03_s10003,4.288,-0.068461,-0.450772,0.000772,0,99.000000,1.232675,0,0,0,0,single,0,1
moving_015_r03_s10003,4.320,-0.065517,-0.450791,0.000791,0,99.000000,1.232533,0,0,0,0,single,0,1
moving_015_r03_s10003,4.352,-0.062573,-0.450809,0.000809,0,99.000000,1.232399,0,0,0,0,single,0,1
moving_015_r03_s10003,4.384,-0.059630,-0.450827,0.000827,0,99.000000,1.232271,0,0,0,0,single,0,1
moving_015_r03_s10003,4.416,-0.056686,-0.450850,0.000850,0,99.000000,1.232155,0,0,0,0,single,0,1
moving_015_r03_s10003,4.448,-0.053742,-0.450877,0.000877,0,99.000000,1.232049,0,0,0,0,single,0,1
moving_015_r03_s10003,4.480,-0.050798,-0.450902,0.000902,0,99.000000,1.231950,0,0,0,0,single,0,1
moving_015_r03_s10003,4.512,-0.047854,-0.450927,0.000927,0,99.000000,1.231857,0,0,0,0,single,0,1
moving_015_r03_s10003,4.544,-0.044910,-0.450952,0.000952,0,99.000000,1.231771,0,0,0,0,single,0,1
moving_015_r03_s10003,4.576,-0.041966,-0.450981,0.000981,0,99.000000,1.231696,0,0,0,0,single,0,1
moving_015_r03_s10003,4.608,-0.039022,-0.451014,0.001014,0,99.000000,1.231633,0,0,0,0,single,0,1
moving_015_r03_s10003,4.640,-0.036079,-0.451051,0.001051,0,99.000000,1.231579,0,0,0,0,single,0,1
moving_015_r03_s10003,4.672,-0.033135,-0.451091,0.001091,0,99.000000,1.231537,0,0,0,0,single,0,1
moving_015_r03_s10003,4.704,-0.030191,-0.451134,0.001134,0,99.000000,1.231505,0,0,0,0,single,0,1
moving_015_r03_s10003,4.736,-0.027247,-0.451177,0.001177,0,99.000000,1.231478,0,0,0,0,single,0,1
moving_015_r03_s10003,4.768,-0.024304,-0.451223,0.001223,0,99.000000,1.231463,0,0,0,0,single,0,1
moving_015_r03_s10003,4.800,-0.021360,-0.451268,0.001268,0,99.000000,1.231454,0,0,0,0,single,0,1
moving_015_r03_s10003,4.832,-0.018417,-0.451318,0.001318,0,99.000000,1.231456,0,0,0,0,single,0,1
moving_015_r03_s10003,4.864,-0.015473,-0.451367,0.001367,0,99.000000,1.231464,0,0,0,0,single,0,1
moving_015_r03_s10003,4.896,-0.012529,-0.451420,0.001420,0,99.000000,1.231484,0,0,0,0,single,0,1
moving_015_r03_s10003,4.928,-0.009586,-0.451476,0.001476,0,99.000000,1.231514,0,0,0,0,single,0,1
moving_015_r03_s10003,4.960,-0.006643,-0.451536,0.001536,0,99.000000,1.231554,0,0,0,0,single,0,1
moving_015_r03_s10003,4.992,-0.003699,-0.451600,0.001600,0,99.000000,1.231605,0,0,0,0,single,0,1
moving_015_r03_s10003,5.024,-0.000756,-0.451666,0.001666,0,99.000000,1.231667,0,0,0,0,single,0,1
moving_015_r03_s10003,5.056,0.002187,-0.451732,0.001732,0,99.000000,1.231734,0,0,0,0,single,0,1
moving_015_r03_s10003,5.088,0.005131,-0.451797,0.001797,0,99.000000,1.231808,0,0,0,0,single,0,1
moving_015_r03_s10003,5.120,0.008074,-0.451862,0.001862,0,99.000000,1.231888,0,0,0,0,single,0,1
moving_015_r03_s10003,5.152,0.011017,-0.451927,0.001927,0,99.000000,1.231976,0,0,0,0,single,0,1
moving_015_r03_s10003,5.184,0.013960,-0.451996,0.001996,0,99.000000,1.232075,0,0,0,0,single,0,1
moving_015_r03_s10003,5.216,0.016903,-0.452069,0.002069,0,99.000000,1.232185,0,0,0,0,single,0,1
moving_015_r03_s10003,5.248,0.019846,-0.452145,0.002145,0,99.000000,1.232305,0,0,0,0,single,0,1
moving_015_r03_s10003,5.280,0.022789,-0.452225,0.002225,0,99.000000,1.232436,0,0,0,0,single,0,1
moving_015_r03_s10003,5.312,0.025732,-0.452308,0.002308,0,99.000000,1.232577,0,0,0,0,single,0,1
moving_015_r03_s10003,5.344,0.028675,-0.452390,0.002390,0,99.000000,1.232724,0,0,0,0,single,0,1
moving_015_r03_s10003,5.376,0.031618,-0.452472,0.002472,0,99.000000,1.232877,0,0,0,0,single,0,1
moving_015_r03_s10003,5.408,0.034561,-0.452553,0.002553,0,99.000000,1.233038,0,0,0,0,single,0,1
moving_015_r03_s10003,5.440,0.037504,-0.452635,0.002635,0,99.000000,1.233205,0,0,0,0,single,0,1
moving_015_r03_s10003,5.472,0.040446,-0.452721,0.002721,0,99.000000,1.233384,0,0,0,0,single,0,1
moving_015_r03_s10003,5.504,0.043389,-0.452810,0.002810,0,99.000000,1.233574,0,0,0,0,single,0,1
moving_015_r03_s10003,5.536,0.046332,-0.452903,0.002903,0,99.000000,1.233774,0,0,0,0,single,0,1
moving_015_r03_s10003,5.568,0.049274,-0.453000,0.003000,0,99.000000,1.233984,0,0,0,0,single,0,1
moving_015_r03_s10003,5.600,0.052216,-0.453095,0.003095,0,99.000000,1.234200,0,0,0,0,single,0,1
moving_015_r03_s10003,5.632,0.055159,-0.453190,0.003190,0,99.000000,1.234423,0,0,0,0,single,0,1
moving_015_r03_s10003,5.664,0.058101,-0.453285,0.003285,0,99.000000,1.234652,0,0,0,0,single,0,1
moving_015_r03_s10003,5.696,0.061044,-0.453384,0.003384,0,99.000000,1.234894,0,0,0,0,single,0,1
moving_015_r03_s10003,5.728,0.063986,-0.453487,0.003487,0,99.000000,1.235145,0,0,0,0,single,0,1
moving_015_r03_s10003,5.760,0.066928,-0.453593,0.003593,0,99.000000,1.235407,0,0,0,0,single,0,1
moving_015_r03_s10003,5.792,0.069870,-0.453703,0.003703,0,99.000000,1.235680,0,0,0,0,single,0,1
moving_015_r03_s10003,5.824,0.072812,-0.453816,0.003816,0,99.000000,1.235963,0,0,0,0,single,0,1
moving_015_r03_s10003,5.856,0.075753,-0.453933,0.003933,0,99.000000,1.236256,0,0,0,0,single,0,1
moving_015_r03_s10003,5.888,0.078695,-0.454048,0.004048,0,99.000000,1.236555,0,0,0,0,single,0,1
moving_015_r03_s10003,5.920,0.081637,-0.454168,0.004168,0,99.000000,1.236865,0,0,0,0,single,0,1
moving_015_r03_s10003,5.952,0.084578,-0.454291,0.004291,0,99.000000,1.237185,0,0,0,0,single,0,1
moving_015_r03_s10003,5.984,0.087520,-0.454418,0.004418,0,99.000000,1.237516,0,0,0,0,single,0,1
moving_015_r03_s10003,6.016,0.090461,-0.454548,0.004548,0,99.000000,1.237857,0,0,0,0,single,0,1
moving_015_r03_s10003,6.048,0.093402,-0.454681,0.004681,0,99.000000,1.238209,0,0,0,0,single,0,1
moving_015_r03_s10003,6.080,0.096342,-0.454820,0.004820,0,99.000000,1.238573,0,0,0,0,single,0,1
moving_015_r03_s10003,6.112,0.099283,-0.454964,0.004964,0,99.000000,1.238949,0,0,0,0,single,0,1
moving_015_r03_s10003,6.144,0.102223,-0.455114,0.005114,0,99.000000,1.239337,0,0,0,0,single,0,1
moving_015_r03_s10003,6.176,0.105163,-0.455268,0.005268,0,99.000000,1.239737,0,0,0,0,single,0,1
moving_015_r03_s10003,6.208,0.108103,-0.455428,0.005428,0,99.000000,1.240148,0,0,0,0,single,0,1
moving_015_r03_s10003,6.240,0.111042,-0.455592,0.005592,0,99.000000,1.240572,0,0,0,0,single,0,1
moving_015_r03_s10003,6.272,0.113981,-0.455762,0.005762,0,99.000000,1.241007,0,0,0,0,single,0,1
moving_015_r03_s10003,6.304,0.116920,-0.455937,0.005937,0,99.000000,1.241455,0,0,0,0,single,0,1
moving_015_r03_s10003,6.336,0.119859,-0.456116,0.006116,0,99.000000,1.241914,0,0,0,0,single,0,1
moving_015_r03_s10003,6.368,0.122797,-0.456298,0.006298,0,99.000000,1.242382,0,0,0,0,single,0,1
moving_015_r03_s10003,6.400,0.125735,-0.456484,0.006484,0,99.000000,1.242860,0,0,0,0,single,0,1
moving_015_r03_s10003,6.432,0.128673,-0.456672,0.006672,0,99.000000,1.243348,0,0,0,0,single,0,1
moving_015_r03_s10003,6.464,0.131611,-0.456864,0.006864,0,99.000000,1.243846,0,0,0,0,single,0,1
moving_015_r03_s10003,6.496,0.134548,-0.457061,0.007061,0,99.000000,1.244357,0,0,0,0,single,0,1
moving_015_r03_s10003,6.528,0.137485,-0.457264,0.007264,0,99.000000,1.244879,0,0,0,0,single,0,1
moving_015_r03_s10003,6.560,0.140422,-0.457470,0.007470,0,99.000000,1.245412,0,0,0,0,single,0,1
moving_015_r03_s10003,6.592,0.143359,-0.457679,0.007679,0,99.000000,1.245954,0,0,0,0,single,0,1
moving_015_r03_s10003,6.624,0.146295,-0.457887,0.007887,0,99.000000,1.246502,0,0,0,0,single,0,1
moving_015_r03_s10003,6.656,0.149232,-0.458094,0.008094,0,99.000000,1.247056,0,0,0,0,single,0,1
moving_015_r03_s10003,6.688,0.152169,-0.458302,0.008302,0,99.000000,1.247616,0,0,0,0,single,0,1
moving_015_r03_s10003,6.720,0.155106,-0.458504,0.008504,0,99.000000,1.248178,0,0,0,0,single,0,1
moving_015_r03_s10003,6.752,0.158043,-0.458700,0.008700,0,99.000000,1.248741,0,0,0,0,single,0,1
moving_015_r03_s10003,6.784,0.160981,-0.458890,0.008890,0,99.000000,1.249305,0,0,0,0,single,0,1
moving_015_r03_s10003,6.816,0.163919,-0.459073,0.009073,0,99.000000,1.249868,0,0,0,0,single,0,1
moving_015_r03_s10003,6.848,0.166858,-0.459251,0.009251,0,99.000000,1.250434,0,0,0,0,single,0,1
moving_015_r03_s10003,6.880,0.169797,-0.459419,0.009419,0,99.000000,1.250996,0,0,0,0,single,0,1
moving_015_r03_s10003,6.912,0.172737,-0.459578,0.009578,0,99.000000,1.251556,0,0,0,0,single,0,1
moving_015_r03_s10003,6.944,0.175678,-0.459729,0.009729,0,99.000000,1.252114,0,0,0,0,single,0,1
moving_015_r03_s10003,6.976,0.178618,-0.459869,0.009869,0,99.000000,1.252669,0,0,0,0,single,0,1
moving_015_r03_s10003,7.008,0.181560,-0.459998,0.009998,0,99.000000,1.253220,0,0,0,0,single,0,1
moving_015_r03_s10003,7.040,0.184501,-0.460115,0.010115,0,99.000000,1.253765,0,0,0,0,single,0,1
moving_015_r03_s10003,7.072,0.187444,-0.460223,0.010223,0,99.000000,1.254308,0,0,0,0,single,0,1
moving_015_r03_s10003,7.104,0.190386,-0.460318,0.010318,0,99.000000,1.254845,0,0,0,0,single,0,1
moving_015_r03_s10003,7.136,0.193329,-0.460402,0.010402,0,99.000000,1.255377,0,0,0,0,single,0,1
moving_015_r03_s10003,7.168,0.196272,-0.460473,0.010473,0,99.000000,1.255905,0,0,0,0,single,0,1
moving_015_r03_s10003,7.200,0.199216,-0.460533,0.010533,0,99.000000,1.256427,0,0,0,0,single,0,1
moving_015_r03_s10003,7.232,0.202160,-0.460582,0.010582,0,99.000000,1.256945,0,0,0,0,single,0,1
moving_015_r03_s10003,7.264,0.205103,-0.460620,0.010620,0,99.000000,1.257460,0,0,0,0,single,0,1
moving_015_r03_s10003,7.296,0.208047,-0.460651,0.010651,0,99.000000,1.257974,0,0,0,0,single,0,1
moving_015_r03_s10003,7.328,0.210991,-0.460673,0.010673,0,99.000000,1.258486,0,0,0,0,single,0,1
moving_015_r03_s10003,7.360,0.213935,-0.460691,0.010691,0,99.000000,1.259000,0,0,0,0,single,0,1
moving_015_r03_s10003,7.392,0.216879,-0.460701,0.010701,0,99.000000,1.259514,0,0,0,0,single,0,1
moving_015_r03_s10003,7.424,0.219823,-0.460711,0.010711,0,99.000000,1.260034,0,0,0,0,single,0,1
moving_015_r03_s10003,7.456,0.222767,-0.460717,0.010717,0,99.000000,1.260557,0,0,0,0,single,0,1
moving_015_r03_s10003,7.488,0.225710,-0.460726,0.010726,0,99.000000,1.261089,0,0,0,0,single,0,1
moving_015_r03_s10003,7.520,0.228654,-0.460735,0.010735,0,99.000000,1.261628,0,0,0,0,single,0,1
moving_015_r03_s10003,7.552,0.231598,-0.460744,0.010744,0,99.000000,1.262174,0,0,0,0,single,0,1
moving_015_r03_s10003,7.584,0.234542,-0.460749,0.010749,0,99.000000,1.262723,0,0,0,0,single,0,1
moving_015_r03_s10003,7.616,0.237486,-0.460756,0.010756,0,99.000000,1.263279,0,0,0,0,single,0,1
moving_015_r03_s10003,7.648,0.240430,-0.460763,0.010763,0,99.000000,1.263843,0,0,0,0,single,0,1
moving_015_r03_s10003,7.680,0.243374,-0.460770,0.010770,0,99.000000,1.264413,0,0,0,0,single,0,1
moving_015_r03_s10003,7.712,0.246318,-0.460777,0.010777,0,99.000000,1.264990,0,0,0,0,single,0,1
moving_015_r03_s10003,7.744,0.249262,-0.460784,0.010784,0,99.000000,1.265574,0,0,0,0,single,0,1
moving_015_r03_s10003,7.776,0.252206,-0.460792,0.010792,0,99.000000,1.266164,0,0,0,0,single,0,1
moving_015_r03_s10003,7.808,0.255150,-0.460794,0.010794,0,99.000000,1.266756,0,0,0,0,single,0,1
moving_015_r03_s10003,7.840,0.258094,-0.460798,0.010798,0,99.000000,1.267356,0,0,0,0,single,0,1
moving_015_r03_s10003,7.872,0.261038,-0.460797,0.010797,0,99.000000,1.267958,0,0,0,0,single,0,1
moving_015_r03_s10003,7.904,0.263982,-0.460797,0.010797,0,99.000000,1.268568,0,0,0,0,single,0,1
moving_015_r03_s10003,7.936,0.266926,-0.460798,0.010798,0,99.000000,1.269184,0,0,0,0,single,0,1
moving_015_r03_s10003,7.968,0.269870,-0.460793,0.010793,0,99.000000,1.269802,0,0,0,0,single,0,1
moving_015_r03_s10003,8.000,0.272814,-0.460785,0.010785,0,99.000000,1.270424,0,0,0,0,single,0,1
moving_015_r03_s10003,8.032,0.275758,-0.460779,0.010779,0,99.000000,1.271053,0,0,0,0,single,0,1
moving_015_r03_s10003,8.064,0.278702,-0.460768,0.010768,0,99.000000,1.271684,0,0,0,0,single,0,1
moving_015_r03_s10003,8.096,0.281646,-0.460753,0.010753,0,99.000000,1.272318,0,0,0,0,single,0,1
moving_015_r03_s10003,8.128,0.284590,-0.460739,0.010739,0,99.000000,1.272959,0,0,0,0,single,0,1
moving_015_r03_s10003,8.160,0.287534,-0.460726,0.010726,0,99.000000,1.273608,0,0,0,0,single,0,1
moving_015_r03_s10003,8.192,0.290478,-0.460713,0.010713,0,99.000000,1.274263,0,0,0,0,single,0,1
moving_015_r03_s10003,8.224,0.293422,-0.460700,0.010700,0,99.000000,1.274925,0,0,0,0,single,0,1
moving_015_r03_s10003,8.256,0.296366,-0.460687,0.010687,0,99.000000,1.275593,0,0,0,0,single,0,1
moving_015_r03_s10003,8.288,0.299310,-0.460674,0.010674,0,99.000000,1.276268,0,0,0,0,single,0,1
moving_015_r03_s10003,8.320,0.302254,-0.460662,0.010662,0,99.000000,1.276949,0,0,0,0,single,0,1
moving_015_r03_s10003,8.352,0.305198,-0.460649,0.010649,0,99.000000,1.277637,0,0,0,0,single,0,1
moving_015_r03_s10003,8.384,0.308142,-0.460636,0.010636,0,99.000000,1.278331,0,0,0,0,single,0,1
moving_015_r03_s10003,8.416,0.311086,-0.460624,0.010624,0,99.000000,1.279032,0,0,0,0,single,0,1
moving_015_r03_s10003,8.448,0.314030,-0.460611,0.010611,0,99.000000,1.279739,0,0,0,0,single,0,1
moving_015_r03_s10003,8.480,0.316974,-0.460599,0.010599,0,99.000000,1.280452,0,0,0,0,single,0,1
moving_015_r03_s10003,8.512,0.319918,-0.460586,0.010586,0,99.000000,1.281172,0,0,0,0,single,0,1
moving_015_r03_s10003,8.544,0.322862,-0.460573,0.010573,0,99.000000,1.281898,0,0,0,0,single,0,1
moving_015_r03_s10003,8.576,0.325806,-0.460561,0.010561,0,99.000000,1.282630,0,0,0,0,single,0,1
moving_015_r03_s10003,8.608,0.328750,-0.460548,0.010548,0,99.000000,1.283369,0,0,0,0,single,0,1
moving_015_r03_s10003,8.640,0.331694,-0.460536,0.010536,0,99.000000,1.284114,0,0,0,0,single,0,1
moving_015_r03_s10003,8.672,0.334638,-0.460523,0.010523,0,99.000000,1.284866,0,0,0,0,single,0,1
moving_015_r03_s10003,8.704,0.337582,-0.460511,0.010511,0,99.000000,1.285623,0,0,0,0,single,0,1
moving_015_r03_s10003,8.736,0.340526,-0.460498,0.010498,0,99.000000,1.286388,0,0,0,0,single,0,1
moving_015_r03_s10003,8.768,0.343470,-0.460485,0.010485,0,99.000000,1.287158,0,0,0,0,single,0,1
moving_015_r03_s10003,8.800,0.346414,-0.460473,0.010473,0,99.000000,1.287934,0,0,0,0,single,0,1
moving_015_r03_s10003,8.832,0.349357,-0.460460,0.010460,0,99.000000,1.288717,0,0,0,0,single,0,1
moving_015_r03_s10003,8.864,0.352301,-0.460448,0.010448,0,99.000000,1.289506,0,0,0,0,single,0,1
moving_015_r03_s10003,8.896,0.355245,-0.460435,0.010435,0,99.000000,1.290302,0,0,0,0,single,0,1
moving_015_r03_s10003,8.928,0.358189,-0.460422,0.010422,0,99.000000,1.291103,0,0,0,0,single,0,1
moving_015_r03_s10003,8.960,0.361133,-0.460410,0.010410,0,99.000000,1.291911,0,0,0,0,single,0,1
moving_015_r03_s10003,8.992,0.364077,-0.460397,0.010397,0,99.000000,1.292725,0,0,0,0,single,0,1
moving_015_r03_s10003,9.024,0.367021,-0.460385,0.010385,0,99.000000,1.293545,0,0,0,0,single,0,1
moving_015_r03_s10003,9.056,0.369965,-0.460372,0.010372,0,99.000000,1.294371,0,0,0,0,single,0,1
moving_015_r03_s10003,9.088,0.372909,-0.460359,0.010359,0,99.000000,1.295204,0,0,0,0,single,0,1
moving_015_r03_s10003,9.120,0.375853,-0.460347,0.010347,0,99.000000,1.296042,0,0,0,0,single,0,1
moving_015_r03_s10003,9.152,0.378797,-0.460334,0.010334,0,99.000000,1.296887,0,0,0,0,single,0,1
moving_015_r03_s10003,9.184,0.381741,-0.460321,0.010321,0,99.000000,1.297738,0,0,0,0,single,0,1
moving_015_r03_s10003,9.216,0.384685,-0.460314,0.010314,0,99.000000,1.298599,0,0,0,0,single,0,1
moving_015_r03_s10003,9.248,0.387629,-0.460305,0.010305,0,99.000000,1.299466,0,0,0,0,single,0,1
moving_015_r03_s10003,9.280,0.390573,-0.460295,0.010295,0,99.000000,1.300339,0,0,0,0,single,0,1
moving_015_r03_s10003,9.312,0.393517,-0.460286,0.010286,0,99.000000,1.301217,0,0,0,0,single,0,1
moving_015_r03_s10003,9.344,0.396461,-0.460277,0.010277,0,99.000000,1.302102,0,0,0,0,single,0,1
moving_015_r03_s10003,9.376,0.399405,-0.460268,0.010268,0,99.000000,1.302992,0,0,0,0,single,0,1
moving_015_r03_s10003,9.408,0.402349,-0.460259,0.010259,0,99.000000,1.303889,0,0,0,0,single,0,1
moving_015_r03_s10003,9.440,0.405293,-0.460250,0.010250,0,99.000000,1.304792,0,0,0,0,single,0,1
moving_015_r03_s10003,9.472,0.408237,-0.460240,0.010240,0,99.000000,1.305700,0,0,0,0,single,0,1
moving_015_r03_s10003,9.504,0.411181,-0.460231,0.010231,0,99.000000,1.306615,0,0,0,0,single,0,1
moving_015_r03_s10003,9.536,0.414125,-0.460222,0.010222,0,99.000000,1.307536,0,0,0,0,single,0,1
moving_015_r03_s10003,9.568,0.417069,-0.460212,0.010212,0,99.000000,1.308462,0,0,0,0,single,0,1
moving_015_r03_s10003,9.600,0.420013,-0.460203,0.010203,0,99.000000,1.309395,0,0,0,0,single,0,1
moving_015_r03_s10003,9.632,0.422957,-0.460194,0.010194,0,99.000000,1.310333,0,0,0,0,single,0,1
moving_015_r03_s10003,9.664,0.425901,-0.460184,0.010184,0,99.000000,1.311278,0,0,0,0,single,0,1
moving_015_r03_s10003,9.696,0.428845,-0.460175,0.010175,0,99.000000,1.312228,0,0,0,0,single,0,1
moving_015_r03_s10003,9.728,0.431789,-0.460166,0.010166,0,99.000000,1.313184,0,0,0,0,single,0,1
moving_015_r03_s10003,9.760,0.434733,-0.460156,0.010156,0,99.000000,1.314146,0,0,0,0,single,0,1
moving_015_r03_s10003,9.792,0.437677,-0.460147,0.010147,0,99.000000,1.315114,0,0,0,0,single,0,1
moving_015_r03_s10003,9.824,0.440621,-0.460138,0.010138,0,99.000000,1.316088,0,0,0,0,single,0,1
moving_015_r03_s10003,9.856,0.443565,-0.460128,0.010128,0,99.000000,1.317068,0,0,0,0,single,0,1
moving_015_r03_s10003,9.888,0.446509,-0.460119,0.010119,0,99.000000,1.318054,0,0,0,0,single,0,1
moving_015_r03_s10003,9.920,0.449453,-0.460110,0.010110,0,99.000000,1.319045,0,0,0,0,single,0,1
moving_015_r03_s10003,9.952,0.452397,-0.460100,0.010100,0,99.000000,1.320042,0,0,0,0,single,0,1
moving_015_r03_s10003,9.984,0.455341,-0.460091,0.010091,0,99.000000,1.321045,0,0,0,0,single,0,1
moving_015_r03_s10003,10.016,0.458285,-0.460082,0.010082,0,99.000000,1.322054,0,0,0,0,single,0,1
moving_015_r03_s10003,10.048,0.461229,-0.460072,0.010072,0,99.000000,1.323069,0,0,0,0,single,0,1
moving_015_r03_s10003,10.080,0.464173,-0.460063,0.010063,0,99.000000,1.324089,0,0,0,0,single,0,1
moving_015_r03_s10003,10.112,0.467117,-0.460058,0.010058,0,99.000000,1.325120,0,0,0,0,single,0,1
moving_015_r03_s10003,10.144,0.470061,-0.460057,0.010057,0,99.000000,1.326160,0,0,0,0,single,0,1
moving_015_r03_s10003,10.176,0.473005,-0.460055,0.010055,0,99.000000,1.327204,0,0,0,0,single,0,1
moving_015_r03_s10003,10.208,0.475949,-0.460053,0.010053,0,99.000000,1.328254,0,0,0,0,single,0,1
moving_015_r03_s10003,10.240,0.478893,-0.460051,0.010051,0,99.000000,1.329310,0,0,0,0,single,0,1
moving_015_r03_s10003,10.272,0.481837,-0.460048,0.010048,0,99.000000,1.330371,0,0,0,0,single,0,1
moving_015_r03_s10003,10.304,0.484781,-0.460046,0.010046,0,99.000000,1.331437,0,0,0,0,single,0,1
moving_015_r03_s10003,10.336,0.487725,-0.460043,0.010043,0,99.000000,1.332510,0,0,0,0,single,0,1
moving_015_r03_s10003,10.368,0.490669,-0.460040,0.010040,0,99.000000,1.333588,0,0,0,0,single,0,1
moving_015_r03_s10003,10.400,0.493613,-0.460038,0.010038,0,99.000000,1.334671,0,0,0,0,single,0,1
moving_015_r03_s10003,10.432,0.496557,-0.460035,0.010035,0,99.000000,1.335760,0,0,0,0,single,0,1
moving_015_r03_s10003,10.464,0.499501,-0.460032,0.010032,0,99.000000,1.336855,0,0,0,0,single,0,1
moving_015_r03_s10003,10.496,0.502445,-0.460030,0.010030,0,99.000000,1.337955,0,0,0,0,single,0,1
moving_015_r03_s10003,10.528,0.505389,-0.460027,0.010027,0,99.000000,1.339061,0,0,0,0,single,0,1
moving_015_r03_s10003,10.560,0.508333,-0.460024,0.010024,0,99.000000,1.340172,0,0,0,0,single,0,1
moving_015_r03_s10003,10.592,0.511277,-0.460022,0.010022,0,99.000000,1.341289,0,0,0,0,single,0,1
moving_015_r03_s10003,10.624,0.514221,-0.460019,0.010019,0,99.000000,1.342412,0,0,0,0,single,0,1
moving_015_r03_s10003,10.656,0.517165,-0.460016,0.010016,0,99.000000,1.343540,0,0,0,0,single,0,1
moving_015_r03_s10003,10.688,0.520109,-0.460013,0.010013,0,99.000000,1.344673,0,0,0,0,single,0,1
moving_015_r03_s10003,10.720,0.523053,-0.460011,0.010011,0,99.000000,1.345812,0,0,0,0,single,0,1
moving_015_r03_s10003,10.752,0.525997,-0.460008,0.010008,0,99.000000,1.346957,0,0,0,0,single,0,1
moving_015_r03_s10003,10.784,0.528941,-0.460005,0.010005,0,99.000000,1.348106,0,0,0,0,single,0,1
moving_015_r03_s10003,10.816,0.531885,-0.460002,0.010002,0,99.000000,1.349262,0,0,0,0,single,0,1
moving_015_r03_s10003,10.848,0.534829,-0.460000,0.010000,0,99.000000,1.350422,0,0,0,0,single,0,1
moving_015_r03_s10003,10.880,0.537773,-0.459997,0.009997,0,99.000000,1.351589,0,0,0,0,single,0,1
moving_015_r03_s10003,10.912,0.540717,-0.459994,0.009994,0,99.000000,1.352760,0,0,0,0,single,0,1
moving_015_r03_s10003,10.944,0.543661,-0.459991,0.009991,0,99.000000,1.353937,0,0,0,0,single,0,1
moving_015_r03_s10003,10.976,0.546605,-0.459989,0.009989,0,99.000000,1.355119,0,0,0,0,single,0,1
moving_015_r03_s10003,11.008,0.549549,-0.459986,0.009986,0,99.000000,1.356307,0,0,0,0,single,0,1
moving_015_r03_s10003,11.040,0.552493,-0.459983,0.009983,0,99.000000,1.357500,0,0,0,0,single,0,1
moving_015_r03_s10003,11.072,0.555437,-0.459980,0.009980,0,99.000000,1.358698,0,0,0,0,single,0,1
moving_015_r03_s10003,11.104,0.558381,-0.459978,0.009978,0,99.000000,1.359902,0,0,0,0,single,0,1
moving_015_r03_s10003,11.136,0.561325,-0.459975,0.009975,0,99.000000,1.361111,0,0,0,0,single,0,1
moving_015_r03_s10003,11.168,0.564269,-0.459972,0.009972,0,99.000000,1.362325,0,0,0,0,single,0,1
moving_015_r03_s10003,11.200,0.567213,-0.459969,0.009969,0,99.000000,1.363545,0,0,0,0,single,0,1
moving_015_r03_s10003,11.232,0.570157,-0.459967,0.009967,0,99.000000,1.364770,0,0,0,0,single,0,1
moving_015_r03_s10003,11.264,0.573101,-0.459959,0.009959,0,99.000000,1.365995,0,0,0,0,single,0,1
moving_015_r03_s10003,11.296,0.576045,-0.459948,0.009948,0,99.000000,1.367223,0,0,0,0,single,0,1
moving_015_r03_s10003,11.328,0.578989,-0.459938,0.009938,0,99.000000,1.368457,0,0,0,0,single,0,1
moving_015_r03_s10003,11.360,0.581933,-0.459921,0.009921,0,99.000000,1.369690,0,0,0,0,single,0,1
moving_015_r03_s10003,11.392,0.584877,-0.459899,0.009899,0,99.000000,1.370923,0,0,0,0,single,0,1
moving_015_r03_s10003,11.424,0.587821,-0.459869,0.009869,0,99.000000,1.372155,0,0,0,0,single,0,1
moving_015_r03_s10003,11.456,0.590764,-0.459835,0.009835,0,99.000000,1.373387,0,0,0,0,single,0,1
moving_015_r03_s10003,11.488,0.593708,-0.459802,0.009802,0,99.000000,1.374627,0,0,0,0,single,0,1
moving_015_r03_s10003,11.520,0.596652,-0.459765,0.009765,0,99.000000,1.375868,0,0,0,0,single,0,1
moving_015_r03_s10003,11.552,0.599596,-0.459725,0.009725,0,99.000000,1.377110,0,0,0,0,single,0,1
moving_015_r03_s10003,11.584,0.602539,-0.459686,0.009686,0,99.000000,1.378360,0,0,0,0,single,0,1
moving_015_r03_s10003,11.616,0.605483,-0.459648,0.009648,0,99.000000,1.379614,0,0,0,0,single,0,1
moving_015_r03_s10003,11.648,0.608427,-0.459605,0.009605,0,99.000000,1.380870,0,0,0,0,single,0,1
moving_015_r03_s10003,11.680,0.611370,-0.459558,0.009558,0,99.000000,1.382128,0,0,0,0,single,0,1
moving_015_r03_s10003,11.712,0.614314,-0.459508,0.009508,0,99.000000,1.383388,0,0,0,0,single,0,1
moving_015_r03_s10003,11.744,0.617258,-0.459455,0.009455,0,99.000000,1.384650,0,0,0,0,single,0,1
moving_015_r03_s10003,11.776,0.620201,-0.459398,0.009398,0,99.000000,1.385914,0,0,0,0,single,0,1
moving_015_r03_s10003,11.808,0.623144,-0.459336,0.009336,0,99.000000,1.387178,0,0,0,0,single,0,1
moving_015_r03_s10003,11.840,0.626088,-0.459268,0.009268,0,99.000000,1.388442,0,0,0,0,single,0,1
moving_015_r03_s10003,11.872,0.629031,-0.459196,0.009196,0,99.000000,1.389707,0,0,0,0,single,0,1
moving_015_r03_s10003,11.904,0.631974,-0.459118,0.009118,0,99.000000,1.390972,0,0,0,0,single,0,1
moving_015_r03_s10003,11.936,0.634917,-0.459037,0.009037,0,99.000000,1.392240,0,0,0,0,single,0,1
moving_015_r03_s10003,11.968,0.637860,-0.458954,0.008954,0,99.000000,1.393510,0,0,0,0,single,0,1
moving_015_r03_s10003,12.000,0.640802,-0.458867,0.008867,0,99.000000,1.394783,0,0,0,0,single,0,1
moving_015_r03_s10003,12.032,0.643745,-0.458777,0.008777,0,99.000000,1.396057,0,0,0,0,single,0,1
moving_015_r03_s10003,12.064,0.646687,-0.458681,0.008681,0,99.000000,1.397331,0,0,0,0,single,0,1
moving_015_r03_s10003,12.096,0.649630,-0.458580,0.008580,0,99.000000,1.398606,0,0,0,0,single,0,1
moving_015_r03_s10003,12.128,0.652572,-0.458475,0.008475,0,99.000000,1.399882,0,0,0,0,single,0,1
moving_015_r03_s10003,12.160,0.655514,-0.458363,0.008363,0,99.000000,1.401157,0,0,0,0,single,0,1
moving_015_r03_s10003,12.192,0.658455,-0.458243,0.008243,0,99.000000,1.402430,0,0,0,0,single,0,1
moving_015_r03_s10003,12.224,0.661397,-0.458117,0.008117,0,99.000000,1.403702,0,0,0,0,single,0,1
moving_015_r03_s10003,12.256,0.664338,-0.457984,0.007984,0,99.000000,1.404973,0,0,0,0,single,0,1
moving_015_r03_s10003,12.288,0.667278,-0.457845,0.007845,0,99.000000,1.406243,0,0,0,0,single,0,1
moving_015_r03_s10003,12.320,0.670219,-0.457698,0.007698,0,99.000000,1.407512,0,0,0,0,single,0,1
moving_015_r03_s10003,12.352,0.673159,-0.457545,0.007545,0,99.000000,1.408780,0,0,0,0,single,0,1
moving_015_r03_s10003,12.384,0.676099,-0.457386,0.007386,0,99.000000,1.410047,0,0,0,0,single,0,1
moving_015_r03_s10003,12.416,0.679038,-0.457217,0.007217,0,99.000000,1.411311,0,0,0,0,single,0,1
moving_015_r03_s10003,12.448,0.681977,-0.457038,0.007038,0,99.000000,1.412571,0,0,0,0,single,0,1
moving_015_r03_s10003,12.480,0.684915,-0.456849,0.006849,0,99.000000,1.413826,0,0,0,0,single,0,1
moving_015_r03_s10003,12.512,0.687852,-0.456650,0.006650,0,99.000000,1.415078,0,0,0,0,single,0,1
moving_015_r03_s10003,12.544,0.690789,-0.456441,0.006441,0,99.000000,1.416325,0,0,0,0,single,0,1
moving_015_r03_s10003,12.576,0.693725,-0.456224,0.006224,0,99.000000,1.417570,0,0,0,0,single,0,1
moving_015_r03_s10003,12.608,0.696660,-0.455999,0.005999,0,99.000000,1.418812,0,0,0,0,single,0,1
moving_015_r03_s10003,12.640,0.699595,-0.455770,0.005770,0,99.000000,1.420057,0,0,0,0,single,0,1
moving_015_r03_s10003,12.672,0.702530,-0.455540,0.005540,0,99.000000,1.421305,0,0,0,0,single,0,1
moving_015_r03_s10003,12.704,0.705466,-0.455320,0.005320,0,99.000000,1.422567,0,0,0,0,single,0,1
moving_015_r03_s10003,12.736,0.708401,-0.455099,0.005099,0,99.000000,1.423834,0,0,0,0,single,0,1
moving_015_r03_s10003,12.768,0.711335,-0.454854,0.004854,0,99.000000,1.425084,0,0,0,0,single,0,1
moving_015_r03_s10003,12.800,0.714268,-0.454592,0.004592,0,99.000000,1.426323,0,0,0,0,single,0,1
moving_015_r03_s10003,12.832,0.717199,-0.454313,0.004313,0,99.000000,1.427551,0,0,0,0,single,0,1
moving_015_r03_s10003,12.864,0.720129,-0.454018,0.004018,0,99.000000,1.428771,0,0,0,0,single,0,1
moving_015_r03_s10003,12.896,0.723057,-0.453711,0.003711,0,99.000000,1.429984,0,0,0,0,single,0,1
moving_015_r03_s10003,12.928,0.725983,-0.453390,0.003390,0,99.000000,1.431189,0,0,0,0,single,0,1
moving_015_r03_s10003,12.960,0.728909,-0.453058,0.003058,0,99.000000,1.432390,0,0,0,0,single,0,1
moving_015_r03_s10003,12.992,0.731833,-0.452715,0.002715,0,99.000000,1.433585,0,0,0,0,single,0,1
moving_015_r03_s10003,13.024,0.734755,-0.452360,0.002360,0,99.000000,1.434774,0,0,0,0,single,0,1
moving_015_r03_s10003,13.056,0.737676,-0.451994,0.001994,0,99.000000,1.435958,0,0,0,0,single,0,1
moving_015_r03_s10003,13.088,0.740597,-0.451620,0.001620,0,99.000000,1.437140,0,0,0,0,single,0,1
moving_015_r03_s10003,13.120,0.743516,-0.451240,0.001240,0,99.000000,1.438321,0,0,0,0,single,0,1
moving_015_r03_s10003,13.152,0.746434,-0.450851,0.000851,0,99.000000,1.439499,0,0,0,0,single,0,1
moving_015_r03_s10003,13.184,0.749351,-0.450456,0.000456,0,99.000000,1.440677,0,0,0,0,single,0,1
moving_015_r03_s10003,13.216,0.752268,-0.450058,0.000063,0,99.000000,1.441856,0,0,0,0,single,0,1
moving_015_r03_s10003,13.248,0.755184,-0.449655,0.000316,0,99.000000,1.443036,0,0,0,0,single,0,1
moving_015_r03_s10003,13.280,0.758100,-0.449249,0.000678,0,99.000000,1.444219,0,0,0,0,single,0,1
moving_015_r03_s10003,13.312,0.761016,-0.448846,0.001019,0,99.000000,1.445409,0,0,0,0,single,0,1
moving_015_r03_s10003,13.344,0.763932,-0.448443,0.001341,0,99.000000,1.446605,0,0,0,0,single,0,1
moving_015_r03_s10003,13.376,0.766850,-0.448050,0.001633,0,99.000000,1.447814,0,0,0,0,single,0,1
moving_015_r03_s10003,13.408,0.769770,-0.447672,0.001892,0,99.000000,1.449042,0,0,0,0,single,0,1
moving_015_r03_s10003,13.440,0.772693,-0.447316,0.002109,0,99.000000,1.450296,0,0,0,0,single,0,1
moving_015_r03_s10003,13.472,0.775618,-0.446988,0.002278,0,99.000000,1.451580,0,0,0,0,single,0,1
moving_015_r03_s10003,13.504,0.778540,-0.446640,0.002449,0,99.000000,1.452849,0,0,0,0,single,0,1
moving_015_r03_s10003,13.536,0.781455,-0.446170,0.002723,0,99.000000,1.454017,0,0,0,0,single,0,1
moving_015_r03_s10003,13.568,0.784359,-0.445618,0.003060,0,99.000000,1.455115,0,0,0,0,single,0,1
moving_015_r03_s10003,13.600,0.787238,-0.444985,0.003460,0,99.000000,1.456136,0,0,0,0,single,0,1
moving_015_r03_s10003,13.632,0.790116,-0.444355,0.003838,0,99.000000,1.457164,0,0,0,0,single,0,1
moving_015_r03_s10003,13.664,0.792989,-0.443712,0.004210,0,99.000000,1.458185,0,0,0,0,single,0,1
moving_015_r03_s10003,13.696,0.795857,-0.443055,0.004578,0,99.000000,1.459196,0,0,0,0,single,0,1
moving_015_r03_s10003,13.728,0.798722,-0.442386,0.004940,0,99.000000,1.460200,0,0,0,0,single,0,1
moving_015_r03_s10003,13.760,0.801584,-0.441706,0.005293,0,99.000000,1.461199,0,0,0,0,single,0,1
moving_015_r03_s10003,13.792,0.804443,-0.441016,0.005636,0,99.000000,1.462194,0,0,0,0,single,0,1
moving_015_r03_s10003,13.824,0.807301,-0.440317,0.005970,0,99.000000,1.463185,0,0,0,0,single,0,1
moving_015_r03_s10003,13.856,0.810156,-0.439610,0.006293,0,99.000000,1.464173,0,0,0,0,single,0,1
moving_015_r03_s10003,13.888,0.813010,-0.438897,0.006603,0,99.000000,1.465160,0,0,0,0,single,0,1
moving_015_r03_s10003,13.920,0.815863,-0.438176,0.006902,0,99.000000,1.466146,0,0,0,0,single,0,1
moving_015_r03_s10003,13.952,0.818714,-0.437447,0.007189,0,99.000000,1.467129,0,0,0,0,single,0,1
moving_015_r03_s10003,13.984,0.821564,-0.436715,0.007460,0,99.000000,1.468116,0,0,0,0,single,0,1
moving_015_r03_s10003,14.016,0.824414,-0.435978,0.007717,0,99.000000,1.469102,0,0,0,0,single,0,1
moving_015_r03_s10003,14.048,0.827263,-0.435240,0.007956,0,99.000000,1.470092,0,0,0,0,single,0,1
moving_015_r03_s10003,14.080,0.830114,-0.434503,0.008173,0,99.000000,1.471090,0,0,0,0,single,0,1
moving_015_r03_s10003,14.112,0.832965,-0.433773,0.008364,0,99.000000,1.472099,0,0,0,0,single,0,1
moving_015_r03_s10003,14.144,0.835819,-0.433057,0.008522,0,99.000000,1.473126,0,0,0,0,single,0,1
moving_015_r03_s10003,14.176,0.838677,-0.432353,0.008646,0,99.000000,1.474171,0,0,0,0,single,0,1
moving_015_r03_s10003,14.208,0.841539,-0.431667,0.008734,0,99.000000,1.475237,0,0,0,0,single,0,1
moving_015_r03_s10003,14.240,0.844407,-0.430998,0.008783,0,99.000000,1.476326,0,0,0,0,single,0,1
moving_015_r03_s10003,14.272,0.847280,-0.430354,0.008789,0,99.000000,1.477443,0,0,0,0,single,0,1
moving_015_r03_s10003,14.304,0.850152,-0.429722,0.008762,0,99.000000,1.478576,0,0,0,0,single,0,1
moving_015_r03_s10003,14.336,0.853008,-0.428983,0.008823,0,99.000000,1.479616,0,0,0,0,single,0,1
moving_015_r03_s10003,14.368,0.855844,-0.428160,0.008951,0,99.000000,1.480581,0,0,0,0,single,0,1
moving_015_r03_s10003,14.400,0.858659,-0.427260,0.009140,0,99.000000,1.481476,0,0,0,0,single,0,1
moving_015_r03_s10003,14.432,0.861434,-0.426282,0.009394,0,99.000000,1.482290,0,0,0,0,single,0,1
moving_015_r03_s10003,14.464,0.864236,-0.425369,0.009559,0,99.000000,1.483178,0,0,0,0,single,0,1
moving_015_r03_s10003,14.496,0.867035,-0.424457,0.009704,0,99.000000,1.484070,0,0,0,0,single,0,1
moving_015_r03_s10003,14.528,0.869833,-0.423547,0.009828,0,99.000000,1.484970,0,0,0,0,single,0,1
moving_015_r03_s10003,14.560,0.872630,-0.422631,0.009937,0,99.000000,1.485868,0,0,0,0,single,0,1
moving_015_r03_s10003,14.592,0.875427,-0.421721,0.010022,0,99.000000,1.486777,0,0,0,0,single,0,1
moving_015_r03_s10003,14.624,0.878224,-0.420812,0.010086,0,99.000000,1.487692,0,0,0,0,single,0,1
moving_015_r03_s10003,14.656,0.881016,-0.419884,0.010150,0,99.000000,1.488593,0,0,0,0,single,0,1
moving_015_r03_s10003,14.688,0.883798,-0.418928,0.010225,0,99.000000,1.489472,0,0,0,0,single,0,1
moving_015_r03_s10003,14.720,0.886573,-0.417949,0.010303,0,99.000000,1.490333,0,0,0,0,single,0,1
moving_015_r03_s10003,14.752,0.889341,-0.416952,0.010381,0,99.000000,1.491182,0,0,0,0,single,0,1
moving_015_r03_s10003,14.784,0.892103,-0.415936,0.010460,0,99.000000,1.492015,0,0,0,0,single,0,1
moving_015_r03_s10003,14.816,0.894859,-0.414902,0.010537,0,99.000000,1.492837,0,0,0,0,single,0,1
moving_015_r03_s10003,14.848,0.897609,-0.413856,0.010608,0,99.000000,1.493651,0,0,0,0,single,0,1
moving_015_r03_s10003,14.880,0.900356,-0.412798,0.010672,0,99.000000,1.494459,0,0,0,0,single,0,1
moving_015_r03_s10003,14.912,0.903100,-0.411733,0.010724,0,99.000000,1.495265,0,0,0,0,single,0,1
moving_015_r03_s10003,14.944,0.905844,-0.410668,0.010756,0,99.000000,1.496076,0,0,0,0,single,0,1
moving_015_r03_s10003,14.976,0.908589,-0.409606,0.010765,0,99.000000,1.496895,0,0,0,0,single,0,1
moving_015_r03_s10003,15.008,0.911334,-0.408544,0.010754,0,99.000000,1.497720,0,0,0,0,single,0,1
moving_015_r03_s10003,15.040,0.914081,-0.407483,0.010723,0,99.000000,1.498552,0,0,0,0,single,0,1
moving_015_r03_s10003,15.072,0.916829,-0.406431,0.010661,0,99.000000,1.499398,0,0,0,0,single,0,1
moving_015_r03_s10003,15.104,0.919584,-0.405396,0.010563,0,99.000000,1.500266,0,0,0,0,single,0,1
moving_015_r03_s10003,15.136,0.922347,-0.404381,0.010423,0,99.000000,1.501160,0,0,0,0,single,0,1
moving_015_r03_s10003,15.168,0.925091,-0.403311,0.010322,0,99.000000,1.502005,0,0,0,0,single,0,1
moving_015_r03_s10003,15.200,0.927804,-0.402148,0.010299,0,99.000000,1.502762,0,0,0,0,single,0,1
moving_015_r03_s10003,15.232,0.930490,-0.400922,0.010324,0,99.000000,1.503459,0,0,0,0,single,0,1
moving_015_r03_s10003,15.264,0.933134,-0.399627,0.010409,0,99.000000,1.504081,0,0,0,0,single,0,1
moving_015_r03_s10003,15.296,0.935797,-0.398367,0.010436,0,99.000000,1.504747,0,0,0,0,single,0,1
moving_015_r03_s10003,15.328,0.938453,-0.397097,0.010454,0,99.000000,1.505407,0,0,0,0,single,0,1
moving_015_r03_s10003,15.360,0.941103,-0.395815,0.010466,0,99.000000,1.506060,0,0,0,0,single,0,1
moving_015_r03_s10003,15.392,0.943744,-0.394519,0.010475,0,99.000000,1.506701,0,0,0,0,single,0,1
moving_015_r03_s10003,15.424,0.946381,-0.393215,0.010473,0,99.000000,1.507339,0,0,0,0,single,0,1
moving_015_r03_s10003,15.456,0.949014,-0.391901,0.010462,0,99.000000,1.507972,0,0,0,0,single,0,1
moving_015_r03_s10003,15.488,0.951635,-0.390563,0.010459,0,99.000000,1.508584,0,0,0,0,single,0,1
moving_015_r03_s10003,15.520,0.954243,-0.389200,0.010464,0,99.000000,1.509174,0,0,0,0,single,0,1
moving_015_r03_s10003,15.552,0.956839,-0.387814,0.010475,0,99.000000,1.509745,0,0,0,0,single,0,1
moving_015_r03_s10003,15.584,0.959425,-0.386409,0.010489,0,99.000000,1.510300,0,0,0,0,single,0,1
moving_015_r03_s10003,15.616,0.961999,-0.384982,0.010506,0,99.000000,1.510836,0,0,0,0,single,0,1
moving_015_r03_s10003,15.648,0.964565,-0.383539,0.010522,0,99.000000,1.511360,0,0,0,0,single,0,1
moving_015_r03_s10003,15.680,0.967121,-0.382082,0.010537,0,99.000000,1.511872,0,0,0,0,single,0,1
moving_015_r03_s10003,15.712,0.969670,-0.380610,0.010547,0,99.000000,1.512374,0,0,0,0,single,0,1
moving_015_r03_s10003,15.744,0.972213,-0.379128,0.010549,0,99.000000,1.512870,0,0,0,0,single,0,1
moving_015_r03_s10003,15.776,0.974751,-0.377638,0.010542,0,99.000000,1.513362,0,0,0,0,single,0,1
moving_015_r03_s10003,15.808,0.977285,-0.376142,0.010522,0,99.000000,1.513853,0,0,0,0,single,0,1
moving_015_r03_s10003,15.840,0.979817,-0.374641,0.010487,0,99.000000,1.514344,0,0,0,0,single,0,1
moving_015_r03_s10003,15.872,0.982350,-0.373138,0.010434,0,99.000000,1.514840,0,0,0,0,single,0,1
moving_015_r03_s10003,15.904,0.984884,-0.371642,0.010354,0,99.000000,1.515347,0,0,0,0,single,0,1
moving_015_r03_s10003,15.936,0.987424,-0.370156,0.010244,0,99.000000,1.515871,0,0,0,0,single,0,1
moving_015_r03_s10003,15.968,0.989976,-0.368688,0.010092,0,99.000000,1.516422,0,0,0,0,single,0,1
moving_015_r03_s10003,16.000,0.992527,-0.367220,0.009920,0,99.000000,1.516979,0,0,0,0,single,0,1
moving_015_r03_s10003,16.032,0.995031,-0.365660,0.009833,0,99.000000,1.517440,0,0,0,0,single,0,1
moving_015_r03_s10003,16.064,0.997492,-0.364029,0.009808,0,99.000000,1.517825,0,0,0,0,single,0,1
moving_015_r03_s10003,16.096,0.999905,-0.362338,0.009840,0,99.000000,1.518139,0,0,0,0,single,0,1
moving_015_r03_s10003,16.128,1.002322,-0.360653,0.009844,0,99.000000,1.518466,0,0,0,0,single,0,1
moving_015_r03_s10003,16.160,1.004726,-0.358952,0.009850,0,99.000000,1.518778,0,0,0,0,single,0,1
moving_015_r03_s10003,16.192,1.007115,-0.357232,0.009860,0,99.000000,1.519071,0,0,0,0,single,0,1
moving_015_r03_s10003,16.224,1.009489,-0.355493,0.009875,0,99.000000,1.519346,0,0,0,0,single,0,1
moving_015_r03_s10003,16.256,1.011852,-0.353741,0.009888,0,99.000000,1.519609,0,0,0,0,single,0,1
moving_015_r03_s10003,16.288,1.014205,-0.351975,0.009897,0,99.000000,1.519861,0,0,0,0,single,0,1
moving_015_r03_s10003,16.320,1.016544,-0.350191,0.009910,0,99.000000,1.520097,0,0,0,0,single,0,1
moving_015_r03_s10003,16.352,1.018867,-0.348384,0.009931,0,99.000000,1.520310,0,0,0,0,single,0,1
moving_015_r03_s10003,16.384,1.021175,-0.346559,0.009956,0,99.000000,1.520504,0,0,0,0,single,0,1
moving_015_r03_s10003,16.416,1.023468,-0.344715,0.009985,0,99.000000,1.520681,0,0,0,0,single,0,1
moving_015_r03_s10003,16.448,1.025747,-0.342854,0.010017,0,99.000000,1.520841,0,0,0,0,single,0,1
moving_015_r03_s10003,16.480,1.028015,-0.340978,0.010047,0,99.000000,1.520989,0,0,0,0,single,0,1
moving_015_r03_s10003,16.512,1.030270,-0.339087,0.010078,0,99.000000,1.521122,0,0,0,0,single,0,1
moving_015_r03_s10003,16.544,1.032516,-0.337187,0.010102,0,99.000000,1.521248,0,0,0,0,single,0,1
moving_015_r03_s10003,16.576,1.034757,-0.335279,0.010115,0,99.000000,1.521371,0,0,0,0,single,0,1
moving_015_r03_s10003,16.608,1.036993,-0.333365,0.010117,0,99.000000,1.521492,0,0,0,0,single,0,1
moving_015_r03_s10003,16.640,1.039224,-0.331446,0.010106,0,99.000000,1.521610,0,0,0,0,single,0,1
moving_015_r03_s10003,16.672,1.041453,-0.329524,0.010079,0,99.000000,1.521732,0,0,0,0,single,0,1
moving_015_r03_s10003,16.704,1.043681,-0.327600,0.010034,0,99.000000,1.521857,0,0,0,0,single,0,1
moving_015_r03_s10003,16.736,1.045910,-0.325678,0.009967,0,99.000000,1.521989,0,0,0,0,single,0,1
moving_015_r03_s10003,16.768,1.048149,-0.323767,0.009866,0,99.000000,1.522142,0,0,0,0,single,0,1
moving_015_r03_s10003,16.800,1.050400,-0.321870,0.009727,0,99.000000,1.522320,0,0,0,0,single,0,1
moving_015_r03_s10003,16.832,1.052662,-0.319989,0.009549,0,99.000000,1.522522,0,0,0,0,single,0,1
moving_015_r03_s10003,16.864,1.054870,-0.318034,0.009442,0,99.000000,1.522638,0,0,0,0,single,0,1
moving_015_r03_s10003,16.896,1.057020,-0.316010,0.009405,0,99.000000,1.522672,0,0,0,0,single,0,1
moving_015_r03_s10003,16.928,1.059110,-0.313933,0.009429,0,99.000000,1.522630,0,0,0,0,single,0,1
moving_015_r03_s10003,16.960,1.061200,-0.311855,0.009434,0,99.000000,1.522594,0,0,0,0,single,0,1
moving_015_r03_s10003,16.992,1.063268,-0.309758,0.009448,0,99.000000,1.522534,0,0,0,0,single,0,1
moving_015_r03_s10003,17.024,1.065316,-0.307643,0.009468,0,99.000000,1.522454,0,0,0,0,single,0,1
moving_015_r03_s10003,17.056,1.067343,-0.305510,0.009497,0,99.000000,1.522351,0,0,0,0,single,0,1
moving_015_r03_s10003,17.088,1.069354,-0.303363,0.009527,0,99.000000,1.522233,0,0,0,0,single,0,1
moving_015_r03_s10003,17.120,1.071353,-0.301204,0.009556,0,99.000000,1.522103,0,0,0,0,single,0,1
moving_015_r03_s10003,17.152,1.073335,-0.299030,0.009586,0,99.000000,1.521957,0,0,0,0,single,0,1
moving_015_r03_s10003,17.184,1.075296,-0.296838,0.009625,0,99.000000,1.521789,0,0,0,0,single,0,1
moving_015_r03_s10003,17.216,1.077242,-0.294631,0.009666,0,99.000000,1.521605,0,0,0,0,single,0,1
moving_015_r03_s10003,17.248,1.079171,-0.292410,0.009708,0,99.000000,1.521405,0,0,0,0,single,0,1
moving_015_r03_s10003,17.280,1.081085,-0.290175,0.009752,0,99.000000,1.521190,0,0,0,0,single,0,1
moving_015_r03_s10003,17.312,1.082984,-0.287928,0.009795,0,99.000000,1.520962,0,0,0,0,single,0,1
moving_015_r03_s10003,17.344,1.084871,-0.285671,0.009833,0,99.000000,1.520724,0,0,0,0,single,0,1
moving_015_r03_s10003,17.376,1.086748,-0.283405,0.009866,0,99.000000,1.520478,0,0,0,0,single,0,1
moving_015_r03_s10003,17.408,1.088616,-0.281131,0.009891,0,99.000000,1.520225,0,0,0,0,single,0,1
moving_015_r03_s10003,17.440,1.090477,-0.278852,0.009905,0,99.000000,1.519970,0,0,0,0,single,0,1
moving_015_r03_s10003,17.472,1.092333,-0.276568,0.009907,0,99.000000,1.519713,0,0,0,0,single,0,1
moving_015_r03_s10003,17.504,1.094186,-0.274280,0.009894,0,99.000000,1.519457,0,0,0,0,single,0,1
moving_015_r03_s10003,17.536,1.096040,-0.271994,0.009859,0,99.000000,1.519209,0,0,0,0,single,0,1
moving_015_r03_s10003,17.568,1.097898,-0.269712,0.009798,0,99.000000,1.518972,0,0,0,0,single,0,1
moving_015_r03_s10003,17.600,1.099768,-0.267438,0.009704,1,99.000000,1.518754,0,0,0,0,single,0,1
moving_015_r03_s10003,17.632,1.101652,-0.265176,0.009572,1,99.000000,1.518561,0,0,0,0,single,0,1
moving_015_r03_s10003,17.664,1.103553,-0.262930,0.009396,1,99.000000,1.518398,0,0,0,0,single,0,1
moving_015_r03_s10003,17.696,1.105397,-0.260631,0.009278,1,99.000000,1.518162,0,0,0,0,single,0,1
moving_015_r03_s10003,17.728,1.107174,-0.258274,0.009230,1,99.000000,1.517843,0,0,0,0,single,0,1
moving_015_r03_s10003,17.760,1.108885,-0.255874,0.009239,1,99.000000,1.517452,0,0,0,0,single,0,1
moving_015_r03_s10003,17.792,1.110584,-0.253467,0.009243,1,99.000000,1.517053,0,0,0,0,single,0,1
moving_015_r03_s10003,17.824,1.112262,-0.251045,0.009254,1,99.000000,1.516634,0,0,0,0,single,0,1
moving_015_r03_s10003,17.856,1.113914,-0.248609,0.009273,1,99.000000,1.516193,0,0,0,0,single,0,1
moving_015_r03_s10003,17.888,1.115545,-0.246159,0.009299,1,99.000000,1.515732,0,0,0,0,single,0,1
moving_015_r03_s10003,17.920,1.117157,-0.243699,0.009326,1,99.000000,1.515256,0,0,0,0,single,0,1
moving_015_r03_s10003,17.952,1.118754,-0.241229,0.009352,1,99.000000,1.514767,0,0,0,0,single,0,1
moving_015_r03_s10003,17.984,1.120335,-0.238748,0.009377,1,99.000000,1.514265,0,0,0,0,single,0,1
moving_015_r03_s10003,18.016,1.121893,-0.236253,0.009409,1,99.000000,1.513742,0,0,0,0,single,0,1
moving_015_r03_s10003,18.048,1.123435,-0.233748,0.009442,1,99.000000,1.513205,0,0,0,0,single,0,1
moving_015_r03_s10003,18.080,1.124960,-0.231233,0.009474,1,99.000000,1.512655,0,0,0,0,single,0,1
moving_015_r03_s10003,18.112,1.126470,-0.228709,0.009503,1,99.000000,1.512094,0,0,0,0,single,0,1
moving_015_r03_s10003,18.144,1.127965,-0.226175,0.009532,1,99.000000,1.511520,0,0,0,0,single,0,1
moving_015_r03_s10003,18.176,1.129448,-0.223634,0.009553,1,99.000000,1.510938,0,0,0,0,single,0,1
moving_015_r03_s10003,18.208,1.130921,-0.221088,0.009568,1,99.000000,1.510350,0,0,0,0,single,0,1
moving_015_r03_s10003,18.240,1.132384,-0.218535,0.009574,1,99.000000,1.509757,0,0,0,0,single,0,1
moving_015_r03_s10003,18.272,1.133840,-0.215978,0.009568,1,99.000000,1.509161,0,0,0,0,single,0,1
moving_015_r03_s10003,18.304,1.135292,-0.213419,0.009549,1,99.000000,1.508565,0,0,0,0,single,0,1
moving_015_r03_s10003,18.336,1.136738,-0.210856,0.009515,1,99.000000,1.507968,0,0,0,0,single,0,1
moving_015_r03_s10003,18.368,1.138184,-0.208291,0.009464,1,99.000000,1.507376,0,0,0,0,single,0,1
moving_015_r03_s10003,18.400,1.139634,-0.205730,0.009387,1,99.000000,1.506794,0,0,0,0,single,0,1
moving_015_r03_s10003,18.432,1.141093,-0.203173,0.009282,1,99.000000,1.506227,0,0,0,0,single,0,1
moving_015_r03_s10003,18.464,1.142566,-0.200624,0.009139,1,99.000000,1.505683,0,0,0,0,single,0,1
moving_015_r03_s10003,18.496,1.144062,-0.198088,0.008952,1,99.000000,1.505169,0,0,0,0,single,0,1
moving_015_r03_s10003,18.528,1.145550,-0.195549,0.008752,1,99.000000,1.504653,0,0,0,0,single,0,1
moving_015_r03_s10003,18.560,1.146945,-0.192949,0.008644,1,99.000000,1.504032,0,0,0,0,single,0,1
moving_015_r03_s10003,18.592,1.148272,-0.190309,0.008596,1,99.000000,1.503338,0,0,0,0,single,0,1
moving_015_r03_s10003,18.624,1.149488,-0.187622,0.008647,1,99.000000,1.502536,0,0,0,0,single,0,1
moving_015_r03_s10003,18.656,1.150702,-0.184935,0.008680,1,99.000000,1.501738,0,0,0,0,single,0,1
moving_015_r03_s10003,18.688,1.151886,-0.182238,0.008726,1,99.000000,1.500914,0,0,0,0,single,0,1
moving_015_r03_s10003,18.720,1.153044,-0.179533,0.008778,1,99.000000,1.500072,0,0,0,0,single,0,1
moving_015_r03_s10003,18.752,1.154175,-0.176819,0.008840,1,99.000000,1.499207,0,0,0,0,single,0,1
moving_015_r03_s10003,18.784,1.155286,-0.174099,0.008902,1,99.000000,1.498329,0,0,0,0,single,0,1
moving_015_r03_s10003,18.816,1.156381,-0.171372,0.008963,1,99.000000,1.497440,0,0,0,0,single,0,1
moving_015_r03_s10003,18.848,1.157451,-0.168636,0.009030,1,99.000000,1.496531,0,0,0,0,single,0,1
moving_015_r03_s10003,18.880,1.158501,-0.165892,0.009099,1,99.000000,1.495606,0,0,0,0,single,0,1
moving_015_r03_s10003,18.912,1.159530,-0.163140,0.009172,1,99.000000,1.494664,0,0,0,0,single,0,1
moving_015_r03_s10003,18.944,1.160538,-0.160380,0.009247,1,99.000000,1.493708,0,0,0,0,single,0,1
moving_015_r03_s10003,18.976,1.161529,-0.157613,0.009321,1,99.000000,1.492739,0,0,0,0,single,0,1
moving_015_r03_s10003,19.008,1.162504,-0.154840,0.009393,1,99.000000,1.491758,0,0,0,0,single,0,1
moving_015_r03_s10003,19.040,1.163463,-0.152062,0.009461,1,99.000000,1.490767,0,0,0,0,single,0,1
moving_015_r03_s10003,19.072,1.164409,-0.149278,0.009524,1,99.000000,1.489767,0,0,0,0,single,0,1
moving_015_r03_s10003,19.104,1.165344,-0.146490,0.009580,1,99.000000,1.488761,0,0,0,0,single,0,1
moving_015_r03_s10003,19.136,1.166272,-0.143700,0.009622,1,99.000000,1.487754,0,0,0,0,single,0,1
moving_015_r03_s10003,19.168,1.167196,-0.140907,0.009651,1,99.000000,1.486746,0,0,0,0,single,0,1
moving_015_r03_s10003,19.200,1.168118,-0.138111,0.009662,1,99.000000,1.485741,0,0,0,0,single,0,1
moving_015_r03_s10003,19.232,1.169041,-0.135316,0.009652,1,99.000000,1.484743,0,0,0,0,single,0,1
moving_015_r03_s10003,19.264,1.169977,-0.132525,0.009610,1,99.000000,1.483761,0,0,0,0,single,0,1
moving_015_r03_s10003,19.296,1.170931,-0.129740,0.009529,1,99.000000,1.482803,0,0,0,0,single,0,1
moving_015_r03_s10003,19.328,1.171900,-0.126962,0.009411,1,99.000000,1.481867,0,0,0,0,single,0,1
moving_015_r03_s10003,19.360,1.172785,-0.124149,0.009364,1,99.000000,1.480847,0,0,0,0,single,0,1
moving_015_r03_s10003,19.392,1.173582,-0.121307,0.009390,1,99.000000,1.479746,0,0,0,0,single,0,1
moving_015_r03_s10003,19.424,1.174305,-0.118447,0.009473,1,99.000000,1.478580,0,0,0,0,single,0,1
moving_015_r03_s10003,19.456,1.174997,-0.115586,0.009566,1,99.000000,1.477393,0,0,0,0,single,0,1
moving_015_r03_s10003,19.488,1.175688,-0.112725,0.009640,1,99.000000,1.476211,0,0,0,0,single,0,1
moving_015_r03_s10003,19.520,1.176360,-0.109861,0.009713,1,99.000000,1.475017,0,0,0,0,single,0,1
moving_015_r03_s10003,19.552,1.177010,-0.106994,0.009790,1,99.000000,1.473808,0,0,0,0,single,0,1
moving_015_r03_s10003,19.584,1.177643,-0.104126,0.009862,1,99.000000,1.472590,0,0,0,0,single,0,1
moving_015_r03_s10003,19.616,1.178266,-0.101255,0.009927,1,99.000000,1.471367,0,0,0,0,single,0,1
moving_015_r03_s10003,19.648,1.178875,-0.098379,0.009986,1,99.000000,1.470135,0,0,0,0,single,0,1
moving_015_r03_s10003,19.680,1.179452,-0.095498,0.010058,1,99.000000,1.468879,0,0,0,0,single,0,1
moving_015_r03_s10003,19.712,1.180003,-0.092611,0.010137,1,99.000000,1.467603,0,0,0,0,single,0,1
moving_015_r03_s10003,19.744,1.180529,-0.089720,0.010222,1,99.000000,1.466309,0,0,0,0,single,0,1
moving_015_r03_s10003,19.776,1.181032,-0.086824,0.010310,1,99.000000,1.464999,0,0,0,0,single,0,1
moving_015_r03_s10003,19.808,1.181512,-0.083925,0.010403,1,99.000000,1.463672,0,0,0,0,single,0,1
moving_015_r03_s10003,19.840,1.181975,-0.081023,0.010493,1,99.000000,1.462335,0,0,0,0,single,0,1
moving_015_r03_s10003,19.872,1.182422,-0.078118,0.010579,1,99.000000,1.460988,0,0,0,0,single,0,1
moving_015_r03_s10003,19.904,1.182854,-0.075211,0.010660,1,99.000000,1.459633,0,0,0,0,single,0,1
moving_015_r03_s10003,19.936,1.183277,-0.072302,0.010732,1,99.000000,1.458274,0,0,0,0,single,0,1
moving_015_r03_s10003,19.968,1.183695,-0.069389,0.010789,1,99.000000,1.456913,0,0,0,0,single,0,1
moving_015_r03_s10003,20.000,1.184111,-0.066476,0.010828,1,99.000000,1.455555,0,0,0,0,single,0,1
moving_015_r03_s10003,20.032,1.184530,-0.063562,0.010846,1,99.000000,1.454203,0,0,0,0,single,0,1
moving_015_r03_s10003,20.064,1.184954,-0.060649,0.010838,1,99.000000,1.452861,0,0,0,0,single,0,1
moving_015_r03_s10003,20.096,1.185389,-0.057737,0.010799,1,99.000000,1.451534,0,0,0,0,single,0,1
moving_015_r03_s10003,20.128,1.185841,-0.054829,0.010724,1,99.000000,1.450227,0,0,0,0,single,0,1
moving_015_r03_s10003,20.160,1.186246,-0.051911,0.010676,1,99.000000,1.448881,0,0,0,0,single,0,1
moving_015_r03_s10003,20.192,1.186548,-0.048976,0.010713,1,99.000000,1.447445,0,0,0,0,single,0,1
moving_015_r03_s10003,20.224,1.186770,-0.046031,0.010812,1,99.000000,1.445942,0,0,0,0,single,0,1
moving_015_r03_s10003,20.256,1.186909,-0.043082,0.010972,1,99.000000,1.444374,0,0,0,0,single,0,1
moving_015_r03_s10003,20.288,1.186993,-0.040131,0.011168,1,99.000000,1.442764,0,0,0,0,single,0,1
moving_015_r03_s10003,20.320,1.186998,-0.037180,0.011423,1,99.000000,1.441092,0,0,0,0,single,0,1
moving_015_r03_s10003,20.352,1.186934,-0.034232,0.011727,1,99.000000,1.439370,0,0,0,0,single,0,1
moving_015_r03_s10003,20.384,1.186816,-0.031289,0.012064,1,99.000000,1.437610,0,0,0,0,single,0,1
moving_015_r03_s10003,20.416,1.186658,-0.028349,0.012423,1,99.000000,1.435822,0,0,0,0,single,0,1
moving_015_r03_s10003,20.448,1.186466,-0.025414,0.012795,1,99.000000,1.434013,0,0,0,0,single,0,1
moving_015_r03_s10003,20.480,1.186254,-0.022481,0.013167,1,99.000000,1.432192,0,0,0,0,single,0,1
moving_015_r03_s10003,20.512,1.186019,-0.019550,0.013543,1,99.000000,1.430357,0,0,0,0,single,0,1
moving_015_r03_s10003,20.544,1.185761,-0.016621,0.013922,1,99.000000,1.428507,0,0,0,0,single,0,1
moving_015_r03_s10003,20.576,1.185487,-0.013693,0.014298,1,99.000000,1.426649,0,0,0,0,single,0,1
moving_015_r03_s10003,20.608,1.185201,-0.010766,0.014666,1,99.000000,1.424785,0,0,0,0,single,0,1
moving_015_r03_s10003,20.640,1.184902,-0.007840,0.015028,1,99.000000,1.422914,0,0,0,0,single,0,1
moving_015_r03_s10003,20.672,1.184593,-0.004914,0.015380,1,99.000000,1.421038,0,0,0,0,single,0,1
moving_015_r03_s10003,20.704,1.184273,-0.001989,0.015722,1,99.000000,1.419158,0,0,0,0,single,0,1
moving_015_r03_s10003,20.736,1.183943,0.000935,0.016056,1,99.000000,1.417273,0,0,0,0,single,0,1
moving_015_r03_s10003,20.768,1.183605,0.003859,0.016378,1,99.000000,1.415385,0,0,0,0,single,0,1
moving_015_r03_s10003,20.800,1.183232,0.006779,0.016715,1,99.000000,1.413473,0,0,0,0,single,0,1
moving_015_r03_s10003,20.832,1.182835,0.009698,0.017057,1,99.000000,1.411546,0,0,0,0,single,0,1
moving_015_r03_s10003,20.864,1.182351,0.012608,0.017466,1,99.000000,1.409554,0,0,0,0,single,0,1
moving_015_r03_s10003,20.896,1.181792,0.015506,0.017930,1,99.000000,1.407510,0,0,0,0,single,0,1
moving_015_r03_s10003,20.928,1.181168,0.018390,0.018440,1,99.000000,1.405421,0,0,0,0,single,0,1
moving_015_r03_s10003,20.960,1.180480,0.021258,0.018995,1,99.000000,1.403290,0,0,0,0,single,0,1
moving_015_r03_s10003,20.992,1.179740,0.024116,0.019584,1,99.000000,1.401124,0,0,0,0,single,0,1
moving_015_r03_s10003,21.024,1.178937,0.026900,0.020221,1,99.000000,1.398946,0,0,0,0,single,0,1
moving_015_r03_s10003,21.056,1.178130,0.029487,0.020856,1,99.000000,1.396875,0,0,0,0,single,0,1
moving_015_r03_s10003,21.088,1.177542,0.031053,0.021331,1,99.000000,1.395539,0,0,0,0,single,0,1
moving_015_r03_s10003,21.120,1.177126,0.032033,0.021674,1,99.000000,1.394661,0,0,0,0,single,0,1
moving_015_r03_s10003,21.152,1.176752,0.032971,0.021977,1,99.000000,1.393842,0,0,0,0,single,0,1
moving_015_r03_s10003,21.184,1.176383,0.033950,0.022267,1,99.000000,1.393007,0,0,0,0,single,0,1
moving_015_r03_s10003,21.216,1.175527,0.036340,0.022924,1,99.000000,1.391005,0,0,0,0,single,0,1
moving_015_r03_s10003,21.248,1.174574,0.038871,0.023650,1,99.000000,1.388847,0,0,0,0,single,0,1
moving_015_r03_s10003,21.280,1.173481,0.041388,0.024502,1,99.000000,1.386580,0,0,0,0,single,0,1
moving_015_r03_s10003,21.312,1.172220,0.043943,0.025499,1,99.000000,1.384153,0,0,0,0,single,0,1
moving_015_r03_s10003,21.344,1.170813,0.046514,0.026625,1,99.000000,1.381595,0,0,0,0,single,0,1
moving_015_r03_s10003,21.376,1.169543,0.048737,0.027635,1,99.000000,1.379339,0,0,0,0,single,0,1
moving_015_r03_s10003,21.408,1.168257,0.051006,0.028644,1,99.000000,1.377047,0,0,0,0,single,0,1
moving_015_r03_s10003,21.440,1.166834,0.053536,0.029742,1,99.000000,1.374500,0,0,0,0,single,0,1
moving_015_r03_s10003,21.472,1.165384,0.056085,0.030847,1,99.000000,1.371923,0,0,0,0,single,0,1
moving_015_r03_s10003,21.504,1.163917,0.058627,0.031951,1,99.000000,1.369337,0,0,0,0,single,0,1
moving_015_r03_s10003,21.536,1.162438,0.061163,0.033052,1,99.000000,1.366744,0,0,0,0,single,0,1
moving_015_r03_s10003,21.568,1.160947,0.063695,0.034146,1,99.000000,1.364145,0,0,0,0,single,0,1
moving_015_r03_s10003,21.600,1.159447,0.066223,0.035232,1,99.000000,1.361542,0,0,0,0,single,0,1
moving_015_r03_s10003,21.632,1.157944,0.068750,0.036304,1,99.000000,1.358937,0,0,0,0,single,0,1
moving_015_r03_s10003,21.664,1.156438,0.071276,0.037360,1,99.000000,1.356332,0,0,0,0,single,0,1
moving_015_r03_s10003,21.696,1.154927,0.073801,0.038403,1,99.000000,1.353726,0,0,0,0,single,0,1
moving_015_r03_s10003,21.728,1.153414,0.076324,0.039429,1,99.000000,1.351119,0,0,0,0,single,0,1
moving_015_r03_s10003,21.760,1.151899,0.078847,0.040439,1,99.000000,1.348513,0,0,0,0,single,0,1
moving_015_r03_s10003,21.792,1.150385,0.081370,0.041430,1,99.000000,1.345909,0,0,0,0,single,0,1
moving_015_r03_s10003,21.824,1.148871,0.083894,0.042402,1,99.000000,1.343305,0,0,0,0,single,0,1
moving_015_r03_s10003,21.856,1.147356,0.086418,0.043355,1,99.000000,1.340702,0,0,0,0,single,0,1
moving_015_r03_s10003,21.888,1.145841,0.088942,0.044290,1,99.000000,1.338100,0,0,0,0,single,0,1
moving_015_r03_s10003,21.920,1.144325,0.091466,0.045206,1,99.000000,1.335499,0,0,0,0,single,0,1
moving_015_r03_s10003,21.952,1.142808,0.093990,0.046103,1,99.000000,1.332899,0,0,0,0,single,0,1
moving_015_r03_s10003,21.984,1.141296,0.096515,0.046977,1,99.000000,1.330304,0,0,0,0,single,0,1
moving_015_r03_s10003,22.016,1.139788,0.099043,0.047826,1,99.000000,1.327712,0,0,0,0,single,0,1
moving_015_r03_s10003,22.048,1.138286,0.101575,0.048648,1,99.000000,1.325125,0,0,0,0,single,0,1
moving_015_r03_s10003,22.080,1.136794,0.104113,0.049439,1,99.000000,1.322544,0,0,0,0,single,0,1
moving_015_r03_s10003,22.112,1.135317,0.106660,0.050194,1,99.000000,1.319974,0,0,0,0,single,0,1
moving_015_r03_s10003,22.144,1.133857,0.109217,0.050908,1,99.000000,1.317414,0,0,0,0,single,0,1
moving_015_r03_s10003,22.176,1.132413,0.111783,0.051584,1,99.000000,1.314866,0,0,0,0,single,0,1
moving_015_r03_s10003,22.208,1.130985,0.114359,0.052222,1,99.000000,1.312328,0,0,0,0,single,0,1
moving_015_r03_s10003,22.240,1.129576,0.116944,0.052818,1,99.000000,1.309803,0,0,0,0,single,0,1
moving_015_r03_s10003,22.272,1.128186,0.119540,0.053371,1,99.000000,1.307291,0,0,0,0,single,0,1
moving_015_r03_s10003,22.304,1.126815,0.122146,0.053882,1,99.000000,1.304793,0,0,0,0,single,0,1
moving_015_r03_s10003,22.336,1.125463,0.124762,0.054351,1,99.000000,1.302307,0,0,0,0,single,0,1
moving_015_r03_s10003,22.368,1.124131,0.127388,0.054777,1,99.000000,1.299836,0,0,0,0,single,0,1
moving_015_r03_s10003,22.400,1.122817,0.130022,0.055161,1,99.000000,1.297378,0,0,0,0,single,0,1
moving_015_r03_s10003,22.432,1.121520,0.132665,0.055504,1,99.000000,1.294932,0,0,0,0,single,0,1
moving_015_r03_s10003,22.464,1.120240,0.135316,0.055807,1,99.000000,1.292500,0,0,0,0,single,0,1
moving_015_r03_s10003,22.496,1.118978,0.137976,0.056069,1,99.000000,1.290080,0,0,0,0,single,0,1
moving_015_r03_s10003,22.528,1.117733,0.140643,0.056289,1,99.000000,1.287674,0,0,0,0,single,0,1
moving_015_r03_s10003,22.560,1.116504,0.143318,0.056471,1,99.000000,1.285280,0,0,0,0,single,0,1
moving_015_r03_s10003,22.592,1.115290,0.145999,0.056614,1,99.000000,1.282899,0,0,0,0,single,0,1
moving_015_r03_s10003,22.624,1.114093,0.148688,0.056717,1,99.000000,1.280530,0,0,0,0,single,0,1
moving_015_r03_s10003,22.656,1.112909,0.151383,0.056783,1,99.000000,1.278173,0,0,0,0,single,0,1
moving_015_r03_s10003,22.688,1.111740,0.154084,0.056811,1,99.000000,1.275828,0,0,0,0,single,0,1
moving_015_r03_s10003,22.720,1.110586,0.156792,0.056801,1,99.000000,1.273495,0,0,0,0,single,0,1
moving_015_r03_s10003,22.752,1.109446,0.159506,0.056753,1,99.000000,1.271174,0,0,0,0,single,0,1
moving_015_r03_s10003,22.784,1.108319,0.162224,0.056669,1,99.000000,1.268864,0,0,0,0,single,0,1
moving_015_r03_s10003,22.816,1.107202,0.164948,0.056552,1,99.000000,1.266565,0,0,0,0,single,0,1
moving_015_r03_s10003,22.848,1.106095,0.167675,0.056403,1,99.000000,1.264274,0,0,0,0,single,0,1
moving_015_r03_s10003,22.880,1.104994,0.170404,0.056226,1,99.000000,1.261990,0,0,0,0,single,0,1
moving_015_r03_s10003,22.912,1.103895,0.173134,0.056024,1,99.000000,1.259710,0,0,0,0,single,0,1
moving_015_r03_s10003,22.944,1.102799,0.175866,0.055797,1,99.000000,1.257435,0,0,0,0,single,0,1
moving_015_r03_s10003,22.976,1.101704,0.178598,0.055547,1,99.000000,1.255164,0,0,0,0,single,0,1
moving_015_r03_s10003,23.008,1.100608,0.181330,0.055277,1,99.000000,1.252894,0,0,0,0,single,0,1
moving_015_r03_s10003,23.040,1.099510,0.184062,0.054987,1,99.000000,1.250625,0,0,0,0,single,0,1
moving_015_r03_s10003,23.072,1.098410,0.186793,0.054676,1,99.000000,1.248359,0,0,0,0,single,0,1
moving_015_r03_s10003,23.104,1.097310,0.189523,0.054344,1,99.000000,1.246095,0,0,0,0,single,0,1
moving_015_r03_s10003,23.136,1.096209,0.192254,0.053992,1,99.000000,1.243833,0,0,0,0,single,0,1
moving_015_r03_s10003,23.168,1.095103,0.194982,0.053624,1,99.000000,1.241570,0,0,0,0,single,0,1
moving_015_r03_s10003,23.200,1.093993,0.197709,0.053238,1,99.000000,1.239308,0,0,0,0,single,0,1
moving_015_r03_s10003,23.232,1.092877,0.200433,0.052837,1,99.000000,1.237044,0,0,0,0,single,0,1
moving_015_r03_s10003,23.264,1.091753,0.203154,0.052424,1,99.000000,1.234778,0,0,0,0,single,0,1
moving_015_r03_s10003,23.296,1.090620,0.205872,0.051998,1,99.000000,1.232508,0,0,0,0,single,0,1
moving_015_r03_s10003,23.328,1.089479,0.208586,0.051561,1,99.000000,1.230235,0,0,0,0,single,0,1
moving_015_r03_s10003,23.360,1.088324,0.211294,0.051116,1,99.000000,1.227956,0,0,0,0,single,0,1
moving_015_r03_s10003,23.392,1.087158,0.213997,0.050663,1,99.000000,1.225672,0,0,0,0,single,0,1
moving_015_r03_s10003,23.424,1.085980,0.216696,0.050200,1,99.000000,1.223382,0,0,0,0,single,0,1
moving_015_r03_s10003,23.456,1.084787,0.219388,0.049734,1,99.000000,1.221085,0,0,0,0,single,0,1
moving_015_r03_s10003,23.488,1.083579,0.222073,0.049262,1,99.000000,1.218780,0,0,0,0,single,0,1
moving_015_r03_s10003,23.520,1.082354,0.224750,0.048787,1,99.000000,1.216467,0,0,0,0,single,0,1
moving_015_r03_s10003,23.552,1.081113,0.227420,0.048308,1,99.000000,1.214146,0,0,0,0,single,0,1
moving_015_r03_s10003,23.584,1.079861,0.230085,0.047821,1,99.000000,1.211820,0,0,0,0,single,0,1
moving_015_r03_s10003,23.616,1.078595,0.232743,0.047329,1,99.000000,1.209486,0,0,0,0,single,0,1
moving_015_r03_s10003,23.648,1.077312,0.235393,0.046834,1,99.000000,1.207144,0,0,0,0,single,0,1
moving_015_r03_s10003,23.680,1.076012,0.238035,0.046336,1,99.000000,1.204794,0,0,0,0,single,0,1
moving_015_r03_s10003,23.712,1.074699,0.240670,0.045833,1,99.000000,1.202437,0,0,0,0,single,0,1
moving_015_r03_s10003,23.744,1.073372,0.243299,0.045323,1,99.000000,1.200073,0,0,0,0,single,0,1
moving_015_r03_s10003,23.776,1.072003,0.245908,0.044838,1,99.000000,1.197683,0,0,0,0,single,0,1
moving_015_r03_s10003,23.808,1.070591,0.248495,0.044379,1,99.000000,1.195267,0,0,0,0,single,0,1
moving_015_r03_s10003,23.840,1.069132,0.251058,0.043951,1,99.000000,1.192822,0,0,0,0,single,0,1
moving_015_r03_s10003,23.872,1.067624,0.253591,0.043560,1,99.000000,1.190347,0,0,0,0,single,0,1
moving_015_r03_s10003,23.904,1.066065,0.256095,0.043206,1,99.000000,1.187843,0,0,0,0,single,0,1
moving_015_r03_s10003,23.936,1.064456,0.258566,0.042889,1,99.000000,1.185310,0,0,0,0,single,0,1
moving_015_r03_s10003,23.968,1.062798,0.261004,0.042611,1,99.000000,1.182750,0,0,0,0,single,0,1
moving_015_r03_s10003,24.000,1.061091,0.263408,0.042371,1,99.000000,1.180162,0,0,0,0,single,0,1
moving_015_r03_s10003,24.032,1.059339,0.265777,0.042167,1,99.000000,1.177550,0,0,0,0,single,0,1
moving_015_r03_s10003,24.064,1.057546,0.268114,0.041994,1,99.000000,1.174917,0,0,0,0,single,0,1
moving_015_r03_s10003,24.096,1.055719,0.270405,0.041854,1,99.000000,1.172276,0,0,0,0,single,0,1
moving_015_r03_s10003,24.128,1.053866,0.272649,0.041746,1,99.000000,1.169632,0,0,0,0,single,0,1
moving_015_r03_s10003,24.160,1.051975,0.274858,0.041667,1,99.000000,1.166970,0,0,0,0,single,0,1
moving_015_r03_s10003,24.192,1.050032,0.277055,0.041615,1,99.000000,1.164269,0,0,0,0,single,0,1
moving_015_r03_s10003,24.224,1.048054,0.279231,0.041581,1,99.000000,1.161545,0,0,0,0,single,0,1
moving_015_r03_s10003,24.256,1.046049,0.281383,0.041562,1,99.000000,1.158809,0,0,0,0,single,0,1
moving_015_r03_s10003,24.288,1.044021,0.283512,0.041555,1,99.000000,1.156063,0,0,0,0,single,0,1
moving_015_r03_s10003,24.320,1.041978,0.285625,0.041548,1,99.000000,1.153311,0,0,0,0,single,0,1
moving_015_r03_s10003,24.352,1.039923,0.287727,0.041537,1,99.000000,1.150553,0,0,0,0,single,0,1
moving_015_r03_s10003,24.384,1.037856,0.289818,0.041521,1,99.000000,1.147791,0,0,0,0,single,0,1
moving_015_r03_s10003,24.416,1.035775,0.291895,0.041503,1,99.000000,1.145022,0,0,0,0,single,0,1
moving_015_r03_s10003,24.448,1.033683,0.293962,0.041479,1,99.000000,1.142249,0,0,0,0,single,0,1
moving_015_r03_s10003,24.480,1.031582,0.296021,0.041446,1,99.000000,1.139472,0,0,0,0,single,0,1
moving_015_r03_s10003,24.512,1.029465,0.298065,0.041413,1,99.000000,1.136688,0,0,0,0,single,0,1
moving_015_r03_s10003,24.544,1.027326,0.300087,0.041390,1,99.000000,1.133894,0,0,0,0,single,0,1
moving_015_r03_s10003,24.576,1.025167,0.302088,0.041375,1,99.000000,1.131092,0,0,0,0,single,0,1
moving_015_r03_s10003,24.608,1.022988,0.304067,0.041369,1,99.000000,1.128280,0,0,0,0,single,0,1
moving_015_r03_s10003,24.640,1.020787,0.306023,0.041374,1,99.000000,1.125460,0,0,0,0,single,0,1
moving_015_r03_s10003,24.672,1.018563,0.307954,0.041390,1,99.000000,1.122630,0,0,0,0,single,0,1
moving_015_r03_s10003,24.704,1.016319,0.309860,0.041419,1,99.000000,1.119793,0,0,0,0,single,0,1
moving_015_r03_s10003,24.736,1.014053,0.311741,0.041459,1,99.000000,1.116947,0,0,0,0,single,0,1
moving_015_r03_s10003,24.768,1.011766,0.313596,0.041510,1,99.000000,1.114093,0,0,0,0,single,0,1
moving_015_r03_s10003,24.800,1.009462,0.315428,0.041570,1,99.000000,1.111233,0,0,0,0,single,0,1
moving_015_r03_s10003,24.832,1.007141,0.317240,0.041634,1,99.000000,1.108368,0,0,0,0,single,0,1
moving_015_r03_s10003,24.864,1.004804,0.319030,0.041705,1,99.000000,1.105498,0,0,0,0,single,0,1
moving_015_r03_s10003,24.896,1.002452,0.320800,0.041778,1,99.000000,1.102622,0,0,0,0,single,0,1
moving_015_r03_s10003,24.928,1.000086,0.322550,0.041856,1,99.000000,1.099742,0,0,0,0,single,0,1
moving_015_r03_s10003,24.960,0.997706,0.324282,0.041935,1,99.000000,1.096858,0,0,0,0,single,0,1
moving_015_r03_s10003,24.992,0.995314,0.325996,0.042014,1,99.000000,1.093970,0,0,0,0,single,0,1
moving_015_r03_s10003,25.024,0.992911,0.327695,0.042091,1,99.000000,1.091078,0,0,0,0,single,0,1
moving_015_r03_s10003,25.056,0.990499,0.329381,0.042162,1,99.000000,1.088185,0,0,0,0,single,0,1
moving_015_r03_s10003,25.088,0.988076,0.331052,0.042231,1,99.000000,1.085288,0,0,0,0,single,0,1
moving_015_r03_s10003,25.120,0.985646,0.332711,0.042292,1,99.000000,1.082389,0,0,0,0,single,0,1
moving_015_r03_s10003,25.152,0.983215,0.334369,0.042333,1,99.000000,1.079490,0,0,0,0,single,0,1
moving_015_r03_s10003,25.184,0.980778,0.336018,0.042364,1,99.000000,1.076590,0,0,0,0,single,0,1
moving_015_r03_s10003,25.216,0.978336,0.337661,0.042382,1,99.000000,1.073688,0,0,0,0,single,0,1
moving_015_r03_s10003,25.248,0.975888,0.339295,0.042389,1,99.000000,1.070784,0,0,0,0,single,0,1
moving_015_r03_s10003,25.280,0.973430,0.340915,0.042393,1,99.000000,1.067877,0,0,0,0,single,0,1
moving_015_r03_s10003,25.312,0.970960,0.342517,0.042396,1,99.000000,1.064967,0,0,0,0,single,0,1
moving_015_r03_s10003,25.344,0.968480,0.344103,0.042397,1,99.000000,1.062054,0,0,0,0,single,0,1
moving_015_r03_s10003,25.376,0.965988,0.345671,0.042398,1,99.000000,1.059138,0,0,0,0,single,0,1
moving_015_r03_s10003,25.408,0.963483,0.347219,0.042402,1,99.000000,1.056219,0,0,0,0,single,0,1
moving_015_r03_s10003,25.440,0.960967,0.348748,0.042407,1,99.000000,1.053297,0,0,0,0,single,0,1
moving_015_r03_s10003,25.472,0.958437,0.350255,0.042416,1,99.000000,1.050373,0,0,0,0,single,0,1
moving_015_r03_s10003,25.504,0.955896,0.351742,0.042427,1,99.000000,1.047445,0,0,0,0,single,0,1
moving_015_r03_s10003,25.536,0.953342,0.353208,0.042441,1,99.000000,1.044516,0,0,0,0,single,0,1
moving_015_r03_s10003,25.568,0.950777,0.354653,0.042458,1,99.000000,1.041584,0,0,0,0,single,0,1
moving_015_r03_s10003,25.600,0.948200,0.356077,0.042478,1,99.000000,1.038650,0,0,0,0,single,0,1
moving_015_r03_s10003,25.632,0.945611,0.357480,0.042501,1,99.000000,1.035714,0,0,0,0,single,0,1
moving_015_r03_s10003,25.664,0.943012,0.358861,0.042526,1,99.000000,1.032777,0,0,0,0,single,0,1
moving_015_r03_s10003,25.696,0.940402,0.360224,0.042552,1,99.000000,1.029839,0,0,0,0,single,0,1
moving_015_r03_s10003,25.728,0.937782,0.361566,0.042578,1,99.000000,1.026899,0,0,0,0,single,0,1
moving_015_r03_s10003,25.760,0.935153,0.362889,0.042606,1,99.000000,1.023959,0,0,0,0,single,0,1
moving_015_r03_s10003,25.792,0.932515,0.364194,0.042631,1,99.000000,1.021018,0,0,0,0,single,0,1
moving_015_r03_s10003,25.824,0.929868,0.365483,0.042654,1,99.000000,1.018076,0,0,0,0,single,0,1
moving_015_r03_s10003,25.856,0.927213,0.366754,0.042676,1,99.000000,1.015134,0,0,0,0,single,0,1
moving_015_r03_s10003,25.888,0.924551,0.368009,0.042693,1,99.000000,1.012191,0,0,0,0,single,0,1
moving_015_r03_s10003,25.920,0.921891,0.369267,0.042686,1,99.000000,1.009249,0,0,0,0,single,0,1
moving_015_r03_s10003,25.952,0.919223,0.370510,0.042675,1,99.000000,1.006307,0,0,0,0,single,0,1
moving_015_r03_s10003,25.984,0.916552,0.371744,0.042651,1,99.000000,1.003364,0,0,0,0,single,0,1
moving_015_r03_s10003,26.016,0.913876,0.372970,0.042616,1,99.000000,1.000421,0,0,0,0,single,0,1
moving_015_r03_s10003,26.048,0.911193,0.374181,0.042575,1,99.000000,0.997478,0,0,0,0,single,0,1
moving_015_r03_s10003,26.080,0.908502,0.375374,0.042534,1,99.000000,0.994534,0,0,0,0,single,0,1
moving_015_r03_s10003,26.112,0.905801,0.376546,0.042494,1,99.000000,0.991590,0,0,0,0,single,0,1
moving_015_r03_s10003,26.144,0.903091,0.377698,0.042456,1,99.000000,0.988646,0,0,0,0,single,0,1
moving_015_r03_s10003,26.176,0.900371,0.378825,0.042421,1,99.000000,0.985703,0,0,0,0,single,0,1
moving_015_r03_s10003,26.208,0.897642,0.379931,0.042391,1,99.000000,0.982760,0,0,0,0,single,0,1
moving_015_r03_s10003,26.240,0.894903,0.381011,0.042365,1,99.000000,0.979818,0,0,0,0,single,0,1
moving_015_r03_s10003,26.272,0.892153,0.382065,0.042347,1,99.000000,0.976878,0,0,0,0,single,0,1
moving_015_r03_s10003,26.304,0.889394,0.383092,0.042336,1,99.000000,0.973939,0,0,0,0,single,0,1
moving_015_r03_s10003,26.336,0.886625,0.384094,0.042330,1,99.000000,0.971002,0,0,0,0,single,0,1
moving_015_r03_s10003,26.368,0.883847,0.385070,0.042332,1,99.000000,0.968068,0,0,0,0,single,0,1
moving_015_r03_s10003,26.400,0.881060,0.386019,0.042339,1,99.000000,0.965136,0,0,0,0,single,0,1
moving_015_r03_s10003,26.432,0.878265,0.386943,0.042352,1,99.000000,0.962207,0,0,0,0,single,0,1
moving_015_r03_s10003,26.464,0.875462,0.387841,0.042372,1,99.000000,0.959282,0,0,0,0,single,0,1
moving_015_r03_s10003,26.496,0.872651,0.388714,0.042395,1,99.000000,0.956360,0,0,0,0,single,0,1
moving_015_r03_s10003,26.528,0.869833,0.389564,0.042422,1,99.000000,0.953441,0,0,0,0,single,0,1
moving_015_r03_s10003,26.560,0.867009,0.390391,0.042451,1,99.000000,0.950526,0,0,0,0,single,0,1
moving_015_r03_s10003,26.592,0.864179,0.391197,0.042480,1,99.000000,0.947615,0,0,0,0,single,0,1
moving_015_r03_s10003,26.624,0.861344,0.391982,0.042510,1,99.000000,0.944707,0,0,0,0,single,0,1
moving_015_r03_s10003,26.656,0.858503,0.392751,0.042537,1,99.000000,0.941801,0,0,0,0,single,0,1
moving_015_r03_s10003,26.688,0.855664,0.393523,0.042539,1,99.000000,0.938896,0,0,0,0,single,0,1
moving_015_r03_s10003,26.720,0.852821,0.394278,0.042536,1,99.000000,0.935994,0,0,0,0,single,0,1
moving_015_r03_s10003,26.752,0.849975,0.395022,0.042523,1,99.000000,0.933094,0,0,0,0,single,0,1
moving_015_r03_s10003,26.784,0.847126,0.395757,0.042499,1,99.000000,0.930196,0,0,0,0,single,0,1
moving_015_r03_s10003,26.816,0.844273,0.396478,0.042468,1,99.000000,0.927300,0,0,0,0,single,0,1
moving_015_r03_s10003,26.848,0.841414,0.397178,0.042437,1,99.000000,0.924408,0,0,0,0,single,0,1
moving_015_r03_s10003,26.880,0.838550,0.397858,0.042407,1,99.000000,0.921520,0,0,0,0,single,0,1
moving_015_r03_s10003,26.912,0.835681,0.398514,0.042379,1,99.000000,0.918637,0,0,0,0,single,0,1
moving_015_r03_s10003,26.944,0.832806,0.399148,0.042353,1,99.000000,0.915759,0,0,0,0,single,0,1
moving_015_r03_s10003,26.976,0.829925,0.399757,0.042331,1,99.000000,0.912886,0,0,0,0,single,0,1
moving_015_r03_s10003,27.008,0.827039,0.400340,0.042315,1,99.000000,0.910019,0,0,0,0,single,0,1
moving_015_r03_s10003,27.040,0.824148,0.400898,0.042303,1,99.000000,0.907160,0,0,0,0,single,0,1
moving_015_r03_s10003,27.072,0.821252,0.401427,0.042299,1,99.000000,0.904307,0,0,0,0,single,0,1
moving_015_r03_s10003,27.104,0.818350,0.401929,0.042301,1,99.000000,0.901463,0,0,0,0,single,0,1
moving_015_r03_s10003,27.136,0.815445,0.402404,0.042309,1,99.000000,0.898626,0,0,0,0,single,0,1
moving_015_r03_s10003,27.168,0.812536,0.402851,0.042324,1,99.000000,0.895799,0,0,0,0,single,0,1
moving_015_r03_s10003,27.200,0.809623,0.403274,0.042342,1,99.000000,0.892979,0,0,0,0,single,0,1
moving_015_r03_s10003,27.232,0.806707,0.403671,0.042365,1,99.000000,0.890168,0,0,0,0,single,0,1
moving_015_r03_s10003,27.264,0.803788,0.404044,0.042392,1,99.000000,0.887366,0,0,0,0,single,0,1
moving_015_r03_s10003,27.296,0.800868,0.404393,0.042420,1,99.000000,0.884573,0,0,0,0,single,0,1
moving_015_r03_s10003,27.328,0.797945,0.404723,0.042447,1,99.000000,0.881787,0,0,0,0,single,0,1
moving_015_r03_s10003,27.360,0.795020,0.405033,0.042473,1,99.000000,0.879009,0,0,0,0,single,0,1
moving_015_r03_s10003,27.392,0.792094,0.405325,0.042495,1,99.000000,0.876239,0,0,0,0,single,0,1
moving_015_r03_s10003,27.424,0.789167,0.405600,0.042513,1,99.000000,0.873475,0,0,0,0,single,0,1
moving_015_r03_s10003,27.456,0.786238,0.405861,0.042525,1,99.000000,0.870718,0,0,0,0,single,0,1
moving_015_r03_s10003,27.488,0.783304,0.406106,0.042530,1,99.000000,0.867964,0,0,0,0,single,0,1
moving_015_r03_s10003,27.520,0.780369,0.406329,0.042537,1,99.000000,0.865220,0,0,0,0,single,0,1
moving_015_r03_s10003,27.552,0.777434,0.406561,0.042515,1,99.000000,0.862474,0,0,0,0,single,0,1
moving_015_r03_s10003,27.584,0.774498,0.406776,0.042487,1,99.000000,0.859734,0,0,0,0,single,0,1
moving_015_r03_s10003,27.616,0.771559,0.406960,0.042469,1,99.000000,0.857008,0,0,0,0,single,0,1
moving_015_r03_s10003,27.648,0.768619,0.407118,0.042456,1,99.000000,0.854293,0,0,0,0,single,0,1
moving_015_r03_s10003,27.680,0.765677,0.407250,0.042449,1,99.000000,0.851589,0,0,0,0,single,0,1
moving_015_r03_s10003,27.712,0.762734,0.407355,0.042446,1,99.000000,0.848898,0,0,0,0,single,0,1
moving_015_r03_s10003,27.744,0.759791,0.407436,0.042446,1,99.000000,0.846218,0,0,0,0,single,0,1
moving_015_r03_s10003,27.776,0.756847,0.407494,0.042449,1,99.000000,0.843551,0,0,0,0,single,0,1
moving_015_r03_s10003,27.808,0.753903,0.407529,0.042452,1,99.000000,0.840895,0,0,0,0,single,0,1
moving_015_r03_s10003,27.840,0.750958,0.407542,0.042457,1,99.000000,0.838250,0,0,0,0,single,0,1
moving_015_r03_s10003,27.872,0.748014,0.407536,0.042464,1,99.000000,0.835616,0,0,0,0,single,0,1
moving_015_r03_s10003,27.904,0.745070,0.407508,0.042492,1,99.000000,0.832994,0,0,0,0,single,0,1
moving_015_r03_s10003,27.936,0.742126,0.407463,0.042537,1,99.000000,0.830383,0,0,0,0,single,0,1
moving_015_r03_s10003,27.968,0.739183,0.407399,0.042601,1,99.000000,0.827782,0,0,0,0,single,0,1
moving_015_r03_s10003,28.000,0.736240,0.407318,0.042682,1,99.000000,0.825192,0,0,0,0,single,0,1
moving_015_r03_s10003,28.032,0.733298,0.407221,0.042779,1,99.000000,0.822612,0,0,0,0,single,0,1
moving_015_r03_s10003,28.064,0.730356,0.407109,0.042891,1,99.000000,0.820041,0,0,0,0,single,0,1
moving_015_r03_s10003,28.096,0.727415,0.406982,0.043018,1,99.000000,0.817481,0,0,0,0,single,0,1
moving_015_r03_s10003,28.128,0.724475,0.406842,0.043158,1,99.000000,0.814930,0,0,0,0,single,0,1
moving_015_r03_s10003,28.160,0.721535,0.406688,0.043312,1,99.000000,0.812388,0,0,0,0,single,0,1
moving_015_r03_s10003,28.192,0.718596,0.406521,0.043479,1,99.000000,0.809856,0,0,0,0,single,0,1
moving_015_r03_s10003,28.224,0.715657,0.406342,0.043658,1,99.000000,0.807333,0,0,0,0,single,0,1
moving_015_r03_s10003,28.256,0.712719,0.406151,0.043849,1,99.000000,0.804818,0,0,0,0,single,0,1
moving_015_r03_s10003,28.288,0.709783,0.405947,0.044053,1,99.000000,0.802313,0,0,0,0,single,0,1
moving_015_r03_s10003,28.320,0.706846,0.405734,0.044266,1,99.000000,0.799817,0,0,0,0,single,0,1
moving_015_r03_s10003,28.352,0.703911,0.405511,0.044489,1,99.000000,0.797328,0,0,0,0,single,0,1
moving_015_r03_s10003,28.384,0.700976,0.405277,0.044723,1,99.000000,0.794849,0,0,0,0,single,0,1
moving_015_r03_s10003,28.416,0.698042,0.405035,0.044965,1,99.000000,0.792377,0,0,0,0,single,0,1
moving_015_r03_s10003,28.448,0.695109,0.404784,0.045216,1,99.000000,0.789914,0,0,0,0,single,0,1
moving_015_r03_s10003,28.480,0.692176,0.404526,0.045474,1,99.000000,0.787457,0,0,0,0,single,0,1
moving_015_r03_s10003,28.512,0.689244,0.404264,0.045736,1,99.000000,0.785007,0,0,0,0,single,0,1
moving_015_r03_s10003,28.544,0.686312,0.403996,0.046004,1,99.000000,0.782562,0,0,0,0,single,0,1
moving_015_r03_s10003,28.576,0.683381,0.403723,0.046277,1,99.000000,0.780125,0,0,0,0,single,0,1
moving_015_r03_s10003,28.608,0.680450,0.403444,0.046556,1,99.000000,0.777693,0,0,0,0,single,0,1
moving_015_r03_s10003,28.640,0.677520,0.403160,0.046840,1,99.000000,0.775269,0,0,0,0,single,0,1
moving_015_r03_s10003,28.672,0.674591,0.402870,0.047130,1,99.000000,0.772851,0,0,0,0,single,0,1
moving_015_r03_s10003,28.704,0.671661,0.402577,0.047423,1,99.000000,0.770439,0,0,0,0,single,0,1
moving_015_r03_s10003,28.736,0.668732,0.402280,0.047720,1,99.000000,0.768033,0,0,0,0,single,0,1
moving_015_r03_s10003,28.768,0.665804,0.401979,0.048021,1,99.000000,0.765633,0,0,0,0,single,0,1
moving_015_r03_s10003,28.800,0.662875,0.401679,0.048321,1,99.000000,0.763237,0,0,0,0,single,0,1
moving_015_r03_s10003,28.832,0.659947,0.401378,0.048622,1,99.000000,0.760844,0,0,0,0,single,0,1
moving_015_r03_s10003,28.864,0.657018,0.401077,0.048923,1,99.000000,0.758456,0,0,0,0,single,0,1
moving_015_r03_s10003,28.896,0.654090,0.400775,0.049225,1,99.000000,0.756072,0,0,0,0,single,0,1
moving_015_r03_s10003,28.928,0.651161,0.400472,0.049528,1,99.000000,0.753692,0,0,0,0,single,0,1
moving_015_r03_s10003,28.960,0.648233,0.400169,0.049831,1,99.000000,0.751317,0,0,0,0,single,0,1
moving_015_r03_s10003,28.992,0.645305,0.399865,0.050135,1,99.000000,0.748946,0,0,0,0,single,0,1
moving_015_r03_s10003,29.024,0.642376,0.399561,0.050439,1,99.000000,0.746580,0,0,0,0,single,0,1
moving_015_r03_s10003,29.056,0.639448,0.399255,0.050745,1,99.000000,0.744218,0,0,0,0,single,0,1
moving_015_r03_s10003,29.088,0.636520,0.398949,0.051051,1,99.000000,0.741861,0,0,0,0,single,0,1
moving_015_r03_s10003,29.120,0.633592,0.398642,0.051358,1,99.000000,0.739509,0,0,0,0,single,0,1
moving_015_r03_s10003,29.152,0.630664,0.398339,0.051661,1,99.000000,0.737158,0,0,0,0,single,0,1
moving_015_r03_s10003,29.184,0.627735,0.398039,0.051961,1,99.000000,0.734810,0,0,0,0,single,0,1
moving_015_r03_s10003,29.216,0.624806,0.397741,0.052259,1,99.000000,0.732465,0,0,0,0,single,0,1
moving_015_r03_s10003,29.248,0.621877,0.397446,0.052554,1,99.000000,0.730122,0,0,0,0,single,0,1
moving_015_r03_s10003,29.280,0.618947,0.397156,0.052844,1,99.000000,0.727781,0,0,0,0,single,0,1
moving_015_r03_s10003,29.312,0.616017,0.396871,0.053129,1,99.000000,0.725441,0,0,0,0,single,0,1
moving_015_r03_s10003,29.344,0.613086,0.396592,0.053408,1,99.000000,0.723102,0,0,0,0,single,0,1
moving_015_r03_s10003,29.376,0.610155,0.396322,0.053678,1,99.000000,0.720762,0,0,0,0,single,0,1
moving_015_r03_s10003,29.408,0.607222,0.396059,0.053941,1,99.000000,0.718421,0,0,0,0,single,0,1
moving_015_r03_s10003,29.440,0.604289,0.395805,0.054195,1,99.000000,0.716081,0,0,0,0,single,0,1
moving_015_r03_s10003,29.472,0.601355,0.395560,0.054440,1,99.000000,0.713738,0,0,0,0,single,0,1
moving_015_r03_s10003,29.504,0.598421,0.395325,0.054675,1,99.000000,0.711395,0,0,0,0,single,0,1
moving_015_r03_s10003,29.536,0.595485,0.395099,0.054901,1,99.000000,0.709050,0,0,0,0,single,0,1
moving_015_r03_s10003,29.568,0.592549,0.394884,0.055116,1,99.000000,0.706702,0,0,0,0,single,0,1
moving_015_r03_s10003,29.600,0.589612,0.394681,0.055319,1,99.000000,0.704353,0,0,0,0,single,0,1
moving_015_r03_s10003,29.632,0.586674,0.394489,0.055511,1,99.000000,0.702001,0,0,0,0,single,0,1
moving_015_r03_s10003,29.664,0.583735,0.394310,0.055690,1,99.000000,0.699645,0,0,0,0,single,0,1
moving_015_r03_s10003,29.696,0.580796,0.394144,0.055856,1,99.000000,0.697287,0,0,0,0,single,0,1
moving_015_r03_s10003,29.728,0.577855,0.393990,0.056010,1,99.000000,0.694925,0,0,0,0,single,0,1
moving_015_r03_s10003,29.760,0.574915,0.393849,0.056151,1,99.000000,0.692560,0,0,0,0,single,0,1
moving_015_r03_s10003,29.792,0.571973,0.393720,0.056280,1,99.000000,0.690192,0,0,0,0,single,0,1
moving_015_r03_s10003,29.824,0.569031,0.393604,0.056396,1,99.000000,0.687822,0,0,0,0,single,0,1
moving_015_r03_s10003,29.856,0.566089,0.393503,0.056497,1,99.000000,0.685446,0,0,0,0,single,0,1
moving_015_r03_s10003,29.888,0.563146,0.393414,0.056586,1,99.000000,0.683069,0,0,0,0,single,0,1
moving_015_r03_s10003,29.920,0.560203,0.393337,0.056663,1,99.000000,0.680688,0,0,0,0,single,0,1
moving_015_r03_s10003,29.952,0.557260,0.393272,0.056728,1,99.000000,0.678304,0,0,0,0,single,0,1
moving_015_r03_s10003,29.984,0.554316,0.393220,0.056780,1,99.000000,0.675918,0,0,0,0,single,0,1
moving_015_r03_s10003,30.016,0.551372,0.393181,0.056819,1,99.000000,0.673529,0,0,0,0,single,0,1
moving_015_r03_s10003,30.048,0.548429,0.393153,0.056847,1,99.000000,0.671136,0,0,0,0,single,0,1
moving_015_r03_s10003,30.080,0.545484,0.393139,0.056861,1,99.000000,0.668741,0,0,0,0,single,0,1
moving_015_r03_s10003,30.112,0.542540,0.393136,0.056864,1,99.000000,0.666344,0,0,0,0,single,0,1
moving_015_r03_s10003,30.144,0.539596,0.393144,0.056856,1,99.000000,0.663944,0,0,0,0,single,0,1
moving_015_r03_s10003,30.176,0.536652,0.393162,0.056838,1,99.000000,0.661543,0,0,0,0,single,0,1
moving_015_r03_s10003,30.208,0.533709,0.393191,0.056809,1,99.000000,0.659140,0,0,0,0,single,0,1
moving_015_r03_s10003,30.240,0.530765,0.393231,0.056769,1,99.000000,0.656736,0,0,0,0,single,0,1
moving_015_r03_s10003,30.272,0.527821,0.393279,0.056721,1,99.000000,0.654331,0,0,0,0,single,0,1
moving_015_r03_s10003,30.304,0.524878,0.393336,0.056664,1,99.000000,0.651925,0,0,0,0,single,0,1
moving_015_r03_s10003,30.336,0.521935,0.393402,0.056598,1,99.000000,0.649518,0,0,0,0,single,0,1
moving_015_r03_s10003,30.368,0.518992,0.393477,0.056523,1,99.000000,0.647111,0,0,0,0,single,0,1
moving_015_r03_s10003,30.400,0.516049,0.393561,0.056439,1,99.000000,0.644703,0,0,0,0,single,0,1
moving_015_r03_s10003,30.432,0.513106,0.393651,0.056349,1,99.000000,0.642295,0,0,0,0,single,0,1
moving_015_r03_s10003,30.464,0.510164,0.393749,0.056251,1,99.000000,0.639888,0,0,0,0,single,0,1
moving_015_r03_s10003,30.496,0.507222,0.393852,0.056148,1,99.000000,0.637483,0,0,0,0,single,0,1
moving_015_r03_s10003,30.528,0.504280,0.393961,0.056039,1,99.000000,0.635078,0,0,0,0,single,0,1
moving_015_r03_s10003,30.560,0.501338,0.394075,0.055925,1,99.000000,0.632675,0,0,0,0,single,0,1
moving_015_r03_s10003,30.592,0.498396,0.394192,0.055808,1,99.000000,0.630275,0,0,0,0,single,0,1
moving_015_r03_s10003,30.624,0.495455,0.394314,0.055686,1,99.000000,0.627877,0,0,0,0,single,0,1
moving_015_r03_s10003,30.656,0.492514,0.394439,0.055561,1,99.000000,0.625481,0,0,0,0,single,0,1
moving_015_r03_s10003,30.688,0.489572,0.394568,0.055432,1,99.000000,0.623088,0,0,0,0,single,0,1
moving_015_r03_s10003,30.720,0.486632,0.394702,0.055298,1,99.000000,0.620697,0,0,0,0,single,0,1
moving_015_r03_s10003,30.752,0.483691,0.394839,0.055161,1,99.000000,0.618309,0,0,0,0,single,0,1
moving_015_r03_s10003,30.784,0.480750,0.394979,0.055021,1,99.000000,0.615924,0,0,0,0,single,0,1
moving_015_r03_s10003,30.816,0.477809,0.395120,0.054880,1,99.000000,0.613542,0,0,0,0,single,0,1
moving_015_r03_s10003,30.848,0.474869,0.395264,0.054736,1,99.000000,0.611165,0,0,0,0,single,0,1
moving_015_r03_s10003,30.880,0.471929,0.395411,0.054589,1,99.000000,0.608790,0,0,0,0,single,0,1
moving_015_r03_s10003,30.912,0.468988,0.395560,0.054440,1,99.000000,0.606419,0,0,0,0,single,0,1
moving_015_r03_s10003,30.944,0.466048,0.395711,0.054289,1,99.000000,0.604052,0,0,0,0,single,0,1
moving_015_r03_s10003,30.976,0.463108,0.395865,0.054135,1,99.000000,0.601688,0,0,0,0,single,0,1
moving_015_r03_s10003,31.008,0.460168,0.396017,0.053983,1,99.000000,0.599331,0,0,0,0,single,0,1
moving_015_r03_s10003,31.040,0.457228,0.396167,0.053833,1,99.000000,0.596980,0,0,0,0,single,0,1
moving_015_r03_s10003,31.072,0.454288,0.396317,0.053683,1,99.000000,0.594635,0,0,0,0,single,0,1
moving_015_r03_s10003,31.104,0.451348,0.396466,0.053534,1,99.000000,0.592295,0,0,0,0,single,0,1
moving_015_r03_s10003,31.136,0.448407,0.396613,0.053387,1,99.000000,0.589962,0,0,0,0,single,0,1
moving_015_r03_s10003,31.168,0.445467,0.396760,0.053240,1,99.000000,0.587634,0,0,0,0,single,0,1
moving_015_r03_s10003,31.200,0.442527,0.396906,0.053094,1,99.000000,0.585313,0,0,0,0,single,0,1
moving_015_r03_s10003,31.232,0.439586,0.397051,0.052949,1,99.000000,0.582997,0,0,0,0,single,0,1
moving_015_r03_s10003,31.264,0.436646,0.397195,0.052805,1,99.000000,0.580688,0,0,0,0,single,0,1
moving_015_r03_s10003,31.296,0.433705,0.397339,0.052661,1,99.000000,0.578386,0,0,0,0,single,0,1
moving_015_r03_s10003,31.328,0.430765,0.397481,0.052519,1,99.000000,0.576089,0,0,0,0,single,0,1
moving_015_r03_s10003,31.360,0.427824,0.397623,0.052377,1,99.000000,0.573799,0,0,0,0,single,0,1
moving_015_r03_s10003,31.392,0.424884,0.397764,0.052236,1,99.000000,0.571516,0,0,0,0,single,0,1
moving_015_r03_s10003,31.424,0.421943,0.397905,0.052095,1,99.000000,0.569239,0,0,0,0,single,0,1
moving_015_r03_s10003,31.456,0.419002,0.398044,0.051956,1,99.000000,0.566968,0,0,0,0,single,0,1
moving_015_r03_s10003,31.488,0.416061,0.398183,0.051817,1,99.000000,0.564705,0,0,0,0,single,0,1
moving_015_r03_s10003,31.520,0.413121,0.398321,0.051679,1,99.000000,0.562448,0,0,0,0,single,0,1
moving_015_r03_s10003,31.552,0.410180,0.398458,0.051542,1,99.000000,0.560198,0,0,0,0,single,0,1
moving_015_r03_s10003,31.584,0.407239,0.398595,0.051405,1,99.000000,0.557955,0,0,0,0,single,0,1
moving_015_r03_s10003,31.616,0.404298,0.398730,0.051270,1,99.000000,0.555719,0,0,0,0,single,0,1
moving_015_r03_s10003,31.648,0.401357,0.398865,0.051135,1,99.000000,0.553490,0,0,0,0,single,0,1
moving_015_r03_s10003,31.680,0.398416,0.398999,0.051001,1,99.000000,0.551269,0,0,0,0,single,0,1
moving_015_r03_s10003,31.712,0.395475,0.399133,0.050867,1,99.000000,0.549054,0,0,0,0,single,0,1
moving_015_r03_s10003,31.744,0.392534,0.399265,0.050735,1,99.000000,0.546847,0,0,0,0,single,0,1
moving_015_r03_s10003,31.776,0.389593,0.399397,0.050603,1,99.000000,0.544648,0,0,0,0,single,0,1
moving_015_r03_s10003,31.808,0.386652,0.399528,0.050472,1,99.000000,0.542456,0,0,0,0,single,0,1
moving_015_r03_s10003,31.840,0.383711,0.399658,0.050342,1,99.000000,0.540272,0,0,0,0,single,0,1
moving_015_r03_s10003,31.872,0.380770,0.399788,0.050212,1,99.000000,0.538096,0,0,0,0,single,0,1
moving_015_r03_s10003,31.904,0.377829,0.399917,0.050083,1,99.000000,0.532534,0,1,0,0,single,0,1
moving_015_r03_s10003,31.936,0.374888,0.400045,0.049955,1,99.000000,0.526976,0,1,0,0,single,0,1
moving_015_r03_s10003,31.968,0.371946,0.400164,0.049836,1,99.000000,0.521428,0,1,0,0,single,0,1
moving_015_r03_s10003,32.000,0.369004,0.400278,0.049722,1,99.000000,0.515888,0,1,0,0,single,0,1
moving_015_r03_s10003,32.032,0.366062,0.400386,0.049614,1,99.000000,0.510356,0,1,0,0,single,0,1
moving_015_r03_s10003,32.064,0.363120,0.400488,0.049512,1,99.000000,0.504832,0,1,0,0,single,0,1
moving_015_r03_s10003,32.096,0.360177,0.400583,0.049417,1,99.000000,0.499316,0,1,0,0,single,0,1
moving_015_r03_s10003,32.128,0.357235,0.400675,0.049325,1,99.000000,0.493808,0,1,0,0,single,0,1
moving_015_r03_s10003,32.160,0.354292,0.400764,0.049236,1,99.000000,0.488307,0,1,0,0,single,0,1
moving_015_r03_s10003,32.192,0.351349,0.400848,0.049152,1,99.000000,0.482813,0,1,0,0,single,0,1
moving_015_r03_s10003,32.224,0.348406,0.400927,0.049073,1,99.000000,0.477327,0,1,0,0,single,0,1
moving_015_r03_s10003,32.256,0.345463,0.401003,0.048997,1,99.000000,0.471848,0,1,0,0,single,0,1
moving_015_r03_s10003,32.288,0.342520,0.401075,0.048925,1,99.000000,0.466377,0,1,0,0,single,0,1
moving_015_r03_s10003,32.320,0.339577,0.401141,0.048859,1,99.000000,0.460916,0,1,0,0,single,0,1
moving_015_r03_s10003,32.352,0.336633,0.401200,0.048800,1,99.000000,0.455465,0,1,0,0,single,0,1
moving_015_r03_s10003,32.384,0.333690,0.401254,0.048746,1,99.000000,0.450023,0,1,0,0,single,0,1
moving_015_r03_s10003,32.416,0.330746,0.401304,0.048696,1,99.000000,0.444589,0,1,0,0,single,0,1
moving_015_r03_s10003,32.448,0.327803,0.401350,0.048650,1,99.000000,0.439163,0,1,0,0,single,0,1
moving_015_r03_s10003,32.480,0.324859,0.401393,0.048607,1,99.000000,0.433747,0,1,0,0,single,0,1
moving_015_r03_s10003,32.512,0.321915,0.401431,0.048569,1,99.000000,0.428339,0,1,0,0,single,0,1
moving_015_r03_s10003,32.544,0.318971,0.401463,0.048537,1,99.000000,0.422943,0,1,0,0,single,0,1
moving_015_r03_s10003,32.576,0.316027,0.401489,0.048511,1,99.000000,0.417557,0,1,0,0,single,0,1
moving_015_r03_s10003,32.608,0.313083,0.401509,0.048491,1,99.000000,0.412182,0,1,0,0,single,0,1
moving_015_r03_s10003,32.640,0.310139,0.401523,0.048477,1,99.000000,0.406818,0,1,0,0,single,0,1
moving_015_r03_s10003,32.672,0.307195,0.401532,0.048468,1,99.000000,0.401466,0,1,0,0,single,0,1
moving_015_r03_s10003,32.704,0.304251,0.401534,0.048466,1,99.000000,0.396125,0,1,0,0,single,0,1
moving_015_r03_s10003,32.736,0.301307,0.401531,0.048469,1,99.000000,0.390796,0,1,0,0,single,0,1
moving_015_r03_s10003,32.768,0.298363,0.401522,0.048478,1,99.000000,0.385480,0,1,0,0,single,0,1
moving_015_r03_s10003,32.800,0.295419,0.401508,0.048492,1,99.000000,0.380176,0,1,0,0,single,0,1
moving_015_r03_s10003,32.832,0.292475,0.401487,0.048513,1,99.000000,0.374884,0,1,0,0,single,0,1
moving_015_r03_s10003,32.864,0.289532,0.401461,0.048539,1,99.000000,0.369606,0,1,0,0,single,0,1
moving_015_r03_s10003,32.896,0.286588,0.401429,0.048571,1,99.000000,0.364341,0,1,0,0,single,0,1
moving_015_r03_s10003,32.928,0.283644,0.401391,0.048609,1,99.000000,0.359090,0,1,0,0,single,0,1
moving_015_r03_s10003,32.960,0.280700,0.401348,0.048652,1,99.000000,0.353853,0,1,0,0,single,0,1
moving_015_r03_s10003,32.992,0.277757,0.401299,0.048701,1,99.000000,0.348631,0,1,0,0,single,0,1
moving_015_r03_s10003,33.024,0.274813,0.401244,0.048756,2,99.000000,0.343424,0,1,0,0,single,0,1
moving_015_r03_s10003,33.056,0.271870,0.401186,0.048814,2,99.000000,0.338231,0,1,0,0,single,0,1
moving_015_r03_s10003,33.088,0.268926,0.401124,0.048876,2,99.000000,0.333053,0,1,0,0,single,0,1
moving_015_r03_s10003,33.120,0.265983,0.401057,0.048943,2,99.000000,0.327891,0,1,0,0,single,0,1
moving_015_r03_s10003,33.152,0.263040,0.400987,0.049013,2,99.000000,0.322744,0,1,0,0,single,0,1
moving_015_r03_s10003,33.184,0.260097,0.400913,0.049087,2,99.000000,0.317614,0,1,0,0,single,0,1
moving_015_r03_s10003,33.216,0.257154,0.400835,0.049165,2,99.000000,0.312502,0,1,0,0,single,0,1
moving_015_r03_s10003,33.248,0.254211,0.400757,0.049243,2,99.000000,0.307405,0,1,0,0,single,0,1
moving_015_r03_s10003,33.280,0.251268,0.400679,0.049321,2,99.000000,0.302325,0,1,0,0,single,0,1
moving_015_r03_s10003,33.312,0.248325,0.400601,0.049399,2,99.000000,0.297262,0,1,0,0,single,0,1
moving_015_r03_s10003,33.344,0.245382,0.400522,0.049478,2,99.000000,0.292218,0,1,0,0,single,0,1
moving_015_r03_s10003,33.376,0.242439,0.400442,0.049558,2,99.000000,0.287193,0,1,0,0,single,0,1
moving_015_r03_s10003,33.408,0.239496,0.400361,0.049639,2,99.000000,0.282189,0,1,0,0,single,0,1
moving_015_r03_s10003,33.440,0.236554,0.400280,0.049720,2,99.000000,0.277207,0,1,0,0,single,0,1
moving_015_r03_s10003,33.472,0.233611,0.400199,0.049801,2,99.000000,0.272247,0,1,0,0,single,0,1
moving_015_r03_s10003,33.504,0.230668,0.400116,0.049884,2,99.000000,0.267311,0,1,0,0,single,0,1
moving_015_r03_s10003,33.536,0.227725,0.400033,0.049967,2,99.000000,0.262401,0,1,0,0,single,0,1
moving_015_r03_s10003,33.568,0.224782,0.399949,0.050051,2,99.000000,0.257518,0,1,0,0,single,0,1
moving_015_r03_s10003,33.600,0.221839,0.399864,0.050136,2,99.000000,0.252662,0,1,0,0,single,0,1
moving_015_r03_s10003,33.632,0.218897,0.399778,0.050222,2,99.000000,0.247837,0,1,0,0,single,0,1
moving_015_r03_s10003,33.664,0.215954,0.399691,0.050309,2,99.000000,0.243044,0,1,0,0,single,0,1
moving_015_r03_s10003,33.696,0.213011,0.399604,0.050396,2,99.000000,0.238284,0,1,0,0,single,0,1
moving_015_r03_s10003,33.728,0.210069,0.399516,0.050484,2,99.000000,0.233559,0,1,0,0,single,0,1
moving_015_r03_s10003,33.760,0.207126,0.399427,0.050573,2,99.000000,0.228873,0,1,0,0,single,0,1
moving_015_r03_s10003,33.792,0.204183,0.399337,0.050663,2,99.000000,0.224226,0,1,0,0,single,0,1
moving_015_r03_s10003,33.824,0.201241,0.399247,0.050753,2,99.000000,0.219621,0,1,0,0,single,0,1
moving_015_r03_s10003,33.856,0.198298,0.399155,0.050845,2,99.000000,0.215062,0,1,0,0,single,0,1
moving_015_r03_s10003,33.888,0.195356,0.399063,0.050937,2,99.000000,0.210551,0,1,0,0,single,0,1
moving_015_r03_s10003,33.920,0.192413,0.398970,0.051030,2,99.000000,0.206091,0,1,0,0,single,0,1
moving_015_r03_s10003,33.952,0.189470,0.398877,0.051123,2,99.000000,0.201686,0,1,0,0,single,0,1
moving_015_r03_s10003,33.984,0.186528,0.398782,0.051218,2,99.000000,0.197338,0,1,0,0,single,0,1
moving_015_r03_s10003,34.016,0.183586,0.398687,0.051313,2,99.000000,0.193053,0,1,0,0,single,0,1
moving_015_r03_s10003,34.048,0.180643,0.398591,0.051409,2,99.000000,0.188833,0,1,0,0,single,0,1
moving_015_r03_s10003,34.080,0.177701,0.398494,0.051506,2,99.000000,0.184684,0,1,0,0,single,0,1
moving_015_r03_s10003,34.112,0.174758,0.398396,0.051604,2,99.000000,0.180611,0,1,0,0,single,0,1
moving_015_r03_s10003,34.144,0.171816,0.398298,0.051702,2,99.000000,0.176617,0,1,0,0,single,0,1
moving_015_r03_s10003,34.176,0.168874,0.398198,0.051802,2,99.000000,0.172710,0,1,0,0,single,0,1
moving_015_r03_s10003,34.208,0.165931,0.398098,0.051902,2,99.000000,0.168895,0,1,0,0,single,0,1
moving_015_r03_s10003,34.240,0.162989,0.397997,0.052003,2,99.000000,0.165178,0,1,0,0,single,0,1
moving_015_r03_s10003,34.272,0.160047,0.397901,0.052099,2,99.000000,0.161565,0,1,0,0,single,0,1
moving_015_r03_s10003,34.304,0.157104,0.397807,0.052193,2,99.000000,0.158064,0,1,0,0,single,0,1
moving_015_r03_s10003,34.336,0.154162,0.397715,0.052285,2,99.000000,0.154683,0,1,0,0,single,0,1
moving_015_r03_s10003,34.368,0.151219,0.397627,0.052373,2,99.000000,0.151429,0,1,0,0,single,0,1
moving_015_r03_s10003,34.400,0.148276,0.397541,0.052459,2,99.000000,0.148312,0,1,0,0,single,0,1
moving_015_r03_s10003,34.432,0.145333,0.397458,0.052542,2,99.000000,0.145341,0,1,0,0,single,0,1
moving_015_r03_s10003,34.464,0.142390,0.397377,0.052623,2,99.000000,0.142524,0,1,0,0,single,0,1
moving_015_r03_s10003,34.496,0.139447,0.397299,0.052701,2,99.000000,0.139873,0,1,0,0,single,0,1
moving_015_r03_s10003,34.528,0.136504,0.397224,0.052776,2,99.000000,0.137396,0,1,0,0,single,0,1
moving_015_r03_s10003,34.560,0.133561,0.397151,0.052849,2,99.000000,0.135103,0,1,0,0,single,0,1
moving_015_r03_s10003,34.592,0.130618,0.397081,0.052919,2,99.000000,0.133004,0,1,0,0,single,0,1
moving_015_r03_s10003,34.624,0.130617,0.397082,0.052918,2,99.000000,0.133992,0,1,0,0,single,0,1
moving_015_r03_s10003,34.656,0.130618,0.397083,0.052917,2,99.000000,0.135144,0,1,0,0,single,0,1
moving_015_r03_s10003,34.688,0.130618,0.397083,0.052917,2,99.000000,0.136455,0,1,0,0,single,0,1
moving_015_r03_s10003,34.720,0.130618,0.397084,0.052916,2,99.000000,0.137921,0,1,0,0,single,0,1
moving_015_r03_s10003,34.752,0.130618,0.397084,0.052916,2,99.000000,0.139536,0,1,0,0,single,0,1
moving_015_r03_s10003,34.784,0.130618,0.397085,0.052915,2,99.000000,0.141296,0,1,0,0,single,0,1
moving_015_r03_s10003,34.816,0.130618,0.397085,0.052915,2,99.000000,0.143196,0,1,0,0,single,0,1
moving_015_r03_s10003,34.848,0.130618,0.397085,0.052915,2,99.000000,0.145229,0,1,0,0,single,0,1
moving_015_r03_s10003,34.880,0.130618,0.397085,0.052915,2,99.000000,0.147390,0,1,0,0,single,0,1
moving_015_r03_s10003,34.912,0.130618,0.397086,0.052914,2,99.000000,0.149675,0,1,0,0,single,0,1
moving_015_r03_s10003,34.944,0.130618,0.397086,0.052914,2,99.000000,0.152076,0,1,0,0,single,0,1
moving_015_r03_s10003,34.976,0.130618,0.397086,0.052914,2,99.000000,0.154590,0,1,0,0,single,0,1
moving_015_r03_s10003,35.008,0.130618,0.397086,0.052914,2,99.000000,0.157209,0,1,0,0,single,0,1
moving_015_r03_s10003,35.040,0.130618,0.397086,0.052914,2,99.000000,0.159930,0,1,0,0,single,0,1
moving_015_r03_s10003,35.072,0.130618,0.397086,0.052914,2,99.000000,0.162747,0,1,0,0,single,0,1
moving_015_r03_s10003,35.104,0.130618,0.397086,0.052914,2,99.000000,0.165656,0,1,0,0,single,0,1
moving_015_r03_s10003,35.136,0.130618,0.397086,0.052914,2,99.000000,0.168650,0,1,0,0,single,0,1
moving_015_r03_s10003,35.168,0.130618,0.397086,0.052914,2,99.000000,0.171727,0,1,0,0,single,0,1
moving_015_r03_s10003,35.200,0.128832,0.397046,0.052954,2,99.000000,0.173525,0,1,0,0,single,0,1
moving_015_r03_s10003,35.232,0.127045,0.397011,0.052989,2,99.000000,0.175454,0,1,0,0,single,0,1
moving_015_r03_s10003,35.264,0.125253,0.396979,0.053021,2,99.000000,0.177507,0,1,0,0,single,0,1
moving_015_r03_s10003,35.296,0.123462,0.396948,0.053052,2,99.000000,0.179682,0,1,0,0,single,0,1
moving_015_r03_s10003,35.328,0.121670,0.396920,0.053080,2,99.000000,0.181975,0,1,0,0,single,0,1
moving_015_r03_s10003,35.360,0.118729,0.396876,0.053124,2,99.000000,0.183625,0,1,0,0,single,0,1
moving_015_r03_s10003,35.392,0.115785,0.396836,0.053164,2,99.000000,0.185429,0,1,0,0,single,0,1
moving_015_r03_s10003,35.424,0.112842,0.396795,0.053205,2,99.000000,0.187382,0,1,0,0,single,0,1
moving_015_r03_s10003,35.456,0.109898,0.396753,0.053247,2,99.000000,0.189479,0,1,0,0,single,0,1
moving_015_r03_s10003,35.488,0.106954,0.396711,0.053289,2,99.000000,0.191718,0,1,0,0,single,0,1
moving_015_r03_s10003,35.520,0.104011,0.396674,0.053326,2,99.000000,0.194095,0,1,0,0,single,0,1
moving_015_r03_s10003,35.552,0.101067,0.396641,0.053359,2,99.000000,0.196607,0,1,0,0,single,0,1
moving_015_r03_s10003,35.584,0.098123,0.396611,0.053389,2,99.000000,0.199247,0,1,0,0,single,0,1
moving_015_r03_s10003,35.616,0.095179,0.396584,0.053416,2,99.000000,0.202011,0,1,0,0,single,0,1
moving_015_r03_s10003,35.648,0.092235,0.396561,0.053439,2,99.000000,0.204895,0,1,0,0,single,0,1
moving_015_r03_s10003,35.680,0.089291,0.396541,0.053459,2,99.000000,0.207893,0,1,0,0,single,0,1
moving_015_r03_s10003,35.712,0.086347,0.396524,0.053476,2,99.000000,0.211001,0,1,0,0,single,0,1
moving_015_r03_s10003,35.744,0.083403,0.396511,0.053489,2,99.000000,0.214214,0,1,0,0,single,0,1
moving_015_r03_s10003,35.776,0.080459,0.396501,0.053499,2,99.000000,0.217528,0,1,0,0,single,0,1
moving_015_r03_s10003,35.808,0.077515,0.396495,0.053505,2,99.000000,0.220939,0,1,0,0,single,0,1
moving_015_r03_s10003,35.840,0.074571,0.396492,0.053508,2,99.000000,0.224442,0,1,0,0,single,0,1
moving_015_r03_s10003,35.872,0.071627,0.396492,0.053508,2,99.000000,0.228033,0,1,0,0,single,0,1
moving_015_r03_s10003,35.904,0.068683,0.396496,0.053504,2,99.000000,0.231709,0,1,0,0,single,0,1
moving_015_r03_s10003,35.936,0.065739,0.396503,0.053497,2,99.000000,0.235466,0,1,0,0,single,0,1
moving_015_r03_s10003,35.968,0.062795,0.396513,0.053487,2,99.000000,0.239299,0,1,0,0,single,0,1
moving_015_r03_s10003,36.000,0.059851,0.396526,0.053474,2,99.000000,0.243206,0,1,0,0,single,0,1
moving_015_r03_s10003,36.032,0.056907,0.396543,0.053457,2,99.000000,0.247183,0,1,0,0,single,0,1
moving_015_r03_s10003,36.064,0.053963,0.396563,0.053437,2,99.000000,0.251227,0,1,0,0,single,0,1
moving_015_r03_s10003,36.096,0.051019,0.396587,0.053413,2,99.000000,0.255336,0,1,0,0,single,0,1
moving_015_r03_s10003,36.128,0.048075,0.396614,0.053386,2,99.000000,0.259506,0,1,0,0,single,0,1
moving_015_r03_s10003,36.160,0.045132,0.396644,0.053356,2,99.000000,0.263734,0,1,0,0,single,0,1
moving_015_r03_s10003,36.192,0.042188,0.396677,0.053323,2,99.000000,0.268018,0,1,0,0,single,0,1
moving_015_r03_s10003,36.224,0.039244,0.396714,0.053286,2,99.000000,0.272356,0,1,0,0,single,0,1
moving_015_r03_s10003,36.256,0.036300,0.396754,0.053246,2,99.000000,0.276745,0,1,0,0,single,0,1
moving_015_r03_s10003,36.288,0.033357,0.396797,0.053203,2,99.000000,13.840357,0,1,1,0,single,0,1
moving_015_r03_s10003,36.320,0.030413,0.396844,0.053156,2,99.000000,13.842445,0,1,1,0,single,0,1
moving_015_r03_s10003,36.352,0.027469,0.396894,0.053106,2,99.000000,13.844530,0,1,1,0,single,0,1
moving_015_r03_s10003,36.384,0.024526,0.396947,0.053053,2,99.000000,13.846613,0,1,1,0,single,0,1
moving_015_r03_s10003,36.416,0.021582,0.396999,0.053001,2,99.000000,13.848698,0,1,1,0,single,0,1
moving_015_r03_s10003,36.448,0.018639,0.397051,0.052949,2,99.000000,13.850783,0,1,1,0,single,0,1
moving_015_r03_s10003,36.480,0.015695,0.397102,0.052898,2,99.000000,13.852869,0,1,1,0,single,0,1
moving_015_r03_s10003,36.512,0.012752,0.397154,0.052846,2,99.000000,13.854955,0,1,1,0,single,0,1
moving_015_r03_s10003,36.544,0.009808,0.397205,0.052795,2,99.000000,13.857042,0,1,1,0,single,0,1
moving_015_r03_s10003,36.576,0.006865,0.397256,0.052744,2,99.000000,13.859129,0,1,1,0,single,0,1
moving_015_r03_s10003,36.608,0.003921,0.397307,0.052693,2,99.000000,13.861216,0,1,1,0,single,0,1
moving_015_r03_s10003,36.640,0.000978,0.397357,0.052643,2,99.000000,13.863304,0,1,1,0,single,0,1
moving_015_r03_s10003,36.672,-0.001966,0.397408,0.052592,2,99.000000,13.865392,0,1,1,0,single,0,1
moving_015_r03_s10003,36.704,-0.004910,0.397459,0.052541,2,99.000000,13.867480,0,1,1,0,single,0,1
moving_015_r03_s10003,36.736,-0.007853,0.397510,0.052490,2,99.000000,13.869569,0,1,1,0,single,0,1
moving_015_r03_s10003,36.768,-0.010797,0.397560,0.052440,2,99.000000,13.871658,0,1,1,0,single,0,1
moving_015_r03_s10003,36.800,-0.013740,0.397611,0.052389,2,99.000000,13.873747,0,1,1,0,single,0,1
moving_015_r03_s10003,36.832,-0.016684,0.397662,0.052338,2,99.000000,13.875837,0,1,1,0,single,0,1
moving_015_r03_s10003,36.864,-0.019627,0.397713,0.052287,2,99.000000,13.877927,0,1,1,0,single,0,1
moving_015_r03_s10003,36.896,-0.022571,0.397764,0.052236,2,99.000000,13.880017,0,1,1,0,single,0,1
moving_015_r03_s10003,36.928,-0.025515,0.397814,0.052186,2,99.000000,13.882108,0,1,1,0,single,0,1
moving_015_r03_s10003,36.960,-0.028458,0.397865,0.052135,2,99.000000,13.884198,0,1,1,0,single,0,1
moving_015_r03_s10003,36.992,-0.031402,0.397916,0.052084,2,99.000000,13.886289,0,1,1,0,single,0,1
moving_015_r03_s10003,37.024,-0.034345,0.397967,0.052033,2,99.000000,13.888381,0,1,1,0,single,0,1
moving_015_r03_s10003,37.056,-0.037289,0.398018,0.051982,2,99.000000,13.890472,0,1,1,0,single,0,1
moving_015_r03_s10003,37.088,-0.040232,0.398069,0.051931,2,99.000000,13.892564,0,1,1,0,single,0,1
moving_015_r03_s10003,37.120,-0.043176,0.398120,0.051880,2,99.000000,13.894657,0,1,1,0,single,0,1
moving_015_r03_s10003,37.152,-0.046119,0.398171,0.051829,2,99.000000,13.896749,0,1,1,0,single,0,1
moving_015_r03_s10003,37.184,-0.049063,0.398222,0.051778,2,99.000000,13.898842,0,1,1,0,single,0,1
moving_015_r03_s10003,37.216,-0.052007,0.398273,0.051727,2,99.000000,13.900935,0,1,1,0,single,0,1
moving_015_r03_s10003,37.248,-0.054950,0.398324,0.051676,2,99.000000,13.903029,0,1,1,0,single,0,1
moving_015_r03_s10003,37.280,-0.057894,0.398375,0.051625,2,99.000000,13.905123,0,1,1,0,single,0,1
moving_015_r03_s10003,37.312,-0.060837,0.398426,0.051574,2,99.000000,13.907217,0,1,1,0,single,0,1
moving_015_r03_s10003,37.344,-0.063781,0.398477,0.051523,2,99.000000,13.909311,0,1,1,0,single,0,1
moving_015_r03_s10003,37.376,-0.066724,0.398528,0.051472,2,99.000000,13.911406,0,1,1,0,single,0,1
moving_015_r03_s10003,37.408,-0.069668,0.398579,0.051421,2,99.000000,13.913501,0,1,1,0,single,0,1
moving_015_r03_s10003,37.440,-0.072611,0.398630,0.051370,2,99.000000,13.915596,0,1,1,0,single,0,1
moving_015_r03_s10003,37.472,-0.075555,0.398681,0.051319,2,99.000000,13.917692,0,1,1,0,single,0,1
moving_015_r03_s10003,37.504,-0.078499,0.398732,0.051268,2,99.000000,13.919788,0,1,1,0,single,0,1
moving_015_r03_s10003,37.536,-0.081442,0.398783,0.051217,2,99.000000,13.921884,0,1,1,0,single,0,1
moving_015_r03_s10003,37.568,-0.084386,0.398834,0.051166,2,99.000000,13.923980,0,1,1,0,single,0,1
moving_015_r03_s10003,37.600,-0.087329,0.398885,0.051115,2,99.000000,13.926077,0,1,1,0,single,0,1
moving_015_r03_s10003,37.632,-0.090273,0.398936,0.051064,2,99.000000,13.928174,0,1,1,0,single,0,1
moving_015_r03_s10003,37.664,-0.093216,0.398987,0.051013,2,99.000000,13.930272,0,1,1,0,single,0,1
moving_015_r03_s10003,37.696,-0.096160,0.399038,0.050962,2,99.000000,13.932369,0,1,1,0,single,0,1
moving_015_r03_s10003,37.728,-0.099103,0.399089,0.050911,2,99.000000,13.934467,0,1,1,0,single,0,1
moving_015_r03_s10003,37.760,-0.102047,0.399140,0.050860,2,99.000000,13.936566,0,1,1,0,single,0,1
moving_015_r03_s10003,37.792,-0.104991,0.399192,0.050808,2,99.000000,13.938664,0,1,1,0,single,0,1
moving_015_r03_s10003,37.824,-0.107934,0.399243,0.050757,2,99.000000,13.940763,0,1,1,0,single,0,1
moving_015_r03_s10003,37.856,-0.110878,0.399294,0.050706,2,99.000000,13.942862,0,1,1,0,single,0,1
moving_015_r03_s10003,37.888,-0.113821,0.399345,0.050655,2,99.000000,13.944962,0,1,1,0,single,0,1
moving_015_r03_s10003,37.920,-0.116765,0.399396,0.050604,2,99.000000,13.947061,0,1,1,0,single,0,1
moving_015_r03_s10003,37.952,-0.119708,0.399447,0.050553,2,99.000000,13.949162,0,1,1,0,single,0,1
moving_015_r03_s10003,37.984,-0.122652,0.399499,0.050501,2,99.000000,13.951262,0,1,1,0,single,0,1
moving_015_r03_s10003,38.016,-0.125595,0.399550,0.050450,2,99.000000,13.953363,0,1,1,0,single,0,1
moving_015_r03_s10003,38.048,-0.128539,0.399601,0.050399,2,99.000000,13.955464,0,1,1,0,single,0,1
moving_015_r03_s10003,38.080,-0.131483,0.399652,0.050348,2,99.000000,13.957565,0,1,1,0,single,0,1
moving_015_r03_s10003,38.112,-0.134426,0.399704,0.050296,2,99.000000,13.959666,0,1,1,0,single,0,1
moving_015_r03_s10003,38.144,-0.137370,0.399755,0.050245,2,99.000000,13.961768,0,1,1,0,single,0,1
moving_015_r03_s10003,38.176,-0.140313,0.399806,0.050194,2,99.000000,13.963870,0,1,1,0,single,0,1
moving_015_r03_s10003,38.208,-0.143257,0.399857,0.050143,2,99.000000,13.965973,0,1,1,0,single,0,1
moving_015_r03_s10003,38.240,-0.146200,0.399909,0.050091,2,99.000000,13.968076,0,1,1,0,single,0,1
moving_015_r03_s10003,38.272,-0.149144,0.399960,0.050040,2,99.000000,13.970179,0,1,1,0,single,0,1
moving_015_r03_s10003,38.304,-0.152087,0.400011,0.049989,2,99.000000,13.972282,0,1,1,0,single,0,1
moving_015_r03_s10003,38.336,-0.155031,0.400062,0.049938,2,99.000000,13.974386,0,1,1,0,single,0,1
moving_015_r03_s10003,38.368,-0.157975,0.400109,0.049891,2,99.000000,13.976493,0,1,1,0,single,0,1
moving_015_r03_s10003,38.400,-0.160918,0.400152,0.049848,2,99.000000,13.978603,0,1,1,0,single,0,1
moving_015_r03_s10003,38.432,-0.163862,0.400191,0.049809,2,99.000000,13.980716,0,1,1,0,single,0,1
moving_015_r03_s10003,38.464,-0.166806,0.400227,0.049773,2,99.000000,13.982832,0,1,1,0,single,0,1
moving_015_r03_s10003,38.496,-0.169750,0.400264,0.049736,2,99.000000,13.984947,0,1,1,0,single,0,1
moving_015_r03_s10003,38.528,-0.172694,0.400297,0.049703,2,99.000000,13.987065,0,1,1,0,single,0,1
moving_015_r03_s10003,38.560,-0.175637,0.400326,0.049674,2,99.000000,13.989186,0,1,1,0,single,0,1
moving_015_r03_s10003,38.592,-0.178581,0.400352,0.049648,2,99.000000,13.991310,0,1,1,0,single,0,1
moving_015_r03_s10003,38.624,-0.181525,0.400374,0.049626,2,99.000000,13.993437,0,1,1,0,single,0,1
moving_015_r03_s10003,38.656,-0.184469,0.400393,0.049607,2,99.000000,13.995566,0,1,1,0,single,0,1
moving_015_r03_s10003,38.688,-0.187413,0.400409,0.049591,2,99.000000,13.997698,0,1,1,0,single,0,1
moving_015_r03_s10003,38.720,-0.190357,0.400421,0.049579,2,99.000000,13.999832,0,1,1,0,single,0,1
moving_015_r03_s10003,38.752,-0.193301,0.400430,0.049570,2,99.000000,14.001969,0,1,1,0,single,0,1
moving_015_r03_s10003,38.784,-0.196245,0.400436,0.049564,2,99.000000,14.004108,0,1,1,0,single,0,1
moving_015_r03_s10003,38.816,-0.199189,0.400438,0.049562,2,99.000000,14.006250,0,1,1,0,single,0,1
moving_015_r03_s10003,38.848,-0.202133,0.400437,0.049563,2,99.000000,14.008395,0,1,1,0,single,0,1
moving_015_r03_s10003,38.880,-0.205077,0.400433,0.049567,2,99.000000,14.010542,0,1,1,0,single,0,1
moving_015_r03_s10003,38.912,-0.208021,0.400425,0.049575,2,99.000000,14.012692,0,1,1,0,single,0,1
moving_015_r03_s10003,38.944,-0.210965,0.400419,0.049581,2,99.000000,14.014841,0,1,1,0,single,0,1
moving_015_r03_s10003,38.976,-0.213909,0.400413,0.049587,2,99.000000,14.016990,0,1,1,0,single,0,1
moving_015_r03_s10003,39.008,-0.216853,0.400408,0.049592,2,99.000000,14.019139,0,1,1,0,single,0,1
moving_015_r03_s10003,39.040,-0.219797,0.400397,0.049603,2,99.000000,14.021292,0,1,1,0,single,0,1
moving_015_r03_s10003,39.072,-0.222741,0.400384,0.049616,2,99.000000,14.023447,0,1,1,0,single,0,1
moving_015_r03_s10003,39.104,-0.225685,0.400367,0.049633,2,99.000000,14.025605,0,1,1,0,single,0,1
moving_015_r03_s10003,39.136,-0.228629,0.400346,0.049654,2,99.000000,14.027765,0,1,1,0,single,0,1
moving_015_r03_s10003,39.168,-0.231573,0.400327,0.049673,2,99.000000,14.029925,0,1,1,0,single,0,1
moving_015_r03_s10003,39.200,-0.234517,0.400308,0.049692,2,99.000000,14.032085,0,1,1,0,single,0,1
moving_015_r03_s10003,39.232,-0.237461,0.400290,0.049710,2,99.000000,14.034245,0,1,1,0,single,0,1
moving_015_r03_s10003,39.264,-0.240405,0.400271,0.049729,2,99.000000,14.036406,0,1,1,0,single,0,1
moving_015_r03_s10003,39.296,-0.243349,0.400253,0.049747,2,99.000000,14.038566,0,1,1,0,single,0,1
moving_015_r03_s10003,39.328,-0.246293,0.400234,0.049766,2,99.000000,14.040727,0,1,1,0,single,0,1
moving_015_r03_s10003,39.360,-0.249236,0.400216,0.049784,2,99.000000,14.042888,0,1,1,0,single,0,1
moving_015_r03_s10003,39.392,-0.252180,0.400198,0.049802,2,99.000000,14.045049,0,1,1,0,single,0,1
moving_015_r03_s10003,39.424,-0.255124,0.400180,0.049820,2,99.000000,14.047210,0,1,1,0,single,0,1
moving_015_r03_s10003,39.456,-0.258068,0.400162,0.049838,2,99.000000,14.049372,0,1,1,0,single,0,1
moving_015_r03_s10003,39.488,-0.261012,0.400144,0.049856,2,99.000000,14.051534,0,1,1,0,single,0,1
moving_015_r03_s10003,39.520,-0.263956,0.400126,0.049874,2,99.000000,14.053696,0,1,1,0,single,0,1
moving_015_r03_s10003,39.552,-0.266900,0.400108,0.049892,2,99.000000,14.055859,0,1,1,0,single,0,1
moving_015_r03_s10003,39.584,-0.269844,0.400090,0.049910,2,99.000000,14.058022,0,1,1,0,single,0,1
moving_015_r03_s10003,39.616,-0.272788,0.400072,0.049928,2,99.000000,14.060185,0,1,1,0,single,0,1
moving_015_r03_s10003,39.648,-0.275732,0.400054,0.049946,2,99.000000,14.062348,0,1,1,0,single,0,1
moving_015_r03_s10003,39.680,-0.278676,0.400035,0.049965,2,99.000000,14.064512,0,1,1,0,single,0,1
moving_015_r03_s10003,39.712,-0.281620,0.400017,0.049983,2,99.000000,14.066676,0,1,1,0,single,0,1
moving_015_r03_s10003,39.744,-0.284564,0.399999,0.050001,2,99.000000,14.068840,0,1,1,0,single,0,1
moving_015_r03_s10003,39.776,-0.287508,0.399981,0.050019,2,99.000000,14.071005,0,1,1,0,single,0,1
moving_015_r03_s10003,39.808,-0.290452,0.399963,0.050037,2,99.000000,14.073170,0,1,1,0,single,0,1
moving_015_r03_s10003,39.840,-0.293396,0.399945,0.050055,2,99.000000,14.075335,0,1,1,0,single,0,1
moving_015_r03_s10003,39.872,-0.296340,0.399927,0.050073,2,99.000000,14.077500,0,1,1,0,single,0,1
moving_015_r03_s10003,39.904,-0.299284,0.399909,0.050091,2,99.000000,14.079666,0,1,1,0,single,0,1
moving_015_r03_s10003,39.936,-0.302227,0.399891,0.050109,2,99.000000,14.081832,0,1,1,0,single,0,1
moving_015_r03_s10003,39.968,-0.305171,0.399873,0.050127,2,99.000000,14.083998,0,1,1,0,single,0,1
moving_015_r03_s10003,40.000,-0.308115,0.399855,0.050145,2,99.000000,14.086164,0,1,1,0,single,0,1
moving_015_r03_s10003,40.032,-0.311059,0.399837,0.050163,2,99.000000,14.088331,0,1,1,0,single,0,1
moving_015_r03_s10003,40.064,-0.314003,0.399819,0.050181,2,99.000000,14.090498,0,1,1,0,single,0,1
moving_015_r03_s10003,40.096,-0.316947,0.399801,0.050199,2,99.000000,14.092665,0,1,1,0,single,0,1
moving_015_r03_s10003,40.128,-0.319891,0.399783,0.050217,2,99.000000,14.094833,0,1,1,0,single,0,1
moving_015_r03_s10003,40.160,-0.322835,0.399765,0.050235,2,99.000000,14.097001,0,1,1,0,single,0,1
moving_015_r03_s10003,40.192,-0.325779,0.399747,0.050253,2,99.000000,14.099169,0,1,1,0,single,0,1
moving_015_r03_s10003,40.224,-0.328723,0.399729,0.050271,2,99.000000,14.101338,0,1,1,0,single,0,1
moving_015_r03_s10003,40.256,-0.331667,0.399711,0.050289,2,99.000000,14.103506,0,1,1,0,single,0,1
moving_015_r03_s10003,40.288,-0.334611,0.399693,0.050307,2,99.000000,14.105675,0,1,1,0,single,0,1
moving_015_r03_s10003,40.320,-0.337555,0.399675,0.050325,2,99.000000,14.107845,0,1,1,0,single,0,1
moving_015_r03_s10003,40.352,-0.340499,0.399657,0.050343,2,99.000000,14.110014,0,1,1,0,single,0,1
moving_015_r03_s10003,40.384,-0.343443,0.399639,0.050361,2,99.000000,14.112184,0,1,1,0,single,0,1
moving_015_r03_s10003,40.416,-0.346387,0.399621,0.050379,2,99.000000,14.114354,0,1,1,0,single,0,1
moving_015_r03_s10003,40.448,-0.349331,0.399603,0.050397,2,99.000000,14.116525,0,1,1,0,single,0,1
moving_015_r03_s10003,40.480,-0.352275,0.399585,0.050415,2,99.000000,14.118695,0,1,1,0,single,0,1
moving_015_r03_s10003,40.512,-0.355218,0.399567,0.050433,2,99.000000,14.120866,0,1,1,0,single,0,1
moving_015_r03_s10003,40.544,-0.358162,0.399549,0.050451,2,99.000000,14.123037,0,1,1,0,single,0,1
moving_015_r03_s10003,40.576,-0.361106,0.399531,0.050469,2,99.000000,14.125209,0,1,1,0,single,0,1
moving_015_r03_s10003,40.608,-0.364050,0.399513,0.050487,2,99.000000,14.127381,0,1,1,0,single,0,1
moving_015_r03_s10003,40.640,-0.366994,0.399495,0.050505,2,99.000000,14.129553,0,1,1,0,single,0,1
moving_015_r03_s10003,40.672,-0.369938,0.399477,0.050523,2,99.000000,14.131725,0,1,1,0,single,0,1
moving_015_r03_s10003,40.704,-0.372882,0.399459,0.050541,2,99.000000,14.133898,0,1,1,0,single,0,1
moving_015_r03_s10003,40.736,-0.375826,0.399441,0.050559,2,99.000000,14.136071,0,1,1,0,single,0,1
moving_015_r03_s10003,40.768,-0.378770,0.399423,0.050577,2,99.000000,14.138244,0,1,1,0,single,0,1
moving_015_r03_s10003,40.800,-0.381714,0.399406,0.050594,2,99.000000,14.140417,0,1,1,0,single,0,1
moving_015_r03_s10003,40.832,-0.384658,0.399388,0.050612,2,99.000000,14.142591,0,1,1,0,single,0,1
moving_015_r03_s10003,40.864,-0.387602,0.399370,0.050630,2,99.000000,14.144765,0,1,1,0,single,0,1
moving_015_r03_s10003,40.896,-0.390546,0.399352,0.050648,2,99.000000,14.146939,0,1,1,0,single,0,1
moving_015_r03_s10003,40.928,-0.393490,0.399334,0.050666,2,99.000000,14.149114,0,1,1,0,single,0,1
moving_015_r03_s10003,40.960,-0.396434,0.399316,0.050684,2,99.000000,14.151289,0,1,1,0,single,0,1
moving_015_r03_s10003,40.992,-0.399378,0.399298,0.050702,2,99.000000,14.153464,0,1,1,0,single,0,1
moving_015_r03_s10003,41.024,-0.402322,0.399280,0.050720,2,99.000000,14.155639,0,1,1,0,single,0,1
moving_015_r03_s10003,41.056,-0.405266,0.399262,0.050738,2,99.000000,14.157815,0,1,1,0,single,0,1
moving_015_r03_s10003,41.088,-0.408209,0.399244,0.050756,2,99.000000,14.159991,0,1,1,0,single,0,1
moving_015_r03_s10003,41.120,-0.411153,0.399226,0.050774,2,99.000000,14.162167,0,1,1,0,single,0,1
moving_015_r03_s10003,41.152,-0.414097,0.399209,0.050791,2,99.000000,14.164343,0,1,1,0,single,0,1
moving_015_r03_s10003,41.184,-0.417041,0.399191,0.050809,2,99.000000,14.166520,0,1,1,0,single,0,1
moving_015_r03_s10003,41.216,-0.419985,0.399173,0.050827,2,99.000000,14.168697,0,1,1,0,single,0,1
moving_015_r03_s10003,41.248,-0.422929,0.399155,0.050845,2,99.000000,14.170874,0,1,1,0,single,0,1
moving_015_r03_s10003,41.280,-0.425873,0.399137,0.050863,2,99.000000,14.173052,0,1,1,0,single,0,1
moving_015_r03_s10003,41.312,-0.428817,0.399119,0.050881,2,99.000000,14.175230,0,1,1,0,single,0,1
moving_015_r03_s10003,41.344,-0.431761,0.399101,0.050899,2,99.000000,14.177408,0,1,1,0,single,0,1
moving_015_r03_s10003,41.376,-0.434705,0.399084,0.050916,2,99.000000,14.179586,0,1,1,0,single,0,1
moving_015_r03_s10003,41.408,-0.437649,0.399066,0.050934,2,99.000000,14.181765,0,1,1,0,single,0,1
moving_015_r03_s10003,41.440,-0.440593,0.399048,0.050952,2,99.000000,14.183944,0,1,1,0,single,0,1
moving_015_r03_s10003,41.472,-0.443537,0.399030,0.050970,2,99.000000,14.186123,0,1,1,0,single,0,1
moving_015_r03_s10003,41.504,-0.446481,0.399012,0.050988,2,99.000000,14.188303,0,1,1,0,single,0,1
moving_015_r03_s10003,41.536,-0.449425,0.398994,0.051006,2,99.000000,14.190482,0,1,1,0,single,0,1
moving_015_r03_s10003,41.568,-0.452369,0.398976,0.051024,2,99.000000,14.192662,0,1,1,0,single,0,1
moving_015_r03_s10003,41.600,-0.455313,0.398959,0.051041,2,99.000000,14.194843,0,1,1,0,single,0,1
moving_015_r03_s10003,41.632,-0.458257,0.398941,0.051059,2,99.000000,14.197023,0,1,1,0,single,0,1
moving_015_r03_s10003,41.664,-0.461201,0.398923,0.051077,2,99.000000,14.199204,0,1,1,0,single,0,1
moving_015_r03_s10003,41.696,-0.464144,0.398905,0.051095,2,99.000000,14.201385,0,1,1,0,single,0,1
moving_015_r03_s10003,41.728,-0.467088,0.398887,0.051113,2,99.000000,14.203567,0,1,1,0,single,0,1
moving_015_r03_s10003,41.760,-0.470032,0.398870,0.051130,2,99.000000,14.205748,0,1,1,0,single,0,1
moving_015_r03_s10003,41.792,-0.472976,0.398852,0.051148,2,99.000000,14.207930,0,1,1,0,single,0,1
moving_015_r03_s10003,41.824,-0.475920,0.398834,0.051166,2,99.000000,14.210112,0,1,1,0,single,0,1
moving_015_r03_s10003,41.856,-0.478864,0.398816,0.051184,2,99.000000,14.212295,0,1,1,0,single,0,1
moving_015_r03_s10003,41.888,-0.481808,0.398798,0.051202,2,99.000000,14.214478,0,1,1,0,single,0,1
moving_015_r03_s10003,41.920,-0.484752,0.398781,0.051219,2,99.000000,14.216661,0,1,1,0,single,0,1
moving_015_r03_s10003,41.952,-0.487696,0.398763,0.051237,2,99.000000,14.218844,0,1,1,0,single,0,1
moving_015_r03_s10003,41.984,-0.490640,0.398745,0.051255,2,99.000000,14.221028,0,1,1,0,single,0,1
moving_015_r03_s10003,42.016,-0.493584,0.398727,0.051273,2,99.000000,14.223211,0,1,1,0,single,0,1
moving_015_r03_s10003,42.048,-0.496528,0.398709,0.051291,2,99.000000,14.225396,0,1,1,0,single,0,1
moving_015_r03_s10003,42.080,-0.499472,0.398692,0.051308,2,99.000000,14.227580,0,1,1,0,single,0,1
moving_015_r03_s10003,42.112,-0.502416,0.398674,0.051326,2,99.000000,14.229765,0,1,1,0,single,0,1
moving_015_r03_s10003,42.144,-0.505360,0.398656,0.051344,2,99.000000,14.231949,0,1,1,0,single,0,1
moving_015_r03_s10003,42.176,-0.508304,0.398638,0.051362,2,99.000000,14.234135,0,1,1,0,single,0,1
moving_015_r03_s10003,42.208,-0.511248,0.398621,0.051379,2,99.000000,14.236320,0,1,1,0,single,0,1
moving_015_r03_s10003,42.240,-0.514192,0.398603,0.051397,2,99.000000,14.238506,0,1,1,0,single,0,1
moving_015_r03_s10003,42.272,-0.517135,0.398585,0.051415,2,99.000000,14.240692,0,1,1,0,single,0,1
moving_015_r03_s10003,42.304,-0.520079,0.398567,0.051433,2,99.000000,14.242878,0,1,1,0,single,0,1
moving_015_r03_s10003,42.336,-0.523023,0.398550,0.051450,2,99.000000,14.245065,0,1,1,0,single,0,1
moving_015_r03_s10003,42.368,-0.525967,0.398532,0.051468,2,99.000000,14.247252,0,1,1,0,single,0,1
moving_015_r03_s10003,42.400,-0.528911,0.398514,0.051486,2,99.000000,14.249439,0,1,1,0,single,0,1
moving_015_r03_s10003,42.432,-0.531855,0.398496,0.051504,2,99.000000,14.251626,0,1,1,0,single,0,1
moving_015_r03_s10003,42.464,-0.534799,0.398479,0.051521,2,99.000000,14.253814,0,1,1,0,single,0,1
moving_015_r03_s10003,42.496,-0.537743,0.398461,0.051539,2,99.000000,14.256002,0,1,1,0,single,0,1
moving_015_r03_s10003,42.528,-0.540687,0.398443,0.051557,2,99.000000,14.258190,0,1,1,0,single,0,1
moving_015_r03_s10003,42.560,-0.543631,0.398426,0.051574,2,99.000000,14.260378,0,1,1,0,single,0,1
moving_015_r03_s10003,42.592,-0.546575,0.398408,0.051592,2,99.000000,14.262567,0,1,1,0,single,0,1
moving_015_r03_s10003,42.624,-0.549519,0.398390,0.051610,2,99.000000,14.264756,0,1,1,0,single,0,1
moving_015_r03_s10003,42.656,-0.552463,0.398373,0.051627,2,99.000000,14.266945,0,1,1,0,single,0,1
moving_015_r03_s10003,42.688,-0.555407,0.398355,0.051645,2,99.000000,14.269135,0,1,1,0,single,0,1
moving_015_r03_s10003,42.720,-0.558351,0.398337,0.051663,2,99.000000,14.271324,0,1,1,0,single,0,1
moving_015_r03_s10003,42.752,-0.561295,0.398319,0.051681,2,99.000000,14.273514,0,1,1,0,single,0,1
moving_015_r03_s10003,42.784,-0.564239,0.398302,0.051698,2,99.000000,14.275705,0,1,1,0,single,0,1
moving_015_r03_s10003,42.816,-0.567183,0.398284,0.051716,2,99.000000,14.277895,0,1,1,0,single,0,1
moving_015_r03_s10003,42.848,-0.570127,0.398266,0.051734,2,99.000000,14.280086,0,1,1,0,single,0,1
moving_015_r03_s10003,42.880,-0.573070,0.398249,0.051751,2,99.000000,14.282277,0,1,1,0,single,0,1
moving_015_r03_s10003,42.912,-0.576014,0.398231,0.051769,2,99.000000,14.284469,0,1,1,0,single,0,1
moving_015_r03_s10003,42.944,-0.578958,0.398213,0.051787,2,99.000000,14.286660,0,1,1,0,single,0,1
moving_015_r03_s10003,42.976,-0.581902,0.398196,0.051804,2,99.000000,14.288852,0,1,1,0,single,0,1
moving_015_r03_s10003,43.008,-0.584846,0.398178,0.051822,2,99.000000,14.291045,0,1,1,0,single,0,1
moving_015_r03_s10003,43.040,-0.587790,0.398160,0.051840,2,99.000000,14.293237,0,1,1,0,single,0,1
moving_015_r03_s10003,43.072,-0.590734,0.398143,0.051857,2,99.000000,14.295430,0,1,1,0,single,0,1
moving_015_r03_s10003,43.104,-0.593678,0.398125,0.051875,2,99.000000,14.297623,0,1,1,0,single,0,1
moving_015_r03_s10003,43.136,-0.596622,0.398108,0.051892,2,99.000000,14.299816,0,1,1,0,single,0,1
moving_015_r03_s10003,43.168,-0.599566,0.398090,0.051910,2,99.000000,14.302010,0,1,1,0,single,0,1
moving_015_r03_s10003,43.200,-0.602510,0.398072,0.051928,2,99.000000,14.304203,0,1,1,0,single,0,1
moving_015_r03_s10003,43.232,-0.605454,0.398055,0.051945,2,99.000000,14.306397,0,1,1,0,single,0,1
moving_015_r03_s10003,43.264,-0.608398,0.398037,0.051963,2,99.000000,14.308592,0,1,1,0,single,0,1
moving_015_r03_s10003,43.296,-0.611342,0.398019,0.051981,2,99.000000,14.310786,0,1,1,0,single,0,1
moving_015_r03_s10003,43.328,-0.614286,0.398002,0.051998,2,99.000000,14.312981,0,1,1,0,single,0,1
moving_015_r03_s10003,43.360,-0.617230,0.397984,0.052016,2,99.000000,14.315176,0,1,1,0,single,0,1
moving_015_r03_s10003,43.392,-0.620174,0.397967,0.052033,2,99.000000,14.317372,0,1,1,0,single,0,1
moving_015_r03_s10003,43.424,-0.623118,0.397949,0.052051,2,99.000000,14.319567,0,1,1,0,single,0,1
moving_015_r03_s10003,43.456,-0.626062,0.397931,0.052069,2,99.000000,14.321763,0,1,1,0,single,0,1
moving_015_r03_s10003,43.488,-0.629005,0.397914,0.052086,2,99.000000,14.323960,0,1,1,0,single,0,1
moving_015_r03_s10003,43.520,-0.631949,0.397896,0.052104,2,99.000000,14.326156,0,1,1,0,single,0,1
moving_015_r03_s10003,43.552,-0.634893,0.397879,0.052121,2,99.000000,14.328353,0,1,1,0,single,0,1
moving_015_r03_s10003,43.584,-0.637837,0.397861,0.052139,2,99.000000,14.330550,0,1,1,0,single,0,1
moving_015_r03_s10003,43.616,-0.640781,0.397843,0.052157,2,99.000000,14.332747,0,1,1,0,single,0,1
moving_015_r03_s10003,43.648,-0.643725,0.397826,0.052174,2,99.000000,14.334944,0,1,1,0,single,0,1
moving_015_r03_s10003,43.680,-0.646669,0.397808,0.052192,2,99.000000,14.337142,0,1,1,0,single,0,1
moving_015_r03_s10003,43.712,-0.649613,0.397791,0.052209,2,99.000000,14.339340,0,1,1,0,single,0,1
moving_015_r03_s10003,43.744,-0.652557,0.397773,0.052227,2,99.000000,14.341539,0,1,1,0,single,0,1
moving_015_r03_s10003,43.776,-0.655501,0.397756,0.052244,2,99.000000,14.343737,0,1,1,0,single,0,1
moving_015_r03_s10003,43.808,-0.658445,0.397738,0.052262,2,99.000000,14.345936,0,1,1,0,single,0,1
moving_015_r03_s10003,43.840,-0.661389,0.397721,0.052279,2,99.000000,14.348135,0,1,1,0,single,0,1
moving_015_r03_s10003,43.872,-0.664333,0.397703,0.052297,2,99.000000,14.350335,0,1,1,0,single,0,1
moving_015_r03_s10003,43.904,-0.667277,0.397685,0.052315,2,99.000000,14.352534,0,1,1,0,single,0,1
moving_015_r03_s10003,43.936,-0.670221,0.397668,0.052332,2,99.000000,14.354734,0,1,1,0,single,0,1
moving_015_r03_s10003,43.968,-0.673165,0.397650,0.052350,2,99.000000,14.356934,0,1,1,0,single,0,1
moving_015_r03_s10003,44.000,-0.676109,0.397633,0.052367,2,99.000000,14.359135,0,1,1,0,single,0,1
moving_015_r03_s10003,44.032,-0.679053,0.397615,0.052385,2,99.000000,14.361335,0,1,1,0,single,0,1
moving_015_r03_s10003,44.064,-0.681997,0.397598,0.052402,2,99.000000,14.363536,0,1,1,0,single,0,1
moving_015_r03_s10003,44.096,-0.684940,0.397580,0.052420,2,99.000000,14.365738,0,1,1,0,single,0,1
moving_015_r03_s10003,44.128,-0.687884,0.397563,0.052437,2,99.000000,14.367939,0,1,1,0,single,0,1
moving_015_r03_s10003,44.160,-0.690828,0.397550,0.052450,2,99.000000,14.370138,0,1,1,0,single,0,1
moving_015_r03_s10003,44.192,-0.693772,0.397541,0.052459,2,99.000000,14.372334,0,1,1,0,single,0,1
moving_015_r03_s10003,44.224,-0.696716,0.397535,0.052465,2,99.000000,14.374528,0,1,1,0,single,0,1
moving_015_r03_s10003,44.256,-0.699660,0.397533,0.052467,2,99.000000,14.376721,0,1,1,0,single,0,1
moving_015_r03_s10003,44.288,-0.702604,0.397535,0.052465,2,99.000000,14.378911,0,1,1,0,single,0,1
moving_015_r03_s10003,44.320,-0.705548,0.397540,0.052460,2,99.000000,14.381099,0,1,1,0,single,0,1
moving_015_r03_s10003,44.352,-0.708492,0.397543,0.052457,2,99.000000,14.383288,0,1,1,0,single,0,1
moving_015_r03_s10003,44.384,-0.711436,0.397551,0.052449,2,99.000000,14.385475,0,1,1,0,single,0,1
moving_015_r03_s10003,44.416,-0.714380,0.397567,0.052433,2,99.000000,14.387657,0,1,1,0,single,0,1
moving_015_r03_s10003,44.448,-0.717324,0.397591,0.052409,2,99.000000,14.389834,0,1,1,0,single,0,1
moving_015_r03_s10003,44.480,-0.720268,0.397618,0.052382,2,99.000000,14.392008,0,1,1,0,single,0,1
moving_015_r03_s10003,44.512,-0.723212,0.397649,0.052351,2,99.000000,14.394180,0,1,1,0,single,0,1
moving_015_r03_s10003,44.544,-0.726156,0.397683,0.052317,2,99.000000,14.396351,0,1,1,0,single,0,1
moving_015_r03_s10003,44.576,-0.729100,0.397720,0.052280,2,99.000000,14.398520,0,1,1,0,single,0,1
moving_015_r03_s10003,44.608,-0.732044,0.397755,0.052245,2,99.000000,14.400690,0,1,1,0,single,0,1
moving_015_r03_s10003,44.640,-0.734987,0.397790,0.052210,2,99.000000,14.402860,0,1,1,0,single,0,1
moving_015_r03_s10003,44.672,-0.737931,0.397825,0.052175,2,99.000000,14.405031,0,1,1,0,single,0,1
moving_015_r03_s10003,44.704,-0.740875,0.397859,0.052141,2,99.000000,14.407203,0,1,1,0,single,0,1
moving_015_r03_s10003,44.736,-0.743819,0.397894,0.052106,2,99.000000,14.409375,0,1,1,0,single,0,1
moving_015_r03_s10003,44.768,-0.746762,0.397928,0.052072,2,99.000000,14.411547,0,1,1,0,single,0,1
moving_015_r03_s10003,44.800,-0.749706,0.397962,0.052038,2,99.000000,14.413720,0,1,1,0,single,0,1
moving_015_r03_s10003,44.832,-0.752650,0.397996,0.051995,2,99.000000,14.415893,0,1,1,0,single,0,1
moving_015_r03_s10003,44.864,-0.755594,0.398030,0.051931,2,99.000000,14.418066,0,1,1,0,single,0,1
moving_015_r03_s10003,44.896,-0.758538,0.398064,0.051844,2,99.000000,14.420239,0,1,1,0,single,0,1
moving_015_r03_s10003,44.928,-0.761481,0.398098,0.051736,2,99.000000,14.422413,0,1,1,0,single,0,1
moving_015_r03_s10003,44.960,-0.764425,0.398132,0.051607,2,99.000000,14.424587,0,1,1,0,single,0,1
moving_015_r03_s10003,44.992,-0.767369,0.398166,0.051455,2,99.000000,14.426762,0,1,1,0,single,0,1
moving_015_r03_s10003,45.024,-0.770313,0.398200,0.051282,2,99.000000,14.428936,0,1,1,0,single,0,1
moving_015_r03_s10003,45.056,-0.773257,0.398234,0.051088,2,99.000000,14.431111,0,1,1,0,single,0,1
moving_015_r03_s10003,45.088,-0.776200,0.398268,0.050871,2,99.000000,14.433286,0,1,1,0,single,0,1
moving_015_r03_s10003,45.120,-0.779144,0.398290,0.050645,2,99.000000,14.435470,0,1,1,0,single,0,1
moving_015_r03_s10003,45.152,-0.782088,0.398301,0.050409,2,99.000000,14.437661,0,1,1,0,single,0,1
moving_015_r03_s10003,45.184,-0.785032,0.398325,0.050138,2,99.000000,14.439844,0,1,1,0,single,0,1
moving_015_r03_s10003,45.216,-0.787976,0.398342,0.049852,2,99.000000,14.442032,0,1,1,0,single,0,1
moving_015_r03_s10003,45.248,-0.790920,0.398353,0.049551,2,99.000000,14.444223,0,1,1,0,single,0,1
moving_015_r03_s10003,45.280,-0.793865,0.398357,0.049235,2,99.000000,14.446420,0,1,1,0,single,0,1
moving_015_r03_s10003,45.312,-0.796809,0.398351,0.048908,2,99.000000,14.448624,0,1,1,0,single,0,1
moving_015_r03_s10003,45.344,-0.799753,0.398334,0.048571,2,99.000000,14.450835,0,1,1,0,single,0,1
moving_015_r03_s10003,45.376,-0.802697,0.398305,0.048224,2,99.000000,14.453055,0,1,1,0,single,0,1
moving_015_r03_s10003,45.408,-0.805641,0.398261,0.047871,2,99.000000,14.455285,0,1,1,0,single,0,1
moving_015_r03_s10003,45.440,-0.808584,0.398203,0.047511,2,99.000000,14.457524,0,1,1,0,single,0,1
moving_015_r03_s10003,45.472,-0.811528,0.398126,0.047147,2,99.000000,14.459776,0,1,1,0,single,0,1
moving_015_r03_s10003,45.504,-0.814471,0.398030,0.046782,2,99.000000,14.462040,0,1,1,0,single,0,1
moving_015_r03_s10003,45.536,-0.817413,0.397913,0.046417,2,99.000000,14.464318,0,1,1,0,single,0,1
moving_015_r03_s10003,45.568,-0.820355,0.397773,0.046053,2,99.000000,14.466611,0,1,1,0,single,0,1
moving_015_r03_s10003,45.600,-0.823295,0.397606,0.045695,2,99.000000,14.468922,0,1,1,0,single,0,1
moving_015_r03_s10003,45.632,-0.826233,0.397406,0.045349,2,99.000000,14.471252,0,1,1,0,single,0,1
moving_015_r03_s10003,45.664,-0.829170,0.397172,0.045014,2,99.000000,14.473604,0,1,1,0,single,0,1
moving_015_r03_s10003,45.696,-0.832103,0.396902,0.044695,2,99.000000,14.475978,0,1,1,0,single,0,1
moving_015_r03_s10003,45.728,-0.835033,0.396594,0.044393,2,99.000000,14.478375,0,1,1,0,single,0,1
moving_015_r03_s10003,45.760,-0.837958,0.396244,0.044111,2,99.000000,14.480796,0,1,1,0,single,0,1
moving_015_r03_s10003,45.792,-0.840878,0.395854,0.043849,2,99.000000,14.483241,0,1,1,0,single,0,1
moving_015_r03_s10003,45.824,-0.843792,0.395423,0.043606,2,99.000000,14.485708,0,1,1,0,single,0,1
moving_015_r03_s10003,45.856,-0.846700,0.394953,0.043381,2,99.000000,14.488197,0,1,1,0,single,0,1
moving_015_r03_s10003,45.888,-0.849600,0.394436,0.043183,2,99.000000,14.490710,0,1,1,0,single,0,1
moving_015_r03_s10003,45.920,-0.852492,0.393888,0.042996,2,99.000000,14.493239,0,1,1,0,single,0,1
moving_015_r03_s10003,45.952,-0.855382,0.393331,0.042796,2,99.000000,14.495772,0,1,1,0,single,0,1
moving_015_r03_s10003,45.984,-0.858268,0.392751,0.042599,2,99.000000,14.498317,0,1,1,0,single,0,1
moving_015_r03_s10003,46.016,-0.861148,0.392145,0.042408,2,99.000000,14.500876,0,1,1,0,single,0,1
moving_015_r03_s10003,46.048,-0.864023,0.391518,0.042216,2,99.000000,14.503445,0,1,1,0,single,0,1
moving_015_r03_s10003,46.080,-0.866896,0.390879,0.042016,2,99.000000,14.506021,0,1,1,0,single,0,1
moving_015_r03_s10003,46.112,-0.869763,0.390207,0.041827,2,99.000000,14.508614,0,1,1,0,single,0,1
moving_015_r03_s10003,46.144,-0.872620,0.389490,0.041664,2,99.000000,14.511229,0,1,1,0,single,0,1
moving_015_r03_s10003,46.176,-0.875465,0.388726,0.041528,2,99.000000,14.513867,0,1,1,0,single,0,1
moving_015_r03_s10003,46.208,-0.878298,0.387916,0.041419,2,99.000000,14.516526,0,1,1,0,single,0,1
moving_015_r03_s10003,46.240,-0.881117,0.387062,0.041333,2,99.000000,14.519205,0,1,1,0,single,0,1
moving_015_r03_s10003,46.272,-0.883924,0.386164,0.041273,2,99.000000,14.521902,0,1,1,0,single,0,1
moving_015_r03_s10003,46.304,-0.886715,0.385223,0.041236,2,99.000000,14.524617,0,1,1,0,single,0,1
moving_015_r03_s10003,46.336,-0.889493,0.384242,0.041221,2,99.000000,14.527348,0,1,1,0,single,0,1
moving_015_r03_s10003,46.368,-0.892255,0.383221,0.041228,2,99.000000,14.530095,0,1,1,0,single,0,1
moving_015_r03_s10003,46.400,-0.895002,0.382161,0.041255,2,99.000000,14.532856,0,1,1,0,single,0,1
moving_015_r03_s10003,46.432,-0.897736,0.381068,0.041297,2,99.000000,14.535629,0,1,1,0,single,0,1
moving_015_r03_s10003,46.464,-0.900456,0.379943,0.041351,2,99.000000,14.538412,0,1,1,0,single,0,1
moving_015_r03_s10003,46.496,-0.903164,0.378792,0.041414,2,99.000000,14.541205,0,1,1,0,single,0,1
moving_015_r03_s10003,46.528,-0.905862,0.377615,0.041483,2,99.000000,14.544006,0,1,1,0,single,0,1
moving_015_r03_s10003,46.560,-0.908548,0.376413,0.041558,2,99.000000,14.546815,0,1,1,0,single,0,1
moving_015_r03_s10003,46.592,-0.911224,0.375189,0.041637,2,99.000000,14.549632,0,1,1,0,single,0,1
moving_015_r03_s10003,46.624,-0.913891,0.373946,0.041716,2,99.000000,14.552455,0,1,1,0,single,0,1
moving_015_r03_s10003,46.656,-0.916550,0.372684,0.041794,2,99.000000,14.555283,0,1,1,0,single,0,1
moving_015_r03_s10003,46.688,-0.919199,0.371403,0.041872,2,99.000000,14.558117,0,1,1,0,single,0,1
moving_015_r03_s10003,46.720,-0.921849,0.370123,0.041927,2,99.000000,14.560951,0,1,1,0,single,0,1
moving_015_r03_s10003,46.752,-0.924492,0.368831,0.041976,2,99.000000,14.563789,0,1,1,0,single,0,1
moving_015_r03_s10003,46.784,-0.927132,0.367528,0.042014,2,99.000000,14.566630,0,1,1,0,single,0,1
moving_015_r03_s10003,46.816,-0.929767,0.366218,0.042039,2,99.000000,14.569474,0,1,1,0,single,0,1
moving_015_r03_s10003,46.848,-0.932396,0.364893,0.042060,2,99.000000,14.572322,0,1,1,0,single,0,1
moving_015_r03_s10003,46.880,-0.935015,0.363548,0.042081,2,99.000000,14.575176,0,1,1,0,single,0,1
moving_015_r03_s10003,46.912,-0.937624,0.362184,0.042103,2,99.000000,14.578035,0,1,1,0,single,0,1
moving_015_r03_s10003,46.944,-0.940223,0.360802,0.042124,2,99.000000,14.580899,0,1,1,0,single,0,1
moving_015_r03_s10003,46.976,-0.942813,0.359400,0.042146,2,99.000000,14.583769,0,1,1,0,single,0,1
moving_015_r03_s10003,47.008,-0.945390,0.357976,0.042171,2,99.000000,14.586644,0,1,1,0,single,0,1
moving_015_r03_s10003,47.040,-0.947956,0.356531,0.042200,2,99.000000,14.589524,0,1,1,0,single,0,1
moving_015_r03_s10003,47.072,-0.950510,0.355066,0.042230,2,99.000000,14.592410,0,1,1,0,single,0,1
moving_015_r03_s10003,47.104,-0.953051,0.353578,0.042266,2,99.000000,14.595300,0,1,1,0,single,0,1
moving_015_r03_s10003,47.136,-0.955579,0.352069,0.042305,2,99.000000,14.598195,0,1,1,0,single,0,1
moving_015_r03_s10003,47.168,-0.958095,0.350537,0.042348,2,99.000000,14.601095,0,1,1,0,single,0,1
moving_015_r03_s10003,47.200,-0.960596,0.348985,0.042396,2,99.000000,14.603998,0,1,1,0,single,0,1
moving_015_r03_s10003,47.232,-0.963086,0.347413,0.042445,2,99.000000,14.606906,0,1,1,0,single,0,1
moving_015_r03_s10003,47.264,-0.965563,0.345822,0.042495,2,99.000000,14.609816,0,1,1,0,single,0,1
moving_015_r03_s10003,47.296,-0.968027,0.344211,0.042548,2,99.000000,14.612730,0,1,1,0,single,0,1
moving_015_r03_s10003,47.328,-0.970480,0.342583,0.042600,2,99.000000,14.615647,0,1,1,0,single,0,1
moving_015_r03_s10003,47.360,-0.972921,0.340937,0.042653,2,99.000000,14.618567,0,1,1,0,single,0,1
moving_015_r03_s10003,47.392,-0.975351,0.339275,0.042703,2,99.000000,14.621489,0,1,1,0,single,0,1
moving_015_r03_s10003,47.424,-0.977771,0.337599,0.042750,2,99.000000,14.624413,0,1,1,0,single,0,1
moving_015_r03_s10003,47.456,-0.980181,0.335909,0.042792,2,99.000000,14.627338,0,1,1,0,single,0,1
moving_015_r03_s10003,47.488,-0.982587,0.334214,0.042820,2,99.000000,14.630264,0,1,1,0,single,0,1
moving_015_r03_s10003,47.520,-0.984986,0.332509,0.042838,2,99.000000,14.633192,0,1,1,0,single,0,1
moving_015_r03_s10003,47.552,-0.987381,0.330797,0.042844,2,99.000000,14.636120,0,1,1,0,single,0,1
moving_015_r03_s10003,47.584,-0.989768,0.329075,0.042840,2,99.000000,14.639050,0,1,1,0,single,0,1
moving_015_r03_s10003,47.616,-0.992148,0.327342,0.042829,2,99.000000,14.641982,0,1,1,0,single,0,1
moving_015_r03_s10003,47.648,-0.994516,0.325593,0.042816,2,99.000000,14.644915,0,1,1,0,single,0,1
moving_015_r03_s10003,47.680,-0.996873,0.323828,0.042801,2,99.000000,14.647850,0,1,1,0,single,0,1
moving_015_r03_s10003,47.712,-0.999217,0.322046,0.042787,2,99.000000,14.650787,0,1,1,0,single,0,1
moving_015_r03_s10003,47.744,-1.001547,0.320247,0.042773,2,99.000000,14.653725,0,1,1,0,single,0,1
moving_015_r03_s10003,47.776,-1.003865,0.318431,0.042758,2,99.000000,14.656665,0,1,1,0,single,0,1
moving_015_r03_s10003,47.808,-1.006169,0.316598,0.042745,2,99.000000,14.659606,0,1,1,0,single,0,1
moving_015_r03_s10003,47.840,-1.008457,0.314743,0.042737,2,99.000000,14.662548,0,1,1,0,single,0,1
moving_015_r03_s10003,47.872,-1.010729,0.312870,0.042732,2,99.000000,14.665491,0,1,1,0,single,0,1
moving_015_r03_s10003,47.904,-1.012986,0.310979,0.042729,2,99.000000,14.668435,0,1,1,0,single,0,1
moving_015_r03_s10003,47.936,-1.015226,0.309068,0.042731,2,99.000000,14.671379,0,1,1,0,single,0,1
moving_015_r03_s10003,47.968,-1.017450,0.307138,0.042737,2,99.000000,14.674323,0,1,1,0,single,0,1
moving_015_r03_s10003,48.000,-1.019658,0.305191,0.042745,2,99.000000,14.677268,0,1,1,0,single,0,1
moving_015_r03_s10003,48.032,-1.021851,0.303226,0.042754,2,99.000000,14.680212,0,1,1,0,single,0,1
moving_015_r03_s10003,48.064,-1.024029,0.301245,0.042765,2,99.000000,14.683156,0,1,1,0,single,0,1
moving_015_r03_s10003,48.096,-1.026190,0.299246,0.042779,2,99.000000,14.686099,0,1,1,0,single,0,1
moving_015_r03_s10003,48.128,-1.028337,0.297232,0.042792,2,99.000000,14.689041,0,1,1,0,single,0,1
moving_015_r03_s10003,48.160,-1.030470,0.295203,0.042805,2,99.000000,14.691982,0,1,1,0,single,0,1
moving_015_r03_s10003,48.192,-1.032590,0.293161,0.042814,2,99.000000,14.694923,0,1,1,0,single,0,1
moving_015_r03_s10003,48.224,-1.034697,0.291105,0.042821,2,99.000000,14.697863,0,1,1,0,single,0,1
moving_015_r03_s10003,48.256,-1.036796,0.289042,0.042818,2,99.000000,14.700802,0,1,1,0,single,0,1
moving_015_r03_s10003,48.288,-1.038886,0.286970,0.042806,2,99.000000,14.703740,0,1,1,0,single,0,1
moving_015_r03_s10003,48.320,-1.040969,0.284890,0.042784,2,99.000000,14.706677,0,1,1,0,single,0,1
moving_015_r03_s10003,48.352,-1.043045,0.282804,0.042749,2,99.000000,14.709614,0,1,1,0,single,0,1
moving_015_r03_s10003,48.384,-1.045112,0.280708,0.042707,2,99.000000,14.712550,0,1,1,0,single,0,1
moving_015_r03_s10003,48.416,-1.047164,0.278597,0.042664,2,99.000000,14.715486,0,1,1,0,single,0,1
moving_015_r03_s10003,48.448,-1.049201,0.276471,0.042621,2,99.000000,14.718419,0,1,1,0,single,0,1
moving_015_r03_s10003,48.480,-1.051222,0.274330,0.042580,2,99.000000,14.721351,0,1,1,0,single,0,1
moving_015_r03_s10003,48.512,-1.053225,0.272171,0.042541,2,99.000000,14.724280,0,1,1,0,single,0,1
moving_015_r03_s10003,48.544,-1.055208,0.269995,0.042508,2,99.000000,14.727207,0,1,1,0,single,0,1
moving_015_r03_s10003,48.576,-1.057171,0.267799,0.042482,2,99.000000,14.730131,0,1,1,0,single,0,1
moving_015_r03_s10003,48.608,-1.059114,0.265586,0.042462,2,99.000000,14.733052,0,1,1,0,single,0,1
moving_015_r03_s10003,48.640,-1.061034,0.263353,0.042450,2,99.000000,14.735968,0,1,1,0,single,0,1
moving_015_r03_s10003,48.672,-1.062932,0.261102,0.042446,2,99.000000,14.738880,0,1,1,0,single,0,1
moving_015_r03_s10003,48.704,-1.064807,0.258832,0.042449,2,99.000000,14.741788,0,1,1,0,single,0,1
moving_015_r03_s10003,48.736,-1.066661,0.256544,0.042460,2,99.000000,14.744691,0,1,1,0,single,0,1
moving_015_r03_s10003,48.768,-1.068492,0.254238,0.042478,3,99.000000,14.747589,0,1,1,0,single,0,1
moving_015_r03_s10003,48.800,-1.070303,0.251917,0.042500,3,99.000000,14.750483,0,1,1,0,single,0,1
moving_015_r03_s10003,48.832,-1.072092,0.249579,0.042528,3,99.000000,14.753370,0,1,1,0,single,0,1
moving_015_r03_s10003,48.864,-1.073864,0.247229,0.042557,3,99.000000,14.756253,0,1,1,0,single,0,1
moving_015_r03_s10003,48.896,-1.075618,0.244864,0.042587,3,99.000000,14.759132,0,1,1,0,single,0,1
moving_015_r03_s10003,48.928,-1.077354,0.242488,0.042617,3,99.000000,14.762006,0,1,1,0,single,0,1
moving_015_r03_s10003,48.960,-1.079075,0.240101,0.042644,3,99.000000,14.764875,0,1,1,0,single,0,1
moving_015_r03_s10003,48.992,-1.080780,0.237702,0.042670,3,99.000000,14.767740,0,1,1,0,single,0,1
moving_015_r03_s10003,49.024,-1.082473,0.235295,0.042689,3,99.000000,14.770602,0,1,1,0,single,0,1
moving_015_r03_s10003,49.056,-1.084161,0.232884,0.042694,3,99.000000,14.773462,0,1,1,0,single,0,1
moving_015_r03_s10003,49.088,-1.085836,0.230465,0.042692,3,99.000000,14.776318,0,1,1,0,single,0,1
moving_015_r03_s10003,49.120,-1.087504,0.228040,0.042679,3,99.000000,14.779173,0,1,1,0,single,0,1
moving_015_r03_s10003,49.152,-1.089160,0.225606,0.042658,3,99.000000,14.782024,0,1,1,0,single,0,1
moving_015_r03_s10003,49.184,-1.090801,0.223163,0.042634,3,99.000000,14.784871,0,1,1,0,single,0,1
moving_015_r03_s10003,49.216,-1.092425,0.220707,0.042611,3,99.000000,14.787713,0,1,1,0,single,0,1
moving_015_r03_s10003,49.248,-1.094029,0.218238,0.042589,3,99.000000,14.790549,0,1,1,0,single,0,1
moving_015_r03_s10003,49.280,-1.095615,0.215757,0.042568,3,99.000000,14.793379,0,1,1,0,single,0,1
moving_015_r03_s10003,49.312,-1.097180,0.213263,0.042551,3,99.000000,14.796203,0,1,1,0,single,0,1
moving_015_r03_s10003,49.344,-1.098722,0.210755,0.042538,3,99.000000,14.799019,0,1,1,0,single,0,1
moving_015_r03_s10003,49.376,-1.100243,0.208234,0.042530,3,99.000000,14.801827,0,1,1,0,single,0,1
moving_015_r03_s10003,49.408,-1.101740,0.205698,0.042529,3,99.000000,14.804627,0,1,1,0,single,0,1
moving_015_r03_s10003,49.440,-1.103213,0.203148,0.042533,3,99.000000,14.807419,0,1,1,0,single,0,1
moving_015_r03_s10003,49.472,-1.104663,0.200586,0.042544,3,99.000000,14.810201,0,1,1,0,single,0,1
moving_015_r03_s10003,49.504,-1.106091,0.198011,0.042558,3,99.000000,14.812976,0,1,1,0,single,0,1
moving_015_r03_s10003,49.536,-1.107497,0.195424,0.042575,3,99.000000,14.815742,0,1,1,0,single,0,1
moving_015_r03_s10003,49.568,-1.108881,0.192826,0.042597,3,99.000000,14.818498,0,1,1,0,single,0,1
moving_015_r03_s10003,49.600,-1.110245,0.190217,0.042619,3,99.000000,14.821247,0,1,1,0,single,0,1
moving_015_r03_s10003,49.632,-1.111588,0.187598,0.042644,3,99.000000,14.823988,0,1,1,0,single,0,1
moving_015_r03_s10003,49.664,-1.112910,0.184968,0.042671,3,99.000000,14.826720,0,1,1,0,single,0,1
moving_015_r03_s10003,49.696,-1.114213,0.182329,0.042698,3,99.000000,14.829443,0,1,1,0,single,0,1
moving_015_r03_s10003,49.728,-1.115499,0.179682,0.042722,3,99.000000,14.832160,0,1,1,0,single,0,1
moving_015_r03_s10003,49.760,-1.116765,0.177025,0.042747,3,99.000000,14.834868,0,1,1,0,single,0,1
moving_015_r03_s10003,49.792,-1.118018,0.174362,0.042766,3,99.000000,14.837570,0,1,1,0,single,0,1
moving_015_r03_s10003,49.824,-1.119278,0.171701,0.042756,3,99.000000,14.840277,0,1,1,0,single,0,1
moving_015_r03_s10003,49.856,-1.120520,0.169033,0.042745,3,99.000000,14.842974,0,1,1,0,single,0,1
moving_015_r03_s10003,49.888,-1.121750,0.166359,0.042724,3,99.000000,14.845667,0,1,1,0,single,0,1
moving_015_r03_s10003,49.920,-1.122971,0.163681,0.042694,3,99.000000,14.848355,0,1,1,0,single,0,1
moving_015_r03_s10003,49.952,-1.124174,0.160995,0.042660,3,99.000000,14.851036,0,1,1,0,single,0,1
moving_015_r03_s10003,49.984,-1.125358,0.158299,0.042628,3,99.000000,14.853709,0,1,1,0,single,0,1
moving_015_r03_s10003,50.016,-1.126521,0.155594,0.042597,3,99.000000,14.856372,0,1,1,0,single,0,1
moving_015_r03_s10003,50.048,-1.127660,0.152880,0.042569,3,99.000000,14.859024,0,1,1,0,single,0,1
moving_015_r03_s10003,50.080,-1.128776,0.150155,0.042547,3,99.000000,14.861666,0,1,1,0,single,0,1
moving_015_r03_s10003,50.112,-1.129868,0.147420,0.042530,3,99.000000,14.864296,0,1,1,0,single,0,1
moving_015_r03_s10003,50.144,-1.130933,0.144675,0.042519,3,99.000000,14.866913,0,1,1,0,single,0,1
moving_015_r03_s10003,50.176,-1.131973,0.141920,0.042514,3,99.000000,14.869518,0,1,1,0,single,0,1
moving_015_r03_s10003,50.208,-1.132985,0.139155,0.042518,3,99.000000,14.872109,0,1,1,0,single,0,1
moving_015_r03_s10003,50.240,-1.133970,0.136380,0.042529,3,99.000000,14.874686,0,1,1,0,single,0,1
moving_015_r03_s10003,50.272,-1.134928,0.133596,0.042548,3,99.000000,14.877249,0,1,1,0,single,0,1
moving_015_r03_s10003,50.304,-1.135863,0.130805,0.042569,3,99.000000,14.879800,0,1,1,0,single,0,1
moving_015_r03_s10003,50.336,-1.136774,0.128006,0.042594,3,99.000000,14.882338,0,1,1,0,single,0,1
moving_015_r03_s10003,50.368,-1.137661,0.125200,0.042623,3,99.000000,14.884864,0,1,1,0,single,0,1
moving_015_r03_s10003,50.400,-1.138527,0.122387,0.042653,3,99.000000,14.887377,0,1,1,0,single,0,1
moving_015_r03_s10003,50.432,-1.139370,0.119568,0.042685,3,99.000000,14.889879,0,1,1,0,single,0,1
moving_015_r03_s10003,50.464,-1.140193,0.116743,0.042717,3,99.000000,14.892369,0,1,1,0,single,0,1
moving_015_r03_s10003,50.496,-1.140997,0.113913,0.042747,3,99.000000,14.894849,0,1,1,0,single,0,1
moving_015_r03_s10003,50.528,-1.141782,0.111077,0.042776,3,99.000000,14.897318,0,1,1,0,single,0,1
moving_015_r03_s10003,50.560,-1.142553,0.108237,0.042799,3,99.000000,14.899781,0,1,1,0,single,0,1
moving_015_r03_s10003,50.592,-1.143326,0.105398,0.042797,3,99.000000,14.902243,0,1,1,0,single,0,1
moving_015_r03_s10003,50.624,-1.144083,0.102555,0.042791,3,99.000000,14.904697,0,1,1,0,single,0,1
moving_015_r03_s10003,50.656,-1.144830,0.099710,0.042774,3,99.000000,14.907145,0,1,1,0,single,0,1
moving_015_r03_s10003,50.688,-1.145568,0.096861,0.042745,3,99.000000,14.909589,0,1,1,0,single,0,1
moving_015_r03_s10003,50.720,-1.146290,0.094008,0.042712,3,99.000000,14.912024,0,1,1,0,single,0,1
moving_015_r03_s10003,50.752,-1.146992,0.091150,0.042678,3,99.000000,14.914447,0,1,1,0,single,0,1
moving_015_r03_s10003,50.784,-1.147673,0.088286,0.042644,3,99.000000,14.916859,0,1,1,0,single,0,1
moving_015_r03_s10003,50.816,-1.148332,0.085417,0.042612,3,99.000000,14.919258,0,1,1,0,single,0,1
moving_015_r03_s10003,50.848,-1.148967,0.082542,0.042584,3,99.000000,14.921643,0,1,1,0,single,0,1
moving_015_r03_s10003,50.880,-1.149578,0.079662,0.042558,3,99.000000,14.924014,0,1,1,0,single,0,1
moving_015_r03_s10003,50.912,-1.150163,0.076776,0.042538,3,99.000000,14.926370,0,1,1,0,single,0,1
moving_015_r03_s10003,50.944,-1.150723,0.073885,0.042522,3,99.000000,14.928710,0,1,1,0,single,0,1
moving_015_r03_s10003,50.976,-1.151258,0.070990,0.042511,3,99.000000,14.931034,0,1,1,0,single,0,1
moving_015_r03_s10003,51.008,-1.151768,0.068090,0.042503,3,99.000000,14.933344,0,1,1,0,single,0,1
moving_015_r03_s10003,51.040,-1.152250,0.065186,0.042503,3,99.000000,14.935635,0,1,1,0,single,0,1
moving_015_r03_s10003,51.072,-1.152705,0.062278,0.042508,3,99.000000,14.937910,0,1,1,0,single,0,1
moving_015_r03_s10003,51.104,-1.153136,0.059366,0.042516,3,99.000000,14.940169,0,1,1,0,single,0,1
moving_015_r03_s10003,51.136,-1.153542,0.056451,0.042529,3,99.000000,14.942412,0,1,1,0,single,0,1
moving_015_r03_s10003,51.168,-1.153923,0.053534,0.042545,3,99.000000,14.944638,0,1,1,0,single,0,1
moving_015_r03_s10003,51.200,-1.154281,0.050613,0.042563,3,99.000000,14.946848,0,1,1,0,single,0,1
moving_015_r03_s10003,51.232,-1.154618,0.047691,0.042581,3,99.000000,14.949045,0,1,1,0,single,0,1
moving_015_r03_s10003,51.264,-1.154936,0.044767,0.042597,3,99.000000,14.951229,0,1,1,0,single,0,1
moving_015_r03_s10003,51.296,-1.155233,0.041841,0.042612,3,99.000000,14.953400,0,1,1,0,single,0,1
moving_015_r03_s10003,51.328,-1.155513,0.038911,0.042624,3,99.000000,14.955560,0,1,1,0,single,0,1
moving_015_r03_s10003,51.360,-1.155802,0.035982,0.042606,3,99.000000,14.957726,0,1,1,0,single,0,1
moving_015_r03_s10003,51.392,-1.156073,0.033054,0.042584,3,99.000000,14.959879,0,1,1,0,single,0,1
moving_015_r03_s10003,51.424,-1.156333,0.030121,0.042553,3,99.000000,14.962026,0,1,1,0,single,0,1
moving_015_r03_s10003,51.456,-1.156584,0.027188,0.042508,3,99.000000,14.964168,0,1,1,0,single,0,1
moving_015_r03_s10003,51.488,-1.156822,0.024254,0.042455,3,99.000000,14.966302,0,1,1,0,single,0,1
moving_015_r03_s10003,51.520,-1.157040,0.021318,0.042402,3,99.000000,14.968421,0,1,1,0,single,0,1
moving_015_r03_s10003,51.552,-1.157236,0.018380,0.042349,3,99.000000,14.970526,0,1,1,0,single,0,1
moving_015_r03_s10003,51.584,-1.157409,0.015441,0.042298,3,99.000000,14.972615,0,1,1,0,single,0,1
moving_015_r03_s10003,51.616,-1.157558,0.012500,0.042251,3,99.000000,14.974687,0,1,1,0,single,0,1
moving_015_r03_s10003,51.648,-1.157680,0.009557,0.042208,3,99.000000,14.976741,0,1,1,0,single,0,1
moving_015_r03_s10003,51.680,-1.157771,0.006613,0.042175,3,99.000000,14.978772,0,1,1,0,single,0,1
moving_015_r03_s10003,51.712,-1.157830,0.003669,0.042153,3,99.000000,14.980781,0,1,1,0,single,0,1
moving_015_r03_s10003,51.744,-1.157859,0.000724,0.042140,3,99.000000,14.982768,0,1,1,0,single,0,1
moving_015_r03_s10003,51.776,-1.157859,-0.002221,0.042135,3,99.000000,14.984734,0,1,1,0,single,0,1
moving_015_r03_s10003,51.808,-1.157830,-0.005166,0.042137,3,99.000000,14.986678,0,1,1,0,single,0,1
moving_015_r03_s10003,51.840,-1.157773,-0.008110,0.042146,3,99.000000,14.988601,0,1,1,0,single,0,1
moving_015_r03_s10003,51.872,-1.157687,-0.011053,0.042163,3,99.000000,14.990503,0,1,1,0,single,0,1
moving_015_r03_s10003,51.904,-1.157575,-0.013996,0.042184,3,99.000000,14.992385,0,1,1,0,single,0,1
moving_015_r03_s10003,51.936,-1.157437,-0.016937,0.042211,3,99.000000,14.994246,0,1,1,0,single,0,1
moving_015_r03_s10003,51.968,-1.157274,-0.019876,0.042241,3,99.000000,14.996089,0,1,1,0,single,0,1
moving_015_r03_s10003,52.000,-1.157086,-0.022814,0.042275,3,99.000000,14.997913,0,1,1,0,single,0,1
moving_015_r03_s10003,52.032,-1.156874,-0.025751,0.042312,3,99.000000,14.999717,0,1,1,0,single,0,1
moving_015_r03_s10003,52.064,-1.156643,-0.028685,0.042346,3,99.000000,15.001507,0,1,1,0,single,0,1
moving_015_r03_s10003,52.096,-1.156391,-0.031618,0.042381,3,99.000000,15.003280,0,1,1,0,single,0,1
moving_015_r03_s10003,52.128,-1.156132,-0.034550,0.042401,3,99.000000,15.005048,0,1,1,0,single,0,1
moving_015_r03_s10003,52.160,-1.155857,-0.037481,0.042416,3,99.000000,15.006804,0,1,1,0,single,0,1
moving_015_r03_s10003,52.192,-1.155569,-0.040410,0.042422,3,99.000000,15.008550,0,1,1,0,single,0,1
moving_015_r03_s10003,52.224,-1.155272,-0.043339,0.042418,3,99.000000,15.010288,0,1,1,0,single,0,1
moving_015_r03_s10003,52.256,-1.154960,-0.046266,0.042405,3,99.000000,15.012015,0,1,1,0,single,0,1
moving_015_r03_s10003,52.288,-1.154628,-0.049191,0.042392,3,99.000000,15.013726,0,1,1,0,single,0,1
moving_015_r03_s10003,52.320,-1.154275,-0.052114,0.042379,3,99.000000,15.015421,0,1,1,0,single,0,1
moving_015_r03_s10003,52.352,-1.153897,-0.055035,0.042371,3,99.000000,15.017095,0,1,1,0,single,0,1
moving_015_r03_s10003,52.384,-1.153493,-0.057951,0.042367,3,99.000000,15.018748,0,1,1,0,single,0,1
moving_015_r03_s10003,52.416,-1.153063,-0.060865,0.042368,3,99.000000,15.020380,0,1,1,0,single,0,1
moving_015_r03_s10003,52.448,-1.152605,-0.063774,0.042376,3,99.000000,15.021988,0,1,1,0,single,0,1
moving_015_r03_s10003,52.480,-1.152119,-0.066678,0.042390,3,99.000000,15.023574,0,1,1,0,single,0,1
moving_015_r03_s10003,52.512,-1.151605,-0.069578,0.042412,3,99.000000,15.025135,0,1,1,0,single,0,1
moving_015_r03_s10003,52.544,-1.151062,-0.072472,0.042443,3,99.000000,15.026672,0,1,1,0,single,0,1
moving_015_r03_s10003,52.576,-1.150491,-0.075361,0.042481,3,99.000000,15.028185,0,1,1,0,single,0,1
moving_015_r03_s10003,52.608,-1.149893,-0.078245,0.042524,3,99.000000,15.029675,0,1,1,0,single,0,1
moving_015_r03_s10003,52.640,-1.149270,-0.081122,0.042572,3,99.000000,15.031143,0,1,1,0,single,0,1
moving_015_r03_s10003,52.672,-1.148620,-0.083994,0.042627,3,99.000000,15.032587,0,1,1,0,single,0,1
moving_015_r03_s10003,52.704,-1.147947,-0.086860,0.042684,3,99.000000,15.034010,0,1,1,0,single,0,1
moving_015_r03_s10003,52.736,-1.147249,-0.089721,0.042745,3,99.000000,15.035412,0,1,1,0,single,0,1
moving_015_r03_s10003,52.768,-1.146527,-0.092575,0.042810,3,99.000000,15.036792,0,1,1,0,single,0,1
moving_015_r03_s10003,52.800,-1.145785,-0.095424,0.042874,3,99.000000,15.038155,0,1,1,0,single,0,1
moving_015_r03_s10003,52.832,-1.145025,-0.098268,0.042936,3,99.000000,15.039501,0,1,1,0,single,0,1
moving_015_r03_s10003,52.864,-1.144243,-0.101105,0.042999,3,99.000000,15.040827,0,1,1,0,single,0,1
moving_015_r03_s10003,52.896,-1.143455,-0.103941,0.043047,3,99.000000,15.042148,0,1,1,0,single,0,1
moving_015_r03_s10003,52.928,-1.142651,-0.106773,0.043090,3,99.000000,15.043455,0,1,1,0,single,0,1
moving_015_r03_s10003,52.960,-1.141833,-0.109601,0.043127,3,99.000000,15.044749,0,1,1,0,single,0,1
moving_015_r03_s10003,52.992,-1.141001,-0.112424,0.043157,3,99.000000,15.046030,0,1,1,0,single,0,1
moving_015_r03_s10003,53.024,-1.140152,-0.115243,0.043184,3,99.000000,15.047296,0,1,1,0,single,0,1
moving_015_r03_s10003,53.056,-1.139284,-0.118057,0.043208,3,99.000000,15.048546,0,1,1,0,single,0,1
moving_015_r03_s10003,53.088,-1.138397,-0.120864,0.043232,3,99.000000,15.049776,0,1,1,0,single,0,1
moving_015_r03_s10003,53.120,-1.137489,-0.123665,0.043256,3,99.000000,15.050989,0,1,1,0,single,0,1
moving_015_r03_s10003,53.152,-1.136560,-0.126459,0.043281,3,99.000000,15.052180,0,1,1,0,single,0,1
moving_015_r03_s10003,53.184,-1.135612,-0.129246,0.043304,3,99.000000,15.053355,0,1,1,0,single,0,1
moving_015_r03_s10003,53.216,-1.134645,-0.132027,0.043327,3,99.000000,15.054511,0,1,1,0,single,0,1
moving_015_r03_s10003,53.248,-1.133656,-0.134801,0.043351,3,99.000000,15.055646,0,1,1,0,single,0,1
moving_015_r03_s10003,53.280,-1.132646,-0.137566,0.043377,3,99.000000,15.056761,0,1,1,0,single,0,1
moving_015_r03_s10003,53.312,-1.131616,-0.140325,0.043403,3,99.000000,15.057857,0,1,1,0,single,0,1
moving_015_r03_s10003,53.344,-1.130564,-0.143075,0.043429,3,99.000000,15.058932,0,1,1,0,single,0,1
moving_015_r03_s10003,53.376,-1.129493,-0.145817,0.043457,3,99.000000,15.059987,0,1,1,0,single,0,1
moving_015_r03_s10003,53.408,-1.128403,-0.148552,0.043483,3,99.000000,15.061024,0,1,1,0,single,0,1
moving_015_r03_s10003,53.440,-1.127294,-0.151280,0.043507,3,99.000000,15.062043,0,1,1,0,single,0,1
moving_015_r03_s10003,53.472,-1.126167,-0.153999,0.043531,3,99.000000,15.063044,0,1,1,0,single,0,1
moving_015_r03_s10003,53.504,-1.125021,-0.156711,0.043553,3,99.000000,15.064026,0,1,1,0,single,0,1
moving_015_r03_s10003,53.536,-1.123858,-0.159416,0.043572,3,99.000000,15.064991,0,1,1,0,single,0,1
moving_015_r03_s10003,53.568,-1.122679,-0.162113,0.043588,3,99.000000,15.065940,0,1,1,0,single,0,1
moving_015_r03_s10003,53.600,-1.121487,-0.164805,0.043597,3,99.000000,15.066876,0,1,1,0,single,0,1
moving_015_r03_s10003,53.632,-1.120278,-0.167489,0.043604,3,99.000000,15.067794,0,1,1,0,single,0,1
moving_015_r03_s10003,53.664,-1.119062,-0.170170,0.043596,3,99.000000,15.068706,0,1,1,0,single,0,1
moving_015_r03_s10003,53.696,-1.117835,-0.172846,0.043579,3,99.000000,15.069607,0,1,1,0,single,0,1
moving_015_r03_s10003,53.728,-1.116600,-0.175518,0.043550,3,99.000000,15.070499,0,1,1,0,single,0,1
moving_015_r03_s10003,53.760,-1.115356,-0.178186,0.043509,3,99.000000,15.071383,0,1,1,0,single,0,1
moving_015_r03_s10003,53.792,-1.114100,-0.180848,0.043459,3,99.000000,15.072256,0,1,1,0,single,0,1
moving_015_r03_s10003,53.824,-1.112830,-0.183504,0.043405,3,99.000000,15.073113,0,1,1,0,single,0,1
moving_015_r03_s10003,53.856,-1.111543,-0.186152,0.043348,3,99.000000,15.073954,0,1,1,0,single,0,1
moving_015_r03_s10003,53.888,-1.110241,-0.188793,0.043286,3,99.000000,15.074779,0,1,1,0,single,0,1
moving_015_r03_s10003,53.920,-1.108921,-0.191425,0.043223,3,99.000000,15.075585,0,1,1,0,single,0,1
moving_015_r03_s10003,53.952,-1.107579,-0.194046,0.043163,3,99.000000,15.076368,0,1,1,0,single,0,1
moving_015_r03_s10003,53.984,-1.106215,-0.196656,0.043106,3,99.000000,15.077129,0,1,1,0,single,0,1
moving_015_r03_s10003,54.016,-1.104832,-0.199255,0.043050,3,99.000000,15.077868,0,1,1,0,single,0,1
moving_015_r03_s10003,54.048,-1.103427,-0.201843,0.042997,3,99.000000,15.078584,0,1,1,0,single,0,1
moving_015_r03_s10003,54.080,-1.102001,-0.204420,0.042947,3,99.000000,15.079278,0,1,1,0,single,0,1
moving_015_r03_s10003,54.112,-1.100552,-0.206983,0.042902,3,99.000000,15.079946,0,1,1,0,single,0,1
moving_015_r03_s10003,54.144,-1.099081,-0.209534,0.042861,3,99.000000,15.080589,0,1,1,0,single,0,1
moving_015_r03_s10003,54.176,-1.097587,-0.212072,0.042825,3,99.000000,15.081209,0,1,1,0,single,0,1
moving_015_r03_s10003,54.208,-1.096072,-0.214596,0.042793,3,99.000000,15.081804,0,1,1,0,single,0,1
moving_015_r03_s10003,54.240,-1.094535,-0.217108,0.042765,3,99.000000,15.082374,0,1,1,0,single,0,1
moving_015_r03_s10003,54.272,-1.092979,-0.219607,0.042738,3,99.000000,15.082923,0,1,1,0,single,0,1
moving_015_r03_s10003,54.304,-1.091403,-0.222094,0.042714,3,99.000000,15.083448,0,1,1,0,single,0,1
moving_015_r03_s10003,54.336,-1.089807,-0.224568,0.042693,3,99.000000,15.083952,0,1,1,0,single,0,1
moving_015_r03_s10003,54.368,-1.088193,-0.227030,0.042671,3,99.000000,15.084435,0,1,1,0,single,0,1
moving_015_r03_s10003,54.400,-1.086561,-0.229480,0.042649,3,99.000000,15.084896,0,1,1,0,single,0,1
moving_015_r03_s10003,54.432,-1.084918,-0.231922,0.042621,3,99.000000,15.085345,0,1,1,0,single,0,1
moving_015_r03_s10003,54.464,-1.083279,-0.234368,0.042565,3,99.000000,15.085800,0,1,1,0,single,0,1
moving_015_r03_s10003,54.496,-1.081625,-0.236803,0.042507,3,99.000000,15.086237,0,1,1,0,single,0,1
moving_015_r03_s10003,54.528,-1.079962,-0.239232,0.042438,3,99.000000,15.086664,0,1,1,0,single,0,1
moving_015_r03_s10003,54.560,-1.078292,-0.241655,0.042357,3,99.000000,15.087083,0,1,1,0,single,0,1
moving_015_r03_s10003,54.592,-1.076607,-0.244070,0.042272,3,99.000000,15.087485,0,1,1,0,single,0,1
moving_015_r03_s10003,54.624,-1.074902,-0.246470,0.042190,3,99.000000,15.087863,0,1,1,0,single,0,1
moving_015_r03_s10003,54.656,-1.073176,-0.248856,0.042113,3,99.000000,15.088216,0,1,1,0,single,0,1
moving_015_r03_s10003,54.688,-1.071428,-0.251226,0.042041,3,99.000000,15.088544,0,1,1,0,single,0,1
moving_015_r03_s10003,54.720,-1.069658,-0.253579,0.041976,3,99.000000,15.088844,0,1,1,0,single,0,1
moving_015_r03_s10003,54.752,-1.067863,-0.255914,0.041921,3,99.000000,15.089114,0,1,1,0,single,0,1
moving_015_r03_s10003,54.784,-1.066043,-0.258229,0.041876,3,99.000000,15.089353,0,1,1,0,single,0,1
moving_015_r03_s10003,54.816,-1.064199,-0.260526,0.041840,3,99.000000,15.089562,0,1,1,0,single,0,1
moving_015_r03_s10003,54.848,-1.062331,-0.262802,0.041814,3,99.000000,15.089740,0,1,1,0,single,0,1
moving_015_r03_s10003,54.880,-1.060439,-0.265059,0.041798,3,99.000000,15.089889,0,1,1,0,single,0,1
moving_015_r03_s10003,54.912,-1.058524,-0.267296,0.041791,3,99.000000,15.090007,0,1,1,0,single,0,1
moving_015_r03_s10003,54.944,-1.056586,-0.269513,0.041794,3,99.000000,15.090096,0,1,1,0,single,0,1
moving_015_r03_s10003,54.976,-1.054625,-0.271710,0.041805,3,99.000000,15.090155,0,1,1,0,single,0,1
moving_015_r03_s10003,55.008,-1.052644,-0.273887,0.041824,3,99.000000,15.090186,0,1,1,0,single,0,1
moving_015_r03_s10003,55.040,-1.050644,-0.276047,0.041847,3,99.000000,15.090191,0,1,1,0,single,0,1
moving_015_r03_s10003,55.072,-1.048624,-0.278189,0.041876,3,99.000000,15.090171,0,1,1,0,single,0,1
moving_015_r03_s10003,55.104,-1.046587,-0.280313,0.041908,3,99.000000,15.090127,0,1,1,0,single,0,1
moving_015_r03_s10003,55.136,-1.044534,-0.282422,0.041941,3,99.000000,15.090060,0,1,1,0,single,0,1
moving_015_r03_s10003,55.168,-1.042465,-0.284516,0.041974,3,99.000000,15.089974,0,1,1,0,single,0,1
moving_015_r03_s10003,55.200,-1.040385,-0.286598,0.042003,3,99.000000,15.089870,0,1,1,0,single,0,1
moving_015_r03_s10003,55.232,-1.038307,-0.288682,0.042007,3,99.000000,15.089771,0,1,1,0,single,0,1
moving_015_r03_s10003,55.264,-1.036218,-0.290755,0.042006,3,99.000000,15.089657,0,1,1,0,single,0,1
moving_015_r03_s10003,55.296,-1.034121,-0.292820,0.041995,3,99.000000,15.089532,0,1,1,0,single,0,1
moving_015_r03_s10003,55.328,-1.032018,-0.294879,0.041971,3,99.000000,15.089399,0,1,1,0,single,0,1
moving_015_r03_s10003,55.360,-1.029904,-0.296927,0.041941,3,99.000000,15.089251,0,1,1,0,single,0,1
moving_015_r03_s10003,55.392,-1.027772,-0.298957,0.041915,3,99.000000,15.089078,0,1,1,0,single,0,1
moving_015_r03_s10003,55.424,-1.025625,-0.300971,0.041891,3,99.000000,15.088884,0,1,1,0,single,0,1
moving_015_r03_s10003,55.456,-1.023460,-0.302967,0.041871,3,99.000000,15.088664,0,1,1,0,single,0,1
moving_015_r03_s10003,55.488,-1.021276,-0.304943,0.041856,3,99.000000,15.088419,0,1,1,0,single,0,1
moving_015_r03_s10003,55.520,-1.019074,-0.306898,0.041849,3,99.000000,15.088146,0,1,1,0,single,0,1
moving_015_r03_s10003,55.552,-1.016852,-0.308830,0.041850,3,99.000000,15.087843,0,1,1,0,single,0,1
moving_015_r03_s10003,55.584,-1.014610,-0.310741,0.041860,3,99.000000,15.087512,0,1,1,0,single,0,1
moving_015_r03_s10003,55.616,-1.012348,-0.312626,0.041880,3,99.000000,15.087149,0,1,1,0,single,0,1
moving_015_r03_s10003,55.648,-1.010067,-0.314488,0.041910,3,99.000000,15.086757,0,1,1,0,single,0,1
moving_015_r03_s10003,55.680,-1.007766,-0.316326,0.041949,3,99.000000,15.086335,0,1,1,0,single,0,1
moving_015_r03_s10003,55.712,-1.005450,-0.318143,0.041993,3,99.000000,15.085888,0,1,1,0,single,0,1
moving_015_r03_s10003,55.744,-1.003117,-0.319939,0.042043,3,99.000000,15.085414,0,1,1,0,single,0,1
moving_015_r03_s10003,55.776,-1.000768,-0.321714,0.042098,3,99.000000,15.084915,0,1,1,0,single,0,1
moving_015_r03_s10003,55.808,-0.998404,-0.323468,0.042157,3,99.000000,15.084392,0,1,1,0,single,0,1
moving_015_r03_s10003,55.840,-0.996026,-0.325202,0.042219,3,99.000000,15.083845,0,1,1,0,single,0,1
moving_015_r03_s10003,55.872,-0.993634,-0.326918,0.042283,3,99.000000,15.083276,0,1,1,0,single,0,1
moving_015_r03_s10003,55.904,-0.991232,-0.328618,0.042345,3,99.000000,15.082690,0,1,1,0,single,0,1
moving_015_r03_s10003,55.936,-0.988817,-0.330300,0.042407,3,99.000000,15.082082,0,1,1,0,single,0,1
moving_015_r03_s10003,55.968,-0.986390,-0.331966,0.042468,3,99.000000,15.081455,0,1,1,0,single,0,1
moving_015_r03_s10003,56.000,-0.983966,-0.333635,0.042504,3,99.000000,15.080833,0,1,1,0,single,0,1
moving_015_r03_s10003,56.032,-0.981533,-0.335291,0.042535,3,99.000000,15.080196,0,1,1,0,single,0,1
moving_015_r03_s10003,56.064,-0.979094,-0.336937,0.042556,3,99.000000,15.079548,0,1,1,0,single,0,1
moving_015_r03_s10003,56.096,-0.976648,-0.338574,0.042567,3,99.000000,15.078890,0,1,1,0,single,0,1
moving_015_r03_s10003,56.128,-0.974192,-0.340197,0.042573,3,99.000000,15.078215,0,1,1,0,single,0,1
moving_015_r03_s10003,56.160,-0.971726,-0.341804,0.042579,3,99.000000,15.077522,0,1,1,0,single,0,1
moving_015_r03_s10003,56.192,-0.969247,-0.343392,0.042584,3,99.000000,15.076808,0,1,1,0,single,0,1
moving_015_r03_s10003,56.224,-0.966755,-0.344961,0.042592,3,99.000000,15.076072,0,1,1,0,single,0,1
moving_015_r03_s10003,56.256,-0.964252,-0.346511,0.042601,3,99.000000,15.075314,0,1,1,0,single,0,1
moving_015_r03_s10003,56.288,-0.961735,-0.348039,0.042614,3,99.000000,15.074533,0,1,1,0,single,0,1
moving_015_r03_s10003,56.320,-0.959205,-0.349545,0.042633,3,99.000000,15.073727,0,1,1,0,single,0,1
moving_015_r03_s10003,56.352,-0.956661,-0.351028,0.042656,3,99.000000,15.072896,0,1,1,0,single,0,1
moving_015_r03_s10003,56.384,-0.954104,-0.352489,0.042683,3,99.000000,15.072041,0,1,1,0,single,0,1
moving_015_r03_s10003,56.416,-0.951535,-0.353927,0.042716,3,99.000000,15.071162,0,1,1,0,single,0,1
moving_015_r03_s10003,56.448,-0.948953,-0.355342,0.042752,3,99.000000,15.070259,0,1,1,0,single,0,1
moving_015_r03_s10003,56.480,-0.946360,-0.356736,0.042793,3,99.000000,15.069332,0,1,1,0,single,0,1
moving_015_r03_s10003,56.512,-0.943755,-0.358108,0.042836,3,99.000000,15.068384,0,1,1,0,single,0,1
moving_015_r03_s10003,56.544,-0.941140,-0.359460,0.042881,3,99.000000,15.067414,0,1,1,0,single,0,1
moving_015_r03_s10003,56.576,-0.938516,-0.360792,0.042926,3,99.000000,15.066424,0,1,1,0,single,0,1
moving_015_r03_s10003,56.608,-0.935881,-0.362105,0.042972,3,99.000000,15.065414,0,1,1,0,single,0,1
moving_015_r03_s10003,56.640,-0.933238,-0.363400,0.043017,3,99.000000,15.064387,0,1,1,0,single,0,1
moving_015_r03_s10003,56.672,-0.930588,-0.364678,0.043057,3,99.000000,15.063343,0,1,1,0,single,0,1
moving_015_r03_s10003,56.704,-0.927930,-0.365943,0.043093,3,99.000000,15.062285,0,1,1,0,single,0,1
moving_015_r03_s10003,56.736,-0.925265,-0.367192,0.043124,3,99.000000,15.061211,0,1,1,0,single,0,1
moving_015_r03_s10003,56.768,-0.922601,-0.368443,0.043132,3,99.000000,15.060141,0,1,1,0,single,0,1
moving_015_r03_s10003,56.800,-0.919931,-0.369679,0.043135,3,99.000000,15.059055,0,1,1,0,single,0,1
moving_015_r03_s10003,56.832,-0.917255,-0.370905,0.043128,3,99.000000,15.057959,0,1,1,0,single,0,1
moving_015_r03_s10003,56.864,-0.914574,-0.372120,0.043112,3,99.000000,15.056853,0,1,1,0,single,0,1
moving_015_r03_s10003,56.896,-0.911888,-0.373322,0.043088,3,99.000000,15.055733,0,1,1,0,single,0,1
moving_015_r03_s10003,56.928,-0.909192,-0.374505,0.043065,3,99.000000,15.054595,0,1,1,0,single,0,1
moving_015_r03_s10003,56.960,-0.906489,-0.375672,0.043037,3,99.000000,15.053441,0,1,1,0,single,0,1
moving_015_r03_s10003,56.992,-0.903778,-0.376819,0.043010,3,99.000000,15.052267,0,1,1,0,single,0,1
moving_015_r03_s10003,57.024,-0.901057,-0.377945,0.042986,3,99.000000,15.051073,0,1,1,0,single,0,1
moving_015_r03_s10003,57.056,-0.898329,-0.379051,0.042960,3,99.000000,15.049860,0,1,1,0,single,0,1
moving_015_r03_s10003,57.088,-0.895592,-0.380136,0.042937,3,99.000000,15.048626,0,1,1,0,single,0,1
moving_015_r03_s10003,57.120,-0.892846,-0.381200,0.042914,3,99.000000,15.047373,0,1,1,0,single,0,1
moving_015_r03_s10003,57.152,-0.890091,-0.382239,0.042898,3,99.000000,15.046095,0,1,1,0,single,0,1
moving_015_r03_s10003,57.184,-0.887328,-0.383255,0.042884,3,99.000000,15.044797,0,1,1,0,single,0,1
moving_015_r03_s10003,57.216,-0.884557,-0.384249,0.042873,3,99.000000,15.043477,0,1,1,0,single,0,1
moving_015_r03_s10003,57.248,-0.881777,-0.385220,0.042864,3,99.000000,15.042137,0,1,1,0,single,0,1
moving_015_r03_s10003,57.280,-0.878990,-0.386168,0.042858,3,99.000000,15.040775,0,1,1,0,single,0,1
moving_015_r03_s10003,57.312,-0.876196,-0.387094,0.042855,3,99.000000,15.039394,0,1,1,0,single,0,1
moving_015_r03_s10003,57.344,-0.873395,-0.387999,0.042852,3,99.000000,15.037993,0,1,1,0,single,0,1
moving_015_r03_s10003,57.376,-0.870588,-0.388883,0.042850,3,99.000000,15.036574,0,1,1,0,single,0,1
moving_015_r03_s10003,57.408,-0.867775,-0.389748,0.042846,3,99.000000,15.035139,0,1,1,0,single,0,1
moving_015_r03_s10003,57.440,-0.864956,-0.390593,0.042841,3,99.000000,15.033686,0,1,1,0,single,0,1
moving_015_r03_s10003,57.472,-0.862133,-0.391424,0.042831,3,99.000000,15.032220,0,1,1,0,single,0,1
moving_015_r03_s10003,57.504,-0.859306,-0.392238,0.042816,3,99.000000,15.030740,0,1,1,0,single,0,1
moving_015_r03_s10003,57.536,-0.856477,-0.393045,0.042788,3,99.000000,15.029254,0,1,1,0,single,0,1
moving_015_r03_s10003,57.568,-0.853644,-0.393841,0.042750,3,99.000000,15.027758,0,1,1,0,single,0,1
moving_015_r03_s10003,57.600,-0.850809,-0.394627,0.042701,3,99.000000,15.026254,0,1,1,0,single,0,1
moving_015_r03_s10003,57.632,-0.847971,-0.395406,0.042638,3,99.000000,15.024744,0,1,1,0,single,0,1
moving_015_r03_s10003,57.664,-0.845131,-0.396176,0.042562,3,99.000000,15.023227,0,1,1,0,single,0,1
moving_015_r03_s10003,57.696,-0.842285,-0.396930,0.042483,3,99.000000,15.021694,0,1,1,0,single,0,1
moving_015_r03_s10003,57.728,-0.839434,-0.397663,0.042404,3,99.000000,15.020144,0,1,1,0,single,0,1
moving_015_r03_s10003,57.760,-0.836578,-0.398376,0.042325,3,99.000000,15.018576,0,1,1,0,single,0,1
moving_015_r03_s10003,57.792,-0.833715,-0.399065,0.042249,3,99.000000,15.016988,0,1,1,0,single,0,1
moving_015_r03_s10003,57.824,-0.830847,-0.399730,0.042176,3,99.000000,15.015380,0,1,1,0,single,0,1
moving_015_r03_s10003,57.856,-0.827972,-0.400369,0.042109,3,99.000000,15.013749,0,1,1,0,single,0,1
moving_015_r03_s10003,57.888,-0.825091,-0.400979,0.042050,3,99.000000,15.012094,0,1,1,0,single,0,1
moving_015_r03_s10003,57.920,-0.822204,-0.401561,0.042000,3,99.000000,15.010415,0,1,1,0,single,0,1
moving_015_r03_s10003,57.952,-0.819311,-0.402113,0.041957,3,99.000000,15.008712,0,1,1,0,single,0,1
moving_015_r03_s10003,57.984,-0.816413,-0.402634,0.041926,3,99.000000,15.006984,0,1,1,0,single,0,1
moving_015_r03_s10003,58.016,-0.813509,-0.403124,0.041904,3,99.000000,15.005232,0,1,1,0,single,0,1
moving_015_r03_s10003,58.048,-0.810602,-0.403584,0.041891,3,99.000000,15.003455,0,1,1,0,single,0,1
moving_015_r03_s10003,58.080,-0.807690,-0.404016,0.041886,3,99.000000,15.001657,0,1,1,0,single,0,1
moving_015_r03_s10003,58.112,-0.804776,-0.404421,0.041887,3,99.000000,14.999838,0,1,1,0,single,0,1
moving_015_r03_s10003,58.144,-0.801858,-0.404799,0.041893,3,99.000000,14.997999,0,1,1,0,single,0,1
moving_015_r03_s10003,58.176,-0.798939,-0.405153,0.041902,3,99.000000,14.996142,0,1,1,0,single,0,1
moving_015_r03_s10003,58.208,-0.796017,-0.405485,0.041912,3,99.000000,14.994270,0,1,1,0,single,0,1
moving_015_r03_s10003,58.240,-0.793094,-0.405799,0.041919,3,99.000000,14.992382,0,1,1,0,single,0,1
moving_015_r03_s10003,58.272,-0.790170,-0.406094,0.041924,3,99.000000,14.990482,0,1,1,0,single,0,1
moving_015_r03_s10003,58.304,-0.787244,-0.406373,0.041924,3,99.000000,14.988571,0,1,1,0,single,0,1
moving_015_r03_s10003,58.336,-0.784313,-0.406640,0.041915,3,99.000000,14.986646,0,1,1,0,single,0,1
moving_015_r03_s10003,58.368,-0.781384,-0.406887,0.041904,3,99.000000,14.984710,0,1,1,0,single,0,1
moving_015_r03_s10003,58.400,-0.778450,-0.407122,0.041885,3,99.000000,14.982763,0,1,1,0,single,0,1
moving_015_r03_s10003,58.432,-0.775516,-0.407356,0.041846,3,99.000000,14.980814,0,1,1,0,single,0,1
moving_015_r03_s10003,58.464,-0.772579,-0.407571,0.041804,3,99.000000,14.978851,0,1,1,1,single,0,1
