run_id,time_s,robot_x,robot_y,lane_error_m,checkpoint_count,static_clearance_m,moving_clearance_m,collision_count,moving_started,moving_cleared,finished,obstacle_layout,static_obstacle_count,moving_obstacle_count
moving_020_r05_s10005,0.032,-0.460000,-0.450000,0.000000,0,99.000000,1.313202,0,0,0,0,single,0,1
moving_020_r05_s10005,0.064,-0.457057,-0.450000,0.000000,0,99.000000,1.312174,0,0,0,0,single,0,1
moving_020_r05_s10005,0.096,-0.454124,-0.450005,0.000005,0,99.000000,1.311160,0,0,0,0,single,0,1
moving_020_r05_s10005,0.128,-0.451180,-0.450020,0.000020,0,99.000000,1.310158,0,0,0,0,single,0,1
moving_020_r05_s10005,0.160,-0.448236,-0.450032,0.000032,0,99.000000,1.309158,0,0,0,0,single,0,1
moving_020_r05_s10005,0.192,-0.445292,-0.450044,0.000044,0,99.000000,1.308164,0,0,0,0,single,0,1
moving_020_r05_s10005,0.224,-0.442348,-0.450056,0.000056,0,99.000000,1.307176,0,0,0,0,single,0,1
moving_020_r05_s10005,0.256,-0.439404,-0.450067,0.000067,0,99.000000,1.306194,0,0,0,0,single,0,1
moving_020_r05_s10005,0.288,-0.436460,-0.450079,0.000079,0,99.000000,1.305217,0,0,0,0,single,0,1
moving_020_r05_s10005,0.320,-0.433516,-0.450090,0.000090,0,99.000000,1.304246,0,0,0,0,single,0,1
moving_020_r05_s10005,0.352,-0.430573,-0.450102,0.000102,0,99.000000,1.303282,0,0,0,0,single,0,1
moving_020_r05_s10005,0.384,-0.427629,-0.450113,0.000113,0,99.000000,1.302323,0,0,0,0,single,0,1
moving_020_r05_s10005,0.416,-0.424685,-0.450124,0.000124,0,99.000000,1.301370,0,0,0,0,single,0,1
moving_020_r05_s10005,0.448,-0.421741,-0.450131,0.000131,0,99.000000,1.300418,0,0,0,0,single,0,1
moving_020_r05_s10005,0.480,-0.418797,-0.450138,0.000138,0,99.000000,1.299473,0,0,0,0,single,0,1
moving_020_r05_s10005,0.512,-0.415853,-0.450146,0.000146,0,99.000000,1.298535,0,0,0,0,single,0,1
moving_020_r05_s10005,0.544,-0.412909,-0.450153,0.000153,0,99.000000,1.297602,0,0,0,0,single,0,1
moving_020_r05_s10005,0.576,-0.409965,-0.450161,0.000161,0,99.000000,1.296675,0,0,0,0,single,0,1
moving_020_r05_s10005,0.608,-0.407021,-0.450169,0.000169,0,99.000000,1.295755,0,0,0,0,single,0,1
moving_020_r05_s10005,0.640,-0.404077,-0.450177,0.000177,0,99.000000,1.294841,0,0,0,0,single,0,1
moving_020_r05_s10005,0.672,-0.401133,-0.450184,0.000184,0,99.000000,1.293932,0,0,0,0,single,0,1
moving_020_r05_s10005,0.704,-0.398189,-0.450192,0.000192,0,99.000000,1.293030,0,0,0,0,single,0,1
moving_020_r05_s10005,0.736,-0.395245,-0.450200,0.000200,0,99.000000,1.292134,0,0,0,0,single,0,1
moving_020_r05_s10005,0.768,-0.392301,-0.450208,0.000208,0,99.000000,1.291244,0,0,0,0,single,0,1
moving_020_r05_s10005,0.800,-0.389357,-0.450211,0.000211,0,99.000000,1.290355,0,0,0,0,single,0,1
moving_020_r05_s10005,0.832,-0.386413,-0.450215,0.000215,0,99.000000,1.289474,0,0,0,0,single,0,1
moving_020_r05_s10005,0.864,-0.383469,-0.450219,0.000219,0,99.000000,1.288599,0,0,0,0,single,0,1
moving_020_r05_s10005,0.896,-0.380525,-0.450224,0.000224,0,99.000000,1.287730,0,0,0,0,single,0,1
moving_020_r05_s10005,0.928,-0.377581,-0.450228,0.000228,0,99.000000,1.286868,0,0,0,0,single,0,1
moving_020_r05_s10005,0.960,-0.374637,-0.450233,0.000233,0,99.000000,1.286011,0,0,0,0,single,0,1
moving_020_r05_s10005,0.992,-0.371693,-0.450237,0.000237,0,99.000000,1.285161,0,0,0,0,single,0,1
moving_020_r05_s10005,1.024,-0.368749,-0.450241,0.000241,0,99.000000,1.284317,0,0,0,0,single,0,1
moving_020_r05_s10005,1.056,-0.365805,-0.450246,0.000246,0,99.000000,1.283479,0,0,0,0,single,0,1
moving_020_r05_s10005,1.088,-0.362861,-0.450251,0.000251,0,99.000000,1.282647,0,0,0,0,single,0,1
moving_020_r05_s10005,1.120,-0.359917,-0.450255,0.000255,0,99.000000,1.281822,0,0,0,0,single,0,1
moving_020_r05_s10005,1.152,-0.356973,-0.450260,0.000260,0,99.000000,1.281003,0,0,0,0,single,0,1
moving_020_r05_s10005,1.184,-0.354029,-0.450264,0.000264,0,99.000000,1.280190,0,0,0,0,single,0,1
moving_020_r05_s10005,1.216,-0.351085,-0.450269,0.000269,0,99.000000,1.279383,0,0,0,0,single,0,1
moving_020_r05_s10005,1.248,-0.348141,-0.450273,0.000273,0,99.000000,1.278583,0,0,0,0,single,0,1
moving_020_r05_s10005,1.280,-0.345197,-0.450278,0.000278,0,99.000000,1.277789,0,0,0,0,single,0,1
moving_020_r05_s10005,1.312,-0.342253,-0.450282,0.000282,0,99.000000,1.277001,0,0,0,0,single,0,1
moving_020_r05_s10005,1.344,-0.339309,-0.450287,0.000287,0,99.000000,1.276220,0,0,0,0,single,0,1
moving_020_r05_s10005,1.376,-0.336365,-0.450292,0.000292,0,99.000000,1.275444,0,0,0,0,single,0,1
moving_020_r05_s10005,1.408,-0.333421,-0.450296,0.000296,0,99.000000,1.274676,0,0,0,0,single,0,1
moving_020_r05_s10005,1.440,-0.330477,-0.450301,0.000301,0,99.000000,1.273913,0,0,0,0,single,0,1
moving_020_r05_s10005,1.472,-0.327533,-0.450305,0.000305,0,99.000000,1.273157,0,0,0,0,single,0,1
moving_020_r05_s10005,1.504,-0.324589,-0.450310,0.000310,0,99.000000,1.272407,0,0,0,0,single,0,1
moving_020_r05_s10005,1.536,-0.321645,-0.450314,0.000314,0,99.000000,1.271664,0,0,0,0,single,0,1
moving_020_r05_s10005,1.568,-0.318701,-0.450319,0.000319,0,99.000000,1.270927,0,0,0,0,single,0,1
moving_020_r05_s10005,1.600,-0.315757,-0.450323,0.000323,0,99.000000,1.270196,0,0,0,0,single,0,1
moving_020_r05_s10005,1.632,-0.312813,-0.450328,0.000328,0,99.000000,1.269472,0,0,0,0,single,0,1
moving_020_r05_s10005,1.664,-0.309869,-0.450333,0.000333,0,99.000000,1.268754,0,0,0,0,single,0,1
moving_020_r05_s10005,1.696,-0.306925,-0.450337,0.000337,0,99.000000,1.268043,0,0,0,0,single,0,1
moving_020_r05_s10005,1.728,-0.303981,-0.450342,0.000342,0,99.000000,1.267338,0,0,0,0,single,0,1
moving_020_r05_s10005,1.760,-0.301037,-0.450346,0.000346,0,99.000000,1.266639,0,0,0,0,single,0,1
moving_020_r05_s10005,1.792,-0.298093,-0.450351,0.000351,0,99.000000,1.265947,0,0,0,0,single,0,1
moving_020_r05_s10005,1.824,-0.295149,-0.450355,0.000355,0,99.000000,1.265262,0,0,0,0,single,0,1
moving_020_r05_s10005,1.856,-0.292205,-0.450360,0.000360,0,99.000000,1.264583,0,0,0,0,single,0,1
moving_020_r05_s10005,1.888,-0.289261,-0.450365,0.000365,0,99.000000,1.263910,0,0,0,0,single,0,1
moving_020_r05_s10005,1.920,-0.286317,-0.450369,0.000369,0,99.000000,1.263244,0,0,0,0,single,0,1
moving_020_r05_s10005,1.952,-0.283373,-0.450374,0.000374,0,99.000000,1.262584,0,0,0,0,single,0,1
moving_020_r05_s10005,1.984,-0.280429,-0.450378,0.000378,0,99.000000,1.261931,0,0,0,0,single,0,1
moving_020_r05_s10005,2.016,-0.277485,-0.450383,0.000383,0,99.000000,1.261285,0,0,0,0,single,0,1
moving_020_r05_s10005,2.048,-0.274541,-0.450387,0.000387,0,99.000000,1.260645,0,0,0,0,single,0,1
moving_020_r05_s10005,2.080,-0.271597,-0.450392,0.000392,0,99.000000,1.260012,0,0,0,0,single,0,1
moving_020_r05_s10005,2.112,-0.268653,-0.450396,0.000396,0,99.000000,1.259385,0,0,0,0,single,0,1
moving_020_r05_s10005,2.144,-0.265709,-0.450401,0.000401,0,99.000000,1.258764,0,0,0,0,single,0,1
moving_020_r05_s10005,2.176,-0.262765,-0.450406,0.000406,0,99.000000,1.258151,0,0,0,0,single,0,1
moving_020_r05_s10005,2.208,-0.259821,-0.450410,0.000410,0,99.000000,1.257544,0,0,0,0,single,0,1
moving_020_r05_s10005,2.240,-0.256877,-0.450415,0.000415,0,99.000000,1.256943,0,0,0,0,single,0,1
moving_020_r05_s10005,2.272,-0.253933,-0.450419,0.000419,0,99.000000,1.256349,0,0,0,0,single,0,1
moving_020_r05_s10005,2.304,-0.250989,-0.450424,0.000424,0,99.000000,1.255762,0,0,0,0,single,0,1
moving_020_r05_s10005,2.336,-0.248045,-0.450428,0.000428,0,99.000000,1.255181,0,0,0,0,single,0,1
moving_020_r05_s10005,2.368,-0.245101,-0.450433,0.000433,0,99.000000,1.254607,0,0,0,0,single,0,1
moving_020_r05_s10005,2.400,-0.242157,-0.450438,0.000438,0,99.000000,1.254040,0,0,0,0,single,0,1
moving_020_r05_s10005,2.432,-0.239213,-0.450442,0.000442,0,99.000000,1.253479,0,0,0,0,single,0,1
moving_020_r05_s10005,2.464,-0.236269,-0.450447,0.000447,0,99.000000,1.252925,0,0,0,0,single,0,1
moving_020_r05_s10005,2.496,-0.233325,-0.450451,0.000451,0,99.000000,1.252378,0,0,0,0,single,0,1
moving_020_r05_s10005,2.528,-0.230381,-0.450456,0.000456,0,99.000000,1.251837,0,0,0,0,single,0,1
moving_020_r05_s10005,2.560,-0.227437,-0.450460,0.000460,0,99.000000,1.251303,0,0,0,0,single,0,1
moving_020_r05_s10005,2.592,-0.224493,-0.450465,0.000465,0,99.000000,1.250776,0,0,0,0,single,0,1
moving_020_r05_s10005,2.624,-0.221549,-0.450470,0.000470,0,99.000000,1.250256,0,0,0,0,single,0,1
moving_020_r05_s10005,2.656,-0.218605,-0.450474,0.000474,0,99.000000,1.249742,0,0,0,0,single,0,1
moving_020_r05_s10005,2.688,-0.215661,-0.450479,0.000479,0,99.000000,1.249235,0,0,0,0,single,0,1
moving_020_r05_s10005,2.720,-0.212717,-0.450483,0.000483,0,99.000000,1.248734,0,0,0,0,single,0,1
moving_020_r05_s10005,2.752,-0.209773,-0.450488,0.000488,0,99.000000,1.248241,0,0,0,0,single,0,1
moving_020_r05_s10005,2.784,-0.206829,-0.450492,0.000492,0,99.000000,1.247754,0,0,0,0,single,0,1
moving_020_r05_s10005,2.816,-0.203885,-0.450497,0.000497,0,99.000000,1.247274,0,0,0,0,single,0,1
moving_020_r05_s10005,2.848,-0.200941,-0.450501,0.000501,0,99.000000,1.246800,0,0,0,0,single,0,1
moving_020_r05_s10005,2.880,-0.197997,-0.450506,0.000506,0,99.000000,1.246334,0,0,0,0,single,0,1
moving_020_r05_s10005,2.912,-0.195053,-0.450511,0.000511,0,99.000000,1.245874,0,0,0,0,single,0,1
moving_020_r05_s10005,2.944,-0.192109,-0.450515,0.000515,0,99.000000,1.245421,0,0,0,0,single,0,1
moving_020_r05_s10005,2.976,-0.189165,-0.450520,0.000520,0,99.000000,1.244975,0,0,0,0,single,0,1
moving_020_r05_s10005,3.008,-0.186221,-0.450524,0.000524,0,99.000000,1.244535,0,0,0,0,single,0,1
moving_020_r05_s10005,3.040,-0.183277,-0.450529,0.000529,0,99.000000,1.244103,0,0,0,0,single,0,1
moving_020_r05_s10005,3.072,-0.180333,-0.450533,0.000533,0,99.000000,1.243677,0,0,0,0,single,0,1
moving_020_r05_s10005,3.104,-0.177389,-0.450538,0.000538,0,99.000000,1.243258,0,0,0,0,single,0,1
moving_020_r05_s10005,3.136,-0.174445,-0.450543,0.000543,0,99.000000,1.242846,0,0,0,0,single,0,1
moving_020_r05_s10005,3.168,-0.171501,-0.450547,0.000547,0,99.000000,1.242441,0,0,0,0,single,0,1
moving_020_r05_s10005,3.200,-0.168557,-0.450552,0.000552,0,99.000000,1.242042,0,0,0,0,single,0,1
moving_020_r05_s10005,3.232,-0.165613,-0.450556,0.000556,0,99.000000,1.241651,0,0,0,0,single,0,1
moving_020_r05_s10005,3.264,-0.162669,-0.450561,0.000561,0,99.000000,1.241266,0,0,0,0,single,0,1
moving_020_r05_s10005,3.296,-0.159725,-0.450565,0.000565,0,99.000000,1.240888,0,0,0,0,single,0,1
moving_020_r05_s10005,3.328,-0.156781,-0.450570,0.000570,0,99.000000,1.240517,0,0,0,0,single,0,1
moving_020_r05_s10005,3.360,-0.153837,-0.450575,0.000575,0,99.000000,1.240153,0,0,0,0,single,0,1
moving_020_r05_s10005,3.392,-0.150893,-0.450579,0.000579,0,99.000000,1.239796,0,0,0,0,single,0,1
moving_020_r05_s10005,3.424,-0.147949,-0.450584,0.000584,0,99.000000,1.239446,0,0,0,0,single,0,1
moving_020_r05_s10005,3.456,-0.145005,-0.450588,0.000588,0,99.000000,1.239102,0,0,0,0,single,0,1
moving_020_r05_s10005,3.488,-0.142061,-0.450593,0.000593,0,99.000000,1.238766,0,0,0,0,single,0,1
moving_020_r05_s10005,3.520,-0.139117,-0.450598,0.000598,0,99.000000,1.238436,0,0,0,0,single,0,1
moving_020_r05_s10005,3.552,-0.136173,-0.450602,0.000602,0,99.000000,1.238113,0,0,0,0,single,0,1
moving_020_r05_s10005,3.584,-0.133229,-0.450607,0.000607,0,99.000000,1.237798,0,0,0,0,single,0,1
moving_020_r05_s10005,3.616,-0.130285,-0.450611,0.000611,0,99.000000,1.237489,0,0,0,0,single,0,1
moving_020_r05_s10005,3.648,-0.127341,-0.450616,0.000616,0,99.000000,1.237187,0,0,0,0,single,0,1
moving_020_r05_s10005,3.680,-0.124397,-0.450620,0.000620,0,99.000000,1.236892,0,0,0,0,single,0,1
moving_020_r05_s10005,3.712,-0.121453,-0.450625,0.000625,0,99.000000,1.236604,0,0,0,0,single,0,1
moving_020_r05_s10005,3.744,-0.118509,-0.450630,0.000630,0,99.000000,1.236323,0,0,0,0,single,0,1
moving_020_r05_s10005,3.776,-0.115565,-0.450634,0.000634,0,99.000000,1.236048,0,0,0,0,single,0,1
moving_020_r05_s10005,3.808,-0.112621,-0.450639,0.000639,0,99.000000,1.235781,0,0,0,0,single,0,1
moving_020_r05_s10005,3.840,-0.109677,-0.450643,0.000643,0,99.000000,1.235521,0,0,0,0,single,0,1
moving_020_r05_s10005,3.872,-0.106733,-0.450648,0.000648,0,99.000000,1.235268,0,0,0,0,single,0,1
moving_020_r05_s10005,3.904,-0.103789,-0.450652,0.000652,0,99.000000,1.235021,0,0,0,0,single,0,1
moving_020_r05_s10005,3.936,-0.100845,-0.450657,0.000657,0,99.000000,1.234782,0,0,0,0,single,0,1
moving_020_r05_s10005,3.968,-0.097901,-0.450662,0.000662,0,99.000000,1.234550,0,0,0,0,single,0,1
moving_020_r05_s10005,4.000,-0.094957,-0.450666,0.000666,0,99.000000,1.234324,0,0,0,0,single,0,1
moving_020_r05_s10005,4.032,-0.092013,-0.450671,0.000671,0,99.000000,1.234106,0,0,0,0,single,0,1
moving_020_r05_s10005,4.064,-0.089069,-0.450675,0.000675,0,99.000000,1.233894,0,0,0,0,single,0,1
moving_020_r05_s10005,4.096,-0.086125,-0.450680,0.000680,0,99.000000,1.233690,0,0,0,0,single,0,1
moving_020_r05_s10005,4.128,-0.083181,-0.450689,0.000689,0,99.000000,1.233497,0,0,0,0,single,0,1
moving_020_r05_s10005,4.160,-0.080237,-0.450702,0.000702,0,99.000000,1.233315,0,0,0,0,single,0,1
moving_020_r05_s10005,4.192,-0.077293,-0.450719,0.000719,0,99.000000,1.233143,0,0,0,0,single,0,1
moving_020_r05_s10005,4.224,-0.074349,-0.450734,0.000734,0,99.000000,1.232978,0,0,0,0,single,0,1
moving_020_r05_s10005,4.256,-0.071405,-0.450754,0.000754,0,99.000000,1.232823,0,0,0,0,single,0,1
moving_020_r05_s10005,4.288,-0.068461,-0.450772,0.000772,0,99.000000,1.232675,0,0,0,0,single,0,1
moving_020_r05_s10005,4.320,-0.065517,-0.450791,0.000791,0,99.000000,1.232533,0,0,0,0,single,0,1
moving_020_r05_s10005,4.352,-0.062573,-0.450809,0.000809,0,99.000000,1.232399,0,0,0,0,single,0,1
moving_020_r05_s10005,4.384,-0.059630,-0.450827,0.000827,0,99.000000,1.232271,0,0,0,0,single,0,1
moving_020_r05_s10005,4.416,-0.056686,-0.450850,0.000850,0,99.000000,1.232155,0,0,0,0,single,0,1
moving_020_r05_s10005,4.448,-0.053742,-0.450877,0.000877,0,99.000000,1.232049,0,0,0,0,single,0,1
moving_020_r05_s10005,4.480,-0.050798,-0.450902,0.000902,0,99.000000,1.231950,0,0,0,0,single,0,1
moving_020_r05_s10005,4.512,-0.047854,-0.450927,0.000927,0,99.000000,1.231857,0,0,0,0,single,0,1
moving_020_r05_s10005,4.544,-0.044910,-0.450952,0.000952,0,99.000000,1.231771,0,0,0,0,single,0,1
moving_020_r05_s10005,4.576,-0.041966,-0.450981,0.000981,0,99.000000,1.231696,0,0,0,0,single,0,1
moving_020_r05_s10005,4.608,-0.039022,-0.451014,0.001014,0,99.000000,1.231633,0,0,0,0,single,0,1
moving_020_r05_s10005,4.640,-0.036079,-0.451051,0.001051,0,99.000000,1.231579,0,0,0,0,single,0,1
moving_020_r05_s10005,4.672,-0.033135,-0.451091,0.001091,0,99.000000,1.231537,0,0,0,0,single,0,1
moving_020_r05_s10005,4.704,-0.030191,-0.451134,0.001134,0,99.000000,1.231505,0,0,0,0,single,0,1
moving_020_r05_s10005,4.736,-0.027247,-0.451177,0.001177,0,99.000000,1.231478,0,0,0,0,single,0,1
moving_020_r05_s10005,4.768,-0.024304,-0.451223,0.001223,0,99.000000,1.231463,0,0,0,0,single,0,1
moving_020_r05_s10005,4.800,-0.021360,-0.451268,0.001268,0,99.000000,1.231454,0,0,0,0,single,0,1
moving_020_r05_s10005,4.832,-0.018417,-0.451318,0.001318,0,99.000000,1.231456,0,0,0,0,single,0,1
moving_020_r05_s10005,4.864,-0.015473,-0.451367,0.001367,0,99.000000,1.231464,0,0,0,0,single,0,1
moving_020_r05_s10005,4.896,-0.012529,-0.451420,0.001420,0,99.000000,1.231484,0,0,0,0,single,0,1
moving_020_r05_s10005,4.928,-0.009586,-0.451476,0.001476,0,99.000000,1.231514,0,0,0,0,single,0,1
moving_020_r05_s10005,4.960,-0.006643,-0.451536,0.001536,0,99.000000,1.231554,0,0,0,0,single,0,1
moving_020_r05_s10005,4.992,-0.003699,-0.451600,0.001600,0,99.000000,1.231605,0,0,0,0,single,0,1
moving_020_r05_s10005,5.024,-0.000756,-0.451666,0.001666,0,99.000000,1.231667,0,0,0,0,single,0,1
moving_020_r05_s10005,5.056,0.002187,-0.451732,0.001732,0,99.000000,1.231734,0,0,0,0,single,0,1
moving_020_r05_s10005,5.088,0.005131,-0.451797,0.001797,0,99.000000,1.231808,0,0,0,0,single,0,1
moving_020_r05_s10005,5.120,0.008074,-0.451862,0.001862,0,99.000000,1.231888,0,0,0,0,single,0,1
moving_020_r05_s10005,5.152,0.011017,-0.451927,0.001927,0,99.000000,1.231976,0,0,0,0,single,0,1
moving_020_r05_s10005,5.184,0.013960,-0.451996,0.001996,0,99.000000,1.232075,0,0,0,0,single,0,1
moving_020_r05_s10005,5.216,0.016903,-0.452069,0.002069,0,99.000000,1.232185,0,0,0,0,single,0,1
moving_020_r05_s10005,5.248,0.019846,-0.452145,0.002145,0,99.000000,1.232305,0,0,0,0,single,0,1
moving_020_r05_s10005,5.280,0.022789,-0.452225,0.002225,0,99.000000,1.232436,0,0,0,0,single,0,1
moving_020_r05_s10005,5.312,0.025732,-0.452308,0.002308,0,99.000000,1.232577,0,0,0,0,single,0,1
moving_020_r05_s10005,5.344,0.028675,-0.452390,0.002390,0,99.000000,1.232724,0,0,0,0,single,0,1
moving_020_r05_s10005,5.376,0.031618,-0.452472,0.002472,0,99.000000,1.232877,0,0,0,0,single,0,1
moving_020_r05_s10005,5.408,0.034561,-0.452553,0.002553,0,99.000000,1.233038,0,0,0,0,single,0,1
moving_020_r05_s10005,5.440,0.037504,-0.452635,0.002635,0,99.000000,1.233205,0,0,0,0,single,0,1
moving_020_r05_s10005,5.472,0.040446,-0.452721,0.002721,0,99.000000,1.233384,0,0,0,0,single,0,1
moving_020_r05_s10005,5.504,0.043389,-0.452810,0.002810,0,99.000000,1.233574,0,0,0,0,single,0,1
moving_020_r05_s10005,5.536,0.046332,-0.452903,0.002903,0,99.000000,1.233774,0,0,0,0,single,0,1
moving_020_r05_s10005,5.568,0.049274,-0.453000,0.003000,0,99.000000,1.233984,0,0,0,0,single,0,1
moving_020_r05_s10005,5.600,0.052216,-0.453095,0.003095,0,99.000000,1.234200,0,0,0,0,single,0,1
moving_020_r05_s10005,5.632,0.055159,-0.453190,0.003190,0,99.000000,1.234423,0,0,0,0,single,0,1
moving_020_r05_s10005,5.664,0.058101,-0.453285,0.003285,0,99.000000,1.234652,0,0,0,0,single,0,1
moving_020_r05_s10005,5.696,0.061044,-0.453384,0.003384,0,99.000000,1.234894,0,0,0,0,single,0,1
moving_020_r05_s10005,5.728,0.063986,-0.453487,0.003487,0,99.000000,1.235145,0,0,0,0,single,0,1
moving_020_r05_s10005,5.760,0.066928,-0.453593,0.003593,0,99.000000,1.235407,0,0,0,0,single,0,1
moving_020_r05_s10005,5.792,0.069870,-0.453703,0.003703,0,99.000000,1.235680,0,0,0,0,single,0,1
moving_020_r05_s10005,5.824,0.072812,-0.453816,0.003816,0,99.000000,1.235963,0,0,0,0,single,0,1
moving_020_r05_s10005,5.856,0.075753,-0.453933,0.003933,0,99.000000,1.236256,0,0,0,0,single,0,1
moving_020_r05_s10005,5.888,0.078695,-0.454048,0.004048,0,99.000000,1.236555,0,0,0,0,single,0,1
moving_020_r05_s10005,5.920,0.081637,-0.454168,0.004168,0,99.000000,1.236865,0,0,0,0,single,0,1
moving_020_r05_s10005,5.952,0.084578,-0.454291,0.004291,0,99.000000,1.237185,0,0,0,0,single,0,1
moving_020_r05_s10005,5.984,0.087520,-0.454418,0.004418,0,99.000000,1.237516,0,0,0,0,single,0,1
moving_020_r05_s10005,6.016,0.090461,-0.454548,0.004548,0,99.000000,1.237857,0,0,0,0,single,0,1
moving_020_r05_s10005,6.048,0.093402,-0.454681,0.004681,0,99.000000,1.238209,0,0,0,0,single,0,1
moving_020_r05_s10005,6.080,0.096342,-0.454820,0.004820,0,99.000000,1.238573,0,0,0,0,single,0,1
moving_020_r05_s10005,6.112,0.099283,-0.454964,0.004964,0,99.000000,1.238949,0,0,0,0,single,0,1
moving_020_r05_s10005,6.144,0.102223,-0.455114,0.005114,0,99.000000,1.239337,0,0,0,0,single,0,1
moving_020_r05_s10005,6.176,0.105163,-0.455268,0.005268,0,99.000000,1.239737,0,0,0,0,single,0,1
moving_020_r05_s10005,6.208,0.108103,-0.455428,0.005428,0,99.000000,1.240148,0,0,0,0,single,0,1
moving_020_r05_s10005,6.240,0.111042,-0.455592,0.005592,0,99.000000,1.240572,0,0,0,0,single,0,1
moving_020_r05_s10005,6.272,0.113981,-0.455762,0.005762,0,99.000000,1.241007,0,0,0,0,single,0,1
moving_020_r05_s10005,6.304,0.116920,-0.455937,0.005937,0,99.000000,1.241455,0,0,0,0,single,0,1
moving_020_r05_s10005,6.336,0.119859,-0.456116,0.006116,0,99.000000,1.241914,0,0,0,0,single,0,1
moving_020_r05_s10005,6.368,0.122797,-0.456298,0.006298,0,99.000000,1.242382,0,0,0,0,single,0,1
moving_020_r05_s10005,6.400,0.125735,-0.456484,0.006484,0,99.000000,1.242860,0,0,0,0,single,0,1
moving_020_r05_s10005,6.432,0.128673,-0.456672,0.006672,0,99.000000,1.243348,0,0,0,0,single,0,1
moving_020_r05_s10005,6.464,0.131611,-0.456864,0.006864,0,99.000000,1.243846,0,0,0,0,single,0,1
moving_020_r05_s10005,6.496,0.134548,-0.457061,0.007061,0,99.000000,1.244357,0,0,0,0,single,0,1
moving_020_r05_s10005,6.528,0.137485,-0.457264,0.007264,0,99.000000,1.244879,0,0,0,0,single,0,1
moving_020_r05_s10005,6.560,0.140422,-0.457470,0.007470,0,99.000000,1.245412,0,0,0,0,single,0,1
moving_020_r05_s10005,6.592,0.143359,-0.457679,0.007679,0,99.000000,1.245954,0,0,0,0,single,0,1
moving_020_r05_s10005,6.624,0.146295,-0.457887,0.007887,0,99.000000,1.246502,0,0,0,0,single,0,1
moving_020_r05_s10005,6.656,0.149232,-0.458094,0.008094,0,99.000000,1.247056,0,0,0,0,single,0,1
moving_020_r05_s10005,6.688,0.152169,-0.458302,0.008302,0,99.000000,1.247616,0,0,0,0,single,0,1
moving_020_r05_s10005,6.720,0.155106,-0.458504,0.008504,0,99.000000,1.248178,0,0,0,0,single,0,1
moving_020_r05_s10005,6.752,0.158043,-0.458700,0.008700,0,99.000000,1.248741,0,0,0,0,single,0,1
moving_020_r05_s10005,6.784,0.160981,-0.458890,0.008890,0,99.000000,1.249305,0,0,0,0,single,0,1
moving_020_r05_s10005,6.816,0.163919,-0.459073,0.009073,0,99.000000,1.249868,0,0,0,0,single,0,1
moving_020_r05_s10005,6.848,0.166858,-0.459251,0.009251,0,99.000000,1.250434,0,0,0,0,single,0,1
moving_020_r05_s10005,6.880,0.169797,-0.459419,0.009419,0,99.000000,1.250996,0,0,0,0,single,0,1
moving_020_r05_s10005,6.912,0.172737,-0.459578,0.009578,0,99.000000,1.251556,0,0,0,0,single,0,1
moving_020_r05_s10005,6.944,0.175678,-0.459729,0.009729,0,99.000000,1.252114,0,0,0,0,single,0,1
moving_020_r05_s10005,6.976,0.178618,-0.459869,0.009869,0,99.000000,1.252669,0,0,0,0,single,0,1
moving_020_r05_s10005,7.008,0.181560,-0.459998,0.009998,0,99.000000,1.253220,0,0,0,0,single,0,1
moving_020_r05_s10005,7.040,0.184501,-0.460115,0.010115,0,99.000000,1.253765,0,0,0,0,single,0,1
moving_020_r05_s10005,7.072,0.187444,-0.460223,0.010223,0,99.000000,1.254308,0,0,0,0,single,0,1
moving_020_r05_s10005,7.104,0.190386,-0.460318,0.010318,0,99.000000,1.254845,0,0,0,0,single,0,1
moving_020_r05_s10005,7.136,0.193329,-0.460402,0.010402,0,99.000000,1.255377,0,0,0,0,single,0,1
moving_020_r05_s10005,7.168,0.196272,-0.460473,0.010473,0,99.000000,1.255905,0,0,0,0,single,0,1
moving_020_r05_s10005,7.200,0.199216,-0.460533,0.010533,0,99.000000,1.256427,0,0,0,0,single,0,1
moving_020_r05_s10005,7.232,0.202160,-0.460582,0.010582,0,99.000000,1.256945,0,0,0,0,single,0,1
moving_020_r05_s10005,7.264,0.205103,-0.460620,0.010620,0,99.000000,1.257460,0,0,0,0,single,0,1
moving_020_r05_s10005,7.296,0.208047,-0.460651,0.010651,0,99.000000,1.257974,0,0,0,0,single,0,1
moving_020_r05_s10005,7.328,0.210991,-0.460673,0.010673,0,99.000000,1.258486,0,0,0,0,single,0,1
moving_020_r05_s10005,7.360,0.213935,-0.460691,0.010691,0,99.000000,1.259000,0,0,0,0,single,0,1
moving_020_r05_s10005,7.392,0.216879,-0.460701,0.010701,0,99.000000,1.259514,0,0,0,0,single,0,1
moving_020_r05_s10005,7.424,0.219823,-0.460711,0.010711,0,99.000000,1.260034,0,0,0,0,single,0,1
moving_020_r05_s10005,7.456,0.222767,-0.460717,0.010717,0,99.000000,1.260557,0,0,0,0,single,0,1
moving_020_r05_s10005,7.488,0.225710,-0.460726,0.010726,0,99.000000,1.261089,0,0,0,0,single,0,1
moving_020_r05_s10005,7.520,0.228654,-0.460735,0.010735,0,99.000000,1.261628,0,0,0,0,single,0,1
moving_020_r05_s10005,7.552,0.231598,-0.460744,0.010744,0,99.000000,1.262174,0,0,0,0,single,0,1
moving_020_r05_s10005,7.584,0.234542,-0.460749,0.010749,0,99.000000,1.262723,0,0,0,0,single,0,1
moving_020_r05_s10005,7.616,0.237486,-0.460756,0.010756,0,99.000000,1.263279,0,0,0,0,single,0,1
moving_020_r05_s10005,7.648,0.240430,-0.460763,0.010763,0,99.000000,1.263843,0,0,0,0,single,0,1
moving_020_r05_s10005,7.680,0.243374,-0.460770,0.010770,0,99.000000,1.264413,0,0,0,0,single,0,1
moving_020_r05_s10005,7.712,0.246318,-0.460777,0.010777,0,99.000000,1.264990,0,0,0,0,single,0,1
moving_020_r05_s10005,7.744,0.249262,-0.460784,0.010784,0,99.000000,1.265574,0,0,0,0,single,0,1
moving_020_r05_s10005,7.776,0.252206,-0.460792,0.010792,0,99.000000,1.266164,0,0,0,0,single,0,1
moving_020_r05_s10005,7.808,0.255150,-0.460794,0.010794,0,99.000000,1.266756,0,0,0,0,single,0,1
moving_020_r05_s10005,7.840,0.258094,-0.460798,0.010798,0,99.000000,1.267356,0,0,0,0,single,0,1
moving_020_r05_s10005,7.872,0.261038,-0.460797,0.010797,0,99.000000,1.267958,0,0,0,0,single,0,1
moving_020_r05_s10005,7.904,0.263982,-0.460797,0.010797,0,99.000000,1.268568,0,0,0,0,single,0,1
moving_020_r05_s10005,7.936,0.266926,-0.460798,0.010798,0,99.000000,1.269184,0,0,0,0,single,0,1
moving_020_r05_s10005,7.968,0.269870,-0.460793,0.010793,0,99.000000,1.269802,0,0,0,0,single,0,1
moving_020_r05_s10005,8.000,0.272814,-0.460785,0.010785,0,99.000000,1.270424,0,0,0,0,single,0,1
moving_020_r05_s10005,8.032,0.275758,-0.460779,0.010779,0,99.000000,1.271053,0,0,0,0,single,0,1
moving_020_r05_s10005,8.064,0.278702,-0.460768,0.010768,0,99.000000,1.271684,0,0,0,0,single,0,1
moving_020_r05_s10005,8.096,0.281646,-0.460753,0.010753,0,99.000000,1.272318,0,0,0,0,single,0,1
moving_020_r05_s10005,8.128,0.284590,-0.460739,0.010739,0,99.000000,1.272959,0,0,0,0,single,0,1
moving_020_r05_s10005,8.160,0.287534,-0.460726,0.010726,0,99.000000,1.273608,0,0,0,0,single,0,1
moving_020_r05_s10005,8.192,0.290478,-0.460713,0.010713,0,99.000000,1.274263,0,0,0,0,single,0,1
moving_020_r05_s10005,8.224,0.293422,-0.460700,0.010700,0,99.000000,1.274925,0,0,0,0,single,0,1
moving_020_r05_s10005,8.256,0.296366,-0.460687,0.010687,0,99.000000,1.275593,0,0,0,0,single,0,1
moving_020_r05_s10005,8.288,0.299310,-0.460674,0.010674,0,99.000000,1.276268,0,0,0,0,single,0,1
moving_020_r05_s10005,8.320,0.302254,-0.460662,0.010662,0,99.000000,1.276949,0,0,0,0,single,0,1
moving_020_r05_s10005,8.352,0.305198,-0.460649,0.010649,0,99.000000,1.277637,0,0,0,0,single,0,1
moving_020_r05_s10005,8.384,0.308142,-0.460636,0.010636,0,99.000000,1.278331,0,0,0,0,single,0,1
moving_020_r05_s10005,8.416,0.311086,-0.460624,0.010624,0,99.000000,1.279032,0,0,0,0,single,0,1
moving_020_r05_s10005,8.448,0.314030,-0.460611,0.010611,0,99.000000,1.279739,0,0,0,0,single,0,1
moving_020_r05_s10005,8.480,0.316974,-0.460599,0.010599,0,99.000000,1.280452,0,0,0,0,single,0,1
moving_020_r05_s10005,8.512,0.319918,-0.460586,0.010586,0,99.000000,1.281172,0,0,0,0,single,0,1
moving_020_r05_s10005,8.544,0.322862,-0.460573,0.010573,0,99.000000,1.281898,0,0,0,0,single,0,1
moving_020_r05_s10005,8.576,0.325806,-0.460561,0.010561,0,99.000000,1.282630,0,0,0,0,single,0,1
moving_020_r05_s10005,8.608,0.328750,-0.460548,0.010548,0,99.000000,1.283369,0,0,0,0,single,0,1
moving_020_r05_s10005,8.640,0.331694,-0.460536,0.010536,0,99.000000,1.284114,0,0,0,0,single,0,1
moving_020_r05_s10005,8.672,0.334638,-0.460523,0.010523,0,99.000000,1.284866,0,0,0,0,single,0,1
moving_020_r05_s10005,8.704,0.337582,-0.460511,0.010511,0,99.000000,1.285623,0,0,0,0,single,0,1
moving_020_r05_s10005,8.736,0.340526,-0.460498,0.010498,0,99.000000,1.286388,0,0,0,0,single,0,1
moving_020_r05_s10005,8.768,0.343470,-0.460485,0.010485,0,99.000000,1.287158,0,0,0,0,single,0,1
moving_020_r05_s10005,8.800,0.346414,-0.460473,0.010473,0,99.000000,1.287934,0,0,0,0,single,0,1
moving_020_r05_s10005,8.832,0.349357,-0.460460,0.010460,0,99.000000,1.288717,0,0,0,0,single,0,1
moving_020_r05_s10005,8.864,0.352301,-0.460448,0.010448,0,99.000000,1.289506,0,0,0,0,single,0,1
moving_020_r05_s10005,8.896,0.355245,-0.460435,0.010435,0,99.000000,1.290302,0,0,0,0,single,0,1
moving_020_r05_s10005,8.928,0.358189,-0.460422,0.010422,0,99.000000,1.291103,0,0,0,0,single,0,1
moving_020_r05_s10005,8.960,0.361133,-0.460410,0.010410,0,99.000000,1.291911,0,0,0,0,single,0,1
moving_020_r05_s10005,8.992,0.364077,-0.460397,0.010397,0,99.000000,1.292725,0,0,0,0,single,0,1
moving_020_r05_s10005,9.024,0.367021,-0.460385,0.010385,0,99.000000,1.293545,0,0,0,0,single,0,1
moving_020_r05_s10005,9.056,0.369965,-0.460372,0.010372,0,99.000000,1.294371,0,0,0,0,single,0,1
moving_020_r05_s10005,9.088,0.372909,-0.460359,0.010359,0,99.000000,1.295204,0,0,0,0,single,0,1
moving_020_r05_s10005,9.120,0.375853,-0.460347,0.010347,0,99.000000,1.296042,0,0,0,0,single,0,1
moving_020_r05_s10005,9.152,0.378797,-0.460334,0.010334,0,99.000000,1.296887,0,0,0,0,single,0,1
moving_020_r05_s10005,9.184,0.381741,-0.460321,0.010321,0,99.000000,1.297738,0,0,0,0,single,0,1
moving_020_r05_s10005,9.216,0.384685,-0.460314,0.010314,0,99.000000,1.298599,0,0,0,0,single,0,1
moving_020_r05_s10005,9.248,0.387629,-0.460305,0.010305,0,99.000000,1.299466,0,0,0,0,single,0,1
moving_020_r05_s10005,9.280,0.390573,-0.460295,0.010295,0,99.000000,1.300339,0,0,0,0,single,0,1
moving_020_r05_s10005,9.312,0.393517,-0.460286,0.010286,0,99.000000,1.301217,0,0,0,0,single,0,1
moving_020_r05_s10005,9.344,0.396461,-0.460277,0.010277,0,99.000000,1.302102,0,0,0,0,single,0,1
moving_020_r05_s10005,9.376,0.399405,-0.460268,0.010268,0,99.000000,1.302992,0,0,0,0,single,0,1
moving_020_r05_s10005,9.408,0.402349,-0.460259,0.010259,0,99.000000,1.303889,0,0,0,0,single,0,1
moving_020_r05_s10005,9.440,0.405293,-0.460250,0.010250,0,99.000000,1.304792,0,0,0,0,single,0,1
moving_020_r05_s10005,9.472,0.408237,-0.460240,0.010240,0,99.000000,1.305700,0,0,0,0,single,0,1
moving_020_r05_s10005,9.504,0.411181,-0.460231,0.010231,0,99.000000,1.306615,0,0,0,0,single,0,1
moving_020_r05_s10005,9.536,0.414125,-0.460222,0.010222,0,99.000000,1.307536,0,0,0,0,single,0,1
moving_020_r05_s10005,9.568,0.417069,-0.460212,0.010212,0,99.000000,1.308462,0,0,0,0,single,0,1
moving_020_r05_s10005,9.600,0.420013,-0.460203,0.010203,0,99.000000,1.309395,0,0,0,0,single,0,1
moving_020_r05_s10005,9.632,0.422957,-0.460194,0.010194,0,99.000000,1.310333,0,0,0,0,single,0,1
moving_020_r05_s10005,9.664,0.425901,-0.460184,0.010184,0,99.000000,1.311278,0,0,0,0,single,0,1
moving_020_r05_s10005,9.696,0.428845,-0.460175,0.010175,0,99.000000,1.312228,0,0,0,0,single,0,1
moving_020_r05_s10005,9.728,0.431789,-0.460166,0.010166,0,99.000000,1.313184,0,0,0,0,single,0,1
moving_020_r05_s10005,9.760,0.434733,-0.460156,0.010156,0,99.000000,1.314146,0,0,0,0,single,0,1
moving_020_r05_s10005,9.792,0.437677,-0.460147,0.010147,0,99.000000,1.315114,0,0,0,0,single,0,1
moving_020_r05_s10005,9.824,0.440621,-0.460138,0.010138,0,99.000000,1.316088,0,0,0,0,single,0,1
moving_020_r05_s10005,9.856,0.443565,-0.460128,0.010128,0,99.000000,1.317068,0,0,0,0,single,0,1
moving_020_r05_s10005,9.888,0.446509,-0.460119,0.010119,0,99.000000,1.318054,0,0,0,0,single,0,1
moving_020_r05_s10005,9.920,0.449453,-0.460110,0.010110,0,99.000000,1.319045,0,0,0,0,single,0,1
moving_020_r05_s10005,9.952,0.452397,-0.460100,0.010100,0,99.000000,1.320042,0,0,0,0,single,0,1
moving_020_r05_s10005,9.984,0.455341,-0.460091,0.010091,0,99.000000,1.321045,0,0,0,0,single,0,1
moving_020_r05_s10005,10.016,0.458285,-0.460082,0.010082,0,99.000000,1.322054,0,0,0,0,single,0,1
moving_020_r05_s10005,10.048,0.461229,-0.460072,0.010072,0,99.000000,1.323069,0,0,0,0,single,0,1
moving_020_r05_s10005,10.080,0.464173,-0.460063,0.010063,0,99.000000,1.324089,0,0,0,0,single,0,1
moving_020_r05_s10005,10.112,0.467117,-0.460058,0.010058,0,99.000000,1.325120,0,0,0,0,single,0,1
moving_020_r05_s10005,10.144,0.470061,-0.460057,0.010057,0,99.000000,1.326160,0,0,0,0,single,0,1
moving_020_r05_s10005,10.176,0.473005,-0.460055,0.010055,0,99.000000,1.327204,0,0,0,0,single,0,1
moving_020_r05_s10005,10.208,0.475949,-0.460053,0.010053,0,99.000000,1.328254,0,0,0,0,single,0,1
moving_020_r05_s10005,10.240,0.478893,-0.460051,0.010051,0,99.000000,1.329310,0,0,0,0,single,0,1
moving_020_r05_s10005,10.272,0.481837,-0.460048,0.010048,0,99.000000,1.330371,0,0,0,0,single,0,1
moving_020_r05_s10005,10.304,0.484781,-0.460046,0.010046,0,99.000000,1.331437,0,0,0,0,single,0,1
moving_020_r05_s10005,10.336,0.487725,-0.460043,0.010043,0,99.000000,1.332510,0,0,0,0,single,0,1
moving_020_r05_s10005,10.368,0.490669,-0.460040,0.010040,0,99.000000,1.333588,0,0,0,0,single,0,1
moving_020_r05_s10005,10.400,0.493613,-0.460038,0.010038,0,99.000000,1.334671,0,0,0,0,single,0,1
moving_020_r05_s10005,10.432,0.496557,-0.460035,0.010035,0,99.000000,1.335760,0,0,0,0,single,0,1
moving_020_r05_s10005,10.464,0.499501,-0.460032,0.010032,0,99.000000,1.336855,0,0,0,0,single,0,1
moving_020_r05_s10005,10.496,0.502445,-0.460030,0.010030,0,99.000000,1.337955,0,0,0,0,single,0,1
moving_020_r05_s10005,10.528,0.505389,-0.460027,0.010027,0,99.000000,1.339061,0,0,0,0,single,0,1
moving_020_r05_s10005,10.560,0.508333,-0.460024,0.010024,0,99.000000,1.340172,0,0,0,0,single,0,1
moving_020_r05_s10005,10.592,0.511277,-0.460022,0.010022,0,99.000000,1.341289,0,0,0,0,single,0,1
moving_020_r05_s10005,10.624,0.514221,-0.460019,0.010019,0,99.000000,1.342412,0,0,0,0,single,0,1
moving_020_r05_s10005,10.656,0.517165,-0.460016,0.010016,0,99.000000,1.343540,0,0,0,0,single,0,1
moving_020_r05_s10005,10.688,0.520109,-0.460013,0.010013,0,99.000000,1.344673,0,0,0,0,single,0,1
moving_020_r05_s10005,10.720,0.523053,-0.460011,0.010011,0,99.000000,1.345812,0,0,0,0,single,0,1
moving_020_r05_s10005,10.752,0.525997,-0.460008,0.010008,0,99.000000,1.346957,0,0,0,0,single,0,1
moving_020_r05_s10005,10.784,0.528941,-0.460005,0.010005,0,99.000000,1.348106,0,0,0,0,single,0,1
moving_020_r05_s10005,10.816,0.531885,-0.460002,0.010002,0,99.000000,1.349262,0,0,0,0,single,0,1
moving_020_r05_s10005,10.848,0.534829,-0.460000,0.010000,0,99.000000,1.350422,0,0,0,0,single,0,1
moving_020_r05_s10005,10.880,0.537773,-0.459997,0.009997,0,99.000000,1.351589,0,0,0,0,single,0,1
moving_020_r05_s10005,10.912,0.540717,-0.459994,0.009994,0,99.000000,1.352760,0,0,0,0,single,0,1
moving_020_r05_s10005,10.944,0.543661,-0.459991,0.009991,0,99.000000,1.353937,0,0,0,0,single,0,1
moving_020_r05_s10005,10.976,0.546605,-0.459989,0.009989,0,99.000000,1.355119,0,0,0,0,single,0,1
moving_020_r05_s10005,11.008,0.549549,-0.459986,0.009986,0,99.000000,1.356307,0,0,0,0,single,0,1
moving_020_r05_s10005,11.040,0.552493,-0.459983,0.009983,0,99.000000,1.357500,0,0,0,0,single,0,1
moving_020_r05_s10005,11.072,0.555437,-0.459980,0.009980,0,99.000000,1.358698,0,0,0,0,single,0,1
moving_020_r05_s10005,11.104,0.558381,-0.459978,0.009978,0,99.000000,1.359902,0,0,0,0,single,0,1
moving_020_r05_s10005,11.136,0.561325,-0.459975,0.009975,0,99.000000,1.361111,0,0,0,0,single,0,1
moving_020_r05_s10005,11.168,0.564269,-0.459972,0.009972,0,99.000000,1.362325,0,0,0,0,single,0,1
moving_020_r05_s10005,11.200,0.567213,-0.459969,0.009969,0,99.000000,1.363545,0,0,0,0,single,0,1
moving_020_r05_s10005,11.232,0.570157,-0.459967,0.009967,0,99.000000,1.364770,0,0,0,0,single,0,1
moving_020_r05_s10005,11.264,0.573101,-0.459959,0.009959,0,99.000000,1.365995,0,0,0,0,single,0,1
moving_020_r05_s10005,11.296,0.576045,-0.459948,0.009948,0,99.000000,1.367223,0,0,0,0,single,0,1
moving_020_r05_s10005,11.328,0.578989,-0.459938,0.009938,0,99.000000,1.368457,0,0,0,0,single,0,1
moving_020_r05_s10005,11.360,0.581933,-0.459921,0.009921,0,99.000000,1.369690,0,0,0,0,single,0,1
moving_020_r05_s10005,11.392,0.584877,-0.459899,0.009899,0,99.000000,1.370923,0,0,0,0,single,0,1
moving_020_r05_s10005,11.424,0.587821,-0.459869,0.009869,0,99.000000,1.372155,0,0,0,0,single,0,1
moving_020_r05_s10005,11.456,0.590764,-0.459835,0.009835,0,99.000000,1.373387,0,0,0,0,single,0,1
moving_020_r05_s10005,11.488,0.593708,-0.459802,0.009802,0,99.000000,1.374627,0,0,0,0,single,0,1
moving_020_r05_s10005,11.520,0.596652,-0.459765,0.009765,0,99.000000,1.375868,0,0,0,0,single,0,1
moving_020_r05_s10005,11.552,0.599596,-0.459725,0.009725,0,99.000000,1.377110,0,0,0,0,single,0,1
moving_020_r05_s10005,11.584,0.602539,-0.459686,0.009686,0,99.000000,1.378360,0,0,0,0,single,0,1
moving_020_r05_s10005,11.616,0.605483,-0.459648,0.009648,0,99.000000,1.379614,0,0,0,0,single,0,1
moving_020_r05_s10005,11.648,0.608427,-0.459605,0.009605,0,99.000000,1.380870,0,0,0,0,single,0,1
moving_020_r05_s10005,11.680,0.611370,-0.459558,0.009558,0,99.000000,1.382128,0,0,0,0,single,0,1
moving_020_r05_s10005,11.712,0.614314,-0.459508,0.009508,0,99.000000,1.383388,0,0,0,0,single,0,1
moving_020_r05_s10005,11.744,0.617258,-0.459455,0.009455,0,99.000000,1.384650,0,0,0,0,single,0,1
moving_020_r05_s10005,11.776,0.620201,-0.459398,0.009398,0,99.000000,1.385914,0,0,0,0,single,0,1
moving_020_r05_s10005,11.808,0.623144,-0.459336,0.009336,0,99.000000,1.387178,0,0,0,0,single,0,1
moving_020_r05_s10005,11.840,0.626088,-0.459268,0.009268,0,99.000000,1.388442,0,0,0,0,single,0,1
moving_020_r05_s10005,11.872,0.629031,-0.459196,0.009196,0,99.000000,1.389707,0,0,0,0,single,0,1
moving_020_r05_s10005,11.904,0.631974,-0.459118,0.009118,0,99.000000,1.390972,0,0,0,0,single,0,1
moving_020_r05_s10005,11.936,0.634917,-0.459037,0.009037,0,99.000000,1.392240,0,0,0,0,single,0,1
moving_020_r05_s10005,11.968,0.637860,-0.458954,0.008954,0,99.000000,1.393510,0,0,0,0,single,0,1
moving_020_r05_s10005,12.000,0.640802,-0.458867,0.008867,0,99.000000,1.394783,0,0,0,0,single,0,1
moving_020_r05_s10005,12.032,0.643745,-0.458777,0.008777,0,99.000000,1.396057,0,0,0,0,single,0,1
moving_020_r05_s10005,12.064,0.646687,-0.458681,0.008681,0,99.000000,1.397331,0,0,0,0,single,0,1
moving_020_r05_s10005,12.096,0.649630,-0.458580,0.008580,0,99.000000,1.398606,0,0,0,0,single,0,1
moving_020_r05_s10005,12.128,0.652572,-0.458475,0.008475,0,99.000000,1.399882,0,0,0,0,single,0,1
moving_020_r05_s10005,12.160,0.655514,-0.458363,0.008363,0,99.000000,1.401157,0,0,0,0,single,0,1
moving_020_r05_s10005,12.192,0.658455,-0.458243,0.008243,0,99.000000,1.402430,0,0,0,0,single,0,1
moving_020_r05_s10005,12.224,0.661397,-0.458117,0.008117,0,99.000000,1.403702,0,0,0,0,single,0,1
moving_020_r05_s10005,12.256,0.664338,-0.457984,0.007984,0,99.000000,1.404973,0,0,0,0,single,0,1
moving_020_r05_s10005,12.288,0.667278,-0.457845,0.007845,0,99.000000,1.406243,0,0,0,0,single,0,1
moving_020_r05_s10005,12.320,0.670219,-0.457698,0.007698,0,99.000000,1.407512,0,0,0,0,single,0,1
moving_020_r05_s10005,12.352,0.673159,-0.457545,0.007545,0,99.000000,1.408780,0,0,0,0,single,0,1
moving_020_r05_s10005,12.384,0.676099,-0.457386,0.007386,0,99.000000,1.410047,0,0,0,0,single,0,1
moving_020_r05_s10005,12.416,0.679038,-0.457217,0.007217,0,99.000000,1.411311,0,0,0,0,single,0,1
moving_020_r05_s10005,12.448,0.681977,-0.457038,0.007038,0,99.000000,1.412571,0,0,0,0,single,0,1
moving_020_r05_s10005,12.480,0.684915,-0.456849,0.006849,0,99.000000,1.413826,0,0,0,0,single,0,1
moving_020_r05_s10005,12.512,0.687852,-0.456650,0.006650,0,99.000000,1.415078,0,0,0,0,single,0,1
moving_020_r05_s10005,12.544,0.690789,-0.456441,0.006441,0,99.000000,1.416325,0,0,0,0,single,0,1
moving_020_r05_s10005,12.576,0.693725,-0.456224,0.006224,0,99.000000,1.417570,0,0,0,0,single,0,1
moving_020_r05_s10005,12.608,0.696660,-0.455999,0.005999,0,99.000000,1.418812,0,0,0,0,single,0,1
moving_020_r05_s10005,12.640,0.699595,-0.455770,0.005770,0,99.000000,1.420057,0,0,0,0,single,0,1
moving_020_r05_s10005,12.672,0.702530,-0.455540,0.005540,0,99.000000,1.421305,0,0,0,0,single,0,1
moving_020_r05_s10005,12.704,0.705466,-0.455320,0.005320,0,99.000000,1.422567,0,0,0,0,single,0,1
moving_020_r05_s10005,12.736,0.708401,-0.455099,0.005099,0,99.000000,1.423834,0,0,0,0,single,0,1
moving_020_r05_s10005,12.768,0.711335,-0.454854,0.004854,0,99.000000,1.425084,0,0,0,0,single,0,1
moving_020_r05_s10005,12.800,0.714268,-0.454592,0.004592,0,99.000000,1.426323,0,0,0,0,single,0,1
moving_020_r05_s10005,12.832,0.717199,-0.454313,0.004313,0,99.000000,1.427551,0,0,0,0,single,0,1
moving_020_r05_s10005,12.864,0.720129,-0.454018,0.004018,0,99.000000,1.428771,0,0,0,0,single,0,1
moving_020_r05_s10005,12.896,0.723057,-0.453711,0.003711,0,99.000000,1.429984,0,0,0,0,single,0,1
moving_020_r05_s10005,12.928,0.725983,-0.453390,0.003390,0,99.000000,1.431189,0,0,0,0,single,0,1
moving_020_r05_s10005,12.960,0.728909,-0.453058,0.003058,0,99.000000,1.432390,0,0,0,0,single,0,1
moving_020_r05_s10005,12.992,0.731833,-0.452715,0.002715,0,99.000000,1.433585,0,0,0,0,single,0,1
moving_020_r05_s10005,13.024,0.734755,-0.452360,0.002360,0,99.000000,1.434774,0,0,0,0,single,0,1
moving_020_r05_s10005,13.056,0.737676,-0.451994,0.001994,0,99.000000,1.435958,0,0,0,0,single,0,1
moving_020_r05_s10005,13.088,0.740597,-0.451620,0.001620,0,99.000000,1.437140,0,0,0,0,single,0,1
moving_020_r05_s10005,13.120,0.743516,-0.451240,0.001240,0,99.000000,1.438321,0,0,0,0,single,0,1
moving_020_r05_s10005,13.152,0.746434,-0.450851,0.000851,0,99.000000,1.439499,0,0,0,0,single,0,1
moving_020_r05_s10005,13.184,0.749351,-0.450456,0.000456,0,99.000000,1.440677,0,0,0,0,single,0,1
moving_020_r05_s10005,13.216,0.752268,-0.450058,0.000063,0,99.000000,1.441856,0,0,0,0,single,0,1
moving_020_r05_s10005,13.248,0.755184,-0.449655,0.000316,0,99.000000,1.443036,0,0,0,0,single,0,1
moving_020_r05_s10005,13.280,0.758100,-0.449249,0.000678,0,99.000000,1.444219,0,0,0,0,single,0,1
moving_020_r05_s10005,13.312,0.761016,-0.448846,0.001019,0,99.000000,1.445409,0,0,0,0,single,0,1
moving_020_r05_s10005,13.344,0.763932,-0.448443,0.001341,0,99.000000,1.446605,0,0,0,0,single,0,1
moving_020_r05_s10005,13.376,0.766850,-0.448050,0.001633,0,99.000000,1.447814,0,0,0,0,single,0,1
moving_020_r05_s10005,13.408,0.769770,-0.447672,0.001892,0,99.000000,1.449042,0,0,0,0,single,0,1
moving_020_r05_s10005,13.440,0.772693,-0.447316,0.002109,0,99.000000,1.450296,0,0,0,0,single,0,1
moving_020_r05_s10005,13.472,0.775618,-0.446988,0.002278,0,99.000000,1.451580,0,0,0,0,single,0,1
moving_020_r05_s10005,13.504,0.778540,-0.446640,0.002449,0,99.000000,1.452849,0,0,0,0,single,0,1
moving_020_r05_s10005,13.536,0.781455,-0.446170,0.002723,0,99.000000,1.454017,0,0,0,0,single,0,1
moving_020_r05_s10005,13.568,0.784359,-0.445618,0.003060,0,99.000000,1.455115,0,0,0,0,single,0,1
moving_020_r05_s10005,13.600,0.787238,-0.444985,0.003460,0,99.000000,1.456136,0,0,0,0,single,0,1
moving_020_r05_s10005,13.632,0.790116,-0.444355,0.003838,0,99.000000,1.457164,0,0,0,0,single,0,1
moving_020_r05_s10005,13.664,0.792989,-0.443712,0.004210,0,99.000000,1.458185,0,0,0,0,single,0,1
moving_020_r05_s10005,13.696,0.795857,-0.443055,0.004578,0,99.000000,1.459196,0,0,0,0,single,0,1
moving_020_r05_s10005,13.728,0.798722,-0.442386,0.004940,0,99.000000,1.460200,0,0,0,0,single,0,1
moving_020_r05_s10005,13.760,0.801584,-0.441706,0.005293,0,99.000000,1.461199,0,0,0,0,single,0,1
moving_020_r05_s10005,13.792,0.804443,-0.441016,0.005636,0,99.000000,1.462194,0,0,0,0,single,0,1
moving_020_r05_s10005,13.824,0.807301,-0.440317,0.005970,0,99.000000,1.463185,0,0,0,0,single,0,1
moving_020_r05_s10005,13.856,0.810156,-0.439610,0.006293,0,99.000000,1.464173,0,0,0,0,single,0,1
moving_020_r05_s10005,13.888,0.813010,-0.438897,0.006603,0,99.000000,1.465160,0,0,0,0,single,0,1
moving_020_r05_s10005,13.920,0.815863,-0.438176,0.006902,0,99.000000,1.466146,0,0,0,0,single,0,1
moving_020_r05_s10005,13.952,0.818714,-0.437447,0.007189,0,99.000000,1.467129,0,0,0,0,single,0,1
moving_020_r05_s10005,13.984,0.821564,-0.436715,0.007460,0,99.000000,1.468116,0,0,0,0,single,0,1
moving_020_r05_s10005,14.016,0.824414,-0.435978,0.007717,0,99.000000,1.469102,0,0,0,0,single,0,1
moving_020_r05_s10005,14.048,0.827263,-0.435240,0.007956,0,99.000000,1.470092,0,0,0,0,single,0,1
moving_020_r05_s10005,14.080,0.830114,-0.434503,0.008173,0,99.000000,1.471090,0,0,0,0,single,0,1
moving_020_r05_s10005,14.112,0.832965,-0.433773,0.008364,0,99.000000,1.472099,0,0,0,0,single,0,1
moving_020_r05_s10005,14.144,0.835819,-0.433057,0.008522,0,99.000000,1.473126,0,0,0,0,single,0,1
moving_020_r05_s10005,14.176,0.838677,-0.432353,0.008646,0,99.000000,1.474171,0,0,0,0,single,0,1
moving_020_r05_s10005,14.208,0.841539,-0.431667,0.008734,0,99.000000,1.475237,0,0,0,0,single,0,1
moving_020_r05_s10005,14.240,0.844407,-0.430998,0.008783,0,99.000000,1.476326,0,0,0,0,single,0,1
moving_020_r05_s10005,14.272,0.847280,-0.430354,0.008789,0,99.000000,1.477443,0,0,0,0,single,0,1
moving_020_r05_s10005,14.304,0.850152,-0.429722,0.008762,0,99.000000,1.478576,0,0,0,0,single,0,1
moving_020_r05_s10005,14.336,0.853008,-0.428983,0.008823,0,99.000000,1.479616,0,0,0,0,single,0,1
moving_020_r05_s10005,14.368,0.855844,-0.428160,0.008951,0,99.000000,1.480581,0,0,0,0,single,0,1
moving_020_r05_s10005,14.400,0.858659,-0.427260,0.009140,0,99.000000,1.481476,0,0,0,0,single,0,1
moving_020_r05_s10005,14.432,0.861434,-0.426282,0.009394,0,99.000000,1.482290,0,0,0,0,single,0,1
moving_020_r05_s10005,14.464,0.864236,-0.425369,0.009559,0,99.000000,1.483178,0,0,0,0,single,0,1
moving_020_r05_s10005,14.496,0.867035,-0.424457,0.009704,0,99.000000,1.484070,0,0,0,0,single,0,1
moving_020_r05_s10005,14.528,0.869833,-0.423547,0.009828,0,99.000000,1.484970,0,0,0,0,single,0,1
moving_020_r05_s10005,14.560,0.872630,-0.422631,0.009937,0,99.000000,1.485868,0,0,0,0,single,0,1
moving_020_r05_s10005,14.592,0.875427,-0.421721,0.010022,0,99.000000,1.486777,0,0,0,0,single,0,1
moving_020_r05_s10005,14.624,0.878224,-0.420812,0.010086,0,99.000000,1.487692,0,0,0,0,single,0,1
moving_020_r05_s10005,14.656,0.881016,-0.419884,0.010150,0,99.000000,1.488593,0,0,0,0,single,0,1
moving_020_r05_s10005,14.688,0.883798,-0.418928,0.010225,0,99.000000,1.489472,0,0,0,0,single,0,1
moving_020_r05_s10005,14.720,0.886573,-0.417949,0.010303,0,99.000000,1.490333,0,0,0,0,single,0,1
moving_020_r05_s10005,14.752,0.889341,-0.416952,0.010381,0,99.000000,1.491182,0,0,0,0,single,0,1
moving_020_r05_s10005,14.784,0.892103,-0.415936,0.010460,0,99.000000,1.492015,0,0,0,0,single,0,1
moving_020_r05_s10005,14.816,0.894859,-0.414902,0.010537,0,99.000000,1.492837,0,0,0,0,single,0,1
moving_020_r05_s10005,14.848,0.897609,-0.413856,0.010608,0,99.000000,1.493651,0,0,0,0,single,0,1
moving_020_r05_s10005,14.880,0.900356,-0.412798,0.010672,0,99.000000,1.494459,0,0,0,0,single,0,1
moving_020_r05_s10005,14.912,0.903100,-0.411733,0.010724,0,99.000000,1.495265,0,0,0,0,single,0,1
moving_020_r05_s10005,14.944,0.905844,-0.410668,0.010756,0,99.000000,1.496076,0,0,0,0,single,0,1
moving_020_r05_s10005,14.976,0.908589,-0.409606,0.010765,0,99.000000,1.496895,0,0,0,0,single,0,1
moving_020_r05_s10005,15.008,0.911334,-0.408544,0.010754,0,99.000000,1.497720,0,0,0,0,single,0,1
moving_020_r05_s10005,15.040,0.914081,-0.407483,0.010723,0,99.000000,1.498552,0,0,0,0,single,0,1
moving_020_r05_s10005,15.072,0.916829,-0.406431,0.010661,0,99.000000,1.499398,0,0,0,0,single,0,1
moving_020_r05_s10005,15.104,0.919584,-0.405396,0.010563,0,99.000000,1.500266,0,0,0,0,single,0,1
moving_020_r05_s10005,15.136,0.922347,-0.404381,0.010423,0,99.000000,1.501160,0,0,0,0,single,0,1
moving_020_r05_s10005,15.168,0.925091,-0.403311,0.010322,0,99.000000,1.502005,0,0,0,0,single,0,1
moving_020_r05_s10005,15.200,0.927804,-0.402148,0.010299,0,99.000000,1.502762,0,0,0,0,single,0,1
moving_020_r05_s10005,15.232,0.930490,-0.400922,0.010324,0,99.000000,1.503459,0,0,0,0,single,0,1
moving_020_r05_s10005,15.264,0.933134,-0.399627,0.010409,0,99.000000,1.504081,0,0,0,0,single,0,1
moving_020_r05_s10005,15.296,0.935797,-0.398367,0.010436,0,99.000000,1.504747,0,0,0,0,single,0,1
moving_020_r05_s10005,15.328,0.938453,-0.397097,0.010454,0,99.000000,1.505407,0,0,0,0,single,0,1
moving_020_r05_s10005,15.360,0.941103,-0.395815,0.010466,0,99.000000,1.506060,0,0,0,0,single,0,1
moving_020_r05_s10005,15.392,0.943744,-0.394519,0.010475,0,99.000000,1.506701,0,0,0,0,single,0,1
moving_020_r05_s10005,15.424,0.946381,-0.393215,0.010473,0,99.000000,1.507339,0,0,0,0,single,0,1
moving_020_r05_s10005,15.456,0.949014,-0.391901,0.010462,0,99.000000,1.507972,0,0,0,0,single,0,1
moving_020_r05_s10005,15.488,0.951635,-0.390563,0.010459,0,99.000000,1.508584,0,0,0,0,single,0,1
moving_020_r05_s10005,15.520,0.954243,-0.389200,0.010464,0,99.000000,1.509174,0,0,0,0,single,0,1
moving_020_r05_s10005,15.552,0.956839,-0.387814,0.010475,0,99.000000,1.509745,0,0,0,0,single,0,1
moving_020_r05_s10005,15.584,0.959425,-0.386409,0.010489,0,99.000000,1.510300,0,0,0,0,single,0,1
moving_020_r05_s10005,15.616,0.961999,-0.384982,0.010506,0,99.000000,1.510836,0,0,0,0,single,0,1
moving_020_r05_s10005,15.648,0.964565,-0.383539,0.010522,0,99.000000,1.511360,0,0,0,0,single,0,1
moving_020_r05_s10005,15.680,0.967121,-0.382082,0.010537,0,99.000000,1.511872,0,0,0,0,single,0,1
moving_020_r05_s10005,15.712,0.969670,-0.380610,0.010547,0,99.000000,1.512374,0,0,0,0,single,0,1
moving_020_r05_s10005,15.744,0.972213,-0.379128,0.010549,0,99.000000,1.512870,0,0,0,0,single,0,1
moving_020_r05_s10005,15.776,0.974751,-0.377638,0.010542,0,99.000000,1.513362,0,0,0,0,single,0,1
moving_020_r05_s10005,15.808,0.977285,-0.376142,0.010522,0,99.000000,1.513853,0,0,0,0,single,0,1
moving_020_r05_s10005,15.840,0.979817,-0.374641,0.010487,0,99.000000,1.514344,0,0,0,0,single,0,1
moving_020_r05_s10005,15.872,0.982350,-0.373138,0.010434,0,99.000000,1.514840,0,0,0,0,single,0,1
moving_020_r05_s10005,15.904,0.984884,-0.371642,0.010354,0,99.000000,1.515347,0,0,0,0,single,0,1
moving_020_r05_s10005,15.936,0.987424,-0.370156,0.010244,0,99.000000,1.515871,0,0,0,0,single,0,1
moving_020_r05_s10005,15.968,0.989976,-0.368688,0.010092,0,99.000000,1.516422,0,0,0,0,single,0,1
moving_020_r05_s10005,16.000,0.992527,-0.367220,0.009920,0,99.000000,1.516979,0,0,0,0,single,0,1
moving_020_r05_s10005,16.032,0.995031,-0.365660,0.009833,0,99.000000,1.517440,0,0,0,0,single,0,1
moving_020_r05_s10005,16.064,0.997492,-0.364029,0.009808,0,99.000000,1.517825,0,0,0,0,single,0,1
moving_020_r05_s10005,16.096,0.999905,-0.362338,0.009840,0,99.000000,1.518139,0,0,0,0,single,0,1
moving_020_r05_s10005,16.128,1.002322,-0.360653,0.009844,0,99.000000,1.518466,0,0,0,0,single,0,1
moving_020_r05_s10005,16.160,1.004726,-0.358952,0.009850,0,99.000000,1.518778,0,0,0,0,single,0,1
moving_020_r05_s10005,16.192,1.007115,-0.357232,0.009860,0,99.000000,1.519071,0,0,0,0,single,0,1
moving_020_r05_s10005,16.224,1.009489,-0.355493,0.009875,0,99.000000,1.519346,0,0,0,0,single,0,1
moving_020_r05_s10005,16.256,1.011852,-0.353741,0.009888,0,99.000000,1.519609,0,0,0,0,single,0,1
moving_020_r05_s10005,16.288,1.014205,-0.351975,0.009897,0,99.000000,1.519861,0,0,0,0,single,0,1
moving_020_r05_s10005,16.320,1.016544,-0.350191,0.009910,0,99.000000,1.520097,0,0,0,0,single,0,1
moving_020_r05_s10005,16.352,1.018867,-0.348384,0.009931,0,99.000000,1.520310,0,0,0,0,single,0,1
moving_020_r05_s10005,16.384,1.021175,-0.346559,0.009956,0,99.000000,1.520504,0,0,0,0,single,0,1
moving_020_r05_s10005,16.416,1.023468,-0.344715,0.009985,0,99.000000,1.520681,0,0,0,0,single,0,1
moving_020_r05_s10005,16.448,1.025747,-0.342854,0.010017,0,99.000000,1.520841,0,0,0,0,single,0,1
moving_020_r05_s10005,16.480,1.028015,-0.340978,0.010047,0,99.000000,1.520989,0,0,0,0,single,0,1
moving_020_r05_s10005,16.512,1.030270,-0.339087,0.010078,0,99.000000,1.521122,0,0,0,0,single,0,1
moving_020_r05_s10005,16.544,1.032516,-0.337187,0.010102,0,99.000000,1.521248,0,0,0,0,single,0,1
moving_020_r05_s10005,16.576,1.034757,-0.335279,0.010115,0,99.000000,1.521371,0,0,0,0,single,0,1
moving_020_r05_s10005,16.608,1.036993,-0.333365,0.010117,0,99.000000,1.521492,0,0,0,0,single,0,1
moving_020_r05_s10005,16.640,1.039224,-0.331446,0.010106,0,99.000000,1.521610,0,0,0,0,single,0,1
moving_020_r05_s10005,16.672,1.041453,-0.329524,0.010079,0,99.000000,1.521732,0,0,0,0,single,0,1
moving_020_r05_s10005,16.704,1.043681,-0.327600,0.010034,0,99.000000,1.521857,0,0,0,0,single,0,1
moving_020_r05_s10005,16.736,1.045910,-0.325678,0.009967,0,99.000000,1.521989,0,0,0,0,single,0,1
moving_020_r05_s10005,16.768,1.048149,-0.323767,0.009866,0,99.000000,1.522142,0,0,0,0,single,0,1
moving_020_r05_s10005,16.800,1.050400,-0.321870,0.009727,0,99.000000,1.522320,0,0,0,0,single,0,1
moving_020_r05_s10005,16.832,1.052662,-0.319989,0.009549,0,99.000000,1.522522,0,0,0,0,single,0,1
moving_020_r05_s10005,16.864,1.054870,-0.318034,0.009442,0,99.000000,1.522638,0,0,0,0,single,0,1
moving_020_r05_s10005,16.896,1.057020,-0.316010,0.009405,0,99.000000,1.522672,0,0,0,0,single,0,1
moving_020_r05_s10005,16.928,1.059110,-0.313933,0.009429,0,99.000000,1.522630,0,0,0,0,single,0,1
moving_020_r05_s10005,16.960,1.061200,-0.311855,0.009434,0,99.000000,1.522594,0,0,0,0,single,0,1
moving_020_r05_s10005,16.992,1.063268,-0.309758,0.009448,0,99.000000,1.522534,0,0,0,0,single,0,1
moving_020_r05_s10005,17.024,1.065316,-0.307643,0.009468,0,99.000000,1.522454,0,0,0,0,single,0,1
moving_020_r05_s10005,17.056,1.067343,-0.305510,0.009497,0,99.000000,1.522351,0,0,0,0,single,0,1
moving_020_r05_s10005,17.088,1.069354,-0.303363,0.009527,0,99.000000,1.522233,0,0,0,0,single,0,1
moving_020_r05_s10005,17.120,1.071353,-0.301204,0.009556,0,99.000000,1.522103,0,0,0,0,single,0,1
moving_020_r05_s10005,17.152,1.073335,-0.299030,0.009586,0,99.000000,1.521957,0,0,0,0,single,0,1
moving_020_r05_s10005,17.184,1.075296,-0.296838,0.009625,0,99.000000,1.521789,0,0,0,0,single,0,1
moving_020_r05_s10005,17.216,1.077242,-0.294631,0.009666,0,99.000000,1.521605,0,0,0,0,single,0,1
moving_020_r05_s10005,17.248,1.079171,-0.292410,0.009708,0,99.000000,1.521405,0,0,0,0,single,0,1
moving_020_r05_s10005,17.280,1.081085,-0.290175,0.009752,0,99.000000,1.521190,0,0,0,0,single,0,1
moving_020_r05_s10005,17.312,1.082984,-0.287928,0.009795,0,99.000000,1.520962,0,0,0,0,single,0,1
moving_020_r05_s10005,17.344,1.084871,-0.285671,0.009833,0,99.000000,1.520724,0,0,0,0,single,0,1
moving_020_r05_s10005,17.376,1.086748,-0.283405,0.009866,0,99.000000,1.520478,0,0,0,0,single,0,1
moving_020_r05_s10005,17.408,1.088616,-0.281131,0.009891,0,99.000000,1.520225,0,0,0,0,single,0,1
moving_020_r05_s10005,17.440,1.090477,-0.278852,0.009905,0,99.000000,1.519970,0,0,0,0,single,0,1
moving_020_r05_s10005,17.472,1.092333,-0.276568,0.009907,0,99.000000,1.519713,0,0,0,0,single,0,1
moving_020_r05_s10005,17.504,1.094186,-0.274280,0.009894,0,99.000000,1.519457,0,0,0,0,single,0,1
moving_020_r05_s10005,17.536,1.096040,-0.271994,0.009859,0,99.000000,1.519209,0,0,0,0,single,0,1
moving_020_r05_s10005,17.568,1.097898,-0.269712,0.009798,0,99.000000,1.518972,0,0,0,0,single,0,1
moving_020_r05_s10005,17.600,1.099768,-0.267438,0.009704,1,99.000000,1.518754,0,0,0,0,single,0,1
moving_020_r05_s10005,17.632,1.101652,-0.265176,0.009572,1,99.000000,1.518561,0,0,0,0,single,0,1
moving_020_r05_s10005,17.664,1.103553,-0.262930,0.009396,1,99.000000,1.518398,0,0,0,0,single,0,1
moving_020_r05_s10005,17.696,1.105397,-0.260631,0.009278,1,99.000000,1.518162,0,0,0,0,single,0,1
moving_020_r05_s10005,17.728,1.107174,-0.258274,0.009230,1,99.000000,1.517843,0,0,0,0,single,0,1
moving_020_r05_s10005,17.760,1.108885,-0.255874,0.009239,1,99.000000,1.517452,0,0,0,0,single,0,1
moving_020_r05_s10005,17.792,1.110584,-0.253467,0.009243,1,99.000000,1.517053,0,0,0,0,single,0,1
moving_020_r05_s10005,17.824,1.112262,-0.251045,0.009254,1,99.000000,1.516634,0,0,0,0,single,0,1
moving_020_r05_s10005,17.856,1.113914,-0.248609,0.009273,1,99.000000,1.516193,0,0,0,0,single,0,1
moving_020_r05_s10005,17.888,1.115545,-0.246159,0.009299,1,99.000000,1.515732,0,0,0,0,single,0,1
moving_020_r05_s10005,17.920,1.117157,-0.243699,0.009326,1,99.000000,1.515256,0,0,0,0,single,0,1
moving_020_r05_s10005,17.952,1.118754,-0.241229,0.009352,1,99.000000,1.514767,0,0,0,0,single,0,1
moving_020_r05_s10005,17.984,1.120335,-0.238748,0.009377,1,99.000000,1.514265,0,0,0,0,single,0,1
moving_020_r05_s10005,18.016,1.121893,-0.236253,0.009409,1,99.000000,1.513742,0,0,0,0,single,0,1
moving_020_r05_s10005,18.048,1.123435,-0.233748,0.009442,1,99.000000,1.513205,0,0,0,0,single,0,1
moving_020_r05_s10005,18.080,1.124960,-0.231233,0.009474,1,99.000000,1.512655,0,0,0,0,single,0,1
moving_020_r05_s10005,18.112,1.126470,-0.228709,0.009503,1,99.000000,1.512094,0,0,0,0,single,0,1
moving_020_r05_s10005,18.144,1.127965,-0.226175,0.009532,1,99.000000,1.511520,0,0,0,0,single,0,1
moving_020_r05_s10005,18.176,1.129448,-0.223634,0.009553,1,99.000000,1.510938,0,0,0,0,single,0,1
moving_020_r05_s10005,18.208,1.130921,-0.221088,0.009568,1,99.000000,1.510350,0,0,0,0,single,0,1
moving_020_r05_s10005,18.240,1.132384,-0.218535,0.009574,1,99.000000,1.509757,0,0,0,0,single,0,1
moving_020_r05_s10005,18.272,1.133840,-0.215978,0.009568,1,99.000000,1.509161,0,0,0,0,single,0,1
moving_020_r05_s10005,18.304,1.135292,-0.213419,0.009549,1,99.000000,1.508565,0,0,0,0,single,0,1
moving_020_r05_s10005,18.336,1.136738,-0.210856,0.009515,1,99.000000,1.507968,0,0,0,0,single,0,1
moving_020_r05_s10005,18.368,1.138184,-0.208291,0.009464,1,99.000000,1.507376,0,0,0,0,single,0,1
moving_020_r05_s10005,18.400,1.139634,-0.205730,0.009387,1,99.000000,1.506794,0,0,0,0,single,0,1
moving_020_r05_s10005,18.432,1.141093,-0.203173,0.009282,1,99.000000,1.506227,0,0,0,0,single,0,1
moving_020_r05_s10005,18.464,1.142566,-0.200624,0.009139,1,99.000000,1.505683,0,0,0,0,single,0,1
moving_020_r05_s10005,18.496,1.144062,-0.198088,0.008952,1,99.000000,1.505169,0,0,0,0,single,0,1
moving_020_r05_s10005,18.528,1.145550,-0.195549,0.008752,1,99.000000,1.504653,0,0,0,0,single,0,1
moving_020_r05_s10005,18.560,1.146945,-0.192949,0.008644,1,99.000000,1.504032,0,0,0,0,single,0,1
moving_020_r05_s10005,18.592,1.148272,-0.190309,0.008596,1,99.000000,1.503338,0,0,0,0,single,0,1
moving_020_r05_s10005,18.624,1.149488,-0.187622,0.008647,1,99.000000,1.502536,0,0,0,0,single,0,1
moving_020_r05_s10005,18.656,1.150702,-0.184935,0.008680,1,99.000000,1.501738,0,0,0,0,single,0,1
moving_020_r05_s10005,18.688,1.151886,-0.182238,0.008726,1,99.000000,1.500914,0,0,0,0,single,0,1
moving_020_r05_s10005,18.720,1.153044,-0.179533,0.008778,1,99.000000,1.500072,0,0,0,0,single,0,1
moving_020_r05_s10005,18.752,1.154175,-0.176819,0.008840,1,99.000000,1.499207,0,0,0,0,single,0,1
moving_020_r05_s10005,18.784,1.155286,-0.174099,0.008902,1,99.000000,1.498329,0,0,0,0,single,0,1
moving_020_r05_s10005,18.816,1.156381,-0.171372,0.008963,1,99.000000,1.497440,0,0,0,0,single,0,1
moving_020_r05_s10005,18.848,1.157451,-0.168636,0.009030,1,99.000000,1.496531,0,0,0,0,single,0,1
moving_020_r05_s10005,18.880,1.158501,-0.165892,0.009099,1,99.000000,1.495606,0,0,0,0,single,0,1
moving_020_r05_s10005,18.912,1.159530,-0.163140,0.009172,1,99.000000,1.494664,0,0,0,0,single,0,1
moving_020_r05_s10005,18.944,1.160538,-0.160380,0.009247,1,99.000000,1.493708,0,0,0,0,single,0,1
moving_020_r05_s10005,18.976,1.161529,-0.157613,0.009321,1,99.000000,1.492739,0,0,0,0,single,0,1
moving_020_r05_s10005,19.008,1.162504,-0.154840,0.009393,1,99.000000,1.491758,0,0,0,0,single,0,1
moving_020_r05_s10005,19.040,1.163463,-0.152062,0.009461,1,99.000000,1.490767,0,0,0,0,single,0,1
moving_020_r05_s10005,19.072,1.164409,-0.149278,0.009524,1,99.000000,1.489767,0,0,0,0,single,0,1
moving_020_r05_s10005,19.104,1.165344,-0.146490,0.009580,1,99.000000,1.488761,0,0,0,0,single,0,1
moving_020_r05_s10005,19.136,1.166272,-0.143700,0.009622,1,99.000000,1.487754,0,0,0,0,single,0,1
moving_020_r05_s10005,19.168,1.167196,-0.140907,0.009651,1,99.000000,1.486746,0,0,0,0,single,0,1
moving_020_r05_s10005,19.200,1.168118,-0.138111,0.009662,1,99.000000,1.485741,0,0,0,0,single,0,1
moving_020_r05_s10005,19.232,1.169041,-0.135316,0.009652,1,99.000000,1.484743,0,0,0,0,single,0,1
moving_020_r05_s10005,19.264,1.169977,-0.132525,0.009610,1,99.000000,1.483761,0,0,0,0,single,0,1
moving_020_r05_s10005,19.296,1.170931,-0.129740,0.009529,1,99.000000,1.482803,0,0,0,0,single,0,1
moving_020_r05_s10005,19.328,1.171900,-0.126962,0.009411,1,99.000000,1.481867,0,0,0,0,single,0,1
moving_020_r05_s10005,19.360,1.172785,-0.124149,0.009364,1,99.000000,1.480847,0,0,0,0,single,0,1
moving_020_r05_s10005,19.392,1.173582,-0.121307,0.009390,1,99.000000,1.479746,0,0,0,0,single,0,1
moving_020_r05_s10005,19.424,1.174305,-0.118447,0.009473,1,99.000000,1.478580,0,0,0,0,single,0,1
moving_020_r05_s10005,19.456,1.174997,-0.115586,0.009566,1,99.000000,1.477393,0,0,0,0,single,0,1
moving_020_r05_s10005,19.488,1.175688,-0.112725,0.009640,1,99.000000,1.476211,0,0,0,0,single,0,1
moving_020_r05_s10005,19.520,1.176360,-0.109861,0.009713,1,99.000000,1.475017,0,0,0,0,single,0,1
moving_020_r05_s10005,19.552,1.177010,-0.106994,0.009790,1,99.000000,1.473808,0,0,0,0,single,0,1
moving_020_r05_s10005,19.584,1.177643,-0.104126,0.009862,1,99.000000,1.472590,0,0,0,0,single,0,1
moving_020_r05_s10005,19.616,1.178266,-0.101255,0.009927,1,99.000000,1.471367,0,0,0,0,single,0,1
moving_020_r05_s10005,19.648,1.178875,-0.098379,0.009986,1,99.000000,1.470135,0,0,0,0,single,0,1
moving_020_r05_s10005,19.680,1.179452,-0.095498,0.010058,1,99.000000,1.468879,0,0,0,0,single,0,1
moving_020_r05_s10005,19.712,1.180003,-0.092611,0.010137,1,99.000000,1.467603,0,0,0,0,single,0,1
moving_020_r05_s10005,19.744,1.180529,-0.089720,0.010222,1,99.000000,1.466309,0,0,0,0,single,0,1
moving_020_r05_s10005,19.776,1.181032,-0.086824,0.010310,1,99.000000,1.464999,0,0,0,0,single,0,1
moving_020_r05_s10005,19.808,1.181512,-0.083925,0.010403,1,99.000000,1.463672,0,0,0,0,single,0,1
moving_020_r05_s10005,19.840,1.181975,-0.081023,0.010493,1,99.000000,1.462335,0,0,0,0,single,0,1
moving_020_r05_s10005,19.872,1.182422,-0.078118,0.010579,1,99.000000,1.460988,0,0,0,0,single,0,1
moving_020_r05_s10005,19.904,1.182854,-0.075211,0.010660,1,99.000000,1.459633,0,0,0,0,single,0,1
moving_020_r05_s10005,19.936,1.183277,-0.072302,0.010732,1,99.000000,1.458274,0,0,0,0,single,0,1
moving_020_r05_s10005,19.968,1.183695,-0.069389,0.010789,1,99.000000,1.456913,0,0,0,0,single,0,1
moving_020_r05_s10005,20.000,1.184111,-0.066476,0.010828,1,99.000000,1.455555,0,0,0,0,single,0,1
moving_020_r05_s10005,20.032,1.184530,-0.063562,0.010846,1,99.000000,1.454203,0,0,0,0,single,0,1
moving_020_r05_s10005,20.064,1.184954,-0.060649,0.010838,1,99.000000,1.452861,0,0,0,0,single,0,1
moving_020_r05_s10005,20.096,1.185389,-0.057737,0.010799,1,99.000000,1.451534,0,0,0,0,single,0,1
moving_020_r05_s10005,20.128,1.185841,-0.054829,0.010724,1,99.000000,1.450227,0,0,0,0,single,0,1
moving_020_r05_s10005,20.160,1.186246,-0.051911,0.010676,1,99.000000,1.448881,0,0,0,0,single,0,1
moving_020_r05_s10005,20.192,1.186548,-0.048976,0.010713,1,99.000000,1.447445,0,0,0,0,single,0,1
moving_020_r05_s10005,20.224,1.186770,-0.046031,0.010812,1,99.000000,1.445942,0,0,0,0,single,0,1
moving_020_r05_s10005,20.256,1.186909,-0.043082,0.010972,1,99.000000,1.444374,0,0,0,0,single,0,1
moving_020_r05_s10005,20.288,1.186993,-0.040131,0.011168,1,99.000000,1.442764,0,0,0,0,single,0,1
moving_020_r05_s10005,20.320,1.186998,-0.037180,0.011423,1,99.000000,1.441092,0,0,0,0,single,0,1
moving_020_r05_s10005,20.352,1.186934,-0.034232,0.011727,1,99.000000,1.439370,0,0,0,0,single,0,1
moving_020_r05_s10005,20.384,1.186816,-0.031289,0.012064,1,99.000000,1.437610,0,0,0,0,single,0,1
moving_020_r05_s10005,20.416,1.186658,-0.028349,0.012423,1,99.000000,1.435822,0,0,0,0,single,0,1
moving_020_r05_s10005,20.448,1.186466,-0.025414,0.012795,1,99.000000,1.434013,0,0,0,0,single,0,1
moving_020_r05_s10005,20.480,1.186254,-0.022481,0.013167,1,99.000000,1.432192,0,0,0,0,single,0,1
moving_020_r05_s10005,20.512,1.186019,-0.019550,0.013543,1,99.000000,1.430357,0,0,0,0,single,0,1
moving_020_r05_s10005,20.544,1.185761,-0.016621,0.013922,1,99.000000,1.428507,0,0,0,0,single,0,1
moving_020_r05_s10005,20.576,1.185487,-0.013693,0.014298,1,99.000000,1.426649,0,0,0,0,single,0,1
moving_020_r05_s10005,20.608,1.185201,-0.010766,0.014666,1,99.000000,1.424785,0,0,0,0,single,0,1
moving_020_r05_s10005,20.640,1.184902,-0.007840,0.015028,1,99.000000,1.422914,0,0,0,0,single,0,1
moving_020_r05_s10005,20.672,1.184593,-0.004914,0.015380,1,99.000000,1.421038,0,0,0,0,single,0,1
moving_020_r05_s10005,20.704,1.184273,-0.001989,0.015722,1,99.000000,1.419158,0,0,0,0,single,0,1
moving_020_r05_s10005,20.736,1.183943,0.000935,0.016056,1,99.000000,1.417273,0,0,0,0,single,0,1
moving_020_r05_s10005,20.768,1.183605,0.003859,0.016378,1,99.000000,1.415385,0,0,0,0,single,0,1
moving_020_r05_s10005,20.800,1.183232,0.006779,0.016715,1,99.000000,1.413473,0,0,0,0,single,0,1
moving_020_r05_s10005,20.832,1.182835,0.009698,0.017057,1,99.000000,1.411546,0,0,0,0,single,0,1
moving_020_r05_s10005,20.864,1.182351,0.012608,0.017466,1,99.000000,1.409554,0,0,0,0,single,0,1
moving_020_r05_s10005,20.896,1.181792,0.015506,0.017930,1,99.000000,1.407510,0,0,0,0,single,0,1
moving_020_r05_s10005,20.928,1.181168,0.018390,0.018440,1,99.000000,1.405421,0,0,0,0,single,0,1
moving_020_r05_s10005,20.960,1.180480,0.021258,0.018995,1,99.000000,1.403290,0,0,0,0,single,0,1
moving_020_r05_s10005,20.992,1.179740,0.024116,0.019584,1,99.000000,1.401124,0,0,0,0,single,0,1
moving_020_r05_s10005,21.024,1.178937,0.026900,0.020221,1,99.000000,1.398946,0,0,0,0,single,0,1
moving_020_r05_s10005,21.056,1.178130,0.029487,0.020856,1,99.000000,1.396875,0,0,0,0,single,0,1
moving_020_r05_s10005,21.088,1.177542,0.031053,0.021331,1,99.000000,1.395539,0,0,0,0,single,0,1
moving_020_r05_s10005,21.120,1.177126,0.032033,0.021674,1,99.000000,1.394661,0,0,0,0,single,0,1
moving_020_r05_s10005,21.152,1.176752,0.032971,0.021977,1,99.000000,1.393842,0,0,0,0,single,0,1
moving_020_r05_s10005,21.184,1.176383,0.033950,0.022267,1,99.000000,1.393007,0,0,0,0,single,0,1
moving_020_r05_s10005,21.216,1.175527,0.036340,0.022924,1,99.000000,1.391005,0,0,0,0,single,0,1
moving_020_r05_s10005,21.248,1.174574,0.038871,0.023650,1,99.000000,1.388847,0,0,0,0,single,0,1
moving_020_r05_s10005,21.280,1.173481,0.041388,0.024502,1,99.000000,1.386580,0,0,0,0,single,0,1
moving_020_r05_s10005,21.312,1.172220,0.043943,0.025499,1,99.000000,1.384153,0,0,0,0,single,0,1
moving_020_r05_s10005,21.344,1.170813,0.046514,0.026625,1,99.000000,1.381595,0,0,0,0,single,0,1
moving_020_r05_s10005,21.376,1.169543,0.048737,0.027635,1,99.000000,1.379339,0,0,0,0,single,0,1
moving_020_r05_s10005,21.408,1.168257,0.051006,0.028644,1,99.000000,1.377047,0,0,0,0,single,0,1
moving_020_r05_s10005,21.440,1.166834,0.053536,0.029742,1,99.000000,1.374500,0,0,0,0,single,0,1
moving_020_r05_s10005,21.472,1.165384,0.056085,0.030847,1,99.000000,1.371923,0,0,0,0,single,0,1
moving_020_r05_s10005,21.504,1.163917,0.058627,0.031951,1,99.000000,1.369337,0,0,0,0,single,0,1
moving_020_r05_s10005,21.536,1.162438,0.061163,0.033052,1,99.000000,1.366744,0,0,0,0,single,0,1
moving_020_r05_s10005,21.568,1.160947,0.063695,0.034146,1,99.000000,1.364145,0,0,0,0,single,0,1
moving_020_r05_s10005,21.600,1.159447,0.066223,0.035232,1,99.000000,1.361542,0,0,0,0,single,0,1
moving_020_r05_s10005,21.632,1.157944,0.068750,0.036304,1,99.000000,1.358937,0,0,0,0,single,0,1
moving_020_r05_s10005,21.664,1.156438,0.071276,0.037360,1,99.000000,1.356332,0,0,0,0,single,0,1
moving_020_r05_s10005,21.696,1.154927,0.073801,0.038403,1,99.000000,1.353726,0,0,0,0,single,0,1
moving_020_r05_s10005,21.728,1.153414,0.076324,0.039429,1,99.000000,1.351119,0,0,0,0,single,0,1
moving_020_r05_s10005,21.760,1.151899,0.078847,0.040439,1,99.000000,1.348513,0,0,0,0,single,0,1
moving_020_r05_s10005,21.792,1.150385,0.081370,0.041430,1,99.000000,1.345909,0,0,0,0,single,0,1
moving_020_r05_s10005,21.824,1.148871,0.083894,0.042402,1,99.000000,1.343305,0,0,0,0,single,0,1
moving_020_r05_s10005,21.856,1.147356,0.086418,0.043355,1,99.000000,1.340702,0,0,0,0,single,0,1
moving_020_r05_s10005,21.888,1.145841,0.088942,0.044290,1,99.000000,1.338100,0,0,0,0,single,0,1
moving_020_r05_s10005,21.920,1.144325,0.091466,0.045206,1,99.000000,1.335499,0,0,0,0,single,0,1
moving_020_r05_s10005,21.952,1.142808,0.093990,0.046103,1,99.000000,1.332899,0,0,0,0,single,0,1
moving_020_r05_s10005,21.984,1.141296,0.096515,0.046977,1,99.000000,1.330304,0,0,0,0,single,0,1
moving_020_r05_s10005,22.016,1.139788,0.099043,0.047826,1,99.000000,1.327712,0,0,0,0,single,0,1
moving_020_r05_s10005,22.048,1.138286,0.101575,0.048648,1,99.000000,1.325125,0,0,0,0,single,0,1
moving_020_r05_s10005,22.080,1.136794,0.104113,0.049439,1,99.000000,1.322544,0,0,0,0,single,0,1
moving_020_r05_s10005,22.112,1.135317,0.106660,0.050194,1,99.000000,1.319974,0,0,0,0,single,0,1
moving_020_r05_s10005,22.144,1.133857,0.109217,0.050908,1,99.000000,1.317414,0,0,0,0,single,0,1
moving_020_r05_s10005,22.176,1.132413,0.111783,0.051584,1,99.000000,1.314866,0,0,0,0,single,0,1
moving_020_r05_s10005,22.208,1.130985,0.114359,0.052222,1,99.000000,1.312328,0,0,0,0,single,0,1
moving_020_r05_s10005,22.240,1.129576,0.116944,0.052818,1,99.000000,1.309803,0,0,0,0,single,0,1
moving_020_r05_s10005,22.272,1.128186,0.119540,0.053371,1,99.000000,1.307291,0,0,0,0,single,0,1
moving_020_r05_s10005,22.304,1.126815,0.122146,0.053882,1,99.000000,1.304793,0,0,0,0,single,0,1
moving_020_r05_s10005,22.336,1.125463,0.124762,0.054351,1,99.000000,1.302307,0,0,0,0,single,0,1
moving_020_r05_s10005,22.368,1.124131,0.127388,0.054777,1,99.000000,1.299836,0,0,0,0,single,0,1
moving_020_r05_s10005,22.400,1.122817,0.130022,0.055161,1,99.000000,1.297378,0,0,0,0,single,0,1
moving_020_r05_s10005,22.432,1.121520,0.132665,0.055504,1,99.000000,1.294932,0,0,0,0,single,0,1
moving_020_r05_s10005,22.464,1.120240,0.135316,0.055807,1,99.000000,1.292500,0,0,0,0,single,0,1
moving_020_r05_s10005,22.496,1.118978,0.137976,0.056069,1,99.000000,1.290080,0,0,0,0,single,0,1
moving_020_r05_s10005,22.528,1.117733,0.140643,0.056289,1,99.000000,1.287674,0,0,0,0,single,0,1
moving_020_r05_s10005,22.560,1.116504,0.143318,0.056471,1,99.000000,1.285280,0,0,0,0,single,0,1
moving_020_r05_s10005,22.592,1.115290,0.145999,0.056614,1,99.000000,1.282899,0,0,0,0,single,0,1
moving_020_r05_s10005,22.624,1.114093,0.148688,0.056717,1,99.000000,1.280530,0,0,0,0,single,0,1
moving_020_r05_s10005,22.656,1.112909,0.151383,0.056783,1,99.000000,1.278173,0,0,0,0,single,0,1
moving_020_r05_s10005,22.688,1.111740,0.154084,0.056811,1,99.000000,1.275828,0,0,0,0,single,0,1
moving_020_r05_s10005,22.720,1.110586,0.156792,0.056801,1,99.000000,1.273495,0,0,0,0,single,0,1
moving_020_r05_s10005,22.752,1.109446,0.159506,0.056753,1,99.000000,1.271174,0,0,0,0,single,0,1
moving_020_r05_s10005,22.784,1.108319,0.162224,0.056669,1,99.000000,1.268864,0,0,0,0,single,0,1
moving_020_r05_s10005,22.816,1.107202,0.164948,0.056552,1,99.000000,1.266565,0,0,0,0,single,0,1
moving_020_r05_s10005,22.848,1.106095,0.167675,0.056403,1,99.000000,1.264274,0,0,0,0,single,0,1
moving_020_r05_s10005,22.880,1.104994,0.170404,0.056226,1,99.000000,1.261990,0,0,0,0,single,0,1
moving_020_r05_s10005,22.912,1.103895,0.173134,0.056024,1,99.000000,1.259710,0,0,0,0,single,0,1
moving_020_r05_s10005,22.944,1.102799,0.175866,0.055797,1,99.000000,1.257435,0,0,0,0,single,0,1
moving_020_r05_s10005,22.976,1.101704,0.178598,0.055547,1,99.000000,1.255164,0,0,0,0,single,0,1
moving_020_r05_s10005,23.008,1.100608,0.181330,0.055277,1,99.000000,1.252894,0,0,0,0,single,0,1
moving_020_r05_s10005,23.040,1.099510,0.184062,0.054987,1,99.000000,1.250625,0,0,0,0,single,0,1
moving_020_r05_s10005,23.072,1.098410,0.186793,0.054676,1,99.000000,1.248359,0,0,0,0,single,0,1
moving_020_r05_s10005,23.104,1.097310,0.189523,0.054344,1,99.000000,1.246095,0,0,0,0,single,0,1
moving_020_r05_s10005,23.136,1.096209,0.192254,0.053992,1,99.000000,1.243833,0,0,0,0,single,0,1
moving_020_r05_s10005,23.168,1.095103,0.194982,0.053624,1,99.000000,1.241570,0,0,0,0,single,0,1
moving_020_r05_s10005,23.200,1.093993,0.197709,0.053238,1,99.000000,1.239308,0,0,0,0,single,0,1
moving_020_r05_s10005,23.232,1.092877,0.200433,0.052837,1,99.000000,1.237044,0,0,0,0,single,0,1
moving_020_r05_s10005,23.264,1.091753,0.203154,0.052424,1,99.000000,1.234778,0,0,0,0,single,0,1
moving_020_r05_s10005,23.296,1.090620,0.205872,0.051998,1,99.000000,1.232508,0,0,0,0,single,0,1
moving_020_r05_s10005,23.328,1.089479,0.208586,0.051561,1,99.000000,1.230235,0,0,0,0,single,0,1
moving_020_r05_s10005,23.360,1.088324,0.211294,0.051116,1,99.000000,1.227956,0,0,0,0,single,0,1
moving_020_r05_s10005,23.392,1.087158,0.213997,0.050663,1,99.000000,1.225672,0,0,0,0,single,0,1
moving_020_r05_s10005,23.424,1.085980,0.216696,0.050200,1,99.000000,1.223382,0,0,0,0,single,0,1
moving_020_r05_s10005,23.456,1.084787,0.219388,0.049734,1,99.000000,1.221085,0,0,0,0,single,0,1
moving_020_r05_s10005,23.488,1.083579,0.222073,0.049262,1,99.000000,1.218780,0,0,0,0,single,0,1
moving_020_r05_s10005,23.520,1.082354,0.224750,0.048787,1,99.000000,1.216467,0,0,0,0,single,0,1
moving_020_r05_s10005,23.552,1.081113,0.227420,0.048308,1,99.000000,1.214146,0,0,0,0,single,0,1
moving_020_r05_s10005,23.584,1.079861,0.230085,0.047821,1,99.000000,1.211820,0,0,0,0,single,0,1
moving_020_r05_s10005,23.616,1.078595,0.232743,0.047329,1,99.000000,1.209486,0,0,0,0,single,0,1
moving_020_r05_s10005,23.648,1.077312,0.235393,0.046834,1,99.000000,1.207144,0,0,0,0,single,0,1
moving_020_r05_s10005,23.680,1.076012,0.238035,0.046336,1,99.000000,1.204794,0,0,0,0,single,0,1
moving_020_r05_s10005,23.712,1.074699,0.240670,0.045833,1,99.000000,1.202437,0,0,0,0,single,0,1
moving_020_r05_s10005,23.744,1.073372,0.243299,0.045323,1,99.000000,1.200073,0,0,0,0,single,0,1
moving_020_r05_s10005,23.776,1.072003,0.245908,0.044838,1,99.000000,1.197683,0,0,0,0,single,0,1
moving_020_r05_s10005,23.808,1.070591,0.248495,0.044379,1,99.000000,1.195267,0,0,0,0,single,0,1
moving_020_r05_s10005,23.840,1.069132,0.251058,0.043951,1,99.000000,1.192822,0,0,0,0,single,0,1
moving_020_r05_s10005,23.872,1.067624,0.253591,0.043560,1,99.000000,1.190347,0,0,0,0,single,0,1
moving_020_r05_s10005,23.904,1.066065,0.256095,0.043206,1,99.000000,1.187843,0,0,0,0,single,0,1
moving_020_r05_s10005,23.936,1.064456,0.258566,0.042889,1,99.000000,1.185310,0,0,0,0,single,0,1
moving_020_r05_s10005,23.968,1.062798,0.261004,0.042611,1,99.000000,1.182750,0,0,0,0,single,0,1
moving_020_r05_s10005,24.000,1.061091,0.263408,0.042371,1,99.000000,1.180162,0,0,0,0,single,0,1
moving_020_r05_s10005,24.032,1.059339,0.265777,0.042167,1,99.000000,1.177550,0,0,0,0,single,0,1
moving_020_r05_s10005,24.064,1.057546,0.268114,0.041994,1,99.000000,1.174917,0,0,0,0,single,0,1
moving_020_r05_s10005,24.096,1.055719,0.270405,0.041854,1,99.000000,1.172276,0,0,0,0,single,0,1
moving_020_r05_s10005,24.128,1.053866,0.272649,0.041746,1,99.000000,1.169632,0,0,0,0,single,0,1
moving_020_r05_s10005,24.160,1.051975,0.274858,0.041667,1,99.000000,1.166970,0,0,0,0,single,0,1
moving_020_r05_s10005,24.192,1.050032,0.277055,0.041615,1,99.000000,1.164269,0,0,0,0,single,0,1
moving_020_r05_s10005,24.224,1.048054,0.279231,0.041581,1,99.000000,1.161545,0,0,0,0,single,0,1
moving_020_r05_s10005,24.256,1.046049,0.281383,0.041562,1,99.000000,1.158809,0,0,0,0,single,0,1
moving_020_r05_s10005,24.288,1.044021,0.283512,0.041555,1,99.000000,1.156063,0,0,0,0,single,0,1
moving_020_r05_s10005,24.320,1.041978,0.285625,0.041548,1,99.000000,1.153311,0,0,0,0,single,0,1
moving_020_r05_s10005,24.352,1.039923,0.287727,0.041537,1,99.000000,1.150553,0,0,0,0,single,0,1
moving_020_r05_s10005,24.384,1.037856,0.289818,0.041521,1,99.000000,1.147791,0,0,0,0,single,0,1
moving_020_r05_s10005,24.416,1.035775,0.291895,0.041503,1,99.000000,1.145022,0,0,0,0,single,0,1
moving_020_r05_s10005,24.448,1.033683,0.293962,0.041479,1,99.000000,1.142249,0,0,0,0,single,0,1
moving_020_r05_s10005,24.480,1.031582,0.296021,0.041446,1,99.000000,1.139472,0,0,0,0,single,0,1
moving_020_r05_s10005,24.512,1.029465,0.298065,0.041413,1,99.000000,1.136688,0,0,0,0,single,0,1
moving_020_r05_s10005,24.544,1.027326,0.300087,0.041390,1,99.000000,1.133894,0,0,0,0,single,0,1
moving_020_r05_s10005,24.576,1.025167,0.302088,0.041375,1,99.000000,1.131092,0,0,0,0,single,0,1
moving_020_r05_s10005,24.608,1.022988,0.304067,0.041369,1,99.000000,1.128280,0,0,0,0,single,0,1
moving_020_r05_s10005,24.640,1.020787,0.306023,0.041374,1,99.000000,1.125460,0,0,0,0,single,0,1
moving_020_r05_s10005,24.672,1.018563,0.307954,0.041390,1,99.000000,1.122630,0,0,0,0,single,0,1
moving_020_r05_s10005,24.704,1.016319,0.309860,0.041419,1,99.000000,1.119793,0,0,0,0,single,0,1
moving_020_r05_s10005,24.736,1.014053,0.311741,0.041459,1,99.000000,1.116947,0,0,0,0,single,0,1
moving_020_r05_s10005,24.768,1.011766,0.313596,0.041510,1,99.000000,1.114093,0,0,0,0,single,0,1
moving_020_r05_s10005,24.800,1.009462,0.315428,0.041570,1,99.000000,1.111233,0,0,0,0,single,0,1
moving_020_r05_s10005,24.832,1.007141,0.317240,0.041634,1,99.000000,1.108368,0,0,0,0,single,0,1
moving_020_r05_s10005,24.864,1.004804,0.319030,0.041705,1,99.000000,1.105498,0,0,0,0,single,0,1
moving_020_r05_s10005,24.896,1.002452,0.320800,0.041778,1,99.000000,1.102622,0,0,0,0,single,0,1
moving_020_r05_s10005,24.928,1.000086,0.322550,0.041856,1,99.000000,1.099742,0,0,0,0,single,0,1
moving_020_r05_s10005,24.960,0.997706,0.324282,0.041935,1,99.000000,1.096858,0,0,0,0,single,0,1
moving_020_r05_s10005,24.992,0.995314,0.325996,0.042014,1,99.000000,1.093970,0,0,0,0,single,0,1
moving_020_r05_s10005,25.024,0.992911,0.327695,0.042091,1,99.000000,1.091078,0,0,0,0,single,0,1
moving_020_r05_s10005,25.056,0.990499,0.329381,0.042162,1,99.000000,1.088185,0,0,0,0,single,0,1
moving_020_r05_s10005,25.088,0.988076,0.331052,0.042231,1,99.000000,1.085288,0,0,0,0,single,0,1
moving_020_r05_s10005,25.120,0.985646,0.332711,0.042292,1,99.000000,1.082389,0,0,0,0,single,0,1
moving_020_r05_s10005,25.152,0.983215,0.334369,0.042333,1,99.000000,1.079490,0,0,0,0,single,0,1
moving_020_r05_s10005,25.184,0.980778,0.336018,0.042364,1,99.000000,1.076590,0,0,0,0,single,0,1
moving_020_r05_s10005,25.216,0.978336,0.337661,0.042382,1,99.000000,1.073688,0,0,0,0,single,0,1
moving_020_r05_s10005,25.248,0.975888,0.339295,0.042389,1,99.000000,1.070784,0,0,0,0,single,0,1
moving_020_r05_s10005,25.280,0.973430,0.340915,0.042393,1,99.000000,1.067877,0,0,0,0,single,0,1
moving_020_r05_s10005,25.312,0.970960,0.342517,0.042396,1,99.000000,1.064967,0,0,0,0,single,0,1
moving_020_r05_s10005,25.344,0.968480,0.344103,0.042397,1,99.000000,1.062054,0,0,0,0,single,0,1
moving_020_r05_s10005,25.376,0.965988,0.345671,0.042398,1,99.000000,1.059138,0,0,0,0,single,0,1
moving_020_r05_s10005,25.408,0.963483,0.347219,0.042402,1,99.000000,1.056219,0,0,0,0,single,0,1
moving_020_r05_s10005,25.440,0.960967,0.348748,0.042407,1,99.000000,1.053297,0,0,0,0,single,0,1
moving_020_r05_s10005,25.472,0.958437,0.350255,0.042416,1,99.000000,1.050373,0,0,0,0,single,0,1
moving_020_r05_s10005,25.504,0.955896,0.351742,0.042427,1,99.000000,1.047445,0,0,0,0,single,0,1
moving_020_r05_s10005,25.536,0.953342,0.353208,0.042441,1,99.000000,1.044516,0,0,0,0,single,0,1
moving_020_r05_s10005,25.568,0.950777,0.354653,0.042458,1,99.000000,1.041584,0,0,0,0,single,0,1
moving_020_r05_s10005,25.600,0.948200,0.356077,0.042478,1,99.000000,1.038650,0,0,0,0,single,0,1
moving_020_r05_s10005,25.632,0.945611,0.357480,0.042501,1,99.000000,1.035714,0,0,0,0,single,0,1
moving_020_r05_s10005,25.664,0.943012,0.358861,0.042526,1,99.000000,1.032777,0,0,0,0,single,0,1
moving_020_r05_s10005,25.696,0.940402,0.360224,0.042552,1,99.000000,1.029839,0,0,0,0,single,0,1
moving_020_r05_s10005,25.728,0.937782,0.361566,0.042578,1,99.000000,1.026899,0,0,0,0,single,0,1
moving_020_r05_s10005,25.760,0.935153,0.362889,0.042606,1,99.000000,1.023959,0,0,0,0,single,0,1
moving_020_r05_s10005,25.792,0.932515,0.364194,0.042631,1,99.000000,1.021018,0,0,0,0,single,0,1
moving_020_r05_s10005,25.824,0.929868,0.365483,0.042654,1,99.000000,1.018076,0,0,0,0,single,0,1
moving_020_r05_s10005,25.856,0.927213,0.366754,0.042676,1,99.000000,1.015134,0,0,0,0,single,0,1
moving_020_r05_s10005,25.888,0.924551,0.368009,0.042693,1,99.000000,1.012191,0,0,0,0,single,0,1
moving_020_r05_s10005,25.920,0.921891,0.369267,0.042686,1,99.000000,1.009249,0,0,0,0,single,0,1
moving_020_r05_s10005,25.952,0.919223,0.370510,0.042675,1,99.000000,1.006307,0,0,0,0,single,0,1
moving_020_r05_s10005,25.984,0.916552,0.371744,0.042651,1,99.000000,1.003364,0,0,0,0,single,0,1
moving_020_r05_s10005,26.016,0.913876,0.372970,0.042616,1,99.000000,1.000421,0,0,0,0,single,0,1
moving_020_r05_s10005,26.048,0.911193,0.374181,0.042575,1,99.000000,0.997478,0,0,0,0,single,0,1
moving_020_r05_s10005,26.080,0.908502,0.375374,0.042534,1,99.000000,0.994534,0,0,0,0,single,0,1
moving_020_r05_s10005,26.112,0.905801,0.376546,0.042494,1,99.000000,0.991590,0,0,0,0,single,0,1
moving_020_r05_s10005,26.144,0.903091,0.377698,0.042456,1,99.000000,0.988646,0,0,0,0,single,0,1
moving_020_r05_s10005,26.176,0.900371,0.378825,0.042421,1,99.000000,0.985703,0,0,0,0,single,0,1
moving_020_r05_s10005,26.208,0.897642,0.379931,0.042391,1,99.000000,0.982760,0,0,0,0,single,0,1
moving_020_r05_s10005,26.240,0.894903,0.381011,0.042365,1,99.000000,0.979818,0,0,0,0,single,0,1
moving_020_r05_s10005,26.272,0.892153,0.382065,0.042347,1,99.000000,0.976878,0,0,0,0,single,0,1
moving_020_r05_s10005,26.304,0.889394,0.383092,0.042336,1,99.000000,0.973939,0,0,0,0,single,0,1
moving_020_r05_s10005,26.336,0.886625,0.384094,0.042330,1,99.000000,0.971002,0,0,0,0,single,0,1
moving_020_r05_s10005,26.368,0.883847,0.385070,0.042332,1,99.000000,0.968068,0,0,0,0,single,0,1
moving_020_r05_s10005,26.400,0.881060,0.386019,0.042339,1,99.000000,0.965136,0,0,0,0,single,0,1
moving_020_r05_s10005,26.432,0.878265,0.386943,0.042352,1,99.000000,0.962207,0,0,0,0,single,0,1
moving_020_r05_s10005,26.464,0.875462,0.387841,0.042372,1,99.000000,0.959282,0,0,0,0,single,0,1
moving_020_r05_s10005,26.496,0.872651,0.388714,0.042395,1,99.000000,0.956360,0,0,0,0,single,0,1
moving_020_r05_s10005,26.528,0.869833,0.389564,0.042422,1,99.000000,0.953441,0,0,0,0,single,0,1
moving_020_r05_s10005,26.560,0.867009,0.390391,0.042451,1,99.000000,0.950526,0,0,0,0,single,0,1
moving_020_r05_s10005,26.592,0.864179,0.391197,0.042480,1,99.000000,0.947615,0,0,0,0,single,0,1
moving_020_r05_s10005,26.624,0.861344,0.391982,0.042510,1,99.000000,0.944707,0,0,0,0,single,0,1
moving_020_r05_s10005,26.656,0.858503,0.392751,0.042537,1,99.000000,0.941801,0,0,0,0,single,0,1
moving_020_r05_s10005,26.688,0.855664,0.393523,0.042539,1,99.000000,0.938896,0,0,0,0,single,0,1
moving_020_r05_s10005,26.720,0.852821,0.394278,0.042536,1,99.000000,0.935994,0,0,0,0,single,0,1
moving_020_r05_s10005,26.752,0.849975,0.395022,0.042523,1,99.000000,0.933094,0,0,0,0,single,0,1
moving_020_r05_s10005,26.784,0.847126,0.395757,0.042499,1,99.000000,0.930196,0,0,0,0,single,0,1
moving_020_r05_s10005,26.816,0.844273,0.396478,0.042468,1,99.000000,0.927300,0,0,0,0,single,0,1
moving_020_r05_s10005,26.848,0.841414,0.397178,0.042437,1,99.000000,0.924408,0,0,0,0,single,0,1
moving_020_r05_s10005,26.880,0.838550,0.397858,0.042407,1,99.000000,0.921520,0,0,0,0,single,0,1
moving_020_r05_s10005,26.912,0.835681,0.398514,0.042379,1,99.000000,0.918637,0,0,0,0,single,0,1
moving_020_r05_s10005,26.944,0.832806,0.399148,0.042353,1,99.000000,0.915759,0,0,0,0,single,0,1
moving_020_r05_s10005,26.976,0.829925,0.399757,0.042331,1,99.000000,0.912886,0,0,0,0,single,0,1
moving_020_r05_s10005,27.008,0.827039,0.400340,0.042315,1,99.000000,0.910019,0,0,0,0,single,0,1
moving_020_r05_s10005,27.040,0.824148,0.400898,0.042303,1,99.000000,0.907160,0,0,0,0,single,0,1
moving_020_r05_s10005,27.072,0.821252,0.401427,0.042299,1,99.000000,0.904307,0,0,0,0,single,0,1
moving_020_r05_s10005,27.104,0.818350,0.401929,0.042301,1,99.000000,0.901463,0,0,0,0,single,0,1
moving_020_r05_s10005,27.136,0.815445,0.402404,0.042309,1,99.000000,0.898626,0,0,0,0,single,0,1
moving_020_r05_s10005,27.168,0.812536,0.402851,0.042324,1,99.000000,0.895799,0,0,0,0,single,0,1
moving_020_r05_s10005,27.200,0.809623,0.403274,0.042342,1,99.000000,0.892979,0,0,0,0,single,0,1
moving_020_r05_s10005,27.232,0.806707,0.403671,0.042365,1,99.000000,0.890168,0,0,0,0,single,0,1
moving_020_r05_s10005,27.264,0.803788,0.404044,0.042392,1,99.000000,0.887366,0,0,0,0,single,0,1
moving_020_r05_s10005,27.296,0.800868,0.404393,0.042420,1,99.000000,0.884573,0,0,0,0,single,0,1
moving_020_r05_s10005,27.328,0.797945,0.404723,0.042447,1,99.000000,0.881787,0,0,0,0,single,0,1
moving_020_r05_s10005,27.360,0.795020,0.405033,0.042473,1,99.000000,0.879009,0,0,0,0,single,0,1
moving_020_r05_s10005,27.392,0.792094,0.405325,0.042495,1,99.000000,0.876239,0,0,0,0,single,0,1
moving_020_r05_s10005,27.424,0.789167,0.405600,0.042513,1,99.000000,0.873475,0,0,0,0,single,0,1
moving_020_r05_s10005,27.456,0.786238,0.405861,0.042525,1,99.000000,0.870718,0,0,0,0,single,0,1
moving_020_r05_s10005,27.488,0.783304,0.406106,0.042530,1,99.000000,0.867964,0,0,0,0,single,0,1
moving_020_r05_s10005,27.520,0.780369,0.406329,0.042537,1,99.000000,0.865220,0,0,0,0,single,0,1
moving_020_r05_s10005,27.552,0.777434,0.406561,0.042515,1,99.000000,0.862474,0,0,0,0,single,0,1
moving_020_r05_s10005,27.584,0.774498,0.406776,0.042487,1,99.000000,0.859734,0,0,0,0,single,0,1
moving_020_r05_s10005,27.616,0.771559,0.406960,0.042469,1,99.000000,0.857008,0,0,0,0,single,0,1
moving_020_r05_s10005,27.648,0.768619,0.407118,0.042456,1,99.000000,0.854293,0,0,0,0,single,0,1
moving_020_r05_s10005,27.680,0.765677,0.407250,0.042449,1,99.000000,0.851589,0,0,0,0,single,0,1
moving_020_r05_s10005,27.712,0.762734,0.407355,0.042446,1,99.000000,0.848898,0,0,0,0,single,0,1
moving_020_r05_s10005,27.744,0.759791,0.407436,0.042446,1,99.000000,0.846218,0,0,0,0,single,0,1
moving_020_r05_s10005,27.776,0.756847,0.407494,0.042449,1,99.000000,0.843551,0,0,0,0,single,0,1
moving_020_r05_s10005,27.808,0.753903,0.407529,0.042452,1,99.000000,0.840895,0,0,0,0,single,0,1
moving_020_r05_s10005,27.840,0.750958,0.407542,0.042457,1,99.000000,0.838250,0,0,0,0,single,0,1
moving_020_r05_s10005,27.872,0.748014,0.407536,0.042464,1,99.000000,0.835616,0,0,0,0,single,0,1
moving_020_r05_s10005,27.904,0.745070,0.407508,0.042492,1,99.000000,0.832994,0,0,0,0,single,0,1
moving_020_r05_s10005,27.936,0.742126,0.407463,0.042537,1,99.000000,0.830383,0,0,0,0,single,0,1
moving_020_r05_s10005,27.968,0.739183,0.407399,0.042601,1,99.000000,0.827782,0,0,0,0,single,0,1
moving_020_r05_s10005,28.000,0.736240,0.407318,0.042682,1,99.000000,0.825192,0,0,0,0,single,0,1
moving_020_r05_s10005,28.032,0.733298,0.407221,0.042779,1,99.000000,0.822612,0,0,0,0,single,0,1
moving_020_r05_s10005,28.064,0.730356,0.407109,0.042891,1,99.000000,0.820041,0,0,0,0,single,0,1
moving_020_r05_s10005,28.096,0.727415,0.406982,0.043018,1,99.000000,0.817481,0,0,0,0,single,0,1
moving_020_r05_s10005,28.128,0.724475,0.406842,0.043158,1,99.000000,0.814930,0,0,0,0,single,0,1
moving_020_r05_s10005,28.160,0.721535,0.406688,0.043312,1,99.000000,0.812388,0,0,0,0,single,0,1
moving_020_r05_s10005,28.192,0.718596,0.406521,0.043479,1,99.000000,0.809856,0,0,0,0,single,0,1
moving_020_r05_s10005,28.224,0.715657,0.406342,0.043658,1,99.000000,0.807333,0,0,0,0,single,0,1
moving_020_r05_s10005,28.256,0.712719,0.406151,0.043849,1,99.000000,0.804818,0,0,0,0,single,0,1
moving_020_r05_s10005,28.288,0.709783,0.405947,0.044053,1,99.000000,0.802313,0,0,0,0,single,0,1
moving_020_r05_s10005,28.320,0.706846,0.405734,0.044266,1,99.000000,0.799817,0,0,0,0,single,0,1
moving_020_r05_s10005,28.352,0.703911,0.405511,0.044489,1,99.000000,0.797328,0,0,0,0,single,0,1
moving_020_r05_s10005,28.384,0.700976,0.405277,0.044723,1,99.000000,0.794849,0,0,0,0,single,0,1
moving_020_r05_s10005,28.416,0.698042,0.405035,0.044965,1,99.000000,0.792377,0,0,0,0,single,0,1
moving_020_r05_s10005,28.448,0.695109,0.404784,0.045216,1,99.000000,0.789914,0,0,0,0,single,0,1
moving_020_r05_s10005,28.480,0.692176,0.404526,0.045474,1,99.000000,0.787457,0,0,0,0,single,0,1
moving_020_r05_s10005,28.512,0.689244,0.404264,0.045736,1,99.000000,0.785007,0,0,0,0,single,0,1
moving_020_r05_s10005,28.544,0.686312,0.403996,0.046004,1,99.000000,0.782562,0,0,0,0,single,0,1
moving_020_r05_s10005,28.576,0.683381,0.403723,0.046277,1,99.000000,0.780125,0,0,0,0,single,0,1
moving_020_r05_s10005,28.608,0.680450,0.403444,0.046556,1,99.000000,0.777693,0,0,0,0,single,0,1
moving_020_r05_s10005,28.640,0.677520,0.403160,0.046840,1,99.000000,0.775269,0,0,0,0,single,0,1
moving_020_r05_s10005,28.672,0.674591,0.402870,0.047130,1,99.000000,0.772851,0,0,0,0,single,0,1
moving_020_r05_s10005,28.704,0.671661,0.402577,0.047423,1,99.000000,0.770439,0,0,0,0,single,0,1
moving_020_r05_s10005,28.736,0.668732,0.402280,0.047720,1,99.000000,0.768033,0,0,0,0,single,0,1
moving_020_r05_s10005,28.768,0.665804,0.401979,0.048021,1,99.000000,0.765633,0,0,0,0,single,0,1
moving_020_r05_s10005,28.800,0.662875,0.401679,0.048321,1,99.000000,0.763237,0,0,0,0,single,0,1
moving_020_r05_s10005,28.832,0.659947,0.401378,0.048622,1,99.000000,0.760844,0,0,0,0,single,0,1
moving_020_r05_s10005,28.864,0.657018,0.401077,0.048923,1,99.000000,0.758456,0,0,0,0,single,0,1
moving_020_r05_s10005,28.896,0.654090,0.400775,0.049225,1,99.000000,0.756072,0,0,0,0,single,0,1
moving_020_r05_s10005,28.928,0.651161,0.400472,0.049528,1,99.000000,0.753692,0,0,0,0,single,0,1
moving_020_r05_s10005,28.960,0.648233,0.400169,0.049831,1,99.000000,0.751317,0,0,0,0,single,0,1
moving_020_r05_s10005,28.992,0.645305,0.399865,0.050135,1,99.000000,0.748946,0,0,0,0,single,0,1
moving_020_r05_s10005,29.024,0.642376,0.399561,0.050439,1,99.000000,0.746580,0,0,0,0,single,0,1
moving_020_r05_s10005,29.056,0.639448,0.399255,0.050745,1,99.000000,0.744218,0,0,0,0,single,0,1
moving_020_r05_s10005,29.088,0.636520,0.398949,0.051051,1,99.000000,0.741861,0,0,0,0,single,0,1
moving_020_r05_s10005,29.120,0.633592,0.398642,0.051358,1,99.000000,0.739509,0,0,0,0,single,0,1
moving_020_r05_s10005,29.152,0.630664,0.398339,0.051661,1,99.000000,0.737158,0,0,0,0,single,0,1
moving_020_r05_s10005,29.184,0.627735,0.398039,0.051961,1,99.000000,0.734810,0,0,0,0,single,0,1
moving_020_r05_s10005,29.216,0.624806,0.397741,0.052259,1,99.000000,0.732465,0,0,0,0,single,0,1
moving_020_r05_s10005,29.248,0.621877,0.397446,0.052554,1,99.000000,0.730122,0,0,0,0,single,0,1
moving_020_r05_s10005,29.280,0.618947,0.397156,0.052844,1,99.000000,0.727781,0,0,0,0,single,0,1
moving_020_r05_s10005,29.312,0.616017,0.396871,0.053129,1,99.000000,0.725441,0,0,0,0,single,0,1
moving_020_r05_s10005,29.344,0.613086,0.396592,0.053408,1,99.000000,0.723102,0,0,0,0,single,0,1
moving_020_r05_s10005,29.376,0.610155,0.396322,0.053678,1,99.000000,0.720762,0,0,0,0,single,0,1
moving_020_r05_s10005,29.408,0.607222,0.396059,0.053941,1,99.000000,0.718421,0,0,0,0,single,0,1
moving_020_r05_s10005,29.440,0.604289,0.395805,0.054195,1,99.000000,0.716081,0,0,0,0,single,0,1
moving_020_r05_s10005,29.472,0.601355,0.395560,0.054440,1,99.000000,0.713738,0,0,0,0,single,0,1
moving_020_r05_s10005,29.504,0.598421,0.395325,0.054675,1,99.000000,0.711395,0,0,0,0,single,0,1
moving_020_r05_s10005,29.536,0.595485,0.395099,0.054901,1,99.000000,0.709050,0,0,0,0,single,0,1
moving_020_r05_s10005,29.568,0.592549,0.394884,0.055116,1,99.000000,0.706702,0,0,0,0,single,0,1
moving_020_r05_s10005,29.600,0.589612,0.394681,0.055319,1,99.000000,0.704353,0,0,0,0,single,0,1
moving_020_r05_s10005,29.632,0.586674,0.394489,0.055511,1,99.000000,0.702001,0,0,0,0,single,0,1
moving_020_r05_s10005,29.664,0.583735,0.394310,0.055690,1,99.000000,0.699645,0,0,0,0,single,0,1
moving_020_r05_s10005,29.696,0.580796,0.394144,0.055856,1,99.000000,0.697287,0,0,0,0,single,0,1
moving_020_r05_s10005,29.728,0.577855,0.393990,0.056010,1,99.000000,0.694925,0,0,0,0,single,0,1
moving_020_r05_s10005,29.760,0.574915,0.393849,0.056151,1,99.000000,0.692560,0,0,0,0,single,0,1
moving_020_r05_s10005,29.792,0.571973,0.393720,0.056280,1,99.000000,0.690192,0,0,0,0,single,0,1
moving_020_r05_s10005,29.824,0.569031,0.393604,0.056396,1,99.000000,0.687822,0,0,0,0,single,0,1
moving_020_r05_s10005,29.856,0.566089,0.393503,0.056497,1,99.000000,0.685446,0,0,0,0,single,0,1
moving_020_r05_s10005,29.888,0.563146,0.393414,0.056586,1,99.000000,0.683069,0,0,0,0,single,0,1
moving_020_r05_s10005,29.920,0.560203,0.393337,0.056663,1,99.000000,0.680688,0,0,0,0,single,0,1
moving_020_r05_s10005,29.952,0.557260,0.393272,0.056728,1,99.000000,0.678304,0,0,0,0,single,0,1
moving_020_r05_s10005,29.984,0.554316,0.393220,0.056780,1,99.000000,0.675918,0,0,0,0,single,0,1
moving_020_r05_s10005,30.016,0.551372,0.393181,0.056819,1,99.000000,0.673529,0,0,0,0,single,0,1
moving_020_r05_s10005,30.048,0.548429,0.393153,0.056847,1,99.000000,0.671136,0,0,0,0,single,0,1
moving_020_r05_s10005,30.080,0.545484,0.393139,0.056861,1,99.000000,0.668741,0,0,0,0,single,0,1
moving_020_r05_s10005,30.112,0.542540,0.393136,0.056864,1,99.000000,0.666344,0,0,0,0,single,0,1
moving_020_r05_s10005,30.144,0.539596,0.393144,0.056856,1,99.000000,0.663944,0,0,0,0,single,0,1
moving_020_r05_s10005,30.176,0.536652,0.393162,0.056838,1,99.000000,0.661543,0,0,0,0,single,0,1
moving_020_r05_s10005,30.208,0.533709,0.393191,0.056809,1,99.000000,0.659140,0,0,0,0,single,0,1
moving_020_r05_s10005,30.240,0.530765,0.393231,0.056769,1,99.000000,0.656736,0,0,0,0,single,0,1
moving_020_r05_s10005,30.272,0.527821,0.393279,0.056721,1,99.000000,0.654331,0,0,0,0,single,0,1
moving_020_r05_s10005,30.304,0.524878,0.393336,0.056664,1,99.000000,0.651925,0,0,0,0,single,0,1
moving_020_r05_s10005,30.336,0.521935,0.393402,0.056598,1,99.000000,0.649518,0,0,0,0,single,0,1
moving_020_r05_s10005,30.368,0.518992,0.393477,0.056523,1,99.000000,0.647111,0,0,0,0,single,0,1
moving_020_r05_s10005,30.400,0.516049,0.393561,0.056439,1,99.000000,0.644703,0,0,0,0,single,0,1
moving_020_r05_s10005,30.432,0.513106,0.393651,0.056349,1,99.000000,0.642295,0,0,0,0,single,0,1
moving_020_r05_s10005,30.464,0.510164,0.393749,0.056251,1,99.000000,0.639888,0,0,0,0,single,0,1
moving_020_r05_s10005,30.496,0.507222,0.393852,0.056148,1,99.000000,0.637483,0,0,0,0,single,0,1
moving_020_r05_s10005,30.528,0.504280,0.393961,0.056039,1,99.000000,0.635078,0,0,0,0,single,0,1
moving_020_r05_s10005,30.560,0.501338,0.394075,0.055925,1,99.000000,0.632675,0,0,0,0,single,0,1
moving_020_r05_s10005,30.592,0.498396,0.394192,0.055808,1,99.000000,0.630275,0,0,0,0,single,0,1
moving_020_r05_s10005,30.624,0.495455,0.394314,0.055686,1,99.000000,0.627877,0,0,0,0,single,0,1
moving_020_r05_s10005,30.656,0.492514,0.394439,0.055561,1,99.000000,0.625481,0,0,0,0,single,0,1
moving_020_r05_s10005,30.688,0.489572,0.394568,0.055432,1,99.000000,0.623088,0,0,0,0,single,0,1
moving_020_r05_s10005,30.720,0.486632,0.394702,0.055298,1,99.000000,0.620697,0,0,0,0,single,0,1
moving_020_r05_s10005,30.752,0.483691,0.394839,0.055161,1,99.000000,0.618309,0,0,0,0,single,0,1
moving_020_r05_s10005,30.784,0.480750,0.394979,0.055021,1,99.000000,0.615924,0,0,0,0,single,0,1
moving_020_r05_s10005,30.816,0.477809,0.395120,0.054880,1,99.000000,0.613542,0,0,0,0,single,0,1
moving_020_r05_s10005,30.848,0.474869,0.395264,0.054736,1,99.000000,0.611165,0,0,0,0,single,0,1
moving_020_r05_s10005,30.880,0.471929,0.395411,0.054589,1,99.000000,0.608790,0,0,0,0,single,0,1
moving_020_r05_s10005,30.912,0.468988,0.395560,0.054440,1,99.000000,0.606419,0,0,0,0,single,0,1
moving_020_r05_s10005,30.944,0.466048,0.395711,0.054289,1,99.000000,0.604052,0,0,0,0,single,0,1
moving_020_r05_s10005,30.976,0.463108,0.395865,0.054135,1,99.000000,0.601688,0,0,0,0,single,0,1
moving_020_r05_s10005,31.008,0.460168,0.396017,0.053983,1,99.000000,0.599331,0,0,0,0,single,0,1
moving_020_r05_s10005,31.040,0.457228,0.396167,0.053833,1,99.000000,0.596980,0,0,0,0,single,0,1
moving_020_r05_s10005,31.072,0.454288,0.396317,0.053683,1,99.000000,0.594635,0,0,0,0,single,0,1
moving_020_r05_s10005,31.104,0.451348,0.396466,0.053534,1,99.000000,0.592295,0,0,0,0,single,0,1
moving_020_r05_s10005,31.136,0.448407,0.396613,0.053387,1,99.000000,0.589962,0,0,0,0,single,0,1
moving_020_r05_s10005,31.168,0.445467,0.396760,0.053240,1,99.000000,0.587634,0,0,0,0,single,0,1
moving_020_r05_s10005,31.200,0.442527,0.396906,0.053094,1,99.000000,0.585313,0,0,0,0,single,0,1
moving_020_r05_s10005,31.232,0.439586,0.397051,0.052949,1,99.000000,0.582997,0,0,0,0,single,0,1
moving_020_r05_s10005,31.264,0.436646,0.397195,0.052805,1,99.000000,0.580688,0,0,0,0,single,0,1
moving_020_r05_s10005,31.296,0.433705,0.397339,0.052661,1,99.000000,0.578386,0,0,0,0,single,0,1
moving_020_r05_s10005,31.328,0.430765,0.397481,0.052519,1,99.000000,0.576089,0,0,0,0,single,0,1
moving_020_r05_s10005,31.360,0.427824,0.397623,0.052377,1,99.000000,0.573799,0,0,0,0,single,0,1
moving_020_r05_s10005,31.392,0.424884,0.397764,0.052236,1,99.000000,0.571516,0,0,0,0,single,0,1
moving_020_r05_s10005,31.424,0.421943,0.397905,0.052095,1,99.000000,0.569239,0,0,0,0,single,0,1
moving_020_r05_s10005,31.456,0.419002,0.398044,0.051956,1,99.000000,0.566968,0,0,0,0,single,0,1
moving_020_r05_s10005,31.488,0.416061,0.398183,0.051817,1,99.000000,0.564705,0,0,0,0,single,0,1
moving_020_r05_s10005,31.520,0.413121,0.398321,0.051679,1,99.000000,0.562448,0,0,0,0,single,0,1
moving_020_r05_s10005,31.552,0.410180,0.398458,0.051542,1,99.000000,0.560198,0,0,0,0,single,0,1
moving_020_r05_s10005,31.584,0.407239,0.398595,0.051405,1,99.000000,0.557955,0,0,0,0,single,0,1
moving_020_r05_s10005,31.616,0.404298,0.398730,0.051270,1,99.000000,0.555719,0,0,0,0,single,0,1
moving_020_r05_s10005,31.648,0.401357,0.398865,0.051135,1,99.000000,0.553490,0,0,0,0,single,0,1
moving_020_r05_s10005,31.680,0.398416,0.398999,0.051001,1,99.000000,0.551269,0,0,0,0,single,0,1
moving_020_r05_s10005,31.712,0.395475,0.399133,0.050867,1,99.000000,0.549054,0,0,0,0,single,0,1
moving_020_r05_s10005,31.744,0.392534,0.399265,0.050735,1,99.000000,0.546847,0,0,0,0,single,0,1
moving_020_r05_s10005,31.776,0.389593,0.399397,0.050603,1,99.000000,0.544648,0,0,0,0,single,0,1
moving_020_r05_s10005,31.808,0.386652,0.399528,0.050472,1,99.000000,0.542456,0,0,0,0,single,0,1
moving_020_r05_s10005,31.840,0.383711,0.399658,0.050342,1,99.000000,0.540272,0,0,0,0,single,0,1
moving_020_r05_s10005,31.872,0.380770,0.399788,0.050212,1,99.000000,0.538096,0,0,0,0,single,0,1
moving_020_r05_s10005,31.904,0.377829,0.399917,0.050083,1,99.000000,0.535927,0,0,0,0,single,0,1
moving_020_r05_s10005,31.936,0.374888,0.400045,0.049955,1,99.000000,0.533767,0,0,0,0,single,0,1
moving_020_r05_s10005,31.968,0.371946,0.400164,0.049836,1,99.000000,0.531619,0,0,0,0,single,0,1
moving_020_r05_s10005,32.000,0.369004,0.400278,0.049722,1,99.000000,0.529483,0,0,0,0,single,0,1
moving_020_r05_s10005,32.032,0.366062,0.400386,0.049614,1,99.000000,0.527360,0,0,0,0,single,0,1
moving_020_r05_s10005,32.064,0.363120,0.400488,0.049512,1,99.000000,0.525248,0,0,0,0,single,0,1
moving_020_r05_s10005,32.096,0.360177,0.400583,0.049417,1,99.000000,0.523149,0,0,0,0,single,0,1
moving_020_r05_s10005,32.128,0.357235,0.400675,0.049325,1,99.000000,0.521060,0,0,0,0,single,0,1
moving_020_r05_s10005,32.160,0.354292,0.400764,0.049236,1,99.000000,0.518983,0,0,0,0,single,0,1
moving_020_r05_s10005,32.192,0.351349,0.400848,0.049152,1,99.000000,0.516917,0,0,0,0,single,0,1
moving_020_r05_s10005,32.224,0.348406,0.400927,0.049073,1,99.000000,0.514862,0,0,0,0,single,0,1
moving_020_r05_s10005,32.256,0.345463,0.401003,0.048997,1,99.000000,0.512819,0,0,0,0,single,0,1
moving_020_r05_s10005,32.288,0.342520,0.401075,0.048925,1,99.000000,0.510788,0,0,0,0,single,0,1
moving_020_r05_s10005,32.320,0.339577,0.401141,0.048859,1,99.000000,0.508770,0,0,0,0,single,0,1
moving_020_r05_s10005,32.352,0.336633,0.401200,0.048800,1,99.000000,0.506766,0,0,0,0,single,0,1
moving_020_r05_s10005,32.384,0.333690,0.401254,0.048746,1,99.000000,0.504775,0,0,0,0,single,0,1
moving_020_r05_s10005,32.416,0.330746,0.401304,0.048696,1,99.000000,0.502796,0,0,0,0,single,0,1
moving_020_r05_s10005,32.448,0.327803,0.401350,0.048650,1,99.000000,0.496008,0,1,0,0,single,0,1
moving_020_r05_s10005,32.480,0.324859,0.401393,0.048607,1,99.000000,0.489232,0,1,0,0,single,0,1
moving_020_r05_s10005,32.512,0.321915,0.401431,0.048569,1,99.000000,0.482468,0,1,0,0,single,0,1
moving_020_r05_s10005,32.544,0.318971,0.401463,0.048537,1,99.000000,0.475718,0,1,0,0,single,0,1
moving_020_r05_s10005,32.576,0.316027,0.401489,0.048511,1,99.000000,0.468981,0,1,0,0,single,0,1
moving_020_r05_s10005,32.608,0.313083,0.401509,0.048491,1,99.000000,0.462259,0,1,0,0,single,0,1
moving_020_r05_s10005,32.640,0.310139,0.401523,0.048477,1,99.000000,0.455551,0,1,0,0,single,0,1
moving_020_r05_s10005,32.672,0.307195,0.401532,0.048468,1,99.000000,0.448858,0,1,0,0,single,0,1
moving_020_r05_s10005,32.704,0.304251,0.401534,0.048466,1,99.000000,0.442181,0,1,0,0,single,0,1
moving_020_r05_s10005,32.736,0.301307,0.401531,0.048469,1,99.000000,0.435519,0,1,0,0,single,0,1
moving_020_r05_s10005,32.768,0.298363,0.401522,0.048478,1,99.000000,0.428874,0,1,0,0,single,0,1
moving_020_r05_s10005,32.800,0.295419,0.401508,0.048492,1,99.000000,0.422245,0,1,0,0,single,0,1
moving_020_r05_s10005,32.832,0.292475,0.401487,0.048513,1,99.000000,0.415634,0,1,0,0,single,0,1
moving_020_r05_s10005,32.864,0.289532,0.401461,0.048539,1,99.000000,0.409041,0,1,0,0,single,0,1
moving_020_r05_s10005,32.896,0.286588,0.401429,0.048571,1,99.000000,0.402466,0,1,0,0,single,0,1
moving_020_r05_s10005,32.928,0.283644,0.401391,0.048609,1,99.000000,0.395910,0,1,0,0,single,0,1
moving_020_r05_s10005,32.960,0.280700,0.401348,0.048652,1,99.000000,0.389375,0,1,0,0,single,0,1
moving_020_r05_s10005,32.992,0.277757,0.401299,0.048701,1,99.000000,0.382860,0,1,0,0,single,0,1
moving_020_r05_s10005,33.024,0.274813,0.401244,0.048756,2,99.000000,0.376366,0,1,0,0,single,0,1
moving_020_r05_s10005,33.056,0.271870,0.401186,0.048814,2,99.000000,0.369893,0,1,0,0,single,0,1
moving_020_r05_s10005,33.088,0.268926,0.401124,0.048876,2,99.000000,0.363442,0,1,0,0,single,0,1
moving_020_r05_s10005,33.120,0.265983,0.401057,0.048943,2,99.000000,0.357014,0,1,0,0,single,0,1
moving_020_r05_s10005,33.152,0.263040,0.400987,0.049013,2,99.000000,0.350610,0,1,0,0,single,0,1
moving_020_r05_s10005,33.184,0.260097,0.400913,0.049087,2,99.000000,0.344231,0,1,0,0,single,0,1
moving_020_r05_s10005,33.216,0.257154,0.400835,0.049165,2,99.000000,0.337878,0,1,0,0,single,0,1
moving_020_r05_s10005,33.248,0.254211,0.400757,0.049243,2,99.000000,0.331550,0,1,0,0,single,0,1
moving_020_r05_s10005,33.280,0.251268,0.400679,0.049321,2,99.000000,0.325248,0,1,0,0,single,0,1
moving_020_r05_s10005,33.312,0.248325,0.400601,0.049399,2,99.000000,0.318975,0,1,0,0,single,0,1
moving_020_r05_s10005,33.344,0.245382,0.400522,0.049478,2,99.000000,0.312732,0,1,0,0,single,0,1
moving_020_r05_s10005,33.376,0.242439,0.400442,0.049558,2,99.000000,0.306521,0,1,0,0,single,0,1
moving_020_r05_s10005,33.408,0.239496,0.400361,0.049639,2,99.000000,0.300343,0,1,0,0,single,0,1
moving_020_r05_s10005,33.440,0.236554,0.400280,0.049720,2,99.000000,0.294201,0,1,0,0,single,0,1
moving_020_r05_s10005,33.472,0.233611,0.400199,0.049801,2,99.000000,0.288098,0,1,0,0,single,0,1
moving_020_r05_s10005,33.504,0.230668,0.400116,0.049884,2,99.000000,0.282035,0,1,0,0,single,0,1
moving_020_r05_s10005,33.536,0.227725,0.400033,0.049967,2,99.000000,0.276015,0,1,0,0,single,0,1
moving_020_r05_s10005,33.568,0.224782,0.399949,0.050051,2,99.000000,0.270042,0,1,0,0,single,0,1
moving_020_r05_s10005,33.600,0.221839,0.399864,0.050136,2,99.000000,0.264117,0,1,0,0,single,0,1
moving_020_r05_s10005,33.632,0.218897,0.399778,0.050222,2,99.000000,0.258246,0,1,0,0,single,0,1
moving_020_r05_s10005,33.664,0.215954,0.399691,0.050309,2,99.000000,0.252430,0,1,0,0,single,0,1
moving_020_r05_s10005,33.696,0.213011,0.399604,0.050396,2,99.000000,0.246674,0,1,0,0,single,0,1
moving_020_r05_s10005,33.728,0.210069,0.399516,0.050484,2,99.000000,0.240983,0,1,0,0,single,0,1
moving_020_r05_s10005,33.760,0.207126,0.399427,0.050573,2,99.000000,0.235360,0,1,0,0,single,0,1
moving_020_r05_s10005,33.792,0.204183,0.399337,0.050663,2,99.000000,0.229811,0,1,0,0,single,0,1
moving_020_r05_s10005,33.824,0.201241,0.399247,0.050753,2,99.000000,0.224342,0,1,0,0,single,0,1
moving_020_r05_s10005,33.856,0.198298,0.399155,0.050845,2,99.000000,0.218957,0,1,0,0,single,0,1
moving_020_r05_s10005,33.888,0.195356,0.399063,0.050937,2,99.000000,0.213664,0,1,0,0,single,0,1
moving_020_r05_s10005,33.920,0.192413,0.398970,0.051030,2,99.000000,0.208470,0,1,0,0,single,0,1
moving_020_r05_s10005,33.952,0.189470,0.398877,0.051123,2,99.000000,0.203381,0,1,0,0,single,0,1
moving_020_r05_s10005,33.984,0.186528,0.398782,0.051218,2,99.000000,0.198406,0,1,0,0,single,0,1
moving_020_r05_s10005,34.016,0.183586,0.398687,0.051313,2,99.000000,0.193553,0,1,0,0,single,0,1
moving_020_r05_s10005,34.048,0.180643,0.398591,0.051409,2,99.000000,0.188833,0,1,0,0,single,0,1
moving_020_r05_s10005,34.080,0.177701,0.398494,0.051506,2,99.000000,0.184255,0,1,0,0,single,0,1
moving_020_r05_s10005,34.112,0.174758,0.398396,0.051604,2,99.000000,0.179829,0,1,0,0,single,0,1
moving_020_r05_s10005,34.144,0.171816,0.398298,0.051702,2,99.000000,0.175568,0,1,0,0,single,0,1
moving_020_r05_s10005,34.176,0.168874,0.398198,0.051802,2,99.000000,0.171483,0,1,0,0,single,0,1
moving_020_r05_s10005,34.208,0.165931,0.398098,0.051902,2,99.000000,0.167587,0,1,0,0,single,0,1
moving_020_r05_s10005,34.240,0.162989,0.397997,0.052003,2,99.000000,0.163894,0,1,0,0,single,0,1
moving_020_r05_s10005,34.272,0.160047,0.397901,0.052099,2,99.000000,0.160417,0,1,0,0,single,0,1
moving_020_r05_s10005,34.304,0.157104,0.397807,0.052193,2,99.000000,0.157171,0,1,0,0,single,0,1
moving_020_r05_s10005,34.336,0.154162,0.397715,0.052285,2,99.000000,0.154171,0,1,0,0,single,0,1
moving_020_r05_s10005,34.368,0.151219,0.397627,0.052373,2,99.000000,0.151432,0,1,0,0,single,0,1
moving_020_r05_s10005,34.400,0.148276,0.397541,0.052459,2,99.000000,0.148968,0,1,0,0,single,0,1
moving_020_r05_s10005,34.432,0.145333,0.397458,0.052542,2,99.000000,0.146794,0,1,0,0,single,0,1
moving_020_r05_s10005,34.464,0.142390,0.397377,0.052623,2,99.000000,0.144923,0,1,0,0,single,0,1
moving_020_r05_s10005,34.496,0.139447,0.397299,0.052701,2,99.000000,0.143368,0,1,0,0,single,0,1
moving_020_r05_s10005,34.528,0.136504,0.397224,0.052776,2,99.000000,0.142139,0,1,0,0,single,0,1
moving_020_r05_s10005,34.560,0.133561,0.397151,0.052849,2,99.000000,0.141245,0,1,0,0,single,0,1
moving_020_r05_s10005,34.592,0.130618,0.397081,0.052919,2,99.000000,0.140692,0,1,0,0,single,0,1
moving_020_r05_s10005,34.624,0.130617,0.397081,0.052919,2,99.000000,0.143193,0,1,0,0,single,0,1
moving_020_r05_s10005,34.656,0.130618,0.397081,0.052919,2,99.000000,0.145934,0,1,0,0,single,0,1
moving_020_r05_s10005,34.688,0.130618,0.397082,0.052918,2,99.000000,0.148898,0,1,0,0,single,0,1
moving_020_r05_s10005,34.720,0.130618,0.397082,0.052918,2,99.000000,0.152075,0,1,0,0,single,0,1
moving_020_r05_s10005,34.752,0.130618,0.397082,0.052918,2,99.000000,0.155450,0,1,0,0,single,0,1
moving_020_r05_s10005,34.784,0.130618,0.397082,0.052918,2,99.000000,0.159011,0,1,0,0,single,0,1
moving_020_r05_s10005,34.816,0.130618,0.397082,0.052918,2,99.000000,0.162745,0,1,0,0,single,0,1
moving_020_r05_s10005,34.848,0.130618,0.397083,0.052917,2,99.000000,0.166642,0,1,0,0,single,0,1
moving_020_r05_s10005,34.880,0.130618,0.397083,0.052917,2,99.000000,0.170690,0,1,0,0,single,0,1
moving_020_r05_s10005,34.912,0.130618,0.397083,0.052917,2,99.000000,0.174879,0,1,0,0,single,0,1
moving_020_r05_s10005,34.944,0.130618,0.397083,0.052917,2,99.000000,0.179198,0,1,0,0,single,0,1
moving_020_r05_s10005,34.976,0.128831,0.397039,0.052961,2,99.000000,0.182341,0,1,0,0,single,0,1
moving_020_r05_s10005,35.008,0.127044,0.396998,0.053002,2,99.000000,0.185669,0,1,0,0,single,0,1
moving_020_r05_s10005,35.040,0.125252,0.396961,0.053039,2,99.000000,0.189168,0,1,0,0,single,0,1
moving_020_r05_s10005,35.072,0.123461,0.396925,0.053075,2,99.000000,0.192830,0,1,0,0,single,0,1
moving_020_r05_s10005,35.104,0.121669,0.396891,0.053109,2,99.000000,0.196649,0,1,0,0,single,0,1
moving_020_r05_s10005,35.136,0.118725,0.396841,0.053159,2,99.000000,0.199914,0,1,0,0,single,0,1
moving_020_r05_s10005,35.168,0.115783,0.396794,0.053206,2,99.000000,0.203370,0,1,0,0,single,0,1
moving_020_r05_s10005,35.200,0.112839,0.396745,0.053255,2,99.000000,0.207004,0,1,0,0,single,0,1
moving_020_r05_s10005,35.232,0.109895,0.396701,0.053299,2,99.000000,0.210811,0,1,0,0,single,0,1
moving_020_r05_s10005,35.264,0.106952,0.396661,0.053339,2,99.000000,0.214783,0,1,0,0,single,0,1
moving_020_r05_s10005,35.296,0.104008,0.396624,0.053376,2,99.000000,0.218910,0,1,0,0,single,0,1
moving_020_r05_s10005,35.328,0.101064,0.396591,0.053409,2,99.000000,0.223184,0,1,0,0,single,0,1
moving_020_r05_s10005,35.360,0.098120,0.396560,0.053440,2,99.000000,0.227597,0,1,0,0,single,0,1
moving_020_r05_s10005,35.392,0.095176,0.396529,0.053471,2,99.000000,0.232137,0,1,0,0,single,0,1
moving_020_r05_s10005,35.424,0.092232,0.396502,0.053498,2,99.000000,0.236802,0,1,0,0,single,0,1
moving_020_r05_s10005,35.456,0.089289,0.396478,0.053522,2,99.000000,0.241584,0,1,0,0,single,0,1
moving_020_r05_s10005,35.488,0.086345,0.396457,0.053543,2,99.000000,0.246476,0,1,0,0,single,0,1
moving_020_r05_s10005,35.520,0.083401,0.396440,0.053560,2,99.000000,0.251473,0,1,0,0,single,0,1
moving_020_r05_s10005,35.552,0.080457,0.396427,0.053573,2,99.000000,0.256568,0,1,0,0,single,0,1
moving_020_r05_s10005,35.584,0.077513,0.396416,0.053584,2,99.000000,0.261756,0,1,0,0,single,0,1
moving_020_r05_s10005,35.616,0.074569,0.396410,0.053590,2,99.000000,0.267032,0,1,0,0,single,0,1
moving_020_r05_s10005,35.648,0.071625,0.396406,0.053594,2,99.000000,0.272391,0,1,0,0,single,0,1
moving_020_r05_s10005,35.680,0.068681,0.396406,0.053594,2,99.000000,0.277829,0,1,0,0,single,0,1
moving_020_r05_s10005,35.712,0.065737,0.396409,0.053591,2,99.000000,0.283340,0,1,0,0,single,0,1
moving_020_r05_s10005,35.744,0.062793,0.396415,0.053585,2,99.000000,13.819440,0,1,1,0,single,0,1
moving_020_r05_s10005,35.776,0.059849,0.396420,0.053580,2,99.000000,13.821554,0,1,1,0,single,0,1
moving_020_r05_s10005,35.808,0.056905,0.396425,0.053575,2,99.000000,13.823668,0,1,1,0,single,0,1
moving_020_r05_s10005,35.840,0.053961,0.396434,0.053566,2,99.000000,13.825779,0,1,1,0,single,0,1
moving_020_r05_s10005,35.872,0.051017,0.396447,0.053553,2,99.000000,13.827889,0,1,1,0,single,0,1
moving_020_r05_s10005,35.904,0.048073,0.396463,0.053537,2,99.000000,13.829996,0,1,1,0,single,0,1
moving_020_r05_s10005,35.936,0.045129,0.396482,0.053518,2,99.000000,13.832101,0,1,1,0,single,0,1
moving_020_r05_s10005,35.968,0.042185,0.396505,0.053495,2,99.000000,13.834204,0,1,1,0,single,0,1
moving_020_r05_s10005,36.000,0.039241,0.396531,0.053469,2,99.000000,13.836305,0,1,1,0,single,0,1
moving_020_r05_s10005,36.032,0.036297,0.396561,0.053439,2,99.000000,13.838404,0,1,1,0,single,0,1
moving_020_r05_s10005,36.064,0.033353,0.396594,0.053406,2,99.000000,13.840501,0,1,1,0,single,0,1
moving_020_r05_s10005,36.096,0.030410,0.396630,0.053370,2,99.000000,13.842596,0,1,1,0,single,0,1
moving_020_r05_s10005,36.128,0.027466,0.396669,0.053331,2,99.000000,13.844688,0,1,1,0,single,0,1
moving_020_r05_s10005,36.160,0.024522,0.396712,0.053288,2,99.000000,13.846779,0,1,1,0,single,0,1
moving_020_r05_s10005,36.192,0.021578,0.396759,0.053241,2,99.000000,13.848868,0,1,1,0,single,0,1
moving_020_r05_s10005,36.224,0.018635,0.396808,0.053192,2,99.000000,13.850955,0,1,1,0,single,0,1
moving_020_r05_s10005,36.256,0.015691,0.396856,0.053144,2,99.000000,13.853043,0,1,1,0,single,0,1
moving_020_r05_s10005,36.288,0.012748,0.396904,0.053096,2,99.000000,13.855131,0,1,1,0,single,0,1
moving_020_r05_s10005,36.320,0.009804,0.396952,0.053048,2,99.000000,13.857220,0,1,1,0,single,0,1
moving_020_r05_s10005,36.352,0.006860,0.396999,0.053001,2,99.000000,13.859309,0,1,1,0,single,0,1
moving_020_r05_s10005,36.384,0.003917,0.397047,0.052953,2,99.000000,13.861399,0,1,1,0,single,0,1
moving_020_r05_s10005,36.416,0.000973,0.397094,0.052906,2,99.000000,13.863490,0,1,1,0,single,0,1
moving_020_r05_s10005,36.448,-0.001970,0.397141,0.052859,2,99.000000,13.865580,0,1,1,0,single,0,1
moving_020_r05_s10005,36.480,-0.004914,0.397188,0.052812,2,99.000000,13.867671,0,1,1,0,single,0,1
moving_020_r05_s10005,36.512,-0.007858,0.397235,0.052765,2,99.000000,13.869762,0,1,1,0,single,0,1
moving_020_r05_s10005,36.544,-0.010801,0.397282,0.052718,2,99.000000,13.871854,0,1,1,0,single,0,1
moving_020_r05_s10005,36.576,-0.013745,0.397329,0.052671,2,99.000000,13.873946,0,1,1,0,single,0,1
moving_020_r05_s10005,36.608,-0.016688,0.397376,0.052624,2,99.000000,13.876038,0,1,1,0,single,0,1
moving_020_r05_s10005,36.640,-0.019632,0.397423,0.052577,2,99.000000,13.878131,0,1,1,0,single,0,1
moving_020_r05_s10005,36.672,-0.022576,0.397470,0.052530,2,99.000000,13.880223,0,1,1,0,single,0,1
moving_020_r05_s10005,36.704,-0.025519,0.397517,0.052483,2,99.000000,13.882317,0,1,1,0,single,0,1
moving_020_r05_s10005,36.736,-0.028463,0.397564,0.052436,2,99.000000,13.884410,0,1,1,0,single,0,1
moving_020_r05_s10005,36.768,-0.031407,0.397611,0.052389,2,99.000000,13.886504,0,1,1,0,single,0,1
moving_020_r05_s10005,36.800,-0.034350,0.397658,0.052342,2,99.000000,13.888598,0,1,1,0,single,0,1
moving_020_r05_s10005,36.832,-0.037294,0.397706,0.052294,2,99.000000,13.890692,0,1,1,0,single,0,1
moving_020_r05_s10005,36.864,-0.040237,0.397753,0.052247,2,99.000000,13.892787,0,1,1,0,single,0,1
moving_020_r05_s10005,36.896,-0.043181,0.397800,0.052200,2,99.000000,13.894882,0,1,1,0,single,0,1
moving_020_r05_s10005,36.928,-0.046125,0.397847,0.052153,2,99.000000,13.896977,0,1,1,0,single,0,1
moving_020_r05_s10005,36.960,-0.049068,0.397894,0.052106,2,99.000000,13.899072,0,1,1,0,single,0,1
moving_020_r05_s10005,36.992,-0.052012,0.397941,0.052059,2,99.000000,13.901168,0,1,1,0,single,0,1
moving_020_r05_s10005,37.024,-0.054956,0.397988,0.052012,2,99.000000,13.903264,0,1,1,0,single,0,1
moving_020_r05_s10005,37.056,-0.057899,0.398036,0.051964,2,99.000000,13.905361,0,1,1,0,single,0,1
moving_020_r05_s10005,37.088,-0.060843,0.398083,0.051917,2,99.000000,13.907457,0,1,1,0,single,0,1
moving_020_r05_s10005,37.120,-0.063786,0.398130,0.051870,2,99.000000,13.909554,0,1,1,0,single,0,1
moving_020_r05_s10005,37.152,-0.066730,0.398177,0.051823,2,99.000000,13.911652,0,1,1,0,single,0,1
moving_020_r05_s10005,37.184,-0.069674,0.398225,0.051775,2,99.000000,13.913749,0,1,1,0,single,0,1
moving_020_r05_s10005,37.216,-0.072617,0.398272,0.051728,2,99.000000,13.915847,0,1,1,0,single,0,1
moving_020_r05_s10005,37.248,-0.075561,0.398319,0.051681,2,99.000000,13.917945,0,1,1,0,single,0,1
moving_020_r05_s10005,37.280,-0.078505,0.398366,0.051634,2,99.000000,13.920044,0,1,1,0,single,0,1
moving_020_r05_s10005,37.312,-0.081448,0.398414,0.051586,2,99.000000,13.922143,0,1,1,0,single,0,1
moving_020_r05_s10005,37.344,-0.084392,0.398461,0.051539,2,99.000000,13.924242,0,1,1,0,single,0,1
moving_020_r05_s10005,37.376,-0.087335,0.398508,0.051492,2,99.000000,13.926341,0,1,1,0,single,0,1
moving_020_r05_s10005,37.408,-0.090279,0.398556,0.051444,2,99.000000,13.928441,0,1,1,0,single,0,1
moving_020_r05_s10005,37.440,-0.093223,0.398603,0.051397,2,99.000000,13.930541,0,1,1,0,single,0,1
moving_020_r05_s10005,37.472,-0.096166,0.398650,0.051350,2,99.000000,13.932641,0,1,1,0,single,0,1
moving_020_r05_s10005,37.504,-0.099110,0.398698,0.051302,2,99.000000,13.934742,0,1,1,0,single,0,1
moving_020_r05_s10005,37.536,-0.102054,0.398745,0.051255,2,99.000000,13.936843,0,1,1,0,single,0,1
moving_020_r05_s10005,37.568,-0.104997,0.398792,0.051208,2,99.000000,13.938944,0,1,1,0,single,0,1
moving_020_r05_s10005,37.600,-0.107941,0.398840,0.051160,2,99.000000,13.941045,0,1,1,0,single,0,1
moving_020_r05_s10005,37.632,-0.110884,0.398887,0.051113,2,99.000000,13.943147,0,1,1,0,single,0,1
moving_020_r05_s10005,37.664,-0.113828,0.398934,0.051066,2,99.000000,13.945249,0,1,1,0,single,0,1
moving_020_r05_s10005,37.696,-0.116772,0.398982,0.051018,2,99.000000,13.947352,0,1,1,0,single,0,1
moving_020_r05_s10005,37.728,-0.119715,0.399029,0.050971,2,99.000000,13.949454,0,1,1,0,single,0,1
moving_020_r05_s10005,37.760,-0.122659,0.399077,0.050923,2,99.000000,13.951557,0,1,1,0,single,0,1
moving_020_r05_s10005,37.792,-0.125602,0.399124,0.050876,2,99.000000,13.953661,0,1,1,0,single,0,1
moving_020_r05_s10005,37.824,-0.128546,0.399172,0.050828,2,99.000000,13.955764,0,1,1,0,single,0,1
moving_020_r05_s10005,37.856,-0.131490,0.399219,0.050781,2,99.000000,13.957868,0,1,1,0,single,0,1
moving_020_r05_s10005,37.888,-0.134433,0.399266,0.050734,2,99.000000,13.959972,0,1,1,0,single,0,1
moving_020_r05_s10005,37.920,-0.137377,0.399314,0.050686,2,99.000000,13.962077,0,1,1,0,single,0,1
moving_020_r05_s10005,37.952,-0.140321,0.399361,0.050639,2,99.000000,13.964181,0,1,1,0,single,0,1
moving_020_r05_s10005,37.984,-0.143264,0.399409,0.050591,2,99.000000,13.966286,0,1,1,0,single,0,1
moving_020_r05_s10005,38.016,-0.146208,0.399456,0.050544,2,99.000000,13.968392,0,1,1,0,single,0,1
moving_020_r05_s10005,38.048,-0.149151,0.399504,0.050496,2,99.000000,13.970497,0,1,1,0,single,0,1
moving_020_r05_s10005,38.080,-0.152095,0.399551,0.050449,2,99.000000,13.972603,0,1,1,0,single,0,1
moving_020_r05_s10005,38.112,-0.155039,0.399599,0.050401,2,99.000000,13.974710,0,1,1,0,single,0,1
moving_020_r05_s10005,38.144,-0.157982,0.399647,0.050353,2,99.000000,13.976816,0,1,1,0,single,0,1
moving_020_r05_s10005,38.176,-0.160926,0.399694,0.050306,2,99.000000,13.978923,0,1,1,0,single,0,1
moving_020_r05_s10005,38.208,-0.163869,0.399742,0.050258,2,99.000000,13.981030,0,1,1,0,single,0,1
moving_020_r05_s10005,38.240,-0.166813,0.399789,0.050211,2,99.000000,13.983138,0,1,1,0,single,0,1
moving_020_r05_s10005,38.272,-0.169757,0.399837,0.050163,2,99.000000,13.985245,0,1,1,0,single,0,1
moving_020_r05_s10005,38.304,-0.172700,0.399884,0.050116,2,99.000000,13.987353,0,1,1,0,single,0,1
moving_020_r05_s10005,38.336,-0.175644,0.399932,0.050068,2,99.000000,13.989462,0,1,1,0,single,0,1
moving_020_r05_s10005,38.368,-0.178588,0.399980,0.050020,2,99.000000,13.991570,0,1,1,0,single,0,1
moving_020_r05_s10005,38.400,-0.181531,0.400027,0.049973,2,99.000000,13.993679,0,1,1,0,single,0,1
moving_020_r05_s10005,38.432,-0.184475,0.400070,0.049930,2,99.000000,13.995792,0,1,1,0,single,0,1
moving_020_r05_s10005,38.464,-0.187419,0.400110,0.049890,2,99.000000,13.997907,0,1,1,0,single,0,1
moving_020_r05_s10005,38.496,-0.190362,0.400145,0.049855,2,99.000000,14.000025,0,1,1,0,single,0,1
moving_020_r05_s10005,38.528,-0.193306,0.400178,0.049822,2,99.000000,14.002146,0,1,1,0,single,0,1
moving_020_r05_s10005,38.560,-0.196250,0.400206,0.049794,2,99.000000,14.004269,0,1,1,0,single,0,1
moving_020_r05_s10005,38.592,-0.199194,0.400232,0.049768,2,99.000000,14.006395,0,1,1,0,single,0,1
moving_020_r05_s10005,38.624,-0.202138,0.400258,0.049742,2,99.000000,14.008521,0,1,1,0,single,0,1
moving_020_r05_s10005,38.656,-0.205082,0.400285,0.049715,2,99.000000,14.010647,0,1,1,0,single,0,1
moving_020_r05_s10005,38.688,-0.208026,0.400308,0.049692,2,99.000000,14.012776,0,1,1,0,single,0,1
moving_020_r05_s10005,38.720,-0.210970,0.400327,0.049673,2,99.000000,14.014907,0,1,1,0,single,0,1
moving_020_r05_s10005,38.752,-0.213914,0.400347,0.049653,2,99.000000,14.017039,0,1,1,0,single,0,1
moving_020_r05_s10005,38.784,-0.216857,0.400367,0.049633,2,99.000000,14.019170,0,1,1,0,single,0,1
moving_020_r05_s10005,38.816,-0.219801,0.400383,0.049617,2,99.000000,14.021305,0,1,1,0,single,0,1
moving_020_r05_s10005,38.848,-0.222745,0.400396,0.049604,2,99.000000,14.023442,0,1,1,0,single,0,1
moving_020_r05_s10005,38.880,-0.225689,0.400405,0.049595,2,99.000000,14.025582,0,1,1,0,single,0,1
moving_020_r05_s10005,38.912,-0.228633,0.400410,0.049590,2,99.000000,14.027725,0,1,1,0,single,0,1
moving_020_r05_s10005,38.944,-0.231577,0.400412,0.049588,2,99.000000,14.029870,0,1,1,0,single,0,1
moving_020_r05_s10005,38.976,-0.234521,0.400411,0.049589,2,99.000000,14.032018,0,1,1,0,single,0,1
moving_020_r05_s10005,39.008,-0.237465,0.400407,0.049593,2,99.000000,14.034169,0,1,1,0,single,0,1
moving_020_r05_s10005,39.040,-0.240409,0.400399,0.049601,2,99.000000,14.036322,0,1,1,0,single,0,1
moving_020_r05_s10005,39.072,-0.243353,0.400392,0.049608,2,99.000000,14.038474,0,1,1,0,single,0,1
moving_020_r05_s10005,39.104,-0.246297,0.400386,0.049614,2,99.000000,14.040627,0,1,1,0,single,0,1
moving_020_r05_s10005,39.136,-0.249241,0.400380,0.049620,2,99.000000,14.042779,0,1,1,0,single,0,1
moving_020_r05_s10005,39.168,-0.252185,0.400375,0.049625,2,99.000000,14.044932,0,1,1,0,single,0,1
moving_020_r05_s10005,39.200,-0.255129,0.400369,0.049631,2,99.000000,14.047085,0,1,1,0,single,0,1
moving_020_r05_s10005,39.232,-0.258073,0.400359,0.049641,2,99.000000,14.049241,0,1,1,0,single,0,1
moving_020_r05_s10005,39.264,-0.261017,0.400345,0.049655,2,99.000000,14.051400,0,1,1,0,single,0,1
moving_020_r05_s10005,39.296,-0.263961,0.400328,0.049672,2,99.000000,14.053562,0,1,1,0,single,0,1
moving_020_r05_s10005,39.328,-0.266905,0.400312,0.049688,2,99.000000,14.055723,0,1,1,0,single,0,1
moving_020_r05_s10005,39.360,-0.269849,0.400296,0.049704,2,99.000000,14.057884,0,1,1,0,single,0,1
moving_020_r05_s10005,39.392,-0.272793,0.400281,0.049719,2,99.000000,14.060046,0,1,1,0,single,0,1
moving_020_r05_s10005,39.424,-0.275737,0.400265,0.049735,2,99.000000,14.062207,0,1,1,0,single,0,1
moving_020_r05_s10005,39.456,-0.278681,0.400250,0.049750,2,99.000000,14.064369,0,1,1,0,single,0,1
moving_020_r05_s10005,39.488,-0.281625,0.400235,0.049765,2,99.000000,14.066531,0,1,1,0,single,0,1
moving_020_r05_s10005,39.520,-0.284569,0.400220,0.049780,2,99.000000,14.068694,0,1,1,0,single,0,1
moving_020_r05_s10005,39.552,-0.287513,0.400204,0.049796,2,99.000000,14.070856,0,1,1,0,single,0,1
moving_020_r05_s10005,39.584,-0.290457,0.400189,0.049811,2,99.000000,14.073019,0,1,1,0,single,0,1
moving_020_r05_s10005,39.616,-0.293401,0.400169,0.049831,2,99.000000,14.075186,0,1,1,0,single,0,1
moving_020_r05_s10005,39.648,-0.296345,0.400151,0.049849,2,99.000000,14.077351,0,1,1,0,single,0,1
moving_020_r05_s10005,39.680,-0.299289,0.400127,0.049873,2,99.000000,14.079521,0,1,1,0,single,0,1
moving_020_r05_s10005,39.712,-0.302233,0.400105,0.049895,2,99.000000,14.081689,0,1,1,0,single,0,1
moving_020_r05_s10005,39.744,-0.305177,0.400083,0.049917,2,99.000000,14.083858,0,1,1,0,single,0,1
moving_020_r05_s10005,39.776,-0.308120,0.400061,0.049939,2,99.000000,14.086028,0,1,1,0,single,0,1
moving_020_r05_s10005,39.808,-0.311064,0.400039,0.049961,2,99.000000,14.088197,0,1,1,0,single,0,1
moving_020_r05_s10005,39.840,-0.314008,0.400017,0.049983,2,99.000000,14.090367,0,1,1,0,single,0,1
moving_020_r05_s10005,39.872,-0.316952,0.399996,0.050004,2,99.000000,14.092537,0,1,1,0,single,0,1
moving_020_r05_s10005,39.904,-0.319896,0.399974,0.050026,2,99.000000,14.094707,0,1,1,0,single,0,1
moving_020_r05_s10005,39.936,-0.322840,0.399952,0.050048,2,99.000000,14.096877,0,1,1,0,single,0,1
moving_020_r05_s10005,39.968,-0.325784,0.399930,0.050070,2,99.000000,14.099048,0,1,1,0,single,0,1
moving_020_r05_s10005,40.000,-0.328728,0.399909,0.050091,2,99.000000,14.101219,0,1,1,0,single,0,1
moving_020_r05_s10005,40.032,-0.331672,0.399887,0.050113,2,99.000000,14.103390,0,1,1,0,single,0,1
moving_020_r05_s10005,40.064,-0.334616,0.399865,0.050135,2,99.000000,14.105561,0,1,1,0,single,0,1
moving_020_r05_s10005,40.096,-0.337560,0.399844,0.050156,2,99.000000,14.107733,0,1,1,0,single,0,1
moving_020_r05_s10005,40.128,-0.340504,0.399822,0.050178,2,99.000000,14.109905,0,1,1,0,single,0,1
moving_020_r05_s10005,40.160,-0.343447,0.399801,0.050199,2,99.000000,14.112078,0,1,1,0,single,0,1
moving_020_r05_s10005,40.192,-0.346391,0.399779,0.050221,2,99.000000,14.114250,0,1,1,0,single,0,1
moving_020_r05_s10005,40.224,-0.349335,0.399757,0.050243,2,99.000000,14.116423,0,1,1,0,single,0,1
moving_020_r05_s10005,40.256,-0.352279,0.399736,0.050264,2,99.000000,14.118596,0,1,1,0,single,0,1
moving_020_r05_s10005,40.288,-0.355223,0.399714,0.050286,2,99.000000,14.120770,0,1,1,0,single,0,1
moving_020_r05_s10005,40.320,-0.358167,0.399693,0.050307,2,99.000000,14.122943,0,1,1,0,single,0,1
moving_020_r05_s10005,40.352,-0.361111,0.399671,0.050329,2,99.000000,14.125117,0,1,1,0,single,0,1
moving_020_r05_s10005,40.384,-0.364055,0.399649,0.050351,2,99.000000,14.127292,0,1,1,0,single,0,1
moving_020_r05_s10005,40.416,-0.366999,0.399628,0.050372,2,99.000000,14.129466,0,1,1,0,single,0,1
moving_020_r05_s10005,40.448,-0.369943,0.399606,0.050394,2,99.000000,14.131641,0,1,1,0,single,0,1
moving_020_r05_s10005,40.480,-0.372887,0.399585,0.050415,2,99.000000,14.133816,0,1,1,0,single,0,1
moving_020_r05_s10005,40.512,-0.375831,0.399563,0.050437,2,99.000000,14.135991,0,1,1,0,single,0,1
moving_020_r05_s10005,40.544,-0.378775,0.399541,0.050459,2,99.000000,14.138167,0,1,1,0,single,0,1
moving_020_r05_s10005,40.576,-0.381718,0.399520,0.050480,2,99.000000,14.140343,0,1,1,0,single,0,1
moving_020_r05_s10005,40.608,-0.384662,0.399498,0.050502,2,99.000000,14.142519,0,1,1,0,single,0,1
moving_020_r05_s10005,40.640,-0.387606,0.399477,0.050523,2,99.000000,14.144696,0,1,1,0,single,0,1
moving_020_r05_s10005,40.672,-0.390550,0.399455,0.050545,2,99.000000,14.146872,0,1,1,0,single,0,1
moving_020_r05_s10005,40.704,-0.393494,0.399434,0.050566,2,99.000000,14.149049,0,1,1,0,single,0,1
moving_020_r05_s10005,40.736,-0.396438,0.399412,0.050588,2,99.000000,14.151227,0,1,1,0,single,0,1
moving_020_r05_s10005,40.768,-0.399382,0.399391,0.050609,2,99.000000,14.153404,0,1,1,0,single,0,1
moving_020_r05_s10005,40.800,-0.402326,0.399369,0.050631,2,99.000000,14.155582,0,1,1,0,single,0,1
moving_020_r05_s10005,40.832,-0.405270,0.399347,0.050653,2,99.000000,14.157760,0,1,1,0,single,0,1
moving_020_r05_s10005,40.864,-0.408214,0.399326,0.050674,2,99.000000,14.159938,0,1,1,0,single,0,1
moving_020_r05_s10005,40.896,-0.411158,0.399304,0.050696,2,99.000000,14.162117,0,1,1,0,single,0,1
moving_020_r05_s10005,40.928,-0.414102,0.399283,0.050717,2,99.000000,14.164296,0,1,1,0,single,0,1
moving_020_r05_s10005,40.960,-0.417045,0.399261,0.050739,2,99.000000,14.166475,0,1,1,0,single,0,1
moving_020_r05_s10005,40.992,-0.419989,0.399240,0.050760,2,99.000000,14.168655,0,1,1,0,single,0,1
moving_020_r05_s10005,41.024,-0.422933,0.399218,0.050782,2,99.000000,14.170834,0,1,1,0,single,0,1
moving_020_r05_s10005,41.056,-0.425877,0.399197,0.050803,2,99.000000,14.173014,0,1,1,0,single,0,1
moving_020_r05_s10005,41.088,-0.428821,0.399175,0.050825,2,99.000000,14.175195,0,1,1,0,single,0,1
moving_020_r05_s10005,41.120,-0.431765,0.399154,0.050846,2,99.000000,14.177375,0,1,1,0,single,0,1
moving_020_r05_s10005,41.152,-0.434709,0.399132,0.050868,2,99.000000,14.179556,0,1,1,0,single,0,1
moving_020_r05_s10005,41.184,-0.437653,0.399111,0.050889,2,99.000000,14.181737,0,1,1,0,single,0,1
moving_020_r05_s10005,41.216,-0.440597,0.399089,0.050911,2,99.000000,14.183919,0,1,1,0,single,0,1
moving_020_r05_s10005,41.248,-0.443541,0.399068,0.050932,2,99.000000,14.186100,0,1,1,0,single,0,1
moving_020_r05_s10005,41.280,-0.446485,0.399046,0.050954,2,99.000000,14.188282,0,1,1,0,single,0,1
moving_020_r05_s10005,41.312,-0.449429,0.399025,0.050975,2,99.000000,14.190464,0,1,1,0,single,0,1
moving_020_r05_s10005,41.344,-0.452373,0.399003,0.050997,2,99.000000,14.192647,0,1,1,0,single,0,1
moving_020_r05_s10005,41.376,-0.455316,0.398982,0.051018,2,99.000000,14.194830,0,1,1,0,single,0,1
moving_020_r05_s10005,41.408,-0.458260,0.398960,0.051040,2,99.000000,14.197013,0,1,1,0,single,0,1
moving_020_r05_s10005,41.440,-0.461204,0.398939,0.051061,2,99.000000,14.199196,0,1,1,0,single,0,1
moving_020_r05_s10005,41.472,-0.464148,0.398918,0.051082,2,99.000000,14.201380,0,1,1,0,single,0,1
moving_020_r05_s10005,41.504,-0.467092,0.398896,0.051104,2,99.000000,14.203563,0,1,1,0,single,0,1
moving_020_r05_s10005,41.536,-0.470036,0.398875,0.051125,2,99.000000,14.205748,0,1,1,0,single,0,1
moving_020_r05_s10005,41.568,-0.472980,0.398853,0.051147,2,99.000000,14.207932,0,1,1,0,single,0,1
moving_020_r05_s10005,41.600,-0.475924,0.398832,0.051168,2,99.000000,14.210117,0,1,1,0,single,0,1
moving_020_r05_s10005,41.632,-0.478868,0.398810,0.051190,2,99.000000,14.212302,0,1,1,0,single,0,1
moving_020_r05_s10005,41.664,-0.481812,0.398789,0.051211,2,99.000000,14.214487,0,1,1,0,single,0,1
moving_020_r05_s10005,41.696,-0.484756,0.398767,0.051233,2,99.000000,14.216672,0,1,1,0,single,0,1
moving_020_r05_s10005,41.728,-0.487700,0.398746,0.051254,2,99.000000,14.218858,0,1,1,0,single,0,1
moving_020_r05_s10005,41.760,-0.490644,0.398725,0.051275,2,99.000000,14.221044,0,1,1,0,single,0,1
moving_020_r05_s10005,41.792,-0.493587,0.398703,0.051297,2,99.000000,14.223230,0,1,1,0,single,0,1
moving_020_r05_s10005,41.824,-0.496531,0.398682,0.051318,2,99.000000,14.225417,0,1,1,0,single,0,1
moving_020_r05_s10005,41.856,-0.499475,0.398660,0.051340,2,99.000000,14.227604,0,1,1,0,single,0,1
moving_020_r05_s10005,41.888,-0.502419,0.398639,0.051361,2,99.000000,14.229791,0,1,1,0,single,0,1
moving_020_r05_s10005,41.920,-0.505363,0.398618,0.051382,2,99.000000,14.231978,0,1,1,0,single,0,1
moving_020_r05_s10005,41.952,-0.508307,0.398596,0.051404,2,99.000000,14.234166,0,1,1,0,single,0,1
moving_020_r05_s10005,41.984,-0.511251,0.398575,0.051425,2,99.000000,14.236354,0,1,1,0,single,0,1
moving_020_r05_s10005,42.016,-0.514195,0.398553,0.051447,2,99.000000,14.238542,0,1,1,0,single,0,1
moving_020_r05_s10005,42.048,-0.517139,0.398532,0.051468,2,99.000000,14.240730,0,1,1,0,single,0,1
moving_020_r05_s10005,42.080,-0.520083,0.398511,0.051489,2,99.000000,14.242919,0,1,1,0,single,0,1
moving_020_r05_s10005,42.112,-0.523027,0.398489,0.051511,2,99.000000,14.245108,0,1,1,0,single,0,1
moving_020_r05_s10005,42.144,-0.525971,0.398468,0.051532,2,99.000000,14.247297,0,1,1,0,single,0,1
moving_020_r05_s10005,42.176,-0.528915,0.398447,0.051553,2,99.000000,14.249487,0,1,1,0,single,0,1
moving_020_r05_s10005,42.208,-0.531858,0.398425,0.051575,2,99.000000,14.251676,0,1,1,0,single,0,1
moving_020_r05_s10005,42.240,-0.534802,0.398404,0.051596,2,99.000000,14.253866,0,1,1,0,single,0,1
moving_020_r05_s10005,42.272,-0.537746,0.398383,0.051617,2,99.000000,14.256057,0,1,1,0,single,0,1
moving_020_r05_s10005,42.304,-0.540690,0.398361,0.051639,2,99.000000,14.258247,0,1,1,0,single,0,1
moving_020_r05_s10005,42.336,-0.543634,0.398340,0.051660,2,99.000000,14.260438,0,1,1,0,single,0,1
moving_020_r05_s10005,42.368,-0.546578,0.398319,0.051681,2,99.000000,14.262629,0,1,1,0,single,0,1
moving_020_r05_s10005,42.400,-0.549522,0.398297,0.051703,2,99.000000,14.264821,0,1,1,0,single,0,1
moving_020_r05_s10005,42.432,-0.552466,0.398276,0.051724,2,99.000000,14.267012,0,1,1,0,single,0,1
moving_020_r05_s10005,42.464,-0.555410,0.398255,0.051745,2,99.000000,14.269204,0,1,1,0,single,0,1
moving_020_r05_s10005,42.496,-0.558354,0.398233,0.051767,2,99.000000,14.271396,0,1,1,0,single,0,1
moving_020_r05_s10005,42.528,-0.561298,0.398212,0.051788,2,99.000000,14.273589,0,1,1,0,single,0,1
moving_020_r05_s10005,42.560,-0.564242,0.398191,0.051809,2,99.000000,14.275782,0,1,1,0,single,0,1
moving_020_r05_s10005,42.592,-0.567186,0.398169,0.051831,2,99.000000,14.277975,0,1,1,0,single,0,1
moving_020_r05_s10005,42.624,-0.570129,0.398148,0.051852,2,99.000000,14.280168,0,1,1,0,single,0,1
moving_020_r05_s10005,42.656,-0.573073,0.398127,0.051873,2,99.000000,14.282361,0,1,1,0,single,0,1
moving_020_r05_s10005,42.688,-0.576017,0.398105,0.051895,2,99.000000,14.284555,0,1,1,0,single,0,1
moving_020_r05_s10005,42.720,-0.578961,0.398084,0.051916,2,99.000000,14.286749,0,1,1,0,single,0,1
moving_020_r05_s10005,42.752,-0.581905,0.398063,0.051937,2,99.000000,14.288944,0,1,1,0,single,0,1
moving_020_r05_s10005,42.784,-0.584849,0.398042,0.051958,2,99.000000,14.291138,0,1,1,0,single,0,1
moving_020_r05_s10005,42.816,-0.587793,0.398020,0.051980,2,99.000000,14.293333,0,1,1,0,single,0,1
moving_020_r05_s10005,42.848,-0.590737,0.397999,0.052001,2,99.000000,14.295528,0,1,1,0,single,0,1
moving_020_r05_s10005,42.880,-0.593681,0.397978,0.052022,2,99.000000,14.297724,0,1,1,0,single,0,1
moving_020_r05_s10005,42.912,-0.596625,0.397957,0.052043,2,99.000000,14.299919,0,1,1,0,single,0,1
moving_020_r05_s10005,42.944,-0.599569,0.397935,0.052065,2,99.000000,14.302115,0,1,1,0,single,0,1
moving_020_r05_s10005,42.976,-0.602513,0.397914,0.052086,2,99.000000,14.304312,0,1,1,0,single,0,1
moving_020_r05_s10005,43.008,-0.605457,0.397893,0.052107,2,99.000000,14.306508,0,1,1,0,single,0,1
moving_020_r05_s10005,43.040,-0.608400,0.397872,0.052128,2,99.000000,14.308705,0,1,1,0,single,0,1
moving_020_r05_s10005,43.072,-0.611344,0.397850,0.052150,2,99.000000,14.310902,0,1,1,0,single,0,1
moving_020_r05_s10005,43.104,-0.614288,0.397829,0.052171,2,99.000000,14.313099,0,1,1,0,single,0,1
moving_020_r05_s10005,43.136,-0.617232,0.397808,0.052192,2,99.000000,14.315296,0,1,1,0,single,0,1
moving_020_r05_s10005,43.168,-0.620176,0.397787,0.052213,2,99.000000,14.317494,0,1,1,0,single,0,1
moving_020_r05_s10005,43.200,-0.623120,0.397765,0.052235,2,99.000000,14.319692,0,1,1,0,single,0,1
moving_020_r05_s10005,43.232,-0.626064,0.397744,0.052256,2,99.000000,14.321891,0,1,1,0,single,0,1
moving_020_r05_s10005,43.264,-0.629008,0.397723,0.052277,2,99.000000,14.324089,0,1,1,0,single,0,1
moving_020_r05_s10005,43.296,-0.631952,0.397702,0.052298,2,99.000000,14.326288,0,1,1,0,single,0,1
moving_020_r05_s10005,43.328,-0.634896,0.397681,0.052319,2,99.000000,14.328487,0,1,1,0,single,0,1
moving_020_r05_s10005,43.360,-0.637840,0.397659,0.052341,2,99.000000,14.330687,0,1,1,0,single,0,1
moving_020_r05_s10005,43.392,-0.640784,0.397638,0.052362,2,99.000000,14.332886,0,1,1,0,single,0,1
moving_020_r05_s10005,43.424,-0.643728,0.397617,0.052383,2,99.000000,14.335086,0,1,1,0,single,0,1
moving_020_r05_s10005,43.456,-0.646671,0.397596,0.052404,2,99.000000,14.337286,0,1,1,0,single,0,1
moving_020_r05_s10005,43.488,-0.649615,0.397575,0.052425,2,99.000000,14.339487,0,1,1,0,single,0,1
moving_020_r05_s10005,43.520,-0.652559,0.397553,0.052447,2,99.000000,14.341687,0,1,1,0,single,0,1
moving_020_r05_s10005,43.552,-0.655503,0.397532,0.052468,2,99.000000,14.343888,0,1,1,0,single,0,1
moving_020_r05_s10005,43.584,-0.658447,0.397511,0.052489,2,99.000000,14.346090,0,1,1,0,single,0,1
moving_020_r05_s10005,43.616,-0.661391,0.397490,0.052510,2,99.000000,14.348291,0,1,1,0,single,0,1
moving_020_r05_s10005,43.648,-0.664335,0.397469,0.052531,2,99.000000,14.350493,0,1,1,0,single,0,1
moving_020_r05_s10005,43.680,-0.667279,0.397448,0.052552,2,99.000000,14.352695,0,1,1,0,single,0,1
moving_020_r05_s10005,43.712,-0.670223,0.397426,0.052574,2,99.000000,14.354897,0,1,1,0,single,0,1
moving_020_r05_s10005,43.744,-0.673167,0.397405,0.052595,2,99.000000,14.357100,0,1,1,0,single,0,1
moving_020_r05_s10005,43.776,-0.676111,0.397384,0.052616,2,99.000000,14.359303,0,1,1,0,single,0,1
moving_020_r05_s10005,43.808,-0.679055,0.397363,0.052637,2,99.000000,14.361506,0,1,1,0,single,0,1
moving_020_r05_s10005,43.840,-0.681999,0.397342,0.052658,2,99.000000,14.363709,0,1,1,0,single,0,1
moving_020_r05_s10005,43.872,-0.684942,0.397321,0.052679,2,99.000000,14.365913,0,1,1,0,single,0,1
moving_020_r05_s10005,43.904,-0.687886,0.397300,0.052700,2,99.000000,14.368116,0,1,1,0,single,0,1
moving_020_r05_s10005,43.936,-0.690830,0.397283,0.052717,2,99.000000,14.370317,0,1,1,0,single,0,1
moving_020_r05_s10005,43.968,-0.693774,0.397271,0.052729,2,99.000000,14.372516,0,1,1,0,single,0,1
moving_020_r05_s10005,44.000,-0.696718,0.397261,0.052739,2,99.000000,14.374713,0,1,1,0,single,0,1
moving_020_r05_s10005,44.032,-0.699662,0.397256,0.052744,2,99.000000,14.376908,0,1,1,0,single,0,1
moving_020_r05_s10005,44.064,-0.702606,0.397254,0.052746,2,99.000000,14.379100,0,1,1,0,single,0,1
moving_020_r05_s10005,44.096,-0.705550,0.397255,0.052745,2,99.000000,14.381291,0,1,1,0,single,0,1
moving_020_r05_s10005,44.128,-0.708494,0.397255,0.052745,2,99.000000,14.383482,0,1,1,0,single,0,1
moving_020_r05_s10005,44.160,-0.711438,0.397259,0.052741,2,99.000000,14.385672,0,1,1,0,single,0,1
moving_020_r05_s10005,44.192,-0.714382,0.397272,0.052728,2,99.000000,14.387855,0,1,1,0,single,0,1
moving_020_r05_s10005,44.224,-0.717326,0.397291,0.052709,2,99.000000,14.390035,0,1,1,0,single,0,1
moving_020_r05_s10005,44.256,-0.720270,0.397318,0.052682,2,99.000000,14.392210,0,1,1,0,single,0,1
moving_020_r05_s10005,44.288,-0.723214,0.397349,0.052651,2,99.000000,14.394382,0,1,1,0,single,0,1
moving_020_r05_s10005,44.320,-0.726158,0.397382,0.052618,2,99.000000,14.396553,0,1,1,0,single,0,1
moving_020_r05_s10005,44.352,-0.729102,0.397422,0.052578,2,99.000000,14.398720,0,1,1,0,single,0,1
moving_020_r05_s10005,44.384,-0.732045,0.397464,0.052536,2,99.000000,14.400886,0,1,1,0,single,0,1
moving_020_r05_s10005,44.416,-0.734989,0.397504,0.052496,2,99.000000,14.403053,0,1,1,0,single,0,1
moving_020_r05_s10005,44.448,-0.737933,0.397544,0.052456,2,99.000000,14.405220,0,1,1,0,single,0,1
moving_020_r05_s10005,44.480,-0.740877,0.397583,0.052417,2,99.000000,14.407388,0,1,1,0,single,0,1
moving_020_r05_s10005,44.512,-0.743820,0.397623,0.052377,2,99.000000,14.409557,0,1,1,0,single,0,1
moving_020_r05_s10005,44.544,-0.746764,0.397662,0.052338,2,99.000000,14.411726,0,1,1,0,single,0,1
moving_020_r05_s10005,44.576,-0.749708,0.397701,0.052299,2,99.000000,14.413895,0,1,1,0,single,0,1
moving_020_r05_s10005,44.608,-0.752651,0.397740,0.052251,2,99.000000,14.416065,0,1,1,0,single,0,1
moving_020_r05_s10005,44.640,-0.755595,0.397778,0.052182,2,99.000000,14.418235,0,1,1,0,single,0,1
moving_020_r05_s10005,44.672,-0.758539,0.397817,0.052091,2,99.000000,14.420405,0,1,1,0,single,0,1
moving_020_r05_s10005,44.704,-0.761483,0.397856,0.051979,2,99.000000,14.422576,0,1,1,0,single,0,1
moving_020_r05_s10005,44.736,-0.764426,0.397894,0.051844,2,99.000000,14.424746,0,1,1,0,single,0,1
moving_020_r05_s10005,44.768,-0.767370,0.397933,0.051688,2,99.000000,14.426918,0,1,1,0,single,0,1
moving_020_r05_s10005,44.800,-0.770314,0.397972,0.051510,2,99.000000,14.429089,0,1,1,0,single,0,1
moving_020_r05_s10005,44.832,-0.773258,0.398010,0.051311,2,99.000000,14.431261,0,1,1,0,single,0,1
moving_020_r05_s10005,44.864,-0.776201,0.398049,0.051090,2,99.000000,14.433433,0,1,1,0,single,0,1
moving_020_r05_s10005,44.896,-0.779145,0.398076,0.050859,2,99.000000,14.435613,0,1,1,0,single,0,1
moving_020_r05_s10005,44.928,-0.782089,0.398093,0.050615,2,99.000000,14.437800,0,1,1,0,single,0,1
moving_020_r05_s10005,44.960,-0.785033,0.398124,0.050338,2,99.000000,14.439978,0,1,1,0,single,0,1
moving_020_r05_s10005,44.992,-0.787977,0.398147,0.050045,2,99.000000,14.442161,0,1,1,0,single,0,1
moving_020_r05_s10005,45.024,-0.790921,0.398165,0.049738,2,99.000000,14.444349,0,1,1,0,single,0,1
moving_020_r05_s10005,45.056,-0.793865,0.398175,0.049416,2,99.000000,14.446542,0,1,1,0,single,0,1
moving_020_r05_s10005,45.088,-0.796809,0.398176,0.049082,2,99.000000,14.448741,0,1,1,0,single,0,1
moving_020_r05_s10005,45.120,-0.799754,0.398166,0.048738,2,99.000000,14.450948,0,1,1,0,single,0,1
moving_020_r05_s10005,45.152,-0.802698,0.398142,0.048385,2,99.000000,14.453164,0,1,1,0,single,0,1
moving_020_r05_s10005,45.184,-0.805642,0.398107,0.048023,2,99.000000,14.455388,0,1,1,0,single,0,1
moving_020_r05_s10005,45.216,-0.808586,0.398057,0.047655,2,99.000000,14.457622,0,1,1,0,single,0,1
moving_020_r05_s10005,45.248,-0.811529,0.397989,0.047283,2,99.000000,14.459868,0,1,1,0,single,0,1
moving_020_r05_s10005,45.280,-0.814472,0.397901,0.046910,2,99.000000,14.462127,0,1,1,0,single,0,1
moving_020_r05_s10005,45.312,-0.817415,0.397792,0.046536,2,99.000000,14.464400,0,1,1,0,single,0,1
moving_020_r05_s10005,45.344,-0.820357,0.397659,0.046164,2,99.000000,14.466688,0,1,1,0,single,0,1
moving_020_r05_s10005,45.376,-0.823297,0.397498,0.045801,2,99.000000,14.468995,0,1,1,0,single,0,1
moving_020_r05_s10005,45.408,-0.826236,0.397307,0.045445,2,99.000000,14.471321,0,1,1,0,single,0,1
moving_020_r05_s10005,45.440,-0.829173,0.397081,0.045102,2,99.000000,14.473667,0,1,1,0,single,0,1
moving_020_r05_s10005,45.472,-0.832108,0.396819,0.044775,2,99.000000,14.476037,0,1,1,0,single,0,1
moving_020_r05_s10005,45.504,-0.835038,0.396517,0.044467,2,99.000000,14.478430,0,1,1,0,single,0,1
moving_020_r05_s10005,45.536,-0.837964,0.396173,0.044179,2,99.000000,14.480848,0,1,1,0,single,0,1
moving_020_r05_s10005,45.568,-0.840885,0.395786,0.043913,2,99.000000,14.483290,0,1,1,0,single,0,1
moving_020_r05_s10005,45.600,-0.843800,0.395360,0.043665,2,99.000000,14.485755,0,1,1,0,single,0,1
moving_020_r05_s10005,45.632,-0.846709,0.394894,0.043436,2,99.000000,14.488241,0,1,1,0,single,0,1
moving_020_r05_s10005,45.664,-0.849609,0.394382,0.043233,2,99.000000,14.490752,0,1,1,0,single,0,1
moving_020_r05_s10005,45.696,-0.852501,0.393838,0.043042,2,99.000000,14.493279,0,1,1,0,single,0,1
moving_020_r05_s10005,45.728,-0.855392,0.393286,0.042837,2,99.000000,14.495809,0,1,1,0,single,0,1
moving_020_r05_s10005,45.760,-0.858279,0.392711,0.042635,2,99.000000,14.498353,0,1,1,0,single,0,1
moving_020_r05_s10005,45.792,-0.861160,0.392109,0.042439,2,99.000000,14.500909,0,1,1,0,single,0,1
moving_020_r05_s10005,45.824,-0.864036,0.391487,0.042242,2,99.000000,14.503476,0,1,1,0,single,0,1
moving_020_r05_s10005,45.856,-0.866911,0.390852,0.042037,2,99.000000,14.506049,0,1,1,0,single,0,1
moving_020_r05_s10005,45.888,-0.869779,0.390185,0.041844,2,99.000000,14.508640,0,1,1,0,single,0,1
moving_020_r05_s10005,45.920,-0.872635,0.389468,0.041681,2,99.000000,14.511255,0,1,1,0,single,0,1
moving_020_r05_s10005,45.952,-0.875481,0.388705,0.041543,2,99.000000,14.513893,0,1,1,0,single,0,1
moving_020_r05_s10005,45.984,-0.878314,0.387896,0.041432,2,99.000000,14.516551,0,1,1,0,single,0,1
moving_020_r05_s10005,46.016,-0.881134,0.387043,0.041346,2,99.000000,14.519229,0,1,1,0,single,0,1
moving_020_r05_s10005,46.048,-0.883941,0.386147,0.041283,2,99.000000,14.521926,0,1,1,0,single,0,1
moving_020_r05_s10005,46.080,-0.886733,0.385207,0.041245,2,99.000000,14.524641,0,1,1,0,single,0,1
moving_020_r05_s10005,46.112,-0.889510,0.384227,0.041229,2,99.000000,14.527371,0,1,1,0,single,0,1
moving_020_r05_s10005,46.144,-0.892273,0.383207,0.041234,2,99.000000,14.530118,0,1,1,0,single,0,1
moving_020_r05_s10005,46.176,-0.895021,0.382149,0.041260,2,99.000000,14.532878,0,1,1,0,single,0,1
moving_020_r05_s10005,46.208,-0.897755,0.381057,0.041300,2,99.000000,14.535650,0,1,1,0,single,0,1
moving_020_r05_s10005,46.240,-0.900476,0.379934,0.041353,2,99.000000,14.538433,0,1,1,0,single,0,1
moving_020_r05_s10005,46.272,-0.903184,0.378781,0.041416,2,99.000000,14.541226,0,1,1,0,single,0,1
moving_020_r05_s10005,46.304,-0.905881,0.377604,0.041486,2,99.000000,14.544028,0,1,1,0,single,0,1
moving_020_r05_s10005,46.336,-0.908567,0.376402,0.041561,2,99.000000,14.546837,0,1,1,0,single,0,1
moving_020_r05_s10005,46.368,-0.911243,0.375178,0.041640,2,99.000000,14.549654,0,1,1,0,single,0,1
moving_020_r05_s10005,46.400,-0.913910,0.373934,0.041719,2,99.000000,14.552476,0,1,1,0,single,0,1
moving_020_r05_s10005,46.432,-0.916568,0.372673,0.041797,2,99.000000,14.555305,0,1,1,0,single,0,1
moving_020_r05_s10005,46.464,-0.919218,0.371394,0.041872,2,99.000000,14.558138,0,1,1,0,single,0,1
moving_020_r05_s10005,46.496,-0.921870,0.370118,0.041923,2,99.000000,14.560971,0,1,1,0,single,0,1
moving_020_r05_s10005,46.528,-0.924514,0.368826,0.041971,2,99.000000,14.563809,0,1,1,0,single,0,1
moving_020_r05_s10005,46.560,-0.927153,0.367524,0.042008,2,99.000000,14.566649,0,1,1,0,single,0,1
moving_020_r05_s10005,46.592,-0.929789,0.366214,0.042033,2,99.000000,14.569493,0,1,1,0,single,0,1
moving_020_r05_s10005,46.624,-0.932418,0.364890,0.042053,2,99.000000,14.572341,0,1,1,0,single,0,1
moving_020_r05_s10005,46.656,-0.935037,0.363546,0.042073,2,99.000000,14.575194,0,1,1,0,single,0,1
moving_020_r05_s10005,46.688,-0.937646,0.362181,0.042096,2,99.000000,14.578054,0,1,1,0,single,0,1
moving_020_r05_s10005,46.720,-0.940246,0.360798,0.042117,2,99.000000,14.580918,0,1,1,0,single,0,1
moving_020_r05_s10005,46.752,-0.942835,0.359396,0.042139,2,99.000000,14.583788,0,1,1,0,single,0,1
moving_020_r05_s10005,46.784,-0.945412,0.357972,0.042165,2,99.000000,14.586663,0,1,1,0,single,0,1
moving_020_r05_s10005,46.816,-0.947978,0.356527,0.042193,2,99.000000,14.589544,0,1,1,0,single,0,1
moving_020_r05_s10005,46.848,-0.950532,0.355062,0.042224,2,99.000000,14.592429,0,1,1,0,single,0,1
moving_020_r05_s10005,46.880,-0.953073,0.353573,0.042259,2,99.000000,14.595319,0,1,1,0,single,0,1
moving_020_r05_s10005,46.912,-0.955601,0.352064,0.042299,2,99.000000,14.598214,0,1,1,0,single,0,1
moving_020_r05_s10005,46.944,-0.958116,0.350532,0.042342,2,99.000000,14.601114,0,1,1,0,single,0,1
moving_020_r05_s10005,46.976,-0.960617,0.348979,0.042390,2,99.000000,14.604018,0,1,1,0,single,0,1
moving_020_r05_s10005,47.008,-0.963107,0.347407,0.042438,2,99.000000,14.606925,0,1,1,0,single,0,1
moving_020_r05_s10005,47.040,-0.965584,0.345816,0.042489,2,99.000000,14.609836,0,1,1,0,single,0,1
moving_020_r05_s10005,47.072,-0.968048,0.344205,0.042542,2,99.000000,14.612750,0,1,1,0,single,0,1
moving_020_r05_s10005,47.104,-0.970501,0.342576,0.042595,2,99.000000,14.615667,0,1,1,0,single,0,1
moving_020_r05_s10005,47.136,-0.972941,0.340930,0.042647,2,99.000000,14.618586,0,1,1,0,single,0,1
moving_020_r05_s10005,47.168,-0.975371,0.339269,0.042697,2,99.000000,14.621508,0,1,1,0,single,0,1
moving_020_r05_s10005,47.200,-0.977791,0.337593,0.042744,2,99.000000,14.624432,0,1,1,0,single,0,1
moving_020_r05_s10005,47.232,-0.980201,0.335902,0.042787,2,99.000000,14.627358,0,1,1,0,single,0,1
moving_020_r05_s10005,47.264,-0.982607,0.334207,0.042815,2,99.000000,14.630284,0,1,1,0,single,0,1
moving_020_r05_s10005,47.296,-0.985006,0.332502,0.042833,2,99.000000,14.633212,0,1,1,0,single,0,1
moving_020_r05_s10005,47.328,-0.987400,0.330789,0.042838,2,99.000000,14.636140,0,1,1,0,single,0,1
moving_020_r05_s10005,47.360,-0.989788,0.329068,0.042835,2,99.000000,14.639070,0,1,1,0,single,0,1
moving_020_r05_s10005,47.392,-0.992167,0.327334,0.042823,2,99.000000,14.642001,0,1,1,0,single,0,1
moving_020_r05_s10005,47.424,-0.994535,0.325585,0.042811,2,99.000000,14.644935,0,1,1,0,single,0,1
moving_020_r05_s10005,47.456,-0.996892,0.323820,0.042796,2,99.000000,14.647870,0,1,1,0,single,0,1
moving_020_r05_s10005,47.488,-0.999236,0.322038,0.042781,2,99.000000,14.650807,0,1,1,0,single,0,1
moving_020_r05_s10005,47.520,-1.001566,0.320238,0.042768,2,99.000000,14.653745,0,1,1,0,single,0,1
moving_020_r05_s10005,47.552,-1.003884,0.318422,0.042753,2,99.000000,14.656685,0,1,1,0,single,0,1
moving_020_r05_s10005,47.584,-1.006188,0.316589,0.042740,2,99.000000,14.659626,0,1,1,0,single,0,1
moving_020_r05_s10005,47.616,-1.008475,0.314734,0.042732,2,99.000000,14.662568,0,1,1,0,single,0,1
moving_020_r05_s10005,47.648,-1.010746,0.312860,0.042729,2,99.000000,14.665511,0,1,1,0,single,0,1
moving_020_r05_s10005,47.680,-1.013003,0.310968,0.042727,2,99.000000,14.668455,0,1,1,0,single,0,1
moving_020_r05_s10005,47.712,-1.015242,0.309056,0.042730,2,99.000000,14.671399,0,1,1,0,single,0,1
moving_020_r05_s10005,47.744,-1.017465,0.307125,0.042736,2,99.000000,14.674343,0,1,1,0,single,0,1
moving_020_r05_s10005,47.776,-1.019673,0.305178,0.042745,2,99.000000,14.677288,0,1,1,0,single,0,1
moving_020_r05_s10005,47.808,-1.021865,0.303212,0.042755,2,99.000000,14.680232,0,1,1,0,single,0,1
moving_020_r05_s10005,47.840,-1.024042,0.301230,0.042767,2,99.000000,14.683175,0,1,1,0,single,0,1
moving_020_r05_s10005,47.872,-1.026203,0.299230,0.042782,2,99.000000,14.686119,0,1,1,0,single,0,1
moving_020_r05_s10005,47.904,-1.028349,0.297216,0.042796,2,99.000000,14.689061,0,1,1,0,single,0,1
moving_020_r05_s10005,47.936,-1.030481,0.295185,0.042810,2,99.000000,14.692002,0,1,1,0,single,0,1
moving_020_r05_s10005,47.968,-1.032601,0.293143,0.042819,2,99.000000,14.694943,0,1,1,0,single,0,1
moving_020_r05_s10005,48.000,-1.034706,0.291086,0.042828,2,99.000000,14.697882,0,1,1,0,single,0,1
moving_020_r05_s10005,48.032,-1.036805,0.289022,0.042826,2,99.000000,14.700821,0,1,1,0,single,0,1
moving_020_r05_s10005,48.064,-1.038894,0.286949,0.042815,2,99.000000,14.703759,0,1,1,0,single,0,1
moving_020_r05_s10005,48.096,-1.040976,0.284869,0.042793,2,99.000000,14.706697,0,1,1,0,single,0,1
moving_020_r05_s10005,48.128,-1.043052,0.282782,0.042759,2,99.000000,14.709634,0,1,1,0,single,0,1
moving_020_r05_s10005,48.160,-1.045118,0.280685,0.042718,2,99.000000,14.712570,0,1,1,0,single,0,1
moving_020_r05_s10005,48.192,-1.047169,0.278574,0.042676,2,99.000000,14.715505,0,1,1,0,single,0,1
moving_020_r05_s10005,48.224,-1.049206,0.276447,0.042634,2,99.000000,14.718438,0,1,1,0,single,0,1
moving_020_r05_s10005,48.256,-1.051226,0.274305,0.042593,2,99.000000,14.721370,0,1,1,0,single,0,1
moving_020_r05_s10005,48.288,-1.053228,0.272146,0.042556,2,99.000000,14.724299,0,1,1,0,single,0,1
moving_020_r05_s10005,48.320,-1.055211,0.269969,0.042524,2,99.000000,14.727226,0,1,1,0,single,0,1
moving_020_r05_s10005,48.352,-1.057174,0.267775,0.042496,2,99.000000,14.730150,0,1,1,0,single,0,1
moving_020_r05_s10005,48.384,-1.059117,0.265562,0.042475,2,99.000000,14.733071,0,1,1,0,single,0,1
moving_020_r05_s10005,48.416,-1.061038,0.263329,0.042462,2,99.000000,14.735987,0,1,1,0,single,0,1
moving_020_r05_s10005,48.448,-1.062936,0.261078,0.042457,2,99.000000,14.738900,0,1,1,0,single,0,1
moving_020_r05_s10005,48.480,-1.064813,0.258809,0.042460,2,99.000000,14.741808,0,1,1,0,single,0,1
moving_020_r05_s10005,48.512,-1.066667,0.256521,0.042469,2,99.000000,14.744711,0,1,1,0,single,0,1
moving_020_r05_s10005,48.544,-1.068499,0.254216,0.042486,3,99.000000,14.747609,0,1,1,0,single,0,1
moving_020_r05_s10005,48.576,-1.070310,0.251895,0.042508,3,99.000000,14.750502,0,1,1,0,single,0,1
moving_020_r05_s10005,48.608,-1.072100,0.249558,0.042535,3,99.000000,14.753390,0,1,1,0,single,0,1
moving_020_r05_s10005,48.640,-1.073871,0.247206,0.042565,3,99.000000,14.756273,0,1,1,0,single,0,1
moving_020_r05_s10005,48.672,-1.075623,0.244841,0.042597,3,99.000000,14.759151,0,1,1,0,single,0,1
moving_020_r05_s10005,48.704,-1.077359,0.242464,0.042627,3,99.000000,14.762025,0,1,1,0,single,0,1
moving_020_r05_s10005,48.736,-1.079081,0.240077,0.042653,3,99.000000,14.764895,0,1,1,0,single,0,1
moving_020_r05_s10005,48.768,-1.080785,0.237678,0.042680,3,99.000000,14.767760,0,1,1,0,single,0,1
moving_020_r05_s10005,48.800,-1.082476,0.235270,0.042701,3,99.000000,14.770621,0,1,1,0,single,0,1
moving_020_r05_s10005,48.832,-1.084163,0.232858,0.042707,3,99.000000,14.773480,0,1,1,0,single,0,1
moving_020_r05_s10005,48.864,-1.085838,0.230439,0.042705,3,99.000000,14.776337,0,1,1,0,single,0,1
moving_020_r05_s10005,48.896,-1.087504,0.228013,0.042693,3,99.000000,14.779191,0,1,1,0,single,0,1
moving_020_r05_s10005,48.928,-1.089160,0.225579,0.042673,3,99.000000,14.782042,0,1,1,0,single,0,1
moving_020_r05_s10005,48.960,-1.090798,0.223133,0.042653,3,99.000000,14.784888,0,1,1,0,single,0,1
moving_020_r05_s10005,48.992,-1.092419,0.220676,0.042632,3,99.000000,14.787729,0,1,1,0,single,0,1
moving_020_r05_s10005,49.024,-1.094021,0.218206,0.042613,3,99.000000,14.790565,0,1,1,0,single,0,1
moving_020_r05_s10005,49.056,-1.095605,0.215724,0.042595,3,99.000000,14.793394,0,1,1,0,single,0,1
moving_020_r05_s10005,49.088,-1.097167,0.213228,0.042580,3,99.000000,14.796217,0,1,1,0,single,0,1
moving_020_r05_s10005,49.120,-1.098708,0.210719,0.042570,3,99.000000,14.799032,0,1,1,0,single,0,1
moving_020_r05_s10005,49.152,-1.100226,0.208196,0.042564,3,99.000000,14.801839,0,1,1,0,single,0,1
moving_020_r05_s10005,49.184,-1.101721,0.205659,0.042566,3,99.000000,14.804639,0,1,1,0,single,0,1
moving_020_r05_s10005,49.216,-1.103192,0.203108,0.042573,3,99.000000,14.807429,0,1,1,0,single,0,1
moving_020_r05_s10005,49.248,-1.104639,0.200544,0.042586,3,99.000000,14.810211,0,1,1,0,single,0,1
moving_020_r05_s10005,49.280,-1.106065,0.197968,0.042602,3,99.000000,14.812984,0,1,1,0,single,0,1
moving_020_r05_s10005,49.312,-1.107468,0.195380,0.042622,3,99.000000,14.815749,0,1,1,0,single,0,1
moving_020_r05_s10005,49.344,-1.108852,0.192782,0.042643,3,99.000000,14.818506,0,1,1,0,single,0,1
moving_020_r05_s10005,49.376,-1.110215,0.190173,0.042667,3,99.000000,14.821255,0,1,1,0,single,0,1
moving_020_r05_s10005,49.408,-1.111557,0.187553,0.042692,3,99.000000,14.823995,0,1,1,0,single,0,1
moving_020_r05_s10005,49.440,-1.112878,0.184923,0.042720,3,99.000000,14.826726,0,1,1,0,single,0,1
moving_020_r05_s10005,49.472,-1.114181,0.182283,0.042747,3,99.000000,14.829450,0,1,1,0,single,0,1
moving_020_r05_s10005,49.504,-1.115466,0.179635,0.042773,3,99.000000,14.832166,0,1,1,0,single,0,1
moving_020_r05_s10005,49.536,-1.116731,0.176978,0.042799,3,99.000000,14.834873,0,1,1,0,single,0,1
moving_020_r05_s10005,49.568,-1.117983,0.174315,0.042818,3,99.000000,14.837576,0,1,1,0,single,0,1
moving_020_r05_s10005,49.600,-1.119242,0.171653,0.042809,3,99.000000,14.840282,0,1,1,0,single,0,1
moving_020_r05_s10005,49.632,-1.120483,0.168984,0.042798,3,99.000000,14.842979,0,1,1,0,single,0,1
moving_020_r05_s10005,49.664,-1.121714,0.166311,0.042776,3,99.000000,14.845672,0,1,1,0,single,0,1
moving_020_r05_s10005,49.696,-1.122936,0.163633,0.042745,3,99.000000,14.848360,0,1,1,0,single,0,1
moving_020_r05_s10005,49.728,-1.124140,0.160947,0.042710,3,99.000000,14.851042,0,1,1,0,single,0,1
moving_020_r05_s10005,49.760,-1.125324,0.158252,0.042677,3,99.000000,14.853715,0,1,1,0,single,0,1
moving_020_r05_s10005,49.792,-1.126488,0.155548,0.042645,3,99.000000,14.856378,0,1,1,0,single,0,1
moving_020_r05_s10005,49.824,-1.127628,0.152833,0.042617,3,99.000000,14.859031,0,1,1,0,single,0,1
moving_020_r05_s10005,49.856,-1.128746,0.150110,0.042591,3,99.000000,14.861673,0,1,1,0,single,0,1
moving_020_r05_s10005,49.888,-1.129840,0.147376,0.042571,3,99.000000,14.864304,0,1,1,0,single,0,1
moving_020_r05_s10005,49.920,-1.130908,0.144632,0.042558,3,99.000000,14.866923,0,1,1,0,single,0,1
moving_020_r05_s10005,49.952,-1.131950,0.141878,0.042550,3,99.000000,14.869529,0,1,1,0,single,0,1
moving_020_r05_s10005,49.984,-1.132965,0.139113,0.042551,3,99.000000,14.872121,0,1,1,0,single,0,1
moving_020_r05_s10005,50.016,-1.133952,0.136339,0.042560,3,99.000000,14.874699,0,1,1,0,single,0,1
moving_020_r05_s10005,50.048,-1.134914,0.133557,0.042573,3,99.000000,14.877265,0,1,1,0,single,0,1
moving_020_r05_s10005,50.080,-1.135853,0.130767,0.042590,3,99.000000,14.879818,0,1,1,0,single,0,1
moving_020_r05_s10005,50.112,-1.136768,0.127970,0.042611,3,99.000000,14.882358,0,1,1,0,single,0,1
moving_020_r05_s10005,50.144,-1.137659,0.125165,0.042636,3,99.000000,14.884886,0,1,1,0,single,0,1
moving_020_r05_s10005,50.176,-1.138528,0.122353,0.042662,3,99.000000,14.887402,0,1,1,0,single,0,1
moving_020_r05_s10005,50.208,-1.139375,0.119535,0.042690,3,99.000000,14.889905,0,1,1,0,single,0,1
moving_020_r05_s10005,50.240,-1.140202,0.116711,0.042718,3,99.000000,14.892398,0,1,1,0,single,0,1
moving_020_r05_s10005,50.272,-1.141010,0.113882,0.042743,3,99.000000,14.894880,0,1,1,0,single,0,1
moving_020_r05_s10005,50.304,-1.141799,0.111047,0.042768,3,99.000000,14.897352,0,1,1,0,single,0,1
moving_020_r05_s10005,50.336,-1.142571,0.108207,0.042789,3,99.000000,14.899814,0,1,1,0,single,0,1
moving_020_r05_s10005,50.368,-1.143347,0.105369,0.042785,3,99.000000,14.902279,0,1,1,0,single,0,1
moving_020_r05_s10005,50.400,-1.144106,0.102526,0.042776,3,99.000000,14.904734,0,1,1,0,single,0,1
moving_020_r05_s10005,50.432,-1.144855,0.099681,0.042757,3,99.000000,14.907183,0,1,1,0,single,0,1
moving_020_r05_s10005,50.464,-1.145593,0.096833,0.042728,3,99.000000,14.909627,0,1,1,0,single,0,1
moving_020_r05_s10005,50.496,-1.146315,0.093980,0.042694,3,99.000000,14.912062,0,1,1,0,single,0,1
moving_020_r05_s10005,50.528,-1.147018,0.091121,0.042659,3,99.000000,14.914486,0,1,1,0,single,0,1
moving_020_r05_s10005,50.560,-1.147700,0.088258,0.042624,3,99.000000,14.916898,0,1,1,0,single,0,1
moving_020_r05_s10005,50.592,-1.148360,0.085389,0.042592,3,99.000000,14.919297,0,1,1,0,single,0,1
moving_020_r05_s10005,50.624,-1.148995,0.082514,0.042562,3,99.000000,14.921683,0,1,1,0,single,0,1
moving_020_r05_s10005,50.656,-1.149607,0.079634,0.042536,3,99.000000,14.924054,0,1,1,0,single,0,1
moving_020_r05_s10005,50.688,-1.150193,0.076749,0.042515,3,99.000000,14.926410,0,1,1,0,single,0,1
moving_020_r05_s10005,50.720,-1.150753,0.073858,0.042498,3,99.000000,14.928750,0,1,1,0,single,0,1
moving_020_r05_s10005,50.752,-1.151289,0.070963,0.042485,3,99.000000,14.931076,0,1,1,0,single,0,1
moving_020_r05_s10005,50.784,-1.151797,0.068063,0.042479,3,99.000000,14.933384,0,1,1,0,single,0,1
moving_020_r05_s10005,50.816,-1.152278,0.065158,0.042479,3,99.000000,14.935675,0,1,1,0,single,0,1
moving_020_r05_s10005,50.848,-1.152732,0.062250,0.042485,3,99.000000,14.937949,0,1,1,0,single,0,1
moving_020_r05_s10005,50.880,-1.153162,0.059338,0.042495,3,99.000000,14.940207,0,1,1,0,single,0,1
moving_020_r05_s10005,50.912,-1.153567,0.056423,0.042508,3,99.000000,14.942449,0,1,1,0,single,0,1
moving_020_r05_s10005,50.944,-1.153947,0.053505,0.042525,3,99.000000,14.944674,0,1,1,0,single,0,1
moving_020_r05_s10005,50.976,-1.154304,0.050585,0.042544,3,99.000000,14.946884,0,1,1,0,single,0,1
moving_020_r05_s10005,51.008,-1.154640,0.047663,0.042563,3,99.000000,14.949080,0,1,1,0,single,0,1
moving_020_r05_s10005,51.040,-1.154956,0.044739,0.042580,3,99.000000,14.951264,0,1,1,0,single,0,1
moving_020_r05_s10005,51.072,-1.155253,0.041813,0.042595,3,99.000000,14.953433,0,1,1,0,single,0,1
moving_020_r05_s10005,51.104,-1.155532,0.038883,0.042608,3,99.000000,14.955593,0,1,1,0,single,0,1
moving_020_r05_s10005,51.136,-1.155820,0.035953,0.042591,3,99.000000,14.957758,0,1,1,0,single,0,1
moving_020_r05_s10005,51.168,-1.156089,0.033025,0.042570,3,99.000000,14.959910,0,1,1,0,single,0,1
moving_020_r05_s10005,51.200,-1.156348,0.030093,0.042539,3,99.000000,14.962057,0,1,1,0,single,0,1
moving_020_r05_s10005,51.232,-1.156598,0.027160,0.042495,3,99.000000,14.964198,0,1,1,0,single,0,1
moving_020_r05_s10005,51.264,-1.156836,0.024225,0.042443,3,99.000000,14.966331,0,1,1,0,single,0,1
moving_020_r05_s10005,51.296,-1.157053,0.021289,0.042391,3,99.000000,14.968450,0,1,1,0,single,0,1
moving_020_r05_s10005,51.328,-1.157248,0.018351,0.042339,3,99.000000,14.970555,0,1,1,0,single,0,1
moving_020_r05_s10005,51.360,-1.157420,0.015412,0.042288,3,99.000000,14.972643,0,1,1,0,single,0,1
moving_020_r05_s10005,51.392,-1.157568,0.012471,0.042241,3,99.000000,14.974714,0,1,1,0,single,0,1
moving_020_r05_s10005,51.424,-1.157689,0.009528,0.042200,3,99.000000,14.976767,0,1,1,0,single,0,1
moving_020_r05_s10005,51.456,-1.157779,0.006584,0.042168,3,99.000000,14.978798,0,1,1,0,single,0,1
moving_020_r05_s10005,51.488,-1.157837,0.003640,0.042146,3,99.000000,14.980806,0,1,1,0,single,0,1
moving_020_r05_s10005,51.520,-1.157867,0.000695,0.042132,3,99.000000,14.982794,0,1,1,0,single,0,1
moving_020_r05_s10005,51.552,-1.157868,-0.002250,0.042126,3,99.000000,14.984760,0,1,1,0,single,0,1
moving_020_r05_s10005,51.584,-1.157840,-0.005195,0.042127,3,99.000000,14.986705,0,1,1,0,single,0,1
moving_020_r05_s10005,51.616,-1.157784,-0.008139,0.042135,3,99.000000,14.988629,0,1,1,0,single,0,1
moving_020_r05_s10005,51.648,-1.157699,-0.011082,0.042150,3,99.000000,14.990531,0,1,1,0,single,0,1
moving_020_r05_s10005,51.680,-1.157588,-0.014025,0.042171,3,99.000000,14.992413,0,1,1,0,single,0,1
moving_020_r05_s10005,51.712,-1.157450,-0.016966,0.042197,3,99.000000,14.994275,0,1,1,0,single,0,1
moving_020_r05_s10005,51.744,-1.157288,-0.019905,0.042226,3,99.000000,14.996119,0,1,1,0,single,0,1
moving_020_r05_s10005,51.776,-1.157098,-0.022844,0.042261,3,99.000000,14.997941,0,1,1,0,single,0,1
moving_020_r05_s10005,51.808,-1.156885,-0.025780,0.042299,3,99.000000,14.999744,0,1,1,0,single,0,1
moving_020_r05_s10005,51.840,-1.156653,-0.028714,0.042334,3,99.000000,15.001534,0,1,1,0,single,0,1
moving_020_r05_s10005,51.872,-1.156400,-0.031647,0.042370,3,99.000000,15.003306,0,1,1,0,single,0,1
moving_020_r05_s10005,51.904,-1.156139,-0.034579,0.042391,3,99.000000,15.005073,0,1,1,0,single,0,1
moving_020_r05_s10005,51.936,-1.155863,-0.037509,0.042407,3,99.000000,15.006828,0,1,1,0,single,0,1
moving_020_r05_s10005,51.968,-1.155575,-0.040439,0.042414,3,99.000000,15.008573,0,1,1,0,single,0,1
moving_020_r05_s10005,52.000,-1.155276,-0.043367,0.042410,3,99.000000,15.010310,0,1,1,0,single,0,1
moving_020_r05_s10005,52.032,-1.154964,-0.046295,0.042399,3,99.000000,15.012037,0,1,1,0,single,0,1
moving_020_r05_s10005,52.064,-1.154631,-0.049220,0.042386,3,99.000000,15.013747,0,1,1,0,single,0,1
moving_020_r05_s10005,52.096,-1.154277,-0.052143,0.042374,3,99.000000,15.015441,0,1,1,0,single,0,1
moving_020_r05_s10005,52.128,-1.153898,-0.055063,0.042366,3,99.000000,15.017114,0,1,1,0,single,0,1
moving_020_r05_s10005,52.160,-1.153493,-0.057979,0.042363,3,99.000000,15.018766,0,1,1,0,single,0,1
moving_020_r05_s10005,52.192,-1.153061,-0.060892,0.042365,3,99.000000,15.020397,0,1,1,0,single,0,1
moving_020_r05_s10005,52.224,-1.152602,-0.063801,0.042374,3,99.000000,15.022005,0,1,1,0,single,0,1
moving_020_r05_s10005,52.256,-1.152116,-0.066706,0.042388,3,99.000000,15.023590,0,1,1,0,single,0,1
moving_020_r05_s10005,52.288,-1.151601,-0.069605,0.042412,3,99.000000,15.025151,0,1,1,0,single,0,1
moving_020_r05_s10005,52.320,-1.151057,-0.072500,0.042443,3,99.000000,15.026687,0,1,1,0,single,0,1
moving_020_r05_s10005,52.352,-1.150485,-0.075388,0.042482,3,99.000000,15.028199,0,1,1,0,single,0,1
moving_020_r05_s10005,52.384,-1.149886,-0.078271,0.042525,3,99.000000,15.029688,0,1,1,0,single,0,1
moving_020_r05_s10005,52.416,-1.149262,-0.081149,0.042575,3,99.000000,15.031155,0,1,1,0,single,0,1
moving_020_r05_s10005,52.448,-1.148611,-0.084020,0.042630,3,99.000000,15.032598,0,1,1,0,single,0,1
moving_020_r05_s10005,52.480,-1.147937,-0.086886,0.042688,3,99.000000,15.034021,0,1,1,0,single,0,1
moving_020_r05_s10005,52.512,-1.147238,-0.089746,0.042750,3,99.000000,15.035422,0,1,1,0,single,0,1
moving_020_r05_s10005,52.544,-1.146517,-0.092601,0.042813,3,99.000000,15.036803,0,1,1,0,single,0,1
moving_020_r05_s10005,52.576,-1.145777,-0.095450,0.042876,3,99.000000,15.038166,0,1,1,0,single,0,1
moving_020_r05_s10005,52.608,-1.145017,-0.098294,0.042937,3,99.000000,15.039513,0,1,1,0,single,0,1
moving_020_r05_s10005,52.640,-1.144237,-0.101132,0.042999,3,99.000000,15.040840,0,1,1,0,single,0,1
moving_020_r05_s10005,52.672,-1.143449,-0.103968,0.043046,3,99.000000,15.042161,0,1,1,0,single,0,1
moving_020_r05_s10005,52.704,-1.142646,-0.106800,0.043089,3,99.000000,15.043469,0,1,1,0,single,0,1
moving_020_r05_s10005,52.736,-1.141828,-0.109628,0.043124,3,99.000000,15.044764,0,1,1,0,single,0,1
moving_020_r05_s10005,52.768,-1.140997,-0.112452,0.043154,3,99.000000,15.046046,0,1,1,0,single,0,1
moving_020_r05_s10005,52.800,-1.140148,-0.115271,0.043179,3,99.000000,15.047313,0,1,1,0,single,0,1
moving_020_r05_s10005,52.832,-1.139282,-0.118085,0.043203,3,99.000000,15.048562,0,1,1,0,single,0,1
moving_020_r05_s10005,52.864,-1.138395,-0.120892,0.043226,3,99.000000,15.049794,0,1,1,0,single,0,1
moving_020_r05_s10005,52.896,-1.137488,-0.123693,0.043248,3,99.000000,15.051007,0,1,1,0,single,0,1
moving_020_r05_s10005,52.928,-1.136559,-0.126487,0.043273,3,99.000000,15.052199,0,1,1,0,single,0,1
moving_020_r05_s10005,52.960,-1.135612,-0.129275,0.043295,3,99.000000,15.053374,0,1,1,0,single,0,1
moving_020_r05_s10005,52.992,-1.134645,-0.132056,0.043317,3,99.000000,15.054531,0,1,1,0,single,0,1
moving_020_r05_s10005,53.024,-1.133657,-0.134830,0.043341,3,99.000000,15.055667,0,1,1,0,single,0,1
moving_020_r05_s10005,53.056,-1.132648,-0.137596,0.043365,3,99.000000,15.056783,0,1,1,0,single,0,1
moving_020_r05_s10005,53.088,-1.131618,-0.140354,0.043390,3,99.000000,15.057879,0,1,1,0,single,0,1
moving_020_r05_s10005,53.120,-1.130568,-0.143105,0.043416,3,99.000000,15.058955,0,1,1,0,single,0,1
moving_020_r05_s10005,53.152,-1.129496,-0.145847,0.043442,3,99.000000,15.060010,0,1,1,0,single,0,1
moving_020_r05_s10005,53.184,-1.128405,-0.148582,0.043470,3,99.000000,15.061046,0,1,1,0,single,0,1
moving_020_r05_s10005,53.216,-1.127295,-0.151309,0.043495,3,99.000000,15.062064,0,1,1,0,single,0,1
moving_020_r05_s10005,53.248,-1.126167,-0.154028,0.043520,3,99.000000,15.063063,0,1,1,0,single,0,1
moving_020_r05_s10005,53.280,-1.125020,-0.156740,0.043543,3,99.000000,15.064044,0,1,1,0,single,0,1
moving_020_r05_s10005,53.312,-1.123854,-0.159443,0.043565,3,99.000000,15.065007,0,1,1,0,single,0,1
moving_020_r05_s10005,53.344,-1.122673,-0.162139,0.043584,3,99.000000,15.065952,0,1,1,0,single,0,1
moving_020_r05_s10005,53.376,-1.121478,-0.164830,0.043595,3,99.000000,15.066886,0,1,1,0,single,0,1
moving_020_r05_s10005,53.408,-1.120266,-0.167513,0.043604,3,99.000000,15.067801,0,1,1,0,single,0,1
moving_020_r05_s10005,53.440,-1.119048,-0.170192,0.043599,3,99.000000,15.068711,0,1,1,0,single,0,1
moving_020_r05_s10005,53.472,-1.117819,-0.172867,0.043584,3,99.000000,15.069609,0,1,1,0,single,0,1
moving_020_r05_s10005,53.504,-1.116581,-0.175538,0.043558,3,99.000000,15.070499,0,1,1,0,single,0,1
moving_020_r05_s10005,53.536,-1.115335,-0.178205,0.043519,3,99.000000,15.071381,0,1,1,0,single,0,1
moving_020_r05_s10005,53.568,-1.114077,-0.180867,0.043472,3,99.000000,15.072251,0,1,1,0,single,0,1
moving_020_r05_s10005,53.600,-1.112804,-0.183521,0.043421,3,99.000000,15.073106,0,1,1,0,single,0,1
moving_020_r05_s10005,53.632,-1.111515,-0.186168,0.043366,3,99.000000,15.073944,0,1,1,0,single,0,1
moving_020_r05_s10005,53.664,-1.110210,-0.188808,0.043306,3,99.000000,15.074766,0,1,1,0,single,0,1
moving_020_r05_s10005,53.696,-1.108888,-0.191438,0.043246,3,99.000000,15.075570,0,1,1,0,single,0,1
moving_020_r05_s10005,53.728,-1.107544,-0.194058,0.043188,3,99.000000,15.076351,0,1,1,0,single,0,1
moving_020_r05_s10005,53.760,-1.106179,-0.196668,0.043132,3,99.000000,15.077110,0,1,1,0,single,0,1
moving_020_r05_s10005,53.792,-1.104794,-0.199266,0.043077,3,99.000000,15.077848,0,1,1,0,single,0,1
moving_020_r05_s10005,53.824,-1.103388,-0.201853,0.043026,3,99.000000,15.078562,0,1,1,0,single,0,1
moving_020_r05_s10005,53.856,-1.101960,-0.204429,0.042978,3,99.000000,15.079254,0,1,1,0,single,0,1
moving_020_r05_s10005,53.888,-1.100512,-0.206993,0.042932,3,99.000000,15.079923,0,1,1,0,single,0,1
moving_020_r05_s10005,53.920,-1.099041,-0.209543,0.042891,3,99.000000,15.080566,0,1,1,0,single,0,1
moving_020_r05_s10005,53.952,-1.097547,-0.212081,0.042854,3,99.000000,15.081186,0,1,1,0,single,0,1
moving_020_r05_s10005,53.984,-1.096032,-0.214606,0.042822,3,99.000000,15.081780,0,1,1,0,single,0,1
moving_020_r05_s10005,54.016,-1.094497,-0.217118,0.042791,3,99.000000,15.082353,0,1,1,0,single,0,1
moving_020_r05_s10005,54.048,-1.092942,-0.219619,0.042763,3,99.000000,15.082904,0,1,1,0,single,0,1
moving_020_r05_s10005,54.080,-1.091368,-0.222106,0.042737,3,99.000000,15.083431,0,1,1,0,single,0,1
moving_020_r05_s10005,54.112,-1.089773,-0.224581,0.042713,3,99.000000,15.083936,0,1,1,0,single,0,1
moving_020_r05_s10005,54.144,-1.088161,-0.227044,0.042690,3,99.000000,15.084420,0,1,1,0,single,0,1
moving_020_r05_s10005,54.176,-1.086530,-0.229495,0.042666,3,99.000000,15.084884,0,1,1,0,single,0,1
moving_020_r05_s10005,54.208,-1.084888,-0.231938,0.042636,3,99.000000,15.085334,0,1,1,0,single,0,1
moving_020_r05_s10005,54.240,-1.083251,-0.234385,0.042578,3,99.000000,15.085791,0,1,1,0,single,0,1
moving_020_r05_s10005,54.272,-1.081600,-0.236822,0.042516,3,99.000000,15.086232,0,1,1,0,single,0,1
moving_020_r05_s10005,54.304,-1.079938,-0.239252,0.042446,3,99.000000,15.086660,0,1,1,0,single,0,1
moving_020_r05_s10005,54.336,-1.078269,-0.241676,0.042363,3,99.000000,15.087080,0,1,1,0,single,0,1
moving_020_r05_s10005,54.368,-1.076585,-0.244091,0.042276,3,99.000000,15.087483,0,1,1,0,single,0,1
moving_020_r05_s10005,54.400,-1.074881,-0.246492,0.042193,3,99.000000,15.087863,0,1,1,0,single,0,1
moving_020_r05_s10005,54.432,-1.073156,-0.248879,0.042114,3,99.000000,15.088218,0,1,1,0,single,0,1
moving_020_r05_s10005,54.464,-1.071410,-0.251250,0.042041,3,99.000000,15.088547,0,1,1,0,single,0,1
moving_020_r05_s10005,54.496,-1.069640,-0.253604,0.041974,3,99.000000,15.088848,0,1,1,0,single,0,1
moving_020_r05_s10005,54.528,-1.067847,-0.255940,0.041917,3,99.000000,15.089120,0,1,1,0,single,0,1
moving_020_r05_s10005,54.560,-1.066028,-0.258256,0.041870,3,99.000000,15.089361,0,1,1,0,single,0,1
moving_020_r05_s10005,54.592,-1.064187,-0.260555,0.041830,3,99.000000,15.089573,0,1,1,0,single,0,1
moving_020_r05_s10005,54.624,-1.062322,-0.262834,0.041801,3,99.000000,15.089755,0,1,1,0,single,0,1
moving_020_r05_s10005,54.656,-1.060432,-0.265093,0.041781,3,99.000000,15.089907,0,1,1,0,single,0,1
moving_020_r05_s10005,54.688,-1.058520,-0.267332,0.041771,3,99.000000,15.090029,0,1,1,0,single,0,1
moving_020_r05_s10005,54.720,-1.056584,-0.269551,0.041770,3,99.000000,15.090120,0,1,1,0,single,0,1
moving_020_r05_s10005,54.752,-1.054626,-0.271750,0.041778,3,99.000000,15.090182,0,1,1,0,single,0,1
moving_020_r05_s10005,54.784,-1.052647,-0.273930,0.041793,3,99.000000,15.090217,0,1,1,0,single,0,1
moving_020_r05_s10005,54.816,-1.050648,-0.276090,0.041815,3,99.000000,15.090223,0,1,1,0,single,0,1
moving_020_r05_s10005,54.848,-1.048629,-0.278233,0.041842,3,99.000000,15.090204,0,1,1,0,single,0,1
moving_020_r05_s10005,54.880,-1.046593,-0.280358,0.041873,3,99.000000,15.090161,0,1,1,0,single,0,1
moving_020_r05_s10005,54.912,-1.044540,-0.282468,0.041904,3,99.000000,15.090097,0,1,1,0,single,0,1
moving_020_r05_s10005,54.944,-1.042473,-0.284563,0.041936,3,99.000000,15.090012,0,1,1,0,single,0,1
moving_020_r05_s10005,54.976,-1.040394,-0.286646,0.041963,3,99.000000,15.089910,0,1,1,0,single,0,1
moving_020_r05_s10005,55.008,-1.038317,-0.288731,0.041965,3,99.000000,15.089812,0,1,1,0,single,0,1
moving_020_r05_s10005,55.040,-1.036229,-0.290805,0.041962,3,99.000000,15.089699,0,1,1,0,single,0,1
moving_020_r05_s10005,55.072,-1.034134,-0.292871,0.041949,3,99.000000,15.089576,0,1,1,0,single,0,1
moving_020_r05_s10005,55.104,-1.032031,-0.294931,0.041924,3,99.000000,15.089444,0,1,1,0,single,0,1
moving_020_r05_s10005,55.136,-1.029918,-0.296981,0.041892,3,99.000000,15.089298,0,1,1,0,single,0,1
moving_020_r05_s10005,55.168,-1.027788,-0.299012,0.041865,3,99.000000,15.089127,0,1,1,0,single,0,1
moving_020_r05_s10005,55.200,-1.025641,-0.301027,0.041839,3,99.000000,15.088934,0,1,1,0,single,0,1
moving_020_r05_s10005,55.232,-1.023477,-0.303024,0.041817,3,99.000000,15.088716,0,1,1,0,single,0,1
moving_020_r05_s10005,55.264,-1.021295,-0.305001,0.041801,3,99.000000,15.088472,0,1,1,0,single,0,1
moving_020_r05_s10005,55.296,-1.019094,-0.306957,0.041791,3,99.000000,15.088201,0,1,1,0,single,0,1
moving_020_r05_s10005,55.328,-1.016872,-0.308891,0.041791,3,99.000000,15.087899,0,1,1,0,single,0,1
moving_020_r05_s10005,55.360,-1.014630,-0.310800,0.041801,3,99.000000,15.087567,0,1,1,0,single,0,1
moving_020_r05_s10005,55.392,-1.012368,-0.312686,0.041822,3,99.000000,15.087205,0,1,1,0,single,0,1
moving_020_r05_s10005,55.424,-1.010087,-0.314548,0.041851,3,99.000000,15.086812,0,1,1,0,single,0,1
moving_020_r05_s10005,55.456,-1.007787,-0.316388,0.041888,3,99.000000,15.086392,0,1,1,0,single,0,1
moving_020_r05_s10005,55.488,-1.005469,-0.318202,0.041935,3,99.000000,15.085942,0,1,1,0,single,0,1
moving_020_r05_s10005,55.520,-1.003135,-0.319997,0.041986,3,99.000000,15.085467,0,1,1,0,single,0,1
moving_020_r05_s10005,55.552,-1.000784,-0.321770,0.042043,3,99.000000,15.084966,0,1,1,0,single,0,1
moving_020_r05_s10005,55.584,-0.998420,-0.323523,0.042104,3,99.000000,15.084441,0,1,1,0,single,0,1
moving_020_r05_s10005,55.616,-0.996040,-0.325255,0.042168,3,99.000000,15.083892,0,1,1,0,single,0,1
moving_020_r05_s10005,55.648,-0.993648,-0.326969,0.042234,3,99.000000,15.083322,0,1,1,0,single,0,1
moving_020_r05_s10005,55.680,-0.991243,-0.328666,0.042299,3,99.000000,15.082731,0,1,1,0,single,0,1
moving_020_r05_s10005,55.712,-0.988826,-0.330345,0.042365,3,99.000000,15.082120,0,1,1,0,single,0,1
moving_020_r05_s10005,55.744,-0.986398,-0.332008,0.042430,3,99.000000,15.081489,0,1,1,0,single,0,1
moving_020_r05_s10005,55.776,-0.983971,-0.333675,0.042469,3,99.000000,15.080864,0,1,1,0,single,0,1
moving_020_r05_s10005,55.808,-0.981536,-0.335327,0.042504,3,99.000000,15.080223,0,1,1,0,single,0,1
moving_020_r05_s10005,55.840,-0.979095,-0.336971,0.042527,3,99.000000,15.079572,0,1,1,0,single,0,1
moving_020_r05_s10005,55.872,-0.976647,-0.338605,0.042542,3,99.000000,15.078910,0,1,1,0,single,0,1
moving_020_r05_s10005,55.904,-0.974190,-0.340225,0.042551,3,99.000000,15.078233,0,1,1,0,single,0,1
moving_020_r05_s10005,55.936,-0.971721,-0.341829,0.042560,3,99.000000,15.077536,0,1,1,0,single,0,1
moving_020_r05_s10005,55.968,-0.969241,-0.343414,0.042569,3,99.000000,15.076819,0,1,1,0,single,0,1
moving_020_r05_s10005,56.000,-0.966748,-0.344980,0.042580,3,99.000000,15.076079,0,1,1,0,single,0,1
moving_020_r05_s10005,56.032,-0.964241,-0.346525,0.042595,3,99.000000,15.075316,0,1,1,0,single,0,1
moving_020_r05_s10005,56.064,-0.961722,-0.348049,0.042613,3,99.000000,15.074530,0,1,1,0,single,0,1
moving_020_r05_s10005,56.096,-0.959190,-0.349552,0.042634,3,99.000000,15.073721,0,1,1,0,single,0,1
moving_020_r05_s10005,56.128,-0.956644,-0.351032,0.042660,3,99.000000,15.072887,0,1,1,0,single,0,1
moving_020_r05_s10005,56.160,-0.954086,-0.352490,0.042691,3,99.000000,15.072029,0,1,1,0,single,0,1
moving_020_r05_s10005,56.192,-0.951515,-0.353925,0.042727,3,99.000000,15.071146,0,1,1,0,single,0,1
moving_020_r05_s10005,56.224,-0.948932,-0.355338,0.042767,3,99.000000,15.070240,0,1,1,0,single,0,1
moving_020_r05_s10005,56.256,-0.946338,-0.356730,0.042808,3,99.000000,15.069312,0,1,1,0,single,0,1
moving_020_r05_s10005,56.288,-0.943733,-0.358101,0.042853,3,99.000000,15.068363,0,1,1,0,single,0,1
moving_020_r05_s10005,56.320,-0.941117,-0.359451,0.042899,3,99.000000,15.067391,0,1,1,0,single,0,1
moving_020_r05_s10005,56.352,-0.938492,-0.360782,0.042946,3,99.000000,15.066400,0,1,1,0,single,0,1
moving_020_r05_s10005,56.384,-0.935856,-0.362093,0.042994,3,99.000000,15.065389,0,1,1,0,single,0,1
moving_020_r05_s10005,56.416,-0.933213,-0.363387,0.043039,3,99.000000,15.064360,0,1,1,0,single,0,1
moving_020_r05_s10005,56.448,-0.930561,-0.364664,0.043082,3,99.000000,15.063314,0,1,1,0,single,0,1
moving_020_r05_s10005,56.480,-0.927903,-0.365927,0.043119,3,99.000000,15.062255,0,1,1,0,single,0,1
moving_020_r05_s10005,56.512,-0.925237,-0.367175,0.043151,3,99.000000,15.061180,0,1,1,0,single,0,1
moving_020_r05_s10005,56.544,-0.922573,-0.368429,0.043156,3,99.000000,15.060111,0,1,1,0,single,0,1
moving_020_r05_s10005,56.576,-0.919903,-0.369667,0.043157,3,99.000000,15.059027,0,1,1,0,single,0,1
moving_020_r05_s10005,56.608,-0.917229,-0.370895,0.043148,3,99.000000,15.057933,0,1,1,0,single,0,1
moving_020_r05_s10005,56.640,-0.914550,-0.372113,0.043128,3,99.000000,15.056830,0,1,1,0,single,0,1
moving_020_r05_s10005,56.672,-0.911864,-0.373319,0.043101,3,99.000000,15.055714,0,1,1,0,single,0,1
moving_020_r05_s10005,56.704,-0.909170,-0.374505,0.043074,3,99.000000,15.054579,0,1,1,0,single,0,1
moving_020_r05_s10005,56.736,-0.906468,-0.375673,0.043045,3,99.000000,15.053426,0,1,1,0,single,0,1
moving_020_r05_s10005,56.768,-0.903757,-0.376822,0.043016,3,99.000000,15.052254,0,1,1,0,single,0,1
moving_020_r05_s10005,56.800,-0.901037,-0.377949,0.042990,3,99.000000,15.051060,0,1,1,0,single,0,1
moving_020_r05_s10005,56.832,-0.898309,-0.379057,0.042962,3,99.000000,15.049849,0,1,1,0,single,0,1
moving_020_r05_s10005,56.864,-0.895572,-0.380143,0.042937,3,99.000000,15.048617,0,1,1,0,single,0,1
moving_020_r05_s10005,56.896,-0.892828,-0.381209,0.042913,3,99.000000,15.047365,0,1,1,0,single,0,1
moving_020_r05_s10005,56.928,-0.890074,-0.382251,0.042892,3,99.000000,15.046091,0,1,1,0,single,0,1
moving_020_r05_s10005,56.960,-0.887312,-0.383271,0.042875,3,99.000000,15.044795,0,1,1,0,single,0,1
moving_020_r05_s10005,56.992,-0.884542,-0.384268,0.042860,3,99.000000,15.043479,0,1,1,0,single,0,1
moving_020_r05_s10005,57.024,-0.881764,-0.385242,0.042848,3,99.000000,15.042142,0,1,1,0,single,0,1
moving_020_r05_s10005,57.056,-0.878978,-0.386193,0.042839,3,99.000000,15.040783,0,1,1,0,single,0,1
moving_020_r05_s10005,57.088,-0.876184,-0.387122,0.042832,3,99.000000,15.039405,0,1,1,0,single,0,1
moving_020_r05_s10005,57.120,-0.873384,-0.388028,0.042828,3,99.000000,15.038005,0,1,1,0,single,0,1
moving_020_r05_s10005,57.152,-0.870577,-0.388914,0.042824,3,99.000000,15.036587,0,1,1,0,single,0,1
moving_020_r05_s10005,57.184,-0.867763,-0.389778,0.042821,3,99.000000,15.035151,0,1,1,0,single,0,1
moving_020_r05_s10005,57.216,-0.864945,-0.390623,0.042816,3,99.000000,15.033698,0,1,1,0,single,0,1
moving_020_r05_s10005,57.248,-0.862121,-0.391454,0.042806,3,99.000000,15.032232,0,1,1,0,single,0,1
moving_020_r05_s10005,57.280,-0.859294,-0.392267,0.042792,3,99.000000,15.030751,0,1,1,0,single,0,1
moving_020_r05_s10005,57.312,-0.856464,-0.393073,0.042764,3,99.000000,15.029264,0,1,1,0,single,0,1
moving_020_r05_s10005,57.344,-0.853631,-0.393867,0.042728,3,99.000000,15.027767,0,1,1,0,single,0,1
moving_020_r05_s10005,57.376,-0.850795,-0.394650,0.042681,3,99.000000,15.026261,0,1,1,0,single,0,1
moving_020_r05_s10005,57.408,-0.847957,-0.395427,0.042621,3,99.000000,15.024748,0,1,1,0,single,0,1
moving_020_r05_s10005,57.440,-0.845116,-0.396195,0.042548,3,99.000000,15.023229,0,1,1,0,single,0,1
moving_020_r05_s10005,57.472,-0.842270,-0.396946,0.042471,3,99.000000,15.021694,0,1,1,0,single,0,1
moving_020_r05_s10005,57.504,-0.839418,-0.397677,0.042394,3,99.000000,15.020142,0,1,1,0,single,0,1
moving_020_r05_s10005,57.536,-0.836561,-0.398386,0.042318,3,99.000000,15.018572,0,1,1,0,single,0,1
moving_020_r05_s10005,57.568,-0.833698,-0.399073,0.042244,3,99.000000,15.016982,0,1,1,0,single,0,1
moving_020_r05_s10005,57.600,-0.830829,-0.399736,0.042174,3,99.000000,15.015371,0,1,1,0,single,0,1
moving_020_r05_s10005,57.632,-0.827954,-0.400372,0.042109,3,99.000000,15.013738,0,1,1,0,single,0,1
moving_020_r05_s10005,57.664,-0.825073,-0.400981,0.042052,3,99.000000,15.012082,0,1,1,0,single,0,1
moving_020_r05_s10005,57.696,-0.822185,-0.401559,0.042004,3,99.000000,15.010401,0,1,1,0,single,0,1
moving_020_r05_s10005,57.728,-0.819292,-0.402109,0.041964,3,99.000000,15.008696,0,1,1,0,single,0,1
moving_020_r05_s10005,57.760,-0.816393,-0.402628,0.041935,3,99.000000,15.006966,0,1,1,0,single,0,1
moving_020_r05_s10005,57.792,-0.813490,-0.403115,0.041915,3,99.000000,15.005211,0,1,1,0,single,0,1
moving_020_r05_s10005,57.824,-0.810582,-0.403575,0.041903,3,99.000000,15.003435,0,1,1,0,single,0,1
moving_020_r05_s10005,57.856,-0.807670,-0.404006,0.041898,3,99.000000,15.001636,0,1,1,0,single,0,1
moving_020_r05_s10005,57.888,-0.804756,-0.404411,0.041899,3,99.000000,14.999817,0,1,1,0,single,0,1
moving_020_r05_s10005,57.920,-0.801838,-0.404791,0.041904,3,99.000000,14.997979,0,1,1,0,single,0,1
moving_020_r05_s10005,57.952,-0.798919,-0.405145,0.041912,3,99.000000,14.996123,0,1,1,0,single,0,1
moving_020_r05_s10005,57.984,-0.795998,-0.405479,0.041920,3,99.000000,14.994251,0,1,1,0,single,0,1
moving_020_r05_s10005,58.016,-0.793075,-0.405793,0.041927,3,99.000000,14.992364,0,1,1,0,single,0,1
moving_020_r05_s10005,58.048,-0.790150,-0.406089,0.041931,3,99.000000,14.990465,0,1,1,0,single,0,1
moving_020_r05_s10005,58.080,-0.787225,-0.406370,0.041929,3,99.000000,14.988554,0,1,1,0,single,0,1
moving_020_r05_s10005,58.112,-0.784293,-0.406638,0.041919,3,99.000000,14.986630,0,1,1,0,single,0,1
moving_020_r05_s10005,58.144,-0.781364,-0.406885,0.041908,3,99.000000,14.984695,0,1,1,0,single,0,1
moving_020_r05_s10005,58.176,-0.778430,-0.407121,0.041887,3,99.000000,14.982748,0,1,1,0,single,0,1
moving_020_r05_s10005,58.208,-0.775496,-0.407356,0.041847,3,99.000000,14.980800,0,1,1,0,single,0,1
moving_020_r05_s10005,58.240,-0.772559,-0.407571,0.041805,3,99.000000,14.978838,0,1,1,1,single,0,1
