run_id,time_s,robot_x,robot_y,lane_error_m,checkpoint_count,static_clearance_m,moving_clearance_m,collision_count,moving_started,moving_cleared,finished,obstacle_layout,static_obstacle_count,moving_obstacle_count
static_left_r08_s10008,0.032,-0.460000,-0.450000,0.000000,0,0.581378,99.000000,0,0,0,0,single,1,0
static_left_r08_s10008,0.064,-0.457069,-0.449998,0.000002,0,0.578453,99.000000,0,0,0,0,single,1,0
static_left_r08_s10008,0.096,-0.454137,-0.449977,0.000023,0,0.575527,99.000000,0,0,0,0,single,1,0
static_left_r08_s10008,0.128,-0.451193,-0.449942,0.000058,0,0.572588,99.000000,0,0,0,0,single,1,0
static_left_r08_s10008,0.160,-0.448250,-0.449895,0.000105,0,0.569648,99.000000,0,0,0,0,single,1,0
static_left_r08_s10008,0.192,-0.445310,-0.449846,0.000154,0,0.566713,99.000000,0,0,0,0,single,1,0
static_left_r08_s10008,0.224,-0.442367,-0.449792,0.000208,0,0.563773,99.000000,0,0,0,0,single,1,0
static_left_r08_s10008,0.256,-0.439423,-0.449740,0.000260,0,0.560833,99.000000,0,0,0,0,single,1,0
static_left_r08_s10008,0.288,-0.436480,-0.449681,0.000319,0,0.557893,99.000000,0,0,0,0,single,1,0
static_left_r08_s10008,0.320,-0.433537,-0.449617,0.000383,0,0.554953,99.000000,0,0,0,0,single,1,0
static_left_r08_s10008,0.352,-0.430594,-0.449549,0.000451,0,0.552012,99.000000,0,0,0,0,single,1,0
static_left_r08_s10008,0.384,-0.427651,-0.449475,0.000525,0,0.549071,99.000000,0,0,0,0,single,1,0
static_left_r08_s10008,0.416,-0.424708,-0.449395,0.000605,0,0.546130,99.000000,0,0,0,0,single,1,0
static_left_r08_s10008,0.448,-0.421765,-0.449307,0.000693,0,0.543189,99.000000,0,0,0,0,single,1,0
static_left_r08_s10008,0.480,-0.418822,-0.449215,0.000785,0,0.540248,99.000000,0,0,0,0,single,1,0
static_left_r08_s10008,0.512,-0.415880,-0.449121,0.000879,0,0.537306,99.000000,0,0,0,0,single,1,0
static_left_r08_s10008,0.544,-0.412938,-0.449021,0.000979,0,0.534364,99.000000,0,0,0,0,single,1,0
static_left_r08_s10008,0.576,-0.409996,-0.448916,0.001084,0,0.531422,99.000000,0,0,0,0,single,1,0
static_left_r08_s10008,0.608,-0.407054,-0.448808,0.001192,0,0.528480,99.000000,0,0,0,0,single,1,0
static_left_r08_s10008,0.640,-0.404112,-0.448694,0.001306,0,0.525538,99.000000,0,0,0,0,single,1,0
static_left_r08_s10008,0.672,-0.401170,-0.448575,0.001425,0,0.522596,99.000000,0,0,0,0,single,1,0
static_left_r08_s10008,0.704,-0.398229,-0.448454,0.001546,0,0.519653,99.000000,0,0,0,0,single,1,0
static_left_r08_s10008,0.736,-0.395287,-0.448334,0.001666,0,0.516711,99.000000,0,0,0,0,single,1,0
static_left_r08_s10008,0.768,-0.392346,-0.448210,0.001790,0,0.513769,99.000000,0,0,0,0,single,1,0
static_left_r08_s10008,0.800,-0.389405,-0.448082,0.001918,0,0.510826,99.000000,0,0,0,0,single,1,0
static_left_r08_s10008,0.832,-0.386463,-0.447951,0.002049,0,0.507883,99.000000,0,0,0,0,single,1,0
static_left_r08_s10008,0.864,-0.383523,-0.447817,0.002183,0,0.504941,99.000000,0,0,0,0,single,1,0
static_left_r08_s10008,0.896,-0.380582,-0.447680,0.002320,0,0.501998,99.000000,0,0,0,0,single,1,0
static_left_r08_s10008,0.928,-0.377641,-0.447544,0.002456,0,0.499055,99.000000,0,0,0,0,single,1,0
static_left_r08_s10008,0.960,-0.374700,-0.447404,0.002596,0,0.496112,99.000000,0,0,0,0,single,1,0
static_left_r08_s10008,0.992,-0.371760,-0.447260,0.002740,0,0.493169,99.000000,0,0,0,0,single,1,0
static_left_r08_s10008,1.024,-0.368819,-0.447113,0.002887,0,0.490226,99.000000,0,0,0,0,single,1,0
static_left_r08_s10008,1.056,-0.365879,-0.446962,0.003038,0,0.487283,99.000000,0,0,0,0,single,1,0
static_left_r08_s10008,1.088,-0.362939,-0.446813,0.003187,0,0.484340,99.000000,0,0,0,0,single,1,0
static_left_r08_s10008,1.120,-0.359999,-0.446659,0.003341,0,0.481397,99.000000,0,0,0,0,single,1,0
static_left_r08_s10008,1.152,-0.357059,-0.446507,0.003493,0,0.478454,99.000000,0,0,0,0,single,1,0
static_left_r08_s10008,1.184,-0.354119,-0.446355,0.003645,0,0.475511,99.000000,0,0,0,0,single,1,0
static_left_r08_s10008,1.216,-0.351179,-0.446198,0.003802,0,0.472567,99.000000,0,0,0,0,single,1,0
static_left_r08_s10008,1.248,-0.348239,-0.446038,0.003962,0,0.469624,99.000000,0,0,0,0,single,1,0
static_left_r08_s10008,1.280,-0.345300,-0.445874,0.004126,0,0.466681,99.000000,0,0,0,0,single,1,0
static_left_r08_s10008,1.312,-0.342361,-0.445707,0.004293,0,0.463737,99.000000,0,0,0,0,single,1,0
static_left_r08_s10008,1.344,-0.339422,-0.445536,0.004464,0,0.460794,99.000000,0,0,0,0,single,1,0
static_left_r08_s10008,1.376,-0.336483,-0.445362,0.004638,0,0.457850,99.000000,0,0,0,0,single,1,0
static_left_r08_s10008,1.408,-0.333544,-0.445190,0.004810,0,0.454907,99.000000,0,0,0,0,single,1,0
static_left_r08_s10008,1.440,-0.330605,-0.445018,0.004982,0,0.451964,99.000000,0,0,0,0,single,1,0
static_left_r08_s10008,1.472,-0.327666,-0.444846,0.005154,0,0.449020,99.000000,0,0,0,0,single,1,0
static_left_r08_s10008,1.504,-0.324727,-0.444674,0.005326,0,0.446077,99.000000,0,0,0,0,single,1,0
static_left_r08_s10008,1.536,-0.321788,-0.444502,0.005498,0,0.443133,99.000000,0,0,0,0,single,1,0
static_left_r08_s10008,1.568,-0.318849,-0.444330,0.005670,0,0.440190,99.000000,0,0,0,0,single,1,0
static_left_r08_s10008,1.600,-0.315910,-0.444158,0.005842,0,0.437246,99.000000,0,0,0,0,single,1,0
static_left_r08_s10008,1.632,-0.312971,-0.443987,0.006013,0,0.434303,99.000000,0,0,0,0,single,1,0
static_left_r08_s10008,1.664,-0.310032,-0.443815,0.006185,0,0.431360,99.000000,0,0,0,0,single,1,0
static_left_r08_s10008,1.696,-0.307093,-0.443644,0.006356,0,0.428416,99.000000,0,0,0,0,single,1,0
static_left_r08_s10008,1.728,-0.304154,-0.443472,0.006528,0,0.425473,99.000000,0,0,0,0,single,1,0
static_left_r08_s10008,1.760,-0.301215,-0.443301,0.006699,0,0.422529,99.000000,0,0,0,0,single,1,0
static_left_r08_s10008,1.792,-0.298276,-0.443129,0.006871,0,0.419586,99.000000,0,0,0,0,single,1,0
static_left_r08_s10008,1.824,-0.295337,-0.442953,0.007047,0,0.416643,99.000000,0,0,0,0,single,1,0
static_left_r08_s10008,1.856,-0.292399,-0.442778,0.007222,0,0.413699,99.000000,0,0,0,0,single,1,0
static_left_r08_s10008,1.888,-0.289460,-0.442598,0.007402,0,0.410756,99.000000,0,0,0,0,single,1,0
static_left_r08_s10008,1.920,-0.286521,-0.442419,0.007581,0,0.407812,99.000000,0,0,0,0,single,1,0
static_left_r08_s10008,1.952,-0.283583,-0.442241,0.007759,0,0.404869,99.000000,0,0,0,0,single,1,0
static_left_r08_s10008,1.984,-0.280644,-0.442062,0.007938,0,0.401925,99.000000,0,0,0,0,single,1,0
static_left_r08_s10008,2.016,-0.277706,-0.441884,0.008116,0,0.398982,99.000000,0,0,0,0,single,1,0
static_left_r08_s10008,2.048,-0.274767,-0.441705,0.008295,0,0.396038,99.000000,0,0,0,0,single,1,0
static_left_r08_s10008,2.080,-0.271829,-0.441527,0.008473,0,0.393095,99.000000,0,0,0,0,single,1,0
static_left_r08_s10008,2.112,-0.268890,-0.441348,0.008652,0,0.390151,99.000000,0,0,0,0,single,1,0
static_left_r08_s10008,2.144,-0.265951,-0.441170,0.008830,0,0.387208,99.000000,0,0,0,0,single,1,0
static_left_r08_s10008,2.176,-0.263013,-0.440996,0.009004,0,0.384265,99.000000,0,0,0,0,single,1,0
static_left_r08_s10008,2.208,-0.260073,-0.440829,0.009171,0,0.381321,99.000000,0,0,0,0,single,1,0
static_left_r08_s10008,2.240,-0.257134,-0.440669,0.009331,0,0.378378,99.000000,0,0,0,0,single,1,0
static_left_r08_s10008,2.272,-0.254193,-0.440518,0.009482,0,0.375436,99.000000,0,0,0,0,single,1,0
static_left_r08_s10008,2.304,-0.251253,-0.440377,0.009623,0,0.372493,99.000000,0,0,0,0,single,1,0
static_left_r08_s10008,2.336,-0.248311,-0.440246,0.009754,0,0.369551,99.000000,0,0,0,0,single,1,0
static_left_r08_s10008,2.368,-0.245370,-0.440126,0.009874,0,0.366609,99.000000,0,0,0,0,single,1,0
static_left_r08_s10008,2.400,-0.242428,-0.440013,0.009987,0,0.363668,99.000000,0,0,0,0,single,1,0
static_left_r08_s10008,2.432,-0.239485,-0.439912,0.010088,0,0.360728,99.000000,0,0,0,0,single,1,0
static_left_r08_s10008,2.464,-0.236543,-0.439818,0.010182,0,0.357787,99.000000,0,0,0,0,single,1,0
static_left_r08_s10008,2.496,-0.233600,-0.439732,0.010268,0,0.354848,99.000000,0,0,0,0,single,1,0
static_left_r08_s10008,2.528,-0.230657,-0.439655,0.010345,0,0.351909,99.000000,0,0,0,0,single,1,0
static_left_r08_s10008,2.560,-0.227714,-0.439586,0.010414,0,0.348970,99.000000,0,0,0,0,single,1,0
static_left_r08_s10008,2.592,-0.224770,-0.439523,0.010477,0,0.346032,99.000000,0,0,0,0,single,1,0
static_left_r08_s10008,2.624,-0.221827,-0.439468,0.010532,0,0.343095,99.000000,0,0,0,0,single,1,0
static_left_r08_s10008,2.656,-0.218883,-0.439420,0.010580,0,0.340158,99.000000,0,0,0,0,single,1,0
static_left_r08_s10008,2.688,-0.215940,-0.439376,0.010624,0,0.337222,99.000000,0,0,0,0,single,1,0
static_left_r08_s10008,2.720,-0.212996,-0.439334,0.010666,0,0.334286,99.000000,0,0,0,0,single,1,0
static_left_r08_s10008,2.752,-0.210052,-0.439297,0.010703,0,0.331350,99.000000,0,0,0,0,single,1,0
static_left_r08_s10008,2.784,-0.207109,-0.439263,0.010737,0,0.328415,99.000000,0,0,0,0,single,1,0
static_left_r08_s10008,2.816,-0.204165,-0.439231,0.010769,0,0.325480,99.000000,0,0,0,0,single,1,0
static_left_r08_s10008,2.848,-0.201221,-0.439203,0.010797,0,0.322546,99.000000,0,0,0,0,single,1,0
static_left_r08_s10008,2.880,-0.198277,-0.439173,0.010827,0,0.319611,99.000000,0,0,0,0,single,1,0
static_left_r08_s10008,2.912,-0.195333,-0.439143,0.010857,0,0.316677,99.000000,0,0,0,0,single,1,0
static_left_r08_s10008,2.944,-0.192390,-0.439112,0.010888,0,0.313743,99.000000,0,0,0,0,single,1,0
static_left_r08_s10008,2.976,-0.189446,-0.439082,0.010918,0,0.310809,99.000000,0,0,0,0,single,1,0
static_left_r08_s10008,3.008,-0.186502,-0.439055,0.010945,0,0.307876,99.000000,0,0,0,0,single,1,0
static_left_r08_s10008,3.040,-0.183558,-0.439033,0.010967,0,0.304943,99.000000,0,0,0,0,single,1,0
static_left_r08_s10008,3.072,-0.180614,-0.439013,0.010987,0,0.302011,99.000000,0,0,0,0,single,1,0
static_left_r08_s10008,3.104,-0.177670,-0.438997,0.011003,0,0.299079,99.000000,0,0,0,0,single,1,0
static_left_r08_s10008,3.136,-0.174726,-0.438985,0.011015,0,0.296148,99.000000,0,0,0,0,single,1,0
static_left_r08_s10008,3.168,-0.171782,-0.438971,0.011029,0,0.293217,99.000000,0,0,0,0,single,1,0
static_left_r08_s10008,3.200,-0.168838,-0.438964,0.011036,0,0.290287,99.000000,0,0,0,0,single,1,0
static_left_r08_s10008,3.232,-0.165894,-0.438955,0.011045,0,0.287357,99.000000,0,0,0,0,single,1,0
static_left_r08_s10008,3.264,-0.162950,-0.438946,0.011054,0,0.284427,99.000000,0,0,0,0,single,1,0
static_left_r08_s10008,3.296,-0.160006,-0.438937,0.011063,0,0.281497,99.000000,0,0,0,0,single,1,0
static_left_r08_s10008,3.328,-0.157062,-0.438928,0.011072,0,0.278568,99.000000,0,0,0,0,single,1,0
static_left_r08_s10008,3.360,-0.154118,-0.438918,0.011082,0,0.275639,99.000000,0,0,0,0,single,1,0
static_left_r08_s10008,3.392,-0.151174,-0.438909,0.011091,0,0.272711,99.000000,0,0,0,0,single,1,0
static_left_r08_s10008,3.424,-0.148230,-0.438899,0.011101,0,0.269782,99.000000,0,0,0,0,single,1,0
static_left_r08_s10008,3.456,-0.145286,-0.438890,0.011110,0,0.266855,99.000000,0,0,0,0,single,1,0
static_left_r08_s10008,3.488,-0.142342,-0.438880,0.011120,0,0.263927,99.000000,0,0,0,0,single,1,0
static_left_r08_s10008,3.520,-0.139398,-0.438870,0.011130,0,0.261000,99.000000,0,0,0,0,single,1,0
static_left_r08_s10008,3.552,-0.136454,-0.438860,0.011140,0,0.258073,99.000000,0,0,0,0,single,1,0
static_left_r08_s10008,3.584,-0.133510,-0.438850,0.011150,0,0.255147,99.000000,0,0,0,0,single,1,0
static_left_r08_s10008,3.616,-0.130566,-0.438841,0.011159,0,0.252221,99.000000,0,0,0,0,single,1,0
static_left_r08_s10008,3.648,-0.127622,-0.438831,0.011169,0,0.249295,99.000000,0,0,0,0,single,1,0
static_left_r08_s10008,3.680,-0.124678,-0.438821,0.011179,0,0.246370,99.000000,0,0,0,0,single,1,0
static_left_r08_s10008,3.712,-0.121734,-0.438811,0.011189,0,0.243445,99.000000,0,0,0,0,single,1,0
static_left_r08_s10008,3.744,-0.118790,-0.438801,0.011199,0,0.240521,99.000000,0,0,0,0,single,1,0
static_left_r08_s10008,3.776,-0.115846,-0.438792,0.011208,0,0.237597,99.000000,0,0,0,0,single,1,0
static_left_r08_s10008,3.808,-0.112902,-0.438782,0.011218,0,0.234674,99.000000,0,0,0,0,single,1,0
static_left_r08_s10008,3.840,-0.109958,-0.438772,0.011228,0,0.231751,99.000000,0,0,0,0,single,1,0
static_left_r08_s10008,3.872,-0.107014,-0.438762,0.011238,0,0.228829,99.000000,0,0,0,0,single,1,0
static_left_r08_s10008,3.904,-0.104070,-0.438752,0.011248,0,0.225908,99.000000,0,0,0,0,single,1,0
static_left_r08_s10008,3.936,-0.101126,-0.438743,0.011257,0,0.222987,99.000000,0,0,0,0,single,1,0
static_left_r08_s10008,3.968,-0.098182,-0.438733,0.011267,0,0.220066,99.000000,0,0,0,0,single,1,0
static_left_r08_s10008,4.000,-0.095238,-0.438723,0.011277,0,0.217146,99.000000,0,0,0,0,single,1,0
static_left_r08_s10008,4.032,-0.092294,-0.438713,0.011287,0,0.214227,99.000000,0,0,0,0,single,1,0
static_left_r08_s10008,4.064,-0.089350,-0.438703,0.011297,0,0.211309,99.000000,0,0,0,0,single,1,0
static_left_r08_s10008,4.096,-0.086406,-0.438694,0.011306,0,0.208391,99.000000,0,0,0,0,single,1,0
static_left_r08_s10008,4.128,-0.083463,-0.438684,0.011316,0,0.205474,99.000000,0,0,0,0,single,1,0
static_left_r08_s10008,4.160,-0.080519,-0.438674,0.011326,0,0.202558,99.000000,0,0,0,0,single,1,0
static_left_r08_s10008,4.192,-0.077575,-0.438664,0.011336,0,0.199643,99.000000,0,0,0,0,single,1,0
static_left_r08_s10008,4.224,-0.074631,-0.438654,0.011346,0,0.196729,99.000000,0,0,0,0,single,1,0
static_left_r08_s10008,4.256,-0.071687,-0.438645,0.011355,0,0.193815,99.000000,0,0,0,0,single,1,0
static_left_r08_s10008,4.288,-0.068743,-0.438635,0.011365,0,0.190902,99.000000,0,0,0,0,single,1,0
static_left_r08_s10008,4.320,-0.065799,-0.438625,0.011375,0,0.187991,99.000000,0,0,0,0,single,1,0
static_left_r08_s10008,4.352,-0.062855,-0.438615,0.011385,0,0.185080,99.000000,0,0,0,0,single,1,0
static_left_r08_s10008,4.384,-0.059911,-0.438601,0.011399,0,0.182170,99.000000,0,0,0,0,single,1,0
static_left_r08_s10008,4.416,-0.056967,-0.438583,0.011417,0,0.179260,99.000000,0,0,0,0,single,1,0
static_left_r08_s10008,4.448,-0.054023,-0.438566,0.011434,0,0.176352,99.000000,0,0,0,0,single,1,0
static_left_r08_s10008,4.480,-0.051079,-0.438544,0.011456,0,0.173444,99.000000,0,0,0,0,single,1,0
static_left_r08_s10008,4.512,-0.048135,-0.438519,0.011481,0,0.170536,99.000000,0,0,0,0,single,1,0
static_left_r08_s10008,4.544,-0.045191,-0.438495,0.011505,0,0.167631,99.000000,0,0,0,0,single,1,0
static_left_r08_s10008,4.576,-0.042247,-0.438471,0.011529,0,0.164726,99.000000,0,0,0,0,single,1,0
static_left_r08_s10008,4.608,-0.039303,-0.438448,0.011552,0,0.161823,99.000000,0,0,0,0,single,1,0
static_left_r08_s10008,4.640,-0.036359,-0.438424,0.011576,0,0.158922,99.000000,0,0,0,0,single,1,0
static_left_r08_s10008,4.672,-0.033415,-0.438401,0.011599,0,0.156022,99.000000,0,0,0,0,single,1,0
static_left_r08_s10008,4.704,-0.030471,-0.438378,0.011622,0,0.153124,99.000000,0,0,0,0,single,1,0
static_left_r08_s10008,4.736,-0.027528,-0.438359,0.011641,0,0.150229,99.000000,0,0,0,0,single,1,0
static_left_r08_s10008,4.768,-0.024584,-0.438340,0.011660,0,0.147335,99.000000,0,0,0,0,single,1,0
static_left_r08_s10008,4.800,-0.021640,-0.438325,0.011675,0,0.144444,99.000000,0,0,0,0,single,1,0
static_left_r08_s10008,4.832,-0.018696,-0.438309,0.011691,0,0.141555,99.000000,0,0,0,0,single,1,0
static_left_r08_s10008,4.864,-0.015752,-0.438298,0.011702,0,0.138670,99.000000,0,0,0,0,single,1,0
static_left_r08_s10008,4.896,-0.012808,-0.438285,0.011715,0,0.135786,99.000000,0,0,0,0,single,1,0
static_left_r08_s10008,4.928,-0.012807,-0.438285,0.011715,0,0.135786,99.000000,0,0,0,0,single,1,0
static_left_r08_s10008,4.960,-0.012808,-0.438286,0.011714,0,0.135786,99.000000,0,0,0,0,single,1,0
static_left_r08_s10008,4.992,-0.012808,-0.438286,0.011714,0,0.135787,99.000000,0,0,0,0,single,1,0
static_left_r08_s10008,5.024,-0.012808,-0.438286,0.011714,0,0.135787,99.000000,0,0,0,0,single,1,0
static_left_r08_s10008,5.056,-0.012808,-0.438286,0.011714,0,0.135787,99.000000,0,0,0,0,single,1,0
static_left_r08_s10008,5.088,-0.012808,-0.438286,0.011714,0,0.135787,99.000000,0,0,0,0,single,1,0
static_left_r08_s10008,5.120,-0.012808,-0.438286,0.011714,0,0.135786,99.000000,0,0,0,0,single,1,0
static_left_r08_s10008,5.152,-0.012808,-0.438287,0.011713,0,0.135787,99.000000,0,0,0,0,single,1,0
static_left_r08_s10008,5.184,-0.012808,-0.438287,0.011713,0,0.135787,99.000000,0,0,0,0,single,1,0
static_left_r08_s10008,5.216,-0.012808,-0.438287,0.011713,0,0.135787,99.000000,0,0,0,0,single,1,0
static_left_r08_s10008,5.248,-0.012808,-0.438287,0.011713,0,0.135787,99.000000,0,0,0,0,single,1,0
static_left_r08_s10008,5.280,-0.011083,-0.438283,0.011717,0,0.134100,99.000000,0,0,0,0,single,1,0
static_left_r08_s10008,5.312,-0.009289,-0.438331,0.011669,0,0.132357,99.000000,0,0,0,0,single,1,0
static_left_r08_s10008,5.344,-0.007495,-0.438427,0.011573,0,0.130625,99.000000,0,0,0,0,single,1,0
static_left_r08_s10008,5.376,-0.005703,-0.438570,0.011430,0,0.128909,99.000000,0,0,0,0,single,1,0
static_left_r08_s10008,5.408,-0.003916,-0.438758,0.011242,0,0.127210,99.000000,0,0,0,0,single,1,0
static_left_r08_s10008,5.440,-0.002133,-0.438992,0.011008,0,0.125527,99.000000,0,0,0,0,single,1,0
static_left_r08_s10008,5.472,-0.000360,-0.439272,0.010728,0,0.123869,99.000000,0,0,0,0,single,1,0
static_left_r08_s10008,5.504,0.001406,-0.439596,0.010404,0,0.122231,99.000000,0,0,0,0,single,1,0
static_left_r08_s10008,5.536,0.003166,-0.439965,0.010035,0,0.120615,99.000000,0,0,0,0,single,1,0
static_left_r08_s10008,5.568,0.004915,-0.440379,0.009621,0,0.119027,99.000000,0,0,0,0,single,1,0
static_left_r08_s10008,5.600,0.006652,-0.440836,0.009164,0,0.117467,99.000000,0,0,0,0,single,1,0
static_left_r08_s10008,5.632,0.008377,-0.441336,0.008664,0,0.115938,99.000000,0,0,0,0,single,1,0
static_left_r08_s10008,5.664,0.010089,-0.441878,0.008122,0,0.114441,99.000000,0,0,0,0,single,1,0
static_left_r08_s10008,5.696,0.011786,-0.442463,0.007537,0,0.112979,99.000000,0,0,0,0,single,1,0
static_left_r08_s10008,5.728,0.013468,-0.443089,0.006911,0,0.111553,99.000000,0,0,0,0,single,1,0
static_left_r08_s10008,5.760,0.015133,-0.443757,0.006243,0,0.110166,99.000000,0,0,0,0,single,1,0
static_left_r08_s10008,5.792,0.016782,-0.444465,0.005535,0,0.108820,99.000000,0,0,0,0,single,1,0
static_left_r08_s10008,5.824,0.018412,-0.445213,0.004787,0,0.107518,99.000000,0,0,0,0,single,1,0
static_left_r08_s10008,5.856,0.020023,-0.446002,0.003998,0,0.106261,99.000000,0,0,0,0,single,1,0
static_left_r08_s10008,5.888,0.021614,-0.446829,0.003171,0,0.105053,99.000000,0,0,0,0,single,1,0
static_left_r08_s10008,5.920,0.023185,-0.447696,0.002304,0,0.103895,99.000000,0,0,0,0,single,1,0
static_left_r08_s10008,5.952,0.024733,-0.448601,0.001399,0,0.102791,99.000000,0,0,0,0,single,1,0
static_left_r08_s10008,5.984,0.026258,-0.449544,0.000456,0,0.101741,99.000000,0,0,0,0,single,1,0
static_left_r08_s10008,6.016,0.027760,-0.450525,0.000525,0,0.100750,99.000000,0,0,0,0,single,1,0
static_left_r08_s10008,6.048,0.029236,-0.451542,0.001542,0,0.099819,99.000000,0,0,0,0,single,1,0
static_left_r08_s10008,6.080,0.030688,-0.452595,0.002595,0,0.098950,99.000000,0,0,0,0,single,1,0
static_left_r08_s10008,6.112,0.032112,-0.453684,0.003684,0,0.098145,99.000000,0,0,0,0,single,1,0
static_left_r08_s10008,6.144,0.033510,-0.454808,0.004808,0,0.097408,99.000000,0,0,0,0,single,1,0
static_left_r08_s10008,6.176,0.034879,-0.455965,0.005965,0,0.096739,99.000000,0,0,0,0,single,1,0
static_left_r08_s10008,6.208,0.036219,-0.457157,0.007157,0,0.096141,99.000000,0,0,0,0,single,1,0
static_left_r08_s10008,6.240,0.037529,-0.458381,0.008381,0,0.095615,99.000000,0,0,0,0,single,1,0
static_left_r08_s10008,6.272,0.038808,-0.459637,0.009637,0,0.095163,99.000000,0,0,0,0,single,1,0
static_left_r08_s10008,6.304,0.040056,-0.460924,0.010924,0,0.094786,99.000000,0,0,0,0,single,1,0
static_left_r08_s10008,6.336,0.041271,-0.462241,0.012241,0,0.094485,99.000000,0,0,0,0,single,1,0
static_left_r08_s10008,6.368,0.042453,-0.463589,0.013589,0,0.094261,99.000000,0,0,0,0,single,1,0
static_left_r08_s10008,6.400,0.043602,-0.464965,0.014965,0,0.094116,99.000000,0,0,0,0,single,1,0
static_left_r08_s10008,6.432,0.044716,-0.466369,0.016369,0,0.094048,99.000000,0,0,0,0,single,1,0
static_left_r08_s10008,6.464,0.045795,-0.467800,0.017800,0,0.094059,99.000000,0,0,0,0,single,1,0
static_left_r08_s10008,6.496,0.046839,-0.469257,0.019257,0,0.094149,99.000000,0,0,0,0,single,1,0
static_left_r08_s10008,6.528,0.047845,-0.470739,0.020739,0,0.094316,99.000000,0,0,0,0,single,1,0
static_left_r08_s10008,6.560,0.048815,-0.472246,0.022246,0,0.094562,99.000000,0,0,0,0,single,1,0
static_left_r08_s10008,6.592,0.049747,-0.473777,0.023777,0,0.094884,99.000000,0,0,0,0,single,1,0
static_left_r08_s10008,6.624,0.050641,-0.475330,0.025330,0,0.095282,99.000000,0,0,0,0,single,1,0
static_left_r08_s10008,6.656,0.051496,-0.476904,0.026904,0,0.095755,99.000000,0,0,0,0,single,1,0
static_left_r08_s10008,6.688,0.052311,-0.478499,0.028499,0,0.096301,99.000000,0,0,0,0,single,1,0
static_left_r08_s10008,6.720,0.053087,-0.480114,0.030114,0,0.096919,99.000000,0,0,0,0,single,1,0
static_left_r08_s10008,6.752,0.053822,-0.481747,0.031747,0,0.097607,99.000000,0,0,0,0,single,1,0
static_left_r08_s10008,6.784,0.054516,-0.483397,0.033397,0,0.098363,99.000000,0,0,0,0,single,1,0
static_left_r08_s10008,6.816,0.055169,-0.485064,0.035064,0,0.099185,99.000000,0,0,0,0,single,1,0
static_left_r08_s10008,6.848,0.055781,-0.486747,0.036747,0,0.100071,99.000000,0,0,0,0,single,1,0
static_left_r08_s10008,6.880,0.056350,-0.488444,0.038444,0,0.101018,99.000000,0,0,0,0,single,1,0
static_left_r08_s10008,6.912,0.056877,-0.490154,0.040154,0,0.102025,99.000000,0,0,0,0,single,1,0
static_left_r08_s10008,6.944,0.057361,-0.491876,0.041876,0,0.103089,99.000000,0,0,0,0,single,1,0
static_left_r08_s10008,6.976,0.057802,-0.493610,0.043610,0,0.104207,99.000000,0,0,0,0,single,1,0
static_left_r08_s10008,7.008,0.058200,-0.495353,0.045353,0,0.105378,99.000000,0,0,0,0,single,1,0
static_left_r08_s10008,7.040,0.058554,-0.497105,0.047105,0,0.106597,99.000000,0,0,0,0,single,1,0
static_left_r08_s10008,7.072,0.058864,-0.498865,0.048865,0,0.107864,99.000000,0,0,0,0,single,1,0
static_left_r08_s10008,7.104,0.059134,-0.500626,0.050626,0,0.109169,99.000000,0,0,0,0,single,1,0
static_left_r08_s10008,7.136,0.059448,-0.502384,0.052384,0,0.110460,99.000000,0,0,0,0,single,1,0
static_left_r08_s10008,7.168,0.059814,-0.504136,0.054136,0,0.111731,99.000000,0,0,0,0,single,1,0
static_left_r08_s10008,7.200,0.060230,-0.505879,0.055879,0,0.112983,99.000000,0,0,0,0,single,1,0
static_left_r08_s10008,7.232,0.060696,-0.507611,0.057611,0,0.114215,99.000000,0,0,0,0,single,1,0
static_left_r08_s10008,7.264,0.061208,-0.509332,0.059332,0,0.115426,99.000000,0,0,0,0,single,1,0
static_left_r08_s10008,7.296,0.061766,-0.511038,0.061038,0,0.116618,99.000000,0,0,0,0,single,1,0
static_left_r08_s10008,7.328,0.062369,-0.512730,0.062730,0,0.117791,99.000000,0,0,0,0,single,1,0
static_left_r08_s10008,7.360,0.063016,-0.514405,0.064405,0,0.118944,99.000000,0,0,0,0,single,1,0
static_left_r08_s10008,7.392,0.063705,-0.516063,0.066063,0,0.120077,99.000000,0,0,0,0,single,1,0
static_left_r08_s10008,7.424,0.064435,-0.517703,0.067703,0,0.121192,99.000000,0,0,0,0,single,1,0
static_left_r08_s10008,7.456,0.065207,-0.519324,0.069324,0,0.122287,99.000000,0,0,0,0,single,1,0
static_left_r08_s10008,7.488,0.066018,-0.520925,0.070925,0,0.123363,99.000000,0,0,0,0,single,1,0
static_left_r08_s10008,7.520,0.066870,-0.522504,0.072504,0,0.124419,99.000000,0,0,0,0,single,1,0
static_left_r08_s10008,7.552,0.067760,-0.524062,0.074062,0,0.125456,99.000000,0,0,0,0,single,1,0
static_left_r08_s10008,7.584,0.068688,-0.525597,0.075597,0,0.126474,99.000000,0,0,0,0,single,1,0
static_left_r08_s10008,7.616,0.069654,-0.527109,0.077109,0,0.127472,99.000000,0,0,0,0,single,1,0
static_left_r08_s10008,7.648,0.070657,-0.528596,0.078596,0,0.128451,99.000000,0,0,0,0,single,1,0
static_left_r08_s10008,7.680,0.071696,-0.530057,0.080057,0,0.129410,99.000000,0,0,0,0,single,1,0
static_left_r08_s10008,7.712,0.072770,-0.531492,0.081492,0,0.130350,99.000000,0,0,0,0,single,1,0
static_left_r08_s10008,7.744,0.073880,-0.532901,0.082901,0,0.131269,99.000000,0,0,0,0,single,1,0
static_left_r08_s10008,7.776,0.075024,-0.534281,0.084281,0,0.132169,99.000000,0,0,0,0,single,1,0
static_left_r08_s10008,7.808,0.076202,-0.535633,0.085633,0,0.133048,99.000000,0,0,0,0,single,1,0
static_left_r08_s10008,7.840,0.077413,-0.536955,0.086955,0,0.133907,99.000000,0,0,0,0,single,1,0
static_left_r08_s10008,7.872,0.078656,-0.538246,0.088246,0,0.134746,99.000000,0,0,0,0,single,1,0
static_left_r08_s10008,7.904,0.079930,-0.539507,0.089507,0,0.135564,99.000000,0,0,0,0,single,1,0
static_left_r08_s10008,7.936,0.081236,-0.540736,0.090736,0,0.136362,99.000000,0,0,0,0,single,1,0
static_left_r08_s10008,7.968,0.082571,-0.541931,0.091931,0,0.137138,99.000000,0,0,0,0,single,1,0
static_left_r08_s10008,8.000,0.083935,-0.543094,0.093094,0,0.137894,99.000000,0,0,0,0,single,1,0
static_left_r08_s10008,8.032,0.085328,-0.544222,0.094222,0,0.138628,99.000000,0,0,0,0,single,1,0
static_left_r08_s10008,8.064,0.086748,-0.545316,0.095316,0,0.139341,99.000000,0,0,0,0,single,1,0
static_left_r08_s10008,8.096,0.088194,-0.546373,0.096373,0,0.140033,99.000000,0,0,0,0,single,1,0
static_left_r08_s10008,8.128,0.089667,-0.547395,0.097395,0,0.140704,99.000000,0,0,0,0,single,1,0
static_left_r08_s10008,8.160,0.091164,-0.548380,0.098380,0,0.141352,99.000000,0,0,0,0,single,1,0
static_left_r08_s10008,8.192,0.092685,-0.549327,0.099327,0,0.141980,99.000000,0,0,0,0,single,1,0
static_left_r08_s10008,8.224,0.094228,-0.550237,0.100237,0,0.142585,99.000000,0,0,0,0,single,1,0
static_left_r08_s10008,8.256,0.095794,-0.551107,0.101107,0,0.143168,99.000000,0,0,0,0,single,1,0
static_left_r08_s10008,8.288,0.097381,-0.551939,0.101939,0,0.143730,99.000000,0,0,0,0,single,1,0
static_left_r08_s10008,8.320,0.098988,-0.552731,0.102731,0,0.144269,99.000000,0,0,0,0,single,1,0
static_left_r08_s10008,8.352,0.100613,-0.553482,0.103482,0,0.144786,99.000000,0,0,0,0,single,1,0
static_left_r08_s10008,8.384,0.102257,-0.554193,0.104193,0,0.145281,99.000000,0,0,0,0,single,1,0
static_left_r08_s10008,8.416,0.103917,-0.554863,0.104863,0,0.145753,99.000000,0,0,0,0,single,1,0
static_left_r08_s10008,8.448,0.105594,-0.555492,0.105492,0,0.146203,99.000000,0,0,0,0,single,1,0
static_left_r08_s10008,8.480,0.107285,-0.556078,0.106078,0,0.146631,99.000000,0,0,0,0,single,1,0
static_left_r08_s10008,8.512,0.108990,-0.556623,0.106623,0,0.147035,99.000000,0,0,0,0,single,1,0
static_left_r08_s10008,8.544,0.110707,-0.557124,0.107124,0,0.147417,99.000000,0,0,0,0,single,1,0
static_left_r08_s10008,8.576,0.112436,-0.557583,0.107583,0,0.147776,99.000000,0,0,0,0,single,1,0
static_left_r08_s10008,8.608,0.114176,-0.557998,0.107998,0,0.148113,99.000000,0,0,0,0,single,1,0
static_left_r08_s10008,8.640,0.115925,-0.558370,0.108370,0,0.148426,99.000000,0,0,0,0,single,1,0
static_left_r08_s10008,8.672,0.117681,-0.558697,0.108697,0,0.148715,99.000000,0,0,0,0,single,1,0
static_left_r08_s10008,8.704,0.119445,-0.558981,0.108981,0,0.148982,99.000000,0,0,0,0,single,1,0
static_left_r08_s10008,8.736,0.121213,-0.559220,0.109220,0,0.149225,99.000000,0,0,0,0,single,1,0
static_left_r08_s10008,8.768,0.122986,-0.559415,0.109415,0,0.149445,99.000000,0,0,0,0,single,1,0
static_left_r08_s10008,8.800,0.124774,-0.559564,0.109564,0,0.149640,99.000000,0,0,0,0,single,1,0
static_left_r08_s10008,8.832,0.126565,-0.559668,0.109668,0,0.149812,99.000000,0,0,0,0,single,1,0
static_left_r08_s10008,8.864,0.128358,-0.559728,0.109728,0,0.149961,99.000000,0,0,0,0,single,1,0
static_left_r08_s10008,8.896,0.130152,-0.559744,0.109744,0,0.150088,99.000000,0,0,0,0,single,1,0
static_left_r08_s10008,8.928,0.131946,-0.559716,0.109716,0,0.150192,99.000000,0,0,0,0,single,1,0
static_left_r08_s10008,8.960,0.133739,-0.559646,0.109646,0,0.150276,99.000000,0,0,0,0,single,1,0
static_left_r08_s10008,8.992,0.135529,-0.559532,0.109532,0,0.150337,99.000000,0,0,0,0,single,1,0
static_left_r08_s10008,9.024,0.137314,-0.559375,0.109375,0,0.150375,99.000000,0,0,0,0,single,1,0
static_left_r08_s10008,9.056,0.139094,-0.559194,0.109194,0,0.150411,99.000000,0,0,0,0,single,1,0
static_left_r08_s10008,9.088,0.140873,-0.558996,0.108996,0,0.150451,99.000000,0,0,0,0,single,1,0
static_left_r08_s10008,9.120,0.142649,-0.558778,0.108778,0,0.150492,99.000000,0,0,0,0,single,1,0
static_left_r08_s10008,9.152,0.144423,-0.558541,0.108541,0,0.150536,99.000000,0,0,0,0,single,1,0
static_left_r08_s10008,9.184,0.147305,-0.558128,0.108128,0,0.150624,99.000000,0,0,0,0,single,1,0
static_left_r08_s10008,9.216,0.150212,-0.557679,0.107679,0,0.150737,99.000000,0,0,0,0,single,1,0
static_left_r08_s10008,9.248,0.153115,-0.557196,0.107196,0,0.150875,99.000000,0,0,0,0,single,1,0
static_left_r08_s10008,9.280,0.156012,-0.556680,0.106680,0,0.151036,99.000000,0,0,0,0,single,1,0
static_left_r08_s10008,9.312,0.158903,-0.556129,0.106129,0,0.151219,99.000000,0,0,0,0,single,1,0
static_left_r08_s10008,9.344,0.161787,-0.555541,0.105541,0,0.151421,99.000000,0,0,0,0,single,1,0
static_left_r08_s10008,9.376,0.164664,-0.554915,0.104915,0,0.151642,99.000000,0,0,0,0,single,1,0
static_left_r08_s10008,9.408,0.167531,-0.554249,0.104249,0,0.151878,99.000000,0,0,0,0,single,1,0
static_left_r08_s10008,9.440,0.170390,-0.553541,0.103541,0,0.152129,99.000000,0,0,0,0,single,1,0
static_left_r08_s10008,9.472,0.173238,-0.552787,0.102787,0,0.152389,99.000000,0,0,0,0,single,1,0
static_left_r08_s10008,9.504,0.176072,-0.551983,0.101983,0,0.152654,99.000000,0,0,0,0,single,1,0
static_left_r08_s10008,9.536,0.178891,-0.551122,0.101122,0,0.152917,99.000000,0,0,0,0,single,1,0
static_left_r08_s10008,9.568,0.181692,-0.550201,0.100201,0,0.153174,99.000000,0,0,0,0,single,1,0
static_left_r08_s10008,9.600,0.184470,-0.549207,0.099207,0,0.153411,99.000000,0,0,0,0,single,1,0
static_left_r08_s10008,9.632,0.187149,-0.548164,0.098164,0,0.153617,99.000000,0,0,0,0,single,1,0
static_left_r08_s10008,9.664,0.189791,-0.547036,0.097036,0,0.153785,99.000000,0,0,0,0,single,1,0
static_left_r08_s10008,9.696,0.192000,-0.545997,0.095997,0,0.153880,99.000000,0,0,0,0,single,1,0
static_left_r08_s10008,9.728,0.193317,-0.545341,0.095341,0,0.153924,99.000000,0,0,0,0,single,1,0
static_left_r08_s10008,9.760,0.194641,-0.544684,0.094684,0,0.153984,99.000000,0,0,0,0,single,1,0
static_left_r08_s10008,9.792,0.196716,-0.543781,0.093781,0,0.154216,99.000000,0,0,0,0,single,1,0
static_left_r08_s10008,9.824,0.199349,-0.542648,0.092648,0,0.154570,99.000000,0,0,0,0,single,1,0
static_left_r08_s10008,9.856,0.202008,-0.541388,0.091388,0,0.154881,99.000000,0,0,0,0,single,1,0
static_left_r08_s10008,9.888,0.204624,-0.540029,0.090029,0,0.155141,99.000000,0,0,0,0,single,1,0
static_left_r08_s10008,9.920,0.207167,-0.538585,0.088585,0,0.155346,99.000000,0,0,0,0,single,1,0
static_left_r08_s10008,9.952,0.209607,-0.537072,0.087072,0,0.155489,99.000000,0,0,0,0,single,1,0
static_left_r08_s10008,9.984,0.211327,-0.535895,0.085895,0,0.155532,99.000000,0,0,0,0,single,1,0
static_left_r08_s10008,10.016,0.212480,-0.535092,0.085092,0,0.155565,99.000000,0,0,0,0,single,1,0
static_left_r08_s10008,10.048,0.213629,-0.534278,0.084278,0,0.155600,99.000000,0,0,0,0,single,1,0
static_left_r08_s10008,10.080,0.215639,-0.533068,0.083068,0,0.155861,99.000000,0,0,0,0,single,1,0
static_left_r08_s10008,10.112,0.218108,-0.531572,0.081572,0,0.156221,99.000000,0,0,0,0,single,1,0
static_left_r08_s10008,10.144,0.220574,-0.529982,0.079982,0,0.156559,99.000000,0,0,0,0,single,1,0
static_left_r08_s10008,10.176,0.223016,-0.528349,0.078349,0,0.156904,99.000000,0,0,0,0,single,1,0
static_left_r08_s10008,10.208,0.225458,-0.526713,0.076713,0,0.157300,99.000000,0,0,0,0,single,1,0
static_left_r08_s10008,10.240,0.227905,-0.525080,0.075080,0,0.157756,99.000000,0,0,0,0,single,1,0
static_left_r08_s10008,10.272,0.230356,-0.523455,0.073455,0,0.158273,99.000000,0,0,0,0,single,1,0
static_left_r08_s10008,10.304,0.232811,-0.521837,0.071837,0,0.158852,99.000000,0,0,0,0,single,1,0
static_left_r08_s10008,10.336,0.235269,-0.520228,0.070228,0,0.159490,99.000000,0,0,0,0,single,1,0
static_left_r08_s10008,10.368,0.237735,-0.518626,0.068626,0,0.160191,99.000000,0,0,0,0,single,1,0
static_left_r08_s10008,10.400,0.240207,-0.517033,0.067033,0,0.160953,99.000000,0,0,0,0,single,1,0
static_left_r08_s10008,10.432,0.242686,-0.515450,0.065450,0,0.161776,99.000000,0,0,0,0,single,1,0
static_left_r08_s10008,10.464,0.245171,-0.513875,0.063875,0,0.162659,99.000000,0,0,0,0,single,1,0
static_left_r08_s10008,10.496,0.247664,-0.512312,0.062312,0,0.163603,99.000000,0,0,0,0,single,1,0
static_left_r08_s10008,10.528,0.250165,-0.510760,0.060760,0,0.164607,99.000000,0,0,0,0,single,1,0
static_left_r08_s10008,10.560,0.252675,-0.509222,0.059222,0,0.165674,99.000000,0,0,0,0,single,1,0
static_left_r08_s10008,10.592,0.255194,-0.507700,0.057700,0,0.166802,99.000000,0,0,0,0,single,1,0
static_left_r08_s10008,10.624,0.257724,-0.506193,0.056193,0,0.167992,99.000000,0,0,0,0,single,1,0
static_left_r08_s10008,10.656,0.260270,-0.504711,0.054711,0,0.169251,99.000000,0,0,0,0,single,1,0
static_left_r08_s10008,10.688,0.262843,-0.503273,0.053273,0,0.170599,99.000000,0,0,0,0,single,1,0
static_left_r08_s10008,10.720,0.265452,-0.501896,0.051896,0,0.172050,99.000000,0,0,0,0,single,1,0
static_left_r08_s10008,10.752,0.268096,-0.500587,0.050587,0,0.173605,99.000000,0,0,0,0,single,1,0
static_left_r08_s10008,10.784,0.270765,-0.499332,0.049332,0,0.175243,99.000000,0,0,0,0,single,1,0
static_left_r08_s10008,10.816,0.273449,-0.498119,0.048119,0,0.176951,99.000000,0,0,0,0,single,1,0
static_left_r08_s10008,10.848,0.276148,-0.496941,0.046941,0,0.178720,99.000000,0,0,0,0,single,1,0
static_left_r08_s10008,10.880,0.278859,-0.495798,0.045798,0,0.180547,99.000000,0,0,0,0,single,1,0
static_left_r08_s10008,10.912,0.281580,-0.494684,0.044684,0,0.182427,99.000000,0,0,0,0,single,1,0
static_left_r08_s10008,10.944,0.284311,-0.493596,0.043596,0,0.184354,99.000000,0,0,0,0,single,1,0
static_left_r08_s10008,10.976,0.287050,-0.492531,0.042531,0,0.186325,99.000000,0,0,0,0,single,1,0
static_left_r08_s10008,11.008,0.289801,-0.491491,0.041491,0,0.188343,99.000000,0,0,0,0,single,1,0
static_left_r08_s10008,11.040,0.292566,-0.490488,0.040488,0,0.190414,99.000000,0,0,0,0,single,1,0
static_left_r08_s10008,11.072,0.295348,-0.489532,0.039532,0,0.192542,99.000000,0,0,0,0,single,1,0
static_left_r08_s10008,11.104,0.298146,-0.488619,0.038619,0,0.194722,99.000000,0,0,0,0,single,1,0
static_left_r08_s10008,11.136,0.300958,-0.487753,0.037753,0,0.196955,99.000000,0,0,0,0,single,1,0
static_left_r08_s10008,11.168,0.303783,-0.486932,0.036932,0,0.199236,99.000000,0,0,0,0,single,1,0
static_left_r08_s10008,11.200,0.306621,-0.486154,0.036154,0,0.201561,99.000000,0,0,0,0,single,1,0
static_left_r08_s10008,11.232,0.309470,-0.485420,0.035420,0,0.203929,99.000000,0,0,0,0,single,1,0
static_left_r08_s10008,11.264,0.312329,-0.484732,0.034732,0,0.206338,99.000000,0,0,0,0,single,1,0
static_left_r08_s10008,11.296,0.315198,-0.484085,0.034085,0,0.208784,99.000000,0,0,0,0,single,1,0
static_left_r08_s10008,11.328,0.318075,-0.483480,0.033480,0,0.211265,99.000000,0,0,0,0,single,1,0
static_left_r08_s10008,11.360,0.320959,-0.482916,0.032916,0,0.213779,99.000000,0,0,0,0,single,1,0
static_left_r08_s10008,11.392,0.323850,-0.482393,0.032393,0,0.216323,99.000000,0,0,0,0,single,1,0
static_left_r08_s10008,11.424,0.326747,-0.481908,0.031908,0,0.218895,99.000000,0,0,0,0,single,1,0
static_left_r08_s10008,11.456,0.329650,-0.481460,0.031460,0,0.221494,99.000000,0,0,0,0,single,1,0
static_left_r08_s10008,11.488,0.332567,-0.481051,0.031051,0,0.224127,99.000000,0,0,0,0,single,1,0
static_left_r08_s10008,11.520,0.335493,-0.480705,0.030705,0,0.226796,99.000000,0,0,0,0,single,1,0
static_left_r08_s10008,11.552,0.338428,-0.480418,0.030418,0,0.229498,99.000000,0,0,0,0,single,1,0
static_left_r08_s10008,11.584,0.341370,-0.480207,0.030207,0,0.232236,99.000000,0,0,0,0,single,1,0
static_left_r08_s10008,11.616,0.344315,-0.480066,0.030066,0,0.235003,99.000000,0,0,0,0,single,1,0
static_left_r08_s10008,11.648,0.347265,-0.479991,0.029991,0,0.237799,99.000000,0,0,0,0,single,1,0
static_left_r08_s10008,11.680,0.349477,-0.480010,0.030010,0,0.239919,99.000000,0,0,0,0,single,1,0
static_left_r08_s10008,11.712,0.351518,-0.480033,0.030033,0,0.241879,99.000000,0,0,0,0,single,1,0
static_left_r08_s10008,11.744,0.353574,-0.480053,0.030053,0,0.243853,99.000000,0,0,0,0,single,1,0
static_left_r08_s10008,11.776,0.355635,-0.480074,0.030074,0,0.245833,99.000000,0,0,0,0,single,1,0
static_left_r08_s10008,11.808,0.358574,-0.480095,0.030095,0,0.248658,99.000000,0,0,0,0,single,1,0
static_left_r08_s10008,11.840,0.361519,-0.480220,0.030220,0,0.251520,99.000000,0,0,0,0,single,1,0
static_left_r08_s10008,11.872,0.364330,-0.480449,0.030449,0,0.254283,99.000000,0,0,0,0,single,1,0
static_left_r08_s10008,11.904,0.366808,-0.480767,0.030767,0,0.256754,99.000000,0,0,0,0,single,1,0
static_left_r08_s10008,11.936,0.368538,-0.481053,0.031053,0,0.258495,99.000000,0,0,0,0,single,1,0
static_left_r08_s10008,11.968,0.370012,-0.481301,0.031301,0,0.259980,99.000000,0,0,0,0,single,1,0
static_left_r08_s10008,12.000,0.371486,-0.481528,0.031528,0,0.261461,99.000000,0,0,0,0,single,1,0
static_left_r08_s10008,12.032,0.373177,-0.481760,0.031760,0,0.263150,99.000000,0,0,0,0,single,1,0
static_left_r08_s10008,12.064,0.375877,-0.482119,0.032119,0,0.265846,99.000000,0,0,0,0,single,1,0
static_left_r08_s10008,12.096,0.378779,-0.482603,0.032603,0,0.268771,99.000000,0,0,0,0,single,1,0
static_left_r08_s10008,12.128,0.381666,-0.483178,0.033178,0,0.271706,99.000000,0,0,0,0,single,1,0
static_left_r08_s10008,12.160,0.384543,-0.483794,0.033794,0,0.274642,99.000000,0,0,0,0,single,1,0
static_left_r08_s10008,12.192,0.387412,-0.484442,0.034442,0,0.277580,99.000000,0,0,0,0,single,1,0
static_left_r08_s10008,12.224,0.390275,-0.485112,0.035112,0,0.280519,99.000000,0,0,0,0,single,1,0
static_left_r08_s10008,12.256,0.393135,-0.485798,0.035798,0,0.283458,99.000000,0,0,0,0,single,1,0
static_left_r08_s10008,12.288,0.395992,-0.486499,0.036499,0,0.286398,99.000000,0,0,0,0,single,1,0
static_left_r08_s10008,12.320,0.398847,-0.487208,0.037208,0,0.289338,99.000000,0,0,0,0,single,1,0
static_left_r08_s10008,12.352,0.401701,-0.487922,0.037922,0,0.292279,99.000000,0,0,0,0,single,1,0
static_left_r08_s10008,12.384,0.404554,-0.488639,0.038639,0,0.295220,99.000000,0,0,0,0,single,1,0
static_left_r08_s10008,12.416,0.407406,-0.489363,0.039363,0,0.298162,99.000000,0,0,0,0,single,1,0
static_left_r08_s10008,12.448,0.410258,-0.490089,0.040089,0,0.301105,99.000000,0,0,0,0,single,1,0
static_left_r08_s10008,12.480,0.413110,-0.490817,0.040817,0,0.304047,99.000000,0,0,0,0,single,1,0
static_left_r08_s10008,12.512,0.415961,-0.491547,0.041547,0,0.306990,99.000000,0,0,0,0,single,1,0
static_left_r08_s10008,12.544,0.418813,-0.492275,0.042275,0,0.309933,99.000000,0,0,0,0,single,1,0
static_left_r08_s10008,12.576,0.421666,-0.493002,0.043002,0,0.312876,99.000000,0,0,0,0,single,1,0
static_left_r08_s10008,12.608,0.424518,-0.493729,0.043729,0,0.315819,99.000000,0,0,0,0,single,1,0
static_left_r08_s10008,12.640,0.427371,-0.494456,0.044456,0,0.318763,99.000000,0,0,0,0,single,1,0
static_left_r08_s10008,12.672,0.430224,-0.495183,0.045183,0,0.321706,99.000000,0,0,0,0,single,1,0
static_left_r08_s10008,12.704,0.433078,-0.495910,0.045910,0,0.324651,99.000000,0,0,0,0,single,1,0
static_left_r08_s10008,12.736,0.435931,-0.496630,0.046630,0,0.327593,99.000000,0,0,0,0,single,1,0
static_left_r08_s10008,12.768,0.438786,-0.497344,0.047344,0,0.330536,99.000000,0,0,0,0,single,1,0
static_left_r08_s10008,12.800,0.441643,-0.498054,0.048054,0,0.333478,99.000000,0,0,0,0,single,1,0
static_left_r08_s10008,12.832,0.444502,-0.498756,0.048756,0,0.336421,99.000000,0,0,0,0,single,1,0
static_left_r08_s10008,12.864,0.447364,-0.499447,0.049447,0,0.339364,99.000000,0,0,0,0,single,1,0
static_left_r08_s10008,12.896,0.450228,-0.500127,0.050127,0,0.342306,99.000000,0,0,0,0,single,1,0
static_left_r08_s10008,12.928,0.453095,-0.500795,0.050795,0,0.345248,99.000000,0,0,0,0,single,1,0
static_left_r08_s10008,12.960,0.455966,-0.501449,0.051449,0,0.348190,99.000000,0,0,0,0,single,1,0
static_left_r08_s10008,12.992,0.458841,-0.502088,0.052088,0,0.351131,99.000000,0,0,0,0,single,1,0
static_left_r08_s10008,13.024,0.461719,-0.502707,0.052707,0,0.354072,99.000000,0,0,0,0,single,1,0
static_left_r08_s10008,13.056,0.464603,-0.503305,0.053305,0,0.357011,99.000000,0,0,0,0,single,1,0
static_left_r08_s10008,13.088,0.467491,-0.503879,0.053879,0,0.359949,99.000000,0,0,0,0,single,1,0
static_left_r08_s10008,13.120,0.470385,-0.504424,0.054424,0,0.362885,99.000000,0,0,0,0,single,1,0
static_left_r08_s10008,13.152,0.473286,-0.504938,0.054938,0,0.365820,99.000000,0,0,0,0,single,1,0
static_left_r08_s10008,13.184,0.476192,-0.505417,0.055417,0,0.368751,99.000000,0,0,0,0,single,1,0
static_left_r08_s10008,13.216,0.479105,-0.505857,0.055857,0,0.371679,99.000000,0,0,0,0,single,1,0
static_left_r08_s10008,13.248,0.482023,-0.506259,0.056259,0,0.374602,99.000000,0,0,0,0,single,1,0
static_left_r08_s10008,13.280,0.484946,-0.506623,0.056623,0,0.377521,99.000000,0,0,0,0,single,1,0
static_left_r08_s10008,13.312,0.487874,-0.506949,0.056949,0,0.380435,99.000000,0,0,0,0,single,1,0
static_left_r08_s10008,13.344,0.490806,-0.507236,0.057236,0,0.383343,99.000000,0,0,0,0,single,1,0
static_left_r08_s10008,13.376,0.493739,-0.507485,0.057485,0,0.386244,99.000000,0,0,0,0,single,1,0
static_left_r08_s10008,13.408,0.496673,-0.507698,0.057698,0,0.389137,99.000000,0,0,0,0,single,1,0
static_left_r08_s10008,13.440,0.499612,-0.507879,0.057879,0,0.392027,99.000000,0,0,0,0,single,1,0
static_left_r08_s10008,13.472,0.502552,-0.508028,0.058028,0,0.394912,99.000000,0,0,0,0,single,1,0
static_left_r08_s10008,13.504,0.505494,-0.508149,0.058149,0,0.397792,99.000000,0,0,0,0,single,1,0
static_left_r08_s10008,13.536,0.508436,-0.508242,0.058242,0,0.400667,99.000000,0,0,0,0,single,1,0
static_left_r08_s10008,13.568,0.511379,-0.508308,0.058308,0,0.403537,99.000000,0,0,0,0,single,1,0
static_left_r08_s10008,13.600,0.514322,-0.508348,0.058348,0,0.406402,99.000000,0,0,0,0,single,1,0
static_left_r08_s10008,13.632,0.517266,-0.508364,0.058364,0,0.409262,99.000000,0,0,0,0,single,1,0
static_left_r08_s10008,13.664,0.520210,-0.508356,0.058356,0,0.412119,99.000000,0,0,0,0,single,1,0
static_left_r08_s10008,13.696,0.523153,-0.508326,0.058326,0,0.414971,99.000000,0,0,0,0,single,1,0
static_left_r08_s10008,13.728,0.526096,-0.508276,0.058276,0,0.417819,99.000000,0,0,0,0,single,1,0
static_left_r08_s10008,13.760,0.529039,-0.508207,0.058207,0,0.420663,99.000000,0,0,0,0,single,1,0
static_left_r08_s10008,13.792,0.531982,-0.508121,0.058121,0,0.423505,99.000000,0,0,0,0,single,1,0
static_left_r08_s10008,13.824,0.534924,-0.508018,0.058018,0,0.426344,99.000000,0,0,0,0,single,1,0
static_left_r08_s10008,13.856,0.537865,-0.507900,0.057900,0,0.429180,99.000000,0,0,0,0,single,1,0
static_left_r08_s10008,13.888,0.540806,-0.507765,0.057765,0,0.432013,99.000000,0,0,0,0,single,1,0
static_left_r08_s10008,13.920,0.543746,-0.507617,0.057617,0,0.434844,99.000000,0,0,0,0,single,1,0
static_left_r08_s10008,13.952,0.546685,-0.507455,0.057455,0,0.437673,99.000000,0,0,0,0,single,1,0
static_left_r08_s10008,13.984,0.549624,-0.507280,0.057280,0,0.440500,99.000000,0,0,0,0,single,1,0
static_left_r08_s10008,14.016,0.552562,-0.507092,0.057092,0,0.443324,99.000000,0,0,0,0,single,1,0
static_left_r08_s10008,14.048,0.555499,-0.506894,0.056894,0,0.446148,99.000000,0,0,0,0,single,1,0
static_left_r08_s10008,14.080,0.558435,-0.506687,0.056687,0,0.448970,99.000000,0,0,0,0,single,1,0
static_left_r08_s10008,14.112,0.561371,-0.506469,0.056469,0,0.451791,99.000000,0,0,0,0,single,1,0
static_left_r08_s10008,14.144,0.564307,-0.506245,0.056245,0,0.454611,99.000000,0,0,0,0,single,1,0
static_left_r08_s10008,14.176,0.567241,-0.506012,0.056012,0,0.457431,99.000000,0,0,0,0,single,1,0
static_left_r08_s10008,14.208,0.570175,-0.505772,0.055772,0,0.460250,99.000000,0,0,0,0,single,1,0
static_left_r08_s10008,14.240,0.573109,-0.505525,0.055525,0,0.463069,99.000000,0,0,0,0,single,1,0
static_left_r08_s10008,14.272,0.576042,-0.505273,0.055273,0,0.465888,99.000000,0,0,0,0,single,1,0
static_left_r08_s10008,14.304,0.578975,-0.505014,0.055014,0,0.468706,99.000000,0,0,0,0,single,1,0
static_left_r08_s10008,14.336,0.581907,-0.504748,0.054748,0,0.471524,99.000000,0,0,0,0,single,1,0
static_left_r08_s10008,14.368,0.584838,-0.504479,0.054479,0,0.474343,99.000000,0,0,0,0,single,1,0
static_left_r08_s10008,14.400,0.587770,-0.504205,0.054205,0,0.477161,99.000000,0,0,0,0,single,1,0
static_left_r08_s10008,14.432,0.590700,-0.503926,0.053926,0,0.479980,99.000000,0,0,0,0,single,1,0
static_left_r08_s10008,14.464,0.593631,-0.503642,0.053642,0,0.482799,99.000000,0,0,0,0,single,1,0
static_left_r08_s10008,14.496,0.596560,-0.503353,0.053353,0,0.485618,99.000000,0,0,0,0,single,1,0
static_left_r08_s10008,14.528,0.599490,-0.503060,0.053060,0,0.488437,99.000000,0,0,0,0,single,1,0
static_left_r08_s10008,14.560,0.602419,-0.502764,0.052764,0,0.491257,99.000000,0,0,0,0,single,1,0
static_left_r08_s10008,14.592,0.605348,-0.502465,0.052465,0,0.494077,99.000000,0,0,0,0,single,1,0
static_left_r08_s10008,14.624,0.608276,-0.502162,0.052162,0,0.496898,99.000000,0,0,0,0,single,1,0
static_left_r08_s10008,14.656,0.611204,-0.501857,0.051857,0,0.499719,99.000000,0,0,0,0,single,1,0
static_left_r08_s10008,14.688,0.614132,-0.501548,0.051548,0,0.502541,99.000000,0,0,0,0,single,1,0
static_left_r08_s10008,14.720,0.617060,-0.501241,0.051241,0,0.505365,99.000000,0,0,0,0,single,1,0
static_left_r08_s10008,14.752,0.619988,-0.500934,0.050934,0,0.508190,99.000000,0,0,0,0,single,1,0
static_left_r08_s10008,14.784,0.622916,-0.500627,0.050627,0,0.511016,99.000000,0,0,0,0,single,1,0
static_left_r08_s10008,14.816,0.625844,-0.500321,0.050321,0,0.513844,99.000000,0,0,0,0,single,1,0
static_left_r08_s10008,14.848,0.628772,-0.500015,0.050015,0,0.516673,99.000000,0,0,0,0,single,1,0
static_left_r08_s10008,14.880,0.631700,-0.499709,0.049709,0,0.519504,99.000000,0,0,0,0,single,1,0
static_left_r08_s10008,14.912,0.634628,-0.499403,0.049403,0,0.522336,99.000000,0,0,0,0,single,1,0
static_left_r08_s10008,14.944,0.637556,-0.499097,0.049097,0,0.525169,99.000000,0,0,0,0,single,1,0
static_left_r08_s10008,14.976,0.640484,-0.498791,0.048791,0,0.528003,99.000000,0,0,0,0,single,1,0
static_left_r08_s10008,15.008,0.643413,-0.498490,0.048490,0,0.530840,99.000000,0,0,0,0,single,1,0
static_left_r08_s10008,15.040,0.646341,-0.498192,0.048192,0,0.533679,99.000000,0,0,0,0,single,1,0
static_left_r08_s10008,15.072,0.649271,-0.497898,0.047898,0,0.536520,99.000000,0,0,0,0,single,1,0
static_left_r08_s10008,15.104,0.652201,-0.497610,0.047610,0,0.539364,99.000000,0,0,0,0,single,1,0
static_left_r08_s10008,15.136,0.655131,-0.497328,0.047328,0,0.542210,99.000000,0,0,0,0,single,1,0
static_left_r08_s10008,15.168,0.658062,-0.497050,0.047050,0,0.545058,99.000000,0,0,0,0,single,1,0
static_left_r08_s10008,15.200,0.660994,-0.496782,0.046782,0,0.547910,99.000000,0,0,0,0,single,1,0
static_left_r08_s10008,15.232,0.663927,-0.496523,0.046523,0,0.550765,99.000000,0,0,0,0,single,1,0
static_left_r08_s10008,15.264,0.666860,-0.496273,0.046273,0,0.553623,99.000000,0,0,0,0,single,1,0
static_left_r08_s10008,15.296,0.669794,-0.496033,0.046033,0,0.556485,99.000000,0,0,0,0,single,1,0
static_left_r08_s10008,15.328,0.672730,-0.495804,0.045804,0,0.559350,99.000000,0,0,0,0,single,1,0
static_left_r08_s10008,15.360,0.675666,-0.495585,0.045585,0,0.562218,99.000000,0,0,0,0,single,1,0
static_left_r08_s10008,15.392,0.678603,-0.495378,0.045378,0,0.565090,99.000000,0,0,0,0,single,1,0
static_left_r08_s10008,15.424,0.681540,-0.495183,0.045183,0,0.567965,99.000000,0,0,0,0,single,1,0
static_left_r08_s10008,15.456,0.684479,-0.495001,0.045001,0,0.570843,99.000000,0,0,0,0,single,1,0
static_left_r08_s10008,15.488,0.687419,-0.494836,0.044836,0,0.573725,99.000000,0,0,0,0,single,1,0
static_left_r08_s10008,15.520,0.690359,-0.494686,0.044686,0,0.576612,99.000000,0,0,0,0,single,1,0
static_left_r08_s10008,15.552,0.693300,-0.494550,0.044550,0,0.579501,99.000000,0,0,0,0,single,1,0
static_left_r08_s10008,15.584,0.696242,-0.494430,0.044430,0,0.582394,99.000000,0,0,0,0,single,1,0
static_left_r08_s10008,15.616,0.699184,-0.494323,0.044323,0,0.585290,99.000000,0,0,0,0,single,1,0
static_left_r08_s10008,15.648,0.702127,-0.494229,0.044229,0,0.588189,99.000000,0,0,0,0,single,1,0
static_left_r08_s10008,15.680,0.705070,-0.494148,0.044148,0,0.591090,99.000000,0,0,0,0,single,1,0
static_left_r08_s10008,15.712,0.708014,-0.494090,0.044090,0,0.593996,99.000000,0,0,0,0,single,1,0
static_left_r08_s10008,15.744,0.710958,-0.494052,0.044052,0,0.596905,99.000000,0,0,0,0,single,1,0
static_left_r08_s10008,15.776,0.713902,-0.494027,0.044027,0,0.599817,99.000000,0,0,0,0,single,1,0
static_left_r08_s10008,15.808,0.716846,-0.494022,0.044022,0,0.602732,99.000000,0,0,0,0,single,1,0
static_left_r08_s10008,15.840,0.719791,-0.494043,0.044043,0,0.605650,99.000000,0,0,0,0,single,1,0
static_left_r08_s10008,15.872,0.722735,-0.494082,0.044082,0,0.608571,99.000000,0,0,0,0,single,1,0
static_left_r08_s10008,15.904,0.725678,-0.494140,0.044140,0,0.611495,99.000000,0,0,0,0,single,1,0
static_left_r08_s10008,15.936,0.728622,-0.494210,0.044210,0,0.614420,99.000000,0,0,0,0,single,1,0
static_left_r08_s10008,15.968,0.731564,-0.494293,0.044293,0,0.617346,99.000000,0,0,0,0,single,1,0
static_left_r08_s10008,16.000,0.734507,-0.494389,0.044389,0,0.620274,99.000000,0,0,0,0,single,1,0
static_left_r08_s10008,16.032,0.737449,-0.494495,0.044495,0,0.623203,99.000000,0,0,0,0,single,1,0
static_left_r08_s10008,16.064,0.740390,-0.494610,0.044610,0,0.626133,99.000000,0,0,0,0,single,1,0
static_left_r08_s10008,16.096,0.743331,-0.494734,0.044734,0,0.629064,99.000000,0,0,0,0,single,1,0
static_left_r08_s10008,16.128,0.746272,-0.494866,0.044866,0,0.631996,99.000000,0,0,0,0,single,1,0
static_left_r08_s10008,16.160,0.749213,-0.495003,0.045003,0,0.634928,99.000000,0,0,0,0,single,1,0
static_left_r08_s10008,16.192,0.752153,-0.495146,0.045151,0,0.637862,99.000000,0,0,0,0,single,1,0
static_left_r08_s10008,16.224,0.755093,-0.495294,0.045320,0,0.640795,99.000000,0,0,0,0,single,1,0
static_left_r08_s10008,16.256,0.758033,-0.495443,0.045508,0,0.643729,99.000000,0,0,0,0,single,1,0
static_left_r08_s10008,16.288,0.760973,-0.495595,0.045717,0,0.646663,99.000000,0,0,0,0,single,1,0
static_left_r08_s10008,16.320,0.763913,-0.495746,0.045941,0,0.649597,99.000000,0,0,0,0,single,1,0
static_left_r08_s10008,16.352,0.766853,-0.495895,0.046182,0,0.652531,99.000000,0,0,0,0,single,1,0
static_left_r08_s10008,16.384,0.769794,-0.496045,0.046440,0,0.655466,99.000000,0,0,0,0,single,1,0
static_left_r08_s10008,16.416,0.772734,-0.496194,0.046715,0,0.658400,99.000000,0,0,0,0,single,1,0
static_left_r08_s10008,16.448,0.775674,-0.496343,0.047007,0,0.661335,99.000000,0,0,0,0,single,1,0
static_left_r08_s10008,16.480,0.778614,-0.496492,0.047316,0,0.664269,99.000000,0,0,0,0,single,1,0
static_left_r08_s10008,16.512,0.781555,-0.496636,0.047637,0,0.667203,99.000000,0,0,0,0,single,1,0
static_left_r08_s10008,16.544,0.784495,-0.496776,0.047973,0,0.670137,99.000000,0,0,0,0,single,1,0
static_left_r08_s10008,16.576,0.787436,-0.496913,0.048321,0,0.673071,99.000000,0,0,0,0,single,1,0
static_left_r08_s10008,16.608,0.790377,-0.497047,0.048684,0,0.676005,99.000000,0,0,0,0,single,1,0
static_left_r08_s10008,16.640,0.793318,-0.497174,0.049058,0,0.678938,99.000000,0,0,0,0,single,1,0
static_left_r08_s10008,16.672,0.796260,-0.497297,0.049444,0,0.681871,99.000000,0,0,0,0,single,1,0
static_left_r08_s10008,16.704,0.799202,-0.497411,0.049839,0,0.684804,99.000000,0,0,0,0,single,1,0
static_left_r08_s10008,16.736,0.802144,-0.497519,0.050244,0,0.687735,99.000000,0,0,0,0,single,1,0
static_left_r08_s10008,16.768,0.805086,-0.497621,0.050660,0,0.690667,99.000000,0,0,0,0,single,1,0
static_left_r08_s10008,16.800,0.808029,-0.497717,0.051089,0,0.693598,99.000000,0,0,0,0,single,1,0
static_left_r08_s10008,16.832,0.810971,-0.497807,0.051527,0,0.696528,99.000000,0,0,0,0,single,1,0
static_left_r08_s10008,16.864,0.813914,-0.497890,0.051975,0,0.699458,99.000000,0,0,0,0,single,1,0
static_left_r08_s10008,16.896,0.816858,-0.497961,0.052429,0,0.702387,99.000000,0,0,0,0,single,1,0
static_left_r08_s10008,16.928,0.819801,-0.498015,0.052883,0,0.705315,99.000000,0,0,0,0,single,1,0
static_left_r08_s10008,16.960,0.822746,-0.498051,0.053336,0,0.708240,99.000000,0,0,0,0,single,1,0
static_left_r08_s10008,16.992,0.825690,-0.498068,0.053786,0,0.711164,99.000000,0,0,0,0,single,1,0
static_left_r08_s10008,17.024,0.828635,-0.498063,0.054232,0,0.714086,99.000000,0,0,0,0,single,1,0
static_left_r08_s10008,17.056,0.831580,-0.498031,0.054668,0,0.717004,99.000000,0,0,0,0,single,1,0
static_left_r08_s10008,17.088,0.834525,-0.497965,0.055088,0,0.719919,99.000000,0,0,0,0,single,1,0
static_left_r08_s10008,17.120,0.837469,-0.497861,0.055487,0,0.722829,99.000000,0,0,0,0,single,1,0
static_left_r08_s10008,17.152,0.840411,-0.497717,0.055862,0,0.725732,99.000000,0,0,0,0,single,1,0
static_left_r08_s10008,17.184,0.843352,-0.497530,0.056213,0,0.728629,99.000000,0,0,0,0,single,1,0
static_left_r08_s10008,17.216,0.846290,-0.497299,0.056535,0,0.731517,99.000000,0,0,0,0,single,1,0
static_left_r08_s10008,17.248,0.849223,-0.497020,0.056828,0,0.734397,99.000000,0,0,0,0,single,1,0
static_left_r08_s10008,17.280,0.852152,-0.496696,0.057092,0,0.737267,99.000000,0,0,0,0,single,1,0
static_left_r08_s10008,17.312,0.855075,-0.496325,0.057325,0,0.740126,99.000000,0,0,0,0,single,1,0
static_left_r08_s10008,17.344,0.857991,-0.495909,0.057531,0,0.742975,99.000000,0,0,0,0,single,1,0
static_left_r08_s10008,17.376,0.860901,-0.495449,0.057709,0,0.745812,99.000000,0,0,0,0,single,1,0
static_left_r08_s10008,17.408,0.863803,-0.494945,0.057860,0,0.748637,99.000000,0,0,0,0,single,1,0
static_left_r08_s10008,17.440,0.866696,-0.494399,0.057985,0,0.751451,99.000000,0,0,0,0,single,1,0
static_left_r08_s10008,17.472,0.869582,-0.493817,0.058089,0,0.754254,99.000000,0,0,0,0,single,1,0
static_left_r08_s10008,17.504,0.872460,-0.493198,0.058174,0,0.757046,99.000000,0,0,0,0,single,1,0
static_left_r08_s10008,17.536,0.875331,-0.492548,0.058243,0,0.759828,99.000000,0,0,0,0,single,1,0
static_left_r08_s10008,17.568,0.878195,-0.491869,0.058300,0,0.762602,99.000000,0,0,0,0,single,1,0
static_left_r08_s10008,17.600,0.881051,-0.491163,0.058346,0,0.765367,99.000000,0,0,0,0,single,1,0
static_left_r08_s10008,17.632,0.883903,-0.490439,0.058390,0,0.768126,99.000000,0,0,0,0,single,1,0
static_left_r08_s10008,17.664,0.886752,-0.489705,0.058441,0,0.770883,99.000000,0,0,0,0,single,1,0
static_left_r08_s10008,17.696,0.889598,-0.488960,0.058497,0,0.773638,99.000000,0,0,0,0,single,1,0
static_left_r08_s10008,17.728,0.892441,-0.488199,0.058554,0,0.776389,99.000000,0,0,0,0,single,1,0
static_left_r08_s10008,17.760,0.895280,-0.487423,0.058613,0,0.779136,99.000000,0,0,0,0,single,1,0
static_left_r08_s10008,17.792,0.898115,-0.486636,0.058677,0,0.781880,99.000000,0,0,0,0,single,1,0
static_left_r08_s10008,17.824,0.900950,-0.485843,0.058753,0,0.784624,99.000000,0,0,0,0,single,1,0
static_left_r08_s10008,17.856,0.903782,-0.485039,0.058834,0,0.787366,99.000000,0,0,0,0,single,1,0
static_left_r08_s10008,17.888,0.906605,-0.484203,0.058899,0,0.790097,99.000000,0,0,0,0,single,1,0
static_left_r08_s10008,17.920,0.909421,-0.483341,0.058953,0,0.792820,99.000000,0,0,0,0,single,1,0
static_left_r08_s10008,17.952,0.912227,-0.482448,0.058992,0,0.795533,99.000000,0,0,0,0,single,1,0
static_left_r08_s10008,17.984,0.915023,-0.481522,0.059015,0,0.798234,99.000000,0,0,0,0,single,1,0
static_left_r08_s10008,18.016,0.917809,-0.480567,0.059023,0,0.800924,99.000000,0,0,0,0,single,1,0
static_left_r08_s10008,18.048,0.920585,-0.479581,0.059016,0,0.803603,99.000000,0,0,0,0,single,1,0
static_left_r08_s10008,18.080,0.923349,-0.478565,0.058994,0,0.806270,99.000000,0,0,0,0,single,1,0
static_left_r08_s10008,18.112,0.926103,-0.477522,0.058959,0,0.808926,99.000000,0,0,0,0,single,1,0
static_left_r08_s10008,18.144,0.928846,-0.476450,0.058911,0,0.811571,99.000000,0,0,0,0,single,1,0
static_left_r08_s10008,18.176,0.931577,-0.475351,0.058851,0,0.814204,99.000000,0,0,0,0,single,1,0
static_left_r08_s10008,18.208,0.934299,-0.474226,0.058779,0,0.816827,99.000000,0,0,0,0,single,1,0
static_left_r08_s10008,18.240,0.937009,-0.473078,0.058700,0,0.819441,99.000000,0,0,0,0,single,1,0
static_left_r08_s10008,18.272,0.939711,-0.471908,0.058613,0,0.822045,99.000000,0,0,0,0,single,1,0
static_left_r08_s10008,18.304,0.942403,-0.470718,0.058521,0,0.824641,99.000000,0,0,0,0,single,1,0
static_left_r08_s10008,18.336,0.945086,-0.469507,0.058424,0,0.827229,99.000000,0,0,0,0,single,1,0
static_left_r08_s10008,18.368,0.947760,-0.468277,0.058323,0,0.829809,99.000000,0,0,0,0,single,1,0
static_left_r08_s10008,18.400,0.950427,-0.467031,0.058221,0,0.832383,99.000000,0,0,0,0,single,1,0
static_left_r08_s10008,18.432,0.953085,-0.465766,0.058116,0,0.834950,99.000000,0,0,0,0,single,1,0
static_left_r08_s10008,18.464,0.955736,-0.464487,0.058011,0,0.837510,99.000000,0,0,0,0,single,1,0
static_left_r08_s10008,18.496,0.958380,-0.463193,0.057908,0,0.840066,99.000000,0,0,0,0,single,1,0
static_left_r08_s10008,18.528,0.961018,-0.461888,0.057808,0,0.842617,99.000000,0,0,0,0,single,1,0
static_left_r08_s10008,18.560,0.963651,-0.460573,0.057715,0,0.845166,99.000000,0,0,0,0,single,1,0
static_left_r08_s10008,18.592,0.966282,-0.459253,0.057633,0,0.847714,99.000000,0,0,0,0,single,1,0
static_left_r08_s10008,18.624,0.968911,-0.457928,0.057563,0,0.850263,99.000000,0,0,0,0,single,1,0
static_left_r08_s10008,18.656,0.971536,-0.456596,0.057502,0,0.852810,99.000000,0,0,0,0,single,1,0
static_left_r08_s10008,18.688,0.974157,-0.455257,0.057450,0,0.855355,99.000000,0,0,0,0,single,1,0
static_left_r08_s10008,18.720,0.976776,-0.453912,0.057409,0,0.857900,99.000000,0,0,0,0,single,1,0
static_left_r08_s10008,18.752,0.979393,-0.452565,0.057381,0,0.860446,99.000000,0,0,0,0,single,1,0
static_left_r08_s10008,18.784,0.982007,-0.451210,0.057364,0,0.862991,99.000000,0,0,0,0,single,1,0
static_left_r08_s10008,18.816,0.984613,-0.449842,0.057347,0,0.865531,99.000000,0,0,0,0,single,1,0
static_left_r08_s10008,18.848,0.987214,-0.448461,0.057333,0,0.868066,99.000000,0,0,0,0,single,1,0
static_left_r08_s10008,18.880,0.989807,-0.447067,0.057323,0,0.870597,99.000000,0,0,0,0,single,1,0
static_left_r08_s10008,18.912,0.992394,-0.445660,0.057314,0,0.873122,99.000000,0,0,0,0,single,1,0
static_left_r08_s10008,18.944,0.994972,-0.444239,0.057307,0,0.875642,99.000000,0,0,0,0,single,1,0
static_left_r08_s10008,18.976,0.997544,-0.442805,0.057301,0,0.878157,99.000000,0,0,0,0,single,1,0
static_left_r08_s10008,19.008,1.000107,-0.441356,0.057296,0,0.880665,99.000000,0,0,0,0,single,1,0
static_left_r08_s10008,19.040,1.002662,-0.439892,0.057290,0,0.883168,99.000000,0,0,0,0,single,1,0
static_left_r08_s10008,19.072,1.005208,-0.438414,0.057285,0,0.885664,99.000000,0,0,0,0,single,1,0
static_left_r08_s10008,19.104,1.007746,-0.436921,0.057280,0,0.888154,99.000000,0,0,0,0,single,1,0
static_left_r08_s10008,19.136,1.010275,-0.435413,0.057275,0,0.890637,99.000000,0,0,0,0,single,1,0
static_left_r08_s10008,19.168,1.012795,-0.433892,0.057270,0,0.893115,99.000000,0,0,0,0,single,1,0
static_left_r08_s10008,19.200,1.015307,-0.432355,0.057266,0,0.895586,99.000000,0,0,0,0,single,1,0
static_left_r08_s10008,19.232,1.017809,-0.430803,0.057260,0,0.898050,99.000000,0,0,0,0,single,1,0
static_left_r08_s10008,19.264,1.020301,-0.429235,0.057253,0,0.900506,99.000000,0,0,0,0,single,1,0
static_left_r08_s10008,19.296,1.022784,-0.427654,0.057246,0,0.902957,99.000000,0,0,0,0,single,1,0
static_left_r08_s10008,19.328,1.025258,-0.426058,0.057240,0,0.905401,99.000000,0,0,0,0,single,1,0
static_left_r08_s10008,19.360,1.027724,-0.424449,0.057235,0,0.907839,99.000000,0,0,0,0,single,1,0
static_left_r08_s10008,19.392,1.030180,-0.422826,0.057230,0,0.910270,99.000000,0,0,0,0,single,1,0
static_left_r08_s10008,19.424,1.032627,-0.421189,0.057226,0,0.912695,99.000000,0,0,0,0,single,1,0
static_left_r08_s10008,19.456,1.035064,-0.419538,0.057222,0,0.915114,99.000000,0,0,0,0,single,1,0
static_left_r08_s10008,19.488,1.037494,-0.417876,0.057221,0,0.917528,99.000000,0,0,0,0,single,1,0
static_left_r08_s10008,19.520,1.039916,-0.416203,0.057225,0,0.919937,99.000000,0,0,0,0,single,1,0
static_left_r08_s10008,19.552,1.042334,-0.414524,0.057237,0,0.922345,99.000000,0,0,0,0,single,1,0
static_left_r08_s10008,19.584,1.044748,-0.412839,0.057259,0,0.924752,99.000000,0,0,0,0,single,1,0
static_left_r08_s10008,19.616,1.047158,-0.411149,0.057293,0,0.927159,99.000000,0,0,0,0,single,1,0
static_left_r08_s10008,19.648,1.049562,-0.409450,0.057333,0,0.929562,99.000000,0,0,0,0,single,1,0
static_left_r08_s10008,19.680,1.051962,-0.407746,0.057383,0,0.931965,99.000000,0,0,0,0,single,1,0
static_left_r08_s10008,19.712,1.054360,-0.406038,0.057446,0,0.934368,99.000000,0,0,0,0,single,1,0
static_left_r08_s10008,19.744,1.056755,-0.404327,0.057522,0,0.936773,99.000000,0,0,0,0,single,1,0
static_left_r08_s10008,19.776,1.059145,-0.402607,0.057606,0,0.939174,99.000000,0,0,0,0,single,1,0
static_left_r08_s10008,19.808,1.061525,-0.400873,0.057688,0,0.941569,99.000000,0,0,0,0,single,1,0
static_left_r08_s10008,19.840,1.063894,-0.399125,0.057770,0,0.943956,99.000000,0,0,0,0,single,1,0
static_left_r08_s10008,19.872,1.066251,-0.397361,0.057849,0,0.946335,99.000000,0,0,0,0,single,1,0
static_left_r08_s10008,19.904,1.068596,-0.395579,0.057923,0,0.948705,99.000000,0,0,0,0,single,1,0
static_left_r08_s10008,19.936,1.070926,-0.393779,0.057992,0,0.951064,99.000000,0,0,0,0,single,1,0
static_left_r08_s10008,19.968,1.073242,-0.391959,0.058052,0,0.953412,99.000000,0,0,0,0,single,1,0
static_left_r08_s10008,20.000,1.075541,-0.390119,0.058104,0,0.955747,99.000000,0,0,0,0,single,1,0
static_left_r08_s10008,20.032,1.077822,-0.388257,0.058144,0,0.958069,99.000000,0,0,0,0,single,1,0
static_left_r08_s10008,20.064,1.080085,-0.386372,0.058172,0,0.960376,99.000000,0,0,0,0,single,1,0
static_left_r08_s10008,20.096,1.082329,-0.384465,0.058188,0,0.962668,99.000000,0,0,0,0,single,1,0
static_left_r08_s10008,20.128,1.084555,-0.382538,0.058195,0,0.964946,99.000000,0,0,0,0,single,1,0
static_left_r08_s10008,20.160,1.086764,-0.380591,0.058192,0,0.967212,99.000000,0,0,0,0,single,1,0
static_left_r08_s10008,20.192,1.088955,-0.378624,0.058180,0,0.969463,99.000000,0,0,0,0,single,1,0
static_left_r08_s10008,20.224,1.091130,-0.376639,0.058160,0,0.971703,99.000000,0,0,0,0,single,1,0
static_left_r08_s10008,20.256,1.093288,-0.374636,0.058132,0,0.973930,99.000000,0,0,0,0,single,1,0
static_left_r08_s10008,20.288,1.095430,-0.372617,0.058099,0,0.976146,99.000000,0,0,0,0,single,1,0
static_left_r08_s10008,20.320,1.097558,-0.370583,0.058063,0,0.978352,99.000000,0,0,0,0,single,1,0
static_left_r08_s10008,20.352,1.099671,-0.368534,0.058022,0,0.980548,99.000000,0,0,0,0,single,1,0
static_left_r08_s10008,20.384,1.101770,-0.366471,0.057979,0,0.982735,99.000000,0,0,0,0,single,1,0
static_left_r08_s10008,20.416,1.103856,-0.364394,0.057934,0,0.984913,99.000000,0,0,0,0,single,1,0
static_left_r08_s10008,20.448,1.105930,-0.362305,0.057889,0,0.987083,99.000000,0,0,0,0,single,1,0
static_left_r08_s10008,20.480,1.107994,-0.360207,0.057847,0,0.989248,99.000000,0,0,0,0,single,1,0
static_left_r08_s10008,20.512,1.110051,-0.358102,0.057813,0,0.991410,99.000000,0,0,0,0,single,1,0
static_left_r08_s10008,20.544,1.112102,-0.355991,0.057787,0,0.993571,99.000000,0,0,0,0,single,1,0
static_left_r08_s10008,20.576,1.114146,-0.353874,0.057768,0,0.995729,99.000000,0,0,0,0,single,1,0
static_left_r08_s10008,20.608,1.116183,-0.351749,0.057758,0,0.997885,99.000000,0,0,0,0,single,1,0
static_left_r08_s10008,20.640,1.118214,-0.349618,0.057754,0,1.000038,99.000000,0,0,0,0,single,1,0
static_left_r08_s10008,20.672,1.120239,-0.347482,0.057760,0,1.002191,99.000000,0,0,0,0,single,1,0
static_left_r08_s10008,20.704,1.122258,-0.345340,0.057776,0,1.004342,99.000000,0,0,0,0,single,1,0
static_left_r08_s10008,20.736,1.124268,-0.343189,0.057795,0,1.006488,99.000000,0,0,0,0,single,1,0
static_left_r08_s10008,20.768,1.126265,-0.341025,0.057812,0,1.008626,99.000000,0,0,0,0,single,1,0
static_left_r08_s10008,20.800,1.128246,-0.338848,0.057827,0,1.010754,99.000000,0,0,0,0,single,1,0
static_left_r08_s10008,20.832,1.130214,-0.336657,0.057839,0,1.012873,99.000000,0,0,0,0,single,1,0
static_left_r08_s10008,20.864,1.132166,-0.334453,0.057848,0,1.014982,99.000000,0,0,0,0,single,1,0
static_left_r08_s10008,20.896,1.134101,-0.332233,0.057850,0,1.017078,99.000000,0,0,0,0,single,1,0
static_left_r08_s10008,20.928,1.136019,-0.329998,0.057848,0,1.019163,99.000000,0,0,0,0,single,1,0
static_left_r08_s10008,20.960,1.137918,-0.327748,0.057837,0,1.021235,99.000000,0,0,0,0,single,1,0
static_left_r08_s10008,20.992,1.139798,-0.325482,0.057820,0,1.023295,99.000000,0,0,0,0,single,1,0
static_left_r08_s10008,21.024,1.141661,-0.323202,0.057797,0,1.025341,99.000000,0,0,0,0,single,1,0
static_left_r08_s10008,21.056,1.143505,-0.320906,0.057767,0,1.027375,99.000000,0,0,0,0,single,1,0
static_left_r08_s10008,21.088,1.145330,-0.318596,0.057730,0,1.029397,99.000000,0,0,0,0,single,1,0
static_left_r08_s10008,21.120,1.147139,-0.316273,0.057689,0,1.031407,99.000000,0,0,0,0,single,1,0
static_left_r08_s10008,21.152,1.148931,-0.313937,0.057644,0,1.033406,99.000000,0,0,0,0,single,1,0
static_left_r08_s10008,21.184,1.150706,-0.311588,0.057594,0,1.035393,99.000000,0,0,0,0,single,1,0
static_left_r08_s10008,21.216,1.152463,-0.309226,0.057540,0,1.037369,99.000000,0,0,0,0,single,1,0
static_left_r08_s10008,21.248,1.154204,-0.306853,0.057484,0,1.039335,99.000000,0,0,0,0,single,1,0
static_left_r08_s10008,21.280,1.155930,-0.304468,0.057425,0,1.041291,99.000000,0,0,0,0,single,1,0
static_left_r08_s10008,21.312,1.157641,-0.302073,0.057365,0,1.043239,99.000000,0,0,0,0,single,1,0
static_left_r08_s10008,21.344,1.159337,-0.299668,0.057304,0,1.045177,99.000000,0,0,0,0,single,1,0
static_left_r08_s10008,21.376,1.161021,-0.297253,0.057245,0,1.047108,99.000000,0,0,0,0,single,1,0
static_left_r08_s10008,21.408,1.162691,-0.294829,0.057186,0,1.049032,99.000000,0,0,0,0,single,1,0
static_left_r08_s10008,21.440,1.164351,-0.292399,0.057133,0,1.050951,99.000000,0,0,0,0,single,1,0
static_left_r08_s10008,21.472,1.166004,-0.289964,0.057088,0,1.052869,99.000000,0,0,0,0,single,1,0
static_left_r08_s10008,21.504,1.167649,-0.287524,0.057051,0,1.054784,99.000000,0,0,0,0,single,1,0
static_left_r08_s10008,21.536,1.169289,-0.285079,0.057024,0,1.056699,99.000000,0,0,0,0,single,1,0
static_left_r08_s10008,21.568,1.170922,-0.282630,0.057006,0,1.058612,99.000000,0,0,0,0,single,1,0
static_left_r08_s10008,21.600,1.172548,-0.280177,0.056997,0,1.060524,99.000000,0,0,0,0,single,1,0
static_left_r08_s10008,21.632,1.174167,-0.277719,0.056997,1,1.062435,99.000000,0,0,0,0,single,1,0
static_left_r08_s10008,21.664,1.175780,-0.275256,0.057005,1,1.064344,99.000000,0,0,0,0,single,1,0
static_left_r08_s10008,21.696,1.177380,-0.272784,0.057015,1,1.066246,99.000000,0,0,0,0,single,1,0
static_left_r08_s10008,21.728,1.178966,-0.270304,0.057026,1,1.068140,99.000000,0,0,0,0,single,1,0
static_left_r08_s10008,21.760,1.180537,-0.267814,0.057037,1,1.070026,99.000000,0,0,0,0,single,1,0
static_left_r08_s10008,21.792,1.182093,-0.265315,0.057047,1,1.071903,99.000000,0,0,0,0,single,1,0
static_left_r08_s10008,21.824,1.183635,-0.262806,0.057057,1,1.073771,99.000000,0,0,0,0,single,1,0
static_left_r08_s10008,21.856,1.185160,-0.260288,0.057064,1,1.075630,99.000000,0,0,0,0,single,1,0
static_left_r08_s10008,21.888,1.186669,-0.257759,0.057070,1,1.077478,99.000000,0,0,0,0,single,1,0
static_left_r08_s10008,21.920,1.188160,-0.255220,0.057071,1,1.079315,99.000000,0,0,0,0,single,1,0
static_left_r08_s10008,21.952,1.189633,-0.252671,0.057069,1,1.081141,99.000000,0,0,0,0,single,1,0
static_left_r08_s10008,21.984,1.191088,-0.250111,0.057064,1,1.082956,99.000000,0,0,0,0,single,1,0
static_left_r08_s10008,22.016,1.192524,-0.247541,0.057054,1,1.084758,99.000000,0,0,0,0,single,1,0
static_left_r08_s10008,22.048,1.193942,-0.244961,0.057041,1,1.086549,99.000000,0,0,0,0,single,1,0
static_left_r08_s10008,22.080,1.195343,-0.242371,0.057025,1,1.088330,99.000000,0,0,0,0,single,1,0
static_left_r08_s10008,22.112,1.196728,-0.239773,0.057008,1,1.090101,99.000000,0,0,0,0,single,1,0
static_left_r08_s10008,22.144,1.198096,-0.237167,0.056990,1,1.091862,99.000000,0,0,0,0,single,1,0
static_left_r08_s10008,22.176,1.199449,-0.234552,0.056970,1,1.093614,99.000000,0,0,0,0,single,1,0
static_left_r08_s10008,22.208,1.200785,-0.231930,0.056950,1,1.095356,99.000000,0,0,0,0,single,1,0
static_left_r08_s10008,22.240,1.202107,-0.229299,0.056931,1,1.097090,99.000000,0,0,0,0,single,1,0
static_left_r08_s10008,22.272,1.203414,-0.226662,0.056912,1,1.098817,99.000000,0,0,0,0,single,1,0
static_left_r08_s10008,22.304,1.204706,-0.224017,0.056893,1,1.100534,99.000000,0,0,0,0,single,1,0
static_left_r08_s10008,22.336,1.205983,-0.221365,0.056875,1,1.102244,99.000000,0,0,0,0,single,1,0
static_left_r08_s10008,22.368,1.207244,-0.218706,0.056858,1,1.103945,99.000000,0,0,0,0,single,1,0
static_left_r08_s10008,22.400,1.208493,-0.216041,0.056843,1,1.105639,99.000000,0,0,0,0,single,1,0
static_left_r08_s10008,22.432,1.209733,-0.213371,0.056835,1,1.107330,99.000000,0,0,0,0,single,1,0
static_left_r08_s10008,22.464,1.210966,-0.210699,0.056837,1,1.109022,99.000000,0,0,0,0,single,1,0
static_left_r08_s10008,22.496,1.212191,-0.208022,0.056846,1,1.110709,99.000000,0,0,0,0,single,1,0
static_left_r08_s10008,22.528,1.213406,-0.205341,0.056863,1,1.112395,99.000000,0,0,0,0,single,1,0
static_left_r08_s10008,22.560,1.214614,-0.202657,0.056889,1,1.114079,99.000000,0,0,0,0,single,1,0
static_left_r08_s10008,22.592,1.215817,-0.199971,0.056926,1,1.115763,99.000000,0,0,0,0,single,1,0
static_left_r08_s10008,22.624,1.217015,-0.197282,0.056974,1,1.117448,99.000000,0,0,0,0,single,1,0
static_left_r08_s10008,22.656,1.218199,-0.194587,0.057025,1,1.119127,99.000000,0,0,0,0,single,1,0
static_left_r08_s10008,22.688,1.219369,-0.191885,0.057077,1,1.120797,99.000000,0,0,0,0,single,1,0
static_left_r08_s10008,22.720,1.220522,-0.189176,0.057127,1,1.122458,99.000000,0,0,0,0,single,1,0
static_left_r08_s10008,22.752,1.221661,-0.186461,0.057180,1,1.124111,99.000000,0,0,0,0,single,1,0
static_left_r08_s10008,22.784,1.222783,-0.183739,0.057232,1,1.125755,99.000000,0,0,0,0,single,1,0
static_left_r08_s10008,22.816,1.223888,-0.181010,0.057281,1,1.127388,99.000000,0,0,0,0,single,1,0
static_left_r08_s10008,22.848,1.224975,-0.178274,0.057329,1,1.129011,99.000000,0,0,0,0,single,1,0
static_left_r08_s10008,22.880,1.226042,-0.175529,0.057372,1,1.130622,99.000000,0,0,0,0,single,1,0
static_left_r08_s10008,22.912,1.227088,-0.172777,0.057410,1,1.132218,99.000000,0,0,0,0,single,1,0
static_left_r08_s10008,22.944,1.228113,-0.170017,0.057442,1,1.133801,99.000000,0,0,0,0,single,1,0
static_left_r08_s10008,22.976,1.229117,-0.167249,0.057469,1,1.135371,99.000000,0,0,0,0,single,1,0
static_left_r08_s10008,23.008,1.230098,-0.164473,0.057489,1,1.136926,99.000000,0,0,0,0,single,1,0
static_left_r08_s10008,23.040,1.231057,-0.161689,0.057503,1,1.138466,99.000000,0,0,0,0,single,1,0
static_left_r08_s10008,23.072,1.231993,-0.158898,0.057509,1,1.139992,99.000000,0,0,0,0,single,1,0
static_left_r08_s10008,23.104,1.232909,-0.156100,0.057512,1,1.141504,99.000000,0,0,0,0,single,1,0
static_left_r08_s10008,23.136,1.233802,-0.153295,0.057507,1,1.143001,99.000000,0,0,0,0,single,1,0
static_left_r08_s10008,23.168,1.234675,-0.150484,0.057499,1,1.144486,99.000000,0,0,0,0,single,1,0
static_left_r08_s10008,23.200,1.235526,-0.147666,0.057485,1,1.145957,99.000000,0,0,0,0,single,1,0
static_left_r08_s10008,23.232,1.236360,-0.144843,0.057470,1,1.147418,99.000000,0,0,0,0,single,1,0
static_left_r08_s10008,23.264,1.237174,-0.142015,0.057451,1,1.148866,99.000000,0,0,0,0,single,1,0
static_left_r08_s10008,23.296,1.237971,-0.139182,0.057432,1,1.150305,99.000000,0,0,0,0,single,1,0
static_left_r08_s10008,23.328,1.238750,-0.136345,0.057412,1,1.151733,99.000000,0,0,0,0,single,1,0
static_left_r08_s10008,23.360,1.239514,-0.133503,0.057392,1,1.153153,99.000000,0,0,0,0,single,1,0
static_left_r08_s10008,23.392,1.240266,-0.130659,0.057378,1,1.154568,99.000000,0,0,0,0,single,1,0
static_left_r08_s10008,23.424,1.241013,-0.127813,0.057376,1,1.155984,99.000000,0,0,0,0,single,1,0
static_left_r08_s10008,23.456,1.241752,-0.124965,0.057382,1,1.157399,99.000000,0,0,0,0,single,1,0
static_left_r08_s10008,23.488,1.242481,-0.122114,0.057395,1,1.158811,99.000000,0,0,0,0,single,1,0
static_left_r08_s10008,23.520,1.243203,-0.119261,0.057418,1,1.160222,99.000000,0,0,0,0,single,1,0
static_left_r08_s10008,23.552,1.243919,-0.116407,0.057451,1,1.161633,99.000000,0,0,0,0,single,1,0
static_left_r08_s10008,23.584,1.244632,-0.113552,0.057498,1,1.163047,99.000000,0,0,0,0,single,1,0
static_left_r08_s10008,23.616,1.245335,-0.110693,0.057552,1,1.164458,99.000000,0,0,0,0,single,1,0
static_left_r08_s10008,23.648,1.246020,-0.107830,0.057605,1,1.165859,99.000000,0,0,0,0,single,1,0
static_left_r08_s10008,23.680,1.246688,-0.104963,0.057657,1,1.167250,99.000000,0,0,0,0,single,1,0
static_left_r08_s10008,23.712,1.247336,-0.102091,0.057707,1,1.168630,99.000000,0,0,0,0,single,1,0
static_left_r08_s10008,23.744,1.247964,-0.099214,0.057751,1,1.169996,99.000000,0,0,0,0,single,1,0
static_left_r08_s10008,23.776,1.248569,-0.096332,0.057790,1,1.171347,99.000000,0,0,0,0,single,1,0
static_left_r08_s10008,23.808,1.249151,-0.093446,0.057823,1,1.172685,99.000000,0,0,0,0,single,1,0
static_left_r08_s10008,23.840,1.249710,-0.090554,0.057848,1,1.174006,99.000000,0,0,0,0,single,1,0
static_left_r08_s10008,23.872,1.250247,-0.087659,0.057869,1,1.175313,99.000000,0,0,0,0,single,1,0
static_left_r08_s10008,23.904,1.250760,-0.084760,0.057882,1,1.176605,99.000000,0,0,0,0,single,1,0
static_left_r08_s10008,23.936,1.251249,-0.081856,0.057889,1,1.177881,99.000000,0,0,0,0,single,1,0
static_left_r08_s10008,23.968,1.251715,-0.078949,0.057889,1,1.179141,99.000000,0,0,0,0,single,1,0
static_left_r08_s10008,24.000,1.252156,-0.076038,0.057880,1,1.180384,99.000000,0,0,0,0,single,1,0
static_left_r08_s10008,24.032,1.252573,-0.073124,0.057865,1,1.181612,99.000000,0,0,0,0,single,1,0
static_left_r08_s10008,24.064,1.252968,-0.070207,0.057844,1,1.182825,99.000000,0,0,0,0,single,1,0
static_left_r08_s10008,24.096,1.253338,-0.067288,0.057816,1,1.184022,99.000000,0,0,0,0,single,1,0
static_left_r08_s10008,24.128,1.253686,-0.064365,0.057782,1,1.185203,99.000000,0,0,0,0,single,1,0
static_left_r08_s10008,24.160,1.254012,-0.061441,0.057743,1,1.186371,99.000000,0,0,0,0,single,1,0
static_left_r08_s10008,24.192,1.254319,-0.058515,0.057702,1,1.187527,99.000000,0,0,0,0,single,1,0
static_left_r08_s10008,24.224,1.254606,-0.055587,0.057658,1,1.188671,99.000000,0,0,0,0,single,1,0
static_left_r08_s10008,24.256,1.254875,-0.052658,0.057614,1,1.189805,99.000000,0,0,0,0,single,1,0
static_left_r08_s10008,24.288,1.255126,-0.049727,0.057568,1,1.190927,99.000000,0,0,0,0,single,1,0
static_left_r08_s10008,24.320,1.255364,-0.046793,0.057525,1,1.192044,99.000000,0,0,0,0,single,1,0
static_left_r08_s10008,24.352,1.255589,-0.043858,0.057488,1,1.193156,99.000000,0,0,0,0,single,1,0
static_left_r08_s10008,24.384,1.255808,-0.040923,0.057461,1,1.194269,99.000000,0,0,0,0,single,1,0
static_left_r08_s10008,24.416,1.256020,-0.037987,0.057444,1,1.195381,99.000000,0,0,0,0,single,1,0
static_left_r08_s10008,24.448,1.256222,-0.035050,0.057434,1,1.196490,99.000000,0,0,0,0,single,1,0
static_left_r08_s10008,24.480,1.256416,-0.032112,0.057433,1,1.197598,99.000000,0,0,0,0,single,1,0
static_left_r08_s10008,24.512,1.256604,-0.029175,0.057444,1,1.198706,99.000000,0,0,0,0,single,1,0
static_left_r08_s10008,24.544,1.256788,-0.026237,0.057467,1,1.199818,99.000000,0,0,0,0,single,1,0
static_left_r08_s10008,24.576,1.256963,-0.023298,0.057498,1,1.200926,99.000000,0,0,0,0,single,1,0
static_left_r08_s10008,24.608,1.257120,-0.020358,0.057528,1,1.202024,99.000000,0,0,0,0,single,1,0
static_left_r08_s10008,24.640,1.257258,-0.017417,0.057557,1,1.203112,99.000000,0,0,0,0,single,1,0
static_left_r08_s10008,24.672,1.257379,-0.014475,0.057585,1,1.204189,99.000000,0,0,0,0,single,1,0
static_left_r08_s10008,24.704,1.257480,-0.011532,0.057611,1,1.205254,99.000000,0,0,0,0,single,1,0
static_left_r08_s10008,24.736,1.257560,-0.008589,0.057633,1,1.206306,99.000000,0,0,0,0,single,1,0
static_left_r08_s10008,24.768,1.257621,-0.005645,0.057653,1,1.207346,99.000000,0,0,0,0,single,1,0
static_left_r08_s10008,24.800,1.257661,-0.002700,0.057668,1,1.208373,99.000000,0,0,0,0,single,1,0
static_left_r08_s10008,24.832,1.257681,0.000244,0.057681,1,1.209387,99.000000,0,0,0,0,single,1,0
static_left_r08_s10008,24.864,1.257677,0.003189,0.057687,1,1.210386,99.000000,0,0,0,0,single,1,0
static_left_r08_s10008,24.896,1.257652,0.006133,0.057689,1,1.211370,99.000000,0,0,0,0,single,1,0
static_left_r08_s10008,24.928,1.257603,0.009077,0.057684,1,1.212339,99.000000,0,0,0,0,single,1,0
static_left_r08_s10008,24.960,1.257530,0.012021,0.057672,1,1.213291,99.000000,0,0,0,0,single,1,0
static_left_r08_s10008,24.992,1.257435,0.014964,0.057656,1,1.214230,99.000000,0,0,0,0,single,1,0
static_left_r08_s10008,25.024,1.257319,0.017906,0.057635,1,1.215154,99.000000,0,0,0,0,single,1,0
static_left_r08_s10008,25.056,1.257181,0.020847,0.057609,1,1.216063,99.000000,0,0,0,0,single,1,0
static_left_r08_s10008,25.088,1.257021,0.023787,0.057579,1,1.216959,99.000000,0,0,0,0,single,1,0
static_left_r08_s10008,25.120,1.256842,0.026725,0.057546,1,1.217842,99.000000,0,0,0,0,single,1,0
static_left_r08_s10008,25.152,1.256643,0.029663,0.057510,1,1.218712,99.000000,0,0,0,0,single,1,0
static_left_r08_s10008,25.184,1.256424,0.032599,0.057472,1,1.219570,99.000000,0,0,0,0,single,1,0
static_left_r08_s10008,25.216,1.256187,0.035533,0.057432,1,1.220418,99.000000,0,0,0,0,single,1,0
static_left_r08_s10008,25.248,1.255932,0.038466,0.057392,1,1.221254,99.000000,0,0,0,0,single,1,0
static_left_r08_s10008,25.280,1.255663,0.041397,0.057355,1,1.222084,99.000000,0,0,0,0,single,1,0
static_left_r08_s10008,25.312,1.255382,0.044328,0.057323,1,1.222909,99.000000,0,0,0,0,single,1,0
static_left_r08_s10008,25.344,1.255095,0.047257,0.057301,1,1.223734,99.000000,0,0,0,0,single,1,0
static_left_r08_s10008,25.376,1.254801,0.050186,0.057289,1,1.224559,99.000000,0,0,0,0,single,1,0
static_left_r08_s10008,25.408,1.254496,0.053114,0.057284,1,1.225380,99.000000,0,0,0,0,single,1,0
static_left_r08_s10008,25.440,1.254184,0.056041,0.057289,1,1.226200,99.000000,0,0,0,0,single,1,0
static_left_r08_s10008,25.472,1.253866,0.058968,0.057304,1,1.227022,99.000000,0,0,0,0,single,1,0
static_left_r08_s10008,25.504,1.253541,0.061894,0.057330,1,1.227843,99.000000,0,0,0,0,single,1,0
static_left_r08_s10008,25.536,1.253207,0.064819,0.057365,1,1.228662,99.000000,0,0,0,0,single,1,0
static_left_r08_s10008,25.568,1.252858,0.067742,0.057400,1,1.229473,99.000000,0,0,0,0,single,1,0
static_left_r08_s10008,25.600,1.252490,0.070663,0.057434,1,1.230273,99.000000,0,0,0,0,single,1,0
static_left_r08_s10008,25.632,1.252102,0.073582,0.057465,1,1.231059,99.000000,0,0,0,0,single,1,0
static_left_r08_s10008,25.664,1.251695,0.076498,0.057494,1,1.231834,99.000000,0,0,0,0,single,1,0
static_left_r08_s10008,25.696,1.251267,0.079412,0.057518,1,1.232594,99.000000,0,0,0,0,single,1,0
static_left_r08_s10008,25.728,1.250821,0.082322,0.057541,1,1.233344,99.000000,0,0,0,0,single,1,0
static_left_r08_s10008,25.760,1.250353,0.085229,0.057560,1,1.234079,99.000000,0,0,0,0,single,1,0
static_left_r08_s10008,25.792,1.249865,0.088133,0.057576,1,1.234801,99.000000,0,0,0,0,single,1,0
static_left_r08_s10008,25.824,1.249355,0.091033,0.057585,1,1.235507,99.000000,0,0,0,0,single,1,0
static_left_r08_s10008,25.856,1.248823,0.093929,0.057589,1,1.236198,99.000000,0,0,0,0,single,1,0
static_left_r08_s10008,25.888,1.248266,0.096821,0.057586,1,1.236872,99.000000,0,0,0,0,single,1,0
static_left_r08_s10008,25.920,1.247686,0.099708,0.057576,1,1.237529,99.000000,0,0,0,0,single,1,0
static_left_r08_s10008,25.952,1.247083,0.102590,0.057559,1,1.238170,99.000000,0,0,0,0,single,1,0
static_left_r08_s10008,25.984,1.246459,0.105467,0.057538,1,1.238797,99.000000,0,0,0,0,single,1,0
static_left_r08_s10008,26.016,1.245814,0.108340,0.057513,1,1.239409,99.000000,0,0,0,0,single,1,0
static_left_r08_s10008,26.048,1.245148,0.111208,0.057482,1,1.240006,99.000000,0,0,0,0,single,1,0
static_left_r08_s10008,26.080,1.244460,0.114070,0.057447,1,1.240589,99.000000,0,0,0,0,single,1,0
static_left_r08_s10008,26.112,1.243754,0.116928,0.057410,1,1.241159,99.000000,0,0,0,0,single,1,0
static_left_r08_s10008,26.144,1.243028,0.119782,0.057369,1,1.241716,99.000000,0,0,0,0,single,1,0
static_left_r08_s10008,26.176,1.242284,0.122630,0.057328,1,1.242263,99.000000,0,0,0,0,single,1,0
static_left_r08_s10008,26.208,1.241524,0.125474,0.057286,1,1.242798,99.000000,0,0,0,0,single,1,0
static_left_r08_s10008,26.240,1.240750,0.128314,0.057247,1,1.243327,99.000000,0,0,0,0,single,1,0
static_left_r08_s10008,26.272,1.239964,0.131151,0.057213,1,1.243851,99.000000,0,0,0,0,single,1,0
static_left_r08_s10008,26.304,1.239173,0.133986,0.057190,1,1.244375,99.000000,0,0,0,0,single,1,0
static_left_r08_s10008,26.336,1.238374,0.136819,0.057177,1,1.244898,99.000000,0,0,0,0,single,1,0
static_left_r08_s10008,26.368,1.237565,0.139650,0.057170,1,1.245418,99.000000,0,0,0,0,single,1,0
static_left_r08_s10008,26.400,1.236748,0.142478,0.057172,1,1.245937,99.000000,0,0,0,0,single,1,0
static_left_r08_s10008,26.432,1.235926,0.145304,0.057186,1,1.246457,99.000000,0,0,0,0,single,1,0
static_left_r08_s10008,26.464,1.235098,0.148129,0.057210,1,1.246977,99.000000,0,0,0,0,single,1,0
static_left_r08_s10008,26.496,1.234261,0.150952,0.057242,1,1.247495,99.000000,0,0,0,0,single,1,0
static_left_r08_s10008,26.528,1.233408,0.153770,0.057276,1,1.248004,99.000000,0,0,0,0,single,1,0
static_left_r08_s10008,26.560,1.232538,0.156583,0.057308,1,1.248502,99.000000,0,0,0,0,single,1,0
static_left_r08_s10008,26.592,1.231652,0.159390,0.057340,1,1.248990,99.000000,0,0,0,0,single,1,0
static_left_r08_s10008,26.624,1.230749,0.162193,0.057372,1,1.249467,99.000000,0,0,0,0,single,1,0
static_left_r08_s10008,26.656,1.229830,0.164990,0.057403,1,1.249934,99.000000,0,0,0,0,single,1,0
static_left_r08_s10008,26.688,1.228891,0.167781,0.057432,1,1.250388,99.000000,0,0,0,0,single,1,0
static_left_r08_s10008,26.720,1.227933,0.170565,0.057457,1,1.250828,99.000000,0,0,0,0,single,1,0
static_left_r08_s10008,26.752,1.226955,0.173343,0.057477,1,1.251254,99.000000,0,0,0,0,single,1,0
static_left_r08_s10008,26.784,1.225955,0.176112,0.057492,1,1.251664,99.000000,0,0,0,0,single,1,0
static_left_r08_s10008,26.816,1.224934,0.178874,0.057502,1,1.252059,99.000000,0,0,0,0,single,1,0
static_left_r08_s10008,26.848,1.223890,0.181628,0.057504,1,1.252436,99.000000,0,0,0,0,single,1,0
static_left_r08_s10008,26.880,1.222823,0.184372,0.057499,1,1.252796,99.000000,0,0,0,0,single,1,0
static_left_r08_s10008,26.912,1.221737,0.187109,0.057490,1,1.253142,99.000000,0,0,0,0,single,1,0
static_left_r08_s10008,26.944,1.220631,0.189837,0.057476,1,1.253472,99.000000,0,0,0,0,single,1,0
static_left_r08_s10008,26.976,1.219504,0.192558,0.057457,1,1.253788,99.000000,0,0,0,0,single,1,0
static_left_r08_s10008,27.008,1.218357,0.195269,0.057433,1,1.254089,99.000000,0,0,0,0,single,1,0
static_left_r08_s10008,27.040,1.217192,0.197973,0.057407,1,1.254377,99.000000,0,0,0,0,single,1,0
static_left_r08_s10008,27.072,1.216008,0.200669,0.057377,1,1.254652,99.000000,0,0,0,0,single,1,0
static_left_r08_s10008,27.104,1.214807,0.203356,0.057345,1,1.254913,99.000000,0,0,0,0,single,1,0
static_left_r08_s10008,27.136,1.213589,0.206036,0.057312,1,1.255164,99.000000,0,0,0,0,single,1,0
static_left_r08_s10008,27.168,1.212354,0.208709,0.057278,1,1.255404,99.000000,0,0,0,0,single,1,0
static_left_r08_s10008,27.200,1.211105,0.211374,0.057245,1,1.255634,99.000000,0,0,0,0,single,1,0
static_left_r08_s10008,27.232,1.209845,0.214035,0.057217,1,1.255859,99.000000,0,0,0,0,single,1,0
static_left_r08_s10008,27.264,1.208578,0.216692,0.057197,1,1.256083,99.000000,0,0,0,0,single,1,0
static_left_r08_s10008,27.296,1.207304,0.219345,0.057188,1,1.256306,99.000000,0,0,0,0,single,1,0
static_left_r08_s10008,27.328,1.206021,0.221994,0.057185,1,1.256526,99.000000,0,0,0,0,single,1,0
static_left_r08_s10008,27.360,1.204729,0.224639,0.057189,1,1.256743,99.000000,0,0,0,0,single,1,0
static_left_r08_s10008,27.392,1.203432,0.227282,0.057205,1,1.256961,99.000000,0,0,0,0,single,1,0
static_left_r08_s10008,27.424,1.202129,0.229922,0.057232,1,1.257180,99.000000,0,0,0,0,single,1,0
static_left_r08_s10008,27.456,1.200817,0.232557,0.057266,1,1.257397,99.000000,0,0,0,0,single,1,0
static_left_r08_s10008,27.488,1.199492,0.235186,0.057302,1,1.257604,99.000000,0,0,0,0,single,1,0
static_left_r08_s10008,27.520,1.198150,0.237807,0.057337,1,1.257800,99.000000,0,0,0,0,single,1,0
static_left_r08_s10008,27.552,1.196792,0.240419,0.057370,1,1.257985,99.000000,0,0,0,0,single,1,0
static_left_r08_s10008,27.584,1.195416,0.243023,0.057401,1,1.258157,99.000000,0,0,0,0,single,1,0
static_left_r08_s10008,27.616,1.194026,0.245618,0.057432,1,1.258319,99.000000,0,0,0,0,single,1,0
static_left_r08_s10008,27.648,1.192618,0.248204,0.057460,1,1.258468,99.000000,0,0,0,0,single,1,0
static_left_r08_s10008,27.680,1.191191,0.250780,0.057485,1,1.258603,99.000000,0,0,0,0,single,1,0
static_left_r08_s10008,27.712,1.189747,0.253346,0.057505,1,1.258724,99.000000,0,0,0,0,single,1,0
static_left_r08_s10008,27.744,1.188282,0.255900,0.057519,1,1.258828,99.000000,0,0,0,0,single,1,0
static_left_r08_s10008,27.776,1.186797,0.258443,0.057528,1,1.258918,99.000000,0,0,0,0,single,1,0
static_left_r08_s10008,27.808,1.185292,0.260974,0.057530,1,1.258989,99.000000,0,0,0,0,single,1,0
static_left_r08_s10008,27.840,1.183766,0.263492,0.057524,1,1.259043,99.000000,0,0,0,0,single,1,0
static_left_r08_s10008,27.872,1.182220,0.265998,0.057512,1,1.259081,99.000000,0,0,0,0,single,1,0
static_left_r08_s10008,27.904,1.180655,0.268492,0.057496,1,1.259103,99.000000,0,0,0,0,single,1,0
static_left_r08_s10008,27.936,1.179072,0.270975,0.057475,1,1.259111,99.000000,0,0,0,0,single,1,0
static_left_r08_s10008,27.968,1.177471,0.273445,0.057448,1,1.259104,99.000000,0,0,0,0,single,1,0
static_left_r08_s10008,28.000,1.175851,0.275904,0.057417,1,1.259082,99.000000,0,0,0,0,single,1,0
static_left_r08_s10008,28.032,1.174216,0.278352,0.057384,1,1.259047,99.000000,0,0,0,0,single,1,0
static_left_r08_s10008,28.064,1.172563,0.280788,0.057348,1,1.258998,99.000000,0,0,0,0,single,1,0
static_left_r08_s10008,28.096,1.170896,0.283214,0.057310,1,1.258939,99.000000,0,0,0,0,single,1,0
static_left_r08_s10008,28.128,1.169214,0.285630,0.057272,1,1.258869,99.000000,0,0,0,0,single,1,0
static_left_r08_s10008,28.160,1.167519,0.288036,0.057234,1,1.258789,99.000000,0,0,0,0,single,1,0
static_left_r08_s10008,28.192,1.165814,0.290436,0.057202,1,1.258704,99.000000,0,0,0,0,single,1,0
static_left_r08_s10008,28.224,1.164102,0.292830,0.057178,1,1.258618,99.000000,0,0,0,0,single,1,0
static_left_r08_s10008,28.256,1.162384,0.295221,0.057165,1,1.258531,99.000000,0,0,0,0,single,1,0
static_left_r08_s10008,28.288,1.160658,0.297605,0.057157,1,1.258441,99.000000,0,0,0,0,single,1,0
static_left_r08_s10008,28.320,1.158925,0.299985,0.057159,1,1.258350,99.000000,0,0,0,0,single,1,0
static_left_r08_s10008,28.352,1.157188,0.302361,0.057173,1,1.258260,99.000000,0,0,0,0,single,1,0
static_left_r08_s10008,28.384,1.155445,0.304733,0.057197,1,1.258170,99.000000,0,0,0,0,single,1,0
static_left_r08_s10008,28.416,1.153697,0.307102,0.057231,1,1.258080,99.000000,0,0,0,0,single,1,0
static_left_r08_s10008,28.448,1.151937,0.309461,0.057267,1,1.257982,99.000000,0,0,0,0,single,1,0
static_left_r08_s10008,28.480,1.150163,0.311811,0.057303,1,1.257874,99.000000,0,0,0,0,single,1,0
static_left_r08_s10008,28.512,1.148374,0.314150,0.057338,1,1.257754,99.000000,0,0,0,0,single,1,0
static_left_r08_s10008,28.544,1.146569,0.316476,0.057370,1,1.257622,99.000000,0,0,0,0,single,1,0
static_left_r08_s10008,28.576,1.144750,0.318792,0.057401,1,1.257478,99.000000,0,0,0,0,single,1,0
static_left_r08_s10008,28.608,1.142916,0.321095,0.057430,1,1.257321,99.000000,0,0,0,0,single,1,0
static_left_r08_s10008,28.640,1.141065,0.323385,0.057454,1,1.257150,99.000000,0,0,0,0,single,1,0
static_left_r08_s10008,28.672,1.139197,0.325662,0.057474,1,1.256965,99.000000,0,0,0,0,single,1,0
static_left_r08_s10008,28.704,1.137312,0.327924,0.057488,1,1.256764,99.000000,0,0,0,0,single,1,0
static_left_r08_s10008,28.736,1.135410,0.330171,0.057498,1,1.256547,99.000000,0,0,0,0,single,1,0
static_left_r08_s10008,28.768,1.133490,0.332404,0.057501,1,1.256315,99.000000,0,0,0,0,single,1,0
static_left_r08_s10008,28.800,1.131553,0.334621,0.057498,1,1.256065,99.000000,0,0,0,0,single,1,0
static_left_r08_s10008,28.832,1.129597,0.336822,0.057487,1,1.255798,99.000000,0,0,0,0,single,1,0
static_left_r08_s10008,28.864,1.127625,0.339009,0.057472,1,1.255517,99.000000,0,0,0,0,single,1,0
static_left_r08_s10008,28.896,1.125637,0.341181,0.057452,1,1.255221,99.000000,0,0,0,0,single,1,0
static_left_r08_s10008,28.928,1.123633,0.343338,0.057427,1,1.254909,99.000000,0,0,0,0,single,1,0
static_left_r08_s10008,28.960,1.121615,0.345481,0.057400,1,1.254585,99.000000,0,0,0,0,single,1,0
static_left_r08_s10008,28.992,1.119582,0.347610,0.057370,1,1.254248,99.000000,0,0,0,0,single,1,0
static_left_r08_s10008,29.024,1.117535,0.349725,0.057336,1,1.253898,99.000000,0,0,0,0,single,1,0
static_left_r08_s10008,29.056,1.115475,0.351828,0.057302,1,1.253536,99.000000,0,0,0,0,single,1,0
static_left_r08_s10008,29.088,1.113402,0.353918,0.057266,1,1.253163,99.000000,0,0,0,0,single,1,0
static_left_r08_s10008,29.120,1.111317,0.355996,0.057231,1,1.252781,99.000000,0,0,0,0,single,1,0
static_left_r08_s10008,29.152,1.109225,0.358066,0.057202,1,1.252394,99.000000,0,0,0,0,single,1,0
static_left_r08_s10008,29.184,1.107126,0.360130,0.057181,1,1.252005,99.000000,0,0,0,0,single,1,0
static_left_r08_s10008,29.216,1.105022,0.362188,0.057169,1,1.251616,99.000000,0,0,0,0,single,1,0
static_left_r08_s10008,29.248,1.102911,0.364239,0.057165,1,1.251223,99.000000,0,0,0,0,single,1,0
static_left_r08_s10008,29.280,1.100792,0.366283,0.057167,1,1.250827,99.000000,0,0,0,0,single,1,0
static_left_r08_s10008,29.312,1.098668,0.368321,0.057178,1,1.250430,99.000000,0,0,0,0,single,1,0
static_left_r08_s10008,29.344,1.096540,0.370355,0.057201,1,1.250034,99.000000,0,0,0,0,single,1,0
static_left_r08_s10008,29.376,1.094408,0.372384,0.057234,1,1.249638,99.000000,0,0,0,0,single,1,0
static_left_r08_s10008,29.408,1.092265,0.374403,0.057270,1,1.249234,99.000000,0,0,0,0,single,1,0
static_left_r08_s10008,29.440,1.090110,0.376409,0.057306,1,1.248821,99.000000,0,0,0,0,single,1,0
static_left_r08_s10008,29.472,1.087943,0.378402,0.057340,1,1.248396,99.000000,0,0,0,0,single,1,0
static_left_r08_s10008,29.504,1.085763,0.380381,0.057372,1,1.247958,99.000000,0,0,0,0,single,1,0
static_left_r08_s10008,29.536,1.083569,0.382345,0.057401,1,1.247508,99.000000,0,0,0,0,single,1,0
static_left_r08_s10008,29.568,1.081361,0.384293,0.057426,1,1.247043,99.000000,0,0,0,0,single,1,0
static_left_r08_s10008,29.600,1.079139,0.386225,0.057447,1,1.246564,99.000000,0,0,0,0,single,1,0
static_left_r08_s10008,29.632,1.076904,0.388142,0.057464,1,1.246072,99.000000,0,0,0,0,single,1,0
static_left_r08_s10008,29.664,1.074655,0.390042,0.057478,1,1.245565,99.000000,0,0,0,0,single,1,0
static_left_r08_s10008,29.696,1.072391,0.391925,0.057485,1,1.245043,99.000000,0,0,0,0,single,1,0
static_left_r08_s10008,29.728,1.070113,0.393791,0.057488,1,1.244506,99.000000,0,0,0,0,single,1,0
static_left_r08_s10008,29.760,1.067821,0.395639,0.057485,1,1.243953,99.000000,0,0,0,0,single,1,0
static_left_r08_s10008,29.792,1.065514,0.397469,0.057475,1,1.243383,99.000000,0,0,0,0,single,1,0
static_left_r08_s10008,29.824,1.063194,0.399281,0.057460,1,1.242799,99.000000,0,0,0,0,single,1,0
static_left_r08_s10008,29.856,1.060860,0.401076,0.057440,1,1.242200,99.000000,0,0,0,0,single,1,0
static_left_r08_s10008,29.888,1.058513,0.402853,0.057415,1,1.241586,99.000000,0,0,0,0,single,1,0
static_left_r08_s10008,29.920,1.056152,0.404612,0.057386,1,1.240957,99.000000,0,0,0,0,single,1,0
static_left_r08_s10008,29.952,1.053780,0.406355,0.057353,1,1.240315,99.000000,0,0,0,0,single,1,0
static_left_r08_s10008,29.984,1.051397,0.408083,0.057318,1,1.239661,99.000000,0,0,0,0,single,1,0
static_left_r08_s10008,30.016,1.049002,0.409795,0.057281,1,1.238995,99.000000,0,0,0,0,single,1,0
static_left_r08_s10008,30.048,1.046598,0.411492,0.057244,1,1.238318,99.000000,0,0,0,0,single,1,0
static_left_r08_s10008,30.080,1.044184,0.413176,0.057207,1,1.237633,99.000000,0,0,0,0,single,1,0
static_left_r08_s10008,30.112,1.041763,0.414851,0.057175,1,1.236942,99.000000,0,0,0,0,single,1,0
static_left_r08_s10008,30.144,1.039333,0.416512,0.057145,1,1.236242,99.000000,0,0,0,0,single,1,0
static_left_r08_s10008,30.176,1.036900,0.418168,0.057126,1,1.235544,99.000000,0,0,0,0,single,1,0
static_left_r08_s10008,30.208,1.034462,0.419816,0.057113,1,1.234842,99.000000,0,0,0,0,single,1,0
static_left_r08_s10008,30.240,1.032018,0.421457,0.057110,1,1.234139,99.000000,0,0,0,0,single,1,0
static_left_r08_s10008,30.272,1.029572,0.423094,0.057118,1,1.233437,99.000000,0,0,0,0,single,1,0
static_left_r08_s10008,30.304,1.027122,0.424725,0.057137,1,1.232735,99.000000,0,0,0,0,single,1,0
static_left_r08_s10008,30.336,1.024668,0.426350,0.057166,1,1.232033,99.000000,0,0,0,0,single,1,0
static_left_r08_s10008,30.368,1.022205,0.427964,0.057197,1,1.231324,99.000000,0,0,0,0,single,1,0
static_left_r08_s10008,30.400,1.019735,0.429566,0.057232,1,1.230607,99.000000,0,0,0,0,single,1,0
static_left_r08_s10008,30.432,1.017254,0.431151,0.057264,1,1.229879,99.000000,0,0,0,0,single,1,0
static_left_r08_s10008,30.464,1.014764,0.432722,0.057295,1,1.229139,99.000000,0,0,0,0,single,1,0
static_left_r08_s10008,30.496,1.012264,0.434278,0.057326,1,1.228390,99.000000,0,0,0,0,single,1,0
static_left_r08_s10008,30.528,1.009754,0.435817,0.057354,1,1.227627,99.000000,0,0,0,0,single,1,0
static_left_r08_s10008,30.560,1.007234,0.437339,0.057380,1,1.226853,99.000000,0,0,0,0,single,1,0
static_left_r08_s10008,30.592,1.004702,0.438843,0.057402,1,1.226064,99.000000,0,0,0,0,single,1,0
static_left_r08_s10008,30.624,1.002160,0.440329,0.057419,1,1.225262,99.000000,0,0,0,0,single,1,0
static_left_r08_s10008,30.656,0.999607,0.441795,0.057431,1,1.224444,99.000000,0,0,0,0,single,1,0
static_left_r08_s10008,30.688,0.997042,0.443241,0.057437,1,1.223611,99.000000,0,0,0,0,single,1,0
static_left_r08_s10008,30.720,0.994466,0.444668,0.057438,1,1.222763,99.000000,0,0,0,0,single,1,0
static_left_r08_s10008,30.752,0.991880,0.446075,0.057434,1,1.221900,99.000000,0,0,0,0,single,1,0
static_left_r08_s10008,30.784,0.989283,0.447463,0.057424,1,1.221023,99.000000,0,0,0,0,single,1,0
static_left_r08_s10008,30.816,0.986677,0.448831,0.057410,1,1.220130,99.000000,0,0,0,0,single,1,0
static_left_r08_s10008,30.848,0.984059,0.450179,0.057390,1,1.219224,99.000000,0,0,0,0,single,1,0
static_left_r08_s10008,30.880,0.981432,0.451507,0.057366,1,1.218302,99.000000,0,0,0,0,single,1,0
static_left_r08_s10008,30.912,0.978795,0.452816,0.057336,1,1.217366,99.000000,0,0,0,0,single,1,0
static_left_r08_s10008,30.944,0.976150,0.454107,0.057303,1,1.216418,99.000000,0,0,0,0,single,1,0
static_left_r08_s10008,30.976,0.973497,0.455381,0.057270,1,1.215460,99.000000,0,0,0,0,single,1,0
static_left_r08_s10008,31.008,0.970836,0.456639,0.057235,1,1.214490,99.000000,0,0,0,0,single,1,0
static_left_r08_s10008,31.040,0.968168,0.457882,0.057202,1,1.213511,99.000000,0,0,0,0,single,1,0
static_left_r08_s10008,31.072,0.965495,0.459114,0.057173,1,1.212527,99.000000,0,0,0,0,single,1,0
static_left_r08_s10008,31.104,0.962816,0.460332,0.057145,1,1.211535,99.000000,0,0,0,0,single,1,0
static_left_r08_s10008,31.136,0.960135,0.461544,0.057129,1,1.210544,99.000000,0,0,0,0,single,1,0
static_left_r08_s10008,31.168,0.957449,0.462747,0.057119,1,1.209549,99.000000,0,0,0,0,single,1,0
static_left_r08_s10008,31.200,0.954759,0.463941,0.057117,1,1.208551,99.000000,0,0,0,0,single,1,0
static_left_r08_s10008,31.232,0.952065,0.465127,0.057123,1,1.207552,99.000000,0,0,0,0,single,1,0
static_left_r08_s10008,31.264,0.949369,0.466308,0.057141,1,1.206553,99.000000,0,0,0,0,single,1,0
static_left_r08_s10008,31.296,0.946671,0.467483,0.057168,1,1.205554,99.000000,0,0,0,0,single,1,0
static_left_r08_s10008,31.328,0.943966,0.468645,0.057199,1,1.204549,99.000000,0,0,0,0,single,1,0
static_left_r08_s10008,31.360,0.941255,0.469794,0.057232,1,1.203535,99.000000,0,0,0,0,single,1,0
static_left_r08_s10008,31.392,0.938538,0.470927,0.057266,1,1.202513,99.000000,0,0,0,0,single,1,0
static_left_r08_s10008,31.424,0.935814,0.472043,0.057298,1,1.201479,99.000000,0,0,0,0,single,1,0
static_left_r08_s10008,31.456,0.933083,0.473143,0.057330,1,1.200435,99.000000,0,0,0,0,single,1,0
static_left_r08_s10008,31.488,0.930344,0.474224,0.057359,1,1.199379,99.000000,0,0,0,0,single,1,0
static_left_r08_s10008,31.520,0.927598,0.475288,0.057385,1,1.198311,99.000000,0,0,0,0,single,1,0
static_left_r08_s10008,31.552,0.924845,0.476331,0.057407,1,1.197229,99.000000,0,0,0,0,single,1,0
static_left_r08_s10008,31.584,0.922084,0.477355,0.057425,1,1.196134,99.000000,0,0,0,0,single,1,0
static_left_r08_s10008,31.616,0.919315,0.478356,0.057437,1,1.195024,99.000000,0,0,0,0,single,1,0
static_left_r08_s10008,31.648,0.916539,0.479337,0.057444,1,1.193899,99.000000,0,0,0,0,single,1,0
static_left_r08_s10008,31.680,0.913756,0.480296,0.057445,1,1.192760,99.000000,0,0,0,0,single,1,0
static_left_r08_s10008,31.712,0.910965,0.481234,0.057441,1,1.191606,99.000000,0,0,0,0,single,1,0
static_left_r08_s10008,31.744,0.908167,0.482151,0.057432,1,1.190438,99.000000,0,0,0,0,single,1,0
static_left_r08_s10008,31.776,0.905363,0.483047,0.057417,1,1.189255,99.000000,0,0,0,0,single,1,0
static_left_r08_s10008,31.808,0.902552,0.483922,0.057398,1,1.188059,99.000000,0,0,0,0,single,1,0
static_left_r08_s10008,31.840,0.899735,0.484775,0.057373,1,1.186848,99.000000,0,0,0,0,single,1,0
static_left_r08_s10008,31.872,0.896912,0.485607,0.057343,1,1.185624,99.000000,0,0,0,0,single,1,0
static_left_r08_s10008,31.904,0.894083,0.486420,0.057311,1,1.184387,99.000000,0,0,0,0,single,1,0
static_left_r08_s10008,31.936,0.891250,0.487215,0.057277,1,1.183140,99.000000,0,0,0,0,single,1,0
static_left_r08_s10008,31.968,0.888411,0.487993,0.057242,1,1.181883,99.000000,0,0,0,0,single,1,0
static_left_r08_s10008,32.000,0.885569,0.488754,0.057208,1,1.180617,99.000000,0,0,0,0,single,1,0
static_left_r08_s10008,32.032,0.882723,0.489504,0.057179,1,1.179345,99.000000,0,0,0,0,single,1,0
static_left_r08_s10008,32.064,0.879874,0.490239,0.057150,1,1.178066,99.000000,0,0,0,0,single,1,0
static_left_r08_s10008,32.096,0.877023,0.490963,0.057129,1,1.176783,99.000000,0,0,0,0,single,1,0
static_left_r08_s10008,32.128,0.874169,0.491683,0.057119,1,1.175501,99.000000,0,0,0,0,single,1,0
static_left_r08_s10008,32.160,0.871314,0.492392,0.057116,1,1.174216,99.000000,0,0,0,0,single,1,0
static_left_r08_s10008,32.192,0.868456,0.493093,0.057122,1,1.172929,99.000000,0,0,0,0,single,1,0
static_left_r08_s10008,32.224,0.865596,0.493788,0.057138,1,1.171642,99.000000,0,0,0,0,single,1,0
static_left_r08_s10008,32.256,0.862735,0.494476,0.057165,1,1.170356,99.000000,0,0,0,0,single,1,0
static_left_r08_s10008,32.288,0.859870,0.495153,0.057197,1,1.169064,99.000000,0,0,0,0,single,1,0
static_left_r08_s10008,32.320,0.857002,0.495816,0.057230,1,1.167764,99.000000,0,0,0,0,single,1,0
static_left_r08_s10008,32.352,0.854129,0.496459,0.057262,1,1.166453,99.000000,0,0,0,0,single,1,0
static_left_r08_s10008,32.384,0.851252,0.497084,0.057291,1,1.165131,99.000000,0,0,0,0,single,1,0
static_left_r08_s10008,32.416,0.848371,0.497692,0.057321,1,1.163799,99.000000,0,0,0,0,single,1,0
static_left_r08_s10008,32.448,0.845486,0.498280,0.057347,1,1.162456,99.000000,0,0,0,0,single,1,0
static_left_r08_s10008,32.480,0.842597,0.498850,0.057371,1,1.161101,99.000000,0,0,0,0,single,1,0
static_left_r08_s10008,32.512,0.839704,0.499398,0.057391,1,1.159732,99.000000,0,0,0,0,single,1,0
static_left_r08_s10008,32.544,0.836807,0.499926,0.057406,1,1.158351,99.000000,0,0,0,0,single,1,0
static_left_r08_s10008,32.576,0.833907,0.500433,0.057418,1,1.156957,99.000000,0,0,0,0,single,1,0
static_left_r08_s10008,32.608,0.831002,0.500917,0.057424,1,1.155549,99.000000,0,0,0,0,single,1,0
static_left_r08_s10008,32.640,0.828095,0.501379,0.057425,1,1.154127,99.000000,0,0,0,0,single,1,0
static_left_r08_s10008,32.672,0.825184,0.501819,0.057420,1,1.152691,99.000000,0,0,0,0,single,1,0
static_left_r08_s10008,32.704,0.822269,0.502237,0.057410,1,1.151242,99.000000,0,0,0,0,single,1,0
static_left_r08_s10008,32.736,0.819352,0.502632,0.057394,1,1.149779,99.000000,0,0,0,0,single,1,0
static_left_r08_s10008,32.768,0.816433,0.503006,0.057374,1,1.148302,99.000000,0,0,0,0,single,1,0
static_left_r08_s10008,32.800,0.813511,0.503359,0.057350,1,1.146814,99.000000,0,0,0,0,single,1,0
static_left_r08_s10008,32.832,0.810587,0.503693,0.057324,1,1.145314,99.000000,0,0,0,0,single,1,0
static_left_r08_s10008,32.864,0.807661,0.504008,0.057296,1,1.143804,99.000000,0,0,0,0,single,1,0
static_left_r08_s10008,32.896,0.804734,0.504305,0.057266,1,1.142284,99.000000,0,0,0,0,single,1,0
static_left_r08_s10008,32.928,0.801805,0.504585,0.057237,1,1.140755,99.000000,0,0,0,0,single,1,0
static_left_r08_s10008,32.960,0.798874,0.504848,0.057208,1,1.139218,99.000000,0,0,0,0,single,1,0
static_left_r08_s10008,32.992,0.795941,0.505097,0.057182,1,1.137672,99.000000,0,0,0,0,single,1,0
static_left_r08_s10008,33.024,0.793006,0.505330,0.057157,1,1.136119,99.000000,0,0,0,0,single,1,0
static_left_r08_s10008,33.056,0.790071,0.505551,0.057136,1,1.134561,99.000000,0,0,0,0,single,1,0
static_left_r08_s10008,33.088,0.787134,0.505760,0.057122,1,1.132998,99.000000,0,0,0,0,single,1,0
static_left_r08_s10008,33.120,0.784197,0.505961,0.057115,1,1.131433,99.000000,0,0,0,0,single,1,0
static_left_r08_s10008,33.152,0.781259,0.506141,0.057105,1,1.129857,99.000000,0,0,0,0,single,1,0
static_left_r08_s10008,33.184,0.778321,0.506321,0.057112,1,1.128286,99.000000,0,0,0,0,single,1,0
static_left_r08_s10008,33.216,0.775382,0.506493,0.057129,1,1.126714,99.000000,0,0,0,0,single,1,0
static_left_r08_s10008,33.248,0.772442,0.506650,0.057146,1,1.125134,99.000000,0,0,0,0,single,1,0
static_left_r08_s10008,33.280,0.769500,0.506780,0.057155,1,1.123537,99.000000,0,0,0,0,single,1,0
static_left_r08_s10008,33.312,0.766557,0.506887,0.057157,1,1.121926,99.000000,0,0,0,0,single,1,0
static_left_r08_s10008,33.344,0.763614,0.506971,0.057154,1,1.120301,99.000000,0,0,0,0,single,1,0
static_left_r08_s10008,33.376,0.760670,0.507035,0.057147,1,1.118665,99.000000,0,0,0,0,single,1,0
static_left_r08_s10008,33.408,0.757726,0.507078,0.057137,1,1.117017,99.000000,0,0,0,0,single,1,0
static_left_r08_s10008,33.440,0.754782,0.507102,0.057125,1,1.115358,99.000000,0,0,0,0,single,1,0
static_left_r08_s10008,33.472,0.751837,0.507108,0.057111,1,1.113690,99.000000,0,0,0,0,single,1,0
static_left_r08_s10008,33.504,0.748893,0.507094,0.057094,1,1.112011,99.000000,0,0,0,0,single,1,0
static_left_r08_s10008,33.536,0.745949,0.507064,0.057064,1,1.110324,99.000000,0,0,0,0,single,1,0
static_left_r08_s10008,33.568,0.743005,0.507017,0.057017,1,1.108628,99.000000,0,0,0,0,single,1,0
static_left_r08_s10008,33.600,0.740062,0.506953,0.056953,1,1.106924,99.000000,0,0,0,0,single,1,0
static_left_r08_s10008,33.632,0.737119,0.506874,0.056874,1,1.105213,99.000000,0,0,0,0,single,1,0
static_left_r08_s10008,33.664,0.734177,0.506780,0.056780,1,1.103494,99.000000,0,0,0,0,single,1,0
static_left_r08_s10008,33.696,0.731235,0.506674,0.056674,1,1.101771,99.000000,0,0,0,0,single,1,0
static_left_r08_s10008,33.728,0.728293,0.506553,0.056553,1,1.100041,99.000000,0,0,0,0,single,1,0
static_left_r08_s10008,33.760,0.725352,0.506419,0.056419,1,1.098306,99.000000,0,0,0,0,single,1,0
static_left_r08_s10008,33.792,0.722412,0.506273,0.056273,1,1.096566,99.000000,0,0,0,0,single,1,0
static_left_r08_s10008,33.824,0.719472,0.506116,0.056116,1,1.094822,99.000000,0,0,0,0,single,1,0
static_left_r08_s10008,33.856,0.716533,0.505946,0.055946,1,1.093073,99.000000,0,0,0,0,single,1,0
static_left_r08_s10008,33.888,0.713595,0.505765,0.055765,1,1.091321,99.000000,0,0,0,0,single,1,0
static_left_r08_s10008,33.920,0.710657,0.505575,0.055575,1,1.089566,99.000000,0,0,0,0,single,1,0
static_left_r08_s10008,33.952,0.707720,0.505374,0.055374,1,1.087807,99.000000,0,0,0,0,single,1,0
static_left_r08_s10008,33.984,0.704784,0.505162,0.055162,1,1.086045,99.000000,0,0,0,0,single,1,0
static_left_r08_s10008,34.016,0.701848,0.504943,0.054943,1,1.084282,99.000000,0,0,0,0,single,1,0
static_left_r08_s10008,34.048,0.698913,0.504714,0.054714,1,1.082517,99.000000,0,0,0,0,single,1,0
static_left_r08_s10008,34.080,0.695978,0.504479,0.054479,1,1.080752,99.000000,0,0,0,0,single,1,0
static_left_r08_s10008,34.112,0.693044,0.504238,0.054238,1,1.078986,99.000000,0,0,0,0,single,1,0
static_left_r08_s10008,34.144,0.690111,0.503991,0.053991,1,1.077222,99.000000,0,0,0,0,single,1,0
static_left_r08_s10008,34.176,0.687178,0.503739,0.053739,1,1.075458,99.000000,0,0,0,0,single,1,0
static_left_r08_s10008,34.208,0.684245,0.503482,0.053482,1,1.073695,99.000000,0,0,0,0,single,1,0
static_left_r08_s10008,34.240,0.681313,0.503219,0.053219,1,1.071933,99.000000,0,0,0,0,single,1,0
static_left_r08_s10008,34.272,0.678381,0.502951,0.052951,1,1.070172,99.000000,0,0,0,0,single,1,0
static_left_r08_s10008,34.304,0.675450,0.502677,0.052677,1,1.068412,99.000000,0,0,0,0,single,1,0
static_left_r08_s10008,34.336,0.672519,0.502400,0.052400,1,1.066654,99.000000,0,0,0,0,single,1,0
static_left_r08_s10008,34.368,0.669588,0.502119,0.052119,1,1.064898,99.000000,0,0,0,0,single,1,0
static_left_r08_s10008,34.400,0.666658,0.501834,0.051834,1,1.063145,99.000000,0,0,0,0,single,1,0
static_left_r08_s10008,34.432,0.663728,0.501550,0.051550,1,1.061397,99.000000,0,0,0,0,single,1,0
static_left_r08_s10008,34.464,0.660798,0.501266,0.051266,1,1.059655,99.000000,0,0,0,0,single,1,0
static_left_r08_s10008,34.496,0.657867,0.500982,0.050982,1,1.057917,99.000000,0,0,0,0,single,1,0
static_left_r08_s10008,34.528,0.654937,0.500696,0.050696,1,1.056185,99.000000,0,0,0,0,single,1,0
static_left_r08_s10008,34.560,0.652007,0.500411,0.050411,1,1.054457,99.000000,0,0,0,0,single,1,0
static_left_r08_s10008,34.592,0.649077,0.500124,0.050124,1,1.052734,99.000000,0,0,0,0,single,1,0
static_left_r08_s10008,34.624,0.646147,0.499837,0.049837,1,1.051016,99.000000,0,0,0,0,single,1,0
static_left_r08_s10008,34.656,0.643217,0.499550,0.049550,1,1.049303,99.000000,0,0,0,0,single,1,0
static_left_r08_s10008,34.688,0.640287,0.499262,0.049262,1,1.047595,99.000000,0,0,0,0,single,1,0
static_left_r08_s10008,34.720,0.637358,0.498973,0.048973,1,1.045892,99.000000,0,0,0,0,single,1,0
static_left_r08_s10008,34.752,0.634428,0.498683,0.048683,1,1.044194,99.000000,0,0,0,0,single,1,0
static_left_r08_s10008,34.784,0.631498,0.498392,0.048392,1,1.042501,99.000000,0,0,0,0,single,1,0
static_left_r08_s10008,34.816,0.628568,0.498106,0.048106,1,1.040816,99.000000,0,0,0,0,single,1,0
static_left_r08_s10008,34.848,0.625638,0.497823,0.047823,1,1.039140,99.000000,0,0,0,0,single,1,0
static_left_r08_s10008,34.880,0.622707,0.497542,0.047542,1,1.037471,99.000000,0,0,0,0,single,1,0
static_left_r08_s10008,34.912,0.619776,0.497266,0.047266,1,1.035813,99.000000,0,0,0,0,single,1,0
static_left_r08_s10008,34.944,0.616845,0.496995,0.046995,1,1.034164,99.000000,0,0,0,0,single,1,0
static_left_r08_s10008,34.976,0.613913,0.496729,0.046729,1,1.032525,99.000000,0,0,0,0,single,1,0
static_left_r08_s10008,35.008,0.610980,0.496469,0.046469,1,1.030897,99.000000,0,0,0,0,single,1,0
static_left_r08_s10008,35.040,0.608047,0.496218,0.046218,1,1.029282,99.000000,0,0,0,0,single,1,0
static_left_r08_s10008,35.072,0.605113,0.495975,0.045975,1,1.027679,99.000000,0,0,0,0,single,1,0
static_left_r08_s10008,35.104,0.602178,0.495739,0.045739,1,1.026089,99.000000,0,0,0,0,single,1,0
static_left_r08_s10008,35.136,0.599243,0.495514,0.045514,1,1.024514,99.000000,0,0,0,0,single,1,0
static_left_r08_s10008,35.168,0.596306,0.495298,0.045298,1,1.022953,99.000000,0,0,0,0,single,1,0
static_left_r08_s10008,35.200,0.593370,0.495092,0.045092,1,1.021406,99.000000,0,0,0,0,single,1,0
static_left_r08_s10008,35.232,0.590432,0.494897,0.044897,1,1.019875,99.000000,0,0,0,0,single,1,0
static_left_r08_s10008,35.264,0.587493,0.494713,0.044713,1,1.018360,99.000000,0,0,0,0,single,1,0
static_left_r08_s10008,35.296,0.584554,0.494541,0.044541,1,1.016860,99.000000,0,0,0,0,single,1,0
static_left_r08_s10008,35.328,0.581615,0.494379,0.044379,1,1.015377,99.000000,0,0,0,0,single,1,0
static_left_r08_s10008,35.360,0.578674,0.494231,0.044231,1,1.013911,99.000000,0,0,0,0,single,1,0
static_left_r08_s10008,35.392,0.575733,0.494096,0.044096,1,1.012464,99.000000,0,0,0,0,single,1,0
static_left_r08_s10008,35.424,0.572792,0.493973,0.043973,1,1.011033,99.000000,0,0,0,0,single,1,0
static_left_r08_s10008,35.456,0.569849,0.493863,0.043863,1,1.009621,99.000000,0,0,0,0,single,1,0
static_left_r08_s10008,35.488,0.566907,0.493766,0.043766,1,1.008226,99.000000,0,0,0,0,single,1,0
static_left_r08_s10008,35.520,0.563964,0.493681,0.043681,1,1.006849,99.000000,0,0,0,0,single,1,0
static_left_r08_s10008,35.552,0.561021,0.493609,0.043609,1,1.005489,99.000000,0,0,0,0,single,1,0
static_left_r08_s10008,35.584,0.558077,0.493549,0.043549,1,1.004148,99.000000,0,0,0,0,single,1,0
static_left_r08_s10008,35.616,0.555134,0.493500,0.043500,1,1.002823,99.000000,0,0,0,0,single,1,0
static_left_r08_s10008,35.648,0.552190,0.493462,0.043462,1,1.001515,99.000000,0,0,0,0,single,1,0
static_left_r08_s10008,35.680,0.549246,0.493438,0.043438,1,1.000226,99.000000,0,0,0,0,single,1,0
static_left_r08_s10008,35.712,0.546302,0.493423,0.043423,1,0.998953,99.000000,0,0,0,0,single,1,0
static_left_r08_s10008,35.744,0.543358,0.493420,0.043420,1,0.997697,99.000000,0,0,0,0,single,1,0
static_left_r08_s10008,35.776,0.540414,0.493427,0.043427,1,0.996458,99.000000,0,0,0,0,single,1,0
static_left_r08_s10008,35.808,0.537470,0.493445,0.043445,1,0.995235,99.000000,0,0,0,0,single,1,0
static_left_r08_s10008,35.840,0.534526,0.493473,0.043473,1,0.994030,99.000000,0,0,0,0,single,1,0
static_left_r08_s10008,35.872,0.531582,0.493510,0.043510,1,0.992840,99.000000,0,0,0,0,single,1,0
static_left_r08_s10008,35.904,0.528639,0.493557,0.043557,1,0.991665,99.000000,0,0,0,0,single,1,0
static_left_r08_s10008,35.936,0.525695,0.493612,0.043612,1,0.990507,99.000000,0,0,0,0,single,1,0
static_left_r08_s10008,35.968,0.522752,0.493676,0.043676,1,0.989363,99.000000,0,0,0,0,single,1,0
static_left_r08_s10008,36.000,0.519809,0.493750,0.043750,1,0.988236,99.000000,0,0,0,0,single,1,0
static_left_r08_s10008,36.032,0.516866,0.493833,0.043833,1,0.987125,99.000000,0,0,0,0,single,1,0
static_left_r08_s10008,36.064,0.513923,0.493920,0.043920,1,0.986026,99.000000,0,0,0,0,single,1,0
static_left_r08_s10008,36.096,0.510981,0.494013,0.044013,1,0.984939,99.000000,0,0,0,0,single,1,0
static_left_r08_s10008,36.128,0.508038,0.494111,0.044111,1,0.983865,99.000000,0,0,0,0,single,1,0
static_left_r08_s10008,36.160,0.505096,0.494215,0.044215,1,0.982804,99.000000,0,0,0,0,single,1,0
static_left_r08_s10008,36.192,0.502154,0.494325,0.044325,1,0.981757,99.000000,0,0,0,0,single,1,0
static_left_r08_s10008,36.224,0.499213,0.494439,0.044439,1,0.980720,99.000000,0,0,0,0,single,1,0
static_left_r08_s10008,36.256,0.496271,0.494556,0.044556,1,0.979695,99.000000,0,0,0,0,single,1,0
static_left_r08_s10008,36.288,0.493330,0.494678,0.044678,1,0.978681,99.000000,0,0,0,0,single,1,0
static_left_r08_s10008,36.320,0.490388,0.494803,0.044803,1,0.977679,99.000000,0,0,0,0,single,1,0
static_left_r08_s10008,36.352,0.487447,0.494933,0.044933,1,0.976689,99.000000,0,0,0,0,single,1,0
static_left_r08_s10008,36.384,0.484506,0.495067,0.045067,1,0.975711,99.000000,0,0,0,0,single,1,0
static_left_r08_s10008,36.416,0.481565,0.495203,0.045203,1,0.974742,99.000000,0,0,0,0,single,1,0
static_left_r08_s10008,36.448,0.478625,0.495342,0.045342,1,0.973784,99.000000,0,0,0,0,single,1,0
static_left_r08_s10008,36.480,0.475684,0.495482,0.045482,1,0.972836,99.000000,0,0,0,0,single,1,0
static_left_r08_s10008,36.512,0.472744,0.495626,0.045626,1,0.971898,99.000000,0,0,0,0,single,1,0
static_left_r08_s10008,36.544,0.469803,0.495772,0.045772,1,0.970971,99.000000,0,0,0,0,single,1,0
static_left_r08_s10008,36.576,0.466863,0.495921,0.045921,1,0.970055,99.000000,0,0,0,0,single,1,0
static_left_r08_s10008,36.608,0.463923,0.496072,0.046072,1,0.969148,99.000000,0,0,0,0,single,1,0
static_left_r08_s10008,36.640,0.460983,0.496221,0.046221,1,0.968248,99.000000,0,0,0,0,single,1,0
static_left_r08_s10008,36.672,0.458042,0.496369,0.046369,1,0.967356,99.000000,0,0,0,0,single,1,0
static_left_r08_s10008,36.704,0.455102,0.496516,0.046516,1,0.966470,99.000000,0,0,0,0,single,1,0
static_left_r08_s10008,36.736,0.452162,0.496662,0.046662,1,0.965592,99.000000,0,0,0,0,single,1,0
static_left_r08_s10008,36.768,0.449221,0.496807,0.046807,1,0.964721,99.000000,0,0,0,0,single,1,0
static_left_r08_s10008,36.800,0.446281,0.496952,0.046952,1,0.963857,99.000000,0,0,0,0,single,1,0
static_left_r08_s10008,36.832,0.443340,0.497096,0.047096,1,0.963001,99.000000,0,0,0,0,single,1,0
static_left_r08_s10008,36.864,0.440400,0.497239,0.047239,1,0.962153,99.000000,0,0,0,0,single,1,0
static_left_r08_s10008,36.896,0.437459,0.497381,0.047381,1,0.961312,99.000000,0,0,0,0,single,1,0
static_left_r08_s10008,36.928,0.434519,0.497523,0.047523,1,0.960479,99.000000,0,0,0,0,single,1,0
static_left_r08_s10008,36.960,0.431578,0.497664,0.047664,1,0.959653,99.000000,0,0,0,0,single,1,0
static_left_r08_s10008,36.992,0.428637,0.497804,0.047804,1,0.958835,99.000000,0,0,0,0,single,1,0
static_left_r08_s10008,37.024,0.425697,0.497943,0.047943,1,0.958025,99.000000,0,0,0,0,single,1,0
static_left_r08_s10008,37.056,0.422756,0.498082,0.048082,1,0.957222,99.000000,0,0,0,0,single,1,0
static_left_r08_s10008,37.088,0.419815,0.498220,0.048220,1,0.956427,99.000000,0,0,0,0,single,1,0
static_left_r08_s10008,37.120,0.416874,0.498358,0.048358,1,0.955640,99.000000,0,0,0,0,single,1,0
static_left_r08_s10008,37.152,0.413934,0.498495,0.048495,1,0.954861,99.000000,0,0,0,0,single,1,0
static_left_r08_s10008,37.184,0.410993,0.498631,0.048631,1,0.954089,99.000000,0,0,0,0,single,1,0
static_left_r08_s10008,37.216,0.408052,0.498766,0.048766,1,0.953326,99.000000,0,0,0,0,single,1,0
static_left_r08_s10008,37.248,0.405111,0.498901,0.048901,1,0.952570,99.000000,0,0,0,0,single,1,0
static_left_r08_s10008,37.280,0.402170,0.499035,0.049035,1,0.951822,99.000000,0,0,0,0,single,1,0
static_left_r08_s10008,37.312,0.399229,0.499168,0.049168,1,0.951081,99.000000,0,0,0,0,single,1,0
static_left_r08_s10008,37.344,0.396288,0.499301,0.049301,1,0.950349,99.000000,0,0,0,0,single,1,0
static_left_r08_s10008,37.376,0.393347,0.499433,0.049433,1,0.949625,99.000000,0,0,0,0,single,1,0
static_left_r08_s10008,37.408,0.390406,0.499564,0.049564,1,0.948908,99.000000,0,0,0,0,single,1,0
static_left_r08_s10008,37.440,0.387465,0.499695,0.049695,1,0.948200,99.000000,0,0,0,0,single,1,0
static_left_r08_s10008,37.472,0.384524,0.499825,0.049825,1,0.947499,99.000000,0,0,0,0,single,1,0
static_left_r08_s10008,37.504,0.381582,0.499954,0.049954,1,0.946806,99.000000,0,0,0,0,single,1,0
static_left_r08_s10008,37.536,0.378641,0.500083,0.050083,1,0.946122,99.000000,0,0,0,0,single,1,0
static_left_r08_s10008,37.568,0.375700,0.500206,0.050206,1,0.945440,99.000000,0,0,0,0,single,1,0
static_left_r08_s10008,37.600,0.372758,0.500323,0.050323,1,0.944761,99.000000,0,0,0,0,single,1,0
static_left_r08_s10008,37.632,0.369816,0.500433,0.050433,1,0.944085,99.000000,0,0,0,0,single,1,0
static_left_r08_s10008,37.664,0.366874,0.500538,0.050538,1,0.943412,99.000000,0,0,0,0,single,1,0
static_left_r08_s10008,37.696,0.363932,0.500636,0.050636,1,0.942741,99.000000,0,0,0,0,single,1,0
static_left_r08_s10008,37.728,0.360989,0.500731,0.050731,1,0.942076,99.000000,0,0,0,0,single,1,0
static_left_r08_s10008,37.760,0.358046,0.500822,0.050822,1,0.941416,99.000000,0,0,0,0,single,1,0
static_left_r08_s10008,37.792,0.355104,0.500907,0.050907,1,0.940758,99.000000,0,0,0,0,single,1,0
static_left_r08_s10008,37.824,0.352161,0.500986,0.050986,1,0.940103,99.000000,0,0,0,0,single,1,0
static_left_r08_s10008,37.856,0.349217,0.501059,0.051059,1,0.939452,99.000000,0,0,0,0,single,1,0
static_left_r08_s10008,37.888,0.346274,0.501127,0.051127,1,0.938804,99.000000,0,0,0,0,single,1,0
static_left_r08_s10008,37.920,0.343331,0.501189,0.051189,1,0.938159,99.000000,0,0,0,0,single,1,0
static_left_r08_s10008,37.952,0.340387,0.501245,0.051245,1,0.937517,99.000000,0,0,0,0,single,1,0
static_left_r08_s10008,37.984,0.337444,0.501295,0.051295,1,0.936878,99.000000,0,0,0,0,single,1,0
static_left_r08_s10008,38.016,0.334500,0.501340,0.051340,1,0.936243,99.000000,0,0,0,0,single,1,0
static_left_r08_s10008,38.048,0.331556,0.501379,0.051379,1,0.935611,99.000000,0,0,0,0,single,1,0
static_left_r08_s10008,38.080,0.328613,0.501413,0.051413,1,0.934982,99.000000,0,0,0,0,single,1,0
static_left_r08_s10008,38.112,0.325669,0.501440,0.051440,1,0.934357,99.000000,0,0,0,0,single,1,0
static_left_r08_s10008,38.144,0.322725,0.501463,0.051463,1,0.933735,99.000000,0,0,0,0,single,1,0
static_left_r08_s10008,38.176,0.319781,0.501479,0.051479,1,0.933117,99.000000,0,0,0,0,single,1,0
static_left_r08_s10008,38.208,0.316837,0.501490,0.051490,1,0.932501,99.000000,0,0,0,0,single,1,0
static_left_r08_s10008,38.240,0.313893,0.501495,0.051495,1,0.931890,99.000000,0,0,0,0,single,1,0
static_left_r08_s10008,38.272,0.310949,0.501495,0.051495,1,0.931281,99.000000,0,0,0,0,single,1,0
static_left_r08_s10008,38.304,0.308005,0.501489,0.051489,1,0.930676,99.000000,0,0,0,0,single,1,0
static_left_r08_s10008,38.336,0.305061,0.501477,0.051477,1,0.930074,99.000000,0,0,0,0,single,1,0
static_left_r08_s10008,38.368,0.302117,0.501460,0.051460,1,0.929476,99.000000,0,0,0,0,single,1,0
static_left_r08_s10008,38.400,0.299173,0.501437,0.051437,1,0.928881,99.000000,0,0,0,0,single,1,0
static_left_r08_s10008,38.432,0.296229,0.501408,0.051408,1,0.928289,99.000000,0,0,0,0,single,1,0
static_left_r08_s10008,38.464,0.293285,0.501374,0.051374,1,0.927701,99.000000,0,0,0,0,single,1,0
static_left_r08_s10008,38.496,0.290341,0.501334,0.051334,1,0.927117,99.000000,0,0,0,0,single,1,0
static_left_r08_s10008,38.528,0.287398,0.501288,0.051288,1,0.926535,99.000000,0,0,0,0,single,1,0
static_left_r08_s10008,38.560,0.284454,0.501239,0.051239,1,0.925960,99.000000,0,0,0,0,single,1,0
static_left_r08_s10008,38.592,0.281511,0.501186,0.051186,1,0.925390,99.000000,0,0,0,0,single,1,0
static_left_r08_s10008,38.624,0.278567,0.501130,0.051130,1,0.924825,99.000000,0,0,0,0,single,1,0
static_left_r08_s10008,38.656,0.275624,0.501069,0.051069,1,0.924265,99.000000,0,0,0,0,single,1,0
static_left_r08_s10008,38.688,0.272680,0.501005,0.051005,2,0.923710,99.000000,0,0,0,0,single,1,0
static_left_r08_s10008,38.720,0.269737,0.500936,0.050936,2,0.923161,99.000000,0,0,0,0,single,1,0
static_left_r08_s10008,38.752,0.266794,0.500864,0.050864,2,0.922617,99.000000,0,0,0,0,single,1,0
static_left_r08_s10008,38.784,0.263851,0.500787,0.050787,2,0.922078,99.000000,0,0,0,0,single,1,0
static_left_r08_s10008,38.816,0.260908,0.500712,0.050712,2,0.921548,99.000000,0,0,0,0,single,1,0
static_left_r08_s10008,38.848,0.257965,0.500636,0.050636,2,0.921028,99.000000,0,0,0,0,single,1,0
static_left_r08_s10008,38.880,0.255022,0.500560,0.050560,2,0.920516,99.000000,0,0,0,0,single,1,0
static_left_r08_s10008,38.912,0.252079,0.500483,0.050483,2,0.920013,99.000000,0,0,0,0,single,1,0
static_left_r08_s10008,38.944,0.249136,0.500405,0.050405,2,0.919518,99.000000,0,0,0,0,single,1,0
static_left_r08_s10008,38.976,0.246193,0.500327,0.050327,2,0.919032,99.000000,0,0,0,0,single,1,0
static_left_r08_s10008,39.008,0.243250,0.500248,0.050248,2,0.918555,99.000000,0,0,0,0,single,1,0
static_left_r08_s10008,39.040,0.240307,0.500169,0.050169,2,0.918086,99.000000,0,0,0,0,single,1,0
static_left_r08_s10008,39.072,0.237364,0.500089,0.050089,2,0.917626,99.000000,0,0,0,0,single,1,0
static_left_r08_s10008,39.104,0.234422,0.500009,0.050009,2,0.917174,99.000000,0,0,0,0,single,1,0
static_left_r08_s10008,39.136,0.231479,0.499927,0.049927,2,0.916731,99.000000,0,0,0,0,single,1,0
static_left_r08_s10008,39.168,0.228536,0.499845,0.049845,2,0.916296,99.000000,0,0,0,0,single,1,0
static_left_r08_s10008,39.200,0.225593,0.499763,0.049763,2,0.915870,99.000000,0,0,0,0,single,1,0
static_left_r08_s10008,39.232,0.222650,0.499679,0.049679,2,0.915452,99.000000,0,0,0,0,single,1,0
static_left_r08_s10008,39.264,0.219707,0.499595,0.049595,2,0.915043,99.000000,0,0,0,0,single,1,0
static_left_r08_s10008,39.296,0.216765,0.499510,0.049510,2,0.914643,99.000000,0,0,0,0,single,1,0
static_left_r08_s10008,39.328,0.213822,0.499425,0.049425,2,0.914251,99.000000,0,0,0,0,single,1,0
static_left_r08_s10008,39.360,0.210879,0.499338,0.049338,2,0.913868,99.000000,0,0,0,0,single,1,0
static_left_r08_s10008,39.392,0.207936,0.499251,0.049251,2,0.913494,99.000000,0,0,0,0,single,1,0
static_left_r08_s10008,39.424,0.204994,0.499164,0.049164,2,0.913128,99.000000,0,0,0,0,single,1,0
static_left_r08_s10008,39.456,0.202051,0.499075,0.049075,2,0.912771,99.000000,0,0,0,0,single,1,0
static_left_r08_s10008,39.488,0.199108,0.498986,0.048986,2,0.912422,99.000000,0,0,0,0,single,1,0
static_left_r08_s10008,39.520,0.196166,0.498896,0.048896,2,0.912082,99.000000,0,0,0,0,single,1,0
static_left_r08_s10008,39.552,0.193223,0.498806,0.048806,2,0.911751,99.000000,0,0,0,0,single,1,0
static_left_r08_s10008,39.584,0.190281,0.498715,0.048715,2,0.911428,99.000000,0,0,0,0,single,1,0
static_left_r08_s10008,39.616,0.187338,0.498623,0.048623,2,0.911115,99.000000,0,0,0,0,single,1,0
static_left_r08_s10008,39.648,0.184395,0.498530,0.048530,2,0.910809,99.000000,0,0,0,0,single,1,0
static_left_r08_s10008,39.680,0.181453,0.498437,0.048437,2,0.910513,99.000000,0,0,0,0,single,1,0
static_left_r08_s10008,39.712,0.178510,0.498343,0.048343,2,0.910225,99.000000,0,0,0,0,single,1,0
static_left_r08_s10008,39.744,0.175568,0.498248,0.048248,2,0.909946,99.000000,0,0,0,0,single,1,0
static_left_r08_s10008,39.776,0.172626,0.498153,0.048153,2,0.909676,99.000000,0,0,0,0,single,1,0
static_left_r08_s10008,39.808,0.169683,0.498057,0.048057,2,0.909415,99.000000,0,0,0,0,single,1,0
static_left_r08_s10008,39.840,0.166741,0.497960,0.047960,2,0.909162,99.000000,0,0,0,0,single,1,0
static_left_r08_s10008,39.872,0.163798,0.497862,0.047862,2,0.908918,99.000000,0,0,0,0,single,1,0
static_left_r08_s10008,39.904,0.160856,0.497764,0.047764,2,0.908683,99.000000,0,0,0,0,single,1,0
static_left_r08_s10008,39.936,0.157914,0.497665,0.047665,2,0.908457,99.000000,0,0,0,0,single,1,0
static_left_r08_s10008,39.968,0.154971,0.497566,0.047566,2,0.908239,99.000000,0,0,0,0,single,1,0
static_left_r08_s10008,40.000,0.152029,0.497470,0.047470,2,0.908035,99.000000,0,0,0,0,single,1,0
static_left_r08_s10008,40.032,0.149086,0.497377,0.047377,2,0.907844,99.000000,0,0,0,0,single,1,0
static_left_r08_s10008,40.064,0.146144,0.497288,0.047288,2,0.907664,99.000000,0,0,0,0,single,1,0
static_left_r08_s10008,40.096,0.143201,0.497201,0.047201,2,0.907497,99.000000,0,0,0,0,single,1,0
static_left_r08_s10008,40.128,0.140258,0.497117,0.047117,2,0.907343,99.000000,0,0,0,0,single,1,0
static_left_r08_s10008,40.160,0.137315,0.497035,0.047035,2,0.907200,99.000000,0,0,0,0,single,1,0
static_left_r08_s10008,40.192,0.134372,0.496957,0.046957,2,0.907070,99.000000,0,0,0,0,single,1,0
static_left_r08_s10008,40.224,0.131429,0.496881,0.046881,2,0.906953,99.000000,0,0,0,0,single,1,0
static_left_r08_s10008,40.256,0.128486,0.496807,0.046807,2,0.906847,99.000000,0,0,0,0,single,1,0
static_left_r08_s10008,40.288,0.125543,0.496737,0.046737,2,0.906754,99.000000,0,0,0,0,single,1,0
static_left_r08_s10008,40.320,0.122600,0.496669,0.046669,2,0.906672,99.000000,0,0,0,0,single,1,0
static_left_r08_s10008,40.352,0.119656,0.496603,0.046603,2,0.906603,99.000000,0,0,0,0,single,1,0
static_left_r08_s10008,40.384,0.116713,0.496540,0.046540,2,0.906546,99.000000,0,0,0,0,single,1,0
static_left_r08_s10008,40.416,0.113770,0.496480,0.046480,2,0.906502,99.000000,0,0,0,0,single,1,0
static_left_r08_s10008,40.448,0.110826,0.496423,0.046423,2,0.906469,99.000000,0,0,0,0,single,1,0
static_left_r08_s10008,40.480,0.107883,0.496368,0.046368,2,0.906449,99.000000,0,0,0,0,single,1,0
static_left_r08_s10008,40.512,0.104939,0.496316,0.046316,2,0.906441,99.000000,0,0,0,0,single,1,0
static_left_r08_s10008,40.544,0.101996,0.496266,0.046266,2,0.906445,99.000000,0,0,0,0,single,1,0
static_left_r08_s10008,40.576,0.099052,0.496219,0.046219,2,0.906461,99.000000,0,0,0,0,single,1,0
static_left_r08_s10008,40.608,0.096108,0.496175,0.046175,2,0.906490,99.000000,0,0,0,0,single,1,0
static_left_r08_s10008,40.640,0.093165,0.496133,0.046133,2,0.906530,99.000000,0,0,0,0,single,1,0
static_left_r08_s10008,40.672,0.090221,0.496094,0.046094,2,0.906583,99.000000,0,0,0,0,single,1,0
static_left_r08_s10008,40.704,0.087277,0.496057,0.046057,2,0.906648,99.000000,0,0,0,0,single,1,0
static_left_r08_s10008,40.736,0.084333,0.496026,0.046026,2,0.906728,99.000000,0,0,0,0,single,1,0
static_left_r08_s10008,40.768,0.081389,0.495999,0.045999,2,0.906821,99.000000,0,0,0,0,single,1,0
static_left_r08_s10008,40.800,0.078445,0.495976,0.045976,2,0.906929,99.000000,0,0,0,0,single,1,0
static_left_r08_s10008,40.832,0.075502,0.495958,0.045958,2,0.907050,99.000000,0,0,0,0,single,1,0
static_left_r08_s10008,40.864,0.072558,0.495943,0.045943,2,0.907184,99.000000,0,0,0,0,single,1,0
static_left_r08_s10008,40.896,0.069614,0.495930,0.045930,2,0.907330,99.000000,0,0,0,0,single,1,0
static_left_r08_s10008,40.928,0.066670,0.495920,0.045920,2,0.907488,99.000000,0,0,0,0,single,1,0
static_left_r08_s10008,40.960,0.063726,0.495912,0.045912,2,0.907658,99.000000,0,0,0,0,single,1,0
static_left_r08_s10008,40.992,0.060782,0.495907,0.045907,2,0.907840,99.000000,0,0,0,0,single,1,0
static_left_r08_s10008,41.024,0.057838,0.495906,0.045906,2,0.908037,99.000000,0,0,0,0,single,1,0
static_left_r08_s10008,41.056,0.054894,0.495911,0.045911,2,0.908247,99.000000,0,0,0,0,single,1,0
static_left_r08_s10008,41.088,0.051950,0.495919,0.045919,2,0.908471,99.000000,0,0,0,0,single,1,0
static_left_r08_s10008,41.120,0.049006,0.495932,0.045932,2,0.908710,99.000000,0,0,0,0,single,1,0
static_left_r08_s10008,41.152,0.046062,0.495947,0.045947,2,0.908959,99.000000,0,0,0,0,single,1,0
static_left_r08_s10008,41.184,0.043118,0.495964,0.045964,2,0.909221,99.000000,0,0,0,0,single,1,0
static_left_r08_s10008,41.216,0.040174,0.495984,0.045984,2,0.909494,99.000000,0,0,0,0,single,1,0
static_left_r08_s10008,41.248,0.037230,0.496007,0.046007,2,0.909780,99.000000,0,0,0,0,single,1,0
static_left_r08_s10008,41.280,0.034286,0.496032,0.046032,2,0.910077,99.000000,0,0,0,0,single,1,0
static_left_r08_s10008,41.312,0.031342,0.496060,0.046060,2,0.910387,99.000000,0,0,0,0,single,1,0
static_left_r08_s10008,41.344,0.028398,0.496090,0.046090,2,0.910708,99.000000,0,0,0,0,single,1,0
static_left_r08_s10008,41.376,0.025454,0.496123,0.046123,2,0.911042,99.000000,0,0,0,0,single,1,0
static_left_r08_s10008,41.408,0.022511,0.496158,0.046158,2,0.911388,99.000000,0,0,0,0,single,1,0
static_left_r08_s10008,41.440,0.019567,0.496197,0.046197,2,0.911745,99.000000,0,0,0,0,single,1,0
static_left_r08_s10008,41.472,0.016623,0.496237,0.046237,2,0.912115,99.000000,0,0,0,0,single,1,0
static_left_r08_s10008,41.504,0.013679,0.496281,0.046281,2,0.912496,99.000000,0,0,0,0,single,1,0
static_left_r08_s10008,41.536,0.010736,0.496327,0.046327,2,0.912889,99.000000,0,0,0,0,single,1,0
static_left_r08_s10008,41.568,0.007792,0.496376,0.046376,2,0.913295,99.000000,0,0,0,0,single,1,0
static_left_r08_s10008,41.600,0.004849,0.496427,0.046427,2,0.913712,99.000000,0,0,0,0,single,1,0
static_left_r08_s10008,41.632,0.001905,0.496481,0.046481,2,0.914141,99.000000,0,0,0,0,single,1,0
static_left_r08_s10008,41.664,-0.001038,0.496537,0.046537,2,0.914582,99.000000,0,0,0,0,single,1,0
static_left_r08_s10008,41.696,-0.003982,0.496597,0.046597,2,0.915035,99.000000,0,0,0,0,single,1,0
static_left_r08_s10008,41.728,-0.006925,0.496659,0.046659,2,0.915500,99.000000,0,0,0,0,single,1,0
static_left_r08_s10008,41.760,-0.009868,0.496718,0.046718,2,0.915972,99.000000,0,0,0,0,single,1,0
static_left_r08_s10008,41.792,-0.012812,0.496777,0.046777,2,0.916452,99.000000,0,0,0,0,single,1,0
static_left_r08_s10008,41.824,-0.015755,0.496835,0.046835,2,0.916940,99.000000,0,0,0,0,single,1,0
static_left_r08_s10008,41.856,-0.018699,0.496892,0.046892,2,0.917437,99.000000,0,0,0,0,single,1,0
static_left_r08_s10008,41.888,-0.021642,0.496948,0.046948,2,0.917942,99.000000,0,0,0,0,single,1,0
static_left_r08_s10008,41.920,-0.024586,0.497003,0.047003,2,0.918455,99.000000,0,0,0,0,single,1,0
static_left_r08_s10008,41.952,-0.027529,0.497058,0.047058,2,0.918977,99.000000,0,0,0,0,single,1,0
static_left_r08_s10008,41.984,-0.030473,0.497112,0.047112,2,0.919507,99.000000,0,0,0,0,single,1,0
static_left_r08_s10008,42.016,-0.033416,0.497165,0.047165,2,0.920046,99.000000,0,0,0,0,single,1,0
static_left_r08_s10008,42.048,-0.036360,0.497217,0.047217,2,0.920593,99.000000,0,0,0,0,single,1,0
static_left_r08_s10008,42.080,-0.039303,0.497269,0.047269,2,0.921148,99.000000,0,0,0,0,single,1,0
static_left_r08_s10008,42.112,-0.042247,0.497320,0.047320,2,0.921712,99.000000,0,0,0,0,single,1,0
static_left_r08_s10008,42.144,-0.045190,0.497370,0.047370,2,0.922284,99.000000,0,0,0,0,single,1,0
static_left_r08_s10008,42.176,-0.048134,0.497420,0.047420,2,0.922865,99.000000,0,0,0,0,single,1,0
static_left_r08_s10008,42.208,-0.051078,0.497469,0.047469,2,0.923454,99.000000,0,0,0,0,single,1,0
static_left_r08_s10008,42.240,-0.054021,0.497517,0.047517,2,0.924051,99.000000,0,0,0,0,single,1,0
static_left_r08_s10008,42.272,-0.056965,0.497564,0.047564,2,0.924656,99.000000,0,0,0,0,single,1,0
static_left_r08_s10008,42.304,-0.059908,0.497611,0.047611,2,0.925270,99.000000,0,0,0,0,single,1,0
static_left_r08_s10008,42.336,-0.062852,0.497657,0.047657,2,0.925892,99.000000,0,0,0,0,single,1,0
static_left_r08_s10008,42.368,-0.065796,0.497703,0.047703,2,0.926523,99.000000,0,0,0,0,single,1,0
static_left_r08_s10008,42.400,-0.068739,0.497748,0.047748,2,0.927162,99.000000,0,0,0,0,single,1,0
static_left_r08_s10008,42.432,-0.071683,0.497792,0.047792,2,0.927808,99.000000,0,0,0,0,single,1,0
static_left_r08_s10008,42.464,-0.074627,0.497835,0.047835,2,0.928464,99.000000,0,0,0,0,single,1,0
static_left_r08_s10008,42.496,-0.077570,0.497878,0.047878,2,0.929127,99.000000,0,0,0,0,single,1,0
static_left_r08_s10008,42.528,-0.080514,0.497920,0.047920,2,0.929798,99.000000,0,0,0,0,single,1,0
static_left_r08_s10008,42.560,-0.083458,0.497962,0.047962,2,0.930478,99.000000,0,0,0,0,single,1,0
static_left_r08_s10008,42.592,-0.086401,0.498002,0.048002,2,0.931166,99.000000,0,0,0,0,single,1,0
static_left_r08_s10008,42.624,-0.089345,0.498042,0.048042,2,0.931862,99.000000,0,0,0,0,single,1,0
static_left_r08_s10008,42.656,-0.092289,0.498082,0.048082,2,0.932566,99.000000,0,0,0,0,single,1,0
static_left_r08_s10008,42.688,-0.095233,0.498120,0.048120,2,0.933278,99.000000,0,0,0,0,single,1,0
static_left_r08_s10008,42.720,-0.098176,0.498158,0.048158,2,0.933998,99.000000,0,0,0,0,single,1,0
static_left_r08_s10008,42.752,-0.101120,0.498196,0.048196,2,0.934727,99.000000,0,0,0,0,single,1,0
static_left_r08_s10008,42.784,-0.104064,0.498232,0.048232,2,0.935463,99.000000,0,0,0,0,single,1,0
static_left_r08_s10008,42.816,-0.107008,0.498268,0.048268,2,0.936207,99.000000,0,0,0,0,single,1,0
static_left_r08_s10008,42.848,-0.109952,0.498304,0.048304,2,0.936959,99.000000,0,0,0,0,single,1,0
static_left_r08_s10008,42.880,-0.112895,0.498338,0.048338,2,0.937720,99.000000,0,0,0,0,single,1,0
static_left_r08_s10008,42.912,-0.115839,0.498372,0.048372,2,0.938488,99.000000,0,0,0,0,single,1,0
static_left_r08_s10008,42.944,-0.118783,0.498405,0.048405,2,0.939264,99.000000,0,0,0,0,single,1,0
static_left_r08_s10008,42.976,-0.121727,0.498438,0.048438,2,0.940048,99.000000,0,0,0,0,single,1,0
static_left_r08_s10008,43.008,-0.124671,0.498469,0.048469,2,0.940840,99.000000,0,0,0,0,single,1,0
static_left_r08_s10008,43.040,-0.127614,0.498501,0.048501,2,0.941640,99.000000,0,0,0,0,single,1,0
static_left_r08_s10008,43.072,-0.130558,0.498531,0.048531,2,0.942448,99.000000,0,0,0,0,single,1,0
static_left_r08_s10008,43.104,-0.133502,0.498561,0.048561,2,0.943263,99.000000,0,0,0,0,single,1,0
static_left_r08_s10008,43.136,-0.136446,0.498590,0.048590,2,0.944087,99.000000,0,0,0,0,single,1,0
static_left_r08_s10008,43.168,-0.139390,0.498618,0.048618,2,0.944918,99.000000,0,0,0,0,single,1,0
static_left_r08_s10008,43.200,-0.142334,0.498646,0.048646,2,0.945757,99.000000,0,0,0,0,single,1,0
static_left_r08_s10008,43.232,-0.145278,0.498673,0.048673,2,0.946604,99.000000,0,0,0,0,single,1,0
static_left_r08_s10008,43.264,-0.148222,0.498699,0.048699,2,0.947458,99.000000,0,0,0,0,single,1,0
static_left_r08_s10008,43.296,-0.151165,0.498725,0.048725,2,0.948320,99.000000,0,0,0,0,single,1,0
static_left_r08_s10008,43.328,-0.154109,0.498750,0.048750,2,0.949190,99.000000,0,0,0,0,single,1,0
static_left_r08_s10008,43.360,-0.157053,0.498774,0.048774,2,0.950068,99.000000,0,0,0,0,single,1,0
static_left_r08_s10008,43.392,-0.159997,0.498798,0.048798,2,0.950953,99.000000,0,0,0,0,single,1,0
static_left_r08_s10008,43.424,-0.162941,0.498820,0.048820,2,0.951846,99.000000,0,0,0,0,single,1,0
static_left_r08_s10008,43.456,-0.165885,0.498843,0.048843,2,0.952746,99.000000,0,0,0,0,single,1,0
static_left_r08_s10008,43.488,-0.168829,0.498864,0.048864,2,0.953654,99.000000,0,0,0,0,single,1,0
static_left_r08_s10008,43.520,-0.171773,0.498885,0.048885,2,0.954570,99.000000,0,0,0,0,single,1,0
static_left_r08_s10008,43.552,-0.174717,0.498905,0.048905,2,0.955493,99.000000,0,0,0,0,single,1,0
static_left_r08_s10008,43.584,-0.177661,0.498925,0.048925,2,0.956423,99.000000,0,0,0,0,single,1,0
static_left_r08_s10008,43.616,-0.180605,0.498943,0.048943,2,0.957362,99.000000,0,0,0,0,single,1,0
static_left_r08_s10008,43.648,-0.183549,0.498961,0.048961,2,0.958307,99.000000,0,0,0,0,single,1,0
static_left_r08_s10008,43.680,-0.186492,0.498979,0.048979,2,0.959260,99.000000,0,0,0,0,single,1,0
static_left_r08_s10008,43.712,-0.189436,0.498996,0.048996,2,0.960221,99.000000,0,0,0,0,single,1,0
static_left_r08_s10008,43.744,-0.192380,0.499012,0.049012,2,0.961189,99.000000,0,0,0,0,single,1,0
static_left_r08_s10008,43.776,-0.195324,0.499027,0.049027,2,0.962164,99.000000,0,0,0,0,single,1,0
static_left_r08_s10008,43.808,-0.198268,0.499042,0.049042,2,0.963147,99.000000,0,0,0,0,single,1,0
static_left_r08_s10008,43.840,-0.201212,0.499056,0.049056,2,0.964137,99.000000,0,0,0,0,single,1,0
static_left_r08_s10008,43.872,-0.204156,0.499069,0.049069,2,0.965134,99.000000,0,0,0,0,single,1,0
static_left_r08_s10008,43.904,-0.207100,0.499081,0.049081,2,0.966138,99.000000,0,0,0,0,single,1,0
static_left_r08_s10008,43.936,-0.210044,0.499093,0.049093,2,0.967150,99.000000,0,0,0,0,single,1,0
static_left_r08_s10008,43.968,-0.212988,0.499105,0.049105,2,0.968169,99.000000,0,0,0,0,single,1,0
static_left_r08_s10008,44.000,-0.215932,0.499115,0.049115,2,0.969196,99.000000,0,0,0,0,single,1,0
static_left_r08_s10008,44.032,-0.218876,0.499125,0.049125,2,0.970229,99.000000,0,0,0,0,single,1,0
static_left_r08_s10008,44.064,-0.221820,0.499134,0.049134,2,0.971270,99.000000,0,0,0,0,single,1,0
static_left_r08_s10008,44.096,-0.224764,0.499143,0.049143,2,0.972318,99.000000,0,0,0,0,single,1,0
static_left_r08_s10008,44.128,-0.227708,0.499150,0.049150,2,0.973373,99.000000,0,0,0,0,single,1,0
static_left_r08_s10008,44.160,-0.230652,0.499157,0.049157,2,0.974435,99.000000,0,0,0,0,single,1,0
static_left_r08_s10008,44.192,-0.233596,0.499164,0.049164,2,0.975505,99.000000,0,0,0,0,single,1,0
static_left_r08_s10008,44.224,-0.236540,0.499170,0.049170,2,0.976581,99.000000,0,0,0,0,single,1,0
static_left_r08_s10008,44.256,-0.239484,0.499175,0.049175,2,0.977664,99.000000,0,0,0,0,single,1,0
static_left_r08_s10008,44.288,-0.242428,0.499179,0.049179,2,0.978755,99.000000,0,0,0,0,single,1,0
static_left_r08_s10008,44.320,-0.245372,0.499183,0.049183,2,0.979852,99.000000,0,0,0,0,single,1,0
static_left_r08_s10008,44.352,-0.248316,0.499186,0.049186,2,0.980956,99.000000,0,0,0,0,single,1,0
static_left_r08_s10008,44.384,-0.251260,0.499188,0.049188,2,0.982068,99.000000,0,0,0,0,single,1,0
static_left_r08_s10008,44.416,-0.254204,0.499190,0.049190,2,0.983186,99.000000,0,0,0,0,single,1,0
static_left_r08_s10008,44.448,-0.257148,0.499191,0.049191,2,0.984311,99.000000,0,0,0,0,single,1,0
static_left_r08_s10008,44.480,-0.260092,0.499191,0.049191,2,0.985443,99.000000,0,0,0,0,single,1,0
static_left_r08_s10008,44.512,-0.263036,0.499190,0.049190,2,0.986582,99.000000,0,0,0,0,single,1,0
static_left_r08_s10008,44.544,-0.265980,0.499189,0.049189,2,0.987728,99.000000,0,0,0,0,single,1,0
static_left_r08_s10008,44.576,-0.268924,0.499187,0.049187,2,0.988880,99.000000,0,0,0,0,single,1,0
static_left_r08_s10008,44.608,-0.271868,0.499185,0.049185,2,0.990039,99.000000,0,0,0,0,single,1,0
static_left_r08_s10008,44.640,-0.274812,0.499182,0.049182,2,0.991205,99.000000,0,0,0,0,single,1,0
static_left_r08_s10008,44.672,-0.277756,0.499178,0.049178,2,0.992378,99.000000,0,0,0,0,single,1,0
static_left_r08_s10008,44.704,-0.280700,0.499173,0.049173,2,0.993558,99.000000,0,0,0,0,single,1,0
static_left_r08_s10008,44.736,-0.283644,0.499168,0.049168,2,0.994744,99.000000,0,0,0,0,single,1,0
static_left_r08_s10008,44.768,-0.286588,0.499162,0.049162,2,0.995937,99.000000,0,0,0,0,single,1,0
static_left_r08_s10008,44.800,-0.289532,0.499156,0.049156,2,0.997136,99.000000,0,0,0,0,single,1,0
static_left_r08_s10008,44.832,-0.292476,0.499148,0.049148,2,0.998342,99.000000,0,0,0,0,single,1,0
static_left_r08_s10008,44.864,-0.295420,0.499140,0.049140,2,0.999555,99.000000,0,0,0,0,single,1,0
static_left_r08_s10008,44.896,-0.298364,0.499132,0.049132,2,1.000774,99.000000,0,0,0,0,single,1,0
static_left_r08_s10008,44.928,-0.301308,0.499122,0.049122,2,1.002000,99.000000,0,0,0,0,single,1,0
static_left_r08_s10008,44.960,-0.304252,0.499112,0.049112,2,1.003232,99.000000,0,0,0,0,single,1,0
static_left_r08_s10008,44.992,-0.307196,0.499101,0.049101,2,1.004471,99.000000,0,0,0,0,single,1,0
static_left_r08_s10008,45.024,-0.310140,0.499090,0.049090,2,1.005716,99.000000,0,0,0,0,single,1,0
static_left_r08_s10008,45.056,-0.313084,0.499078,0.049078,2,1.006968,99.000000,0,0,0,0,single,1,0
static_left_r08_s10008,45.088,-0.316028,0.499065,0.049065,2,1.008226,99.000000,0,0,0,0,single,1,0
static_left_r08_s10008,45.120,-0.318972,0.499052,0.049052,2,1.009491,99.000000,0,0,0,0,single,1,0
static_left_r08_s10008,45.152,-0.321916,0.499037,0.049037,2,1.010761,99.000000,0,0,0,0,single,1,0
static_left_r08_s10008,45.184,-0.324860,0.499023,0.049023,2,1.012039,99.000000,0,0,0,0,single,1,0
static_left_r08_s10008,45.216,-0.327804,0.499007,0.049007,2,1.013322,99.000000,0,0,0,0,single,1,0
static_left_r08_s10008,45.248,-0.330748,0.498991,0.048991,2,1.014612,99.000000,0,0,0,0,single,1,0
static_left_r08_s10008,45.280,-0.333692,0.498974,0.048974,2,1.015908,99.000000,0,0,0,0,single,1,0
static_left_r08_s10008,45.312,-0.336636,0.498956,0.048956,2,1.017211,99.000000,0,0,0,0,single,1,0
static_left_r08_s10008,45.344,-0.339580,0.498938,0.048938,2,1.018519,99.000000,0,0,0,0,single,1,0
static_left_r08_s10008,45.376,-0.342523,0.498919,0.048919,2,1.019834,99.000000,0,0,0,0,single,1,0
static_left_r08_s10008,45.408,-0.345467,0.498899,0.048899,2,1.021155,99.000000,0,0,0,0,single,1,0
static_left_r08_s10008,45.440,-0.348411,0.498879,0.048879,2,1.022482,99.000000,0,0,0,0,single,1,0
static_left_r08_s10008,45.472,-0.351355,0.498858,0.048858,2,1.023816,99.000000,0,0,0,0,single,1,0
static_left_r08_s10008,45.504,-0.354299,0.498836,0.048836,2,1.025155,99.000000,0,0,0,0,single,1,0
static_left_r08_s10008,45.536,-0.357243,0.498814,0.048814,2,1.026501,99.000000,0,0,0,0,single,1,0
static_left_r08_s10008,45.568,-0.360187,0.498791,0.048791,2,1.027852,99.000000,0,0,0,0,single,1,0
static_left_r08_s10008,45.600,-0.363131,0.498767,0.048767,2,1.029210,99.000000,0,0,0,0,single,1,0
static_left_r08_s10008,45.632,-0.366075,0.498743,0.048743,2,1.030574,99.000000,0,0,0,0,single,1,0
static_left_r08_s10008,45.664,-0.369019,0.498718,0.048718,2,1.031943,99.000000,0,0,0,0,single,1,0
static_left_r08_s10008,45.696,-0.371963,0.498692,0.048692,2,1.033319,99.000000,0,0,0,0,single,1,0
static_left_r08_s10008,45.728,-0.374906,0.498665,0.048665,2,1.034700,99.000000,0,0,0,0,single,1,0
static_left_r08_s10008,45.760,-0.377850,0.498638,0.048638,2,1.036088,99.000000,0,0,0,0,single,1,0
static_left_r08_s10008,45.792,-0.380794,0.498610,0.048610,2,1.037481,99.000000,0,0,0,0,single,1,0
static_left_r08_s10008,45.824,-0.383738,0.498582,0.048582,2,1.038880,99.000000,0,0,0,0,single,1,0
static_left_r08_s10008,45.856,-0.386682,0.498552,0.048552,2,1.040285,99.000000,0,0,0,0,single,1,0
static_left_r08_s10008,45.888,-0.389626,0.498522,0.048522,2,1.041696,99.000000,0,0,0,0,single,1,0
static_left_r08_s10008,45.920,-0.392570,0.498492,0.048492,2,1.043113,99.000000,0,0,0,0,single,1,0
static_left_r08_s10008,45.952,-0.395513,0.498460,0.048460,2,1.044536,99.000000,0,0,0,0,single,1,0
static_left_r08_s10008,45.984,-0.398457,0.498428,0.048428,2,1.045964,99.000000,0,0,0,0,single,1,0
static_left_r08_s10008,46.016,-0.401401,0.498396,0.048396,2,1.047398,99.000000,0,0,0,0,single,1,0
static_left_r08_s10008,46.048,-0.404345,0.498362,0.048362,2,1.048837,99.000000,0,0,0,0,single,1,0
static_left_r08_s10008,46.080,-0.407289,0.498328,0.048328,2,1.050283,99.000000,0,0,0,0,single,1,0
static_left_r08_s10008,46.112,-0.410233,0.498294,0.048294,2,1.051734,99.000000,0,0,0,0,single,1,0
static_left_r08_s10008,46.144,-0.413176,0.498258,0.048258,2,1.053190,99.000000,0,0,0,0,single,1,0
static_left_r08_s10008,46.176,-0.416120,0.498222,0.048222,2,1.054653,99.000000,0,0,0,0,single,1,0
static_left_r08_s10008,46.208,-0.419064,0.498185,0.048185,2,1.056120,99.000000,0,0,0,0,single,1,0
static_left_r08_s10008,46.240,-0.422008,0.498148,0.048148,2,1.057594,99.000000,0,0,0,0,single,1,0
static_left_r08_s10008,46.272,-0.424951,0.498110,0.048110,2,1.059073,99.000000,0,0,0,0,single,1,0
static_left_r08_s10008,46.304,-0.427895,0.498071,0.048071,2,1.060557,99.000000,0,0,0,0,single,1,0
static_left_r08_s10008,46.336,-0.430839,0.498031,0.048031,2,1.062047,99.000000,0,0,0,0,single,1,0
static_left_r08_s10008,46.368,-0.433783,0.497991,0.047991,2,1.063542,99.000000,0,0,0,0,single,1,0
static_left_r08_s10008,46.400,-0.436726,0.497950,0.047950,2,1.065043,99.000000,0,0,0,0,single,1,0
static_left_r08_s10008,46.432,-0.439670,0.497908,0.047908,2,1.066550,99.000000,0,0,0,0,single,1,0
static_left_r08_s10008,46.464,-0.442614,0.497866,0.047866,2,1.068061,99.000000,0,0,0,0,single,1,0
static_left_r08_s10008,46.496,-0.445557,0.497823,0.047823,2,1.069578,99.000000,0,0,0,0,single,1,0
static_left_r08_s10008,46.528,-0.448501,0.497779,0.047779,2,1.071101,99.000000,0,0,0,0,single,1,0
static_left_r08_s10008,46.560,-0.451445,0.497735,0.047735,2,1.072629,99.000000,0,0,0,0,single,1,0
static_left_r08_s10008,46.592,-0.454388,0.497690,0.047690,2,1.074162,99.000000,0,0,0,0,single,1,0
static_left_r08_s10008,46.624,-0.457332,0.497644,0.047644,2,1.075700,99.000000,0,0,0,0,single,1,0
static_left_r08_s10008,46.656,-0.460276,0.497598,0.047598,2,1.077244,99.000000,0,0,0,0,single,1,0
static_left_r08_s10008,46.688,-0.463219,0.497551,0.047551,2,1.078792,99.000000,0,0,0,0,single,1,0
static_left_r08_s10008,46.720,-0.466163,0.497503,0.047503,2,1.080347,99.000000,0,0,0,0,single,1,0
static_left_r08_s10008,46.752,-0.469106,0.497455,0.047455,2,1.081906,99.000000,0,0,0,0,single,1,0
static_left_r08_s10008,46.784,-0.472050,0.497410,0.047410,2,1.083474,99.000000,0,0,0,0,single,1,0
static_left_r08_s10008,46.816,-0.474994,0.497369,0.047369,2,1.085051,99.000000,0,0,0,0,single,1,0
static_left_r08_s10008,46.848,-0.477938,0.497330,0.047330,2,1.086636,99.000000,0,0,0,0,single,1,0
static_left_r08_s10008,46.880,-0.480881,0.497294,0.047294,2,1.088229,99.000000,0,0,0,0,single,1,0
static_left_r08_s10008,46.912,-0.483825,0.497262,0.047262,2,1.089830,99.000000,0,0,0,0,single,1,0
static_left_r08_s10008,46.944,-0.486769,0.497231,0.047231,2,1.091438,99.000000,0,0,0,0,single,1,0
static_left_r08_s10008,46.976,-0.489713,0.497204,0.047204,2,1.093055,99.000000,0,0,0,0,single,1,0
static_left_r08_s10008,47.008,-0.492657,0.497179,0.047179,2,1.094679,99.000000,0,0,0,0,single,1,0
static_left_r08_s10008,47.040,-0.495601,0.497157,0.047157,2,1.096311,99.000000,0,0,0,0,single,1,0
static_left_r08_s10008,47.072,-0.498545,0.497138,0.047138,2,1.097951,99.000000,0,0,0,0,single,1,0
static_left_r08_s10008,47.104,-0.501489,0.497121,0.047121,2,1.099599,99.000000,0,0,0,0,single,1,0
static_left_r08_s10008,47.136,-0.504433,0.497107,0.047107,2,1.101254,99.000000,0,0,0,0,single,1,0
static_left_r08_s10008,47.168,-0.507377,0.497096,0.047096,2,1.102916,99.000000,0,0,0,0,single,1,0
static_left_r08_s10008,47.200,-0.510321,0.497087,0.047087,2,1.104586,99.000000,0,0,0,0,single,1,0
static_left_r08_s10008,47.232,-0.513265,0.497081,0.047081,2,1.106264,99.000000,0,0,0,0,single,1,0
static_left_r08_s10008,47.264,-0.516209,0.497078,0.047078,2,1.107949,99.000000,0,0,0,0,single,1,0
static_left_r08_s10008,47.296,-0.519153,0.497077,0.047077,2,1.109642,99.000000,0,0,0,0,single,1,0
static_left_r08_s10008,47.328,-0.522097,0.497079,0.047079,2,1.111341,99.000000,0,0,0,0,single,1,0
static_left_r08_s10008,47.360,-0.525041,0.497083,0.047083,2,1.113049,99.000000,0,0,0,0,single,1,0
static_left_r08_s10008,47.392,-0.527985,0.497090,0.047090,2,1.114763,99.000000,0,0,0,0,single,1,0
static_left_r08_s10008,47.424,-0.530929,0.497095,0.047095,2,1.116481,99.000000,0,0,0,0,single,1,0
static_left_r08_s10008,47.456,-0.533873,0.497104,0.047104,2,1.118207,99.000000,0,0,0,0,single,1,0
static_left_r08_s10008,47.488,-0.536817,0.497110,0.047110,2,1.119936,99.000000,0,0,0,0,single,1,0
static_left_r08_s10008,47.520,-0.539761,0.497121,0.047121,2,1.121674,99.000000,0,0,0,0,single,1,0
static_left_r08_s10008,47.552,-0.542705,0.497129,0.047129,2,1.123415,99.000000,0,0,0,0,single,1,0
static_left_r08_s10008,47.584,-0.545649,0.497137,0.047137,2,1.125160,99.000000,0,0,0,0,single,1,0
static_left_r08_s10008,47.616,-0.548593,0.497148,0.047148,2,1.126914,99.000000,0,0,0,0,single,1,0
static_left_r08_s10008,47.648,-0.551537,0.497163,0.047163,2,1.128674,99.000000,0,0,0,0,single,1,0
static_left_r08_s10008,47.680,-0.554480,0.497180,0.047180,2,1.130442,99.000000,0,0,0,0,single,1,0
static_left_r08_s10008,47.712,-0.557424,0.497200,0.047200,2,1.132217,99.000000,0,0,0,0,single,1,0
static_left_r08_s10008,47.744,-0.560368,0.497218,0.047218,2,1.133995,99.000000,0,0,0,0,single,1,0
static_left_r08_s10008,47.776,-0.563312,0.497239,0.047239,2,1.135781,99.000000,0,0,0,0,single,1,0
static_left_r08_s10008,47.808,-0.566256,0.497259,0.047259,2,1.137570,99.000000,0,0,0,0,single,1,0
static_left_r08_s10008,47.840,-0.569200,0.497278,0.047278,2,1.139364,99.000000,0,0,0,0,single,1,0
static_left_r08_s10008,47.872,-0.572144,0.497296,0.047296,2,1.141161,99.000000,0,0,0,0,single,1,0
static_left_r08_s10008,47.904,-0.575088,0.497313,0.047313,2,1.142963,99.000000,0,0,0,0,single,1,0
static_left_r08_s10008,47.936,-0.578032,0.497329,0.047329,2,1.144769,99.000000,0,0,0,0,single,1,0
static_left_r08_s10008,47.968,-0.580976,0.497345,0.047345,2,1.146578,99.000000,0,0,0,0,single,1,0
static_left_r08_s10008,48.000,-0.583920,0.497360,0.047360,2,1.148392,99.000000,0,0,0,0,single,1,0
static_left_r08_s10008,48.032,-0.586864,0.497374,0.047374,2,1.150210,99.000000,0,0,0,0,single,1,0
static_left_r08_s10008,48.064,-0.589808,0.497387,0.047387,2,1.152033,99.000000,0,0,0,0,single,1,0
static_left_r08_s10008,48.096,-0.592752,0.497400,0.047400,2,1.153859,99.000000,0,0,0,0,single,1,0
static_left_r08_s10008,48.128,-0.595696,0.497412,0.047412,2,1.155689,99.000000,0,0,0,0,single,1,0
static_left_r08_s10008,48.160,-0.598640,0.497423,0.047423,2,1.157523,99.000000,0,0,0,0,single,1,0
static_left_r08_s10008,48.192,-0.601584,0.497434,0.047434,2,1.159362,99.000000,0,0,0,0,single,1,0
static_left_r08_s10008,48.224,-0.604528,0.497444,0.047444,2,1.161204,99.000000,0,0,0,0,single,1,0
static_left_r08_s10008,48.256,-0.607472,0.497453,0.047453,2,1.163051,99.000000,0,0,0,0,single,1,0
static_left_r08_s10008,48.288,-0.610416,0.497462,0.047462,2,1.164901,99.000000,0,0,0,0,single,1,0
static_left_r08_s10008,48.320,-0.613360,0.497470,0.047470,2,1.166756,99.000000,0,0,0,0,single,1,0
static_left_r08_s10008,48.352,-0.616304,0.497477,0.047477,2,1.168614,99.000000,0,0,0,0,single,1,0
static_left_r08_s10008,48.384,-0.619248,0.497484,0.047484,2,1.170476,99.000000,0,0,0,0,single,1,0
static_left_r08_s10008,48.416,-0.622192,0.497490,0.047490,2,1.172342,99.000000,0,0,0,0,single,1,0
static_left_r08_s10008,48.448,-0.625136,0.497495,0.047495,2,1.174212,99.000000,0,0,0,0,single,1,0
static_left_r08_s10008,48.480,-0.628080,0.497500,0.047500,2,1.176086,99.000000,0,0,0,0,single,1,0
static_left_r08_s10008,48.512,-0.631024,0.497504,0.047504,2,1.177964,99.000000,0,0,0,0,single,1,0
static_left_r08_s10008,48.544,-0.633968,0.497507,0.047507,2,1.179846,99.000000,0,0,0,0,single,1,0
static_left_r08_s10008,48.576,-0.636912,0.497510,0.047510,2,1.181731,99.000000,0,0,0,0,single,1,0
static_left_r08_s10008,48.608,-0.639856,0.497511,0.047511,2,1.183621,99.000000,0,0,0,0,single,1,0
static_left_r08_s10008,48.640,-0.642800,0.497513,0.047513,2,1.185514,99.000000,0,0,0,0,single,1,0
static_left_r08_s10008,48.672,-0.645744,0.497513,0.047513,2,1.187410,99.000000,0,0,0,0,single,1,0
static_left_r08_s10008,48.704,-0.648688,0.497513,0.047513,2,1.189311,99.000000,0,0,0,0,single,1,0
static_left_r08_s10008,48.736,-0.651632,0.497512,0.047512,2,1.191215,99.000000,0,0,0,0,single,1,0
static_left_r08_s10008,48.768,-0.654576,0.497511,0.047511,2,1.193123,99.000000,0,0,0,0,single,1,0
static_left_r08_s10008,48.800,-0.657520,0.497509,0.047509,2,1.195035,99.000000,0,0,0,0,single,1,0
static_left_r08_s10008,48.832,-0.660464,0.497506,0.047506,2,1.196950,99.000000,0,0,0,0,single,1,0
static_left_r08_s10008,48.864,-0.663408,0.497502,0.047502,2,1.198869,99.000000,0,0,0,0,single,1,0
static_left_r08_s10008,48.896,-0.666352,0.497498,0.047498,2,1.200792,99.000000,0,0,0,0,single,1,0
static_left_r08_s10008,48.928,-0.669296,0.497493,0.047493,2,1.202718,99.000000,0,0,0,0,single,1,0
static_left_r08_s10008,48.960,-0.672240,0.497487,0.047487,2,1.204648,99.000000,0,0,0,0,single,1,0
static_left_r08_s10008,48.992,-0.675184,0.497486,0.047486,2,1.206585,99.000000,0,0,0,0,single,1,0
static_left_r08_s10008,49.024,-0.678128,0.497483,0.047483,2,1.208525,99.000000,0,0,0,0,single,1,0
static_left_r08_s10008,49.056,-0.681072,0.497483,0.047483,2,1.210472,99.000000,0,0,0,0,single,1,0
static_left_r08_s10008,49.088,-0.684016,0.497482,0.047482,2,1.212421,99.000000,0,0,0,0,single,1,0
static_left_r08_s10008,49.120,-0.686960,0.497480,0.047480,2,1.214374,99.000000,0,0,0,0,single,1,0
static_left_r08_s10008,49.152,-0.689904,0.497485,0.047485,2,1.216336,99.000000,0,0,0,0,single,1,0
static_left_r08_s10008,49.184,-0.692848,0.497492,0.047492,2,1.218303,99.000000,0,0,0,0,single,1,0
static_left_r08_s10008,49.216,-0.695792,0.497501,0.047501,2,1.220276,99.000000,0,0,0,0,single,1,0
static_left_r08_s10008,49.248,-0.698736,0.497513,0.047513,2,1.222256,99.000000,0,0,0,0,single,1,0
static_left_r08_s10008,49.280,-0.701680,0.497529,0.047529,2,1.224241,99.000000,0,0,0,0,single,1,0
static_left_r08_s10008,49.312,-0.704624,0.497549,0.047549,2,1.226234,99.000000,0,0,0,0,single,1,0
static_left_r08_s10008,49.344,-0.707568,0.497566,0.047566,2,1.228228,99.000000,0,0,0,0,single,1,0
static_left_r08_s10008,49.376,-0.710511,0.497590,0.047590,2,1.230231,99.000000,0,0,0,0,single,1,0
static_left_r08_s10008,49.408,-0.713455,0.497623,0.047623,2,1.232245,99.000000,0,0,0,0,single,1,0
static_left_r08_s10008,49.440,-0.716399,0.497664,0.047664,2,1.234268,99.000000,0,0,0,0,single,1,0
static_left_r08_s10008,49.472,-0.719343,0.497711,0.047711,2,1.236299,99.000000,0,0,0,0,single,1,0
static_left_r08_s10008,49.504,-0.722286,0.497764,0.047764,2,1.238338,99.000000,0,0,0,0,single,1,0
static_left_r08_s10008,49.536,-0.725230,0.497820,0.047820,2,1.240383,99.000000,0,0,0,0,single,1,0
static_left_r08_s10008,49.568,-0.728173,0.497881,0.047881,2,1.242435,99.000000,0,0,0,0,single,1,0
static_left_r08_s10008,49.600,-0.731117,0.497943,0.047943,2,1.244492,99.000000,0,0,0,0,single,1,0
static_left_r08_s10008,49.632,-0.734060,0.498008,0.048008,2,1.246554,99.000000,0,0,0,0,single,1,0
static_left_r08_s10008,49.664,-0.737003,0.498071,0.048071,2,1.248618,99.000000,0,0,0,0,single,1,0
static_left_r08_s10008,49.696,-0.739946,0.498133,0.048133,2,1.250685,99.000000,0,0,0,0,single,1,0
static_left_r08_s10008,49.728,-0.742890,0.498193,0.048193,2,1.252754,99.000000,0,0,0,0,single,1,0
static_left_r08_s10008,49.760,-0.745833,0.498253,0.048253,2,1.254827,99.000000,0,0,0,0,single,1,0
static_left_r08_s10008,49.792,-0.748777,0.498311,0.048311,2,1.256902,99.000000,0,0,0,0,single,1,0
static_left_r08_s10008,49.824,-0.751720,0.498369,0.048372,2,1.258980,99.000000,0,0,0,0,single,1,0
static_left_r08_s10008,49.856,-0.754663,0.498426,0.048448,2,1.261061,99.000000,0,0,0,0,single,1,0
static_left_r08_s10008,49.888,-0.757607,0.498482,0.048540,2,1.263144,99.000000,0,0,0,0,single,1,0
static_left_r08_s10008,49.920,-0.760550,0.498538,0.048649,2,1.265231,99.000000,0,0,0,0,single,1,0
static_left_r08_s10008,49.952,-0.763494,0.498592,0.048775,2,1.267321,99.000000,0,0,0,0,single,1,0
static_left_r08_s10008,49.984,-0.766437,0.498647,0.048917,2,1.269413,99.000000,0,0,0,0,single,1,0
static_left_r08_s10008,50.016,-0.769381,0.498700,0.049076,2,1.271508,99.000000,0,0,0,0,single,1,0
static_left_r08_s10008,50.048,-0.772324,0.498753,0.049252,2,1.273607,99.000000,0,0,0,0,single,1,0
static_left_r08_s10008,50.080,-0.775268,0.498805,0.049444,2,1.275708,99.000000,0,0,0,0,single,1,0
static_left_r08_s10008,50.112,-0.778211,0.498856,0.049653,2,1.277812,99.000000,0,0,0,0,single,1,0
static_left_r08_s10008,50.144,-0.781155,0.498900,0.049872,2,1.279914,99.000000,0,0,0,0,single,1,0
static_left_r08_s10008,50.176,-0.784099,0.498937,0.050101,2,1.282015,99.000000,0,0,0,0,single,1,0
static_left_r08_s10008,50.208,-0.787043,0.498971,0.050344,2,1.284117,99.000000,0,0,0,0,single,1,0
static_left_r08_s10008,50.240,-0.789987,0.498999,0.050598,2,1.286217,99.000000,0,0,0,0,single,1,0
static_left_r08_s10008,50.272,-0.792931,0.499015,0.050859,2,1.288314,99.000000,0,0,0,0,single,1,0
static_left_r08_s10008,50.304,-0.795875,0.499023,0.051127,2,1.290407,99.000000,0,0,0,0,single,1,0
static_left_r08_s10008,50.336,-0.798819,0.499033,0.051415,2,1.292505,99.000000,0,0,0,0,single,1,0
static_left_r08_s10008,50.368,-0.801763,0.499035,0.051713,2,1.294601,99.000000,0,0,0,0,single,1,0
static_left_r08_s10008,50.400,-0.804707,0.499032,0.052022,2,1.296697,99.000000,0,0,0,0,single,1,0
static_left_r08_s10008,50.432,-0.807651,0.499023,0.052342,2,1.298792,99.000000,0,0,0,0,single,1,0
static_left_r08_s10008,50.464,-0.810595,0.499009,0.052674,2,1.300886,99.000000,0,0,0,0,single,1,0
static_left_r08_s10008,50.496,-0.813539,0.498986,0.053015,2,1.302978,99.000000,0,0,0,0,single,1,0
static_left_r08_s10008,50.528,-0.816483,0.498952,0.053361,2,1.305064,99.000000,0,0,0,0,single,1,0
static_left_r08_s10008,50.560,-0.819427,0.498903,0.053711,2,1.307145,99.000000,0,0,0,0,single,1,0
static_left_r08_s10008,50.592,-0.822370,0.498838,0.054060,2,1.309217,99.000000,0,0,0,0,single,1,0
static_left_r08_s10008,50.624,-0.825314,0.498753,0.054408,2,1.311278,99.000000,0,0,0,0,single,1,0
static_left_r08_s10008,50.656,-0.828256,0.498649,0.054752,2,1.313329,99.000000,0,0,0,0,single,1,0
static_left_r08_s10008,50.688,-0.831198,0.498520,0.055089,2,1.315366,99.000000,0,0,0,0,single,1,0
static_left_r08_s10008,50.720,-0.834139,0.498363,0.055416,2,1.317386,99.000000,0,0,0,0,single,1,0
static_left_r08_s10008,50.752,-0.837079,0.498175,0.055729,2,1.319387,99.000000,0,0,0,0,single,1,0
static_left_r08_s10008,50.784,-0.840016,0.497953,0.056024,2,1.321366,99.000000,0,0,0,0,single,1,0
static_left_r08_s10008,50.816,-0.842950,0.497693,0.056298,2,1.323321,99.000000,0,0,0,0,single,1,0
static_left_r08_s10008,50.848,-0.845881,0.497396,0.056553,2,1.325252,99.000000,0,0,0,0,single,1,0
static_left_r08_s10008,50.880,-0.848808,0.497058,0.056784,2,1.327156,99.000000,0,0,0,0,single,1,0
static_left_r08_s10008,50.912,-0.851730,0.496681,0.056992,2,1.329033,99.000000,0,0,0,0,single,1,0
static_left_r08_s10008,50.944,-0.854646,0.496263,0.057176,2,1.330882,99.000000,0,0,0,0,single,1,0
static_left_r08_s10008,50.976,-0.857555,0.495804,0.057336,2,1.332702,99.000000,0,0,0,0,single,1,0
static_left_r08_s10008,51.008,-0.860458,0.495307,0.057474,2,1.334496,99.000000,0,0,0,0,single,1,0
static_left_r08_s10008,51.040,-0.863354,0.494774,0.057593,2,1.336264,99.000000,0,0,0,0,single,1,0
static_left_r08_s10008,51.072,-0.866244,0.494205,0.057692,2,1.338007,99.000000,0,0,0,0,single,1,0
static_left_r08_s10008,51.104,-0.869125,0.493602,0.057774,2,1.339726,99.000000,0,0,0,0,single,1,0
static_left_r08_s10008,51.136,-0.872000,0.492967,0.057840,2,1.341423,99.000000,0,0,0,0,single,1,0
static_left_r08_s10008,51.168,-0.874868,0.492303,0.057892,2,1.343098,99.000000,0,0,0,0,single,1,0
static_left_r08_s10008,51.200,-0.877729,0.491610,0.057932,2,1.344754,99.000000,0,0,0,0,single,1,0
static_left_r08_s10008,51.232,-0.880584,0.490894,0.057966,2,1.346395,99.000000,0,0,0,0,single,1,0
static_left_r08_s10008,51.264,-0.883432,0.490156,0.057993,2,1.348019,99.000000,0,0,0,0,single,1,0
static_left_r08_s10008,51.296,-0.886278,0.489409,0.058029,2,1.349642,99.000000,0,0,0,0,single,1,0
static_left_r08_s10008,51.328,-0.889122,0.488650,0.058069,2,1.351258,99.000000,0,0,0,0,single,1,0
static_left_r08_s10008,51.360,-0.891961,0.487877,0.058111,2,1.352867,99.000000,0,0,0,0,single,1,0
static_left_r08_s10008,51.392,-0.894797,0.487089,0.058156,2,1.354467,99.000000,0,0,0,0,single,1,0
static_left_r08_s10008,51.424,-0.897630,0.486292,0.058207,2,1.356064,99.000000,0,0,0,0,single,1,0
static_left_r08_s10008,51.456,-0.900461,0.485487,0.058268,2,1.357659,99.000000,0,0,0,0,single,1,0
static_left_r08_s10008,51.488,-0.903289,0.484668,0.058331,2,1.359247,99.000000,0,0,0,0,single,1,0
static_left_r08_s10008,51.520,-0.906110,0.483824,0.058386,2,1.360817,99.000000,0,0,0,0,single,1,0
static_left_r08_s10008,51.552,-0.908923,0.482956,0.058432,2,1.362370,99.000000,0,0,0,0,single,1,0
static_left_r08_s10008,51.584,-0.911729,0.482062,0.058468,2,1.363905,99.000000,0,0,0,0,single,1,0
static_left_r08_s10008,51.616,-0.914526,0.481140,0.058492,2,1.365421,99.000000,0,0,0,0,single,1,0
static_left_r08_s10008,51.648,-0.917314,0.480192,0.058506,2,1.366917,99.000000,0,0,0,0,single,1,0
static_left_r08_s10008,51.680,-0.920092,0.479215,0.058506,2,1.368391,99.000000,0,0,0,0,single,1,0
static_left_r08_s10008,51.712,-0.922861,0.478210,0.058494,2,1.369845,99.000000,0,0,0,0,single,1,0
static_left_r08_s10008,51.744,-0.925619,0.477178,0.058469,2,1.371278,99.000000,0,0,0,0,single,1,0
static_left_r08_s10008,51.776,-0.928367,0.476121,0.058434,2,1.372692,99.000000,0,0,0,0,single,1,0
static_left_r08_s10008,51.808,-0.931105,0.475038,0.058390,2,1.374087,99.000000,0,0,0,0,single,1,0
static_left_r08_s10008,51.840,-0.933833,0.473930,0.058335,2,1.375462,99.000000,0,0,0,0,single,1,0
static_left_r08_s10008,51.872,-0.936552,0.472799,0.058272,2,1.376821,99.000000,0,0,0,0,single,1,0
static_left_r08_s10008,51.904,-0.939260,0.471645,0.058201,2,1.378162,99.000000,0,0,0,0,single,1,0
static_left_r08_s10008,51.936,-0.941959,0.470469,0.058124,2,1.379487,99.000000,0,0,0,0,single,1,0
static_left_r08_s10008,51.968,-0.944649,0.469272,0.058040,2,1.380796,99.000000,0,0,0,0,single,1,0
static_left_r08_s10008,52.000,-0.947330,0.468056,0.057952,2,1.382091,99.000000,0,0,0,0,single,1,0
static_left_r08_s10008,52.032,-0.950002,0.466822,0.057862,2,1.383373,99.000000,0,0,0,0,single,1,0
static_left_r08_s10008,52.064,-0.952667,0.465572,0.057771,2,1.384645,99.000000,0,0,0,0,single,1,0
static_left_r08_s10008,52.096,-0.955325,0.464307,0.057681,2,1.385907,99.000000,0,0,0,0,single,1,0
static_left_r08_s10008,52.128,-0.957976,0.463028,0.057591,2,1.387159,99.000000,0,0,0,0,single,1,0
static_left_r08_s10008,52.160,-0.960620,0.461735,0.057503,2,1.388402,99.000000,0,0,0,0,single,1,0
static_left_r08_s10008,52.192,-0.963260,0.460432,0.057423,2,1.389642,99.000000,0,0,0,0,single,1,0
static_left_r08_s10008,52.224,-0.965893,0.459118,0.057345,2,1.390874,99.000000,0,0,0,0,single,1,0
static_left_r08_s10008,52.256,-0.968525,0.457799,0.057280,2,1.392107,99.000000,0,0,0,0,single,1,0
static_left_r08_s10008,52.288,-0.971153,0.456472,0.057223,2,1.393337,99.000000,0,0,0,0,single,1,0
static_left_r08_s10008,52.320,-0.973777,0.455138,0.057175,2,1.394565,99.000000,0,0,0,0,single,1,0
static_left_r08_s10008,52.352,-0.976398,0.453798,0.057138,2,1.395792,99.000000,0,0,0,0,single,1,0
static_left_r08_s10008,52.384,-0.979016,0.452452,0.057110,2,1.397018,99.000000,0,0,0,0,single,1,0
static_left_r08_s10008,52.416,-0.981630,0.451099,0.057093,2,1.398242,99.000000,0,0,0,0,single,1,0
static_left_r08_s10008,52.448,-0.984239,0.449734,0.057078,2,1.399459,99.000000,0,0,0,0,single,1,0
static_left_r08_s10008,52.480,-0.986841,0.448357,0.057068,2,1.400669,99.000000,0,0,0,0,single,1,0
static_left_r08_s10008,52.512,-0.989437,0.446967,0.057060,2,1.401871,99.000000,0,0,0,0,single,1,0
static_left_r08_s10008,52.544,-0.992025,0.445565,0.057054,2,1.403065,99.000000,0,0,0,0,single,1,0
static_left_r08_s10008,52.576,-0.994606,0.444147,0.057049,2,1.404249,99.000000,0,0,0,0,single,1,0
static_left_r08_s10008,52.608,-0.997179,0.442716,0.057045,2,1.405423,99.000000,0,0,0,0,single,1,0
static_left_r08_s10008,52.640,-0.999743,0.441268,0.057039,2,1.406585,99.000000,0,0,0,0,single,1,0
static_left_r08_s10008,52.672,-1.002298,0.439805,0.057033,2,1.407736,99.000000,0,0,0,0,single,1,0
static_left_r08_s10008,52.704,-1.004844,0.438327,0.057027,2,1.408876,99.000000,0,0,0,0,single,1,0
static_left_r08_s10008,52.736,-1.007381,0.436831,0.057017,2,1.410003,99.000000,0,0,0,0,single,1,0
static_left_r08_s10008,52.768,-1.009907,0.435319,0.057005,2,1.411118,99.000000,0,0,0,0,single,1,0
static_left_r08_s10008,52.800,-1.012423,0.433790,0.056991,2,1.412220,99.000000,0,0,0,0,single,1,0
static_left_r08_s10008,52.832,-1.014930,0.432245,0.056975,2,1.413309,99.000000,0,0,0,0,single,1,0
static_left_r08_s10008,52.864,-1.017426,0.430684,0.056957,2,1.414386,99.000000,0,0,0,0,single,1,0
static_left_r08_s10008,52.896,-1.019912,0.429107,0.056937,2,1.415450,99.000000,0,0,0,0,single,1,0
static_left_r08_s10008,52.928,-1.022388,0.427513,0.056915,2,1.416503,99.000000,0,0,0,0,single,1,0
static_left_r08_s10008,52.960,-1.024854,0.425904,0.056891,2,1.417542,99.000000,0,0,0,0,single,1,0
static_left_r08_s10008,52.992,-1.027309,0.424279,0.056866,2,1.418569,99.000000,0,0,0,0,single,1,0
static_left_r08_s10008,53.024,-1.029753,0.422638,0.056838,2,1.419584,99.000000,0,0,0,0,single,1,0
static_left_r08_s10008,53.056,-1.032188,0.420984,0.056811,2,1.420589,99.000000,0,0,0,0,single,1,0
static_left_r08_s10008,53.088,-1.034613,0.419315,0.056784,2,1.421582,99.000000,0,0,0,0,single,1,0
static_left_r08_s10008,53.120,-1.037030,0.417635,0.056759,2,1.422567,99.000000,0,0,0,0,single,1,0
static_left_r08_s10008,53.152,-1.039441,0.415945,0.056741,2,1.423548,99.000000,0,0,0,0,single,1,0
static_left_r08_s10008,53.184,-1.041843,0.414244,0.056725,2,1.424520,99.000000,0,0,0,0,single,1,0
static_left_r08_s10008,53.216,-1.044242,0.412537,0.056720,2,1.425492,99.000000,0,0,0,0,single,1,0
static_left_r08_s10008,53.248,-1.046637,0.410826,0.056726,2,1.426463,99.000000,0,0,0,0,single,1,0
static_left_r08_s10008,53.280,-1.049026,0.409107,0.056740,2,1.427431,99.000000,0,0,0,0,single,1,0
static_left_r08_s10008,53.312,-1.051412,0.407383,0.056764,2,1.428398,99.000000,0,0,0,0,single,1,0
static_left_r08_s10008,53.344,-1.053795,0.405655,0.056801,2,1.429366,99.000000,0,0,0,0,single,1,0
static_left_r08_s10008,53.376,-1.056174,0.403920,0.056847,2,1.430333,99.000000,0,0,0,0,single,1,0
static_left_r08_s10008,53.408,-1.058545,0.402174,0.056896,2,1.431291,99.000000,0,0,0,0,single,1,0
static_left_r08_s10008,53.440,-1.060905,0.400414,0.056945,2,1.432239,99.000000,0,0,0,0,single,1,0
static_left_r08_s10008,53.472,-1.063255,0.398641,0.056995,2,1.433176,99.000000,0,0,0,0,single,1,0
static_left_r08_s10008,53.504,-1.065594,0.396853,0.057043,2,1.434101,99.000000,0,0,0,0,single,1,0
static_left_r08_s10008,53.536,-1.067921,0.395049,0.057087,2,1.435012,99.000000,0,0,0,0,single,1,0
static_left_r08_s10008,53.568,-1.070238,0.393231,0.057132,2,1.435913,99.000000,0,0,0,0,single,1,0
static_left_r08_s10008,53.600,-1.072542,0.391397,0.057174,2,1.436800,99.000000,0,0,0,0,single,1,0
static_left_r08_s10008,53.632,-1.074832,0.389547,0.057210,2,1.437671,99.000000,0,0,0,0,single,1,0
static_left_r08_s10008,53.664,-1.077109,0.387680,0.057243,2,1.438528,99.000000,0,0,0,0,single,1,0
static_left_r08_s10008,53.696,-1.079371,0.385795,0.057270,2,1.439368,99.000000,0,0,0,0,single,1,0
static_left_r08_s10008,53.728,-1.081619,0.383892,0.057291,2,1.440192,99.000000,0,0,0,0,single,1,0
static_left_r08_s10008,53.760,-1.083851,0.381973,0.057306,2,1.440999,99.000000,0,0,0,0,single,1,0
static_left_r08_s10008,53.792,-1.086069,0.380036,0.057316,2,1.441791,99.000000,0,0,0,0,single,1,0
static_left_r08_s10008,53.824,-1.088272,0.378083,0.057321,2,1.442566,99.000000,0,0,0,0,single,1,0
static_left_r08_s10008,53.856,-1.090460,0.376113,0.057320,2,1.443325,99.000000,0,0,0,0,single,1,0
static_left_r08_s10008,53.888,-1.092633,0.374126,0.057314,2,1.444068,99.000000,0,0,0,0,single,1,0
static_left_r08_s10008,53.920,-1.094791,0.372123,0.057303,2,1.444795,99.000000,0,0,0,0,single,1,0
static_left_r08_s10008,53.952,-1.096933,0.370104,0.057287,2,1.445506,99.000000,0,0,0,0,single,1,0
static_left_r08_s10008,53.984,-1.099063,0.368072,0.057269,2,1.446206,99.000000,0,0,0,0,single,1,0
static_left_r08_s10008,54.016,-1.101181,0.366027,0.057251,2,1.446893,99.000000,0,0,0,0,single,1,0
static_left_r08_s10008,54.048,-1.103285,0.363968,0.057230,2,1.447567,99.000000,0,0,0,0,single,1,0
static_left_r08_s10008,54.080,-1.105377,0.361898,0.057211,2,1.448231,99.000000,0,0,0,0,single,1,0
static_left_r08_s10008,54.112,-1.107459,0.359817,0.057193,2,1.448887,99.000000,0,0,0,0,single,1,0
static_left_r08_s10008,54.144,-1.109532,0.357727,0.057180,2,1.449535,99.000000,0,0,0,0,single,1,0
static_left_r08_s10008,54.176,-1.111597,0.355629,0.057173,2,1.450179,99.000000,0,0,0,0,single,1,0
static_left_r08_s10008,54.208,-1.113665,0.353534,0.057186,2,1.450832,99.000000,0,0,0,0,single,1,0
static_left_r08_s10008,54.240,-1.115723,0.351429,0.057204,2,1.451477,99.000000,0,0,0,0,single,1,0
static_left_r08_s10008,54.272,-1.117776,0.349320,0.057231,2,1.452121,99.000000,0,0,0,0,single,1,0
static_left_r08_s10008,54.304,-1.119824,0.347205,0.057268,2,1.452764,99.000000,0,0,0,0,single,1,0
static_left_r08_s10008,54.336,-1.121867,0.345086,0.057316,2,1.453406,99.000000,0,0,0,0,single,1,0
static_left_r08_s10008,54.368,-1.123901,0.342958,0.057368,2,1.454041,99.000000,0,0,0,0,single,1,0
static_left_r08_s10008,54.400,-1.125923,0.340817,0.057419,2,1.454665,99.000000,0,0,0,0,single,1,0
static_left_r08_s10008,54.432,-1.127929,0.338662,0.057467,2,1.455274,99.000000,0,0,0,0,single,1,0
static_left_r08_s10008,54.464,-1.129921,0.336494,0.057511,2,1.455869,99.000000,0,0,0,0,single,1,0
static_left_r08_s10008,54.496,-1.131896,0.334310,0.057551,2,1.456448,99.000000,0,0,0,0,single,1,0
static_left_r08_s10008,54.528,-1.133854,0.332110,0.057584,2,1.457010,99.000000,0,0,0,0,single,1,0
static_left_r08_s10008,54.560,-1.135794,0.329895,0.057610,2,1.457554,99.000000,0,0,0,0,single,1,0
static_left_r08_s10008,54.592,-1.137717,0.327666,0.057631,2,1.458082,99.000000,0,0,0,0,single,1,0
static_left_r08_s10008,54.624,-1.139623,0.325421,0.057647,2,1.458593,99.000000,0,0,0,0,single,1,0
static_left_r08_s10008,54.656,-1.141510,0.323160,0.057654,2,1.459086,99.000000,0,0,0,0,single,1,0
static_left_r08_s10008,54.688,-1.143378,0.320884,0.057654,2,1.459560,99.000000,0,0,0,0,single,1,0
static_left_r08_s10008,54.720,-1.145227,0.318592,0.057647,2,1.460016,99.000000,0,0,0,0,single,1,0
static_left_r08_s10008,54.752,-1.147057,0.316286,0.057633,2,1.460453,99.000000,0,0,0,0,single,1,0
static_left_r08_s10008,54.784,-1.148868,0.313965,0.057611,2,1.460873,99.000000,0,0,0,0,single,1,0
static_left_r08_s10008,54.816,-1.150660,0.311629,0.057583,2,1.461275,99.000000,0,0,0,0,single,1,0
static_left_r08_s10008,54.848,-1.152434,0.309280,0.057550,2,1.461661,99.000000,0,0,0,0,single,1,0
static_left_r08_s10008,54.880,-1.154191,0.306917,0.057512,2,1.462030,99.000000,0,0,0,0,single,1,0
static_left_r08_s10008,54.912,-1.155931,0.304543,0.057471,2,1.462386,99.000000,0,0,0,0,single,1,0
static_left_r08_s10008,54.944,-1.157655,0.302157,0.057427,2,1.462727,99.000000,0,0,0,0,single,1,0
static_left_r08_s10008,54.976,-1.159362,0.299760,0.057379,2,1.463054,99.000000,0,0,0,0,single,1,0
static_left_r08_s10008,55.008,-1.161054,0.297351,0.057330,2,1.463368,99.000000,0,0,0,0,single,1,0
static_left_r08_s10008,55.040,-1.162733,0.294934,0.057282,2,1.463672,99.000000,0,0,0,0,single,1,0
static_left_r08_s10008,55.072,-1.164402,0.292509,0.057238,2,1.463970,99.000000,0,0,0,0,single,1,0
static_left_r08_s10008,55.104,-1.166059,0.290077,0.057198,2,1.464259,99.000000,0,0,0,0,single,1,0
static_left_r08_s10008,55.136,-1.167707,0.287638,0.057164,2,1.464544,99.000000,0,0,0,0,single,1,0
static_left_r08_s10008,55.168,-1.169359,0.285201,0.057151,2,1.464838,99.000000,0,0,0,0,single,1,0
static_left_r08_s10008,55.200,-1.171000,0.282757,0.057141,2,1.465125,99.000000,0,0,0,0,single,1,0
static_left_r08_s10008,55.232,-1.172633,0.280309,0.057141,2,1.465410,99.000000,0,0,0,0,single,1,0
static_left_r08_s10008,55.264,-1.174262,0.277857,0.057151,3,1.465694,99.000000,0,0,0,0,single,1,0
static_left_r08_s10008,55.296,-1.175884,0.275401,0.057171,3,1.465977,99.000000,0,0,0,0,single,1,0
static_left_r08_s10008,55.328,-1.177497,0.272938,0.057196,3,1.466254,99.000000,0,0,0,0,single,1,0
static_left_r08_s10008,55.360,-1.179096,0.270466,0.057223,3,1.466521,99.000000,0,0,0,0,single,1,0
static_left_r08_s10008,55.392,-1.180681,0.267985,0.057249,3,1.466777,99.000000,0,0,0,0,single,1,0
static_left_r08_s10008,55.424,-1.182250,0.265494,0.057274,3,1.467020,99.000000,0,0,0,0,single,1,0
static_left_r08_s10008,55.456,-1.183803,0.262992,0.057296,3,1.467249,99.000000,0,0,0,0,single,1,0
static_left_r08_s10008,55.488,-1.185338,0.260479,0.057315,3,1.467464,99.000000,0,0,0,0,single,1,0
static_left_r08_s10008,55.520,-1.186854,0.257955,0.057329,3,1.467662,99.000000,0,0,0,0,single,1,0
static_left_r08_s10008,55.552,-1.188355,0.255422,0.057341,3,1.467848,99.000000,0,0,0,0,single,1,0
static_left_r08_s10008,55.584,-1.189836,0.252877,0.057349,3,1.468018,99.000000,0,0,0,0,single,1,0
static_left_r08_s10008,55.616,-1.191299,0.250322,0.057352,3,1.468173,99.000000,0,0,0,0,single,1,0
static_left_r08_s10008,55.648,-1.192744,0.247756,0.057352,3,1.468312,99.000000,0,0,0,0,single,1,0
static_left_r08_s10008,55.680,-1.194169,0.245180,0.057345,3,1.468434,99.000000,0,0,0,0,single,1,0
static_left_r08_s10008,55.712,-1.195573,0.242592,0.057333,3,1.468540,99.000000,0,0,0,0,single,1,0
static_left_r08_s10008,55.744,-1.196958,0.239994,0.057315,3,1.468629,99.000000,0,0,0,0,single,1,0
static_left_r08_s10008,55.776,-1.198323,0.237385,0.057292,3,1.468701,99.000000,0,0,0,0,single,1,0
static_left_r08_s10008,55.808,-1.199669,0.234767,0.057265,3,1.468759,99.000000,0,0,0,0,single,1,0
static_left_r08_s10008,55.840,-1.200997,0.232140,0.057236,3,1.468802,99.000000,0,0,0,0,single,1,0
static_left_r08_s10008,55.872,-1.202307,0.229504,0.057202,3,1.468830,99.000000,0,0,0,0,single,1,0
static_left_r08_s10008,55.904,-1.203600,0.226860,0.057167,3,1.468846,99.000000,0,0,0,0,single,1,0
static_left_r08_s10008,55.936,-1.204876,0.224207,0.057131,3,1.468849,99.000000,0,0,0,0,single,1,0
static_left_r08_s10008,55.968,-1.206135,0.221547,0.057092,3,1.468838,99.000000,0,0,0,0,single,1,0
static_left_r08_s10008,56.000,-1.207379,0.218880,0.057054,3,1.468817,99.000000,0,0,0,0,single,1,0
static_left_r08_s10008,56.032,-1.208612,0.216207,0.057021,3,1.468790,99.000000,0,0,0,0,single,1,0
static_left_r08_s10008,56.064,-1.209832,0.213528,0.056991,3,1.468754,99.000000,0,0,0,0,single,1,0
static_left_r08_s10008,56.096,-1.211039,0.210844,0.056964,3,1.468711,99.000000,0,0,0,0,single,1,0
static_left_r08_s10008,56.128,-1.212251,0.208161,0.056959,3,1.468678,99.000000,0,0,0,0,single,1,0
static_left_r08_s10008,56.160,-1.213451,0.205473,0.056957,3,1.468638,99.000000,0,0,0,0,single,1,0
static_left_r08_s10008,56.192,-1.214641,0.202781,0.056963,3,1.468593,99.000000,0,0,0,0,single,1,0
static_left_r08_s10008,56.224,-1.215823,0.200085,0.056977,3,1.468546,99.000000,0,0,0,0,single,1,0
static_left_r08_s10008,56.256,-1.216997,0.197386,0.056998,3,1.468495,99.000000,0,0,0,0,single,1,0
static_left_r08_s10008,56.288,-1.218158,0.194681,0.057024,3,1.468437,99.000000,0,0,0,0,single,1,0
static_left_r08_s10008,56.320,-1.219304,0.191969,0.057048,3,1.468367,99.000000,0,0,0,0,single,1,0
static_left_r08_s10008,56.352,-1.220432,0.189250,0.057072,3,1.468284,99.000000,0,0,0,0,single,1,0
static_left_r08_s10008,56.384,-1.221543,0.186523,0.057094,3,1.468189,99.000000,0,0,0,0,single,1,0
static_left_r08_s10008,56.416,-1.222636,0.183789,0.057113,3,1.468080,99.000000,0,0,0,0,single,1,0
static_left_r08_s10008,56.448,-1.223711,0.181048,0.057129,3,1.467956,99.000000,0,0,0,0,single,1,0
static_left_r08_s10008,56.480,-1.224764,0.178299,0.057141,3,1.467817,99.000000,0,0,0,0,single,1,0
static_left_r08_s10008,56.512,-1.225799,0.175542,0.057148,3,1.467662,99.000000,0,0,0,0,single,1,0
static_left_r08_s10008,56.544,-1.226810,0.172777,0.057149,3,1.467490,99.000000,0,0,0,0,single,1,0
static_left_r08_s10008,56.576,-1.227801,0.170004,0.057144,3,1.467301,99.000000,0,0,0,0,single,1,0
static_left_r08_s10008,56.608,-1.228770,0.167224,0.057133,3,1.467095,99.000000,0,0,0,0,single,1,0
static_left_r08_s10008,56.640,-1.229719,0.164437,0.057120,3,1.466874,99.000000,0,0,0,0,single,1,0
static_left_r08_s10008,56.672,-1.230649,0.161644,0.057102,3,1.466639,99.000000,0,0,0,0,single,1,0
static_left_r08_s10008,56.704,-1.231559,0.158844,0.057081,3,1.466389,99.000000,0,0,0,0,single,1,0
static_left_r08_s10008,56.736,-1.232450,0.156039,0.057056,3,1.466124,99.000000,0,0,0,0,single,1,0
static_left_r08_s10008,56.768,-1.233320,0.153227,0.057027,3,1.465844,99.000000,0,0,0,0,single,1,0
static_left_r08_s10008,56.800,-1.234172,0.150410,0.056997,3,1.465552,99.000000,0,0,0,0,single,1,0
static_left_r08_s10008,56.832,-1.235007,0.147587,0.056965,3,1.465247,99.000000,0,0,0,0,single,1,0
static_left_r08_s10008,56.864,-1.235823,0.144760,0.056931,3,1.464928,99.000000,0,0,0,0,single,1,0
static_left_r08_s10008,56.896,-1.236623,0.141928,0.056898,3,1.464599,99.000000,0,0,0,0,single,1,0
static_left_r08_s10008,56.928,-1.237408,0.139092,0.056866,3,1.464261,99.000000,0,0,0,0,single,1,0
static_left_r08_s10008,56.960,-1.238181,0.136252,0.056839,3,1.463915,99.000000,0,0,0,0,single,1,0
static_left_r08_s10008,56.992,-1.238943,0.133410,0.056817,3,1.463564,99.000000,0,0,0,0,single,1,0
static_left_r08_s10008,57.024,-1.239690,0.130563,0.056797,3,1.463204,99.000000,0,0,0,0,single,1,0
static_left_r08_s10008,57.056,-1.240427,0.127713,0.056783,3,1.462839,99.000000,0,0,0,0,single,1,0
static_left_r08_s10008,57.088,-1.241168,0.124864,0.056790,3,1.462483,99.000000,0,0,0,0,single,1,0
static_left_r08_s10008,57.120,-1.241895,0.122012,0.056801,3,1.462120,99.000000,0,0,0,0,single,1,0
static_left_r08_s10008,57.152,-1.242613,0.119159,0.056820,3,1.461754,99.000000,0,0,0,0,single,1,0
static_left_r08_s10008,57.184,-1.243326,0.116303,0.056850,3,1.461387,99.000000,0,0,0,0,single,1,0
static_left_r08_s10008,57.216,-1.244031,0.113445,0.056889,3,1.461019,99.000000,0,0,0,0,single,1,0
static_left_r08_s10008,57.248,-1.244724,0.110584,0.056933,3,1.460644,99.000000,0,0,0,0,single,1,0
static_left_r08_s10008,57.280,-1.245402,0.107720,0.056978,3,1.460259,99.000000,0,0,0,0,single,1,0
static_left_r08_s10008,57.312,-1.246064,0.104851,0.057024,3,1.459864,99.000000,0,0,0,0,single,1,0
static_left_r08_s10008,57.344,-1.246709,0.101978,0.057070,3,1.459458,99.000000,0,0,0,0,single,1,0
static_left_r08_s10008,57.376,-1.247337,0.099101,0.057114,3,1.459039,99.000000,0,0,0,0,single,1,0
static_left_r08_s10008,57.408,-1.247944,0.096220,0.057155,3,1.458605,99.000000,0,0,0,0,single,1,0
static_left_r08_s10008,57.440,-1.248532,0.093335,0.057194,3,1.458158,99.000000,0,0,0,0,single,1,0
static_left_r08_s10008,57.472,-1.249098,0.090445,0.057227,3,1.457695,99.000000,0,0,0,0,single,1,0
static_left_r08_s10008,57.504,-1.249644,0.087552,0.057257,3,1.457217,99.000000,0,0,0,0,single,1,0
static_left_r08_s10008,57.536,-1.250166,0.084654,0.057280,3,1.456722,99.000000,0,0,0,0,single,1,0
static_left_r08_s10008,57.568,-1.250668,0.081753,0.057299,3,1.456212,99.000000,0,0,0,0,single,1,0
static_left_r08_s10008,57.600,-1.251147,0.078848,0.057312,3,1.455684,99.000000,0,0,0,0,single,1,0
static_left_r08_s10008,57.632,-1.251604,0.075939,0.057320,3,1.455141,99.000000,0,0,0,0,single,1,0
static_left_r08_s10008,57.664,-1.252038,0.073027,0.057322,3,1.454580,99.000000,0,0,0,0,single,1,0
static_left_r08_s10008,57.696,-1.252450,0.070113,0.057318,3,1.454004,99.000000,0,0,0,0,single,1,0
static_left_r08_s10008,57.728,-1.252839,0.067195,0.057309,3,1.453410,99.000000,0,0,0,0,single,1,0
static_left_r08_s10008,57.760,-1.253208,0.064276,0.057296,3,1.452803,99.000000,0,0,0,0,single,1,0
static_left_r08_s10008,57.792,-1.253559,0.061354,0.057283,3,1.452184,99.000000,0,0,0,0,single,1,0
static_left_r08_s10008,57.824,-1.253891,0.058430,0.057267,3,1.451552,99.000000,0,0,0,0,single,1,0
static_left_r08_s10008,57.856,-1.254206,0.055505,0.057251,3,1.450909,99.000000,0,0,0,0,single,1,0
static_left_r08_s10008,57.888,-1.254503,0.052578,0.057236,3,1.450254,99.000000,0,0,0,0,single,1,0
static_left_r08_s10008,57.920,-1.254786,0.049649,0.057222,3,1.449591,99.000000,0,0,0,0,single,1,0
static_left_r08_s10008,57.952,-1.255054,0.046719,0.057210,3,1.448918,99.000000,0,0,0,0,single,1,0
static_left_r08_s10008,57.984,-1.255305,0.043786,0.057199,3,1.448235,99.000000,0,0,0,0,single,1,0
static_left_r08_s10008,58.016,-1.255546,0.040852,0.057194,3,1.447548,99.000000,0,0,0,0,single,1,0
static_left_r08_s10008,58.048,-1.255791,0.037918,0.057211,3,1.446870,99.000000,0,0,0,0,single,1,0
static_left_r08_s10008,58.080,-1.256025,0.034984,0.057233,3,1.446187,99.000000,0,0,0,0,single,1,0
static_left_r08_s10008,58.112,-1.256250,0.032049,0.057264,3,1.445500,99.000000,0,0,0,0,single,1,0
static_left_r08_s10008,58.144,-1.256469,0.029113,0.057305,3,1.444814,99.000000,0,0,0,0,single,1,0
static_left_r08_s10008,58.176,-1.256682,0.026177,0.057358,3,1.444128,99.000000,0,0,0,0,single,1,0
static_left_r08_s10008,58.208,-1.256888,0.023240,0.057420,3,1.443439,99.000000,0,0,0,0,single,1,0
static_left_r08_s10008,58.240,-1.257074,0.020302,0.057481,3,1.442738,99.000000,0,0,0,0,single,1,0
static_left_r08_s10008,58.272,-1.257242,0.017362,0.057539,3,1.442024,99.000000,0,0,0,0,single,1,0
static_left_r08_s10008,58.304,-1.257389,0.014421,0.057593,3,1.441295,99.000000,0,0,0,0,single,1,0
static_left_r08_s10008,58.336,-1.257513,0.011479,0.057643,3,1.440551,99.000000,0,0,0,0,single,1,0
static_left_r08_s10008,58.368,-1.257616,0.008536,0.057688,3,1.439791,99.000000,0,0,0,0,single,1,0
static_left_r08_s10008,58.400,-1.257698,0.005593,0.057728,3,1.439016,99.000000,0,0,0,0,single,1,0
static_left_r08_s10008,58.432,-1.257755,0.002649,0.057762,3,1.438224,99.000000,0,0,0,0,single,1,0
static_left_r08_s10008,58.464,-1.257790,-0.000296,0.057790,3,1.437415,99.000000,0,0,0,0,single,1,0
static_left_r08_s10008,58.496,-1.257799,-0.003241,0.057810,3,1.436588,99.000000,0,0,0,0,single,1,0
static_left_r08_s10008,58.528,-1.257782,-0.006185,0.057819,3,1.435740,99.000000,0,0,0,0,single,1,0
static_left_r08_s10008,58.560,-1.257740,-0.009129,0.057822,3,1.434875,99.000000,0,0,0,0,single,1,0
static_left_r08_s10008,58.592,-1.257675,-0.012073,0.057818,3,1.433992,99.000000,0,0,0,0,single,1,0
static_left_r08_s10008,58.624,-1.257585,-0.015016,0.057807,3,1.433092,99.000000,0,0,0,0,single,1,0
static_left_r08_s10008,58.656,-1.257471,-0.017959,0.057788,3,1.432174,99.000000,0,0,0,0,single,1,0
static_left_r08_s10008,58.688,-1.257332,-0.020900,0.057762,3,1.431238,99.000000,0,0,0,0,single,1,0
static_left_r08_s10008,58.720,-1.257172,-0.023839,0.057732,3,1.430288,99.000000,0,0,0,0,single,1,0
static_left_r08_s10008,58.752,-1.256990,-0.026778,0.057696,3,1.429321,99.000000,0,0,0,0,single,1,0
static_left_r08_s10008,58.784,-1.256787,-0.029715,0.057658,3,1.428342,99.000000,0,0,0,0,single,1,0
static_left_r08_s10008,58.816,-1.256564,-0.032651,0.057615,3,1.427348,99.000000,0,0,0,0,single,1,0
static_left_r08_s10008,58.848,-1.256323,-0.035585,0.057572,3,1.426342,99.000000,0,0,0,0,single,1,0
static_left_r08_s10008,58.880,-1.256063,-0.038517,0.057527,3,1.425324,99.000000,0,0,0,0,single,1,0
static_left_r08_s10008,58.912,-1.255789,-0.041448,0.057484,3,1.424298,99.000000,0,0,0,0,single,1,0
static_left_r08_s10008,58.944,-1.255500,-0.044377,0.057444,3,1.423263,99.000000,0,0,0,0,single,1,0
static_left_r08_s10008,58.976,-1.255197,-0.047305,0.057407,3,1.422222,99.000000,0,0,0,0,single,1,0
static_left_r08_s10008,59.008,-1.254899,-0.050234,0.057392,3,1.421189,99.000000,0,0,0,0,single,1,0
static_left_r08_s10008,59.040,-1.254588,-0.053161,0.057381,3,1.420150,99.000000,0,0,0,0,single,1,0
static_left_r08_s10008,59.072,-1.254266,-0.056087,0.057376,3,1.419106,99.000000,0,0,0,0,single,1,0
static_left_r08_s10008,59.104,-1.253937,-0.059013,0.057380,3,1.418060,99.000000,0,0,0,0,single,1,0
static_left_r08_s10008,59.136,-1.253600,-0.061937,0.057395,3,1.417013,99.000000,0,0,0,0,single,1,0
static_left_r08_s10008,59.168,-1.253254,-0.064861,0.057416,3,1.415962,99.000000,0,0,0,0,single,1,0
static_left_r08_s10008,59.200,-1.252887,-0.067782,0.057434,3,1.414896,99.000000,0,0,0,0,single,1,0
static_left_r08_s10008,59.232,-1.252501,-0.070701,0.057451,3,1.413819,99.000000,0,0,0,0,single,1,0
static_left_r08_s10008,59.264,-1.252098,-0.073618,0.057466,3,1.412730,99.000000,0,0,0,0,single,1,0
static_left_r08_s10008,59.296,-1.251672,-0.076531,0.057476,3,1.411625,99.000000,0,0,0,0,single,1,0
static_left_r08_s10008,59.328,-1.251224,-0.079442,0.057481,3,1.410505,99.000000,0,0,0,0,single,1,0
static_left_r08_s10008,59.360,-1.250756,-0.082349,0.057482,3,1.409371,99.000000,0,0,0,0,single,1,0
static_left_r08_s10008,59.392,-1.250264,-0.085252,0.057476,3,1.408220,99.000000,0,0,0,0,single,1,0
static_left_r08_s10008,59.424,-1.249749,-0.088151,0.057464,3,1.407053,99.000000,0,0,0,0,single,1,0
static_left_r08_s10008,59.456,-1.249211,-0.091046,0.057446,3,1.405870,99.000000,0,0,0,0,single,1,0
static_left_r08_s10008,59.488,-1.248649,-0.093937,0.057420,3,1.404669,99.000000,0,0,0,0,single,1,0
static_left_r08_s10008,59.520,-1.248063,-0.096823,0.057387,3,1.403451,99.000000,0,0,0,0,single,1,0
static_left_r08_s10008,59.552,-1.247453,-0.099703,0.057346,3,1.402216,99.000000,0,0,0,0,single,1,0
static_left_r08_s10008,59.584,-1.246821,-0.102579,0.057300,3,1.400967,99.000000,0,0,0,0,single,1,0
static_left_r08_s10008,59.616,-1.246168,-0.105450,0.057249,3,1.399702,99.000000,0,0,0,0,single,1,0
static_left_r08_s10008,59.648,-1.245494,-0.108316,0.057195,3,1.398424,99.000000,0,0,0,0,single,1,0
static_left_r08_s10008,59.680,-1.244801,-0.111177,0.057138,3,1.397132,99.000000,0,0,0,0,single,1,0
static_left_r08_s10008,59.712,-1.244088,-0.114033,0.057076,3,1.395827,99.000000,0,0,0,0,single,1,0
static_left_r08_s10008,59.744,-1.243357,-0.116885,0.057014,3,1.394510,99.000000,0,0,0,0,single,1,0
static_left_r08_s10008,59.776,-1.242607,-0.119732,0.056949,3,1.393181,99.000000,0,0,0,0,single,1,0
static_left_r08_s10008,59.808,-1.241839,-0.122574,0.056883,3,1.391841,99.000000,0,0,0,0,single,1,0
static_left_r08_s10008,59.840,-1.241056,-0.125412,0.056817,3,1.390490,99.000000,0,0,0,0,single,1,0
static_left_r08_s10008,59.872,-1.240259,-0.128246,0.056756,3,1.389133,99.000000,0,0,0,0,single,1,0
static_left_r08_s10008,59.904,-1.239448,-0.131075,0.056695,3,1.387767,99.000000,0,0,0,0,single,1,0
static_left_r08_s10008,59.936,-1.238621,-0.133902,0.056636,3,1.386391,99.000000,0,0,0,0,single,1,0
static_left_r08_s10008,59.968,-1.237799,-0.136729,0.056599,3,1.385026,99.000000,0,0,0,0,single,1,0
static_left_r08_s10008,60.000,-1.236965,-0.139552,0.056566,3,1.383653,99.000000,0,0,0,0,single,1,0
static_left_r08_s10008,60.032,-1.236122,-0.142372,0.056542,3,1.382278,99.000000,0,0,0,0,single,1,0
static_left_r08_s10008,60.064,-1.235271,-0.145191,0.056526,3,1.380900,99.000000,0,0,0,0,single,1,0
static_left_r08_s10008,60.096,-1.234409,-0.148005,0.056515,3,1.379516,99.000000,0,0,0,0,single,1,0
static_left_r08_s10008,60.128,-1.233532,-0.150816,0.056506,3,1.378124,99.000000,0,0,0,0,single,1,0
static_left_r08_s10008,60.160,-1.232638,-0.153621,0.056497,3,1.376721,99.000000,0,0,0,0,single,1,0
static_left_r08_s10008,60.192,-1.231727,-0.156421,0.056486,3,1.375307,99.000000,0,0,0,0,single,1,0
static_left_r08_s10008,60.224,-1.230798,-0.159215,0.056474,3,1.373881,99.000000,0,0,0,0,single,1,0
static_left_r08_s10008,60.256,-1.229855,-0.162004,0.056464,3,1.372447,99.000000,0,0,0,0,single,1,0
static_left_r08_s10008,60.288,-1.228896,-0.164788,0.056454,3,1.371003,99.000000,0,0,0,0,single,1,0
static_left_r08_s10008,60.320,-1.227919,-0.167565,0.056443,3,1.369548,99.000000,0,0,0,0,single,1,0
static_left_r08_s10008,60.352,-1.226926,-0.170337,0.056432,3,1.368082,99.000000,0,0,0,0,single,1,0
static_left_r08_s10008,60.384,-1.225916,-0.173103,0.056419,3,1.366605,99.000000,0,0,0,0,single,1,0
static_left_r08_s10008,60.416,-1.224889,-0.175862,0.056406,3,1.365118,99.000000,0,0,0,0,single,1,0
static_left_r08_s10008,60.448,-1.223846,-0.178615,0.056392,3,1.363620,99.000000,0,0,0,0,single,1,0
static_left_r08_s10008,60.480,-1.222784,-0.181361,0.056376,3,1.362110,99.000000,0,0,0,0,single,1,0
static_left_r08_s10008,60.512,-1.221703,-0.184100,0.056357,3,1.360588,99.000000,0,0,0,0,single,1,0
static_left_r08_s10008,60.544,-1.220605,-0.186832,0.056335,3,1.359053,99.000000,0,0,0,0,single,1,0
static_left_r08_s10008,60.576,-1.219491,-0.189557,0.056314,3,1.357509,99.000000,0,0,0,0,single,1,0
static_left_r08_s10008,60.608,-1.218363,-0.192277,0.056295,3,1.355957,99.000000,0,0,0,0,single,1,0
static_left_r08_s10008,60.640,-1.217221,-0.194990,0.056277,3,1.354396,99.000000,0,0,0,0,single,1,0
static_left_r08_s10008,60.672,-1.216064,-0.197697,0.056260,3,1.352826,99.000000,0,0,0,0,single,1,0
static_left_r08_s10008,60.704,-1.214892,-0.200398,0.056245,3,1.351248,99.000000,0,0,0,0,single,1,0
static_left_r08_s10008,60.736,-1.213706,-0.203092,0.056231,3,1.349660,99.000000,0,0,0,0,single,1,0
static_left_r08_s10008,60.768,-1.212505,-0.205780,0.056218,3,1.348064,99.000000,0,0,0,0,single,1,0
static_left_r08_s10008,60.800,-1.211292,-0.208463,0.056209,3,1.346461,99.000000,0,0,0,0,single,1,0
static_left_r08_s10008,60.832,-1.210069,-0.211140,0.056205,3,1.344852,99.000000,0,0,0,0,single,1,0
static_left_r08_s10008,60.864,-1.208834,-0.213813,0.056206,3,1.343238,99.000000,0,0,0,0,single,1,0
static_left_r08_s10008,60.896,-1.207585,-0.216479,0.056209,3,1.341616,99.000000,0,0,0,0,single,1,0
static_left_r08_s10008,60.928,-1.206341,-0.219147,0.056234,3,1.340002,99.000000,0,0,0,0,single,1,0
static_left_r08_s10008,60.960,-1.205086,-0.221810,0.056264,3,1.338383,99.000000,0,0,0,0,single,1,0
static_left_r08_s10008,60.992,-1.203823,-0.224469,0.056302,3,1.336761,99.000000,0,0,0,0,single,1,0
static_left_r08_s10008,61.024,-1.202554,-0.227126,0.056351,3,1.335137,99.000000,0,0,0,0,single,1,0
static_left_r08_s10008,61.056,-1.201278,-0.229779,0.056409,3,1.333512,99.000000,0,0,0,0,single,1,0
static_left_r08_s10008,61.088,-1.199993,-0.232427,0.056474,3,1.331883,99.000000,0,0,0,0,single,1,0
static_left_r08_s10008,61.120,-1.198690,-0.235068,0.056537,3,1.330243,99.000000,0,0,0,0,single,1,0
static_left_r08_s10008,61.152,-1.197373,-0.237701,0.056601,3,1.328593,99.000000,0,0,0,0,single,1,0
static_left_r08_s10008,61.184,-1.196042,-0.240327,0.056666,3,1.326934,99.000000,0,0,0,0,single,1,0
static_left_r08_s10008,61.216,-1.194695,-0.242946,0.056731,3,1.325266,99.000000,0,0,0,0,single,1,0
static_left_r08_s10008,61.248,-1.193332,-0.245555,0.056794,3,1.323587,99.000000,0,0,0,0,single,1,0
static_left_r08_s10008,61.280,-1.191950,-0.248156,0.056854,3,1.321895,99.000000,0,0,0,0,single,1,0
static_left_r08_s10008,61.312,-1.190552,-0.250747,0.056912,3,1.320192,99.000000,0,0,0,0,single,1,0
static_left_r08_s10008,61.344,-1.189133,-0.253327,0.056964,3,1.318475,99.000000,0,0,0,0,single,1,0
static_left_r08_s10008,61.376,-1.187696,-0.255897,0.057012,3,1.316745,99.000000,0,0,0,0,single,1,0
static_left_r08_s10008,61.408,-1.186239,-0.258456,0.057054,3,1.315000,99.000000,0,0,0,0,single,1,0
static_left_r08_s10008,61.440,-1.184761,-0.261003,0.057089,3,1.313241,99.000000,0,0,0,0,single,1,0
static_left_r08_s10008,61.472,-1.183264,-0.263538,0.057119,3,1.311468,99.000000,0,0,0,0,single,1,0
static_left_r08_s10008,61.504,-1.181747,-0.266062,0.057143,3,1.309681,99.000000,0,0,0,0,single,1,0
static_left_r08_s10008,61.536,-1.180211,-0.268574,0.057162,3,1.307880,99.000000,0,0,0,0,single,1,0
static_left_r08_s10008,61.568,-1.178655,-0.271073,0.057174,3,1.306065,99.000000,0,0,0,0,single,1,0
static_left_r08_s10008,61.600,-1.177080,-0.273561,0.057182,3,1.304237,99.000000,0,0,0,0,single,1,0
static_left_r08_s10008,61.632,-1.175490,-0.276039,0.057188,3,1.302398,99.000000,0,0,0,0,single,1,0
static_left_r08_s10008,61.664,-1.173885,-0.278506,0.057192,3,1.300549,99.000000,0,0,0,0,single,1,0
static_left_r08_s10008,61.696,-1.172263,-0.280963,0.057195,3,1.298689,99.000000,0,0,0,0,single,1,0
static_left_r08_s10008,61.728,-1.170627,-0.283411,0.057197,3,1.296821,99.000000,0,0,0,0,single,1,0
static_left_r08_s10008,61.760,-1.168977,-0.285848,0.057200,3,1.294943,99.000000,0,0,0,0,single,1,0
static_left_r08_s10008,61.792,-1.167315,-0.288278,0.057204,3,1.293057,99.000000,0,0,0,0,single,1,0
static_left_r08_s10008,61.824,-1.165642,-0.290700,0.057212,3,1.291165,99.000000,0,0,0,0,single,1,0
static_left_r08_s10008,61.856,-1.163957,-0.293113,0.057224,3,1.289267,99.000000,0,0,0,0,single,1,0
static_left_r08_s10008,61.888,-1.162272,-0.295527,0.057252,3,1.287372,99.000000,0,0,0,0,single,1,0
static_left_r08_s10008,61.920,-1.160577,-0.297933,0.057285,3,1.285471,99.000000,0,0,0,0,single,1,0
static_left_r08_s10008,61.952,-1.158873,-0.300334,0.057324,3,1.283566,99.000000,0,0,0,0,single,1,0
static_left_r08_s10008,61.984,-1.157162,-0.302729,0.057371,3,1.281659,99.000000,0,0,0,0,single,1,0
static_left_r08_s10008,62.016,-1.155447,-0.305122,0.057432,3,1.279752,99.000000,0,0,0,0,single,1,0
static_left_r08_s10008,62.048,-1.153726,-0.307510,0.057501,3,1.277843,99.000000,0,0,0,0,single,1,0
static_left_r08_s10008,62.080,-1.151993,-0.309890,0.057573,3,1.275926,99.000000,0,0,0,0,single,1,0
static_left_r08_s10008,62.112,-1.150245,-0.312259,0.057644,3,1.274000,99.000000,0,0,0,0,single,1,0
static_left_r08_s10008,62.144,-1.148482,-0.314618,0.057713,3,1.272063,99.000000,0,0,0,0,single,1,0
static_left_r08_s10008,62.176,-1.146703,-0.316963,0.057778,3,1.270115,99.000000,0,0,0,0,single,1,0
static_left_r08_s10008,62.208,-1.144907,-0.319297,0.057841,3,1.268155,99.000000,0,0,0,0,single,1,0
static_left_r08_s10008,62.240,-1.143094,-0.321617,0.057898,3,1.266182,99.000000,0,0,0,0,single,1,0
static_left_r08_s10008,62.272,-1.141262,-0.323923,0.057948,3,1.264195,99.000000,0,0,0,0,single,1,0
static_left_r08_s10008,62.304,-1.139411,-0.326213,0.057992,3,1.262195,99.000000,0,0,0,0,single,1,0
static_left_r08_s10008,62.336,-1.137541,-0.328488,0.058028,3,1.260180,99.000000,0,0,0,0,single,1,0
static_left_r08_s10008,62.368,-1.135652,-0.330747,0.058056,3,1.258150,99.000000,0,0,0,0,single,1,0
static_left_r08_s10008,62.400,-1.133742,-0.332988,0.058074,3,1.256105,99.000000,0,0,0,0,single,1,0
static_left_r08_s10008,62.432,-1.131812,-0.335212,0.058082,3,1.254044,99.000000,0,0,0,0,single,1,0
static_left_r08_s10008,62.464,-1.129862,-0.337419,0.058082,3,1.251968,99.000000,0,0,0,0,single,1,0
static_left_r08_s10008,62.496,-1.127895,-0.339610,0.058074,3,1.249879,99.000000,0,0,0,0,single,1,0
static_left_r08_s10008,62.528,-1.125910,-0.341784,0.058060,3,1.247776,99.000000,0,0,0,0,single,1,0
static_left_r08_s10008,62.560,-1.123909,-0.343943,0.058040,3,1.245662,99.000000,0,0,0,0,single,1,0
static_left_r08_s10008,62.592,-1.121892,-0.346087,0.058015,3,1.243535,99.000000,0,0,0,0,single,1,0
static_left_r08_s10008,62.624,-1.119860,-0.348217,0.057987,3,1.241398,99.000000,0,0,0,0,single,1,0
static_left_r08_s10008,62.656,-1.117813,-0.350332,0.057956,3,1.239250,99.000000,0,0,0,0,single,1,0
static_left_r08_s10008,62.688,-1.115751,-0.352433,0.057920,3,1.237091,99.000000,0,0,0,0,single,1,0
static_left_r08_s10008,62.720,-1.113676,-0.354521,0.057884,3,1.234923,99.000000,0,0,0,0,single,1,0
static_left_r08_s10008,62.752,-1.111590,-0.356597,0.057847,3,1.232747,99.000000,0,0,0,0,single,1,0
static_left_r08_s10008,62.784,-1.109494,-0.358664,0.057815,3,1.230565,99.000000,0,0,0,0,single,1,0
static_left_r08_s10008,62.816,-1.107386,-0.360718,0.057782,3,1.228375,99.000000,0,0,0,0,single,1,0
static_left_r08_s10008,62.848,-1.105277,-0.362771,0.057764,3,1.226187,99.000000,0,0,0,0,single,1,0
static_left_r08_s10008,62.880,-1.103161,-0.364817,0.057754,3,1.223995,99.000000,0,0,0,0,single,1,0
static_left_r08_s10008,62.912,-1.101037,-0.366855,0.057749,3,1.221799,99.000000,0,0,0,0,single,1,0
static_left_r08_s10008,62.944,-1.098907,-0.368887,0.057754,3,1.219601,99.000000,0,0,0,0,single,1,0
static_left_r08_s10008,62.976,-1.096775,-0.370916,0.057771,3,1.217402,99.000000,0,0,0,0,single,1,0
static_left_r08_s10008,63.008,-1.094636,-0.372939,0.057797,3,1.215201,99.000000,0,0,0,0,single,1,0
static_left_r08_s10008,63.040,-1.092488,-0.374951,0.057825,3,1.212994,99.000000,0,0,0,0,single,1,0
static_left_r08_s10008,63.072,-1.090327,-0.376951,0.057852,3,1.210778,99.000000,0,0,0,0,single,1,0
static_left_r08_s10008,63.104,-1.088153,-0.378936,0.057878,3,1.208552,99.000000,0,0,0,0,single,1,0
static_left_r08_s10008,63.136,-1.085965,-0.380907,0.057900,3,1.206315,99.000000,0,0,0,0,single,1,0
static_left_r08_s10008,63.168,-1.083762,-0.382860,0.057916,3,1.204068,99.000000,0,0,0,0,single,1,0
static_left_r08_s10008,63.200,-1.081546,-0.384800,0.057930,3,1.201810,99.000000,0,0,0,0,single,1,0
static_left_r08_s10008,63.232,-1.079315,-0.386722,0.057939,3,1.199541,99.000000,0,0,0,0,single,1,0
static_left_r08_s10008,63.264,-1.077071,-0.388628,0.057944,3,1.197262,99.000000,0,0,0,0,single,1,0
static_left_r08_s10008,63.296,-1.074811,-0.390516,0.057942,3,1.194970,99.000000,0,0,0,0,single,1,0
static_left_r08_s10008,63.328,-1.072535,-0.392384,0.057931,3,1.192665,99.000000,0,0,0,0,single,1,0
static_left_r08_s10008,63.360,-1.070243,-0.394233,0.057913,3,1.190348,99.000000,0,0,0,0,single,1,0
static_left_r08_s10008,63.392,-1.067936,-0.396063,0.057887,3,1.188018,99.000000,0,0,0,0,single,1,0
static_left_r08_s10008,63.424,-1.065614,-0.397873,0.057853,3,1.185676,99.000000,0,0,0,0,single,1,0
static_left_r08_s10008,63.456,-1.063278,-0.399665,0.057815,3,1.183324,99.000000,0,0,0,0,single,1,0
static_left_r08_s10008,63.488,-1.060929,-0.401440,0.057770,3,1.180960,99.000000,0,0,0,0,single,1,0
static_left_r08_s10008,63.520,-1.058568,-0.403198,0.057723,3,1.178588,99.000000,0,0,0,0,single,1,0
static_left_r08_s10008,63.552,-1.056195,-0.404939,0.057672,3,1.176205,99.000000,0,0,0,0,single,1,0
static_left_r08_s10008,63.584,-1.053809,-0.406663,0.057617,3,1.173814,99.000000,0,0,0,0,single,1,0
static_left_r08_s10008,63.616,-1.051412,-0.408372,0.057560,3,1.171413,99.000000,0,0,0,0,single,1,0
static_left_r08_s10008,63.648,-1.049005,-0.410066,0.057502,3,1.169005,99.000000,0,0,0,0,single,1,0
static_left_r08_s10008,63.680,-1.046588,-0.411745,0.057443,3,1.166589,99.000000,0,0,0,0,single,1,0
static_left_r08_s10008,63.712,-1.044162,-0.413413,0.057387,3,1.164167,99.000000,0,0,0,0,single,1,0
static_left_r08_s10008,63.744,-1.041730,-0.415071,0.057336,3,1.161741,99.000000,0,0,0,0,single,1,0
static_left_r08_s10008,63.776,-1.039289,-0.416714,0.057286,3,1.159309,99.000000,0,0,0,0,single,1,0
static_left_r08_s10008,63.808,-1.036847,-0.418357,0.057251,3,1.156877,99.000000,0,0,0,0,single,1,0
static_left_r08_s10008,63.840,-1.034397,-0.419989,0.057221,3,1.154441,99.000000,0,0,0,0,single,1,0
static_left_r08_s10008,63.872,-1.031942,-0.421613,0.057197,3,1.152001,99.000000,0,0,0,0,single,1,0
static_left_r08_s10008,63.904,-1.029482,-0.423229,0.057181,3,1.149558,99.000000,0,0,0,0,single,1,0
static_left_r08_s10008,63.936,-1.027017,-0.424837,0.057174,3,1.147113,99.000000,0,0,0,0,single,1,0
static_left_r08_s10008,63.968,-1.024545,-0.426436,0.057171,3,1.144663,99.000000,0,0,0,0,single,1,0
static_left_r08_s10008,64.000,-1.022064,-0.428021,0.057170,3,1.142207,99.000000,0,0,0,0,single,1,0
static_left_r08_s10008,64.032,-1.019575,-0.429592,0.057169,3,1.139743,99.000000,0,0,0,0,single,1,0
static_left_r08_s10008,64.064,-1.017074,-0.431147,0.057166,3,1.137271,99.000000,0,0,0,0,single,1,0
static_left_r08_s10008,64.096,-1.014565,-0.432687,0.057161,3,1.134791,99.000000,0,0,0,0,single,1,0
static_left_r08_s10008,64.128,-1.012044,-0.434209,0.057153,3,1.132303,99.000000,0,0,0,0,single,1,0
static_left_r08_s10008,64.160,-1.009513,-0.435714,0.057142,3,1.129806,99.000000,0,0,0,0,single,1,0
static_left_r08_s10008,64.192,-1.006972,-0.437201,0.057129,3,1.127301,99.000000,0,0,0,0,single,1,0
static_left_r08_s10008,64.224,-1.004420,-0.438670,0.057110,3,1.124786,99.000000,0,0,0,0,single,1,0
static_left_r08_s10008,64.256,-1.001858,-0.440120,0.057087,3,1.122262,99.000000,0,0,0,0,single,1,0
static_left_r08_s10008,64.288,-0.999285,-0.441551,0.057060,3,1.119729,99.000000,0,0,0,0,single,1,0
static_left_r08_s10008,64.320,-0.996701,-0.442963,0.057029,3,1.117188,99.000000,0,0,0,0,single,1,0
static_left_r08_s10008,64.352,-0.994108,-0.444357,0.056993,3,1.114638,99.000000,0,0,0,0,single,1,0
static_left_r08_s10008,64.384,-0.991505,-0.445732,0.056953,3,1.112079,99.000000,0,0,0,0,single,1,0
static_left_r08_s10008,64.416,-0.988892,-0.447088,0.056910,3,1.109512,99.000000,0,0,0,0,single,1,0
static_left_r08_s10008,64.448,-0.986271,-0.448428,0.056864,3,1.106938,99.000000,0,0,0,0,single,1,0
static_left_r08_s10008,64.480,-0.983641,-0.449750,0.056816,3,1.104356,99.000000,0,0,0,0,single,1,0
static_left_r08_s10008,64.512,-0.981003,-0.451057,0.056769,3,1.101769,99.000000,0,0,0,0,single,1,0
static_left_r08_s10008,64.544,-0.978359,-0.452350,0.056723,3,1.099175,99.000000,0,0,0,0,single,1,0
static_left_r08_s10008,64.576,-0.975708,-0.453629,0.056679,3,1.096576,99.000000,0,0,0,0,single,1,0
static_left_r08_s10008,64.608,-0.973050,-0.454893,0.056636,3,1.093972,99.000000,0,0,0,0,single,1,0
static_left_r08_s10008,64.640,-0.970387,-0.456146,0.056596,3,1.091363,99.000000,0,0,0,0,single,1,0
static_left_r08_s10008,64.672,-0.967717,-0.457385,0.056559,3,1.088749,99.000000,0,0,0,0,single,1,0
static_left_r08_s10008,64.704,-0.965042,-0.458614,0.056527,3,1.086131,99.000000,0,0,0,0,single,1,0
static_left_r08_s10008,64.736,-0.962362,-0.459828,0.056498,3,1.083508,99.000000,0,0,0,0,single,1,0
static_left_r08_s10008,64.768,-0.959679,-0.461039,0.056480,3,1.080885,99.000000,0,0,0,0,single,1,0
static_left_r08_s10008,64.800,-0.956992,-0.462241,0.056470,3,1.078258,99.000000,0,0,0,0,single,1,0
static_left_r08_s10008,64.832,-0.954301,-0.463434,0.056468,3,1.075629,99.000000,0,0,0,0,single,1,0
static_left_r08_s10008,64.864,-0.951608,-0.464621,0.056476,3,1.072999,99.000000,0,0,0,0,single,1,0
static_left_r08_s10008,64.896,-0.948911,-0.465801,0.056494,3,1.070367,99.000000,0,0,0,0,single,1,0
static_left_r08_s10008,64.928,-0.946210,-0.466971,0.056518,3,1.067731,99.000000,0,0,0,0,single,1,0
static_left_r08_s10008,64.960,-0.943503,-0.468129,0.056546,3,1.065091,99.000000,0,0,0,0,single,1,0
static_left_r08_s10008,64.992,-0.940791,-0.469273,0.056575,3,1.062445,99.000000,0,0,0,0,single,1,0
static_left_r08_s10008,65.024,-0.938071,-0.470400,0.056603,3,1.059793,99.000000,0,0,0,0,single,1,0
static_left_r08_s10008,65.056,-0.935345,-0.471512,0.056633,3,1.057136,99.000000,0,0,0,0,single,1,0
static_left_r08_s10008,65.088,-0.932612,-0.472607,0.056660,3,1.054472,99.000000,0,0,0,0,single,1,0
static_left_r08_s10008,65.120,-0.929872,-0.473684,0.056686,3,1.051801,99.000000,0,0,0,0,single,1,0
static_left_r08_s10008,65.152,-0.927125,-0.474745,0.056711,3,1.049125,99.000000,0,0,0,0,single,1,0
static_left_r08_s10008,65.184,-0.924371,-0.475787,0.056733,3,1.046441,99.000000,0,0,0,0,single,1,0
static_left_r08_s10008,65.216,-0.921610,-0.476809,0.056752,3,1.043750,99.000000,0,0,0,0,single,1,0
static_left_r08_s10008,65.248,-0.918843,-0.477816,0.056770,3,1.041054,99.000000,0,0,0,0,single,1,0
static_left_r08_s10008,65.280,-0.916070,-0.478803,0.056786,3,1.038352,99.000000,0,0,0,0,single,1,0
static_left_r08_s10008,65.312,-0.913290,-0.479772,0.056799,3,1.035643,99.000000,0,0,0,0,single,1,0
static_left_r08_s10008,65.344,-0.910503,-0.480722,0.056809,3,1.032927,99.000000,0,0,0,0,single,1,0
static_left_r08_s10008,65.376,-0.907711,-0.481654,0.056817,3,1.030206,99.000000,0,0,0,0,single,1,0
static_left_r08_s10008,65.408,-0.904912,-0.482567,0.056822,3,1.027478,99.000000,0,0,0,0,single,1,0
static_left_r08_s10008,65.440,-0.902108,-0.483462,0.056825,3,1.024744,99.000000,0,0,0,0,single,1,0
static_left_r08_s10008,65.472,-0.899297,-0.484337,0.056826,3,1.022004,99.000000,0,0,0,0,single,1,0
static_left_r08_s10008,65.504,-0.896482,-0.485197,0.056826,3,1.019260,99.000000,0,0,0,0,single,1,0
static_left_r08_s10008,65.536,-0.893662,-0.486039,0.056826,3,1.016510,99.000000,0,0,0,0,single,1,0
static_left_r08_s10008,65.568,-0.890836,-0.486864,0.056825,3,1.013755,99.000000,0,0,0,0,single,1,0
static_left_r08_s10008,65.600,-0.888006,-0.487672,0.056823,3,1.010994,99.000000,0,0,0,0,single,1,0
static_left_r08_s10008,65.632,-0.885172,-0.488465,0.056823,3,1.008230,99.000000,0,0,0,0,single,1,0
static_left_r08_s10008,65.664,-0.882335,-0.489248,0.056829,3,1.005463,99.000000,0,0,0,0,single,1,0
static_left_r08_s10008,65.696,-0.879494,-0.490013,0.056835,3,1.002691,99.000000,0,0,0,0,single,1,0
static_left_r08_s10008,65.728,-0.876651,-0.490775,0.056853,3,0.999919,99.000000,0,0,0,0,single,1,0
static_left_r08_s10008,65.760,-0.873805,-0.491524,0.056877,3,0.997143,99.000000,0,0,0,0,single,1,0
static_left_r08_s10008,65.792,-0.870956,-0.492264,0.056906,3,0.994365,99.000000,0,0,0,0,single,1,0
static_left_r08_s10008,65.824,-0.868106,-0.492995,0.056944,3,0.991585,99.000000,0,0,0,0,single,1,0
static_left_r08_s10008,65.856,-0.865253,-0.493719,0.056992,3,0.988804,99.000000,0,0,0,0,single,1,0
static_left_r08_s10008,65.888,-0.862398,-0.494435,0.057050,3,0.986020,99.000000,0,0,0,0,single,1,0
static_left_r08_s10008,65.920,-0.859540,-0.495140,0.057112,3,0.983233,99.000000,0,0,0,0,single,1,0
static_left_r08_s10008,65.952,-0.856678,-0.495829,0.057175,3,0.980442,99.000000,0,0,0,0,single,1,0
static_left_r08_s10008,65.984,-0.853812,-0.496502,0.057238,3,0.977646,99.000000,0,0,0,0,single,1,0
static_left_r08_s10008,66.016,-0.850942,-0.497156,0.057300,3,0.974845,99.000000,0,0,0,0,single,1,0
static_left_r08_s10008,66.048,-0.848067,-0.497793,0.057361,3,0.972040,99.000000,0,0,0,0,single,1,0
static_left_r08_s10008,66.080,-0.845188,-0.498410,0.057418,3,0.969228,99.000000,0,0,0,0,single,1,0
static_left_r08_s10008,66.112,-0.842304,-0.499004,0.057469,3,0.966411,99.000000,0,0,0,0,single,1,0
static_left_r08_s10008,66.144,-0.839415,-0.499577,0.057516,3,0.963588,99.000000,0,0,0,0,single,1,0
static_left_r08_s10008,66.176,-0.836522,-0.500127,0.057556,3,0.960759,99.000000,0,0,0,0,single,1,0
static_left_r08_s10008,66.208,-0.833625,-0.500654,0.057590,3,0.957924,99.000000,0,0,0,0,single,1,0
static_left_r08_s10008,66.240,-0.830724,-0.501155,0.057615,3,0.955084,99.000000,0,0,0,0,single,1,0
static_left_r08_s10008,66.272,-0.827818,-0.501632,0.057632,3,0.952237,99.000000,0,0,0,0,single,1,0
static_left_r08_s10008,66.304,-0.824909,-0.502085,0.057642,3,0.949385,99.000000,0,0,0,0,single,1,0
static_left_r08_s10008,66.336,-0.821996,-0.502513,0.057644,3,0.946528,99.000000,0,0,0,0,single,1,0
static_left_r08_s10008,66.368,-0.819080,-0.502916,0.057639,3,0.943666,99.000000,0,0,0,0,single,1,0
static_left_r08_s10008,66.400,-0.816162,-0.503295,0.057625,3,0.940799,99.000000,0,0,0,0,single,1,0
static_left_r08_s10008,66.432,-0.813240,-0.503652,0.057607,3,0.937928,99.000000,0,0,0,0,single,1,0
static_left_r08_s10008,66.464,-0.810317,-0.503986,0.057583,3,0.935052,99.000000,0,0,0,0,single,1,0
static_left_r08_s10008,66.496,-0.807391,-0.504300,0.057555,3,0.932173,99.000000,0,0,0,0,single,1,0
static_left_r08_s10008,66.528,-0.804464,-0.504593,0.057524,3,0.929291,99.000000,0,0,0,0,single,1,0
static_left_r08_s10008,66.560,-0.801535,-0.504867,0.057491,3,0.926405,99.000000,0,0,0,0,single,1,0
static_left_r08_s10008,66.592,-0.798605,-0.505124,0.057457,3,0.923517,99.000000,0,0,0,0,single,1,0
static_left_r08_s10008,66.624,-0.795671,-0.505364,0.057423,3,0.920623,99.000000,0,0,0,0,single,1,0
static_left_r08_s10008,66.656,-0.792735,-0.505588,0.057391,3,0.917727,99.000000,0,0,0,0,single,1,0
static_left_r08_s10008,66.688,-0.789799,-0.505800,0.057363,3,0.914829,99.000000,0,0,0,0,single,1,0
static_left_r08_s10008,66.720,-0.786862,-0.505999,0.057340,3,0.911929,99.000000,0,0,0,0,single,1,0
static_left_r08_s10008,66.752,-0.783924,-0.506189,0.057324,3,0.909028,99.000000,0,0,0,0,single,1,0
static_left_r08_s10008,66.784,-0.780985,-0.506358,0.057305,3,0.906123,99.000000,0,0,0,0,single,1,0
static_left_r08_s10008,66.816,-0.778046,-0.506524,0.057300,3,0.903219,99.000000,0,0,0,0,single,1,0
static_left_r08_s10008,66.848,-0.775106,-0.506680,0.057302,3,0.900312,99.000000,0,0,0,0,single,1,0
static_left_r08_s10008,66.880,-0.772165,-0.506817,0.057302,3,0.897403,99.000000,0,0,0,0,single,1,0
static_left_r08_s10008,66.912,-0.769223,-0.506929,0.057293,3,0.894490,99.000000,0,0,0,1,single,1,0
