run_id,time_s,robot_x,robot_y,lane_error_m,checkpoint_count,static_clearance_m,moving_clearance_m,collision_count,moving_started,moving_cleared,finished,obstacle_layout,static_obstacle_count,moving_obstacle_count
static_center_r08_s10008,0.032,-0.460000,-0.450000,0.000000,0,0.580000,99.000000,0,0,0,0,single,1,0
static_center_r08_s10008,0.064,-0.457061,-0.449999,0.000001,0,0.577061,99.000000,0,0,0,0,single,1,0
static_center_r08_s10008,0.096,-0.454125,-0.449998,0.000002,0,0.574125,99.000000,0,0,0,0,single,1,0
static_center_r08_s10008,0.128,-0.451181,-0.450004,0.000004,0,0.571181,99.000000,0,0,0,0,single,1,0
static_center_r08_s10008,0.160,-0.448237,-0.450008,0.000008,0,0.568237,99.000000,0,0,0,0,single,1,0
static_center_r08_s10008,0.192,-0.445293,-0.450012,0.000012,0,0.565293,99.000000,0,0,0,0,single,1,0
static_center_r08_s10008,0.224,-0.442349,-0.450016,0.000016,0,0.562349,99.000000,0,0,0,0,single,1,0
static_center_r08_s10008,0.256,-0.439405,-0.450020,0.000020,0,0.559405,99.000000,0,0,0,0,single,1,0
static_center_r08_s10008,0.288,-0.436461,-0.450024,0.000024,0,0.556461,99.000000,0,0,0,0,single,1,0
static_center_r08_s10008,0.320,-0.433517,-0.450028,0.000028,0,0.553517,99.000000,0,0,0,0,single,1,0
static_center_r08_s10008,0.352,-0.430573,-0.450032,0.000032,0,0.550573,99.000000,0,0,0,0,single,1,0
static_center_r08_s10008,0.384,-0.427629,-0.450035,0.000035,0,0.547629,99.000000,0,0,0,0,single,1,0
static_center_r08_s10008,0.416,-0.424685,-0.450039,0.000039,0,0.544685,99.000000,0,0,0,0,single,1,0
static_center_r08_s10008,0.448,-0.421741,-0.450043,0.000043,0,0.541741,99.000000,0,0,0,0,single,1,0
static_center_r08_s10008,0.480,-0.418797,-0.450047,0.000047,0,0.538797,99.000000,0,0,0,0,single,1,0
static_center_r08_s10008,0.512,-0.415853,-0.450051,0.000051,0,0.535853,99.000000,0,0,0,0,single,1,0
static_center_r08_s10008,0.544,-0.412909,-0.450054,0.000054,0,0.532909,99.000000,0,0,0,0,single,1,0
static_center_r08_s10008,0.576,-0.409965,-0.450058,0.000058,0,0.529965,99.000000,0,0,0,0,single,1,0
static_center_r08_s10008,0.608,-0.407021,-0.450062,0.000062,0,0.527021,99.000000,0,0,0,0,single,1,0
static_center_r08_s10008,0.640,-0.404077,-0.450066,0.000066,0,0.524077,99.000000,0,0,0,0,single,1,0
static_center_r08_s10008,0.672,-0.401133,-0.450070,0.000070,0,0.521133,99.000000,0,0,0,0,single,1,0
static_center_r08_s10008,0.704,-0.398189,-0.450073,0.000073,0,0.518189,99.000000,0,0,0,0,single,1,0
static_center_r08_s10008,0.736,-0.395245,-0.450077,0.000077,0,0.515245,99.000000,0,0,0,0,single,1,0
static_center_r08_s10008,0.768,-0.392301,-0.450081,0.000081,0,0.512301,99.000000,0,0,0,0,single,1,0
static_center_r08_s10008,0.800,-0.389357,-0.450085,0.000085,0,0.509357,99.000000,0,0,0,0,single,1,0
static_center_r08_s10008,0.832,-0.386413,-0.450089,0.000089,0,0.506413,99.000000,0,0,0,0,single,1,0
static_center_r08_s10008,0.864,-0.383469,-0.450092,0.000092,0,0.503469,99.000000,0,0,0,0,single,1,0
static_center_r08_s10008,0.896,-0.380525,-0.450096,0.000096,0,0.500525,99.000000,0,0,0,0,single,1,0
static_center_r08_s10008,0.928,-0.377581,-0.450100,0.000100,0,0.497581,99.000000,0,0,0,0,single,1,0
static_center_r08_s10008,0.960,-0.374637,-0.450104,0.000104,0,0.494637,99.000000,0,0,0,0,single,1,0
static_center_r08_s10008,0.992,-0.371693,-0.450108,0.000108,0,0.491693,99.000000,0,0,0,0,single,1,0
static_center_r08_s10008,1.024,-0.368749,-0.450111,0.000111,0,0.488749,99.000000,0,0,0,0,single,1,0
static_center_r08_s10008,1.056,-0.365805,-0.450115,0.000115,0,0.485805,99.000000,0,0,0,0,single,1,0
static_center_r08_s10008,1.088,-0.362861,-0.450119,0.000119,0,0.482861,99.000000,0,0,0,0,single,1,0
static_center_r08_s10008,1.120,-0.359917,-0.450123,0.000123,0,0.479917,99.000000,0,0,0,0,single,1,0
static_center_r08_s10008,1.152,-0.356973,-0.450127,0.000127,0,0.476973,99.000000,0,0,0,0,single,1,0
static_center_r08_s10008,1.184,-0.354029,-0.450131,0.000131,0,0.474029,99.000000,0,0,0,0,single,1,0
static_center_r08_s10008,1.216,-0.351085,-0.450134,0.000134,0,0.471085,99.000000,0,0,0,0,single,1,0
static_center_r08_s10008,1.248,-0.348141,-0.450138,0.000138,0,0.468141,99.000000,0,0,0,0,single,1,0
static_center_r08_s10008,1.280,-0.345197,-0.450142,0.000142,0,0.465197,99.000000,0,0,0,0,single,1,0
static_center_r08_s10008,1.312,-0.342253,-0.450146,0.000146,0,0.462253,99.000000,0,0,0,0,single,1,0
static_center_r08_s10008,1.344,-0.339309,-0.450150,0.000150,0,0.459309,99.000000,0,0,0,0,single,1,0
static_center_r08_s10008,1.376,-0.336365,-0.450153,0.000153,0,0.456365,99.000000,0,0,0,0,single,1,0
static_center_r08_s10008,1.408,-0.333421,-0.450157,0.000157,0,0.453421,99.000000,0,0,0,0,single,1,0
static_center_r08_s10008,1.440,-0.330477,-0.450161,0.000161,0,0.450477,99.000000,0,0,0,0,single,1,0
static_center_r08_s10008,1.472,-0.327533,-0.450165,0.000165,0,0.447533,99.000000,0,0,0,0,single,1,0
static_center_r08_s10008,1.504,-0.324589,-0.450169,0.000169,0,0.444589,99.000000,0,0,0,0,single,1,0
static_center_r08_s10008,1.536,-0.321645,-0.450172,0.000172,0,0.441645,99.000000,0,0,0,0,single,1,0
static_center_r08_s10008,1.568,-0.318701,-0.450176,0.000176,0,0.438701,99.000000,0,0,0,0,single,1,0
static_center_r08_s10008,1.600,-0.315757,-0.450180,0.000180,0,0.435757,99.000000,0,0,0,0,single,1,0
static_center_r08_s10008,1.632,-0.312813,-0.450184,0.000184,0,0.432813,99.000000,0,0,0,0,single,1,0
static_center_r08_s10008,1.664,-0.309869,-0.450188,0.000188,0,0.429869,99.000000,0,0,0,0,single,1,0
static_center_r08_s10008,1.696,-0.306925,-0.450192,0.000192,0,0.426925,99.000000,0,0,0,0,single,1,0
static_center_r08_s10008,1.728,-0.303981,-0.450195,0.000195,0,0.423981,99.000000,0,0,0,0,single,1,0
static_center_r08_s10008,1.760,-0.301037,-0.450199,0.000199,0,0.421037,99.000000,0,0,0,0,single,1,0
static_center_r08_s10008,1.792,-0.298093,-0.450203,0.000203,0,0.418093,99.000000,0,0,0,0,single,1,0
static_center_r08_s10008,1.824,-0.295149,-0.450207,0.000207,0,0.415149,99.000000,0,0,0,0,single,1,0
static_center_r08_s10008,1.856,-0.292205,-0.450211,0.000211,0,0.412205,99.000000,0,0,0,0,single,1,0
static_center_r08_s10008,1.888,-0.289261,-0.450214,0.000214,0,0.409261,99.000000,0,0,0,0,single,1,0
static_center_r08_s10008,1.920,-0.286317,-0.450218,0.000218,0,0.406317,99.000000,0,0,0,0,single,1,0
static_center_r08_s10008,1.952,-0.283373,-0.450222,0.000222,0,0.403373,99.000000,0,0,0,0,single,1,0
static_center_r08_s10008,1.984,-0.280429,-0.450226,0.000226,0,0.400429,99.000000,0,0,0,0,single,1,0
static_center_r08_s10008,2.016,-0.277485,-0.450230,0.000230,0,0.397485,99.000000,0,0,0,0,single,1,0
static_center_r08_s10008,2.048,-0.274541,-0.450234,0.000234,0,0.394541,99.000000,0,0,0,0,single,1,0
static_center_r08_s10008,2.080,-0.271597,-0.450237,0.000237,0,0.391597,99.000000,0,0,0,0,single,1,0
static_center_r08_s10008,2.112,-0.268653,-0.450241,0.000241,0,0.388653,99.000000,0,0,0,0,single,1,0
static_center_r08_s10008,2.144,-0.265709,-0.450245,0.000245,0,0.385709,99.000000,0,0,0,0,single,1,0
static_center_r08_s10008,2.176,-0.262765,-0.450249,0.000249,0,0.382766,99.000000,0,0,0,0,single,1,0
static_center_r08_s10008,2.208,-0.259821,-0.450253,0.000253,0,0.379822,99.000000,0,0,0,0,single,1,0
static_center_r08_s10008,2.240,-0.256877,-0.450256,0.000256,0,0.376878,99.000000,0,0,0,0,single,1,0
static_center_r08_s10008,2.272,-0.253933,-0.450260,0.000260,0,0.373934,99.000000,0,0,0,0,single,1,0
static_center_r08_s10008,2.304,-0.250989,-0.450264,0.000264,0,0.370990,99.000000,0,0,0,0,single,1,0
static_center_r08_s10008,2.336,-0.248045,-0.450268,0.000268,0,0.368046,99.000000,0,0,0,0,single,1,0
static_center_r08_s10008,2.368,-0.245101,-0.450272,0.000272,0,0.365102,99.000000,0,0,0,0,single,1,0
static_center_r08_s10008,2.400,-0.242157,-0.450276,0.000276,0,0.362158,99.000000,0,0,0,0,single,1,0
static_center_r08_s10008,2.432,-0.239213,-0.450279,0.000279,0,0.359214,99.000000,0,0,0,0,single,1,0
static_center_r08_s10008,2.464,-0.236269,-0.450283,0.000283,0,0.356270,99.000000,0,0,0,0,single,1,0
static_center_r08_s10008,2.496,-0.233325,-0.450287,0.000287,0,0.353326,99.000000,0,0,0,0,single,1,0
static_center_r08_s10008,2.528,-0.230381,-0.450291,0.000291,0,0.350382,99.000000,0,0,0,0,single,1,0
static_center_r08_s10008,2.560,-0.227437,-0.450295,0.000295,0,0.347438,99.000000,0,0,0,0,single,1,0
static_center_r08_s10008,2.592,-0.224493,-0.450299,0.000299,0,0.344494,99.000000,0,0,0,0,single,1,0
static_center_r08_s10008,2.624,-0.221549,-0.450302,0.000302,0,0.341550,99.000000,0,0,0,0,single,1,0
static_center_r08_s10008,2.656,-0.218605,-0.450306,0.000306,0,0.338606,99.000000,0,0,0,0,single,1,0
static_center_r08_s10008,2.688,-0.215661,-0.450310,0.000310,0,0.335662,99.000000,0,0,0,0,single,1,0
static_center_r08_s10008,2.720,-0.212717,-0.450314,0.000314,0,0.332718,99.000000,0,0,0,0,single,1,0
static_center_r08_s10008,2.752,-0.209773,-0.450318,0.000318,0,0.329774,99.000000,0,0,0,0,single,1,0
static_center_r08_s10008,2.784,-0.206829,-0.450322,0.000322,0,0.326830,99.000000,0,0,0,0,single,1,0
static_center_r08_s10008,2.816,-0.203885,-0.450325,0.000325,0,0.323886,99.000000,0,0,0,0,single,1,0
static_center_r08_s10008,2.848,-0.200941,-0.450329,0.000329,0,0.320942,99.000000,0,0,0,0,single,1,0
static_center_r08_s10008,2.880,-0.197997,-0.450333,0.000333,0,0.317998,99.000000,0,0,0,0,single,1,0
static_center_r08_s10008,2.912,-0.195053,-0.450337,0.000337,0,0.315054,99.000000,0,0,0,0,single,1,0
static_center_r08_s10008,2.944,-0.192109,-0.450341,0.000341,0,0.312110,99.000000,0,0,0,0,single,1,0
static_center_r08_s10008,2.976,-0.189165,-0.450344,0.000344,0,0.309166,99.000000,0,0,0,0,single,1,0
static_center_r08_s10008,3.008,-0.186221,-0.450348,0.000348,0,0.306222,99.000000,0,0,0,0,single,1,0
static_center_r08_s10008,3.040,-0.183277,-0.450352,0.000352,0,0.303278,99.000000,0,0,0,0,single,1,0
static_center_r08_s10008,3.072,-0.180333,-0.450356,0.000356,0,0.300334,99.000000,0,0,0,0,single,1,0
static_center_r08_s10008,3.104,-0.177389,-0.450360,0.000360,0,0.297390,99.000000,0,0,0,0,single,1,0
static_center_r08_s10008,3.136,-0.174445,-0.450364,0.000364,0,0.294446,99.000000,0,0,0,0,single,1,0
static_center_r08_s10008,3.168,-0.171501,-0.450367,0.000367,0,0.291502,99.000000,0,0,0,0,single,1,0
static_center_r08_s10008,3.200,-0.168557,-0.450371,0.000371,0,0.288558,99.000000,0,0,0,0,single,1,0
static_center_r08_s10008,3.232,-0.165614,-0.450375,0.000375,0,0.285614,99.000000,0,0,0,0,single,1,0
static_center_r08_s10008,3.264,-0.162670,-0.450379,0.000379,0,0.282670,99.000000,0,0,0,0,single,1,0
static_center_r08_s10008,3.296,-0.159726,-0.450383,0.000383,0,0.279726,99.000000,0,0,0,0,single,1,0
static_center_r08_s10008,3.328,-0.156782,-0.450387,0.000387,0,0.276782,99.000000,0,0,0,0,single,1,0
static_center_r08_s10008,3.360,-0.153838,-0.450390,0.000390,0,0.273838,99.000000,0,0,0,0,single,1,0
static_center_r08_s10008,3.392,-0.150894,-0.450394,0.000394,0,0.270894,99.000000,0,0,0,0,single,1,0
static_center_r08_s10008,3.424,-0.147950,-0.450398,0.000398,0,0.267950,99.000000,0,0,0,0,single,1,0
static_center_r08_s10008,3.456,-0.145006,-0.450402,0.000402,0,0.265006,99.000000,0,0,0,0,single,1,0
static_center_r08_s10008,3.488,-0.142062,-0.450406,0.000406,0,0.262062,99.000000,0,0,0,0,single,1,0
static_center_r08_s10008,3.520,-0.139118,-0.450410,0.000410,0,0.259118,99.000000,0,0,0,0,single,1,0
static_center_r08_s10008,3.552,-0.136174,-0.450413,0.000413,0,0.256174,99.000000,0,0,0,0,single,1,0
static_center_r08_s10008,3.584,-0.133230,-0.450417,0.000417,0,0.253230,99.000000,0,0,0,0,single,1,0
static_center_r08_s10008,3.616,-0.130286,-0.450421,0.000421,0,0.250286,99.000000,0,0,0,0,single,1,0
static_center_r08_s10008,3.648,-0.127342,-0.450425,0.000425,0,0.247342,99.000000,0,0,0,0,single,1,0
static_center_r08_s10008,3.680,-0.124398,-0.450429,0.000429,0,0.244398,99.000000,0,0,0,0,single,1,0
static_center_r08_s10008,3.712,-0.121454,-0.450433,0.000433,0,0.241454,99.000000,0,0,0,0,single,1,0
static_center_r08_s10008,3.744,-0.118510,-0.450436,0.000436,0,0.238510,99.000000,0,0,0,0,single,1,0
static_center_r08_s10008,3.776,-0.115566,-0.450440,0.000440,0,0.235566,99.000000,0,0,0,0,single,1,0
static_center_r08_s10008,3.808,-0.112622,-0.450444,0.000444,0,0.232622,99.000000,0,0,0,0,single,1,0
static_center_r08_s10008,3.840,-0.109678,-0.450448,0.000448,0,0.229678,99.000000,0,0,0,0,single,1,0
static_center_r08_s10008,3.872,-0.106734,-0.450452,0.000452,0,0.226734,99.000000,0,0,0,0,single,1,0
static_center_r08_s10008,3.904,-0.103790,-0.450456,0.000456,0,0.223790,99.000000,0,0,0,0,single,1,0
static_center_r08_s10008,3.936,-0.100846,-0.450459,0.000459,0,0.220846,99.000000,0,0,0,0,single,1,0
static_center_r08_s10008,3.968,-0.097902,-0.450463,0.000463,0,0.217902,99.000000,0,0,0,0,single,1,0
static_center_r08_s10008,4.000,-0.094958,-0.450467,0.000467,0,0.214958,99.000000,0,0,0,0,single,1,0
static_center_r08_s10008,4.032,-0.092014,-0.450471,0.000471,0,0.212014,99.000000,0,0,0,0,single,1,0
static_center_r08_s10008,4.064,-0.089070,-0.450475,0.000475,0,0.209070,99.000000,0,0,0,0,single,1,0
static_center_r08_s10008,4.096,-0.086126,-0.450479,0.000479,0,0.206126,99.000000,0,0,0,0,single,1,0
static_center_r08_s10008,4.128,-0.083182,-0.450482,0.000482,0,0.203182,99.000000,0,0,0,0,single,1,0
static_center_r08_s10008,4.160,-0.080238,-0.450486,0.000486,0,0.200238,99.000000,0,0,0,0,single,1,0
static_center_r08_s10008,4.192,-0.077294,-0.450490,0.000490,0,0.197294,99.000000,0,0,0,0,single,1,0
static_center_r08_s10008,4.224,-0.074350,-0.450494,0.000494,0,0.194350,99.000000,0,0,0,0,single,1,0
static_center_r08_s10008,4.256,-0.071406,-0.450498,0.000498,0,0.191406,99.000000,0,0,0,0,single,1,0
static_center_r08_s10008,4.288,-0.068462,-0.450502,0.000502,0,0.188462,99.000000,0,0,0,0,single,1,0
static_center_r08_s10008,4.320,-0.065518,-0.450506,0.000506,0,0.185518,99.000000,0,0,0,0,single,1,0
static_center_r08_s10008,4.352,-0.062574,-0.450509,0.000509,0,0.182574,99.000000,0,0,0,0,single,1,0
static_center_r08_s10008,4.384,-0.059630,-0.450513,0.000513,0,0.179630,99.000000,0,0,0,0,single,1,0
static_center_r08_s10008,4.416,-0.056686,-0.450517,0.000517,0,0.176686,99.000000,0,0,0,0,single,1,0
static_center_r08_s10008,4.448,-0.053742,-0.450521,0.000521,0,0.173742,99.000000,0,0,0,0,single,1,0
static_center_r08_s10008,4.480,-0.050798,-0.450525,0.000525,0,0.170798,99.000000,0,0,0,0,single,1,0
static_center_r08_s10008,4.512,-0.047854,-0.450529,0.000529,0,0.167854,99.000000,0,0,0,0,single,1,0
static_center_r08_s10008,4.544,-0.044910,-0.450532,0.000532,0,0.164910,99.000000,0,0,0,0,single,1,0
static_center_r08_s10008,4.576,-0.041966,-0.450536,0.000536,0,0.161966,99.000000,0,0,0,0,single,1,0
static_center_r08_s10008,4.608,-0.039022,-0.450540,0.000540,0,0.159023,99.000000,0,0,0,0,single,1,0
static_center_r08_s10008,4.640,-0.036078,-0.450544,0.000544,0,0.156079,99.000000,0,0,0,0,single,1,0
static_center_r08_s10008,4.672,-0.033134,-0.450548,0.000548,0,0.153135,99.000000,0,0,0,0,single,1,0
static_center_r08_s10008,4.704,-0.030190,-0.450552,0.000552,0,0.150191,99.000000,0,0,0,0,single,1,0
static_center_r08_s10008,4.736,-0.027246,-0.450555,0.000555,0,0.147247,99.000000,0,0,0,0,single,1,0
static_center_r08_s10008,4.768,-0.024302,-0.450559,0.000559,0,0.144303,99.000000,0,0,0,0,single,1,0
static_center_r08_s10008,4.800,-0.021358,-0.450558,0.000558,0,0.141359,99.000000,0,0,0,0,single,1,0
static_center_r08_s10008,4.832,-0.018414,-0.450559,0.000559,0,0.138415,99.000000,0,0,0,0,single,1,0
static_center_r08_s10008,4.864,-0.015470,-0.450559,0.000559,0,0.135471,99.000000,0,0,0,0,single,1,0
static_center_r08_s10008,4.896,-0.012526,-0.450555,0.000555,0,0.132527,99.000000,0,0,0,0,single,1,0
static_center_r08_s10008,4.928,-0.012525,-0.450554,0.000554,0,0.132526,99.000000,0,0,0,0,single,1,0
static_center_r08_s10008,4.960,-0.012525,-0.450554,0.000554,0,0.132527,99.000000,0,0,0,0,single,1,0
static_center_r08_s10008,4.992,-0.012526,-0.450554,0.000554,0,0.132527,99.000000,0,0,0,0,single,1,0
static_center_r08_s10008,5.024,-0.012526,-0.450554,0.000554,0,0.132527,99.000000,0,0,0,0,single,1,0
static_center_r08_s10008,5.056,-0.012526,-0.450553,0.000553,0,0.132527,99.000000,0,0,0,0,single,1,0
static_center_r08_s10008,5.088,-0.012525,-0.450553,0.000553,0,0.132527,99.000000,0,0,0,0,single,1,0
static_center_r08_s10008,5.120,-0.012525,-0.450553,0.000553,0,0.132527,99.000000,0,0,0,0,single,1,0
static_center_r08_s10008,5.152,-0.012525,-0.450553,0.000553,0,0.132527,99.000000,0,0,0,0,single,1,0
static_center_r08_s10008,5.184,-0.012525,-0.450553,0.000553,0,0.132527,99.000000,0,0,0,0,single,1,0
static_center_r08_s10008,5.216,-0.012525,-0.450553,0.000553,0,0.132527,99.000000,0,0,0,0,single,1,0
static_center_r08_s10008,5.248,-0.012525,-0.450553,0.000553,0,0.132527,99.000000,0,0,0,0,single,1,0
static_center_r08_s10008,5.280,-0.012525,-0.450553,0.000553,0,0.132527,99.000000,0,0,0,0,single,1,0
static_center_r08_s10008,5.312,-0.012525,-0.450553,0.000553,0,0.132527,99.000000,0,0,0,0,single,1,0
static_center_r08_s10008,5.344,-0.012525,-0.450553,0.000553,0,0.132527,99.000000,0,0,0,0,single,1,0
static_center_r08_s10008,5.376,-0.012525,-0.450553,0.000553,0,0.132527,99.000000,0,0,0,0,single,1,0
static_center_r08_s10008,5.408,-0.012525,-0.450553,0.000553,0,0.132527,99.000000,0,0,0,0,single,1,0
static_center_r08_s10008,5.440,-0.012525,-0.450553,0.000553,0,0.132527,99.000000,0,0,0,0,single,1,0
static_center_r08_s10008,5.472,-0.012525,-0.450553,0.000553,0,0.132527,99.000000,0,0,0,0,single,1,0
static_center_r08_s10008,5.504,-0.010734,-0.450545,0.000545,0,0.130735,99.000000,0,0,0,0,single,1,0
static_center_r08_s10008,5.536,-0.009008,-0.450477,0.000477,0,0.129009,99.000000,0,0,0,0,single,1,0
static_center_r08_s10008,5.568,-0.007214,-0.450368,0.000368,0,0.127214,99.000000,0,0,0,0,single,1,0
static_center_r08_s10008,5.600,-0.005422,-0.450221,0.000221,0,0.125422,99.000000,0,0,0,0,single,1,0
static_center_r08_s10008,5.632,-0.003634,-0.450032,0.000032,0,0.123634,99.000000,0,0,0,0,single,1,0
static_center_r08_s10008,5.664,-0.001850,-0.449792,0.000208,0,0.121850,99.000000,0,0,0,0,single,1,0
static_center_r08_s10008,5.696,-0.000074,-0.449501,0.000499,0,0.120075,99.000000,0,0,0,0,single,1,0
static_center_r08_s10008,5.728,0.001690,-0.449162,0.000838,0,0.118313,99.000000,0,0,0,0,single,1,0
static_center_r08_s10008,5.760,0.003444,-0.448780,0.001220,0,0.116562,99.000000,0,0,0,0,single,1,0
static_center_r08_s10008,5.792,0.005190,-0.448355,0.001645,0,0.114822,99.000000,0,0,0,0,single,1,0
static_center_r08_s10008,5.824,0.006925,-0.447888,0.002112,0,0.113095,99.000000,0,0,0,0,single,1,0
static_center_r08_s10008,5.856,0.008647,-0.447379,0.002621,0,0.111384,99.000000,0,0,0,0,single,1,0
static_center_r08_s10008,5.888,0.010355,-0.446828,0.003172,0,0.109691,99.000000,0,0,0,0,single,1,0
static_center_r08_s10008,5.920,0.012049,-0.446235,0.003765,0,0.108016,99.000000,0,0,0,0,single,1,0
static_center_r08_s10008,5.952,0.013728,-0.445600,0.004400,0,0.106363,99.000000,0,0,0,0,single,1,0
static_center_r08_s10008,5.984,0.015390,-0.444924,0.005076,0,0.104733,99.000000,0,0,0,0,single,1,0
static_center_r08_s10008,6.016,0.017035,-0.444207,0.005793,0,0.103128,99.000000,0,0,0,0,single,1,0
static_center_r08_s10008,6.048,0.018661,-0.443450,0.006550,0,0.101550,99.000000,0,0,0,0,single,1,0
static_center_r08_s10008,6.080,0.020268,-0.442653,0.007347,0,0.100002,99.000000,0,0,0,0,single,1,0
static_center_r08_s10008,6.112,0.021855,-0.441817,0.008183,0,0.098485,99.000000,0,0,0,0,single,1,0
static_center_r08_s10008,6.144,0.023421,-0.440942,0.009058,0,0.097003,99.000000,0,0,0,0,single,1,0
static_center_r08_s10008,6.176,0.024964,-0.440029,0.009971,0,0.095558,99.000000,0,0,0,0,single,1,0
static_center_r08_s10008,6.208,0.026484,-0.439078,0.010922,0,0.094151,99.000000,0,0,0,0,single,1,0
static_center_r08_s10008,6.240,0.027981,-0.438090,0.011910,0,0.092787,99.000000,0,0,0,0,single,1,0
static_center_r08_s10008,6.272,0.029452,-0.437065,0.012935,0,0.091467,99.000000,0,0,0,0,single,1,0
static_center_r08_s10008,6.304,0.030898,-0.436004,0.013996,0,0.090195,99.000000,0,0,0,0,single,1,0
static_center_r08_s10008,6.336,0.032317,-0.434908,0.015092,0,0.088973,99.000000,0,0,0,0,single,1,0
static_center_r08_s10008,6.368,0.033708,-0.433777,0.016223,0,0.087804,99.000000,0,0,0,0,single,1,0
static_center_r08_s10008,6.400,0.035071,-0.432612,0.017388,0,0.086691,99.000000,0,0,0,0,single,1,0
static_center_r08_s10008,6.432,0.036404,-0.431413,0.018587,0,0.085637,99.000000,0,0,0,0,single,1,0
static_center_r08_s10008,6.464,0.037708,-0.430182,0.019818,0,0.084645,99.000000,0,0,0,0,single,1,0
static_center_r08_s10008,6.496,0.038981,-0.428920,0.021080,0,0.083717,99.000000,0,0,0,0,single,1,0
static_center_r08_s10008,6.528,0.040221,-0.427626,0.022374,0,0.082857,99.000000,0,0,0,0,single,1,0
static_center_r08_s10008,6.560,0.041430,-0.426302,0.023698,0,0.082066,99.000000,0,0,0,0,single,1,0
static_center_r08_s10008,6.592,0.042605,-0.424948,0.025052,0,0.081348,99.000000,0,0,0,0,single,1,0
static_center_r08_s10008,6.624,0.043747,-0.423566,0.026434,0,0.080705,99.000000,0,0,0,0,single,1,0
static_center_r08_s10008,6.656,0.043217,-0.422154,0.027846,0,0.081676,99.000000,0,0,0,0,single,1,0
static_center_r08_s10008,6.688,0.043212,-0.420715,0.029285,0,0.082183,99.000000,0,0,0,0,single,1,0
static_center_r08_s10008,6.720,0.043204,-0.419249,0.030751,0,0.082724,99.000000,0,0,0,0,single,1,0
static_center_r08_s10008,6.752,0.043197,-0.417758,0.032242,0,0.083296,99.000000,0,0,0,0,single,1,0
static_center_r08_s10008,6.784,0.043192,-0.416244,0.033756,0,0.083899,99.000000,0,0,0,0,single,1,0
static_center_r08_s10008,6.816,0.043187,-0.414705,0.035295,0,0.084534,99.000000,0,0,0,0,single,1,0
static_center_r08_s10008,6.848,0.043182,-0.413145,0.036855,0,0.085201,99.000000,0,0,0,0,single,1,0
static_center_r08_s10008,6.880,0.043179,-0.411563,0.038437,0,0.085901,99.000000,0,0,0,0,single,1,0
static_center_r08_s10008,6.912,0.043174,-0.410020,0.039980,0,0.086606,99.000000,0,0,0,0,single,1,0
static_center_r08_s10008,6.944,0.043170,-0.408456,0.041544,0,0.087342,99.000000,0,0,0,0,single,1,0
static_center_r08_s10008,6.976,0.043241,-0.406826,0.043174,0,0.088068,99.000000,0,0,0,0,single,1,0
static_center_r08_s10008,7.008,0.043393,-0.405164,0.044836,0,0.088764,99.000000,0,0,0,0,single,1,0
static_center_r08_s10008,7.040,0.043628,-0.403486,0.046514,0,0.089422,99.000000,0,0,0,0,single,1,0
static_center_r08_s10008,7.072,0.043948,-0.401793,0.048207,0,0.090044,99.000000,0,0,0,0,single,1,0
static_center_r08_s10008,7.104,0.044356,-0.400086,0.049914,0,0.090628,99.000000,0,0,0,0,single,1,0
static_center_r08_s10008,7.136,0.044851,-0.398310,0.051690,0,0.091209,99.000000,0,0,0,0,single,1,0
static_center_r08_s10008,7.168,0.045317,-0.396571,0.053429,0,0.091827,99.000000,0,0,0,0,single,1,0
static_center_r08_s10008,7.200,0.045740,-0.394834,0.055166,0,0.092509,99.000000,0,0,0,0,single,1,0
static_center_r08_s10008,7.232,0.046120,-0.393088,0.056912,0,0.093259,99.000000,0,0,0,0,single,1,0
static_center_r08_s10008,7.264,0.046456,-0.391334,0.058666,0,0.094077,99.000000,0,0,0,0,single,1,0
static_center_r08_s10008,7.296,0.046748,-0.389573,0.060427,0,0.094960,99.000000,0,0,0,0,single,1,0
static_center_r08_s10008,7.328,0.046998,-0.387809,0.062191,0,0.095901,99.000000,0,0,0,0,single,1,0
static_center_r08_s10008,7.360,0.047293,-0.386047,0.063953,0,0.096831,99.000000,0,0,0,0,single,1,0
static_center_r08_s10008,7.392,0.047641,-0.384292,0.065708,0,0.097742,99.000000,0,0,0,0,single,1,0
static_center_r08_s10008,7.424,0.048038,-0.382545,0.067455,0,0.098634,99.000000,0,0,0,0,single,1,0
static_center_r08_s10008,7.456,0.048485,-0.380807,0.069193,0,0.099509,99.000000,0,0,0,0,single,1,0
static_center_r08_s10008,7.488,0.048979,-0.379081,0.070919,0,0.100367,99.000000,0,0,0,0,single,1,0
static_center_r08_s10008,7.520,0.049519,-0.377369,0.072631,0,0.101207,99.000000,0,0,0,0,single,1,0
static_center_r08_s10008,7.552,0.050103,-0.375671,0.074329,0,0.102031,99.000000,0,0,0,0,single,1,0
static_center_r08_s10008,7.584,0.050732,-0.373989,0.076011,0,0.102839,99.000000,0,0,0,0,single,1,0
static_center_r08_s10008,7.616,0.051403,-0.372323,0.077677,0,0.103630,99.000000,0,0,0,0,single,1,0
static_center_r08_s10008,7.648,0.052116,-0.370676,0.079324,0,0.104406,99.000000,0,0,0,0,single,1,0
static_center_r08_s10008,7.680,0.052870,-0.369047,0.080953,0,0.105166,99.000000,0,0,0,0,single,1,0
static_center_r08_s10008,7.712,0.053665,-0.367438,0.082562,0,0.105910,99.000000,0,0,0,0,single,1,0
static_center_r08_s10008,7.744,0.054499,-0.365849,0.084151,0,0.106638,99.000000,0,0,0,0,single,1,0
static_center_r08_s10008,7.776,0.055373,-0.364282,0.085718,0,0.107351,99.000000,0,0,0,0,single,1,0
static_center_r08_s10008,7.808,0.056285,-0.362737,0.087263,0,0.108048,99.000000,0,0,0,0,single,1,0
static_center_r08_s10008,7.840,0.057235,-0.361215,0.088785,0,0.108730,99.000000,0,0,0,0,single,1,0
static_center_r08_s10008,7.872,0.058222,-0.359718,0.090282,0,0.109396,99.000000,0,0,0,0,single,1,0
static_center_r08_s10008,7.904,0.059245,-0.358245,0.091755,0,0.110046,99.000000,0,0,0,0,single,1,0
static_center_r08_s10008,7.936,0.060304,-0.356799,0.093201,0,0.110680,99.000000,0,0,0,0,single,1,0
static_center_r08_s10008,7.968,0.061399,-0.355379,0.094621,0,0.111298,99.000000,0,0,0,0,single,1,0
static_center_r08_s10008,8.000,0.062528,-0.353986,0.096014,0,0.111900,99.000000,0,0,0,0,single,1,0
static_center_r08_s10008,8.032,0.063692,-0.352622,0.097378,0,0.112486,99.000000,0,0,0,0,single,1,0
static_center_r08_s10008,8.064,0.064889,-0.351287,0.098713,0,0.113055,99.000000,0,0,0,0,single,1,0
static_center_r08_s10008,8.096,0.066118,-0.349982,0.100018,0,0.113608,99.000000,0,0,0,0,single,1,0
static_center_r08_s10008,8.128,0.067379,-0.348708,0.101292,0,0.114145,99.000000,0,0,0,0,single,1,0
static_center_r08_s10008,8.160,0.068671,-0.347466,0.102534,0,0.114664,99.000000,0,0,0,0,single,1,0
static_center_r08_s10008,8.192,0.069993,-0.346256,0.103744,0,0.115167,99.000000,0,0,0,0,single,1,0
static_center_r08_s10008,8.224,0.071345,-0.345079,0.104921,0,0.115654,99.000000,0,0,0,0,single,1,0
static_center_r08_s10008,8.256,0.072726,-0.343936,0.106064,0,0.116123,99.000000,0,0,0,0,single,1,0
static_center_r08_s10008,8.288,0.074134,-0.342827,0.107173,0,0.116575,99.000000,0,0,0,0,single,1,0
static_center_r08_s10008,8.320,0.075569,-0.341754,0.108246,0,0.117010,99.000000,0,0,0,0,single,1,0
static_center_r08_s10008,8.352,0.077031,-0.340717,0.109283,0,0.117427,99.000000,0,0,0,0,single,1,0
static_center_r08_s10008,8.384,0.078517,-0.339716,0.110284,0,0.117828,99.000000,0,0,0,0,single,1,0
static_center_r08_s10008,8.416,0.080028,-0.338752,0.111248,0,0.118211,99.000000,0,0,0,0,single,1,0
static_center_r08_s10008,8.448,0.081562,-0.337827,0.112173,0,0.118576,99.000000,0,0,0,0,single,1,0
static_center_r08_s10008,8.480,0.083119,-0.336939,0.113061,0,0.118924,99.000000,0,0,0,0,single,1,0
static_center_r08_s10008,8.512,0.084696,-0.336091,0.113909,0,0.119255,99.000000,0,0,0,0,single,1,0
static_center_r08_s10008,8.544,0.086295,-0.335282,0.114718,0,0.119567,99.000000,0,0,0,0,single,1,0
static_center_r08_s10008,8.576,0.087912,-0.334513,0.115487,0,0.119862,99.000000,0,0,0,0,single,1,0
static_center_r08_s10008,8.608,0.089548,-0.333784,0.116216,0,0.120139,99.000000,0,0,0,0,single,1,0
static_center_r08_s10008,8.640,0.091201,-0.333096,0.116904,0,0.120399,99.000000,0,0,0,0,single,1,0
static_center_r08_s10008,8.672,0.092871,-0.332450,0.117550,0,0.120640,99.000000,0,0,0,0,single,1,0
static_center_r08_s10008,8.704,0.094556,-0.331845,0.118155,0,0.120863,99.000000,0,0,0,0,single,1,0
static_center_r08_s10008,8.736,0.096255,-0.331283,0.118717,0,0.121068,99.000000,0,0,0,0,single,1,0
static_center_r08_s10008,8.768,0.097967,-0.330763,0.119237,0,0.121256,99.000000,0,0,0,0,single,1,0
static_center_r08_s10008,8.800,0.099692,-0.330286,0.119714,0,0.121424,99.000000,0,0,0,0,single,1,0
static_center_r08_s10008,8.832,0.101427,-0.329852,0.120148,0,0.121575,99.000000,0,0,0,0,single,1,0
static_center_r08_s10008,8.864,0.103172,-0.329462,0.120538,0,0.121707,99.000000,0,0,0,0,single,1,0
static_center_r08_s10008,8.896,0.104925,-0.329115,0.120885,0,0.121821,99.000000,0,0,0,0,single,1,0
static_center_r08_s10008,8.928,0.106686,-0.328812,0.121188,0,0.121917,99.000000,0,0,0,0,single,1,0
static_center_r08_s10008,8.960,0.108452,-0.328554,0.121446,0,0.121994,99.000000,0,0,0,0,single,1,0
static_center_r08_s10008,8.992,0.110223,-0.328340,0.121660,0,0.122052,99.000000,0,0,0,0,single,1,0
static_center_r08_s10008,9.024,0.111997,-0.328171,0.121829,0,0.122092,99.000000,0,0,0,0,single,1,0
static_center_r08_s10008,9.056,0.113787,-0.328048,0.121952,0,0.122110,99.000000,0,0,0,0,single,1,0
static_center_r08_s10008,9.088,0.115579,-0.327969,0.122031,0,0.122111,99.000000,0,0,0,0,single,1,0
static_center_r08_s10008,9.120,0.117373,-0.327935,0.122065,0,0.122093,99.000000,0,0,0,0,single,1,0
static_center_r08_s10008,9.152,0.119167,-0.327945,0.122055,0,0.122058,99.000000,0,0,0,0,single,1,0
static_center_r08_s10008,9.184,0.120961,-0.327997,0.122003,0,0.122007,99.000000,0,0,0,0,single,1,0
static_center_r08_s10008,9.216,0.122752,-0.328092,0.121908,0,0.121939,99.000000,0,0,0,0,single,1,0
static_center_r08_s10008,9.248,0.124540,-0.328232,0.121768,0,0.121853,99.000000,0,0,0,0,single,1,0
static_center_r08_s10008,9.280,0.126323,-0.328406,0.121594,0,0.121758,99.000000,0,0,0,0,single,1,0
static_center_r08_s10008,9.312,0.128103,-0.328609,0.121391,0,0.121661,99.000000,0,0,0,0,single,1,0
static_center_r08_s10008,9.344,0.129878,-0.328842,0.121158,0,0.121560,99.000000,0,0,0,0,single,1,0
static_center_r08_s10008,9.376,0.131650,-0.329101,0.120899,0,0.121459,99.000000,0,0,0,0,single,1,0
static_center_r08_s10008,9.408,0.134515,-0.329560,0.120440,0,0.121311,99.000000,0,0,0,0,single,1,0
static_center_r08_s10008,9.440,0.137413,-0.330073,0.119927,0,0.121184,99.000000,0,0,0,0,single,1,0
static_center_r08_s10008,9.472,0.140303,-0.330631,0.119369,0,0.121083,99.000000,0,0,0,0,single,1,0
static_center_r08_s10008,9.504,0.143184,-0.331233,0.118767,0,0.121009,99.000000,0,0,0,0,single,1,0
static_center_r08_s10008,9.536,0.146056,-0.331874,0.118126,0,0.120966,99.000000,0,0,0,0,single,1,0
static_center_r08_s10008,9.568,0.148919,-0.332555,0.117445,0,0.120953,99.000000,0,0,0,0,single,1,0
static_center_r08_s10008,9.600,0.151772,-0.333279,0.116721,0,0.120968,99.000000,0,0,0,0,single,1,0
static_center_r08_s10008,9.632,0.154614,-0.334048,0.115952,0,0.121008,99.000000,0,0,0,0,single,1,0
static_center_r08_s10008,9.664,0.157443,-0.334860,0.115140,0,0.121075,99.000000,0,0,0,0,single,1,0
static_center_r08_s10008,9.696,0.160260,-0.335716,0.114284,0,0.121168,99.000000,0,0,0,0,single,1,0
static_center_r08_s10008,9.728,0.163063,-0.336619,0.113381,0,0.121283,99.000000,0,0,0,0,single,1,0
static_center_r08_s10008,9.760,0.165851,-0.337571,0.112429,0,0.121419,99.000000,0,0,0,0,single,1,0
static_center_r08_s10008,9.792,0.168620,-0.338577,0.111423,0,0.121569,99.000000,0,0,0,0,single,1,0
static_center_r08_s10008,9.824,0.171368,-0.339640,0.110360,0,0.121729,99.000000,0,0,0,0,single,1,0
static_center_r08_s10008,9.856,0.174094,-0.340760,0.109240,0,0.121900,99.000000,0,0,0,0,single,1,0
static_center_r08_s10008,9.888,0.176796,-0.341938,0.108062,0,0.122079,99.000000,0,0,0,0,single,1,0
static_center_r08_s10008,9.920,0.179419,-0.343154,0.106846,0,0.122257,99.000000,0,0,0,0,single,1,0
static_center_r08_s10008,9.952,0.182009,-0.344435,0.105565,0,0.122430,99.000000,0,0,0,0,single,1,0
static_center_r08_s10008,9.984,0.184567,-0.345781,0.104219,0,0.122599,99.000000,0,0,0,0,single,1,0
static_center_r08_s10008,10.016,0.187087,-0.347188,0.102812,0,0.122763,99.000000,0,0,0,0,single,1,0
static_center_r08_s10008,10.048,0.189563,-0.348663,0.101337,0,0.122916,99.000000,0,0,0,0,single,1,0
static_center_r08_s10008,10.080,0.191626,-0.349971,0.100029,0,0.123028,99.000000,0,0,0,0,single,1,0
static_center_r08_s10008,10.112,0.193503,-0.351182,0.098818,0,0.123157,99.000000,0,0,0,0,single,1,0
static_center_r08_s10008,10.144,0.195371,-0.352380,0.097620,0,0.123331,99.000000,0,0,0,0,single,1,0
static_center_r08_s10008,10.176,0.197789,-0.353915,0.096085,0,0.123626,99.000000,0,0,0,0,single,1,0
static_center_r08_s10008,10.208,0.200167,-0.355523,0.094477,0,0.123906,99.000000,0,0,0,0,single,1,0
static_center_r08_s10008,10.240,0.202497,-0.357211,0.092789,0,0.124159,99.000000,0,0,0,0,single,1,0
static_center_r08_s10008,10.272,0.204781,-0.358977,0.091023,0,0.124391,99.000000,0,0,0,0,single,1,0
static_center_r08_s10008,10.304,0.207031,-0.360814,0.089186,0,0.124614,99.000000,0,0,0,0,single,1,0
static_center_r08_s10008,10.336,0.209257,-0.362700,0.087300,0,0.124852,99.000000,0,0,0,0,single,1,0
static_center_r08_s10008,10.368,0.211461,-0.364613,0.085387,0,0.125124,99.000000,0,0,0,0,single,1,0
static_center_r08_s10008,10.400,0.213655,-0.366558,0.083442,0,0.125435,99.000000,0,0,0,0,single,1,0
static_center_r08_s10008,10.432,0.215842,-0.368512,0.081488,0,0.125801,99.000000,0,0,0,0,single,1,0
static_center_r08_s10008,10.464,0.218042,-0.370459,0.079541,0,0.126250,99.000000,0,0,0,0,single,1,0
static_center_r08_s10008,10.496,0.220250,-0.372397,0.077603,0,0.126777,99.000000,0,0,0,0,single,1,0
static_center_r08_s10008,10.528,0.222466,-0.374327,0.075673,0,0.127380,99.000000,0,0,0,0,single,1,0
static_center_r08_s10008,10.560,0.224688,-0.376250,0.073750,0,0.128058,99.000000,0,0,0,0,single,1,0
static_center_r08_s10008,10.592,0.226920,-0.378165,0.071835,0,0.128811,99.000000,0,0,0,0,single,1,0
static_center_r08_s10008,10.624,0.229159,-0.380071,0.069929,0,0.129636,99.000000,0,0,0,0,single,1,0
static_center_r08_s10008,10.656,0.231406,-0.381969,0.068031,0,0.130536,99.000000,0,0,0,0,single,1,0
static_center_r08_s10008,10.688,0.233661,-0.383858,0.066142,0,0.131505,99.000000,0,0,0,0,single,1,0
static_center_r08_s10008,10.720,0.235926,-0.385738,0.064262,0,0.132546,99.000000,0,0,0,0,single,1,0
static_center_r08_s10008,10.752,0.238200,-0.387606,0.062394,0,0.133657,99.000000,0,0,0,0,single,1,0
static_center_r08_s10008,10.784,0.240486,-0.389460,0.060540,0,0.134841,99.000000,0,0,0,0,single,1,0
static_center_r08_s10008,10.816,0.242787,-0.391298,0.058702,0,0.136098,99.000000,0,0,0,0,single,1,0
static_center_r08_s10008,10.848,0.245120,-0.393101,0.056899,0,0.137450,99.000000,0,0,0,0,single,1,0
static_center_r08_s10008,10.880,0.247510,-0.394837,0.055163,0,0.138930,99.000000,0,0,0,0,single,1,0
static_center_r08_s10008,10.912,0.249881,-0.396422,0.053578,0,0.140498,99.000000,0,0,0,0,single,1,0
static_center_r08_s10008,10.944,0.252376,-0.397933,0.052067,0,0.142247,99.000000,0,0,0,0,single,1,0
static_center_r08_s10008,10.976,0.254973,-0.399362,0.050638,0,0.144159,99.000000,0,0,0,0,single,1,0
static_center_r08_s10008,11.008,0.256297,-0.400006,0.049994,0,0.145177,99.000000,0,0,0,0,single,1,0
static_center_r08_s10008,11.040,0.257180,-0.400529,0.049471,0,0.145828,99.000000,0,0,0,0,single,1,0
static_center_r08_s10008,11.072,0.258063,-0.401067,0.048933,0,0.146478,99.000000,0,0,0,0,single,1,0
static_center_r08_s10008,11.104,0.259387,-0.401858,0.048142,0,0.147466,99.000000,0,0,0,0,single,1,0
static_center_r08_s10008,11.136,0.261588,-0.403215,0.046785,0,0.149118,99.000000,0,0,0,0,single,1,0
static_center_r08_s10008,11.168,0.264110,-0.404586,0.045414,0,0.151096,99.000000,0,0,0,0,single,1,0
static_center_r08_s10008,11.200,0.266742,-0.405870,0.044130,0,0.153234,99.000000,0,0,0,0,single,1,0
static_center_r08_s10008,11.232,0.269370,-0.407017,0.042983,0,0.155432,99.000000,0,0,0,0,single,1,0
static_center_r08_s10008,11.264,0.272052,-0.408064,0.041936,0,0.157729,99.000000,0,0,0,0,single,1,0
static_center_r08_s10008,11.296,0.274249,-0.408819,0.041181,0,0.159651,99.000000,0,0,0,0,single,1,0
static_center_r08_s10008,11.328,0.275824,-0.409351,0.040649,0,0.161039,99.000000,0,0,0,0,single,1,0
static_center_r08_s10008,11.360,0.277223,-0.409889,0.040111,0,0.162259,99.000000,0,0,0,0,single,1,0
static_center_r08_s10008,11.392,0.278543,-0.410401,0.039599,0,0.163414,99.000000,0,0,0,0,single,1,0
static_center_r08_s10008,11.424,0.281104,-0.411488,0.038512,0,0.165644,99.000000,0,0,0,0,single,1,0
static_center_r08_s10008,11.456,0.283838,-0.412501,0.037499,0,0.168075,99.000000,0,0,0,0,single,1,0
static_center_r08_s10008,11.488,0.286614,-0.413418,0.036582,0,0.170583,99.000000,0,0,0,0,single,1,0
static_center_r08_s10008,11.520,0.289421,-0.414251,0.035749,0,0.173151,99.000000,0,0,0,0,single,1,0
static_center_r08_s10008,11.552,0.292251,-0.415005,0.034995,0,0.175770,99.000000,0,0,0,0,single,1,0
static_center_r08_s10008,11.584,0.295068,-0.415683,0.034317,0,0.178400,99.000000,0,0,0,0,single,1,0
static_center_r08_s10008,11.616,0.297902,-0.416300,0.033700,0,0.181066,99.000000,0,0,0,0,single,1,0
static_center_r08_s10008,11.648,0.300747,-0.416864,0.033136,0,0.183759,99.000000,0,0,0,0,single,1,0
static_center_r08_s10008,11.680,0.303604,-0.417374,0.032626,0,0.186480,99.000000,0,0,0,0,single,1,0
static_center_r08_s10008,11.712,0.306470,-0.417835,0.032165,0,0.189224,99.000000,0,0,0,0,single,1,0
static_center_r08_s10008,11.744,0.309374,-0.418245,0.031755,0,0.192018,99.000000,0,0,0,0,single,1,0
static_center_r08_s10008,11.776,0.312300,-0.418589,0.031411,0,0.194848,99.000000,0,0,0,0,single,1,0
static_center_r08_s10008,11.808,0.315214,-0.418864,0.031136,0,0.197681,99.000000,0,0,0,0,single,1,0
static_center_r08_s10008,11.840,0.317905,-0.419058,0.030942,0,0.200309,99.000000,0,0,0,0,single,1,0
static_center_r08_s10008,11.872,0.320411,-0.419206,0.030794,0,0.202763,99.000000,0,0,0,0,single,1,0
static_center_r08_s10008,11.904,0.323119,-0.419355,0.030645,0,0.205417,99.000000,0,0,0,0,single,1,0
static_center_r08_s10008,11.936,0.326058,-0.419482,0.030518,0,0.208306,99.000000,0,0,0,0,single,1,0
static_center_r08_s10008,11.968,0.329001,-0.419553,0.030447,0,0.211207,99.000000,0,0,0,0,single,1,0
static_center_r08_s10008,12.000,0.331944,-0.419566,0.030434,0,0.214118,99.000000,0,0,0,0,single,1,0
static_center_r08_s10008,12.032,0.334886,-0.419549,0.030451,0,0.217033,99.000000,0,0,0,0,single,1,0
static_center_r08_s10008,12.064,0.337828,-0.419503,0.030497,0,0.219953,99.000000,0,0,0,0,single,1,0
static_center_r08_s10008,12.096,0.340770,-0.419425,0.030575,0,0.222877,99.000000,0,0,0,0,single,1,0
static_center_r08_s10008,12.128,0.343711,-0.419323,0.030677,0,0.225804,99.000000,0,0,0,0,single,1,0
static_center_r08_s10008,12.160,0.346651,-0.419196,0.030804,0,0.228734,99.000000,0,0,0,0,single,1,0
static_center_r08_s10008,12.192,0.349590,-0.419049,0.030951,0,0.231667,99.000000,0,0,0,0,single,1,0
static_center_r08_s10008,12.224,0.352529,-0.418865,0.031135,0,0.234604,99.000000,0,0,0,0,single,1,0
static_center_r08_s10008,12.256,0.355466,-0.418636,0.031364,0,0.237546,99.000000,0,0,0,0,single,1,0
static_center_r08_s10008,12.288,0.358163,-0.418358,0.031642,0,0.240256,99.000000,0,0,0,0,single,1,0
static_center_r08_s10008,12.320,0.361043,-0.417917,0.032083,0,0.243169,99.000000,0,0,0,0,single,1,0
static_center_r08_s10008,12.352,0.363895,-0.417358,0.032642,0,0.246070,99.000000,0,0,0,0,single,1,0
static_center_r08_s10008,12.384,0.366743,-0.416741,0.033259,0,0.248974,99.000000,0,0,0,0,single,1,0
static_center_r08_s10008,12.416,0.369595,-0.416076,0.033924,0,0.251890,99.000000,0,0,0,0,single,1,0
static_center_r08_s10008,12.448,0.372450,-0.415382,0.034618,0,0.254812,99.000000,0,0,0,0,single,1,0
static_center_r08_s10008,12.480,0.375302,-0.414673,0.035327,0,0.257735,99.000000,0,0,0,0,single,1,0
static_center_r08_s10008,12.512,0.378151,-0.413951,0.036049,0,0.260656,99.000000,0,0,0,0,single,1,0
static_center_r08_s10008,12.544,0.380997,-0.413218,0.036782,0,0.263576,99.000000,0,0,0,0,single,1,0
static_center_r08_s10008,12.576,0.383841,-0.412476,0.037524,0,0.266496,99.000000,0,0,0,0,single,1,0
static_center_r08_s10008,12.608,0.386683,-0.411725,0.038275,0,0.269416,99.000000,0,0,0,0,single,1,0
static_center_r08_s10008,12.640,0.389524,-0.410966,0.039034,0,0.272336,99.000000,0,0,0,0,single,1,0
static_center_r08_s10008,12.672,0.392364,-0.410201,0.039799,0,0.275257,99.000000,0,0,0,0,single,1,0
static_center_r08_s10008,12.704,0.395204,-0.409433,0.040567,0,0.278178,99.000000,0,0,0,0,single,1,0
static_center_r08_s10008,12.736,0.398042,-0.408659,0.041341,0,0.281099,99.000000,0,0,0,0,single,1,0
static_center_r08_s10008,12.768,0.400881,-0.407883,0.042117,0,0.284021,99.000000,0,0,0,0,single,1,0
static_center_r08_s10008,12.800,0.403720,-0.407105,0.042895,0,0.286944,99.000000,0,0,0,0,single,1,0
static_center_r08_s10008,12.832,0.406559,-0.406330,0.043670,0,0.289867,99.000000,0,0,0,0,single,1,0
static_center_r08_s10008,12.864,0.409398,-0.405554,0.044446,0,0.292791,99.000000,0,0,0,0,single,1,0
static_center_r08_s10008,12.896,0.412238,-0.404779,0.045221,0,0.295716,99.000000,0,0,0,0,single,1,0
static_center_r08_s10008,12.928,0.415078,-0.404004,0.045996,0,0.298641,99.000000,0,0,0,0,single,1,0
static_center_r08_s10008,12.960,0.417919,-0.403228,0.046772,0,0.301568,99.000000,0,0,0,0,single,1,0
static_center_r08_s10008,12.992,0.420759,-0.402457,0.047543,0,0.304494,99.000000,0,0,0,0,single,1,0
static_center_r08_s10008,13.024,0.423601,-0.401690,0.048310,0,0.307420,99.000000,0,0,0,0,single,1,0
static_center_r08_s10008,13.056,0.426444,-0.400930,0.049070,0,0.310348,99.000000,0,0,0,0,single,1,0
static_center_r08_s10008,13.088,0.429291,-0.400180,0.049820,0,0.313278,99.000000,0,0,0,0,single,1,0
static_center_r08_s10008,13.120,0.432140,-0.399440,0.050560,0,0.316209,99.000000,0,0,0,0,single,1,0
static_center_r08_s10008,13.152,0.434993,-0.398713,0.051287,0,0.319141,99.000000,0,0,0,0,single,1,0
static_center_r08_s10008,13.184,0.437850,-0.397999,0.052001,0,0.322075,99.000000,0,0,0,0,single,1,0
static_center_r08_s10008,13.216,0.440712,-0.397306,0.052694,0,0.325012,99.000000,0,0,0,0,single,1,0
static_center_r08_s10008,13.248,0.443579,-0.396636,0.053364,0,0.327950,99.000000,0,0,0,0,single,1,0
static_center_r08_s10008,13.280,0.446454,-0.395994,0.054006,0,0.330891,99.000000,0,0,0,0,single,1,0
static_center_r08_s10008,13.312,0.449336,-0.395386,0.054614,0,0.333834,99.000000,0,0,0,0,single,1,0
static_center_r08_s10008,13.344,0.452226,-0.394815,0.055185,0,0.336778,99.000000,0,0,0,0,single,1,0
static_center_r08_s10008,13.376,0.455124,-0.394282,0.055718,0,0.339724,99.000000,0,0,0,0,single,1,0
static_center_r08_s10008,13.408,0.458028,-0.393788,0.056212,0,0.342670,99.000000,0,0,0,0,single,1,0
static_center_r08_s10008,13.440,0.460939,-0.393334,0.056666,0,0.345616,99.000000,0,0,0,0,single,1,0
static_center_r08_s10008,13.472,0.463857,-0.392923,0.057077,0,0.348562,99.000000,0,0,0,0,single,1,0
static_center_r08_s10008,13.504,0.466780,-0.392556,0.057444,0,0.351506,99.000000,0,0,0,0,single,1,0
static_center_r08_s10008,13.536,0.469708,-0.392235,0.057765,0,0.354447,99.000000,0,0,0,0,single,1,0
static_center_r08_s10008,13.568,0.472640,-0.391956,0.058044,0,0.357385,99.000000,0,0,0,0,single,1,0
static_center_r08_s10008,13.600,0.475573,-0.391721,0.058279,0,0.360317,99.000000,0,0,0,0,single,1,0
static_center_r08_s10008,13.632,0.478507,-0.391527,0.058473,0,0.363244,99.000000,0,0,0,0,single,1,0
static_center_r08_s10008,13.664,0.481448,-0.391375,0.058625,0,0.366171,99.000000,0,0,0,0,single,1,0
static_center_r08_s10008,13.696,0.484390,-0.391260,0.058740,0,0.369094,99.000000,0,0,0,0,single,1,0
static_center_r08_s10008,13.728,0.487332,-0.391178,0.058822,0,0.372012,99.000000,0,0,0,0,single,1,0
static_center_r08_s10008,13.760,0.490275,-0.391127,0.058873,0,0.374927,99.000000,0,0,0,0,single,1,0
static_center_r08_s10008,13.792,0.493219,-0.391104,0.058896,0,0.377837,99.000000,0,0,0,0,single,1,0
static_center_r08_s10008,13.824,0.496162,-0.391107,0.058893,0,0.380744,99.000000,0,0,0,0,single,1,0
static_center_r08_s10008,13.856,0.499105,-0.391132,0.058868,0,0.383648,99.000000,0,0,0,0,single,1,0
static_center_r08_s10008,13.888,0.502048,-0.391178,0.058822,0,0.386549,99.000000,0,0,0,0,single,1,0
static_center_r08_s10008,13.920,0.504990,-0.391243,0.058757,0,0.389448,99.000000,0,0,0,0,single,1,0
static_center_r08_s10008,13.952,0.507932,-0.391327,0.058673,0,0.392344,99.000000,0,0,0,0,single,1,0
static_center_r08_s10008,13.984,0.510874,-0.391427,0.058573,0,0.395238,99.000000,0,0,0,0,single,1,0
static_center_r08_s10008,14.016,0.513815,-0.391544,0.058456,0,0.398130,99.000000,0,0,0,0,single,1,0
static_center_r08_s10008,14.048,0.516756,-0.391676,0.058324,0,0.401019,99.000000,0,0,0,0,single,1,0
static_center_r08_s10008,14.080,0.519696,-0.391820,0.058180,0,0.403908,99.000000,0,0,0,0,single,1,0
static_center_r08_s10008,14.112,0.522635,-0.391976,0.058024,0,0.406795,99.000000,0,0,0,0,single,1,0
static_center_r08_s10008,14.144,0.525574,-0.392142,0.057858,0,0.409680,99.000000,0,0,0,0,single,1,0
static_center_r08_s10008,14.176,0.528513,-0.392318,0.057682,0,0.412565,99.000000,0,0,0,0,single,1,0
static_center_r08_s10008,14.208,0.531451,-0.392504,0.057496,0,0.415449,99.000000,0,0,0,0,single,1,0
static_center_r08_s10008,14.240,0.534388,-0.392699,0.057301,0,0.418331,99.000000,0,0,0,0,single,1,0
static_center_r08_s10008,14.272,0.537325,-0.392903,0.057097,0,0.421213,99.000000,0,0,0,0,single,1,0
static_center_r08_s10008,14.304,0.540261,-0.393115,0.056885,0,0.424094,99.000000,0,0,0,0,single,1,0
static_center_r08_s10008,14.336,0.543197,-0.393334,0.056666,0,0.426974,99.000000,0,0,0,0,single,1,0
static_center_r08_s10008,14.368,0.546132,-0.393559,0.056441,0,0.429854,99.000000,0,0,0,0,single,1,0
static_center_r08_s10008,14.400,0.549067,-0.393791,0.056209,0,0.432733,99.000000,0,0,0,0,single,1,0
static_center_r08_s10008,14.432,0.552002,-0.394028,0.055972,0,0.435612,99.000000,0,0,0,0,single,1,0
static_center_r08_s10008,14.464,0.554935,-0.394273,0.055727,0,0.438491,99.000000,0,0,0,0,single,1,0
static_center_r08_s10008,14.496,0.557869,-0.394521,0.055479,0,0.441370,99.000000,0,0,0,0,single,1,0
static_center_r08_s10008,14.528,0.560802,-0.394774,0.055226,0,0.444248,99.000000,0,0,0,0,single,1,0
static_center_r08_s10008,14.560,0.563735,-0.395031,0.054969,0,0.447127,99.000000,0,0,0,0,single,1,0
static_center_r08_s10008,14.592,0.566667,-0.395291,0.054709,0,0.450005,99.000000,0,0,0,0,single,1,0
static_center_r08_s10008,14.624,0.569600,-0.395554,0.054446,0,0.452884,99.000000,0,0,0,0,single,1,0
static_center_r08_s10008,14.656,0.572531,-0.395820,0.054180,0,0.455763,99.000000,0,0,0,0,single,1,0
static_center_r08_s10008,14.688,0.575464,-0.396084,0.053916,0,0.458644,99.000000,0,0,0,0,single,1,0
static_center_r08_s10008,14.720,0.578396,-0.396348,0.053652,0,0.461525,99.000000,0,0,0,0,single,1,0
static_center_r08_s10008,14.752,0.581328,-0.396611,0.053389,0,0.464407,99.000000,0,0,0,0,single,1,0
static_center_r08_s10008,14.784,0.584260,-0.396874,0.053126,0,0.467290,99.000000,0,0,0,0,single,1,0
static_center_r08_s10008,14.816,0.587192,-0.397137,0.052863,0,0.470174,99.000000,0,0,0,0,single,1,0
static_center_r08_s10008,14.848,0.590125,-0.397400,0.052600,0,0.473058,99.000000,0,0,0,0,single,1,0
static_center_r08_s10008,14.880,0.593057,-0.397662,0.052338,0,0.475943,99.000000,0,0,0,0,single,1,0
static_center_r08_s10008,14.912,0.595989,-0.397924,0.052076,0,0.478829,99.000000,0,0,0,0,single,1,0
static_center_r08_s10008,14.944,0.598922,-0.398186,0.051814,0,0.481716,99.000000,0,0,0,0,single,1,0
static_center_r08_s10008,14.976,0.601854,-0.398448,0.051552,0,0.484604,99.000000,0,0,0,0,single,1,0
static_center_r08_s10008,15.008,0.604786,-0.398710,0.051290,0,0.487492,99.000000,0,0,0,0,single,1,0
static_center_r08_s10008,15.040,0.607719,-0.398971,0.051029,0,0.490381,99.000000,0,0,0,0,single,1,0
static_center_r08_s10008,15.072,0.610651,-0.399233,0.050767,0,0.493270,99.000000,0,0,0,0,single,1,0
static_center_r08_s10008,15.104,0.613584,-0.399490,0.050510,0,0.496161,99.000000,0,0,0,0,single,1,0
static_center_r08_s10008,15.136,0.616517,-0.399741,0.050259,0,0.499054,99.000000,0,0,0,0,single,1,0
static_center_r08_s10008,15.168,0.619451,-0.399986,0.050014,0,0.501949,99.000000,0,0,0,0,single,1,0
static_center_r08_s10008,15.200,0.622385,-0.400226,0.049774,0,0.504845,99.000000,0,0,0,0,single,1,0
static_center_r08_s10008,15.232,0.625320,-0.400461,0.049539,0,0.507742,99.000000,0,0,0,0,single,1,0
static_center_r08_s10008,15.264,0.628255,-0.400690,0.049310,0,0.510641,99.000000,0,0,0,0,single,1,0
static_center_r08_s10008,15.296,0.631190,-0.400914,0.049086,0,0.513542,99.000000,0,0,0,0,single,1,0
static_center_r08_s10008,15.328,0.634126,-0.401133,0.048867,0,0.516443,99.000000,0,0,0,0,single,1,0
static_center_r08_s10008,15.360,0.637062,-0.401347,0.048653,0,0.519346,99.000000,0,0,0,0,single,1,0
static_center_r08_s10008,15.392,0.639999,-0.401554,0.048446,0,0.522251,99.000000,0,0,0,0,single,1,0
static_center_r08_s10008,15.424,0.642936,-0.401756,0.048244,0,0.525157,99.000000,0,0,0,0,single,1,0
static_center_r08_s10008,15.456,0.645874,-0.401950,0.048050,0,0.528065,99.000000,0,0,0,0,single,1,0
static_center_r08_s10008,15.488,0.648812,-0.402138,0.047862,0,0.530974,99.000000,0,0,0,0,single,1,0
static_center_r08_s10008,15.520,0.651751,-0.402319,0.047681,0,0.533884,99.000000,0,0,0,0,single,1,0
static_center_r08_s10008,15.552,0.654690,-0.402491,0.047509,0,0.536796,99.000000,0,0,0,0,single,1,0
static_center_r08_s10008,15.584,0.657629,-0.402654,0.047346,0,0.539710,99.000000,0,0,0,0,single,1,0
static_center_r08_s10008,15.616,0.660569,-0.402809,0.047191,0,0.542625,99.000000,0,0,0,0,single,1,0
static_center_r08_s10008,15.648,0.663510,-0.402953,0.047047,0,0.545542,99.000000,0,0,0,0,single,1,0
static_center_r08_s10008,15.680,0.666451,-0.403086,0.046914,0,0.548461,99.000000,0,0,0,0,single,1,0
static_center_r08_s10008,15.712,0.669392,-0.403210,0.046790,0,0.551381,99.000000,0,0,0,0,single,1,0
static_center_r08_s10008,15.744,0.672334,-0.403323,0.046677,0,0.554303,99.000000,0,0,0,0,single,1,0
static_center_r08_s10008,15.776,0.675277,-0.403426,0.046574,0,0.557226,99.000000,0,0,0,0,single,1,0
static_center_r08_s10008,15.808,0.678219,-0.403519,0.046481,0,0.560151,99.000000,0,0,0,0,single,1,0
static_center_r08_s10008,15.840,0.681162,-0.403602,0.046398,0,0.563077,99.000000,0,0,0,0,single,1,0
static_center_r08_s10008,15.872,0.684105,-0.403675,0.046325,0,0.566004,99.000000,0,0,0,0,single,1,0
static_center_r08_s10008,15.904,0.687049,-0.403738,0.046262,0,0.568933,99.000000,0,0,0,0,single,1,0
static_center_r08_s10008,15.936,0.689992,-0.403791,0.046209,0,0.571862,99.000000,0,0,0,0,single,1,0
static_center_r08_s10008,15.968,0.692936,-0.403833,0.046167,0,0.574793,99.000000,0,0,0,0,single,1,0
static_center_r08_s10008,16.000,0.695880,-0.403868,0.046132,0,0.577725,99.000000,0,0,0,0,single,1,0
static_center_r08_s10008,16.032,0.698824,-0.403898,0.046102,0,0.580657,99.000000,0,0,0,0,single,1,0
static_center_r08_s10008,16.064,0.701767,-0.403923,0.046077,0,0.583589,99.000000,0,0,0,0,single,1,0
static_center_r08_s10008,16.096,0.704711,-0.403946,0.046054,0,0.586522,99.000000,0,0,0,0,single,1,0
static_center_r08_s10008,16.128,0.707655,-0.403966,0.046034,0,0.589455,99.000000,0,0,0,0,single,1,0
static_center_r08_s10008,16.160,0.710599,-0.403975,0.046025,0,0.592390,99.000000,0,0,0,0,single,1,0
static_center_r08_s10008,16.192,0.713543,-0.403988,0.046012,0,0.595324,99.000000,0,0,0,0,single,1,0
static_center_r08_s10008,16.224,0.716487,-0.403997,0.046003,0,0.598258,99.000000,0,0,0,0,single,1,0
static_center_r08_s10008,16.256,0.719431,-0.404000,0.046000,0,0.601193,99.000000,0,0,0,0,single,1,0
static_center_r08_s10008,16.288,0.722375,-0.403998,0.046002,0,0.604129,99.000000,0,0,0,0,single,1,0
static_center_r08_s10008,16.320,0.725319,-0.403991,0.046009,0,0.607065,99.000000,0,0,0,0,single,1,0
static_center_r08_s10008,16.352,0.728263,-0.403977,0.046023,0,0.610002,99.000000,0,0,0,0,single,1,0
static_center_r08_s10008,16.384,0.731207,-0.403955,0.046045,0,0.612939,99.000000,0,0,0,0,single,1,0
static_center_r08_s10008,16.416,0.734151,-0.403927,0.046073,0,0.615876,99.000000,0,0,0,0,single,1,0
static_center_r08_s10008,16.448,0.737095,-0.403892,0.046108,0,0.618815,99.000000,0,0,0,0,single,1,0
static_center_r08_s10008,16.480,0.740038,-0.403850,0.046150,0,0.621753,99.000000,0,0,0,0,single,1,0
static_center_r08_s10008,16.512,0.742982,-0.403801,0.046199,0,0.624693,99.000000,0,0,0,0,single,1,0
static_center_r08_s10008,16.544,0.745925,-0.403745,0.046255,0,0.627632,99.000000,0,0,0,0,single,1,0
static_center_r08_s10008,16.576,0.748869,-0.403683,0.046317,0,0.630572,99.000000,0,0,0,0,single,1,0
static_center_r08_s10008,16.608,0.751812,-0.403614,0.046382,0,0.633513,99.000000,0,0,0,0,single,1,0
static_center_r08_s10008,16.640,0.754755,-0.403537,0.046434,0,0.636453,99.000000,0,0,0,0,single,1,0
static_center_r08_s10008,16.672,0.757698,-0.403455,0.046472,0,0.639394,99.000000,0,0,0,0,single,1,0
static_center_r08_s10008,16.704,0.760641,-0.403365,0.046494,0,0.642336,99.000000,0,0,0,0,single,1,0
static_center_r08_s10008,16.736,0.763583,-0.403267,0.046505,0,0.645278,99.000000,0,0,0,0,single,1,0
static_center_r08_s10008,16.768,0.766525,-0.403160,0.046502,0,0.648220,99.000000,0,0,0,0,single,1,0
static_center_r08_s10008,16.800,0.769467,-0.403042,0.046489,0,0.651162,99.000000,0,0,0,0,single,1,0
static_center_r08_s10008,16.832,0.772408,-0.402916,0.046462,0,0.654105,99.000000,0,0,0,0,single,1,0
static_center_r08_s10008,16.864,0.775349,-0.402781,0.046422,0,0.657048,99.000000,0,0,0,0,single,1,0
static_center_r08_s10008,16.896,0.778290,-0.402636,0.046371,0,0.659992,99.000000,0,0,0,0,single,1,0
static_center_r08_s10008,16.928,0.781229,-0.402476,0.046314,0,0.662935,99.000000,0,0,0,0,single,1,0
static_center_r08_s10008,16.960,0.784169,-0.402321,0.046230,0,0.665879,99.000000,0,0,0,0,single,1,0
static_center_r08_s10008,16.992,0.787109,-0.402157,0.046134,0,0.668822,99.000000,0,0,0,0,single,1,0
static_center_r08_s10008,17.024,0.790048,-0.401987,0.046023,0,0.671766,99.000000,0,0,0,0,single,1,0
static_center_r08_s10008,17.056,0.792987,-0.401808,0.045899,0,0.674710,99.000000,0,0,0,0,single,1,0
static_center_r08_s10008,17.088,0.795925,-0.401615,0.045768,0,0.677654,99.000000,0,0,0,0,single,1,0
static_center_r08_s10008,17.120,0.798861,-0.401408,0.045629,0,0.680598,99.000000,0,0,0,0,single,1,0
static_center_r08_s10008,17.152,0.801797,-0.401188,0.045483,0,0.683542,99.000000,0,0,0,0,single,1,0
static_center_r08_s10008,17.184,0.804732,-0.400951,0.045331,0,0.686487,99.000000,0,0,0,0,single,1,0
static_center_r08_s10008,17.216,0.807666,-0.400698,0.045173,0,0.689431,99.000000,0,0,0,0,single,1,0
static_center_r08_s10008,17.248,0.810598,-0.400426,0.045015,0,0.692375,99.000000,0,0,0,0,single,1,0
static_center_r08_s10008,17.280,0.813527,-0.400133,0.044856,0,0.695318,99.000000,0,0,0,0,single,1,0
static_center_r08_s10008,17.312,0.816455,-0.399816,0.044699,0,0.698261,99.000000,0,0,0,0,single,1,0
static_center_r08_s10008,17.344,0.819380,-0.399478,0.044542,0,0.701203,99.000000,0,0,0,0,single,1,0
static_center_r08_s10008,17.376,0.822302,-0.399115,0.044389,0,0.704143,99.000000,0,0,0,0,single,1,0
static_center_r08_s10008,17.408,0.825221,-0.398726,0.044240,0,0.707083,99.000000,0,0,0,0,single,1,0
static_center_r08_s10008,17.440,0.828137,-0.398312,0.044096,0,0.710021,99.000000,0,0,0,0,single,1,0
static_center_r08_s10008,17.472,0.831048,-0.397869,0.043960,0,0.712957,99.000000,0,0,0,0,single,1,0
static_center_r08_s10008,17.504,0.833955,-0.397396,0.043832,0,0.715890,99.000000,0,0,0,0,single,1,0
static_center_r08_s10008,17.536,0.836857,-0.396896,0.043711,0,0.718821,99.000000,0,0,0,0,single,1,0
static_center_r08_s10008,17.568,0.839754,-0.396367,0.043598,0,0.721750,99.000000,0,0,0,0,single,1,0
static_center_r08_s10008,17.600,0.842646,-0.395810,0.043492,0,0.724675,99.000000,0,0,0,0,single,1,0
static_center_r08_s10008,17.632,0.845532,-0.395226,0.043393,0,0.727596,99.000000,0,0,0,0,single,1,0
static_center_r08_s10008,17.664,0.848412,-0.394616,0.043298,0,0.730514,99.000000,0,0,0,0,single,1,0
static_center_r08_s10008,17.696,0.851287,-0.393987,0.043201,0,0.733429,99.000000,0,0,0,0,single,1,0
static_center_r08_s10008,17.728,0.854161,-0.393347,0.043095,0,0.736343,99.000000,0,0,0,0,single,1,0
static_center_r08_s10008,17.760,0.857030,-0.392692,0.042984,0,0.739255,99.000000,0,0,0,0,single,1,0
static_center_r08_s10008,17.792,0.859896,-0.392020,0.042867,0,0.742164,99.000000,0,0,0,0,single,1,0
static_center_r08_s10008,17.824,0.862759,-0.391335,0.042743,0,0.745072,99.000000,0,0,0,0,single,1,0
static_center_r08_s10008,17.856,0.865619,-0.390639,0.042610,0,0.747978,99.000000,0,0,0,0,single,1,0
static_center_r08_s10008,17.888,0.868474,-0.389920,0.042478,0,0.750882,99.000000,0,0,0,0,single,1,0
static_center_r08_s10008,17.920,0.871322,-0.389173,0.042355,0,0.753781,99.000000,0,0,0,0,single,1,0
static_center_r08_s10008,17.952,0.874162,-0.388394,0.042242,0,0.756674,99.000000,0,0,0,0,single,1,0
static_center_r08_s10008,17.984,0.876995,-0.387586,0.042139,0,0.759563,99.000000,0,0,0,0,single,1,0
static_center_r08_s10008,18.016,0.879817,-0.386744,0.042050,0,0.762445,99.000000,0,0,0,0,single,1,0
static_center_r08_s10008,18.048,0.882629,-0.385869,0.041974,0,0.765321,99.000000,0,0,0,0,single,1,0
static_center_r08_s10008,18.080,0.885431,-0.384959,0.041913,0,0.768189,99.000000,0,0,0,0,single,1,0
static_center_r08_s10008,18.112,0.888220,-0.384013,0.041869,0,0.771049,99.000000,0,0,0,0,single,1,0
static_center_r08_s10008,18.144,0.890998,-0.383034,0.041839,0,0.773901,99.000000,0,0,0,0,single,1,0
static_center_r08_s10008,18.176,0.893764,-0.382022,0.041823,0,0.776744,99.000000,0,0,0,0,single,1,0
static_center_r08_s10008,18.208,0.896517,-0.380977,0.041820,0,0.779579,99.000000,0,0,0,0,single,1,0
static_center_r08_s10008,18.240,0.899258,-0.379902,0.041830,0,0.782405,99.000000,0,0,0,0,single,1,0
static_center_r08_s10008,18.272,0.901989,-0.378800,0.041846,0,0.785223,99.000000,0,0,0,0,single,1,0
static_center_r08_s10008,18.304,0.904707,-0.377671,0.041870,0,0.788034,99.000000,0,0,0,0,single,1,0
static_center_r08_s10008,18.336,0.907416,-0.376517,0.041901,0,0.790837,99.000000,0,0,0,0,single,1,0
static_center_r08_s10008,18.368,0.910114,-0.375340,0.041936,0,0.793633,99.000000,0,0,0,0,single,1,0
static_center_r08_s10008,18.400,0.912802,-0.374141,0.041973,0,0.796423,99.000000,0,0,0,0,single,1,0
static_center_r08_s10008,18.432,0.915481,-0.372922,0.042011,0,0.799206,99.000000,0,0,0,0,single,1,0
static_center_r08_s10008,18.464,0.918153,-0.371690,0.042043,0,0.801985,99.000000,0,0,0,0,single,1,0
static_center_r08_s10008,18.496,0.920821,-0.370447,0.042065,0,0.804762,99.000000,0,0,0,0,single,1,0
static_center_r08_s10008,18.528,0.923482,-0.369191,0.042080,0,0.807536,99.000000,0,0,0,0,single,1,0
static_center_r08_s10008,18.560,0.926138,-0.367923,0.042089,0,0.810306,99.000000,0,0,0,0,single,1,0
static_center_r08_s10008,18.592,0.928790,-0.366645,0.042085,0,0.813074,99.000000,0,0,0,0,single,1,0
static_center_r08_s10008,18.624,0.931436,-0.365357,0.042072,0,0.815839,99.000000,0,0,0,0,single,1,0
static_center_r08_s10008,18.656,0.934075,-0.364053,0.042056,0,0.818600,99.000000,0,0,0,0,single,1,0
static_center_r08_s10008,18.688,0.936705,-0.362729,0.042041,0,0.821355,99.000000,0,0,0,0,single,1,0
static_center_r08_s10008,18.720,0.939324,-0.361384,0.042026,0,0.824103,99.000000,0,0,0,0,single,1,0
static_center_r08_s10008,18.752,0.941933,-0.360018,0.042016,0,0.826844,99.000000,0,0,0,0,single,1,0
static_center_r08_s10008,18.784,0.944529,-0.358628,0.042010,0,0.829576,99.000000,0,0,0,0,single,1,0
static_center_r08_s10008,18.816,0.947114,-0.357218,0.042007,0,0.832301,99.000000,0,0,0,0,single,1,0
static_center_r08_s10008,18.848,0.949686,-0.355785,0.042008,0,0.835018,99.000000,0,0,0,0,single,1,0
static_center_r08_s10008,18.880,0.952246,-0.354329,0.042014,0,0.837727,99.000000,0,0,0,0,single,1,0
static_center_r08_s10008,18.912,0.954793,-0.352852,0.042024,0,0.840427,99.000000,0,0,0,0,single,1,0
static_center_r08_s10008,18.944,0.957327,-0.351352,0.042038,0,0.843118,99.000000,0,0,0,0,single,1,0
static_center_r08_s10008,18.976,0.959849,-0.349831,0.042056,0,0.845801,99.000000,0,0,0,0,single,1,0
static_center_r08_s10008,19.008,0.962357,-0.348289,0.042078,0,0.848475,99.000000,0,0,0,0,single,1,0
static_center_r08_s10008,19.040,0.964853,-0.346728,0.042101,0,0.851141,99.000000,0,0,0,0,single,1,0
static_center_r08_s10008,19.072,0.967336,-0.345146,0.042126,0,0.853799,99.000000,0,0,0,0,single,1,0
static_center_r08_s10008,19.104,0.969807,-0.343546,0.042154,0,0.856449,99.000000,0,0,0,0,single,1,0
static_center_r08_s10008,19.136,0.972266,-0.341927,0.042181,0,0.859091,99.000000,0,0,0,0,single,1,0
static_center_r08_s10008,19.168,0.974713,-0.340291,0.042208,0,0.861726,99.000000,0,0,0,0,single,1,0
static_center_r08_s10008,19.200,0.977150,-0.338639,0.042233,0,0.864353,99.000000,0,0,0,0,single,1,0
static_center_r08_s10008,19.232,0.979578,-0.336976,0.042251,0,0.866977,99.000000,0,0,0,0,single,1,0
static_center_r08_s10008,19.264,0.982001,-0.335305,0.042257,0,0.869598,99.000000,0,0,0,0,single,1,0
static_center_r08_s10008,19.296,0.984418,-0.333625,0.042253,0,0.872217,99.000000,0,0,0,0,single,1,0
static_center_r08_s10008,19.328,0.986829,-0.331936,0.042239,0,0.874832,99.000000,0,0,0,0,single,1,0
static_center_r08_s10008,19.360,0.989235,-0.330242,0.042210,0,0.877446,99.000000,0,0,0,0,single,1,0
static_center_r08_s10008,19.392,0.991638,-0.328540,0.042167,0,0.880059,99.000000,0,0,0,0,single,1,0
static_center_r08_s10008,19.424,0.994033,-0.326829,0.042116,0,0.882669,99.000000,0,0,0,0,single,1,0
static_center_r08_s10008,19.456,0.996415,-0.325099,0.042067,0,0.885270,99.000000,0,0,0,0,single,1,0
static_center_r08_s10008,19.488,0.998785,-0.323351,0.042017,0,0.887864,99.000000,0,0,0,0,single,1,0
static_center_r08_s10008,19.520,1.001141,-0.321586,0.041969,0,0.890449,99.000000,0,0,0,0,single,1,0
static_center_r08_s10008,19.552,1.003482,-0.319800,0.041925,0,0.893025,99.000000,0,0,0,0,single,1,0
static_center_r08_s10008,19.584,1.005808,-0.317993,0.041886,0,0.895590,99.000000,0,0,0,0,single,1,0
static_center_r08_s10008,19.616,1.008116,-0.316163,0.041854,0,0.898144,99.000000,0,0,0,0,single,1,0
static_center_r08_s10008,19.648,1.010405,-0.314311,0.041831,0,0.900685,99.000000,0,0,0,0,single,1,0
static_center_r08_s10008,19.680,1.012675,-0.312434,0.041818,0,0.903212,99.000000,0,0,0,0,single,1,0
static_center_r08_s10008,19.712,1.014924,-0.310533,0.041814,0,0.905727,99.000000,0,0,0,0,single,1,0
static_center_r08_s10008,19.744,1.017154,-0.308609,0.041820,0,0.908227,99.000000,0,0,0,0,single,1,0
static_center_r08_s10008,19.776,1.019365,-0.306665,0.041832,0,0.910716,99.000000,0,0,0,0,single,1,0
static_center_r08_s10008,19.808,1.021558,-0.304699,0.041852,0,0.913191,99.000000,0,0,0,0,single,1,0
static_center_r08_s10008,19.840,1.023730,-0.302712,0.041879,0,0.915654,99.000000,0,0,0,0,single,1,0
static_center_r08_s10008,19.872,1.025885,-0.300707,0.041910,0,0.918105,99.000000,0,0,0,0,single,1,0
static_center_r08_s10008,19.904,1.028024,-0.298683,0.041945,0,0.920545,99.000000,0,0,0,0,single,1,0
static_center_r08_s10008,19.936,1.030146,-0.296644,0.041981,0,0.922976,99.000000,0,0,0,0,single,1,0
static_center_r08_s10008,19.968,1.032254,-0.294590,0.042016,0,0.925397,99.000000,0,0,0,0,single,1,0
static_center_r08_s10008,20.000,1.034351,-0.292525,0.042046,0,0.927812,99.000000,0,0,0,0,single,1,0
static_center_r08_s10008,20.032,1.036438,-0.290450,0.042069,0,0.930223,99.000000,0,0,0,0,single,1,0
static_center_r08_s10008,20.064,1.038518,-0.288369,0.042079,0,0.932631,99.000000,0,0,0,0,single,1,0
static_center_r08_s10008,20.096,1.040588,-0.286276,0.042084,0,0.935033,99.000000,0,0,0,0,single,1,0
static_center_r08_s10008,20.128,1.042648,-0.284174,0.042081,0,0.937432,99.000000,0,0,0,0,single,1,0
static_center_r08_s10008,20.160,1.044701,-0.282065,0.042067,0,0.939827,99.000000,0,0,0,0,single,1,0
static_center_r08_s10008,20.192,1.046743,-0.279944,0.042047,0,0.942216,99.000000,0,0,0,0,single,1,0
static_center_r08_s10008,20.224,1.048768,-0.277807,0.042031,0,0.944595,99.000000,0,0,0,0,single,1,0
static_center_r08_s10008,20.256,1.050775,-0.275653,0.042017,0,0.946963,99.000000,0,0,0,0,single,1,0
static_center_r08_s10008,20.288,1.052762,-0.273480,0.042010,0,0.949318,99.000000,0,0,0,0,single,1,0
static_center_r08_s10008,20.320,1.054730,-0.271290,0.042006,0,0.951661,99.000000,0,0,0,0,single,1,0
static_center_r08_s10008,20.352,1.056678,-0.269081,0.042010,0,0.953990,99.000000,0,0,0,0,single,1,0
static_center_r08_s10008,20.384,1.058603,-0.266852,0.042022,0,0.956304,99.000000,0,0,0,0,single,1,0
static_center_r08_s10008,20.416,1.060506,-0.264605,0.042042,0,0.958604,99.000000,0,0,0,0,single,1,0
static_center_r08_s10008,20.448,1.062385,-0.262337,0.042072,0,0.960888,99.000000,0,0,0,0,single,1,0
static_center_r08_s10008,20.480,1.064241,-0.260052,0.042109,0,0.963157,99.000000,0,0,0,0,single,1,0
static_center_r08_s10008,20.512,1.066078,-0.257750,0.042152,0,0.965413,99.000000,0,0,0,0,single,1,0
static_center_r08_s10008,20.544,1.067893,-0.255432,0.042199,1,0.967656,99.000000,0,0,0,0,single,1,0
static_center_r08_s10008,20.576,1.069687,-0.253098,0.042252,1,0.969884,99.000000,0,0,0,0,single,1,0
static_center_r08_s10008,20.608,1.071461,-0.250749,0.042309,1,0.972100,99.000000,0,0,0,0,single,1,0
static_center_r08_s10008,20.640,1.073215,-0.248385,0.042369,1,0.974304,99.000000,0,0,0,0,single,1,0
static_center_r08_s10008,20.672,1.074951,-0.246008,0.042430,1,0.976496,99.000000,0,0,0,0,single,1,0
static_center_r08_s10008,20.704,1.076670,-0.243619,0.042491,1,0.978678,99.000000,0,0,0,0,single,1,0
static_center_r08_s10008,20.736,1.078373,-0.241219,0.042550,1,0.980851,99.000000,0,0,0,0,single,1,0
static_center_r08_s10008,20.768,1.080064,-0.238811,0.042602,1,0.983018,99.000000,0,0,0,0,single,1,0
static_center_r08_s10008,20.800,1.081748,-0.236397,0.042642,1,0.985183,99.000000,0,0,0,0,single,1,0
static_center_r08_s10008,20.832,1.083422,-0.233977,0.042673,1,0.987344,99.000000,0,0,0,0,single,1,0
static_center_r08_s10008,20.864,1.085084,-0.231548,0.042697,1,0.989499,99.000000,0,0,0,0,single,1,0
static_center_r08_s10008,20.896,1.086735,-0.229111,0.042714,1,0.991649,99.000000,0,0,0,0,single,1,0
static_center_r08_s10008,20.928,1.088375,-0.226667,0.042722,1,0.993794,99.000000,0,0,0,0,single,1,0
static_center_r08_s10008,20.960,1.090000,-0.224213,0.042727,1,0.995932,99.000000,0,0,0,0,single,1,0
static_center_r08_s10008,20.992,1.091607,-0.221746,0.042732,1,0.998058,99.000000,0,0,0,0,single,1,0
static_center_r08_s10008,21.024,1.093197,-0.219268,0.042737,1,1.000175,99.000000,0,0,0,0,single,1,0
static_center_r08_s10008,21.056,1.094768,-0.216778,0.042744,1,1.002280,99.000000,0,0,0,0,single,1,0
static_center_r08_s10008,21.088,1.096317,-0.214274,0.042754,1,1.004371,99.000000,0,0,0,0,single,1,0
static_center_r08_s10008,21.120,1.097846,-0.211758,0.042767,1,1.006451,99.000000,0,0,0,0,single,1,0
static_center_r08_s10008,21.152,1.099355,-0.209229,0.042783,1,1.008517,99.000000,0,0,0,0,single,1,0
static_center_r08_s10008,21.184,1.100843,-0.206689,0.042801,1,1.010571,99.000000,0,0,0,0,single,1,0
static_center_r08_s10008,21.216,1.102310,-0.204136,0.042822,1,1.012612,99.000000,0,0,0,0,single,1,0
static_center_r08_s10008,21.248,1.103757,-0.201572,0.042845,1,1.014640,99.000000,0,0,0,0,single,1,0
static_center_r08_s10008,21.280,1.105183,-0.198996,0.042871,1,1.016655,99.000000,0,0,0,0,single,1,0
static_center_r08_s10008,21.312,1.106588,-0.196409,0.042899,1,1.018658,99.000000,0,0,0,0,single,1,0
static_center_r08_s10008,21.344,1.107974,-0.193812,0.042926,1,1.020650,99.000000,0,0,0,0,single,1,0
static_center_r08_s10008,21.376,1.109342,-0.191205,0.042955,1,1.022630,99.000000,0,0,0,0,single,1,0
static_center_r08_s10008,21.408,1.110689,-0.188589,0.042983,1,1.024598,99.000000,0,0,0,0,single,1,0
static_center_r08_s10008,21.440,1.112020,-0.185963,0.043010,1,1.026557,99.000000,0,0,0,0,single,1,0
static_center_r08_s10008,21.472,1.113332,-0.183328,0.043036,1,1.028505,99.000000,0,0,0,0,single,1,0
static_center_r08_s10008,21.504,1.114629,-0.180686,0.043058,1,1.030445,99.000000,0,0,0,0,single,1,0
static_center_r08_s10008,21.536,1.115913,-0.178039,0.043072,1,1.032379,99.000000,0,0,0,0,single,1,0
static_center_r08_s10008,21.568,1.117188,-0.175386,0.043075,1,1.034310,99.000000,0,0,0,0,single,1,0
static_center_r08_s10008,21.600,1.118453,-0.172729,0.043069,1,1.036238,99.000000,0,0,0,0,single,1,0
static_center_r08_s10008,21.632,1.119706,-0.170066,0.043054,1,1.038160,99.000000,0,0,0,0,single,1,0
static_center_r08_s10008,21.664,1.120949,-0.167398,0.043030,1,1.040078,99.000000,0,0,0,0,single,1,0
static_center_r08_s10008,21.696,1.122183,-0.164726,0.042993,1,1.041994,99.000000,0,0,0,0,single,1,0
static_center_r08_s10008,21.728,1.123404,-0.162047,0.042950,1,1.043904,99.000000,0,0,0,0,single,1,0
static_center_r08_s10008,21.760,1.124608,-0.159361,0.042904,1,1.045805,99.000000,0,0,0,0,single,1,0
static_center_r08_s10008,21.792,1.125795,-0.156667,0.042856,1,1.047696,99.000000,0,0,0,0,single,1,0
static_center_r08_s10008,21.824,1.126962,-0.153964,0.042809,1,1.049576,99.000000,0,0,0,0,single,1,0
static_center_r08_s10008,21.856,1.128107,-0.151251,0.042763,1,1.051442,99.000000,0,0,0,0,single,1,0
static_center_r08_s10008,21.888,1.129232,-0.148530,0.042719,1,1.053296,99.000000,0,0,0,0,single,1,0
static_center_r08_s10008,21.920,1.130334,-0.145800,0.042678,1,1.055136,99.000000,0,0,0,0,single,1,0
static_center_r08_s10008,21.952,1.131413,-0.143060,0.042640,1,1.056962,99.000000,0,0,0,0,single,1,0
static_center_r08_s10008,21.984,1.132468,-0.140311,0.042607,1,1.058773,99.000000,0,0,0,0,single,1,0
static_center_r08_s10008,22.016,1.133499,-0.137553,0.042578,1,1.060568,99.000000,0,0,0,0,single,1,0
static_center_r08_s10008,22.048,1.134504,-0.134785,0.042556,1,1.062346,99.000000,0,0,0,0,single,1,0
static_center_r08_s10008,22.080,1.135483,-0.132009,0.042540,1,1.064107,99.000000,0,0,0,0,single,1,0
static_center_r08_s10008,22.112,1.136439,-0.129224,0.042527,1,1.065854,99.000000,0,0,0,0,single,1,0
static_center_r08_s10008,22.144,1.137370,-0.126432,0.042519,1,1.067586,99.000000,0,0,0,0,single,1,0
static_center_r08_s10008,22.176,1.138278,-0.123632,0.042514,1,1.069302,99.000000,0,0,0,0,single,1,0
static_center_r08_s10008,22.208,1.139166,-0.120826,0.042509,1,1.071006,99.000000,0,0,0,0,single,1,0
static_center_r08_s10008,22.240,1.140030,-0.118013,0.042507,1,1.072696,99.000000,0,0,0,0,single,1,0
static_center_r08_s10008,22.272,1.140877,-0.115194,0.042502,1,1.074376,99.000000,0,0,0,0,single,1,0
static_center_r08_s10008,22.304,1.141705,-0.112371,0.042496,1,1.076045,99.000000,0,0,0,0,single,1,0
static_center_r08_s10008,22.336,1.142517,-0.109544,0.042484,1,1.077707,99.000000,0,0,0,0,single,1,0
static_center_r08_s10008,22.368,1.143321,-0.106713,0.042460,1,1.079366,99.000000,0,0,0,0,single,1,0
static_center_r08_s10008,22.400,1.144114,-0.103880,0.042426,1,1.081022,99.000000,0,0,0,0,single,1,0
static_center_r08_s10008,22.432,1.144896,-0.101044,0.042382,1,1.082673,99.000000,0,0,0,0,single,1,0
static_center_r08_s10008,22.464,1.145669,-0.098205,0.042326,1,1.084323,99.000000,0,0,0,0,single,1,0
static_center_r08_s10008,22.496,1.146432,-0.095363,0.042259,1,1.085970,99.000000,0,0,0,0,single,1,0
static_center_r08_s10008,22.528,1.147179,-0.092516,0.042188,1,1.087609,99.000000,0,0,0,0,single,1,0
static_center_r08_s10008,22.560,1.147905,-0.089663,0.042118,1,1.089234,99.000000,0,0,0,0,single,1,0
static_center_r08_s10008,22.592,1.148607,-0.086804,0.042051,1,1.090846,99.000000,0,0,0,0,single,1,0
static_center_r08_s10008,22.624,1.149286,-0.083939,0.041987,1,1.092442,99.000000,0,0,0,0,single,1,0
static_center_r08_s10008,22.656,1.149936,-0.081067,0.041931,1,1.094020,99.000000,0,0,0,0,single,1,0
static_center_r08_s10008,22.688,1.150557,-0.078188,0.041884,1,1.095578,99.000000,0,0,0,0,single,1,0
static_center_r08_s10008,22.720,1.151146,-0.075302,0.041847,1,1.097115,99.000000,0,0,0,0,single,1,0
static_center_r08_s10008,22.752,1.151705,-0.072411,0.041821,1,1.098631,99.000000,0,0,0,0,single,1,0
static_center_r08_s10008,22.784,1.152232,-0.069513,0.041806,1,1.100124,99.000000,0,0,0,0,single,1,0
static_center_r08_s10008,22.816,1.152728,-0.066611,0.041800,1,1.101597,99.000000,0,0,0,0,single,1,0
static_center_r08_s10008,22.848,1.153193,-0.063704,0.041806,1,1.103047,99.000000,0,0,0,0,single,1,0
static_center_r08_s10008,22.880,1.153627,-0.060793,0.041820,1,1.104476,99.000000,0,0,0,0,single,1,0
static_center_r08_s10008,22.912,1.154034,-0.057878,0.041842,1,1.105887,99.000000,0,0,0,0,single,1,0
static_center_r08_s10008,22.944,1.154412,-0.054960,0.041870,1,1.107278,99.000000,0,0,0,0,single,1,0
static_center_r08_s10008,22.976,1.154764,-0.052040,0.041904,1,1.108652,99.000000,0,0,0,0,single,1,0
static_center_r08_s10008,23.008,1.155092,-0.049118,0.041941,1,1.110009,99.000000,0,0,0,0,single,1,0
static_center_r08_s10008,23.040,1.155396,-0.046195,0.041980,1,1.111353,99.000000,0,0,0,0,single,1,0
static_center_r08_s10008,23.072,1.155680,-0.043270,0.042019,1,1.112683,99.000000,0,0,0,0,single,1,0
static_center_r08_s10008,23.104,1.155947,-0.040344,0.042053,1,1.114003,99.000000,0,0,0,0,single,1,0
static_center_r08_s10008,23.136,1.156202,-0.037417,0.042078,1,1.115320,99.000000,0,0,0,0,single,1,0
static_center_r08_s10008,23.168,1.156445,-0.034483,0.042095,1,1.116634,99.000000,0,0,0,0,single,1,0
static_center_r08_s10008,23.200,1.156677,-0.031549,0.042101,1,1.117944,99.000000,0,0,0,0,single,1,0
static_center_r08_s10008,23.232,1.156900,-0.028614,0.042095,1,1.119253,99.000000,0,0,0,0,single,1,0
static_center_r08_s10008,23.264,1.157114,-0.025678,0.042077,1,1.120560,99.000000,0,0,0,0,single,1,0
static_center_r08_s10008,23.296,1.157310,-0.022741,0.042055,1,1.121857,99.000000,0,0,0,0,single,1,0
static_center_r08_s10008,23.328,1.157487,-0.019802,0.042032,1,1.123143,99.000000,0,0,0,0,single,1,0
static_center_r08_s10008,23.360,1.157642,-0.016862,0.042009,1,1.124416,99.000000,0,0,0,0,single,1,0
static_center_r08_s10008,23.392,1.157774,-0.013920,0.041988,1,1.125674,99.000000,0,0,0,0,single,1,0
static_center_r08_s10008,23.424,1.157882,-0.010977,0.041971,1,1.126916,99.000000,0,0,0,0,single,1,0
static_center_r08_s10008,23.456,1.157962,-0.008033,0.041959,1,1.128140,99.000000,0,0,0,0,single,1,0
static_center_r08_s10008,23.488,1.158015,-0.005089,0.041954,1,1.129345,99.000000,0,0,0,0,single,1,0
static_center_r08_s10008,23.520,1.158039,-0.002144,0.041955,1,1.130531,99.000000,0,0,0,0,single,1,0
static_center_r08_s10008,23.552,1.158034,0.000801,0.041965,1,1.131696,99.000000,0,0,0,0,single,1,0
static_center_r08_s10008,23.584,1.158000,0.003746,0.041983,1,1.132841,99.000000,0,0,0,0,single,1,0
static_center_r08_s10008,23.616,1.157937,0.006690,0.042008,1,1.133966,99.000000,0,0,0,0,single,1,0
static_center_r08_s10008,23.648,1.157847,0.009633,0.042039,1,1.135072,99.000000,0,0,0,0,single,1,0
static_center_r08_s10008,23.680,1.157730,0.012575,0.042076,1,1.136160,99.000000,0,0,0,0,single,1,0
static_center_r08_s10008,23.712,1.157592,0.015516,0.042113,1,1.137234,99.000000,0,0,0,0,single,1,0
static_center_r08_s10008,23.744,1.157427,0.018456,0.042155,1,1.138291,99.000000,0,0,0,0,single,1,0
static_center_r08_s10008,23.776,1.157240,0.021394,0.042198,1,1.139333,99.000000,0,0,0,0,single,1,0
static_center_r08_s10008,23.808,1.157032,0.024330,0.042242,1,1.140362,99.000000,0,0,0,0,single,1,0
static_center_r08_s10008,23.840,1.156805,0.027265,0.042283,1,1.141379,99.000000,0,0,0,0,single,1,0
static_center_r08_s10008,23.872,1.156562,0.030199,0.042317,1,1.142389,99.000000,0,0,0,0,single,1,0
static_center_r08_s10008,23.904,1.156309,0.033132,0.042343,1,1.143395,99.000000,0,0,0,0,single,1,0
static_center_r08_s10008,23.936,1.156042,0.036063,0.042360,1,1.144395,99.000000,0,0,0,0,single,1,0
static_center_r08_s10008,23.968,1.155765,0.038993,0.042366,1,1.145392,99.000000,0,0,0,0,single,1,0
static_center_r08_s10008,24.000,1.155478,0.041923,0.042360,1,1.146387,99.000000,0,0,0,0,single,1,0
static_center_r08_s10008,24.032,1.155182,0.044852,0.042343,1,1.147380,99.000000,0,0,0,0,single,1,0
static_center_r08_s10008,24.064,1.154869,0.047779,0.042322,1,1.148363,99.000000,0,0,0,0,single,1,0
static_center_r08_s10008,24.096,1.154535,0.050705,0.042299,1,1.149334,99.000000,0,0,0,0,single,1,0
static_center_r08_s10008,24.128,1.154181,0.053627,0.042277,1,1.150291,99.000000,0,0,0,0,single,1,0
static_center_r08_s10008,24.160,1.153803,0.056548,0.042257,1,1.151234,99.000000,0,0,0,0,single,1,0
static_center_r08_s10008,24.192,1.153400,0.059465,0.042240,1,1.152159,99.000000,0,0,0,0,single,1,0
static_center_r08_s10008,24.224,1.152974,0.062378,0.042227,1,1.153068,99.000000,0,0,0,0,single,1,0
static_center_r08_s10008,24.256,1.152521,0.065288,0.042219,1,1.153959,99.000000,0,0,0,0,single,1,0
static_center_r08_s10008,24.288,1.152040,0.068194,0.042218,1,1.154829,99.000000,0,0,0,0,single,1,0
static_center_r08_s10008,24.320,1.151531,0.071094,0.042223,1,1.155680,99.000000,0,0,0,0,single,1,0
static_center_r08_s10008,24.352,1.150996,0.073990,0.042235,1,1.156512,99.000000,0,0,0,0,single,1,0
static_center_r08_s10008,24.384,1.150434,0.076881,0.042252,1,1.157324,99.000000,0,0,0,0,single,1,0
static_center_r08_s10008,24.416,1.149846,0.079766,0.042276,1,1.158117,99.000000,0,0,0,0,single,1,0
static_center_r08_s10008,24.448,1.149231,0.082645,0.042305,1,1.158890,99.000000,0,0,0,0,single,1,0
static_center_r08_s10008,24.480,1.148594,0.085520,0.042335,1,1.159650,99.000000,0,0,0,0,single,1,0
static_center_r08_s10008,24.512,1.147934,0.088389,0.042367,1,1.160393,99.000000,0,0,0,0,single,1,0
static_center_r08_s10008,24.544,1.147252,0.091253,0.042402,1,1.161121,99.000000,0,0,0,0,single,1,0
static_center_r08_s10008,24.576,1.146549,0.094112,0.042436,1,1.161835,99.000000,0,0,0,0,single,1,0
static_center_r08_s10008,24.608,1.145825,0.096965,0.042471,1,1.162535,99.000000,0,0,0,0,single,1,0
static_center_r08_s10008,24.640,1.145087,0.099815,0.042499,1,1.163228,99.000000,0,0,0,0,single,1,0
static_center_r08_s10008,24.672,1.144338,0.102661,0.042518,1,1.163917,99.000000,0,0,0,0,single,1,0
static_center_r08_s10008,24.704,1.143576,0.105505,0.042528,1,1.164600,99.000000,0,0,0,0,single,1,0
static_center_r08_s10008,24.736,1.142802,0.108344,0.042530,1,1.165278,99.000000,0,0,0,0,single,1,0
static_center_r08_s10008,24.768,1.142019,0.111182,0.042519,1,1.165954,99.000000,0,0,0,0,single,1,0
static_center_r08_s10008,24.800,1.141227,0.114017,0.042497,1,1.166627,99.000000,0,0,0,0,single,1,0
static_center_r08_s10008,24.832,1.140420,0.116848,0.042469,1,1.167294,99.000000,0,0,0,0,single,1,0
static_center_r08_s10008,24.864,1.139594,0.119674,0.042440,1,1.167947,99.000000,0,0,0,0,single,1,0
static_center_r08_s10008,24.896,1.138747,0.122494,0.042411,1,1.168586,99.000000,0,0,0,0,single,1,0
static_center_r08_s10008,24.928,1.137877,0.125307,0.042384,1,1.169210,99.000000,0,0,0,0,single,1,0
static_center_r08_s10008,24.960,1.136986,0.128114,0.042359,1,1.169819,99.000000,0,0,0,0,single,1,0
static_center_r08_s10008,24.992,1.136071,0.130913,0.042337,1,1.170410,99.000000,0,0,0,0,single,1,0
static_center_r08_s10008,25.024,1.135130,0.133703,0.042321,1,1.170982,99.000000,0,0,0,0,single,1,0
static_center_r08_s10008,25.056,1.134163,0.136485,0.042312,1,1.171534,99.000000,0,0,0,0,single,1,0
static_center_r08_s10008,25.088,1.133170,0.139257,0.042309,1,1.172066,99.000000,0,0,0,0,single,1,0
static_center_r08_s10008,25.120,1.132151,0.142020,0.042313,1,1.172577,99.000000,0,0,0,0,single,1,0
static_center_r08_s10008,25.152,1.131106,0.144773,0.042322,1,1.173069,99.000000,0,0,0,0,single,1,0
static_center_r08_s10008,25.184,1.130036,0.147517,0.042338,1,1.173541,99.000000,0,0,0,0,single,1,0
static_center_r08_s10008,25.216,1.128941,0.150250,0.042359,1,1.173994,99.000000,0,0,0,0,single,1,0
static_center_r08_s10008,25.248,1.127823,0.152974,0.042384,1,1.174429,99.000000,0,0,0,0,single,1,0
static_center_r08_s10008,25.280,1.126682,0.155688,0.042412,1,1.174847,99.000000,0,0,0,0,single,1,0
static_center_r08_s10008,25.312,1.125519,0.158392,0.042443,1,1.175249,99.000000,0,0,0,0,single,1,0
static_center_r08_s10008,25.344,1.124335,0.161088,0.042476,1,1.175635,99.000000,0,0,0,0,single,1,0
static_center_r08_s10008,25.376,1.123132,0.163775,0.042508,1,1.176007,99.000000,0,0,0,0,single,1,0
static_center_r08_s10008,25.408,1.121914,0.166454,0.042536,1,1.176370,99.000000,0,0,0,0,single,1,0
static_center_r08_s10008,25.440,1.120685,0.169129,0.042554,1,1.176729,99.000000,0,0,0,0,single,1,0
static_center_r08_s10008,25.472,1.119447,0.171799,0.042561,1,1.177085,99.000000,0,0,0,0,single,1,0
static_center_r08_s10008,25.504,1.118197,0.174464,0.042561,1,1.177434,99.000000,0,0,0,0,single,1,0
static_center_r08_s10008,25.536,1.116936,0.177124,0.042550,1,1.177780,99.000000,0,0,0,0,single,1,0
static_center_r08_s10008,25.568,1.115668,0.179780,0.042528,1,1.178124,99.000000,0,0,0,0,single,1,0
static_center_r08_s10008,25.600,1.114388,0.182431,0.042496,1,1.178463,99.000000,0,0,0,0,single,1,0
static_center_r08_s10008,25.632,1.113088,0.185072,0.042465,1,1.178788,99.000000,0,0,0,0,single,1,0
static_center_r08_s10008,25.664,1.111769,0.187705,0.042434,1,1.179099,99.000000,0,0,0,0,single,1,0
static_center_r08_s10008,25.696,1.110432,0.190328,0.042402,1,1.179396,99.000000,0,0,0,0,single,1,0
static_center_r08_s10008,25.728,1.109073,0.192940,0.042373,1,1.179677,99.000000,0,0,0,0,single,1,0
static_center_r08_s10008,25.760,1.107693,0.195541,0.042348,1,1.179941,99.000000,0,0,0,0,single,1,0
static_center_r08_s10008,25.792,1.106288,0.198130,0.042327,1,1.180185,99.000000,0,0,0,0,single,1,0
static_center_r08_s10008,25.824,1.104859,0.200705,0.042314,1,1.180409,99.000000,0,0,0,0,single,1,0
static_center_r08_s10008,25.856,1.103406,0.203266,0.042308,1,1.180612,99.000000,0,0,0,0,single,1,0
static_center_r08_s10008,25.888,1.101929,0.205813,0.042308,1,1.180794,99.000000,0,0,0,0,single,1,0
static_center_r08_s10008,25.920,1.100428,0.208347,0.042314,1,1.180957,99.000000,0,0,0,0,single,1,0
static_center_r08_s10008,25.952,1.098904,0.210866,0.042326,1,1.181100,99.000000,0,0,0,0,single,1,0
static_center_r08_s10008,25.984,1.097356,0.213372,0.042343,1,1.181223,99.000000,0,0,0,0,single,1,0
static_center_r08_s10008,26.016,1.095788,0.215863,0.042365,1,1.181328,99.000000,0,0,0,0,single,1,0
static_center_r08_s10008,26.048,1.094199,0.218342,0.042390,1,1.181416,99.000000,0,0,0,0,single,1,0
static_center_r08_s10008,26.080,1.092590,0.220807,0.042417,1,1.181488,99.000000,0,0,0,0,single,1,0
static_center_r08_s10008,26.112,1.090961,0.223260,0.042447,1,1.181543,99.000000,0,0,0,0,single,1,0
static_center_r08_s10008,26.144,1.089316,0.225700,0.042476,1,1.181585,99.000000,0,0,0,0,single,1,0
static_center_r08_s10008,26.176,1.087656,0.228131,0.042501,1,1.181618,99.000000,0,0,0,0,single,1,0
static_center_r08_s10008,26.208,1.085985,0.230554,0.042518,1,1.181644,99.000000,0,0,0,0,single,1,0
static_center_r08_s10008,26.240,1.084306,0.232972,0.042524,1,1.181667,99.000000,0,0,0,0,single,1,0
static_center_r08_s10008,26.272,1.082616,0.235381,0.042523,1,1.181684,99.000000,0,0,0,0,single,1,0
static_center_r08_s10008,26.304,1.080917,0.237784,0.042511,1,1.181697,99.000000,0,0,0,0,single,1,0
static_center_r08_s10008,26.336,1.079210,0.240182,0.042487,1,1.181709,99.000000,0,0,0,0,single,1,0
static_center_r08_s10008,26.368,1.077493,0.242573,0.042454,1,1.181715,99.000000,0,0,0,0,single,1,0
static_center_r08_s10008,26.400,1.075758,0.244952,0.042422,1,1.181707,99.000000,0,0,0,0,single,1,0
static_center_r08_s10008,26.432,1.074006,0.247318,0.042390,1,1.181685,99.000000,0,0,0,0,single,1,0
static_center_r08_s10008,26.464,1.072237,0.249672,0.042358,1,1.181649,99.000000,0,0,0,0,single,1,0
static_center_r08_s10008,26.496,1.070449,0.252011,0.042327,1,1.181598,99.000000,0,0,0,0,single,1,0
static_center_r08_s10008,26.528,1.068641,0.254336,0.042301,1,1.181528,99.000000,0,0,0,0,single,1,0
static_center_r08_s10008,26.560,1.066812,0.256644,0.042280,1,1.181439,99.000000,0,0,0,0,single,1,0
static_center_r08_s10008,26.592,1.064961,0.258934,0.042266,1,1.181329,99.000000,0,0,0,0,single,1,0
static_center_r08_s10008,26.624,1.063088,0.261207,0.042259,1,1.181199,99.000000,0,0,0,0,single,1,0
static_center_r08_s10008,26.656,1.061194,0.263462,0.042258,1,1.181048,99.000000,0,0,0,0,single,1,0
static_center_r08_s10008,26.688,1.059279,0.265699,0.042263,1,1.180877,99.000000,0,0,0,0,single,1,0
static_center_r08_s10008,26.720,1.057344,0.267918,0.042274,1,1.180686,99.000000,0,0,0,0,single,1,0
static_center_r08_s10008,26.752,1.055388,0.270119,0.042291,1,1.180476,99.000000,0,0,0,0,single,1,0
static_center_r08_s10008,26.784,1.053412,0.272302,0.042314,1,1.180245,99.000000,0,0,0,0,single,1,0
static_center_r08_s10008,26.816,1.051418,0.274468,0.042341,1,1.179997,99.000000,0,0,0,0,single,1,0
static_center_r08_s10008,26.848,1.049406,0.276617,0.042372,1,1.179732,99.000000,0,0,0,0,single,1,0
static_center_r08_s10008,26.880,1.047377,0.278749,0.042405,1,1.179450,99.000000,0,0,0,0,single,1,0
static_center_r08_s10008,26.912,1.045332,0.280867,0.042437,1,1.179155,99.000000,0,0,0,0,single,1,0
static_center_r08_s10008,26.944,1.043275,0.282971,0.042468,1,1.178848,99.000000,0,0,0,0,single,1,0
static_center_r08_s10008,26.976,1.041208,0.285066,0.042490,1,1.178535,99.000000,0,0,0,0,single,1,0
static_center_r08_s10008,27.008,1.039133,0.287154,0.042501,1,1.178220,99.000000,0,0,0,0,single,1,0
static_center_r08_s10008,27.040,1.037049,0.289232,0.042504,1,1.177898,99.000000,0,0,0,0,single,1,0
static_center_r08_s10008,27.072,1.034958,0.291303,0.042497,1,1.177573,99.000000,0,0,0,0,single,1,0
static_center_r08_s10008,27.104,1.032860,0.293367,0.042479,1,1.177245,99.000000,0,0,0,0,single,1,0
static_center_r08_s10008,27.136,1.030752,0.295422,0.042451,1,1.176913,99.000000,0,0,0,0,single,1,0
static_center_r08_s10008,27.168,1.028632,0.297464,0.042421,1,1.176569,99.000000,0,0,0,0,single,1,0
static_center_r08_s10008,27.200,1.026497,0.299491,0.042390,1,1.176212,99.000000,0,0,0,0,single,1,0
static_center_r08_s10008,27.232,1.024347,0.301503,0.042359,1,1.175841,99.000000,0,0,0,0,single,1,0
static_center_r08_s10008,27.264,1.022182,0.303498,0.042331,1,1.175454,99.000000,0,0,0,0,single,1,0
static_center_r08_s10008,27.296,1.019999,0.305475,0.042306,1,1.175049,99.000000,0,0,0,0,single,1,0
static_center_r08_s10008,27.328,1.017798,0.307431,0.042287,1,1.174625,99.000000,0,0,0,0,single,1,0
static_center_r08_s10008,27.360,1.015580,0.309368,0.042273,1,1.174182,99.000000,0,0,0,0,single,1,0
static_center_r08_s10008,27.392,1.013343,0.311284,0.042266,1,1.173719,99.000000,0,0,0,0,single,1,0
static_center_r08_s10008,27.424,1.011089,0.313178,0.042265,1,1.173235,99.000000,0,0,0,0,single,1,0
static_center_r08_s10008,27.456,1.008817,0.315051,0.042270,1,1.172731,99.000000,0,0,0,0,single,1,0
static_center_r08_s10008,27.488,1.006527,0.316903,0.042282,1,1.172208,99.000000,0,0,0,0,single,1,0
static_center_r08_s10008,27.520,1.004221,0.318733,0.042300,1,1.171664,99.000000,0,0,0,0,single,1,0
static_center_r08_s10008,27.552,1.001898,0.320542,0.042324,1,1.171102,99.000000,0,0,0,0,single,1,0
static_center_r08_s10008,27.584,0.999560,0.322331,0.042351,1,1.170522,99.000000,0,0,0,0,single,1,0
static_center_r08_s10008,27.616,0.997206,0.324100,0.042383,1,1.169924,99.000000,0,0,0,0,single,1,0
static_center_r08_s10008,27.648,0.994839,0.325850,0.042416,1,1.169310,99.000000,0,0,0,0,single,1,0
static_center_r08_s10008,27.680,0.992459,0.327581,0.042452,1,1.168681,99.000000,0,0,0,0,single,1,0
static_center_r08_s10008,27.712,0.990069,0.329298,0.042483,1,1.168043,99.000000,0,0,0,0,single,1,0
static_center_r08_s10008,27.744,0.987667,0.330998,0.042513,1,1.167392,99.000000,0,0,0,0,single,1,0
static_center_r08_s10008,27.776,0.985259,0.332690,0.042533,1,1.166737,99.000000,0,0,0,0,single,1,0
static_center_r08_s10008,27.808,0.982844,0.334373,0.042543,1,1.166079,99.000000,0,0,0,0,single,1,0
static_center_r08_s10008,27.840,0.980424,0.336046,0.042542,1,1.165417,99.000000,0,0,0,0,single,1,0
static_center_r08_s10008,27.872,0.977997,0.337712,0.042530,1,1.164753,99.000000,0,0,0,0,single,1,0
static_center_r08_s10008,27.904,0.975565,0.339369,0.042506,1,1.164086,99.000000,0,0,0,0,single,1,0
static_center_r08_s10008,27.936,0.973122,0.341011,0.042481,1,1.163406,99.000000,0,0,0,0,single,1,0
static_center_r08_s10008,27.968,0.970667,0.342636,0.042455,1,1.162715,99.000000,0,0,0,0,single,1,0
static_center_r08_s10008,28.000,0.968200,0.344243,0.042429,1,1.162009,99.000000,0,0,0,0,single,1,0
static_center_r08_s10008,28.032,0.965720,0.345830,0.042405,1,1.161287,99.000000,0,0,0,0,single,1,0
static_center_r08_s10008,28.064,0.963227,0.347396,0.042385,1,1.160548,99.000000,0,0,0,0,single,1,0
static_center_r08_s10008,28.096,0.960720,0.348942,0.042368,1,1.159793,99.000000,0,0,0,0,single,1,0
static_center_r08_s10008,28.128,0.958200,0.350464,0.042357,1,1.159018,99.000000,0,0,0,0,single,1,0
static_center_r08_s10008,28.160,0.955666,0.351965,0.042351,1,1.158225,99.000000,0,0,0,0,single,1,0
static_center_r08_s10008,28.192,0.953118,0.353440,0.042352,1,1.157412,99.000000,0,0,0,0,single,1,0
static_center_r08_s10008,28.224,0.950556,0.354892,0.042359,1,1.156579,99.000000,0,0,0,0,single,1,0
static_center_r08_s10008,28.256,0.947981,0.356320,0.042372,1,1.155727,99.000000,0,0,0,0,single,1,0
static_center_r08_s10008,28.288,0.945394,0.357725,0.042390,1,1.154857,99.000000,0,0,0,0,single,1,0
static_center_r08_s10008,28.320,0.942797,0.359110,0.042409,1,1.153973,99.000000,0,0,0,0,single,1,0
static_center_r08_s10008,28.352,0.940188,0.360474,0.042431,1,1.153072,99.000000,0,0,0,0,single,1,0
static_center_r08_s10008,28.384,0.937568,0.361817,0.042455,1,1.152156,99.000000,0,0,0,0,single,1,0
static_center_r08_s10008,28.416,0.934939,0.363140,0.042479,1,1.151227,99.000000,0,0,0,0,single,1,0
static_center_r08_s10008,28.448,0.932301,0.364444,0.042504,1,1.150283,99.000000,0,0,0,0,single,1,0
static_center_r08_s10008,28.480,0.929655,0.365732,0.042525,1,1.149330,99.000000,0,0,0,0,single,1,0
static_center_r08_s10008,28.512,0.926999,0.367001,0.042546,1,1.148364,99.000000,0,0,0,0,single,1,0
static_center_r08_s10008,28.544,0.924337,0.368257,0.042561,1,1.147390,99.000000,0,0,0,0,single,1,0
static_center_r08_s10008,28.576,0.921677,0.369519,0.042548,1,1.146428,99.000000,0,0,0,0,single,1,0
static_center_r08_s10008,28.608,0.919010,0.370764,0.042532,1,1.145457,99.000000,0,0,0,0,single,1,0
static_center_r08_s10008,28.640,0.916340,0.372001,0.042503,1,1.144484,99.000000,0,0,0,0,single,1,0
static_center_r08_s10008,28.672,0.913665,0.373229,0.042463,1,1.143508,99.000000,0,0,0,0,single,1,0
static_center_r08_s10008,28.704,0.910983,0.374441,0.042420,1,1.142522,99.000000,0,0,0,0,single,1,0
static_center_r08_s10008,28.736,0.908292,0.375634,0.042376,1,1.141524,99.000000,0,0,0,0,single,1,0
static_center_r08_s10008,28.768,0.905592,0.376808,0.042332,1,1.140511,99.000000,0,0,0,0,single,1,0
static_center_r08_s10008,28.800,0.902882,0.377960,0.042291,1,1.139483,99.000000,0,0,0,0,single,1,0
static_center_r08_s10008,28.832,0.900163,0.379088,0.042254,1,1.138438,99.000000,0,0,0,0,single,1,0
static_center_r08_s10008,28.864,0.897433,0.380192,0.042223,1,1.137374,99.000000,0,0,0,0,single,1,0
static_center_r08_s10008,28.896,0.894692,0.381269,0.042199,1,1.136290,99.000000,0,0,0,0,single,1,0
static_center_r08_s10008,28.928,0.891940,0.382318,0.042184,1,1.135185,99.000000,0,0,0,0,single,1,0
static_center_r08_s10008,28.960,0.889178,0.383339,0.042177,1,1.134059,99.000000,0,0,0,0,single,1,0
static_center_r08_s10008,28.992,0.886406,0.384333,0.042179,1,1.132912,99.000000,0,0,0,0,single,1,0
static_center_r08_s10008,29.024,0.883625,0.385298,0.042188,1,1.131745,99.000000,0,0,0,0,single,1,0
static_center_r08_s10008,29.056,0.880834,0.386236,0.042206,1,1.130557,99.000000,0,0,0,0,single,1,0
static_center_r08_s10008,29.088,0.878035,0.387149,0.042229,1,1.129352,99.000000,0,0,0,0,single,1,0
static_center_r08_s10008,29.120,0.875229,0.388036,0.042258,1,1.128129,99.000000,0,0,0,0,single,1,0
static_center_r08_s10008,29.152,0.872415,0.388898,0.042290,1,1.126889,99.000000,0,0,0,0,single,1,0
static_center_r08_s10008,29.184,0.869594,0.389737,0.042327,1,1.125633,99.000000,0,0,0,0,single,1,0
static_center_r08_s10008,29.216,0.866767,0.390552,0.042365,1,1.124362,99.000000,0,0,0,0,single,1,0
static_center_r08_s10008,29.248,0.863936,0.391350,0.042402,1,1.123081,99.000000,0,0,0,0,single,1,0
static_center_r08_s10008,29.280,0.861099,0.392128,0.042437,1,1.121787,99.000000,0,0,0,0,single,1,0
static_center_r08_s10008,29.312,0.858257,0.392891,0.042467,1,1.120486,99.000000,0,0,0,0,single,1,0
static_center_r08_s10008,29.344,0.855415,0.393654,0.042476,1,1.119191,99.000000,0,0,0,0,single,1,0
static_center_r08_s10008,29.376,0.852570,0.394401,0.042480,1,1.117887,99.000000,0,0,0,0,single,1,0
static_center_r08_s10008,29.408,0.849722,0.395137,0.042474,1,1.116580,99.000000,0,0,0,0,single,1,0
static_center_r08_s10008,29.440,0.846871,0.395864,0.042456,1,1.115270,99.000000,0,0,0,0,single,1,0
static_center_r08_s10008,29.472,0.844016,0.396576,0.042432,1,1.113952,99.000000,0,0,0,0,single,1,0
static_center_r08_s10008,29.504,0.841155,0.397268,0.042408,1,1.112622,99.000000,0,0,0,0,single,1,0
static_center_r08_s10008,29.536,0.838289,0.397939,0.042385,1,1.111278,99.000000,0,0,0,0,single,1,0
static_center_r08_s10008,29.568,0.835418,0.398589,0.042361,1,1.109921,99.000000,0,0,0,0,single,1,0
static_center_r08_s10008,29.600,0.832541,0.399216,0.042340,1,1.108550,99.000000,0,0,0,0,single,1,0
static_center_r08_s10008,29.632,0.829659,0.399818,0.042323,1,1.107162,99.000000,0,0,0,0,single,1,0
static_center_r08_s10008,29.664,0.826772,0.400394,0.042312,1,1.105756,99.000000,0,0,0,0,single,1,0
static_center_r08_s10008,29.696,0.823879,0.400944,0.042306,1,1.104333,99.000000,0,0,0,0,single,1,0
static_center_r08_s10008,29.728,0.820981,0.401466,0.042307,1,1.102892,99.000000,0,0,0,0,single,1,0
static_center_r08_s10008,29.760,0.818079,0.401961,0.042314,1,1.101432,99.000000,0,0,0,0,single,1,0
static_center_r08_s10008,29.792,0.815172,0.402429,0.042328,1,1.099954,99.000000,0,0,0,0,single,1,0
static_center_r08_s10008,29.824,0.812262,0.402869,0.042349,1,1.098459,99.000000,0,0,0,0,single,1,0
static_center_r08_s10008,29.856,0.809348,0.403284,0.042373,1,1.096947,99.000000,0,0,0,0,single,1,0
static_center_r08_s10008,29.888,0.806431,0.403673,0.042401,1,1.095420,99.000000,0,0,0,0,single,1,0
static_center_r08_s10008,29.920,0.803512,0.404040,0.042432,1,1.093879,99.000000,0,0,0,0,single,1,0
static_center_r08_s10008,29.952,0.800590,0.404384,0.042464,1,1.092325,99.000000,0,0,0,0,single,1,0
static_center_r08_s10008,29.984,0.797667,0.404708,0.042495,1,1.090760,99.000000,0,0,0,0,single,1,0
static_center_r08_s10008,30.016,0.794742,0.405014,0.042522,1,1.089186,99.000000,0,0,0,0,single,1,0
static_center_r08_s10008,30.048,0.791816,0.405304,0.042545,1,1.087604,99.000000,0,0,0,0,single,1,0
static_center_r08_s10008,30.080,0.788889,0.405577,0.042563,1,1.086013,99.000000,0,0,0,0,single,1,0
static_center_r08_s10008,30.112,0.785956,0.405837,0.042573,1,1.084415,99.000000,0,0,0,0,single,1,0
static_center_r08_s10008,30.144,0.783023,0.406082,0.042577,1,1.082809,99.000000,0,0,0,0,single,1,0
static_center_r08_s10008,30.176,0.780088,0.406307,0.042580,1,1.081193,99.000000,0,0,0,0,single,1,0
static_center_r08_s10008,30.208,0.777153,0.406539,0.042555,1,1.079588,99.000000,0,0,0,0,single,1,0
static_center_r08_s10008,30.240,0.774217,0.406753,0.042527,1,1.077973,99.000000,0,0,0,0,single,1,0
static_center_r08_s10008,30.272,0.771278,0.406936,0.042508,1,1.076337,99.000000,0,0,0,0,single,1,0
static_center_r08_s10008,30.304,0.768337,0.407093,0.042494,1,1.074686,99.000000,0,0,0,0,single,1,0
static_center_r08_s10008,30.336,0.765395,0.407223,0.042486,1,1.073018,99.000000,0,0,0,0,single,1,0
static_center_r08_s10008,30.368,0.762453,0.407328,0.042482,1,1.071334,99.000000,0,0,0,0,single,1,0
static_center_r08_s10008,30.400,0.759509,0.407409,0.042480,1,1.069637,99.000000,0,0,0,0,single,1,0
static_center_r08_s10008,30.432,0.756565,0.407466,0.042481,1,1.067925,99.000000,0,0,0,0,single,1,0
static_center_r08_s10008,30.464,0.753621,0.407501,0.042483,1,1.066200,99.000000,0,0,0,0,single,1,0
static_center_r08_s10008,30.496,0.750677,0.407513,0.042486,1,1.064463,99.000000,0,0,0,0,single,1,0
static_center_r08_s10008,30.528,0.747732,0.407506,0.042494,1,1.062716,99.000000,0,0,0,0,single,1,0
static_center_r08_s10008,30.560,0.744788,0.407479,0.042521,1,1.060958,99.000000,0,0,0,0,single,1,0
static_center_r08_s10008,30.592,0.741845,0.407434,0.042566,1,1.059190,99.000000,0,0,0,0,single,1,0
static_center_r08_s10008,30.624,0.738902,0.407372,0.042628,1,1.057415,99.000000,0,0,0,0,single,1,0
static_center_r08_s10008,30.656,0.735959,0.407293,0.042707,1,1.055631,99.000000,0,0,0,0,single,1,0
static_center_r08_s10008,30.688,0.733016,0.407198,0.042802,1,1.053839,99.000000,0,0,0,0,single,1,0
static_center_r08_s10008,30.720,0.730074,0.407088,0.042912,1,1.052041,99.000000,0,0,0,0,single,1,0
static_center_r08_s10008,30.752,0.727133,0.406962,0.043038,1,1.050236,99.000000,0,0,0,0,single,1,0
static_center_r08_s10008,30.784,0.724193,0.406824,0.043176,1,1.048425,99.000000,0,0,0,0,single,1,0
static_center_r08_s10008,30.816,0.721253,0.406671,0.043329,1,1.046609,99.000000,0,0,0,0,single,1,0
static_center_r08_s10008,30.848,0.718314,0.406505,0.043495,1,1.044787,99.000000,0,0,0,0,single,1,0
static_center_r08_s10008,30.880,0.715375,0.406328,0.043672,1,1.042961,99.000000,0,0,0,0,single,1,0
static_center_r08_s10008,30.912,0.712437,0.406138,0.043862,1,1.041131,99.000000,0,0,0,0,single,1,0
static_center_r08_s10008,30.944,0.709500,0.405936,0.044064,1,1.039296,99.000000,0,0,0,0,single,1,0
static_center_r08_s10008,30.976,0.706564,0.405724,0.044276,1,1.037459,99.000000,0,0,0,0,single,1,0
static_center_r08_s10008,31.008,0.703628,0.405502,0.044498,1,1.035618,99.000000,0,0,0,0,single,1,0
static_center_r08_s10008,31.040,0.700694,0.405269,0.044731,1,1.033775,99.000000,0,0,0,0,single,1,0
static_center_r08_s10008,31.072,0.697760,0.405028,0.044972,1,1.031929,99.000000,0,0,0,0,single,1,0
static_center_r08_s10008,31.104,0.694826,0.404778,0.045222,1,1.030083,99.000000,0,0,0,0,single,1,0
static_center_r08_s10008,31.136,0.691894,0.404521,0.045479,1,1.028236,99.000000,0,0,0,0,single,1,0
static_center_r08_s10008,31.168,0.688961,0.404259,0.045741,1,1.026389,99.000000,0,0,0,0,single,1,0
static_center_r08_s10008,31.200,0.686030,0.403991,0.046009,1,1.024544,99.000000,0,0,0,0,single,1,0
static_center_r08_s10008,31.232,0.683098,0.403718,0.046282,1,1.022699,99.000000,0,0,0,0,single,1,0
static_center_r08_s10008,31.264,0.680168,0.403439,0.046561,1,1.020856,99.000000,0,0,0,0,single,1,0
static_center_r08_s10008,31.296,0.677237,0.403155,0.046845,1,1.019013,99.000000,0,0,0,0,single,1,0
static_center_r08_s10008,31.328,0.674308,0.402865,0.047135,1,1.017170,99.000000,0,0,0,0,single,1,0
static_center_r08_s10008,31.360,0.671378,0.402572,0.047428,1,1.015331,99.000000,0,0,0,0,single,1,0
static_center_r08_s10008,31.392,0.668449,0.402274,0.047726,1,1.013493,99.000000,0,0,0,0,single,1,0
static_center_r08_s10008,31.424,0.665521,0.401973,0.048027,1,1.011658,99.000000,0,0,0,0,single,1,0
static_center_r08_s10008,31.456,0.662592,0.401673,0.048327,1,1.009828,99.000000,0,0,0,0,single,1,0
static_center_r08_s10008,31.488,0.659664,0.401372,0.048628,1,1.008003,99.000000,0,0,0,0,single,1,0
static_center_r08_s10008,31.520,0.656735,0.401070,0.048930,1,1.006183,99.000000,0,0,0,0,single,1,0
static_center_r08_s10008,31.552,0.653807,0.400768,0.049232,1,1.004368,99.000000,0,0,0,0,single,1,0
static_center_r08_s10008,31.584,0.650878,0.400465,0.049535,1,1.002558,99.000000,0,0,0,0,single,1,0
static_center_r08_s10008,31.616,0.647950,0.400161,0.049839,1,1.000753,99.000000,0,0,0,0,single,1,0
static_center_r08_s10008,31.648,0.645022,0.399857,0.050143,1,0.998952,99.000000,0,0,0,0,single,1,0
static_center_r08_s10008,31.680,0.642094,0.399552,0.050448,1,0.997156,99.000000,0,0,0,0,single,1,0
static_center_r08_s10008,31.712,0.639166,0.399246,0.050754,1,0.995365,99.000000,0,0,0,0,single,1,0
static_center_r08_s10008,31.744,0.636238,0.398939,0.051061,1,0.993579,99.000000,0,0,0,0,single,1,0
static_center_r08_s10008,31.776,0.633310,0.398632,0.051368,1,0.991798,99.000000,0,0,0,0,single,1,0
static_center_r08_s10008,31.808,0.630382,0.398328,0.051672,1,0.990025,99.000000,0,0,0,0,single,1,0
static_center_r08_s10008,31.840,0.627453,0.398027,0.051973,1,0.988260,99.000000,0,0,0,0,single,1,0
static_center_r08_s10008,31.872,0.624524,0.397728,0.052272,1,0.986503,99.000000,0,0,0,0,single,1,0
static_center_r08_s10008,31.904,0.621595,0.397433,0.052567,1,0.984754,99.000000,0,0,0,0,single,1,0
static_center_r08_s10008,31.936,0.618665,0.397142,0.052858,1,0.983014,99.000000,0,0,0,0,single,1,0
static_center_r08_s10008,31.968,0.615735,0.396856,0.053144,1,0.981284,99.000000,0,0,0,0,single,1,0
static_center_r08_s10008,32.000,0.612805,0.396576,0.053424,1,0.979565,99.000000,0,0,0,0,single,1,0
static_center_r08_s10008,32.032,0.609873,0.396305,0.053695,1,0.977859,99.000000,0,0,0,0,single,1,0
static_center_r08_s10008,32.064,0.606941,0.396041,0.053959,1,0.976165,99.000000,0,0,0,0,single,1,0
static_center_r08_s10008,32.096,0.604008,0.395786,0.054214,1,0.974483,99.000000,0,0,0,0,single,1,0
static_center_r08_s10008,32.128,0.601074,0.395540,0.054460,1,0.972815,99.000000,0,0,0,0,single,1,0
static_center_r08_s10008,32.160,0.598139,0.395303,0.054697,1,0.971162,99.000000,0,0,0,0,single,1,0
static_center_r08_s10008,32.192,0.595204,0.395079,0.054921,1,0.969524,99.000000,0,0,0,0,single,1,0
static_center_r08_s10008,32.224,0.592267,0.394865,0.055135,1,0.967901,99.000000,0,0,0,0,single,1,0
static_center_r08_s10008,32.256,0.589330,0.394662,0.055338,1,0.966295,99.000000,0,0,0,0,single,1,0
static_center_r08_s10008,32.288,0.586392,0.394471,0.055529,1,0.964703,99.000000,0,0,0,0,single,1,0
static_center_r08_s10008,32.320,0.583453,0.394292,0.055708,1,0.963129,99.000000,0,0,0,0,single,1,0
static_center_r08_s10008,32.352,0.580514,0.394126,0.055874,1,0.961573,99.000000,0,0,0,0,single,1,0
static_center_r08_s10008,32.384,0.577574,0.393973,0.056027,1,0.960033,99.000000,0,0,0,0,single,1,0
static_center_r08_s10008,32.416,0.574633,0.393832,0.056168,1,0.958511,99.000000,0,0,0,0,single,1,0
static_center_r08_s10008,32.448,0.571692,0.393703,0.056297,1,0.957006,99.000000,0,0,0,0,single,1,0
static_center_r08_s10008,32.480,0.568750,0.393590,0.056410,1,0.955521,99.000000,0,0,0,0,single,1,0
static_center_r08_s10008,32.512,0.565807,0.393490,0.056510,1,0.954055,99.000000,0,0,0,0,single,1,0
static_center_r08_s10008,32.544,0.562864,0.393403,0.056597,1,0.952606,99.000000,0,0,0,0,single,1,0
static_center_r08_s10008,32.576,0.559921,0.393328,0.056672,1,0.951174,99.000000,0,0,0,0,single,1,0
static_center_r08_s10008,32.608,0.556978,0.393265,0.056735,1,0.949761,99.000000,0,0,0,0,single,1,0
static_center_r08_s10008,32.640,0.554034,0.393215,0.056785,1,0.948365,99.000000,0,0,0,0,single,1,0
static_center_r08_s10008,32.672,0.551090,0.393176,0.056824,1,0.946988,99.000000,0,0,0,0,single,1,0
static_center_r08_s10008,32.704,0.548146,0.393151,0.056849,1,0.945628,99.000000,0,0,0,0,single,1,0
static_center_r08_s10008,32.736,0.545202,0.393137,0.056863,1,0.944287,99.000000,0,0,0,0,single,1,0
static_center_r08_s10008,32.768,0.542258,0.393136,0.056864,1,0.942964,99.000000,0,0,0,0,single,1,0
static_center_r08_s10008,32.800,0.539314,0.393146,0.056854,1,0.941658,99.000000,0,0,0,0,single,1,0
static_center_r08_s10008,32.832,0.536370,0.393165,0.056835,1,0.940368,99.000000,0,0,0,0,single,1,0
static_center_r08_s10008,32.864,0.533427,0.393195,0.056805,1,0.939095,99.000000,0,0,0,0,single,1,0
static_center_r08_s10008,32.896,0.530483,0.393236,0.056764,1,0.937840,99.000000,0,0,0,0,single,1,0
static_center_r08_s10008,32.928,0.527539,0.393288,0.056712,1,0.936602,99.000000,0,0,0,0,single,1,0
static_center_r08_s10008,32.960,0.524596,0.393348,0.056652,1,0.935379,99.000000,0,0,0,0,single,1,0
static_center_r08_s10008,32.992,0.521653,0.393417,0.056583,1,0.934172,99.000000,0,0,0,0,single,1,0
static_center_r08_s10008,33.024,0.518710,0.393494,0.056506,1,0.932980,99.000000,0,0,0,0,single,1,0
static_center_r08_s10008,33.056,0.515767,0.393581,0.056419,1,0.931805,99.000000,0,0,0,0,single,1,0
static_center_r08_s10008,33.088,0.512825,0.393674,0.056326,1,0.930644,99.000000,0,0,0,0,single,1,0
static_center_r08_s10008,33.120,0.509882,0.393775,0.056225,1,0.929497,99.000000,0,0,0,0,single,1,0
static_center_r08_s10008,33.152,0.506940,0.393881,0.056119,1,0.928363,99.000000,0,0,0,0,single,1,0
static_center_r08_s10008,33.184,0.503998,0.393992,0.056008,1,0.927241,99.000000,0,0,0,0,single,1,0
static_center_r08_s10008,33.216,0.501057,0.394108,0.055892,1,0.926133,99.000000,0,0,0,0,single,1,0
static_center_r08_s10008,33.248,0.498115,0.394231,0.055769,1,0.925039,99.000000,0,0,0,0,single,1,0
static_center_r08_s10008,33.280,0.495174,0.394356,0.055644,1,0.923955,99.000000,0,0,0,0,single,1,0
static_center_r08_s10008,33.312,0.492233,0.394486,0.055514,1,0.922883,99.000000,0,0,0,0,single,1,0
static_center_r08_s10008,33.344,0.489292,0.394619,0.055381,1,0.921823,99.000000,0,0,0,0,single,1,0
static_center_r08_s10008,33.376,0.486351,0.394756,0.055244,1,0.920775,99.000000,0,0,0,0,single,1,0
static_center_r08_s10008,33.408,0.483411,0.394898,0.055102,1,0.919739,99.000000,0,0,0,0,single,1,0
static_center_r08_s10008,33.440,0.480470,0.395041,0.054959,1,0.918713,99.000000,0,0,0,0,single,1,0
static_center_r08_s10008,33.472,0.477530,0.395187,0.054813,1,0.917697,99.000000,0,0,0,0,single,1,0
static_center_r08_s10008,33.504,0.474589,0.395334,0.054666,1,0.916692,99.000000,0,0,0,0,single,1,0
static_center_r08_s10008,33.536,0.471649,0.395485,0.054515,1,0.915697,99.000000,0,0,0,0,single,1,0
static_center_r08_s10008,33.568,0.468709,0.395637,0.054363,1,0.914713,99.000000,0,0,0,0,single,1,0
static_center_r08_s10008,33.600,0.465769,0.395792,0.054208,1,0.913740,99.000000,0,0,0,0,single,1,0
static_center_r08_s10008,33.632,0.462829,0.395945,0.054055,1,0.912773,99.000000,0,0,0,0,single,1,0
static_center_r08_s10008,33.664,0.459889,0.396097,0.053903,1,0.911814,99.000000,0,0,0,0,single,1,0
static_center_r08_s10008,33.696,0.456949,0.396247,0.053753,1,0.910862,99.000000,0,0,0,0,single,1,0
static_center_r08_s10008,33.728,0.454009,0.396397,0.053603,1,0.909917,99.000000,0,0,0,0,single,1,0
static_center_r08_s10008,33.760,0.451069,0.396546,0.053454,1,0.908981,99.000000,0,0,0,0,single,1,0
static_center_r08_s10008,33.792,0.448128,0.396693,0.053307,1,0.908052,99.000000,0,0,0,0,single,1,0
static_center_r08_s10008,33.824,0.445188,0.396840,0.053160,1,0.907130,99.000000,0,0,0,0,single,1,0
static_center_r08_s10008,33.856,0.442248,0.396986,0.053014,1,0.906217,99.000000,0,0,0,0,single,1,0
static_center_r08_s10008,33.888,0.439307,0.397131,0.052869,1,0.905311,99.000000,0,0,0,0,single,1,0
static_center_r08_s10008,33.920,0.436367,0.397275,0.052725,1,0.904413,99.000000,0,0,0,0,single,1,0
static_center_r08_s10008,33.952,0.433426,0.397418,0.052582,1,0.903523,99.000000,0,0,0,0,single,1,0
static_center_r08_s10008,33.984,0.430486,0.397561,0.052439,1,0.902641,99.000000,0,0,0,0,single,1,0
static_center_r08_s10008,34.016,0.427545,0.397702,0.052298,1,0.901767,99.000000,0,0,0,0,single,1,0
static_center_r08_s10008,34.048,0.424604,0.397843,0.052157,1,0.900901,99.000000,0,0,0,0,single,1,0
static_center_r08_s10008,34.080,0.421664,0.397983,0.052017,1,0.900043,99.000000,0,0,0,0,single,1,0
static_center_r08_s10008,34.112,0.418723,0.398123,0.051877,1,0.899193,99.000000,0,0,0,0,single,1,0
static_center_r08_s10008,34.144,0.415782,0.398261,0.051739,1,0.898351,99.000000,0,0,0,0,single,1,0
static_center_r08_s10008,34.176,0.412842,0.398399,0.051601,1,0.897517,99.000000,0,0,0,0,single,1,0
static_center_r08_s10008,34.208,0.409901,0.398535,0.051465,1,0.896691,99.000000,0,0,0,0,single,1,0
static_center_r08_s10008,34.240,0.406960,0.398671,0.051329,1,0.895873,99.000000,0,0,0,0,single,1,0
static_center_r08_s10008,34.272,0.404019,0.398807,0.051193,1,0.895064,99.000000,0,0,0,0,single,1,0
static_center_r08_s10008,34.304,0.401078,0.398941,0.051059,1,0.894263,99.000000,0,0,0,0,single,1,0
static_center_r08_s10008,34.336,0.398137,0.399074,0.050926,1,0.893469,99.000000,0,0,0,0,single,1,0
static_center_r08_s10008,34.368,0.395196,0.399207,0.050793,1,0.892685,99.000000,0,0,0,0,single,1,0
static_center_r08_s10008,34.400,0.392255,0.399339,0.050661,1,0.891908,99.000000,0,0,0,0,single,1,0
static_center_r08_s10008,34.432,0.389314,0.399470,0.050530,1,0.891139,99.000000,0,0,0,0,single,1,0
static_center_r08_s10008,34.464,0.386373,0.399600,0.050400,1,0.890379,99.000000,0,0,0,0,single,1,0
static_center_r08_s10008,34.496,0.383432,0.399730,0.050270,1,0.889627,99.000000,0,0,0,0,single,1,0
static_center_r08_s10008,34.528,0.380490,0.399858,0.050142,1,0.888884,99.000000,0,0,0,0,single,1,0
static_center_r08_s10008,34.560,0.377549,0.399986,0.050014,1,0.888149,99.000000,0,0,0,0,single,1,0
static_center_r08_s10008,34.592,0.374608,0.400113,0.049887,1,0.887422,99.000000,0,0,0,0,single,1,0
static_center_r08_s10008,34.624,0.371666,0.400232,0.049768,1,0.886696,99.000000,0,0,0,0,single,1,0
static_center_r08_s10008,34.656,0.368724,0.400345,0.049655,1,0.885974,99.000000,0,0,0,0,single,1,0
static_center_r08_s10008,34.688,0.365782,0.400452,0.049548,1,0.885255,99.000000,0,0,0,0,single,1,0
static_center_r08_s10008,34.720,0.362840,0.400552,0.049448,1,0.884540,99.000000,0,0,0,0,single,1,0
static_center_r08_s10008,34.752,0.359897,0.400647,0.049353,1,0.883827,99.000000,0,0,0,0,single,1,0
static_center_r08_s10008,34.784,0.356955,0.400736,0.049264,1,0.883120,99.000000,0,0,0,0,single,1,0
static_center_r08_s10008,34.816,0.354012,0.400822,0.049178,1,0.882417,99.000000,0,0,0,0,single,1,0
static_center_r08_s10008,34.848,0.351069,0.400904,0.049096,1,0.881720,99.000000,0,0,0,0,single,1,0
static_center_r08_s10008,34.880,0.348126,0.400982,0.049018,1,0.881029,99.000000,0,0,0,0,single,1,0
static_center_r08_s10008,34.912,0.345183,0.401056,0.048944,1,0.880343,99.000000,0,0,0,0,single,1,0
static_center_r08_s10008,34.944,0.342240,0.401125,0.048875,1,0.879662,99.000000,0,0,0,0,single,1,0
static_center_r08_s10008,34.976,0.339297,0.401191,0.048809,1,0.878986,99.000000,0,0,0,0,single,1,0
static_center_r08_s10008,35.008,0.336353,0.401252,0.048748,1,0.878316,99.000000,0,0,0,0,single,1,0
static_center_r08_s10008,35.040,0.333410,0.401310,0.048690,1,0.877651,99.000000,0,0,0,0,single,1,0
static_center_r08_s10008,35.072,0.330466,0.401363,0.048637,1,0.876992,99.000000,0,0,0,0,single,1,0
static_center_r08_s10008,35.104,0.327523,0.401412,0.048588,1,0.876338,99.000000,0,0,0,0,single,1,0
static_center_r08_s10008,35.136,0.324579,0.401457,0.048543,1,0.875689,99.000000,0,0,0,0,single,1,0
static_center_r08_s10008,35.168,0.321635,0.401495,0.048505,1,0.875044,99.000000,0,0,0,0,single,1,0
static_center_r08_s10008,35.200,0.318691,0.401528,0.048472,1,0.874402,99.000000,0,0,0,0,single,1,0
static_center_r08_s10008,35.232,0.315748,0.401555,0.048445,1,0.873763,99.000000,0,0,0,0,single,1,0
static_center_r08_s10008,35.264,0.312804,0.401575,0.048425,1,0.873129,99.000000,0,0,0,0,single,1,0
static_center_r08_s10008,35.296,0.309860,0.401590,0.048410,1,0.872498,99.000000,0,0,0,0,single,1,0
static_center_r08_s10008,35.328,0.306916,0.401599,0.048401,1,0.871871,99.000000,0,0,0,0,single,1,0
static_center_r08_s10008,35.360,0.303972,0.401603,0.048397,1,0.871248,99.000000,0,0,0,0,single,1,0
static_center_r08_s10008,35.392,0.301028,0.401600,0.048400,1,0.870628,99.000000,0,0,0,0,single,1,0
static_center_r08_s10008,35.424,0.298083,0.401592,0.048408,1,0.870013,99.000000,0,0,0,0,single,1,0
static_center_r08_s10008,35.456,0.295140,0.401577,0.048423,1,0.869401,99.000000,0,0,0,0,single,1,0
static_center_r08_s10008,35.488,0.292196,0.401557,0.048443,1,0.868793,99.000000,0,0,0,0,single,1,0
static_center_r08_s10008,35.520,0.289252,0.401532,0.048468,1,0.868189,99.000000,0,0,0,0,single,1,0
static_center_r08_s10008,35.552,0.286308,0.401500,0.048500,1,0.867589,99.000000,0,0,0,0,single,1,0
static_center_r08_s10008,35.584,0.283364,0.401463,0.048537,1,0.866993,99.000000,0,0,0,0,single,1,0
static_center_r08_s10008,35.616,0.280420,0.401419,0.048581,1,0.866400,99.000000,0,0,0,0,single,1,0
static_center_r08_s10008,35.648,0.277477,0.401370,0.048630,1,0.865812,99.000000,0,0,0,0,single,1,0
static_center_r08_s10008,35.680,0.274533,0.401316,0.048684,2,0.865228,99.000000,0,0,0,0,single,1,0
static_center_r08_s10008,35.712,0.271590,0.401258,0.048742,2,0.864650,99.000000,0,0,0,0,single,1,0
static_center_r08_s10008,35.744,0.268646,0.401195,0.048805,2,0.864077,99.000000,0,0,0,0,single,1,0
static_center_r08_s10008,35.776,0.265703,0.401129,0.048871,2,0.863511,99.000000,0,0,0,0,single,1,0
static_center_r08_s10008,35.808,0.262760,0.401059,0.048941,2,0.862950,99.000000,0,0,0,0,single,1,0
static_center_r08_s10008,35.840,0.259817,0.400985,0.049015,2,0.862394,99.000000,0,0,0,0,single,1,0
static_center_r08_s10008,35.872,0.256874,0.400907,0.049093,2,0.861845,99.000000,0,0,0,0,single,1,0
static_center_r08_s10008,35.904,0.253931,0.400824,0.049176,2,0.861301,99.000000,0,0,0,0,single,1,0
static_center_r08_s10008,35.936,0.250988,0.400742,0.049258,2,0.860767,99.000000,0,0,0,0,single,1,0
static_center_r08_s10008,35.968,0.248046,0.400660,0.049340,2,0.860243,99.000000,0,0,0,0,single,1,0
static_center_r08_s10008,36.000,0.245103,0.400577,0.049423,2,0.859728,99.000000,0,0,0,0,single,1,0
static_center_r08_s10008,36.032,0.242160,0.400494,0.049506,2,0.859222,99.000000,0,0,0,0,single,1,0
static_center_r08_s10008,36.064,0.239217,0.400410,0.049590,2,0.858725,99.000000,0,0,0,0,single,1,0
static_center_r08_s10008,36.096,0.236274,0.400325,0.049675,2,0.858238,99.000000,0,0,0,0,single,1,0
static_center_r08_s10008,36.128,0.233332,0.400239,0.049761,2,0.857759,99.000000,0,0,0,0,single,1,0
static_center_r08_s10008,36.160,0.230389,0.400153,0.049847,2,0.857290,99.000000,0,0,0,0,single,1,0
static_center_r08_s10008,36.192,0.227446,0.400066,0.049934,2,0.856829,99.000000,0,0,0,0,single,1,0
static_center_r08_s10008,36.224,0.224503,0.399978,0.050022,2,0.856378,99.000000,0,0,0,0,single,1,0
static_center_r08_s10008,36.256,0.221561,0.399889,0.050111,2,0.855936,99.000000,0,0,0,0,single,1,0
static_center_r08_s10008,36.288,0.218618,0.399799,0.050201,2,0.855502,99.000000,0,0,0,0,single,1,0
static_center_r08_s10008,36.320,0.215676,0.399709,0.050291,2,0.855078,99.000000,0,0,0,0,single,1,0
static_center_r08_s10008,36.352,0.212733,0.399618,0.050382,2,0.854663,99.000000,0,0,0,0,single,1,0
static_center_r08_s10008,36.384,0.209790,0.399525,0.050475,2,0.854257,99.000000,0,0,0,0,single,1,0
static_center_r08_s10008,36.416,0.206848,0.399432,0.050568,2,0.853861,99.000000,0,0,0,0,single,1,0
static_center_r08_s10008,36.448,0.203905,0.399339,0.050661,2,0.853473,99.000000,0,0,0,0,single,1,0
static_center_r08_s10008,36.480,0.200963,0.399244,0.050756,2,0.853094,99.000000,0,0,0,0,single,1,0
static_center_r08_s10008,36.512,0.198020,0.399148,0.050852,2,0.852725,99.000000,0,0,0,0,single,1,0
static_center_r08_s10008,36.544,0.195078,0.399052,0.050948,2,0.852365,99.000000,0,0,0,0,single,1,0
static_center_r08_s10008,36.576,0.192136,0.398955,0.051045,2,0.852014,99.000000,0,0,0,0,single,1,0
static_center_r08_s10008,36.608,0.189193,0.398857,0.051143,2,0.851672,99.000000,0,0,0,0,single,1,0
static_center_r08_s10008,36.640,0.186251,0.398758,0.051242,2,0.851340,99.000000,0,0,0,0,single,1,0
static_center_r08_s10008,36.672,0.183309,0.398658,0.051342,2,0.851016,99.000000,0,0,0,0,single,1,0
static_center_r08_s10008,36.704,0.180366,0.398558,0.051442,2,0.850702,99.000000,0,0,0,0,single,1,0
static_center_r08_s10008,36.736,0.177424,0.398456,0.051544,2,0.850397,99.000000,0,0,0,0,single,1,0
static_center_r08_s10008,36.768,0.174482,0.398354,0.051646,2,0.850102,99.000000,0,0,0,0,single,1,0
static_center_r08_s10008,36.800,0.171540,0.398251,0.051749,2,0.849815,99.000000,0,0,0,0,single,1,0
static_center_r08_s10008,36.832,0.168598,0.398147,0.051853,2,0.849538,99.000000,0,0,0,0,single,1,0
static_center_r08_s10008,36.864,0.165655,0.398042,0.051958,2,0.849270,99.000000,0,0,0,0,single,1,0
static_center_r08_s10008,36.896,0.162713,0.397937,0.052063,2,0.849012,99.000000,0,0,0,0,single,1,0
static_center_r08_s10008,36.928,0.159771,0.397830,0.052170,2,0.848763,99.000000,0,0,0,0,single,1,0
static_center_r08_s10008,36.960,0.156829,0.397723,0.052277,2,0.848523,99.000000,0,0,0,0,single,1,0
static_center_r08_s10008,36.992,0.153887,0.397615,0.052385,2,0.848292,99.000000,0,0,0,0,single,1,0
static_center_r08_s10008,37.024,0.150945,0.397506,0.052494,2,0.848071,99.000000,0,0,0,0,single,1,0
static_center_r08_s10008,37.056,0.148003,0.397401,0.052599,2,0.847864,99.000000,0,0,0,0,single,1,0
static_center_r08_s10008,37.088,0.145061,0.397299,0.052701,2,0.847670,99.000000,0,0,0,0,single,1,0
static_center_r08_s10008,37.120,0.142118,0.397200,0.052800,2,0.847488,99.000000,0,0,0,0,single,1,0
static_center_r08_s10008,37.152,0.139176,0.397103,0.052897,2,0.847320,99.000000,0,0,0,0,single,1,0
static_center_r08_s10008,37.184,0.136234,0.397009,0.052991,2,0.847164,99.000000,0,0,0,0,single,1,0
static_center_r08_s10008,37.216,0.133291,0.396917,0.053083,2,0.847022,99.000000,0,0,0,0,single,1,0
static_center_r08_s10008,37.248,0.130348,0.396829,0.053171,2,0.846892,99.000000,0,0,0,0,single,1,0
static_center_r08_s10008,37.280,0.127406,0.396742,0.053258,2,0.846775,99.000000,0,0,0,0,single,1,0
static_center_r08_s10008,37.312,0.124463,0.396658,0.053342,2,0.846670,99.000000,0,0,0,0,single,1,0
static_center_r08_s10008,37.344,0.121520,0.396577,0.053423,2,0.846578,99.000000,0,0,0,0,single,1,0
static_center_r08_s10008,37.376,0.118577,0.396498,0.053502,2,0.846500,99.000000,0,0,0,0,single,1,0
static_center_r08_s10008,37.408,0.115634,0.396422,0.053578,2,0.846433,99.000000,0,0,0,0,single,1,0
static_center_r08_s10008,37.440,0.112691,0.396348,0.053652,2,0.846380,99.000000,0,0,0,0,single,1,0
static_center_r08_s10008,37.472,0.109748,0.396279,0.053721,2,0.846342,99.000000,0,0,0,0,single,1,0
static_center_r08_s10008,37.504,0.106804,0.396215,0.053785,2,0.846318,99.000000,0,0,0,0,single,1,0
static_center_r08_s10008,37.536,0.103861,0.396154,0.053846,2,0.846308,99.000000,0,0,0,0,single,1,0
static_center_r08_s10008,37.568,0.100917,0.396098,0.053902,2,0.846314,99.000000,0,0,0,0,single,1,0
static_center_r08_s10008,37.600,0.097974,0.396046,0.053954,2,0.846333,99.000000,0,0,0,0,single,1,0
static_center_r08_s10008,37.632,0.095030,0.395999,0.054001,2,0.846367,99.000000,0,0,0,0,single,1,0
static_center_r08_s10008,37.664,0.092086,0.395955,0.054045,2,0.846416,99.000000,0,0,0,0,single,1,0
static_center_r08_s10008,37.696,0.089143,0.395916,0.054084,2,0.846479,99.000000,0,0,0,0,single,1,0
static_center_r08_s10008,37.728,0.086199,0.395881,0.054119,2,0.846556,99.000000,0,0,0,0,single,1,0
static_center_r08_s10008,37.760,0.083255,0.395850,0.054150,2,0.846648,99.000000,0,0,0,0,single,1,0
static_center_r08_s10008,37.792,0.080311,0.395823,0.054177,2,0.846754,99.000000,0,0,0,0,single,1,0
static_center_r08_s10008,37.824,0.077367,0.395800,0.054200,2,0.846874,99.000000,0,0,0,0,single,1,0
static_center_r08_s10008,37.856,0.074423,0.395782,0.054218,2,0.847009,99.000000,0,0,0,0,single,1,0
static_center_r08_s10008,37.888,0.071479,0.395768,0.054232,2,0.847158,99.000000,0,0,0,0,single,1,0
static_center_r08_s10008,37.920,0.068535,0.395757,0.054243,2,0.847322,99.000000,0,0,0,0,single,1,0
static_center_r08_s10008,37.952,0.065591,0.395751,0.054249,2,0.847500,99.000000,0,0,0,0,single,1,0
static_center_r08_s10008,37.984,0.062647,0.395749,0.054251,2,0.847692,99.000000,0,0,0,0,single,1,0
static_center_r08_s10008,38.016,0.059703,0.395750,0.054250,2,0.847897,99.000000,0,0,0,0,single,1,0
static_center_r08_s10008,38.048,0.056759,0.395754,0.054246,2,0.848115,99.000000,0,0,0,0,single,1,0
static_center_r08_s10008,38.080,0.053815,0.395759,0.054241,2,0.848345,99.000000,0,0,0,0,single,1,0
static_center_r08_s10008,38.112,0.050871,0.395767,0.054233,2,0.848587,99.000000,0,0,0,0,single,1,0
static_center_r08_s10008,38.144,0.047927,0.395777,0.054223,2,0.848842,99.000000,0,0,0,0,single,1,0
static_center_r08_s10008,38.176,0.044983,0.395792,0.054208,2,0.849113,99.000000,0,0,0,0,single,1,0
static_center_r08_s10008,38.208,0.042039,0.395809,0.054191,2,0.849395,99.000000,0,0,0,0,single,1,0
static_center_r08_s10008,38.240,0.039096,0.395829,0.054171,2,0.849689,99.000000,0,0,0,0,single,1,0
static_center_r08_s10008,38.272,0.036152,0.395851,0.054149,2,0.849996,99.000000,0,0,0,0,single,1,0
static_center_r08_s10008,38.304,0.033208,0.395875,0.054125,2,0.850316,99.000000,0,0,0,0,single,1,0
static_center_r08_s10008,38.336,0.030264,0.395902,0.054098,2,0.850648,99.000000,0,0,0,0,single,1,0
static_center_r08_s10008,38.368,0.027320,0.395931,0.054069,2,0.850993,99.000000,0,0,0,0,single,1,0
static_center_r08_s10008,38.400,0.024376,0.395963,0.054037,2,0.851350,99.000000,0,0,0,0,single,1,0
static_center_r08_s10008,38.432,0.021432,0.395997,0.054003,2,0.851720,99.000000,0,0,0,0,single,1,0
static_center_r08_s10008,38.464,0.018489,0.396034,0.053966,2,0.852102,99.000000,0,0,0,0,single,1,0
static_center_r08_s10008,38.496,0.015545,0.396073,0.053927,2,0.852497,99.000000,0,0,0,0,single,1,0
static_center_r08_s10008,38.528,0.012601,0.396115,0.053885,2,0.852904,99.000000,0,0,0,0,single,1,0
static_center_r08_s10008,38.560,0.009657,0.396159,0.053841,2,0.853323,99.000000,0,0,0,0,single,1,0
static_center_r08_s10008,38.592,0.006714,0.396206,0.053794,2,0.853755,99.000000,0,0,0,0,single,1,0
static_center_r08_s10008,38.624,0.003770,0.396255,0.053745,2,0.854200,99.000000,0,0,0,0,single,1,0
static_center_r08_s10008,38.656,0.000827,0.396307,0.053693,2,0.854657,99.000000,0,0,0,0,single,1,0
static_center_r08_s10008,38.688,-0.002117,0.396361,0.053639,2,0.855126,99.000000,0,0,0,0,single,1,0
static_center_r08_s10008,38.720,-0.005060,0.396418,0.053582,2,0.855607,99.000000,0,0,0,0,single,1,0
static_center_r08_s10008,38.752,-0.008004,0.396478,0.053522,2,0.856101,99.000000,0,0,0,0,single,1,0
static_center_r08_s10008,38.784,-0.010947,0.396535,0.053465,2,0.856603,99.000000,0,0,0,0,single,1,0
static_center_r08_s10008,38.816,-0.013891,0.396591,0.053409,2,0.857113,99.000000,0,0,0,0,single,1,0
static_center_r08_s10008,38.848,-0.016834,0.396645,0.053355,2,0.857632,99.000000,0,0,0,0,single,1,0
static_center_r08_s10008,38.880,-0.019778,0.396699,0.053301,2,0.858159,99.000000,0,0,0,0,single,1,0
static_center_r08_s10008,38.912,-0.022721,0.396752,0.053248,2,0.858696,99.000000,0,0,0,0,single,1,0
static_center_r08_s10008,38.944,-0.025665,0.396804,0.053196,2,0.859241,99.000000,0,0,0,0,single,1,0
static_center_r08_s10008,38.976,-0.028608,0.396855,0.053145,2,0.859795,99.000000,0,0,0,0,single,1,0
static_center_r08_s10008,39.008,-0.031552,0.396905,0.053095,2,0.860359,99.000000,0,0,0,0,single,1,0
static_center_r08_s10008,39.040,-0.034495,0.396955,0.053045,2,0.860930,99.000000,0,0,0,0,single,1,0
static_center_r08_s10008,39.072,-0.037439,0.397003,0.052997,2,0.861511,99.000000,0,0,0,0,single,1,0
static_center_r08_s10008,39.104,-0.040383,0.397051,0.052949,2,0.862101,99.000000,0,0,0,0,single,1,0
static_center_r08_s10008,39.136,-0.043326,0.397098,0.052902,2,0.862699,99.000000,0,0,0,0,single,1,0
static_center_r08_s10008,39.168,-0.046270,0.397144,0.052856,2,0.863306,99.000000,0,0,0,0,single,1,0
static_center_r08_s10008,39.200,-0.049213,0.397189,0.052811,2,0.863923,99.000000,0,0,0,0,single,1,0
static_center_r08_s10008,39.232,-0.052157,0.397233,0.052767,2,0.864547,99.000000,0,0,0,0,single,1,0
static_center_r08_s10008,39.264,-0.055101,0.397277,0.052723,2,0.865181,99.000000,0,0,0,0,single,1,0
static_center_r08_s10008,39.296,-0.058044,0.397319,0.052681,2,0.865823,99.000000,0,0,0,0,single,1,0
static_center_r08_s10008,39.328,-0.060988,0.397361,0.052639,2,0.866475,99.000000,0,0,0,0,single,1,0
static_center_r08_s10008,39.360,-0.063932,0.397403,0.052597,2,0.867134,99.000000,0,0,0,0,single,1,0
static_center_r08_s10008,39.392,-0.066876,0.397443,0.052557,2,0.867803,99.000000,0,0,0,0,single,1,0
static_center_r08_s10008,39.424,-0.069819,0.397482,0.052518,2,0.868480,99.000000,0,0,0,0,single,1,0
static_center_r08_s10008,39.456,-0.072763,0.397521,0.052479,2,0.869166,99.000000,0,0,0,0,single,1,0
static_center_r08_s10008,39.488,-0.075707,0.397559,0.052441,2,0.869860,99.000000,0,0,0,0,single,1,0
static_center_r08_s10008,39.520,-0.078651,0.397596,0.052404,2,0.870563,99.000000,0,0,0,0,single,1,0
static_center_r08_s10008,39.552,-0.081594,0.397632,0.052368,2,0.871275,99.000000,0,0,0,0,single,1,0
static_center_r08_s10008,39.584,-0.084538,0.397667,0.052333,2,0.871995,99.000000,0,0,0,0,single,1,0
static_center_r08_s10008,39.616,-0.087482,0.397702,0.052298,2,0.872724,99.000000,0,0,0,0,single,1,0
static_center_r08_s10008,39.648,-0.090426,0.397736,0.052264,2,0.873462,99.000000,0,0,0,0,single,1,0
static_center_r08_s10008,39.680,-0.093370,0.397769,0.052231,2,0.874207,99.000000,0,0,0,0,single,1,0
static_center_r08_s10008,39.712,-0.096313,0.397801,0.052199,2,0.874962,99.000000,0,0,0,0,single,1,0
static_center_r08_s10008,39.744,-0.099257,0.397832,0.052168,2,0.875724,99.000000,0,0,0,0,single,1,0
static_center_r08_s10008,39.776,-0.102201,0.397863,0.052137,2,0.876496,99.000000,0,0,0,0,single,1,0
static_center_r08_s10008,39.808,-0.105145,0.397892,0.052108,2,0.877275,99.000000,0,0,0,0,single,1,0
static_center_r08_s10008,39.840,-0.108089,0.397921,0.052079,2,0.878063,99.000000,0,0,0,0,single,1,0
static_center_r08_s10008,39.872,-0.111033,0.397949,0.052051,2,0.878860,99.000000,0,0,0,0,single,1,0
static_center_r08_s10008,39.904,-0.113977,0.397976,0.052024,2,0.879664,99.000000,0,0,0,0,single,1,0
static_center_r08_s10008,39.936,-0.116920,0.398003,0.051997,2,0.880477,99.000000,0,0,0,0,single,1,0
static_center_r08_s10008,39.968,-0.119864,0.398028,0.051972,2,0.881299,99.000000,0,0,0,0,single,1,0
static_center_r08_s10008,40.000,-0.122808,0.398053,0.051947,2,0.882128,99.000000,0,0,0,0,single,1,0
static_center_r08_s10008,40.032,-0.125752,0.398077,0.051923,2,0.882966,99.000000,0,0,0,0,single,1,0
static_center_r08_s10008,40.064,-0.128696,0.398100,0.051900,2,0.883812,99.000000,0,0,0,0,single,1,0
static_center_r08_s10008,40.096,-0.131640,0.398123,0.051877,2,0.884666,99.000000,0,0,0,0,single,1,0
static_center_r08_s10008,40.128,-0.134584,0.398144,0.051856,2,0.885529,99.000000,0,0,0,0,single,1,0
static_center_r08_s10008,40.160,-0.137528,0.398165,0.051835,2,0.886399,99.000000,0,0,0,0,single,1,0
static_center_r08_s10008,40.192,-0.140472,0.398185,0.051815,2,0.887278,99.000000,0,0,0,0,single,1,0
static_center_r08_s10008,40.224,-0.143416,0.398204,0.051796,2,0.888165,99.000000,0,0,0,0,single,1,0
static_center_r08_s10008,40.256,-0.146360,0.398222,0.051778,2,0.889060,99.000000,0,0,0,0,single,1,0
static_center_r08_s10008,40.288,-0.149304,0.398239,0.051761,2,0.889963,99.000000,0,0,0,0,single,1,0
static_center_r08_s10008,40.320,-0.152248,0.398256,0.051744,2,0.890874,99.000000,0,0,0,0,single,1,0
static_center_r08_s10008,40.352,-0.155191,0.398272,0.051728,2,0.891793,99.000000,0,0,0,0,single,1,0
static_center_r08_s10008,40.384,-0.158135,0.398286,0.051714,2,0.892720,99.000000,0,0,0,0,single,1,0
static_center_r08_s10008,40.416,-0.161079,0.398301,0.051699,2,0.893655,99.000000,0,0,0,0,single,1,0
static_center_r08_s10008,40.448,-0.164023,0.398314,0.051686,2,0.894598,99.000000,0,0,0,0,single,1,0
static_center_r08_s10008,40.480,-0.166967,0.398326,0.051674,2,0.895549,99.000000,0,0,0,0,single,1,0
static_center_r08_s10008,40.512,-0.169911,0.398338,0.051662,2,0.896508,99.000000,0,0,0,0,single,1,0
static_center_r08_s10008,40.544,-0.172855,0.398349,0.051651,2,0.897474,99.000000,0,0,0,0,single,1,0
static_center_r08_s10008,40.576,-0.175799,0.398359,0.051641,2,0.898449,99.000000,0,0,0,0,single,1,0
static_center_r08_s10008,40.608,-0.178743,0.398368,0.051632,2,0.899431,99.000000,0,0,0,0,single,1,0
static_center_r08_s10008,40.640,-0.181687,0.398376,0.051624,2,0.900421,99.000000,0,0,0,0,single,1,0
static_center_r08_s10008,40.672,-0.184631,0.398384,0.051616,2,0.901419,99.000000,0,0,0,0,single,1,0
static_center_r08_s10008,40.704,-0.187575,0.398391,0.051609,2,0.902424,99.000000,0,0,0,0,single,1,0
static_center_r08_s10008,40.736,-0.190519,0.398397,0.051603,2,0.903437,99.000000,0,0,0,0,single,1,0
static_center_r08_s10008,40.768,-0.193463,0.398402,0.051598,2,0.904458,99.000000,0,0,0,0,single,1,0
static_center_r08_s10008,40.800,-0.196407,0.398406,0.051594,2,0.905487,99.000000,0,0,0,0,single,1,0
static_center_r08_s10008,40.832,-0.199351,0.398410,0.051590,2,0.906523,99.000000,0,0,0,0,single,1,0
static_center_r08_s10008,40.864,-0.202295,0.398412,0.051588,2,0.907567,99.000000,0,0,0,0,single,1,0
static_center_r08_s10008,40.896,-0.205239,0.398414,0.051586,2,0.908618,99.000000,0,0,0,0,single,1,0
static_center_r08_s10008,40.928,-0.208183,0.398415,0.051585,2,0.909677,99.000000,0,0,0,0,single,1,0
static_center_r08_s10008,40.960,-0.211127,0.398415,0.051585,2,0.910744,99.000000,0,0,0,0,single,1,0
static_center_r08_s10008,40.992,-0.214071,0.398415,0.051585,2,0.911817,99.000000,0,0,0,0,single,1,0
static_center_r08_s10008,41.024,-0.217015,0.398413,0.051587,2,0.912899,99.000000,0,0,0,0,single,1,0
static_center_r08_s10008,41.056,-0.219959,0.398411,0.051589,2,0.913988,99.000000,0,0,0,0,single,1,0
static_center_r08_s10008,41.088,-0.222903,0.398408,0.051592,2,0.915084,99.000000,0,0,0,0,single,1,0
static_center_r08_s10008,41.120,-0.225847,0.398404,0.051596,2,0.916188,99.000000,0,0,0,0,single,1,0
static_center_r08_s10008,41.152,-0.228791,0.398399,0.051601,2,0.917299,99.000000,0,0,0,0,single,1,0
static_center_r08_s10008,41.184,-0.231735,0.398394,0.051606,2,0.918417,99.000000,0,0,0,0,single,1,0
static_center_r08_s10008,41.216,-0.234679,0.398387,0.051613,2,0.919543,99.000000,0,0,0,0,single,1,0
static_center_r08_s10008,41.248,-0.237623,0.398380,0.051620,2,0.920676,99.000000,0,0,0,0,single,1,0
static_center_r08_s10008,41.280,-0.240567,0.398372,0.051628,2,0.921816,99.000000,0,0,0,0,single,1,0
static_center_r08_s10008,41.312,-0.243511,0.398363,0.051637,2,0.922963,99.000000,0,0,0,0,single,1,0
static_center_r08_s10008,41.344,-0.246455,0.398354,0.051646,2,0.924118,99.000000,0,0,0,0,single,1,0
static_center_r08_s10008,41.376,-0.249399,0.398343,0.051657,2,0.925280,99.000000,0,0,0,0,single,1,0
static_center_r08_s10008,41.408,-0.252343,0.398332,0.051668,2,0.926448,99.000000,0,0,0,0,single,1,0
static_center_r08_s10008,41.440,-0.255287,0.398320,0.051680,2,0.927625,99.000000,0,0,0,0,single,1,0
static_center_r08_s10008,41.472,-0.258231,0.398307,0.051693,2,0.928808,99.000000,0,0,0,0,single,1,0
static_center_r08_s10008,41.504,-0.261175,0.398293,0.051707,2,0.929998,99.000000,0,0,0,0,single,1,0
static_center_r08_s10008,41.536,-0.264119,0.398279,0.051721,2,0.931195,99.000000,0,0,0,0,single,1,0
static_center_r08_s10008,41.568,-0.267063,0.398264,0.051736,2,0.932399,99.000000,0,0,0,0,single,1,0
static_center_r08_s10008,41.600,-0.270007,0.398247,0.051753,2,0.933611,99.000000,0,0,0,0,single,1,0
static_center_r08_s10008,41.632,-0.272951,0.398230,0.051770,2,0.934829,99.000000,0,0,0,0,single,1,0
static_center_r08_s10008,41.664,-0.275895,0.398213,0.051787,2,0.936054,99.000000,0,0,0,0,single,1,0
static_center_r08_s10008,41.696,-0.278839,0.398194,0.051806,2,0.937286,99.000000,0,0,0,0,single,1,0
static_center_r08_s10008,41.728,-0.281783,0.398174,0.051826,2,0.938525,99.000000,0,0,0,0,single,1,0
static_center_r08_s10008,41.760,-0.284727,0.398154,0.051846,2,0.939771,99.000000,0,0,0,0,single,1,0
static_center_r08_s10008,41.792,-0.287671,0.398133,0.051867,2,0.941023,99.000000,0,0,0,0,single,1,0
static_center_r08_s10008,41.824,-0.290614,0.398111,0.051889,2,0.942283,99.000000,0,0,0,0,single,1,0
static_center_r08_s10008,41.856,-0.293558,0.398089,0.051911,2,0.943549,99.000000,0,0,0,0,single,1,0
static_center_r08_s10008,41.888,-0.296502,0.398065,0.051935,2,0.944822,99.000000,0,0,0,0,single,1,0
static_center_r08_s10008,41.920,-0.299446,0.398041,0.051959,2,0.946101,99.000000,0,0,0,0,single,1,0
static_center_r08_s10008,41.952,-0.302390,0.398015,0.051985,2,0.947388,99.000000,0,0,0,0,single,1,0
static_center_r08_s10008,41.984,-0.305334,0.397989,0.052011,2,0.948681,99.000000,0,0,0,0,single,1,0
static_center_r08_s10008,42.016,-0.308278,0.397963,0.052037,2,0.949980,99.000000,0,0,0,0,single,1,0
static_center_r08_s10008,42.048,-0.311222,0.397935,0.052065,2,0.951286,99.000000,0,0,0,0,single,1,0
static_center_r08_s10008,42.080,-0.314166,0.397907,0.052093,2,0.952599,99.000000,0,0,0,0,single,1,0
static_center_r08_s10008,42.112,-0.317109,0.397877,0.052123,2,0.953919,99.000000,0,0,0,0,single,1,0
static_center_r08_s10008,42.144,-0.320053,0.397847,0.052153,2,0.955244,99.000000,0,0,0,0,single,1,0
static_center_r08_s10008,42.176,-0.322997,0.397816,0.052184,2,0.956577,99.000000,0,0,0,0,single,1,0
static_center_r08_s10008,42.208,-0.325941,0.397785,0.052215,2,0.957915,99.000000,0,0,0,0,single,1,0
static_center_r08_s10008,42.240,-0.328885,0.397752,0.052248,2,0.959261,99.000000,0,0,0,0,single,1,0
static_center_r08_s10008,42.272,-0.331829,0.397719,0.052281,2,0.960612,99.000000,0,0,0,0,single,1,0
static_center_r08_s10008,42.304,-0.334772,0.397684,0.052316,2,0.961970,99.000000,0,0,0,0,single,1,0
static_center_r08_s10008,42.336,-0.337716,0.397649,0.052351,2,0.963335,99.000000,0,0,0,0,single,1,0
static_center_r08_s10008,42.368,-0.340660,0.397614,0.052386,2,0.964705,99.000000,0,0,0,0,single,1,0
static_center_r08_s10008,42.400,-0.343604,0.397577,0.052423,2,0.966082,99.000000,0,0,0,0,single,1,0
static_center_r08_s10008,42.432,-0.346548,0.397540,0.052460,2,0.967466,99.000000,0,0,0,0,single,1,0
static_center_r08_s10008,42.464,-0.349491,0.397501,0.052499,2,0.968855,99.000000,0,0,0,0,single,1,0
static_center_r08_s10008,42.496,-0.352435,0.397462,0.052538,2,0.970251,99.000000,0,0,0,0,single,1,0
static_center_r08_s10008,42.528,-0.355379,0.397422,0.052578,2,0.971653,99.000000,0,0,0,0,single,1,0
static_center_r08_s10008,42.560,-0.358322,0.397382,0.052618,2,0.973061,99.000000,0,0,0,0,single,1,0
static_center_r08_s10008,42.592,-0.361266,0.397340,0.052660,2,0.974475,99.000000,0,0,0,0,single,1,0
static_center_r08_s10008,42.624,-0.364210,0.397298,0.052702,2,0.975896,99.000000,0,0,0,0,single,1,0
static_center_r08_s10008,42.656,-0.367154,0.397254,0.052746,2,0.977322,99.000000,0,0,0,0,single,1,0
static_center_r08_s10008,42.688,-0.370097,0.397210,0.052790,2,0.978755,99.000000,0,0,0,0,single,1,0
static_center_r08_s10008,42.720,-0.373041,0.397166,0.052834,2,0.980193,99.000000,0,0,0,0,single,1,0
static_center_r08_s10008,42.752,-0.375985,0.397120,0.052880,2,0.981638,99.000000,0,0,0,0,single,1,0
static_center_r08_s10008,42.784,-0.378928,0.397073,0.052927,2,0.983088,99.000000,0,0,0,0,single,1,0
static_center_r08_s10008,42.816,-0.381872,0.397026,0.052974,2,0.984545,99.000000,0,0,0,0,single,1,0
static_center_r08_s10008,42.848,-0.384815,0.396978,0.053022,2,0.986007,99.000000,0,0,0,0,single,1,0
static_center_r08_s10008,42.880,-0.387759,0.396929,0.053071,2,0.987476,99.000000,0,0,0,0,single,1,0
static_center_r08_s10008,42.912,-0.390703,0.396884,0.053116,2,0.988954,99.000000,0,0,0,0,single,1,0
static_center_r08_s10008,42.944,-0.393646,0.396842,0.053158,2,0.990441,99.000000,0,0,0,0,single,1,0
static_center_r08_s10008,42.976,-0.396590,0.396803,0.053197,2,0.991938,99.000000,0,0,0,0,single,1,0
static_center_r08_s10008,43.008,-0.399534,0.396766,0.053234,2,0.993443,99.000000,0,0,0,0,single,1,0
static_center_r08_s10008,43.040,-0.402478,0.396732,0.053268,2,0.994956,99.000000,0,0,0,0,single,1,0
static_center_r08_s10008,43.072,-0.405422,0.396701,0.053299,2,0.996479,99.000000,0,0,0,0,single,1,0
static_center_r08_s10008,43.104,-0.408365,0.396672,0.053328,2,0.998010,99.000000,0,0,0,0,single,1,0
static_center_r08_s10008,43.136,-0.411309,0.396646,0.053354,2,0.999549,99.000000,0,0,0,0,single,1,0
static_center_r08_s10008,43.168,-0.414253,0.396622,0.053378,2,1.001097,99.000000,0,0,0,0,single,1,0
static_center_r08_s10008,43.200,-0.417197,0.396601,0.053399,2,1.002653,99.000000,0,0,0,0,single,1,0
static_center_r08_s10008,43.232,-0.420141,0.396582,0.053418,2,1.004218,99.000000,0,0,0,0,single,1,0
static_center_r08_s10008,43.264,-0.423085,0.396566,0.053434,2,1.005791,99.000000,0,0,0,0,single,1,0
static_center_r08_s10008,43.296,-0.426029,0.396553,0.053447,2,1.007372,99.000000,0,0,0,0,single,1,0
static_center_r08_s10008,43.328,-0.428973,0.396541,0.053459,2,1.008962,99.000000,0,0,0,0,single,1,0
static_center_r08_s10008,43.360,-0.431917,0.396533,0.053467,2,1.010559,99.000000,0,0,0,0,single,1,0
static_center_r08_s10008,43.392,-0.434861,0.396527,0.053473,2,1.012165,99.000000,0,0,0,0,single,1,0
static_center_r08_s10008,43.424,-0.437805,0.396523,0.053477,2,1.013779,99.000000,0,0,0,0,single,1,0
static_center_r08_s10008,43.456,-0.440749,0.396522,0.053478,2,1.015401,99.000000,0,0,0,0,single,1,0
static_center_r08_s10008,43.488,-0.443693,0.396524,0.053476,2,1.017031,99.000000,0,0,0,0,single,1,0
static_center_r08_s10008,43.520,-0.446637,0.396528,0.053472,2,1.018669,99.000000,0,0,0,0,single,1,0
static_center_r08_s10008,43.552,-0.449581,0.396529,0.053471,2,1.020311,99.000000,0,0,0,0,single,1,0
static_center_r08_s10008,43.584,-0.452525,0.396530,0.053470,2,1.021958,99.000000,0,0,0,0,single,1,0
static_center_r08_s10008,43.616,-0.455469,0.396530,0.053470,2,1.023610,99.000000,0,0,0,0,single,1,0
static_center_r08_s10008,43.648,-0.458413,0.396528,0.053472,2,1.025267,99.000000,0,0,0,0,single,1,0
static_center_r08_s10008,43.680,-0.461357,0.396526,0.053474,2,1.026928,99.000000,0,0,0,0,single,1,0
static_center_r08_s10008,43.712,-0.464301,0.396522,0.053478,2,1.028595,99.000000,0,0,0,0,single,1,0
static_center_r08_s10008,43.744,-0.467245,0.396518,0.053482,2,1.030267,99.000000,0,0,0,0,single,1,0
static_center_r08_s10008,43.776,-0.470189,0.396513,0.053487,2,1.031943,99.000000,0,0,0,0,single,1,0
static_center_r08_s10008,43.808,-0.473133,0.396507,0.053493,2,1.033625,99.000000,0,0,0,0,single,1,0
static_center_r08_s10008,43.840,-0.476077,0.396505,0.053495,2,1.035315,99.000000,0,0,0,0,single,1,0
static_center_r08_s10008,43.872,-0.479021,0.396501,0.053499,2,1.037010,99.000000,0,0,0,0,single,1,0
static_center_r08_s10008,43.904,-0.481965,0.396496,0.053504,2,1.038709,99.000000,0,0,0,0,single,1,0
static_center_r08_s10008,43.936,-0.484909,0.396495,0.053505,2,1.040417,99.000000,0,0,0,0,single,1,0
static_center_r08_s10008,43.968,-0.487853,0.396496,0.053504,2,1.042133,99.000000,0,0,0,0,single,1,0
static_center_r08_s10008,44.000,-0.490797,0.396501,0.053499,2,1.043857,99.000000,0,0,0,0,single,1,0
static_center_r08_s10008,44.032,-0.493741,0.396508,0.053492,2,1.045588,99.000000,0,0,0,0,single,1,0
static_center_r08_s10008,44.064,-0.496685,0.396518,0.053482,2,1.047327,99.000000,0,0,0,0,single,1,0
static_center_r08_s10008,44.096,-0.499629,0.396526,0.053474,2,1.049069,99.000000,0,0,0,0,single,1,0
static_center_r08_s10008,44.128,-0.502573,0.396532,0.053468,2,1.050816,99.000000,0,0,0,0,single,1,0
static_center_r08_s10008,44.160,-0.505517,0.396538,0.053462,2,1.052567,99.000000,0,0,0,0,single,1,0
static_center_r08_s10008,44.192,-0.508461,0.396543,0.053457,2,1.054323,99.000000,0,0,0,0,single,1,0
static_center_r08_s10008,44.224,-0.511405,0.396546,0.053454,2,1.056084,99.000000,0,0,0,0,single,1,0
static_center_r08_s10008,44.256,-0.514349,0.396549,0.053451,2,1.057849,99.000000,0,0,0,0,single,1,0
static_center_r08_s10008,44.288,-0.517293,0.396551,0.053449,2,1.059618,99.000000,0,0,0,0,single,1,0
static_center_r08_s10008,44.320,-0.520237,0.396552,0.053448,2,1.061392,99.000000,0,0,0,0,single,1,0
static_center_r08_s10008,44.352,-0.523181,0.396552,0.053448,2,1.063171,99.000000,0,0,0,0,single,1,0
static_center_r08_s10008,44.384,-0.526125,0.396552,0.053448,2,1.064954,99.000000,0,0,0,0,single,1,0
static_center_r08_s10008,44.416,-0.529069,0.396555,0.053445,2,1.066745,99.000000,0,0,0,0,single,1,0
static_center_r08_s10008,44.448,-0.532013,0.396561,0.053439,2,1.068544,99.000000,0,0,0,0,single,1,0
static_center_r08_s10008,44.480,-0.534957,0.396570,0.053430,2,1.070350,99.000000,0,0,0,0,single,1,0
static_center_r08_s10008,44.512,-0.537901,0.396581,0.053419,2,1.072163,99.000000,0,0,0,0,single,1,0
static_center_r08_s10008,44.544,-0.540845,0.396591,0.053409,2,1.073979,99.000000,0,0,0,0,single,1,0
static_center_r08_s10008,44.576,-0.543789,0.396604,0.053396,2,1.075804,99.000000,0,0,0,0,single,1,0
static_center_r08_s10008,44.608,-0.546733,0.396615,0.053385,2,1.077632,99.000000,0,0,0,0,single,1,0
static_center_r08_s10008,44.640,-0.549677,0.396625,0.053375,2,1.079463,99.000000,0,0,0,0,single,1,0
static_center_r08_s10008,44.672,-0.552621,0.396634,0.053366,2,1.081299,99.000000,0,0,0,0,single,1,0
static_center_r08_s10008,44.704,-0.555565,0.396643,0.053357,2,1.083140,99.000000,0,0,0,0,single,1,0
static_center_r08_s10008,44.736,-0.558509,0.396650,0.053350,2,1.084984,99.000000,0,0,0,0,single,1,0
static_center_r08_s10008,44.768,-0.561453,0.396661,0.053339,2,1.086836,99.000000,0,0,0,0,single,1,0
static_center_r08_s10008,44.800,-0.564397,0.396675,0.053325,2,1.088695,99.000000,0,0,0,0,single,1,0
static_center_r08_s10008,44.832,-0.567341,0.396692,0.053308,2,1.090561,99.000000,0,0,0,0,single,1,0
static_center_r08_s10008,44.864,-0.570285,0.396706,0.053294,2,1.092431,99.000000,0,0,0,0,single,1,0
static_center_r08_s10008,44.896,-0.573229,0.396720,0.053280,2,1.094304,99.000000,0,0,0,0,single,1,0
static_center_r08_s10008,44.928,-0.576172,0.396733,0.053267,2,1.096181,99.000000,0,0,0,0,single,1,0
static_center_r08_s10008,44.960,-0.579116,0.396744,0.053256,2,1.098062,99.000000,0,0,0,0,single,1,0
static_center_r08_s10008,44.992,-0.582060,0.396755,0.053245,2,1.099947,99.000000,0,0,0,0,single,1,0
static_center_r08_s10008,45.024,-0.585004,0.396765,0.053235,2,1.101836,99.000000,0,0,0,0,single,1,0
static_center_r08_s10008,45.056,-0.587948,0.396774,0.053226,2,1.103729,99.000000,0,0,0,0,single,1,0
static_center_r08_s10008,45.088,-0.590892,0.396782,0.053218,2,1.105626,99.000000,0,0,0,0,single,1,0
static_center_r08_s10008,45.120,-0.593836,0.396790,0.053210,2,1.107527,99.000000,0,0,0,0,single,1,0
static_center_r08_s10008,45.152,-0.596780,0.396796,0.053204,2,1.109431,99.000000,0,0,0,0,single,1,0
static_center_r08_s10008,45.184,-0.599724,0.396802,0.053198,2,1.111340,99.000000,0,0,0,0,single,1,0
static_center_r08_s10008,45.216,-0.602668,0.396807,0.053193,2,1.113252,99.000000,0,0,0,0,single,1,0
static_center_r08_s10008,45.248,-0.605612,0.396811,0.053189,2,1.115169,99.000000,0,0,0,0,single,1,0
static_center_r08_s10008,45.280,-0.608556,0.396814,0.053186,2,1.117089,99.000000,0,0,0,0,single,1,0
static_center_r08_s10008,45.312,-0.611500,0.396816,0.053184,2,1.119013,99.000000,0,0,0,0,single,1,0
static_center_r08_s10008,45.344,-0.614444,0.396818,0.053182,2,1.120941,99.000000,0,0,0,0,single,1,0
static_center_r08_s10008,45.376,-0.617388,0.396819,0.053181,2,1.122873,99.000000,0,0,0,0,single,1,0
static_center_r08_s10008,45.408,-0.620332,0.396819,0.053181,2,1.124808,99.000000,0,0,0,0,single,1,0
static_center_r08_s10008,45.440,-0.623276,0.396818,0.053182,2,1.126748,99.000000,0,0,0,0,single,1,0
static_center_r08_s10008,45.472,-0.626220,0.396816,0.053184,2,1.128691,99.000000,0,0,0,0,single,1,0
static_center_r08_s10008,45.504,-0.629164,0.396814,0.053186,2,1.130637,99.000000,0,0,0,0,single,1,0
static_center_r08_s10008,45.536,-0.632108,0.396811,0.053189,2,1.132588,99.000000,0,0,0,0,single,1,0
static_center_r08_s10008,45.568,-0.635052,0.396807,0.053193,2,1.134542,99.000000,0,0,0,0,single,1,0
static_center_r08_s10008,45.600,-0.637996,0.396802,0.053198,2,1.136500,99.000000,0,0,0,0,single,1,0
static_center_r08_s10008,45.632,-0.640940,0.396796,0.053204,2,1.138461,99.000000,0,0,0,0,single,1,0
static_center_r08_s10008,45.664,-0.643884,0.396790,0.053210,2,1.140426,99.000000,0,0,0,0,single,1,0
static_center_r08_s10008,45.696,-0.646828,0.396783,0.053217,2,1.142395,99.000000,0,0,0,0,single,1,0
static_center_r08_s10008,45.728,-0.649772,0.396774,0.053226,2,1.144367,99.000000,0,0,0,0,single,1,0
static_center_r08_s10008,45.760,-0.652716,0.396766,0.053234,2,1.146343,99.000000,0,0,0,0,single,1,0
static_center_r08_s10008,45.792,-0.655660,0.396756,0.053244,2,1.148322,99.000000,0,0,0,0,single,1,0
static_center_r08_s10008,45.824,-0.658604,0.396750,0.053250,2,1.150309,99.000000,0,0,0,0,single,1,0
static_center_r08_s10008,45.856,-0.661548,0.396742,0.053258,2,1.152298,99.000000,0,0,0,0,single,1,0
static_center_r08_s10008,45.888,-0.664492,0.396734,0.053266,2,1.154290,99.000000,0,0,0,0,single,1,0
static_center_r08_s10008,45.920,-0.667436,0.396725,0.053275,2,1.156286,99.000000,0,0,0,0,single,1,0
static_center_r08_s10008,45.952,-0.670380,0.396714,0.053286,2,1.158286,99.000000,0,0,0,0,single,1,0
static_center_r08_s10008,45.984,-0.673324,0.396703,0.053297,2,1.160289,99.000000,0,0,0,0,single,1,0
static_center_r08_s10008,46.016,-0.676268,0.396691,0.053309,2,1.162295,99.000000,0,0,0,0,single,1,0
static_center_r08_s10008,46.048,-0.679212,0.396678,0.053322,2,1.164304,99.000000,0,0,0,0,single,1,0
static_center_r08_s10008,46.080,-0.682156,0.396665,0.053335,2,1.166317,99.000000,0,0,0,0,single,1,0
static_center_r08_s10008,46.112,-0.685100,0.396650,0.053350,2,1.168333,99.000000,0,0,0,0,single,1,0
static_center_r08_s10008,46.144,-0.688044,0.396640,0.053360,2,1.170357,99.000000,0,0,0,0,single,1,0
static_center_r08_s10008,46.176,-0.690988,0.396633,0.053367,2,1.172386,99.000000,0,0,0,0,single,1,0
static_center_r08_s10008,46.208,-0.693932,0.396632,0.053368,2,1.174424,99.000000,0,0,0,0,single,1,0
static_center_r08_s10008,46.240,-0.696876,0.396635,0.053365,2,1.176468,99.000000,0,0,0,0,single,1,0
static_center_r08_s10008,46.272,-0.699820,0.396642,0.053358,2,1.178519,99.000000,0,0,0,0,single,1,0
static_center_r08_s10008,46.304,-0.702764,0.396651,0.053349,2,1.180576,99.000000,0,0,0,0,single,1,0
static_center_r08_s10008,46.336,-0.705708,0.396666,0.053334,2,1.182640,99.000000,0,0,0,0,single,1,0
static_center_r08_s10008,46.368,-0.708652,0.396677,0.053323,2,1.184705,99.000000,0,0,0,0,single,1,0
static_center_r08_s10008,46.400,-0.711596,0.396694,0.053306,2,1.186779,99.000000,0,0,0,0,single,1,0
static_center_r08_s10008,46.432,-0.714540,0.396721,0.053279,2,1.188862,99.000000,0,0,0,0,single,1,0
static_center_r08_s10008,46.464,-0.717484,0.396755,0.053245,2,1.190955,99.000000,0,0,0,0,single,1,0
static_center_r08_s10008,46.496,-0.720428,0.396795,0.053205,2,1.193055,99.000000,0,0,0,0,single,1,0
static_center_r08_s10008,46.528,-0.723371,0.396841,0.053159,2,1.195163,99.000000,0,0,0,0,single,1,0
static_center_r08_s10008,46.560,-0.726315,0.396890,0.053110,2,1.197277,99.000000,0,0,0,0,single,1,0
static_center_r08_s10008,46.592,-0.729258,0.396944,0.053056,2,1.199397,99.000000,0,0,0,0,single,1,0
static_center_r08_s10008,46.624,-0.732202,0.397001,0.052999,2,1.201524,99.000000,0,0,0,0,single,1,0
static_center_r08_s10008,46.656,-0.735145,0.397060,0.052940,2,1.203655,99.000000,0,0,0,0,single,1,0
static_center_r08_s10008,46.688,-0.738089,0.397122,0.052878,2,1.205791,99.000000,0,0,0,0,single,1,0
static_center_r08_s10008,46.720,-0.741032,0.397181,0.052819,2,1.207929,99.000000,0,0,0,0,single,1,0
static_center_r08_s10008,46.752,-0.743975,0.397239,0.052761,2,1.210069,99.000000,0,0,0,0,single,1,0
static_center_r08_s10008,46.784,-0.746919,0.397295,0.052705,2,1.212212,99.000000,0,0,0,0,single,1,0
static_center_r08_s10008,46.816,-0.749862,0.397351,0.052649,2,1.214357,99.000000,0,0,0,0,single,1,0
static_center_r08_s10008,46.848,-0.752806,0.397406,0.052584,2,1.216506,99.000000,0,0,0,0,single,1,0
static_center_r08_s10008,46.880,-0.755749,0.397459,0.052499,2,1.218657,99.000000,0,0,0,0,single,1,0
static_center_r08_s10008,46.912,-0.758693,0.397512,0.052393,2,1.220810,99.000000,0,0,0,0,single,1,0
static_center_r08_s10008,46.944,-0.761636,0.397564,0.052266,2,1.222966,99.000000,0,0,0,0,single,1,0
static_center_r08_s10008,46.976,-0.764580,0.397614,0.052118,2,1.225125,99.000000,0,0,0,0,single,1,0
static_center_r08_s10008,47.008,-0.767523,0.397665,0.051950,2,1.227287,99.000000,0,0,0,0,single,1,0
static_center_r08_s10008,47.040,-0.770467,0.397714,0.051760,2,1.229451,99.000000,0,0,0,0,single,1,0
static_center_r08_s10008,47.072,-0.773411,0.397762,0.051549,2,1.231618,99.000000,0,0,0,0,single,1,0
static_center_r08_s10008,47.104,-0.776354,0.397805,0.051323,2,1.233785,99.000000,0,0,0,0,single,1,0
static_center_r08_s10008,47.136,-0.779298,0.397836,0.051086,2,1.235947,99.000000,0,0,0,0,single,1,0
static_center_r08_s10008,47.168,-0.782242,0.397858,0.050838,2,1.238105,99.000000,0,0,0,0,single,1,0
static_center_r08_s10008,47.200,-0.785186,0.397882,0.050565,2,1.240269,99.000000,0,0,0,0,single,1,0
static_center_r08_s10008,47.232,-0.788130,0.397901,0.050277,2,1.242431,99.000000,0,0,0,0,single,1,0
static_center_r08_s10008,47.264,-0.791074,0.397913,0.049973,2,1.244593,99.000000,0,0,0,0,single,1,0
static_center_r08_s10008,47.296,-0.794018,0.397917,0.049656,2,1.246753,99.000000,0,0,0,0,single,1,0
static_center_r08_s10008,47.328,-0.796962,0.397910,0.049328,2,1.248908,99.000000,0,0,0,0,single,1,0
static_center_r08_s10008,47.360,-0.799907,0.397892,0.048990,2,1.251059,99.000000,0,0,0,0,single,1,0
static_center_r08_s10008,47.392,-0.802851,0.397863,0.048642,2,1.253206,99.000000,0,0,0,0,single,1,0
static_center_r08_s10008,47.424,-0.805795,0.397820,0.048286,2,1.255347,99.000000,0,0,0,0,single,1,0
static_center_r08_s10008,47.456,-0.808738,0.397763,0.047924,2,1.257480,99.000000,0,0,0,0,single,1,0
static_center_r08_s10008,47.488,-0.811682,0.397688,0.047557,2,1.259605,99.000000,0,0,0,0,single,1,0
static_center_r08_s10008,47.520,-0.814625,0.397595,0.047188,2,1.261721,99.000000,0,0,0,0,single,1,0
static_center_r08_s10008,47.552,-0.817567,0.397481,0.046817,2,1.263826,99.000000,0,0,0,0,single,1,0
static_center_r08_s10008,47.584,-0.820509,0.397343,0.046450,2,1.265917,99.000000,0,0,0,0,single,1,0
static_center_r08_s10008,47.616,-0.823449,0.397180,0.046086,2,1.267994,99.000000,0,0,0,0,single,1,0
static_center_r08_s10008,47.648,-0.826388,0.396987,0.045731,2,1.270054,99.000000,0,0,0,0,single,1,0
static_center_r08_s10008,47.680,-0.829325,0.396764,0.045384,2,1.272095,99.000000,0,0,0,0,single,1,0
static_center_r08_s10008,47.712,-0.832259,0.396504,0.045053,2,1.274114,99.000000,0,0,0,0,single,1,0
static_center_r08_s10008,47.744,-0.835189,0.396206,0.044739,2,1.276108,99.000000,0,0,0,0,single,1,0
static_center_r08_s10008,47.776,-0.838116,0.395873,0.044439,2,1.278080,99.000000,0,0,0,0,single,1,0
static_center_r08_s10008,47.808,-0.841039,0.395501,0.044156,2,1.280026,99.000000,0,0,0,0,single,1,0
static_center_r08_s10008,47.840,-0.843955,0.395089,0.043893,2,1.281946,99.000000,0,0,0,0,single,1,0
static_center_r08_s10008,47.872,-0.846867,0.394638,0.043648,2,1.283840,99.000000,0,0,0,0,single,1,0
static_center_r08_s10008,47.904,-0.849770,0.394141,0.043428,2,1.285701,99.000000,0,0,0,0,single,1,0
static_center_r08_s10008,47.936,-0.852665,0.393611,0.043221,2,1.287539,99.000000,0,0,0,0,single,1,0
static_center_r08_s10008,47.968,-0.855559,0.393071,0.043002,2,1.289374,99.000000,0,0,0,0,single,1,0
static_center_r08_s10008,48.000,-0.858448,0.392507,0.042786,2,1.291193,99.000000,0,0,0,0,single,1,0
static_center_r08_s10008,48.032,-0.861332,0.391916,0.042577,2,1.292994,99.000000,0,0,0,0,single,1,0
static_center_r08_s10008,48.064,-0.864210,0.391304,0.042369,2,1.294783,99.000000,0,0,0,0,single,1,0
static_center_r08_s10008,48.096,-0.867086,0.390678,0.042154,2,1.296564,99.000000,0,0,0,0,single,1,0
static_center_r08_s10008,48.128,-0.869956,0.390017,0.041953,2,1.298322,99.000000,0,0,0,0,single,1,0
static_center_r08_s10008,48.160,-0.872815,0.389307,0.041781,2,1.300045,99.000000,0,0,0,0,single,1,0
static_center_r08_s10008,48.192,-0.875662,0.388550,0.041635,2,1.301733,99.000000,0,0,0,0,single,1,0
static_center_r08_s10008,48.224,-0.878497,0.387746,0.041517,2,1.303386,99.000000,0,0,0,0,single,1,0
static_center_r08_s10008,48.256,-0.881318,0.386898,0.041423,2,1.305005,99.000000,0,0,0,0,single,1,0
static_center_r08_s10008,48.288,-0.884126,0.386006,0.041355,2,1.306589,99.000000,0,0,0,0,single,1,0
static_center_r08_s10008,48.320,-0.886919,0.385070,0.041312,2,1.308139,99.000000,0,0,0,0,single,1,0
static_center_r08_s10008,48.352,-0.889698,0.384092,0.041292,2,1.309657,99.000000,0,0,0,0,single,1,0
static_center_r08_s10008,48.384,-0.892461,0.383074,0.041294,2,1.311141,99.000000,0,0,0,0,single,1,0
static_center_r08_s10008,48.416,-0.895210,0.382016,0.041316,2,1.312594,99.000000,0,0,0,0,single,1,0
static_center_r08_s10008,48.448,-0.897944,0.380925,0.041355,2,1.314019,99.000000,0,0,0,0,single,1,0
static_center_r08_s10008,48.480,-0.900664,0.379800,0.041408,2,1.315417,99.000000,0,0,0,0,single,1,0
static_center_r08_s10008,48.512,-0.903372,0.378648,0.041470,2,1.316794,99.000000,0,0,0,0,single,1,0
static_center_r08_s10008,48.544,-0.906069,0.377469,0.041539,2,1.318151,99.000000,0,0,0,0,single,1,0
static_center_r08_s10008,48.576,-0.908754,0.376266,0.041615,2,1.319488,99.000000,0,0,0,0,single,1,0
static_center_r08_s10008,48.608,-0.911428,0.375039,0.041695,2,1.320808,99.000000,0,0,0,0,single,1,0
static_center_r08_s10008,48.640,-0.914094,0.373792,0.041776,2,1.322113,99.000000,0,0,0,0,single,1,0
static_center_r08_s10008,48.672,-0.916750,0.372526,0.041856,2,1.323405,99.000000,0,0,0,0,single,1,0
static_center_r08_s10008,48.704,-0.919399,0.371245,0.041932,2,1.324687,99.000000,0,0,0,0,single,1,0
static_center_r08_s10008,48.736,-0.922050,0.369967,0.041984,2,1.325977,99.000000,0,0,0,0,single,1,0
static_center_r08_s10008,48.768,-0.924693,0.368673,0.042033,2,1.327256,99.000000,0,0,0,0,single,1,0
static_center_r08_s10008,48.800,-0.927331,0.367368,0.042072,2,1.328530,99.000000,0,0,0,0,single,1,0
static_center_r08_s10008,48.832,-0.929965,0.366055,0.042099,2,1.329801,99.000000,0,0,0,0,single,1,0
static_center_r08_s10008,48.864,-0.932592,0.364728,0.042119,2,1.331065,99.000000,0,0,0,0,single,1,0
static_center_r08_s10008,48.896,-0.935210,0.363380,0.042142,2,1.332312,99.000000,0,0,0,0,single,1,0
static_center_r08_s10008,48.928,-0.937818,0.362016,0.042163,2,1.333548,99.000000,0,0,0,0,single,1,0
static_center_r08_s10008,48.960,-0.940417,0.360631,0.042184,2,1.334769,99.000000,0,0,0,0,single,1,0
static_center_r08_s10008,48.992,-0.943004,0.359224,0.042210,2,1.335972,99.000000,0,0,0,0,single,1,0
static_center_r08_s10008,49.024,-0.945579,0.357797,0.042238,2,1.337160,99.000000,0,0,0,0,single,1,0
static_center_r08_s10008,49.056,-0.948143,0.356348,0.042269,2,1.338330,99.000000,0,0,0,0,single,1,0
static_center_r08_s10008,49.088,-0.950694,0.354878,0.042303,2,1.339483,99.000000,0,0,0,0,single,1,0
static_center_r08_s10008,49.120,-0.953233,0.353386,0.042341,2,1.340619,99.000000,0,0,0,0,single,1,0
static_center_r08_s10008,49.152,-0.955759,0.351874,0.042382,2,1.341738,99.000000,0,0,0,0,single,1,0
static_center_r08_s10008,49.184,-0.958273,0.350341,0.042426,2,1.342840,99.000000,0,0,0,0,single,1,0
static_center_r08_s10008,49.216,-0.960774,0.348787,0.042473,2,1.343925,99.000000,0,0,0,0,single,1,0
static_center_r08_s10008,49.248,-0.963262,0.347213,0.042523,2,1.344993,99.000000,0,0,0,0,single,1,0
static_center_r08_s10008,49.280,-0.965737,0.345618,0.042576,2,1.346044,99.000000,0,0,0,0,single,1,0
static_center_r08_s10008,49.312,-0.968201,0.344005,0.042629,2,1.347080,99.000000,0,0,0,0,single,1,0
static_center_r08_s10008,49.344,-0.970651,0.342374,0.042683,2,1.348101,99.000000,0,0,0,0,single,1,0
static_center_r08_s10008,49.376,-0.973091,0.340726,0.042736,2,1.349109,99.000000,0,0,0,0,single,1,0
static_center_r08_s10008,49.408,-0.975520,0.339064,0.042786,2,1.350106,99.000000,0,0,0,0,single,1,0
static_center_r08_s10008,49.440,-0.977940,0.337388,0.042831,2,1.351093,99.000000,0,0,0,0,single,1,0
static_center_r08_s10008,49.472,-0.980348,0.335696,0.042873,2,1.352067,99.000000,0,0,0,0,single,1,0
static_center_r08_s10008,49.504,-0.982757,0.334004,0.042895,2,1.353047,99.000000,0,0,0,0,single,1,0
static_center_r08_s10008,49.536,-0.985157,0.332301,0.042909,2,1.354019,99.000000,0,0,0,0,single,1,0
static_center_r08_s10008,49.568,-0.987552,0.330589,0.042912,2,1.354988,99.000000,0,0,0,0,single,1,0
static_center_r08_s10008,49.600,-0.989940,0.328868,0.042907,2,1.355950,99.000000,0,0,0,0,single,1,0
static_center_r08_s10008,49.632,-0.992319,0.327134,0.042894,2,1.356905,99.000000,0,0,0,0,single,1,0
static_center_r08_s10008,49.664,-0.994687,0.325385,0.042880,2,1.357847,99.000000,0,0,0,0,single,1,0
static_center_r08_s10008,49.696,-0.997043,0.323619,0.042864,2,1.358776,99.000000,0,0,0,0,single,1,0
static_center_r08_s10008,49.728,-0.999386,0.321836,0.042849,2,1.359690,99.000000,0,0,0,0,single,1,0
static_center_r08_s10008,49.760,-1.001715,0.320034,0.042836,2,1.360587,99.000000,0,0,0,0,single,1,0
static_center_r08_s10008,49.792,-1.004031,0.318216,0.042823,2,1.361470,99.000000,0,0,0,0,single,1,0
static_center_r08_s10008,49.824,-1.006333,0.316379,0.042812,2,1.362337,99.000000,0,0,0,0,single,1,0
static_center_r08_s10008,49.856,-1.008618,0.314522,0.042805,2,1.363185,99.000000,0,0,0,0,single,1,0
static_center_r08_s10008,49.888,-1.010887,0.312645,0.042804,2,1.364013,99.000000,0,0,0,0,single,1,0
static_center_r08_s10008,49.920,-1.013140,0.310749,0.042805,2,1.364824,99.000000,0,0,0,0,single,1,0
static_center_r08_s10008,49.952,-1.015377,0.308835,0.042810,2,1.365618,99.000000,0,0,0,0,single,1,0
static_center_r08_s10008,49.984,-1.017599,0.306902,0.042817,2,1.366394,99.000000,0,0,0,0,single,1,0
static_center_r08_s10008,50.016,-1.019804,0.304952,0.042827,2,1.367152,99.000000,0,0,0,0,single,1,0
static_center_r08_s10008,50.048,-1.021993,0.302983,0.042840,2,1.367893,99.000000,0,0,0,0,single,1,0
static_center_r08_s10008,50.080,-1.024166,0.300997,0.042856,2,1.368617,99.000000,0,0,0,0,single,1,0
static_center_r08_s10008,50.112,-1.026324,0.298994,0.042873,2,1.369325,99.000000,0,0,0,0,single,1,0
static_center_r08_s10008,50.144,-1.028467,0.296976,0.042890,2,1.370018,99.000000,0,0,0,0,single,1,0
static_center_r08_s10008,50.176,-1.030596,0.294943,0.042906,2,1.370697,99.000000,0,0,0,0,single,1,0
static_center_r08_s10008,50.208,-1.032714,0.292898,0.042917,2,1.371367,99.000000,0,0,0,0,single,1,0
static_center_r08_s10008,50.240,-1.034817,0.290839,0.042928,2,1.372022,99.000000,0,0,0,0,single,1,0
static_center_r08_s10008,50.272,-1.036915,0.288775,0.042924,2,1.372676,99.000000,0,0,0,0,single,1,0
static_center_r08_s10008,50.304,-1.039004,0.286701,0.042911,2,1.373324,99.000000,0,0,0,0,single,1,0
static_center_r08_s10008,50.336,-1.041085,0.284620,0.042889,2,1.373967,99.000000,0,0,0,0,single,1,0
static_center_r08_s10008,50.368,-1.043159,0.282531,0.042856,2,1.374606,99.000000,0,0,0,0,single,1,0
static_center_r08_s10008,50.400,-1.045223,0.280432,0.042816,2,1.375236,99.000000,0,0,0,0,single,1,0
static_center_r08_s10008,50.432,-1.047271,0.278317,0.042777,2,1.375852,99.000000,0,0,0,0,single,1,0
static_center_r08_s10008,50.464,-1.049304,0.276188,0.042738,2,1.376452,99.000000,0,0,0,0,single,1,0
static_center_r08_s10008,50.496,-1.051320,0.274041,0.042701,2,1.377035,99.000000,0,0,0,0,single,1,0
static_center_r08_s10008,50.528,-1.053318,0.271879,0.042667,2,1.377601,99.000000,0,0,0,0,single,1,0
static_center_r08_s10008,50.560,-1.055299,0.269700,0.042636,2,1.378149,99.000000,0,0,0,0,single,1,0
static_center_r08_s10008,50.592,-1.057259,0.267502,0.042612,2,1.378676,99.000000,0,0,0,0,single,1,0
static_center_r08_s10008,50.624,-1.059197,0.265285,0.042594,2,1.379181,99.000000,0,0,0,0,single,1,0
static_center_r08_s10008,50.656,-1.061115,0.263050,0.042584,2,1.379664,99.000000,0,0,0,0,single,1,0
static_center_r08_s10008,50.688,-1.063011,0.260797,0.042580,2,1.380126,99.000000,0,0,0,0,single,1,0
static_center_r08_s10008,50.720,-1.064885,0.258526,0.042583,2,1.380566,99.000000,0,0,0,0,single,1,0
static_center_r08_s10008,50.752,-1.066738,0.256238,0.042592,2,1.380985,99.000000,0,0,0,0,single,1,0
static_center_r08_s10008,50.784,-1.068570,0.253933,0.042608,3,1.381383,99.000000,0,0,0,0,single,1,0
static_center_r08_s10008,50.816,-1.070379,0.251611,0.042629,3,1.381760,99.000000,0,0,0,0,single,1,0
static_center_r08_s10008,50.848,-1.072171,0.249275,0.042653,3,1.382120,99.000000,0,0,0,0,single,1,0
static_center_r08_s10008,50.880,-1.073943,0.246924,0.042679,3,1.382463,99.000000,0,0,0,0,single,1,0
static_center_r08_s10008,50.912,-1.075696,0.244560,0.042707,3,1.382788,99.000000,0,0,0,0,single,1,0
static_center_r08_s10008,50.944,-1.077432,0.242183,0.042736,3,1.383098,99.000000,0,0,0,0,single,1,0
static_center_r08_s10008,50.976,-1.079153,0.239795,0.042761,3,1.383396,99.000000,0,0,0,0,single,1,0
static_center_r08_s10008,51.008,-1.080855,0.237394,0.042788,3,1.383678,99.000000,0,0,0,0,single,1,0
static_center_r08_s10008,51.040,-1.082549,0.234987,0.042805,3,1.383955,99.000000,0,0,0,0,single,1,0
static_center_r08_s10008,51.072,-1.084232,0.232574,0.042813,3,1.384226,99.000000,0,0,0,0,single,1,0
static_center_r08_s10008,51.104,-1.085906,0.230153,0.042810,3,1.384492,99.000000,0,0,0,0,single,1,0
static_center_r08_s10008,51.136,-1.087570,0.227726,0.042799,3,1.384752,99.000000,0,0,0,0,single,1,0
static_center_r08_s10008,51.168,-1.089223,0.225290,0.042781,3,1.385004,99.000000,0,0,0,0,single,1,0
static_center_r08_s10008,51.200,-1.090857,0.222842,0.042763,3,1.385241,99.000000,0,0,0,0,single,1,0
static_center_r08_s10008,51.232,-1.092474,0.220381,0.042745,3,1.385462,99.000000,0,0,0,0,single,1,0
static_center_r08_s10008,51.264,-1.094073,0.217909,0.042728,3,1.385668,99.000000,0,0,0,0,single,1,0
static_center_r08_s10008,51.296,-1.095652,0.215424,0.042713,3,1.385857,99.000000,0,0,0,0,single,1,0
static_center_r08_s10008,51.328,-1.097210,0.212926,0.042702,3,1.386027,99.000000,0,0,0,0,single,1,0
static_center_r08_s10008,51.360,-1.098747,0.210414,0.042694,3,1.386178,99.000000,0,0,0,0,single,1,0
static_center_r08_s10008,51.392,-1.100260,0.207888,0.042692,3,1.386308,99.000000,0,0,0,0,single,1,0
static_center_r08_s10008,51.424,-1.101751,0.205349,0.042696,3,1.386419,99.000000,0,0,0,0,single,1,0
static_center_r08_s10008,51.456,-1.103219,0.202797,0.042704,3,1.386509,99.000000,0,0,0,0,single,1,0
static_center_r08_s10008,51.488,-1.104666,0.200233,0.042715,3,1.386582,99.000000,0,0,0,0,single,1,0
static_center_r08_s10008,51.520,-1.106092,0.197657,0.042728,3,1.386637,99.000000,0,0,0,0,single,1,0
static_center_r08_s10008,51.552,-1.107497,0.195070,0.042745,3,1.386674,99.000000,0,0,0,0,single,1,0
static_center_r08_s10008,51.584,-1.108881,0.192471,0.042765,3,1.386693,99.000000,0,0,0,0,single,1,0
static_center_r08_s10008,51.616,-1.110243,0.189862,0.042787,3,1.386694,99.000000,0,0,0,0,single,1,0
static_center_r08_s10008,51.648,-1.111583,0.187241,0.042813,3,1.386677,99.000000,0,0,0,0,single,1,0
static_center_r08_s10008,51.680,-1.112904,0.184610,0.042839,3,1.386644,99.000000,0,0,0,0,single,1,0
static_center_r08_s10008,51.712,-1.114204,0.181970,0.042866,3,1.386595,99.000000,0,0,0,0,single,1,0
static_center_r08_s10008,51.744,-1.115489,0.179322,0.042890,3,1.386535,99.000000,0,0,0,0,single,1,0
static_center_r08_s10008,51.776,-1.116755,0.176665,0.042913,3,1.386460,99.000000,0,0,0,0,single,1,0
static_center_r08_s10008,51.808,-1.118008,0.174003,0.042929,3,1.386378,99.000000,0,0,0,0,single,1,0
static_center_r08_s10008,51.840,-1.119258,0.171339,0.042927,3,1.386298,99.000000,0,0,0,0,single,1,0
static_center_r08_s10008,51.872,-1.120493,0.168668,0.042920,3,1.386208,99.000000,0,0,0,0,single,1,0
static_center_r08_s10008,51.904,-1.121718,0.165992,0.042904,3,1.386113,99.000000,0,0,0,0,single,1,0
static_center_r08_s10008,51.936,-1.122929,0.163309,0.042881,3,1.386009,99.000000,0,0,0,0,single,1,0
static_center_r08_s10008,51.968,-1.124124,0.160619,0.042855,3,1.385893,99.000000,0,0,0,0,single,1,0
static_center_r08_s10008,52.000,-1.125298,0.157919,0.042831,3,1.385760,99.000000,0,0,0,0,single,1,0
static_center_r08_s10008,52.032,-1.126452,0.155211,0.042807,3,1.385613,99.000000,0,0,0,0,single,1,0
static_center_r08_s10008,52.064,-1.127584,0.152493,0.042785,3,1.385447,99.000000,0,0,0,0,single,1,0
static_center_r08_s10008,52.096,-1.128693,0.149766,0.042768,3,1.385263,99.000000,0,0,0,0,single,1,0
static_center_r08_s10008,52.128,-1.129779,0.147029,0.042754,3,1.385060,99.000000,0,0,0,0,single,1,0
static_center_r08_s10008,52.160,-1.130839,0.144282,0.042746,3,1.384836,99.000000,0,0,0,0,single,1,0
static_center_r08_s10008,52.192,-1.131875,0.141526,0.042743,3,1.384592,99.000000,0,0,0,0,single,1,0
static_center_r08_s10008,52.224,-1.132884,0.138759,0.042748,3,1.384325,99.000000,0,0,0,0,single,1,0
static_center_r08_s10008,52.256,-1.133867,0.135984,0.042759,3,1.384037,99.000000,0,0,0,0,single,1,0
static_center_r08_s10008,52.288,-1.134825,0.133200,0.042774,3,1.383730,99.000000,0,0,0,0,single,1,0
static_center_r08_s10008,52.320,-1.135761,0.130410,0.042792,3,1.383406,99.000000,0,0,0,0,single,1,0
static_center_r08_s10008,52.352,-1.136674,0.127611,0.042813,3,1.383063,99.000000,0,0,0,0,single,1,0
static_center_r08_s10008,52.384,-1.137564,0.124806,0.042837,3,1.382703,99.000000,0,0,0,0,single,1,0
static_center_r08_s10008,52.416,-1.138430,0.121993,0.042863,3,1.382325,99.000000,0,0,0,0,single,1,0
static_center_r08_s10008,52.448,-1.139276,0.119174,0.042890,3,1.381932,99.000000,0,0,0,0,single,1,0
static_center_r08_s10008,52.480,-1.140100,0.116350,0.042919,3,1.381522,99.000000,0,0,0,0,single,1,0
static_center_r08_s10008,52.512,-1.140907,0.113520,0.042943,3,1.381102,99.000000,0,0,0,0,single,1,0
static_center_r08_s10008,52.544,-1.141696,0.110685,0.042966,3,1.380668,99.000000,0,0,0,0,single,1,0
static_center_r08_s10008,52.576,-1.142469,0.107845,0.042984,3,1.380224,99.000000,0,0,0,0,single,1,0
static_center_r08_s10008,52.608,-1.143248,0.105006,0.042974,3,1.379792,99.000000,0,0,0,0,single,1,0
static_center_r08_s10008,52.640,-1.144009,0.102164,0.042961,3,1.379349,99.000000,0,0,0,0,single,1,0
static_center_r08_s10008,52.672,-1.144761,0.099320,0.042936,3,1.378903,99.000000,0,0,0,0,single,1,0
static_center_r08_s10008,52.704,-1.145501,0.096471,0.042903,3,1.378450,99.000000,0,0,0,0,single,1,0
static_center_r08_s10008,52.736,-1.146224,0.093618,0.042867,3,1.377985,99.000000,0,0,0,0,single,1,0
static_center_r08_s10008,52.768,-1.146926,0.090760,0.042830,3,1.377506,99.000000,0,0,0,0,single,1,0
static_center_r08_s10008,52.800,-1.147607,0.087896,0.042793,3,1.377011,99.000000,0,0,0,0,single,1,0
static_center_r08_s10008,52.832,-1.148267,0.085027,0.042757,3,1.376501,99.000000,0,0,0,0,single,1,0
static_center_r08_s10008,52.864,-1.148904,0.082152,0.042724,3,1.375974,99.000000,0,0,0,0,single,1,0
static_center_r08_s10008,52.896,-1.149516,0.079272,0.042695,3,1.375427,99.000000,0,0,0,0,single,1,0
static_center_r08_s10008,52.928,-1.150101,0.076387,0.042672,3,1.374860,99.000000,0,0,0,0,single,1,0
static_center_r08_s10008,52.960,-1.150663,0.073496,0.042652,3,1.374275,99.000000,0,0,0,0,single,1,0
static_center_r08_s10008,52.992,-1.151197,0.070601,0.042638,3,1.373670,99.000000,0,0,0,0,single,1,0
static_center_r08_s10008,53.024,-1.151706,0.067701,0.042629,3,1.373045,99.000000,0,0,0,0,single,1,0
static_center_r08_s10008,53.056,-1.152189,0.064797,0.042624,3,1.372400,99.000000,0,0,0,0,single,1,0
static_center_r08_s10008,53.088,-1.152646,0.061889,0.042625,3,1.371736,99.000000,0,0,0,0,single,1,0
static_center_r08_s10008,53.120,-1.153077,0.058978,0.042631,3,1.371052,99.000000,0,0,0,0,single,1,0
static_center_r08_s10008,53.152,-1.153483,0.056063,0.042641,3,1.370350,99.000000,0,0,0,0,single,1,0
static_center_r08_s10008,53.184,-1.153864,0.053145,0.042654,3,1.369630,99.000000,0,0,0,0,single,1,0
static_center_r08_s10008,53.216,-1.154223,0.050225,0.042668,3,1.368894,99.000000,0,0,0,0,single,1,0
static_center_r08_s10008,53.248,-1.154562,0.047304,0.042682,3,1.368145,99.000000,0,0,0,0,single,1,0
static_center_r08_s10008,53.280,-1.154883,0.044379,0.042692,3,1.367383,99.000000,0,0,0,0,single,1,0
static_center_r08_s10008,53.312,-1.155182,0.041454,0.042703,3,1.366607,99.000000,0,0,0,0,single,1,0
static_center_r08_s10008,53.344,-1.155463,0.038524,0.042711,3,1.365819,99.000000,0,0,0,0,single,1,0
static_center_r08_s10008,53.376,-1.155746,0.035594,0.042696,3,1.365038,99.000000,0,0,0,0,single,1,0
static_center_r08_s10008,53.408,-1.156012,0.032665,0.042676,3,1.364248,99.000000,0,0,0,0,single,1,0
static_center_r08_s10008,53.440,-1.156267,0.029732,0.042647,3,1.363451,99.000000,0,0,0,0,single,1,0
static_center_r08_s10008,53.472,-1.156511,0.026799,0.042607,3,1.362651,99.000000,0,0,0,0,single,1,0
static_center_r08_s10008,53.504,-1.156740,0.023864,0.042560,3,1.361842,99.000000,0,0,0,0,single,1,0
static_center_r08_s10008,53.536,-1.156948,0.020927,0.042514,3,1.361018,99.000000,0,0,0,0,single,1,0
static_center_r08_s10008,53.568,-1.157134,0.017988,0.042469,3,1.360178,99.000000,0,0,0,0,single,1,0
static_center_r08_s10008,53.600,-1.157296,0.015048,0.042426,3,1.359322,99.000000,0,0,0,0,single,1,0
static_center_r08_s10008,53.632,-1.157435,0.012107,0.042385,3,1.358449,99.000000,0,0,0,0,single,1,0
static_center_r08_s10008,53.664,-1.157548,0.009164,0.042349,3,1.357557,99.000000,0,0,0,0,single,1,0
static_center_r08_s10008,53.696,-1.157634,0.006221,0.042318,3,1.356645,99.000000,0,0,0,0,single,1,0
static_center_r08_s10008,53.728,-1.157691,0.003276,0.042296,3,1.355712,99.000000,0,0,0,0,single,1,0
static_center_r08_s10008,53.760,-1.157720,0.000331,0.042280,3,1.354757,99.000000,0,0,0,0,single,1,0
static_center_r08_s10008,53.792,-1.157718,-0.002614,0.042273,3,1.353779,99.000000,0,0,0,0,single,1,0
static_center_r08_s10008,53.824,-1.157687,-0.005558,0.042275,3,1.352779,99.000000,0,0,0,0,single,1,0
static_center_r08_s10008,53.856,-1.157628,-0.008503,0.042283,3,1.351760,99.000000,0,0,0,0,single,1,0
static_center_r08_s10008,53.888,-1.157542,-0.011446,0.042297,3,1.350720,99.000000,0,0,0,0,single,1,0
static_center_r08_s10008,53.920,-1.157429,-0.014388,0.042317,3,1.349660,99.000000,0,0,0,0,single,1,0
static_center_r08_s10008,53.952,-1.157290,-0.017329,0.042342,3,1.348582,99.000000,0,0,0,0,single,1,0
static_center_r08_s10008,53.984,-1.157125,-0.020269,0.042371,3,1.347485,99.000000,0,0,0,0,single,1,0
static_center_r08_s10008,54.016,-1.156937,-0.023207,0.042402,3,1.346373,99.000000,0,0,0,0,single,1,0
static_center_r08_s10008,54.048,-1.156724,-0.026143,0.042436,3,1.345243,99.000000,0,0,0,0,single,1,0
static_center_r08_s10008,54.080,-1.156491,-0.029078,0.042471,3,1.344100,99.000000,0,0,0,0,single,1,0
static_center_r08_s10008,54.112,-1.156237,-0.032010,0.042504,3,1.342943,99.000000,0,0,0,0,single,1,0
static_center_r08_s10008,54.144,-1.155986,-0.034943,0.042513,3,1.341795,99.000000,0,0,0,0,single,1,0
static_center_r08_s10008,54.176,-1.155716,-0.037874,0.042520,3,1.340634,99.000000,0,0,0,0,single,1,0
static_center_r08_s10008,54.208,-1.155434,-0.040804,0.042518,3,1.339467,99.000000,0,0,0,0,single,1,0
static_center_r08_s10008,54.240,-1.155139,-0.043733,0.042507,3,1.338295,99.000000,0,0,0,0,single,1,0
static_center_r08_s10008,54.272,-1.154828,-0.046661,0.042492,3,1.337112,99.000000,0,0,0,0,single,1,0
static_center_r08_s10008,54.304,-1.154496,-0.049586,0.042476,3,1.335916,99.000000,0,0,0,0,single,1,0
static_center_r08_s10008,54.336,-1.154140,-0.052509,0.042463,3,1.334703,99.000000,0,0,0,0,single,1,0
static_center_r08_s10008,54.368,-1.153758,-0.055429,0.042455,3,1.333471,99.000000,0,0,0,0,single,1,0
static_center_r08_s10008,54.400,-1.153349,-0.058345,0.042453,3,1.332221,99.000000,0,0,0,0,single,1,0
static_center_r08_s10008,54.432,-1.152914,-0.061257,0.042456,3,1.330951,99.000000,0,0,0,0,single,1,0
static_center_r08_s10008,54.464,-1.152450,-0.064165,0.042467,3,1.329660,99.000000,0,0,0,0,single,1,0
static_center_r08_s10008,54.496,-1.151958,-0.067069,0.042485,3,1.328350,99.000000,0,0,0,0,single,1,0
static_center_r08_s10008,54.528,-1.151439,-0.069968,0.042510,3,1.327019,99.000000,0,0,0,0,single,1,0
static_center_r08_s10008,54.560,-1.150892,-0.072861,0.042541,3,1.325669,99.000000,0,0,0,0,single,1,0
static_center_r08_s10008,54.592,-1.150317,-0.075749,0.042579,3,1.324300,99.000000,0,0,0,0,single,1,0
static_center_r08_s10008,54.624,-1.149716,-0.078632,0.042624,3,1.322910,99.000000,0,0,0,0,single,1,0
static_center_r08_s10008,54.656,-1.149087,-0.081508,0.042675,3,1.321502,99.000000,0,0,0,0,single,1,0
static_center_r08_s10008,54.688,-1.148433,-0.084379,0.042730,3,1.320076,99.000000,0,0,0,0,single,1,0
static_center_r08_s10008,54.720,-1.147755,-0.087244,0.042790,3,1.318633,99.000000,0,0,0,0,single,1,0
static_center_r08_s10008,54.752,-1.147051,-0.090103,0.042854,3,1.317173,99.000000,0,0,0,0,single,1,0
static_center_r08_s10008,54.784,-1.146324,-0.092956,0.042920,3,1.315697,99.000000,0,0,0,0,single,1,0
static_center_r08_s10008,54.816,-1.145577,-0.095803,0.042987,3,1.314207,99.000000,0,0,0,0,single,1,0
static_center_r08_s10008,54.848,-1.144812,-0.098646,0.043050,3,1.312707,99.000000,0,0,0,0,single,1,0
static_center_r08_s10008,54.880,-1.144028,-0.101483,0.043113,3,1.311194,99.000000,0,0,0,0,single,1,0
static_center_r08_s10008,54.912,-1.143237,-0.104318,0.043162,3,1.309680,99.000000,0,0,0,0,single,1,0
static_center_r08_s10008,54.944,-1.142429,-0.107149,0.043206,3,1.308157,99.000000,0,0,0,0,single,1,0
static_center_r08_s10008,54.976,-1.141609,-0.109976,0.043242,3,1.306627,99.000000,0,0,0,0,single,1,0
static_center_r08_s10008,55.008,-1.140775,-0.112799,0.043271,3,1.305089,99.000000,0,0,0,0,single,1,0
static_center_r08_s10008,55.040,-1.139923,-0.115617,0.043297,3,1.303541,99.000000,0,0,0,0,single,1,0
static_center_r08_s10008,55.072,-1.139052,-0.118429,0.043322,3,1.301979,99.000000,0,0,0,0,single,1,0
static_center_r08_s10008,55.104,-1.138159,-0.121235,0.043348,3,1.300404,99.000000,0,0,0,0,single,1,0
static_center_r08_s10008,55.136,-1.137247,-0.124034,0.043374,3,1.298816,99.000000,0,0,0,0,single,1,0
static_center_r08_s10008,55.168,-1.136311,-0.126826,0.043403,3,1.297212,99.000000,0,0,0,0,single,1,0
static_center_r08_s10008,55.200,-1.135356,-0.129611,0.043431,3,1.295596,99.000000,0,0,0,0,single,1,0
static_center_r08_s10008,55.232,-1.134381,-0.132390,0.043458,3,1.293966,99.000000,0,0,0,0,single,1,0
static_center_r08_s10008,55.264,-1.133386,-0.135161,0.043486,3,1.292324,99.000000,0,0,0,0,single,1,0
static_center_r08_s10008,55.296,-1.132371,-0.137925,0.043514,3,1.290668,99.000000,0,0,0,0,single,1,0
static_center_r08_s10008,55.328,-1.131336,-0.140681,0.043541,3,1.289000,99.000000,0,0,0,0,single,1,0
static_center_r08_s10008,55.360,-1.130282,-0.143430,0.043569,3,1.287319,99.000000,0,0,0,0,single,1,0
static_center_r08_s10008,55.392,-1.129208,-0.146171,0.043596,3,1.285625,99.000000,0,0,0,0,single,1,0
static_center_r08_s10008,55.424,-1.128114,-0.148905,0.043622,3,1.283918,99.000000,0,0,0,0,single,1,0
static_center_r08_s10008,55.456,-1.127000,-0.151630,0.043649,3,1.282199,99.000000,0,0,0,0,single,1,0
static_center_r08_s10008,55.488,-1.125868,-0.154348,0.043675,3,1.280467,99.000000,0,0,0,0,single,1,0
static_center_r08_s10008,55.520,-1.124717,-0.157058,0.043699,3,1.278725,99.000000,0,0,0,0,single,1,0
static_center_r08_s10008,55.552,-1.123550,-0.159760,0.043721,3,1.276971,99.000000,0,0,0,0,single,1,0
static_center_r08_s10008,55.584,-1.122367,-0.162456,0.043738,3,1.275208,99.000000,0,0,0,0,single,1,0
static_center_r08_s10008,55.616,-1.121169,-0.165146,0.043749,3,1.273438,99.000000,0,0,0,0,single,1,0
static_center_r08_s10008,55.648,-1.119956,-0.167827,0.043757,3,1.271657,99.000000,0,0,0,0,single,1,0
static_center_r08_s10008,55.680,-1.118739,-0.170508,0.043747,3,1.269878,99.000000,0,0,0,0,single,1,0
static_center_r08_s10008,55.712,-1.117510,-0.173183,0.043729,3,1.268093,99.000000,0,0,0,0,single,1,0
static_center_r08_s10008,55.744,-1.116271,-0.175853,0.043701,3,1.266303,99.000000,0,0,0,0,single,1,0
static_center_r08_s10008,55.776,-1.115023,-0.178519,0.043662,3,1.264509,99.000000,0,0,0,0,single,1,0
static_center_r08_s10008,55.808,-1.113762,-0.181180,0.043615,3,1.262709,99.000000,0,0,0,0,single,1,0
static_center_r08_s10008,55.840,-1.112486,-0.183833,0.043564,3,1.260899,99.000000,0,0,0,0,single,1,0
static_center_r08_s10008,55.872,-1.111195,-0.186479,0.043508,3,1.259081,99.000000,0,0,0,0,single,1,0
static_center_r08_s10008,55.904,-1.109887,-0.189116,0.043449,3,1.257252,99.000000,0,0,0,0,single,1,0
static_center_r08_s10008,55.936,-1.108560,-0.191745,0.043390,3,1.255411,99.000000,0,0,0,0,single,1,0
static_center_r08_s10008,55.968,-1.107214,-0.194364,0.043332,3,1.253557,99.000000,0,0,0,0,single,1,0
static_center_r08_s10008,56.000,-1.105848,-0.196972,0.043274,3,1.251690,99.000000,0,0,0,0,single,1,0
static_center_r08_s10008,56.032,-1.104461,-0.199570,0.043219,3,1.249808,99.000000,0,0,0,0,single,1,0
static_center_r08_s10008,56.064,-1.103054,-0.202157,0.043165,3,1.247913,99.000000,0,0,0,0,single,1,0
static_center_r08_s10008,56.096,-1.101624,-0.204731,0.043116,3,1.246003,99.000000,0,0,0,0,single,1,0
static_center_r08_s10008,56.128,-1.100173,-0.207293,0.043071,3,1.244078,99.000000,0,0,0,0,single,1,0
static_center_r08_s10008,56.160,-1.098700,-0.209843,0.043028,3,1.242138,99.000000,0,0,0,0,single,1,0
static_center_r08_s10008,56.192,-1.097206,-0.212380,0.042989,3,1.240183,99.000000,0,0,0,0,single,1,0
static_center_r08_s10008,56.224,-1.095691,-0.214905,0.042954,3,1.238214,99.000000,0,0,0,0,single,1,0
static_center_r08_s10008,56.256,-1.094155,-0.217417,0.042921,3,1.236231,99.000000,0,0,0,0,single,1,0
static_center_r08_s10008,56.288,-1.092598,-0.219916,0.042892,3,1.234234,99.000000,0,0,0,0,single,1,0
static_center_r08_s10008,56.320,-1.091021,-0.222402,0.042866,3,1.232223,99.000000,0,0,0,0,single,1,0
static_center_r08_s10008,56.352,-1.089425,-0.224876,0.042841,3,1.230199,99.000000,0,0,0,0,single,1,0
static_center_r08_s10008,56.384,-1.087812,-0.227339,0.042815,3,1.228165,99.000000,0,0,0,0,single,1,0
static_center_r08_s10008,56.416,-1.086182,-0.229790,0.042788,3,1.226119,99.000000,0,0,0,0,single,1,0
static_center_r08_s10008,56.448,-1.084543,-0.232234,0.042751,3,1.224069,99.000000,0,0,0,0,single,1,0
static_center_r08_s10008,56.480,-1.082894,-0.234672,0.042704,3,1.222015,99.000000,0,0,0,0,single,1,0
static_center_r08_s10008,56.512,-1.081235,-0.237104,0.042649,3,1.219955,99.000000,0,0,0,0,single,1,0
static_center_r08_s10008,56.544,-1.079568,-0.239530,0.042582,3,1.217892,99.000000,0,0,0,0,single,1,0
static_center_r08_s10008,56.576,-1.077892,-0.241950,0.042504,3,1.215825,99.000000,0,0,0,0,single,1,0
static_center_r08_s10008,56.608,-1.076202,-0.244360,0.042423,3,1.213749,99.000000,0,0,0,0,single,1,0
static_center_r08_s10008,56.640,-1.074492,-0.246756,0.042344,3,1.211659,99.000000,0,0,0,0,single,1,0
static_center_r08_s10008,56.672,-1.072762,-0.249139,0.042268,3,1.209556,99.000000,0,0,0,0,single,1,0
static_center_r08_s10008,56.704,-1.071011,-0.251507,0.042196,3,1.207438,99.000000,0,0,0,0,single,1,0
static_center_r08_s10008,56.736,-1.069238,-0.253858,0.042131,3,1.205305,99.000000,0,0,0,0,single,1,0
static_center_r08_s10008,56.768,-1.067442,-0.256192,0.042074,3,1.203154,99.000000,0,0,0,0,single,1,0
static_center_r08_s10008,56.800,-1.065621,-0.258507,0.042026,3,1.200986,99.000000,0,0,0,0,single,1,0
static_center_r08_s10008,56.832,-1.063777,-0.260803,0.041987,3,1.198801,99.000000,0,0,0,0,single,1,0
static_center_r08_s10008,56.864,-1.061910,-0.263080,0.041957,3,1.196599,99.000000,0,0,0,0,single,1,0
static_center_r08_s10008,56.896,-1.060019,-0.265338,0.041936,3,1.194381,99.000000,0,0,0,0,single,1,0
static_center_r08_s10008,56.928,-1.058107,-0.267577,0.041923,3,1.192146,99.000000,0,0,0,0,single,1,0
static_center_r08_s10008,56.960,-1.056171,-0.269796,0.041918,3,1.189896,99.000000,0,0,0,0,single,1,0
static_center_r08_s10008,56.992,-1.054214,-0.271996,0.041922,3,1.187629,99.000000,0,0,0,0,single,1,0
static_center_r08_s10008,57.024,-1.052235,-0.274176,0.041934,3,1.185347,99.000000,0,0,0,0,single,1,0
static_center_r08_s10008,57.056,-1.050236,-0.276337,0.041951,3,1.183052,99.000000,0,0,0,0,single,1,0
static_center_r08_s10008,57.088,-1.048219,-0.278481,0.041973,3,1.180743,99.000000,0,0,0,0,single,1,0
static_center_r08_s10008,57.120,-1.046183,-0.280607,0.041999,3,1.178421,99.000000,0,0,0,0,single,1,0
static_center_r08_s10008,57.152,-1.044132,-0.282718,0.042026,3,1.176089,99.000000,0,0,0,0,single,1,0
static_center_r08_s10008,57.184,-1.042067,-0.284815,0.042051,3,1.173748,99.000000,0,0,0,0,single,1,0
static_center_r08_s10008,57.216,-1.039990,-0.286902,0.042070,3,1.171400,99.000000,0,0,0,0,single,1,0
static_center_r08_s10008,57.248,-1.037917,-0.288992,0.042063,3,1.169058,99.000000,0,0,0,0,single,1,0
static_center_r08_s10008,57.280,-1.035833,-0.291070,0.042051,3,1.166708,99.000000,0,0,0,0,single,1,0
static_center_r08_s10008,57.312,-1.033740,-0.293139,0.042030,3,1.164355,99.000000,0,0,0,0,single,1,0
static_center_r08_s10008,57.344,-1.031640,-0.295201,0.041999,3,1.161997,99.000000,0,0,0,0,single,1,0
static_center_r08_s10008,57.376,-1.029529,-0.297253,0.041961,3,1.159633,99.000000,0,0,0,0,single,1,0
static_center_r08_s10008,57.408,-1.027401,-0.299287,0.041926,3,1.157257,99.000000,0,0,0,0,single,1,0
static_center_r08_s10008,57.440,-1.025256,-0.301304,0.041895,3,1.154869,99.000000,0,0,0,0,single,1,0
static_center_r08_s10008,57.472,-1.023093,-0.303302,0.041868,3,1.152468,99.000000,0,0,0,0,single,1,0
static_center_r08_s10008,57.504,-1.020912,-0.305280,0.041847,3,1.150054,99.000000,0,0,0,0,single,1,0
static_center_r08_s10008,57.536,-1.018710,-0.307236,0.041834,3,1.147625,99.000000,0,0,0,0,single,1,0
static_center_r08_s10008,57.568,-1.016488,-0.309169,0.041831,3,1.145181,99.000000,0,0,0,0,single,1,0
static_center_r08_s10008,57.600,-1.014245,-0.311078,0.041840,3,1.142721,99.000000,0,0,0,0,single,1,0
static_center_r08_s10008,57.632,-1.011982,-0.312962,0.041859,3,1.140246,99.000000,0,0,0,0,single,1,0
static_center_r08_s10008,57.664,-1.009700,-0.314823,0.041886,3,1.137758,99.000000,0,0,0,0,single,1,0
static_center_r08_s10008,57.696,-1.007399,-0.316661,0.041921,3,1.135257,99.000000,0,0,0,0,single,1,0
static_center_r08_s10008,57.728,-1.005080,-0.318475,0.041965,3,1.132742,99.000000,0,0,0,0,single,1,0
static_center_r08_s10008,57.760,-1.002745,-0.320268,0.042015,3,1.130215,99.000000,0,0,0,0,single,1,0
static_center_r08_s10008,57.792,-1.000393,-0.322039,0.042071,3,1.127677,99.000000,0,0,0,0,single,1,0
static_center_r08_s10008,57.824,-0.998027,-0.323789,0.042132,3,1.125128,99.000000,0,0,0,0,single,1,0
static_center_r08_s10008,57.856,-0.995645,-0.325519,0.042197,3,1.122568,99.000000,0,0,0,0,single,1,0
static_center_r08_s10008,57.888,-0.993250,-0.327229,0.042264,3,1.119999,99.000000,0,0,0,0,single,1,0
static_center_r08_s10008,57.920,-0.990844,-0.328925,0.042327,3,1.117423,99.000000,0,0,0,0,single,1,0
static_center_r08_s10008,57.952,-0.988427,-0.330603,0.042390,3,1.114839,99.000000,0,0,0,0,single,1,0
static_center_r08_s10008,57.984,-0.986000,-0.332268,0.042448,3,1.112249,99.000000,0,0,0,0,single,1,0
static_center_r08_s10008,58.016,-0.983575,-0.333935,0.042483,3,1.109662,99.000000,0,0,0,0,single,1,0
static_center_r08_s10008,58.048,-0.981140,-0.335588,0.042514,3,1.107068,99.000000,0,0,0,0,single,1,0
static_center_r08_s10008,58.080,-0.978698,-0.337230,0.042536,3,1.104471,99.000000,0,0,0,0,single,1,0
static_center_r08_s10008,58.112,-0.976249,-0.338863,0.042548,3,1.101869,99.000000,0,0,0,0,single,1,0
static_center_r08_s10008,58.144,-0.973789,-0.340479,0.042560,3,1.099259,99.000000,0,0,0,0,single,1,0
static_center_r08_s10008,58.176,-0.971318,-0.342078,0.042570,3,1.096641,99.000000,0,0,0,0,single,1,0
static_center_r08_s10008,58.208,-0.968834,-0.343659,0.042582,3,1.094015,99.000000,0,0,0,0,single,1,0
static_center_r08_s10008,58.240,-0.966337,-0.345219,0.042596,3,1.091379,99.000000,0,0,0,0,single,1,0
static_center_r08_s10008,58.272,-0.963828,-0.346760,0.042612,3,1.088734,99.000000,0,0,0,0,single,1,0
static_center_r08_s10008,58.304,-0.961305,-0.348278,0.042633,3,1.086079,99.000000,0,0,0,0,single,1,0
static_center_r08_s10008,58.336,-0.958770,-0.349775,0.042658,3,1.083415,99.000000,0,0,0,0,single,1,0
static_center_r08_s10008,58.368,-0.956220,-0.351248,0.042689,3,1.080741,99.000000,0,0,0,0,single,1,0
static_center_r08_s10008,58.400,-0.953658,-0.352699,0.042725,3,1.078058,99.000000,0,0,0,0,single,1,0
static_center_r08_s10008,58.432,-0.951082,-0.354126,0.042766,3,1.075365,99.000000,0,0,0,0,single,1,0
static_center_r08_s10008,58.464,-0.948496,-0.355532,0.042811,3,1.072664,99.000000,0,0,0,0,single,1,0
static_center_r08_s10008,58.496,-0.945897,-0.356916,0.042858,3,1.069954,99.000000,0,0,0,0,single,1,0
static_center_r08_s10008,58.528,-0.943288,-0.358278,0.042908,3,1.067237,99.000000,0,0,0,0,single,1,0
static_center_r08_s10008,58.560,-0.940668,-0.359621,0.042960,3,1.064512,99.000000,0,0,0,0,single,1,0
static_center_r08_s10008,58.592,-0.938039,-0.360943,0.043013,3,1.061780,99.000000,0,0,0,0,single,1,0
static_center_r08_s10008,58.624,-0.935400,-0.362248,0.043065,3,1.059042,99.000000,0,0,0,0,single,1,0
static_center_r08_s10008,58.656,-0.932752,-0.363533,0.043116,3,1.056297,99.000000,0,0,0,0,single,1,0
static_center_r08_s10008,58.688,-0.930098,-0.364804,0.043162,3,1.053548,99.000000,0,0,0,0,single,1,0
static_center_r08_s10008,58.720,-0.927434,-0.366056,0.043208,3,1.050793,99.000000,0,0,0,0,single,1,0
static_center_r08_s10008,58.752,-0.924764,-0.367291,0.043250,3,1.048033,99.000000,0,0,0,0,single,1,0
static_center_r08_s10008,58.784,-0.922093,-0.368526,0.043273,3,1.045273,99.000000,0,0,0,0,single,1,0
static_center_r08_s10008,58.816,-0.919415,-0.369747,0.043288,3,1.042509,99.000000,0,0,0,0,single,1,0
static_center_r08_s10008,58.848,-0.916734,-0.370960,0.043292,3,1.039742,99.000000,0,0,0,0,single,1,0
static_center_r08_s10008,58.880,-0.914047,-0.372162,0.043286,3,1.036973,99.000000,0,0,0,0,single,1,0
static_center_r08_s10008,58.912,-0.911353,-0.373348,0.043277,3,1.034198,99.000000,0,0,0,0,single,1,0
static_center_r08_s10008,58.944,-0.908651,-0.374517,0.043265,3,1.031417,99.000000,0,0,0,0,single,1,0
static_center_r08_s10008,58.976,-0.905941,-0.375667,0.043253,3,1.028631,99.000000,0,0,0,0,single,1,0
static_center_r08_s10008,59.008,-0.903224,-0.376799,0.043239,3,1.025839,99.000000,0,0,0,0,single,1,0
static_center_r08_s10008,59.040,-0.900497,-0.377909,0.043226,3,1.023040,99.000000,0,0,0,0,single,1,0
static_center_r08_s10008,59.072,-0.897763,-0.379003,0.043211,3,1.020237,99.000000,0,0,0,0,single,1,0
static_center_r08_s10008,59.104,-0.895021,-0.380073,0.043200,3,1.017426,99.000000,0,0,0,0,single,1,0
static_center_r08_s10008,59.136,-0.892269,-0.381121,0.043190,3,1.014610,99.000000,0,0,0,0,single,1,0
static_center_r08_s10008,59.168,-0.889511,-0.382150,0.043180,3,1.011789,99.000000,0,0,0,0,single,1,0
static_center_r08_s10008,59.200,-0.886745,-0.383159,0.043171,3,1.008962,99.000000,0,0,0,0,single,1,0
static_center_r08_s10008,59.232,-0.883971,-0.384146,0.043163,3,1.006129,99.000000,0,0,0,0,single,1,0
static_center_r08_s10008,59.264,-0.881190,-0.385111,0.043157,3,1.003291,99.000000,0,0,0,0,single,1,0
static_center_r08_s10008,59.296,-0.878401,-0.386054,0.043153,3,1.000447,99.000000,0,0,0,0,single,1,0
static_center_r08_s10008,59.328,-0.875606,-0.386977,0.043148,3,0.997599,99.000000,0,0,0,0,single,1,0
static_center_r08_s10008,59.360,-0.872805,-0.387880,0.043143,3,0.994746,99.000000,0,0,0,0,single,1,0
static_center_r08_s10008,59.392,-0.869997,-0.388764,0.043138,3,0.991889,99.000000,0,0,0,0,single,1,0
static_center_r08_s10008,59.424,-0.867183,-0.389626,0.043133,3,0.989028,99.000000,0,0,0,0,single,1,0
static_center_r08_s10008,59.456,-0.864364,-0.390471,0.043125,3,0.986162,99.000000,0,0,0,0,single,1,0
static_center_r08_s10008,59.488,-0.861539,-0.391297,0.043116,3,0.983293,99.000000,0,0,0,0,single,1,0
static_center_r08_s10008,59.520,-0.858710,-0.392108,0.043102,3,0.980420,99.000000,0,0,0,0,single,1,0
static_center_r08_s10008,59.552,-0.855881,-0.392923,0.043061,3,0.977549,99.000000,0,0,0,0,single,1,0
static_center_r08_s10008,59.584,-0.853049,-0.393723,0.043014,3,0.974675,99.000000,0,0,0,0,single,1,0
static_center_r08_s10008,59.616,-0.850215,-0.394514,0.042957,3,0.971800,99.000000,0,0,0,0,single,1,0
static_center_r08_s10008,59.648,-0.847377,-0.395295,0.042887,3,0.968923,99.000000,0,0,0,0,single,1,0
static_center_r08_s10008,59.680,-0.844537,-0.396066,0.042808,3,0.966044,99.000000,0,0,0,0,single,1,0
static_center_r08_s10008,59.712,-0.841691,-0.396819,0.042725,3,0.963161,99.000000,0,0,0,0,single,1,0
static_center_r08_s10008,59.744,-0.838841,-0.397554,0.042640,3,0.960274,99.000000,0,0,0,0,single,1,0
static_center_r08_s10008,59.776,-0.835985,-0.398269,0.042555,3,0.957384,99.000000,0,0,0,0,single,1,0
static_center_r08_s10008,59.808,-0.833123,-0.398962,0.042471,3,0.954489,99.000000,0,0,0,0,single,1,0
static_center_r08_s10008,59.840,-0.830256,-0.399631,0.042390,3,0.951590,99.000000,0,0,0,0,single,1,0
static_center_r08_s10008,59.872,-0.827382,-0.400273,0.042315,3,0.948686,99.000000,0,0,0,0,single,1,0
static_center_r08_s10008,59.904,-0.824502,-0.400889,0.042247,3,0.945778,99.000000,0,0,0,0,single,1,0
static_center_r08_s10008,59.936,-0.821616,-0.401476,0.042186,3,0.942866,99.000000,0,0,0,0,single,1,0
static_center_r08_s10008,59.968,-0.818725,-0.402033,0.042136,3,0.939949,99.000000,0,0,0,0,single,1,0
static_center_r08_s10008,60.000,-0.815827,-0.402560,0.042093,3,0.937029,99.000000,0,0,0,0,single,1,0
static_center_r08_s10008,60.032,-0.812925,-0.403058,0.042060,3,0.934106,99.000000,0,0,0,0,single,1,0
static_center_r08_s10008,60.064,-0.810019,-0.403526,0.042035,3,0.931179,99.000000,0,0,0,0,single,1,0
static_center_r08_s10008,60.096,-0.807108,-0.403965,0.042018,3,0.928250,99.000000,0,0,0,0,single,1,0
static_center_r08_s10008,60.128,-0.804195,-0.404376,0.042008,3,0.925320,99.000000,0,0,0,0,single,1,0
static_center_r08_s10008,60.160,-0.801278,-0.404763,0.042002,3,0.922388,99.000000,0,0,0,0,single,1,0
static_center_r08_s10008,60.192,-0.798359,-0.405125,0.041999,3,0.919455,99.000000,0,0,0,0,single,1,0
static_center_r08_s10008,60.224,-0.795438,-0.405464,0.041998,3,0.916520,99.000000,0,0,0,0,single,1,0
static_center_r08_s10008,60.256,-0.792515,-0.405780,0.041999,3,0.913586,99.000000,0,0,0,0,single,1,0
static_center_r08_s10008,60.288,-0.789591,-0.406079,0.041996,3,0.910651,99.000000,0,0,0,0,single,1,0
static_center_r08_s10008,60.320,-0.786665,-0.406362,0.041987,3,0.907714,99.000000,0,0,0,0,single,1,0
static_center_r08_s10008,60.352,-0.783736,-0.406631,0.041972,3,0.904776,99.000000,0,0,0,0,single,1,0
static_center_r08_s10008,60.384,-0.780803,-0.406876,0.041960,3,0.901835,99.000000,0,0,0,0,single,1,0
static_center_r08_s10008,60.416,-0.777870,-0.407122,0.041926,3,0.898893,99.000000,0,0,0,0,single,1,0
static_center_r08_s10008,60.448,-0.774936,-0.407362,0.041875,3,0.895951,99.000000,0,0,0,0,single,1,0
static_center_r08_s10008,60.480,-0.771999,-0.407578,0.041828,3,0.893007,99.000000,0,0,0,1,single,1,0
